	.text
	.syntax unified
	.eabi_attribute	67, "2.09"	@ Tag_conformance
	.cpu	cortex-m7
	.eabi_attribute	6, 13	@ Tag_CPU_arch
	.eabi_attribute	7, 77	@ Tag_CPU_arch_profile
	.eabi_attribute	8, 0	@ Tag_ARM_ISA_use
	.eabi_attribute	9, 2	@ Tag_THUMB_ISA_use
	.fpu	fpv5-d16
	.eabi_attribute	36, 1	@ Tag_FP_HP_extension
	.eabi_attribute	34, 1	@ Tag_CPU_unaligned_access
	.eabi_attribute	17, 1	@ Tag_ABI_PCS_GOT_use
	.eabi_attribute	20, 2	@ Tag_ABI_FP_denormal
	.eabi_attribute	21, 0	@ Tag_ABI_FP_exceptions
	.eabi_attribute	23, 1	@ Tag_ABI_FP_number_model
	.eabi_attribute	24, 1	@ Tag_ABI_align_needed
	.eabi_attribute	25, 1	@ Tag_ABI_align_preserved
	.eabi_attribute	28, 1	@ Tag_ABI_VFP_args
	.eabi_attribute	38, 1	@ Tag_ABI_FP_16bit_format
	.eabi_attribute	18, 2	@ Tag_ABI_PCS_wchar_t
	.eabi_attribute	26, 1	@ Tag_ABI_enum_size
	.eabi_attribute	14, 0	@ Tag_ABI_PCS_R9_use
	.file	"fsl_tempmon.c"
	.file	1 "E:\\FILE_SMART_CAR\\\346\231\272\350\203\275\350\247\206\350\247\211\\RT1064_Library-master\\RT1064_Library-master\\SeekFree_RT1064_Opensource_Library\\project\\mdk" "../../libraries/sdk/drives/fsl_tempmon.c"
	.file	2 "D:\\KEIL\\ARM\\ARMCLANG\\Bin\\..\\include" "stdint.h"
	.file	3 "E:\\FILE_SMART_CAR\\\346\231\272\350\203\275\350\247\206\350\247\211\\RT1064_Library-master\\RT1064_Library-master\\SeekFree_RT1064_Opensource_Library\\project\\mdk" "../../libraries/sdk/drives/fsl_tempmon.h"
	.file	4 "E:\\FILE_SMART_CAR\\\346\231\272\350\203\275\350\247\206\350\247\211\\RT1064_Library-master\\RT1064_Library-master\\SeekFree_RT1064_Opensource_Library\\project\\mdk" "../../libraries/sdk/deceive/MIMXRT1064.h"
	.section	.text.TEMPMON_Init,"ax",%progbits
	.hidden	TEMPMON_Init                    @ -- Begin function TEMPMON_Init
	.globl	TEMPMON_Init
	.p2align	3
	.type	TEMPMON_Init,%function
	.code	16                              @ @TEMPMON_Init
	.thumb_func
TEMPMON_Init:
.Lfunc_begin0:
	.loc	1 54 0                          @ ../../libraries/sdk/drives/fsl_tempmon.c:54:0
	.fnstart
	.cfi_sections .debug_frame
	.cfi_startproc
@ %bb.0:
	.save	{r7, lr}
	push	{r7, lr}
	.cfi_def_cfa_offset 8
	.cfi_offset lr, -4
	.cfi_offset r7, -8
	.pad	#24
	sub	sp, #24
	.cfi_def_cfa_offset 32
	str	r0, [sp, #20]
	str	r1, [sp, #16]
.Ltmp0:
	.loc	1 55 5 prologue_end             @ ../../libraries/sdk/drives/fsl_tempmon.c:55:5
	ldr	r0, [sp, #16]
	cbz	r0, .LBB0_2
	b	.LBB0_1
.LBB0_1:
	b	.LBB0_3
.LBB0_2:
	movw	r0, :lower16:.L.str
	movt	r0, :upper16:.L.str
	movw	r1, :lower16:.L.str.1
	movt	r1, :upper16:.L.str.1
	movs	r2, #55
	bl	__aeabi_assert
.LBB0_3:
	.loc	1 62 5                          @ ../../libraries/sdk/drives/fsl_tempmon.c:62:5
	ldr	r1, [sp, #20]
	.loc	1 62 22 is_stmt 0               @ ../../libraries/sdk/drives/fsl_tempmon.c:62:22
	ldr.w	r0, [r1, #384]
	bic	r0, r0, #1
	str.w	r0, [r1, #384]
	.loc	1 65 24 is_stmt 1               @ ../../libraries/sdk/drives/fsl_tempmon.c:65:24
	ldr	r0, [sp, #16]
	ldrh	r0, [r0]
	.loc	1 65 5 is_stmt 0                @ ../../libraries/sdk/drives/fsl_tempmon.c:65:5
	ldr	r1, [sp, #20]
	.loc	1 65 22                         @ ../../libraries/sdk/drives/fsl_tempmon.c:65:22
	str.w	r0, [r1, #400]
	movw	r0, #17632
	movt	r0, #16415
	.loc	1 68 30 is_stmt 1               @ ../../libraries/sdk/drives/fsl_tempmon.c:68:30
	ldr	r0, [r0]
	.loc	1 68 21 is_stmt 0               @ ../../libraries/sdk/drives/fsl_tempmon.c:68:21
	str	r0, [sp, #12]
	.loc	1 69 24 is_stmt 1               @ ../../libraries/sdk/drives/fsl_tempmon.c:69:24
	ldrb.w	r0, [sp, #12]
	.loc	1 69 21 is_stmt 0               @ ../../libraries/sdk/drives/fsl_tempmon.c:69:21
	str	r0, [sp, #8]
	.loc	1 70 32 is_stmt 1               @ ../../libraries/sdk/drives/fsl_tempmon.c:70:32
	ldr	r1, [sp, #8]
	.loc	1 70 21 is_stmt 0               @ ../../libraries/sdk/drives/fsl_tempmon.c:70:21
	movw	r0, :lower16:s_hotTemp
	movt	r0, :upper16:s_hotTemp
	str	r1, [r0]
	.loc	1 72 19 is_stmt 1               @ ../../libraries/sdk/drives/fsl_tempmon.c:72:19
	ldr	r1, [sp, #12]
	.loc	1 72 59 is_stmt 0               @ ../../libraries/sdk/drives/fsl_tempmon.c:72:59
	ubfx	r1, r1, #8, #12
	.loc	1 72 16                         @ ../../libraries/sdk/drives/fsl_tempmon.c:72:16
	str	r1, [sp, #8]
	.loc	1 73 27 is_stmt 1               @ ../../libraries/sdk/drives/fsl_tempmon.c:73:27
	ldr	r2, [sp, #8]
	.loc	1 73 16 is_stmt 0               @ ../../libraries/sdk/drives/fsl_tempmon.c:73:16
	movw	r1, :lower16:s_hotCount
	movt	r1, :upper16:s_hotCount
	str	r2, [r1]
	.loc	1 75 18 is_stmt 1               @ ../../libraries/sdk/drives/fsl_tempmon.c:75:18
	ldr	r2, [sp, #12]
	.loc	1 75 59 is_stmt 0               @ ../../libraries/sdk/drives/fsl_tempmon.c:75:59
	lsrs	r2, r2, #20
	.loc	1 75 15                         @ ../../libraries/sdk/drives/fsl_tempmon.c:75:15
	str	r2, [sp, #8]
	.loc	1 76 26 is_stmt 1               @ ../../libraries/sdk/drives/fsl_tempmon.c:76:26
	ldr	r2, [sp, #8]
	.loc	1 76 15 is_stmt 0               @ ../../libraries/sdk/drives/fsl_tempmon.c:76:15
	str	r2, [sp, #4]
	.loc	1 78 20 is_stmt 1               @ ../../libraries/sdk/drives/fsl_tempmon.c:78:20
	vldr	s0, [r0]
	vcvt.f32.s32	s0, s0
	vmov.f32	s2, #-2.500000e+01
	.loc	1 78 37 is_stmt 0               @ ../../libraries/sdk/drives/fsl_tempmon.c:78:37
	vadd.f32	s0, s0, s2
	.loc	1 78 18                         @ ../../libraries/sdk/drives/fsl_tempmon.c:78:18
	movw	r0, :lower16:s_hotT_ROOM
	movt	r0, :upper16:s_hotT_ROOM
	vstr	s0, [r0]
	.loc	1 79 20 is_stmt 1               @ ../../libraries/sdk/drives/fsl_tempmon.c:79:20
	ldr	r0, [sp, #4]
	.loc	1 79 32 is_stmt 0               @ ../../libraries/sdk/drives/fsl_tempmon.c:79:32
	ldr	r1, [r1]
	.loc	1 79 30                         @ ../../libraries/sdk/drives/fsl_tempmon.c:79:30
	subs	r0, r0, r1
	.loc	1 79 18                         @ ../../libraries/sdk/drives/fsl_tempmon.c:79:18
	movw	r1, :lower16:s_roomC_hotC
	movt	r1, :upper16:s_roomC_hotC
	str	r0, [r1]
	.loc	1 82 26 is_stmt 1               @ ../../libraries/sdk/drives/fsl_tempmon.c:82:26
	ldr	r0, [sp, #20]
	.loc	1 82 32 is_stmt 0               @ ../../libraries/sdk/drives/fsl_tempmon.c:82:32
	ldr	r1, [sp, #16]
	.loc	1 82 40                         @ ../../libraries/sdk/drives/fsl_tempmon.c:82:40
	ldrsb.w	r1, [r1, #2]
	movs	r2, #0
	.loc	1 82 5                          @ ../../libraries/sdk/drives/fsl_tempmon.c:82:5
	bl	TEMPMON_SetTempAlarm
	.loc	1 83 26 is_stmt 1               @ ../../libraries/sdk/drives/fsl_tempmon.c:83:26
	ldr	r0, [sp, #20]
	.loc	1 83 32 is_stmt 0               @ ../../libraries/sdk/drives/fsl_tempmon.c:83:32
	ldr	r1, [sp, #16]
	.loc	1 83 40                         @ ../../libraries/sdk/drives/fsl_tempmon.c:83:40
	ldrsb.w	r1, [r1, #3]
	movs	r2, #1
	.loc	1 83 5                          @ ../../libraries/sdk/drives/fsl_tempmon.c:83:5
	bl	TEMPMON_SetTempAlarm
	.loc	1 84 26 is_stmt 1               @ ../../libraries/sdk/drives/fsl_tempmon.c:84:26
	ldr	r0, [sp, #20]
	.loc	1 84 32 is_stmt 0               @ ../../libraries/sdk/drives/fsl_tempmon.c:84:32
	ldr	r1, [sp, #16]
	.loc	1 84 40                         @ ../../libraries/sdk/drives/fsl_tempmon.c:84:40
	ldrsb.w	r1, [r1, #4]
	movs	r2, #2
	.loc	1 84 5                          @ ../../libraries/sdk/drives/fsl_tempmon.c:84:5
	bl	TEMPMON_SetTempAlarm
	.loc	1 85 1 is_stmt 1                @ ../../libraries/sdk/drives/fsl_tempmon.c:85:1
	add	sp, #24
	pop	{r7, pc}
.Ltmp1:
.Lfunc_end0:
	.size	TEMPMON_Init, .Lfunc_end0-TEMPMON_Init
	.cfi_endproc
	.cantunwind
	.fnend
                                        @ -- End function
	.section	.text.TEMPMON_SetTempAlarm,"ax",%progbits
	.hidden	TEMPMON_SetTempAlarm            @ -- Begin function TEMPMON_SetTempAlarm
	.globl	TEMPMON_SetTempAlarm
	.p2align	3
	.type	TEMPMON_SetTempAlarm,%function
	.code	16                              @ @TEMPMON_SetTempAlarm
	.thumb_func
TEMPMON_SetTempAlarm:
.Lfunc_begin1:
	.loc	1 161 0                         @ ../../libraries/sdk/drives/fsl_tempmon.c:161:0
	.fnstart
	.cfi_startproc
@ %bb.0:
	.pad	#24
	sub	sp, #24
	.cfi_def_cfa_offset 24
                                        @ kill: def $r3 killed $r2
                                        @ kill: def $r3 killed $r1
	str	r0, [sp, #20]
	strb.w	r1, [sp, #19]
	strb.w	r2, [sp, #18]
.Ltmp2:
	.loc	1 163 5 prologue_end            @ ../../libraries/sdk/drives/fsl_tempmon.c:163:5
	ldr	r0, [sp, #20]
	cbz	r0, .LBB1_2
	b	.LBB1_1
.LBB1_1:
	b	.LBB1_3
.LBB1_2:
	movw	r0, :lower16:.L.str.3
	movt	r0, :upper16:.L.str.3
	movw	r1, :lower16:.L.str.1
	movt	r1, :upper16:.L.str.1
	movs	r2, #163
	bl	__aeabi_assert
.LBB1_3:
	.loc	1 166 5                         @ ../../libraries/sdk/drives/fsl_tempmon.c:166:5
	movw	r0, :lower16:s_hotTemp
	movt	r0, :upper16:s_hotTemp
	ldr	r0, [r0]
	ldrsb.w	r1, [sp, #19]
	cmp	r0, r1
	blt	.LBB1_5
	b	.LBB1_4
.LBB1_4:
	b	.LBB1_6
.LBB1_5:
	movw	r0, :lower16:.L.str.4
	movt	r0, :upper16:.L.str.4
	movw	r1, :lower16:.L.str.1
	movt	r1, :upper16:.L.str.1
	movs	r2, #166
	bl	__aeabi_assert
.LBB1_6:
	movw	r0, :lower16:s_hotTemp
	movt	r0, :upper16:s_hotTemp
	ldr	r1, [r0]
	ldrsb.w	r2, [sp, #19]
	.loc	1 172 19                        @ ../../libraries/sdk/drives/fsl_tempmon.c:172:19
	movw	r0, :lower16:s_hotCount
	movt	r0, :upper16:s_hotCount
	ldr	r0, [r0]
	.loc	1 172 43 is_stmt 0              @ ../../libraries/sdk/drives/fsl_tempmon.c:172:43
	subs	r1, r1, r2
	.loc	1 172 65                        @ ../../libraries/sdk/drives/fsl_tempmon.c:172:65
	movw	r2, :lower16:s_roomC_hotC
	movt	r2, :upper16:s_roomC_hotC
	ldr	r2, [r2]
	.loc	1 172 63                        @ ../../libraries/sdk/drives/fsl_tempmon.c:172:63
	muls	r1, r2, r1
	.loc	1 172 89                        @ ../../libraries/sdk/drives/fsl_tempmon.c:172:89
	movw	r2, :lower16:s_hotT_ROOM
	movt	r2, :upper16:s_hotT_ROOM
	vldr	s0, [r2]
	.loc	1 172 80                        @ ../../libraries/sdk/drives/fsl_tempmon.c:172:80
	vcvt.s32.f32	s0, s0
	vmov	r2, s0
	.loc	1 172 78                        @ ../../libraries/sdk/drives/fsl_tempmon.c:172:78
	sdiv	r1, r1, r2
	.loc	1 172 30                        @ ../../libraries/sdk/drives/fsl_tempmon.c:172:30
	add	r0, r1
	.loc	1 172 17                        @ ../../libraries/sdk/drives/fsl_tempmon.c:172:17
	str	r0, [sp, #12]
	.loc	1 174 13 is_stmt 1              @ ../../libraries/sdk/drives/fsl_tempmon.c:174:13
	ldrb.w	r0, [sp, #18]
	.loc	1 174 5 is_stmt 0               @ ../../libraries/sdk/drives/fsl_tempmon.c:174:5
	mov	r1, r0
	str	r1, [sp, #4]                    @ 4-byte Spill
	cbz	r0, .LBB1_9
	b	.LBB1_7
.LBB1_7:
	ldr	r0, [sp, #4]                    @ 4-byte Reload
	cmp	r0, #1
	beq	.LBB1_10
	b	.LBB1_8
.LBB1_8:
	ldr	r0, [sp, #4]                    @ 4-byte Reload
	cmp	r0, #2
	beq	.LBB1_11
	b	.LBB1_12
.LBB1_9:
.Ltmp3:
	.loc	1 178 26 is_stmt 1              @ ../../libraries/sdk/drives/fsl_tempmon.c:178:26
	ldr	r0, [sp, #20]
	.loc	1 178 32 is_stmt 0              @ ../../libraries/sdk/drives/fsl_tempmon.c:178:32
	ldr.w	r0, [r0, #384]
	.loc	1 178 24                        @ ../../libraries/sdk/drives/fsl_tempmon.c:178:24
	str	r0, [sp, #8]
	.loc	1 180 18 is_stmt 1              @ ../../libraries/sdk/drives/fsl_tempmon.c:180:18
	ldr	r0, [sp, #8]
	.loc	1 180 29 is_stmt 0              @ ../../libraries/sdk/drives/fsl_tempmon.c:180:29
	bfc	r0, #20, #12
	.loc	1 180 71                        @ ../../libraries/sdk/drives/fsl_tempmon.c:180:71
	ldr	r1, [sp, #12]
	.loc	1 180 69                        @ ../../libraries/sdk/drives/fsl_tempmon.c:180:69
	orr.w	r0, r0, r1, lsl #20
	.loc	1 179 24 is_stmt 1              @ ../../libraries/sdk/drives/fsl_tempmon.c:179:24
	str	r0, [sp, #8]
	.loc	1 181 32                        @ ../../libraries/sdk/drives/fsl_tempmon.c:181:32
	ldr	r0, [sp, #8]
	.loc	1 181 13 is_stmt 0              @ ../../libraries/sdk/drives/fsl_tempmon.c:181:13
	ldr	r1, [sp, #20]
	.loc	1 181 30                        @ ../../libraries/sdk/drives/fsl_tempmon.c:181:30
	str.w	r0, [r1, #384]
	.loc	1 182 13 is_stmt 1              @ ../../libraries/sdk/drives/fsl_tempmon.c:182:13
	b	.LBB1_13
.LBB1_10:
	.loc	1 186 26                        @ ../../libraries/sdk/drives/fsl_tempmon.c:186:26
	ldr	r0, [sp, #20]
	.loc	1 186 32 is_stmt 0              @ ../../libraries/sdk/drives/fsl_tempmon.c:186:32
	ldr.w	r0, [r0, #656]
	.loc	1 186 24                        @ ../../libraries/sdk/drives/fsl_tempmon.c:186:24
	str	r0, [sp, #8]
	.loc	1 187 27 is_stmt 1              @ ../../libraries/sdk/drives/fsl_tempmon.c:187:27
	ldr	r0, [sp, #8]
	.loc	1 188 26                        @ ../../libraries/sdk/drives/fsl_tempmon.c:188:26
	ldr	r1, [sp, #12]
	.loc	1 187 84                        @ ../../libraries/sdk/drives/fsl_tempmon.c:187:84
	bfi	r0, r1, #16, #12
	.loc	1 187 24 is_stmt 0              @ ../../libraries/sdk/drives/fsl_tempmon.c:187:24
	str	r0, [sp, #8]
	.loc	1 189 32 is_stmt 1              @ ../../libraries/sdk/drives/fsl_tempmon.c:189:32
	ldr	r0, [sp, #8]
	.loc	1 189 13 is_stmt 0              @ ../../libraries/sdk/drives/fsl_tempmon.c:189:13
	ldr	r1, [sp, #20]
	.loc	1 189 30                        @ ../../libraries/sdk/drives/fsl_tempmon.c:189:30
	str.w	r0, [r1, #656]
	.loc	1 190 13 is_stmt 1              @ ../../libraries/sdk/drives/fsl_tempmon.c:190:13
	b	.LBB1_13
.LBB1_11:
	.loc	1 194 26                        @ ../../libraries/sdk/drives/fsl_tempmon.c:194:26
	ldr	r0, [sp, #20]
	.loc	1 194 32 is_stmt 0              @ ../../libraries/sdk/drives/fsl_tempmon.c:194:32
	ldr.w	r0, [r0, #656]
	.loc	1 194 24                        @ ../../libraries/sdk/drives/fsl_tempmon.c:194:24
	str	r0, [sp, #8]
	.loc	1 195 27 is_stmt 1              @ ../../libraries/sdk/drives/fsl_tempmon.c:195:27
	ldr	r0, [sp, #8]
	.loc	1 196 26                        @ ../../libraries/sdk/drives/fsl_tempmon.c:196:26
	ldr	r1, [sp, #12]
	.loc	1 195 82                        @ ../../libraries/sdk/drives/fsl_tempmon.c:195:82
	bfi	r0, r1, #0, #12
	.loc	1 195 24 is_stmt 0              @ ../../libraries/sdk/drives/fsl_tempmon.c:195:24
	str	r0, [sp, #8]
	.loc	1 197 32 is_stmt 1              @ ../../libraries/sdk/drives/fsl_tempmon.c:197:32
	ldr	r0, [sp, #8]
	.loc	1 197 13 is_stmt 0              @ ../../libraries/sdk/drives/fsl_tempmon.c:197:13
	ldr	r1, [sp, #20]
	.loc	1 197 30                        @ ../../libraries/sdk/drives/fsl_tempmon.c:197:30
	str.w	r0, [r1, #656]
	.loc	1 198 13 is_stmt 1              @ ../../libraries/sdk/drives/fsl_tempmon.c:198:13
	b	.LBB1_13
.LBB1_12:
	.loc	1 201 13                        @ ../../libraries/sdk/drives/fsl_tempmon.c:201:13
	movw	r0, :lower16:.L.str.5
	movt	r0, :upper16:.L.str.5
	movw	r1, :lower16:.L.str.1
	movt	r1, :upper16:.L.str.1
	movs	r2, #201
	bl	__aeabi_assert
.Ltmp4:
.LBB1_13:
	.loc	1 204 1                         @ ../../libraries/sdk/drives/fsl_tempmon.c:204:1
	add	sp, #24
	bx	lr
.Ltmp5:
.Lfunc_end1:
	.size	TEMPMON_SetTempAlarm, .Lfunc_end1-TEMPMON_SetTempAlarm
	.cfi_endproc
	.cantunwind
	.fnend
                                        @ -- End function
	.section	.text.TEMPMON_Deinit,"ax",%progbits
	.hidden	TEMPMON_Deinit                  @ -- Begin function TEMPMON_Deinit
	.globl	TEMPMON_Deinit
	.p2align	3
	.type	TEMPMON_Deinit,%function
	.code	16                              @ @TEMPMON_Deinit
	.thumb_func
TEMPMON_Deinit:
.Lfunc_begin2:
	.loc	1 93 0                          @ ../../libraries/sdk/drives/fsl_tempmon.c:93:0
	.fnstart
	.cfi_startproc
@ %bb.0:
	.pad	#4
	sub	sp, #4
	.cfi_def_cfa_offset 4
	str	r0, [sp]
.Ltmp6:
	.loc	1 94 5 prologue_end             @ ../../libraries/sdk/drives/fsl_tempmon.c:94:5
	ldr	r1, [sp]
	.loc	1 94 22 is_stmt 0               @ ../../libraries/sdk/drives/fsl_tempmon.c:94:22
	ldr.w	r0, [r1, #384]
	orr	r0, r0, #1
	str.w	r0, [r1, #384]
	.loc	1 95 1 is_stmt 1                @ ../../libraries/sdk/drives/fsl_tempmon.c:95:1
	add	sp, #4
	bx	lr
.Ltmp7:
.Lfunc_end2:
	.size	TEMPMON_Deinit, .Lfunc_end2-TEMPMON_Deinit
	.cfi_endproc
	.cantunwind
	.fnend
                                        @ -- End function
	.section	.text.TEMPMON_GetDefaultConfig,"ax",%progbits
	.hidden	TEMPMON_GetDefaultConfig        @ -- Begin function TEMPMON_GetDefaultConfig
	.globl	TEMPMON_GetDefaultConfig
	.p2align	3
	.type	TEMPMON_GetDefaultConfig,%function
	.code	16                              @ @TEMPMON_GetDefaultConfig
	.thumb_func
TEMPMON_GetDefaultConfig:
.Lfunc_begin3:
	.loc	1 110 0                         @ ../../libraries/sdk/drives/fsl_tempmon.c:110:0
	.fnstart
	.cfi_startproc
@ %bb.0:
	.save	{r7, lr}
	push	{r7, lr}
	.cfi_def_cfa_offset 8
	.cfi_offset lr, -4
	.cfi_offset r7, -8
	.pad	#8
	sub	sp, #8
	.cfi_def_cfa_offset 16
	str	r0, [sp, #4]
.Ltmp8:
	.loc	1 111 5 prologue_end            @ ../../libraries/sdk/drives/fsl_tempmon.c:111:5
	ldr	r0, [sp, #4]
	cbz	r0, .LBB3_2
	b	.LBB3_1
.LBB3_1:
	b	.LBB3_3
.LBB3_2:
	movw	r0, :lower16:.L.str.2
	movt	r0, :upper16:.L.str.2
	movw	r1, :lower16:.L.str.1
	movt	r1, :upper16:.L.str.1
	movs	r2, #111
	bl	__aeabi_assert
.LBB3_3:
	ldr	r0, [sp, #4]
	movs	r1, #0
	movs	r2, #6
	.loc	1 114 11                        @ ../../libraries/sdk/drives/fsl_tempmon.c:114:11
	bl	memset
	.loc	1 117 5                         @ ../../libraries/sdk/drives/fsl_tempmon.c:117:5
	ldr	r1, [sp, #4]
	movs	r0, #3
	.loc	1 117 23 is_stmt 0              @ ../../libraries/sdk/drives/fsl_tempmon.c:117:23
	strh	r0, [r1]
	.loc	1 119 5 is_stmt 1               @ ../../libraries/sdk/drives/fsl_tempmon.c:119:5
	ldr	r1, [sp, #4]
	movs	r0, #40
	.loc	1 119 27 is_stmt 0              @ ../../libraries/sdk/drives/fsl_tempmon.c:119:27
	strb	r0, [r1, #2]
	.loc	1 121 5 is_stmt 1               @ ../../libraries/sdk/drives/fsl_tempmon.c:121:5
	ldr	r1, [sp, #4]
	movs	r0, #90
	.loc	1 121 28 is_stmt 0              @ ../../libraries/sdk/drives/fsl_tempmon.c:121:28
	strb	r0, [r1, #3]
	.loc	1 123 5 is_stmt 1               @ ../../libraries/sdk/drives/fsl_tempmon.c:123:5
	ldr	r1, [sp, #4]
	movs	r0, #20
	.loc	1 123 26 is_stmt 0              @ ../../libraries/sdk/drives/fsl_tempmon.c:123:26
	strb	r0, [r1, #4]
	.loc	1 124 1 is_stmt 1               @ ../../libraries/sdk/drives/fsl_tempmon.c:124:1
	add	sp, #8
	pop	{r7, pc}
.Ltmp9:
.Lfunc_end3:
	.size	TEMPMON_GetDefaultConfig, .Lfunc_end3-TEMPMON_GetDefaultConfig
	.cfi_endproc
	.cantunwind
	.fnend
                                        @ -- End function
	.section	.text.TEMPMON_GetCurrentTemperature,"ax",%progbits
	.hidden	TEMPMON_GetCurrentTemperature   @ -- Begin function TEMPMON_GetCurrentTemperature
	.globl	TEMPMON_GetCurrentTemperature
	.p2align	3
	.type	TEMPMON_GetCurrentTemperature,%function
	.code	16                              @ @TEMPMON_GetCurrentTemperature
	.thumb_func
TEMPMON_GetCurrentTemperature:
.Lfunc_begin4:
	.loc	1 133 0                         @ ../../libraries/sdk/drives/fsl_tempmon.c:133:0
	.fnstart
	.cfi_startproc
@ %bb.0:
	.pad	#16
	sub	sp, #16
	.cfi_def_cfa_offset 16
	str	r0, [sp, #12]
.Ltmp10:
	.loc	1 135 5 prologue_end            @ ../../libraries/sdk/drives/fsl_tempmon.c:135:5
	ldr	r0, [sp, #12]
	cbz	r0, .LBB4_2
	b	.LBB4_1
.LBB4_1:
	b	.LBB4_3
.LBB4_2:
	movw	r0, :lower16:.L.str.3
	movt	r0, :upper16:.L.str.3
	movw	r1, :lower16:.L.str.1
	movt	r1, :upper16:.L.str.1
	movs	r2, #135
	bl	__aeabi_assert
.LBB4_3:
	.loc	1 140 5                         @ ../../libraries/sdk/drives/fsl_tempmon.c:140:5
	b	.LBB4_4
.LBB4_4:                                @ =>This Inner Loop Header: Depth=1
	.loc	1 140 19 is_stmt 0              @ ../../libraries/sdk/drives/fsl_tempmon.c:140:19
	ldr	r0, [sp, #12]
	.loc	1 140 25                        @ ../../libraries/sdk/drives/fsl_tempmon.c:140:25
	ldr.w	r0, [r0, #384]
	.loc	1 140 5                         @ ../../libraries/sdk/drives/fsl_tempmon.c:140:5
	lsls	r0, r0, #29
	cmp	r0, #0
	bmi	.LBB4_6
	b	.LBB4_5
.LBB4_5:                                @   in Loop: Header=BB4_4 Depth=1
	b	.LBB4_4
.LBB4_6:
	.loc	1 145 14 is_stmt 1              @ ../../libraries/sdk/drives/fsl_tempmon.c:145:14
	ldr	r0, [sp, #12]
	.loc	1 145 20 is_stmt 0              @ ../../libraries/sdk/drives/fsl_tempmon.c:145:20
	ldr.w	r0, [r0, #384]
	.loc	1 145 67                        @ ../../libraries/sdk/drives/fsl_tempmon.c:145:67
	ubfx	r0, r0, #8, #12
	.loc	1 145 11                        @ ../../libraries/sdk/drives/fsl_tempmon.c:145:11
	str	r0, [sp, #8]
	.loc	1 148 20 is_stmt 1              @ ../../libraries/sdk/drives/fsl_tempmon.c:148:20
	movw	r0, :lower16:s_hotTemp
	movt	r0, :upper16:s_hotTemp
	.loc	1 148 13 is_stmt 0              @ ../../libraries/sdk/drives/fsl_tempmon.c:148:13
	vldr	s0, [r0]
	vcvt.f32.s32	s0, s0
	.loc	1 148 34                        @ ../../libraries/sdk/drives/fsl_tempmon.c:148:34
	vldr	s2, [sp, #8]
	vcvt.f32.u32	s4, s2
	.loc	1 148 56                        @ ../../libraries/sdk/drives/fsl_tempmon.c:148:56
	movw	r0, :lower16:s_hotCount
	movt	r0, :upper16:s_hotCount
	.loc	1 148 49                        @ ../../libraries/sdk/drives/fsl_tempmon.c:148:49
	vldr	s2, [r0]
	vcvt.f32.s32	s2, s2
	.loc	1 148 47                        @ ../../libraries/sdk/drives/fsl_tempmon.c:148:47
	vsub.f32	s2, s2, s4
	.loc	1 148 71                        @ ../../libraries/sdk/drives/fsl_tempmon.c:148:71
	movw	r0, :lower16:s_hotT_ROOM
	movt	r0, :upper16:s_hotT_ROOM
	vldr	s4, [r0]
	.loc	1 148 92                        @ ../../libraries/sdk/drives/fsl_tempmon.c:148:92
	movw	r0, :lower16:s_roomC_hotC
	movt	r0, :upper16:s_roomC_hotC
	.loc	1 148 85                        @ ../../libraries/sdk/drives/fsl_tempmon.c:148:85
	vldr	s6, [r0]
	vcvt.f32.s32	s6, s6
	.loc	1 148 83                        @ ../../libraries/sdk/drives/fsl_tempmon.c:148:83
	vdiv.f32	s4, s4, s6
	.loc	1 148 30                        @ ../../libraries/sdk/drives/fsl_tempmon.c:148:30
	vfma.f32	s0, s2, s4
	.loc	1 148 11                        @ ../../libraries/sdk/drives/fsl_tempmon.c:148:11
	vstr	s0, [sp, #4]
	.loc	1 150 12 is_stmt 1              @ ../../libraries/sdk/drives/fsl_tempmon.c:150:12
	vldr	s0, [sp, #4]
	.loc	1 150 5 is_stmt 0               @ ../../libraries/sdk/drives/fsl_tempmon.c:150:5
	add	sp, #16
	bx	lr
.Ltmp11:
.Lfunc_end4:
	.size	TEMPMON_GetCurrentTemperature, .Lfunc_end4-TEMPMON_GetCurrentTemperature
	.cfi_endproc
	.cantunwind
	.fnend
                                        @ -- End function
	.type	.L.str,%object                  @ @.str
	.section	.rodata.str1.1,"aMS",%progbits,1
.L.str:
	.asciz	"NULL != config"
	.size	.L.str, 15

	.type	.L.str.1,%object                @ @.str.1
.L.str.1:
	.asciz	"../../libraries/sdk/drives/fsl_tempmon.c"
	.size	.L.str.1, 41

	.type	s_hotTemp,%object               @ @s_hotTemp
	.section	.bss.s_hotTemp,"aw",%nobits
	.p2align	2, 0x0
s_hotTemp:
	.long	0                               @ 0x0
	.size	s_hotTemp, 4

	.type	s_hotCount,%object              @ @s_hotCount
	.section	.bss.s_hotCount,"aw",%nobits
	.p2align	2, 0x0
s_hotCount:
	.long	0                               @ 0x0
	.size	s_hotCount, 4

	.type	s_hotT_ROOM,%object             @ @s_hotT_ROOM
	.section	.bss.s_hotT_ROOM,"aw",%nobits
	.p2align	2, 0x0
s_hotT_ROOM:
	.long	0x00000000                      @ float 0
	.size	s_hotT_ROOM, 4

	.type	s_roomC_hotC,%object            @ @s_roomC_hotC
	.section	.bss.s_roomC_hotC,"aw",%nobits
	.p2align	2, 0x0
s_roomC_hotC:
	.long	0                               @ 0x0
	.size	s_roomC_hotC, 4

	.type	.L.str.2,%object                @ @.str.2
	.section	.rodata.str1.1,"aMS",%progbits,1
.L.str.2:
	.asciz	"config"
	.size	.L.str.2, 7

	.type	.L.str.3,%object                @ @.str.3
.L.str.3:
	.asciz	"NULL != base"
	.size	.L.str.3, 13

	.type	.L.str.4,%object                @ @.str.4
.L.str.4:
	.asciz	"s_hotTemp >= tempVal"
	.size	.L.str.4, 21

	.type	.L.str.5,%object                @ @.str.5
.L.str.5:
	.asciz	"false"
	.size	.L.str.5, 6

	.section	.debug_abbrev,"",%progbits
	.byte	1                               @ Abbreviation Code
	.byte	17                              @ DW_TAG_compile_unit
	.byte	1                               @ DW_CHILDREN_yes
	.byte	37                              @ DW_AT_producer
	.byte	14                              @ DW_FORM_strp
	.byte	19                              @ DW_AT_language
	.byte	5                               @ DW_FORM_data2
	.byte	3                               @ DW_AT_name
	.byte	14                              @ DW_FORM_strp
	.byte	16                              @ DW_AT_stmt_list
	.byte	23                              @ DW_FORM_sec_offset
	.byte	27                              @ DW_AT_comp_dir
	.byte	14                              @ DW_FORM_strp
	.byte	17                              @ DW_AT_low_pc
	.byte	1                               @ DW_FORM_addr
	.byte	85                              @ DW_AT_ranges
	.byte	23                              @ DW_FORM_sec_offset
	.byte	0                               @ EOM(1)
	.byte	0                               @ EOM(2)
	.byte	2                               @ Abbreviation Code
	.byte	52                              @ DW_TAG_variable
	.byte	0                               @ DW_CHILDREN_no
	.byte	73                              @ DW_AT_type
	.byte	19                              @ DW_FORM_ref4
	.byte	58                              @ DW_AT_decl_file
	.byte	11                              @ DW_FORM_data1
	.byte	59                              @ DW_AT_decl_line
	.byte	11                              @ DW_FORM_data1
	.byte	2                               @ DW_AT_location
	.byte	24                              @ DW_FORM_exprloc
	.byte	0                               @ EOM(1)
	.byte	0                               @ EOM(2)
	.byte	3                               @ Abbreviation Code
	.byte	1                               @ DW_TAG_array_type
	.byte	1                               @ DW_CHILDREN_yes
	.byte	73                              @ DW_AT_type
	.byte	19                              @ DW_FORM_ref4
	.byte	0                               @ EOM(1)
	.byte	0                               @ EOM(2)
	.byte	4                               @ Abbreviation Code
	.byte	33                              @ DW_TAG_subrange_type
	.byte	0                               @ DW_CHILDREN_no
	.byte	73                              @ DW_AT_type
	.byte	19                              @ DW_FORM_ref4
	.byte	55                              @ DW_AT_count
	.byte	11                              @ DW_FORM_data1
	.byte	0                               @ EOM(1)
	.byte	0                               @ EOM(2)
	.byte	5                               @ Abbreviation Code
	.byte	36                              @ DW_TAG_base_type
	.byte	0                               @ DW_CHILDREN_no
	.byte	3                               @ DW_AT_name
	.byte	14                              @ DW_FORM_strp
	.byte	62                              @ DW_AT_encoding
	.byte	11                              @ DW_FORM_data1
	.byte	11                              @ DW_AT_byte_size
	.byte	11                              @ DW_FORM_data1
	.byte	0                               @ EOM(1)
	.byte	0                               @ EOM(2)
	.byte	6                               @ Abbreviation Code
	.byte	36                              @ DW_TAG_base_type
	.byte	0                               @ DW_CHILDREN_no
	.byte	3                               @ DW_AT_name
	.byte	14                              @ DW_FORM_strp
	.byte	11                              @ DW_AT_byte_size
	.byte	11                              @ DW_FORM_data1
	.byte	62                              @ DW_AT_encoding
	.byte	11                              @ DW_FORM_data1
	.byte	0                               @ EOM(1)
	.byte	0                               @ EOM(2)
	.byte	7                               @ Abbreviation Code
	.byte	52                              @ DW_TAG_variable
	.byte	0                               @ DW_CHILDREN_no
	.byte	3                               @ DW_AT_name
	.byte	14                              @ DW_FORM_strp
	.byte	73                              @ DW_AT_type
	.byte	19                              @ DW_FORM_ref4
	.byte	58                              @ DW_AT_decl_file
	.byte	11                              @ DW_FORM_data1
	.byte	59                              @ DW_AT_decl_line
	.byte	11                              @ DW_FORM_data1
	.byte	2                               @ DW_AT_location
	.byte	24                              @ DW_FORM_exprloc
	.byte	0                               @ EOM(1)
	.byte	0                               @ EOM(2)
	.byte	8                               @ Abbreviation Code
	.byte	22                              @ DW_TAG_typedef
	.byte	0                               @ DW_CHILDREN_no
	.byte	73                              @ DW_AT_type
	.byte	19                              @ DW_FORM_ref4
	.byte	3                               @ DW_AT_name
	.byte	14                              @ DW_FORM_strp
	.byte	58                              @ DW_AT_decl_file
	.byte	11                              @ DW_FORM_data1
	.byte	59                              @ DW_AT_decl_line
	.byte	11                              @ DW_FORM_data1
	.byte	0                               @ EOM(1)
	.byte	0                               @ EOM(2)
	.byte	9                               @ Abbreviation Code
	.byte	4                               @ DW_TAG_enumeration_type
	.byte	1                               @ DW_CHILDREN_yes
	.byte	73                              @ DW_AT_type
	.byte	19                              @ DW_FORM_ref4
	.byte	3                               @ DW_AT_name
	.byte	14                              @ DW_FORM_strp
	.byte	11                              @ DW_AT_byte_size
	.byte	11                              @ DW_FORM_data1
	.byte	58                              @ DW_AT_decl_file
	.byte	11                              @ DW_FORM_data1
	.byte	59                              @ DW_AT_decl_line
	.byte	11                              @ DW_FORM_data1
	.byte	0                               @ EOM(1)
	.byte	0                               @ EOM(2)
	.byte	10                              @ Abbreviation Code
	.byte	40                              @ DW_TAG_enumerator
	.byte	0                               @ DW_CHILDREN_no
	.byte	3                               @ DW_AT_name
	.byte	14                              @ DW_FORM_strp
	.byte	28                              @ DW_AT_const_value
	.byte	15                              @ DW_FORM_udata
	.byte	0                               @ EOM(1)
	.byte	0                               @ EOM(2)
	.byte	11                              @ Abbreviation Code
	.byte	15                              @ DW_TAG_pointer_type
	.byte	0                               @ DW_CHILDREN_no
	.byte	73                              @ DW_AT_type
	.byte	19                              @ DW_FORM_ref4
	.byte	0                               @ EOM(1)
	.byte	0                               @ EOM(2)
	.byte	12                              @ Abbreviation Code
	.byte	22                              @ DW_TAG_typedef
	.byte	0                               @ DW_CHILDREN_no
	.byte	73                              @ DW_AT_type
	.byte	19                              @ DW_FORM_ref4
	.byte	3                               @ DW_AT_name
	.byte	14                              @ DW_FORM_strp
	.byte	58                              @ DW_AT_decl_file
	.byte	11                              @ DW_FORM_data1
	.byte	59                              @ DW_AT_decl_line
	.byte	5                               @ DW_FORM_data2
	.byte	0                               @ EOM(1)
	.byte	0                               @ EOM(2)
	.byte	13                              @ Abbreviation Code
	.byte	19                              @ DW_TAG_structure_type
	.byte	1                               @ DW_CHILDREN_yes
	.byte	11                              @ DW_AT_byte_size
	.byte	5                               @ DW_FORM_data2
	.byte	58                              @ DW_AT_decl_file
	.byte	11                              @ DW_FORM_data1
	.byte	59                              @ DW_AT_decl_line
	.byte	5                               @ DW_FORM_data2
	.byte	0                               @ EOM(1)
	.byte	0                               @ EOM(2)
	.byte	14                              @ Abbreviation Code
	.byte	13                              @ DW_TAG_member
	.byte	0                               @ DW_CHILDREN_no
	.byte	3                               @ DW_AT_name
	.byte	14                              @ DW_FORM_strp
	.byte	73                              @ DW_AT_type
	.byte	19                              @ DW_FORM_ref4
	.byte	58                              @ DW_AT_decl_file
	.byte	11                              @ DW_FORM_data1
	.byte	59                              @ DW_AT_decl_line
	.byte	5                               @ DW_FORM_data2
	.byte	56                              @ DW_AT_data_member_location
	.byte	11                              @ DW_FORM_data1
	.byte	0                               @ EOM(1)
	.byte	0                               @ EOM(2)
	.byte	15                              @ Abbreviation Code
	.byte	13                              @ DW_TAG_member
	.byte	0                               @ DW_CHILDREN_no
	.byte	3                               @ DW_AT_name
	.byte	14                              @ DW_FORM_strp
	.byte	73                              @ DW_AT_type
	.byte	19                              @ DW_FORM_ref4
	.byte	58                              @ DW_AT_decl_file
	.byte	11                              @ DW_FORM_data1
	.byte	59                              @ DW_AT_decl_line
	.byte	5                               @ DW_FORM_data2
	.byte	56                              @ DW_AT_data_member_location
	.byte	5                               @ DW_FORM_data2
	.byte	0                               @ EOM(1)
	.byte	0                               @ EOM(2)
	.byte	16                              @ Abbreviation Code
	.byte	53                              @ DW_TAG_volatile_type
	.byte	0                               @ DW_CHILDREN_no
	.byte	73                              @ DW_AT_type
	.byte	19                              @ DW_FORM_ref4
	.byte	0                               @ EOM(1)
	.byte	0                               @ EOM(2)
	.byte	17                              @ Abbreviation Code
	.byte	38                              @ DW_TAG_const_type
	.byte	0                               @ DW_CHILDREN_no
	.byte	73                              @ DW_AT_type
	.byte	19                              @ DW_FORM_ref4
	.byte	0                               @ EOM(1)
	.byte	0                               @ EOM(2)
	.byte	18                              @ Abbreviation Code
	.byte	33                              @ DW_TAG_subrange_type
	.byte	0                               @ DW_CHILDREN_no
	.byte	73                              @ DW_AT_type
	.byte	19                              @ DW_FORM_ref4
	.byte	55                              @ DW_AT_count
	.byte	5                               @ DW_FORM_data2
	.byte	0                               @ EOM(1)
	.byte	0                               @ EOM(2)
	.byte	19                              @ Abbreviation Code
	.byte	46                              @ DW_TAG_subprogram
	.byte	1                               @ DW_CHILDREN_yes
	.byte	17                              @ DW_AT_low_pc
	.byte	1                               @ DW_FORM_addr
	.byte	18                              @ DW_AT_high_pc
	.byte	6                               @ DW_FORM_data4
	.byte	64                              @ DW_AT_frame_base
	.byte	24                              @ DW_FORM_exprloc
	.byte	3                               @ DW_AT_name
	.byte	14                              @ DW_FORM_strp
	.byte	58                              @ DW_AT_decl_file
	.byte	11                              @ DW_FORM_data1
	.byte	59                              @ DW_AT_decl_line
	.byte	11                              @ DW_FORM_data1
	.byte	39                              @ DW_AT_prototyped
	.byte	25                              @ DW_FORM_flag_present
	.byte	63                              @ DW_AT_external
	.byte	25                              @ DW_FORM_flag_present
	.byte	0                               @ EOM(1)
	.byte	0                               @ EOM(2)
	.byte	20                              @ Abbreviation Code
	.byte	5                               @ DW_TAG_formal_parameter
	.byte	0                               @ DW_CHILDREN_no
	.byte	2                               @ DW_AT_location
	.byte	24                              @ DW_FORM_exprloc
	.byte	3                               @ DW_AT_name
	.byte	14                              @ DW_FORM_strp
	.byte	58                              @ DW_AT_decl_file
	.byte	11                              @ DW_FORM_data1
	.byte	59                              @ DW_AT_decl_line
	.byte	11                              @ DW_FORM_data1
	.byte	73                              @ DW_AT_type
	.byte	19                              @ DW_FORM_ref4
	.byte	0                               @ EOM(1)
	.byte	0                               @ EOM(2)
	.byte	21                              @ Abbreviation Code
	.byte	52                              @ DW_TAG_variable
	.byte	0                               @ DW_CHILDREN_no
	.byte	2                               @ DW_AT_location
	.byte	24                              @ DW_FORM_exprloc
	.byte	3                               @ DW_AT_name
	.byte	14                              @ DW_FORM_strp
	.byte	58                              @ DW_AT_decl_file
	.byte	11                              @ DW_FORM_data1
	.byte	59                              @ DW_AT_decl_line
	.byte	11                              @ DW_FORM_data1
	.byte	73                              @ DW_AT_type
	.byte	19                              @ DW_FORM_ref4
	.byte	0                               @ EOM(1)
	.byte	0                               @ EOM(2)
	.byte	22                              @ Abbreviation Code
	.byte	46                              @ DW_TAG_subprogram
	.byte	1                               @ DW_CHILDREN_yes
	.byte	17                              @ DW_AT_low_pc
	.byte	1                               @ DW_FORM_addr
	.byte	18                              @ DW_AT_high_pc
	.byte	6                               @ DW_FORM_data4
	.byte	64                              @ DW_AT_frame_base
	.byte	24                              @ DW_FORM_exprloc
	.byte	3                               @ DW_AT_name
	.byte	14                              @ DW_FORM_strp
	.byte	58                              @ DW_AT_decl_file
	.byte	11                              @ DW_FORM_data1
	.byte	59                              @ DW_AT_decl_line
	.byte	11                              @ DW_FORM_data1
	.byte	39                              @ DW_AT_prototyped
	.byte	25                              @ DW_FORM_flag_present
	.byte	73                              @ DW_AT_type
	.byte	19                              @ DW_FORM_ref4
	.byte	63                              @ DW_AT_external
	.byte	25                              @ DW_FORM_flag_present
	.byte	0                               @ EOM(1)
	.byte	0                               @ EOM(2)
	.byte	23                              @ Abbreviation Code
	.byte	19                              @ DW_TAG_structure_type
	.byte	1                               @ DW_CHILDREN_yes
	.byte	3                               @ DW_AT_name
	.byte	14                              @ DW_FORM_strp
	.byte	11                              @ DW_AT_byte_size
	.byte	11                              @ DW_FORM_data1
	.byte	58                              @ DW_AT_decl_file
	.byte	11                              @ DW_FORM_data1
	.byte	59                              @ DW_AT_decl_line
	.byte	11                              @ DW_FORM_data1
	.byte	0                               @ EOM(1)
	.byte	0                               @ EOM(2)
	.byte	24                              @ Abbreviation Code
	.byte	13                              @ DW_TAG_member
	.byte	0                               @ DW_CHILDREN_no
	.byte	3                               @ DW_AT_name
	.byte	14                              @ DW_FORM_strp
	.byte	73                              @ DW_AT_type
	.byte	19                              @ DW_FORM_ref4
	.byte	58                              @ DW_AT_decl_file
	.byte	11                              @ DW_FORM_data1
	.byte	59                              @ DW_AT_decl_line
	.byte	11                              @ DW_FORM_data1
	.byte	56                              @ DW_AT_data_member_location
	.byte	11                              @ DW_FORM_data1
	.byte	0                               @ EOM(1)
	.byte	0                               @ EOM(2)
	.byte	0                               @ EOM(3)
	.section	.debug_info,"",%progbits
.Lcu_begin0:
	.long	.Ldebug_info_end0-.Ldebug_info_start0 @ Length of Unit
.Ldebug_info_start0:
	.short	4                               @ DWARF version number
	.long	.debug_abbrev                   @ Offset Into Abbrev. Section
	.byte	4                               @ Address Size (in bytes)
	.byte	1                               @ Abbrev [1] 0xb:0xac1 DW_TAG_compile_unit
	.long	.Linfo_string0                  @ DW_AT_producer
	.short	12                              @ DW_AT_language
	.long	.Linfo_string1                  @ DW_AT_name
	.long	.Lline_table_start0             @ DW_AT_stmt_list
	.long	.Linfo_string2                  @ DW_AT_comp_dir
	.long	0                               @ DW_AT_low_pc
	.long	.Ldebug_ranges0                 @ DW_AT_ranges
	.byte	2                               @ Abbrev [2] 0x26:0xd DW_TAG_variable
	.long	51                              @ DW_AT_type
	.byte	1                               @ DW_AT_decl_file
	.byte	55                              @ DW_AT_decl_line
	.byte	5                               @ DW_AT_location
	.byte	3
	.long	.L.str
	.byte	3                               @ Abbrev [3] 0x33:0xc DW_TAG_array_type
	.long	63                              @ DW_AT_type
	.byte	4                               @ Abbrev [4] 0x38:0x6 DW_TAG_subrange_type
	.long	70                              @ DW_AT_type
	.byte	15                              @ DW_AT_count
	.byte	0                               @ End Of Children Mark
	.byte	5                               @ Abbrev [5] 0x3f:0x7 DW_TAG_base_type
	.long	.Linfo_string3                  @ DW_AT_name
	.byte	6                               @ DW_AT_encoding
	.byte	1                               @ DW_AT_byte_size
	.byte	6                               @ Abbrev [6] 0x46:0x7 DW_TAG_base_type
	.long	.Linfo_string4                  @ DW_AT_name
	.byte	8                               @ DW_AT_byte_size
	.byte	7                               @ DW_AT_encoding
	.byte	2                               @ Abbrev [2] 0x4d:0xd DW_TAG_variable
	.long	90                              @ DW_AT_type
	.byte	1                               @ DW_AT_decl_file
	.byte	55                              @ DW_AT_decl_line
	.byte	5                               @ DW_AT_location
	.byte	3
	.long	.L.str.1
	.byte	3                               @ Abbrev [3] 0x5a:0xc DW_TAG_array_type
	.long	63                              @ DW_AT_type
	.byte	4                               @ Abbrev [4] 0x5f:0x6 DW_TAG_subrange_type
	.long	70                              @ DW_AT_type
	.byte	41                              @ DW_AT_count
	.byte	0                               @ End Of Children Mark
	.byte	2                               @ Abbrev [2] 0x66:0xd DW_TAG_variable
	.long	115                             @ DW_AT_type
	.byte	1                               @ DW_AT_decl_file
	.byte	111                             @ DW_AT_decl_line
	.byte	5                               @ DW_AT_location
	.byte	3
	.long	.L.str.2
	.byte	3                               @ Abbrev [3] 0x73:0xc DW_TAG_array_type
	.long	63                              @ DW_AT_type
	.byte	4                               @ Abbrev [4] 0x78:0x6 DW_TAG_subrange_type
	.long	70                              @ DW_AT_type
	.byte	7                               @ DW_AT_count
	.byte	0                               @ End Of Children Mark
	.byte	2                               @ Abbrev [2] 0x7f:0xd DW_TAG_variable
	.long	140                             @ DW_AT_type
	.byte	1                               @ DW_AT_decl_file
	.byte	135                             @ DW_AT_decl_line
	.byte	5                               @ DW_AT_location
	.byte	3
	.long	.L.str.3
	.byte	3                               @ Abbrev [3] 0x8c:0xc DW_TAG_array_type
	.long	63                              @ DW_AT_type
	.byte	4                               @ Abbrev [4] 0x91:0x6 DW_TAG_subrange_type
	.long	70                              @ DW_AT_type
	.byte	13                              @ DW_AT_count
	.byte	0                               @ End Of Children Mark
	.byte	2                               @ Abbrev [2] 0x98:0xd DW_TAG_variable
	.long	165                             @ DW_AT_type
	.byte	1                               @ DW_AT_decl_file
	.byte	166                             @ DW_AT_decl_line
	.byte	5                               @ DW_AT_location
	.byte	3
	.long	.L.str.4
	.byte	3                               @ Abbrev [3] 0xa5:0xc DW_TAG_array_type
	.long	63                              @ DW_AT_type
	.byte	4                               @ Abbrev [4] 0xaa:0x6 DW_TAG_subrange_type
	.long	70                              @ DW_AT_type
	.byte	21                              @ DW_AT_count
	.byte	0                               @ End Of Children Mark
	.byte	2                               @ Abbrev [2] 0xb1:0xd DW_TAG_variable
	.long	190                             @ DW_AT_type
	.byte	1                               @ DW_AT_decl_file
	.byte	201                             @ DW_AT_decl_line
	.byte	5                               @ DW_AT_location
	.byte	3
	.long	.L.str.5
	.byte	3                               @ Abbrev [3] 0xbe:0xc DW_TAG_array_type
	.long	63                              @ DW_AT_type
	.byte	4                               @ Abbrev [4] 0xc3:0x6 DW_TAG_subrange_type
	.long	70                              @ DW_AT_type
	.byte	6                               @ DW_AT_count
	.byte	0                               @ End Of Children Mark
	.byte	7                               @ Abbrev [7] 0xca:0x11 DW_TAG_variable
	.long	.Linfo_string5                  @ DW_AT_name
	.long	219                             @ DW_AT_type
	.byte	1                               @ DW_AT_decl_file
	.byte	39                              @ DW_AT_decl_line
	.byte	5                               @ DW_AT_location
	.byte	3
	.long	s_hotTemp
	.byte	8                               @ Abbrev [8] 0xdb:0xb DW_TAG_typedef
	.long	230                             @ DW_AT_type
	.long	.Linfo_string7                  @ DW_AT_name
	.byte	2                               @ DW_AT_decl_file
	.byte	58                              @ DW_AT_decl_line
	.byte	5                               @ Abbrev [5] 0xe6:0x7 DW_TAG_base_type
	.long	.Linfo_string6                  @ DW_AT_name
	.byte	5                               @ DW_AT_encoding
	.byte	4                               @ DW_AT_byte_size
	.byte	7                               @ Abbrev [7] 0xed:0x11 DW_TAG_variable
	.long	.Linfo_string8                  @ DW_AT_name
	.long	219                             @ DW_AT_type
	.byte	1                               @ DW_AT_decl_file
	.byte	40                              @ DW_AT_decl_line
	.byte	5                               @ DW_AT_location
	.byte	3
	.long	s_hotCount
	.byte	7                               @ Abbrev [7] 0xfe:0x11 DW_TAG_variable
	.long	.Linfo_string9                  @ DW_AT_name
	.long	271                             @ DW_AT_type
	.byte	1                               @ DW_AT_decl_file
	.byte	41                              @ DW_AT_decl_line
	.byte	5                               @ DW_AT_location
	.byte	3
	.long	s_hotT_ROOM
	.byte	5                               @ Abbrev [5] 0x10f:0x7 DW_TAG_base_type
	.long	.Linfo_string10                 @ DW_AT_name
	.byte	4                               @ DW_AT_encoding
	.byte	4                               @ DW_AT_byte_size
	.byte	7                               @ Abbrev [7] 0x116:0x11 DW_TAG_variable
	.long	.Linfo_string11                 @ DW_AT_name
	.long	219                             @ DW_AT_type
	.byte	1                               @ DW_AT_decl_file
	.byte	42                              @ DW_AT_decl_line
	.byte	5                               @ DW_AT_location
	.byte	3
	.long	s_roomC_hotC
	.byte	9                               @ Abbrev [9] 0x127:0x1f DW_TAG_enumeration_type
	.long	326                             @ DW_AT_type
	.long	.Linfo_string16                 @ DW_AT_name
	.byte	1                               @ DW_AT_byte_size
	.byte	3                               @ DW_AT_decl_file
	.byte	40                              @ DW_AT_decl_line
	.byte	10                              @ Abbrev [10] 0x133:0x6 DW_TAG_enumerator
	.long	.Linfo_string13                 @ DW_AT_name
	.byte	0                               @ DW_AT_const_value
	.byte	10                              @ Abbrev [10] 0x139:0x6 DW_TAG_enumerator
	.long	.Linfo_string14                 @ DW_AT_name
	.byte	1                               @ DW_AT_const_value
	.byte	10                              @ Abbrev [10] 0x13f:0x6 DW_TAG_enumerator
	.long	.Linfo_string15                 @ DW_AT_name
	.byte	2                               @ DW_AT_const_value
	.byte	0                               @ End Of Children Mark
	.byte	5                               @ Abbrev [5] 0x146:0x7 DW_TAG_base_type
	.long	.Linfo_string12                 @ DW_AT_name
	.byte	8                               @ DW_AT_encoding
	.byte	1                               @ DW_AT_byte_size
	.byte	8                               @ Abbrev [8] 0x14d:0xb DW_TAG_typedef
	.long	344                             @ DW_AT_type
	.long	.Linfo_string18                 @ DW_AT_name
	.byte	2                               @ DW_AT_decl_file
	.byte	64                              @ DW_AT_decl_line
	.byte	5                               @ Abbrev [5] 0x158:0x7 DW_TAG_base_type
	.long	.Linfo_string17                 @ DW_AT_name
	.byte	7                               @ DW_AT_encoding
	.byte	4                               @ DW_AT_byte_size
	.byte	11                              @ Abbrev [11] 0x15f:0x5 DW_TAG_pointer_type
	.long	356                             @ DW_AT_type
	.byte	12                              @ Abbrev [12] 0x164:0xc DW_TAG_typedef
	.long	368                             @ DW_AT_type
	.long	.Linfo_string136                @ DW_AT_name
	.byte	4                               @ DW_AT_decl_file
	.short	34444                           @ DW_AT_decl_line
	.byte	13                              @ Abbrev [13] 0x170:0x64a DW_TAG_structure_type
	.short	2292                            @ DW_AT_byte_size
	.byte	4                               @ DW_AT_decl_file
	.short	34327                           @ DW_AT_decl_line
	.byte	14                              @ Abbrev [14] 0x176:0xd DW_TAG_member
	.long	.Linfo_string19                 @ DW_AT_name
	.long	1978                            @ DW_AT_type
	.byte	4                               @ DW_AT_decl_file
	.short	34328                           @ DW_AT_decl_line
	.byte	0                               @ DW_AT_data_member_location
	.byte	14                              @ Abbrev [14] 0x183:0xd DW_TAG_member
	.long	.Linfo_string20                 @ DW_AT_name
	.long	1978                            @ DW_AT_type
	.byte	4                               @ DW_AT_decl_file
	.short	34329                           @ DW_AT_decl_line
	.byte	4                               @ DW_AT_data_member_location
	.byte	14                              @ Abbrev [14] 0x190:0xd DW_TAG_member
	.long	.Linfo_string21                 @ DW_AT_name
	.long	1978                            @ DW_AT_type
	.byte	4                               @ DW_AT_decl_file
	.short	34330                           @ DW_AT_decl_line
	.byte	8                               @ DW_AT_data_member_location
	.byte	14                              @ Abbrev [14] 0x19d:0xd DW_TAG_member
	.long	.Linfo_string22                 @ DW_AT_name
	.long	1978                            @ DW_AT_type
	.byte	4                               @ DW_AT_decl_file
	.short	34331                           @ DW_AT_decl_line
	.byte	12                              @ DW_AT_data_member_location
	.byte	14                              @ Abbrev [14] 0x1aa:0xd DW_TAG_member
	.long	.Linfo_string23                 @ DW_AT_name
	.long	1978                            @ DW_AT_type
	.byte	4                               @ DW_AT_decl_file
	.short	34332                           @ DW_AT_decl_line
	.byte	16                              @ DW_AT_data_member_location
	.byte	14                              @ Abbrev [14] 0x1b7:0xd DW_TAG_member
	.long	.Linfo_string24                 @ DW_AT_name
	.long	1983                            @ DW_AT_type
	.byte	4                               @ DW_AT_decl_file
	.short	34333                           @ DW_AT_decl_line
	.byte	20                              @ DW_AT_data_member_location
	.byte	14                              @ Abbrev [14] 0x1c4:0xd DW_TAG_member
	.long	.Linfo_string26                 @ DW_AT_name
	.long	1978                            @ DW_AT_type
	.byte	4                               @ DW_AT_decl_file
	.short	34334                           @ DW_AT_decl_line
	.byte	32                              @ DW_AT_data_member_location
	.byte	14                              @ Abbrev [14] 0x1d1:0xd DW_TAG_member
	.long	.Linfo_string27                 @ DW_AT_name
	.long	1983                            @ DW_AT_type
	.byte	4                               @ DW_AT_decl_file
	.short	34335                           @ DW_AT_decl_line
	.byte	36                              @ DW_AT_data_member_location
	.byte	14                              @ Abbrev [14] 0x1de:0xd DW_TAG_member
	.long	.Linfo_string28                 @ DW_AT_name
	.long	1978                            @ DW_AT_type
	.byte	4                               @ DW_AT_decl_file
	.short	34336                           @ DW_AT_decl_line
	.byte	48                              @ DW_AT_data_member_location
	.byte	14                              @ Abbrev [14] 0x1eb:0xd DW_TAG_member
	.long	.Linfo_string29                 @ DW_AT_name
	.long	1983                            @ DW_AT_type
	.byte	4                               @ DW_AT_decl_file
	.short	34337                           @ DW_AT_decl_line
	.byte	52                              @ DW_AT_data_member_location
	.byte	14                              @ Abbrev [14] 0x1f8:0xd DW_TAG_member
	.long	.Linfo_string30                 @ DW_AT_name
	.long	1978                            @ DW_AT_type
	.byte	4                               @ DW_AT_decl_file
	.short	34338                           @ DW_AT_decl_line
	.byte	64                              @ DW_AT_data_member_location
	.byte	14                              @ Abbrev [14] 0x205:0xd DW_TAG_member
	.long	.Linfo_string31                 @ DW_AT_name
	.long	1983                            @ DW_AT_type
	.byte	4                               @ DW_AT_decl_file
	.short	34339                           @ DW_AT_decl_line
	.byte	68                              @ DW_AT_data_member_location
	.byte	14                              @ Abbrev [14] 0x212:0xd DW_TAG_member
	.long	.Linfo_string32                 @ DW_AT_name
	.long	1978                            @ DW_AT_type
	.byte	4                               @ DW_AT_decl_file
	.short	34340                           @ DW_AT_decl_line
	.byte	80                              @ DW_AT_data_member_location
	.byte	14                              @ Abbrev [14] 0x21f:0xd DW_TAG_member
	.long	.Linfo_string33                 @ DW_AT_name
	.long	1983                            @ DW_AT_type
	.byte	4                               @ DW_AT_decl_file
	.short	34341                           @ DW_AT_decl_line
	.byte	84                              @ DW_AT_data_member_location
	.byte	14                              @ Abbrev [14] 0x22c:0xd DW_TAG_member
	.long	.Linfo_string34                 @ DW_AT_name
	.long	1978                            @ DW_AT_type
	.byte	4                               @ DW_AT_decl_file
	.short	34342                           @ DW_AT_decl_line
	.byte	96                              @ DW_AT_data_member_location
	.byte	14                              @ Abbrev [14] 0x239:0xd DW_TAG_member
	.long	.Linfo_string35                 @ DW_AT_name
	.long	1978                            @ DW_AT_type
	.byte	4                               @ DW_AT_decl_file
	.short	34343                           @ DW_AT_decl_line
	.byte	100                             @ DW_AT_data_member_location
	.byte	14                              @ Abbrev [14] 0x246:0xd DW_TAG_member
	.long	.Linfo_string36                 @ DW_AT_name
	.long	1978                            @ DW_AT_type
	.byte	4                               @ DW_AT_decl_file
	.short	34344                           @ DW_AT_decl_line
	.byte	104                             @ DW_AT_data_member_location
	.byte	14                              @ Abbrev [14] 0x253:0xd DW_TAG_member
	.long	.Linfo_string37                 @ DW_AT_name
	.long	1978                            @ DW_AT_type
	.byte	4                               @ DW_AT_decl_file
	.short	34345                           @ DW_AT_decl_line
	.byte	108                             @ DW_AT_data_member_location
	.byte	14                              @ Abbrev [14] 0x260:0xd DW_TAG_member
	.long	.Linfo_string38                 @ DW_AT_name
	.long	2006                            @ DW_AT_type
	.byte	4                               @ DW_AT_decl_file
	.short	34346                           @ DW_AT_decl_line
	.byte	112                             @ DW_AT_data_member_location
	.byte	14                              @ Abbrev [14] 0x26d:0xd DW_TAG_member
	.long	.Linfo_string39                 @ DW_AT_name
	.long	2018                            @ DW_AT_type
	.byte	4                               @ DW_AT_decl_file
	.short	34347                           @ DW_AT_decl_line
	.byte	144                             @ DW_AT_data_member_location
	.byte	14                              @ Abbrev [14] 0x27a:0xd DW_TAG_member
	.long	.Linfo_string40                 @ DW_AT_name
	.long	2023                            @ DW_AT_type
	.byte	4                               @ DW_AT_decl_file
	.short	34348                           @ DW_AT_decl_line
	.byte	148                             @ DW_AT_data_member_location
	.byte	15                              @ Abbrev [15] 0x287:0xe DW_TAG_member
	.long	.Linfo_string41                 @ DW_AT_name
	.long	1978                            @ DW_AT_type
	.byte	4                               @ DW_AT_decl_file
	.short	34349                           @ DW_AT_decl_line
	.short	256                             @ DW_AT_data_member_location
	.byte	15                              @ Abbrev [15] 0x295:0xe DW_TAG_member
	.long	.Linfo_string42                 @ DW_AT_name
	.long	2035                            @ DW_AT_type
	.byte	4                               @ DW_AT_decl_file
	.short	34350                           @ DW_AT_decl_line
	.short	260                             @ DW_AT_data_member_location
	.byte	15                              @ Abbrev [15] 0x2a3:0xe DW_TAG_member
	.long	.Linfo_string43                 @ DW_AT_name
	.long	1978                            @ DW_AT_type
	.byte	4                               @ DW_AT_decl_file
	.short	34351                           @ DW_AT_decl_line
	.short	1024                            @ DW_AT_data_member_location
	.byte	15                              @ Abbrev [15] 0x2b1:0xe DW_TAG_member
	.long	.Linfo_string44                 @ DW_AT_name
	.long	1983                            @ DW_AT_type
	.byte	4                               @ DW_AT_decl_file
	.short	34352                           @ DW_AT_decl_line
	.short	1028                            @ DW_AT_data_member_location
	.byte	15                              @ Abbrev [15] 0x2bf:0xe DW_TAG_member
	.long	.Linfo_string45                 @ DW_AT_name
	.long	1978                            @ DW_AT_type
	.byte	4                               @ DW_AT_decl_file
	.short	34353                           @ DW_AT_decl_line
	.short	1040                            @ DW_AT_data_member_location
	.byte	15                              @ Abbrev [15] 0x2cd:0xe DW_TAG_member
	.long	.Linfo_string46                 @ DW_AT_name
	.long	1983                            @ DW_AT_type
	.byte	4                               @ DW_AT_decl_file
	.short	34354                           @ DW_AT_decl_line
	.short	1044                            @ DW_AT_data_member_location
	.byte	15                              @ Abbrev [15] 0x2db:0xe DW_TAG_member
	.long	.Linfo_string47                 @ DW_AT_name
	.long	1978                            @ DW_AT_type
	.byte	4                               @ DW_AT_decl_file
	.short	34355                           @ DW_AT_decl_line
	.short	1056                            @ DW_AT_data_member_location
	.byte	15                              @ Abbrev [15] 0x2e9:0xe DW_TAG_member
	.long	.Linfo_string48                 @ DW_AT_name
	.long	1983                            @ DW_AT_type
	.byte	4                               @ DW_AT_decl_file
	.short	34356                           @ DW_AT_decl_line
	.short	1060                            @ DW_AT_data_member_location
	.byte	15                              @ Abbrev [15] 0x2f7:0xe DW_TAG_member
	.long	.Linfo_string49                 @ DW_AT_name
	.long	1978                            @ DW_AT_type
	.byte	4                               @ DW_AT_decl_file
	.short	34357                           @ DW_AT_decl_line
	.short	1072                            @ DW_AT_data_member_location
	.byte	15                              @ Abbrev [15] 0x305:0xe DW_TAG_member
	.long	.Linfo_string50                 @ DW_AT_name
	.long	1983                            @ DW_AT_type
	.byte	4                               @ DW_AT_decl_file
	.short	34358                           @ DW_AT_decl_line
	.short	1076                            @ DW_AT_data_member_location
	.byte	15                              @ Abbrev [15] 0x313:0xe DW_TAG_member
	.long	.Linfo_string51                 @ DW_AT_name
	.long	1978                            @ DW_AT_type
	.byte	4                               @ DW_AT_decl_file
	.short	34359                           @ DW_AT_decl_line
	.short	1088                            @ DW_AT_data_member_location
	.byte	15                              @ Abbrev [15] 0x321:0xe DW_TAG_member
	.long	.Linfo_string52                 @ DW_AT_name
	.long	1983                            @ DW_AT_type
	.byte	4                               @ DW_AT_decl_file
	.short	34360                           @ DW_AT_decl_line
	.short	1092                            @ DW_AT_data_member_location
	.byte	15                              @ Abbrev [15] 0x32f:0xe DW_TAG_member
	.long	.Linfo_string53                 @ DW_AT_name
	.long	1978                            @ DW_AT_type
	.byte	4                               @ DW_AT_decl_file
	.short	34361                           @ DW_AT_decl_line
	.short	1104                            @ DW_AT_data_member_location
	.byte	15                              @ Abbrev [15] 0x33d:0xe DW_TAG_member
	.long	.Linfo_string54                 @ DW_AT_name
	.long	1983                            @ DW_AT_type
	.byte	4                               @ DW_AT_decl_file
	.short	34362                           @ DW_AT_decl_line
	.short	1108                            @ DW_AT_data_member_location
	.byte	15                              @ Abbrev [15] 0x34b:0xe DW_TAG_member
	.long	.Linfo_string55                 @ DW_AT_name
	.long	1978                            @ DW_AT_type
	.byte	4                               @ DW_AT_decl_file
	.short	34363                           @ DW_AT_decl_line
	.short	1120                            @ DW_AT_data_member_location
	.byte	15                              @ Abbrev [15] 0x359:0xe DW_TAG_member
	.long	.Linfo_string56                 @ DW_AT_name
	.long	1983                            @ DW_AT_type
	.byte	4                               @ DW_AT_decl_file
	.short	34364                           @ DW_AT_decl_line
	.short	1124                            @ DW_AT_data_member_location
	.byte	15                              @ Abbrev [15] 0x367:0xe DW_TAG_member
	.long	.Linfo_string57                 @ DW_AT_name
	.long	1978                            @ DW_AT_type
	.byte	4                               @ DW_AT_decl_file
	.short	34365                           @ DW_AT_decl_line
	.short	1136                            @ DW_AT_data_member_location
	.byte	15                              @ Abbrev [15] 0x375:0xe DW_TAG_member
	.long	.Linfo_string58                 @ DW_AT_name
	.long	1983                            @ DW_AT_type
	.byte	4                               @ DW_AT_decl_file
	.short	34366                           @ DW_AT_decl_line
	.short	1140                            @ DW_AT_data_member_location
	.byte	15                              @ Abbrev [15] 0x383:0xe DW_TAG_member
	.long	.Linfo_string59                 @ DW_AT_name
	.long	1978                            @ DW_AT_type
	.byte	4                               @ DW_AT_decl_file
	.short	34367                           @ DW_AT_decl_line
	.short	1152                            @ DW_AT_data_member_location
	.byte	15                              @ Abbrev [15] 0x391:0xe DW_TAG_member
	.long	.Linfo_string60                 @ DW_AT_name
	.long	1983                            @ DW_AT_type
	.byte	4                               @ DW_AT_decl_file
	.short	34368                           @ DW_AT_decl_line
	.short	1156                            @ DW_AT_data_member_location
	.byte	15                              @ Abbrev [15] 0x39f:0xe DW_TAG_member
	.long	.Linfo_string61                 @ DW_AT_name
	.long	1978                            @ DW_AT_type
	.byte	4                               @ DW_AT_decl_file
	.short	34369                           @ DW_AT_decl_line
	.short	1168                            @ DW_AT_data_member_location
	.byte	15                              @ Abbrev [15] 0x3ad:0xe DW_TAG_member
	.long	.Linfo_string62                 @ DW_AT_name
	.long	1983                            @ DW_AT_type
	.byte	4                               @ DW_AT_decl_file
	.short	34370                           @ DW_AT_decl_line
	.short	1172                            @ DW_AT_data_member_location
	.byte	15                              @ Abbrev [15] 0x3bb:0xe DW_TAG_member
	.long	.Linfo_string63                 @ DW_AT_name
	.long	1978                            @ DW_AT_type
	.byte	4                               @ DW_AT_decl_file
	.short	34371                           @ DW_AT_decl_line
	.short	1184                            @ DW_AT_data_member_location
	.byte	15                              @ Abbrev [15] 0x3c9:0xe DW_TAG_member
	.long	.Linfo_string64                 @ DW_AT_name
	.long	1983                            @ DW_AT_type
	.byte	4                               @ DW_AT_decl_file
	.short	34372                           @ DW_AT_decl_line
	.short	1188                            @ DW_AT_data_member_location
	.byte	15                              @ Abbrev [15] 0x3d7:0xe DW_TAG_member
	.long	.Linfo_string65                 @ DW_AT_name
	.long	1978                            @ DW_AT_type
	.byte	4                               @ DW_AT_decl_file
	.short	34373                           @ DW_AT_decl_line
	.short	1200                            @ DW_AT_data_member_location
	.byte	15                              @ Abbrev [15] 0x3e5:0xe DW_TAG_member
	.long	.Linfo_string66                 @ DW_AT_name
	.long	1983                            @ DW_AT_type
	.byte	4                               @ DW_AT_decl_file
	.short	34374                           @ DW_AT_decl_line
	.short	1204                            @ DW_AT_data_member_location
	.byte	15                              @ Abbrev [15] 0x3f3:0xe DW_TAG_member
	.long	.Linfo_string67                 @ DW_AT_name
	.long	1978                            @ DW_AT_type
	.byte	4                               @ DW_AT_decl_file
	.short	34375                           @ DW_AT_decl_line
	.short	1216                            @ DW_AT_data_member_location
	.byte	15                              @ Abbrev [15] 0x401:0xe DW_TAG_member
	.long	.Linfo_string68                 @ DW_AT_name
	.long	1983                            @ DW_AT_type
	.byte	4                               @ DW_AT_decl_file
	.short	34376                           @ DW_AT_decl_line
	.short	1220                            @ DW_AT_data_member_location
	.byte	15                              @ Abbrev [15] 0x40f:0xe DW_TAG_member
	.long	.Linfo_string69                 @ DW_AT_name
	.long	1978                            @ DW_AT_type
	.byte	4                               @ DW_AT_decl_file
	.short	34377                           @ DW_AT_decl_line
	.short	1232                            @ DW_AT_data_member_location
	.byte	15                              @ Abbrev [15] 0x41d:0xe DW_TAG_member
	.long	.Linfo_string70                 @ DW_AT_name
	.long	1983                            @ DW_AT_type
	.byte	4                               @ DW_AT_decl_file
	.short	34378                           @ DW_AT_decl_line
	.short	1236                            @ DW_AT_data_member_location
	.byte	15                              @ Abbrev [15] 0x42b:0xe DW_TAG_member
	.long	.Linfo_string71                 @ DW_AT_name
	.long	1978                            @ DW_AT_type
	.byte	4                               @ DW_AT_decl_file
	.short	34379                           @ DW_AT_decl_line
	.short	1248                            @ DW_AT_data_member_location
	.byte	15                              @ Abbrev [15] 0x439:0xe DW_TAG_member
	.long	.Linfo_string72                 @ DW_AT_name
	.long	1983                            @ DW_AT_type
	.byte	4                               @ DW_AT_decl_file
	.short	34380                           @ DW_AT_decl_line
	.short	1252                            @ DW_AT_data_member_location
	.byte	15                              @ Abbrev [15] 0x447:0xe DW_TAG_member
	.long	.Linfo_string73                 @ DW_AT_name
	.long	1978                            @ DW_AT_type
	.byte	4                               @ DW_AT_decl_file
	.short	34381                           @ DW_AT_decl_line
	.short	1264                            @ DW_AT_data_member_location
	.byte	15                              @ Abbrev [15] 0x455:0xe DW_TAG_member
	.long	.Linfo_string74                 @ DW_AT_name
	.long	2048                            @ DW_AT_type
	.byte	4                               @ DW_AT_decl_file
	.short	34382                           @ DW_AT_decl_line
	.short	1268                            @ DW_AT_data_member_location
	.byte	15                              @ Abbrev [15] 0x463:0xe DW_TAG_member
	.long	.Linfo_string75                 @ DW_AT_name
	.long	1978                            @ DW_AT_type
	.byte	4                               @ DW_AT_decl_file
	.short	34383                           @ DW_AT_decl_line
	.short	1408                            @ DW_AT_data_member_location
	.byte	15                              @ Abbrev [15] 0x471:0xe DW_TAG_member
	.long	.Linfo_string76                 @ DW_AT_name
	.long	1983                            @ DW_AT_type
	.byte	4                               @ DW_AT_decl_file
	.short	34384                           @ DW_AT_decl_line
	.short	1412                            @ DW_AT_data_member_location
	.byte	15                              @ Abbrev [15] 0x47f:0xe DW_TAG_member
	.long	.Linfo_string77                 @ DW_AT_name
	.long	1978                            @ DW_AT_type
	.byte	4                               @ DW_AT_decl_file
	.short	34385                           @ DW_AT_decl_line
	.short	1424                            @ DW_AT_data_member_location
	.byte	15                              @ Abbrev [15] 0x48d:0xe DW_TAG_member
	.long	.Linfo_string78                 @ DW_AT_name
	.long	1983                            @ DW_AT_type
	.byte	4                               @ DW_AT_decl_file
	.short	34386                           @ DW_AT_decl_line
	.short	1428                            @ DW_AT_data_member_location
	.byte	15                              @ Abbrev [15] 0x49b:0xe DW_TAG_member
	.long	.Linfo_string79                 @ DW_AT_name
	.long	1978                            @ DW_AT_type
	.byte	4                               @ DW_AT_decl_file
	.short	34387                           @ DW_AT_decl_line
	.short	1440                            @ DW_AT_data_member_location
	.byte	15                              @ Abbrev [15] 0x4a9:0xe DW_TAG_member
	.long	.Linfo_string80                 @ DW_AT_name
	.long	1983                            @ DW_AT_type
	.byte	4                               @ DW_AT_decl_file
	.short	34388                           @ DW_AT_decl_line
	.short	1444                            @ DW_AT_data_member_location
	.byte	15                              @ Abbrev [15] 0x4b7:0xe DW_TAG_member
	.long	.Linfo_string81                 @ DW_AT_name
	.long	1978                            @ DW_AT_type
	.byte	4                               @ DW_AT_decl_file
	.short	34389                           @ DW_AT_decl_line
	.short	1456                            @ DW_AT_data_member_location
	.byte	15                              @ Abbrev [15] 0x4c5:0xe DW_TAG_member
	.long	.Linfo_string82                 @ DW_AT_name
	.long	1983                            @ DW_AT_type
	.byte	4                               @ DW_AT_decl_file
	.short	34390                           @ DW_AT_decl_line
	.short	1460                            @ DW_AT_data_member_location
	.byte	15                              @ Abbrev [15] 0x4d3:0xe DW_TAG_member
	.long	.Linfo_string83                 @ DW_AT_name
	.long	1978                            @ DW_AT_type
	.byte	4                               @ DW_AT_decl_file
	.short	34391                           @ DW_AT_decl_line
	.short	1472                            @ DW_AT_data_member_location
	.byte	15                              @ Abbrev [15] 0x4e1:0xe DW_TAG_member
	.long	.Linfo_string84                 @ DW_AT_name
	.long	1983                            @ DW_AT_type
	.byte	4                               @ DW_AT_decl_file
	.short	34392                           @ DW_AT_decl_line
	.short	1476                            @ DW_AT_data_member_location
	.byte	15                              @ Abbrev [15] 0x4ef:0xe DW_TAG_member
	.long	.Linfo_string85                 @ DW_AT_name
	.long	1978                            @ DW_AT_type
	.byte	4                               @ DW_AT_decl_file
	.short	34393                           @ DW_AT_decl_line
	.short	1488                            @ DW_AT_data_member_location
	.byte	15                              @ Abbrev [15] 0x4fd:0xe DW_TAG_member
	.long	.Linfo_string86                 @ DW_AT_name
	.long	1983                            @ DW_AT_type
	.byte	4                               @ DW_AT_decl_file
	.short	34394                           @ DW_AT_decl_line
	.short	1492                            @ DW_AT_data_member_location
	.byte	15                              @ Abbrev [15] 0x50b:0xe DW_TAG_member
	.long	.Linfo_string87                 @ DW_AT_name
	.long	1978                            @ DW_AT_type
	.byte	4                               @ DW_AT_decl_file
	.short	34395                           @ DW_AT_decl_line
	.short	1504                            @ DW_AT_data_member_location
	.byte	15                              @ Abbrev [15] 0x519:0xe DW_TAG_member
	.long	.Linfo_string88                 @ DW_AT_name
	.long	1983                            @ DW_AT_type
	.byte	4                               @ DW_AT_decl_file
	.short	34396                           @ DW_AT_decl_line
	.short	1508                            @ DW_AT_data_member_location
	.byte	15                              @ Abbrev [15] 0x527:0xe DW_TAG_member
	.long	.Linfo_string89                 @ DW_AT_name
	.long	1978                            @ DW_AT_type
	.byte	4                               @ DW_AT_decl_file
	.short	34397                           @ DW_AT_decl_line
	.short	1520                            @ DW_AT_data_member_location
	.byte	15                              @ Abbrev [15] 0x535:0xe DW_TAG_member
	.long	.Linfo_string90                 @ DW_AT_name
	.long	1983                            @ DW_AT_type
	.byte	4                               @ DW_AT_decl_file
	.short	34398                           @ DW_AT_decl_line
	.short	1524                            @ DW_AT_data_member_location
	.byte	15                              @ Abbrev [15] 0x543:0xe DW_TAG_member
	.long	.Linfo_string91                 @ DW_AT_name
	.long	1978                            @ DW_AT_type
	.byte	4                               @ DW_AT_decl_file
	.short	34399                           @ DW_AT_decl_line
	.short	1536                            @ DW_AT_data_member_location
	.byte	15                              @ Abbrev [15] 0x551:0xe DW_TAG_member
	.long	.Linfo_string92                 @ DW_AT_name
	.long	1983                            @ DW_AT_type
	.byte	4                               @ DW_AT_decl_file
	.short	34400                           @ DW_AT_decl_line
	.short	1540                            @ DW_AT_data_member_location
	.byte	15                              @ Abbrev [15] 0x55f:0xe DW_TAG_member
	.long	.Linfo_string93                 @ DW_AT_name
	.long	1978                            @ DW_AT_type
	.byte	4                               @ DW_AT_decl_file
	.short	34401                           @ DW_AT_decl_line
	.short	1552                            @ DW_AT_data_member_location
	.byte	15                              @ Abbrev [15] 0x56d:0xe DW_TAG_member
	.long	.Linfo_string94                 @ DW_AT_name
	.long	1983                            @ DW_AT_type
	.byte	4                               @ DW_AT_decl_file
	.short	34402                           @ DW_AT_decl_line
	.short	1556                            @ DW_AT_data_member_location
	.byte	15                              @ Abbrev [15] 0x57b:0xe DW_TAG_member
	.long	.Linfo_string95                 @ DW_AT_name
	.long	1978                            @ DW_AT_type
	.byte	4                               @ DW_AT_decl_file
	.short	34403                           @ DW_AT_decl_line
	.short	1568                            @ DW_AT_data_member_location
	.byte	15                              @ Abbrev [15] 0x589:0xe DW_TAG_member
	.long	.Linfo_string96                 @ DW_AT_name
	.long	1983                            @ DW_AT_type
	.byte	4                               @ DW_AT_decl_file
	.short	34404                           @ DW_AT_decl_line
	.short	1572                            @ DW_AT_data_member_location
	.byte	15                              @ Abbrev [15] 0x597:0xe DW_TAG_member
	.long	.Linfo_string97                 @ DW_AT_name
	.long	1978                            @ DW_AT_type
	.byte	4                               @ DW_AT_decl_file
	.short	34405                           @ DW_AT_decl_line
	.short	1584                            @ DW_AT_data_member_location
	.byte	15                              @ Abbrev [15] 0x5a5:0xe DW_TAG_member
	.long	.Linfo_string98                 @ DW_AT_name
	.long	1983                            @ DW_AT_type
	.byte	4                               @ DW_AT_decl_file
	.short	34406                           @ DW_AT_decl_line
	.short	1588                            @ DW_AT_data_member_location
	.byte	15                              @ Abbrev [15] 0x5b3:0xe DW_TAG_member
	.long	.Linfo_string99                 @ DW_AT_name
	.long	1978                            @ DW_AT_type
	.byte	4                               @ DW_AT_decl_file
	.short	34407                           @ DW_AT_decl_line
	.short	1600                            @ DW_AT_data_member_location
	.byte	15                              @ Abbrev [15] 0x5c1:0xe DW_TAG_member
	.long	.Linfo_string100                @ DW_AT_name
	.long	2060                            @ DW_AT_type
	.byte	4                               @ DW_AT_decl_file
	.short	34408                           @ DW_AT_decl_line
	.short	1604                            @ DW_AT_data_member_location
	.byte	15                              @ Abbrev [15] 0x5cf:0xe DW_TAG_member
	.long	.Linfo_string101                @ DW_AT_name
	.long	1978                            @ DW_AT_type
	.byte	4                               @ DW_AT_decl_file
	.short	34409                           @ DW_AT_decl_line
	.short	1632                            @ DW_AT_data_member_location
	.byte	15                              @ Abbrev [15] 0x5dd:0xe DW_TAG_member
	.long	.Linfo_string102                @ DW_AT_name
	.long	1983                            @ DW_AT_type
	.byte	4                               @ DW_AT_decl_file
	.short	34410                           @ DW_AT_decl_line
	.short	1636                            @ DW_AT_data_member_location
	.byte	15                              @ Abbrev [15] 0x5eb:0xe DW_TAG_member
	.long	.Linfo_string103                @ DW_AT_name
	.long	1978                            @ DW_AT_type
	.byte	4                               @ DW_AT_decl_file
	.short	34411                           @ DW_AT_decl_line
	.short	1648                            @ DW_AT_data_member_location
	.byte	15                              @ Abbrev [15] 0x5f9:0xe DW_TAG_member
	.long	.Linfo_string104                @ DW_AT_name
	.long	1983                            @ DW_AT_type
	.byte	4                               @ DW_AT_decl_file
	.short	34412                           @ DW_AT_decl_line
	.short	1652                            @ DW_AT_data_member_location
	.byte	15                              @ Abbrev [15] 0x607:0xe DW_TAG_member
	.long	.Linfo_string105                @ DW_AT_name
	.long	1978                            @ DW_AT_type
	.byte	4                               @ DW_AT_decl_file
	.short	34413                           @ DW_AT_decl_line
	.short	1664                            @ DW_AT_data_member_location
	.byte	15                              @ Abbrev [15] 0x615:0xe DW_TAG_member
	.long	.Linfo_string106                @ DW_AT_name
	.long	1983                            @ DW_AT_type
	.byte	4                               @ DW_AT_decl_file
	.short	34414                           @ DW_AT_decl_line
	.short	1668                            @ DW_AT_data_member_location
	.byte	15                              @ Abbrev [15] 0x623:0xe DW_TAG_member
	.long	.Linfo_string107                @ DW_AT_name
	.long	1978                            @ DW_AT_type
	.byte	4                               @ DW_AT_decl_file
	.short	34415                           @ DW_AT_decl_line
	.short	1680                            @ DW_AT_data_member_location
	.byte	15                              @ Abbrev [15] 0x631:0xe DW_TAG_member
	.long	.Linfo_string108                @ DW_AT_name
	.long	1983                            @ DW_AT_type
	.byte	4                               @ DW_AT_decl_file
	.short	34416                           @ DW_AT_decl_line
	.short	1684                            @ DW_AT_data_member_location
	.byte	15                              @ Abbrev [15] 0x63f:0xe DW_TAG_member
	.long	.Linfo_string109                @ DW_AT_name
	.long	1978                            @ DW_AT_type
	.byte	4                               @ DW_AT_decl_file
	.short	34417                           @ DW_AT_decl_line
	.short	1696                            @ DW_AT_data_member_location
	.byte	15                              @ Abbrev [15] 0x64d:0xe DW_TAG_member
	.long	.Linfo_string110                @ DW_AT_name
	.long	1983                            @ DW_AT_type
	.byte	4                               @ DW_AT_decl_file
	.short	34418                           @ DW_AT_decl_line
	.short	1700                            @ DW_AT_data_member_location
	.byte	15                              @ Abbrev [15] 0x65b:0xe DW_TAG_member
	.long	.Linfo_string111                @ DW_AT_name
	.long	1978                            @ DW_AT_type
	.byte	4                               @ DW_AT_decl_file
	.short	34419                           @ DW_AT_decl_line
	.short	1712                            @ DW_AT_data_member_location
	.byte	15                              @ Abbrev [15] 0x669:0xe DW_TAG_member
	.long	.Linfo_string112                @ DW_AT_name
	.long	1983                            @ DW_AT_type
	.byte	4                               @ DW_AT_decl_file
	.short	34420                           @ DW_AT_decl_line
	.short	1716                            @ DW_AT_data_member_location
	.byte	15                              @ Abbrev [15] 0x677:0xe DW_TAG_member
	.long	.Linfo_string113                @ DW_AT_name
	.long	1978                            @ DW_AT_type
	.byte	4                               @ DW_AT_decl_file
	.short	34421                           @ DW_AT_decl_line
	.short	1728                            @ DW_AT_data_member_location
	.byte	15                              @ Abbrev [15] 0x685:0xe DW_TAG_member
	.long	.Linfo_string114                @ DW_AT_name
	.long	1983                            @ DW_AT_type
	.byte	4                               @ DW_AT_decl_file
	.short	34422                           @ DW_AT_decl_line
	.short	1732                            @ DW_AT_data_member_location
	.byte	15                              @ Abbrev [15] 0x693:0xe DW_TAG_member
	.long	.Linfo_string115                @ DW_AT_name
	.long	1978                            @ DW_AT_type
	.byte	4                               @ DW_AT_decl_file
	.short	34423                           @ DW_AT_decl_line
	.short	1744                            @ DW_AT_data_member_location
	.byte	15                              @ Abbrev [15] 0x6a1:0xe DW_TAG_member
	.long	.Linfo_string116                @ DW_AT_name
	.long	1983                            @ DW_AT_type
	.byte	4                               @ DW_AT_decl_file
	.short	34424                           @ DW_AT_decl_line
	.short	1748                            @ DW_AT_data_member_location
	.byte	15                              @ Abbrev [15] 0x6af:0xe DW_TAG_member
	.long	.Linfo_string117                @ DW_AT_name
	.long	1978                            @ DW_AT_type
	.byte	4                               @ DW_AT_decl_file
	.short	34425                           @ DW_AT_decl_line
	.short	1760                            @ DW_AT_data_member_location
	.byte	15                              @ Abbrev [15] 0x6bd:0xe DW_TAG_member
	.long	.Linfo_string118                @ DW_AT_name
	.long	1983                            @ DW_AT_type
	.byte	4                               @ DW_AT_decl_file
	.short	34426                           @ DW_AT_decl_line
	.short	1764                            @ DW_AT_data_member_location
	.byte	15                              @ Abbrev [15] 0x6cb:0xe DW_TAG_member
	.long	.Linfo_string119                @ DW_AT_name
	.long	1978                            @ DW_AT_type
	.byte	4                               @ DW_AT_decl_file
	.short	34427                           @ DW_AT_decl_line
	.short	1776                            @ DW_AT_data_member_location
	.byte	15                              @ Abbrev [15] 0x6d9:0xe DW_TAG_member
	.long	.Linfo_string120                @ DW_AT_name
	.long	2072                            @ DW_AT_type
	.byte	4                               @ DW_AT_decl_file
	.short	34428                           @ DW_AT_decl_line
	.short	1780                            @ DW_AT_data_member_location
	.byte	15                              @ Abbrev [15] 0x6e7:0xe DW_TAG_member
	.long	.Linfo_string121                @ DW_AT_name
	.long	1978                            @ DW_AT_type
	.byte	4                               @ DW_AT_decl_file
	.short	34429                           @ DW_AT_decl_line
	.short	2176                            @ DW_AT_data_member_location
	.byte	15                              @ Abbrev [15] 0x6f5:0xe DW_TAG_member
	.long	.Linfo_string122                @ DW_AT_name
	.long	1983                            @ DW_AT_type
	.byte	4                               @ DW_AT_decl_file
	.short	34430                           @ DW_AT_decl_line
	.short	2180                            @ DW_AT_data_member_location
	.byte	15                              @ Abbrev [15] 0x703:0xe DW_TAG_member
	.long	.Linfo_string123                @ DW_AT_name
	.long	1978                            @ DW_AT_type
	.byte	4                               @ DW_AT_decl_file
	.short	34431                           @ DW_AT_decl_line
	.short	2192                            @ DW_AT_data_member_location
	.byte	15                              @ Abbrev [15] 0x711:0xe DW_TAG_member
	.long	.Linfo_string124                @ DW_AT_name
	.long	1983                            @ DW_AT_type
	.byte	4                               @ DW_AT_decl_file
	.short	34432                           @ DW_AT_decl_line
	.short	2196                            @ DW_AT_data_member_location
	.byte	15                              @ Abbrev [15] 0x71f:0xe DW_TAG_member
	.long	.Linfo_string125                @ DW_AT_name
	.long	1978                            @ DW_AT_type
	.byte	4                               @ DW_AT_decl_file
	.short	34433                           @ DW_AT_decl_line
	.short	2208                            @ DW_AT_data_member_location
	.byte	15                              @ Abbrev [15] 0x72d:0xe DW_TAG_member
	.long	.Linfo_string126                @ DW_AT_name
	.long	1983                            @ DW_AT_type
	.byte	4                               @ DW_AT_decl_file
	.short	34434                           @ DW_AT_decl_line
	.short	2212                            @ DW_AT_data_member_location
	.byte	15                              @ Abbrev [15] 0x73b:0xe DW_TAG_member
	.long	.Linfo_string127                @ DW_AT_name
	.long	1978                            @ DW_AT_type
	.byte	4                               @ DW_AT_decl_file
	.short	34435                           @ DW_AT_decl_line
	.short	2224                            @ DW_AT_data_member_location
	.byte	15                              @ Abbrev [15] 0x749:0xe DW_TAG_member
	.long	.Linfo_string128                @ DW_AT_name
	.long	1983                            @ DW_AT_type
	.byte	4                               @ DW_AT_decl_file
	.short	34436                           @ DW_AT_decl_line
	.short	2228                            @ DW_AT_data_member_location
	.byte	15                              @ Abbrev [15] 0x757:0xe DW_TAG_member
	.long	.Linfo_string129                @ DW_AT_name
	.long	1978                            @ DW_AT_type
	.byte	4                               @ DW_AT_decl_file
	.short	34437                           @ DW_AT_decl_line
	.short	2240                            @ DW_AT_data_member_location
	.byte	15                              @ Abbrev [15] 0x765:0xe DW_TAG_member
	.long	.Linfo_string130                @ DW_AT_name
	.long	1983                            @ DW_AT_type
	.byte	4                               @ DW_AT_decl_file
	.short	34438                           @ DW_AT_decl_line
	.short	2244                            @ DW_AT_data_member_location
	.byte	15                              @ Abbrev [15] 0x773:0xe DW_TAG_member
	.long	.Linfo_string131                @ DW_AT_name
	.long	1978                            @ DW_AT_type
	.byte	4                               @ DW_AT_decl_file
	.short	34439                           @ DW_AT_decl_line
	.short	2256                            @ DW_AT_data_member_location
	.byte	15                              @ Abbrev [15] 0x781:0xe DW_TAG_member
	.long	.Linfo_string132                @ DW_AT_name
	.long	1983                            @ DW_AT_type
	.byte	4                               @ DW_AT_decl_file
	.short	34440                           @ DW_AT_decl_line
	.short	2260                            @ DW_AT_data_member_location
	.byte	15                              @ Abbrev [15] 0x78f:0xe DW_TAG_member
	.long	.Linfo_string133                @ DW_AT_name
	.long	1978                            @ DW_AT_type
	.byte	4                               @ DW_AT_decl_file
	.short	34441                           @ DW_AT_decl_line
	.short	2272                            @ DW_AT_data_member_location
	.byte	15                              @ Abbrev [15] 0x79d:0xe DW_TAG_member
	.long	.Linfo_string134                @ DW_AT_name
	.long	1983                            @ DW_AT_type
	.byte	4                               @ DW_AT_decl_file
	.short	34442                           @ DW_AT_decl_line
	.short	2276                            @ DW_AT_data_member_location
	.byte	15                              @ Abbrev [15] 0x7ab:0xe DW_TAG_member
	.long	.Linfo_string135                @ DW_AT_name
	.long	1978                            @ DW_AT_type
	.byte	4                               @ DW_AT_decl_file
	.short	34443                           @ DW_AT_decl_line
	.short	2288                            @ DW_AT_data_member_location
	.byte	0                               @ End Of Children Mark
	.byte	16                              @ Abbrev [16] 0x7ba:0x5 DW_TAG_volatile_type
	.long	333                             @ DW_AT_type
	.byte	3                               @ Abbrev [3] 0x7bf:0xc DW_TAG_array_type
	.long	1995                            @ DW_AT_type
	.byte	4                               @ Abbrev [4] 0x7c4:0x6 DW_TAG_subrange_type
	.long	70                              @ DW_AT_type
	.byte	12                              @ DW_AT_count
	.byte	0                               @ End Of Children Mark
	.byte	8                               @ Abbrev [8] 0x7cb:0xb DW_TAG_typedef
	.long	326                             @ DW_AT_type
	.long	.Linfo_string25                 @ DW_AT_name
	.byte	2                               @ DW_AT_decl_file
	.byte	62                              @ DW_AT_decl_line
	.byte	3                               @ Abbrev [3] 0x7d6:0xc DW_TAG_array_type
	.long	1995                            @ DW_AT_type
	.byte	4                               @ Abbrev [4] 0x7db:0x6 DW_TAG_subrange_type
	.long	70                              @ DW_AT_type
	.byte	32                              @ DW_AT_count
	.byte	0                               @ End Of Children Mark
	.byte	17                              @ Abbrev [17] 0x7e2:0x5 DW_TAG_const_type
	.long	1978                            @ DW_AT_type
	.byte	3                               @ Abbrev [3] 0x7e7:0xc DW_TAG_array_type
	.long	1995                            @ DW_AT_type
	.byte	4                               @ Abbrev [4] 0x7ec:0x6 DW_TAG_subrange_type
	.long	70                              @ DW_AT_type
	.byte	108                             @ DW_AT_count
	.byte	0                               @ End Of Children Mark
	.byte	3                               @ Abbrev [3] 0x7f3:0xd DW_TAG_array_type
	.long	1995                            @ DW_AT_type
	.byte	18                              @ Abbrev [18] 0x7f8:0x7 DW_TAG_subrange_type
	.long	70                              @ DW_AT_type
	.short	764                             @ DW_AT_count
	.byte	0                               @ End Of Children Mark
	.byte	3                               @ Abbrev [3] 0x800:0xc DW_TAG_array_type
	.long	1995                            @ DW_AT_type
	.byte	4                               @ Abbrev [4] 0x805:0x6 DW_TAG_subrange_type
	.long	70                              @ DW_AT_type
	.byte	140                             @ DW_AT_count
	.byte	0                               @ End Of Children Mark
	.byte	3                               @ Abbrev [3] 0x80c:0xc DW_TAG_array_type
	.long	1995                            @ DW_AT_type
	.byte	4                               @ Abbrev [4] 0x811:0x6 DW_TAG_subrange_type
	.long	70                              @ DW_AT_type
	.byte	28                              @ DW_AT_count
	.byte	0                               @ End Of Children Mark
	.byte	3                               @ Abbrev [3] 0x818:0xd DW_TAG_array_type
	.long	1995                            @ DW_AT_type
	.byte	18                              @ Abbrev [18] 0x81d:0x7 DW_TAG_subrange_type
	.long	70                              @ DW_AT_type
	.short	396                             @ DW_AT_count
	.byte	0                               @ End Of Children Mark
	.byte	19                              @ Abbrev [19] 0x825:0x58 DW_TAG_subprogram
	.long	.Lfunc_begin0                   @ DW_AT_low_pc
	.long	.Lfunc_end0-.Lfunc_begin0       @ DW_AT_high_pc
	.byte	1                               @ DW_AT_frame_base
	.byte	93
	.long	.Linfo_string137                @ DW_AT_name
	.byte	1                               @ DW_AT_decl_file
	.byte	53                              @ DW_AT_decl_line
                                        @ DW_AT_prototyped
                                        @ DW_AT_external
	.byte	20                              @ Abbrev [20] 0x836:0xe DW_TAG_formal_parameter
	.byte	2                               @ DW_AT_location
	.byte	145
	.byte	20
	.long	.Linfo_string142                @ DW_AT_name
	.byte	1                               @ DW_AT_decl_file
	.byte	53                              @ DW_AT_decl_line
	.long	2389                            @ DW_AT_type
	.byte	20                              @ Abbrev [20] 0x844:0xe DW_TAG_formal_parameter
	.byte	2                               @ DW_AT_location
	.byte	145
	.byte	16
	.long	.Linfo_string156                @ DW_AT_name
	.byte	1                               @ DW_AT_decl_file
	.byte	53                              @ DW_AT_decl_line
	.long	2633                            @ DW_AT_type
	.byte	21                              @ Abbrev [21] 0x852:0xe DW_TAG_variable
	.byte	2                               @ DW_AT_location
	.byte	145
	.byte	12
	.long	.Linfo_string167                @ DW_AT_name
	.byte	1                               @ DW_AT_decl_file
	.byte	57                              @ DW_AT_decl_line
	.long	333                             @ DW_AT_type
	.byte	21                              @ Abbrev [21] 0x860:0xe DW_TAG_variable
	.byte	2                               @ DW_AT_location
	.byte	145
	.byte	8
	.long	.Linfo_string168                @ DW_AT_name
	.byte	1                               @ DW_AT_decl_file
	.byte	58                              @ DW_AT_decl_line
	.long	333                             @ DW_AT_type
	.byte	21                              @ Abbrev [21] 0x86e:0xe DW_TAG_variable
	.byte	2                               @ DW_AT_location
	.byte	145
	.byte	4
	.long	.Linfo_string169                @ DW_AT_name
	.byte	1                               @ DW_AT_decl_file
	.byte	59                              @ DW_AT_decl_line
	.long	219                             @ DW_AT_type
	.byte	0                               @ End Of Children Mark
	.byte	19                              @ Abbrev [19] 0x87d:0x58 DW_TAG_subprogram
	.long	.Lfunc_begin1                   @ DW_AT_low_pc
	.long	.Lfunc_end1-.Lfunc_begin1       @ DW_AT_high_pc
	.byte	1                               @ DW_AT_frame_base
	.byte	93
	.long	.Linfo_string138                @ DW_AT_name
	.byte	1                               @ DW_AT_decl_file
	.byte	160                             @ DW_AT_decl_line
                                        @ DW_AT_prototyped
                                        @ DW_AT_external
	.byte	20                              @ Abbrev [20] 0x88e:0xe DW_TAG_formal_parameter
	.byte	2                               @ DW_AT_location
	.byte	145
	.byte	20
	.long	.Linfo_string142                @ DW_AT_name
	.byte	1                               @ DW_AT_decl_file
	.byte	160                             @ DW_AT_decl_line
	.long	2389                            @ DW_AT_type
	.byte	20                              @ Abbrev [20] 0x89c:0xe DW_TAG_formal_parameter
	.byte	2                               @ DW_AT_location
	.byte	145
	.byte	19
	.long	.Linfo_string170                @ DW_AT_name
	.byte	1                               @ DW_AT_decl_file
	.byte	160                             @ DW_AT_decl_line
	.long	2729                            @ DW_AT_type
	.byte	20                              @ Abbrev [20] 0x8aa:0xe DW_TAG_formal_parameter
	.byte	2                               @ DW_AT_location
	.byte	145
	.byte	18
	.long	.Linfo_string171                @ DW_AT_name
	.byte	1                               @ DW_AT_decl_file
	.byte	160                             @ DW_AT_decl_line
	.long	2747                            @ DW_AT_type
	.byte	21                              @ Abbrev [21] 0x8b8:0xe DW_TAG_variable
	.byte	2                               @ DW_AT_location
	.byte	145
	.byte	12
	.long	.Linfo_string173                @ DW_AT_name
	.byte	1                               @ DW_AT_decl_file
	.byte	168                             @ DW_AT_decl_line
	.long	219                             @ DW_AT_type
	.byte	21                              @ Abbrev [21] 0x8c6:0xe DW_TAG_variable
	.byte	2                               @ DW_AT_location
	.byte	145
	.byte	8
	.long	.Linfo_string174                @ DW_AT_name
	.byte	1                               @ DW_AT_decl_file
	.byte	169                             @ DW_AT_decl_line
	.long	333                             @ DW_AT_type
	.byte	0                               @ End Of Children Mark
	.byte	19                              @ Abbrev [19] 0x8d5:0x20 DW_TAG_subprogram
	.long	.Lfunc_begin2                   @ DW_AT_low_pc
	.long	.Lfunc_end2-.Lfunc_begin2       @ DW_AT_high_pc
	.byte	1                               @ DW_AT_frame_base
	.byte	93
	.long	.Linfo_string139                @ DW_AT_name
	.byte	1                               @ DW_AT_decl_file
	.byte	92                              @ DW_AT_decl_line
                                        @ DW_AT_prototyped
                                        @ DW_AT_external
	.byte	20                              @ Abbrev [20] 0x8e6:0xe DW_TAG_formal_parameter
	.byte	2                               @ DW_AT_location
	.byte	145
	.byte	0
	.long	.Linfo_string142                @ DW_AT_name
	.byte	1                               @ DW_AT_decl_file
	.byte	92                              @ DW_AT_decl_line
	.long	2389                            @ DW_AT_type
	.byte	0                               @ End Of Children Mark
	.byte	19                              @ Abbrev [19] 0x8f5:0x20 DW_TAG_subprogram
	.long	.Lfunc_begin3                   @ DW_AT_low_pc
	.long	.Lfunc_end3-.Lfunc_begin3       @ DW_AT_high_pc
	.byte	1                               @ DW_AT_frame_base
	.byte	93
	.long	.Linfo_string140                @ DW_AT_name
	.byte	1                               @ DW_AT_decl_file
	.byte	109                             @ DW_AT_decl_line
                                        @ DW_AT_prototyped
                                        @ DW_AT_external
	.byte	20                              @ Abbrev [20] 0x906:0xe DW_TAG_formal_parameter
	.byte	2                               @ DW_AT_location
	.byte	145
	.byte	4
	.long	.Linfo_string156                @ DW_AT_name
	.byte	1                               @ DW_AT_decl_file
	.byte	109                             @ DW_AT_decl_line
	.long	2758                            @ DW_AT_type
	.byte	0                               @ End Of Children Mark
	.byte	22                              @ Abbrev [22] 0x915:0x40 DW_TAG_subprogram
	.long	.Lfunc_begin4                   @ DW_AT_low_pc
	.long	.Lfunc_end4-.Lfunc_begin4       @ DW_AT_high_pc
	.byte	1                               @ DW_AT_frame_base
	.byte	93
	.long	.Linfo_string141                @ DW_AT_name
	.byte	1                               @ DW_AT_decl_file
	.byte	132                             @ DW_AT_decl_line
                                        @ DW_AT_prototyped
	.long	271                             @ DW_AT_type
                                        @ DW_AT_external
	.byte	20                              @ Abbrev [20] 0x92a:0xe DW_TAG_formal_parameter
	.byte	2                               @ DW_AT_location
	.byte	145
	.byte	12
	.long	.Linfo_string142                @ DW_AT_name
	.byte	1                               @ DW_AT_decl_file
	.byte	132                             @ DW_AT_decl_line
	.long	2389                            @ DW_AT_type
	.byte	21                              @ Abbrev [21] 0x938:0xe DW_TAG_variable
	.byte	2                               @ DW_AT_location
	.byte	145
	.byte	8
	.long	.Linfo_string175                @ DW_AT_name
	.byte	1                               @ DW_AT_decl_file
	.byte	137                             @ DW_AT_decl_line
	.long	333                             @ DW_AT_type
	.byte	21                              @ Abbrev [21] 0x946:0xe DW_TAG_variable
	.byte	2                               @ DW_AT_location
	.byte	145
	.byte	4
	.long	.Linfo_string176                @ DW_AT_name
	.byte	1                               @ DW_AT_decl_file
	.byte	138                             @ DW_AT_decl_line
	.long	271                             @ DW_AT_type
	.byte	0                               @ End Of Children Mark
	.byte	11                              @ Abbrev [11] 0x955:0x5 DW_TAG_pointer_type
	.long	2394                            @ DW_AT_type
	.byte	12                              @ Abbrev [12] 0x95a:0xc DW_TAG_typedef
	.long	2406                            @ DW_AT_type
	.long	.Linfo_string155                @ DW_AT_name
	.byte	4                               @ DW_AT_decl_file
	.short	45558                           @ DW_AT_decl_line
	.byte	13                              @ Abbrev [13] 0x966:0xca DW_TAG_structure_type
	.short	672                             @ DW_AT_byte_size
	.byte	4                               @ DW_AT_decl_file
	.short	45543                           @ DW_AT_decl_line
	.byte	14                              @ Abbrev [14] 0x96c:0xd DW_TAG_member
	.long	.Linfo_string24                 @ DW_AT_name
	.long	2608                            @ DW_AT_type
	.byte	4                               @ DW_AT_decl_file
	.short	45544                           @ DW_AT_decl_line
	.byte	0                               @ DW_AT_data_member_location
	.byte	15                              @ Abbrev [15] 0x979:0xe DW_TAG_member
	.long	.Linfo_string143                @ DW_AT_name
	.long	1978                            @ DW_AT_type
	.byte	4                               @ DW_AT_decl_file
	.short	45545                           @ DW_AT_decl_line
	.short	384                             @ DW_AT_data_member_location
	.byte	15                              @ Abbrev [15] 0x987:0xe DW_TAG_member
	.long	.Linfo_string144                @ DW_AT_name
	.long	1978                            @ DW_AT_type
	.byte	4                               @ DW_AT_decl_file
	.short	45546                           @ DW_AT_decl_line
	.short	388                             @ DW_AT_data_member_location
	.byte	15                              @ Abbrev [15] 0x995:0xe DW_TAG_member
	.long	.Linfo_string145                @ DW_AT_name
	.long	1978                            @ DW_AT_type
	.byte	4                               @ DW_AT_decl_file
	.short	45547                           @ DW_AT_decl_line
	.short	392                             @ DW_AT_data_member_location
	.byte	15                              @ Abbrev [15] 0x9a3:0xe DW_TAG_member
	.long	.Linfo_string146                @ DW_AT_name
	.long	1978                            @ DW_AT_type
	.byte	4                               @ DW_AT_decl_file
	.short	45548                           @ DW_AT_decl_line
	.short	396                             @ DW_AT_data_member_location
	.byte	15                              @ Abbrev [15] 0x9b1:0xe DW_TAG_member
	.long	.Linfo_string147                @ DW_AT_name
	.long	1978                            @ DW_AT_type
	.byte	4                               @ DW_AT_decl_file
	.short	45549                           @ DW_AT_decl_line
	.short	400                             @ DW_AT_data_member_location
	.byte	15                              @ Abbrev [15] 0x9bf:0xe DW_TAG_member
	.long	.Linfo_string148                @ DW_AT_name
	.long	1978                            @ DW_AT_type
	.byte	4                               @ DW_AT_decl_file
	.short	45550                           @ DW_AT_decl_line
	.short	404                             @ DW_AT_data_member_location
	.byte	15                              @ Abbrev [15] 0x9cd:0xe DW_TAG_member
	.long	.Linfo_string149                @ DW_AT_name
	.long	1978                            @ DW_AT_type
	.byte	4                               @ DW_AT_decl_file
	.short	45551                           @ DW_AT_decl_line
	.short	408                             @ DW_AT_data_member_location
	.byte	15                              @ Abbrev [15] 0x9db:0xe DW_TAG_member
	.long	.Linfo_string150                @ DW_AT_name
	.long	1978                            @ DW_AT_type
	.byte	4                               @ DW_AT_decl_file
	.short	45552                           @ DW_AT_decl_line
	.short	412                             @ DW_AT_data_member_location
	.byte	15                              @ Abbrev [15] 0x9e9:0xe DW_TAG_member
	.long	.Linfo_string27                 @ DW_AT_name
	.long	2621                            @ DW_AT_type
	.byte	4                               @ DW_AT_decl_file
	.short	45553                           @ DW_AT_decl_line
	.short	416                             @ DW_AT_data_member_location
	.byte	15                              @ Abbrev [15] 0x9f7:0xe DW_TAG_member
	.long	.Linfo_string151                @ DW_AT_name
	.long	1978                            @ DW_AT_type
	.byte	4                               @ DW_AT_decl_file
	.short	45554                           @ DW_AT_decl_line
	.short	656                             @ DW_AT_data_member_location
	.byte	15                              @ Abbrev [15] 0xa05:0xe DW_TAG_member
	.long	.Linfo_string152                @ DW_AT_name
	.long	1978                            @ DW_AT_type
	.byte	4                               @ DW_AT_decl_file
	.short	45555                           @ DW_AT_decl_line
	.short	660                             @ DW_AT_data_member_location
	.byte	15                              @ Abbrev [15] 0xa13:0xe DW_TAG_member
	.long	.Linfo_string153                @ DW_AT_name
	.long	1978                            @ DW_AT_type
	.byte	4                               @ DW_AT_decl_file
	.short	45556                           @ DW_AT_decl_line
	.short	664                             @ DW_AT_data_member_location
	.byte	15                              @ Abbrev [15] 0xa21:0xe DW_TAG_member
	.long	.Linfo_string154                @ DW_AT_name
	.long	1978                            @ DW_AT_type
	.byte	4                               @ DW_AT_decl_file
	.short	45557                           @ DW_AT_decl_line
	.short	668                             @ DW_AT_data_member_location
	.byte	0                               @ End Of Children Mark
	.byte	3                               @ Abbrev [3] 0xa30:0xd DW_TAG_array_type
	.long	1995                            @ DW_AT_type
	.byte	18                              @ Abbrev [18] 0xa35:0x7 DW_TAG_subrange_type
	.long	70                              @ DW_AT_type
	.short	384                             @ DW_AT_count
	.byte	0                               @ End Of Children Mark
	.byte	3                               @ Abbrev [3] 0xa3d:0xc DW_TAG_array_type
	.long	1995                            @ DW_AT_type
	.byte	4                               @ Abbrev [4] 0xa42:0x6 DW_TAG_subrange_type
	.long	70                              @ DW_AT_type
	.byte	240                             @ DW_AT_count
	.byte	0                               @ End Of Children Mark
	.byte	11                              @ Abbrev [11] 0xa49:0x5 DW_TAG_pointer_type
	.long	2638                            @ DW_AT_type
	.byte	17                              @ Abbrev [17] 0xa4e:0x5 DW_TAG_const_type
	.long	2643                            @ DW_AT_type
	.byte	8                               @ Abbrev [8] 0xa53:0xb DW_TAG_typedef
	.long	2654                            @ DW_AT_type
	.long	.Linfo_string166                @ DW_AT_name
	.byte	3                               @ DW_AT_decl_file
	.byte	37                              @ DW_AT_decl_line
	.byte	23                              @ Abbrev [23] 0xa5e:0x39 DW_TAG_structure_type
	.long	.Linfo_string165                @ DW_AT_name
	.byte	6                               @ DW_AT_byte_size
	.byte	3                               @ DW_AT_decl_file
	.byte	31                              @ DW_AT_decl_line
	.byte	24                              @ Abbrev [24] 0xa66:0xc DW_TAG_member
	.long	.Linfo_string157                @ DW_AT_name
	.long	2711                            @ DW_AT_type
	.byte	3                               @ DW_AT_decl_file
	.byte	33                              @ DW_AT_decl_line
	.byte	0                               @ DW_AT_data_member_location
	.byte	24                              @ Abbrev [24] 0xa72:0xc DW_TAG_member
	.long	.Linfo_string160                @ DW_AT_name
	.long	2729                            @ DW_AT_type
	.byte	3                               @ DW_AT_decl_file
	.byte	34                              @ DW_AT_decl_line
	.byte	2                               @ DW_AT_data_member_location
	.byte	24                              @ Abbrev [24] 0xa7e:0xc DW_TAG_member
	.long	.Linfo_string163                @ DW_AT_name
	.long	2729                            @ DW_AT_type
	.byte	3                               @ DW_AT_decl_file
	.byte	35                              @ DW_AT_decl_line
	.byte	3                               @ DW_AT_data_member_location
	.byte	24                              @ Abbrev [24] 0xa8a:0xc DW_TAG_member
	.long	.Linfo_string164                @ DW_AT_name
	.long	2729                            @ DW_AT_type
	.byte	3                               @ DW_AT_decl_file
	.byte	36                              @ DW_AT_decl_line
	.byte	4                               @ DW_AT_data_member_location
	.byte	0                               @ End Of Children Mark
	.byte	8                               @ Abbrev [8] 0xa97:0xb DW_TAG_typedef
	.long	2722                            @ DW_AT_type
	.long	.Linfo_string159                @ DW_AT_name
	.byte	2                               @ DW_AT_decl_file
	.byte	63                              @ DW_AT_decl_line
	.byte	5                               @ Abbrev [5] 0xaa2:0x7 DW_TAG_base_type
	.long	.Linfo_string158                @ DW_AT_name
	.byte	7                               @ DW_AT_encoding
	.byte	2                               @ DW_AT_byte_size
	.byte	8                               @ Abbrev [8] 0xaa9:0xb DW_TAG_typedef
	.long	2740                            @ DW_AT_type
	.long	.Linfo_string162                @ DW_AT_name
	.byte	2                               @ DW_AT_decl_file
	.byte	56                              @ DW_AT_decl_line
	.byte	5                               @ Abbrev [5] 0xab4:0x7 DW_TAG_base_type
	.long	.Linfo_string161                @ DW_AT_name
	.byte	6                               @ DW_AT_encoding
	.byte	1                               @ DW_AT_byte_size
	.byte	8                               @ Abbrev [8] 0xabb:0xb DW_TAG_typedef
	.long	295                             @ DW_AT_type
	.long	.Linfo_string172                @ DW_AT_name
	.byte	3                               @ DW_AT_decl_file
	.byte	45                              @ DW_AT_decl_line
	.byte	11                              @ Abbrev [11] 0xac6:0x5 DW_TAG_pointer_type
	.long	2643                            @ DW_AT_type
	.byte	0                               @ End Of Children Mark
.Ldebug_info_end0:
	.section	.debug_ranges,"",%progbits
.Ldebug_ranges0:
	.long	.Lfunc_begin0
	.long	.Lfunc_end0
	.long	.Lfunc_begin1
	.long	.Lfunc_end1
	.long	.Lfunc_begin2
	.long	.Lfunc_end2
	.long	.Lfunc_begin3
	.long	.Lfunc_end3
	.long	.Lfunc_begin4
	.long	.Lfunc_end4
	.long	0
	.long	0
	.section	.debug_str,"MS",%progbits,1
.Linfo_string0:
	.asciz	"Component: Arm Compiler for Embedded 6.19 Tool: armclang [5e73cb00]" @ string offset=0
.Linfo_string1:
	.asciz	"../../libraries/sdk/drives\\fsl_tempmon.c" @ string offset=68
.Linfo_string2:
	.asciz	"E:\\FILE_SMART_CAR\\\346\231\272\350\203\275\350\247\206\350\247\211\\RT1064_Library-master\\RT1064_Library-master\\SeekFree_RT1064_Opensource_Library\\project\\mdk" @ string offset=109
.Linfo_string3:
	.asciz	"char"                          @ string offset=231
.Linfo_string4:
	.asciz	"__ARRAY_SIZE_TYPE__"           @ string offset=236
.Linfo_string5:
	.asciz	"s_hotTemp"                     @ string offset=256
.Linfo_string6:
	.asciz	"int"                           @ string offset=266
.Linfo_string7:
	.asciz	"int32_t"                       @ string offset=270
.Linfo_string8:
	.asciz	"s_hotCount"                    @ string offset=278
.Linfo_string9:
	.asciz	"s_hotT_ROOM"                   @ string offset=289
.Linfo_string10:
	.asciz	"float"                         @ string offset=301
.Linfo_string11:
	.asciz	"s_roomC_hotC"                  @ string offset=307
.Linfo_string12:
	.asciz	"unsigned char"                 @ string offset=320
.Linfo_string13:
	.asciz	"kTEMPMON_HighAlarmMode"        @ string offset=334
.Linfo_string14:
	.asciz	"kTEMPMON_PanicAlarmMode"       @ string offset=357
.Linfo_string15:
	.asciz	"kTEMPMON_LowAlarmMode"         @ string offset=381
.Linfo_string16:
	.asciz	"_tempmon_alarm_mode"           @ string offset=403
.Linfo_string17:
	.asciz	"unsigned int"                  @ string offset=423
.Linfo_string18:
	.asciz	"uint32_t"                      @ string offset=436
.Linfo_string19:
	.asciz	"CTRL"                          @ string offset=445
.Linfo_string20:
	.asciz	"CTRL_SET"                      @ string offset=450
.Linfo_string21:
	.asciz	"CTRL_CLR"                      @ string offset=459
.Linfo_string22:
	.asciz	"CTRL_TOG"                      @ string offset=468
.Linfo_string23:
	.asciz	"TIMING"                        @ string offset=477
.Linfo_string24:
	.asciz	"RESERVED_0"                    @ string offset=484
.Linfo_string25:
	.asciz	"uint8_t"                       @ string offset=495
.Linfo_string26:
	.asciz	"DATA"                          @ string offset=503
.Linfo_string27:
	.asciz	"RESERVED_1"                    @ string offset=508
.Linfo_string28:
	.asciz	"READ_CTRL"                     @ string offset=519
.Linfo_string29:
	.asciz	"RESERVED_2"                    @ string offset=529
.Linfo_string30:
	.asciz	"READ_FUSE_DATA"                @ string offset=540
.Linfo_string31:
	.asciz	"RESERVED_3"                    @ string offset=555
.Linfo_string32:
	.asciz	"SW_STICKY"                     @ string offset=566
.Linfo_string33:
	.asciz	"RESERVED_4"                    @ string offset=576
.Linfo_string34:
	.asciz	"SCS"                           @ string offset=587
.Linfo_string35:
	.asciz	"SCS_SET"                       @ string offset=591
.Linfo_string36:
	.asciz	"SCS_CLR"                       @ string offset=599
.Linfo_string37:
	.asciz	"SCS_TOG"                       @ string offset=607
.Linfo_string38:
	.asciz	"RESERVED_5"                    @ string offset=615
.Linfo_string39:
	.asciz	"VERSION"                       @ string offset=626
.Linfo_string40:
	.asciz	"RESERVED_6"                    @ string offset=634
.Linfo_string41:
	.asciz	"TIMING2"                       @ string offset=645
.Linfo_string42:
	.asciz	"RESERVED_7"                    @ string offset=653
.Linfo_string43:
	.asciz	"LOCK"                          @ string offset=664
.Linfo_string44:
	.asciz	"RESERVED_8"                    @ string offset=669
.Linfo_string45:
	.asciz	"CFG0"                          @ string offset=680
.Linfo_string46:
	.asciz	"RESERVED_9"                    @ string offset=685
.Linfo_string47:
	.asciz	"CFG1"                          @ string offset=696
.Linfo_string48:
	.asciz	"RESERVED_10"                   @ string offset=701
.Linfo_string49:
	.asciz	"CFG2"                          @ string offset=713
.Linfo_string50:
	.asciz	"RESERVED_11"                   @ string offset=718
.Linfo_string51:
	.asciz	"CFG3"                          @ string offset=730
.Linfo_string52:
	.asciz	"RESERVED_12"                   @ string offset=735
.Linfo_string53:
	.asciz	"CFG4"                          @ string offset=747
.Linfo_string54:
	.asciz	"RESERVED_13"                   @ string offset=752
.Linfo_string55:
	.asciz	"CFG5"                          @ string offset=764
.Linfo_string56:
	.asciz	"RESERVED_14"                   @ string offset=769
.Linfo_string57:
	.asciz	"CFG6"                          @ string offset=781
.Linfo_string58:
	.asciz	"RESERVED_15"                   @ string offset=786
.Linfo_string59:
	.asciz	"MEM0"                          @ string offset=798
.Linfo_string60:
	.asciz	"RESERVED_16"                   @ string offset=803
.Linfo_string61:
	.asciz	"MEM1"                          @ string offset=815
.Linfo_string62:
	.asciz	"RESERVED_17"                   @ string offset=820
.Linfo_string63:
	.asciz	"MEM2"                          @ string offset=832
.Linfo_string64:
	.asciz	"RESERVED_18"                   @ string offset=837
.Linfo_string65:
	.asciz	"MEM3"                          @ string offset=849
.Linfo_string66:
	.asciz	"RESERVED_19"                   @ string offset=854
.Linfo_string67:
	.asciz	"MEM4"                          @ string offset=866
.Linfo_string68:
	.asciz	"RESERVED_20"                   @ string offset=871
.Linfo_string69:
	.asciz	"ANA0"                          @ string offset=883
.Linfo_string70:
	.asciz	"RESERVED_21"                   @ string offset=888
.Linfo_string71:
	.asciz	"ANA1"                          @ string offset=900
.Linfo_string72:
	.asciz	"RESERVED_22"                   @ string offset=905
.Linfo_string73:
	.asciz	"ANA2"                          @ string offset=917
.Linfo_string74:
	.asciz	"RESERVED_23"                   @ string offset=922
.Linfo_string75:
	.asciz	"SRK0"                          @ string offset=934
.Linfo_string76:
	.asciz	"RESERVED_24"                   @ string offset=939
.Linfo_string77:
	.asciz	"SRK1"                          @ string offset=951
.Linfo_string78:
	.asciz	"RESERVED_25"                   @ string offset=956
.Linfo_string79:
	.asciz	"SRK2"                          @ string offset=968
.Linfo_string80:
	.asciz	"RESERVED_26"                   @ string offset=973
.Linfo_string81:
	.asciz	"SRK3"                          @ string offset=985
.Linfo_string82:
	.asciz	"RESERVED_27"                   @ string offset=990
.Linfo_string83:
	.asciz	"SRK4"                          @ string offset=1002
.Linfo_string84:
	.asciz	"RESERVED_28"                   @ string offset=1007
.Linfo_string85:
	.asciz	"SRK5"                          @ string offset=1019
.Linfo_string86:
	.asciz	"RESERVED_29"                   @ string offset=1024
.Linfo_string87:
	.asciz	"SRK6"                          @ string offset=1036
.Linfo_string88:
	.asciz	"RESERVED_30"                   @ string offset=1041
.Linfo_string89:
	.asciz	"SRK7"                          @ string offset=1053
.Linfo_string90:
	.asciz	"RESERVED_31"                   @ string offset=1058
.Linfo_string91:
	.asciz	"SJC_RESP0"                     @ string offset=1070
.Linfo_string92:
	.asciz	"RESERVED_32"                   @ string offset=1080
.Linfo_string93:
	.asciz	"SJC_RESP1"                     @ string offset=1092
.Linfo_string94:
	.asciz	"RESERVED_33"                   @ string offset=1102
.Linfo_string95:
	.asciz	"MAC0"                          @ string offset=1114
.Linfo_string96:
	.asciz	"RESERVED_34"                   @ string offset=1119
.Linfo_string97:
	.asciz	"MAC1"                          @ string offset=1131
.Linfo_string98:
	.asciz	"RESERVED_35"                   @ string offset=1136
.Linfo_string99:
	.asciz	"MAC2"                          @ string offset=1148
.Linfo_string100:
	.asciz	"RESERVED_36"                   @ string offset=1153
.Linfo_string101:
	.asciz	"GP1"                           @ string offset=1165
.Linfo_string102:
	.asciz	"RESERVED_37"                   @ string offset=1169
.Linfo_string103:
	.asciz	"GP2"                           @ string offset=1181
.Linfo_string104:
	.asciz	"RESERVED_38"                   @ string offset=1185
.Linfo_string105:
	.asciz	"SW_GP1"                        @ string offset=1197
.Linfo_string106:
	.asciz	"RESERVED_39"                   @ string offset=1204
.Linfo_string107:
	.asciz	"SW_GP20"                       @ string offset=1216
.Linfo_string108:
	.asciz	"RESERVED_40"                   @ string offset=1224
.Linfo_string109:
	.asciz	"SW_GP21"                       @ string offset=1236
.Linfo_string110:
	.asciz	"RESERVED_41"                   @ string offset=1244
.Linfo_string111:
	.asciz	"SW_GP22"                       @ string offset=1256
.Linfo_string112:
	.asciz	"RESERVED_42"                   @ string offset=1264
.Linfo_string113:
	.asciz	"SW_GP23"                       @ string offset=1276
.Linfo_string114:
	.asciz	"RESERVED_43"                   @ string offset=1284
.Linfo_string115:
	.asciz	"MISC_CONF0"                    @ string offset=1296
.Linfo_string116:
	.asciz	"RESERVED_44"                   @ string offset=1307
.Linfo_string117:
	.asciz	"MISC_CONF1"                    @ string offset=1319
.Linfo_string118:
	.asciz	"RESERVED_45"                   @ string offset=1330
.Linfo_string119:
	.asciz	"SRK_REVOKE"                    @ string offset=1342
.Linfo_string120:
	.asciz	"RESERVED_46"                   @ string offset=1353
.Linfo_string121:
	.asciz	"GP30"                          @ string offset=1365
.Linfo_string122:
	.asciz	"RESERVED_47"                   @ string offset=1370
.Linfo_string123:
	.asciz	"GP31"                          @ string offset=1382
.Linfo_string124:
	.asciz	"RESERVED_48"                   @ string offset=1387
.Linfo_string125:
	.asciz	"GP32"                          @ string offset=1399
.Linfo_string126:
	.asciz	"RESERVED_49"                   @ string offset=1404
.Linfo_string127:
	.asciz	"GP33"                          @ string offset=1416
.Linfo_string128:
	.asciz	"RESERVED_50"                   @ string offset=1421
.Linfo_string129:
	.asciz	"GP40"                          @ string offset=1433
.Linfo_string130:
	.asciz	"RESERVED_51"                   @ string offset=1438
.Linfo_string131:
	.asciz	"GP41"                          @ string offset=1450
.Linfo_string132:
	.asciz	"RESERVED_52"                   @ string offset=1455
.Linfo_string133:
	.asciz	"GP42"                          @ string offset=1467
.Linfo_string134:
	.asciz	"RESERVED_53"                   @ string offset=1472
.Linfo_string135:
	.asciz	"GP43"                          @ string offset=1484
.Linfo_string136:
	.asciz	"OCOTP_Type"                    @ string offset=1489
.Linfo_string137:
	.asciz	"TEMPMON_Init"                  @ string offset=1500
.Linfo_string138:
	.asciz	"TEMPMON_SetTempAlarm"          @ string offset=1513
.Linfo_string139:
	.asciz	"TEMPMON_Deinit"                @ string offset=1534
.Linfo_string140:
	.asciz	"TEMPMON_GetDefaultConfig"      @ string offset=1549
.Linfo_string141:
	.asciz	"TEMPMON_GetCurrentTemperature" @ string offset=1574
.Linfo_string142:
	.asciz	"base"                          @ string offset=1604
.Linfo_string143:
	.asciz	"TEMPSENSE0"                    @ string offset=1609
.Linfo_string144:
	.asciz	"TEMPSENSE0_SET"                @ string offset=1620
.Linfo_string145:
	.asciz	"TEMPSENSE0_CLR"                @ string offset=1635
.Linfo_string146:
	.asciz	"TEMPSENSE0_TOG"                @ string offset=1650
.Linfo_string147:
	.asciz	"TEMPSENSE1"                    @ string offset=1665
.Linfo_string148:
	.asciz	"TEMPSENSE1_SET"                @ string offset=1676
.Linfo_string149:
	.asciz	"TEMPSENSE1_CLR"                @ string offset=1691
.Linfo_string150:
	.asciz	"TEMPSENSE1_TOG"                @ string offset=1706
.Linfo_string151:
	.asciz	"TEMPSENSE2"                    @ string offset=1721
.Linfo_string152:
	.asciz	"TEMPSENSE2_SET"                @ string offset=1732
.Linfo_string153:
	.asciz	"TEMPSENSE2_CLR"                @ string offset=1747
.Linfo_string154:
	.asciz	"TEMPSENSE2_TOG"                @ string offset=1762
.Linfo_string155:
	.asciz	"TEMPMON_Type"                  @ string offset=1777
.Linfo_string156:
	.asciz	"config"                        @ string offset=1790
.Linfo_string157:
	.asciz	"frequency"                     @ string offset=1797
.Linfo_string158:
	.asciz	"unsigned short"                @ string offset=1807
.Linfo_string159:
	.asciz	"uint16_t"                      @ string offset=1822
.Linfo_string160:
	.asciz	"highAlarmTemp"                 @ string offset=1831
.Linfo_string161:
	.asciz	"signed char"                   @ string offset=1845
.Linfo_string162:
	.asciz	"int8_t"                        @ string offset=1857
.Linfo_string163:
	.asciz	"panicAlarmTemp"                @ string offset=1864
.Linfo_string164:
	.asciz	"lowAlarmTemp"                  @ string offset=1879
.Linfo_string165:
	.asciz	"_tempmon_config"               @ string offset=1892
.Linfo_string166:
	.asciz	"tempmon_config_t"              @ string offset=1908
.Linfo_string167:
	.asciz	"calibrationData"               @ string offset=1925
.Linfo_string168:
	.asciz	"tmpU32"                        @ string offset=1941
.Linfo_string169:
	.asciz	"roomCount"                     @ string offset=1948
.Linfo_string170:
	.asciz	"tempVal"                       @ string offset=1958
.Linfo_string171:
	.asciz	"alarmMode"                     @ string offset=1966
.Linfo_string172:
	.asciz	"tempmon_alarm_mode"            @ string offset=1976
.Linfo_string173:
	.asciz	"tempCodeVal"                   @ string offset=1995
.Linfo_string174:
	.asciz	"tempRegVal"                    @ string offset=2007
.Linfo_string175:
	.asciz	"nmeas"                         @ string offset=2018
.Linfo_string176:
	.asciz	"tmeas"                         @ string offset=2024
	.ident	"Component: Arm Compiler for Embedded 6.19 Tool: armclang [5e73cb00]"
	.section	".note.GNU-stack","",%progbits
	.eabi_attribute	30, 6	@ Tag_ABI_optimization_goals
	.ARM_attribute	16, 1	@ Tag_AV_eba
	.section	.debug_line,"",%progbits
.Lline_table_start0:
