	.text
	.syntax unified
	.eabi_attribute	67, "2.09"	@ Tag_conformance
	.cpu	cortex-m7
	.eabi_attribute	6, 13	@ Tag_CPU_arch
	.eabi_attribute	7, 77	@ Tag_CPU_arch_profile
	.eabi_attribute	8, 0	@ Tag_ARM_ISA_use
	.eabi_attribute	9, 2	@ Tag_THUMB_ISA_use
	.fpu	fpv5-d16
	.eabi_attribute	36, 1	@ Tag_FP_HP_extension
	.eabi_attribute	34, 1	@ Tag_CPU_unaligned_access
	.eabi_attribute	17, 1	@ Tag_ABI_PCS_GOT_use
	.eabi_attribute	20, 2	@ Tag_ABI_FP_denormal
	.eabi_attribute	21, 0	@ Tag_ABI_FP_exceptions
	.eabi_attribute	23, 1	@ Tag_ABI_FP_number_model
	.eabi_attribute	24, 1	@ Tag_ABI_align_needed
	.eabi_attribute	25, 1	@ Tag_ABI_align_preserved
	.eabi_attribute	28, 1	@ Tag_ABI_VFP_args
	.eabi_attribute	38, 1	@ Tag_ABI_FP_16bit_format
	.eabi_attribute	18, 2	@ Tag_ABI_PCS_wchar_t
	.eabi_attribute	26, 1	@ Tag_ABI_enum_size
	.eabi_attribute	14, 0	@ Tag_ABI_PCS_R9_use
	.file	"fsl_flexio_spi_edma.c"
	.file	1 "E:\\FILE_SMART_CAR\\\346\231\272\350\203\275\350\247\206\350\247\211\\RT1064_Library-master\\RT1064_Library-master\\SeekFree_RT1064_Opensource_Library\\project\\mdk" "../../libraries/sdk/drives/fsl_flexio_spi_edma.c"
	.file	2 "D:\\KEIL\\ARM\\ARMCLANG\\Bin\\..\\include" "stdint.h"
	.file	3 "E:\\FILE_SMART_CAR\\\346\231\272\350\203\275\350\247\206\350\247\211\\RT1064_Library-master\\RT1064_Library-master\\SeekFree_RT1064_Opensource_Library\\project\\mdk" "../../libraries/sdk/deceive/MIMXRT1064.h"
	.file	4 "E:\\FILE_SMART_CAR\\\346\231\272\350\203\275\350\247\206\350\247\211\\RT1064_Library-master\\RT1064_Library-master\\SeekFree_RT1064_Opensource_Library\\project\\mdk" "../../libraries/sdk/drives/fsl_flexio_spi.h"
	.file	5 "D:\\KEIL\\ARM\\ARMCLANG\\Bin\\..\\include" "string.h"
	.file	6 "E:\\FILE_SMART_CAR\\\346\231\272\350\203\275\350\247\206\350\247\211\\RT1064_Library-master\\RT1064_Library-master\\SeekFree_RT1064_Opensource_Library\\project\\mdk" "../../libraries/sdk/drives/fsl_flexio_spi_edma.h"
	.file	7 "E:\\FILE_SMART_CAR\\\346\231\272\350\203\275\350\247\206\350\247\211\\RT1064_Library-master\\RT1064_Library-master\\SeekFree_RT1064_Opensource_Library\\project\\mdk" "../../libraries/sdk/drives/fsl_edma.h"
	.file	8 "E:\\FILE_SMART_CAR\\\346\231\272\350\203\275\350\247\206\350\247\211\\RT1064_Library-master\\RT1064_Library-master\\SeekFree_RT1064_Opensource_Library\\project\\mdk" "../../libraries/sdk/drives/fsl_common.h"
	.file	9 "E:\\FILE_SMART_CAR\\\346\231\272\350\203\275\350\247\206\350\247\211\\RT1064_Library-master\\RT1064_Library-master\\SeekFree_RT1064_Opensource_Library\\project\\mdk" "../../libraries/sdk/drives/fsl_flexio.h"
	.section	.text.FLEXIO_SPI_MasterTransferCreateHandleEDMA,"ax",%progbits
	.hidden	FLEXIO_SPI_MasterTransferCreateHandleEDMA @ -- Begin function FLEXIO_SPI_MasterTransferCreateHandleEDMA
	.globl	FLEXIO_SPI_MasterTransferCreateHandleEDMA
	.p2align	3
	.type	FLEXIO_SPI_MasterTransferCreateHandleEDMA,%function
	.code	16                              @ @FLEXIO_SPI_MasterTransferCreateHandleEDMA
	.thumb_func
FLEXIO_SPI_MasterTransferCreateHandleEDMA:
.Lfunc_begin0:
	.loc	1 296 0                         @ ../../libraries/sdk/drives/fsl_flexio_spi_edma.c:296:0
	.fnstart
	.cfi_sections .debug_frame
	.cfi_startproc
@ %bb.0:
	.save	{r7, lr}
	push	{r7, lr}
	.cfi_def_cfa_offset 8
	.cfi_offset lr, -4
	.cfi_offset r7, -8
	.pad	#24
	sub	sp, #24
	.cfi_def_cfa_offset 32
	ldr.w	r12, [sp, #36]
	ldr.w	r12, [sp, #32]
	str	r0, [sp, #16]
	str	r1, [sp, #12]
	str	r2, [sp, #8]
	str	r3, [sp, #4]
.Ltmp0:
	.loc	1 297 5 prologue_end            @ ../../libraries/sdk/drives/fsl_flexio_spi_edma.c:297:5
	ldr	r0, [sp, #12]
	cbz	r0, .LBB0_2
	b	.LBB0_1
.LBB0_1:
	b	.LBB0_3
.LBB0_2:
	movw	r0, :lower16:.L.str
	movt	r0, :upper16:.L.str
	movw	r1, :lower16:.L.str.1
	movt	r1, :upper16:.L.str.1
	movw	r2, #297
	bl	__aeabi_assert
.LBB0_3:
	.loc	1 0 5 is_stmt 0                 @ ../../libraries/sdk/drives/fsl_flexio_spi_edma.c:0:5
	movs	r0, #0
	.loc	1 299 13 is_stmt 1              @ ../../libraries/sdk/drives/fsl_flexio_spi_edma.c:299:13
	strb.w	r0, [sp, #3]
.Ltmp1:
	.loc	1 302 16                        @ ../../libraries/sdk/drives/fsl_flexio_spi_edma.c:302:16
	strb.w	r0, [sp, #3]
	.loc	1 302 10 is_stmt 0              @ ../../libraries/sdk/drives/fsl_flexio_spi_edma.c:302:10
	b	.LBB0_4
.LBB0_4:                                @ =>This Inner Loop Header: Depth=1
.Ltmp2:
	.loc	1 302 22                        @ ../../libraries/sdk/drives/fsl_flexio_spi_edma.c:302:22
	ldrb.w	r0, [sp, #3]
.Ltmp3:
	.loc	1 302 5                         @ ../../libraries/sdk/drives/fsl_flexio_spi_edma.c:302:5
	cmp	r0, #1
	bgt	.LBB0_9
	b	.LBB0_5
.LBB0_5:                                @   in Loop: Header=BB0_4 Depth=1
.Ltmp4:
	.loc	1 304 33 is_stmt 1              @ ../../libraries/sdk/drives/fsl_flexio_spi_edma.c:304:33
	ldrb.w	r1, [sp, #3]
	.loc	1 304 13 is_stmt 0              @ ../../libraries/sdk/drives/fsl_flexio_spi_edma.c:304:13
	movw	r0, :lower16:s_edmaPrivateHandle
	movt	r0, :upper16:s_edmaPrivateHandle
	.loc	1 304 40                        @ ../../libraries/sdk/drives/fsl_flexio_spi_edma.c:304:40
	ldr.w	r0, [r0, r1, lsl #3]
.Ltmp5:
	.loc	1 304 13                        @ ../../libraries/sdk/drives/fsl_flexio_spi_edma.c:304:13
	cbnz	r0, .LBB0_7
	b	.LBB0_6
.LBB0_6:
.Ltmp6:
	.loc	1 306 49 is_stmt 1              @ ../../libraries/sdk/drives/fsl_flexio_spi_edma.c:306:49
	ldr	r0, [sp, #16]
	.loc	1 306 33 is_stmt 0              @ ../../libraries/sdk/drives/fsl_flexio_spi_edma.c:306:33
	ldrb.w	r2, [sp, #3]
	.loc	1 306 13                        @ ../../libraries/sdk/drives/fsl_flexio_spi_edma.c:306:13
	movw	r1, :lower16:s_edmaPrivateHandle
	movt	r1, :upper16:s_edmaPrivateHandle
	.loc	1 306 47                        @ ../../libraries/sdk/drives/fsl_flexio_spi_edma.c:306:47
	str.w	r0, [r1, r2, lsl #3]
	.loc	1 307 49 is_stmt 1              @ ../../libraries/sdk/drives/fsl_flexio_spi_edma.c:307:49
	ldr	r0, [sp, #12]
	.loc	1 307 33 is_stmt 0              @ ../../libraries/sdk/drives/fsl_flexio_spi_edma.c:307:33
	ldrb.w	r2, [sp, #3]
	.loc	1 307 13                        @ ../../libraries/sdk/drives/fsl_flexio_spi_edma.c:307:13
	add.w	r1, r1, r2, lsl #3
	.loc	1 307 47                        @ ../../libraries/sdk/drives/fsl_flexio_spi_edma.c:307:47
	str	r0, [r1, #4]
	.loc	1 308 13 is_stmt 1              @ ../../libraries/sdk/drives/fsl_flexio_spi_edma.c:308:13
	b	.LBB0_9
.Ltmp7:
.LBB0_7:                                @   in Loop: Header=BB0_4 Depth=1
	.loc	1 310 5                         @ ../../libraries/sdk/drives/fsl_flexio_spi_edma.c:310:5
	b	.LBB0_8
.Ltmp8:
.LBB0_8:                                @   in Loop: Header=BB0_4 Depth=1
	.loc	1 302 69                        @ ../../libraries/sdk/drives/fsl_flexio_spi_edma.c:302:69
	ldrb.w	r0, [sp, #3]
	adds	r0, #1
	strb.w	r0, [sp, #3]
	.loc	1 302 5 is_stmt 0               @ ../../libraries/sdk/drives/fsl_flexio_spi_edma.c:302:5
	b	.LBB0_4
.Ltmp9:
.LBB0_9:
	.loc	1 312 9 is_stmt 1               @ ../../libraries/sdk/drives/fsl_flexio_spi_edma.c:312:9
	ldrb.w	r0, [sp, #3]
.Ltmp10:
	.loc	1 312 9 is_stmt 0               @ ../../libraries/sdk/drives/fsl_flexio_spi_edma.c:312:9
	cmp	r0, #2
	bne	.LBB0_11
	b	.LBB0_10
.LBB0_10:
	.loc	1 0 9                           @ ../../libraries/sdk/drives/fsl_flexio_spi_edma.c:0:9
	movs	r0, #3
.Ltmp11:
	.loc	1 314 9 is_stmt 1               @ ../../libraries/sdk/drives/fsl_flexio_spi_edma.c:314:9
	str	r0, [sp, #20]
	b	.LBB0_16
.Ltmp12:
.LBB0_11:
	.loc	1 318 24                        @ ../../libraries/sdk/drives/fsl_flexio_spi_edma.c:318:24
	ldr	r0, [sp, #32]
	.loc	1 318 5 is_stmt 0               @ ../../libraries/sdk/drives/fsl_flexio_spi_edma.c:318:5
	ldr	r1, [sp, #12]
	.loc	1 318 22                        @ ../../libraries/sdk/drives/fsl_flexio_spi_edma.c:318:22
	str	r0, [r1, #8]
	.loc	1 319 24 is_stmt 1              @ ../../libraries/sdk/drives/fsl_flexio_spi_edma.c:319:24
	ldr	r0, [sp, #36]
	.loc	1 319 5 is_stmt 0               @ ../../libraries/sdk/drives/fsl_flexio_spi_edma.c:319:5
	ldr	r1, [sp, #12]
	.loc	1 319 22                        @ ../../libraries/sdk/drives/fsl_flexio_spi_edma.c:319:22
	str	r0, [r1, #12]
	.loc	1 322 24 is_stmt 1              @ ../../libraries/sdk/drives/fsl_flexio_spi_edma.c:322:24
	ldr	r0, [sp, #8]
	.loc	1 322 5 is_stmt 0               @ ../../libraries/sdk/drives/fsl_flexio_spi_edma.c:322:5
	ldr	r1, [sp, #12]
	.loc	1 322 22                        @ ../../libraries/sdk/drives/fsl_flexio_spi_edma.c:322:22
	str	r0, [r1, #16]
	.loc	1 323 24 is_stmt 1              @ ../../libraries/sdk/drives/fsl_flexio_spi_edma.c:323:24
	ldr	r0, [sp, #4]
	.loc	1 323 5 is_stmt 0               @ ../../libraries/sdk/drives/fsl_flexio_spi_edma.c:323:5
	ldr	r1, [sp, #12]
	.loc	1 323 22                        @ ../../libraries/sdk/drives/fsl_flexio_spi_edma.c:323:22
	str	r0, [r1, #20]
	.loc	1 326 5 is_stmt 1               @ ../../libraries/sdk/drives/fsl_flexio_spi_edma.c:326:5
	ldr	r1, [sp, #12]
	movs	r0, #0
	.loc	1 326 26 is_stmt 0              @ ../../libraries/sdk/drives/fsl_flexio_spi_edma.c:326:26
	strb	r0, [r1, #5]
	.loc	1 327 5 is_stmt 1               @ ../../libraries/sdk/drives/fsl_flexio_spi_edma.c:327:5
	ldr	r1, [sp, #12]
	.loc	1 327 26 is_stmt 0              @ ../../libraries/sdk/drives/fsl_flexio_spi_edma.c:327:26
	strb	r0, [r1, #6]
.Ltmp13:
	.loc	1 330 9 is_stmt 1               @ ../../libraries/sdk/drives/fsl_flexio_spi_edma.c:330:9
	ldr	r0, [sp, #12]
	.loc	1 330 17 is_stmt 0              @ ../../libraries/sdk/drives/fsl_flexio_spi_edma.c:330:17
	ldr	r0, [r0, #8]
.Ltmp14:
	.loc	1 330 9                         @ ../../libraries/sdk/drives/fsl_flexio_spi_edma.c:330:9
	cbz	r0, .LBB0_13
	b	.LBB0_12
.LBB0_12:
.Ltmp15:
	.loc	1 332 26 is_stmt 1              @ ../../libraries/sdk/drives/fsl_flexio_spi_edma.c:332:26
	ldr	r0, [sp, #12]
	.loc	1 332 34 is_stmt 0              @ ../../libraries/sdk/drives/fsl_flexio_spi_edma.c:332:34
	ldr	r0, [r0, #8]
	.loc	1 332 92                        @ ../../libraries/sdk/drives/fsl_flexio_spi_edma.c:332:92
	ldrb.w	r2, [sp, #3]
	.loc	1 332 72                        @ ../../libraries/sdk/drives/fsl_flexio_spi_edma.c:332:72
	movw	r1, :lower16:s_edmaPrivateHandle
	movt	r1, :upper16:s_edmaPrivateHandle
	add.w	r2, r1, r2, lsl #3
	.loc	1 332 9                         @ ../../libraries/sdk/drives/fsl_flexio_spi_edma.c:332:9
	movw	r1, :lower16:FLEXIO_SPI_TxEDMACallback
	movt	r1, :upper16:FLEXIO_SPI_TxEDMACallback
	bl	EDMA_SetCallback
	.loc	1 333 5 is_stmt 1               @ ../../libraries/sdk/drives/fsl_flexio_spi_edma.c:333:5
	b	.LBB0_13
.Ltmp16:
.LBB0_13:
	.loc	1 334 9                         @ ../../libraries/sdk/drives/fsl_flexio_spi_edma.c:334:9
	ldr	r0, [sp, #12]
	.loc	1 334 17 is_stmt 0              @ ../../libraries/sdk/drives/fsl_flexio_spi_edma.c:334:17
	ldr	r0, [r0, #12]
.Ltmp17:
	.loc	1 334 9                         @ ../../libraries/sdk/drives/fsl_flexio_spi_edma.c:334:9
	cbz	r0, .LBB0_15
	b	.LBB0_14
.LBB0_14:
.Ltmp18:
	.loc	1 336 26 is_stmt 1              @ ../../libraries/sdk/drives/fsl_flexio_spi_edma.c:336:26
	ldr	r0, [sp, #12]
	.loc	1 336 34 is_stmt 0              @ ../../libraries/sdk/drives/fsl_flexio_spi_edma.c:336:34
	ldr	r0, [r0, #12]
	.loc	1 336 92                        @ ../../libraries/sdk/drives/fsl_flexio_spi_edma.c:336:92
	ldrb.w	r2, [sp, #3]
	.loc	1 336 72                        @ ../../libraries/sdk/drives/fsl_flexio_spi_edma.c:336:72
	movw	r1, :lower16:s_edmaPrivateHandle
	movt	r1, :upper16:s_edmaPrivateHandle
	add.w	r2, r1, r2, lsl #3
	.loc	1 336 9                         @ ../../libraries/sdk/drives/fsl_flexio_spi_edma.c:336:9
	movw	r1, :lower16:FLEXIO_SPI_RxEDMACallback
	movt	r1, :upper16:FLEXIO_SPI_RxEDMACallback
	bl	EDMA_SetCallback
	.loc	1 337 5 is_stmt 1               @ ../../libraries/sdk/drives/fsl_flexio_spi_edma.c:337:5
	b	.LBB0_15
.Ltmp19:
.LBB0_15:
	.loc	1 0 5 is_stmt 0                 @ ../../libraries/sdk/drives/fsl_flexio_spi_edma.c:0:5
	movs	r0, #0
	.loc	1 339 5 is_stmt 1               @ ../../libraries/sdk/drives/fsl_flexio_spi_edma.c:339:5
	str	r0, [sp, #20]
	b	.LBB0_16
.LBB0_16:
	.loc	1 340 1                         @ ../../libraries/sdk/drives/fsl_flexio_spi_edma.c:340:1
	ldr	r0, [sp, #20]
	add	sp, #24
	pop	{r7, pc}
.Ltmp20:
.Lfunc_end0:
	.size	FLEXIO_SPI_MasterTransferCreateHandleEDMA, .Lfunc_end0-FLEXIO_SPI_MasterTransferCreateHandleEDMA
	.cfi_endproc
	.cantunwind
	.fnend
                                        @ -- End function
	.section	.text.FLEXIO_SPI_TxEDMACallback,"ax",%progbits
	.p2align	3                               @ -- Begin function FLEXIO_SPI_TxEDMACallback
	.type	FLEXIO_SPI_TxEDMACallback,%function
	.code	16                              @ @FLEXIO_SPI_TxEDMACallback
	.thumb_func
FLEXIO_SPI_TxEDMACallback:
.Lfunc_begin1:
	.loc	1 78 0                          @ ../../libraries/sdk/drives/fsl_flexio_spi_edma.c:78:0
	.fnstart
	.cfi_startproc
@ %bb.0:
	.save	{r7, lr}
	push	{r7, lr}
	.cfi_def_cfa_offset 8
	.cfi_offset lr, -4
	.cfi_offset r7, -8
	.pad	#24
	sub	sp, #24
	.cfi_def_cfa_offset 32
                                        @ kill: def $r12 killed $r2
	str	r0, [sp, #20]
	str	r1, [sp, #16]
	strb.w	r2, [sp, #15]
	str	r3, [sp, #8]
.Ltmp21:
	.loc	1 80 108 prologue_end           @ ../../libraries/sdk/drives/fsl_flexio_spi_edma.c:80:108
	ldr	r0, [sp, #16]
	.loc	1 80 46 is_stmt 0               @ ../../libraries/sdk/drives/fsl_flexio_spi_edma.c:80:46
	str	r0, [sp, #4]
.Ltmp22:
	.loc	1 83 9 is_stmt 1                @ ../../libraries/sdk/drives/fsl_flexio_spi_edma.c:83:9
	ldrb.w	r0, [sp, #15]
.Ltmp23:
	.loc	1 83 9 is_stmt 0                @ ../../libraries/sdk/drives/fsl_flexio_spi_edma.c:83:9
	lsls	r0, r0, #31
	cbz	r0, .LBB1_7
	b	.LBB1_1
.LBB1_1:
.Ltmp24:
	.loc	1 85 30 is_stmt 1               @ ../../libraries/sdk/drives/fsl_flexio_spi_edma.c:85:30
	ldr	r0, [sp, #4]
	.loc	1 85 48 is_stmt 0               @ ../../libraries/sdk/drives/fsl_flexio_spi_edma.c:85:48
	ldr	r0, [r0]
	movs	r1, #1
	movs	r2, #0
	.loc	1 85 9                          @ ../../libraries/sdk/drives/fsl_flexio_spi_edma.c:85:9
	str	r2, [sp]                        @ 4-byte Spill
	bl	FLEXIO_SPI_EnableDMA
	ldr	r0, [sp]                        @ 4-byte Reload
	.loc	1 88 9 is_stmt 1                @ ../../libraries/sdk/drives/fsl_flexio_spi_edma.c:88:9
	ldr	r1, [sp, #4]
	.loc	1 88 27 is_stmt 0               @ ../../libraries/sdk/drives/fsl_flexio_spi_edma.c:88:27
	ldr	r1, [r1, #4]
	.loc	1 88 48                         @ ../../libraries/sdk/drives/fsl_flexio_spi_edma.c:88:48
	strb	r0, [r1, #5]
.Ltmp25:
	.loc	1 91 14 is_stmt 1               @ ../../libraries/sdk/drives/fsl_flexio_spi_edma.c:91:14
	ldr	r0, [sp, #4]
	.loc	1 91 32 is_stmt 0               @ ../../libraries/sdk/drives/fsl_flexio_spi_edma.c:91:32
	ldr	r0, [r0, #4]
	.loc	1 91 40                         @ ../../libraries/sdk/drives/fsl_flexio_spi_edma.c:91:40
	ldrb	r0, [r0, #5]
	.loc	1 91 63                         @ ../../libraries/sdk/drives/fsl_flexio_spi_edma.c:91:63
	lsls	r0, r0, #31
	cbnz	r0, .LBB1_6
	b	.LBB1_2
.LBB1_2:
	.loc	1 91 67                         @ ../../libraries/sdk/drives/fsl_flexio_spi_edma.c:91:67
	ldr	r0, [sp, #4]
	.loc	1 91 85                         @ ../../libraries/sdk/drives/fsl_flexio_spi_edma.c:91:85
	ldr	r0, [r0, #4]
	.loc	1 91 93                         @ ../../libraries/sdk/drives/fsl_flexio_spi_edma.c:91:93
	ldrb	r0, [r0, #6]
.Ltmp26:
	.loc	1 91 13                         @ ../../libraries/sdk/drives/fsl_flexio_spi_edma.c:91:13
	lsls	r0, r0, #31
	cbnz	r0, .LBB1_6
	b	.LBB1_3
.LBB1_3:
.Ltmp27:
	.loc	1 93 17 is_stmt 1               @ ../../libraries/sdk/drives/fsl_flexio_spi_edma.c:93:17
	ldr	r0, [sp, #4]
	.loc	1 93 35 is_stmt 0               @ ../../libraries/sdk/drives/fsl_flexio_spi_edma.c:93:35
	ldr	r0, [r0, #4]
	.loc	1 93 43                         @ ../../libraries/sdk/drives/fsl_flexio_spi_edma.c:93:43
	ldr	r0, [r0, #16]
.Ltmp28:
	.loc	1 93 17                         @ ../../libraries/sdk/drives/fsl_flexio_spi_edma.c:93:17
	cbz	r0, .LBB1_5
	b	.LBB1_4
.LBB1_4:
.Ltmp29:
	.loc	1 95 18 is_stmt 1               @ ../../libraries/sdk/drives/fsl_flexio_spi_edma.c:95:18
	ldr	r1, [sp, #4]
	.loc	1 95 72 is_stmt 0               @ ../../libraries/sdk/drives/fsl_flexio_spi_edma.c:95:72
	ldr	r0, [r1]
	.loc	1 95 36                         @ ../../libraries/sdk/drives/fsl_flexio_spi_edma.c:95:36
	ldr	r1, [r1, #4]
	.loc	1 95 44                         @ ../../libraries/sdk/drives/fsl_flexio_spi_edma.c:95:44
	ldr.w	r12, [r1, #16]
	.loc	1 96 80 is_stmt 1               @ ../../libraries/sdk/drives/fsl_flexio_spi_edma.c:96:80
	ldr	r3, [r1, #20]
	movs	r2, #0
	.loc	1 95 17                         @ ../../libraries/sdk/drives/fsl_flexio_spi_edma.c:95:17
	blx	r12
	.loc	1 97 13                         @ ../../libraries/sdk/drives/fsl_flexio_spi_edma.c:97:13
	b	.LBB1_5
.Ltmp30:
.LBB1_5:
	.loc	1 98 9                          @ ../../libraries/sdk/drives/fsl_flexio_spi_edma.c:98:9
	b	.LBB1_6
.Ltmp31:
.LBB1_6:
	.loc	1 99 5                          @ ../../libraries/sdk/drives/fsl_flexio_spi_edma.c:99:5
	b	.LBB1_7
.Ltmp32:
.LBB1_7:
	.loc	1 100 1                         @ ../../libraries/sdk/drives/fsl_flexio_spi_edma.c:100:1
	add	sp, #24
	pop	{r7, pc}
.Ltmp33:
.Lfunc_end1:
	.size	FLEXIO_SPI_TxEDMACallback, .Lfunc_end1-FLEXIO_SPI_TxEDMACallback
	.cfi_endproc
	.cantunwind
	.fnend
                                        @ -- End function
	.section	.text.FLEXIO_SPI_RxEDMACallback,"ax",%progbits
	.p2align	3                               @ -- Begin function FLEXIO_SPI_RxEDMACallback
	.type	FLEXIO_SPI_RxEDMACallback,%function
	.code	16                              @ @FLEXIO_SPI_RxEDMACallback
	.thumb_func
FLEXIO_SPI_RxEDMACallback:
.Lfunc_begin2:
	.loc	1 103 0                         @ ../../libraries/sdk/drives/fsl_flexio_spi_edma.c:103:0
	.fnstart
	.cfi_startproc
@ %bb.0:
	.save	{r7, lr}
	push	{r7, lr}
	.cfi_def_cfa_offset 8
	.cfi_offset lr, -4
	.cfi_offset r7, -8
	.pad	#24
	sub	sp, #24
	.cfi_def_cfa_offset 32
                                        @ kill: def $r12 killed $r2
	str	r0, [sp, #20]
	str	r1, [sp, #16]
	strb.w	r2, [sp, #15]
	str	r3, [sp, #8]
.Ltmp34:
	.loc	1 105 108 prologue_end          @ ../../libraries/sdk/drives/fsl_flexio_spi_edma.c:105:108
	ldr	r0, [sp, #16]
	.loc	1 105 46 is_stmt 0              @ ../../libraries/sdk/drives/fsl_flexio_spi_edma.c:105:46
	str	r0, [sp, #4]
.Ltmp35:
	.loc	1 107 9 is_stmt 1               @ ../../libraries/sdk/drives/fsl_flexio_spi_edma.c:107:9
	ldrb.w	r0, [sp, #15]
.Ltmp36:
	.loc	1 107 9 is_stmt 0               @ ../../libraries/sdk/drives/fsl_flexio_spi_edma.c:107:9
	lsls	r0, r0, #31
	cbz	r0, .LBB2_7
	b	.LBB2_1
.LBB2_1:
.Ltmp37:
	.loc	1 110 30 is_stmt 1              @ ../../libraries/sdk/drives/fsl_flexio_spi_edma.c:110:30
	ldr	r0, [sp, #4]
	.loc	1 110 48 is_stmt 0              @ ../../libraries/sdk/drives/fsl_flexio_spi_edma.c:110:48
	ldr	r0, [r0]
	movs	r1, #2
	movs	r2, #0
	.loc	1 110 9                         @ ../../libraries/sdk/drives/fsl_flexio_spi_edma.c:110:9
	str	r2, [sp]                        @ 4-byte Spill
	bl	FLEXIO_SPI_EnableDMA
	ldr	r0, [sp]                        @ 4-byte Reload
	.loc	1 113 9 is_stmt 1               @ ../../libraries/sdk/drives/fsl_flexio_spi_edma.c:113:9
	ldr	r1, [sp, #4]
	.loc	1 113 27 is_stmt 0              @ ../../libraries/sdk/drives/fsl_flexio_spi_edma.c:113:27
	ldr	r1, [r1, #4]
	.loc	1 113 48                        @ ../../libraries/sdk/drives/fsl_flexio_spi_edma.c:113:48
	strb	r0, [r1, #6]
.Ltmp38:
	.loc	1 116 14 is_stmt 1              @ ../../libraries/sdk/drives/fsl_flexio_spi_edma.c:116:14
	ldr	r0, [sp, #4]
	.loc	1 116 32 is_stmt 0              @ ../../libraries/sdk/drives/fsl_flexio_spi_edma.c:116:32
	ldr	r0, [r0, #4]
	.loc	1 116 40                        @ ../../libraries/sdk/drives/fsl_flexio_spi_edma.c:116:40
	ldrb	r0, [r0, #5]
	.loc	1 116 63                        @ ../../libraries/sdk/drives/fsl_flexio_spi_edma.c:116:63
	lsls	r0, r0, #31
	cbnz	r0, .LBB2_6
	b	.LBB2_2
.LBB2_2:
	.loc	1 116 67                        @ ../../libraries/sdk/drives/fsl_flexio_spi_edma.c:116:67
	ldr	r0, [sp, #4]
	.loc	1 116 85                        @ ../../libraries/sdk/drives/fsl_flexio_spi_edma.c:116:85
	ldr	r0, [r0, #4]
	.loc	1 116 93                        @ ../../libraries/sdk/drives/fsl_flexio_spi_edma.c:116:93
	ldrb	r0, [r0, #6]
.Ltmp39:
	.loc	1 116 13                        @ ../../libraries/sdk/drives/fsl_flexio_spi_edma.c:116:13
	lsls	r0, r0, #31
	cbnz	r0, .LBB2_6
	b	.LBB2_3
.LBB2_3:
.Ltmp40:
	.loc	1 118 17 is_stmt 1              @ ../../libraries/sdk/drives/fsl_flexio_spi_edma.c:118:17
	ldr	r0, [sp, #4]
	.loc	1 118 35 is_stmt 0              @ ../../libraries/sdk/drives/fsl_flexio_spi_edma.c:118:35
	ldr	r0, [r0, #4]
	.loc	1 118 43                        @ ../../libraries/sdk/drives/fsl_flexio_spi_edma.c:118:43
	ldr	r0, [r0, #16]
.Ltmp41:
	.loc	1 118 17                        @ ../../libraries/sdk/drives/fsl_flexio_spi_edma.c:118:17
	cbz	r0, .LBB2_5
	b	.LBB2_4
.LBB2_4:
.Ltmp42:
	.loc	1 120 18 is_stmt 1              @ ../../libraries/sdk/drives/fsl_flexio_spi_edma.c:120:18
	ldr	r1, [sp, #4]
	.loc	1 120 72 is_stmt 0              @ ../../libraries/sdk/drives/fsl_flexio_spi_edma.c:120:72
	ldr	r0, [r1]
	.loc	1 120 36                        @ ../../libraries/sdk/drives/fsl_flexio_spi_edma.c:120:36
	ldr	r1, [r1, #4]
	.loc	1 120 44                        @ ../../libraries/sdk/drives/fsl_flexio_spi_edma.c:120:44
	ldr.w	r12, [r1, #16]
	.loc	1 121 80 is_stmt 1              @ ../../libraries/sdk/drives/fsl_flexio_spi_edma.c:121:80
	ldr	r3, [r1, #20]
	movs	r2, #0
	.loc	1 120 17                        @ ../../libraries/sdk/drives/fsl_flexio_spi_edma.c:120:17
	blx	r12
	.loc	1 122 13                        @ ../../libraries/sdk/drives/fsl_flexio_spi_edma.c:122:13
	b	.LBB2_5
.Ltmp43:
.LBB2_5:
	.loc	1 123 9                         @ ../../libraries/sdk/drives/fsl_flexio_spi_edma.c:123:9
	b	.LBB2_6
.Ltmp44:
.LBB2_6:
	.loc	1 124 5                         @ ../../libraries/sdk/drives/fsl_flexio_spi_edma.c:124:5
	b	.LBB2_7
.Ltmp45:
.LBB2_7:
	.loc	1 125 1                         @ ../../libraries/sdk/drives/fsl_flexio_spi_edma.c:125:1
	add	sp, #24
	pop	{r7, pc}
.Ltmp46:
.Lfunc_end2:
	.size	FLEXIO_SPI_RxEDMACallback, .Lfunc_end2-FLEXIO_SPI_RxEDMACallback
	.cfi_endproc
	.cantunwind
	.fnend
                                        @ -- End function
	.section	.text.FLEXIO_SPI_MasterTransferEDMA,"ax",%progbits
	.hidden	FLEXIO_SPI_MasterTransferEDMA   @ -- Begin function FLEXIO_SPI_MasterTransferEDMA
	.globl	FLEXIO_SPI_MasterTransferEDMA
	.p2align	3
	.type	FLEXIO_SPI_MasterTransferEDMA,%function
	.code	16                              @ @FLEXIO_SPI_MasterTransferEDMA
	.thumb_func
FLEXIO_SPI_MasterTransferEDMA:
.Lfunc_begin3:
	.loc	1 359 0                         @ ../../libraries/sdk/drives/fsl_flexio_spi_edma.c:359:0
	.fnstart
	.cfi_startproc
@ %bb.0:
	.save	{r7, lr}
	push	{r7, lr}
	.cfi_def_cfa_offset 8
	.cfi_offset lr, -4
	.cfi_offset r7, -8
	.pad	#24
	sub	sp, #24
	.cfi_def_cfa_offset 32
	str	r0, [sp, #16]
	str	r1, [sp, #12]
	str	r2, [sp, #8]
.Ltmp47:
	.loc	1 360 5 prologue_end            @ ../../libraries/sdk/drives/fsl_flexio_spi_edma.c:360:5
	ldr	r0, [sp, #12]
	cbz	r0, .LBB3_2
	b	.LBB3_1
.LBB3_1:
	b	.LBB3_3
.LBB3_2:
	movw	r0, :lower16:.L.str
	movt	r0, :upper16:.L.str
	movw	r1, :lower16:.L.str.1
	movt	r1, :upper16:.L.str.1
	mov.w	r2, #360
	bl	__aeabi_assert
.LBB3_3:
	.loc	1 361 5                         @ ../../libraries/sdk/drives/fsl_flexio_spi_edma.c:361:5
	ldr	r0, [sp, #8]
	cbz	r0, .LBB3_5
	b	.LBB3_4
.LBB3_4:
	b	.LBB3_6
.LBB3_5:
	movw	r0, :lower16:.L.str.2
	movt	r0, :upper16:.L.str.2
	movw	r1, :lower16:.L.str.1
	movt	r1, :upper16:.L.str.1
	movw	r2, #361
	bl	__aeabi_assert
.LBB3_6:
	.loc	1 0 5 is_stmt 0                 @ ../../libraries/sdk/drives/fsl_flexio_spi_edma.c:0:5
	movs	r0, #0
	.loc	1 363 14 is_stmt 1              @ ../../libraries/sdk/drives/fsl_flexio_spi_edma.c:363:14
	str	r0, [sp, #4]
	.loc	1 364 36                        @ ../../libraries/sdk/drives/fsl_flexio_spi_edma.c:364:36
	ldr	r1, [sp, #16]
	.loc	1 364 42 is_stmt 0              @ ../../libraries/sdk/drives/fsl_flexio_spi_edma.c:364:42
	ldr	r0, [r1]
	.loc	1 364 61                        @ ../../libraries/sdk/drives/fsl_flexio_spi_edma.c:364:61
	ldrb	r1, [r1, #10]
	.loc	1 364 54                        @ ../../libraries/sdk/drives/fsl_flexio_spi_edma.c:364:54
	add.w	r0, r0, r1, lsl #2
	.loc	1 364 36                        @ ../../libraries/sdk/drives/fsl_flexio_spi_edma.c:364:36
	ldr.w	r0, [r0, #1280]
	.loc	1 364 14                        @ ../../libraries/sdk/drives/fsl_flexio_spi_edma.c:364:14
	strh.w	r0, [sp, #2]
	.loc	1 365 26 is_stmt 1              @ ../../libraries/sdk/drives/fsl_flexio_spi_edma.c:365:26
	ldr	r0, [sp, #8]
	ldrb	r0, [r0, #12]
	and	r0, r0, #7
	.loc	1 365 13 is_stmt 0              @ ../../libraries/sdk/drives/fsl_flexio_spi_edma.c:365:13
	strb.w	r0, [sp, #1]
	.loc	1 367 14 is_stmt 1              @ ../../libraries/sdk/drives/fsl_flexio_spi_edma.c:367:14
	ldrb.w	r0, [sp, #2]
	strh.w	r0, [sp, #2]
.Ltmp48:
	.loc	1 370 10                        @ ../../libraries/sdk/drives/fsl_flexio_spi_edma.c:370:10
	ldr	r0, [sp, #12]
	.loc	1 370 18 is_stmt 0              @ ../../libraries/sdk/drives/fsl_flexio_spi_edma.c:370:18
	ldrb	r0, [r0, #5]
	.loc	1 370 32                        @ ../../libraries/sdk/drives/fsl_flexio_spi_edma.c:370:32
	lsls	r0, r0, #31
	cbnz	r0, .LBB3_8
	b	.LBB3_7
.LBB3_7:
	.loc	1 370 36                        @ ../../libraries/sdk/drives/fsl_flexio_spi_edma.c:370:36
	ldr	r0, [sp, #12]
	.loc	1 370 44                        @ ../../libraries/sdk/drives/fsl_flexio_spi_edma.c:370:44
	ldrb	r0, [r0, #6]
.Ltmp49:
	.loc	1 370 9                         @ ../../libraries/sdk/drives/fsl_flexio_spi_edma.c:370:9
	lsls	r0, r0, #31
	cbz	r0, .LBB3_9
	b	.LBB3_8
.LBB3_8:
	.loc	1 0 9                           @ ../../libraries/sdk/drives/fsl_flexio_spi_edma.c:0:9
	movw	r0, #501
.Ltmp50:
	.loc	1 372 9 is_stmt 1               @ ../../libraries/sdk/drives/fsl_flexio_spi_edma.c:372:9
	str	r0, [sp, #20]
	b	.LBB3_29
.Ltmp51:
.LBB3_9:
	.loc	1 376 11                        @ ../../libraries/sdk/drives/fsl_flexio_spi_edma.c:376:11
	ldr	r0, [sp, #8]
	.loc	1 376 17 is_stmt 0              @ ../../libraries/sdk/drives/fsl_flexio_spi_edma.c:376:17
	ldr	r0, [r0]
	.loc	1 376 33                        @ ../../libraries/sdk/drives/fsl_flexio_spi_edma.c:376:33
	cbnz	r0, .LBB3_11
	b	.LBB3_10
.LBB3_10:
	.loc	1 376 37                        @ ../../libraries/sdk/drives/fsl_flexio_spi_edma.c:376:37
	ldr	r0, [sp, #8]
	.loc	1 376 43                        @ ../../libraries/sdk/drives/fsl_flexio_spi_edma.c:376:43
	ldr	r0, [r0, #4]
	.loc	1 376 60                        @ ../../libraries/sdk/drives/fsl_flexio_spi_edma.c:376:60
	cbz	r0, .LBB3_12
	b	.LBB3_11
.LBB3_11:
	.loc	1 376 64                        @ ../../libraries/sdk/drives/fsl_flexio_spi_edma.c:376:64
	ldr	r0, [sp, #8]
	.loc	1 376 70                        @ ../../libraries/sdk/drives/fsl_flexio_spi_edma.c:376:70
	ldr	r0, [r0, #8]
.Ltmp52:
	.loc	1 376 9                         @ ../../libraries/sdk/drives/fsl_flexio_spi_edma.c:376:9
	cbnz	r0, .LBB3_13
	b	.LBB3_12
.LBB3_12:
	.loc	1 0 9                           @ ../../libraries/sdk/drives/fsl_flexio_spi_edma.c:0:9
	movs	r0, #4
.Ltmp53:
	.loc	1 378 9 is_stmt 1               @ ../../libraries/sdk/drives/fsl_flexio_spi_edma.c:378:9
	str	r0, [sp, #20]
	b	.LBB3_29
.Ltmp54:
.LBB3_13:
	.loc	1 387 10                        @ ../../libraries/sdk/drives/fsl_flexio_spi_edma.c:387:10
	ldr	r0, [sp, #8]
	ldrb	r0, [r0, #12]
.Ltmp55:
	.loc	1 387 9 is_stmt 0               @ ../../libraries/sdk/drives/fsl_flexio_spi_edma.c:387:9
	lsls	r0, r0, #28
	cmp	r0, #0
	bpl	.LBB3_15
	b	.LBB3_14
.LBB3_14:
.Ltmp56:
	.loc	1 390 14 is_stmt 1              @ ../../libraries/sdk/drives/fsl_flexio_spi_edma.c:390:14
	ldr	r1, [sp, #16]
	.loc	1 390 20 is_stmt 0              @ ../../libraries/sdk/drives/fsl_flexio_spi_edma.c:390:20
	ldr	r0, [r1]
	.loc	1 390 39                        @ ../../libraries/sdk/drives/fsl_flexio_spi_edma.c:390:39
	ldrb	r1, [r1, #10]
	.loc	1 390 32                        @ ../../libraries/sdk/drives/fsl_flexio_spi_edma.c:390:32
	add.w	r0, r0, r1, lsl #2
	.loc	1 390 14                        @ ../../libraries/sdk/drives/fsl_flexio_spi_edma.c:390:14
	ldr.w	r0, [r0, #1152]
	.loc	1 390 60                        @ ../../libraries/sdk/drives/fsl_flexio_spi_edma.c:390:60
	bic	r0, r0, #48
	.loc	1 389 9 is_stmt 1               @ ../../libraries/sdk/drives/fsl_flexio_spi_edma.c:389:9
	ldr	r2, [sp, #16]
	.loc	1 389 15 is_stmt 0              @ ../../libraries/sdk/drives/fsl_flexio_spi_edma.c:389:15
	ldr	r1, [r2]
	.loc	1 389 34                        @ ../../libraries/sdk/drives/fsl_flexio_spi_edma.c:389:34
	ldrb	r2, [r2, #10]
	.loc	1 389 27                        @ ../../libraries/sdk/drives/fsl_flexio_spi_edma.c:389:27
	add.w	r1, r1, r2, lsl #2
	.loc	1 389 55                        @ ../../libraries/sdk/drives/fsl_flexio_spi_edma.c:389:55
	str.w	r0, [r1, #1152]
	.loc	1 392 5 is_stmt 1               @ ../../libraries/sdk/drives/fsl_flexio_spi_edma.c:392:5
	b	.LBB3_16
.Ltmp57:
.LBB3_15:
	.loc	1 396 14                        @ ../../libraries/sdk/drives/fsl_flexio_spi_edma.c:396:14
	ldr	r1, [sp, #16]
	.loc	1 396 20 is_stmt 0              @ ../../libraries/sdk/drives/fsl_flexio_spi_edma.c:396:20
	ldr	r0, [r1]
	.loc	1 396 39                        @ ../../libraries/sdk/drives/fsl_flexio_spi_edma.c:396:39
	ldrb	r1, [r1, #10]
	.loc	1 396 32                        @ ../../libraries/sdk/drives/fsl_flexio_spi_edma.c:396:32
	add.w	r0, r0, r1, lsl #2
	.loc	1 396 14                        @ ../../libraries/sdk/drives/fsl_flexio_spi_edma.c:396:14
	ldr.w	r0, [r0, #1152]
	movs	r1, #2
	.loc	1 396 89                        @ ../../libraries/sdk/drives/fsl_flexio_spi_edma.c:396:89
	bfi	r0, r1, #4, #2
	.loc	1 395 9 is_stmt 1               @ ../../libraries/sdk/drives/fsl_flexio_spi_edma.c:395:9
	ldr	r2, [sp, #16]
	.loc	1 395 15 is_stmt 0              @ ../../libraries/sdk/drives/fsl_flexio_spi_edma.c:395:15
	ldr	r1, [r2]
	.loc	1 395 34                        @ ../../libraries/sdk/drives/fsl_flexio_spi_edma.c:395:34
	ldrb	r2, [r2, #10]
	.loc	1 395 27                        @ ../../libraries/sdk/drives/fsl_flexio_spi_edma.c:395:27
	add.w	r1, r1, r2, lsl #2
	.loc	1 395 55                        @ ../../libraries/sdk/drives/fsl_flexio_spi_edma.c:395:55
	str.w	r0, [r1, #1152]
	b	.LBB3_16
.Ltmp58:
.LBB3_16:
	.loc	1 401 10 is_stmt 1              @ ../../libraries/sdk/drives/fsl_flexio_spi_edma.c:401:10
	ldrb.w	r0, [sp, #1]
	.loc	1 401 54 is_stmt 0              @ ../../libraries/sdk/drives/fsl_flexio_spi_edma.c:401:54
	cbz	r0, .LBB3_18
	b	.LBB3_17
.LBB3_17:
	.loc	1 401 58                        @ ../../libraries/sdk/drives/fsl_flexio_spi_edma.c:401:58
	ldrb.w	r0, [sp, #1]
.Ltmp59:
	.loc	1 401 9                         @ ../../libraries/sdk/drives/fsl_flexio_spi_edma.c:401:9
	cmp	r0, #1
	bne	.LBB3_19
	b	.LBB3_18
.LBB3_18:
	.loc	1 0 9                           @ ../../libraries/sdk/drives/fsl_flexio_spi_edma.c:0:9
	mov.w	r0, #3840
.Ltmp60:
	.loc	1 403 18 is_stmt 1              @ ../../libraries/sdk/drives/fsl_flexio_spi_edma.c:403:18
	str	r0, [sp, #4]
	.loc	1 404 5                         @ ../../libraries/sdk/drives/fsl_flexio_spi_edma.c:404:5
	b	.LBB3_28
.Ltmp61:
.LBB3_19:
	.loc	1 405 15                        @ ../../libraries/sdk/drives/fsl_flexio_spi_edma.c:405:15
	ldrb.w	r0, [sp, #1]
	.loc	1 405 60 is_stmt 0              @ ../../libraries/sdk/drives/fsl_flexio_spi_edma.c:405:60
	cmp	r0, #2
	beq	.LBB3_21
	b	.LBB3_20
.LBB3_20:
	.loc	1 405 64                        @ ../../libraries/sdk/drives/fsl_flexio_spi_edma.c:405:64
	ldrb.w	r0, [sp, #1]
.Ltmp62:
	.loc	1 405 14                        @ ../../libraries/sdk/drives/fsl_flexio_spi_edma.c:405:14
	cmp	r0, #3
	bne	.LBB3_22
	b	.LBB3_21
.LBB3_21:
	.loc	1 0 14                          @ ../../libraries/sdk/drives/fsl_flexio_spi_edma.c:0:14
	mov.w	r0, #7936
.Ltmp63:
	.loc	1 407 18 is_stmt 1              @ ../../libraries/sdk/drives/fsl_flexio_spi_edma.c:407:18
	str	r0, [sp, #4]
	.loc	1 408 5                         @ ../../libraries/sdk/drives/fsl_flexio_spi_edma.c:408:5
	b	.LBB3_27
.Ltmp64:
.LBB3_22:
	.loc	1 409 15                        @ ../../libraries/sdk/drives/fsl_flexio_spi_edma.c:409:15
	ldrb.w	r0, [sp, #1]
	.loc	1 409 60 is_stmt 0              @ ../../libraries/sdk/drives/fsl_flexio_spi_edma.c:409:60
	cmp	r0, #4
	beq	.LBB3_24
	b	.LBB3_23
.LBB3_23:
	.loc	1 409 64                        @ ../../libraries/sdk/drives/fsl_flexio_spi_edma.c:409:64
	ldrb.w	r0, [sp, #1]
.Ltmp65:
	.loc	1 409 14                        @ ../../libraries/sdk/drives/fsl_flexio_spi_edma.c:409:14
	cmp	r0, #5
	bne	.LBB3_25
	b	.LBB3_24
.LBB3_24:
	.loc	1 0 14                          @ ../../libraries/sdk/drives/fsl_flexio_spi_edma.c:0:14
	mov.w	r0, #16128
.Ltmp66:
	.loc	1 411 18 is_stmt 1              @ ../../libraries/sdk/drives/fsl_flexio_spi_edma.c:411:18
	str	r0, [sp, #4]
	.loc	1 412 5                         @ ../../libraries/sdk/drives/fsl_flexio_spi_edma.c:412:5
	b	.LBB3_26
.Ltmp67:
.LBB3_25:
	.loc	1 0 5 is_stmt 0                 @ ../../libraries/sdk/drives/fsl_flexio_spi_edma.c:0:5
	mov.w	r0, #3840
.Ltmp68:
	.loc	1 415 18 is_stmt 1              @ ../../libraries/sdk/drives/fsl_flexio_spi_edma.c:415:18
	str	r0, [sp, #4]
	b	.LBB3_26
.Ltmp69:
.LBB3_26:
	.loc	1 0 18 is_stmt 0                @ ../../libraries/sdk/drives/fsl_flexio_spi_edma.c:0:18
	b	.LBB3_27
.LBB3_27:
	b	.LBB3_28
.LBB3_28:
	.loc	1 418 17 is_stmt 1              @ ../../libraries/sdk/drives/fsl_flexio_spi_edma.c:418:17
	ldrh.w	r1, [sp, #2]
	.loc	1 418 14 is_stmt 0              @ ../../libraries/sdk/drives/fsl_flexio_spi_edma.c:418:14
	ldr	r0, [sp, #4]
	orrs	r0, r1
	str	r0, [sp, #4]
	.loc	1 420 53 is_stmt 1              @ ../../libraries/sdk/drives/fsl_flexio_spi_edma.c:420:53
	ldr	r0, [sp, #4]
	.loc	1 420 5 is_stmt 0               @ ../../libraries/sdk/drives/fsl_flexio_spi_edma.c:420:5
	ldr	r2, [sp, #16]
	.loc	1 420 11                        @ ../../libraries/sdk/drives/fsl_flexio_spi_edma.c:420:11
	ldr	r1, [r2]
	.loc	1 420 30                        @ ../../libraries/sdk/drives/fsl_flexio_spi_edma.c:420:30
	ldrb	r2, [r2, #10]
	.loc	1 420 23                        @ ../../libraries/sdk/drives/fsl_flexio_spi_edma.c:420:23
	add.w	r1, r1, r2, lsl #2
	.loc	1 420 51                        @ ../../libraries/sdk/drives/fsl_flexio_spi_edma.c:420:51
	str.w	r0, [r1, #1280]
	.loc	1 422 34 is_stmt 1              @ ../../libraries/sdk/drives/fsl_flexio_spi_edma.c:422:34
	ldr	r0, [sp, #16]
	.loc	1 422 40 is_stmt 0              @ ../../libraries/sdk/drives/fsl_flexio_spi_edma.c:422:40
	ldr	r1, [sp, #12]
	.loc	1 422 48                        @ ../../libraries/sdk/drives/fsl_flexio_spi_edma.c:422:48
	ldr	r2, [sp, #8]
	.loc	1 422 12                        @ ../../libraries/sdk/drives/fsl_flexio_spi_edma.c:422:12
	bl	FLEXIO_SPI_EDMAConfig
	.loc	1 422 5                         @ ../../libraries/sdk/drives/fsl_flexio_spi_edma.c:422:5
	str	r0, [sp, #20]
	b	.LBB3_29
.LBB3_29:
	.loc	1 423 1 is_stmt 1               @ ../../libraries/sdk/drives/fsl_flexio_spi_edma.c:423:1
	ldr	r0, [sp, #20]
	add	sp, #24
	pop	{r7, pc}
.Ltmp70:
.Lfunc_end3:
	.size	FLEXIO_SPI_MasterTransferEDMA, .Lfunc_end3-FLEXIO_SPI_MasterTransferEDMA
	.cfi_endproc
	.cantunwind
	.fnend
                                        @ -- End function
	.section	.text.FLEXIO_SPI_EDMAConfig,"ax",%progbits
	.p2align	3                               @ -- Begin function FLEXIO_SPI_EDMAConfig
	.type	FLEXIO_SPI_EDMAConfig,%function
	.code	16                              @ @FLEXIO_SPI_EDMAConfig
	.thumb_func
FLEXIO_SPI_EDMAConfig:
.Lfunc_begin4:
	.loc	1 130 0                         @ ../../libraries/sdk/drives/fsl_flexio_spi_edma.c:130:0
	.fnstart
	.cfi_startproc
@ %bb.0:
	.save	{r7, lr}
	push	{r7, lr}
	.cfi_def_cfa_offset 8
	.cfi_offset lr, -4
	.cfi_offset r7, -8
	.pad	#48
	sub	sp, #48
	.cfi_def_cfa_offset 56
	str	r0, [sp, #40]
	str	r1, [sp, #36]
	str	r2, [sp, #32]
	movs	r0, #0
.Ltmp71:
	.loc	1 131 28 prologue_end           @ ../../libraries/sdk/drives/fsl_flexio_spi_edma.c:131:28
	str	r0, [sp, #28]
	str	r0, [sp, #24]
	str	r0, [sp, #20]
	str	r0, [sp, #16]
	str	r0, [sp, #12]
	str	r0, [sp, #8]
	.loc	1 132 34                        @ ../../libraries/sdk/drives/fsl_flexio_spi_edma.c:132:34
	strb.w	r0, [sp, #7]
	.loc	1 134 26                        @ ../../libraries/sdk/drives/fsl_flexio_spi_edma.c:134:26
	ldr	r0, [sp, #32]
	ldrb	r0, [r0, #12]
	and	r0, r0, #7
	.loc	1 134 13 is_stmt 0              @ ../../libraries/sdk/drives/fsl_flexio_spi_edma.c:134:13
	strb.w	r0, [sp, #5]
	.loc	1 137 13 is_stmt 1              @ ../../libraries/sdk/drives/fsl_flexio_spi_edma.c:137:13
	ldrb.w	r0, [sp, #5]
	.loc	1 137 5 is_stmt 0               @ ../../libraries/sdk/drives/fsl_flexio_spi_edma.c:137:5
	mov	r1, r0
	str	r1, [sp]                        @ 4-byte Spill
	cmp	r0, #5
	bhi	.LBB4_9
@ %bb.1:
	.loc	1 0 5                           @ ../../libraries/sdk/drives/fsl_flexio_spi_edma.c:0:5
	ldr	r1, [sp]                        @ 4-byte Reload
.LCPI4_0:
	tbb	[pc, r1]
@ %bb.2:
.LJTI4_0:
	.byte	(.LBB4_3-(.LCPI4_0+4))/2
	.byte	(.LBB4_4-(.LCPI4_0+4))/2
	.byte	(.LBB4_5-(.LCPI4_0+4))/2
	.byte	(.LBB4_6-(.LCPI4_0+4))/2
	.byte	(.LBB4_7-(.LCPI4_0+4))/2
	.byte	(.LBB4_8-(.LCPI4_0+4))/2
	.p2align	1
.LBB4_3:
	movs	r0, #1
.Ltmp72:
	.loc	1 140 27 is_stmt 1              @ ../../libraries/sdk/drives/fsl_flexio_spi_edma.c:140:27
	strb.w	r0, [sp, #6]
	movs	r0, #0
	.loc	1 141 27                        @ ../../libraries/sdk/drives/fsl_flexio_spi_edma.c:141:27
	strb.w	r0, [sp, #7]
	.loc	1 142 13                        @ ../../libraries/sdk/drives/fsl_flexio_spi_edma.c:142:13
	b	.LBB4_10
.LBB4_4:
	.loc	1 0 13 is_stmt 0                @ ../../libraries/sdk/drives/fsl_flexio_spi_edma.c:0:13
	movs	r0, #1
	.loc	1 144 27 is_stmt 1              @ ../../libraries/sdk/drives/fsl_flexio_spi_edma.c:144:27
	strb.w	r0, [sp, #6]
	.loc	1 145 27                        @ ../../libraries/sdk/drives/fsl_flexio_spi_edma.c:145:27
	strb.w	r0, [sp, #7]
	.loc	1 146 13                        @ ../../libraries/sdk/drives/fsl_flexio_spi_edma.c:146:13
	b	.LBB4_10
.LBB4_5:
	.loc	1 0 13 is_stmt 0                @ ../../libraries/sdk/drives/fsl_flexio_spi_edma.c:0:13
	movs	r0, #2
	.loc	1 148 27 is_stmt 1              @ ../../libraries/sdk/drives/fsl_flexio_spi_edma.c:148:27
	strb.w	r0, [sp, #6]
	movs	r0, #0
	.loc	1 149 27                        @ ../../libraries/sdk/drives/fsl_flexio_spi_edma.c:149:27
	strb.w	r0, [sp, #7]
	.loc	1 150 13                        @ ../../libraries/sdk/drives/fsl_flexio_spi_edma.c:150:13
	b	.LBB4_10
.LBB4_6:
	.loc	1 0 13 is_stmt 0                @ ../../libraries/sdk/drives/fsl_flexio_spi_edma.c:0:13
	movs	r0, #2
	.loc	1 152 27 is_stmt 1              @ ../../libraries/sdk/drives/fsl_flexio_spi_edma.c:152:27
	strb.w	r0, [sp, #6]
	movs	r0, #1
	.loc	1 153 27                        @ ../../libraries/sdk/drives/fsl_flexio_spi_edma.c:153:27
	strb.w	r0, [sp, #7]
	.loc	1 154 13                        @ ../../libraries/sdk/drives/fsl_flexio_spi_edma.c:154:13
	b	.LBB4_10
.LBB4_7:
	.loc	1 0 13 is_stmt 0                @ ../../libraries/sdk/drives/fsl_flexio_spi_edma.c:0:13
	movs	r0, #4
	.loc	1 156 27 is_stmt 1              @ ../../libraries/sdk/drives/fsl_flexio_spi_edma.c:156:27
	strb.w	r0, [sp, #6]
	movs	r0, #0
	.loc	1 157 27                        @ ../../libraries/sdk/drives/fsl_flexio_spi_edma.c:157:27
	strb.w	r0, [sp, #7]
	.loc	1 158 13                        @ ../../libraries/sdk/drives/fsl_flexio_spi_edma.c:158:13
	b	.LBB4_10
.LBB4_8:
	.loc	1 0 13 is_stmt 0                @ ../../libraries/sdk/drives/fsl_flexio_spi_edma.c:0:13
	movs	r0, #4
	.loc	1 160 27 is_stmt 1              @ ../../libraries/sdk/drives/fsl_flexio_spi_edma.c:160:27
	strb.w	r0, [sp, #6]
	movs	r0, #1
	.loc	1 161 27                        @ ../../libraries/sdk/drives/fsl_flexio_spi_edma.c:161:27
	strb.w	r0, [sp, #7]
	.loc	1 162 13                        @ ../../libraries/sdk/drives/fsl_flexio_spi_edma.c:162:13
	b	.LBB4_10
.LBB4_9:
	.loc	1 0 13 is_stmt 0                @ ../../libraries/sdk/drives/fsl_flexio_spi_edma.c:0:13
	movs	r0, #1
	.loc	1 164 27 is_stmt 1              @ ../../libraries/sdk/drives/fsl_flexio_spi_edma.c:164:27
	strb.w	r0, [sp, #6]
	movs	r0, #0
	.loc	1 165 27                        @ ../../libraries/sdk/drives/fsl_flexio_spi_edma.c:165:27
	strb.w	r0, [sp, #7]
	.loc	1 167 13                        @ ../../libraries/sdk/drives/fsl_flexio_spi_edma.c:167:13
	b	.LBB4_10
.Ltmp73:
.LBB4_10:
	.loc	1 171 10                        @ ../../libraries/sdk/drives/fsl_flexio_spi_edma.c:171:10
	ldr	r0, [sp, #32]
	.loc	1 171 16 is_stmt 0              @ ../../libraries/sdk/drives/fsl_flexio_spi_edma.c:171:16
	ldr	r2, [r0, #8]
	.loc	1 171 27                        @ ../../libraries/sdk/drives/fsl_flexio_spi_edma.c:171:27
	ldrb.w	r1, [sp, #6]
	.loc	1 171 25                        @ ../../libraries/sdk/drives/fsl_flexio_spi_edma.c:171:25
	udiv	r0, r2, r1
	mls	r0, r0, r1, r2
.Ltmp74:
	.loc	1 171 9                         @ ../../libraries/sdk/drives/fsl_flexio_spi_edma.c:171:9
	cbz	r0, .LBB4_12
	b	.LBB4_11
.LBB4_11:
	.loc	1 0 9                           @ ../../libraries/sdk/drives/fsl_flexio_spi_edma.c:0:9
	movs	r0, #4
.Ltmp75:
	.loc	1 173 9 is_stmt 1               @ ../../libraries/sdk/drives/fsl_flexio_spi_edma.c:173:9
	str	r0, [sp, #44]
	b	.LBB4_42
.Ltmp76:
.LBB4_12:
	.loc	1 177 28                        @ ../../libraries/sdk/drives/fsl_flexio_spi_edma.c:177:28
	ldr	r0, [sp, #32]
	.loc	1 177 34 is_stmt 0              @ ../../libraries/sdk/drives/fsl_flexio_spi_edma.c:177:34
	ldr	r0, [r0, #8]
	.loc	1 177 5                         @ ../../libraries/sdk/drives/fsl_flexio_spi_edma.c:177:5
	ldr	r1, [sp, #36]
	.loc	1 177 26                        @ ../../libraries/sdk/drives/fsl_flexio_spi_edma.c:177:26
	str	r0, [r1]
	.loc	1 180 65 is_stmt 1              @ ../../libraries/sdk/drives/fsl_flexio_spi_edma.c:180:65
	ldr	r0, [sp, #40]
	.loc	1 180 71 is_stmt 0              @ ../../libraries/sdk/drives/fsl_flexio_spi_edma.c:180:71
	ldrb.w	r1, [sp, #7]
	.loc	1 180 29                        @ ../../libraries/sdk/drives/fsl_flexio_spi_edma.c:180:29
	bl	FLEXIO_SPI_GetTxDataRegisterAddress
	.loc	1 180 27                        @ ../../libraries/sdk/drives/fsl_flexio_spi_edma.c:180:27
	str	r0, [sp, #12]
	movs	r0, #0
	.loc	1 181 27 is_stmt 1              @ ../../libraries/sdk/drives/fsl_flexio_spi_edma.c:181:27
	strh.w	r0, [sp, #20]
.Ltmp77:
	.loc	1 182 9                         @ ../../libraries/sdk/drives/fsl_flexio_spi_edma.c:182:9
	ldrb.w	r0, [sp, #6]
.Ltmp78:
	.loc	1 182 9 is_stmt 0               @ ../../libraries/sdk/drives/fsl_flexio_spi_edma.c:182:9
	cmp	r0, #1
	bne	.LBB4_14
	b	.LBB4_13
.LBB4_13:
	.loc	1 0 9                           @ ../../libraries/sdk/drives/fsl_flexio_spi_edma.c:0:9
	movs	r0, #0
.Ltmp79:
	.loc	1 184 37 is_stmt 1              @ ../../libraries/sdk/drives/fsl_flexio_spi_edma.c:184:37
	strb.w	r0, [sp, #16]
	.loc	1 185 37                        @ ../../libraries/sdk/drives/fsl_flexio_spi_edma.c:185:37
	strb.w	r0, [sp, #17]
	movs	r0, #1
	.loc	1 186 37                        @ ../../libraries/sdk/drives/fsl_flexio_spi_edma.c:186:37
	str	r0, [sp, #24]
	.loc	1 187 5                         @ ../../libraries/sdk/drives/fsl_flexio_spi_edma.c:187:5
	b	.LBB4_22
.Ltmp80:
.LBB4_14:
	.loc	1 188 14                        @ ../../libraries/sdk/drives/fsl_flexio_spi_edma.c:188:14
	ldrb.w	r0, [sp, #6]
.Ltmp81:
	.loc	1 188 14 is_stmt 0              @ ../../libraries/sdk/drives/fsl_flexio_spi_edma.c:188:14
	cmp	r0, #2
	bne	.LBB4_18
	b	.LBB4_15
.LBB4_15:
.Ltmp82:
	.loc	1 190 13 is_stmt 1              @ ../../libraries/sdk/drives/fsl_flexio_spi_edma.c:190:13
	ldrb.w	r0, [sp, #7]
.Ltmp83:
	.loc	1 190 13 is_stmt 0              @ ../../libraries/sdk/drives/fsl_flexio_spi_edma.c:190:13
	cbnz	r0, .LBB4_17
	b	.LBB4_16
.LBB4_16:
.Ltmp84:
	.loc	1 192 33 is_stmt 1              @ ../../libraries/sdk/drives/fsl_flexio_spi_edma.c:192:33
	ldr	r0, [sp, #12]
	subs	r0, #1
	str	r0, [sp, #12]
	.loc	1 193 9                         @ ../../libraries/sdk/drives/fsl_flexio_spi_edma.c:193:9
	b	.LBB4_17
.Ltmp85:
.LBB4_17:
	.loc	1 0 9 is_stmt 0                 @ ../../libraries/sdk/drives/fsl_flexio_spi_edma.c:0:9
	movs	r0, #1
	.loc	1 194 37 is_stmt 1              @ ../../libraries/sdk/drives/fsl_flexio_spi_edma.c:194:37
	strb.w	r0, [sp, #16]
	.loc	1 195 37                        @ ../../libraries/sdk/drives/fsl_flexio_spi_edma.c:195:37
	strb.w	r0, [sp, #17]
	movs	r0, #2
	.loc	1 196 37                        @ ../../libraries/sdk/drives/fsl_flexio_spi_edma.c:196:37
	str	r0, [sp, #24]
	.loc	1 197 5                         @ ../../libraries/sdk/drives/fsl_flexio_spi_edma.c:197:5
	b	.LBB4_21
.Ltmp86:
.LBB4_18:
	.loc	1 200 13                        @ ../../libraries/sdk/drives/fsl_flexio_spi_edma.c:200:13
	ldrb.w	r0, [sp, #7]
.Ltmp87:
	.loc	1 200 13 is_stmt 0              @ ../../libraries/sdk/drives/fsl_flexio_spi_edma.c:200:13
	cbnz	r0, .LBB4_20
	b	.LBB4_19
.LBB4_19:
.Ltmp88:
	.loc	1 202 33 is_stmt 1              @ ../../libraries/sdk/drives/fsl_flexio_spi_edma.c:202:33
	ldr	r0, [sp, #12]
	subs	r0, #3
	str	r0, [sp, #12]
	.loc	1 203 9                         @ ../../libraries/sdk/drives/fsl_flexio_spi_edma.c:203:9
	b	.LBB4_20
.Ltmp89:
.LBB4_20:
	.loc	1 0 9 is_stmt 0                 @ ../../libraries/sdk/drives/fsl_flexio_spi_edma.c:0:9
	movs	r0, #2
	.loc	1 204 37 is_stmt 1              @ ../../libraries/sdk/drives/fsl_flexio_spi_edma.c:204:37
	strb.w	r0, [sp, #16]
	.loc	1 205 37                        @ ../../libraries/sdk/drives/fsl_flexio_spi_edma.c:205:37
	strb.w	r0, [sp, #17]
	movs	r0, #4
	.loc	1 206 37                        @ ../../libraries/sdk/drives/fsl_flexio_spi_edma.c:206:37
	str	r0, [sp, #24]
	b	.LBB4_21
.Ltmp90:
.LBB4_21:
	.loc	1 0 37 is_stmt 0                @ ../../libraries/sdk/drives/fsl_flexio_spi_edma.c:0:37
	b	.LBB4_22
.LBB4_22:
.Ltmp91:
	.loc	1 210 9 is_stmt 1               @ ../../libraries/sdk/drives/fsl_flexio_spi_edma.c:210:9
	ldr	r0, [sp, #32]
	.loc	1 210 15 is_stmt 0              @ ../../libraries/sdk/drives/fsl_flexio_spi_edma.c:210:15
	ldr	r0, [r0]
.Ltmp92:
	.loc	1 210 9                         @ ../../libraries/sdk/drives/fsl_flexio_spi_edma.c:210:9
	cbz	r0, .LBB4_24
	b	.LBB4_23
.LBB4_23:
.Ltmp93:
	.loc	1 212 41 is_stmt 1              @ ../../libraries/sdk/drives/fsl_flexio_spi_edma.c:212:41
	ldrb.w	r0, [sp, #6]
	.loc	1 212 30 is_stmt 0              @ ../../libraries/sdk/drives/fsl_flexio_spi_edma.c:212:30
	strh.w	r0, [sp, #18]
	.loc	1 213 43 is_stmt 1              @ ../../libraries/sdk/drives/fsl_flexio_spi_edma.c:213:43
	ldr	r0, [sp, #32]
	.loc	1 213 49 is_stmt 0              @ ../../libraries/sdk/drives/fsl_flexio_spi_edma.c:213:49
	ldr	r0, [r0]
	.loc	1 213 30                        @ ../../libraries/sdk/drives/fsl_flexio_spi_edma.c:213:30
	str	r0, [sp, #8]
	.loc	1 214 5 is_stmt 1               @ ../../libraries/sdk/drives/fsl_flexio_spi_edma.c:214:5
	b	.LBB4_25
.Ltmp94:
.LBB4_24:
	.loc	1 0 5 is_stmt 0                 @ ../../libraries/sdk/drives/fsl_flexio_spi_edma.c:0:5
	movs	r0, #0
.Ltmp95:
	.loc	1 218 30 is_stmt 1              @ ../../libraries/sdk/drives/fsl_flexio_spi_edma.c:218:30
	strh.w	r0, [sp, #18]
	.loc	1 219 30                        @ ../../libraries/sdk/drives/fsl_flexio_spi_edma.c:219:30
	movw	r0, :lower16:s_dummyData
	movt	r0, :upper16:s_dummyData
	str	r0, [sp, #8]
	b	.LBB4_25
.Ltmp96:
.LBB4_25:
	.loc	1 222 35                        @ ../../libraries/sdk/drives/fsl_flexio_spi_edma.c:222:35
	ldr	r0, [sp, #32]
	.loc	1 222 41 is_stmt 0              @ ../../libraries/sdk/drives/fsl_flexio_spi_edma.c:222:41
	ldr	r0, [r0, #8]
	.loc	1 222 63                        @ ../../libraries/sdk/drives/fsl_flexio_spi_edma.c:222:63
	ldr	r1, [sp, #24]
	.loc	1 222 50                        @ ../../libraries/sdk/drives/fsl_flexio_spi_edma.c:222:50
	udiv	r0, r0, r1
	.loc	1 222 32                        @ ../../libraries/sdk/drives/fsl_flexio_spi_edma.c:222:32
	str	r0, [sp, #28]
	.loc	1 225 42 is_stmt 1              @ ../../libraries/sdk/drives/fsl_flexio_spi_edma.c:225:42
	ldr	r0, [sp, #24]
	.loc	1 225 5 is_stmt 0               @ ../../libraries/sdk/drives/fsl_flexio_spi_edma.c:225:5
	ldr	r1, [sp, #36]
	.loc	1 225 20                        @ ../../libraries/sdk/drives/fsl_flexio_spi_edma.c:225:20
	strb	r0, [r1, #4]
.Ltmp97:
	.loc	1 227 9 is_stmt 1               @ ../../libraries/sdk/drives/fsl_flexio_spi_edma.c:227:9
	ldr	r0, [sp, #36]
	.loc	1 227 17 is_stmt 0              @ ../../libraries/sdk/drives/fsl_flexio_spi_edma.c:227:17
	ldr	r0, [r0, #8]
.Ltmp98:
	.loc	1 227 9                         @ ../../libraries/sdk/drives/fsl_flexio_spi_edma.c:227:9
	cbz	r0, .LBB4_27
	b	.LBB4_26
.LBB4_26:
.Ltmp99:
	.loc	1 229 35 is_stmt 1              @ ../../libraries/sdk/drives/fsl_flexio_spi_edma.c:229:35
	ldr	r0, [sp, #36]
	.loc	1 229 43 is_stmt 0              @ ../../libraries/sdk/drives/fsl_flexio_spi_edma.c:229:43
	ldr	r0, [r0, #8]
	add	r1, sp, #8
	.loc	1 229 15                        @ ../../libraries/sdk/drives/fsl_flexio_spi_edma.c:229:15
	bl	EDMA_SubmitTransfer
	.loc	1 230 5 is_stmt 1               @ ../../libraries/sdk/drives/fsl_flexio_spi_edma.c:230:5
	b	.LBB4_27
.Ltmp100:
.LBB4_27:
	.loc	1 233 9                         @ ../../libraries/sdk/drives/fsl_flexio_spi_edma.c:233:9
	ldr	r0, [sp, #32]
	.loc	1 233 15 is_stmt 0              @ ../../libraries/sdk/drives/fsl_flexio_spi_edma.c:233:15
	ldr	r0, [r0, #4]
.Ltmp101:
	.loc	1 233 9                         @ ../../libraries/sdk/drives/fsl_flexio_spi_edma.c:233:9
	cmp	r0, #0
	beq	.LBB4_39
	b	.LBB4_28
.LBB4_28:
.Ltmp102:
	.loc	1 235 66 is_stmt 1              @ ../../libraries/sdk/drives/fsl_flexio_spi_edma.c:235:66
	ldr	r0, [sp, #40]
	.loc	1 235 72 is_stmt 0              @ ../../libraries/sdk/drives/fsl_flexio_spi_edma.c:235:72
	ldrb.w	r1, [sp, #7]
	.loc	1 235 30                        @ ../../libraries/sdk/drives/fsl_flexio_spi_edma.c:235:30
	bl	FLEXIO_SPI_GetRxDataRegisterAddress
	.loc	1 235 28                        @ ../../libraries/sdk/drives/fsl_flexio_spi_edma.c:235:28
	str	r0, [sp, #8]
.Ltmp103:
	.loc	1 236 13 is_stmt 1              @ ../../libraries/sdk/drives/fsl_flexio_spi_edma.c:236:13
	ldrb.w	r0, [sp, #6]
.Ltmp104:
	.loc	1 236 13 is_stmt 0              @ ../../libraries/sdk/drives/fsl_flexio_spi_edma.c:236:13
	cmp	r0, #2
	bne	.LBB4_32
	b	.LBB4_29
.LBB4_29:
.Ltmp105:
	.loc	1 238 17 is_stmt 1              @ ../../libraries/sdk/drives/fsl_flexio_spi_edma.c:238:17
	ldrb.w	r0, [sp, #7]
.Ltmp106:
	.loc	1 238 17 is_stmt 0              @ ../../libraries/sdk/drives/fsl_flexio_spi_edma.c:238:17
	cmp	r0, #1
	bne	.LBB4_31
	b	.LBB4_30
.LBB4_30:
.Ltmp107:
	.loc	1 240 36 is_stmt 1              @ ../../libraries/sdk/drives/fsl_flexio_spi_edma.c:240:36
	ldr	r0, [sp, #8]
	subs	r0, #1
	str	r0, [sp, #8]
	.loc	1 241 13                        @ ../../libraries/sdk/drives/fsl_flexio_spi_edma.c:241:13
	b	.LBB4_31
.Ltmp108:
.LBB4_31:
	.loc	1 242 9                         @ ../../libraries/sdk/drives/fsl_flexio_spi_edma.c:242:9
	b	.LBB4_38
.Ltmp109:
.LBB4_32:
	.loc	1 243 18                        @ ../../libraries/sdk/drives/fsl_flexio_spi_edma.c:243:18
	ldrb.w	r0, [sp, #6]
.Ltmp110:
	.loc	1 243 18 is_stmt 0              @ ../../libraries/sdk/drives/fsl_flexio_spi_edma.c:243:18
	cmp	r0, #4
	bne	.LBB4_36
	b	.LBB4_33
.LBB4_33:
.Ltmp111:
	.loc	1 245 17 is_stmt 1              @ ../../libraries/sdk/drives/fsl_flexio_spi_edma.c:245:17
	ldrb.w	r0, [sp, #7]
.Ltmp112:
	.loc	1 245 17 is_stmt 0              @ ../../libraries/sdk/drives/fsl_flexio_spi_edma.c:245:17
	cmp	r0, #1
	bne	.LBB4_35
	b	.LBB4_34
.LBB4_34:
.Ltmp113:
	.loc	1 247 36 is_stmt 1              @ ../../libraries/sdk/drives/fsl_flexio_spi_edma.c:247:36
	ldr	r0, [sp, #8]
	subs	r0, #3
	str	r0, [sp, #8]
	.loc	1 248 13                        @ ../../libraries/sdk/drives/fsl_flexio_spi_edma.c:248:13
	b	.LBB4_35
.Ltmp114:
.LBB4_35:
	.loc	1 249 9                         @ ../../libraries/sdk/drives/fsl_flexio_spi_edma.c:249:9
	b	.LBB4_37
.Ltmp115:
.LBB4_36:
	.loc	1 0 9 is_stmt 0                 @ ../../libraries/sdk/drives/fsl_flexio_spi_edma.c:0:9
	b	.LBB4_37
.LBB4_37:
	b	.LBB4_38
.LBB4_38:
	movs	r0, #0
	.loc	1 253 31 is_stmt 1              @ ../../libraries/sdk/drives/fsl_flexio_spi_edma.c:253:31
	strh.w	r0, [sp, #18]
	.loc	1 254 44                        @ ../../libraries/sdk/drives/fsl_flexio_spi_edma.c:254:44
	ldr	r0, [sp, #32]
	.loc	1 254 50 is_stmt 0              @ ../../libraries/sdk/drives/fsl_flexio_spi_edma.c:254:50
	ldr	r0, [r0, #4]
	.loc	1 254 31                        @ ../../libraries/sdk/drives/fsl_flexio_spi_edma.c:254:31
	str	r0, [sp, #12]
	.loc	1 255 42 is_stmt 1              @ ../../libraries/sdk/drives/fsl_flexio_spi_edma.c:255:42
	ldrb.w	r0, [sp, #6]
	.loc	1 255 31 is_stmt 0              @ ../../libraries/sdk/drives/fsl_flexio_spi_edma.c:255:31
	strh.w	r0, [sp, #20]
	.loc	1 256 35 is_stmt 1              @ ../../libraries/sdk/drives/fsl_flexio_spi_edma.c:256:35
	ldr	r0, [sp, #36]
	.loc	1 256 43 is_stmt 0              @ ../../libraries/sdk/drives/fsl_flexio_spi_edma.c:256:43
	ldr	r0, [r0, #12]
	add	r1, sp, #8
	.loc	1 256 15                        @ ../../libraries/sdk/drives/fsl_flexio_spi_edma.c:256:15
	bl	EDMA_SubmitTransfer
	.loc	1 257 9 is_stmt 1               @ ../../libraries/sdk/drives/fsl_flexio_spi_edma.c:257:9
	ldr	r0, [sp, #36]
	movs	r2, #1
	.loc	1 257 30 is_stmt 0              @ ../../libraries/sdk/drives/fsl_flexio_spi_edma.c:257:30
	strb	r2, [r0, #6]
	.loc	1 258 30 is_stmt 1              @ ../../libraries/sdk/drives/fsl_flexio_spi_edma.c:258:30
	ldr	r0, [sp, #40]
	movs	r1, #2
	.loc	1 258 9 is_stmt 0               @ ../../libraries/sdk/drives/fsl_flexio_spi_edma.c:258:9
	bl	FLEXIO_SPI_EnableDMA
	.loc	1 259 28 is_stmt 1              @ ../../libraries/sdk/drives/fsl_flexio_spi_edma.c:259:28
	ldr	r0, [sp, #36]
	.loc	1 259 36 is_stmt 0              @ ../../libraries/sdk/drives/fsl_flexio_spi_edma.c:259:36
	ldr	r0, [r0, #12]
	.loc	1 259 9                         @ ../../libraries/sdk/drives/fsl_flexio_spi_edma.c:259:9
	bl	EDMA_StartTransfer
	.loc	1 260 5 is_stmt 1               @ ../../libraries/sdk/drives/fsl_flexio_spi_edma.c:260:5
	b	.LBB4_39
.Ltmp116:
.LBB4_39:
	.loc	1 263 9                         @ ../../libraries/sdk/drives/fsl_flexio_spi_edma.c:263:9
	ldr	r0, [sp, #36]
	.loc	1 263 17 is_stmt 0              @ ../../libraries/sdk/drives/fsl_flexio_spi_edma.c:263:17
	ldr	r0, [r0, #8]
.Ltmp117:
	.loc	1 263 9                         @ ../../libraries/sdk/drives/fsl_flexio_spi_edma.c:263:9
	cbz	r0, .LBB4_41
	b	.LBB4_40
.LBB4_40:
.Ltmp118:
	.loc	1 265 9 is_stmt 1               @ ../../libraries/sdk/drives/fsl_flexio_spi_edma.c:265:9
	ldr	r0, [sp, #36]
	movs	r2, #1
	.loc	1 265 30 is_stmt 0              @ ../../libraries/sdk/drives/fsl_flexio_spi_edma.c:265:30
	strb	r2, [r0, #5]
	.loc	1 266 30 is_stmt 1              @ ../../libraries/sdk/drives/fsl_flexio_spi_edma.c:266:30
	ldr	r0, [sp, #40]
	.loc	1 266 9 is_stmt 0               @ ../../libraries/sdk/drives/fsl_flexio_spi_edma.c:266:9
	mov	r1, r2
	bl	FLEXIO_SPI_EnableDMA
	.loc	1 267 28 is_stmt 1              @ ../../libraries/sdk/drives/fsl_flexio_spi_edma.c:267:28
	ldr	r0, [sp, #36]
	.loc	1 267 36 is_stmt 0              @ ../../libraries/sdk/drives/fsl_flexio_spi_edma.c:267:36
	ldr	r0, [r0, #8]
	.loc	1 267 9                         @ ../../libraries/sdk/drives/fsl_flexio_spi_edma.c:267:9
	bl	EDMA_StartTransfer
	.loc	1 268 5 is_stmt 1               @ ../../libraries/sdk/drives/fsl_flexio_spi_edma.c:268:5
	b	.LBB4_41
.Ltmp119:
.LBB4_41:
	.loc	1 0 5 is_stmt 0                 @ ../../libraries/sdk/drives/fsl_flexio_spi_edma.c:0:5
	movs	r0, #0
	.loc	1 270 5 is_stmt 1               @ ../../libraries/sdk/drives/fsl_flexio_spi_edma.c:270:5
	str	r0, [sp, #44]
	b	.LBB4_42
.LBB4_42:
	.loc	1 271 1                         @ ../../libraries/sdk/drives/fsl_flexio_spi_edma.c:271:1
	ldr	r0, [sp, #44]
	add	sp, #48
	pop	{r7, pc}
.Ltmp120:
.Lfunc_end4:
	.size	FLEXIO_SPI_EDMAConfig, .Lfunc_end4-FLEXIO_SPI_EDMAConfig
	.cfi_endproc
	.cantunwind
	.fnend
                                        @ -- End function
	.section	.text.FLEXIO_SPI_MasterTransferGetCountEDMA,"ax",%progbits
	.hidden	FLEXIO_SPI_MasterTransferGetCountEDMA @ -- Begin function FLEXIO_SPI_MasterTransferGetCountEDMA
	.globl	FLEXIO_SPI_MasterTransferGetCountEDMA
	.p2align	3
	.type	FLEXIO_SPI_MasterTransferGetCountEDMA,%function
	.code	16                              @ @FLEXIO_SPI_MasterTransferGetCountEDMA
	.thumb_func
FLEXIO_SPI_MasterTransferGetCountEDMA:
.Lfunc_begin5:
	.loc	1 435 0                         @ ../../libraries/sdk/drives/fsl_flexio_spi_edma.c:435:0
	.fnstart
	.cfi_startproc
@ %bb.0:
	.save	{r7, lr}
	push	{r7, lr}
	.cfi_def_cfa_offset 8
	.cfi_offset lr, -4
	.cfi_offset r7, -8
	.pad	#32
	sub	sp, #32
	.cfi_def_cfa_offset 40
	str	r0, [sp, #24]
	str	r1, [sp, #20]
	str	r2, [sp, #16]
.Ltmp121:
	.loc	1 436 5 prologue_end            @ ../../libraries/sdk/drives/fsl_flexio_spi_edma.c:436:5
	ldr	r0, [sp, #20]
	cbz	r0, .LBB5_2
	b	.LBB5_1
.LBB5_1:
	b	.LBB5_3
.LBB5_2:
	movw	r0, :lower16:.L.str
	movt	r0, :upper16:.L.str
	movw	r1, :lower16:.L.str.1
	movt	r1, :upper16:.L.str.1
	mov.w	r2, #436
	bl	__aeabi_assert
.LBB5_3:
.Ltmp122:
	.loc	1 438 17                        @ ../../libraries/sdk/drives/fsl_flexio_spi_edma.c:438:17
	ldr	r0, [sp, #16]
.Ltmp123:
	.loc	1 438 9 is_stmt 0               @ ../../libraries/sdk/drives/fsl_flexio_spi_edma.c:438:9
	cbnz	r0, .LBB5_5
	b	.LBB5_4
.LBB5_4:
	.loc	1 0 9                           @ ../../libraries/sdk/drives/fsl_flexio_spi_edma.c:0:9
	movs	r0, #4
.Ltmp124:
	.loc	1 440 9 is_stmt 1               @ ../../libraries/sdk/drives/fsl_flexio_spi_edma.c:440:9
	str	r0, [sp, #28]
	b	.LBB5_9
.Ltmp125:
.LBB5_5:
	.loc	1 443 9                         @ ../../libraries/sdk/drives/fsl_flexio_spi_edma.c:443:9
	ldr	r0, [sp, #20]
	.loc	1 443 17 is_stmt 0              @ ../../libraries/sdk/drives/fsl_flexio_spi_edma.c:443:17
	ldrb	r0, [r0, #6]
.Ltmp126:
	.loc	1 443 9                         @ ../../libraries/sdk/drives/fsl_flexio_spi_edma.c:443:9
	lsls	r0, r0, #31
	cbz	r0, .LBB5_7
	b	.LBB5_6
.LBB5_6:
.Ltmp127:
	.loc	1 446 14 is_stmt 1              @ ../../libraries/sdk/drives/fsl_flexio_spi_edma.c:446:14
	ldr	r0, [sp, #20]
	.loc	1 446 22 is_stmt 0              @ ../../libraries/sdk/drives/fsl_flexio_spi_edma.c:446:22
	ldr	r1, [r0]
	.loc	1 446 55                        @ ../../libraries/sdk/drives/fsl_flexio_spi_edma.c:446:55
	str	r1, [sp, #8]                    @ 4-byte Spill
	ldrb	r1, [r0, #4]
	.loc	1 447 76 is_stmt 1              @ ../../libraries/sdk/drives/fsl_flexio_spi_edma.c:447:76
	str	r1, [sp, #12]                   @ 4-byte Spill
	ldr	r1, [r0, #12]
	.loc	1 447 86 is_stmt 0              @ ../../libraries/sdk/drives/fsl_flexio_spi_edma.c:447:86
	ldr	r0, [r1, #8]
	.loc	1 447 110                       @ ../../libraries/sdk/drives/fsl_flexio_spi_edma.c:447:110
	ldrb	r1, [r1, #16]
	.loc	1 446 64 is_stmt 1              @ ../../libraries/sdk/drives/fsl_flexio_spi_edma.c:446:64
	bl	EDMA_GetRemainingMajorLoopCount
	ldr	r2, [sp, #8]                    @ 4-byte Reload
	mov	r1, r0
	.loc	1 446 35 is_stmt 0              @ ../../libraries/sdk/drives/fsl_flexio_spi_edma.c:446:35
	ldr	r0, [sp, #12]                   @ 4-byte Reload
	mls	r0, r0, r1, r2
	.loc	1 445 10 is_stmt 1              @ ../../libraries/sdk/drives/fsl_flexio_spi_edma.c:445:10
	ldr	r1, [sp, #16]
	.loc	1 445 16 is_stmt 0              @ ../../libraries/sdk/drives/fsl_flexio_spi_edma.c:445:16
	str	r0, [r1]
	.loc	1 448 5 is_stmt 1               @ ../../libraries/sdk/drives/fsl_flexio_spi_edma.c:448:5
	b	.LBB5_8
.Ltmp128:
.LBB5_7:
	.loc	1 452 14                        @ ../../libraries/sdk/drives/fsl_flexio_spi_edma.c:452:14
	ldr	r0, [sp, #20]
	.loc	1 452 22 is_stmt 0              @ ../../libraries/sdk/drives/fsl_flexio_spi_edma.c:452:22
	ldr	r1, [r0]
	.loc	1 452 55                        @ ../../libraries/sdk/drives/fsl_flexio_spi_edma.c:452:55
	str	r1, [sp]                        @ 4-byte Spill
	ldrb	r1, [r0, #4]
	.loc	1 453 76 is_stmt 1              @ ../../libraries/sdk/drives/fsl_flexio_spi_edma.c:453:76
	str	r1, [sp, #4]                    @ 4-byte Spill
	ldr	r1, [r0, #8]
	.loc	1 453 86 is_stmt 0              @ ../../libraries/sdk/drives/fsl_flexio_spi_edma.c:453:86
	ldr	r0, [r1, #8]
	.loc	1 453 110                       @ ../../libraries/sdk/drives/fsl_flexio_spi_edma.c:453:110
	ldrb	r1, [r1, #16]
	.loc	1 452 64 is_stmt 1              @ ../../libraries/sdk/drives/fsl_flexio_spi_edma.c:452:64
	bl	EDMA_GetRemainingMajorLoopCount
	ldr	r2, [sp]                        @ 4-byte Reload
	mov	r1, r0
	.loc	1 452 35 is_stmt 0              @ ../../libraries/sdk/drives/fsl_flexio_spi_edma.c:452:35
	ldr	r0, [sp, #4]                    @ 4-byte Reload
	mls	r0, r0, r1, r2
	.loc	1 451 10 is_stmt 1              @ ../../libraries/sdk/drives/fsl_flexio_spi_edma.c:451:10
	ldr	r1, [sp, #16]
	.loc	1 451 16 is_stmt 0              @ ../../libraries/sdk/drives/fsl_flexio_spi_edma.c:451:16
	str	r0, [r1]
	b	.LBB5_8
.Ltmp129:
.LBB5_8:
	.loc	1 0 16                          @ ../../libraries/sdk/drives/fsl_flexio_spi_edma.c:0:16
	movs	r0, #0
	.loc	1 456 5 is_stmt 1               @ ../../libraries/sdk/drives/fsl_flexio_spi_edma.c:456:5
	str	r0, [sp, #28]
	b	.LBB5_9
.LBB5_9:
	.loc	1 457 1                         @ ../../libraries/sdk/drives/fsl_flexio_spi_edma.c:457:1
	ldr	r0, [sp, #28]
	add	sp, #32
	pop	{r7, pc}
.Ltmp130:
.Lfunc_end5:
	.size	FLEXIO_SPI_MasterTransferGetCountEDMA, .Lfunc_end5-FLEXIO_SPI_MasterTransferGetCountEDMA
	.cfi_endproc
	.cantunwind
	.fnend
                                        @ -- End function
	.section	.text.FLEXIO_SPI_MasterTransferAbortEDMA,"ax",%progbits
	.hidden	FLEXIO_SPI_MasterTransferAbortEDMA @ -- Begin function FLEXIO_SPI_MasterTransferAbortEDMA
	.globl	FLEXIO_SPI_MasterTransferAbortEDMA
	.p2align	3
	.type	FLEXIO_SPI_MasterTransferAbortEDMA,%function
	.code	16                              @ @FLEXIO_SPI_MasterTransferAbortEDMA
	.thumb_func
FLEXIO_SPI_MasterTransferAbortEDMA:
.Lfunc_begin6:
	.loc	1 466 0                         @ ../../libraries/sdk/drives/fsl_flexio_spi_edma.c:466:0
	.fnstart
	.cfi_startproc
@ %bb.0:
	.save	{r7, lr}
	push	{r7, lr}
	.cfi_def_cfa_offset 8
	.cfi_offset lr, -4
	.cfi_offset r7, -8
	.pad	#16
	sub	sp, #16
	.cfi_def_cfa_offset 24
	str	r0, [sp, #12]
	str	r1, [sp, #8]
.Ltmp131:
	.loc	1 467 5 prologue_end            @ ../../libraries/sdk/drives/fsl_flexio_spi_edma.c:467:5
	ldr	r0, [sp, #8]
	cbz	r0, .LBB6_2
	b	.LBB6_1
.LBB6_1:
	b	.LBB6_3
.LBB6_2:
	movw	r0, :lower16:.L.str
	movt	r0, :upper16:.L.str
	movw	r1, :lower16:.L.str.1
	movt	r1, :upper16:.L.str.1
	movw	r2, #467
	bl	__aeabi_assert
.LBB6_3:
	ldr	r0, [sp, #8]
	.loc	1 470 32                        @ ../../libraries/sdk/drives/fsl_flexio_spi_edma.c:470:32
	ldr	r0, [r0, #8]
	.loc	1 470 5 is_stmt 0               @ ../../libraries/sdk/drives/fsl_flexio_spi_edma.c:470:5
	bl	EDMA_AbortTransfer
	.loc	1 471 24 is_stmt 1              @ ../../libraries/sdk/drives/fsl_flexio_spi_edma.c:471:24
	ldr	r0, [sp, #8]
	.loc	1 471 32 is_stmt 0              @ ../../libraries/sdk/drives/fsl_flexio_spi_edma.c:471:32
	ldr	r0, [r0, #12]
	.loc	1 471 5                         @ ../../libraries/sdk/drives/fsl_flexio_spi_edma.c:471:5
	bl	EDMA_AbortTransfer
	.loc	1 474 26 is_stmt 1              @ ../../libraries/sdk/drives/fsl_flexio_spi_edma.c:474:26
	ldr	r0, [sp, #12]
	movs	r1, #3
	movs	r2, #0
	.loc	1 474 5 is_stmt 0               @ ../../libraries/sdk/drives/fsl_flexio_spi_edma.c:474:5
	str	r2, [sp, #4]                    @ 4-byte Spill
	bl	FLEXIO_SPI_EnableDMA
	ldr	r0, [sp, #4]                    @ 4-byte Reload
	.loc	1 477 5 is_stmt 1               @ ../../libraries/sdk/drives/fsl_flexio_spi_edma.c:477:5
	ldr	r1, [sp, #8]
	.loc	1 477 26 is_stmt 0              @ ../../libraries/sdk/drives/fsl_flexio_spi_edma.c:477:26
	strb	r0, [r1, #5]
	.loc	1 478 5 is_stmt 1               @ ../../libraries/sdk/drives/fsl_flexio_spi_edma.c:478:5
	ldr	r1, [sp, #8]
	.loc	1 478 26 is_stmt 0              @ ../../libraries/sdk/drives/fsl_flexio_spi_edma.c:478:26
	strb	r0, [r1, #6]
	.loc	1 479 1 is_stmt 1               @ ../../libraries/sdk/drives/fsl_flexio_spi_edma.c:479:1
	add	sp, #16
	pop	{r7, pc}
.Ltmp132:
.Lfunc_end6:
	.size	FLEXIO_SPI_MasterTransferAbortEDMA, .Lfunc_end6-FLEXIO_SPI_MasterTransferAbortEDMA
	.cfi_endproc
	.cantunwind
	.fnend
                                        @ -- End function
	.section	.text.FLEXIO_SPI_SlaveTransferEDMA,"ax",%progbits
	.hidden	FLEXIO_SPI_SlaveTransferEDMA    @ -- Begin function FLEXIO_SPI_SlaveTransferEDMA
	.globl	FLEXIO_SPI_SlaveTransferEDMA
	.p2align	3
	.type	FLEXIO_SPI_SlaveTransferEDMA,%function
	.code	16                              @ @FLEXIO_SPI_SlaveTransferEDMA
	.thumb_func
FLEXIO_SPI_SlaveTransferEDMA:
.Lfunc_begin7:
	.loc	1 498 0                         @ ../../libraries/sdk/drives/fsl_flexio_spi_edma.c:498:0
	.fnstart
	.cfi_startproc
@ %bb.0:
	.save	{r7, lr}
	push	{r7, lr}
	.cfi_def_cfa_offset 8
	.cfi_offset lr, -4
	.cfi_offset r7, -8
	.pad	#24
	sub	sp, #24
	.cfi_def_cfa_offset 32
	str	r0, [sp, #16]
	str	r1, [sp, #12]
	str	r2, [sp, #8]
.Ltmp133:
	.loc	1 499 5 prologue_end            @ ../../libraries/sdk/drives/fsl_flexio_spi_edma.c:499:5
	ldr	r0, [sp, #12]
	cbz	r0, .LBB7_2
	b	.LBB7_1
.LBB7_1:
	b	.LBB7_3
.LBB7_2:
	movw	r0, :lower16:.L.str
	movt	r0, :upper16:.L.str
	movw	r1, :lower16:.L.str.1
	movt	r1, :upper16:.L.str.1
	movw	r2, #499
	bl	__aeabi_assert
.LBB7_3:
	.loc	1 500 5                         @ ../../libraries/sdk/drives/fsl_flexio_spi_edma.c:500:5
	ldr	r0, [sp, #8]
	cbz	r0, .LBB7_5
	b	.LBB7_4
.LBB7_4:
	b	.LBB7_6
.LBB7_5:
	movw	r0, :lower16:.L.str.2
	movt	r0, :upper16:.L.str.2
	movw	r1, :lower16:.L.str.1
	movt	r1, :upper16:.L.str.1
	mov.w	r2, #500
	bl	__aeabi_assert
.LBB7_6:
	.loc	1 0 5 is_stmt 0                 @ ../../libraries/sdk/drives/fsl_flexio_spi_edma.c:0:5
	movs	r0, #0
	.loc	1 502 14 is_stmt 1              @ ../../libraries/sdk/drives/fsl_flexio_spi_edma.c:502:14
	str	r0, [sp, #4]
	.loc	1 503 26                        @ ../../libraries/sdk/drives/fsl_flexio_spi_edma.c:503:26
	ldr	r0, [sp, #8]
	ldrb	r0, [r0, #12]
	and	r0, r0, #7
	.loc	1 503 13 is_stmt 0              @ ../../libraries/sdk/drives/fsl_flexio_spi_edma.c:503:13
	strb.w	r0, [sp, #3]
.Ltmp134:
	.loc	1 506 10 is_stmt 1              @ ../../libraries/sdk/drives/fsl_flexio_spi_edma.c:506:10
	ldr	r0, [sp, #12]
	.loc	1 506 18 is_stmt 0              @ ../../libraries/sdk/drives/fsl_flexio_spi_edma.c:506:18
	ldrb	r0, [r0, #5]
	.loc	1 506 32                        @ ../../libraries/sdk/drives/fsl_flexio_spi_edma.c:506:32
	lsls	r0, r0, #31
	cbnz	r0, .LBB7_8
	b	.LBB7_7
.LBB7_7:
	.loc	1 506 36                        @ ../../libraries/sdk/drives/fsl_flexio_spi_edma.c:506:36
	ldr	r0, [sp, #12]
	.loc	1 506 44                        @ ../../libraries/sdk/drives/fsl_flexio_spi_edma.c:506:44
	ldrb	r0, [r0, #6]
.Ltmp135:
	.loc	1 506 9                         @ ../../libraries/sdk/drives/fsl_flexio_spi_edma.c:506:9
	lsls	r0, r0, #31
	cbz	r0, .LBB7_9
	b	.LBB7_8
.LBB7_8:
	.loc	1 0 9                           @ ../../libraries/sdk/drives/fsl_flexio_spi_edma.c:0:9
	movw	r0, #501
.Ltmp136:
	.loc	1 508 9 is_stmt 1               @ ../../libraries/sdk/drives/fsl_flexio_spi_edma.c:508:9
	str	r0, [sp, #20]
	b	.LBB7_32
.Ltmp137:
.LBB7_9:
	.loc	1 516 30                        @ ../../libraries/sdk/drives/fsl_flexio_spi_edma.c:516:30
	ldr	r0, [sp, #16]
	.loc	1 516 5 is_stmt 0               @ ../../libraries/sdk/drives/fsl_flexio_spi_edma.c:516:5
	bl	FLEXIO_SPI_FlushShifters
.Ltmp138:
	.loc	1 517 10 is_stmt 1              @ ../../libraries/sdk/drives/fsl_flexio_spi_edma.c:517:10
	ldr	r0, [sp, #8]
	ldrb	r0, [r0, #12]
.Ltmp139:
	.loc	1 517 9 is_stmt 0               @ ../../libraries/sdk/drives/fsl_flexio_spi_edma.c:517:9
	lsls	r0, r0, #28
	cmp	r0, #0
	bpl	.LBB7_11
	b	.LBB7_10
.LBB7_10:
.Ltmp140:
	.loc	1 519 9 is_stmt 1               @ ../../libraries/sdk/drives/fsl_flexio_spi_edma.c:519:9
	ldr	r1, [sp, #16]
	.loc	1 519 15 is_stmt 0              @ ../../libraries/sdk/drives/fsl_flexio_spi_edma.c:519:15
	ldr	r0, [r1]
	.loc	1 519 34                        @ ../../libraries/sdk/drives/fsl_flexio_spi_edma.c:519:34
	ldrb	r1, [r1, #10]
	.loc	1 519 27                        @ ../../libraries/sdk/drives/fsl_flexio_spi_edma.c:519:27
	add.w	r1, r0, r1, lsl #2
	.loc	1 519 55                        @ ../../libraries/sdk/drives/fsl_flexio_spi_edma.c:519:55
	ldr.w	r0, [r1, #1152]
	orr	r0, r0, #24576
	str.w	r0, [r1, #1152]
	.loc	1 520 5 is_stmt 1               @ ../../libraries/sdk/drives/fsl_flexio_spi_edma.c:520:5
	b	.LBB7_15
.Ltmp141:
.LBB7_11:
	.loc	1 523 14                        @ ../../libraries/sdk/drives/fsl_flexio_spi_edma.c:523:14
	ldr	r1, [sp, #16]
	.loc	1 523 20 is_stmt 0              @ ../../libraries/sdk/drives/fsl_flexio_spi_edma.c:523:20
	ldr	r0, [r1]
	.loc	1 523 41                        @ ../../libraries/sdk/drives/fsl_flexio_spi_edma.c:523:41
	ldrb	r1, [r1, #8]
	.loc	1 523 32                        @ ../../libraries/sdk/drives/fsl_flexio_spi_edma.c:523:32
	add.w	r0, r0, r1, lsl #2
	.loc	1 523 14                        @ ../../libraries/sdk/drives/fsl_flexio_spi_edma.c:523:14
	ldr.w	r0, [r0, #128]
.Ltmp142:
	.loc	1 523 13                        @ ../../libraries/sdk/drives/fsl_flexio_spi_edma.c:523:13
	lsls	r0, r0, #8
	cmp	r0, #0
	bpl	.LBB7_13
	b	.LBB7_12
.LBB7_12:
.Ltmp143:
	.loc	1 527 18 is_stmt 1              @ ../../libraries/sdk/drives/fsl_flexio_spi_edma.c:527:18
	ldr	r1, [sp, #16]
	.loc	1 527 24 is_stmt 0              @ ../../libraries/sdk/drives/fsl_flexio_spi_edma.c:527:24
	ldr	r0, [r1]
	.loc	1 527 43                        @ ../../libraries/sdk/drives/fsl_flexio_spi_edma.c:527:43
	ldrb	r1, [r1, #10]
	.loc	1 527 36                        @ ../../libraries/sdk/drives/fsl_flexio_spi_edma.c:527:36
	add.w	r0, r0, r1, lsl #2
	.loc	1 527 18                        @ ../../libraries/sdk/drives/fsl_flexio_spi_edma.c:527:18
	ldr.w	r0, [r0, #1152]
	movs	r1, #2
	.loc	1 527 94                        @ ../../libraries/sdk/drives/fsl_flexio_spi_edma.c:527:94
	bfi	r0, r1, #12, #3
	.loc	1 526 13 is_stmt 1              @ ../../libraries/sdk/drives/fsl_flexio_spi_edma.c:526:13
	ldr	r2, [sp, #16]
	.loc	1 526 19 is_stmt 0              @ ../../libraries/sdk/drives/fsl_flexio_spi_edma.c:526:19
	ldr	r1, [r2]
	.loc	1 526 38                        @ ../../libraries/sdk/drives/fsl_flexio_spi_edma.c:526:38
	ldrb	r2, [r2, #10]
	.loc	1 526 31                        @ ../../libraries/sdk/drives/fsl_flexio_spi_edma.c:526:31
	add.w	r1, r1, r2, lsl #2
	.loc	1 526 59                        @ ../../libraries/sdk/drives/fsl_flexio_spi_edma.c:526:59
	str.w	r0, [r1, #1152]
	.loc	1 529 9 is_stmt 1               @ ../../libraries/sdk/drives/fsl_flexio_spi_edma.c:529:9
	b	.LBB7_14
.Ltmp144:
.LBB7_13:
	.loc	1 533 18                        @ ../../libraries/sdk/drives/fsl_flexio_spi_edma.c:533:18
	ldr	r1, [sp, #16]
	.loc	1 533 24 is_stmt 0              @ ../../libraries/sdk/drives/fsl_flexio_spi_edma.c:533:24
	ldr	r0, [r1]
	.loc	1 533 43                        @ ../../libraries/sdk/drives/fsl_flexio_spi_edma.c:533:43
	ldrb	r1, [r1, #10]
	.loc	1 533 36                        @ ../../libraries/sdk/drives/fsl_flexio_spi_edma.c:533:36
	add.w	r0, r0, r1, lsl #2
	.loc	1 533 18                        @ ../../libraries/sdk/drives/fsl_flexio_spi_edma.c:533:18
	ldr.w	r0, [r0, #1152]
	movs	r1, #6
	.loc	1 533 94                        @ ../../libraries/sdk/drives/fsl_flexio_spi_edma.c:533:94
	bfi	r0, r1, #12, #3
	.loc	1 532 13 is_stmt 1              @ ../../libraries/sdk/drives/fsl_flexio_spi_edma.c:532:13
	ldr	r2, [sp, #16]
	.loc	1 532 19 is_stmt 0              @ ../../libraries/sdk/drives/fsl_flexio_spi_edma.c:532:19
	ldr	r1, [r2]
	.loc	1 532 38                        @ ../../libraries/sdk/drives/fsl_flexio_spi_edma.c:532:38
	ldrb	r2, [r2, #10]
	.loc	1 532 31                        @ ../../libraries/sdk/drives/fsl_flexio_spi_edma.c:532:31
	add.w	r1, r1, r2, lsl #2
	.loc	1 532 59                        @ ../../libraries/sdk/drives/fsl_flexio_spi_edma.c:532:59
	str.w	r0, [r1, #1152]
	b	.LBB7_14
.Ltmp145:
.LBB7_14:
	.loc	1 0 59                          @ ../../libraries/sdk/drives/fsl_flexio_spi_edma.c:0:59
	b	.LBB7_15
.LBB7_15:
.Ltmp146:
	.loc	1 539 11 is_stmt 1              @ ../../libraries/sdk/drives/fsl_flexio_spi_edma.c:539:11
	ldr	r0, [sp, #8]
	.loc	1 539 17 is_stmt 0              @ ../../libraries/sdk/drives/fsl_flexio_spi_edma.c:539:17
	ldr	r0, [r0]
	.loc	1 539 33                        @ ../../libraries/sdk/drives/fsl_flexio_spi_edma.c:539:33
	cbnz	r0, .LBB7_17
	b	.LBB7_16
.LBB7_16:
	.loc	1 539 37                        @ ../../libraries/sdk/drives/fsl_flexio_spi_edma.c:539:37
	ldr	r0, [sp, #8]
	.loc	1 539 43                        @ ../../libraries/sdk/drives/fsl_flexio_spi_edma.c:539:43
	ldr	r0, [r0, #4]
	.loc	1 539 60                        @ ../../libraries/sdk/drives/fsl_flexio_spi_edma.c:539:60
	cbz	r0, .LBB7_18
	b	.LBB7_17
.LBB7_17:
	.loc	1 539 64                        @ ../../libraries/sdk/drives/fsl_flexio_spi_edma.c:539:64
	ldr	r0, [sp, #8]
	.loc	1 539 70                        @ ../../libraries/sdk/drives/fsl_flexio_spi_edma.c:539:70
	ldr	r0, [r0, #8]
.Ltmp147:
	.loc	1 539 9                         @ ../../libraries/sdk/drives/fsl_flexio_spi_edma.c:539:9
	cbnz	r0, .LBB7_19
	b	.LBB7_18
.LBB7_18:
	.loc	1 0 9                           @ ../../libraries/sdk/drives/fsl_flexio_spi_edma.c:0:9
	movs	r0, #4
.Ltmp148:
	.loc	1 541 9 is_stmt 1               @ ../../libraries/sdk/drives/fsl_flexio_spi_edma.c:541:9
	str	r0, [sp, #20]
	b	.LBB7_32
.Ltmp149:
.LBB7_19:
	.loc	1 545 10                        @ ../../libraries/sdk/drives/fsl_flexio_spi_edma.c:545:10
	ldrb.w	r0, [sp, #3]
	.loc	1 545 54 is_stmt 0              @ ../../libraries/sdk/drives/fsl_flexio_spi_edma.c:545:54
	cbz	r0, .LBB7_21
	b	.LBB7_20
.LBB7_20:
	.loc	1 545 58                        @ ../../libraries/sdk/drives/fsl_flexio_spi_edma.c:545:58
	ldrb.w	r0, [sp, #3]
.Ltmp150:
	.loc	1 545 9                         @ ../../libraries/sdk/drives/fsl_flexio_spi_edma.c:545:9
	cmp	r0, #1
	bne	.LBB7_22
	b	.LBB7_21
.LBB7_21:
	.loc	1 0 9                           @ ../../libraries/sdk/drives/fsl_flexio_spi_edma.c:0:9
	movs	r0, #15
.Ltmp151:
	.loc	1 547 18 is_stmt 1              @ ../../libraries/sdk/drives/fsl_flexio_spi_edma.c:547:18
	str	r0, [sp, #4]
	.loc	1 548 5                         @ ../../libraries/sdk/drives/fsl_flexio_spi_edma.c:548:5
	b	.LBB7_31
.Ltmp152:
.LBB7_22:
	.loc	1 549 15                        @ ../../libraries/sdk/drives/fsl_flexio_spi_edma.c:549:15
	ldrb.w	r0, [sp, #3]
	.loc	1 549 60 is_stmt 0              @ ../../libraries/sdk/drives/fsl_flexio_spi_edma.c:549:60
	cmp	r0, #2
	beq	.LBB7_24
	b	.LBB7_23
.LBB7_23:
	.loc	1 549 64                        @ ../../libraries/sdk/drives/fsl_flexio_spi_edma.c:549:64
	ldrb.w	r0, [sp, #3]
.Ltmp153:
	.loc	1 549 14                        @ ../../libraries/sdk/drives/fsl_flexio_spi_edma.c:549:14
	cmp	r0, #3
	bne	.LBB7_25
	b	.LBB7_24
.LBB7_24:
	.loc	1 0 14                          @ ../../libraries/sdk/drives/fsl_flexio_spi_edma.c:0:14
	movs	r0, #31
.Ltmp154:
	.loc	1 551 18 is_stmt 1              @ ../../libraries/sdk/drives/fsl_flexio_spi_edma.c:551:18
	str	r0, [sp, #4]
	.loc	1 552 5                         @ ../../libraries/sdk/drives/fsl_flexio_spi_edma.c:552:5
	b	.LBB7_30
.Ltmp155:
.LBB7_25:
	.loc	1 553 15                        @ ../../libraries/sdk/drives/fsl_flexio_spi_edma.c:553:15
	ldrb.w	r0, [sp, #3]
	.loc	1 553 60 is_stmt 0              @ ../../libraries/sdk/drives/fsl_flexio_spi_edma.c:553:60
	cmp	r0, #4
	beq	.LBB7_27
	b	.LBB7_26
.LBB7_26:
	.loc	1 553 64                        @ ../../libraries/sdk/drives/fsl_flexio_spi_edma.c:553:64
	ldrb.w	r0, [sp, #3]
.Ltmp156:
	.loc	1 553 14                        @ ../../libraries/sdk/drives/fsl_flexio_spi_edma.c:553:14
	cmp	r0, #5
	bne	.LBB7_28
	b	.LBB7_27
.LBB7_27:
	.loc	1 0 14                          @ ../../libraries/sdk/drives/fsl_flexio_spi_edma.c:0:14
	movs	r0, #63
.Ltmp157:
	.loc	1 555 18 is_stmt 1              @ ../../libraries/sdk/drives/fsl_flexio_spi_edma.c:555:18
	str	r0, [sp, #4]
	.loc	1 556 5                         @ ../../libraries/sdk/drives/fsl_flexio_spi_edma.c:556:5
	b	.LBB7_29
.Ltmp158:
.LBB7_28:
	.loc	1 0 5 is_stmt 0                 @ ../../libraries/sdk/drives/fsl_flexio_spi_edma.c:0:5
	movs	r0, #15
.Ltmp159:
	.loc	1 559 18 is_stmt 1              @ ../../libraries/sdk/drives/fsl_flexio_spi_edma.c:559:18
	str	r0, [sp, #4]
	b	.LBB7_29
.Ltmp160:
.LBB7_29:
	.loc	1 0 18 is_stmt 0                @ ../../libraries/sdk/drives/fsl_flexio_spi_edma.c:0:18
	b	.LBB7_30
.LBB7_30:
	b	.LBB7_31
.LBB7_31:
	.loc	1 562 53 is_stmt 1              @ ../../libraries/sdk/drives/fsl_flexio_spi_edma.c:562:53
	ldr	r0, [sp, #4]
	.loc	1 562 5 is_stmt 0               @ ../../libraries/sdk/drives/fsl_flexio_spi_edma.c:562:5
	ldr	r2, [sp, #16]
	.loc	1 562 11                        @ ../../libraries/sdk/drives/fsl_flexio_spi_edma.c:562:11
	ldr	r1, [r2]
	.loc	1 562 30                        @ ../../libraries/sdk/drives/fsl_flexio_spi_edma.c:562:30
	ldrb	r2, [r2, #10]
	.loc	1 562 23                        @ ../../libraries/sdk/drives/fsl_flexio_spi_edma.c:562:23
	add.w	r1, r1, r2, lsl #2
	.loc	1 562 51                        @ ../../libraries/sdk/drives/fsl_flexio_spi_edma.c:562:51
	str.w	r0, [r1, #1280]
	.loc	1 564 34 is_stmt 1              @ ../../libraries/sdk/drives/fsl_flexio_spi_edma.c:564:34
	ldr	r0, [sp, #16]
	.loc	1 564 40 is_stmt 0              @ ../../libraries/sdk/drives/fsl_flexio_spi_edma.c:564:40
	ldr	r1, [sp, #12]
	.loc	1 564 48                        @ ../../libraries/sdk/drives/fsl_flexio_spi_edma.c:564:48
	ldr	r2, [sp, #8]
	.loc	1 564 12                        @ ../../libraries/sdk/drives/fsl_flexio_spi_edma.c:564:12
	bl	FLEXIO_SPI_EDMAConfig
	.loc	1 564 5                         @ ../../libraries/sdk/drives/fsl_flexio_spi_edma.c:564:5
	str	r0, [sp, #20]
	b	.LBB7_32
.LBB7_32:
	.loc	1 565 1 is_stmt 1               @ ../../libraries/sdk/drives/fsl_flexio_spi_edma.c:565:1
	ldr	r0, [sp, #20]
	add	sp, #24
	pop	{r7, pc}
.Ltmp161:
.Lfunc_end7:
	.size	FLEXIO_SPI_SlaveTransferEDMA, .Lfunc_end7-FLEXIO_SPI_SlaveTransferEDMA
	.cfi_endproc
	.cantunwind
	.fnend
                                        @ -- End function
	.section	.text.FLEXIO_SPI_GetTxDataRegisterAddress,"ax",%progbits
	.p2align	3                               @ -- Begin function FLEXIO_SPI_GetTxDataRegisterAddress
	.type	FLEXIO_SPI_GetTxDataRegisterAddress,%function
	.code	16                              @ @FLEXIO_SPI_GetTxDataRegisterAddress
	.thumb_func
FLEXIO_SPI_GetTxDataRegisterAddress:
.Lfunc_begin8:
	.loc	4 415 0                         @ ../../libraries/sdk/drives/fsl_flexio_spi.h:415:0
	.fnstart
	.cfi_startproc
@ %bb.0:
	.save	{r7, lr}
	push	{r7, lr}
	.cfi_def_cfa_offset 8
	.cfi_offset lr, -4
	.cfi_offset r7, -8
	.pad	#16
	sub	sp, #16
	.cfi_def_cfa_offset 24
                                        @ kill: def $r2 killed $r1
	str	r0, [sp, #8]
	strb.w	r1, [sp, #7]
.Ltmp162:
	.loc	4 416 9 prologue_end            @ ../../libraries/sdk/drives/fsl_flexio_spi.h:416:9
	ldrb.w	r0, [sp, #7]
.Ltmp163:
	.loc	4 416 9 is_stmt 0               @ ../../libraries/sdk/drives/fsl_flexio_spi.h:416:9
	cbnz	r0, .LBB8_2
	b	.LBB8_1
.LBB8_1:
.Ltmp164:
	.loc	4 418 47 is_stmt 1              @ ../../libraries/sdk/drives/fsl_flexio_spi.h:418:47
	ldr	r1, [sp, #8]
	.loc	4 418 53 is_stmt 0              @ ../../libraries/sdk/drives/fsl_flexio_spi.h:418:53
	ldr	r0, [r1]
	.loc	4 419 47 is_stmt 1              @ ../../libraries/sdk/drives/fsl_flexio_spi.h:419:47
	ldrb	r2, [r1, #8]
	movs	r1, #1
	.loc	4 418 16                        @ ../../libraries/sdk/drives/fsl_flexio_spi.h:418:16
	bl	FLEXIO_GetShifterBufferAddress
	.loc	4 419 70                        @ ../../libraries/sdk/drives/fsl_flexio_spi.h:419:70
	adds	r0, #3
	.loc	4 418 9                         @ ../../libraries/sdk/drives/fsl_flexio_spi.h:418:9
	str	r0, [sp, #12]
	b	.LBB8_3
.Ltmp165:
.LBB8_2:
	.loc	4 424 47                        @ ../../libraries/sdk/drives/fsl_flexio_spi.h:424:47
	ldr	r1, [sp, #8]
	.loc	4 424 53 is_stmt 0              @ ../../libraries/sdk/drives/fsl_flexio_spi.h:424:53
	ldr	r0, [r1]
	.loc	4 424 88                        @ ../../libraries/sdk/drives/fsl_flexio_spi.h:424:88
	ldrb	r2, [r1, #8]
	movs	r1, #0
	.loc	4 424 16                        @ ../../libraries/sdk/drives/fsl_flexio_spi.h:424:16
	bl	FLEXIO_GetShifterBufferAddress
	.loc	4 424 9                         @ ../../libraries/sdk/drives/fsl_flexio_spi.h:424:9
	str	r0, [sp, #12]
	b	.LBB8_3
.Ltmp166:
.LBB8_3:
	.loc	4 426 1 is_stmt 1               @ ../../libraries/sdk/drives/fsl_flexio_spi.h:426:1
	ldr	r0, [sp, #12]
	add	sp, #16
	pop	{r7, pc}
.Ltmp167:
.Lfunc_end8:
	.size	FLEXIO_SPI_GetTxDataRegisterAddress, .Lfunc_end8-FLEXIO_SPI_GetTxDataRegisterAddress
	.cfi_endproc
	.cantunwind
	.fnend
                                        @ -- End function
	.section	.text.FLEXIO_SPI_GetRxDataRegisterAddress,"ax",%progbits
	.p2align	3                               @ -- Begin function FLEXIO_SPI_GetRxDataRegisterAddress
	.type	FLEXIO_SPI_GetRxDataRegisterAddress,%function
	.code	16                              @ @FLEXIO_SPI_GetRxDataRegisterAddress
	.thumb_func
FLEXIO_SPI_GetRxDataRegisterAddress:
.Lfunc_begin9:
	.loc	4 439 0                         @ ../../libraries/sdk/drives/fsl_flexio_spi.h:439:0
	.fnstart
	.cfi_startproc
@ %bb.0:
	.save	{r7, lr}
	push	{r7, lr}
	.cfi_def_cfa_offset 8
	.cfi_offset lr, -4
	.cfi_offset r7, -8
	.pad	#16
	sub	sp, #16
	.cfi_def_cfa_offset 24
                                        @ kill: def $r2 killed $r1
	str	r0, [sp, #8]
	strb.w	r1, [sp, #7]
.Ltmp168:
	.loc	4 440 9 prologue_end            @ ../../libraries/sdk/drives/fsl_flexio_spi.h:440:9
	ldrb.w	r0, [sp, #7]
.Ltmp169:
	.loc	4 440 9 is_stmt 0               @ ../../libraries/sdk/drives/fsl_flexio_spi.h:440:9
	cbnz	r0, .LBB9_2
	b	.LBB9_1
.LBB9_1:
.Ltmp170:
	.loc	4 442 47 is_stmt 1              @ ../../libraries/sdk/drives/fsl_flexio_spi.h:442:47
	ldr	r1, [sp, #8]
	.loc	4 442 53 is_stmt 0              @ ../../libraries/sdk/drives/fsl_flexio_spi.h:442:53
	ldr	r0, [r1]
	.loc	4 442 98                        @ ../../libraries/sdk/drives/fsl_flexio_spi.h:442:98
	ldrb	r2, [r1, #9]
	movs	r1, #1
	.loc	4 442 16                        @ ../../libraries/sdk/drives/fsl_flexio_spi.h:442:16
	bl	FLEXIO_GetShifterBufferAddress
	.loc	4 442 9                         @ ../../libraries/sdk/drives/fsl_flexio_spi.h:442:9
	str	r0, [sp, #12]
	b	.LBB9_3
.Ltmp171:
.LBB9_2:
	.loc	4 446 47 is_stmt 1              @ ../../libraries/sdk/drives/fsl_flexio_spi.h:446:47
	ldr	r1, [sp, #8]
	.loc	4 446 53 is_stmt 0              @ ../../libraries/sdk/drives/fsl_flexio_spi.h:446:53
	ldr	r0, [r1]
	.loc	4 446 88                        @ ../../libraries/sdk/drives/fsl_flexio_spi.h:446:88
	ldrb	r2, [r1, #9]
	movs	r1, #0
	.loc	4 446 16                        @ ../../libraries/sdk/drives/fsl_flexio_spi.h:446:16
	bl	FLEXIO_GetShifterBufferAddress
	.loc	4 446 111                       @ ../../libraries/sdk/drives/fsl_flexio_spi.h:446:111
	adds	r0, #3
	.loc	4 446 9                         @ ../../libraries/sdk/drives/fsl_flexio_spi.h:446:9
	str	r0, [sp, #12]
	b	.LBB9_3
.Ltmp172:
.LBB9_3:
	.loc	4 448 1 is_stmt 1               @ ../../libraries/sdk/drives/fsl_flexio_spi.h:448:1
	ldr	r0, [sp, #12]
	add	sp, #16
	pop	{r7, pc}
.Ltmp173:
.Lfunc_end9:
	.size	FLEXIO_SPI_GetRxDataRegisterAddress, .Lfunc_end9-FLEXIO_SPI_GetRxDataRegisterAddress
	.cfi_endproc
	.cantunwind
	.fnend
                                        @ -- End function
	.type	.L.str,%object                  @ @.str
	.section	.rodata.str1.1,"aMS",%progbits,1
.L.str:
	.asciz	"handle != NULL"
	.size	.L.str, 15

	.type	.L.str.1,%object                @ @.str.1
.L.str.1:
	.asciz	"../../libraries/sdk/drives/fsl_flexio_spi_edma.c"
	.size	.L.str.1, 49

	.type	s_edmaPrivateHandle,%object     @ @s_edmaPrivateHandle
	.section	.bss.s_edmaPrivateHandle,"aw",%nobits
	.p2align	2, 0x0
s_edmaPrivateHandle:
	.zero	16
	.size	s_edmaPrivateHandle, 16

	.type	.L.str.2,%object                @ @.str.2
	.section	.rodata.str1.1,"aMS",%progbits,1
.L.str.2:
	.asciz	"xfer != NULL"
	.size	.L.str.2, 13

	.type	s_dummyData,%object             @ @s_dummyData
	.section	.rodata.s_dummyData,"a",%progbits
	.p2align	2, 0x0
s_dummyData:
	.long	4294967295                      @ 0xffffffff
	.size	s_dummyData, 4

	.section	.debug_abbrev,"",%progbits
	.byte	1                               @ Abbreviation Code
	.byte	17                              @ DW_TAG_compile_unit
	.byte	1                               @ DW_CHILDREN_yes
	.byte	37                              @ DW_AT_producer
	.byte	14                              @ DW_FORM_strp
	.byte	19                              @ DW_AT_language
	.byte	5                               @ DW_FORM_data2
	.byte	3                               @ DW_AT_name
	.byte	14                              @ DW_FORM_strp
	.byte	16                              @ DW_AT_stmt_list
	.byte	23                              @ DW_FORM_sec_offset
	.byte	27                              @ DW_AT_comp_dir
	.byte	14                              @ DW_FORM_strp
	.byte	17                              @ DW_AT_low_pc
	.byte	1                               @ DW_FORM_addr
	.byte	85                              @ DW_AT_ranges
	.byte	23                              @ DW_FORM_sec_offset
	.byte	0                               @ EOM(1)
	.byte	0                               @ EOM(2)
	.byte	2                               @ Abbreviation Code
	.byte	52                              @ DW_TAG_variable
	.byte	0                               @ DW_CHILDREN_no
	.byte	73                              @ DW_AT_type
	.byte	19                              @ DW_FORM_ref4
	.byte	58                              @ DW_AT_decl_file
	.byte	11                              @ DW_FORM_data1
	.byte	59                              @ DW_AT_decl_line
	.byte	5                               @ DW_FORM_data2
	.byte	2                               @ DW_AT_location
	.byte	24                              @ DW_FORM_exprloc
	.byte	0                               @ EOM(1)
	.byte	0                               @ EOM(2)
	.byte	3                               @ Abbreviation Code
	.byte	1                               @ DW_TAG_array_type
	.byte	1                               @ DW_CHILDREN_yes
	.byte	73                              @ DW_AT_type
	.byte	19                              @ DW_FORM_ref4
	.byte	0                               @ EOM(1)
	.byte	0                               @ EOM(2)
	.byte	4                               @ Abbreviation Code
	.byte	33                              @ DW_TAG_subrange_type
	.byte	0                               @ DW_CHILDREN_no
	.byte	73                              @ DW_AT_type
	.byte	19                              @ DW_FORM_ref4
	.byte	55                              @ DW_AT_count
	.byte	11                              @ DW_FORM_data1
	.byte	0                               @ EOM(1)
	.byte	0                               @ EOM(2)
	.byte	5                               @ Abbreviation Code
	.byte	36                              @ DW_TAG_base_type
	.byte	0                               @ DW_CHILDREN_no
	.byte	3                               @ DW_AT_name
	.byte	14                              @ DW_FORM_strp
	.byte	62                              @ DW_AT_encoding
	.byte	11                              @ DW_FORM_data1
	.byte	11                              @ DW_AT_byte_size
	.byte	11                              @ DW_FORM_data1
	.byte	0                               @ EOM(1)
	.byte	0                               @ EOM(2)
	.byte	6                               @ Abbreviation Code
	.byte	36                              @ DW_TAG_base_type
	.byte	0                               @ DW_CHILDREN_no
	.byte	3                               @ DW_AT_name
	.byte	14                              @ DW_FORM_strp
	.byte	11                              @ DW_AT_byte_size
	.byte	11                              @ DW_FORM_data1
	.byte	62                              @ DW_AT_encoding
	.byte	11                              @ DW_FORM_data1
	.byte	0                               @ EOM(1)
	.byte	0                               @ EOM(2)
	.byte	7                               @ Abbreviation Code
	.byte	52                              @ DW_TAG_variable
	.byte	0                               @ DW_CHILDREN_no
	.byte	3                               @ DW_AT_name
	.byte	14                              @ DW_FORM_strp
	.byte	73                              @ DW_AT_type
	.byte	19                              @ DW_FORM_ref4
	.byte	58                              @ DW_AT_decl_file
	.byte	11                              @ DW_FORM_data1
	.byte	59                              @ DW_AT_decl_line
	.byte	11                              @ DW_FORM_data1
	.byte	2                               @ DW_AT_location
	.byte	24                              @ DW_FORM_exprloc
	.byte	0                               @ EOM(1)
	.byte	0                               @ EOM(2)
	.byte	8                               @ Abbreviation Code
	.byte	22                              @ DW_TAG_typedef
	.byte	0                               @ DW_CHILDREN_no
	.byte	73                              @ DW_AT_type
	.byte	19                              @ DW_FORM_ref4
	.byte	3                               @ DW_AT_name
	.byte	14                              @ DW_FORM_strp
	.byte	58                              @ DW_AT_decl_file
	.byte	11                              @ DW_FORM_data1
	.byte	59                              @ DW_AT_decl_line
	.byte	11                              @ DW_FORM_data1
	.byte	0                               @ EOM(1)
	.byte	0                               @ EOM(2)
	.byte	9                               @ Abbreviation Code
	.byte	19                              @ DW_TAG_structure_type
	.byte	1                               @ DW_CHILDREN_yes
	.byte	3                               @ DW_AT_name
	.byte	14                              @ DW_FORM_strp
	.byte	11                              @ DW_AT_byte_size
	.byte	11                              @ DW_FORM_data1
	.byte	58                              @ DW_AT_decl_file
	.byte	11                              @ DW_FORM_data1
	.byte	59                              @ DW_AT_decl_line
	.byte	11                              @ DW_FORM_data1
	.byte	0                               @ EOM(1)
	.byte	0                               @ EOM(2)
	.byte	10                              @ Abbreviation Code
	.byte	13                              @ DW_TAG_member
	.byte	0                               @ DW_CHILDREN_no
	.byte	3                               @ DW_AT_name
	.byte	14                              @ DW_FORM_strp
	.byte	73                              @ DW_AT_type
	.byte	19                              @ DW_FORM_ref4
	.byte	58                              @ DW_AT_decl_file
	.byte	11                              @ DW_FORM_data1
	.byte	59                              @ DW_AT_decl_line
	.byte	11                              @ DW_FORM_data1
	.byte	56                              @ DW_AT_data_member_location
	.byte	11                              @ DW_FORM_data1
	.byte	0                               @ EOM(1)
	.byte	0                               @ EOM(2)
	.byte	11                              @ Abbreviation Code
	.byte	15                              @ DW_TAG_pointer_type
	.byte	0                               @ DW_CHILDREN_no
	.byte	73                              @ DW_AT_type
	.byte	19                              @ DW_FORM_ref4
	.byte	0                               @ EOM(1)
	.byte	0                               @ EOM(2)
	.byte	12                              @ Abbreviation Code
	.byte	22                              @ DW_TAG_typedef
	.byte	0                               @ DW_CHILDREN_no
	.byte	73                              @ DW_AT_type
	.byte	19                              @ DW_FORM_ref4
	.byte	3                               @ DW_AT_name
	.byte	14                              @ DW_FORM_strp
	.byte	58                              @ DW_AT_decl_file
	.byte	11                              @ DW_FORM_data1
	.byte	59                              @ DW_AT_decl_line
	.byte	5                               @ DW_FORM_data2
	.byte	0                               @ EOM(1)
	.byte	0                               @ EOM(2)
	.byte	13                              @ Abbreviation Code
	.byte	19                              @ DW_TAG_structure_type
	.byte	1                               @ DW_CHILDREN_yes
	.byte	11                              @ DW_AT_byte_size
	.byte	5                               @ DW_FORM_data2
	.byte	58                              @ DW_AT_decl_file
	.byte	11                              @ DW_FORM_data1
	.byte	59                              @ DW_AT_decl_line
	.byte	5                               @ DW_FORM_data2
	.byte	0                               @ EOM(1)
	.byte	0                               @ EOM(2)
	.byte	14                              @ Abbreviation Code
	.byte	13                              @ DW_TAG_member
	.byte	0                               @ DW_CHILDREN_no
	.byte	3                               @ DW_AT_name
	.byte	14                              @ DW_FORM_strp
	.byte	73                              @ DW_AT_type
	.byte	19                              @ DW_FORM_ref4
	.byte	58                              @ DW_AT_decl_file
	.byte	11                              @ DW_FORM_data1
	.byte	59                              @ DW_AT_decl_line
	.byte	5                               @ DW_FORM_data2
	.byte	56                              @ DW_AT_data_member_location
	.byte	11                              @ DW_FORM_data1
	.byte	0                               @ EOM(1)
	.byte	0                               @ EOM(2)
	.byte	15                              @ Abbreviation Code
	.byte	13                              @ DW_TAG_member
	.byte	0                               @ DW_CHILDREN_no
	.byte	3                               @ DW_AT_name
	.byte	14                              @ DW_FORM_strp
	.byte	73                              @ DW_AT_type
	.byte	19                              @ DW_FORM_ref4
	.byte	58                              @ DW_AT_decl_file
	.byte	11                              @ DW_FORM_data1
	.byte	59                              @ DW_AT_decl_line
	.byte	5                               @ DW_FORM_data2
	.byte	56                              @ DW_AT_data_member_location
	.byte	5                               @ DW_FORM_data2
	.byte	0                               @ EOM(1)
	.byte	0                               @ EOM(2)
	.byte	16                              @ Abbreviation Code
	.byte	38                              @ DW_TAG_const_type
	.byte	0                               @ DW_CHILDREN_no
	.byte	73                              @ DW_AT_type
	.byte	19                              @ DW_FORM_ref4
	.byte	0                               @ EOM(1)
	.byte	0                               @ EOM(2)
	.byte	17                              @ Abbreviation Code
	.byte	53                              @ DW_TAG_volatile_type
	.byte	0                               @ DW_CHILDREN_no
	.byte	73                              @ DW_AT_type
	.byte	19                              @ DW_FORM_ref4
	.byte	0                               @ EOM(1)
	.byte	0                               @ EOM(2)
	.byte	18                              @ Abbreviation Code
	.byte	33                              @ DW_TAG_subrange_type
	.byte	0                               @ DW_CHILDREN_no
	.byte	73                              @ DW_AT_type
	.byte	19                              @ DW_FORM_ref4
	.byte	55                              @ DW_AT_count
	.byte	5                               @ DW_FORM_data2
	.byte	0                               @ EOM(1)
	.byte	0                               @ EOM(2)
	.byte	19                              @ Abbreviation Code
	.byte	21                              @ DW_TAG_subroutine_type
	.byte	1                               @ DW_CHILDREN_yes
	.byte	39                              @ DW_AT_prototyped
	.byte	25                              @ DW_FORM_flag_present
	.byte	0                               @ EOM(1)
	.byte	0                               @ EOM(2)
	.byte	20                              @ Abbreviation Code
	.byte	5                               @ DW_TAG_formal_parameter
	.byte	0                               @ DW_CHILDREN_no
	.byte	73                              @ DW_AT_type
	.byte	19                              @ DW_FORM_ref4
	.byte	0                               @ EOM(1)
	.byte	0                               @ EOM(2)
	.byte	21                              @ Abbreviation Code
	.byte	15                              @ DW_TAG_pointer_type
	.byte	0                               @ DW_CHILDREN_no
	.byte	0                               @ EOM(1)
	.byte	0                               @ EOM(2)
	.byte	22                              @ Abbreviation Code
	.byte	19                              @ DW_TAG_structure_type
	.byte	1                               @ DW_CHILDREN_yes
	.byte	11                              @ DW_AT_byte_size
	.byte	11                              @ DW_FORM_data1
	.byte	58                              @ DW_AT_decl_file
	.byte	11                              @ DW_FORM_data1
	.byte	59                              @ DW_AT_decl_line
	.byte	5                               @ DW_FORM_data2
	.byte	0                               @ EOM(1)
	.byte	0                               @ EOM(2)
	.byte	23                              @ Abbreviation Code
	.byte	13                              @ DW_TAG_member
	.byte	0                               @ DW_CHILDREN_no
	.byte	73                              @ DW_AT_type
	.byte	19                              @ DW_FORM_ref4
	.byte	58                              @ DW_AT_decl_file
	.byte	11                              @ DW_FORM_data1
	.byte	59                              @ DW_AT_decl_line
	.byte	5                               @ DW_FORM_data2
	.byte	56                              @ DW_AT_data_member_location
	.byte	11                              @ DW_FORM_data1
	.byte	0                               @ EOM(1)
	.byte	0                               @ EOM(2)
	.byte	24                              @ Abbreviation Code
	.byte	23                              @ DW_TAG_union_type
	.byte	1                               @ DW_CHILDREN_yes
	.byte	11                              @ DW_AT_byte_size
	.byte	11                              @ DW_FORM_data1
	.byte	58                              @ DW_AT_decl_file
	.byte	11                              @ DW_FORM_data1
	.byte	59                              @ DW_AT_decl_line
	.byte	5                               @ DW_FORM_data2
	.byte	0                               @ EOM(1)
	.byte	0                               @ EOM(2)
	.byte	25                              @ Abbreviation Code
	.byte	4                               @ DW_TAG_enumeration_type
	.byte	1                               @ DW_CHILDREN_yes
	.byte	73                              @ DW_AT_type
	.byte	19                              @ DW_FORM_ref4
	.byte	11                              @ DW_AT_byte_size
	.byte	11                              @ DW_FORM_data1
	.byte	58                              @ DW_AT_decl_file
	.byte	11                              @ DW_FORM_data1
	.byte	59                              @ DW_AT_decl_line
	.byte	11                              @ DW_FORM_data1
	.byte	0                               @ EOM(1)
	.byte	0                               @ EOM(2)
	.byte	26                              @ Abbreviation Code
	.byte	40                              @ DW_TAG_enumerator
	.byte	0                               @ DW_CHILDREN_no
	.byte	3                               @ DW_AT_name
	.byte	14                              @ DW_FORM_strp
	.byte	28                              @ DW_AT_const_value
	.byte	15                              @ DW_FORM_udata
	.byte	0                               @ EOM(1)
	.byte	0                               @ EOM(2)
	.byte	27                              @ Abbreviation Code
	.byte	4                               @ DW_TAG_enumeration_type
	.byte	1                               @ DW_CHILDREN_yes
	.byte	73                              @ DW_AT_type
	.byte	19                              @ DW_FORM_ref4
	.byte	3                               @ DW_AT_name
	.byte	14                              @ DW_FORM_strp
	.byte	11                              @ DW_AT_byte_size
	.byte	11                              @ DW_FORM_data1
	.byte	58                              @ DW_AT_decl_file
	.byte	11                              @ DW_FORM_data1
	.byte	59                              @ DW_AT_decl_line
	.byte	11                              @ DW_FORM_data1
	.byte	0                               @ EOM(1)
	.byte	0                               @ EOM(2)
	.byte	28                              @ Abbreviation Code
	.byte	46                              @ DW_TAG_subprogram
	.byte	1                               @ DW_CHILDREN_yes
	.byte	17                              @ DW_AT_low_pc
	.byte	1                               @ DW_FORM_addr
	.byte	18                              @ DW_AT_high_pc
	.byte	6                               @ DW_FORM_data4
	.byte	64                              @ DW_AT_frame_base
	.byte	24                              @ DW_FORM_exprloc
	.byte	3                               @ DW_AT_name
	.byte	14                              @ DW_FORM_strp
	.byte	58                              @ DW_AT_decl_file
	.byte	11                              @ DW_FORM_data1
	.byte	59                              @ DW_AT_decl_line
	.byte	5                               @ DW_FORM_data2
	.byte	39                              @ DW_AT_prototyped
	.byte	25                              @ DW_FORM_flag_present
	.byte	73                              @ DW_AT_type
	.byte	19                              @ DW_FORM_ref4
	.byte	63                              @ DW_AT_external
	.byte	25                              @ DW_FORM_flag_present
	.byte	0                               @ EOM(1)
	.byte	0                               @ EOM(2)
	.byte	29                              @ Abbreviation Code
	.byte	5                               @ DW_TAG_formal_parameter
	.byte	0                               @ DW_CHILDREN_no
	.byte	2                               @ DW_AT_location
	.byte	24                              @ DW_FORM_exprloc
	.byte	3                               @ DW_AT_name
	.byte	14                              @ DW_FORM_strp
	.byte	58                              @ DW_AT_decl_file
	.byte	11                              @ DW_FORM_data1
	.byte	59                              @ DW_AT_decl_line
	.byte	5                               @ DW_FORM_data2
	.byte	73                              @ DW_AT_type
	.byte	19                              @ DW_FORM_ref4
	.byte	0                               @ EOM(1)
	.byte	0                               @ EOM(2)
	.byte	30                              @ Abbreviation Code
	.byte	52                              @ DW_TAG_variable
	.byte	0                               @ DW_CHILDREN_no
	.byte	2                               @ DW_AT_location
	.byte	24                              @ DW_FORM_exprloc
	.byte	3                               @ DW_AT_name
	.byte	14                              @ DW_FORM_strp
	.byte	58                              @ DW_AT_decl_file
	.byte	11                              @ DW_FORM_data1
	.byte	59                              @ DW_AT_decl_line
	.byte	5                               @ DW_FORM_data2
	.byte	73                              @ DW_AT_type
	.byte	19                              @ DW_FORM_ref4
	.byte	0                               @ EOM(1)
	.byte	0                               @ EOM(2)
	.byte	31                              @ Abbreviation Code
	.byte	46                              @ DW_TAG_subprogram
	.byte	1                               @ DW_CHILDREN_yes
	.byte	17                              @ DW_AT_low_pc
	.byte	1                               @ DW_FORM_addr
	.byte	18                              @ DW_AT_high_pc
	.byte	6                               @ DW_FORM_data4
	.byte	64                              @ DW_AT_frame_base
	.byte	24                              @ DW_FORM_exprloc
	.byte	3                               @ DW_AT_name
	.byte	14                              @ DW_FORM_strp
	.byte	58                              @ DW_AT_decl_file
	.byte	11                              @ DW_FORM_data1
	.byte	59                              @ DW_AT_decl_line
	.byte	11                              @ DW_FORM_data1
	.byte	39                              @ DW_AT_prototyped
	.byte	25                              @ DW_FORM_flag_present
	.byte	0                               @ EOM(1)
	.byte	0                               @ EOM(2)
	.byte	32                              @ Abbreviation Code
	.byte	5                               @ DW_TAG_formal_parameter
	.byte	0                               @ DW_CHILDREN_no
	.byte	2                               @ DW_AT_location
	.byte	24                              @ DW_FORM_exprloc
	.byte	3                               @ DW_AT_name
	.byte	14                              @ DW_FORM_strp
	.byte	58                              @ DW_AT_decl_file
	.byte	11                              @ DW_FORM_data1
	.byte	59                              @ DW_AT_decl_line
	.byte	11                              @ DW_FORM_data1
	.byte	73                              @ DW_AT_type
	.byte	19                              @ DW_FORM_ref4
	.byte	0                               @ EOM(1)
	.byte	0                               @ EOM(2)
	.byte	33                              @ Abbreviation Code
	.byte	52                              @ DW_TAG_variable
	.byte	0                               @ DW_CHILDREN_no
	.byte	2                               @ DW_AT_location
	.byte	24                              @ DW_FORM_exprloc
	.byte	3                               @ DW_AT_name
	.byte	14                              @ DW_FORM_strp
	.byte	58                              @ DW_AT_decl_file
	.byte	11                              @ DW_FORM_data1
	.byte	59                              @ DW_AT_decl_line
	.byte	11                              @ DW_FORM_data1
	.byte	73                              @ DW_AT_type
	.byte	19                              @ DW_FORM_ref4
	.byte	0                               @ EOM(1)
	.byte	0                               @ EOM(2)
	.byte	34                              @ Abbreviation Code
	.byte	46                              @ DW_TAG_subprogram
	.byte	1                               @ DW_CHILDREN_yes
	.byte	17                              @ DW_AT_low_pc
	.byte	1                               @ DW_FORM_addr
	.byte	18                              @ DW_AT_high_pc
	.byte	6                               @ DW_FORM_data4
	.byte	64                              @ DW_AT_frame_base
	.byte	24                              @ DW_FORM_exprloc
	.byte	3                               @ DW_AT_name
	.byte	14                              @ DW_FORM_strp
	.byte	58                              @ DW_AT_decl_file
	.byte	11                              @ DW_FORM_data1
	.byte	59                              @ DW_AT_decl_line
	.byte	11                              @ DW_FORM_data1
	.byte	39                              @ DW_AT_prototyped
	.byte	25                              @ DW_FORM_flag_present
	.byte	73                              @ DW_AT_type
	.byte	19                              @ DW_FORM_ref4
	.byte	0                               @ EOM(1)
	.byte	0                               @ EOM(2)
	.byte	35                              @ Abbreviation Code
	.byte	46                              @ DW_TAG_subprogram
	.byte	1                               @ DW_CHILDREN_yes
	.byte	17                              @ DW_AT_low_pc
	.byte	1                               @ DW_FORM_addr
	.byte	18                              @ DW_AT_high_pc
	.byte	6                               @ DW_FORM_data4
	.byte	64                              @ DW_AT_frame_base
	.byte	24                              @ DW_FORM_exprloc
	.byte	3                               @ DW_AT_name
	.byte	14                              @ DW_FORM_strp
	.byte	58                              @ DW_AT_decl_file
	.byte	11                              @ DW_FORM_data1
	.byte	59                              @ DW_AT_decl_line
	.byte	5                               @ DW_FORM_data2
	.byte	39                              @ DW_AT_prototyped
	.byte	25                              @ DW_FORM_flag_present
	.byte	63                              @ DW_AT_external
	.byte	25                              @ DW_FORM_flag_present
	.byte	0                               @ EOM(1)
	.byte	0                               @ EOM(2)
	.byte	36                              @ Abbreviation Code
	.byte	46                              @ DW_TAG_subprogram
	.byte	1                               @ DW_CHILDREN_yes
	.byte	17                              @ DW_AT_low_pc
	.byte	1                               @ DW_FORM_addr
	.byte	18                              @ DW_AT_high_pc
	.byte	6                               @ DW_FORM_data4
	.byte	64                              @ DW_AT_frame_base
	.byte	24                              @ DW_FORM_exprloc
	.byte	3                               @ DW_AT_name
	.byte	14                              @ DW_FORM_strp
	.byte	58                              @ DW_AT_decl_file
	.byte	11                              @ DW_FORM_data1
	.byte	59                              @ DW_AT_decl_line
	.byte	5                               @ DW_FORM_data2
	.byte	39                              @ DW_AT_prototyped
	.byte	25                              @ DW_FORM_flag_present
	.byte	73                              @ DW_AT_type
	.byte	19                              @ DW_FORM_ref4
	.byte	0                               @ EOM(1)
	.byte	0                               @ EOM(2)
	.byte	0                               @ EOM(3)
	.section	.debug_info,"",%progbits
.Lcu_begin0:
	.long	.Ldebug_info_end0-.Ldebug_info_start0 @ Length of Unit
.Ldebug_info_start0:
	.short	4                               @ DWARF version number
	.long	.debug_abbrev                   @ Offset Into Abbrev. Section
	.byte	4                               @ Address Size (in bytes)
	.byte	1                               @ Abbrev [1] 0xb:0x10a4 DW_TAG_compile_unit
	.long	.Linfo_string0                  @ DW_AT_producer
	.short	12                              @ DW_AT_language
	.long	.Linfo_string1                  @ DW_AT_name
	.long	.Lline_table_start0             @ DW_AT_stmt_list
	.long	.Linfo_string2                  @ DW_AT_comp_dir
	.long	0                               @ DW_AT_low_pc
	.long	.Ldebug_ranges0                 @ DW_AT_ranges
	.byte	2                               @ Abbrev [2] 0x26:0xe DW_TAG_variable
	.long	52                              @ DW_AT_type
	.byte	1                               @ DW_AT_decl_file
	.short	297                             @ DW_AT_decl_line
	.byte	5                               @ DW_AT_location
	.byte	3
	.long	.L.str
	.byte	3                               @ Abbrev [3] 0x34:0xc DW_TAG_array_type
	.long	64                              @ DW_AT_type
	.byte	4                               @ Abbrev [4] 0x39:0x6 DW_TAG_subrange_type
	.long	71                              @ DW_AT_type
	.byte	15                              @ DW_AT_count
	.byte	0                               @ End Of Children Mark
	.byte	5                               @ Abbrev [5] 0x40:0x7 DW_TAG_base_type
	.long	.Linfo_string3                  @ DW_AT_name
	.byte	6                               @ DW_AT_encoding
	.byte	1                               @ DW_AT_byte_size
	.byte	6                               @ Abbrev [6] 0x47:0x7 DW_TAG_base_type
	.long	.Linfo_string4                  @ DW_AT_name
	.byte	8                               @ DW_AT_byte_size
	.byte	7                               @ DW_AT_encoding
	.byte	2                               @ Abbrev [2] 0x4e:0xe DW_TAG_variable
	.long	92                              @ DW_AT_type
	.byte	1                               @ DW_AT_decl_file
	.short	297                             @ DW_AT_decl_line
	.byte	5                               @ DW_AT_location
	.byte	3
	.long	.L.str.1
	.byte	3                               @ Abbrev [3] 0x5c:0xc DW_TAG_array_type
	.long	64                              @ DW_AT_type
	.byte	4                               @ Abbrev [4] 0x61:0x6 DW_TAG_subrange_type
	.long	71                              @ DW_AT_type
	.byte	49                              @ DW_AT_count
	.byte	0                               @ End Of Children Mark
	.byte	2                               @ Abbrev [2] 0x68:0xe DW_TAG_variable
	.long	118                             @ DW_AT_type
	.byte	1                               @ DW_AT_decl_file
	.short	361                             @ DW_AT_decl_line
	.byte	5                               @ DW_AT_location
	.byte	3
	.long	.L.str.2
	.byte	3                               @ Abbrev [3] 0x76:0xc DW_TAG_array_type
	.long	64                              @ DW_AT_type
	.byte	4                               @ Abbrev [4] 0x7b:0x6 DW_TAG_subrange_type
	.long	71                              @ DW_AT_type
	.byte	13                              @ DW_AT_count
	.byte	0                               @ End Of Children Mark
	.byte	7                               @ Abbrev [7] 0x82:0x11 DW_TAG_variable
	.long	.Linfo_string5                  @ DW_AT_name
	.long	147                             @ DW_AT_type
	.byte	1                               @ DW_AT_decl_file
	.byte	71                              @ DW_AT_decl_line
	.byte	5                               @ DW_AT_location
	.byte	3
	.long	s_edmaPrivateHandle
	.byte	3                               @ Abbrev [3] 0x93:0xc DW_TAG_array_type
	.long	159                             @ DW_AT_type
	.byte	4                               @ Abbrev [4] 0x98:0x6 DW_TAG_subrange_type
	.long	71                              @ DW_AT_type
	.byte	2                               @ DW_AT_count
	.byte	0                               @ End Of Children Mark
	.byte	8                               @ Abbrev [8] 0x9f:0xb DW_TAG_typedef
	.long	170                             @ DW_AT_type
	.long	.Linfo_string162                @ DW_AT_name
	.byte	1                               @ DW_AT_decl_file
	.byte	25                              @ DW_AT_decl_line
	.byte	9                               @ Abbrev [9] 0xaa:0x21 DW_TAG_structure_type
	.long	.Linfo_string161                @ DW_AT_name
	.byte	8                               @ DW_AT_byte_size
	.byte	1                               @ DW_AT_decl_file
	.byte	21                              @ DW_AT_decl_line
	.byte	10                              @ Abbrev [10] 0xb2:0xc DW_TAG_member
	.long	.Linfo_string6                  @ DW_AT_name
	.long	203                             @ DW_AT_type
	.byte	1                               @ DW_AT_decl_file
	.byte	23                              @ DW_AT_decl_line
	.byte	0                               @ DW_AT_data_member_location
	.byte	10                              @ Abbrev [10] 0xbe:0xc DW_TAG_member
	.long	.Linfo_string60                 @ DW_AT_name
	.long	1007                            @ DW_AT_type
	.byte	1                               @ DW_AT_decl_file
	.byte	24                              @ DW_AT_decl_line
	.byte	4                               @ DW_AT_data_member_location
	.byte	0                               @ End Of Children Mark
	.byte	11                              @ Abbrev [11] 0xcb:0x5 DW_TAG_pointer_type
	.long	208                             @ DW_AT_type
	.byte	8                               @ Abbrev [8] 0xd0:0xb DW_TAG_typedef
	.long	219                             @ DW_AT_type
	.long	.Linfo_string59                 @ DW_AT_name
	.byte	4                               @ DW_AT_decl_file
	.byte	123                             @ DW_AT_decl_line
	.byte	9                               @ Abbrev [9] 0xdb:0x5d DW_TAG_structure_type
	.long	.Linfo_string58                 @ DW_AT_name
	.byte	12                              @ DW_AT_byte_size
	.byte	4                               @ DW_AT_decl_file
	.byte	113                             @ DW_AT_decl_line
	.byte	10                              @ Abbrev [10] 0xe3:0xc DW_TAG_member
	.long	.Linfo_string7                  @ DW_AT_name
	.long	312                             @ DW_AT_type
	.byte	4                               @ DW_AT_decl_file
	.byte	115                             @ DW_AT_decl_line
	.byte	0                               @ DW_AT_data_member_location
	.byte	10                              @ Abbrev [10] 0xef:0xc DW_TAG_member
	.long	.Linfo_string52                 @ DW_AT_name
	.long	904                             @ DW_AT_type
	.byte	4                               @ DW_AT_decl_file
	.byte	116                             @ DW_AT_decl_line
	.byte	4                               @ DW_AT_data_member_location
	.byte	10                              @ Abbrev [10] 0xfb:0xc DW_TAG_member
	.long	.Linfo_string53                 @ DW_AT_name
	.long	904                             @ DW_AT_type
	.byte	4                               @ DW_AT_decl_file
	.byte	118                             @ DW_AT_decl_line
	.byte	5                               @ DW_AT_data_member_location
	.byte	10                              @ Abbrev [10] 0x107:0xc DW_TAG_member
	.long	.Linfo_string54                 @ DW_AT_name
	.long	904                             @ DW_AT_type
	.byte	4                               @ DW_AT_decl_file
	.byte	119                             @ DW_AT_decl_line
	.byte	6                               @ DW_AT_data_member_location
	.byte	10                              @ Abbrev [10] 0x113:0xc DW_TAG_member
	.long	.Linfo_string55                 @ DW_AT_name
	.long	904                             @ DW_AT_type
	.byte	4                               @ DW_AT_decl_file
	.byte	120                             @ DW_AT_decl_line
	.byte	7                               @ DW_AT_data_member_location
	.byte	10                              @ Abbrev [10] 0x11f:0xc DW_TAG_member
	.long	.Linfo_string56                 @ DW_AT_name
	.long	995                             @ DW_AT_type
	.byte	4                               @ DW_AT_decl_file
	.byte	121                             @ DW_AT_decl_line
	.byte	8                               @ DW_AT_data_member_location
	.byte	10                              @ Abbrev [10] 0x12b:0xc DW_TAG_member
	.long	.Linfo_string57                 @ DW_AT_name
	.long	995                             @ DW_AT_type
	.byte	4                               @ DW_AT_decl_file
	.byte	122                             @ DW_AT_decl_line
	.byte	10                              @ DW_AT_data_member_location
	.byte	0                               @ End Of Children Mark
	.byte	11                              @ Abbrev [11] 0x138:0x5 DW_TAG_pointer_type
	.long	317                             @ DW_AT_type
	.byte	12                              @ Abbrev [12] 0x13d:0xc DW_TAG_typedef
	.long	329                             @ DW_AT_type
	.long	.Linfo_string51                 @ DW_AT_name
	.byte	3                               @ DW_AT_decl_file
	.short	22238                           @ DW_AT_decl_line
	.byte	13                              @ Abbrev [13] 0x149:0x217 DW_TAG_structure_type
	.short	1952                            @ DW_AT_byte_size
	.byte	3                               @ DW_AT_decl_file
	.short	22198                           @ DW_AT_decl_line
	.byte	14                              @ Abbrev [14] 0x14f:0xd DW_TAG_member
	.long	.Linfo_string8                  @ DW_AT_name
	.long	864                             @ DW_AT_type
	.byte	3                               @ DW_AT_decl_file
	.short	22199                           @ DW_AT_decl_line
	.byte	0                               @ DW_AT_data_member_location
	.byte	14                              @ Abbrev [14] 0x15c:0xd DW_TAG_member
	.long	.Linfo_string11                 @ DW_AT_name
	.long	864                             @ DW_AT_type
	.byte	3                               @ DW_AT_decl_file
	.short	22200                           @ DW_AT_decl_line
	.byte	4                               @ DW_AT_data_member_location
	.byte	14                              @ Abbrev [14] 0x169:0xd DW_TAG_member
	.long	.Linfo_string12                 @ DW_AT_name
	.long	869                             @ DW_AT_type
	.byte	3                               @ DW_AT_decl_file
	.short	22201                           @ DW_AT_decl_line
	.byte	8                               @ DW_AT_data_member_location
	.byte	14                              @ Abbrev [14] 0x176:0xd DW_TAG_member
	.long	.Linfo_string13                 @ DW_AT_name
	.long	864                             @ DW_AT_type
	.byte	3                               @ DW_AT_decl_file
	.short	22202                           @ DW_AT_decl_line
	.byte	12                              @ DW_AT_data_member_location
	.byte	14                              @ Abbrev [14] 0x183:0xd DW_TAG_member
	.long	.Linfo_string14                 @ DW_AT_name
	.long	869                             @ DW_AT_type
	.byte	3                               @ DW_AT_decl_file
	.short	22203                           @ DW_AT_decl_line
	.byte	16                              @ DW_AT_data_member_location
	.byte	14                              @ Abbrev [14] 0x190:0xd DW_TAG_member
	.long	.Linfo_string15                 @ DW_AT_name
	.long	869                             @ DW_AT_type
	.byte	3                               @ DW_AT_decl_file
	.short	22204                           @ DW_AT_decl_line
	.byte	20                              @ DW_AT_data_member_location
	.byte	14                              @ Abbrev [14] 0x19d:0xd DW_TAG_member
	.long	.Linfo_string16                 @ DW_AT_name
	.long	869                             @ DW_AT_type
	.byte	3                               @ DW_AT_decl_file
	.short	22205                           @ DW_AT_decl_line
	.byte	24                              @ DW_AT_data_member_location
	.byte	14                              @ Abbrev [14] 0x1aa:0xd DW_TAG_member
	.long	.Linfo_string17                 @ DW_AT_name
	.long	892                             @ DW_AT_type
	.byte	3                               @ DW_AT_decl_file
	.short	22206                           @ DW_AT_decl_line
	.byte	28                              @ DW_AT_data_member_location
	.byte	14                              @ Abbrev [14] 0x1b7:0xd DW_TAG_member
	.long	.Linfo_string20                 @ DW_AT_name
	.long	869                             @ DW_AT_type
	.byte	3                               @ DW_AT_decl_file
	.short	22207                           @ DW_AT_decl_line
	.byte	32                              @ DW_AT_data_member_location
	.byte	14                              @ Abbrev [14] 0x1c4:0xd DW_TAG_member
	.long	.Linfo_string21                 @ DW_AT_name
	.long	869                             @ DW_AT_type
	.byte	3                               @ DW_AT_decl_file
	.short	22208                           @ DW_AT_decl_line
	.byte	36                              @ DW_AT_data_member_location
	.byte	14                              @ Abbrev [14] 0x1d1:0xd DW_TAG_member
	.long	.Linfo_string22                 @ DW_AT_name
	.long	869                             @ DW_AT_type
	.byte	3                               @ DW_AT_decl_file
	.short	22209                           @ DW_AT_decl_line
	.byte	40                              @ DW_AT_data_member_location
	.byte	14                              @ Abbrev [14] 0x1de:0xd DW_TAG_member
	.long	.Linfo_string23                 @ DW_AT_name
	.long	892                             @ DW_AT_type
	.byte	3                               @ DW_AT_decl_file
	.short	22210                           @ DW_AT_decl_line
	.byte	44                              @ DW_AT_data_member_location
	.byte	14                              @ Abbrev [14] 0x1eb:0xd DW_TAG_member
	.long	.Linfo_string24                 @ DW_AT_name
	.long	869                             @ DW_AT_type
	.byte	3                               @ DW_AT_decl_file
	.short	22211                           @ DW_AT_decl_line
	.byte	48                              @ DW_AT_data_member_location
	.byte	14                              @ Abbrev [14] 0x1f8:0xd DW_TAG_member
	.long	.Linfo_string25                 @ DW_AT_name
	.long	922                             @ DW_AT_type
	.byte	3                               @ DW_AT_decl_file
	.short	22212                           @ DW_AT_decl_line
	.byte	52                              @ DW_AT_data_member_location
	.byte	14                              @ Abbrev [14] 0x205:0xd DW_TAG_member
	.long	.Linfo_string26                 @ DW_AT_name
	.long	869                             @ DW_AT_type
	.byte	3                               @ DW_AT_decl_file
	.short	22213                           @ DW_AT_decl_line
	.byte	64                              @ DW_AT_data_member_location
	.byte	14                              @ Abbrev [14] 0x212:0xd DW_TAG_member
	.long	.Linfo_string27                 @ DW_AT_name
	.long	934                             @ DW_AT_type
	.byte	3                               @ DW_AT_decl_file
	.short	22214                           @ DW_AT_decl_line
	.byte	68                              @ DW_AT_data_member_location
	.byte	14                              @ Abbrev [14] 0x21f:0xd DW_TAG_member
	.long	.Linfo_string28                 @ DW_AT_name
	.long	946                             @ DW_AT_type
	.byte	3                               @ DW_AT_decl_file
	.short	22215                           @ DW_AT_decl_line
	.byte	128                             @ DW_AT_data_member_location
	.byte	14                              @ Abbrev [14] 0x22c:0xd DW_TAG_member
	.long	.Linfo_string29                 @ DW_AT_name
	.long	958                             @ DW_AT_type
	.byte	3                               @ DW_AT_decl_file
	.short	22216                           @ DW_AT_decl_line
	.byte	160                             @ DW_AT_data_member_location
	.byte	15                              @ Abbrev [15] 0x239:0xe DW_TAG_member
	.long	.Linfo_string30                 @ DW_AT_name
	.long	946                             @ DW_AT_type
	.byte	3                               @ DW_AT_decl_file
	.short	22217                           @ DW_AT_decl_line
	.short	256                             @ DW_AT_data_member_location
	.byte	15                              @ Abbrev [15] 0x247:0xe DW_TAG_member
	.long	.Linfo_string31                 @ DW_AT_name
	.long	970                             @ DW_AT_type
	.byte	3                               @ DW_AT_decl_file
	.short	22218                           @ DW_AT_decl_line
	.short	288                             @ DW_AT_data_member_location
	.byte	15                              @ Abbrev [15] 0x255:0xe DW_TAG_member
	.long	.Linfo_string32                 @ DW_AT_name
	.long	946                             @ DW_AT_type
	.byte	3                               @ DW_AT_decl_file
	.short	22219                           @ DW_AT_decl_line
	.short	512                             @ DW_AT_data_member_location
	.byte	15                              @ Abbrev [15] 0x263:0xe DW_TAG_member
	.long	.Linfo_string33                 @ DW_AT_name
	.long	958                             @ DW_AT_type
	.byte	3                               @ DW_AT_decl_file
	.short	22220                           @ DW_AT_decl_line
	.short	544                             @ DW_AT_data_member_location
	.byte	15                              @ Abbrev [15] 0x271:0xe DW_TAG_member
	.long	.Linfo_string34                 @ DW_AT_name
	.long	946                             @ DW_AT_type
	.byte	3                               @ DW_AT_decl_file
	.short	22221                           @ DW_AT_decl_line
	.short	640                             @ DW_AT_data_member_location
	.byte	15                              @ Abbrev [15] 0x27f:0xe DW_TAG_member
	.long	.Linfo_string35                 @ DW_AT_name
	.long	958                             @ DW_AT_type
	.byte	3                               @ DW_AT_decl_file
	.short	22222                           @ DW_AT_decl_line
	.short	672                             @ DW_AT_data_member_location
	.byte	15                              @ Abbrev [15] 0x28d:0xe DW_TAG_member
	.long	.Linfo_string36                 @ DW_AT_name
	.long	946                             @ DW_AT_type
	.byte	3                               @ DW_AT_decl_file
	.short	22223                           @ DW_AT_decl_line
	.short	768                             @ DW_AT_data_member_location
	.byte	15                              @ Abbrev [15] 0x29b:0xe DW_TAG_member
	.long	.Linfo_string37                 @ DW_AT_name
	.long	958                             @ DW_AT_type
	.byte	3                               @ DW_AT_decl_file
	.short	22224                           @ DW_AT_decl_line
	.short	800                             @ DW_AT_data_member_location
	.byte	15                              @ Abbrev [15] 0x2a9:0xe DW_TAG_member
	.long	.Linfo_string38                 @ DW_AT_name
	.long	946                             @ DW_AT_type
	.byte	3                               @ DW_AT_decl_file
	.short	22225                           @ DW_AT_decl_line
	.short	896                             @ DW_AT_data_member_location
	.byte	15                              @ Abbrev [15] 0x2b7:0xe DW_TAG_member
	.long	.Linfo_string39                 @ DW_AT_name
	.long	958                             @ DW_AT_type
	.byte	3                               @ DW_AT_decl_file
	.short	22226                           @ DW_AT_decl_line
	.short	928                             @ DW_AT_data_member_location
	.byte	15                              @ Abbrev [15] 0x2c5:0xe DW_TAG_member
	.long	.Linfo_string40                 @ DW_AT_name
	.long	946                             @ DW_AT_type
	.byte	3                               @ DW_AT_decl_file
	.short	22227                           @ DW_AT_decl_line
	.short	1024                            @ DW_AT_data_member_location
	.byte	15                              @ Abbrev [15] 0x2d3:0xe DW_TAG_member
	.long	.Linfo_string41                 @ DW_AT_name
	.long	958                             @ DW_AT_type
	.byte	3                               @ DW_AT_decl_file
	.short	22228                           @ DW_AT_decl_line
	.short	1056                            @ DW_AT_data_member_location
	.byte	15                              @ Abbrev [15] 0x2e1:0xe DW_TAG_member
	.long	.Linfo_string42                 @ DW_AT_name
	.long	946                             @ DW_AT_type
	.byte	3                               @ DW_AT_decl_file
	.short	22229                           @ DW_AT_decl_line
	.short	1152                            @ DW_AT_data_member_location
	.byte	15                              @ Abbrev [15] 0x2ef:0xe DW_TAG_member
	.long	.Linfo_string43                 @ DW_AT_name
	.long	958                             @ DW_AT_type
	.byte	3                               @ DW_AT_decl_file
	.short	22230                           @ DW_AT_decl_line
	.short	1184                            @ DW_AT_data_member_location
	.byte	15                              @ Abbrev [15] 0x2fd:0xe DW_TAG_member
	.long	.Linfo_string44                 @ DW_AT_name
	.long	946                             @ DW_AT_type
	.byte	3                               @ DW_AT_decl_file
	.short	22231                           @ DW_AT_decl_line
	.short	1280                            @ DW_AT_data_member_location
	.byte	15                              @ Abbrev [15] 0x30b:0xe DW_TAG_member
	.long	.Linfo_string45                 @ DW_AT_name
	.long	982                             @ DW_AT_type
	.byte	3                               @ DW_AT_decl_file
	.short	22232                           @ DW_AT_decl_line
	.short	1312                            @ DW_AT_data_member_location
	.byte	15                              @ Abbrev [15] 0x319:0xe DW_TAG_member
	.long	.Linfo_string46                 @ DW_AT_name
	.long	946                             @ DW_AT_type
	.byte	3                               @ DW_AT_decl_file
	.short	22233                           @ DW_AT_decl_line
	.short	1664                            @ DW_AT_data_member_location
	.byte	15                              @ Abbrev [15] 0x327:0xe DW_TAG_member
	.long	.Linfo_string47                 @ DW_AT_name
	.long	958                             @ DW_AT_type
	.byte	3                               @ DW_AT_decl_file
	.short	22234                           @ DW_AT_decl_line
	.short	1696                            @ DW_AT_data_member_location
	.byte	15                              @ Abbrev [15] 0x335:0xe DW_TAG_member
	.long	.Linfo_string48                 @ DW_AT_name
	.long	946                             @ DW_AT_type
	.byte	3                               @ DW_AT_decl_file
	.short	22235                           @ DW_AT_decl_line
	.short	1792                            @ DW_AT_data_member_location
	.byte	15                              @ Abbrev [15] 0x343:0xe DW_TAG_member
	.long	.Linfo_string49                 @ DW_AT_name
	.long	958                             @ DW_AT_type
	.byte	3                               @ DW_AT_decl_file
	.short	22236                           @ DW_AT_decl_line
	.short	1824                            @ DW_AT_data_member_location
	.byte	15                              @ Abbrev [15] 0x351:0xe DW_TAG_member
	.long	.Linfo_string50                 @ DW_AT_name
	.long	946                             @ DW_AT_type
	.byte	3                               @ DW_AT_decl_file
	.short	22237                           @ DW_AT_decl_line
	.short	1920                            @ DW_AT_data_member_location
	.byte	0                               @ End Of Children Mark
	.byte	16                              @ Abbrev [16] 0x360:0x5 DW_TAG_const_type
	.long	869                             @ DW_AT_type
	.byte	17                              @ Abbrev [17] 0x365:0x5 DW_TAG_volatile_type
	.long	874                             @ DW_AT_type
	.byte	8                               @ Abbrev [8] 0x36a:0xb DW_TAG_typedef
	.long	885                             @ DW_AT_type
	.long	.Linfo_string10                 @ DW_AT_name
	.byte	2                               @ DW_AT_decl_file
	.byte	64                              @ DW_AT_decl_line
	.byte	5                               @ Abbrev [5] 0x375:0x7 DW_TAG_base_type
	.long	.Linfo_string9                  @ DW_AT_name
	.byte	7                               @ DW_AT_encoding
	.byte	4                               @ DW_AT_byte_size
	.byte	3                               @ Abbrev [3] 0x37c:0xc DW_TAG_array_type
	.long	904                             @ DW_AT_type
	.byte	4                               @ Abbrev [4] 0x381:0x6 DW_TAG_subrange_type
	.long	71                              @ DW_AT_type
	.byte	4                               @ DW_AT_count
	.byte	0                               @ End Of Children Mark
	.byte	8                               @ Abbrev [8] 0x388:0xb DW_TAG_typedef
	.long	915                             @ DW_AT_type
	.long	.Linfo_string19                 @ DW_AT_name
	.byte	2                               @ DW_AT_decl_file
	.byte	62                              @ DW_AT_decl_line
	.byte	5                               @ Abbrev [5] 0x393:0x7 DW_TAG_base_type
	.long	.Linfo_string18                 @ DW_AT_name
	.byte	8                               @ DW_AT_encoding
	.byte	1                               @ DW_AT_byte_size
	.byte	3                               @ Abbrev [3] 0x39a:0xc DW_TAG_array_type
	.long	904                             @ DW_AT_type
	.byte	4                               @ Abbrev [4] 0x39f:0x6 DW_TAG_subrange_type
	.long	71                              @ DW_AT_type
	.byte	12                              @ DW_AT_count
	.byte	0                               @ End Of Children Mark
	.byte	3                               @ Abbrev [3] 0x3a6:0xc DW_TAG_array_type
	.long	904                             @ DW_AT_type
	.byte	4                               @ Abbrev [4] 0x3ab:0x6 DW_TAG_subrange_type
	.long	71                              @ DW_AT_type
	.byte	60                              @ DW_AT_count
	.byte	0                               @ End Of Children Mark
	.byte	3                               @ Abbrev [3] 0x3b2:0xc DW_TAG_array_type
	.long	869                             @ DW_AT_type
	.byte	4                               @ Abbrev [4] 0x3b7:0x6 DW_TAG_subrange_type
	.long	71                              @ DW_AT_type
	.byte	8                               @ DW_AT_count
	.byte	0                               @ End Of Children Mark
	.byte	3                               @ Abbrev [3] 0x3be:0xc DW_TAG_array_type
	.long	904                             @ DW_AT_type
	.byte	4                               @ Abbrev [4] 0x3c3:0x6 DW_TAG_subrange_type
	.long	71                              @ DW_AT_type
	.byte	96                              @ DW_AT_count
	.byte	0                               @ End Of Children Mark
	.byte	3                               @ Abbrev [3] 0x3ca:0xc DW_TAG_array_type
	.long	904                             @ DW_AT_type
	.byte	4                               @ Abbrev [4] 0x3cf:0x6 DW_TAG_subrange_type
	.long	71                              @ DW_AT_type
	.byte	224                             @ DW_AT_count
	.byte	0                               @ End Of Children Mark
	.byte	3                               @ Abbrev [3] 0x3d6:0xd DW_TAG_array_type
	.long	904                             @ DW_AT_type
	.byte	18                              @ Abbrev [18] 0x3db:0x7 DW_TAG_subrange_type
	.long	71                              @ DW_AT_type
	.short	352                             @ DW_AT_count
	.byte	0                               @ End Of Children Mark
	.byte	3                               @ Abbrev [3] 0x3e3:0xc DW_TAG_array_type
	.long	904                             @ DW_AT_type
	.byte	4                               @ Abbrev [4] 0x3e8:0x6 DW_TAG_subrange_type
	.long	71                              @ DW_AT_type
	.byte	2                               @ DW_AT_count
	.byte	0                               @ End Of Children Mark
	.byte	11                              @ Abbrev [11] 0x3ef:0x5 DW_TAG_pointer_type
	.long	1012                            @ DW_AT_type
	.byte	8                               @ Abbrev [8] 0x3f4:0xb DW_TAG_typedef
	.long	1023                            @ DW_AT_type
	.long	.Linfo_string160                @ DW_AT_name
	.byte	6                               @ DW_AT_decl_file
	.byte	30                              @ DW_AT_decl_line
	.byte	9                               @ Abbrev [9] 0x3ff:0x69 DW_TAG_structure_type
	.long	.Linfo_string159                @ DW_AT_name
	.byte	24                              @ DW_AT_byte_size
	.byte	6                               @ DW_AT_decl_file
	.byte	48                              @ DW_AT_decl_line
	.byte	10                              @ Abbrev [10] 0x407:0xc DW_TAG_member
	.long	.Linfo_string61                 @ DW_AT_name
	.long	1128                            @ DW_AT_type
	.byte	6                               @ DW_AT_decl_file
	.byte	50                              @ DW_AT_decl_line
	.byte	0                               @ DW_AT_data_member_location
	.byte	10                              @ Abbrev [10] 0x413:0xc DW_TAG_member
	.long	.Linfo_string63                 @ DW_AT_name
	.long	904                             @ DW_AT_type
	.byte	6                               @ DW_AT_decl_file
	.byte	51                              @ DW_AT_decl_line
	.byte	4                               @ DW_AT_data_member_location
	.byte	10                              @ Abbrev [10] 0x41f:0xc DW_TAG_member
	.long	.Linfo_string64                 @ DW_AT_name
	.long	1139                            @ DW_AT_type
	.byte	6                               @ DW_AT_decl_file
	.byte	52                              @ DW_AT_decl_line
	.byte	5                               @ DW_AT_data_member_location
	.byte	10                              @ Abbrev [10] 0x42b:0xc DW_TAG_member
	.long	.Linfo_string66                 @ DW_AT_name
	.long	1139                            @ DW_AT_type
	.byte	6                               @ DW_AT_decl_file
	.byte	53                              @ DW_AT_decl_line
	.byte	6                               @ DW_AT_data_member_location
	.byte	10                              @ Abbrev [10] 0x437:0xc DW_TAG_member
	.long	.Linfo_string67                 @ DW_AT_name
	.long	1146                            @ DW_AT_type
	.byte	6                               @ DW_AT_decl_file
	.byte	54                              @ DW_AT_decl_line
	.byte	8                               @ DW_AT_data_member_location
	.byte	10                              @ Abbrev [10] 0x443:0xc DW_TAG_member
	.long	.Linfo_string156                @ DW_AT_name
	.long	1146                            @ DW_AT_type
	.byte	6                               @ DW_AT_decl_file
	.byte	55                              @ DW_AT_decl_line
	.byte	12                              @ DW_AT_data_member_location
	.byte	10                              @ Abbrev [10] 0x44f:0xc DW_TAG_member
	.long	.Linfo_string68                 @ DW_AT_name
	.long	2649                            @ DW_AT_type
	.byte	6                               @ DW_AT_decl_file
	.byte	56                              @ DW_AT_decl_line
	.byte	16                              @ DW_AT_data_member_location
	.byte	10                              @ Abbrev [10] 0x45b:0xc DW_TAG_member
	.long	.Linfo_string70                 @ DW_AT_name
	.long	1335                            @ DW_AT_type
	.byte	6                               @ DW_AT_decl_file
	.byte	57                              @ DW_AT_decl_line
	.byte	20                              @ DW_AT_data_member_location
	.byte	0                               @ End Of Children Mark
	.byte	8                               @ Abbrev [8] 0x468:0xb DW_TAG_typedef
	.long	885                             @ DW_AT_type
	.long	.Linfo_string62                 @ DW_AT_name
	.byte	5                               @ DW_AT_decl_file
	.byte	51                              @ DW_AT_decl_line
	.byte	5                               @ Abbrev [5] 0x473:0x7 DW_TAG_base_type
	.long	.Linfo_string65                 @ DW_AT_name
	.byte	2                               @ DW_AT_encoding
	.byte	1                               @ DW_AT_byte_size
	.byte	11                              @ Abbrev [11] 0x47a:0x5 DW_TAG_pointer_type
	.long	1151                            @ DW_AT_type
	.byte	12                              @ Abbrev [12] 0x47f:0xc DW_TAG_typedef
	.long	1163                            @ DW_AT_type
	.long	.Linfo_string155                @ DW_AT_name
	.byte	7                               @ DW_AT_decl_file
	.short	256                             @ DW_AT_decl_line
	.byte	9                               @ Abbrev [9] 0x48b:0x81 DW_TAG_structure_type
	.long	.Linfo_string154                @ DW_AT_name
	.byte	24                              @ DW_AT_byte_size
	.byte	7                               @ DW_AT_decl_file
	.byte	243                             @ DW_AT_decl_line
	.byte	10                              @ Abbrev [10] 0x493:0xc DW_TAG_member
	.long	.Linfo_string68                 @ DW_AT_name
	.long	1292                            @ DW_AT_type
	.byte	7                               @ DW_AT_decl_file
	.byte	245                             @ DW_AT_decl_line
	.byte	0                               @ DW_AT_data_member_location
	.byte	10                              @ Abbrev [10] 0x49f:0xc DW_TAG_member
	.long	.Linfo_string70                 @ DW_AT_name
	.long	1335                            @ DW_AT_type
	.byte	7                               @ DW_AT_decl_file
	.byte	246                             @ DW_AT_decl_line
	.byte	4                               @ DW_AT_data_member_location
	.byte	10                              @ Abbrev [10] 0x4ab:0xc DW_TAG_member
	.long	.Linfo_string6                  @ DW_AT_name
	.long	1336                            @ DW_AT_type
	.byte	7                               @ DW_AT_decl_file
	.byte	247                             @ DW_AT_decl_line
	.byte	8                               @ DW_AT_data_member_location
	.byte	10                              @ Abbrev [10] 0x4b7:0xc DW_TAG_member
	.long	.Linfo_string140                @ DW_AT_name
	.long	2469                            @ DW_AT_type
	.byte	7                               @ DW_AT_decl_file
	.byte	248                             @ DW_AT_decl_line
	.byte	12                              @ DW_AT_data_member_location
	.byte	10                              @ Abbrev [10] 0x4c3:0xc DW_TAG_member
	.long	.Linfo_string146                @ DW_AT_name
	.long	904                             @ DW_AT_type
	.byte	7                               @ DW_AT_decl_file
	.byte	249                             @ DW_AT_decl_line
	.byte	16                              @ DW_AT_data_member_location
	.byte	10                              @ Abbrev [10] 0x4cf:0xc DW_TAG_member
	.long	.Linfo_string147                @ DW_AT_name
	.long	2626                            @ DW_AT_type
	.byte	7                               @ DW_AT_decl_file
	.byte	250                             @ DW_AT_decl_line
	.byte	17                              @ DW_AT_data_member_location
	.byte	10                              @ Abbrev [10] 0x4db:0xc DW_TAG_member
	.long	.Linfo_string150                @ DW_AT_name
	.long	2626                            @ DW_AT_type
	.byte	7                               @ DW_AT_decl_file
	.byte	251                             @ DW_AT_decl_line
	.byte	18                              @ DW_AT_data_member_location
	.byte	10                              @ Abbrev [10] 0x4e7:0xc DW_TAG_member
	.long	.Linfo_string151                @ DW_AT_name
	.long	2626                            @ DW_AT_type
	.byte	7                               @ DW_AT_decl_file
	.byte	252                             @ DW_AT_decl_line
	.byte	19                              @ DW_AT_data_member_location
	.byte	10                              @ Abbrev [10] 0x4f3:0xc DW_TAG_member
	.long	.Linfo_string152                @ DW_AT_name
	.long	2626                            @ DW_AT_type
	.byte	7                               @ DW_AT_decl_file
	.byte	254                             @ DW_AT_decl_line
	.byte	20                              @ DW_AT_data_member_location
	.byte	10                              @ Abbrev [10] 0x4ff:0xc DW_TAG_member
	.long	.Linfo_string153                @ DW_AT_name
	.long	904                             @ DW_AT_type
	.byte	7                               @ DW_AT_decl_file
	.byte	255                             @ DW_AT_decl_line
	.byte	21                              @ DW_AT_data_member_location
	.byte	0                               @ End Of Children Mark
	.byte	8                               @ Abbrev [8] 0x50c:0xb DW_TAG_typedef
	.long	1303                            @ DW_AT_type
	.long	.Linfo_string69                 @ DW_AT_name
	.byte	7                               @ DW_AT_decl_file
	.byte	240                             @ DW_AT_decl_line
	.byte	11                              @ Abbrev [11] 0x517:0x5 DW_TAG_pointer_type
	.long	1308                            @ DW_AT_type
	.byte	19                              @ Abbrev [19] 0x51c:0x16 DW_TAG_subroutine_type
                                        @ DW_AT_prototyped
	.byte	20                              @ Abbrev [20] 0x51d:0x5 DW_TAG_formal_parameter
	.long	1330                            @ DW_AT_type
	.byte	20                              @ Abbrev [20] 0x522:0x5 DW_TAG_formal_parameter
	.long	1335                            @ DW_AT_type
	.byte	20                              @ Abbrev [20] 0x527:0x5 DW_TAG_formal_parameter
	.long	1139                            @ DW_AT_type
	.byte	20                              @ Abbrev [20] 0x52c:0x5 DW_TAG_formal_parameter
	.long	874                             @ DW_AT_type
	.byte	0                               @ End Of Children Mark
	.byte	11                              @ Abbrev [11] 0x532:0x5 DW_TAG_pointer_type
	.long	1163                            @ DW_AT_type
	.byte	21                              @ Abbrev [21] 0x537:0x1 DW_TAG_pointer_type
	.byte	11                              @ Abbrev [11] 0x538:0x5 DW_TAG_pointer_type
	.long	1341                            @ DW_AT_type
	.byte	12                              @ Abbrev [12] 0x53d:0xc DW_TAG_typedef
	.long	1353                            @ DW_AT_type
	.long	.Linfo_string139                @ DW_AT_name
	.byte	3                               @ DW_AT_decl_file
	.short	16113                           @ DW_AT_decl_line
	.byte	13                              @ Abbrev [13] 0x549:0x404 DW_TAG_structure_type
	.short	5120                            @ DW_AT_byte_size
	.byte	3                               @ DW_AT_decl_file
	.short	16033                           @ DW_AT_decl_line
	.byte	14                              @ Abbrev [14] 0x54f:0xd DW_TAG_member
	.long	.Linfo_string71                 @ DW_AT_name
	.long	869                             @ DW_AT_type
	.byte	3                               @ DW_AT_decl_file
	.short	16034                           @ DW_AT_decl_line
	.byte	0                               @ DW_AT_data_member_location
	.byte	14                              @ Abbrev [14] 0x55c:0xd DW_TAG_member
	.long	.Linfo_string72                 @ DW_AT_name
	.long	864                             @ DW_AT_type
	.byte	3                               @ DW_AT_decl_file
	.short	16035                           @ DW_AT_decl_line
	.byte	4                               @ DW_AT_data_member_location
	.byte	14                              @ Abbrev [14] 0x569:0xd DW_TAG_member
	.long	.Linfo_string17                 @ DW_AT_name
	.long	892                             @ DW_AT_type
	.byte	3                               @ DW_AT_decl_file
	.short	16036                           @ DW_AT_decl_line
	.byte	8                               @ DW_AT_data_member_location
	.byte	14                              @ Abbrev [14] 0x576:0xd DW_TAG_member
	.long	.Linfo_string73                 @ DW_AT_name
	.long	869                             @ DW_AT_type
	.byte	3                               @ DW_AT_decl_file
	.short	16037                           @ DW_AT_decl_line
	.byte	12                              @ DW_AT_data_member_location
	.byte	14                              @ Abbrev [14] 0x583:0xd DW_TAG_member
	.long	.Linfo_string23                 @ DW_AT_name
	.long	892                             @ DW_AT_type
	.byte	3                               @ DW_AT_decl_file
	.short	16038                           @ DW_AT_decl_line
	.byte	16                              @ DW_AT_data_member_location
	.byte	14                              @ Abbrev [14] 0x590:0xd DW_TAG_member
	.long	.Linfo_string74                 @ DW_AT_name
	.long	869                             @ DW_AT_type
	.byte	3                               @ DW_AT_decl_file
	.short	16039                           @ DW_AT_decl_line
	.byte	20                              @ DW_AT_data_member_location
	.byte	14                              @ Abbrev [14] 0x59d:0xd DW_TAG_member
	.long	.Linfo_string75                 @ DW_AT_name
	.long	2381                            @ DW_AT_type
	.byte	3                               @ DW_AT_decl_file
	.short	16040                           @ DW_AT_decl_line
	.byte	24                              @ DW_AT_data_member_location
	.byte	14                              @ Abbrev [14] 0x5aa:0xd DW_TAG_member
	.long	.Linfo_string76                 @ DW_AT_name
	.long	2381                            @ DW_AT_type
	.byte	3                               @ DW_AT_decl_file
	.short	16041                           @ DW_AT_decl_line
	.byte	25                              @ DW_AT_data_member_location
	.byte	14                              @ Abbrev [14] 0x5b7:0xd DW_TAG_member
	.long	.Linfo_string77                 @ DW_AT_name
	.long	2381                            @ DW_AT_type
	.byte	3                               @ DW_AT_decl_file
	.short	16042                           @ DW_AT_decl_line
	.byte	26                              @ DW_AT_data_member_location
	.byte	14                              @ Abbrev [14] 0x5c4:0xd DW_TAG_member
	.long	.Linfo_string78                 @ DW_AT_name
	.long	2381                            @ DW_AT_type
	.byte	3                               @ DW_AT_decl_file
	.short	16043                           @ DW_AT_decl_line
	.byte	27                              @ DW_AT_data_member_location
	.byte	14                              @ Abbrev [14] 0x5d1:0xd DW_TAG_member
	.long	.Linfo_string79                 @ DW_AT_name
	.long	2381                            @ DW_AT_type
	.byte	3                               @ DW_AT_decl_file
	.short	16044                           @ DW_AT_decl_line
	.byte	28                              @ DW_AT_data_member_location
	.byte	14                              @ Abbrev [14] 0x5de:0xd DW_TAG_member
	.long	.Linfo_string80                 @ DW_AT_name
	.long	2381                            @ DW_AT_type
	.byte	3                               @ DW_AT_decl_file
	.short	16045                           @ DW_AT_decl_line
	.byte	29                              @ DW_AT_data_member_location
	.byte	14                              @ Abbrev [14] 0x5eb:0xd DW_TAG_member
	.long	.Linfo_string81                 @ DW_AT_name
	.long	2381                            @ DW_AT_type
	.byte	3                               @ DW_AT_decl_file
	.short	16046                           @ DW_AT_decl_line
	.byte	30                              @ DW_AT_data_member_location
	.byte	14                              @ Abbrev [14] 0x5f8:0xd DW_TAG_member
	.long	.Linfo_string82                 @ DW_AT_name
	.long	2381                            @ DW_AT_type
	.byte	3                               @ DW_AT_decl_file
	.short	16047                           @ DW_AT_decl_line
	.byte	31                              @ DW_AT_data_member_location
	.byte	14                              @ Abbrev [14] 0x605:0xd DW_TAG_member
	.long	.Linfo_string25                 @ DW_AT_name
	.long	892                             @ DW_AT_type
	.byte	3                               @ DW_AT_decl_file
	.short	16048                           @ DW_AT_decl_line
	.byte	32                              @ DW_AT_data_member_location
	.byte	14                              @ Abbrev [14] 0x612:0xd DW_TAG_member
	.long	.Linfo_string83                 @ DW_AT_name
	.long	869                             @ DW_AT_type
	.byte	3                               @ DW_AT_decl_file
	.short	16049                           @ DW_AT_decl_line
	.byte	36                              @ DW_AT_data_member_location
	.byte	14                              @ Abbrev [14] 0x61f:0xd DW_TAG_member
	.long	.Linfo_string27                 @ DW_AT_name
	.long	892                             @ DW_AT_type
	.byte	3                               @ DW_AT_decl_file
	.short	16050                           @ DW_AT_decl_line
	.byte	40                              @ DW_AT_data_member_location
	.byte	14                              @ Abbrev [14] 0x62c:0xd DW_TAG_member
	.long	.Linfo_string84                 @ DW_AT_name
	.long	869                             @ DW_AT_type
	.byte	3                               @ DW_AT_decl_file
	.short	16051                           @ DW_AT_decl_line
	.byte	44                              @ DW_AT_data_member_location
	.byte	14                              @ Abbrev [14] 0x639:0xd DW_TAG_member
	.long	.Linfo_string29                 @ DW_AT_name
	.long	892                             @ DW_AT_type
	.byte	3                               @ DW_AT_decl_file
	.short	16052                           @ DW_AT_decl_line
	.byte	48                              @ DW_AT_data_member_location
	.byte	14                              @ Abbrev [14] 0x646:0xd DW_TAG_member
	.long	.Linfo_string85                 @ DW_AT_name
	.long	864                             @ DW_AT_type
	.byte	3                               @ DW_AT_decl_file
	.short	16053                           @ DW_AT_decl_line
	.byte	52                              @ DW_AT_data_member_location
	.byte	14                              @ Abbrev [14] 0x653:0xd DW_TAG_member
	.long	.Linfo_string31                 @ DW_AT_name
	.long	922                             @ DW_AT_type
	.byte	3                               @ DW_AT_decl_file
	.short	16054                           @ DW_AT_decl_line
	.byte	56                              @ DW_AT_data_member_location
	.byte	14                              @ Abbrev [14] 0x660:0xd DW_TAG_member
	.long	.Linfo_string86                 @ DW_AT_name
	.long	869                             @ DW_AT_type
	.byte	3                               @ DW_AT_decl_file
	.short	16055                           @ DW_AT_decl_line
	.byte	68                              @ DW_AT_data_member_location
	.byte	14                              @ Abbrev [14] 0x66d:0xd DW_TAG_member
	.long	.Linfo_string33                 @ DW_AT_name
	.long	2386                            @ DW_AT_type
	.byte	3                               @ DW_AT_decl_file
	.short	16056                           @ DW_AT_decl_line
	.byte	72                              @ DW_AT_data_member_location
	.byte	15                              @ Abbrev [15] 0x67a:0xe DW_TAG_member
	.long	.Linfo_string87                 @ DW_AT_name
	.long	2381                            @ DW_AT_type
	.byte	3                               @ DW_AT_decl_file
	.short	16057                           @ DW_AT_decl_line
	.short	256                             @ DW_AT_data_member_location
	.byte	15                              @ Abbrev [15] 0x688:0xe DW_TAG_member
	.long	.Linfo_string88                 @ DW_AT_name
	.long	2381                            @ DW_AT_type
	.byte	3                               @ DW_AT_decl_file
	.short	16058                           @ DW_AT_decl_line
	.short	257                             @ DW_AT_data_member_location
	.byte	15                              @ Abbrev [15] 0x696:0xe DW_TAG_member
	.long	.Linfo_string89                 @ DW_AT_name
	.long	2381                            @ DW_AT_type
	.byte	3                               @ DW_AT_decl_file
	.short	16059                           @ DW_AT_decl_line
	.short	258                             @ DW_AT_data_member_location
	.byte	15                              @ Abbrev [15] 0x6a4:0xe DW_TAG_member
	.long	.Linfo_string90                 @ DW_AT_name
	.long	2381                            @ DW_AT_type
	.byte	3                               @ DW_AT_decl_file
	.short	16060                           @ DW_AT_decl_line
	.short	259                             @ DW_AT_data_member_location
	.byte	15                              @ Abbrev [15] 0x6b2:0xe DW_TAG_member
	.long	.Linfo_string91                 @ DW_AT_name
	.long	2381                            @ DW_AT_type
	.byte	3                               @ DW_AT_decl_file
	.short	16061                           @ DW_AT_decl_line
	.short	260                             @ DW_AT_data_member_location
	.byte	15                              @ Abbrev [15] 0x6c0:0xe DW_TAG_member
	.long	.Linfo_string92                 @ DW_AT_name
	.long	2381                            @ DW_AT_type
	.byte	3                               @ DW_AT_decl_file
	.short	16062                           @ DW_AT_decl_line
	.short	261                             @ DW_AT_data_member_location
	.byte	15                              @ Abbrev [15] 0x6ce:0xe DW_TAG_member
	.long	.Linfo_string93                 @ DW_AT_name
	.long	2381                            @ DW_AT_type
	.byte	3                               @ DW_AT_decl_file
	.short	16063                           @ DW_AT_decl_line
	.short	262                             @ DW_AT_data_member_location
	.byte	15                              @ Abbrev [15] 0x6dc:0xe DW_TAG_member
	.long	.Linfo_string94                 @ DW_AT_name
	.long	2381                            @ DW_AT_type
	.byte	3                               @ DW_AT_decl_file
	.short	16064                           @ DW_AT_decl_line
	.short	263                             @ DW_AT_data_member_location
	.byte	15                              @ Abbrev [15] 0x6ea:0xe DW_TAG_member
	.long	.Linfo_string95                 @ DW_AT_name
	.long	2381                            @ DW_AT_type
	.byte	3                               @ DW_AT_decl_file
	.short	16065                           @ DW_AT_decl_line
	.short	264                             @ DW_AT_data_member_location
	.byte	15                              @ Abbrev [15] 0x6f8:0xe DW_TAG_member
	.long	.Linfo_string96                 @ DW_AT_name
	.long	2381                            @ DW_AT_type
	.byte	3                               @ DW_AT_decl_file
	.short	16066                           @ DW_AT_decl_line
	.short	265                             @ DW_AT_data_member_location
	.byte	15                              @ Abbrev [15] 0x706:0xe DW_TAG_member
	.long	.Linfo_string97                 @ DW_AT_name
	.long	2381                            @ DW_AT_type
	.byte	3                               @ DW_AT_decl_file
	.short	16067                           @ DW_AT_decl_line
	.short	266                             @ DW_AT_data_member_location
	.byte	15                              @ Abbrev [15] 0x714:0xe DW_TAG_member
	.long	.Linfo_string98                 @ DW_AT_name
	.long	2381                            @ DW_AT_type
	.byte	3                               @ DW_AT_decl_file
	.short	16068                           @ DW_AT_decl_line
	.short	267                             @ DW_AT_data_member_location
	.byte	15                              @ Abbrev [15] 0x722:0xe DW_TAG_member
	.long	.Linfo_string99                 @ DW_AT_name
	.long	2381                            @ DW_AT_type
	.byte	3                               @ DW_AT_decl_file
	.short	16069                           @ DW_AT_decl_line
	.short	268                             @ DW_AT_data_member_location
	.byte	15                              @ Abbrev [15] 0x730:0xe DW_TAG_member
	.long	.Linfo_string100                @ DW_AT_name
	.long	2381                            @ DW_AT_type
	.byte	3                               @ DW_AT_decl_file
	.short	16070                           @ DW_AT_decl_line
	.short	269                             @ DW_AT_data_member_location
	.byte	15                              @ Abbrev [15] 0x73e:0xe DW_TAG_member
	.long	.Linfo_string101                @ DW_AT_name
	.long	2381                            @ DW_AT_type
	.byte	3                               @ DW_AT_decl_file
	.short	16071                           @ DW_AT_decl_line
	.short	270                             @ DW_AT_data_member_location
	.byte	15                              @ Abbrev [15] 0x74c:0xe DW_TAG_member
	.long	.Linfo_string102                @ DW_AT_name
	.long	2381                            @ DW_AT_type
	.byte	3                               @ DW_AT_decl_file
	.short	16072                           @ DW_AT_decl_line
	.short	271                             @ DW_AT_data_member_location
	.byte	15                              @ Abbrev [15] 0x75a:0xe DW_TAG_member
	.long	.Linfo_string103                @ DW_AT_name
	.long	2381                            @ DW_AT_type
	.byte	3                               @ DW_AT_decl_file
	.short	16073                           @ DW_AT_decl_line
	.short	272                             @ DW_AT_data_member_location
	.byte	15                              @ Abbrev [15] 0x768:0xe DW_TAG_member
	.long	.Linfo_string104                @ DW_AT_name
	.long	2381                            @ DW_AT_type
	.byte	3                               @ DW_AT_decl_file
	.short	16074                           @ DW_AT_decl_line
	.short	273                             @ DW_AT_data_member_location
	.byte	15                              @ Abbrev [15] 0x776:0xe DW_TAG_member
	.long	.Linfo_string105                @ DW_AT_name
	.long	2381                            @ DW_AT_type
	.byte	3                               @ DW_AT_decl_file
	.short	16075                           @ DW_AT_decl_line
	.short	274                             @ DW_AT_data_member_location
	.byte	15                              @ Abbrev [15] 0x784:0xe DW_TAG_member
	.long	.Linfo_string106                @ DW_AT_name
	.long	2381                            @ DW_AT_type
	.byte	3                               @ DW_AT_decl_file
	.short	16076                           @ DW_AT_decl_line
	.short	275                             @ DW_AT_data_member_location
	.byte	15                              @ Abbrev [15] 0x792:0xe DW_TAG_member
	.long	.Linfo_string107                @ DW_AT_name
	.long	2381                            @ DW_AT_type
	.byte	3                               @ DW_AT_decl_file
	.short	16077                           @ DW_AT_decl_line
	.short	276                             @ DW_AT_data_member_location
	.byte	15                              @ Abbrev [15] 0x7a0:0xe DW_TAG_member
	.long	.Linfo_string108                @ DW_AT_name
	.long	2381                            @ DW_AT_type
	.byte	3                               @ DW_AT_decl_file
	.short	16078                           @ DW_AT_decl_line
	.short	277                             @ DW_AT_data_member_location
	.byte	15                              @ Abbrev [15] 0x7ae:0xe DW_TAG_member
	.long	.Linfo_string109                @ DW_AT_name
	.long	2381                            @ DW_AT_type
	.byte	3                               @ DW_AT_decl_file
	.short	16079                           @ DW_AT_decl_line
	.short	278                             @ DW_AT_data_member_location
	.byte	15                              @ Abbrev [15] 0x7bc:0xe DW_TAG_member
	.long	.Linfo_string110                @ DW_AT_name
	.long	2381                            @ DW_AT_type
	.byte	3                               @ DW_AT_decl_file
	.short	16080                           @ DW_AT_decl_line
	.short	279                             @ DW_AT_data_member_location
	.byte	15                              @ Abbrev [15] 0x7ca:0xe DW_TAG_member
	.long	.Linfo_string111                @ DW_AT_name
	.long	2381                            @ DW_AT_type
	.byte	3                               @ DW_AT_decl_file
	.short	16081                           @ DW_AT_decl_line
	.short	280                             @ DW_AT_data_member_location
	.byte	15                              @ Abbrev [15] 0x7d8:0xe DW_TAG_member
	.long	.Linfo_string112                @ DW_AT_name
	.long	2381                            @ DW_AT_type
	.byte	3                               @ DW_AT_decl_file
	.short	16082                           @ DW_AT_decl_line
	.short	281                             @ DW_AT_data_member_location
	.byte	15                              @ Abbrev [15] 0x7e6:0xe DW_TAG_member
	.long	.Linfo_string113                @ DW_AT_name
	.long	2381                            @ DW_AT_type
	.byte	3                               @ DW_AT_decl_file
	.short	16083                           @ DW_AT_decl_line
	.short	282                             @ DW_AT_data_member_location
	.byte	15                              @ Abbrev [15] 0x7f4:0xe DW_TAG_member
	.long	.Linfo_string114                @ DW_AT_name
	.long	2381                            @ DW_AT_type
	.byte	3                               @ DW_AT_decl_file
	.short	16084                           @ DW_AT_decl_line
	.short	283                             @ DW_AT_data_member_location
	.byte	15                              @ Abbrev [15] 0x802:0xe DW_TAG_member
	.long	.Linfo_string115                @ DW_AT_name
	.long	2381                            @ DW_AT_type
	.byte	3                               @ DW_AT_decl_file
	.short	16085                           @ DW_AT_decl_line
	.short	284                             @ DW_AT_data_member_location
	.byte	15                              @ Abbrev [15] 0x810:0xe DW_TAG_member
	.long	.Linfo_string116                @ DW_AT_name
	.long	2381                            @ DW_AT_type
	.byte	3                               @ DW_AT_decl_file
	.short	16086                           @ DW_AT_decl_line
	.short	285                             @ DW_AT_data_member_location
	.byte	15                              @ Abbrev [15] 0x81e:0xe DW_TAG_member
	.long	.Linfo_string117                @ DW_AT_name
	.long	2381                            @ DW_AT_type
	.byte	3                               @ DW_AT_decl_file
	.short	16087                           @ DW_AT_decl_line
	.short	286                             @ DW_AT_data_member_location
	.byte	15                              @ Abbrev [15] 0x82c:0xe DW_TAG_member
	.long	.Linfo_string118                @ DW_AT_name
	.long	2381                            @ DW_AT_type
	.byte	3                               @ DW_AT_decl_file
	.short	16088                           @ DW_AT_decl_line
	.short	287                             @ DW_AT_data_member_location
	.byte	15                              @ Abbrev [15] 0x83a:0xe DW_TAG_member
	.long	.Linfo_string35                 @ DW_AT_name
	.long	2398                            @ DW_AT_type
	.byte	3                               @ DW_AT_decl_file
	.short	16089                           @ DW_AT_decl_line
	.short	288                             @ DW_AT_data_member_location
	.byte	15                              @ Abbrev [15] 0x848:0xe DW_TAG_member
	.long	.Linfo_string119                @ DW_AT_name
	.long	2411                            @ DW_AT_type
	.byte	3                               @ DW_AT_decl_file
	.short	16112                           @ DW_AT_decl_line
	.short	4096                            @ DW_AT_data_member_location
	.byte	22                              @ Abbrev [22] 0x856:0xf6 DW_TAG_structure_type
	.byte	32                              @ DW_AT_byte_size
	.byte	3                               @ DW_AT_decl_file
	.short	16090                           @ DW_AT_decl_line
	.byte	14                              @ Abbrev [14] 0x85b:0xd DW_TAG_member
	.long	.Linfo_string120                @ DW_AT_name
	.long	869                             @ DW_AT_type
	.byte	3                               @ DW_AT_decl_file
	.short	16091                           @ DW_AT_decl_line
	.byte	0                               @ DW_AT_data_member_location
	.byte	14                              @ Abbrev [14] 0x868:0xd DW_TAG_member
	.long	.Linfo_string121                @ DW_AT_name
	.long	2423                            @ DW_AT_type
	.byte	3                               @ DW_AT_decl_file
	.short	16092                           @ DW_AT_decl_line
	.byte	4                               @ DW_AT_data_member_location
	.byte	14                              @ Abbrev [14] 0x875:0xd DW_TAG_member
	.long	.Linfo_string124                @ DW_AT_name
	.long	2423                            @ DW_AT_type
	.byte	3                               @ DW_AT_decl_file
	.short	16093                           @ DW_AT_decl_line
	.byte	6                               @ DW_AT_data_member_location
	.byte	23                              @ Abbrev [23] 0x882:0x9 DW_TAG_member
	.long	2187                            @ DW_AT_type
	.byte	3                               @ DW_AT_decl_file
	.short	16094                           @ DW_AT_decl_line
	.byte	8                               @ DW_AT_data_member_location
	.byte	24                              @ Abbrev [24] 0x88b:0x2d DW_TAG_union_type
	.byte	4                               @ DW_AT_byte_size
	.byte	3                               @ DW_AT_decl_file
	.short	16094                           @ DW_AT_decl_line
	.byte	14                              @ Abbrev [14] 0x890:0xd DW_TAG_member
	.long	.Linfo_string125                @ DW_AT_name
	.long	869                             @ DW_AT_type
	.byte	3                               @ DW_AT_decl_file
	.short	16095                           @ DW_AT_decl_line
	.byte	0                               @ DW_AT_data_member_location
	.byte	14                              @ Abbrev [14] 0x89d:0xd DW_TAG_member
	.long	.Linfo_string126                @ DW_AT_name
	.long	869                             @ DW_AT_type
	.byte	3                               @ DW_AT_decl_file
	.short	16096                           @ DW_AT_decl_line
	.byte	0                               @ DW_AT_data_member_location
	.byte	14                              @ Abbrev [14] 0x8aa:0xd DW_TAG_member
	.long	.Linfo_string127                @ DW_AT_name
	.long	869                             @ DW_AT_type
	.byte	3                               @ DW_AT_decl_file
	.short	16097                           @ DW_AT_decl_line
	.byte	0                               @ DW_AT_data_member_location
	.byte	0                               @ End Of Children Mark
	.byte	14                              @ Abbrev [14] 0x8b8:0xd DW_TAG_member
	.long	.Linfo_string128                @ DW_AT_name
	.long	2446                            @ DW_AT_type
	.byte	3                               @ DW_AT_decl_file
	.short	16099                           @ DW_AT_decl_line
	.byte	12                              @ DW_AT_data_member_location
	.byte	14                              @ Abbrev [14] 0x8c5:0xd DW_TAG_member
	.long	.Linfo_string131                @ DW_AT_name
	.long	869                             @ DW_AT_type
	.byte	3                               @ DW_AT_decl_file
	.short	16100                           @ DW_AT_decl_line
	.byte	16                              @ DW_AT_data_member_location
	.byte	14                              @ Abbrev [14] 0x8d2:0xd DW_TAG_member
	.long	.Linfo_string132                @ DW_AT_name
	.long	2423                            @ DW_AT_type
	.byte	3                               @ DW_AT_decl_file
	.short	16101                           @ DW_AT_decl_line
	.byte	20                              @ DW_AT_data_member_location
	.byte	23                              @ Abbrev [23] 0x8df:0x9 DW_TAG_member
	.long	2280                            @ DW_AT_type
	.byte	3                               @ DW_AT_decl_file
	.short	16102                           @ DW_AT_decl_line
	.byte	22                              @ DW_AT_data_member_location
	.byte	24                              @ Abbrev [24] 0x8e8:0x20 DW_TAG_union_type
	.byte	2                               @ DW_AT_byte_size
	.byte	3                               @ DW_AT_decl_file
	.short	16102                           @ DW_AT_decl_line
	.byte	14                              @ Abbrev [14] 0x8ed:0xd DW_TAG_member
	.long	.Linfo_string133                @ DW_AT_name
	.long	2423                            @ DW_AT_type
	.byte	3                               @ DW_AT_decl_file
	.short	16103                           @ DW_AT_decl_line
	.byte	0                               @ DW_AT_data_member_location
	.byte	14                              @ Abbrev [14] 0x8fa:0xd DW_TAG_member
	.long	.Linfo_string134                @ DW_AT_name
	.long	2423                            @ DW_AT_type
	.byte	3                               @ DW_AT_decl_file
	.short	16104                           @ DW_AT_decl_line
	.byte	0                               @ DW_AT_data_member_location
	.byte	0                               @ End Of Children Mark
	.byte	14                              @ Abbrev [14] 0x908:0xd DW_TAG_member
	.long	.Linfo_string135                @ DW_AT_name
	.long	2446                            @ DW_AT_type
	.byte	3                               @ DW_AT_decl_file
	.short	16106                           @ DW_AT_decl_line
	.byte	24                              @ DW_AT_data_member_location
	.byte	14                              @ Abbrev [14] 0x915:0xd DW_TAG_member
	.long	.Linfo_string136                @ DW_AT_name
	.long	2423                            @ DW_AT_type
	.byte	3                               @ DW_AT_decl_file
	.short	16107                           @ DW_AT_decl_line
	.byte	28                              @ DW_AT_data_member_location
	.byte	23                              @ Abbrev [23] 0x922:0x9 DW_TAG_member
	.long	2347                            @ DW_AT_type
	.byte	3                               @ DW_AT_decl_file
	.short	16108                           @ DW_AT_decl_line
	.byte	30                              @ DW_AT_data_member_location
	.byte	24                              @ Abbrev [24] 0x92b:0x20 DW_TAG_union_type
	.byte	2                               @ DW_AT_byte_size
	.byte	3                               @ DW_AT_decl_file
	.short	16108                           @ DW_AT_decl_line
	.byte	14                              @ Abbrev [14] 0x930:0xd DW_TAG_member
	.long	.Linfo_string137                @ DW_AT_name
	.long	2423                            @ DW_AT_type
	.byte	3                               @ DW_AT_decl_file
	.short	16109                           @ DW_AT_decl_line
	.byte	0                               @ DW_AT_data_member_location
	.byte	14                              @ Abbrev [14] 0x93d:0xd DW_TAG_member
	.long	.Linfo_string138                @ DW_AT_name
	.long	2423                            @ DW_AT_type
	.byte	3                               @ DW_AT_decl_file
	.short	16110                           @ DW_AT_decl_line
	.byte	0                               @ DW_AT_data_member_location
	.byte	0                               @ End Of Children Mark
	.byte	0                               @ End Of Children Mark
	.byte	0                               @ End Of Children Mark
	.byte	17                              @ Abbrev [17] 0x94d:0x5 DW_TAG_volatile_type
	.long	904                             @ DW_AT_type
	.byte	3                               @ Abbrev [3] 0x952:0xc DW_TAG_array_type
	.long	904                             @ DW_AT_type
	.byte	4                               @ Abbrev [4] 0x957:0x6 DW_TAG_subrange_type
	.long	71                              @ DW_AT_type
	.byte	184                             @ DW_AT_count
	.byte	0                               @ End Of Children Mark
	.byte	3                               @ Abbrev [3] 0x95e:0xd DW_TAG_array_type
	.long	904                             @ DW_AT_type
	.byte	18                              @ Abbrev [18] 0x963:0x7 DW_TAG_subrange_type
	.long	71                              @ DW_AT_type
	.short	3808                            @ DW_AT_count
	.byte	0                               @ End Of Children Mark
	.byte	3                               @ Abbrev [3] 0x96b:0xc DW_TAG_array_type
	.long	2134                            @ DW_AT_type
	.byte	4                               @ Abbrev [4] 0x970:0x6 DW_TAG_subrange_type
	.long	71                              @ DW_AT_type
	.byte	32                              @ DW_AT_count
	.byte	0                               @ End Of Children Mark
	.byte	17                              @ Abbrev [17] 0x977:0x5 DW_TAG_volatile_type
	.long	2428                            @ DW_AT_type
	.byte	8                               @ Abbrev [8] 0x97c:0xb DW_TAG_typedef
	.long	2439                            @ DW_AT_type
	.long	.Linfo_string123                @ DW_AT_name
	.byte	2                               @ DW_AT_decl_file
	.byte	63                              @ DW_AT_decl_line
	.byte	5                               @ Abbrev [5] 0x987:0x7 DW_TAG_base_type
	.long	.Linfo_string122                @ DW_AT_name
	.byte	7                               @ DW_AT_encoding
	.byte	2                               @ DW_AT_byte_size
	.byte	17                              @ Abbrev [17] 0x98e:0x5 DW_TAG_volatile_type
	.long	2451                            @ DW_AT_type
	.byte	8                               @ Abbrev [8] 0x993:0xb DW_TAG_typedef
	.long	2462                            @ DW_AT_type
	.long	.Linfo_string130                @ DW_AT_name
	.byte	2                               @ DW_AT_decl_file
	.byte	58                              @ DW_AT_decl_line
	.byte	5                               @ Abbrev [5] 0x99e:0x7 DW_TAG_base_type
	.long	.Linfo_string129                @ DW_AT_name
	.byte	5                               @ DW_AT_encoding
	.byte	4                               @ DW_AT_byte_size
	.byte	11                              @ Abbrev [11] 0x9a5:0x5 DW_TAG_pointer_type
	.long	2474                            @ DW_AT_type
	.byte	8                               @ Abbrev [8] 0x9aa:0xb DW_TAG_typedef
	.long	2485                            @ DW_AT_type
	.long	.Linfo_string145                @ DW_AT_name
	.byte	7                               @ DW_AT_decl_file
	.byte	217                             @ DW_AT_decl_line
	.byte	9                               @ Abbrev [9] 0x9b5:0x8d DW_TAG_structure_type
	.long	.Linfo_string144                @ DW_AT_name
	.byte	32                              @ DW_AT_byte_size
	.byte	7                               @ DW_AT_decl_file
	.byte	204                             @ DW_AT_decl_line
	.byte	10                              @ Abbrev [10] 0x9bd:0xc DW_TAG_member
	.long	.Linfo_string120                @ DW_AT_name
	.long	869                             @ DW_AT_type
	.byte	7                               @ DW_AT_decl_file
	.byte	206                             @ DW_AT_decl_line
	.byte	0                               @ DW_AT_data_member_location
	.byte	10                              @ Abbrev [10] 0x9c9:0xc DW_TAG_member
	.long	.Linfo_string121                @ DW_AT_name
	.long	2423                            @ DW_AT_type
	.byte	7                               @ DW_AT_decl_file
	.byte	207                             @ DW_AT_decl_line
	.byte	4                               @ DW_AT_data_member_location
	.byte	10                              @ Abbrev [10] 0x9d5:0xc DW_TAG_member
	.long	.Linfo_string124                @ DW_AT_name
	.long	2423                            @ DW_AT_type
	.byte	7                               @ DW_AT_decl_file
	.byte	208                             @ DW_AT_decl_line
	.byte	6                               @ DW_AT_data_member_location
	.byte	10                              @ Abbrev [10] 0x9e1:0xc DW_TAG_member
	.long	.Linfo_string141                @ DW_AT_name
	.long	869                             @ DW_AT_type
	.byte	7                               @ DW_AT_decl_file
	.byte	209                             @ DW_AT_decl_line
	.byte	8                               @ DW_AT_data_member_location
	.byte	10                              @ Abbrev [10] 0x9ed:0xc DW_TAG_member
	.long	.Linfo_string128                @ DW_AT_name
	.long	869                             @ DW_AT_type
	.byte	7                               @ DW_AT_decl_file
	.byte	210                             @ DW_AT_decl_line
	.byte	12                              @ DW_AT_data_member_location
	.byte	10                              @ Abbrev [10] 0x9f9:0xc DW_TAG_member
	.long	.Linfo_string131                @ DW_AT_name
	.long	869                             @ DW_AT_type
	.byte	7                               @ DW_AT_decl_file
	.byte	211                             @ DW_AT_decl_line
	.byte	16                              @ DW_AT_data_member_location
	.byte	10                              @ Abbrev [10] 0xa05:0xc DW_TAG_member
	.long	.Linfo_string132                @ DW_AT_name
	.long	2423                            @ DW_AT_type
	.byte	7                               @ DW_AT_decl_file
	.byte	212                             @ DW_AT_decl_line
	.byte	20                              @ DW_AT_data_member_location
	.byte	10                              @ Abbrev [10] 0xa11:0xc DW_TAG_member
	.long	.Linfo_string142                @ DW_AT_name
	.long	2423                            @ DW_AT_type
	.byte	7                               @ DW_AT_decl_file
	.byte	213                             @ DW_AT_decl_line
	.byte	22                              @ DW_AT_data_member_location
	.byte	10                              @ Abbrev [10] 0xa1d:0xc DW_TAG_member
	.long	.Linfo_string135                @ DW_AT_name
	.long	869                             @ DW_AT_type
	.byte	7                               @ DW_AT_decl_file
	.byte	214                             @ DW_AT_decl_line
	.byte	24                              @ DW_AT_data_member_location
	.byte	10                              @ Abbrev [10] 0xa29:0xc DW_TAG_member
	.long	.Linfo_string136                @ DW_AT_name
	.long	2423                            @ DW_AT_type
	.byte	7                               @ DW_AT_decl_file
	.byte	215                             @ DW_AT_decl_line
	.byte	28                              @ DW_AT_data_member_location
	.byte	10                              @ Abbrev [10] 0xa35:0xc DW_TAG_member
	.long	.Linfo_string143                @ DW_AT_name
	.long	2423                            @ DW_AT_type
	.byte	7                               @ DW_AT_decl_file
	.byte	216                             @ DW_AT_decl_line
	.byte	30                              @ DW_AT_data_member_location
	.byte	0                               @ End Of Children Mark
	.byte	17                              @ Abbrev [17] 0xa42:0x5 DW_TAG_volatile_type
	.long	2631                            @ DW_AT_type
	.byte	8                               @ Abbrev [8] 0xa47:0xb DW_TAG_typedef
	.long	2642                            @ DW_AT_type
	.long	.Linfo_string149                @ DW_AT_name
	.byte	2                               @ DW_AT_decl_file
	.byte	56                              @ DW_AT_decl_line
	.byte	5                               @ Abbrev [5] 0xa52:0x7 DW_TAG_base_type
	.long	.Linfo_string148                @ DW_AT_name
	.byte	6                               @ DW_AT_encoding
	.byte	1                               @ DW_AT_byte_size
	.byte	8                               @ Abbrev [8] 0xa59:0xb DW_TAG_typedef
	.long	2660                            @ DW_AT_type
	.long	.Linfo_string158                @ DW_AT_name
	.byte	6                               @ DW_AT_decl_file
	.byte	36                              @ DW_AT_decl_line
	.byte	11                              @ Abbrev [11] 0xa64:0x5 DW_TAG_pointer_type
	.long	2665                            @ DW_AT_type
	.byte	19                              @ Abbrev [19] 0xa69:0x16 DW_TAG_subroutine_type
                                        @ DW_AT_prototyped
	.byte	20                              @ Abbrev [20] 0xa6a:0x5 DW_TAG_formal_parameter
	.long	203                             @ DW_AT_type
	.byte	20                              @ Abbrev [20] 0xa6f:0x5 DW_TAG_formal_parameter
	.long	1007                            @ DW_AT_type
	.byte	20                              @ Abbrev [20] 0xa74:0x5 DW_TAG_formal_parameter
	.long	2687                            @ DW_AT_type
	.byte	20                              @ Abbrev [20] 0xa79:0x5 DW_TAG_formal_parameter
	.long	1335                            @ DW_AT_type
	.byte	0                               @ End Of Children Mark
	.byte	8                               @ Abbrev [8] 0xa7f:0xb DW_TAG_typedef
	.long	2451                            @ DW_AT_type
	.long	.Linfo_string157                @ DW_AT_name
	.byte	8                               @ DW_AT_decl_file
	.byte	219                             @ DW_AT_decl_line
	.byte	7                               @ Abbrev [7] 0xa8a:0x11 DW_TAG_variable
	.long	.Linfo_string163                @ DW_AT_name
	.long	2715                            @ DW_AT_type
	.byte	1                               @ DW_AT_decl_file
	.byte	65                              @ DW_AT_decl_line
	.byte	5                               @ DW_AT_location
	.byte	3
	.long	s_dummyData
	.byte	16                              @ Abbrev [16] 0xa9b:0x5 DW_TAG_const_type
	.long	874                             @ DW_AT_type
	.byte	25                              @ Abbrev [25] 0xaa0:0x3f DW_TAG_enumeration_type
	.long	915                             @ DW_AT_type
	.byte	1                               @ DW_AT_byte_size
	.byte	8                               @ DW_AT_decl_file
	.byte	203                             @ DW_AT_decl_line
	.byte	26                              @ Abbrev [26] 0xaa8:0x6 DW_TAG_enumerator
	.long	.Linfo_string164                @ DW_AT_name
	.byte	0                               @ DW_AT_const_value
	.byte	26                              @ Abbrev [26] 0xaae:0x6 DW_TAG_enumerator
	.long	.Linfo_string165                @ DW_AT_name
	.byte	1                               @ DW_AT_const_value
	.byte	26                              @ Abbrev [26] 0xab4:0x6 DW_TAG_enumerator
	.long	.Linfo_string166                @ DW_AT_name
	.byte	2                               @ DW_AT_const_value
	.byte	26                              @ Abbrev [26] 0xaba:0x6 DW_TAG_enumerator
	.long	.Linfo_string167                @ DW_AT_name
	.byte	3                               @ DW_AT_const_value
	.byte	26                              @ Abbrev [26] 0xac0:0x6 DW_TAG_enumerator
	.long	.Linfo_string168                @ DW_AT_name
	.byte	4                               @ DW_AT_const_value
	.byte	26                              @ Abbrev [26] 0xac6:0x6 DW_TAG_enumerator
	.long	.Linfo_string169                @ DW_AT_name
	.byte	5                               @ DW_AT_const_value
	.byte	26                              @ Abbrev [26] 0xacc:0x6 DW_TAG_enumerator
	.long	.Linfo_string170                @ DW_AT_name
	.byte	6                               @ DW_AT_const_value
	.byte	26                              @ Abbrev [26] 0xad2:0x6 DW_TAG_enumerator
	.long	.Linfo_string171                @ DW_AT_name
	.byte	7                               @ DW_AT_const_value
	.byte	26                              @ Abbrev [26] 0xad8:0x6 DW_TAG_enumerator
	.long	.Linfo_string172                @ DW_AT_name
	.byte	8                               @ DW_AT_const_value
	.byte	0                               @ End Of Children Mark
	.byte	25                              @ Abbrev [25] 0xadf:0x25 DW_TAG_enumeration_type
	.long	2439                            @ DW_AT_type
	.byte	2                               @ DW_AT_byte_size
	.byte	4                               @ DW_AT_decl_file
	.byte	44                              @ DW_AT_decl_line
	.byte	26                              @ Abbrev [26] 0xae7:0x7 DW_TAG_enumerator
	.long	.Linfo_string173                @ DW_AT_name
	.ascii	"\365\003"                      @ DW_AT_const_value
	.byte	26                              @ Abbrev [26] 0xaee:0x7 DW_TAG_enumerator
	.long	.Linfo_string174                @ DW_AT_name
	.ascii	"\366\003"                      @ DW_AT_const_value
	.byte	26                              @ Abbrev [26] 0xaf5:0x7 DW_TAG_enumerator
	.long	.Linfo_string175                @ DW_AT_name
	.ascii	"\367\003"                      @ DW_AT_const_value
	.byte	26                              @ Abbrev [26] 0xafc:0x7 DW_TAG_enumerator
	.long	.Linfo_string176                @ DW_AT_name
	.ascii	"\370\003"                      @ DW_AT_const_value
	.byte	0                               @ End Of Children Mark
	.byte	27                              @ Abbrev [27] 0xb04:0x37 DW_TAG_enumeration_type
	.long	915                             @ DW_AT_type
	.long	.Linfo_string184                @ DW_AT_name
	.byte	1                               @ DW_AT_byte_size
	.byte	4                               @ DW_AT_decl_file
	.byte	101                             @ DW_AT_decl_line
	.byte	26                              @ Abbrev [26] 0xb10:0x6 DW_TAG_enumerator
	.long	.Linfo_string177                @ DW_AT_name
	.byte	0                               @ DW_AT_const_value
	.byte	26                              @ Abbrev [26] 0xb16:0x6 DW_TAG_enumerator
	.long	.Linfo_string178                @ DW_AT_name
	.byte	1                               @ DW_AT_const_value
	.byte	26                              @ Abbrev [26] 0xb1c:0x6 DW_TAG_enumerator
	.long	.Linfo_string179                @ DW_AT_name
	.byte	2                               @ DW_AT_const_value
	.byte	26                              @ Abbrev [26] 0xb22:0x6 DW_TAG_enumerator
	.long	.Linfo_string180                @ DW_AT_name
	.byte	3                               @ DW_AT_const_value
	.byte	26                              @ Abbrev [26] 0xb28:0x6 DW_TAG_enumerator
	.long	.Linfo_string181                @ DW_AT_name
	.byte	4                               @ DW_AT_const_value
	.byte	26                              @ Abbrev [26] 0xb2e:0x6 DW_TAG_enumerator
	.long	.Linfo_string182                @ DW_AT_name
	.byte	5                               @ DW_AT_const_value
	.byte	26                              @ Abbrev [26] 0xb34:0x6 DW_TAG_enumerator
	.long	.Linfo_string183                @ DW_AT_name
	.byte	8                               @ DW_AT_const_value
	.byte	0                               @ End Of Children Mark
	.byte	27                              @ Abbrev [27] 0xb3b:0x25 DW_TAG_enumeration_type
	.long	915                             @ DW_AT_type
	.long	.Linfo_string189                @ DW_AT_name
	.byte	1                               @ DW_AT_byte_size
	.byte	9                               @ DW_AT_decl_file
	.byte	135                             @ DW_AT_decl_line
	.byte	26                              @ Abbrev [26] 0xb47:0x6 DW_TAG_enumerator
	.long	.Linfo_string185                @ DW_AT_name
	.byte	0                               @ DW_AT_const_value
	.byte	26                              @ Abbrev [26] 0xb4d:0x6 DW_TAG_enumerator
	.long	.Linfo_string186                @ DW_AT_name
	.byte	1                               @ DW_AT_const_value
	.byte	26                              @ Abbrev [26] 0xb53:0x6 DW_TAG_enumerator
	.long	.Linfo_string187                @ DW_AT_name
	.byte	2                               @ DW_AT_const_value
	.byte	26                              @ Abbrev [26] 0xb59:0x6 DW_TAG_enumerator
	.long	.Linfo_string188                @ DW_AT_name
	.byte	3                               @ DW_AT_const_value
	.byte	0                               @ End Of Children Mark
	.byte	27                              @ Abbrev [27] 0xb60:0x1f DW_TAG_enumeration_type
	.long	915                             @ DW_AT_type
	.long	.Linfo_string193                @ DW_AT_name
	.byte	1                               @ DW_AT_byte_size
	.byte	4                               @ DW_AT_decl_file
	.byte	92                              @ DW_AT_decl_line
	.byte	26                              @ Abbrev [26] 0xb6c:0x6 DW_TAG_enumerator
	.long	.Linfo_string190                @ DW_AT_name
	.byte	1                               @ DW_AT_const_value
	.byte	26                              @ Abbrev [26] 0xb72:0x6 DW_TAG_enumerator
	.long	.Linfo_string191                @ DW_AT_name
	.byte	2                               @ DW_AT_const_value
	.byte	26                              @ Abbrev [26] 0xb78:0x6 DW_TAG_enumerator
	.long	.Linfo_string192                @ DW_AT_name
	.byte	3                               @ DW_AT_const_value
	.byte	0                               @ End Of Children Mark
	.byte	27                              @ Abbrev [27] 0xb7f:0x37 DW_TAG_enumeration_type
	.long	915                             @ DW_AT_type
	.long	.Linfo_string201                @ DW_AT_name
	.byte	1                               @ DW_AT_byte_size
	.byte	9                               @ DW_AT_decl_file
	.byte	109                             @ DW_AT_decl_line
	.byte	26                              @ Abbrev [26] 0xb8b:0x6 DW_TAG_enumerator
	.long	.Linfo_string194                @ DW_AT_name
	.byte	0                               @ DW_AT_const_value
	.byte	26                              @ Abbrev [26] 0xb91:0x6 DW_TAG_enumerator
	.long	.Linfo_string195                @ DW_AT_name
	.byte	1                               @ DW_AT_const_value
	.byte	26                              @ Abbrev [26] 0xb97:0x6 DW_TAG_enumerator
	.long	.Linfo_string196                @ DW_AT_name
	.byte	2                               @ DW_AT_const_value
	.byte	26                              @ Abbrev [26] 0xb9d:0x6 DW_TAG_enumerator
	.long	.Linfo_string197                @ DW_AT_name
	.byte	3                               @ DW_AT_const_value
	.byte	26                              @ Abbrev [26] 0xba3:0x6 DW_TAG_enumerator
	.long	.Linfo_string198                @ DW_AT_name
	.byte	4                               @ DW_AT_const_value
	.byte	26                              @ Abbrev [26] 0xba9:0x6 DW_TAG_enumerator
	.long	.Linfo_string199                @ DW_AT_name
	.byte	5                               @ DW_AT_const_value
	.byte	26                              @ Abbrev [26] 0xbaf:0x6 DW_TAG_enumerator
	.long	.Linfo_string200                @ DW_AT_name
	.byte	6                               @ DW_AT_const_value
	.byte	0                               @ End Of Children Mark
	.byte	27                              @ Abbrev [27] 0xbb6:0x19 DW_TAG_enumeration_type
	.long	915                             @ DW_AT_type
	.long	.Linfo_string204                @ DW_AT_name
	.byte	1                               @ DW_AT_byte_size
	.byte	9                               @ DW_AT_decl_file
	.byte	152                             @ DW_AT_decl_line
	.byte	26                              @ Abbrev [26] 0xbc2:0x6 DW_TAG_enumerator
	.long	.Linfo_string202                @ DW_AT_name
	.byte	0                               @ DW_AT_const_value
	.byte	26                              @ Abbrev [26] 0xbc8:0x6 DW_TAG_enumerator
	.long	.Linfo_string203                @ DW_AT_name
	.byte	1                               @ DW_AT_const_value
	.byte	0                               @ End Of Children Mark
	.byte	27                              @ Abbrev [27] 0xbcf:0x31 DW_TAG_enumeration_type
	.long	915                             @ DW_AT_type
	.long	.Linfo_string211                @ DW_AT_name
	.byte	1                               @ DW_AT_byte_size
	.byte	7                               @ DW_AT_decl_file
	.byte	33                              @ DW_AT_decl_line
	.byte	26                              @ Abbrev [26] 0xbdb:0x6 DW_TAG_enumerator
	.long	.Linfo_string205                @ DW_AT_name
	.byte	0                               @ DW_AT_const_value
	.byte	26                              @ Abbrev [26] 0xbe1:0x6 DW_TAG_enumerator
	.long	.Linfo_string206                @ DW_AT_name
	.byte	1                               @ DW_AT_const_value
	.byte	26                              @ Abbrev [26] 0xbe7:0x6 DW_TAG_enumerator
	.long	.Linfo_string207                @ DW_AT_name
	.byte	2                               @ DW_AT_const_value
	.byte	26                              @ Abbrev [26] 0xbed:0x6 DW_TAG_enumerator
	.long	.Linfo_string208                @ DW_AT_name
	.byte	3                               @ DW_AT_const_value
	.byte	26                              @ Abbrev [26] 0xbf3:0x6 DW_TAG_enumerator
	.long	.Linfo_string209                @ DW_AT_name
	.byte	4                               @ DW_AT_const_value
	.byte	26                              @ Abbrev [26] 0xbf9:0x6 DW_TAG_enumerator
	.long	.Linfo_string210                @ DW_AT_name
	.byte	5                               @ DW_AT_const_value
	.byte	0                               @ End Of Children Mark
	.byte	27                              @ Abbrev [27] 0xc00:0x19 DW_TAG_enumeration_type
	.long	915                             @ DW_AT_type
	.long	.Linfo_string214                @ DW_AT_name
	.byte	1                               @ DW_AT_byte_size
	.byte	4                               @ DW_AT_decl_file
	.byte	63                              @ DW_AT_decl_line
	.byte	26                              @ Abbrev [26] 0xc0c:0x6 DW_TAG_enumerator
	.long	.Linfo_string212                @ DW_AT_name
	.byte	0                               @ DW_AT_const_value
	.byte	26                              @ Abbrev [26] 0xc12:0x6 DW_TAG_enumerator
	.long	.Linfo_string213                @ DW_AT_name
	.byte	1                               @ DW_AT_const_value
	.byte	0                               @ End Of Children Mark
	.byte	27                              @ Abbrev [27] 0xc19:0x37 DW_TAG_enumeration_type
	.long	915                             @ DW_AT_type
	.long	.Linfo_string222                @ DW_AT_name
	.byte	1                               @ DW_AT_byte_size
	.byte	9                               @ DW_AT_decl_file
	.byte	203                             @ DW_AT_decl_line
	.byte	26                              @ Abbrev [26] 0xc25:0x6 DW_TAG_enumerator
	.long	.Linfo_string215                @ DW_AT_name
	.byte	0                               @ DW_AT_const_value
	.byte	26                              @ Abbrev [26] 0xc2b:0x6 DW_TAG_enumerator
	.long	.Linfo_string216                @ DW_AT_name
	.byte	1                               @ DW_AT_const_value
	.byte	26                              @ Abbrev [26] 0xc31:0x6 DW_TAG_enumerator
	.long	.Linfo_string217                @ DW_AT_name
	.byte	2                               @ DW_AT_const_value
	.byte	26                              @ Abbrev [26] 0xc37:0x6 DW_TAG_enumerator
	.long	.Linfo_string218                @ DW_AT_name
	.byte	3                               @ DW_AT_const_value
	.byte	26                              @ Abbrev [26] 0xc3d:0x6 DW_TAG_enumerator
	.long	.Linfo_string219                @ DW_AT_name
	.byte	4                               @ DW_AT_const_value
	.byte	26                              @ Abbrev [26] 0xc43:0x6 DW_TAG_enumerator
	.long	.Linfo_string220                @ DW_AT_name
	.byte	5                               @ DW_AT_const_value
	.byte	26                              @ Abbrev [26] 0xc49:0x6 DW_TAG_enumerator
	.long	.Linfo_string221                @ DW_AT_name
	.byte	6                               @ DW_AT_const_value
	.byte	0                               @ End Of Children Mark
	.byte	11                              @ Abbrev [11] 0xc50:0x5 DW_TAG_pointer_type
	.long	159                             @ DW_AT_type
	.byte	8                               @ Abbrev [8] 0xc55:0xb DW_TAG_typedef
	.long	3168                            @ DW_AT_type
	.long	.Linfo_string224                @ DW_AT_name
	.byte	2                               @ DW_AT_decl_file
	.byte	57                              @ DW_AT_decl_line
	.byte	5                               @ Abbrev [5] 0xc60:0x7 DW_TAG_base_type
	.long	.Linfo_string223                @ DW_AT_name
	.byte	5                               @ DW_AT_encoding
	.byte	2                               @ DW_AT_byte_size
	.byte	28                              @ Abbrev [28] 0xc67:0x80 DW_TAG_subprogram
	.long	.Lfunc_begin0                   @ DW_AT_low_pc
	.long	.Lfunc_end0-.Lfunc_begin0       @ DW_AT_high_pc
	.byte	1                               @ DW_AT_frame_base
	.byte	93
	.long	.Linfo_string225                @ DW_AT_name
	.byte	1                               @ DW_AT_decl_file
	.short	290                             @ DW_AT_decl_line
                                        @ DW_AT_prototyped
	.long	2687                            @ DW_AT_type
                                        @ DW_AT_external
	.byte	29                              @ Abbrev [29] 0xc7d:0xf DW_TAG_formal_parameter
	.byte	2                               @ DW_AT_location
	.byte	145
	.byte	16
	.long	.Linfo_string6                  @ DW_AT_name
	.byte	1                               @ DW_AT_decl_file
	.short	290                             @ DW_AT_decl_line
	.long	203                             @ DW_AT_type
	.byte	29                              @ Abbrev [29] 0xc8c:0xf DW_TAG_formal_parameter
	.byte	2                               @ DW_AT_location
	.byte	145
	.byte	12
	.long	.Linfo_string60                 @ DW_AT_name
	.byte	1                               @ DW_AT_decl_file
	.short	291                             @ DW_AT_decl_line
	.long	1007                            @ DW_AT_type
	.byte	29                              @ Abbrev [29] 0xc9b:0xf DW_TAG_formal_parameter
	.byte	2                               @ DW_AT_location
	.byte	145
	.byte	8
	.long	.Linfo_string68                 @ DW_AT_name
	.byte	1                               @ DW_AT_decl_file
	.short	292                             @ DW_AT_decl_line
	.long	2649                            @ DW_AT_type
	.byte	29                              @ Abbrev [29] 0xcaa:0xf DW_TAG_formal_parameter
	.byte	2                               @ DW_AT_location
	.byte	145
	.byte	4
	.long	.Linfo_string70                 @ DW_AT_name
	.byte	1                               @ DW_AT_decl_file
	.short	293                             @ DW_AT_decl_line
	.long	1335                            @ DW_AT_type
	.byte	29                              @ Abbrev [29] 0xcb9:0xf DW_TAG_formal_parameter
	.byte	2                               @ DW_AT_location
	.byte	145
	.byte	32
	.long	.Linfo_string67                 @ DW_AT_name
	.byte	1                               @ DW_AT_decl_file
	.short	294                             @ DW_AT_decl_line
	.long	1146                            @ DW_AT_type
	.byte	29                              @ Abbrev [29] 0xcc8:0xf DW_TAG_formal_parameter
	.byte	2                               @ DW_AT_location
	.byte	145
	.byte	36
	.long	.Linfo_string156                @ DW_AT_name
	.byte	1                               @ DW_AT_decl_file
	.short	295                             @ DW_AT_decl_line
	.long	1146                            @ DW_AT_type
	.byte	30                              @ Abbrev [30] 0xcd7:0xf DW_TAG_variable
	.byte	2                               @ DW_AT_location
	.byte	145
	.byte	3
	.long	.Linfo_string235                @ DW_AT_name
	.byte	1                               @ DW_AT_decl_file
	.short	299                             @ DW_AT_decl_line
	.long	904                             @ DW_AT_type
	.byte	0                               @ End Of Children Mark
	.byte	31                              @ Abbrev [31] 0xce7:0x58 DW_TAG_subprogram
	.long	.Lfunc_begin1                   @ DW_AT_low_pc
	.long	.Lfunc_end1-.Lfunc_begin1       @ DW_AT_high_pc
	.byte	1                               @ DW_AT_frame_base
	.byte	93
	.long	.Linfo_string226                @ DW_AT_name
	.byte	1                               @ DW_AT_decl_file
	.byte	77                              @ DW_AT_decl_line
                                        @ DW_AT_prototyped
	.byte	32                              @ Abbrev [32] 0xcf8:0xe DW_TAG_formal_parameter
	.byte	2                               @ DW_AT_location
	.byte	145
	.byte	20
	.long	.Linfo_string60                 @ DW_AT_name
	.byte	1                               @ DW_AT_decl_file
	.byte	77                              @ DW_AT_decl_line
	.long	1146                            @ DW_AT_type
	.byte	32                              @ Abbrev [32] 0xd06:0xe DW_TAG_formal_parameter
	.byte	2                               @ DW_AT_location
	.byte	145
	.byte	16
	.long	.Linfo_string236                @ DW_AT_name
	.byte	1                               @ DW_AT_decl_file
	.byte	77                              @ DW_AT_decl_line
	.long	1335                            @ DW_AT_type
	.byte	32                              @ Abbrev [32] 0xd14:0xe DW_TAG_formal_parameter
	.byte	2                               @ DW_AT_location
	.byte	145
	.byte	15
	.long	.Linfo_string237                @ DW_AT_name
	.byte	1                               @ DW_AT_decl_file
	.byte	77                              @ DW_AT_decl_line
	.long	1139                            @ DW_AT_type
	.byte	32                              @ Abbrev [32] 0xd22:0xe DW_TAG_formal_parameter
	.byte	2                               @ DW_AT_location
	.byte	145
	.byte	8
	.long	.Linfo_string238                @ DW_AT_name
	.byte	1                               @ DW_AT_decl_file
	.byte	77                              @ DW_AT_decl_line
	.long	874                             @ DW_AT_type
	.byte	33                              @ Abbrev [33] 0xd30:0xe DW_TAG_variable
	.byte	2                               @ DW_AT_location
	.byte	145
	.byte	4
	.long	.Linfo_string239                @ DW_AT_name
	.byte	1                               @ DW_AT_decl_file
	.byte	80                              @ DW_AT_decl_line
	.long	3152                            @ DW_AT_type
	.byte	0                               @ End Of Children Mark
	.byte	31                              @ Abbrev [31] 0xd3f:0x58 DW_TAG_subprogram
	.long	.Lfunc_begin2                   @ DW_AT_low_pc
	.long	.Lfunc_end2-.Lfunc_begin2       @ DW_AT_high_pc
	.byte	1                               @ DW_AT_frame_base
	.byte	93
	.long	.Linfo_string227                @ DW_AT_name
	.byte	1                               @ DW_AT_decl_file
	.byte	102                             @ DW_AT_decl_line
                                        @ DW_AT_prototyped
	.byte	32                              @ Abbrev [32] 0xd50:0xe DW_TAG_formal_parameter
	.byte	2                               @ DW_AT_location
	.byte	145
	.byte	20
	.long	.Linfo_string60                 @ DW_AT_name
	.byte	1                               @ DW_AT_decl_file
	.byte	102                             @ DW_AT_decl_line
	.long	1146                            @ DW_AT_type
	.byte	32                              @ Abbrev [32] 0xd5e:0xe DW_TAG_formal_parameter
	.byte	2                               @ DW_AT_location
	.byte	145
	.byte	16
	.long	.Linfo_string236                @ DW_AT_name
	.byte	1                               @ DW_AT_decl_file
	.byte	102                             @ DW_AT_decl_line
	.long	1335                            @ DW_AT_type
	.byte	32                              @ Abbrev [32] 0xd6c:0xe DW_TAG_formal_parameter
	.byte	2                               @ DW_AT_location
	.byte	145
	.byte	15
	.long	.Linfo_string237                @ DW_AT_name
	.byte	1                               @ DW_AT_decl_file
	.byte	102                             @ DW_AT_decl_line
	.long	1139                            @ DW_AT_type
	.byte	32                              @ Abbrev [32] 0xd7a:0xe DW_TAG_formal_parameter
	.byte	2                               @ DW_AT_location
	.byte	145
	.byte	8
	.long	.Linfo_string238                @ DW_AT_name
	.byte	1                               @ DW_AT_decl_file
	.byte	102                             @ DW_AT_decl_line
	.long	874                             @ DW_AT_type
	.byte	33                              @ Abbrev [33] 0xd88:0xe DW_TAG_variable
	.byte	2                               @ DW_AT_location
	.byte	145
	.byte	4
	.long	.Linfo_string239                @ DW_AT_name
	.byte	1                               @ DW_AT_decl_file
	.byte	105                             @ DW_AT_decl_line
	.long	3152                            @ DW_AT_type
	.byte	0                               @ End Of Children Mark
	.byte	28                              @ Abbrev [28] 0xd97:0x71 DW_TAG_subprogram
	.long	.Lfunc_begin3                   @ DW_AT_low_pc
	.long	.Lfunc_end3-.Lfunc_begin3       @ DW_AT_high_pc
	.byte	1                               @ DW_AT_frame_base
	.byte	93
	.long	.Linfo_string228                @ DW_AT_name
	.byte	1                               @ DW_AT_decl_file
	.short	356                             @ DW_AT_decl_line
                                        @ DW_AT_prototyped
	.long	2687                            @ DW_AT_type
                                        @ DW_AT_external
	.byte	29                              @ Abbrev [29] 0xdad:0xf DW_TAG_formal_parameter
	.byte	2                               @ DW_AT_location
	.byte	145
	.byte	16
	.long	.Linfo_string6                  @ DW_AT_name
	.byte	1                               @ DW_AT_decl_file
	.short	356                             @ DW_AT_decl_line
	.long	203                             @ DW_AT_type
	.byte	29                              @ Abbrev [29] 0xdbc:0xf DW_TAG_formal_parameter
	.byte	2                               @ DW_AT_location
	.byte	145
	.byte	12
	.long	.Linfo_string60                 @ DW_AT_name
	.byte	1                               @ DW_AT_decl_file
	.short	357                             @ DW_AT_decl_line
	.long	1007                            @ DW_AT_type
	.byte	29                              @ Abbrev [29] 0xdcb:0xf DW_TAG_formal_parameter
	.byte	2                               @ DW_AT_location
	.byte	145
	.byte	8
	.long	.Linfo_string240                @ DW_AT_name
	.byte	1                               @ DW_AT_decl_file
	.short	358                             @ DW_AT_decl_line
	.long	4033                            @ DW_AT_type
	.byte	30                              @ Abbrev [30] 0xdda:0xf DW_TAG_variable
	.byte	2                               @ DW_AT_location
	.byte	145
	.byte	4
	.long	.Linfo_string246                @ DW_AT_name
	.byte	1                               @ DW_AT_decl_file
	.short	363                             @ DW_AT_decl_line
	.long	874                             @ DW_AT_type
	.byte	30                              @ Abbrev [30] 0xde9:0xf DW_TAG_variable
	.byte	2                               @ DW_AT_location
	.byte	145
	.byte	2
	.long	.Linfo_string247                @ DW_AT_name
	.byte	1                               @ DW_AT_decl_file
	.short	364                             @ DW_AT_decl_line
	.long	2428                            @ DW_AT_type
	.byte	30                              @ Abbrev [30] 0xdf8:0xf DW_TAG_variable
	.byte	2                               @ DW_AT_location
	.byte	145
	.byte	1
	.long	.Linfo_string248                @ DW_AT_name
	.byte	1                               @ DW_AT_decl_file
	.short	365                             @ DW_AT_decl_line
	.long	904                             @ DW_AT_type
	.byte	0                               @ End Of Children Mark
	.byte	34                              @ Abbrev [34] 0xe08:0x78 DW_TAG_subprogram
	.long	.Lfunc_begin4                   @ DW_AT_low_pc
	.long	.Lfunc_end4-.Lfunc_begin4       @ DW_AT_high_pc
	.byte	1                               @ DW_AT_frame_base
	.byte	93
	.long	.Linfo_string229                @ DW_AT_name
	.byte	1                               @ DW_AT_decl_file
	.byte	127                             @ DW_AT_decl_line
                                        @ DW_AT_prototyped
	.long	2687                            @ DW_AT_type
	.byte	32                              @ Abbrev [32] 0xe1d:0xe DW_TAG_formal_parameter
	.byte	2                               @ DW_AT_location
	.byte	145
	.byte	40
	.long	.Linfo_string6                  @ DW_AT_name
	.byte	1                               @ DW_AT_decl_file
	.byte	127                             @ DW_AT_decl_line
	.long	203                             @ DW_AT_type
	.byte	32                              @ Abbrev [32] 0xe2b:0xe DW_TAG_formal_parameter
	.byte	2                               @ DW_AT_location
	.byte	145
	.byte	36
	.long	.Linfo_string60                 @ DW_AT_name
	.byte	1                               @ DW_AT_decl_file
	.byte	128                             @ DW_AT_decl_line
	.long	1007                            @ DW_AT_type
	.byte	32                              @ Abbrev [32] 0xe39:0xe DW_TAG_formal_parameter
	.byte	2                               @ DW_AT_location
	.byte	145
	.byte	32
	.long	.Linfo_string240                @ DW_AT_name
	.byte	1                               @ DW_AT_decl_file
	.byte	129                             @ DW_AT_decl_line
	.long	4033                            @ DW_AT_type
	.byte	33                              @ Abbrev [33] 0xe47:0xe DW_TAG_variable
	.byte	2                               @ DW_AT_location
	.byte	145
	.byte	8
	.long	.Linfo_string249                @ DW_AT_name
	.byte	1                               @ DW_AT_decl_file
	.byte	131                             @ DW_AT_decl_line
	.long	4111                            @ DW_AT_type
	.byte	33                              @ Abbrev [33] 0xe55:0xe DW_TAG_variable
	.byte	2                               @ DW_AT_location
	.byte	145
	.byte	7
	.long	.Linfo_string261                @ DW_AT_name
	.byte	1                               @ DW_AT_decl_file
	.byte	132                             @ DW_AT_decl_line
	.long	4238                            @ DW_AT_type
	.byte	33                              @ Abbrev [33] 0xe63:0xe DW_TAG_variable
	.byte	2                               @ DW_AT_location
	.byte	145
	.byte	6
	.long	.Linfo_string263                @ DW_AT_name
	.byte	1                               @ DW_AT_decl_file
	.byte	133                             @ DW_AT_decl_line
	.long	904                             @ DW_AT_type
	.byte	33                              @ Abbrev [33] 0xe71:0xe DW_TAG_variable
	.byte	2                               @ DW_AT_location
	.byte	145
	.byte	5
	.long	.Linfo_string248                @ DW_AT_name
	.byte	1                               @ DW_AT_decl_file
	.byte	134                             @ DW_AT_decl_line
	.long	904                             @ DW_AT_type
	.byte	0                               @ End Of Children Mark
	.byte	28                              @ Abbrev [28] 0xe80:0x44 DW_TAG_subprogram
	.long	.Lfunc_begin5                   @ DW_AT_low_pc
	.long	.Lfunc_end5-.Lfunc_begin5       @ DW_AT_high_pc
	.byte	1                               @ DW_AT_frame_base
	.byte	93
	.long	.Linfo_string230                @ DW_AT_name
	.byte	1                               @ DW_AT_decl_file
	.short	432                             @ DW_AT_decl_line
                                        @ DW_AT_prototyped
	.long	2687                            @ DW_AT_type
                                        @ DW_AT_external
	.byte	29                              @ Abbrev [29] 0xe96:0xf DW_TAG_formal_parameter
	.byte	2                               @ DW_AT_location
	.byte	145
	.byte	24
	.long	.Linfo_string6                  @ DW_AT_name
	.byte	1                               @ DW_AT_decl_file
	.short	432                             @ DW_AT_decl_line
	.long	203                             @ DW_AT_type
	.byte	29                              @ Abbrev [29] 0xea5:0xf DW_TAG_formal_parameter
	.byte	2                               @ DW_AT_location
	.byte	145
	.byte	20
	.long	.Linfo_string60                 @ DW_AT_name
	.byte	1                               @ DW_AT_decl_file
	.short	433                             @ DW_AT_decl_line
	.long	1007                            @ DW_AT_type
	.byte	29                              @ Abbrev [29] 0xeb4:0xf DW_TAG_formal_parameter
	.byte	2                               @ DW_AT_location
	.byte	145
	.byte	16
	.long	.Linfo_string264                @ DW_AT_name
	.byte	1                               @ DW_AT_decl_file
	.short	434                             @ DW_AT_decl_line
	.long	4249                            @ DW_AT_type
	.byte	0                               @ End Of Children Mark
	.byte	35                              @ Abbrev [35] 0xec4:0x31 DW_TAG_subprogram
	.long	.Lfunc_begin6                   @ DW_AT_low_pc
	.long	.Lfunc_end6-.Lfunc_begin6       @ DW_AT_high_pc
	.byte	1                               @ DW_AT_frame_base
	.byte	93
	.long	.Linfo_string231                @ DW_AT_name
	.byte	1                               @ DW_AT_decl_file
	.short	465                             @ DW_AT_decl_line
                                        @ DW_AT_prototyped
                                        @ DW_AT_external
	.byte	29                              @ Abbrev [29] 0xed6:0xf DW_TAG_formal_parameter
	.byte	2                               @ DW_AT_location
	.byte	145
	.byte	12
	.long	.Linfo_string6                  @ DW_AT_name
	.byte	1                               @ DW_AT_decl_file
	.short	465                             @ DW_AT_decl_line
	.long	203                             @ DW_AT_type
	.byte	29                              @ Abbrev [29] 0xee5:0xf DW_TAG_formal_parameter
	.byte	2                               @ DW_AT_location
	.byte	145
	.byte	8
	.long	.Linfo_string60                 @ DW_AT_name
	.byte	1                               @ DW_AT_decl_file
	.short	465                             @ DW_AT_decl_line
	.long	1007                            @ DW_AT_type
	.byte	0                               @ End Of Children Mark
	.byte	28                              @ Abbrev [28] 0xef5:0x62 DW_TAG_subprogram
	.long	.Lfunc_begin7                   @ DW_AT_low_pc
	.long	.Lfunc_end7-.Lfunc_begin7       @ DW_AT_high_pc
	.byte	1                               @ DW_AT_frame_base
	.byte	93
	.long	.Linfo_string232                @ DW_AT_name
	.byte	1                               @ DW_AT_decl_file
	.short	495                             @ DW_AT_decl_line
                                        @ DW_AT_prototyped
	.long	2687                            @ DW_AT_type
                                        @ DW_AT_external
	.byte	29                              @ Abbrev [29] 0xf0b:0xf DW_TAG_formal_parameter
	.byte	2                               @ DW_AT_location
	.byte	145
	.byte	16
	.long	.Linfo_string6                  @ DW_AT_name
	.byte	1                               @ DW_AT_decl_file
	.short	495                             @ DW_AT_decl_line
	.long	203                             @ DW_AT_type
	.byte	29                              @ Abbrev [29] 0xf1a:0xf DW_TAG_formal_parameter
	.byte	2                               @ DW_AT_location
	.byte	145
	.byte	12
	.long	.Linfo_string60                 @ DW_AT_name
	.byte	1                               @ DW_AT_decl_file
	.short	496                             @ DW_AT_decl_line
	.long	4254                            @ DW_AT_type
	.byte	29                              @ Abbrev [29] 0xf29:0xf DW_TAG_formal_parameter
	.byte	2                               @ DW_AT_location
	.byte	145
	.byte	8
	.long	.Linfo_string240                @ DW_AT_name
	.byte	1                               @ DW_AT_decl_file
	.short	497                             @ DW_AT_decl_line
	.long	4033                            @ DW_AT_type
	.byte	30                              @ Abbrev [30] 0xf38:0xf DW_TAG_variable
	.byte	2                               @ DW_AT_location
	.byte	145
	.byte	4
	.long	.Linfo_string246                @ DW_AT_name
	.byte	1                               @ DW_AT_decl_file
	.short	502                             @ DW_AT_decl_line
	.long	874                             @ DW_AT_type
	.byte	30                              @ Abbrev [30] 0xf47:0xf DW_TAG_variable
	.byte	2                               @ DW_AT_location
	.byte	145
	.byte	3
	.long	.Linfo_string248                @ DW_AT_name
	.byte	1                               @ DW_AT_decl_file
	.short	503                             @ DW_AT_decl_line
	.long	904                             @ DW_AT_type
	.byte	0                               @ End Of Children Mark
	.byte	36                              @ Abbrev [36] 0xf57:0x35 DW_TAG_subprogram
	.long	.Lfunc_begin8                   @ DW_AT_low_pc
	.long	.Lfunc_end8-.Lfunc_begin8       @ DW_AT_high_pc
	.byte	1                               @ DW_AT_frame_base
	.byte	93
	.long	.Linfo_string233                @ DW_AT_name
	.byte	4                               @ DW_AT_decl_file
	.short	413                             @ DW_AT_decl_line
                                        @ DW_AT_prototyped
	.long	874                             @ DW_AT_type
	.byte	29                              @ Abbrev [29] 0xf6d:0xf DW_TAG_formal_parameter
	.byte	2                               @ DW_AT_location
	.byte	145
	.byte	8
	.long	.Linfo_string6                  @ DW_AT_name
	.byte	4                               @ DW_AT_decl_file
	.short	413                             @ DW_AT_decl_line
	.long	203                             @ DW_AT_type
	.byte	29                              @ Abbrev [29] 0xf7c:0xf DW_TAG_formal_parameter
	.byte	2                               @ DW_AT_location
	.byte	145
	.byte	7
	.long	.Linfo_string261                @ DW_AT_name
	.byte	4                               @ DW_AT_decl_file
	.short	414                             @ DW_AT_decl_line
	.long	4238                            @ DW_AT_type
	.byte	0                               @ End Of Children Mark
	.byte	36                              @ Abbrev [36] 0xf8c:0x35 DW_TAG_subprogram
	.long	.Lfunc_begin9                   @ DW_AT_low_pc
	.long	.Lfunc_end9-.Lfunc_begin9       @ DW_AT_high_pc
	.byte	1                               @ DW_AT_frame_base
	.byte	93
	.long	.Linfo_string234                @ DW_AT_name
	.byte	4                               @ DW_AT_decl_file
	.short	437                             @ DW_AT_decl_line
                                        @ DW_AT_prototyped
	.long	874                             @ DW_AT_type
	.byte	29                              @ Abbrev [29] 0xfa2:0xf DW_TAG_formal_parameter
	.byte	2                               @ DW_AT_location
	.byte	145
	.byte	8
	.long	.Linfo_string6                  @ DW_AT_name
	.byte	4                               @ DW_AT_decl_file
	.short	437                             @ DW_AT_decl_line
	.long	203                             @ DW_AT_type
	.byte	29                              @ Abbrev [29] 0xfb1:0xf DW_TAG_formal_parameter
	.byte	2                               @ DW_AT_location
	.byte	145
	.byte	7
	.long	.Linfo_string261                @ DW_AT_name
	.byte	4                               @ DW_AT_decl_file
	.short	438                             @ DW_AT_decl_line
	.long	4238                            @ DW_AT_type
	.byte	0                               @ End Of Children Mark
	.byte	11                              @ Abbrev [11] 0xfc1:0x5 DW_TAG_pointer_type
	.long	4038                            @ DW_AT_type
	.byte	8                               @ Abbrev [8] 0xfc6:0xb DW_TAG_typedef
	.long	4049                            @ DW_AT_type
	.long	.Linfo_string245                @ DW_AT_name
	.byte	4                               @ DW_AT_decl_file
	.byte	159                             @ DW_AT_decl_line
	.byte	9                               @ Abbrev [9] 0xfd1:0x39 DW_TAG_structure_type
	.long	.Linfo_string244                @ DW_AT_name
	.byte	16                              @ DW_AT_byte_size
	.byte	4                               @ DW_AT_decl_file
	.byte	153                             @ DW_AT_decl_line
	.byte	10                              @ Abbrev [10] 0xfd9:0xc DW_TAG_member
	.long	.Linfo_string241                @ DW_AT_name
	.long	4106                            @ DW_AT_type
	.byte	4                               @ DW_AT_decl_file
	.byte	155                             @ DW_AT_decl_line
	.byte	0                               @ DW_AT_data_member_location
	.byte	10                              @ Abbrev [10] 0xfe5:0xc DW_TAG_member
	.long	.Linfo_string242                @ DW_AT_name
	.long	4106                            @ DW_AT_type
	.byte	4                               @ DW_AT_decl_file
	.byte	156                             @ DW_AT_decl_line
	.byte	4                               @ DW_AT_data_member_location
	.byte	10                              @ Abbrev [10] 0xff1:0xc DW_TAG_member
	.long	.Linfo_string243                @ DW_AT_name
	.long	1128                            @ DW_AT_type
	.byte	4                               @ DW_AT_decl_file
	.byte	157                             @ DW_AT_decl_line
	.byte	8                               @ DW_AT_data_member_location
	.byte	10                              @ Abbrev [10] 0xffd:0xc DW_TAG_member
	.long	.Linfo_string153                @ DW_AT_name
	.long	904                             @ DW_AT_type
	.byte	4                               @ DW_AT_decl_file
	.byte	158                             @ DW_AT_decl_line
	.byte	12                              @ DW_AT_data_member_location
	.byte	0                               @ End Of Children Mark
	.byte	11                              @ Abbrev [11] 0x100a:0x5 DW_TAG_pointer_type
	.long	904                             @ DW_AT_type
	.byte	8                               @ Abbrev [8] 0x100f:0xb DW_TAG_typedef
	.long	4122                            @ DW_AT_type
	.long	.Linfo_string260                @ DW_AT_name
	.byte	7                               @ DW_AT_decl_file
	.byte	180                             @ DW_AT_decl_line
	.byte	9                               @ Abbrev [9] 0x101a:0x69 DW_TAG_structure_type
	.long	.Linfo_string259                @ DW_AT_name
	.byte	24                              @ DW_AT_byte_size
	.byte	7                               @ DW_AT_decl_file
	.byte	168                             @ DW_AT_decl_line
	.byte	10                              @ Abbrev [10] 0x1022:0xc DW_TAG_member
	.long	.Linfo_string250                @ DW_AT_name
	.long	874                             @ DW_AT_type
	.byte	7                               @ DW_AT_decl_file
	.byte	170                             @ DW_AT_decl_line
	.byte	0                               @ DW_AT_data_member_location
	.byte	10                              @ Abbrev [10] 0x102e:0xc DW_TAG_member
	.long	.Linfo_string251                @ DW_AT_name
	.long	874                             @ DW_AT_type
	.byte	7                               @ DW_AT_decl_file
	.byte	171                             @ DW_AT_decl_line
	.byte	4                               @ DW_AT_data_member_location
	.byte	10                              @ Abbrev [10] 0x103a:0xc DW_TAG_member
	.long	.Linfo_string252                @ DW_AT_name
	.long	4227                            @ DW_AT_type
	.byte	7                               @ DW_AT_decl_file
	.byte	172                             @ DW_AT_decl_line
	.byte	8                               @ DW_AT_data_member_location
	.byte	10                              @ Abbrev [10] 0x1046:0xc DW_TAG_member
	.long	.Linfo_string254                @ DW_AT_name
	.long	4227                            @ DW_AT_type
	.byte	7                               @ DW_AT_decl_file
	.byte	173                             @ DW_AT_decl_line
	.byte	9                               @ DW_AT_data_member_location
	.byte	10                              @ Abbrev [10] 0x1052:0xc DW_TAG_member
	.long	.Linfo_string255                @ DW_AT_name
	.long	3157                            @ DW_AT_type
	.byte	7                               @ DW_AT_decl_file
	.byte	174                             @ DW_AT_decl_line
	.byte	10                              @ DW_AT_data_member_location
	.byte	10                              @ Abbrev [10] 0x105e:0xc DW_TAG_member
	.long	.Linfo_string256                @ DW_AT_name
	.long	3157                            @ DW_AT_type
	.byte	7                               @ DW_AT_decl_file
	.byte	176                             @ DW_AT_decl_line
	.byte	12                              @ DW_AT_data_member_location
	.byte	10                              @ Abbrev [10] 0x106a:0xc DW_TAG_member
	.long	.Linfo_string257                @ DW_AT_name
	.long	874                             @ DW_AT_type
	.byte	7                               @ DW_AT_decl_file
	.byte	178                             @ DW_AT_decl_line
	.byte	16                              @ DW_AT_data_member_location
	.byte	10                              @ Abbrev [10] 0x1076:0xc DW_TAG_member
	.long	.Linfo_string258                @ DW_AT_name
	.long	874                             @ DW_AT_type
	.byte	7                               @ DW_AT_decl_file
	.byte	179                             @ DW_AT_decl_line
	.byte	20                              @ DW_AT_data_member_location
	.byte	0                               @ End Of Children Mark
	.byte	8                               @ Abbrev [8] 0x1083:0xb DW_TAG_typedef
	.long	3023                            @ DW_AT_type
	.long	.Linfo_string253                @ DW_AT_name
	.byte	7                               @ DW_AT_decl_file
	.byte	41                              @ DW_AT_decl_line
	.byte	8                               @ Abbrev [8] 0x108e:0xb DW_TAG_typedef
	.long	3072                            @ DW_AT_type
	.long	.Linfo_string262                @ DW_AT_name
	.byte	4                               @ DW_AT_decl_file
	.byte	67                              @ DW_AT_decl_line
	.byte	11                              @ Abbrev [11] 0x1099:0x5 DW_TAG_pointer_type
	.long	1128                            @ DW_AT_type
	.byte	11                              @ Abbrev [11] 0x109e:0x5 DW_TAG_pointer_type
	.long	4259                            @ DW_AT_type
	.byte	8                               @ Abbrev [8] 0x10a3:0xb DW_TAG_typedef
	.long	1012                            @ DW_AT_type
	.long	.Linfo_string265                @ DW_AT_name
	.byte	6                               @ DW_AT_decl_file
	.byte	33                              @ DW_AT_decl_line
	.byte	0                               @ End Of Children Mark
.Ldebug_info_end0:
	.section	.debug_ranges,"",%progbits
.Ldebug_ranges0:
	.long	.Lfunc_begin0
	.long	.Lfunc_end0
	.long	.Lfunc_begin1
	.long	.Lfunc_end1
	.long	.Lfunc_begin2
	.long	.Lfunc_end2
	.long	.Lfunc_begin3
	.long	.Lfunc_end3
	.long	.Lfunc_begin4
	.long	.Lfunc_end4
	.long	.Lfunc_begin5
	.long	.Lfunc_end5
	.long	.Lfunc_begin6
	.long	.Lfunc_end6
	.long	.Lfunc_begin7
	.long	.Lfunc_end7
	.long	.Lfunc_begin8
	.long	.Lfunc_end8
	.long	.Lfunc_begin9
	.long	.Lfunc_end9
	.long	0
	.long	0
	.section	.debug_str,"MS",%progbits,1
.Linfo_string0:
	.asciz	"Component: Arm Compiler for Embedded 6.19 Tool: armclang [5e73cb00]" @ string offset=0
.Linfo_string1:
	.asciz	"../../libraries/sdk/drives\\fsl_flexio_spi_edma.c" @ string offset=68
.Linfo_string2:
	.asciz	"E:\\FILE_SMART_CAR\\\346\231\272\350\203\275\350\247\206\350\247\211\\RT1064_Library-master\\RT1064_Library-master\\SeekFree_RT1064_Opensource_Library\\project\\mdk" @ string offset=117
.Linfo_string3:
	.asciz	"char"                          @ string offset=239
.Linfo_string4:
	.asciz	"__ARRAY_SIZE_TYPE__"           @ string offset=244
.Linfo_string5:
	.asciz	"s_edmaPrivateHandle"           @ string offset=264
.Linfo_string6:
	.asciz	"base"                          @ string offset=284
.Linfo_string7:
	.asciz	"flexioBase"                    @ string offset=289
.Linfo_string8:
	.asciz	"VERID"                         @ string offset=300
.Linfo_string9:
	.asciz	"unsigned int"                  @ string offset=306
.Linfo_string10:
	.asciz	"uint32_t"                      @ string offset=319
.Linfo_string11:
	.asciz	"PARAM"                         @ string offset=328
.Linfo_string12:
	.asciz	"CTRL"                          @ string offset=334
.Linfo_string13:
	.asciz	"PIN"                           @ string offset=339
.Linfo_string14:
	.asciz	"SHIFTSTAT"                     @ string offset=343
.Linfo_string15:
	.asciz	"SHIFTERR"                      @ string offset=353
.Linfo_string16:
	.asciz	"TIMSTAT"                       @ string offset=362
.Linfo_string17:
	.asciz	"RESERVED_0"                    @ string offset=370
.Linfo_string18:
	.asciz	"unsigned char"                 @ string offset=381
.Linfo_string19:
	.asciz	"uint8_t"                       @ string offset=395
.Linfo_string20:
	.asciz	"SHIFTSIEN"                     @ string offset=403
.Linfo_string21:
	.asciz	"SHIFTEIEN"                     @ string offset=413
.Linfo_string22:
	.asciz	"TIMIEN"                        @ string offset=423
.Linfo_string23:
	.asciz	"RESERVED_1"                    @ string offset=430
.Linfo_string24:
	.asciz	"SHIFTSDEN"                     @ string offset=441
.Linfo_string25:
	.asciz	"RESERVED_2"                    @ string offset=451
.Linfo_string26:
	.asciz	"SHIFTSTATE"                    @ string offset=462
.Linfo_string27:
	.asciz	"RESERVED_3"                    @ string offset=473
.Linfo_string28:
	.asciz	"SHIFTCTL"                      @ string offset=484
.Linfo_string29:
	.asciz	"RESERVED_4"                    @ string offset=493
.Linfo_string30:
	.asciz	"SHIFTCFG"                      @ string offset=504
.Linfo_string31:
	.asciz	"RESERVED_5"                    @ string offset=513
.Linfo_string32:
	.asciz	"SHIFTBUF"                      @ string offset=524
.Linfo_string33:
	.asciz	"RESERVED_6"                    @ string offset=533
.Linfo_string34:
	.asciz	"SHIFTBUFBIS"                   @ string offset=544
.Linfo_string35:
	.asciz	"RESERVED_7"                    @ string offset=556
.Linfo_string36:
	.asciz	"SHIFTBUFBYS"                   @ string offset=567
.Linfo_string37:
	.asciz	"RESERVED_8"                    @ string offset=579
.Linfo_string38:
	.asciz	"SHIFTBUFBBS"                   @ string offset=590
.Linfo_string39:
	.asciz	"RESERVED_9"                    @ string offset=602
.Linfo_string40:
	.asciz	"TIMCTL"                        @ string offset=613
.Linfo_string41:
	.asciz	"RESERVED_10"                   @ string offset=620
.Linfo_string42:
	.asciz	"TIMCFG"                        @ string offset=632
.Linfo_string43:
	.asciz	"RESERVED_11"                   @ string offset=639
.Linfo_string44:
	.asciz	"TIMCMP"                        @ string offset=651
.Linfo_string45:
	.asciz	"RESERVED_12"                   @ string offset=658
.Linfo_string46:
	.asciz	"SHIFTBUFNBS"                   @ string offset=670
.Linfo_string47:
	.asciz	"RESERVED_13"                   @ string offset=682
.Linfo_string48:
	.asciz	"SHIFTBUFHWS"                   @ string offset=694
.Linfo_string49:
	.asciz	"RESERVED_14"                   @ string offset=706
.Linfo_string50:
	.asciz	"SHIFTBUFNIS"                   @ string offset=718
.Linfo_string51:
	.asciz	"FLEXIO_Type"                   @ string offset=730
.Linfo_string52:
	.asciz	"SDOPinIndex"                   @ string offset=742
.Linfo_string53:
	.asciz	"SDIPinIndex"                   @ string offset=754
.Linfo_string54:
	.asciz	"SCKPinIndex"                   @ string offset=766
.Linfo_string55:
	.asciz	"CSnPinIndex"                   @ string offset=778
.Linfo_string56:
	.asciz	"shifterIndex"                  @ string offset=790
.Linfo_string57:
	.asciz	"timerIndex"                    @ string offset=803
.Linfo_string58:
	.asciz	"_flexio_spi_type"              @ string offset=814
.Linfo_string59:
	.asciz	"FLEXIO_SPI_Type"               @ string offset=831
.Linfo_string60:
	.asciz	"handle"                        @ string offset=847
.Linfo_string61:
	.asciz	"transferSize"                  @ string offset=854
.Linfo_string62:
	.asciz	"size_t"                        @ string offset=867
.Linfo_string63:
	.asciz	"nbytes"                        @ string offset=874
.Linfo_string64:
	.asciz	"txInProgress"                  @ string offset=881
.Linfo_string65:
	.asciz	"_Bool"                         @ string offset=894
.Linfo_string66:
	.asciz	"rxInProgress"                  @ string offset=900
.Linfo_string67:
	.asciz	"txHandle"                      @ string offset=913
.Linfo_string68:
	.asciz	"callback"                      @ string offset=922
.Linfo_string69:
	.asciz	"edma_callback"                 @ string offset=931
.Linfo_string70:
	.asciz	"userData"                      @ string offset=945
.Linfo_string71:
	.asciz	"CR"                            @ string offset=954
.Linfo_string72:
	.asciz	"ES"                            @ string offset=957
.Linfo_string73:
	.asciz	"ERQ"                           @ string offset=960
.Linfo_string74:
	.asciz	"EEI"                           @ string offset=964
.Linfo_string75:
	.asciz	"CEEI"                          @ string offset=968
.Linfo_string76:
	.asciz	"SEEI"                          @ string offset=973
.Linfo_string77:
	.asciz	"CERQ"                          @ string offset=978
.Linfo_string78:
	.asciz	"SERQ"                          @ string offset=983
.Linfo_string79:
	.asciz	"CDNE"                          @ string offset=988
.Linfo_string80:
	.asciz	"SSRT"                          @ string offset=993
.Linfo_string81:
	.asciz	"CERR"                          @ string offset=998
.Linfo_string82:
	.asciz	"CINT"                          @ string offset=1003
.Linfo_string83:
	.asciz	"INT"                           @ string offset=1008
.Linfo_string84:
	.asciz	"ERR"                           @ string offset=1012
.Linfo_string85:
	.asciz	"HRS"                           @ string offset=1016
.Linfo_string86:
	.asciz	"EARS"                          @ string offset=1020
.Linfo_string87:
	.asciz	"DCHPRI3"                       @ string offset=1025
.Linfo_string88:
	.asciz	"DCHPRI2"                       @ string offset=1033
.Linfo_string89:
	.asciz	"DCHPRI1"                       @ string offset=1041
.Linfo_string90:
	.asciz	"DCHPRI0"                       @ string offset=1049
.Linfo_string91:
	.asciz	"DCHPRI7"                       @ string offset=1057
.Linfo_string92:
	.asciz	"DCHPRI6"                       @ string offset=1065
.Linfo_string93:
	.asciz	"DCHPRI5"                       @ string offset=1073
.Linfo_string94:
	.asciz	"DCHPRI4"                       @ string offset=1081
.Linfo_string95:
	.asciz	"DCHPRI11"                      @ string offset=1089
.Linfo_string96:
	.asciz	"DCHPRI10"                      @ string offset=1098
.Linfo_string97:
	.asciz	"DCHPRI9"                       @ string offset=1107
.Linfo_string98:
	.asciz	"DCHPRI8"                       @ string offset=1115
.Linfo_string99:
	.asciz	"DCHPRI15"                      @ string offset=1123
.Linfo_string100:
	.asciz	"DCHPRI14"                      @ string offset=1132
.Linfo_string101:
	.asciz	"DCHPRI13"                      @ string offset=1141
.Linfo_string102:
	.asciz	"DCHPRI12"                      @ string offset=1150
.Linfo_string103:
	.asciz	"DCHPRI19"                      @ string offset=1159
.Linfo_string104:
	.asciz	"DCHPRI18"                      @ string offset=1168
.Linfo_string105:
	.asciz	"DCHPRI17"                      @ string offset=1177
.Linfo_string106:
	.asciz	"DCHPRI16"                      @ string offset=1186
.Linfo_string107:
	.asciz	"DCHPRI23"                      @ string offset=1195
.Linfo_string108:
	.asciz	"DCHPRI22"                      @ string offset=1204
.Linfo_string109:
	.asciz	"DCHPRI21"                      @ string offset=1213
.Linfo_string110:
	.asciz	"DCHPRI20"                      @ string offset=1222
.Linfo_string111:
	.asciz	"DCHPRI27"                      @ string offset=1231
.Linfo_string112:
	.asciz	"DCHPRI26"                      @ string offset=1240
.Linfo_string113:
	.asciz	"DCHPRI25"                      @ string offset=1249
.Linfo_string114:
	.asciz	"DCHPRI24"                      @ string offset=1258
.Linfo_string115:
	.asciz	"DCHPRI31"                      @ string offset=1267
.Linfo_string116:
	.asciz	"DCHPRI30"                      @ string offset=1276
.Linfo_string117:
	.asciz	"DCHPRI29"                      @ string offset=1285
.Linfo_string118:
	.asciz	"DCHPRI28"                      @ string offset=1294
.Linfo_string119:
	.asciz	"TCD"                           @ string offset=1303
.Linfo_string120:
	.asciz	"SADDR"                         @ string offset=1307
.Linfo_string121:
	.asciz	"SOFF"                          @ string offset=1313
.Linfo_string122:
	.asciz	"unsigned short"                @ string offset=1318
.Linfo_string123:
	.asciz	"uint16_t"                      @ string offset=1333
.Linfo_string124:
	.asciz	"ATTR"                          @ string offset=1342
.Linfo_string125:
	.asciz	"NBYTES_MLNO"                   @ string offset=1347
.Linfo_string126:
	.asciz	"NBYTES_MLOFFNO"                @ string offset=1359
.Linfo_string127:
	.asciz	"NBYTES_MLOFFYES"               @ string offset=1374
.Linfo_string128:
	.asciz	"SLAST"                         @ string offset=1390
.Linfo_string129:
	.asciz	"int"                           @ string offset=1396
.Linfo_string130:
	.asciz	"int32_t"                       @ string offset=1400
.Linfo_string131:
	.asciz	"DADDR"                         @ string offset=1408
.Linfo_string132:
	.asciz	"DOFF"                          @ string offset=1414
.Linfo_string133:
	.asciz	"CITER_ELINKNO"                 @ string offset=1419
.Linfo_string134:
	.asciz	"CITER_ELINKYES"                @ string offset=1433
.Linfo_string135:
	.asciz	"DLAST_SGA"                     @ string offset=1448
.Linfo_string136:
	.asciz	"CSR"                           @ string offset=1458
.Linfo_string137:
	.asciz	"BITER_ELINKNO"                 @ string offset=1462
.Linfo_string138:
	.asciz	"BITER_ELINKYES"                @ string offset=1476
.Linfo_string139:
	.asciz	"DMA_Type"                      @ string offset=1491
.Linfo_string140:
	.asciz	"tcdPool"                       @ string offset=1500
.Linfo_string141:
	.asciz	"NBYTES"                        @ string offset=1508
.Linfo_string142:
	.asciz	"CITER"                         @ string offset=1515
.Linfo_string143:
	.asciz	"BITER"                         @ string offset=1521
.Linfo_string144:
	.asciz	"_edma_tcd"                     @ string offset=1527
.Linfo_string145:
	.asciz	"edma_tcd_t"                    @ string offset=1537
.Linfo_string146:
	.asciz	"channel"                       @ string offset=1548
.Linfo_string147:
	.asciz	"header"                        @ string offset=1556
.Linfo_string148:
	.asciz	"signed char"                   @ string offset=1563
.Linfo_string149:
	.asciz	"int8_t"                        @ string offset=1575
.Linfo_string150:
	.asciz	"tail"                          @ string offset=1582
.Linfo_string151:
	.asciz	"tcdUsed"                       @ string offset=1587
.Linfo_string152:
	.asciz	"tcdSize"                       @ string offset=1595
.Linfo_string153:
	.asciz	"flags"                         @ string offset=1603
.Linfo_string154:
	.asciz	"_edma_handle"                  @ string offset=1609
.Linfo_string155:
	.asciz	"edma_handle_t"                 @ string offset=1622
.Linfo_string156:
	.asciz	"rxHandle"                      @ string offset=1636
.Linfo_string157:
	.asciz	"status_t"                      @ string offset=1645
.Linfo_string158:
	.asciz	"flexio_spi_master_edma_transfer_callback_t" @ string offset=1654
.Linfo_string159:
	.asciz	"_flexio_spi_master_edma_handle" @ string offset=1697
.Linfo_string160:
	.asciz	"flexio_spi_master_edma_handle_t" @ string offset=1728
.Linfo_string161:
	.asciz	"_flexio_spi_master_edma_private_handle" @ string offset=1760
.Linfo_string162:
	.asciz	"flexio_spi_master_edma_private_handle_t" @ string offset=1799
.Linfo_string163:
	.asciz	"s_dummyData"                   @ string offset=1839
.Linfo_string164:
	.asciz	"kStatus_Success"               @ string offset=1851
.Linfo_string165:
	.asciz	"kStatus_Fail"                  @ string offset=1867
.Linfo_string166:
	.asciz	"kStatus_ReadOnly"              @ string offset=1880
.Linfo_string167:
	.asciz	"kStatus_OutOfRange"            @ string offset=1897
.Linfo_string168:
	.asciz	"kStatus_InvalidArgument"       @ string offset=1916
.Linfo_string169:
	.asciz	"kStatus_Timeout"               @ string offset=1940
.Linfo_string170:
	.asciz	"kStatus_NoTransferInProgress"  @ string offset=1956
.Linfo_string171:
	.asciz	"kStatus_Busy"                  @ string offset=1985
.Linfo_string172:
	.asciz	"kStatus_NoData"                @ string offset=1998
.Linfo_string173:
	.asciz	"kStatus_FLEXIO_SPI_Busy"       @ string offset=2013
.Linfo_string174:
	.asciz	"kStatus_FLEXIO_SPI_Idle"       @ string offset=2037
.Linfo_string175:
	.asciz	"kStatus_FLEXIO_SPI_Error"      @ string offset=2061
.Linfo_string176:
	.asciz	"kStatus_FLEXIO_SPI_Timeout"    @ string offset=2086
.Linfo_string177:
	.asciz	"kFLEXIO_SPI_8bitMsb"           @ string offset=2113
.Linfo_string178:
	.asciz	"kFLEXIO_SPI_8bitLsb"           @ string offset=2133
.Linfo_string179:
	.asciz	"kFLEXIO_SPI_16bitMsb"          @ string offset=2153
.Linfo_string180:
	.asciz	"kFLEXIO_SPI_16bitLsb"          @ string offset=2174
.Linfo_string181:
	.asciz	"kFLEXIO_SPI_32bitMsb"          @ string offset=2195
.Linfo_string182:
	.asciz	"kFLEXIO_SPI_32bitLsb"          @ string offset=2216
.Linfo_string183:
	.asciz	"kFLEXIO_SPI_csContinuous"      @ string offset=2237
.Linfo_string184:
	.asciz	"_flexio_spi_transfer_flags"    @ string offset=2262
.Linfo_string185:
	.asciz	"kFLEXIO_TimerStopBitDisabled"  @ string offset=2289
.Linfo_string186:
	.asciz	"kFLEXIO_TimerStopBitEnableOnTimerCompare" @ string offset=2318
.Linfo_string187:
	.asciz	"kFLEXIO_TimerStopBitEnableOnTimerDisable" @ string offset=2359
.Linfo_string188:
	.asciz	"kFLEXIO_TimerStopBitEnableOnTimerCompareDisable" @ string offset=2400
.Linfo_string189:
	.asciz	"_flexio_timer_stop_bit_condition" @ string offset=2448
.Linfo_string190:
	.asciz	"kFLEXIO_SPI_TxDmaEnable"       @ string offset=2481
.Linfo_string191:
	.asciz	"kFLEXIO_SPI_RxDmaEnable"       @ string offset=2505
.Linfo_string192:
	.asciz	"kFLEXIO_SPI_DmaAllEnable"      @ string offset=2529
.Linfo_string193:
	.asciz	"_flexio_spi_dma_enable"        @ string offset=2554
.Linfo_string194:
	.asciz	"kFLEXIO_TimerDisableNever"     @ string offset=2577
.Linfo_string195:
	.asciz	"kFLEXIO_TimerDisableOnPreTimerDisable" @ string offset=2603
.Linfo_string196:
	.asciz	"kFLEXIO_TimerDisableOnTimerCompare" @ string offset=2641
.Linfo_string197:
	.asciz	"kFLEXIO_TimerDisableOnTimerCompareTriggerLow" @ string offset=2676
.Linfo_string198:
	.asciz	"kFLEXIO_TimerDisableOnPinBothEdge" @ string offset=2721
.Linfo_string199:
	.asciz	"kFLEXIO_TimerDisableOnPinBothEdgeTriggerHigh" @ string offset=2755
.Linfo_string200:
	.asciz	"kFLEXIO_TimerDisableOnTriggerFallingEdge" @ string offset=2800
.Linfo_string201:
	.asciz	"_flexio_timer_disable_condition" @ string offset=2841
.Linfo_string202:
	.asciz	"kFLEXIO_ShifterTimerPolarityOnPositive" @ string offset=2873
.Linfo_string203:
	.asciz	"kFLEXIO_ShifterTimerPolarityOnNegitive" @ string offset=2912
.Linfo_string204:
	.asciz	"_flexio_shifter_timer_polarity" @ string offset=2951
.Linfo_string205:
	.asciz	"kEDMA_TransferSize1Bytes"      @ string offset=2982
.Linfo_string206:
	.asciz	"kEDMA_TransferSize2Bytes"      @ string offset=3007
.Linfo_string207:
	.asciz	"kEDMA_TransferSize4Bytes"      @ string offset=3032
.Linfo_string208:
	.asciz	"kEDMA_TransferSize8Bytes"      @ string offset=3057
.Linfo_string209:
	.asciz	"kEDMA_TransferSize16Bytes"     @ string offset=3082
.Linfo_string210:
	.asciz	"kEDMA_TransferSize32Bytes"     @ string offset=3108
.Linfo_string211:
	.asciz	"_edma_transfer_size"           @ string offset=3134
.Linfo_string212:
	.asciz	"kFLEXIO_SPI_MsbFirst"          @ string offset=3154
.Linfo_string213:
	.asciz	"kFLEXIO_SPI_LsbFirst"          @ string offset=3175
.Linfo_string214:
	.asciz	"_flexio_spi_shift_direction"   @ string offset=3196
.Linfo_string215:
	.asciz	"kFLEXIO_ShifterBuffer"         @ string offset=3224
.Linfo_string216:
	.asciz	"kFLEXIO_ShifterBufferBitSwapped" @ string offset=3246
.Linfo_string217:
	.asciz	"kFLEXIO_ShifterBufferByteSwapped" @ string offset=3278
.Linfo_string218:
	.asciz	"kFLEXIO_ShifterBufferBitByteSwapped" @ string offset=3311
.Linfo_string219:
	.asciz	"kFLEXIO_ShifterBufferNibbleByteSwapped" @ string offset=3347
.Linfo_string220:
	.asciz	"kFLEXIO_ShifterBufferHalfWordSwapped" @ string offset=3386
.Linfo_string221:
	.asciz	"kFLEXIO_ShifterBufferNibbleSwapped" @ string offset=3423
.Linfo_string222:
	.asciz	"_flexio_shifter_buffer_type"   @ string offset=3458
.Linfo_string223:
	.asciz	"short"                         @ string offset=3486
.Linfo_string224:
	.asciz	"int16_t"                       @ string offset=3492
.Linfo_string225:
	.asciz	"FLEXIO_SPI_MasterTransferCreateHandleEDMA" @ string offset=3500
.Linfo_string226:
	.asciz	"FLEXIO_SPI_TxEDMACallback"     @ string offset=3542
.Linfo_string227:
	.asciz	"FLEXIO_SPI_RxEDMACallback"     @ string offset=3568
.Linfo_string228:
	.asciz	"FLEXIO_SPI_MasterTransferEDMA" @ string offset=3594
.Linfo_string229:
	.asciz	"FLEXIO_SPI_EDMAConfig"         @ string offset=3624
.Linfo_string230:
	.asciz	"FLEXIO_SPI_MasterTransferGetCountEDMA" @ string offset=3646
.Linfo_string231:
	.asciz	"FLEXIO_SPI_MasterTransferAbortEDMA" @ string offset=3684
.Linfo_string232:
	.asciz	"FLEXIO_SPI_SlaveTransferEDMA"  @ string offset=3719
.Linfo_string233:
	.asciz	"FLEXIO_SPI_GetTxDataRegisterAddress" @ string offset=3748
.Linfo_string234:
	.asciz	"FLEXIO_SPI_GetRxDataRegisterAddress" @ string offset=3784
.Linfo_string235:
	.asciz	"index"                         @ string offset=3820
.Linfo_string236:
	.asciz	"param"                         @ string offset=3826
.Linfo_string237:
	.asciz	"transferDone"                  @ string offset=3832
.Linfo_string238:
	.asciz	"tcds"                          @ string offset=3845
.Linfo_string239:
	.asciz	"spiPrivateHandle"              @ string offset=3850
.Linfo_string240:
	.asciz	"xfer"                          @ string offset=3867
.Linfo_string241:
	.asciz	"txData"                        @ string offset=3872
.Linfo_string242:
	.asciz	"rxData"                        @ string offset=3879
.Linfo_string243:
	.asciz	"dataSize"                      @ string offset=3886
.Linfo_string244:
	.asciz	"_flexio_spi_transfer"          @ string offset=3895
.Linfo_string245:
	.asciz	"flexio_spi_transfer_t"         @ string offset=3916
.Linfo_string246:
	.asciz	"dataMode"                      @ string offset=3938
.Linfo_string247:
	.asciz	"timerCmp"                      @ string offset=3947
.Linfo_string248:
	.asciz	"dataFormat"                    @ string offset=3956
.Linfo_string249:
	.asciz	"xferConfig"                    @ string offset=3967
.Linfo_string250:
	.asciz	"srcAddr"                       @ string offset=3978
.Linfo_string251:
	.asciz	"destAddr"                      @ string offset=3986
.Linfo_string252:
	.asciz	"srcTransferSize"               @ string offset=3995
.Linfo_string253:
	.asciz	"edma_transfer_size_t"          @ string offset=4011
.Linfo_string254:
	.asciz	"destTransferSize"              @ string offset=4032
.Linfo_string255:
	.asciz	"srcOffset"                     @ string offset=4049
.Linfo_string256:
	.asciz	"destOffset"                    @ string offset=4059
.Linfo_string257:
	.asciz	"minorLoopBytes"                @ string offset=4070
.Linfo_string258:
	.asciz	"majorLoopCounts"               @ string offset=4085
.Linfo_string259:
	.asciz	"_edma_transfer_config"         @ string offset=4101
.Linfo_string260:
	.asciz	"edma_transfer_config_t"        @ string offset=4123
.Linfo_string261:
	.asciz	"direction"                     @ string offset=4146
.Linfo_string262:
	.asciz	"flexio_spi_shift_direction_t"  @ string offset=4156
.Linfo_string263:
	.asciz	"bytesPerFrame"                 @ string offset=4185
.Linfo_string264:
	.asciz	"count"                         @ string offset=4199
.Linfo_string265:
	.asciz	"flexio_spi_slave_edma_handle_t" @ string offset=4205
	.ident	"Component: Arm Compiler for Embedded 6.19 Tool: armclang [5e73cb00]"
	.section	".note.GNU-stack","",%progbits
	.eabi_attribute	30, 6	@ Tag_ABI_optimization_goals
	.ARM_attribute	16, 1	@ Tag_AV_eba
	.section	.debug_line,"",%progbits
.Lline_table_start0:
