	.text
	.syntax unified
	.eabi_attribute	67, "2.09"	@ Tag_conformance
	.cpu	cortex-m7
	.eabi_attribute	6, 13	@ Tag_CPU_arch
	.eabi_attribute	7, 77	@ Tag_CPU_arch_profile
	.eabi_attribute	8, 0	@ Tag_ARM_ISA_use
	.eabi_attribute	9, 2	@ Tag_THUMB_ISA_use
	.fpu	fpv5-d16
	.eabi_attribute	36, 1	@ Tag_FP_HP_extension
	.eabi_attribute	34, 1	@ Tag_CPU_unaligned_access
	.eabi_attribute	17, 1	@ Tag_ABI_PCS_GOT_use
	.eabi_attribute	20, 2	@ Tag_ABI_FP_denormal
	.eabi_attribute	21, 0	@ Tag_ABI_FP_exceptions
	.eabi_attribute	23, 1	@ Tag_ABI_FP_number_model
	.eabi_attribute	24, 1	@ Tag_ABI_align_needed
	.eabi_attribute	25, 1	@ Tag_ABI_align_preserved
	.eabi_attribute	28, 1	@ Tag_ABI_VFP_args
	.eabi_attribute	38, 1	@ Tag_ABI_FP_16bit_format
	.eabi_attribute	18, 2	@ Tag_ABI_PCS_wchar_t
	.eabi_attribute	26, 1	@ Tag_ABI_enum_size
	.eabi_attribute	14, 0	@ Tag_ABI_PCS_R9_use
	.file	"fsl_clock.c"
	.file	1 "E:\\FILE_SMART_CAR\\\346\231\272\350\203\275\350\247\206\350\247\211\\RT1064_Library-master\\RT1064_Library-master\\SeekFree_RT1064_Opensource_Library\\project\\mdk" "../../libraries/sdk/drives/fsl_clock.c"
	.file	2 "E:\\FILE_SMART_CAR\\\346\231\272\350\203\275\350\247\206\350\247\211\\RT1064_Library-master\\RT1064_Library-master\\SeekFree_RT1064_Opensource_Library\\project\\mdk" "../../libraries/sdk/drives/fsl_clock.h"
	.file	3 "D:\\KEIL\\ARM\\ARMCLANG\\Bin\\..\\include" "stdint.h"
	.file	4 "E:\\FILE_SMART_CAR\\\346\231\272\350\203\275\350\247\206\350\247\211\\RT1064_Library-master\\RT1064_Library-master\\SeekFree_RT1064_Opensource_Library\\project\\mdk" "../../libraries/sdk/deceive/MIMXRT1064.h"
	.section	.text.CLOCK_InitExternalClk,"ax",%progbits
	.hidden	CLOCK_InitExternalClk           @ -- Begin function CLOCK_InitExternalClk
	.globl	CLOCK_InitExternalClk
	.p2align	3
	.type	CLOCK_InitExternalClk,%function
	.code	16                              @ @CLOCK_InitExternalClk
	.thumb_func
CLOCK_InitExternalClk:
.Lfunc_begin0:
	.loc	1 191 0                         @ ../../libraries/sdk/drives/fsl_clock.c:191:0
	.fnstart
	.cfi_sections .debug_frame
	.cfi_startproc
@ %bb.0:
	.pad	#8
	sub	sp, #8
	.cfi_def_cfa_offset 8
                                        @ kill: def $r1 killed $r0
	strb.w	r0, [sp, #7]
.Ltmp0:
	.loc	1 193 5 prologue_end            @ ../../libraries/sdk/drives/fsl_clock.c:193:5
	ldrb.w	r0, [sp, #7]
	lsls	r0, r0, #31
	cbnz	r0, .LBB0_2
	b	.LBB0_1
.LBB0_1:
	b	.LBB0_3
.LBB0_2:
	movw	r0, :lower16:.L.str
	movt	r0, :upper16:.L.str
	movw	r1, :lower16:.L.str.1
	movt	r1, :upper16:.L.str.1
	movs	r2, #193
	bl	__aeabi_assert
.LBB0_3:
	.loc	1 0 5 is_stmt 0                 @ ../../libraries/sdk/drives/fsl_clock.c:0:5
	movw	r1, #33112
	movt	r1, #16397
	mov.w	r0, #1073741824
	.loc	1 195 27 is_stmt 1              @ ../../libraries/sdk/drives/fsl_clock.c:195:27
	str	r0, [r1]
	.loc	1 196 5                         @ ../../libraries/sdk/drives/fsl_clock.c:196:5
	b	.LBB0_4
.LBB0_4:                                @ =>This Inner Loop Header: Depth=1
	.loc	1 0 5 is_stmt 0                 @ ../../libraries/sdk/drives/fsl_clock.c:0:5
	movw	r0, #33392
	movt	r0, #16397
	.loc	1 196 25                        @ ../../libraries/sdk/drives/fsl_clock.c:196:25
	ldr	r0, [r0]
	.loc	1 196 5                         @ ../../libraries/sdk/drives/fsl_clock.c:196:5
	lsls	r0, r0, #15
	cmp	r0, #0
	bmi	.LBB0_6
	b	.LBB0_5
.LBB0_5:                                @   in Loop: Header=BB0_4 Depth=1
	b	.LBB0_4
.LBB0_6:
	.loc	1 0 5                           @ ../../libraries/sdk/drives/fsl_clock.c:0:5
	movw	r1, #33108
	movt	r1, #16397
	mov.w	r0, #65536
	.loc	1 199 27 is_stmt 1              @ ../../libraries/sdk/drives/fsl_clock.c:199:27
	str	r0, [r1]
	.loc	1 200 5                         @ ../../libraries/sdk/drives/fsl_clock.c:200:5
	b	.LBB0_7
.LBB0_7:                                @ =>This Inner Loop Header: Depth=1
	.loc	1 0 5 is_stmt 0                 @ ../../libraries/sdk/drives/fsl_clock.c:0:5
	movw	r0, #33104
	movt	r0, #16397
	.loc	1 200 25                        @ ../../libraries/sdk/drives/fsl_clock.c:200:25
	ldr	r0, [r0]
	.loc	1 200 5                         @ ../../libraries/sdk/drives/fsl_clock.c:200:5
	lsls	r0, r0, #16
	cmp	r0, #0
	bmi	.LBB0_9
	b	.LBB0_8
.LBB0_8:                                @   in Loop: Header=BB0_7 Depth=1
	b	.LBB0_7
.LBB0_9:
	.loc	1 0 5                           @ ../../libraries/sdk/drives/fsl_clock.c:0:5
	movw	r1, #33112
	movt	r1, #16397
	mov.w	r0, #65536
	.loc	1 203 27 is_stmt 1              @ ../../libraries/sdk/drives/fsl_clock.c:203:27
	str	r0, [r1]
	.loc	1 204 1                         @ ../../libraries/sdk/drives/fsl_clock.c:204:1
	add	sp, #8
	bx	lr
.Ltmp1:
.Lfunc_end0:
	.size	CLOCK_InitExternalClk, .Lfunc_end0-CLOCK_InitExternalClk
	.cfi_endproc
	.cantunwind
	.fnend
                                        @ -- End function
	.section	.text.CLOCK_DeinitExternalClk,"ax",%progbits
	.hidden	CLOCK_DeinitExternalClk         @ -- Begin function CLOCK_DeinitExternalClk
	.globl	CLOCK_DeinitExternalClk
	.p2align	3
	.type	CLOCK_DeinitExternalClk,%function
	.code	16                              @ @CLOCK_DeinitExternalClk
	.thumb_func
CLOCK_DeinitExternalClk:
.Lfunc_begin1:
	.loc	1 215 0                         @ ../../libraries/sdk/drives/fsl_clock.c:215:0
	.fnstart
	.cfi_startproc
@ %bb.0:
	movw	r1, #33108
	movt	r1, #16397
	mov.w	r0, #1073741824
.Ltmp2:
	.loc	1 216 27 prologue_end           @ ../../libraries/sdk/drives/fsl_clock.c:216:27
	str	r0, [r1]
	.loc	1 217 1                         @ ../../libraries/sdk/drives/fsl_clock.c:217:1
	bx	lr
.Ltmp3:
.Lfunc_end1:
	.size	CLOCK_DeinitExternalClk, .Lfunc_end1-CLOCK_DeinitExternalClk
	.cfi_endproc
	.cantunwind
	.fnend
                                        @ -- End function
	.section	.text.CLOCK_SwitchOsc,"ax",%progbits
	.hidden	CLOCK_SwitchOsc                 @ -- Begin function CLOCK_SwitchOsc
	.globl	CLOCK_SwitchOsc
	.p2align	3
	.type	CLOCK_SwitchOsc,%function
	.code	16                              @ @CLOCK_SwitchOsc
	.thumb_func
CLOCK_SwitchOsc:
.Lfunc_begin2:
	.loc	1 227 0                         @ ../../libraries/sdk/drives/fsl_clock.c:227:0
	.fnstart
	.cfi_startproc
@ %bb.0:
	.pad	#4
	sub	sp, #4
	.cfi_def_cfa_offset 4
                                        @ kill: def $r1 killed $r0
	strb.w	r0, [sp, #3]
.Ltmp4:
	.loc	1 228 9 prologue_end            @ ../../libraries/sdk/drives/fsl_clock.c:228:9
	ldrb.w	r0, [sp, #3]
.Ltmp5:
	.loc	1 228 9 is_stmt 0               @ ../../libraries/sdk/drives/fsl_clock.c:228:9
	cbnz	r0, .LBB2_2
	b	.LBB2_1
.LBB2_1:
	.loc	1 0 9                           @ ../../libraries/sdk/drives/fsl_clock.c:0:9
	movw	r1, #33396
	movt	r1, #16397
	movs	r0, #16
.Ltmp6:
	.loc	1 230 37 is_stmt 1              @ ../../libraries/sdk/drives/fsl_clock.c:230:37
	str	r0, [r1]
	.loc	1 231 5                         @ ../../libraries/sdk/drives/fsl_clock.c:231:5
	b	.LBB2_3
.Ltmp7:
.LBB2_2:
	.loc	1 0 5 is_stmt 0                 @ ../../libraries/sdk/drives/fsl_clock.c:0:5
	movw	r1, #33400
	movt	r1, #16397
	movs	r0, #16
.Ltmp8:
	.loc	1 234 37 is_stmt 1              @ ../../libraries/sdk/drives/fsl_clock.c:234:37
	str	r0, [r1]
	b	.LBB2_3
.Ltmp9:
.LBB2_3:
	.loc	1 236 1                         @ ../../libraries/sdk/drives/fsl_clock.c:236:1
	add	sp, #4
	bx	lr
.Ltmp10:
.Lfunc_end2:
	.size	CLOCK_SwitchOsc, .Lfunc_end2-CLOCK_SwitchOsc
	.cfi_endproc
	.cantunwind
	.fnend
                                        @ -- End function
	.section	.text.CLOCK_InitRcOsc24M,"ax",%progbits
	.hidden	CLOCK_InitRcOsc24M              @ -- Begin function CLOCK_InitRcOsc24M
	.globl	CLOCK_InitRcOsc24M
	.p2align	3
	.type	CLOCK_InitRcOsc24M,%function
	.code	16                              @ @CLOCK_InitRcOsc24M
	.thumb_func
CLOCK_InitRcOsc24M:
.Lfunc_begin3:
	.loc	1 242 0                         @ ../../libraries/sdk/drives/fsl_clock.c:242:0
	.fnstart
	.cfi_startproc
@ %bb.0:
	movw	r1, #33392
	movt	r1, #16397
.Ltmp11:
	.loc	1 243 29 prologue_end           @ ../../libraries/sdk/drives/fsl_clock.c:243:29
	ldr	r0, [r1]
	orr	r0, r0, #1
	str	r0, [r1]
	.loc	1 244 1                         @ ../../libraries/sdk/drives/fsl_clock.c:244:1
	bx	lr
.Ltmp12:
.Lfunc_end3:
	.size	CLOCK_InitRcOsc24M, .Lfunc_end3-CLOCK_InitRcOsc24M
	.cfi_endproc
	.cantunwind
	.fnend
                                        @ -- End function
	.section	.text.CLOCK_DeinitRcOsc24M,"ax",%progbits
	.hidden	CLOCK_DeinitRcOsc24M            @ -- Begin function CLOCK_DeinitRcOsc24M
	.globl	CLOCK_DeinitRcOsc24M
	.p2align	3
	.type	CLOCK_DeinitRcOsc24M,%function
	.code	16                              @ @CLOCK_DeinitRcOsc24M
	.thumb_func
CLOCK_DeinitRcOsc24M:
.Lfunc_begin4:
	.loc	1 250 0                         @ ../../libraries/sdk/drives/fsl_clock.c:250:0
	.fnstart
	.cfi_startproc
@ %bb.0:
	movw	r1, #33392
	movt	r1, #16397
.Ltmp13:
	.loc	1 251 29 prologue_end           @ ../../libraries/sdk/drives/fsl_clock.c:251:29
	ldr	r0, [r1]
	bic	r0, r0, #1
	str	r0, [r1]
	.loc	1 252 1                         @ ../../libraries/sdk/drives/fsl_clock.c:252:1
	bx	lr
.Ltmp14:
.Lfunc_end4:
	.size	CLOCK_DeinitRcOsc24M, .Lfunc_end4-CLOCK_DeinitRcOsc24M
	.cfi_endproc
	.cantunwind
	.fnend
                                        @ -- End function
	.section	.text.CLOCK_GetAhbFreq,"ax",%progbits
	.hidden	CLOCK_GetAhbFreq                @ -- Begin function CLOCK_GetAhbFreq
	.globl	CLOCK_GetAhbFreq
	.p2align	3
	.type	CLOCK_GetAhbFreq,%function
	.code	16                              @ @CLOCK_GetAhbFreq
	.thumb_func
CLOCK_GetAhbFreq:
.Lfunc_begin5:
	.loc	1 260 0                         @ ../../libraries/sdk/drives/fsl_clock.c:260:0
	.fnstart
	.cfi_startproc
@ %bb.0:
	.save	{r7, lr}
	push	{r7, lr}
	.cfi_def_cfa_offset 8
	.cfi_offset lr, -4
	.cfi_offset r7, -8
.Ltmp15:
	.loc	1 261 12 prologue_end           @ ../../libraries/sdk/drives/fsl_clock.c:261:12
	bl	CLOCK_GetPeriphClkFreq
	movw	r1, #49172
	movt	r1, #16399
	.loc	1 261 47 is_stmt 0              @ ../../libraries/sdk/drives/fsl_clock.c:261:47
	ldr	r1, [r1]
	.loc	1 261 53                        @ ../../libraries/sdk/drives/fsl_clock.c:261:53
	and	r2, r1, #7168
	movs	r1, #1
	.loc	1 261 109                       @ ../../libraries/sdk/drives/fsl_clock.c:261:109
	add.w	r1, r1, r2, lsr #10
	.loc	1 261 37                        @ ../../libraries/sdk/drives/fsl_clock.c:261:37
	udiv	r0, r0, r1
	.loc	1 261 5                         @ ../../libraries/sdk/drives/fsl_clock.c:261:5
	pop	{r7, pc}
.Ltmp16:
.Lfunc_end5:
	.size	CLOCK_GetAhbFreq, .Lfunc_end5-CLOCK_GetAhbFreq
	.cfi_endproc
	.cantunwind
	.fnend
                                        @ -- End function
	.section	.text.CLOCK_GetPeriphClkFreq,"ax",%progbits
	.p2align	3                               @ -- Begin function CLOCK_GetPeriphClkFreq
	.type	CLOCK_GetPeriphClkFreq,%function
	.code	16                              @ @CLOCK_GetPeriphClkFreq
	.thumb_func
CLOCK_GetPeriphClkFreq:
.Lfunc_begin6:
	.loc	1 87 0 is_stmt 1                @ ../../libraries/sdk/drives/fsl_clock.c:87:0
	.fnstart
	.cfi_startproc
@ %bb.0:
	.save	{r7, lr}
	push	{r7, lr}
	.cfi_def_cfa_offset 8
	.cfi_offset lr, -4
	.cfi_offset r7, -8
	.pad	#16
	sub	sp, #16
	.cfi_def_cfa_offset 24
	movw	r0, #49172
	movt	r0, #16399
.Ltmp17:
	.loc	1 91 15 prologue_end            @ ../../libraries/sdk/drives/fsl_clock.c:91:15
	ldr	r0, [r0]
.Ltmp18:
	.loc	1 91 9 is_stmt 0                @ ../../libraries/sdk/drives/fsl_clock.c:91:9
	lsls	r0, r0, #6
	cmp	r0, #0
	bpl	.LBB6_11
	b	.LBB6_1
.LBB6_1:
	.loc	1 0 9                           @ ../../libraries/sdk/drives/fsl_clock.c:0:9
	movw	r0, #49176
	movt	r0, #16399
.Ltmp19:
	.loc	1 93 22 is_stmt 1               @ ../../libraries/sdk/drives/fsl_clock.c:93:22
	ldr	r0, [r0]
	.loc	1 93 28 is_stmt 0               @ ../../libraries/sdk/drives/fsl_clock.c:93:28
	and	r0, r0, #12288
	.loc	1 93 9                          @ ../../libraries/sdk/drives/fsl_clock.c:93:9
	mov	r1, r0
	str	r1, [sp, #8]                    @ 4-byte Spill
	cbz	r0, .LBB6_5
	b	.LBB6_2
.LBB6_2:
	ldr	r0, [sp, #8]                    @ 4-byte Reload
	cmp.w	r0, #4096
	beq	.LBB6_6
	b	.LBB6_3
.LBB6_3:
	ldr	r0, [sp, #8]                    @ 4-byte Reload
	cmp.w	r0, #8192
	beq	.LBB6_7
	b	.LBB6_4
.LBB6_4:
	ldr	r0, [sp, #8]                    @ 4-byte Reload
	cmp.w	r0, #12288
	beq	.LBB6_8
	b	.LBB6_9
.LBB6_5:
	.loc	1 0 9                           @ ../../libraries/sdk/drives/fsl_clock.c:0:9
	movs	r0, #13
	movt	r0, #16
.Ltmp20:
	.loc	1 97 24 is_stmt 1               @ ../../libraries/sdk/drives/fsl_clock.c:97:24
	bl	CLOCK_GetPllFreq
	.loc	1 97 22 is_stmt 0               @ ../../libraries/sdk/drives/fsl_clock.c:97:22
	str	r0, [sp, #12]
	.loc	1 98 17 is_stmt 1               @ ../../libraries/sdk/drives/fsl_clock.c:98:17
	b	.LBB6_10
.LBB6_6:
	.loc	1 102 24                        @ ../../libraries/sdk/drives/fsl_clock.c:102:24
	bl	CLOCK_GetOscFreq
	.loc	1 102 22 is_stmt 0              @ ../../libraries/sdk/drives/fsl_clock.c:102:22
	str	r0, [sp, #12]
	.loc	1 103 17 is_stmt 1              @ ../../libraries/sdk/drives/fsl_clock.c:103:17
	b	.LBB6_10
.LBB6_7:
	.loc	1 0 17 is_stmt 0                @ ../../libraries/sdk/drives/fsl_clock.c:0:17
	movs	r0, #13
	movt	r0, #48
	.loc	1 106 24 is_stmt 1              @ ../../libraries/sdk/drives/fsl_clock.c:106:24
	bl	CLOCK_GetPllFreq
	.loc	1 106 22 is_stmt 0              @ ../../libraries/sdk/drives/fsl_clock.c:106:22
	str	r0, [sp, #12]
	.loc	1 107 17 is_stmt 1              @ ../../libraries/sdk/drives/fsl_clock.c:107:17
	b	.LBB6_10
.LBB6_8:
	.loc	1 109 13                        @ ../../libraries/sdk/drives/fsl_clock.c:109:13
	b	.LBB6_9
.LBB6_9:
	.loc	1 0 13 is_stmt 0                @ ../../libraries/sdk/drives/fsl_clock.c:0:13
	movs	r0, #0
	.loc	1 111 22 is_stmt 1              @ ../../libraries/sdk/drives/fsl_clock.c:111:22
	str	r0, [sp, #12]
	.loc	1 112 17                        @ ../../libraries/sdk/drives/fsl_clock.c:112:17
	b	.LBB6_10
.Ltmp21:
.LBB6_10:
	.loc	1 0 17 is_stmt 0                @ ../../libraries/sdk/drives/fsl_clock.c:0:17
	movw	r0, #49172
	movt	r0, #16399
	.loc	1 115 25 is_stmt 1              @ ../../libraries/sdk/drives/fsl_clock.c:115:25
	ldr	r0, [r0]
	.loc	1 115 31 is_stmt 0              @ ../../libraries/sdk/drives/fsl_clock.c:115:31
	and	r1, r0, #939524096
	movs	r0, #1
	.loc	1 115 103                       @ ../../libraries/sdk/drives/fsl_clock.c:115:103
	add.w	r1, r0, r1, lsr #27
	.loc	1 115 14                        @ ../../libraries/sdk/drives/fsl_clock.c:115:14
	ldr	r0, [sp, #12]
	udiv	r0, r0, r1
	str	r0, [sp, #12]
	.loc	1 116 5 is_stmt 1               @ ../../libraries/sdk/drives/fsl_clock.c:116:5
	b	.LBB6_21
.Ltmp22:
.LBB6_11:
	.loc	1 0 5 is_stmt 0                 @ ../../libraries/sdk/drives/fsl_clock.c:0:5
	movw	r0, #49176
	movt	r0, #16399
.Ltmp23:
	.loc	1 120 22 is_stmt 1              @ ../../libraries/sdk/drives/fsl_clock.c:120:22
	ldr	r0, [r0]
	.loc	1 120 28 is_stmt 0              @ ../../libraries/sdk/drives/fsl_clock.c:120:28
	and	r0, r0, #786432
	.loc	1 120 9                         @ ../../libraries/sdk/drives/fsl_clock.c:120:9
	mov	r1, r0
	str	r1, [sp, #4]                    @ 4-byte Spill
	cbz	r0, .LBB6_15
	b	.LBB6_12
.LBB6_12:
	ldr	r0, [sp, #4]                    @ 4-byte Reload
	cmp.w	r0, #262144
	beq	.LBB6_16
	b	.LBB6_13
.LBB6_13:
	ldr	r0, [sp, #4]                    @ 4-byte Reload
	cmp.w	r0, #524288
	beq	.LBB6_17
	b	.LBB6_14
.LBB6_14:
	ldr	r0, [sp, #4]                    @ 4-byte Reload
	cmp.w	r0, #786432
	beq	.LBB6_18
	b	.LBB6_19
.LBB6_15:
	.loc	1 0 9                           @ ../../libraries/sdk/drives/fsl_clock.c:0:9
	movs	r0, #13
	movt	r0, #48
.Ltmp24:
	.loc	1 124 24 is_stmt 1              @ ../../libraries/sdk/drives/fsl_clock.c:124:24
	bl	CLOCK_GetPllFreq
	.loc	1 124 22 is_stmt 0              @ ../../libraries/sdk/drives/fsl_clock.c:124:22
	str	r0, [sp, #12]
	.loc	1 125 17 is_stmt 1              @ ../../libraries/sdk/drives/fsl_clock.c:125:17
	b	.LBB6_20
.LBB6_16:
	.loc	1 0 17 is_stmt 0                @ ../../libraries/sdk/drives/fsl_clock.c:0:17
	movs	r0, #2
	.loc	1 129 24 is_stmt 1              @ ../../libraries/sdk/drives/fsl_clock.c:129:24
	bl	CLOCK_GetSysPfdFreq
	.loc	1 129 22 is_stmt 0              @ ../../libraries/sdk/drives/fsl_clock.c:129:22
	str	r0, [sp, #12]
	.loc	1 130 17 is_stmt 1              @ ../../libraries/sdk/drives/fsl_clock.c:130:17
	b	.LBB6_20
.LBB6_17:
	.loc	1 0 17 is_stmt 0                @ ../../libraries/sdk/drives/fsl_clock.c:0:17
	movs	r0, #0
	.loc	1 134 24 is_stmt 1              @ ../../libraries/sdk/drives/fsl_clock.c:134:24
	bl	CLOCK_GetSysPfdFreq
	.loc	1 134 22 is_stmt 0              @ ../../libraries/sdk/drives/fsl_clock.c:134:22
	str	r0, [sp, #12]
	.loc	1 135 17 is_stmt 1              @ ../../libraries/sdk/drives/fsl_clock.c:135:17
	b	.LBB6_20
.LBB6_18:
	.loc	1 0 17 is_stmt 0                @ ../../libraries/sdk/drives/fsl_clock.c:0:17
	movs	r0, #13
	.loc	1 139 24 is_stmt 1              @ ../../libraries/sdk/drives/fsl_clock.c:139:24
	bl	CLOCK_GetPllFreq
	movw	r1, #49168
	movt	r1, #16399
	.loc	1 140 32                        @ ../../libraries/sdk/drives/fsl_clock.c:140:32
	ldr	r1, [r1]
	.loc	1 140 38 is_stmt 0              @ ../../libraries/sdk/drives/fsl_clock.c:140:38
	and	r1, r1, #7
	.loc	1 140 94                        @ ../../libraries/sdk/drives/fsl_clock.c:140:94
	adds	r1, #1
	.loc	1 139 56 is_stmt 1              @ ../../libraries/sdk/drives/fsl_clock.c:139:56
	udiv	r0, r0, r1
	.loc	1 139 22 is_stmt 0              @ ../../libraries/sdk/drives/fsl_clock.c:139:22
	str	r0, [sp, #12]
	.loc	1 141 17 is_stmt 1              @ ../../libraries/sdk/drives/fsl_clock.c:141:17
	b	.LBB6_20
.LBB6_19:
	.loc	1 0 17 is_stmt 0                @ ../../libraries/sdk/drives/fsl_clock.c:0:17
	movs	r0, #0
	.loc	1 144 22 is_stmt 1              @ ../../libraries/sdk/drives/fsl_clock.c:144:22
	str	r0, [sp, #12]
	.loc	1 145 17                        @ ../../libraries/sdk/drives/fsl_clock.c:145:17
	b	.LBB6_20
.Ltmp25:
.LBB6_20:
	.loc	1 0 17 is_stmt 0                @ ../../libraries/sdk/drives/fsl_clock.c:0:17
	b	.LBB6_21
.LBB6_21:
	.loc	1 149 12 is_stmt 1              @ ../../libraries/sdk/drives/fsl_clock.c:149:12
	ldr	r0, [sp, #12]
	.loc	1 149 5 is_stmt 0               @ ../../libraries/sdk/drives/fsl_clock.c:149:5
	add	sp, #16
	pop	{r7, pc}
.Ltmp26:
.Lfunc_end6:
	.size	CLOCK_GetPeriphClkFreq, .Lfunc_end6-CLOCK_GetPeriphClkFreq
	.cfi_endproc
	.cantunwind
	.fnend
                                        @ -- End function
	.section	.text.CLOCK_GetSemcFreq,"ax",%progbits
	.hidden	CLOCK_GetSemcFreq               @ -- Begin function CLOCK_GetSemcFreq
	.globl	CLOCK_GetSemcFreq
	.p2align	3
	.type	CLOCK_GetSemcFreq,%function
	.code	16                              @ @CLOCK_GetSemcFreq
	.thumb_func
CLOCK_GetSemcFreq:
.Lfunc_begin7:
	.loc	1 270 0 is_stmt 1               @ ../../libraries/sdk/drives/fsl_clock.c:270:0
	.fnstart
	.cfi_startproc
@ %bb.0:
	.save	{r7, lr}
	push	{r7, lr}
	.cfi_def_cfa_offset 8
	.cfi_offset lr, -4
	.cfi_offset r7, -8
	.pad	#8
	sub	sp, #8
	.cfi_def_cfa_offset 16
	movw	r0, #49172
	movt	r0, #16399
.Ltmp27:
	.loc	1 274 15 prologue_end           @ ../../libraries/sdk/drives/fsl_clock.c:274:15
	ldr	r0, [r0]
.Ltmp28:
	.loc	1 274 9 is_stmt 0               @ ../../libraries/sdk/drives/fsl_clock.c:274:9
	lsls	r0, r0, #25
	cmp	r0, #0
	bpl	.LBB7_5
	b	.LBB7_1
.LBB7_1:
	.loc	1 0 9                           @ ../../libraries/sdk/drives/fsl_clock.c:0:9
	movw	r0, #49172
	movt	r0, #16399
.Ltmp29:
	.loc	1 277 19 is_stmt 1              @ ../../libraries/sdk/drives/fsl_clock.c:277:19
	ldr	r0, [r0]
.Ltmp30:
	.loc	1 277 13 is_stmt 0              @ ../../libraries/sdk/drives/fsl_clock.c:277:13
	lsls	r0, r0, #24
	cmp	r0, #0
	bpl	.LBB7_3
	b	.LBB7_2
.LBB7_2:
	.loc	1 0 13                          @ ../../libraries/sdk/drives/fsl_clock.c:0:13
	movs	r0, #1
.Ltmp31:
	.loc	1 279 20 is_stmt 1              @ ../../libraries/sdk/drives/fsl_clock.c:279:20
	bl	CLOCK_GetUsb1PfdFreq
	.loc	1 279 18 is_stmt 0              @ ../../libraries/sdk/drives/fsl_clock.c:279:18
	str	r0, [sp, #4]
	.loc	1 280 9 is_stmt 1               @ ../../libraries/sdk/drives/fsl_clock.c:280:9
	b	.LBB7_4
.Ltmp32:
.LBB7_3:
	.loc	1 0 9 is_stmt 0                 @ ../../libraries/sdk/drives/fsl_clock.c:0:9
	movs	r0, #2
.Ltmp33:
	.loc	1 284 20 is_stmt 1              @ ../../libraries/sdk/drives/fsl_clock.c:284:20
	bl	CLOCK_GetSysPfdFreq
	.loc	1 284 18 is_stmt 0              @ ../../libraries/sdk/drives/fsl_clock.c:284:18
	str	r0, [sp, #4]
	b	.LBB7_4
.Ltmp34:
.LBB7_4:
	.loc	1 286 5 is_stmt 1               @ ../../libraries/sdk/drives/fsl_clock.c:286:5
	b	.LBB7_6
.Ltmp35:
.LBB7_5:
	.loc	1 290 16                        @ ../../libraries/sdk/drives/fsl_clock.c:290:16
	bl	CLOCK_GetPeriphClkFreq
	.loc	1 290 14 is_stmt 0              @ ../../libraries/sdk/drives/fsl_clock.c:290:14
	str	r0, [sp, #4]
	b	.LBB7_6
.Ltmp36:
.LBB7_6:
	.loc	1 0 14                          @ ../../libraries/sdk/drives/fsl_clock.c:0:14
	movw	r0, #49172
	movt	r0, #16399
	.loc	1 293 21 is_stmt 1              @ ../../libraries/sdk/drives/fsl_clock.c:293:21
	ldr	r0, [r0]
	.loc	1 293 27 is_stmt 0              @ ../../libraries/sdk/drives/fsl_clock.c:293:27
	and	r1, r0, #458752
	movs	r0, #1
	.loc	1 293 85                        @ ../../libraries/sdk/drives/fsl_clock.c:293:85
	add.w	r1, r0, r1, lsr #16
	.loc	1 293 10                        @ ../../libraries/sdk/drives/fsl_clock.c:293:10
	ldr	r0, [sp, #4]
	udiv	r0, r0, r1
	str	r0, [sp, #4]
	.loc	1 295 12 is_stmt 1              @ ../../libraries/sdk/drives/fsl_clock.c:295:12
	ldr	r0, [sp, #4]
	.loc	1 295 5 is_stmt 0               @ ../../libraries/sdk/drives/fsl_clock.c:295:5
	add	sp, #8
	pop	{r7, pc}
.Ltmp37:
.Lfunc_end7:
	.size	CLOCK_GetSemcFreq, .Lfunc_end7-CLOCK_GetSemcFreq
	.cfi_endproc
	.cantunwind
	.fnend
                                        @ -- End function
	.section	.text.CLOCK_GetUsb1PfdFreq,"ax",%progbits
	.hidden	CLOCK_GetUsb1PfdFreq            @ -- Begin function CLOCK_GetUsb1PfdFreq
	.globl	CLOCK_GetUsb1PfdFreq
	.p2align	3
	.type	CLOCK_GetUsb1PfdFreq,%function
	.code	16                              @ @CLOCK_GetUsb1PfdFreq
	.thumb_func
CLOCK_GetUsb1PfdFreq:
.Lfunc_begin8:
	.loc	1 1314 0 is_stmt 1              @ ../../libraries/sdk/drives/fsl_clock.c:1314:0
	.fnstart
	.cfi_startproc
@ %bb.0:
	.save	{r7, lr}
	push	{r7, lr}
	.cfi_def_cfa_offset 8
	.cfi_offset lr, -4
	.cfi_offset r7, -8
	.pad	#16
	sub	sp, #16
	.cfi_def_cfa_offset 24
                                        @ kill: def $r1 killed $r0
	strb.w	r0, [sp, #15]
	movs	r0, #13
	movt	r0, #16
.Ltmp38:
	.loc	1 1315 21 prologue_end          @ ../../libraries/sdk/drives/fsl_clock.c:1315:21
	bl	CLOCK_GetPllFreq
	.loc	1 1315 14 is_stmt 0             @ ../../libraries/sdk/drives/fsl_clock.c:1315:14
	str	r0, [sp, #8]
	.loc	1 1317 13 is_stmt 1             @ ../../libraries/sdk/drives/fsl_clock.c:1317:13
	ldrb.w	r0, [sp, #15]
	.loc	1 1317 5 is_stmt 0              @ ../../libraries/sdk/drives/fsl_clock.c:1317:5
	mov	r1, r0
	str	r1, [sp, #4]                    @ 4-byte Spill
	cmp	r0, #3
	bhi	.LBB8_7
@ %bb.1:
	.loc	1 0 5                           @ ../../libraries/sdk/drives/fsl_clock.c:0:5
	ldr	r1, [sp, #4]                    @ 4-byte Reload
.LCPI8_0:
	tbb	[pc, r1]
@ %bb.2:
.LJTI8_0:
	.byte	(.LBB8_3-(.LCPI8_0+4))/2
	.byte	(.LBB8_4-(.LCPI8_0+4))/2
	.byte	(.LBB8_5-(.LCPI8_0+4))/2
	.byte	(.LBB8_6-(.LCPI8_0+4))/2
	.p2align	1
.LBB8_3:
	movw	r0, #33008
	movt	r0, #16397
.Ltmp39:
	.loc	1 1320 35 is_stmt 1             @ ../../libraries/sdk/drives/fsl_clock.c:1320:35
	ldr	r0, [r0]
	.loc	1 1320 43 is_stmt 0             @ ../../libraries/sdk/drives/fsl_clock.c:1320:43
	and	r1, r0, #63
	.loc	1 1320 18                       @ ../../libraries/sdk/drives/fsl_clock.c:1320:18
	ldr	r0, [sp, #8]
	udiv	r0, r0, r1
	str	r0, [sp, #8]
	.loc	1 1321 13 is_stmt 1             @ ../../libraries/sdk/drives/fsl_clock.c:1321:13
	b	.LBB8_8
.LBB8_4:
	.loc	1 0 13 is_stmt 0                @ ../../libraries/sdk/drives/fsl_clock.c:0:13
	movw	r0, #33008
	movt	r0, #16397
	.loc	1 1324 35 is_stmt 1             @ ../../libraries/sdk/drives/fsl_clock.c:1324:35
	ldr	r0, [r0]
	.loc	1 1324 80 is_stmt 0             @ ../../libraries/sdk/drives/fsl_clock.c:1324:80
	ubfx	r1, r0, #8, #6
	.loc	1 1324 18                       @ ../../libraries/sdk/drives/fsl_clock.c:1324:18
	ldr	r0, [sp, #8]
	udiv	r0, r0, r1
	str	r0, [sp, #8]
	.loc	1 1325 13 is_stmt 1             @ ../../libraries/sdk/drives/fsl_clock.c:1325:13
	b	.LBB8_8
.LBB8_5:
	.loc	1 0 13 is_stmt 0                @ ../../libraries/sdk/drives/fsl_clock.c:0:13
	movw	r0, #33008
	movt	r0, #16397
	.loc	1 1328 35 is_stmt 1             @ ../../libraries/sdk/drives/fsl_clock.c:1328:35
	ldr	r0, [r0]
	.loc	1 1328 80 is_stmt 0             @ ../../libraries/sdk/drives/fsl_clock.c:1328:80
	ubfx	r1, r0, #16, #6
	.loc	1 1328 18                       @ ../../libraries/sdk/drives/fsl_clock.c:1328:18
	ldr	r0, [sp, #8]
	udiv	r0, r0, r1
	str	r0, [sp, #8]
	.loc	1 1329 13 is_stmt 1             @ ../../libraries/sdk/drives/fsl_clock.c:1329:13
	b	.LBB8_8
.LBB8_6:
	.loc	1 0 13 is_stmt 0                @ ../../libraries/sdk/drives/fsl_clock.c:0:13
	movw	r0, #33008
	movt	r0, #16397
	.loc	1 1332 35 is_stmt 1             @ ../../libraries/sdk/drives/fsl_clock.c:1332:35
	ldr	r0, [r0]
	.loc	1 1332 80 is_stmt 0             @ ../../libraries/sdk/drives/fsl_clock.c:1332:80
	ubfx	r1, r0, #24, #6
	.loc	1 1332 18                       @ ../../libraries/sdk/drives/fsl_clock.c:1332:18
	ldr	r0, [sp, #8]
	udiv	r0, r0, r1
	str	r0, [sp, #8]
	.loc	1 1333 13 is_stmt 1             @ ../../libraries/sdk/drives/fsl_clock.c:1333:13
	b	.LBB8_8
.LBB8_7:
	.loc	1 0 13 is_stmt 0                @ ../../libraries/sdk/drives/fsl_clock.c:0:13
	movs	r0, #0
	.loc	1 1336 18 is_stmt 1             @ ../../libraries/sdk/drives/fsl_clock.c:1336:18
	str	r0, [sp, #8]
	.loc	1 1337 13                       @ ../../libraries/sdk/drives/fsl_clock.c:1337:13
	b	.LBB8_8
.Ltmp40:
.LBB8_8:
	.loc	1 1339 10                       @ ../../libraries/sdk/drives/fsl_clock.c:1339:10
	ldr	r0, [sp, #8]
	add.w	r0, r0, r0, lsl #3
	lsls	r0, r0, #1
	str	r0, [sp, #8]
	.loc	1 1341 12                       @ ../../libraries/sdk/drives/fsl_clock.c:1341:12
	ldr	r0, [sp, #8]
	.loc	1 1341 5 is_stmt 0              @ ../../libraries/sdk/drives/fsl_clock.c:1341:5
	add	sp, #16
	pop	{r7, pc}
.Ltmp41:
.Lfunc_end8:
	.size	CLOCK_GetUsb1PfdFreq, .Lfunc_end8-CLOCK_GetUsb1PfdFreq
	.cfi_endproc
	.cantunwind
	.fnend
                                        @ -- End function
	.section	.text.CLOCK_GetSysPfdFreq,"ax",%progbits
	.hidden	CLOCK_GetSysPfdFreq             @ -- Begin function CLOCK_GetSysPfdFreq
	.globl	CLOCK_GetSysPfdFreq
	.p2align	3
	.type	CLOCK_GetSysPfdFreq,%function
	.code	16                              @ @CLOCK_GetSysPfdFreq
	.thumb_func
CLOCK_GetSysPfdFreq:
.Lfunc_begin9:
	.loc	1 1275 0 is_stmt 1              @ ../../libraries/sdk/drives/fsl_clock.c:1275:0
	.fnstart
	.cfi_startproc
@ %bb.0:
	.save	{r7, lr}
	push	{r7, lr}
	.cfi_def_cfa_offset 8
	.cfi_offset lr, -4
	.cfi_offset r7, -8
	.pad	#16
	sub	sp, #16
	.cfi_def_cfa_offset 24
                                        @ kill: def $r1 killed $r0
	strb.w	r0, [sp, #15]
	movs	r0, #13
	movt	r0, #48
.Ltmp42:
	.loc	1 1276 21 prologue_end          @ ../../libraries/sdk/drives/fsl_clock.c:1276:21
	bl	CLOCK_GetPllFreq
	.loc	1 1276 14 is_stmt 0             @ ../../libraries/sdk/drives/fsl_clock.c:1276:14
	str	r0, [sp, #8]
	.loc	1 1278 13 is_stmt 1             @ ../../libraries/sdk/drives/fsl_clock.c:1278:13
	ldrb.w	r0, [sp, #15]
	.loc	1 1278 5 is_stmt 0              @ ../../libraries/sdk/drives/fsl_clock.c:1278:5
	mov	r1, r0
	str	r1, [sp, #4]                    @ 4-byte Spill
	cmp	r0, #3
	bhi	.LBB9_7
@ %bb.1:
	.loc	1 0 5                           @ ../../libraries/sdk/drives/fsl_clock.c:0:5
	ldr	r1, [sp, #4]                    @ 4-byte Reload
.LCPI9_0:
	tbb	[pc, r1]
@ %bb.2:
.LJTI9_0:
	.byte	(.LBB9_3-(.LCPI9_0+4))/2
	.byte	(.LBB9_4-(.LCPI9_0+4))/2
	.byte	(.LBB9_5-(.LCPI9_0+4))/2
	.byte	(.LBB9_6-(.LCPI9_0+4))/2
	.p2align	1
.LBB9_3:
	movw	r0, #33024
	movt	r0, #16397
.Ltmp43:
	.loc	1 1281 35 is_stmt 1             @ ../../libraries/sdk/drives/fsl_clock.c:1281:35
	ldr	r0, [r0]
	.loc	1 1281 43 is_stmt 0             @ ../../libraries/sdk/drives/fsl_clock.c:1281:43
	and	r1, r0, #63
	.loc	1 1281 18                       @ ../../libraries/sdk/drives/fsl_clock.c:1281:18
	ldr	r0, [sp, #8]
	udiv	r0, r0, r1
	str	r0, [sp, #8]
	.loc	1 1282 13 is_stmt 1             @ ../../libraries/sdk/drives/fsl_clock.c:1282:13
	b	.LBB9_8
.LBB9_4:
	.loc	1 0 13 is_stmt 0                @ ../../libraries/sdk/drives/fsl_clock.c:0:13
	movw	r0, #33024
	movt	r0, #16397
	.loc	1 1285 35 is_stmt 1             @ ../../libraries/sdk/drives/fsl_clock.c:1285:35
	ldr	r0, [r0]
	.loc	1 1285 80 is_stmt 0             @ ../../libraries/sdk/drives/fsl_clock.c:1285:80
	ubfx	r1, r0, #8, #6
	.loc	1 1285 18                       @ ../../libraries/sdk/drives/fsl_clock.c:1285:18
	ldr	r0, [sp, #8]
	udiv	r0, r0, r1
	str	r0, [sp, #8]
	.loc	1 1286 13 is_stmt 1             @ ../../libraries/sdk/drives/fsl_clock.c:1286:13
	b	.LBB9_8
.LBB9_5:
	.loc	1 0 13 is_stmt 0                @ ../../libraries/sdk/drives/fsl_clock.c:0:13
	movw	r0, #33024
	movt	r0, #16397
	.loc	1 1289 35 is_stmt 1             @ ../../libraries/sdk/drives/fsl_clock.c:1289:35
	ldr	r0, [r0]
	.loc	1 1289 80 is_stmt 0             @ ../../libraries/sdk/drives/fsl_clock.c:1289:80
	ubfx	r1, r0, #16, #6
	.loc	1 1289 18                       @ ../../libraries/sdk/drives/fsl_clock.c:1289:18
	ldr	r0, [sp, #8]
	udiv	r0, r0, r1
	str	r0, [sp, #8]
	.loc	1 1290 13 is_stmt 1             @ ../../libraries/sdk/drives/fsl_clock.c:1290:13
	b	.LBB9_8
.LBB9_6:
	.loc	1 0 13 is_stmt 0                @ ../../libraries/sdk/drives/fsl_clock.c:0:13
	movw	r0, #33024
	movt	r0, #16397
	.loc	1 1293 35 is_stmt 1             @ ../../libraries/sdk/drives/fsl_clock.c:1293:35
	ldr	r0, [r0]
	.loc	1 1293 80 is_stmt 0             @ ../../libraries/sdk/drives/fsl_clock.c:1293:80
	ubfx	r1, r0, #24, #6
	.loc	1 1293 18                       @ ../../libraries/sdk/drives/fsl_clock.c:1293:18
	ldr	r0, [sp, #8]
	udiv	r0, r0, r1
	str	r0, [sp, #8]
	.loc	1 1294 13 is_stmt 1             @ ../../libraries/sdk/drives/fsl_clock.c:1294:13
	b	.LBB9_8
.LBB9_7:
	.loc	1 0 13 is_stmt 0                @ ../../libraries/sdk/drives/fsl_clock.c:0:13
	movs	r0, #0
	.loc	1 1297 18 is_stmt 1             @ ../../libraries/sdk/drives/fsl_clock.c:1297:18
	str	r0, [sp, #8]
	.loc	1 1298 13                       @ ../../libraries/sdk/drives/fsl_clock.c:1298:13
	b	.LBB9_8
.Ltmp44:
.LBB9_8:
	.loc	1 1300 10                       @ ../../libraries/sdk/drives/fsl_clock.c:1300:10
	ldr	r0, [sp, #8]
	add.w	r0, r0, r0, lsl #3
	lsls	r0, r0, #1
	str	r0, [sp, #8]
	.loc	1 1302 12                       @ ../../libraries/sdk/drives/fsl_clock.c:1302:12
	ldr	r0, [sp, #8]
	.loc	1 1302 5 is_stmt 0              @ ../../libraries/sdk/drives/fsl_clock.c:1302:5
	add	sp, #16
	pop	{r7, pc}
.Ltmp45:
.Lfunc_end9:
	.size	CLOCK_GetSysPfdFreq, .Lfunc_end9-CLOCK_GetSysPfdFreq
	.cfi_endproc
	.cantunwind
	.fnend
                                        @ -- End function
	.section	.text.CLOCK_GetIpgFreq,"ax",%progbits
	.hidden	CLOCK_GetIpgFreq                @ -- Begin function CLOCK_GetIpgFreq
	.globl	CLOCK_GetIpgFreq
	.p2align	3
	.type	CLOCK_GetIpgFreq,%function
	.code	16                              @ @CLOCK_GetIpgFreq
	.thumb_func
CLOCK_GetIpgFreq:
.Lfunc_begin10:
	.loc	1 304 0 is_stmt 1               @ ../../libraries/sdk/drives/fsl_clock.c:304:0
	.fnstart
	.cfi_startproc
@ %bb.0:
	.save	{r7, lr}
	push	{r7, lr}
	.cfi_def_cfa_offset 8
	.cfi_offset lr, -4
	.cfi_offset r7, -8
.Ltmp46:
	.loc	1 305 12 prologue_end           @ ../../libraries/sdk/drives/fsl_clock.c:305:12
	bl	CLOCK_GetAhbFreq
	movw	r1, #49172
	movt	r1, #16399
	.loc	1 305 41 is_stmt 0              @ ../../libraries/sdk/drives/fsl_clock.c:305:41
	ldr	r1, [r1]
	.loc	1 305 47                        @ ../../libraries/sdk/drives/fsl_clock.c:305:47
	and	r2, r1, #768
	movs	r1, #1
	.loc	1 305 103                       @ ../../libraries/sdk/drives/fsl_clock.c:305:103
	add.w	r1, r1, r2, lsr #8
	.loc	1 305 31                        @ ../../libraries/sdk/drives/fsl_clock.c:305:31
	udiv	r0, r0, r1
	.loc	1 305 5                         @ ../../libraries/sdk/drives/fsl_clock.c:305:5
	pop	{r7, pc}
.Ltmp47:
.Lfunc_end10:
	.size	CLOCK_GetIpgFreq, .Lfunc_end10-CLOCK_GetIpgFreq
	.cfi_endproc
	.cantunwind
	.fnend
                                        @ -- End function
	.section	.text.CLOCK_GetPerClkFreq,"ax",%progbits
	.hidden	CLOCK_GetPerClkFreq             @ -- Begin function CLOCK_GetPerClkFreq
	.globl	CLOCK_GetPerClkFreq
	.p2align	3
	.type	CLOCK_GetPerClkFreq,%function
	.code	16                              @ @CLOCK_GetPerClkFreq
	.thumb_func
CLOCK_GetPerClkFreq:
.Lfunc_begin11:
	.loc	1 314 0 is_stmt 1               @ ../../libraries/sdk/drives/fsl_clock.c:314:0
	.fnstart
	.cfi_startproc
@ %bb.0:
	.save	{r7, lr}
	push	{r7, lr}
	.cfi_def_cfa_offset 8
	.cfi_offset lr, -4
	.cfi_offset r7, -8
	.pad	#8
	sub	sp, #8
	.cfi_def_cfa_offset 16
	movw	r0, #49180
	movt	r0, #16399
.Ltmp48:
	.loc	1 318 15 prologue_end           @ ../../libraries/sdk/drives/fsl_clock.c:318:15
	ldr	r0, [r0]
.Ltmp49:
	.loc	1 318 9 is_stmt 0               @ ../../libraries/sdk/drives/fsl_clock.c:318:9
	lsls	r0, r0, #25
	cmp	r0, #0
	bpl	.LBB11_2
	b	.LBB11_1
.LBB11_1:
.Ltmp50:
	.loc	1 320 16 is_stmt 1              @ ../../libraries/sdk/drives/fsl_clock.c:320:16
	bl	CLOCK_GetOscFreq
	.loc	1 320 14 is_stmt 0              @ ../../libraries/sdk/drives/fsl_clock.c:320:14
	str	r0, [sp, #4]
	.loc	1 321 5 is_stmt 1               @ ../../libraries/sdk/drives/fsl_clock.c:321:5
	b	.LBB11_3
.Ltmp51:
.LBB11_2:
	.loc	1 325 16                        @ ../../libraries/sdk/drives/fsl_clock.c:325:16
	bl	CLOCK_GetIpgFreq
	.loc	1 325 14 is_stmt 0              @ ../../libraries/sdk/drives/fsl_clock.c:325:14
	str	r0, [sp, #4]
	b	.LBB11_3
.Ltmp52:
.LBB11_3:
	.loc	1 0 14                          @ ../../libraries/sdk/drives/fsl_clock.c:0:14
	movw	r0, #49180
	movt	r0, #16399
	.loc	1 328 21 is_stmt 1              @ ../../libraries/sdk/drives/fsl_clock.c:328:21
	ldr	r0, [r0]
	.loc	1 328 28 is_stmt 0              @ ../../libraries/sdk/drives/fsl_clock.c:328:28
	and	r0, r0, #63
	.loc	1 328 92                        @ ../../libraries/sdk/drives/fsl_clock.c:328:92
	adds	r1, r0, #1
	.loc	1 328 10                        @ ../../libraries/sdk/drives/fsl_clock.c:328:10
	ldr	r0, [sp, #4]
	udiv	r0, r0, r1
	str	r0, [sp, #4]
	.loc	1 330 12 is_stmt 1              @ ../../libraries/sdk/drives/fsl_clock.c:330:12
	ldr	r0, [sp, #4]
	.loc	1 330 5 is_stmt 0               @ ../../libraries/sdk/drives/fsl_clock.c:330:5
	add	sp, #8
	pop	{r7, pc}
.Ltmp53:
.Lfunc_end11:
	.size	CLOCK_GetPerClkFreq, .Lfunc_end11-CLOCK_GetPerClkFreq
	.cfi_endproc
	.cantunwind
	.fnend
                                        @ -- End function
	.section	.text.CLOCK_GetOscFreq,"ax",%progbits
	.p2align	3                               @ -- Begin function CLOCK_GetOscFreq
	.type	CLOCK_GetOscFreq,%function
	.code	16                              @ @CLOCK_GetOscFreq
	.thumb_func
CLOCK_GetOscFreq:
.Lfunc_begin12:
	.loc	2 1548 0 is_stmt 1              @ ../../libraries/sdk/drives/fsl_clock.h:1548:0
	.fnstart
	.cfi_startproc
@ %bb.0:
	.pad	#4
	sub	sp, #4
	.cfi_def_cfa_offset 4
	movw	r0, #33392
	movt	r0, #16397
.Ltmp54:
	.loc	2 1549 26 prologue_end          @ ../../libraries/sdk/drives/fsl_clock.h:1549:26
	ldr	r0, [r0]
	.loc	2 1549 12 is_stmt 0             @ ../../libraries/sdk/drives/fsl_clock.h:1549:12
	lsls	r0, r0, #27
	cmp	r0, #0
	bpl	.LBB12_2
	b	.LBB12_1
.LBB12_1:
	.loc	2 0 12                          @ ../../libraries/sdk/drives/fsl_clock.h:0:12
	movw	r0, #13824
	movt	r0, #366
	.loc	2 1549 12                       @ ../../libraries/sdk/drives/fsl_clock.h:1549:12
	str	r0, [sp]                        @ 4-byte Spill
	b	.LBB12_3
.LBB12_2:
	.loc	2 1549 100                      @ ../../libraries/sdk/drives/fsl_clock.h:1549:100
	movw	r0, :lower16:g_xtalFreq
	movt	r0, :upper16:g_xtalFreq
	ldr	r0, [r0]
	.loc	2 1549 12                       @ ../../libraries/sdk/drives/fsl_clock.h:1549:12
	str	r0, [sp]                        @ 4-byte Spill
	b	.LBB12_3
.LBB12_3:
	ldr	r0, [sp]                        @ 4-byte Reload
	.loc	2 1549 5                        @ ../../libraries/sdk/drives/fsl_clock.h:1549:5
	add	sp, #4
	bx	lr
.Ltmp55:
.Lfunc_end12:
	.size	CLOCK_GetOscFreq, .Lfunc_end12-CLOCK_GetOscFreq
	.cfi_endproc
	.cantunwind
	.fnend
                                        @ -- End function
	.section	.text.CLOCK_GetFreq,"ax",%progbits
	.hidden	CLOCK_GetFreq                   @ -- Begin function CLOCK_GetFreq
	.globl	CLOCK_GetFreq
	.p2align	3
	.type	CLOCK_GetFreq,%function
	.code	16                              @ @CLOCK_GetFreq
	.thumb_func
CLOCK_GetFreq:
.Lfunc_begin13:
	.loc	1 343 0 is_stmt 1               @ ../../libraries/sdk/drives/fsl_clock.c:343:0
	.fnstart
	.cfi_startproc
@ %bb.0:
	.save	{r7, lr}
	push	{r7, lr}
	.cfi_def_cfa_offset 8
	.cfi_offset lr, -4
	.cfi_offset r7, -8
	.pad	#16
	sub	sp, #16
	.cfi_def_cfa_offset 24
                                        @ kill: def $r1 killed $r0
	strb.w	r0, [sp, #15]
.Ltmp56:
	.loc	1 346 13 prologue_end           @ ../../libraries/sdk/drives/fsl_clock.c:346:13
	ldrb.w	r0, [sp, #15]
	.loc	1 346 5 is_stmt 0               @ ../../libraries/sdk/drives/fsl_clock.c:346:5
	mov	r1, r0
	str	r1, [sp, #4]                    @ 4-byte Spill
	cmp	r0, #27
	bhi.w	.LBB13_30
@ %bb.1:
	.loc	1 0 5                           @ ../../libraries/sdk/drives/fsl_clock.c:0:5
	ldr	r1, [sp, #4]                    @ 4-byte Reload
.LCPI13_0:
	tbb	[pc, r1]
@ %bb.2:
.LJTI13_0:
	.byte	(.LBB13_3-(.LCPI13_0+4))/2
	.byte	(.LBB13_3-(.LCPI13_0+4))/2
	.byte	(.LBB13_4-(.LCPI13_0+4))/2
	.byte	(.LBB13_5-(.LCPI13_0+4))/2
	.byte	(.LBB13_6-(.LCPI13_0+4))/2
	.byte	(.LBB13_7-(.LCPI13_0+4))/2
	.byte	(.LBB13_8-(.LCPI13_0+4))/2
	.byte	(.LBB13_9-(.LCPI13_0+4))/2
	.byte	(.LBB13_10-(.LCPI13_0+4))/2
	.byte	(.LBB13_11-(.LCPI13_0+4))/2
	.byte	(.LBB13_12-(.LCPI13_0+4))/2
	.byte	(.LBB13_13-(.LCPI13_0+4))/2
	.byte	(.LBB13_14-(.LCPI13_0+4))/2
	.byte	(.LBB13_19-(.LCPI13_0+4))/2
	.byte	(.LBB13_20-(.LCPI13_0+4))/2
	.byte	(.LBB13_21-(.LCPI13_0+4))/2
	.byte	(.LBB13_22-(.LCPI13_0+4))/2
	.byte	(.LBB13_23-(.LCPI13_0+4))/2
	.byte	(.LBB13_24-(.LCPI13_0+4))/2
	.byte	(.LBB13_25-(.LCPI13_0+4))/2
	.byte	(.LBB13_26-(.LCPI13_0+4))/2
	.byte	(.LBB13_27-(.LCPI13_0+4))/2
	.byte	(.LBB13_28-(.LCPI13_0+4))/2
	.byte	(.LBB13_29-(.LCPI13_0+4))/2
	.byte	(.LBB13_15-(.LCPI13_0+4))/2
	.byte	(.LBB13_16-(.LCPI13_0+4))/2
	.byte	(.LBB13_17-(.LCPI13_0+4))/2
	.byte	(.LBB13_18-(.LCPI13_0+4))/2
	.p2align	1
.LBB13_3:
.Ltmp57:
	.loc	1 350 20 is_stmt 1              @ ../../libraries/sdk/drives/fsl_clock.c:350:20
	bl	CLOCK_GetAhbFreq
	.loc	1 350 18 is_stmt 0              @ ../../libraries/sdk/drives/fsl_clock.c:350:18
	str	r0, [sp, #8]
	.loc	1 351 13 is_stmt 1              @ ../../libraries/sdk/drives/fsl_clock.c:351:13
	b	.LBB13_31
.LBB13_4:
	.loc	1 354 20                        @ ../../libraries/sdk/drives/fsl_clock.c:354:20
	bl	CLOCK_GetSemcFreq
	.loc	1 354 18 is_stmt 0              @ ../../libraries/sdk/drives/fsl_clock.c:354:18
	str	r0, [sp, #8]
	.loc	1 355 13 is_stmt 1              @ ../../libraries/sdk/drives/fsl_clock.c:355:13
	b	.LBB13_31
.LBB13_5:
	.loc	1 358 20                        @ ../../libraries/sdk/drives/fsl_clock.c:358:20
	bl	CLOCK_GetIpgFreq
	.loc	1 358 18 is_stmt 0              @ ../../libraries/sdk/drives/fsl_clock.c:358:18
	str	r0, [sp, #8]
	.loc	1 359 13 is_stmt 1              @ ../../libraries/sdk/drives/fsl_clock.c:359:13
	b	.LBB13_31
.LBB13_6:
	.loc	1 362 20                        @ ../../libraries/sdk/drives/fsl_clock.c:362:20
	bl	CLOCK_GetPerClkFreq
	.loc	1 362 18 is_stmt 0              @ ../../libraries/sdk/drives/fsl_clock.c:362:18
	str	r0, [sp, #8]
	.loc	1 363 13 is_stmt 1              @ ../../libraries/sdk/drives/fsl_clock.c:363:13
	b	.LBB13_31
.LBB13_7:
	.loc	1 366 20                        @ ../../libraries/sdk/drives/fsl_clock.c:366:20
	bl	CLOCK_GetOscFreq
	.loc	1 366 18 is_stmt 0              @ ../../libraries/sdk/drives/fsl_clock.c:366:18
	str	r0, [sp, #8]
	.loc	1 367 13 is_stmt 1              @ ../../libraries/sdk/drives/fsl_clock.c:367:13
	b	.LBB13_31
.LBB13_8:
	.loc	1 369 20                        @ ../../libraries/sdk/drives/fsl_clock.c:369:20
	bl	CLOCK_GetRtcFreq
	.loc	1 369 18 is_stmt 0              @ ../../libraries/sdk/drives/fsl_clock.c:369:18
	str	r0, [sp, #8]
	.loc	1 370 13 is_stmt 1              @ ../../libraries/sdk/drives/fsl_clock.c:370:13
	b	.LBB13_31
.LBB13_9:
	.loc	1 0 13 is_stmt 0                @ ../../libraries/sdk/drives/fsl_clock.c:0:13
	movs	r0, #13
	.loc	1 372 20 is_stmt 1              @ ../../libraries/sdk/drives/fsl_clock.c:372:20
	bl	CLOCK_GetPllFreq
	.loc	1 372 18 is_stmt 0              @ ../../libraries/sdk/drives/fsl_clock.c:372:18
	str	r0, [sp, #8]
	.loc	1 373 13 is_stmt 1              @ ../../libraries/sdk/drives/fsl_clock.c:373:13
	b	.LBB13_31
.LBB13_10:
	.loc	1 0 13 is_stmt 0                @ ../../libraries/sdk/drives/fsl_clock.c:0:13
	movs	r0, #13
	movt	r0, #16
	.loc	1 375 20 is_stmt 1              @ ../../libraries/sdk/drives/fsl_clock.c:375:20
	bl	CLOCK_GetPllFreq
	.loc	1 375 18 is_stmt 0              @ ../../libraries/sdk/drives/fsl_clock.c:375:18
	str	r0, [sp, #8]
	.loc	1 376 13 is_stmt 1              @ ../../libraries/sdk/drives/fsl_clock.c:376:13
	b	.LBB13_31
.LBB13_11:
	.loc	1 0 13 is_stmt 0                @ ../../libraries/sdk/drives/fsl_clock.c:0:13
	movs	r0, #0
	.loc	1 378 20 is_stmt 1              @ ../../libraries/sdk/drives/fsl_clock.c:378:20
	bl	CLOCK_GetUsb1PfdFreq
	.loc	1 378 18 is_stmt 0              @ ../../libraries/sdk/drives/fsl_clock.c:378:18
	str	r0, [sp, #8]
	.loc	1 379 13 is_stmt 1              @ ../../libraries/sdk/drives/fsl_clock.c:379:13
	b	.LBB13_31
.LBB13_12:
	.loc	1 0 13 is_stmt 0                @ ../../libraries/sdk/drives/fsl_clock.c:0:13
	movs	r0, #1
	.loc	1 381 20 is_stmt 1              @ ../../libraries/sdk/drives/fsl_clock.c:381:20
	bl	CLOCK_GetUsb1PfdFreq
	.loc	1 381 18 is_stmt 0              @ ../../libraries/sdk/drives/fsl_clock.c:381:18
	str	r0, [sp, #8]
	.loc	1 382 13 is_stmt 1              @ ../../libraries/sdk/drives/fsl_clock.c:382:13
	b	.LBB13_31
.LBB13_13:
	.loc	1 0 13 is_stmt 0                @ ../../libraries/sdk/drives/fsl_clock.c:0:13
	movs	r0, #2
	.loc	1 384 20 is_stmt 1              @ ../../libraries/sdk/drives/fsl_clock.c:384:20
	bl	CLOCK_GetUsb1PfdFreq
	.loc	1 384 18 is_stmt 0              @ ../../libraries/sdk/drives/fsl_clock.c:384:18
	str	r0, [sp, #8]
	.loc	1 385 13 is_stmt 1              @ ../../libraries/sdk/drives/fsl_clock.c:385:13
	b	.LBB13_31
.LBB13_14:
	.loc	1 0 13 is_stmt 0                @ ../../libraries/sdk/drives/fsl_clock.c:0:13
	movs	r0, #3
	.loc	1 387 20 is_stmt 1              @ ../../libraries/sdk/drives/fsl_clock.c:387:20
	bl	CLOCK_GetUsb1PfdFreq
	.loc	1 387 18 is_stmt 0              @ ../../libraries/sdk/drives/fsl_clock.c:387:18
	str	r0, [sp, #8]
	.loc	1 388 13 is_stmt 1              @ ../../libraries/sdk/drives/fsl_clock.c:388:13
	b	.LBB13_31
.LBB13_15:
	.loc	1 390 20                        @ ../../libraries/sdk/drives/fsl_clock.c:390:20
	bl	CLOCK_GetPllUsb1SWFreq
	.loc	1 390 18 is_stmt 0              @ ../../libraries/sdk/drives/fsl_clock.c:390:18
	str	r0, [sp, #8]
	.loc	1 391 13 is_stmt 1              @ ../../libraries/sdk/drives/fsl_clock.c:391:13
	b	.LBB13_31
.LBB13_16:
	.loc	1 393 20                        @ ../../libraries/sdk/drives/fsl_clock.c:393:20
	bl	CLOCK_GetPllUsb1SWFreq
	.loc	1 393 45 is_stmt 0              @ ../../libraries/sdk/drives/fsl_clock.c:393:45
	lsrs	r0, r0, #2
	.loc	1 393 18                        @ ../../libraries/sdk/drives/fsl_clock.c:393:18
	str	r0, [sp, #8]
	.loc	1 394 13 is_stmt 1              @ ../../libraries/sdk/drives/fsl_clock.c:394:13
	b	.LBB13_31
.LBB13_17:
	.loc	1 396 20                        @ ../../libraries/sdk/drives/fsl_clock.c:396:20
	bl	CLOCK_GetPllUsb1SWFreq
	.loc	1 396 45 is_stmt 0              @ ../../libraries/sdk/drives/fsl_clock.c:396:45
	lsrs	r0, r0, #3
	.loc	1 396 18                        @ ../../libraries/sdk/drives/fsl_clock.c:396:18
	str	r0, [sp, #8]
	.loc	1 397 13 is_stmt 1              @ ../../libraries/sdk/drives/fsl_clock.c:397:13
	b	.LBB13_31
.LBB13_18:
	.loc	1 399 20                        @ ../../libraries/sdk/drives/fsl_clock.c:399:20
	bl	CLOCK_GetPllUsb1SWFreq
	movw	r1, #43691
	movt	r1, #43690
	.loc	1 399 45 is_stmt 0              @ ../../libraries/sdk/drives/fsl_clock.c:399:45
	umull	r1, r0, r0, r1
	lsrs	r0, r0, #2
	.loc	1 399 18                        @ ../../libraries/sdk/drives/fsl_clock.c:399:18
	str	r0, [sp, #8]
	.loc	1 400 13 is_stmt 1              @ ../../libraries/sdk/drives/fsl_clock.c:400:13
	b	.LBB13_31
.LBB13_19:
	.loc	1 0 13 is_stmt 0                @ ../../libraries/sdk/drives/fsl_clock.c:0:13
	movs	r0, #13
	movt	r0, #32
	.loc	1 402 20 is_stmt 1              @ ../../libraries/sdk/drives/fsl_clock.c:402:20
	bl	CLOCK_GetPllFreq
	.loc	1 402 18 is_stmt 0              @ ../../libraries/sdk/drives/fsl_clock.c:402:18
	str	r0, [sp, #8]
	.loc	1 403 13 is_stmt 1              @ ../../libraries/sdk/drives/fsl_clock.c:403:13
	b	.LBB13_31
.LBB13_20:
	.loc	1 0 13 is_stmt 0                @ ../../libraries/sdk/drives/fsl_clock.c:0:13
	movs	r0, #13
	movt	r0, #48
	.loc	1 405 20 is_stmt 1              @ ../../libraries/sdk/drives/fsl_clock.c:405:20
	bl	CLOCK_GetPllFreq
	.loc	1 405 18 is_stmt 0              @ ../../libraries/sdk/drives/fsl_clock.c:405:18
	str	r0, [sp, #8]
	.loc	1 406 13 is_stmt 1              @ ../../libraries/sdk/drives/fsl_clock.c:406:13
	b	.LBB13_31
.LBB13_21:
	.loc	1 0 13 is_stmt 0                @ ../../libraries/sdk/drives/fsl_clock.c:0:13
	movs	r0, #0
	.loc	1 408 20 is_stmt 1              @ ../../libraries/sdk/drives/fsl_clock.c:408:20
	bl	CLOCK_GetSysPfdFreq
	.loc	1 408 18 is_stmt 0              @ ../../libraries/sdk/drives/fsl_clock.c:408:18
	str	r0, [sp, #8]
	.loc	1 409 13 is_stmt 1              @ ../../libraries/sdk/drives/fsl_clock.c:409:13
	b	.LBB13_31
.LBB13_22:
	.loc	1 0 13 is_stmt 0                @ ../../libraries/sdk/drives/fsl_clock.c:0:13
	movs	r0, #1
	.loc	1 411 20 is_stmt 1              @ ../../libraries/sdk/drives/fsl_clock.c:411:20
	bl	CLOCK_GetSysPfdFreq
	.loc	1 411 18 is_stmt 0              @ ../../libraries/sdk/drives/fsl_clock.c:411:18
	str	r0, [sp, #8]
	.loc	1 412 13 is_stmt 1              @ ../../libraries/sdk/drives/fsl_clock.c:412:13
	b	.LBB13_31
.LBB13_23:
	.loc	1 0 13 is_stmt 0                @ ../../libraries/sdk/drives/fsl_clock.c:0:13
	movs	r0, #2
	.loc	1 414 20 is_stmt 1              @ ../../libraries/sdk/drives/fsl_clock.c:414:20
	bl	CLOCK_GetSysPfdFreq
	.loc	1 414 18 is_stmt 0              @ ../../libraries/sdk/drives/fsl_clock.c:414:18
	str	r0, [sp, #8]
	.loc	1 415 13 is_stmt 1              @ ../../libraries/sdk/drives/fsl_clock.c:415:13
	b	.LBB13_31
.LBB13_24:
	.loc	1 0 13 is_stmt 0                @ ../../libraries/sdk/drives/fsl_clock.c:0:13
	movs	r0, #3
	.loc	1 417 20 is_stmt 1              @ ../../libraries/sdk/drives/fsl_clock.c:417:20
	bl	CLOCK_GetSysPfdFreq
	.loc	1 417 18 is_stmt 0              @ ../../libraries/sdk/drives/fsl_clock.c:417:18
	str	r0, [sp, #8]
	.loc	1 418 13 is_stmt 1              @ ../../libraries/sdk/drives/fsl_clock.c:418:13
	b	.LBB13_31
.LBB13_25:
	.loc	1 0 13 is_stmt 0                @ ../../libraries/sdk/drives/fsl_clock.c:0:13
	movs	r0, #13
	movt	r0, #224
	.loc	1 420 20 is_stmt 1              @ ../../libraries/sdk/drives/fsl_clock.c:420:20
	bl	CLOCK_GetPllFreq
	.loc	1 420 18 is_stmt 0              @ ../../libraries/sdk/drives/fsl_clock.c:420:18
	str	r0, [sp, #8]
	.loc	1 421 13 is_stmt 1              @ ../../libraries/sdk/drives/fsl_clock.c:421:13
	b	.LBB13_31
.LBB13_26:
	.loc	1 0 13 is_stmt 0                @ ../../libraries/sdk/drives/fsl_clock.c:0:13
	movs	r0, #20
	movt	r0, #224
	.loc	1 423 20 is_stmt 1              @ ../../libraries/sdk/drives/fsl_clock.c:423:20
	bl	CLOCK_GetPllFreq
	.loc	1 423 18 is_stmt 0              @ ../../libraries/sdk/drives/fsl_clock.c:423:18
	str	r0, [sp, #8]
	.loc	1 424 13 is_stmt 1              @ ../../libraries/sdk/drives/fsl_clock.c:424:13
	b	.LBB13_31
.LBB13_27:
	.loc	1 0 13 is_stmt 0                @ ../../libraries/sdk/drives/fsl_clock.c:0:13
	movs	r0, #21
	movt	r0, #224
	.loc	1 426 20 is_stmt 1              @ ../../libraries/sdk/drives/fsl_clock.c:426:20
	bl	CLOCK_GetPllFreq
	.loc	1 426 18 is_stmt 0              @ ../../libraries/sdk/drives/fsl_clock.c:426:18
	str	r0, [sp, #8]
	.loc	1 427 13 is_stmt 1              @ ../../libraries/sdk/drives/fsl_clock.c:427:13
	b	.LBB13_31
.LBB13_28:
	.loc	1 0 13 is_stmt 0                @ ../../libraries/sdk/drives/fsl_clock.c:0:13
	movs	r0, #13
	movt	r0, #112
	.loc	1 429 20 is_stmt 1              @ ../../libraries/sdk/drives/fsl_clock.c:429:20
	bl	CLOCK_GetPllFreq
	.loc	1 429 18 is_stmt 0              @ ../../libraries/sdk/drives/fsl_clock.c:429:18
	str	r0, [sp, #8]
	.loc	1 430 13 is_stmt 1              @ ../../libraries/sdk/drives/fsl_clock.c:430:13
	b	.LBB13_31
.LBB13_29:
	.loc	1 0 13 is_stmt 0                @ ../../libraries/sdk/drives/fsl_clock.c:0:13
	movs	r0, #13
	movt	r0, #160
	.loc	1 432 20 is_stmt 1              @ ../../libraries/sdk/drives/fsl_clock.c:432:20
	bl	CLOCK_GetPllFreq
	.loc	1 432 18 is_stmt 0              @ ../../libraries/sdk/drives/fsl_clock.c:432:18
	str	r0, [sp, #8]
	.loc	1 433 13 is_stmt 1              @ ../../libraries/sdk/drives/fsl_clock.c:433:13
	b	.LBB13_31
.LBB13_30:
	.loc	1 0 13 is_stmt 0                @ ../../libraries/sdk/drives/fsl_clock.c:0:13
	movs	r0, #0
	.loc	1 435 18 is_stmt 1              @ ../../libraries/sdk/drives/fsl_clock.c:435:18
	str	r0, [sp, #8]
	.loc	1 436 13                        @ ../../libraries/sdk/drives/fsl_clock.c:436:13
	b	.LBB13_31
.Ltmp58:
.LBB13_31:
	.loc	1 439 12                        @ ../../libraries/sdk/drives/fsl_clock.c:439:12
	ldr	r0, [sp, #8]
	.loc	1 439 5 is_stmt 0               @ ../../libraries/sdk/drives/fsl_clock.c:439:5
	add	sp, #16
	pop	{r7, pc}
.Ltmp59:
.Lfunc_end13:
	.size	CLOCK_GetFreq, .Lfunc_end13-CLOCK_GetFreq
	.cfi_endproc
	.cantunwind
	.fnend
                                        @ -- End function
	.section	.text.CLOCK_GetRtcFreq,"ax",%progbits
	.p2align	3                               @ -- Begin function CLOCK_GetRtcFreq
	.type	CLOCK_GetRtcFreq,%function
	.code	16                              @ @CLOCK_GetRtcFreq
	.thumb_func
CLOCK_GetRtcFreq:
.Lfunc_begin14:
	.loc	2 1655 0 is_stmt 1              @ ../../libraries/sdk/drives/fsl_clock.h:1655:0
	.fnstart
	.cfi_startproc
@ %bb.0:
	mov.w	r0, #32768
.Ltmp60:
	.loc	2 1656 5 prologue_end           @ ../../libraries/sdk/drives/fsl_clock.h:1656:5
	bx	lr
.Ltmp61:
.Lfunc_end14:
	.size	CLOCK_GetRtcFreq, .Lfunc_end14-CLOCK_GetRtcFreq
	.cfi_endproc
	.cantunwind
	.fnend
                                        @ -- End function
	.section	.text.CLOCK_GetPllFreq,"ax",%progbits
	.hidden	CLOCK_GetPllFreq                @ -- Begin function CLOCK_GetPllFreq
	.globl	CLOCK_GetPllFreq
	.p2align	3
	.type	CLOCK_GetPllFreq,%function
	.code	16                              @ @CLOCK_GetPllFreq
	.thumb_func
CLOCK_GetPllFreq:
.Lfunc_begin15:
	.loc	1 951 0                         @ ../../libraries/sdk/drives/fsl_clock.c:951:0
	.fnstart
	.cfi_startproc
@ %bb.0:
	.save	{r7, lr}
	push	{r7, lr}
	.cfi_def_cfa_offset 8
	.cfi_offset lr, -4
	.cfi_offset r7, -8
	.pad	#48
	sub	sp, #48
	.cfi_def_cfa_offset 56
	str	r0, [sp, #40]
.Ltmp62:
	.loc	1 964 41 prologue_end           @ ../../libraries/sdk/drives/fsl_clock.c:964:41
	ldr	r1, [sp, #40]
	movw	r0, #32768
	movt	r0, #16397
	.loc	1 964 10 is_stmt 0              @ ../../libraries/sdk/drives/fsl_clock.c:964:10
	bl	CLOCK_IsPllEnabled
.Ltmp63:
	.loc	1 964 9                         @ ../../libraries/sdk/drives/fsl_clock.c:964:9
	cbnz	r0, .LBB15_2
	b	.LBB15_1
.LBB15_1:
	.loc	1 0 9                           @ ../../libraries/sdk/drives/fsl_clock.c:0:9
	movs	r0, #0
.Ltmp64:
	.loc	1 966 9 is_stmt 1               @ ../../libraries/sdk/drives/fsl_clock.c:966:9
	str	r0, [sp, #44]
	b	.LBB15_57
.Ltmp65:
.LBB15_2:
	.loc	1 970 49                        @ ../../libraries/sdk/drives/fsl_clock.c:970:49
	ldr	r1, [sp, #40]
	movw	r0, #32768
	movt	r0, #16397
	.loc	1 970 12 is_stmt 0              @ ../../libraries/sdk/drives/fsl_clock.c:970:12
	str	r0, [sp, #20]                   @ 4-byte Spill
	bl	CLOCK_GetPllBypassRefClk
	mov	r1, r0
	.loc	1 970 10                        @ ../../libraries/sdk/drives/fsl_clock.c:970:10
	ldr	r0, [sp, #20]                   @ 4-byte Reload
	str	r1, [sp, #36]
.Ltmp66:
	.loc	1 973 41 is_stmt 1              @ ../../libraries/sdk/drives/fsl_clock.c:973:41
	ldr	r1, [sp, #40]
	.loc	1 973 9 is_stmt 0               @ ../../libraries/sdk/drives/fsl_clock.c:973:9
	bl	CLOCK_IsPllBypassed
.Ltmp67:
	.loc	1 973 9                         @ ../../libraries/sdk/drives/fsl_clock.c:973:9
	cbz	r0, .LBB15_4
	b	.LBB15_3
.LBB15_3:
.Ltmp68:
	.loc	1 975 16 is_stmt 1              @ ../../libraries/sdk/drives/fsl_clock.c:975:16
	ldr	r0, [sp, #36]
	.loc	1 975 9 is_stmt 0               @ ../../libraries/sdk/drives/fsl_clock.c:975:9
	str	r0, [sp, #44]
	b	.LBB15_57
.Ltmp69:
.LBB15_4:
	.loc	1 978 13 is_stmt 1              @ ../../libraries/sdk/drives/fsl_clock.c:978:13
	ldr	r0, [sp, #40]
	.loc	1 978 5 is_stmt 0               @ ../../libraries/sdk/drives/fsl_clock.c:978:5
	str	r0, [sp, #16]                   @ 4-byte Spill
	cmp	r0, #13
	beq	.LBB15_13
	b	.LBB15_5
.LBB15_5:
	.loc	1 0 5                           @ ../../libraries/sdk/drives/fsl_clock.c:0:5
	ldr	r0, [sp, #16]                   @ 4-byte Reload
	movs	r1, #13
	movt	r1, #16
	.loc	1 978 5                         @ ../../libraries/sdk/drives/fsl_clock.c:978:5
	cmp	r0, r1
	beq	.LBB15_18
	b	.LBB15_6
.LBB15_6:
	.loc	1 0 5                           @ ../../libraries/sdk/drives/fsl_clock.c:0:5
	ldr	r0, [sp, #16]                   @ 4-byte Reload
	movs	r1, #13
	movt	r1, #32
	.loc	1 978 5                         @ ../../libraries/sdk/drives/fsl_clock.c:978:5
	cmp	r0, r1
	beq.w	.LBB15_54
	b	.LBB15_7
.LBB15_7:
	.loc	1 0 5                           @ ../../libraries/sdk/drives/fsl_clock.c:0:5
	ldr	r0, [sp, #16]                   @ 4-byte Reload
	movs	r1, #13
	movt	r1, #48
	.loc	1 978 5                         @ ../../libraries/sdk/drives/fsl_clock.c:978:5
	cmp	r0, r1
	beq	.LBB15_14
	b	.LBB15_8
.LBB15_8:
	.loc	1 0 5                           @ ../../libraries/sdk/drives/fsl_clock.c:0:5
	ldr	r0, [sp, #16]                   @ 4-byte Reload
	movs	r1, #13
	movt	r1, #112
	.loc	1 978 5                         @ ../../libraries/sdk/drives/fsl_clock.c:978:5
	cmp	r0, r1
	beq	.LBB15_19
	b	.LBB15_9
.LBB15_9:
	.loc	1 0 5                           @ ../../libraries/sdk/drives/fsl_clock.c:0:5
	ldr	r0, [sp, #16]                   @ 4-byte Reload
	movs	r1, #13
	movt	r1, #160
	.loc	1 978 5                         @ ../../libraries/sdk/drives/fsl_clock.c:978:5
	cmp	r0, r1
	beq.w	.LBB15_35
	b	.LBB15_10
.LBB15_10:
	.loc	1 0 5                           @ ../../libraries/sdk/drives/fsl_clock.c:0:5
	ldr	r0, [sp, #16]                   @ 4-byte Reload
	movs	r1, #13
	movt	r1, #224
	.loc	1 978 5                         @ ../../libraries/sdk/drives/fsl_clock.c:978:5
	cmp	r0, r1
	beq.w	.LBB15_51
	b	.LBB15_11
.LBB15_11:
	.loc	1 0 5                           @ ../../libraries/sdk/drives/fsl_clock.c:0:5
	ldr	r0, [sp, #16]                   @ 4-byte Reload
	movs	r1, #20
	movt	r1, #224
	.loc	1 978 5                         @ ../../libraries/sdk/drives/fsl_clock.c:978:5
	cmp	r0, r1
	beq.w	.LBB15_52
	b	.LBB15_12
.LBB15_12:
	.loc	1 0 5                           @ ../../libraries/sdk/drives/fsl_clock.c:0:5
	ldr	r0, [sp, #16]                   @ 4-byte Reload
	movs	r1, #21
	movt	r1, #224
	.loc	1 978 5                         @ ../../libraries/sdk/drives/fsl_clock.c:978:5
	cmp	r0, r1
	beq.w	.LBB15_53
	b	.LBB15_55
.LBB15_13:
.Ltmp70:
	.loc	1 981 22 is_stmt 1              @ ../../libraries/sdk/drives/fsl_clock.c:981:22
	ldr	r0, [sp, #36]
	movw	r1, #32768
	movt	r1, #16397
	.loc	1 981 43 is_stmt 0              @ ../../libraries/sdk/drives/fsl_clock.c:981:43
	ldr	r1, [r1]
	.loc	1 981 51                        @ ../../libraries/sdk/drives/fsl_clock.c:981:51
	and	r1, r1, #127
	.loc	1 981 27                        @ ../../libraries/sdk/drives/fsl_clock.c:981:27
	muls	r0, r1, r0
	.loc	1 982 68 is_stmt 1              @ ../../libraries/sdk/drives/fsl_clock.c:982:68
	lsrs	r0, r0, #1
	.loc	1 981 18                        @ ../../libraries/sdk/drives/fsl_clock.c:981:18
	str	r0, [sp, #36]
	.loc	1 984 13                        @ ../../libraries/sdk/drives/fsl_clock.c:984:13
	b	.LBB15_56
.LBB15_14:
	.loc	1 987 24                        @ ../../libraries/sdk/drives/fsl_clock.c:987:24
	vldr	s0, [sp, #36]
	vcvt.f64.u32	d0, s0
	movw	r0, #32848
	movt	r0, #16397
	.loc	1 987 45 is_stmt 0              @ ../../libraries/sdk/drives/fsl_clock.c:987:45
	vldr	s2, [r0]
	vcvt.f64.u32	d1, s2
	.loc	1 987 42                        @ ../../libraries/sdk/drives/fsl_clock.c:987:42
	vmul.f64	d0, d0, d1
	.loc	1 987 21                        @ ../../libraries/sdk/drives/fsl_clock.c:987:21
	vstr	d0, [sp, #24]
	movw	r0, #32864
	movt	r0, #16397
	.loc	1 988 25 is_stmt 1              @ ../../libraries/sdk/drives/fsl_clock.c:988:25
	vldr	s0, [r0]
	vcvt.f64.u32	d1, s0
	.loc	1 988 21 is_stmt 0              @ ../../libraries/sdk/drives/fsl_clock.c:988:21
	vldr	d0, [sp, #24]
	vdiv.f64	d0, d0, d1
	vstr	d0, [sp, #24]
	movw	r0, #32816
	movt	r0, #16397
.Ltmp71:
	.loc	1 990 30 is_stmt 1              @ ../../libraries/sdk/drives/fsl_clock.c:990:30
	ldr	r0, [r0]
.Ltmp72:
	.loc	1 990 17 is_stmt 0              @ ../../libraries/sdk/drives/fsl_clock.c:990:17
	lsls	r0, r0, #31
	cbz	r0, .LBB15_16
	b	.LBB15_15
.LBB15_15:
.Ltmp73:
	.loc	1 992 22 is_stmt 1              @ ../../libraries/sdk/drives/fsl_clock.c:992:22
	ldr	r0, [sp, #36]
	movs	r1, #22
	muls	r0, r1, r0
	str	r0, [sp, #36]
	.loc	1 993 13                        @ ../../libraries/sdk/drives/fsl_clock.c:993:13
	b	.LBB15_17
.Ltmp74:
.LBB15_16:
	.loc	1 996 22                        @ ../../libraries/sdk/drives/fsl_clock.c:996:22
	ldr	r0, [sp, #36]
	add.w	r0, r0, r0, lsl #2
	lsls	r0, r0, #2
	str	r0, [sp, #36]
	b	.LBB15_17
.Ltmp75:
.LBB15_17:
	.loc	1 999 31                        @ ../../libraries/sdk/drives/fsl_clock.c:999:31
	vldr	d0, [sp, #24]
	.loc	1 999 21 is_stmt 0              @ ../../libraries/sdk/drives/fsl_clock.c:999:21
	vcvt.u32.f64	s0, d0
	vmov	r1, s0
	.loc	1 999 18                        @ ../../libraries/sdk/drives/fsl_clock.c:999:18
	ldr	r0, [sp, #36]
	add	r0, r1
	str	r0, [sp, #36]
	.loc	1 1000 13 is_stmt 1             @ ../../libraries/sdk/drives/fsl_clock.c:1000:13
	b	.LBB15_56
.LBB15_18:
	.loc	1 1003 21                       @ ../../libraries/sdk/drives/fsl_clock.c:1003:21
	ldr	r0, [sp, #36]
	movw	r1, #32784
	movt	r1, #16397
	.loc	1 1003 43 is_stmt 0             @ ../../libraries/sdk/drives/fsl_clock.c:1003:43
	ldr	r1, [r1]
	.loc	1 1003 29                       @ ../../libraries/sdk/drives/fsl_clock.c:1003:29
	lsls	r2, r1, #30
	movs	r1, #20
	cmp	r2, #0
	it	mi
	movmi	r1, #22
	.loc	1 1003 26                       @ ../../libraries/sdk/drives/fsl_clock.c:1003:26
	muls	r0, r1, r0
	.loc	1 1003 18                       @ ../../libraries/sdk/drives/fsl_clock.c:1003:18
	str	r0, [sp, #36]
	.loc	1 1004 13 is_stmt 1             @ ../../libraries/sdk/drives/fsl_clock.c:1004:13
	b	.LBB15_56
.LBB15_19:
	.loc	1 0 13 is_stmt 0                @ ../../libraries/sdk/drives/fsl_clock.c:0:13
	movw	r0, #32880
	movt	r0, #16397
	.loc	1 1009 30 is_stmt 1             @ ../../libraries/sdk/drives/fsl_clock.c:1009:30
	ldr	r1, [r0]
	.loc	1 1009 40 is_stmt 0             @ ../../libraries/sdk/drives/fsl_clock.c:1009:40
	and	r1, r1, #127
	.loc	1 1008 23 is_stmt 1             @ ../../libraries/sdk/drives/fsl_clock.c:1008:23
	str	r1, [sp, #32]
	.loc	1 1011 24                       @ ../../libraries/sdk/drives/fsl_clock.c:1011:24
	vldr	s0, [sp, #36]
	vcvt.f64.u32	d0, s0
	movw	r1, #32896
	movt	r1, #16397
	.loc	1 1011 45 is_stmt 0             @ ../../libraries/sdk/drives/fsl_clock.c:1011:45
	vldr	s2, [r1]
	vcvt.f64.u32	d1, s2
	.loc	1 1011 42                       @ ../../libraries/sdk/drives/fsl_clock.c:1011:42
	vmul.f64	d0, d0, d1
	.loc	1 1011 21                       @ ../../libraries/sdk/drives/fsl_clock.c:1011:21
	vstr	d0, [sp, #24]
	movw	r1, #32912
	movt	r1, #16397
	.loc	1 1012 25 is_stmt 1             @ ../../libraries/sdk/drives/fsl_clock.c:1012:25
	vldr	s0, [r1]
	vcvt.f64.u32	d1, s0
	.loc	1 1012 21 is_stmt 0             @ ../../libraries/sdk/drives/fsl_clock.c:1012:21
	vldr	d0, [sp, #24]
	vdiv.f64	d0, d0, d1
	vstr	d0, [sp, #24]
	.loc	1 1014 20 is_stmt 1             @ ../../libraries/sdk/drives/fsl_clock.c:1014:20
	ldr	r1, [sp, #36]
	.loc	1 1014 27 is_stmt 0             @ ../../libraries/sdk/drives/fsl_clock.c:1014:27
	ldr	r2, [sp, #32]
	.loc	1 1014 49                       @ ../../libraries/sdk/drives/fsl_clock.c:1014:49
	vldr	d0, [sp, #24]
	.loc	1 1014 39                       @ ../../libraries/sdk/drives/fsl_clock.c:1014:39
	vcvt.u32.f64	s0, d0
	vmov	r3, s0
	.loc	1 1014 37                       @ ../../libraries/sdk/drives/fsl_clock.c:1014:37
	mla	r1, r1, r2, r3
	.loc	1 1014 18                       @ ../../libraries/sdk/drives/fsl_clock.c:1014:18
	str	r1, [sp, #36]
	.loc	1 1032 33 is_stmt 1             @ ../../libraries/sdk/drives/fsl_clock.c:1032:33
	ldr	r0, [r0]
	.loc	1 1032 43 is_stmt 0             @ ../../libraries/sdk/drives/fsl_clock.c:1032:43
	and	r0, r0, #1572864
	.loc	1 1032 13                       @ ../../libraries/sdk/drives/fsl_clock.c:1032:13
	mov	r1, r0
	str	r1, [sp, #12]                   @ 4-byte Spill
	cbz	r0, .LBB15_22
	b	.LBB15_20
.LBB15_20:
	ldr	r0, [sp, #12]                   @ 4-byte Reload
	cmp.w	r0, #524288
	beq	.LBB15_23
	b	.LBB15_21
.LBB15_21:
	ldr	r0, [sp, #12]                   @ 4-byte Reload
	cmp.w	r0, #1048576
	beq	.LBB15_24
	b	.LBB15_25
.LBB15_22:
.Ltmp76:
	.loc	1 1035 28 is_stmt 1             @ ../../libraries/sdk/drives/fsl_clock.c:1035:28
	ldr	r0, [sp, #36]
	.loc	1 1035 33 is_stmt 0             @ ../../libraries/sdk/drives/fsl_clock.c:1035:33
	lsrs	r0, r0, #2
	.loc	1 1035 26                       @ ../../libraries/sdk/drives/fsl_clock.c:1035:26
	str	r0, [sp, #36]
	.loc	1 1036 21 is_stmt 1             @ ../../libraries/sdk/drives/fsl_clock.c:1036:21
	b	.LBB15_26
.LBB15_23:
	.loc	1 1039 28                       @ ../../libraries/sdk/drives/fsl_clock.c:1039:28
	ldr	r0, [sp, #36]
	.loc	1 1039 33 is_stmt 0             @ ../../libraries/sdk/drives/fsl_clock.c:1039:33
	lsrs	r0, r0, #1
	.loc	1 1039 26                       @ ../../libraries/sdk/drives/fsl_clock.c:1039:26
	str	r0, [sp, #36]
	.loc	1 1040 21 is_stmt 1             @ ../../libraries/sdk/drives/fsl_clock.c:1040:21
	b	.LBB15_26
.LBB15_24:
	.loc	1 1044 21                       @ ../../libraries/sdk/drives/fsl_clock.c:1044:21
	b	.LBB15_26
.LBB15_25:
	.loc	1 1047 21                       @ ../../libraries/sdk/drives/fsl_clock.c:1047:21
	movw	r0, :lower16:.L.str.3
	movt	r0, :upper16:.L.str.3
	movw	r1, :lower16:.L.str.1
	movt	r1, :upper16:.L.str.1
	movw	r2, #1047
	bl	__aeabi_assert
.Ltmp77:
.LBB15_26:
	.loc	1 0 21 is_stmt 0                @ ../../libraries/sdk/drives/fsl_clock.c:0:21
	movw	r0, #33136
	movt	r0, #16397
	.loc	1 1051 33 is_stmt 1             @ ../../libraries/sdk/drives/fsl_clock.c:1051:33
	ldr	r0, [r0]
	movw	r1, #32768
	movt	r1, #128
	.loc	1 1051 39 is_stmt 0             @ ../../libraries/sdk/drives/fsl_clock.c:1051:39
	ands	r0, r1
	.loc	1 1051 13                       @ ../../libraries/sdk/drives/fsl_clock.c:1051:13
	mov	r1, r0
	str	r1, [sp, #8]                    @ 4-byte Spill
	cbz	r0, .LBB15_32
	b	.LBB15_27
.LBB15_27:
	ldr	r0, [sp, #8]                    @ 4-byte Reload
	cmp.w	r0, #32768
	beq	.LBB15_31
	b	.LBB15_28
.LBB15_28:
	ldr	r0, [sp, #8]                    @ 4-byte Reload
	cmp.w	r0, #8388608
	beq	.LBB15_32
	b	.LBB15_29
.LBB15_29:
	.loc	1 0 13                          @ ../../libraries/sdk/drives/fsl_clock.c:0:13
	ldr	r0, [sp, #8]                    @ 4-byte Reload
	movw	r1, #32768
	movt	r1, #128
	.loc	1 1051 13                       @ ../../libraries/sdk/drives/fsl_clock.c:1051:13
	cmp	r0, r1
	bne	.LBB15_33
	b	.LBB15_30
.LBB15_30:
.Ltmp78:
	.loc	1 1054 26 is_stmt 1             @ ../../libraries/sdk/drives/fsl_clock.c:1054:26
	ldr	r0, [sp, #36]
	lsrs	r0, r0, #2
	str	r0, [sp, #36]
	.loc	1 1055 21                       @ ../../libraries/sdk/drives/fsl_clock.c:1055:21
	b	.LBB15_34
.LBB15_31:
	.loc	1 1058 26                       @ ../../libraries/sdk/drives/fsl_clock.c:1058:26
	ldr	r0, [sp, #36]
	lsrs	r0, r0, #1
	str	r0, [sp, #36]
	.loc	1 1059 21                       @ ../../libraries/sdk/drives/fsl_clock.c:1059:21
	b	.LBB15_34
.LBB15_32:
	.loc	1 1064 21                       @ ../../libraries/sdk/drives/fsl_clock.c:1064:21
	b	.LBB15_34
.LBB15_33:
	.loc	1 1067 21                       @ ../../libraries/sdk/drives/fsl_clock.c:1067:21
	movw	r0, :lower16:.L.str.3
	movt	r0, :upper16:.L.str.3
	movw	r1, :lower16:.L.str.1
	movt	r1, :upper16:.L.str.1
	movw	r2, #1067
	bl	__aeabi_assert
.Ltmp79:
.LBB15_34:
	.loc	1 1070 13                       @ ../../libraries/sdk/drives/fsl_clock.c:1070:13
	b	.LBB15_56
.LBB15_35:
	.loc	1 0 13 is_stmt 0                @ ../../libraries/sdk/drives/fsl_clock.c:0:13
	movw	r0, #32928
	movt	r0, #16397
	.loc	1 1075 30 is_stmt 1             @ ../../libraries/sdk/drives/fsl_clock.c:1075:30
	ldr	r1, [r0]
	.loc	1 1075 40 is_stmt 0             @ ../../libraries/sdk/drives/fsl_clock.c:1075:40
	and	r1, r1, #127
	.loc	1 1074 23 is_stmt 1             @ ../../libraries/sdk/drives/fsl_clock.c:1074:23
	str	r1, [sp, #32]
	.loc	1 1077 24                       @ ../../libraries/sdk/drives/fsl_clock.c:1077:24
	vldr	s0, [sp, #36]
	vcvt.f64.u32	d0, s0
	movw	r1, #32944
	movt	r1, #16397
	.loc	1 1077 45 is_stmt 0             @ ../../libraries/sdk/drives/fsl_clock.c:1077:45
	vldr	s2, [r1]
	vcvt.f64.u32	d1, s2
	.loc	1 1077 42                       @ ../../libraries/sdk/drives/fsl_clock.c:1077:42
	vmul.f64	d0, d0, d1
	.loc	1 1077 21                       @ ../../libraries/sdk/drives/fsl_clock.c:1077:21
	vstr	d0, [sp, #24]
	movw	r1, #32960
	movt	r1, #16397
	.loc	1 1078 25 is_stmt 1             @ ../../libraries/sdk/drives/fsl_clock.c:1078:25
	vldr	s0, [r1]
	vcvt.f64.u32	d1, s0
	.loc	1 1078 21 is_stmt 0             @ ../../libraries/sdk/drives/fsl_clock.c:1078:21
	vldr	d0, [sp, #24]
	vdiv.f64	d0, d0, d1
	vstr	d0, [sp, #24]
	.loc	1 1079 20 is_stmt 1             @ ../../libraries/sdk/drives/fsl_clock.c:1079:20
	ldr	r1, [sp, #36]
	.loc	1 1079 27 is_stmt 0             @ ../../libraries/sdk/drives/fsl_clock.c:1079:27
	ldr	r2, [sp, #32]
	.loc	1 1079 49                       @ ../../libraries/sdk/drives/fsl_clock.c:1079:49
	vldr	d0, [sp, #24]
	.loc	1 1079 39                       @ ../../libraries/sdk/drives/fsl_clock.c:1079:39
	vcvt.u32.f64	s0, d0
	vmov	r3, s0
	.loc	1 1079 37                       @ ../../libraries/sdk/drives/fsl_clock.c:1079:37
	mla	r1, r1, r2, r3
	.loc	1 1079 18                       @ ../../libraries/sdk/drives/fsl_clock.c:1079:18
	str	r1, [sp, #36]
	.loc	1 1097 33 is_stmt 1             @ ../../libraries/sdk/drives/fsl_clock.c:1097:33
	ldr	r0, [r0]
	.loc	1 1097 43 is_stmt 0             @ ../../libraries/sdk/drives/fsl_clock.c:1097:43
	and	r0, r0, #1572864
	.loc	1 1097 13                       @ ../../libraries/sdk/drives/fsl_clock.c:1097:13
	mov	r1, r0
	str	r1, [sp, #4]                    @ 4-byte Spill
	cbz	r0, .LBB15_38
	b	.LBB15_36
.LBB15_36:
	ldr	r0, [sp, #4]                    @ 4-byte Reload
	cmp.w	r0, #524288
	beq	.LBB15_39
	b	.LBB15_37
.LBB15_37:
	ldr	r0, [sp, #4]                    @ 4-byte Reload
	cmp.w	r0, #1048576
	beq	.LBB15_40
	b	.LBB15_41
.LBB15_38:
.Ltmp80:
	.loc	1 1100 28 is_stmt 1             @ ../../libraries/sdk/drives/fsl_clock.c:1100:28
	ldr	r0, [sp, #36]
	.loc	1 1100 33 is_stmt 0             @ ../../libraries/sdk/drives/fsl_clock.c:1100:33
	lsrs	r0, r0, #2
	.loc	1 1100 26                       @ ../../libraries/sdk/drives/fsl_clock.c:1100:26
	str	r0, [sp, #36]
	.loc	1 1101 21 is_stmt 1             @ ../../libraries/sdk/drives/fsl_clock.c:1101:21
	b	.LBB15_42
.LBB15_39:
	.loc	1 1104 28                       @ ../../libraries/sdk/drives/fsl_clock.c:1104:28
	ldr	r0, [sp, #36]
	.loc	1 1104 33 is_stmt 0             @ ../../libraries/sdk/drives/fsl_clock.c:1104:33
	lsrs	r0, r0, #1
	.loc	1 1104 26                       @ ../../libraries/sdk/drives/fsl_clock.c:1104:26
	str	r0, [sp, #36]
	.loc	1 1105 21 is_stmt 1             @ ../../libraries/sdk/drives/fsl_clock.c:1105:21
	b	.LBB15_42
.LBB15_40:
	.loc	1 1109 21                       @ ../../libraries/sdk/drives/fsl_clock.c:1109:21
	b	.LBB15_42
.LBB15_41:
	.loc	1 1112 21                       @ ../../libraries/sdk/drives/fsl_clock.c:1112:21
	movw	r0, :lower16:.L.str.3
	movt	r0, :upper16:.L.str.3
	movw	r1, :lower16:.L.str.1
	movt	r1, :upper16:.L.str.1
	mov.w	r2, #1112
	bl	__aeabi_assert
.Ltmp81:
.LBB15_42:
	.loc	1 0 21 is_stmt 0                @ ../../libraries/sdk/drives/fsl_clock.c:0:21
	movw	r0, #33136
	movt	r0, #16397
	.loc	1 1116 33 is_stmt 1             @ ../../libraries/sdk/drives/fsl_clock.c:1116:33
	ldr	r0, [r0]
	.loc	1 1116 39 is_stmt 0             @ ../../libraries/sdk/drives/fsl_clock.c:1116:39
	and	r0, r0, #-1073741824
	.loc	1 1116 13                       @ ../../libraries/sdk/drives/fsl_clock.c:1116:13
	mov	r1, r0
	str	r1, [sp]                        @ 4-byte Spill
	cmp.w	r0, #-2147483648
	beq	.LBB15_48
	b	.LBB15_43
.LBB15_43:
	ldr	r0, [sp]                        @ 4-byte Reload
	cmp.w	r0, #-1073741824
	beq	.LBB15_46
	b	.LBB15_44
.LBB15_44:
	ldr	r0, [sp]                        @ 4-byte Reload
	cbz	r0, .LBB15_48
	b	.LBB15_45
.LBB15_45:
	ldr	r0, [sp]                        @ 4-byte Reload
	cmp.w	r0, #1073741824
	beq	.LBB15_47
	b	.LBB15_49
.LBB15_46:
.Ltmp82:
	.loc	1 1119 26 is_stmt 1             @ ../../libraries/sdk/drives/fsl_clock.c:1119:26
	ldr	r0, [sp, #36]
	lsrs	r0, r0, #2
	str	r0, [sp, #36]
	.loc	1 1120 21                       @ ../../libraries/sdk/drives/fsl_clock.c:1120:21
	b	.LBB15_50
.LBB15_47:
	.loc	1 1123 26                       @ ../../libraries/sdk/drives/fsl_clock.c:1123:26
	ldr	r0, [sp, #36]
	lsrs	r0, r0, #1
	str	r0, [sp, #36]
	.loc	1 1124 21                       @ ../../libraries/sdk/drives/fsl_clock.c:1124:21
	b	.LBB15_50
.LBB15_48:
	.loc	1 1129 21                       @ ../../libraries/sdk/drives/fsl_clock.c:1129:21
	b	.LBB15_50
.LBB15_49:
	.loc	1 1132 21                       @ ../../libraries/sdk/drives/fsl_clock.c:1132:21
	movw	r0, :lower16:.L.str.3
	movt	r0, :upper16:.L.str.3
	movw	r1, :lower16:.L.str.1
	movt	r1, :upper16:.L.str.1
	movw	r2, #1132
	bl	__aeabi_assert
.Ltmp83:
.LBB15_50:
	.loc	1 1135 13                       @ ../../libraries/sdk/drives/fsl_clock.c:1135:13
	b	.LBB15_56
.LBB15_51:
	.loc	1 0 13 is_stmt 0                @ ../../libraries/sdk/drives/fsl_clock.c:0:13
	movw	r0, #32992
	movt	r0, #16397
	.loc	1 1138 30 is_stmt 1             @ ../../libraries/sdk/drives/fsl_clock.c:1138:30
	ldr	r0, [r0]
	.loc	1 1138 39 is_stmt 0             @ ../../libraries/sdk/drives/fsl_clock.c:1138:39
	and	r0, r0, #3
	.loc	1 1137 23 is_stmt 1             @ ../../libraries/sdk/drives/fsl_clock.c:1137:23
	str	r0, [sp, #32]
	.loc	1 1139 35                       @ ../../libraries/sdk/drives/fsl_clock.c:1139:35
	ldr	r1, [sp, #32]
	.loc	1 1139 20 is_stmt 0             @ ../../libraries/sdk/drives/fsl_clock.c:1139:20
	movw	r0, :lower16:CLOCK_GetPllFreq.enetRefClkFreq
	movt	r0, :upper16:CLOCK_GetPllFreq.enetRefClkFreq
	ldr.w	r0, [r0, r1, lsl #2]
	.loc	1 1139 18                       @ ../../libraries/sdk/drives/fsl_clock.c:1139:18
	str	r0, [sp, #36]
	.loc	1 1140 13 is_stmt 1             @ ../../libraries/sdk/drives/fsl_clock.c:1140:13
	b	.LBB15_56
.LBB15_52:
	.loc	1 0 13 is_stmt 0                @ ../../libraries/sdk/drives/fsl_clock.c:0:13
	movw	r0, #32992
	movt	r0, #16397
	.loc	1 1143 38 is_stmt 1             @ ../../libraries/sdk/drives/fsl_clock.c:1143:38
	ldr	r0, [r0]
	.loc	1 1143 92 is_stmt 0             @ ../../libraries/sdk/drives/fsl_clock.c:1143:92
	ubfx	r0, r0, #2, #2
	.loc	1 1143 23                       @ ../../libraries/sdk/drives/fsl_clock.c:1143:23
	str	r0, [sp, #32]
	.loc	1 1145 35 is_stmt 1             @ ../../libraries/sdk/drives/fsl_clock.c:1145:35
	ldr	r1, [sp, #32]
	.loc	1 1145 20 is_stmt 0             @ ../../libraries/sdk/drives/fsl_clock.c:1145:20
	movw	r0, :lower16:CLOCK_GetPllFreq.enetRefClkFreq
	movt	r0, :upper16:CLOCK_GetPllFreq.enetRefClkFreq
	ldr.w	r0, [r0, r1, lsl #2]
	.loc	1 1145 18                       @ ../../libraries/sdk/drives/fsl_clock.c:1145:18
	str	r0, [sp, #36]
	.loc	1 1146 13 is_stmt 1             @ ../../libraries/sdk/drives/fsl_clock.c:1146:13
	b	.LBB15_56
.LBB15_53:
	.loc	1 0 13 is_stmt 0                @ ../../libraries/sdk/drives/fsl_clock.c:0:13
	movw	r0, #30784
	movt	r0, #381
	.loc	1 1150 18 is_stmt 1             @ ../../libraries/sdk/drives/fsl_clock.c:1150:18
	str	r0, [sp, #36]
	.loc	1 1151 13                       @ ../../libraries/sdk/drives/fsl_clock.c:1151:13
	b	.LBB15_56
.LBB15_54:
	.loc	1 1154 21                       @ ../../libraries/sdk/drives/fsl_clock.c:1154:21
	ldr	r0, [sp, #36]
	movw	r1, #32800
	movt	r1, #16397
	.loc	1 1154 43 is_stmt 0             @ ../../libraries/sdk/drives/fsl_clock.c:1154:43
	ldr	r1, [r1]
	.loc	1 1154 29                       @ ../../libraries/sdk/drives/fsl_clock.c:1154:29
	lsls	r2, r1, #30
	movs	r1, #20
	cmp	r2, #0
	it	mi
	movmi	r1, #22
	.loc	1 1154 26                       @ ../../libraries/sdk/drives/fsl_clock.c:1154:26
	muls	r0, r1, r0
	.loc	1 1154 18                       @ ../../libraries/sdk/drives/fsl_clock.c:1154:18
	str	r0, [sp, #36]
	.loc	1 1155 13 is_stmt 1             @ ../../libraries/sdk/drives/fsl_clock.c:1155:13
	b	.LBB15_56
.LBB15_55:
	.loc	1 0 13 is_stmt 0                @ ../../libraries/sdk/drives/fsl_clock.c:0:13
	movs	r0, #0
	.loc	1 1157 18 is_stmt 1             @ ../../libraries/sdk/drives/fsl_clock.c:1157:18
	str	r0, [sp, #36]
	.loc	1 1158 13                       @ ../../libraries/sdk/drives/fsl_clock.c:1158:13
	b	.LBB15_56
.Ltmp84:
.LBB15_56:
	.loc	1 1161 12                       @ ../../libraries/sdk/drives/fsl_clock.c:1161:12
	ldr	r0, [sp, #36]
	.loc	1 1161 5 is_stmt 0              @ ../../libraries/sdk/drives/fsl_clock.c:1161:5
	str	r0, [sp, #44]
	b	.LBB15_57
.LBB15_57:
	.loc	1 1162 1 is_stmt 1              @ ../../libraries/sdk/drives/fsl_clock.c:1162:1
	ldr	r0, [sp, #44]
	add	sp, #48
	pop	{r7, pc}
.Ltmp85:
.Lfunc_end15:
	.size	CLOCK_GetPllFreq, .Lfunc_end15-CLOCK_GetPllFreq
	.cfi_endproc
	.cantunwind
	.fnend
                                        @ -- End function
	.section	.text.CLOCK_GetPllUsb1SWFreq,"ax",%progbits
	.p2align	3                               @ -- Begin function CLOCK_GetPllUsb1SWFreq
	.type	CLOCK_GetPllUsb1SWFreq,%function
	.code	16                              @ @CLOCK_GetPllUsb1SWFreq
	.thumb_func
CLOCK_GetPllUsb1SWFreq:
.Lfunc_begin16:
	.loc	1 153 0                         @ ../../libraries/sdk/drives/fsl_clock.c:153:0
	.fnstart
	.cfi_startproc
@ %bb.0:
	.save	{r7, lr}
	push	{r7, lr}
	.cfi_def_cfa_offset 8
	.cfi_offset lr, -4
	.cfi_offset r7, -8
	.pad	#8
	sub	sp, #8
	.cfi_def_cfa_offset 16
	movw	r0, #49164
	movt	r0, #16399
.Ltmp86:
	.loc	1 156 19 prologue_end           @ ../../libraries/sdk/drives/fsl_clock.c:156:19
	ldr	r0, [r0]
	.loc	1 156 24 is_stmt 0              @ ../../libraries/sdk/drives/fsl_clock.c:156:24
	and	r0, r0, #1
	.loc	1 156 5                         @ ../../libraries/sdk/drives/fsl_clock.c:156:5
	mov	r1, r0
	str	r1, [sp]                        @ 4-byte Spill
	cbz	r0, .LBB16_2
	b	.LBB16_1
.LBB16_1:
	ldr	r0, [sp]                        @ 4-byte Reload
	cmp	r0, #1
	beq	.LBB16_3
	b	.LBB16_4
.LBB16_2:
	.loc	1 0 5                           @ ../../libraries/sdk/drives/fsl_clock.c:0:5
	movs	r0, #13
	movt	r0, #16
.Ltmp87:
	.loc	1 160 20 is_stmt 1              @ ../../libraries/sdk/drives/fsl_clock.c:160:20
	bl	CLOCK_GetPllFreq
	.loc	1 160 18 is_stmt 0              @ ../../libraries/sdk/drives/fsl_clock.c:160:18
	str	r0, [sp, #4]
	.loc	1 161 13 is_stmt 1              @ ../../libraries/sdk/drives/fsl_clock.c:161:13
	b	.LBB16_5
.Ltmp88:
.LBB16_3:
	.loc	1 0 13 is_stmt 0                @ ../../libraries/sdk/drives/fsl_clock.c:0:13
	movw	r0, #13824
	movt	r0, #366
.Ltmp89:
	.loc	1 165 18 is_stmt 1              @ ../../libraries/sdk/drives/fsl_clock.c:165:18
	str	r0, [sp, #4]
	.loc	1 166 13                        @ ../../libraries/sdk/drives/fsl_clock.c:166:13
	b	.LBB16_5
.Ltmp90:
.LBB16_4:
	.loc	1 0 13 is_stmt 0                @ ../../libraries/sdk/drives/fsl_clock.c:0:13
	movs	r0, #0
	.loc	1 169 18 is_stmt 1              @ ../../libraries/sdk/drives/fsl_clock.c:169:18
	str	r0, [sp, #4]
	.loc	1 170 13                        @ ../../libraries/sdk/drives/fsl_clock.c:170:13
	b	.LBB16_5
.Ltmp91:
.LBB16_5:
	.loc	1 173 12                        @ ../../libraries/sdk/drives/fsl_clock.c:173:12
	ldr	r0, [sp, #4]
	.loc	1 173 5 is_stmt 0               @ ../../libraries/sdk/drives/fsl_clock.c:173:5
	add	sp, #8
	pop	{r7, pc}
.Ltmp92:
.Lfunc_end16:
	.size	CLOCK_GetPllUsb1SWFreq, .Lfunc_end16-CLOCK_GetPllUsb1SWFreq
	.cfi_endproc
	.cantunwind
	.fnend
                                        @ -- End function
	.section	.text.CLOCK_GetClockRootFreq,"ax",%progbits
	.hidden	CLOCK_GetClockRootFreq          @ -- Begin function CLOCK_GetClockRootFreq
	.globl	CLOCK_GetClockRootFreq
	.p2align	3
	.type	CLOCK_GetClockRootFreq,%function
	.code	16                              @ @CLOCK_GetClockRootFreq
	.thumb_func
CLOCK_GetClockRootFreq:
.Lfunc_begin17:
	.loc	1 449 0 is_stmt 1               @ ../../libraries/sdk/drives/fsl_clock.c:449:0
	.fnstart
	.cfi_startproc
@ %bb.0:
	.save	{r7, lr}
	push	{r7, lr}
	.cfi_def_cfa_offset 8
	.cfi_offset lr, -4
	.cfi_offset r7, -8
	.pad	#32
	sub	sp, #32
	.cfi_def_cfa_offset 40
                                        @ kill: def $r1 killed $r0
	strb.w	r0, [sp, #31]
	movs	r0, #0
.Ltmp93:
	.loc	1 453 14 prologue_end           @ ../../libraries/sdk/drives/fsl_clock.c:453:14
	str	r0, [sp, #24]
	.loc	1 454 92                        @ ../../libraries/sdk/drives/fsl_clock.c:454:92
	ldrb.w	r1, [sp, #31]
	.loc	1 454 60 is_stmt 0              @ ../../libraries/sdk/drives/fsl_clock.c:454:60
	movw	r0, :lower16:CLOCK_GetClockRootFreq.clockRootMuxTupleArray
	movt	r0, :upper16:CLOCK_GetClockRootFreq.clockRootMuxTupleArray
	ldr.w	r0, [r0, r1, lsl #2]
	.loc	1 454 17                        @ ../../libraries/sdk/drives/fsl_clock.c:454:17
	str	r0, [sp, #20]
	.loc	1 455 92 is_stmt 1              @ ../../libraries/sdk/drives/fsl_clock.c:455:92
	ldrb.w	r1, [sp, #31]
	.loc	1 455 60 is_stmt 0              @ ../../libraries/sdk/drives/fsl_clock.c:455:60
	movw	r0, :lower16:CLOCK_GetClockRootFreq.clockRootDivTupleArray
	movt	r0, :upper16:CLOCK_GetClockRootFreq.clockRootDivTupleArray
	ldr.w	r1, [r0, r1, lsl #3]
	.loc	1 455 17                        @ ../../libraries/sdk/drives/fsl_clock.c:455:17
	str	r1, [sp, #16]
	.loc	1 456 92 is_stmt 1              @ ../../libraries/sdk/drives/fsl_clock.c:456:92
	ldrb.w	r1, [sp, #31]
	.loc	1 456 60 is_stmt 0              @ ../../libraries/sdk/drives/fsl_clock.c:456:60
	add.w	r0, r0, r1, lsl #3
	ldr	r0, [r0, #4]
	.loc	1 456 17                        @ ../../libraries/sdk/drives/fsl_clock.c:456:17
	str	r0, [sp, #12]
	.loc	1 457 35 is_stmt 1              @ ../../libraries/sdk/drives/fsl_clock.c:457:35
	ldr	r0, [sp, #20]
	movw	r1, #4032
	movt	r1, #64
	bfi	r0, r1, #8, #24
	ldr	r0, [r0]
	.loc	1 457 75 is_stmt 0              @ ../../libraries/sdk/drives/fsl_clock.c:457:75
	ldr	r1, [sp, #20]
	ubfx	r2, r1, #13, #13
	ubfx	r1, r1, #8, #5
	lsls	r2, r1
	.loc	1 457 73                        @ ../../libraries/sdk/drives/fsl_clock.c:457:73
	ands	r0, r2
	.loc	1 457 110                       @ ../../libraries/sdk/drives/fsl_clock.c:457:110
	lsrs	r0, r1
	.loc	1 457 14                        @ ../../libraries/sdk/drives/fsl_clock.c:457:14
	str	r0, [sp, #8]
	.loc	1 461 53 is_stmt 1              @ ../../libraries/sdk/drives/fsl_clock.c:461:53
	ldrb.w	r0, [sp, #31]
	.loc	1 461 23 is_stmt 0              @ ../../libraries/sdk/drives/fsl_clock.c:461:23
	add.w	r1, r0, r0, lsl #1
	movw	r0, :lower16:CLOCK_GetClockRootFreq.clockRootSourceArray
	movt	r0, :upper16:CLOCK_GetClockRootFreq.clockRootSourceArray
	add.w	r0, r0, r1, lsl #1
	.loc	1 461 64                        @ ../../libraries/sdk/drives/fsl_clock.c:461:64
	ldr	r1, [sp, #8]
	.loc	1 461 23                        @ ../../libraries/sdk/drives/fsl_clock.c:461:23
	ldrb	r0, [r0, r1]
	.loc	1 461 21                        @ ../../libraries/sdk/drives/fsl_clock.c:461:21
	strb.w	r0, [sp, #7]
	.loc	1 463 5 is_stmt 1               @ ../../libraries/sdk/drives/fsl_clock.c:463:5
	ldrb.w	r0, [sp, #7]
	cmp	r0, #255
	beq	.LBB17_2
	b	.LBB17_1
.LBB17_1:
	b	.LBB17_3
.LBB17_2:
	movw	r0, :lower16:.L.str.2
	movt	r0, :upper16:.L.str.2
	movw	r1, :lower16:.L.str.1
	movt	r1, :upper16:.L.str.1
	movw	r2, #463
	bl	__aeabi_assert
.LBB17_3:
	ldrb.w	r0, [sp, #7]
	.loc	1 465 12                        @ ../../libraries/sdk/drives/fsl_clock.c:465:12
	bl	CLOCK_GetFreq
	.loc	1 465 10 is_stmt 0              @ ../../libraries/sdk/drives/fsl_clock.c:465:10
	str	r0, [sp, #24]
.Ltmp94:
	.loc	1 467 9 is_stmt 1               @ ../../libraries/sdk/drives/fsl_clock.c:467:9
	ldr	r0, [sp, #16]
.Ltmp95:
	.loc	1 467 9 is_stmt 0               @ ../../libraries/sdk/drives/fsl_clock.c:467:9
	cbz	r0, .LBB17_5
	b	.LBB17_4
.LBB17_4:
.Ltmp96:
	.loc	1 469 19 is_stmt 1              @ ../../libraries/sdk/drives/fsl_clock.c:469:19
	ldr	r0, [sp, #16]
	movw	r1, #4032
	movt	r1, #64
	bfi	r0, r1, #8, #24
	ldr	r0, [r0]
	.loc	1 469 62 is_stmt 0              @ ../../libraries/sdk/drives/fsl_clock.c:469:62
	ldr	r1, [sp, #16]
	ubfx	r2, r1, #13, #13
	ubfx	r1, r1, #8, #5
	lsls	r2, r1
	.loc	1 469 60                        @ ../../libraries/sdk/drives/fsl_clock.c:469:60
	ands	r0, r2
	.loc	1 469 100                       @ ../../libraries/sdk/drives/fsl_clock.c:469:100
	lsrs	r0, r1
	.loc	1 470 57 is_stmt 1              @ ../../libraries/sdk/drives/fsl_clock.c:470:57
	adds	r1, r0, #1
	.loc	1 469 14                        @ ../../libraries/sdk/drives/fsl_clock.c:469:14
	ldr	r0, [sp, #24]
	udiv	r0, r0, r1
	str	r0, [sp, #24]
	.loc	1 472 5                         @ ../../libraries/sdk/drives/fsl_clock.c:472:5
	b	.LBB17_5
.Ltmp97:
.LBB17_5:
	.loc	1 474 15                        @ ../../libraries/sdk/drives/fsl_clock.c:474:15
	ldr	r0, [sp, #12]
	movw	r1, #4032
	movt	r1, #64
	bfi	r0, r1, #8, #24
	ldr	r0, [r0]
	.loc	1 474 59 is_stmt 0              @ ../../libraries/sdk/drives/fsl_clock.c:474:59
	ldr	r1, [sp, #12]
	ubfx	r2, r1, #13, #13
	ubfx	r1, r1, #8, #5
	lsls	r2, r1
	.loc	1 474 57                        @ ../../libraries/sdk/drives/fsl_clock.c:474:57
	ands	r0, r2
	.loc	1 474 98                        @ ../../libraries/sdk/drives/fsl_clock.c:474:98
	lsrs	r0, r1
	.loc	1 475 54 is_stmt 1              @ ../../libraries/sdk/drives/fsl_clock.c:475:54
	adds	r1, r0, #1
	.loc	1 474 10                        @ ../../libraries/sdk/drives/fsl_clock.c:474:10
	ldr	r0, [sp, #24]
	udiv	r0, r0, r1
	str	r0, [sp, #24]
	.loc	1 478 12                        @ ../../libraries/sdk/drives/fsl_clock.c:478:12
	ldr	r0, [sp, #24]
	.loc	1 478 5 is_stmt 0               @ ../../libraries/sdk/drives/fsl_clock.c:478:5
	add	sp, #32
	pop	{r7, pc}
.Ltmp98:
.Lfunc_end17:
	.size	CLOCK_GetClockRootFreq, .Lfunc_end17-CLOCK_GetClockRootFreq
	.cfi_endproc
	.cantunwind
	.fnend
                                        @ -- End function
	.section	.text.CLOCK_EnableUsbhs0Clock,"ax",%progbits
	.hidden	CLOCK_EnableUsbhs0Clock         @ -- Begin function CLOCK_EnableUsbhs0Clock
	.globl	CLOCK_EnableUsbhs0Clock
	.p2align	3
	.type	CLOCK_EnableUsbhs0Clock,%function
	.code	16                              @ @CLOCK_EnableUsbhs0Clock
	.thumb_func
CLOCK_EnableUsbhs0Clock:
.Lfunc_begin18:
	.loc	1 493 0 is_stmt 1               @ ../../libraries/sdk/drives/fsl_clock.c:493:0
	.fnstart
	.cfi_startproc
@ %bb.0:
	.pad	#12
	sub	sp, #12
	.cfi_def_cfa_offset 12
                                        @ kill: def $r2 killed $r0
	strb.w	r0, [sp, #11]
	str	r1, [sp, #4]
	movw	r1, #49280
	movt	r1, #16399
.Ltmp99:
	.loc	1 495 16 prologue_end           @ ../../libraries/sdk/drives/fsl_clock.c:495:16
	ldr	r0, [r1]
	orr	r0, r0, #3
	str	r0, [r1]
	movw	r1, #320
	movt	r1, #16430
	.loc	1 496 18                        @ ../../libraries/sdk/drives/fsl_clock.c:496:18
	ldr	r0, [r1]
	orr	r0, r0, #2
	str	r0, [r1]
	movs	r0, #0
.Ltmp100:
	.loc	1 499 12                        @ ../../libraries/sdk/drives/fsl_clock.c:499:12
	str	r0, [sp]
	.loc	1 499 10 is_stmt 0              @ ../../libraries/sdk/drives/fsl_clock.c:499:10
	b	.LBB18_1
.LBB18_1:                               @ =>This Inner Loop Header: Depth=1
.Ltmp101:
	.loc	1 499 17                        @ ../../libraries/sdk/drives/fsl_clock.c:499:17
	ldr	r0, [sp]
	movw	r1, #6783
	movt	r1, #6
.Ltmp102:
	.loc	1 499 5                         @ ../../libraries/sdk/drives/fsl_clock.c:499:5
	cmp	r0, r1
	bhi	.LBB18_4
	b	.LBB18_2
.LBB18_2:                               @   in Loop: Header=BB18_1 Depth=1
.Ltmp103:
	.loc	1 501 9 is_stmt 1               @ ../../libraries/sdk/drives/fsl_clock.c:501:9
	@APP
	nop
	@NO_APP
	.loc	1 502 5                         @ ../../libraries/sdk/drives/fsl_clock.c:502:5
	b	.LBB18_3
.Ltmp104:
.LBB18_3:                               @   in Loop: Header=BB18_1 Depth=1
	.loc	1 499 31                        @ ../../libraries/sdk/drives/fsl_clock.c:499:31
	ldr	r0, [sp]
	adds	r0, #1
	str	r0, [sp]
	.loc	1 499 5 is_stmt 0               @ ../../libraries/sdk/drives/fsl_clock.c:499:5
	b	.LBB18_1
.Ltmp105:
.LBB18_4:
	.loc	1 0 5                           @ ../../libraries/sdk/drives/fsl_clock.c:0:5
	movw	r1, #33056
	movt	r1, #16397
	.loc	1 503 26 is_stmt 1              @ ../../libraries/sdk/drives/fsl_clock.c:503:26
	ldr	r0, [r1]
	movw	r2, #5889
	.loc	1 503 34 is_stmt 0              @ ../../libraries/sdk/drives/fsl_clock.c:503:34
	orrs	r0, r2
	.loc	1 503 68                        @ ../../libraries/sdk/drives/fsl_clock.c:503:68
	bic	r0, r0, #2048
	.loc	1 503 18                        @ ../../libraries/sdk/drives/fsl_clock.c:503:18
	str	r0, [r1]
	movs	r0, #1
	.loc	1 505 5 is_stmt 1               @ ../../libraries/sdk/drives/fsl_clock.c:505:5
	add	sp, #12
	bx	lr
.Ltmp106:
.Lfunc_end18:
	.size	CLOCK_EnableUsbhs0Clock, .Lfunc_end18-CLOCK_EnableUsbhs0Clock
	.cfi_endproc
	.cantunwind
	.fnend
                                        @ -- End function
	.section	.text.CLOCK_EnableUsbhs1Clock,"ax",%progbits
	.hidden	CLOCK_EnableUsbhs1Clock         @ -- Begin function CLOCK_EnableUsbhs1Clock
	.globl	CLOCK_EnableUsbhs1Clock
	.p2align	3
	.type	CLOCK_EnableUsbhs1Clock,%function
	.code	16                              @ @CLOCK_EnableUsbhs1Clock
	.thumb_func
CLOCK_EnableUsbhs1Clock:
.Lfunc_begin19:
	.loc	1 520 0                         @ ../../libraries/sdk/drives/fsl_clock.c:520:0
	.fnstart
	.cfi_startproc
@ %bb.0:
	.pad	#12
	sub	sp, #12
	.cfi_def_cfa_offset 12
                                        @ kill: def $r2 killed $r0
	strb.w	r0, [sp, #11]
	str	r1, [sp, #4]
	movs	r0, #0
.Ltmp107:
	.loc	1 521 14 prologue_end           @ ../../libraries/sdk/drives/fsl_clock.c:521:14
	str	r0, [sp]
	movw	r2, #49280
	movt	r2, #16399
	.loc	1 522 16                        @ ../../libraries/sdk/drives/fsl_clock.c:522:16
	ldr	r1, [r2]
	orr	r1, r1, #3
	str	r1, [r2]
	movw	r2, #832
	movt	r2, #16430
	.loc	1 523 18                        @ ../../libraries/sdk/drives/fsl_clock.c:523:18
	ldr	r1, [r2]
	orr	r1, r1, #2
	str	r1, [r2]
.Ltmp108:
	.loc	1 526 12                        @ ../../libraries/sdk/drives/fsl_clock.c:526:12
	str	r0, [sp]
	.loc	1 526 10 is_stmt 0              @ ../../libraries/sdk/drives/fsl_clock.c:526:10
	b	.LBB19_1
.LBB19_1:                               @ =>This Inner Loop Header: Depth=1
.Ltmp109:
	.loc	1 526 17                        @ ../../libraries/sdk/drives/fsl_clock.c:526:17
	ldr	r0, [sp]
	movw	r1, #6783
	movt	r1, #6
.Ltmp110:
	.loc	1 526 5                         @ ../../libraries/sdk/drives/fsl_clock.c:526:5
	cmp	r0, r1
	bhi	.LBB19_4
	b	.LBB19_2
.LBB19_2:                               @   in Loop: Header=BB19_1 Depth=1
.Ltmp111:
	.loc	1 528 9 is_stmt 1               @ ../../libraries/sdk/drives/fsl_clock.c:528:9
	@APP
	nop
	@NO_APP
	.loc	1 529 5                         @ ../../libraries/sdk/drives/fsl_clock.c:529:5
	b	.LBB19_3
.Ltmp112:
.LBB19_3:                               @   in Loop: Header=BB19_1 Depth=1
	.loc	1 526 31                        @ ../../libraries/sdk/drives/fsl_clock.c:526:31
	ldr	r0, [sp]
	adds	r0, #1
	str	r0, [sp]
	.loc	1 526 5 is_stmt 0               @ ../../libraries/sdk/drives/fsl_clock.c:526:5
	b	.LBB19_1
.Ltmp113:
.LBB19_4:
	.loc	1 0 5                           @ ../../libraries/sdk/drives/fsl_clock.c:0:5
	movw	r1, #33056
	movt	r1, #16397
	.loc	1 530 26 is_stmt 1              @ ../../libraries/sdk/drives/fsl_clock.c:530:26
	ldr	r0, [r1]
	movw	r2, #5889
	.loc	1 530 34 is_stmt 0              @ ../../libraries/sdk/drives/fsl_clock.c:530:34
	orrs	r0, r2
	.loc	1 530 68                        @ ../../libraries/sdk/drives/fsl_clock.c:530:68
	bic	r0, r0, #2048
	.loc	1 530 18                        @ ../../libraries/sdk/drives/fsl_clock.c:530:18
	str	r0, [r1]
	movs	r0, #1
	.loc	1 532 5 is_stmt 1               @ ../../libraries/sdk/drives/fsl_clock.c:532:5
	add	sp, #12
	bx	lr
.Ltmp114:
.Lfunc_end19:
	.size	CLOCK_EnableUsbhs1Clock, .Lfunc_end19-CLOCK_EnableUsbhs1Clock
	.cfi_endproc
	.cantunwind
	.fnend
                                        @ -- End function
	.section	.text.CLOCK_EnableUsbhs0PhyPllClock,"ax",%progbits
	.hidden	CLOCK_EnableUsbhs0PhyPllClock   @ -- Begin function CLOCK_EnableUsbhs0PhyPllClock
	.globl	CLOCK_EnableUsbhs0PhyPllClock
	.p2align	3
	.type	CLOCK_EnableUsbhs0PhyPllClock,%function
	.code	16                              @ @CLOCK_EnableUsbhs0PhyPllClock
	.thumb_func
CLOCK_EnableUsbhs0PhyPllClock:
.Lfunc_begin20:
	.loc	1 545 0                         @ ../../libraries/sdk/drives/fsl_clock.c:545:0
	.fnstart
	.cfi_startproc
@ %bb.0:
	.save	{r7, lr}
	push	{r7, lr}
	.cfi_def_cfa_offset 8
	.cfi_offset lr, -4
	.cfi_offset r7, -8
	.pad	#8
	sub	sp, #8
	.cfi_def_cfa_offset 16
                                        @ kill: def $r2 killed $r0
	strb.w	r0, [sp, #7]
	str	r1, [sp]
	movw	r0, #32784
	movt	r0, #16397
.Ltmp115:
	.loc	1 547 22 prologue_end           @ ../../libraries/sdk/drives/fsl_clock.c:547:22
	ldr	r0, [r0]
.Ltmp116:
	.loc	1 547 9 is_stmt 0               @ ../../libraries/sdk/drives/fsl_clock.c:547:9
	lsls	r0, r0, #18
	cmp	r0, #0
	bpl	.LBB20_2
	b	.LBB20_1
.LBB20_1:
	.loc	1 0 9                           @ ../../libraries/sdk/drives/fsl_clock.c:0:9
	movw	r1, #32784
	movt	r1, #16397
.Ltmp117:
	.loc	1 549 30 is_stmt 1              @ ../../libraries/sdk/drives/fsl_clock.c:549:30
	ldr	r0, [r1]
	orr	r0, r0, #64
	str	r0, [r1]
	.loc	1 550 5                         @ ../../libraries/sdk/drives/fsl_clock.c:550:5
	b	.LBB20_3
.Ltmp118:
.LBB20_2:
	.loc	1 553 9                         @ ../../libraries/sdk/drives/fsl_clock.c:553:9
	movw	r0, :lower16:CLOCK_EnableUsbhs0PhyPllClock.g_ccmConfigUsbPll
	movt	r0, :upper16:CLOCK_EnableUsbhs0PhyPllClock.g_ccmConfigUsbPll
	bl	CLOCK_InitUsb1Pll
	b	.LBB20_3
.Ltmp119:
.LBB20_3:
	.loc	1 0 9 is_stmt 0                 @ ../../libraries/sdk/drives/fsl_clock.c:0:9
	movw	r1, #36912
	movt	r1, #16397
	.loc	1 555 19 is_stmt 1              @ ../../libraries/sdk/drives/fsl_clock.c:555:19
	ldr	r0, [r1]
	bic	r0, r0, #-2147483648
	str	r0, [r1]
	.loc	1 556 19                        @ ../../libraries/sdk/drives/fsl_clock.c:556:19
	ldr	r0, [r1]
	bic	r0, r0, #1073741824
	str	r0, [r1]
	movw	r2, #36864
	movt	r2, #16397
	movs	r0, #0
	.loc	1 558 18                        @ ../../libraries/sdk/drives/fsl_clock.c:558:18
	str	r0, [r2]
	.loc	1 559 19                        @ ../../libraries/sdk/drives/fsl_clock.c:559:19
	ldr	r0, [r1]
	orr	r0, r0, #1622016
	str	r0, [r1]
	movs	r0, #1
	.loc	1 561 5                         @ ../../libraries/sdk/drives/fsl_clock.c:561:5
	add	sp, #8
	pop	{r7, pc}
.Ltmp120:
.Lfunc_end20:
	.size	CLOCK_EnableUsbhs0PhyPllClock, .Lfunc_end20-CLOCK_EnableUsbhs0PhyPllClock
	.cfi_endproc
	.cantunwind
	.fnend
                                        @ -- End function
	.section	.text.CLOCK_InitUsb1Pll,"ax",%progbits
	.hidden	CLOCK_InitUsb1Pll               @ -- Begin function CLOCK_InitUsb1Pll
	.globl	CLOCK_InitUsb1Pll
	.p2align	3
	.type	CLOCK_InitUsb1Pll,%function
	.code	16                              @ @CLOCK_InitUsb1Pll
	.thumb_func
CLOCK_InitUsb1Pll:
.Lfunc_begin21:
	.loc	1 657 0                         @ ../../libraries/sdk/drives/fsl_clock.c:657:0
	.fnstart
	.cfi_startproc
@ %bb.0:
	.pad	#4
	sub	sp, #4
	.cfi_def_cfa_offset 4
	str	r0, [sp]
	movw	r1, #32784
	movt	r1, #16397
.Ltmp121:
	.loc	1 659 41 prologue_end           @ ../../libraries/sdk/drives/fsl_clock.c:659:41
	ldr	r0, [r1]
	.loc	1 659 50 is_stmt 0              @ ../../libraries/sdk/drives/fsl_clock.c:659:50
	bic	r0, r0, #114688
	.loc	1 660 62 is_stmt 1              @ ../../libraries/sdk/drives/fsl_clock.c:660:62
	ldr	r2, [sp]
	ldrb	r2, [r2, #1]
	lsls	r2, r2, #14
	uxth	r2, r2
	.loc	1 659 96                        @ ../../libraries/sdk/drives/fsl_clock.c:659:96
	add	r0, r2
	.loc	1 660 60                        @ ../../libraries/sdk/drives/fsl_clock.c:660:60
	add.w	r0, r0, #65536
	.loc	1 659 26                        @ ../../libraries/sdk/drives/fsl_clock.c:659:26
	str	r0, [r1]
	.loc	1 662 41                        @ ../../libraries/sdk/drives/fsl_clock.c:662:41
	ldr	r0, [r1]
	.loc	1 664 67                        @ ../../libraries/sdk/drives/fsl_clock.c:664:67
	ldr	r2, [sp]
	ldrb	r2, [r2]
	.loc	1 662 92                        @ ../../libraries/sdk/drives/fsl_clock.c:662:92
	ubfx	r2, r2, #0, #31
	bfi	r0, r2, #1, #1
	.loc	1 664 65                        @ ../../libraries/sdk/drives/fsl_clock.c:664:65
	orr	r0, r0, #12352
	.loc	1 662 26                        @ ../../libraries/sdk/drives/fsl_clock.c:662:26
	str	r0, [r1]
	.loc	1 666 5                         @ ../../libraries/sdk/drives/fsl_clock.c:666:5
	b	.LBB21_1
.LBB21_1:                               @ =>This Inner Loop Header: Depth=1
	.loc	1 0 5 is_stmt 0                 @ ../../libraries/sdk/drives/fsl_clock.c:0:5
	movw	r0, #32784
	movt	r0, #16397
	.loc	1 666 25                        @ ../../libraries/sdk/drives/fsl_clock.c:666:25
	ldr	r0, [r0]
	.loc	1 666 5                         @ ../../libraries/sdk/drives/fsl_clock.c:666:5
	lsrs	r0, r0, #31
	cbnz	r0, .LBB21_3
	b	.LBB21_2
.LBB21_2:                               @   in Loop: Header=BB21_1 Depth=1
	b	.LBB21_1
.LBB21_3:
	.loc	1 0 5                           @ ../../libraries/sdk/drives/fsl_clock.c:0:5
	movw	r1, #32784
	movt	r1, #16397
	.loc	1 671 26 is_stmt 1              @ ../../libraries/sdk/drives/fsl_clock.c:671:26
	ldr	r0, [r1]
	bic	r0, r0, #65536
	str	r0, [r1]
	.loc	1 672 1                         @ ../../libraries/sdk/drives/fsl_clock.c:672:1
	add	sp, #4
	bx	lr
.Ltmp122:
.Lfunc_end21:
	.size	CLOCK_InitUsb1Pll, .Lfunc_end21-CLOCK_InitUsb1Pll
	.cfi_endproc
	.cantunwind
	.fnend
                                        @ -- End function
	.section	.text.CLOCK_DisableUsbhs0PhyPllClock,"ax",%progbits
	.hidden	CLOCK_DisableUsbhs0PhyPllClock  @ -- Begin function CLOCK_DisableUsbhs0PhyPllClock
	.globl	CLOCK_DisableUsbhs0PhyPllClock
	.p2align	3
	.type	CLOCK_DisableUsbhs0PhyPllClock,%function
	.code	16                              @ @CLOCK_DisableUsbhs0PhyPllClock
	.thumb_func
CLOCK_DisableUsbhs0PhyPllClock:
.Lfunc_begin22:
	.loc	1 569 0                         @ ../../libraries/sdk/drives/fsl_clock.c:569:0
	.fnstart
	.cfi_startproc
@ %bb.0:
	movw	r1, #32784
	movt	r1, #16397
.Ltmp123:
	.loc	1 570 26 prologue_end           @ ../../libraries/sdk/drives/fsl_clock.c:570:26
	ldr	r0, [r1]
	bic	r0, r0, #64
	str	r0, [r1]
	movw	r1, #36912
	movt	r1, #16397
	.loc	1 571 19                        @ ../../libraries/sdk/drives/fsl_clock.c:571:19
	ldr	r0, [r1]
	orr	r0, r0, #1073741824
	str	r0, [r1]
	.loc	1 572 1                         @ ../../libraries/sdk/drives/fsl_clock.c:572:1
	bx	lr
.Ltmp124:
.Lfunc_end22:
	.size	CLOCK_DisableUsbhs0PhyPllClock, .Lfunc_end22-CLOCK_DisableUsbhs0PhyPllClock
	.cfi_endproc
	.cantunwind
	.fnend
                                        @ -- End function
	.section	.text.CLOCK_InitArmPll,"ax",%progbits
	.hidden	CLOCK_InitArmPll                @ -- Begin function CLOCK_InitArmPll
	.globl	CLOCK_InitArmPll
	.p2align	3
	.type	CLOCK_InitArmPll,%function
	.code	16                              @ @CLOCK_InitArmPll
	.thumb_func
CLOCK_InitArmPll:
.Lfunc_begin23:
	.loc	1 582 0                         @ ../../libraries/sdk/drives/fsl_clock.c:582:0
	.fnstart
	.cfi_startproc
@ %bb.0:
	.pad	#4
	sub	sp, #4
	.cfi_def_cfa_offset 4
	str	r0, [sp]
	movw	r1, #32768
	movt	r1, #16397
.Ltmp125:
	.loc	1 584 40 prologue_end           @ ../../libraries/sdk/drives/fsl_clock.c:584:40
	ldr	r0, [r1]
	.loc	1 584 48 is_stmt 0              @ ../../libraries/sdk/drives/fsl_clock.c:584:48
	bic	r0, r0, #114688
	.loc	1 585 60 is_stmt 1              @ ../../libraries/sdk/drives/fsl_clock.c:585:60
	ldr	r2, [sp]
	ldrb	r2, [r2, #4]
	lsls	r2, r2, #14
	uxth	r2, r2
	.loc	1 584 93                        @ ../../libraries/sdk/drives/fsl_clock.c:584:93
	add	r0, r2
	.loc	1 585 58                        @ ../../libraries/sdk/drives/fsl_clock.c:585:58
	add.w	r0, r0, #65536
	.loc	1 584 25                        @ ../../libraries/sdk/drives/fsl_clock.c:584:25
	str	r0, [r1]
	.loc	1 588 22                        @ ../../libraries/sdk/drives/fsl_clock.c:588:22
	ldr	r0, [r1]
	movw	r2, #12415
	.loc	1 588 30 is_stmt 0              @ ../../libraries/sdk/drives/fsl_clock.c:588:30
	bics	r0, r2
	.loc	1 589 42 is_stmt 1              @ ../../libraries/sdk/drives/fsl_clock.c:589:42
	ldr	r2, [sp]
	ldr	r2, [r2]
	and	r2, r2, #127
	.loc	1 588 109                       @ ../../libraries/sdk/drives/fsl_clock.c:588:109
	add	r0, r2
	.loc	1 589 40                        @ ../../libraries/sdk/drives/fsl_clock.c:589:40
	add.w	r0, r0, #8192
	.loc	1 587 25                        @ ../../libraries/sdk/drives/fsl_clock.c:587:25
	str	r0, [r1]
	.loc	1 591 5                         @ ../../libraries/sdk/drives/fsl_clock.c:591:5
	b	.LBB23_1
.LBB23_1:                               @ =>This Inner Loop Header: Depth=1
	.loc	1 0 5 is_stmt 0                 @ ../../libraries/sdk/drives/fsl_clock.c:0:5
	movw	r0, #32768
	movt	r0, #16397
	.loc	1 591 25                        @ ../../libraries/sdk/drives/fsl_clock.c:591:25
	ldr	r0, [r0]
	.loc	1 591 5                         @ ../../libraries/sdk/drives/fsl_clock.c:591:5
	lsrs	r0, r0, #31
	cbnz	r0, .LBB23_3
	b	.LBB23_2
.LBB23_2:                               @   in Loop: Header=BB23_1 Depth=1
	b	.LBB23_1
.LBB23_3:
	.loc	1 0 5                           @ ../../libraries/sdk/drives/fsl_clock.c:0:5
	movw	r1, #32768
	movt	r1, #16397
	.loc	1 596 25 is_stmt 1              @ ../../libraries/sdk/drives/fsl_clock.c:596:25
	ldr	r0, [r1]
	bic	r0, r0, #65536
	str	r0, [r1]
	.loc	1 597 1                         @ ../../libraries/sdk/drives/fsl_clock.c:597:1
	add	sp, #4
	bx	lr
.Ltmp126:
.Lfunc_end23:
	.size	CLOCK_InitArmPll, .Lfunc_end23-CLOCK_InitArmPll
	.cfi_endproc
	.cantunwind
	.fnend
                                        @ -- End function
	.section	.text.CLOCK_DeinitArmPll,"ax",%progbits
	.hidden	CLOCK_DeinitArmPll              @ -- Begin function CLOCK_DeinitArmPll
	.globl	CLOCK_DeinitArmPll
	.p2align	3
	.type	CLOCK_DeinitArmPll,%function
	.code	16                              @ @CLOCK_DeinitArmPll
	.thumb_func
CLOCK_DeinitArmPll:
.Lfunc_begin24:
	.loc	1 603 0                         @ ../../libraries/sdk/drives/fsl_clock.c:603:0
	.fnstart
	.cfi_startproc
@ %bb.0:
	movw	r1, #32768
	movt	r1, #16397
	mov.w	r0, #4096
.Ltmp127:
	.loc	1 604 25 prologue_end           @ ../../libraries/sdk/drives/fsl_clock.c:604:25
	str	r0, [r1]
	.loc	1 605 1                         @ ../../libraries/sdk/drives/fsl_clock.c:605:1
	bx	lr
.Ltmp128:
.Lfunc_end24:
	.size	CLOCK_DeinitArmPll, .Lfunc_end24-CLOCK_DeinitArmPll
	.cfi_endproc
	.cantunwind
	.fnend
                                        @ -- End function
	.section	.text.CLOCK_InitSysPll,"ax",%progbits
	.hidden	CLOCK_InitSysPll                @ -- Begin function CLOCK_InitSysPll
	.globl	CLOCK_InitSysPll
	.p2align	3
	.type	CLOCK_InitSysPll,%function
	.code	16                              @ @CLOCK_InitSysPll
	.thumb_func
CLOCK_InitSysPll:
.Lfunc_begin25:
	.loc	1 615 0                         @ ../../libraries/sdk/drives/fsl_clock.c:615:0
	.fnstart
	.cfi_startproc
@ %bb.0:
	.pad	#4
	sub	sp, #4
	.cfi_def_cfa_offset 4
	str	r0, [sp]
	movw	r1, #32816
	movt	r1, #16397
.Ltmp129:
	.loc	1 617 40 prologue_end           @ ../../libraries/sdk/drives/fsl_clock.c:617:40
	ldr	r0, [r1]
	.loc	1 617 48 is_stmt 0              @ ../../libraries/sdk/drives/fsl_clock.c:617:48
	bic	r0, r0, #114688
	.loc	1 618 60 is_stmt 1              @ ../../libraries/sdk/drives/fsl_clock.c:618:60
	ldr	r2, [sp]
	ldrb	r2, [r2, #12]
	lsls	r2, r2, #14
	uxth	r2, r2
	.loc	1 617 93                        @ ../../libraries/sdk/drives/fsl_clock.c:617:93
	add	r0, r2
	.loc	1 618 58                        @ ../../libraries/sdk/drives/fsl_clock.c:618:58
	add.w	r0, r0, #65536
	.loc	1 617 25                        @ ../../libraries/sdk/drives/fsl_clock.c:617:25
	str	r0, [r1]
	.loc	1 621 22                        @ ../../libraries/sdk/drives/fsl_clock.c:621:22
	ldr	r0, [r1]
	movw	r2, #12289
	.loc	1 621 30 is_stmt 0              @ ../../libraries/sdk/drives/fsl_clock.c:621:30
	bics	r0, r2
	.loc	1 622 42 is_stmt 1              @ ../../libraries/sdk/drives/fsl_clock.c:622:42
	ldr	r2, [sp]
	ldrb	r2, [r2]
	and	r2, r2, #1
	.loc	1 621 109                       @ ../../libraries/sdk/drives/fsl_clock.c:621:109
	add	r0, r2
	.loc	1 622 40                        @ ../../libraries/sdk/drives/fsl_clock.c:622:40
	add.w	r0, r0, #8192
	.loc	1 620 25                        @ ../../libraries/sdk/drives/fsl_clock.c:620:25
	str	r0, [r1]
	.loc	1 625 33                        @ ../../libraries/sdk/drives/fsl_clock.c:625:33
	ldr	r0, [sp]
	ldr	r0, [r0, #4]
	bic	r0, r0, #-1073741824
	movw	r1, #32848
	movt	r1, #16397
	.loc	1 625 31 is_stmt 0              @ ../../libraries/sdk/drives/fsl_clock.c:625:31
	str	r0, [r1]
	.loc	1 626 33 is_stmt 1              @ ../../libraries/sdk/drives/fsl_clock.c:626:33
	ldr	r0, [sp]
	ldr	r0, [r0, #8]
	bic	r0, r0, #-1073741824
	movw	r1, #32864
	movt	r1, #16397
	.loc	1 626 31 is_stmt 0              @ ../../libraries/sdk/drives/fsl_clock.c:626:31
	str	r0, [r1]
	.loc	1 629 30 is_stmt 1              @ ../../libraries/sdk/drives/fsl_clock.c:629:30
	ldr	r1, [sp]
	ldrh	r0, [r1, #18]
	bfc	r0, #15, #17
	.loc	1 630 30                        @ ../../libraries/sdk/drives/fsl_clock.c:630:30
	ldrb	r2, [r1, #16]
	lsls	r2, r2, #15
	uxth	r2, r2
	.loc	1 629 74                        @ ../../libraries/sdk/drives/fsl_clock.c:629:74
	add	r0, r2
	.loc	1 631 30                        @ ../../libraries/sdk/drives/fsl_clock.c:631:30
	ldrh	r1, [r1, #14]
	.loc	1 630 78                        @ ../../libraries/sdk/drives/fsl_clock.c:630:78
	orr.w	r0, r0, r1, lsl #16
	movw	r1, #32832
	movt	r1, #16397
	.loc	1 629 28                        @ ../../libraries/sdk/drives/fsl_clock.c:629:28
	str	r0, [r1]
	.loc	1 633 5                         @ ../../libraries/sdk/drives/fsl_clock.c:633:5
	b	.LBB25_1
.LBB25_1:                               @ =>This Inner Loop Header: Depth=1
	.loc	1 0 5 is_stmt 0                 @ ../../libraries/sdk/drives/fsl_clock.c:0:5
	movw	r0, #32816
	movt	r0, #16397
	.loc	1 633 25                        @ ../../libraries/sdk/drives/fsl_clock.c:633:25
	ldr	r0, [r0]
	.loc	1 633 5                         @ ../../libraries/sdk/drives/fsl_clock.c:633:5
	lsrs	r0, r0, #31
	cbnz	r0, .LBB25_3
	b	.LBB25_2
.LBB25_2:                               @   in Loop: Header=BB25_1 Depth=1
	b	.LBB25_1
.LBB25_3:
	.loc	1 0 5                           @ ../../libraries/sdk/drives/fsl_clock.c:0:5
	movw	r1, #32816
	movt	r1, #16397
	.loc	1 638 25 is_stmt 1              @ ../../libraries/sdk/drives/fsl_clock.c:638:25
	ldr	r0, [r1]
	bic	r0, r0, #65536
	str	r0, [r1]
	.loc	1 639 1                         @ ../../libraries/sdk/drives/fsl_clock.c:639:1
	add	sp, #4
	bx	lr
.Ltmp130:
.Lfunc_end25:
	.size	CLOCK_InitSysPll, .Lfunc_end25-CLOCK_InitSysPll
	.cfi_endproc
	.cantunwind
	.fnend
                                        @ -- End function
	.section	.text.CLOCK_DeinitSysPll,"ax",%progbits
	.hidden	CLOCK_DeinitSysPll              @ -- Begin function CLOCK_DeinitSysPll
	.globl	CLOCK_DeinitSysPll
	.p2align	3
	.type	CLOCK_DeinitSysPll,%function
	.code	16                              @ @CLOCK_DeinitSysPll
	.thumb_func
CLOCK_DeinitSysPll:
.Lfunc_begin26:
	.loc	1 645 0                         @ ../../libraries/sdk/drives/fsl_clock.c:645:0
	.fnstart
	.cfi_startproc
@ %bb.0:
	movw	r1, #32816
	movt	r1, #16397
	mov.w	r0, #4096
.Ltmp131:
	.loc	1 646 25 prologue_end           @ ../../libraries/sdk/drives/fsl_clock.c:646:25
	str	r0, [r1]
	.loc	1 647 1                         @ ../../libraries/sdk/drives/fsl_clock.c:647:1
	bx	lr
.Ltmp132:
.Lfunc_end26:
	.size	CLOCK_DeinitSysPll, .Lfunc_end26-CLOCK_DeinitSysPll
	.cfi_endproc
	.cantunwind
	.fnend
                                        @ -- End function
	.section	.text.CLOCK_DeinitUsb1Pll,"ax",%progbits
	.hidden	CLOCK_DeinitUsb1Pll             @ -- Begin function CLOCK_DeinitUsb1Pll
	.globl	CLOCK_DeinitUsb1Pll
	.p2align	3
	.type	CLOCK_DeinitUsb1Pll,%function
	.code	16                              @ @CLOCK_DeinitUsb1Pll
	.thumb_func
CLOCK_DeinitUsb1Pll:
.Lfunc_begin27:
	.loc	1 678 0                         @ ../../libraries/sdk/drives/fsl_clock.c:678:0
	.fnstart
	.cfi_startproc
@ %bb.0:
	movw	r1, #32784
	movt	r1, #16397
	movs	r0, #0
.Ltmp133:
	.loc	1 679 26 prologue_end           @ ../../libraries/sdk/drives/fsl_clock.c:679:26
	str	r0, [r1]
	.loc	1 680 1                         @ ../../libraries/sdk/drives/fsl_clock.c:680:1
	bx	lr
.Ltmp134:
.Lfunc_end27:
	.size	CLOCK_DeinitUsb1Pll, .Lfunc_end27-CLOCK_DeinitUsb1Pll
	.cfi_endproc
	.cantunwind
	.fnend
                                        @ -- End function
	.section	.text.CLOCK_InitUsb2Pll,"ax",%progbits
	.hidden	CLOCK_InitUsb2Pll               @ -- Begin function CLOCK_InitUsb2Pll
	.globl	CLOCK_InitUsb2Pll
	.p2align	3
	.type	CLOCK_InitUsb2Pll,%function
	.code	16                              @ @CLOCK_InitUsb2Pll
	.thumb_func
CLOCK_InitUsb2Pll:
.Lfunc_begin28:
	.loc	1 690 0                         @ ../../libraries/sdk/drives/fsl_clock.c:690:0
	.fnstart
	.cfi_startproc
@ %bb.0:
	.pad	#4
	sub	sp, #4
	.cfi_def_cfa_offset 4
	str	r0, [sp]
	movw	r1, #32800
	movt	r1, #16397
.Ltmp135:
	.loc	1 692 41 prologue_end           @ ../../libraries/sdk/drives/fsl_clock.c:692:41
	ldr	r0, [r1]
	.loc	1 692 50 is_stmt 0              @ ../../libraries/sdk/drives/fsl_clock.c:692:50
	bic	r0, r0, #114688
	.loc	1 693 62 is_stmt 1              @ ../../libraries/sdk/drives/fsl_clock.c:693:62
	ldr	r2, [sp]
	ldrb	r2, [r2, #1]
	lsls	r2, r2, #14
	uxth	r2, r2
	.loc	1 692 96                        @ ../../libraries/sdk/drives/fsl_clock.c:692:96
	add	r0, r2
	.loc	1 693 60                        @ ../../libraries/sdk/drives/fsl_clock.c:693:60
	add.w	r0, r0, #65536
	.loc	1 692 26                        @ ../../libraries/sdk/drives/fsl_clock.c:692:26
	str	r0, [r1]
	.loc	1 695 41                        @ ../../libraries/sdk/drives/fsl_clock.c:695:41
	ldr	r0, [r1]
	.loc	1 697 67                        @ ../../libraries/sdk/drives/fsl_clock.c:697:67
	ldr	r2, [sp]
	ldrb	r2, [r2]
	.loc	1 695 92                        @ ../../libraries/sdk/drives/fsl_clock.c:695:92
	ubfx	r2, r2, #0, #31
	bfi	r0, r2, #1, #1
	.loc	1 697 65                        @ ../../libraries/sdk/drives/fsl_clock.c:697:65
	orr	r0, r0, #12352
	.loc	1 695 26                        @ ../../libraries/sdk/drives/fsl_clock.c:695:26
	str	r0, [r1]
	.loc	1 699 5                         @ ../../libraries/sdk/drives/fsl_clock.c:699:5
	b	.LBB28_1
.LBB28_1:                               @ =>This Inner Loop Header: Depth=1
	.loc	1 0 5 is_stmt 0                 @ ../../libraries/sdk/drives/fsl_clock.c:0:5
	movw	r0, #32800
	movt	r0, #16397
	.loc	1 699 25                        @ ../../libraries/sdk/drives/fsl_clock.c:699:25
	ldr	r0, [r0]
	.loc	1 699 5                         @ ../../libraries/sdk/drives/fsl_clock.c:699:5
	lsrs	r0, r0, #31
	cbnz	r0, .LBB28_3
	b	.LBB28_2
.LBB28_2:                               @   in Loop: Header=BB28_1 Depth=1
	b	.LBB28_1
.LBB28_3:
	.loc	1 0 5                           @ ../../libraries/sdk/drives/fsl_clock.c:0:5
	movw	r1, #32800
	movt	r1, #16397
	.loc	1 704 26 is_stmt 1              @ ../../libraries/sdk/drives/fsl_clock.c:704:26
	ldr	r0, [r1]
	bic	r0, r0, #65536
	str	r0, [r1]
	.loc	1 705 1                         @ ../../libraries/sdk/drives/fsl_clock.c:705:1
	add	sp, #4
	bx	lr
.Ltmp136:
.Lfunc_end28:
	.size	CLOCK_InitUsb2Pll, .Lfunc_end28-CLOCK_InitUsb2Pll
	.cfi_endproc
	.cantunwind
	.fnend
                                        @ -- End function
	.section	.text.CLOCK_DeinitUsb2Pll,"ax",%progbits
	.hidden	CLOCK_DeinitUsb2Pll             @ -- Begin function CLOCK_DeinitUsb2Pll
	.globl	CLOCK_DeinitUsb2Pll
	.p2align	3
	.type	CLOCK_DeinitUsb2Pll,%function
	.code	16                              @ @CLOCK_DeinitUsb2Pll
	.thumb_func
CLOCK_DeinitUsb2Pll:
.Lfunc_begin29:
	.loc	1 711 0                         @ ../../libraries/sdk/drives/fsl_clock.c:711:0
	.fnstart
	.cfi_startproc
@ %bb.0:
	movw	r1, #32800
	movt	r1, #16397
	movs	r0, #0
.Ltmp137:
	.loc	1 712 26 prologue_end           @ ../../libraries/sdk/drives/fsl_clock.c:712:26
	str	r0, [r1]
	.loc	1 713 1                         @ ../../libraries/sdk/drives/fsl_clock.c:713:1
	bx	lr
.Ltmp138:
.Lfunc_end29:
	.size	CLOCK_DeinitUsb2Pll, .Lfunc_end29-CLOCK_DeinitUsb2Pll
	.cfi_endproc
	.cantunwind
	.fnend
                                        @ -- End function
	.section	.text.CLOCK_InitAudioPll,"ax",%progbits
	.hidden	CLOCK_InitAudioPll              @ -- Begin function CLOCK_InitAudioPll
	.globl	CLOCK_InitAudioPll
	.p2align	3
	.type	CLOCK_InitAudioPll,%function
	.code	16                              @ @CLOCK_InitAudioPll
	.thumb_func
CLOCK_InitAudioPll:
.Lfunc_begin30:
	.loc	1 723 0                         @ ../../libraries/sdk/drives/fsl_clock.c:723:0
	.fnstart
	.cfi_startproc
@ %bb.0:
	.pad	#16
	sub	sp, #16
	.cfi_def_cfa_offset 16
	str	r0, [sp, #12]
	movs	r0, #0
.Ltmp139:
	.loc	1 725 14 prologue_end           @ ../../libraries/sdk/drives/fsl_clock.c:725:14
	str	r0, [sp, #4]
	movw	r0, #32880
	movt	r0, #16397
	.loc	1 728 42                        @ ../../libraries/sdk/drives/fsl_clock.c:728:42
	ldr	r1, [r0]
	.loc	1 728 52 is_stmt 0              @ ../../libraries/sdk/drives/fsl_clock.c:728:52
	bic	r1, r1, #114688
	.loc	1 729 64 is_stmt 1              @ ../../libraries/sdk/drives/fsl_clock.c:729:64
	ldr	r2, [sp, #12]
	ldrb	r2, [r2, #12]
	lsls	r2, r2, #14
	uxth	r2, r2
	.loc	1 728 99                        @ ../../libraries/sdk/drives/fsl_clock.c:728:99
	add	r1, r2
	.loc	1 729 62                        @ ../../libraries/sdk/drives/fsl_clock.c:729:62
	add.w	r1, r1, #65536
	.loc	1 728 27                        @ ../../libraries/sdk/drives/fsl_clock.c:728:27
	str	r1, [r0]
	.loc	1 731 35                        @ ../../libraries/sdk/drives/fsl_clock.c:731:35
	ldr	r1, [sp, #12]
	ldr	r1, [r1, #4]
	bic	r1, r1, #-1073741824
	movw	r2, #32896
	movt	r2, #16397
	.loc	1 731 33 is_stmt 0              @ ../../libraries/sdk/drives/fsl_clock.c:731:33
	str	r1, [r2]
	.loc	1 732 35 is_stmt 1              @ ../../libraries/sdk/drives/fsl_clock.c:732:35
	ldr	r1, [sp, #12]
	ldr	r1, [r1, #8]
	bic	r1, r1, #-1073741824
	movw	r2, #32912
	movt	r2, #16397
	.loc	1 732 33 is_stmt 0              @ ../../libraries/sdk/drives/fsl_clock.c:732:33
	str	r1, [r2]
	.loc	1 752 22 is_stmt 1              @ ../../libraries/sdk/drives/fsl_clock.c:752:22
	ldr	r0, [r0]
	movw	r1, #12415
	.loc	1 752 32 is_stmt 0              @ ../../libraries/sdk/drives/fsl_clock.c:752:32
	bics	r0, r1
	.loc	1 753 44 is_stmt 1              @ ../../libraries/sdk/drives/fsl_clock.c:753:44
	ldr	r1, [sp, #12]
	ldrb	r1, [r1]
	and	r1, r1, #127
	.loc	1 752 115                       @ ../../libraries/sdk/drives/fsl_clock.c:752:115
	add	r0, r1
	.loc	1 753 42                        @ ../../libraries/sdk/drives/fsl_clock.c:753:42
	add.w	r0, r0, #8192
	.loc	1 751 14                        @ ../../libraries/sdk/drives/fsl_clock.c:751:14
	str	r0, [sp, #8]
	.loc	1 755 13                        @ ../../libraries/sdk/drives/fsl_clock.c:755:13
	ldr	r0, [sp, #12]
	.loc	1 755 21 is_stmt 0              @ ../../libraries/sdk/drives/fsl_clock.c:755:21
	ldrb	r0, [r0, #1]
	.loc	1 755 5                         @ ../../libraries/sdk/drives/fsl_clock.c:755:5
	subs	r0, #2
	mov	r1, r0
	str	r1, [sp]                        @ 4-byte Spill
	cmp	r0, #14
	bhi	.LBB30_7
@ %bb.1:
	.loc	1 0 5                           @ ../../libraries/sdk/drives/fsl_clock.c:0:5
	ldr	r1, [sp]                        @ 4-byte Reload
.LCPI30_0:
	tbb	[pc, r1]
@ %bb.2:
.LJTI30_0:
	.byte	(.LBB30_6-(.LCPI30_0+4))/2
	.byte	(.LBB30_7-(.LCPI30_0+4))/2
	.byte	(.LBB30_5-(.LCPI30_0+4))/2
	.byte	(.LBB30_7-(.LCPI30_0+4))/2
	.byte	(.LBB30_7-(.LCPI30_0+4))/2
	.byte	(.LBB30_7-(.LCPI30_0+4))/2
	.byte	(.LBB30_4-(.LCPI30_0+4))/2
	.byte	(.LBB30_7-(.LCPI30_0+4))/2
	.byte	(.LBB30_7-(.LCPI30_0+4))/2
	.byte	(.LBB30_7-(.LCPI30_0+4))/2
	.byte	(.LBB30_7-(.LCPI30_0+4))/2
	.byte	(.LBB30_7-(.LCPI30_0+4))/2
	.byte	(.LBB30_7-(.LCPI30_0+4))/2
	.byte	(.LBB30_7-(.LCPI30_0+4))/2
	.byte	(.LBB30_3-(.LCPI30_0+4))/2
	.p2align	1
.LBB30_3:
	movw	r0, #32768
	movt	r0, #128
.Ltmp140:
	.loc	1 759 19 is_stmt 1              @ ../../libraries/sdk/drives/fsl_clock.c:759:19
	str	r0, [sp, #4]
	.loc	1 760 13                        @ ../../libraries/sdk/drives/fsl_clock.c:760:13
	b	.LBB30_8
.LBB30_4:
	.loc	1 763 22                        @ ../../libraries/sdk/drives/fsl_clock.c:763:22
	ldr	r0, [sp, #8]
	orr	r0, r0, #524288
	str	r0, [sp, #8]
	movw	r0, #32768
	movt	r0, #128
	.loc	1 764 19                        @ ../../libraries/sdk/drives/fsl_clock.c:764:19
	str	r0, [sp, #4]
	.loc	1 765 13                        @ ../../libraries/sdk/drives/fsl_clock.c:765:13
	b	.LBB30_8
.LBB30_5:
	.loc	1 768 22                        @ ../../libraries/sdk/drives/fsl_clock.c:768:22
	ldr	r0, [sp, #8]
	orr	r0, r0, #1048576
	str	r0, [sp, #8]
	movw	r0, #32768
	movt	r0, #128
	.loc	1 769 19                        @ ../../libraries/sdk/drives/fsl_clock.c:769:19
	str	r0, [sp, #4]
	.loc	1 770 13                        @ ../../libraries/sdk/drives/fsl_clock.c:770:13
	b	.LBB30_8
.LBB30_6:
	.loc	1 773 22                        @ ../../libraries/sdk/drives/fsl_clock.c:773:22
	ldr	r0, [sp, #8]
	orr	r0, r0, #524288
	str	r0, [sp, #8]
	.loc	1 774 13                        @ ../../libraries/sdk/drives/fsl_clock.c:774:13
	b	.LBB30_8
.LBB30_7:
	.loc	1 777 22                        @ ../../libraries/sdk/drives/fsl_clock.c:777:22
	ldr	r0, [sp, #8]
	orr	r0, r0, #1048576
	str	r0, [sp, #8]
	.loc	1 778 13                        @ ../../libraries/sdk/drives/fsl_clock.c:778:13
	b	.LBB30_8
.Ltmp141:
.LBB30_8:
	.loc	1 0 13 is_stmt 0                @ ../../libraries/sdk/drives/fsl_clock.c:0:13
	movw	r1, #33136
	movt	r1, #16397
	.loc	1 782 22 is_stmt 1              @ ../../libraries/sdk/drives/fsl_clock.c:782:22
	ldr	r0, [r1]
	movw	r2, #32767
	movt	r2, #65407
	.loc	1 782 28 is_stmt 0              @ ../../libraries/sdk/drives/fsl_clock.c:782:28
	ands	r0, r2
	.loc	1 782 110                       @ ../../libraries/sdk/drives/fsl_clock.c:782:110
	ldr	r2, [sp, #4]
	.loc	1 782 108                       @ ../../libraries/sdk/drives/fsl_clock.c:782:108
	orrs	r0, r2
	.loc	1 781 23 is_stmt 1              @ ../../libraries/sdk/drives/fsl_clock.c:781:23
	str	r0, [r1]
	.loc	1 784 29                        @ ../../libraries/sdk/drives/fsl_clock.c:784:29
	ldr	r0, [sp, #8]
	movw	r1, #32880
	movt	r1, #16397
	.loc	1 784 27 is_stmt 0              @ ../../libraries/sdk/drives/fsl_clock.c:784:27
	str	r0, [r1]
	.loc	1 786 5 is_stmt 1               @ ../../libraries/sdk/drives/fsl_clock.c:786:5
	b	.LBB30_9
.LBB30_9:                               @ =>This Inner Loop Header: Depth=1
	.loc	1 0 5 is_stmt 0                 @ ../../libraries/sdk/drives/fsl_clock.c:0:5
	movw	r0, #32880
	movt	r0, #16397
	.loc	1 786 25                        @ ../../libraries/sdk/drives/fsl_clock.c:786:25
	ldr	r0, [r0]
	.loc	1 786 5                         @ ../../libraries/sdk/drives/fsl_clock.c:786:5
	lsrs	r0, r0, #31
	cbnz	r0, .LBB30_11
	b	.LBB30_10
.LBB30_10:                              @   in Loop: Header=BB30_9 Depth=1
	b	.LBB30_9
.LBB30_11:
	.loc	1 0 5                           @ ../../libraries/sdk/drives/fsl_clock.c:0:5
	movw	r1, #32880
	movt	r1, #16397
	.loc	1 791 27 is_stmt 1              @ ../../libraries/sdk/drives/fsl_clock.c:791:27
	ldr	r0, [r1]
	bic	r0, r0, #65536
	str	r0, [r1]
	.loc	1 792 1                         @ ../../libraries/sdk/drives/fsl_clock.c:792:1
	add	sp, #16
	bx	lr
.Ltmp142:
.Lfunc_end30:
	.size	CLOCK_InitAudioPll, .Lfunc_end30-CLOCK_InitAudioPll
	.cfi_endproc
	.cantunwind
	.fnend
                                        @ -- End function
	.section	.text.CLOCK_DeinitAudioPll,"ax",%progbits
	.hidden	CLOCK_DeinitAudioPll            @ -- Begin function CLOCK_DeinitAudioPll
	.globl	CLOCK_DeinitAudioPll
	.p2align	3
	.type	CLOCK_DeinitAudioPll,%function
	.code	16                              @ @CLOCK_DeinitAudioPll
	.thumb_func
CLOCK_DeinitAudioPll:
.Lfunc_begin31:
	.loc	1 798 0                         @ ../../libraries/sdk/drives/fsl_clock.c:798:0
	.fnstart
	.cfi_startproc
@ %bb.0:
	movw	r1, #32880
	movt	r1, #16397
	mov.w	r0, #4096
.Ltmp143:
	.loc	1 799 27 prologue_end           @ ../../libraries/sdk/drives/fsl_clock.c:799:27
	str	r0, [r1]
	.loc	1 800 1                         @ ../../libraries/sdk/drives/fsl_clock.c:800:1
	bx	lr
.Ltmp144:
.Lfunc_end31:
	.size	CLOCK_DeinitAudioPll, .Lfunc_end31-CLOCK_DeinitAudioPll
	.cfi_endproc
	.cantunwind
	.fnend
                                        @ -- End function
	.section	.text.CLOCK_InitVideoPll,"ax",%progbits
	.hidden	CLOCK_InitVideoPll              @ -- Begin function CLOCK_InitVideoPll
	.globl	CLOCK_InitVideoPll
	.p2align	3
	.type	CLOCK_InitVideoPll,%function
	.code	16                              @ @CLOCK_InitVideoPll
	.thumb_func
CLOCK_InitVideoPll:
.Lfunc_begin32:
	.loc	1 810 0                         @ ../../libraries/sdk/drives/fsl_clock.c:810:0
	.fnstart
	.cfi_startproc
@ %bb.0:
	.pad	#16
	sub	sp, #16
	.cfi_def_cfa_offset 16
	str	r0, [sp, #12]
	movs	r0, #0
.Ltmp145:
	.loc	1 812 14 prologue_end           @ ../../libraries/sdk/drives/fsl_clock.c:812:14
	str	r0, [sp, #4]
	movw	r0, #32928
	movt	r0, #16397
	.loc	1 815 42                        @ ../../libraries/sdk/drives/fsl_clock.c:815:42
	ldr	r1, [r0]
	.loc	1 815 52 is_stmt 0              @ ../../libraries/sdk/drives/fsl_clock.c:815:52
	bic	r1, r1, #114688
	.loc	1 816 64 is_stmt 1              @ ../../libraries/sdk/drives/fsl_clock.c:816:64
	ldr	r2, [sp, #12]
	ldrb	r2, [r2, #12]
	lsls	r2, r2, #14
	uxth	r2, r2
	.loc	1 815 99                        @ ../../libraries/sdk/drives/fsl_clock.c:815:99
	add	r1, r2
	.loc	1 816 62                        @ ../../libraries/sdk/drives/fsl_clock.c:816:62
	add.w	r1, r1, #65536
	.loc	1 815 27                        @ ../../libraries/sdk/drives/fsl_clock.c:815:27
	str	r1, [r0]
	.loc	1 818 35                        @ ../../libraries/sdk/drives/fsl_clock.c:818:35
	ldr	r1, [sp, #12]
	ldr	r1, [r1, #4]
	bic	r1, r1, #-1073741824
	movw	r2, #32944
	movt	r2, #16397
	.loc	1 818 33 is_stmt 0              @ ../../libraries/sdk/drives/fsl_clock.c:818:33
	str	r1, [r2]
	.loc	1 819 35 is_stmt 1              @ ../../libraries/sdk/drives/fsl_clock.c:819:35
	ldr	r1, [sp, #12]
	ldr	r1, [r1, #8]
	bic	r1, r1, #-1073741824
	movw	r2, #32960
	movt	r2, #16397
	.loc	1 819 33 is_stmt 0              @ ../../libraries/sdk/drives/fsl_clock.c:819:33
	str	r1, [r2]
	.loc	1 839 22 is_stmt 1              @ ../../libraries/sdk/drives/fsl_clock.c:839:22
	ldr	r0, [r0]
	movw	r1, #12415
	.loc	1 839 32 is_stmt 0              @ ../../libraries/sdk/drives/fsl_clock.c:839:32
	bics	r0, r1
	.loc	1 840 44 is_stmt 1              @ ../../libraries/sdk/drives/fsl_clock.c:840:44
	ldr	r1, [sp, #12]
	ldrb	r1, [r1]
	and	r1, r1, #127
	.loc	1 839 115                       @ ../../libraries/sdk/drives/fsl_clock.c:839:115
	add	r0, r1
	.loc	1 840 42                        @ ../../libraries/sdk/drives/fsl_clock.c:840:42
	add.w	r0, r0, #8192
	.loc	1 838 14                        @ ../../libraries/sdk/drives/fsl_clock.c:838:14
	str	r0, [sp, #8]
	.loc	1 842 13                        @ ../../libraries/sdk/drives/fsl_clock.c:842:13
	ldr	r0, [sp, #12]
	.loc	1 842 21 is_stmt 0              @ ../../libraries/sdk/drives/fsl_clock.c:842:21
	ldrb	r0, [r0, #1]
	.loc	1 842 5                         @ ../../libraries/sdk/drives/fsl_clock.c:842:5
	subs	r0, #2
	mov	r1, r0
	str	r1, [sp]                        @ 4-byte Spill
	cmp	r0, #14
	bhi	.LBB32_7
@ %bb.1:
	.loc	1 0 5                           @ ../../libraries/sdk/drives/fsl_clock.c:0:5
	ldr	r1, [sp]                        @ 4-byte Reload
.LCPI32_0:
	tbb	[pc, r1]
@ %bb.2:
.LJTI32_0:
	.byte	(.LBB32_6-(.LCPI32_0+4))/2
	.byte	(.LBB32_7-(.LCPI32_0+4))/2
	.byte	(.LBB32_5-(.LCPI32_0+4))/2
	.byte	(.LBB32_7-(.LCPI32_0+4))/2
	.byte	(.LBB32_7-(.LCPI32_0+4))/2
	.byte	(.LBB32_7-(.LCPI32_0+4))/2
	.byte	(.LBB32_4-(.LCPI32_0+4))/2
	.byte	(.LBB32_7-(.LCPI32_0+4))/2
	.byte	(.LBB32_7-(.LCPI32_0+4))/2
	.byte	(.LBB32_7-(.LCPI32_0+4))/2
	.byte	(.LBB32_7-(.LCPI32_0+4))/2
	.byte	(.LBB32_7-(.LCPI32_0+4))/2
	.byte	(.LBB32_7-(.LCPI32_0+4))/2
	.byte	(.LBB32_7-(.LCPI32_0+4))/2
	.byte	(.LBB32_3-(.LCPI32_0+4))/2
	.p2align	1
.LBB32_3:
	mov.w	r0, #-1073741824
.Ltmp146:
	.loc	1 846 19 is_stmt 1              @ ../../libraries/sdk/drives/fsl_clock.c:846:19
	str	r0, [sp, #4]
	.loc	1 847 13                        @ ../../libraries/sdk/drives/fsl_clock.c:847:13
	b	.LBB32_8
.LBB32_4:
	.loc	1 850 22                        @ ../../libraries/sdk/drives/fsl_clock.c:850:22
	ldr	r0, [sp, #8]
	orr	r0, r0, #524288
	str	r0, [sp, #8]
	mov.w	r0, #-1073741824
	.loc	1 851 19                        @ ../../libraries/sdk/drives/fsl_clock.c:851:19
	str	r0, [sp, #4]
	.loc	1 852 13                        @ ../../libraries/sdk/drives/fsl_clock.c:852:13
	b	.LBB32_8
.LBB32_5:
	.loc	1 855 22                        @ ../../libraries/sdk/drives/fsl_clock.c:855:22
	ldr	r0, [sp, #8]
	orr	r0, r0, #1048576
	str	r0, [sp, #8]
	mov.w	r0, #-1073741824
	.loc	1 856 19                        @ ../../libraries/sdk/drives/fsl_clock.c:856:19
	str	r0, [sp, #4]
	.loc	1 857 13                        @ ../../libraries/sdk/drives/fsl_clock.c:857:13
	b	.LBB32_8
.LBB32_6:
	.loc	1 860 22                        @ ../../libraries/sdk/drives/fsl_clock.c:860:22
	ldr	r0, [sp, #8]
	orr	r0, r0, #524288
	str	r0, [sp, #8]
	.loc	1 861 13                        @ ../../libraries/sdk/drives/fsl_clock.c:861:13
	b	.LBB32_8
.LBB32_7:
	.loc	1 864 22                        @ ../../libraries/sdk/drives/fsl_clock.c:864:22
	ldr	r0, [sp, #8]
	orr	r0, r0, #1048576
	str	r0, [sp, #8]
	.loc	1 865 13                        @ ../../libraries/sdk/drives/fsl_clock.c:865:13
	b	.LBB32_8
.Ltmp147:
.LBB32_8:
	.loc	1 0 13 is_stmt 0                @ ../../libraries/sdk/drives/fsl_clock.c:0:13
	movw	r1, #33136
	movt	r1, #16397
	.loc	1 868 38 is_stmt 1              @ ../../libraries/sdk/drives/fsl_clock.c:868:38
	ldr	r0, [r1]
	.loc	1 868 44 is_stmt 0              @ ../../libraries/sdk/drives/fsl_clock.c:868:44
	bic	r0, r0, #-1073741824
	.loc	1 868 82                        @ ../../libraries/sdk/drives/fsl_clock.c:868:82
	ldr	r2, [sp, #4]
	.loc	1 868 80                        @ ../../libraries/sdk/drives/fsl_clock.c:868:80
	orrs	r0, r2
	.loc	1 868 23                        @ ../../libraries/sdk/drives/fsl_clock.c:868:23
	str	r0, [r1]
	.loc	1 870 29 is_stmt 1              @ ../../libraries/sdk/drives/fsl_clock.c:870:29
	ldr	r0, [sp, #8]
	movw	r1, #32928
	movt	r1, #16397
	.loc	1 870 27 is_stmt 0              @ ../../libraries/sdk/drives/fsl_clock.c:870:27
	str	r0, [r1]
	.loc	1 872 5 is_stmt 1               @ ../../libraries/sdk/drives/fsl_clock.c:872:5
	b	.LBB32_9
.LBB32_9:                               @ =>This Inner Loop Header: Depth=1
	.loc	1 0 5 is_stmt 0                 @ ../../libraries/sdk/drives/fsl_clock.c:0:5
	movw	r0, #32928
	movt	r0, #16397
	.loc	1 872 25                        @ ../../libraries/sdk/drives/fsl_clock.c:872:25
	ldr	r0, [r0]
	.loc	1 872 5                         @ ../../libraries/sdk/drives/fsl_clock.c:872:5
	lsrs	r0, r0, #31
	cbnz	r0, .LBB32_11
	b	.LBB32_10
.LBB32_10:                              @   in Loop: Header=BB32_9 Depth=1
	b	.LBB32_9
.LBB32_11:
	.loc	1 0 5                           @ ../../libraries/sdk/drives/fsl_clock.c:0:5
	movw	r1, #32928
	movt	r1, #16397
	.loc	1 877 27 is_stmt 1              @ ../../libraries/sdk/drives/fsl_clock.c:877:27
	ldr	r0, [r1]
	bic	r0, r0, #65536
	str	r0, [r1]
	.loc	1 878 1                         @ ../../libraries/sdk/drives/fsl_clock.c:878:1
	add	sp, #16
	bx	lr
.Ltmp148:
.Lfunc_end32:
	.size	CLOCK_InitVideoPll, .Lfunc_end32-CLOCK_InitVideoPll
	.cfi_endproc
	.cantunwind
	.fnend
                                        @ -- End function
	.section	.text.CLOCK_DeinitVideoPll,"ax",%progbits
	.hidden	CLOCK_DeinitVideoPll            @ -- Begin function CLOCK_DeinitVideoPll
	.globl	CLOCK_DeinitVideoPll
	.p2align	3
	.type	CLOCK_DeinitVideoPll,%function
	.code	16                              @ @CLOCK_DeinitVideoPll
	.thumb_func
CLOCK_DeinitVideoPll:
.Lfunc_begin33:
	.loc	1 884 0                         @ ../../libraries/sdk/drives/fsl_clock.c:884:0
	.fnstart
	.cfi_startproc
@ %bb.0:
	movw	r1, #32928
	movt	r1, #16397
	mov.w	r0, #4096
.Ltmp149:
	.loc	1 885 27 prologue_end           @ ../../libraries/sdk/drives/fsl_clock.c:885:27
	str	r0, [r1]
	.loc	1 886 1                         @ ../../libraries/sdk/drives/fsl_clock.c:886:1
	bx	lr
.Ltmp150:
.Lfunc_end33:
	.size	CLOCK_DeinitVideoPll, .Lfunc_end33-CLOCK_DeinitVideoPll
	.cfi_endproc
	.cantunwind
	.fnend
                                        @ -- End function
	.section	.text.CLOCK_InitEnetPll,"ax",%progbits
	.hidden	CLOCK_InitEnetPll               @ -- Begin function CLOCK_InitEnetPll
	.globl	CLOCK_InitEnetPll
	.p2align	3
	.type	CLOCK_InitEnetPll,%function
	.code	16                              @ @CLOCK_InitEnetPll
	.thumb_func
CLOCK_InitEnetPll:
.Lfunc_begin34:
	.loc	1 896 0                         @ ../../libraries/sdk/drives/fsl_clock.c:896:0
	.fnstart
	.cfi_startproc
@ %bb.0:
	.pad	#8
	sub	sp, #8
	.cfi_def_cfa_offset 8
	str	r0, [sp, #4]
.Ltmp151:
	.loc	1 897 25 prologue_end           @ ../../libraries/sdk/drives/fsl_clock.c:897:25
	ldr	r1, [sp, #4]
	ldrb	r0, [r1, #2]
	.loc	1 898 25                        @ ../../libraries/sdk/drives/fsl_clock.c:898:25
	ldrb	r1, [r1, #5]
	.loc	1 897 25                        @ ../../libraries/sdk/drives/fsl_clock.c:897:25
	and	r0, r0, #3
	.loc	1 898 25                        @ ../../libraries/sdk/drives/fsl_clock.c:898:25
	and	r1, r1, #3
	.loc	1 897 77                        @ ../../libraries/sdk/drives/fsl_clock.c:897:77
	orr.w	r0, r0, r1, lsl #2
	.loc	1 897 14 is_stmt 0              @ ../../libraries/sdk/drives/fsl_clock.c:897:14
	str	r0, [sp]
	movw	r1, #32992
	movt	r1, #16397
	.loc	1 900 41 is_stmt 1              @ ../../libraries/sdk/drives/fsl_clock.c:900:41
	ldr	r0, [r1]
	.loc	1 900 50 is_stmt 0              @ ../../libraries/sdk/drives/fsl_clock.c:900:50
	bic	r0, r0, #114688
	.loc	1 901 62 is_stmt 1              @ ../../libraries/sdk/drives/fsl_clock.c:901:62
	ldr	r2, [sp, #4]
	ldrb	r2, [r2, #3]
	and	r2, r2, #3
	.loc	1 900 96                        @ ../../libraries/sdk/drives/fsl_clock.c:900:96
	orr.w	r0, r0, r2, lsl #14
	.loc	1 901 60                        @ ../../libraries/sdk/drives/fsl_clock.c:901:60
	add.w	r0, r0, #65536
	.loc	1 900 26                        @ ../../libraries/sdk/drives/fsl_clock.c:900:26
	str	r0, [r1]
.Ltmp152:
	.loc	1 903 9                         @ ../../libraries/sdk/drives/fsl_clock.c:903:9
	ldr	r0, [sp, #4]
	.loc	1 903 17 is_stmt 0              @ ../../libraries/sdk/drives/fsl_clock.c:903:17
	ldrb	r0, [r0]
.Ltmp153:
	.loc	1 903 9                         @ ../../libraries/sdk/drives/fsl_clock.c:903:9
	lsls	r0, r0, #31
	cbz	r0, .LBB34_2
	b	.LBB34_1
.LBB34_1:
.Ltmp154:
	.loc	1 905 18 is_stmt 1              @ ../../libraries/sdk/drives/fsl_clock.c:905:18
	ldr	r0, [sp]
	orr	r0, r0, #8192
	str	r0, [sp]
	.loc	1 906 5                         @ ../../libraries/sdk/drives/fsl_clock.c:906:5
	b	.LBB34_2
.Ltmp155:
.LBB34_2:
	.loc	1 908 9                         @ ../../libraries/sdk/drives/fsl_clock.c:908:9
	ldr	r0, [sp, #4]
	.loc	1 908 17 is_stmt 0              @ ../../libraries/sdk/drives/fsl_clock.c:908:17
	ldrb	r0, [r0, #4]
.Ltmp156:
	.loc	1 908 9                         @ ../../libraries/sdk/drives/fsl_clock.c:908:9
	lsls	r0, r0, #31
	cbz	r0, .LBB34_4
	b	.LBB34_3
.LBB34_3:
.Ltmp157:
	.loc	1 910 18 is_stmt 1              @ ../../libraries/sdk/drives/fsl_clock.c:910:18
	ldr	r0, [sp]
	orr	r0, r0, #1048576
	str	r0, [sp]
	.loc	1 911 5                         @ ../../libraries/sdk/drives/fsl_clock.c:911:5
	b	.LBB34_4
.Ltmp158:
.LBB34_4:
	.loc	1 913 9                         @ ../../libraries/sdk/drives/fsl_clock.c:913:9
	ldr	r0, [sp, #4]
	.loc	1 913 17 is_stmt 0              @ ../../libraries/sdk/drives/fsl_clock.c:913:17
	ldrb	r0, [r0, #1]
.Ltmp159:
	.loc	1 913 9                         @ ../../libraries/sdk/drives/fsl_clock.c:913:9
	lsls	r0, r0, #31
	cbz	r0, .LBB34_6
	b	.LBB34_5
.LBB34_5:
.Ltmp160:
	.loc	1 915 18 is_stmt 1              @ ../../libraries/sdk/drives/fsl_clock.c:915:18
	ldr	r0, [sp]
	orr	r0, r0, #2097152
	str	r0, [sp]
	.loc	1 916 5                         @ ../../libraries/sdk/drives/fsl_clock.c:916:5
	b	.LBB34_6
.Ltmp161:
.LBB34_6:
	.loc	1 0 5 is_stmt 0                 @ ../../libraries/sdk/drives/fsl_clock.c:0:5
	movw	r1, #32992
	movt	r1, #16397
	.loc	1 919 22 is_stmt 1              @ ../../libraries/sdk/drives/fsl_clock.c:919:22
	ldr	r0, [r1]
	movw	r2, #4111
	.loc	1 919 31 is_stmt 0              @ ../../libraries/sdk/drives/fsl_clock.c:919:31
	bics	r0, r2
	.loc	1 921 9 is_stmt 1               @ ../../libraries/sdk/drives/fsl_clock.c:921:9
	ldr	r2, [sp]
	.loc	1 920 74                        @ ../../libraries/sdk/drives/fsl_clock.c:920:74
	orrs	r0, r2
	.loc	1 918 26                        @ ../../libraries/sdk/drives/fsl_clock.c:918:26
	str	r0, [r1]
	.loc	1 924 5                         @ ../../libraries/sdk/drives/fsl_clock.c:924:5
	b	.LBB34_7
.LBB34_7:                               @ =>This Inner Loop Header: Depth=1
	.loc	1 0 5 is_stmt 0                 @ ../../libraries/sdk/drives/fsl_clock.c:0:5
	movw	r0, #32992
	movt	r0, #16397
	.loc	1 924 25                        @ ../../libraries/sdk/drives/fsl_clock.c:924:25
	ldr	r0, [r0]
	.loc	1 924 5                         @ ../../libraries/sdk/drives/fsl_clock.c:924:5
	lsrs	r0, r0, #31
	cbnz	r0, .LBB34_9
	b	.LBB34_8
.LBB34_8:                               @   in Loop: Header=BB34_7 Depth=1
	b	.LBB34_7
.LBB34_9:
	.loc	1 0 5                           @ ../../libraries/sdk/drives/fsl_clock.c:0:5
	movw	r1, #32992
	movt	r1, #16397
	.loc	1 929 26 is_stmt 1              @ ../../libraries/sdk/drives/fsl_clock.c:929:26
	ldr	r0, [r1]
	bic	r0, r0, #65536
	str	r0, [r1]
	.loc	1 930 1                         @ ../../libraries/sdk/drives/fsl_clock.c:930:1
	add	sp, #8
	bx	lr
.Ltmp162:
.Lfunc_end34:
	.size	CLOCK_InitEnetPll, .Lfunc_end34-CLOCK_InitEnetPll
	.cfi_endproc
	.cantunwind
	.fnend
                                        @ -- End function
	.section	.text.CLOCK_DeinitEnetPll,"ax",%progbits
	.hidden	CLOCK_DeinitEnetPll             @ -- Begin function CLOCK_DeinitEnetPll
	.globl	CLOCK_DeinitEnetPll
	.p2align	3
	.type	CLOCK_DeinitEnetPll,%function
	.code	16                              @ @CLOCK_DeinitEnetPll
	.thumb_func
CLOCK_DeinitEnetPll:
.Lfunc_begin35:
	.loc	1 938 0                         @ ../../libraries/sdk/drives/fsl_clock.c:938:0
	.fnstart
	.cfi_startproc
@ %bb.0:
	movw	r1, #32992
	movt	r1, #16397
	mov.w	r0, #4096
.Ltmp163:
	.loc	1 939 26 prologue_end           @ ../../libraries/sdk/drives/fsl_clock.c:939:26
	str	r0, [r1]
	.loc	1 940 1                         @ ../../libraries/sdk/drives/fsl_clock.c:940:1
	bx	lr
.Ltmp164:
.Lfunc_end35:
	.size	CLOCK_DeinitEnetPll, .Lfunc_end35-CLOCK_DeinitEnetPll
	.cfi_endproc
	.cantunwind
	.fnend
                                        @ -- End function
	.section	.text.CLOCK_IsPllEnabled,"ax",%progbits
	.p2align	3                               @ -- Begin function CLOCK_IsPllEnabled
	.type	CLOCK_IsPllEnabled,%function
	.code	16                              @ @CLOCK_IsPllEnabled
	.thumb_func
CLOCK_IsPllEnabled:
.Lfunc_begin36:
	.loc	2 1767 0                        @ ../../libraries/sdk/drives/fsl_clock.h:1767:0
	.fnstart
	.cfi_startproc
@ %bb.0:
	.pad	#8
	sub	sp, #8
	.cfi_def_cfa_offset 8
	str	r0, [sp, #4]
	str	r1, [sp]
.Ltmp165:
	.loc	2 1768 14 prologue_end          @ ../../libraries/sdk/drives/fsl_clock.h:1768:14
	ldr	r0, [sp, #4]
	ldrh.w	r1, [sp, #2]
	bfc	r1, #12, #20
	ldr	r0, [r0, r1]
	.loc	2 1768 56 is_stmt 0             @ ../../libraries/sdk/drives/fsl_clock.h:1768:56
	ldr	r1, [sp]
	and	r1, r1, #31
	.loc	2 1768 86                       @ ../../libraries/sdk/drives/fsl_clock.h:1768:86
	lsrs	r0, r1
	and	r0, r0, #1
	.loc	2 1768 5                        @ ../../libraries/sdk/drives/fsl_clock.h:1768:5
	add	sp, #8
	bx	lr
.Ltmp166:
.Lfunc_end36:
	.size	CLOCK_IsPllEnabled, .Lfunc_end36-CLOCK_IsPllEnabled
	.cfi_endproc
	.cantunwind
	.fnend
                                        @ -- End function
	.section	.text.CLOCK_GetPllBypassRefClk,"ax",%progbits
	.p2align	3                               @ -- Begin function CLOCK_GetPllBypassRefClk
	.type	CLOCK_GetPllBypassRefClk,%function
	.code	16                              @ @CLOCK_GetPllBypassRefClk
	.thumb_func
CLOCK_GetPllBypassRefClk:
.Lfunc_begin37:
	.loc	2 1793 0 is_stmt 1              @ ../../libraries/sdk/drives/fsl_clock.h:1793:0
	.fnstart
	.cfi_startproc
@ %bb.0:
	.save	{r7, lr}
	push	{r7, lr}
	.cfi_def_cfa_offset 8
	.cfi_offset lr, -4
	.cfi_offset r7, -8
	.pad	#16
	sub	sp, #16
	.cfi_def_cfa_offset 24
	str	r0, [sp, #12]
	str	r1, [sp, #8]
.Ltmp167:
	.loc	2 1794 15 prologue_end          @ ../../libraries/sdk/drives/fsl_clock.h:1794:15
	ldr	r0, [sp, #12]
	ldrh.w	r1, [sp, #10]
	bfc	r1, #12, #20
	ldr	r0, [r0, r1]
	.loc	2 1794 47 is_stmt 0             @ ../../libraries/sdk/drives/fsl_clock.h:1794:47
	uxth	r1, r0
	movs	r0, #0
	.loc	2 1794 12                       @ ../../libraries/sdk/drives/fsl_clock.h:1794:12
	cmp.w	r0, r1, lsr #14
	bne	.LBB37_2
	b	.LBB37_1
.LBB37_1:
	.loc	2 1796 16 is_stmt 1             @ ../../libraries/sdk/drives/fsl_clock.h:1796:16
	bl	CLOCK_GetOscFreq
	.loc	2 1794 12                       @ ../../libraries/sdk/drives/fsl_clock.h:1794:12
	str	r0, [sp, #4]                    @ 4-byte Spill
	b	.LBB37_3
.LBB37_2:
	.loc	2 0 12 is_stmt 0                @ ../../libraries/sdk/drives/fsl_clock.h:0:12
	movs	r0, #0
	.loc	2 1794 12                       @ ../../libraries/sdk/drives/fsl_clock.h:1794:12
	str	r0, [sp, #4]                    @ 4-byte Spill
	b	.LBB37_3
.LBB37_3:
	ldr	r0, [sp, #4]                    @ 4-byte Reload
	.loc	2 1794 5                        @ ../../libraries/sdk/drives/fsl_clock.h:1794:5
	add	sp, #16
	pop	{r7, pc}
.Ltmp168:
.Lfunc_end37:
	.size	CLOCK_GetPllBypassRefClk, .Lfunc_end37-CLOCK_GetPllBypassRefClk
	.cfi_endproc
	.cantunwind
	.fnend
                                        @ -- End function
	.section	.text.CLOCK_IsPllBypassed,"ax",%progbits
	.p2align	3                               @ -- Begin function CLOCK_IsPllBypassed
	.type	CLOCK_IsPllBypassed,%function
	.code	16                              @ @CLOCK_IsPllBypassed
	.thumb_func
CLOCK_IsPllBypassed:
.Lfunc_begin38:
	.loc	2 1753 0 is_stmt 1              @ ../../libraries/sdk/drives/fsl_clock.h:1753:0
	.fnstart
	.cfi_startproc
@ %bb.0:
	.pad	#8
	sub	sp, #8
	.cfi_def_cfa_offset 8
	str	r0, [sp, #4]
	str	r1, [sp]
.Ltmp169:
	.loc	2 1754 19 prologue_end          @ ../../libraries/sdk/drives/fsl_clock.h:1754:19
	ldr	r0, [sp, #4]
	ldrh.w	r1, [sp, #2]
	bfc	r1, #12, #20
	ldr	r0, [r0, r1]
	.loc	2 1754 12 is_stmt 0             @ ../../libraries/sdk/drives/fsl_clock.h:1754:12
	ubfx	r0, r0, #16, #1
	.loc	2 1754 5                        @ ../../libraries/sdk/drives/fsl_clock.h:1754:5
	add	sp, #8
	bx	lr
.Ltmp170:
.Lfunc_end38:
	.size	CLOCK_IsPllBypassed, .Lfunc_end38-CLOCK_IsPllBypassed
	.cfi_endproc
	.cantunwind
	.fnend
                                        @ -- End function
	.section	.text.CLOCK_InitSysPfd,"ax",%progbits
	.hidden	CLOCK_InitSysPfd                @ -- Begin function CLOCK_InitSysPfd
	.globl	CLOCK_InitSysPfd
	.p2align	3
	.type	CLOCK_InitSysPfd,%function
	.code	16                              @ @CLOCK_InitSysPfd
	.thumb_func
CLOCK_InitSysPfd:
.Lfunc_begin39:
	.loc	1 1175 0 is_stmt 1              @ ../../libraries/sdk/drives/fsl_clock.c:1175:0
	.fnstart
	.cfi_startproc
@ %bb.0:
	.pad	#12
	sub	sp, #12
	.cfi_def_cfa_offset 12
                                        @ kill: def $r2 killed $r1
                                        @ kill: def $r2 killed $r0
	strb.w	r0, [sp, #11]
	strb.w	r1, [sp, #10]
.Ltmp171:
	.loc	1 1176 35 prologue_end          @ ../../libraries/sdk/drives/fsl_clock.c:1176:35
	ldrb.w	r0, [sp, #11]
	.loc	1 1176 14 is_stmt 0             @ ../../libraries/sdk/drives/fsl_clock.c:1176:14
	str	r0, [sp, #4]
	movw	r1, #33024
	movt	r1, #16397
	.loc	1 1179 26 is_stmt 1             @ ../../libraries/sdk/drives/fsl_clock.c:1179:26
	ldr	r0, [r1]
	.loc	1 1181 27                       @ ../../libraries/sdk/drives/fsl_clock.c:1181:27
	ldr	r2, [sp, #4]
	.loc	1 1181 25 is_stmt 0             @ ../../libraries/sdk/drives/fsl_clock.c:1181:25
	lsls	r3, r2, #3
	movs	r2, #191
	.loc	1 1181 17                       @ ../../libraries/sdk/drives/fsl_clock.c:1181:17
	lsls	r2, r3
	.loc	1 1179 34 is_stmt 1             @ ../../libraries/sdk/drives/fsl_clock.c:1179:34
	bics	r0, r2
	.loc	1 1179 12 is_stmt 0             @ ../../libraries/sdk/drives/fsl_clock.c:1179:12
	str	r0, [sp]
	.loc	1 1184 27 is_stmt 1             @ ../../libraries/sdk/drives/fsl_clock.c:1184:27
	ldr	r0, [sp]
	.loc	1 1184 94 is_stmt 0             @ ../../libraries/sdk/drives/fsl_clock.c:1184:94
	ldr	r2, [sp, #4]
	.loc	1 1184 92                       @ ../../libraries/sdk/drives/fsl_clock.c:1184:92
	lsls	r3, r2, #3
	movs	r2, #128
	.loc	1 1184 84                       @ ../../libraries/sdk/drives/fsl_clock.c:1184:84
	lsls	r2, r3
	.loc	1 1184 34                       @ ../../libraries/sdk/drives/fsl_clock.c:1184:34
	orrs	r0, r2
	.loc	1 1184 25                       @ ../../libraries/sdk/drives/fsl_clock.c:1184:25
	str	r0, [r1]
	.loc	1 1187 27 is_stmt 1             @ ../../libraries/sdk/drives/fsl_clock.c:1187:27
	ldr	r0, [sp]
	.loc	1 1187 37 is_stmt 0             @ ../../libraries/sdk/drives/fsl_clock.c:1187:37
	ldrb.w	r2, [sp, #10]
	and	r2, r2, #63
	.loc	1 1187 85                       @ ../../libraries/sdk/drives/fsl_clock.c:1187:85
	ldr	r3, [sp, #4]
	.loc	1 1187 83                       @ ../../libraries/sdk/drives/fsl_clock.c:1187:83
	lsls	r3, r3, #3
	.loc	1 1187 75                       @ ../../libraries/sdk/drives/fsl_clock.c:1187:75
	lsls	r2, r3
	.loc	1 1187 34                       @ ../../libraries/sdk/drives/fsl_clock.c:1187:34
	orrs	r0, r2
	.loc	1 1187 25                       @ ../../libraries/sdk/drives/fsl_clock.c:1187:25
	str	r0, [r1]
	.loc	1 1188 1 is_stmt 1              @ ../../libraries/sdk/drives/fsl_clock.c:1188:1
	add	sp, #12
	bx	lr
.Ltmp172:
.Lfunc_end39:
	.size	CLOCK_InitSysPfd, .Lfunc_end39-CLOCK_InitSysPfd
	.cfi_endproc
	.cantunwind
	.fnend
                                        @ -- End function
	.section	.text.CLOCK_DeinitSysPfd,"ax",%progbits
	.hidden	CLOCK_DeinitSysPfd              @ -- Begin function CLOCK_DeinitSysPfd
	.globl	CLOCK_DeinitSysPfd
	.p2align	3
	.type	CLOCK_DeinitSysPfd,%function
	.code	16                              @ @CLOCK_DeinitSysPfd
	.thumb_func
CLOCK_DeinitSysPfd:
.Lfunc_begin40:
	.loc	1 1198 0                        @ ../../libraries/sdk/drives/fsl_clock.c:1198:0
	.fnstart
	.cfi_startproc
@ %bb.0:
	.pad	#4
	sub	sp, #4
	.cfi_def_cfa_offset 4
                                        @ kill: def $r1 killed $r0
	strb.w	r0, [sp, #3]
.Ltmp173:
	.loc	1 1199 93 prologue_end          @ ../../libraries/sdk/drives/fsl_clock.c:1199:93
	ldrb.w	r0, [sp, #3]
	.loc	1 1199 82 is_stmt 0             @ ../../libraries/sdk/drives/fsl_clock.c:1199:82
	lsls	r1, r0, #3
	movs	r0, #128
	.loc	1 1199 75                       @ ../../libraries/sdk/drives/fsl_clock.c:1199:75
	lsl.w	r2, r0, r1
	movw	r1, #33024
	movt	r1, #16397
	.loc	1 1199 25                       @ ../../libraries/sdk/drives/fsl_clock.c:1199:25
	ldr	r0, [r1]
	orrs	r0, r2
	str	r0, [r1]
	.loc	1 1200 1 is_stmt 1              @ ../../libraries/sdk/drives/fsl_clock.c:1200:1
	add	sp, #4
	bx	lr
.Ltmp174:
.Lfunc_end40:
	.size	CLOCK_DeinitSysPfd, .Lfunc_end40-CLOCK_DeinitSysPfd
	.cfi_endproc
	.cantunwind
	.fnend
                                        @ -- End function
	.section	.text.CLOCK_IsSysPfdEnabled,"ax",%progbits
	.hidden	CLOCK_IsSysPfdEnabled           @ -- Begin function CLOCK_IsSysPfdEnabled
	.globl	CLOCK_IsSysPfdEnabled
	.p2align	3
	.type	CLOCK_IsSysPfdEnabled,%function
	.code	16                              @ @CLOCK_IsSysPfdEnabled
	.thumb_func
CLOCK_IsSysPfdEnabled:
.Lfunc_begin41:
	.loc	1 1211 0                        @ ../../libraries/sdk/drives/fsl_clock.c:1211:0
	.fnstart
	.cfi_startproc
@ %bb.0:
	.pad	#4
	sub	sp, #4
	.cfi_def_cfa_offset 4
                                        @ kill: def $r1 killed $r0
	strb.w	r0, [sp, #3]
	movw	r0, #33024
	movt	r0, #16397
.Ltmp175:
	.loc	1 1212 26 prologue_end          @ ../../libraries/sdk/drives/fsl_clock.c:1212:26
	ldr	r0, [r0]
	.loc	1 1212 102 is_stmt 0            @ ../../libraries/sdk/drives/fsl_clock.c:1212:102
	ldrb.w	r1, [sp, #3]
	.loc	1 1212 91                       @ ../../libraries/sdk/drives/fsl_clock.c:1212:91
	lsls	r1, r1, #3
	.loc	1 1212 108                      @ ../../libraries/sdk/drives/fsl_clock.c:1212:108
	lsrs	r0, r1
	uxtb	r1, r0
	movs	r0, #1
	eor.w	r0, r0, r1, lsr #7
	.loc	1 1212 5                        @ ../../libraries/sdk/drives/fsl_clock.c:1212:5
	add	sp, #4
	bx	lr
.Ltmp176:
.Lfunc_end41:
	.size	CLOCK_IsSysPfdEnabled, .Lfunc_end41-CLOCK_IsSysPfdEnabled
	.cfi_endproc
	.cantunwind
	.fnend
                                        @ -- End function
	.section	.text.CLOCK_InitUsb1Pfd,"ax",%progbits
	.hidden	CLOCK_InitUsb1Pfd               @ -- Begin function CLOCK_InitUsb1Pfd
	.globl	CLOCK_InitUsb1Pfd
	.p2align	3
	.type	CLOCK_InitUsb1Pfd,%function
	.code	16                              @ @CLOCK_InitUsb1Pfd
	.thumb_func
CLOCK_InitUsb1Pfd:
.Lfunc_begin42:
	.loc	1 1226 0 is_stmt 1              @ ../../libraries/sdk/drives/fsl_clock.c:1226:0
	.fnstart
	.cfi_startproc
@ %bb.0:
	.pad	#12
	sub	sp, #12
	.cfi_def_cfa_offset 12
                                        @ kill: def $r2 killed $r1
                                        @ kill: def $r2 killed $r0
	strb.w	r0, [sp, #11]
	strb.w	r1, [sp, #10]
.Ltmp177:
	.loc	1 1227 35 prologue_end          @ ../../libraries/sdk/drives/fsl_clock.c:1227:35
	ldrb.w	r0, [sp, #11]
	.loc	1 1227 14 is_stmt 0             @ ../../libraries/sdk/drives/fsl_clock.c:1227:14
	str	r0, [sp, #4]
	movw	r1, #33008
	movt	r1, #16397
	.loc	1 1230 26 is_stmt 1             @ ../../libraries/sdk/drives/fsl_clock.c:1230:26
	ldr	r0, [r1]
	.loc	1 1232 27                       @ ../../libraries/sdk/drives/fsl_clock.c:1232:27
	ldr	r2, [sp, #4]
	.loc	1 1232 25 is_stmt 0             @ ../../libraries/sdk/drives/fsl_clock.c:1232:25
	lsls	r3, r2, #3
	movs	r2, #191
	.loc	1 1232 17                       @ ../../libraries/sdk/drives/fsl_clock.c:1232:17
	lsls	r2, r3
	.loc	1 1230 34 is_stmt 1             @ ../../libraries/sdk/drives/fsl_clock.c:1230:34
	bics	r0, r2
	.loc	1 1230 12 is_stmt 0             @ ../../libraries/sdk/drives/fsl_clock.c:1230:12
	str	r0, [sp]
	.loc	1 1235 27 is_stmt 1             @ ../../libraries/sdk/drives/fsl_clock.c:1235:27
	ldr	r0, [sp]
	.loc	1 1235 94 is_stmt 0             @ ../../libraries/sdk/drives/fsl_clock.c:1235:94
	ldr	r2, [sp, #4]
	.loc	1 1235 92                       @ ../../libraries/sdk/drives/fsl_clock.c:1235:92
	lsls	r3, r2, #3
	movs	r2, #128
	.loc	1 1235 84                       @ ../../libraries/sdk/drives/fsl_clock.c:1235:84
	lsls	r2, r3
	.loc	1 1235 34                       @ ../../libraries/sdk/drives/fsl_clock.c:1235:34
	orrs	r0, r2
	.loc	1 1235 25                       @ ../../libraries/sdk/drives/fsl_clock.c:1235:25
	str	r0, [r1]
	.loc	1 1238 27 is_stmt 1             @ ../../libraries/sdk/drives/fsl_clock.c:1238:27
	ldr	r0, [sp]
	.loc	1 1238 37 is_stmt 0             @ ../../libraries/sdk/drives/fsl_clock.c:1238:37
	ldrb.w	r2, [sp, #10]
	and	r2, r2, #63
	.loc	1 1238 85                       @ ../../libraries/sdk/drives/fsl_clock.c:1238:85
	ldr	r3, [sp, #4]
	.loc	1 1238 83                       @ ../../libraries/sdk/drives/fsl_clock.c:1238:83
	lsls	r3, r3, #3
	.loc	1 1238 75                       @ ../../libraries/sdk/drives/fsl_clock.c:1238:75
	lsls	r2, r3
	.loc	1 1238 34                       @ ../../libraries/sdk/drives/fsl_clock.c:1238:34
	orrs	r0, r2
	.loc	1 1238 25                       @ ../../libraries/sdk/drives/fsl_clock.c:1238:25
	str	r0, [r1]
	.loc	1 1239 1 is_stmt 1              @ ../../libraries/sdk/drives/fsl_clock.c:1239:1
	add	sp, #12
	bx	lr
.Ltmp178:
.Lfunc_end42:
	.size	CLOCK_InitUsb1Pfd, .Lfunc_end42-CLOCK_InitUsb1Pfd
	.cfi_endproc
	.cantunwind
	.fnend
                                        @ -- End function
	.section	.text.CLOCK_DeinitUsb1Pfd,"ax",%progbits
	.hidden	CLOCK_DeinitUsb1Pfd             @ -- Begin function CLOCK_DeinitUsb1Pfd
	.globl	CLOCK_DeinitUsb1Pfd
	.p2align	3
	.type	CLOCK_DeinitUsb1Pfd,%function
	.code	16                              @ @CLOCK_DeinitUsb1Pfd
	.thumb_func
CLOCK_DeinitUsb1Pfd:
.Lfunc_begin43:
	.loc	1 1249 0                        @ ../../libraries/sdk/drives/fsl_clock.c:1249:0
	.fnstart
	.cfi_startproc
@ %bb.0:
	.pad	#4
	sub	sp, #4
	.cfi_def_cfa_offset 4
                                        @ kill: def $r1 killed $r0
	strb.w	r0, [sp, #3]
.Ltmp179:
	.loc	1 1250 94 prologue_end          @ ../../libraries/sdk/drives/fsl_clock.c:1250:94
	ldrb.w	r0, [sp, #3]
	.loc	1 1250 83 is_stmt 0             @ ../../libraries/sdk/drives/fsl_clock.c:1250:83
	lsls	r1, r0, #3
	movs	r0, #128
	.loc	1 1250 75                       @ ../../libraries/sdk/drives/fsl_clock.c:1250:75
	lsl.w	r2, r0, r1
	movw	r1, #33008
	movt	r1, #16397
	.loc	1 1250 25                       @ ../../libraries/sdk/drives/fsl_clock.c:1250:25
	ldr	r0, [r1]
	orrs	r0, r2
	str	r0, [r1]
	.loc	1 1251 1 is_stmt 1              @ ../../libraries/sdk/drives/fsl_clock.c:1251:1
	add	sp, #4
	bx	lr
.Ltmp180:
.Lfunc_end43:
	.size	CLOCK_DeinitUsb1Pfd, .Lfunc_end43-CLOCK_DeinitUsb1Pfd
	.cfi_endproc
	.cantunwind
	.fnend
                                        @ -- End function
	.section	.text.CLOCK_IsUsb1PfdEnabled,"ax",%progbits
	.hidden	CLOCK_IsUsb1PfdEnabled          @ -- Begin function CLOCK_IsUsb1PfdEnabled
	.globl	CLOCK_IsUsb1PfdEnabled
	.p2align	3
	.type	CLOCK_IsUsb1PfdEnabled,%function
	.code	16                              @ @CLOCK_IsUsb1PfdEnabled
	.thumb_func
CLOCK_IsUsb1PfdEnabled:
.Lfunc_begin44:
	.loc	1 1262 0                        @ ../../libraries/sdk/drives/fsl_clock.c:1262:0
	.fnstart
	.cfi_startproc
@ %bb.0:
	.pad	#4
	sub	sp, #4
	.cfi_def_cfa_offset 4
                                        @ kill: def $r1 killed $r0
	strb.w	r0, [sp, #3]
	movw	r0, #33008
	movt	r0, #16397
.Ltmp181:
	.loc	1 1263 26 prologue_end          @ ../../libraries/sdk/drives/fsl_clock.c:1263:26
	ldr	r0, [r0]
	.loc	1 1263 102 is_stmt 0            @ ../../libraries/sdk/drives/fsl_clock.c:1263:102
	ldrb.w	r1, [sp, #3]
	.loc	1 1263 91                       @ ../../libraries/sdk/drives/fsl_clock.c:1263:91
	lsls	r1, r1, #3
	.loc	1 1263 108                      @ ../../libraries/sdk/drives/fsl_clock.c:1263:108
	lsrs	r0, r1
	uxtb	r1, r0
	movs	r0, #1
	eor.w	r0, r0, r1, lsr #7
	.loc	1 1263 5                        @ ../../libraries/sdk/drives/fsl_clock.c:1263:5
	add	sp, #4
	bx	lr
.Ltmp182:
.Lfunc_end44:
	.size	CLOCK_IsUsb1PfdEnabled, .Lfunc_end44-CLOCK_IsUsb1PfdEnabled
	.cfi_endproc
	.cantunwind
	.fnend
                                        @ -- End function
	.section	.text.CLOCK_EnableUsbhs1PhyPllClock,"ax",%progbits
	.hidden	CLOCK_EnableUsbhs1PhyPllClock   @ -- Begin function CLOCK_EnableUsbhs1PhyPllClock
	.globl	CLOCK_EnableUsbhs1PhyPllClock
	.p2align	3
	.type	CLOCK_EnableUsbhs1PhyPllClock,%function
	.code	16                              @ @CLOCK_EnableUsbhs1PhyPllClock
	.thumb_func
CLOCK_EnableUsbhs1PhyPllClock:
.Lfunc_begin45:
	.loc	1 1354 0 is_stmt 1              @ ../../libraries/sdk/drives/fsl_clock.c:1354:0
	.fnstart
	.cfi_startproc
@ %bb.0:
	.save	{r7, lr}
	push	{r7, lr}
	.cfi_def_cfa_offset 8
	.cfi_offset lr, -4
	.cfi_offset r7, -8
	.pad	#8
	sub	sp, #8
	.cfi_def_cfa_offset 16
                                        @ kill: def $r2 killed $r0
	strb.w	r0, [sp, #7]
	str	r1, [sp]
.Ltmp183:
	.loc	1 1356 5 prologue_end           @ ../../libraries/sdk/drives/fsl_clock.c:1356:5
	movw	r0, :lower16:CLOCK_EnableUsbhs1PhyPllClock.g_ccmConfigUsbPll
	movt	r0, :upper16:CLOCK_EnableUsbhs1PhyPllClock.g_ccmConfigUsbPll
	bl	CLOCK_InitUsb2Pll
	movw	r1, #41008
	movt	r1, #16397
	.loc	1 1357 19                       @ ../../libraries/sdk/drives/fsl_clock.c:1357:19
	ldr	r0, [r1]
	bic	r0, r0, #-2147483648
	str	r0, [r1]
	.loc	1 1358 19                       @ ../../libraries/sdk/drives/fsl_clock.c:1358:19
	ldr	r0, [r1]
	bic	r0, r0, #1073741824
	str	r0, [r1]
	movw	r2, #40960
	movt	r2, #16397
	movs	r0, #0
	.loc	1 1360 18                       @ ../../libraries/sdk/drives/fsl_clock.c:1360:18
	str	r0, [r2]
	.loc	1 1361 19                       @ ../../libraries/sdk/drives/fsl_clock.c:1361:19
	ldr	r0, [r1]
	orr	r0, r0, #1622016
	str	r0, [r1]
	movs	r0, #1
	.loc	1 1364 5                        @ ../../libraries/sdk/drives/fsl_clock.c:1364:5
	add	sp, #8
	pop	{r7, pc}
.Ltmp184:
.Lfunc_end45:
	.size	CLOCK_EnableUsbhs1PhyPllClock, .Lfunc_end45-CLOCK_EnableUsbhs1PhyPllClock
	.cfi_endproc
	.cantunwind
	.fnend
                                        @ -- End function
	.section	.text.CLOCK_DisableUsbhs1PhyPllClock,"ax",%progbits
	.hidden	CLOCK_DisableUsbhs1PhyPllClock  @ -- Begin function CLOCK_DisableUsbhs1PhyPllClock
	.globl	CLOCK_DisableUsbhs1PhyPllClock
	.p2align	3
	.type	CLOCK_DisableUsbhs1PhyPllClock,%function
	.code	16                              @ @CLOCK_DisableUsbhs1PhyPllClock
	.thumb_func
CLOCK_DisableUsbhs1PhyPllClock:
.Lfunc_begin46:
	.loc	1 1372 0                        @ ../../libraries/sdk/drives/fsl_clock.c:1372:0
	.fnstart
	.cfi_startproc
@ %bb.0:
	movw	r1, #32800
	movt	r1, #16397
.Ltmp185:
	.loc	1 1373 26 prologue_end          @ ../../libraries/sdk/drives/fsl_clock.c:1373:26
	ldr	r0, [r1]
	bic	r0, r0, #64
	str	r0, [r1]
	movw	r1, #41008
	movt	r1, #16397
	.loc	1 1374 19                       @ ../../libraries/sdk/drives/fsl_clock.c:1374:19
	ldr	r0, [r1]
	orr	r0, r0, #1073741824
	str	r0, [r1]
	.loc	1 1375 1                        @ ../../libraries/sdk/drives/fsl_clock.c:1375:1
	bx	lr
.Ltmp186:
.Lfunc_end46:
	.size	CLOCK_DisableUsbhs1PhyPllClock, .Lfunc_end46-CLOCK_DisableUsbhs1PhyPllClock
	.cfi_endproc
	.cantunwind
	.fnend
                                        @ -- End function
	.section	.text.CLOCK_SetClockOutput1,"ax",%progbits
	.hidden	CLOCK_SetClockOutput1           @ -- Begin function CLOCK_SetClockOutput1
	.globl	CLOCK_SetClockOutput1
	.p2align	3
	.type	CLOCK_SetClockOutput1,%function
	.code	16                              @ @CLOCK_SetClockOutput1
	.thumb_func
CLOCK_SetClockOutput1:
.Lfunc_begin47:
	.loc	1 1384 0                        @ ../../libraries/sdk/drives/fsl_clock.c:1384:0
	.fnstart
	.cfi_startproc
@ %bb.0:
	.pad	#8
	sub	sp, #8
	.cfi_def_cfa_offset 8
                                        @ kill: def $r2 killed $r1
                                        @ kill: def $r2 killed $r0
	strb.w	r0, [sp, #7]
	strb.w	r1, [sp, #6]
	movw	r0, #49248
	movt	r0, #16399
.Ltmp187:
	.loc	1 1387 18 prologue_end          @ ../../libraries/sdk/drives/fsl_clock.c:1387:18
	ldr	r0, [r0]
	.loc	1 1387 11 is_stmt 0             @ ../../libraries/sdk/drives/fsl_clock.c:1387:11
	str	r0, [sp]
.Ltmp188:
	.loc	1 1388 9 is_stmt 1              @ ../../libraries/sdk/drives/fsl_clock.c:1388:9
	ldrb.w	r0, [sp, #7]
.Ltmp189:
	.loc	1 1388 9 is_stmt 0              @ ../../libraries/sdk/drives/fsl_clock.c:1388:9
	cmp	r0, #16
	bne	.LBB47_2
	b	.LBB47_1
.LBB47_1:
.Ltmp190:
	.loc	1 1390 15 is_stmt 1             @ ../../libraries/sdk/drives/fsl_clock.c:1390:15
	ldr	r0, [sp]
	bic	r0, r0, #128
	str	r0, [sp]
	.loc	1 1391 5                        @ ../../libraries/sdk/drives/fsl_clock.c:1391:5
	b	.LBB47_3
.Ltmp191:
.LBB47_2:
	.loc	1 1394 15                       @ ../../libraries/sdk/drives/fsl_clock.c:1394:15
	ldr	r0, [sp]
	orr	r0, r0, #128
	str	r0, [sp]
	.loc	1 1395 15                       @ ../../libraries/sdk/drives/fsl_clock.c:1395:15
	ldr	r0, [sp]
	bic	r0, r0, #127
	str	r0, [sp]
	.loc	1 1396 18                       @ ../../libraries/sdk/drives/fsl_clock.c:1396:18
	ldrb.w	r0, [sp, #7]
	and	r0, r0, #15
	.loc	1 1396 51 is_stmt 0             @ ../../libraries/sdk/drives/fsl_clock.c:1396:51
	ldrb.w	r1, [sp, #6]
	and	r1, r1, #7
	.loc	1 1396 49                       @ ../../libraries/sdk/drives/fsl_clock.c:1396:49
	orr.w	r1, r0, r1, lsl #4
	.loc	1 1396 15                       @ ../../libraries/sdk/drives/fsl_clock.c:1396:15
	ldr	r0, [sp]
	orrs	r0, r1
	str	r0, [sp]
	b	.LBB47_3
.Ltmp192:
.LBB47_3:
	.loc	1 1398 18 is_stmt 1             @ ../../libraries/sdk/drives/fsl_clock.c:1398:18
	ldr	r0, [sp]
	movw	r1, #49248
	movt	r1, #16399
	.loc	1 1398 16 is_stmt 0             @ ../../libraries/sdk/drives/fsl_clock.c:1398:16
	str	r0, [r1]
	.loc	1 1399 1 is_stmt 1              @ ../../libraries/sdk/drives/fsl_clock.c:1399:1
	add	sp, #8
	bx	lr
.Ltmp193:
.Lfunc_end47:
	.size	CLOCK_SetClockOutput1, .Lfunc_end47-CLOCK_SetClockOutput1
	.cfi_endproc
	.cantunwind
	.fnend
                                        @ -- End function
	.section	.text.CLOCK_SetClockOutput2,"ax",%progbits
	.hidden	CLOCK_SetClockOutput2           @ -- Begin function CLOCK_SetClockOutput2
	.globl	CLOCK_SetClockOutput2
	.p2align	3
	.type	CLOCK_SetClockOutput2,%function
	.code	16                              @ @CLOCK_SetClockOutput2
	.thumb_func
CLOCK_SetClockOutput2:
.Lfunc_begin48:
	.loc	1 1408 0                        @ ../../libraries/sdk/drives/fsl_clock.c:1408:0
	.fnstart
	.cfi_startproc
@ %bb.0:
	.pad	#8
	sub	sp, #8
	.cfi_def_cfa_offset 8
                                        @ kill: def $r2 killed $r1
                                        @ kill: def $r2 killed $r0
	strb.w	r0, [sp, #7]
	strb.w	r1, [sp, #6]
	movw	r0, #49248
	movt	r0, #16399
.Ltmp194:
	.loc	1 1411 18 prologue_end          @ ../../libraries/sdk/drives/fsl_clock.c:1411:18
	ldr	r0, [r0]
	.loc	1 1411 11 is_stmt 0             @ ../../libraries/sdk/drives/fsl_clock.c:1411:11
	str	r0, [sp]
.Ltmp195:
	.loc	1 1412 9 is_stmt 1              @ ../../libraries/sdk/drives/fsl_clock.c:1412:9
	ldrb.w	r0, [sp, #7]
.Ltmp196:
	.loc	1 1412 9 is_stmt 0              @ ../../libraries/sdk/drives/fsl_clock.c:1412:9
	cmp	r0, #31
	bne	.LBB48_2
	b	.LBB48_1
.LBB48_1:
.Ltmp197:
	.loc	1 1414 15 is_stmt 1             @ ../../libraries/sdk/drives/fsl_clock.c:1414:15
	ldr	r0, [sp]
	and	r0, r0, #16777216
	str	r0, [sp]
	.loc	1 1415 5                        @ ../../libraries/sdk/drives/fsl_clock.c:1415:5
	b	.LBB48_3
.Ltmp198:
.LBB48_2:
	.loc	1 1418 15                       @ ../../libraries/sdk/drives/fsl_clock.c:1418:15
	ldr	r0, [sp]
	orr	r0, r0, #16777216
	str	r0, [sp]
	.loc	1 1419 15                       @ ../../libraries/sdk/drives/fsl_clock.c:1419:15
	ldr	r0, [sp]
	bic	r0, r0, #16711680
	str	r0, [sp]
	.loc	1 1420 18                       @ ../../libraries/sdk/drives/fsl_clock.c:1420:18
	ldrb.w	r0, [sp, #7]
	.loc	1 1420 51 is_stmt 0             @ ../../libraries/sdk/drives/fsl_clock.c:1420:51
	ldrb.w	r1, [sp, #6]
	lsls	r1, r1, #21
	uxtb16	r1, r1
	.loc	1 1420 49                       @ ../../libraries/sdk/drives/fsl_clock.c:1420:49
	bfi	r1, r0, #16, #5
	.loc	1 1420 15                       @ ../../libraries/sdk/drives/fsl_clock.c:1420:15
	ldr	r0, [sp]
	orrs	r0, r1
	str	r0, [sp]
	b	.LBB48_3
.Ltmp199:
.LBB48_3:
	.loc	1 1423 18 is_stmt 1             @ ../../libraries/sdk/drives/fsl_clock.c:1423:18
	ldr	r0, [sp]
	movw	r1, #49248
	movt	r1, #16399
	.loc	1 1423 16 is_stmt 0             @ ../../libraries/sdk/drives/fsl_clock.c:1423:16
	str	r0, [r1]
	.loc	1 1424 1 is_stmt 1              @ ../../libraries/sdk/drives/fsl_clock.c:1424:1
	add	sp, #8
	bx	lr
.Ltmp200:
.Lfunc_end48:
	.size	CLOCK_SetClockOutput2, .Lfunc_end48-CLOCK_SetClockOutput2
	.cfi_endproc
	.cantunwind
	.fnend
                                        @ -- End function
	.section	.text.CLOCK_GetClockOutCLKO1Freq,"ax",%progbits
	.hidden	CLOCK_GetClockOutCLKO1Freq      @ -- Begin function CLOCK_GetClockOutCLKO1Freq
	.globl	CLOCK_GetClockOutCLKO1Freq
	.p2align	3
	.type	CLOCK_GetClockOutCLKO1Freq,%function
	.code	16                              @ @CLOCK_GetClockOutCLKO1Freq
	.thumb_func
CLOCK_GetClockOutCLKO1Freq:
.Lfunc_begin49:
	.loc	1 1432 0                        @ ../../libraries/sdk/drives/fsl_clock.c:1432:0
	.fnstart
	.cfi_startproc
@ %bb.0:
	.save	{r7, lr}
	push	{r7, lr}
	.cfi_def_cfa_offset 8
	.cfi_offset lr, -4
	.cfi_offset r7, -8
	.pad	#16
	sub	sp, #16
	.cfi_def_cfa_offset 24
	movs	r0, #0
.Ltmp201:
	.loc	1 1433 14 prologue_end          @ ../../libraries/sdk/drives/fsl_clock.c:1433:14
	str	r0, [sp, #12]
	movw	r0, #49248
	movt	r0, #16399
	.loc	1 1436 18                       @ ../../libraries/sdk/drives/fsl_clock.c:1436:18
	ldr	r0, [r0]
	.loc	1 1436 11 is_stmt 0             @ ../../libraries/sdk/drives/fsl_clock.c:1436:11
	str	r0, [sp, #8]
	.loc	1 1438 9 is_stmt 1              @ ../../libraries/sdk/drives/fsl_clock.c:1438:9
	ldrb.w	r0, [sp, #8]
	lsls	r0, r0, #24
	cmp	r0, #0
	bpl	.LBB49_16
	b	.LBB49_1
.LBB49_1:
.Ltmp202:
	.loc	1 1440 18                       @ ../../libraries/sdk/drives/fsl_clock.c:1440:18
	ldr	r0, [sp, #8]
	.loc	1 1440 24 is_stmt 0             @ ../../libraries/sdk/drives/fsl_clock.c:1440:24
	and	r0, r0, #15
	.loc	1 1440 9                        @ ../../libraries/sdk/drives/fsl_clock.c:1440:9
	mov	r1, r0
	str	r1, [sp, #4]                    @ 4-byte Spill
	cmp	r0, #15
	bhi	.LBB49_14
@ %bb.2:
	.loc	1 0 9                           @ ../../libraries/sdk/drives/fsl_clock.c:0:9
	ldr	r1, [sp, #4]                    @ 4-byte Reload
.LCPI49_0:
	tbb	[pc, r1]
@ %bb.3:
.LJTI49_0:
	.byte	(.LBB49_4-(.LCPI49_0+4))/2
	.byte	(.LBB49_5-(.LCPI49_0+4))/2
	.byte	(.LBB49_14-(.LCPI49_0+4))/2
	.byte	(.LBB49_6-(.LCPI49_0+4))/2
	.byte	(.LBB49_14-(.LCPI49_0+4))/2
	.byte	(.LBB49_7-(.LCPI49_0+4))/2
	.byte	(.LBB49_14-(.LCPI49_0+4))/2
	.byte	(.LBB49_14-(.LCPI49_0+4))/2
	.byte	(.LBB49_14-(.LCPI49_0+4))/2
	.byte	(.LBB49_14-(.LCPI49_0+4))/2
	.byte	(.LBB49_8-(.LCPI49_0+4))/2
	.byte	(.LBB49_9-(.LCPI49_0+4))/2
	.byte	(.LBB49_10-(.LCPI49_0+4))/2
	.byte	(.LBB49_11-(.LCPI49_0+4))/2
	.byte	(.LBB49_12-(.LCPI49_0+4))/2
	.byte	(.LBB49_13-(.LCPI49_0+4))/2
	.p2align	1
.LBB49_4:
	movs	r0, #13
	movt	r0, #16
.Ltmp203:
	.loc	1 1443 24 is_stmt 1             @ ../../libraries/sdk/drives/fsl_clock.c:1443:24
	bl	CLOCK_GetPllFreq
	.loc	1 1443 57 is_stmt 0             @ ../../libraries/sdk/drives/fsl_clock.c:1443:57
	lsrs	r0, r0, #1
	.loc	1 1443 22                       @ ../../libraries/sdk/drives/fsl_clock.c:1443:22
	str	r0, [sp, #12]
	.loc	1 1444 17 is_stmt 1             @ ../../libraries/sdk/drives/fsl_clock.c:1444:17
	b	.LBB49_15
.LBB49_5:
	.loc	1 0 17 is_stmt 0                @ ../../libraries/sdk/drives/fsl_clock.c:0:17
	movs	r0, #13
	movt	r0, #48
	.loc	1 1446 24 is_stmt 1             @ ../../libraries/sdk/drives/fsl_clock.c:1446:24
	bl	CLOCK_GetPllFreq
	.loc	1 1446 56 is_stmt 0             @ ../../libraries/sdk/drives/fsl_clock.c:1446:56
	lsrs	r0, r0, #1
	.loc	1 1446 22                       @ ../../libraries/sdk/drives/fsl_clock.c:1446:22
	str	r0, [sp, #12]
	.loc	1 1447 17 is_stmt 1             @ ../../libraries/sdk/drives/fsl_clock.c:1447:17
	b	.LBB49_15
.LBB49_6:
	.loc	1 0 17 is_stmt 0                @ ../../libraries/sdk/drives/fsl_clock.c:0:17
	movs	r0, #13
	movt	r0, #160
	.loc	1 1449 24 is_stmt 1             @ ../../libraries/sdk/drives/fsl_clock.c:1449:24
	bl	CLOCK_GetPllFreq
	.loc	1 1449 58 is_stmt 0             @ ../../libraries/sdk/drives/fsl_clock.c:1449:58
	lsrs	r0, r0, #1
	.loc	1 1449 22                       @ ../../libraries/sdk/drives/fsl_clock.c:1449:22
	str	r0, [sp, #12]
	.loc	1 1450 17 is_stmt 1             @ ../../libraries/sdk/drives/fsl_clock.c:1450:17
	b	.LBB49_15
.LBB49_7:
	.loc	1 1452 24                       @ ../../libraries/sdk/drives/fsl_clock.c:1452:24
	bl	CLOCK_GetSemcFreq
	.loc	1 1452 22 is_stmt 0             @ ../../libraries/sdk/drives/fsl_clock.c:1452:22
	str	r0, [sp, #12]
	.loc	1 1453 17 is_stmt 1             @ ../../libraries/sdk/drives/fsl_clock.c:1453:17
	b	.LBB49_15
.LBB49_8:
	.loc	1 0 17 is_stmt 0                @ ../../libraries/sdk/drives/fsl_clock.c:0:17
	movs	r0, #13
	.loc	1 1455 24 is_stmt 1             @ ../../libraries/sdk/drives/fsl_clock.c:1455:24
	bl	CLOCK_GetClockRootFreq
	.loc	1 1455 22 is_stmt 0             @ ../../libraries/sdk/drives/fsl_clock.c:1455:22
	str	r0, [sp, #12]
	.loc	1 1456 17 is_stmt 1             @ ../../libraries/sdk/drives/fsl_clock.c:1456:17
	b	.LBB49_15
.LBB49_9:
	.loc	1 1458 24                       @ ../../libraries/sdk/drives/fsl_clock.c:1458:24
	bl	CLOCK_GetAhbFreq
	.loc	1 1458 22 is_stmt 0             @ ../../libraries/sdk/drives/fsl_clock.c:1458:22
	str	r0, [sp, #12]
	.loc	1 1459 17 is_stmt 1             @ ../../libraries/sdk/drives/fsl_clock.c:1459:17
	b	.LBB49_15
.LBB49_10:
	.loc	1 1461 24                       @ ../../libraries/sdk/drives/fsl_clock.c:1461:24
	bl	CLOCK_GetIpgFreq
	.loc	1 1461 22 is_stmt 0             @ ../../libraries/sdk/drives/fsl_clock.c:1461:22
	str	r0, [sp, #12]
	.loc	1 1462 17 is_stmt 1             @ ../../libraries/sdk/drives/fsl_clock.c:1462:17
	b	.LBB49_15
.LBB49_11:
	.loc	1 1464 24                       @ ../../libraries/sdk/drives/fsl_clock.c:1464:24
	bl	CLOCK_GetPerClkFreq
	.loc	1 1464 22 is_stmt 0             @ ../../libraries/sdk/drives/fsl_clock.c:1464:22
	str	r0, [sp, #12]
	.loc	1 1465 17 is_stmt 1             @ ../../libraries/sdk/drives/fsl_clock.c:1465:17
	b	.LBB49_15
.LBB49_12:
	.loc	1 1467 24                       @ ../../libraries/sdk/drives/fsl_clock.c:1467:24
	bl	CLOCK_GetRtcFreq
	.loc	1 1467 22 is_stmt 0             @ ../../libraries/sdk/drives/fsl_clock.c:1467:22
	str	r0, [sp, #12]
	.loc	1 1468 17 is_stmt 1             @ ../../libraries/sdk/drives/fsl_clock.c:1468:17
	b	.LBB49_15
.LBB49_13:
	.loc	1 0 17 is_stmt 0                @ ../../libraries/sdk/drives/fsl_clock.c:0:17
	movs	r0, #13
	movt	r0, #112
	.loc	1 1470 24 is_stmt 1             @ ../../libraries/sdk/drives/fsl_clock.c:1470:24
	bl	CLOCK_GetPllFreq
	.loc	1 1470 22 is_stmt 0             @ ../../libraries/sdk/drives/fsl_clock.c:1470:22
	str	r0, [sp, #12]
	.loc	1 1471 17 is_stmt 1             @ ../../libraries/sdk/drives/fsl_clock.c:1471:17
	b	.LBB49_15
.LBB49_14:
	.loc	1 1474 17                       @ ../../libraries/sdk/drives/fsl_clock.c:1474:17
	b	.LBB49_15
.Ltmp204:
.LBB49_15:
	.loc	1 1477 20                       @ ../../libraries/sdk/drives/fsl_clock.c:1477:20
	ldr	r0, [sp, #8]
	.loc	1 1477 26 is_stmt 0             @ ../../libraries/sdk/drives/fsl_clock.c:1477:26
	and	r1, r0, #112
	movs	r0, #1
	.loc	1 1477 84                       @ ../../libraries/sdk/drives/fsl_clock.c:1477:84
	add.w	r1, r0, r1, lsr #4
	.loc	1 1477 14                       @ ../../libraries/sdk/drives/fsl_clock.c:1477:14
	ldr	r0, [sp, #12]
	udiv	r0, r0, r1
	str	r0, [sp, #12]
	.loc	1 1478 5 is_stmt 1              @ ../../libraries/sdk/drives/fsl_clock.c:1478:5
	b	.LBB49_17
.Ltmp205:
.LBB49_16:
	.loc	1 0 5 is_stmt 0                 @ ../../libraries/sdk/drives/fsl_clock.c:0:5
	movs	r0, #0
.Ltmp206:
	.loc	1 1481 14 is_stmt 1             @ ../../libraries/sdk/drives/fsl_clock.c:1481:14
	str	r0, [sp, #12]
	b	.LBB49_17
.Ltmp207:
.LBB49_17:
	.loc	1 1484 12                       @ ../../libraries/sdk/drives/fsl_clock.c:1484:12
	ldr	r0, [sp, #12]
	.loc	1 1484 5 is_stmt 0              @ ../../libraries/sdk/drives/fsl_clock.c:1484:5
	add	sp, #16
	pop	{r7, pc}
.Ltmp208:
.Lfunc_end49:
	.size	CLOCK_GetClockOutCLKO1Freq, .Lfunc_end49-CLOCK_GetClockOutCLKO1Freq
	.cfi_endproc
	.cantunwind
	.fnend
                                        @ -- End function
	.section	.text.CLOCK_GetClockOutClkO2Freq,"ax",%progbits
	.hidden	CLOCK_GetClockOutClkO2Freq      @ -- Begin function CLOCK_GetClockOutClkO2Freq
	.globl	CLOCK_GetClockOutClkO2Freq
	.p2align	3
	.type	CLOCK_GetClockOutClkO2Freq,%function
	.code	16                              @ @CLOCK_GetClockOutClkO2Freq
	.thumb_func
CLOCK_GetClockOutClkO2Freq:
.Lfunc_begin50:
	.loc	1 1493 0 is_stmt 1              @ ../../libraries/sdk/drives/fsl_clock.c:1493:0
	.fnstart
	.cfi_startproc
@ %bb.0:
	.save	{r7, lr}
	push	{r7, lr}
	.cfi_def_cfa_offset 8
	.cfi_offset lr, -4
	.cfi_offset r7, -8
	.pad	#16
	sub	sp, #16
	.cfi_def_cfa_offset 24
	movs	r0, #0
.Ltmp209:
	.loc	1 1494 14 prologue_end          @ ../../libraries/sdk/drives/fsl_clock.c:1494:14
	str	r0, [sp, #12]
	movw	r0, #49248
	movt	r0, #16399
	.loc	1 1497 18                       @ ../../libraries/sdk/drives/fsl_clock.c:1497:18
	ldr	r0, [r0]
	.loc	1 1497 11 is_stmt 0             @ ../../libraries/sdk/drives/fsl_clock.c:1497:11
	str	r0, [sp, #8]
	.loc	1 1499 9 is_stmt 1              @ ../../libraries/sdk/drives/fsl_clock.c:1499:9
	ldrb.w	r0, [sp, #11]
	lsls	r0, r0, #31
	cmp	r0, #0
	beq.w	.LBB50_18
	b	.LBB50_1
.LBB50_1:
.Ltmp210:
	.loc	1 1501 18                       @ ../../libraries/sdk/drives/fsl_clock.c:1501:18
	ldr	r0, [sp, #8]
	.loc	1 1501 24 is_stmt 0             @ ../../libraries/sdk/drives/fsl_clock.c:1501:24
	and	r1, r0, #2031616
	mvn	r0, #2
	.loc	1 1501 9                        @ ../../libraries/sdk/drives/fsl_clock.c:1501:9
	add.w	r0, r0, r1, lsr #16
	mov	r1, r0
	str	r1, [sp, #4]                    @ 4-byte Spill
	cmp	r0, #26
	bhi	.LBB50_16
@ %bb.2:
	.loc	1 0 9                           @ ../../libraries/sdk/drives/fsl_clock.c:0:9
	ldr	r1, [sp, #4]                    @ 4-byte Reload
.LCPI50_0:
	tbb	[pc, r1]
@ %bb.3:
.LJTI50_0:
	.byte	(.LBB50_4-(.LCPI50_0+4))/2
	.byte	(.LBB50_16-(.LCPI50_0+4))/2
	.byte	(.LBB50_16-(.LCPI50_0+4))/2
	.byte	(.LBB50_5-(.LCPI50_0+4))/2
	.byte	(.LBB50_16-(.LCPI50_0+4))/2
	.byte	(.LBB50_16-(.LCPI50_0+4))/2
	.byte	(.LBB50_16-(.LCPI50_0+4))/2
	.byte	(.LBB50_16-(.LCPI50_0+4))/2
	.byte	(.LBB50_6-(.LCPI50_0+4))/2
	.byte	(.LBB50_16-(.LCPI50_0+4))/2
	.byte	(.LBB50_16-(.LCPI50_0+4))/2
	.byte	(.LBB50_7-(.LCPI50_0+4))/2
	.byte	(.LBB50_16-(.LCPI50_0+4))/2
	.byte	(.LBB50_16-(.LCPI50_0+4))/2
	.byte	(.LBB50_8-(.LCPI50_0+4))/2
	.byte	(.LBB50_9-(.LCPI50_0+4))/2
	.byte	(.LBB50_10-(.LCPI50_0+4))/2
	.byte	(.LBB50_11-(.LCPI50_0+4))/2
	.byte	(.LBB50_16-(.LCPI50_0+4))/2
	.byte	(.LBB50_16-(.LCPI50_0+4))/2
	.byte	(.LBB50_12-(.LCPI50_0+4))/2
	.byte	(.LBB50_16-(.LCPI50_0+4))/2
	.byte	(.LBB50_16-(.LCPI50_0+4))/2
	.byte	(.LBB50_16-(.LCPI50_0+4))/2
	.byte	(.LBB50_13-(.LCPI50_0+4))/2
	.byte	(.LBB50_14-(.LCPI50_0+4))/2
	.byte	(.LBB50_15-(.LCPI50_0+4))/2
	.p2align	1
.LBB50_4:
	movs	r0, #0
.Ltmp211:
	.loc	1 1504 24 is_stmt 1             @ ../../libraries/sdk/drives/fsl_clock.c:1504:24
	bl	CLOCK_GetClockRootFreq
	.loc	1 1504 22 is_stmt 0             @ ../../libraries/sdk/drives/fsl_clock.c:1504:22
	str	r0, [sp, #12]
	.loc	1 1505 17 is_stmt 1             @ ../../libraries/sdk/drives/fsl_clock.c:1505:17
	b	.LBB50_17
.LBB50_5:
	.loc	1 0 17 is_stmt 0                @ ../../libraries/sdk/drives/fsl_clock.c:0:17
	movs	r0, #10
	.loc	1 1507 24 is_stmt 1             @ ../../libraries/sdk/drives/fsl_clock.c:1507:24
	bl	CLOCK_GetClockRootFreq
	.loc	1 1507 22 is_stmt 0             @ ../../libraries/sdk/drives/fsl_clock.c:1507:22
	str	r0, [sp, #12]
	.loc	1 1508 17 is_stmt 1             @ ../../libraries/sdk/drives/fsl_clock.c:1508:17
	b	.LBB50_17
.LBB50_6:
	.loc	1 0 17 is_stmt 0                @ ../../libraries/sdk/drives/fsl_clock.c:0:17
	movs	r0, #4
	.loc	1 1510 24 is_stmt 1             @ ../../libraries/sdk/drives/fsl_clock.c:1510:24
	bl	CLOCK_GetClockRootFreq
	.loc	1 1510 22 is_stmt 0             @ ../../libraries/sdk/drives/fsl_clock.c:1510:22
	str	r0, [sp, #12]
	.loc	1 1511 17 is_stmt 1             @ ../../libraries/sdk/drives/fsl_clock.c:1511:17
	b	.LBB50_17
.LBB50_7:
	.loc	1 1513 24                       @ ../../libraries/sdk/drives/fsl_clock.c:1513:24
	bl	CLOCK_GetOscFreq
	.loc	1 1513 22 is_stmt 0             @ ../../libraries/sdk/drives/fsl_clock.c:1513:22
	str	r0, [sp, #12]
	.loc	1 1514 17 is_stmt 1             @ ../../libraries/sdk/drives/fsl_clock.c:1514:17
	b	.LBB50_17
.LBB50_8:
	.loc	1 0 17 is_stmt 0                @ ../../libraries/sdk/drives/fsl_clock.c:0:17
	movs	r0, #1
	.loc	1 1516 24 is_stmt 1             @ ../../libraries/sdk/drives/fsl_clock.c:1516:24
	bl	CLOCK_GetClockRootFreq
	.loc	1 1516 22 is_stmt 0             @ ../../libraries/sdk/drives/fsl_clock.c:1516:22
	str	r0, [sp, #12]
	.loc	1 1517 17 is_stmt 1             @ ../../libraries/sdk/drives/fsl_clock.c:1517:17
	b	.LBB50_17
.LBB50_9:
	.loc	1 0 17 is_stmt 0                @ ../../libraries/sdk/drives/fsl_clock.c:0:17
	movs	r0, #7
	.loc	1 1519 24 is_stmt 1             @ ../../libraries/sdk/drives/fsl_clock.c:1519:24
	bl	CLOCK_GetClockRootFreq
	.loc	1 1519 22 is_stmt 0             @ ../../libraries/sdk/drives/fsl_clock.c:1519:22
	str	r0, [sp, #12]
	.loc	1 1520 17 is_stmt 1             @ ../../libraries/sdk/drives/fsl_clock.c:1520:17
	b	.LBB50_17
.LBB50_10:
	.loc	1 0 17 is_stmt 0                @ ../../libraries/sdk/drives/fsl_clock.c:0:17
	movs	r0, #8
	.loc	1 1522 24 is_stmt 1             @ ../../libraries/sdk/drives/fsl_clock.c:1522:24
	bl	CLOCK_GetClockRootFreq
	.loc	1 1522 22 is_stmt 0             @ ../../libraries/sdk/drives/fsl_clock.c:1522:22
	str	r0, [sp, #12]
	.loc	1 1523 17 is_stmt 1             @ ../../libraries/sdk/drives/fsl_clock.c:1523:17
	b	.LBB50_17
.LBB50_11:
	.loc	1 0 17 is_stmt 0                @ ../../libraries/sdk/drives/fsl_clock.c:0:17
	movs	r0, #9
	.loc	1 1525 24 is_stmt 1             @ ../../libraries/sdk/drives/fsl_clock.c:1525:24
	bl	CLOCK_GetClockRootFreq
	.loc	1 1525 22 is_stmt 0             @ ../../libraries/sdk/drives/fsl_clock.c:1525:22
	str	r0, [sp, #12]
	.loc	1 1526 17 is_stmt 1             @ ../../libraries/sdk/drives/fsl_clock.c:1526:17
	b	.LBB50_17
.LBB50_12:
	.loc	1 0 17 is_stmt 0                @ ../../libraries/sdk/drives/fsl_clock.c:0:17
	movs	r0, #11
	.loc	1 1528 24 is_stmt 1             @ ../../libraries/sdk/drives/fsl_clock.c:1528:24
	bl	CLOCK_GetClockRootFreq
	.loc	1 1528 22 is_stmt 0             @ ../../libraries/sdk/drives/fsl_clock.c:1528:22
	str	r0, [sp, #12]
	.loc	1 1529 17 is_stmt 1             @ ../../libraries/sdk/drives/fsl_clock.c:1529:17
	b	.LBB50_17
.LBB50_13:
	.loc	1 0 17 is_stmt 0                @ ../../libraries/sdk/drives/fsl_clock.c:0:17
	movs	r0, #2
	.loc	1 1531 24 is_stmt 1             @ ../../libraries/sdk/drives/fsl_clock.c:1531:24
	bl	CLOCK_GetClockRootFreq
	.loc	1 1531 22 is_stmt 0             @ ../../libraries/sdk/drives/fsl_clock.c:1531:22
	str	r0, [sp, #12]
	.loc	1 1532 17 is_stmt 1             @ ../../libraries/sdk/drives/fsl_clock.c:1532:17
	b	.LBB50_17
.LBB50_14:
	.loc	1 0 17 is_stmt 0                @ ../../libraries/sdk/drives/fsl_clock.c:0:17
	movs	r0, #12
	.loc	1 1534 24 is_stmt 1             @ ../../libraries/sdk/drives/fsl_clock.c:1534:24
	bl	CLOCK_GetClockRootFreq
	.loc	1 1534 22 is_stmt 0             @ ../../libraries/sdk/drives/fsl_clock.c:1534:22
	str	r0, [sp, #12]
	.loc	1 1535 17 is_stmt 1             @ ../../libraries/sdk/drives/fsl_clock.c:1535:17
	b	.LBB50_17
.LBB50_15:
	.loc	1 0 17 is_stmt 0                @ ../../libraries/sdk/drives/fsl_clock.c:0:17
	movs	r0, #14
	.loc	1 1537 24 is_stmt 1             @ ../../libraries/sdk/drives/fsl_clock.c:1537:24
	bl	CLOCK_GetClockRootFreq
	.loc	1 1537 22 is_stmt 0             @ ../../libraries/sdk/drives/fsl_clock.c:1537:22
	str	r0, [sp, #12]
	.loc	1 1538 17 is_stmt 1             @ ../../libraries/sdk/drives/fsl_clock.c:1538:17
	b	.LBB50_17
.LBB50_16:
	.loc	1 1541 17                       @ ../../libraries/sdk/drives/fsl_clock.c:1541:17
	b	.LBB50_17
.Ltmp212:
.LBB50_17:
	.loc	1 1544 20                       @ ../../libraries/sdk/drives/fsl_clock.c:1544:20
	ldr	r0, [sp, #8]
	.loc	1 1544 26 is_stmt 0             @ ../../libraries/sdk/drives/fsl_clock.c:1544:26
	and	r1, r0, #14680064
	movs	r0, #1
	.loc	1 1544 84                       @ ../../libraries/sdk/drives/fsl_clock.c:1544:84
	add.w	r1, r0, r1, lsr #21
	.loc	1 1544 14                       @ ../../libraries/sdk/drives/fsl_clock.c:1544:14
	ldr	r0, [sp, #12]
	udiv	r0, r0, r1
	str	r0, [sp, #12]
	.loc	1 1545 5 is_stmt 1              @ ../../libraries/sdk/drives/fsl_clock.c:1545:5
	b	.LBB50_19
.Ltmp213:
.LBB50_18:
	.loc	1 0 5 is_stmt 0                 @ ../../libraries/sdk/drives/fsl_clock.c:0:5
	movs	r0, #0
.Ltmp214:
	.loc	1 1548 14 is_stmt 1             @ ../../libraries/sdk/drives/fsl_clock.c:1548:14
	str	r0, [sp, #12]
	b	.LBB50_19
.Ltmp215:
.LBB50_19:
	.loc	1 1551 12                       @ ../../libraries/sdk/drives/fsl_clock.c:1551:12
	ldr	r0, [sp, #12]
	.loc	1 1551 5 is_stmt 0              @ ../../libraries/sdk/drives/fsl_clock.c:1551:5
	add	sp, #16
	pop	{r7, pc}
.Ltmp216:
.Lfunc_end50:
	.size	CLOCK_GetClockOutClkO2Freq, .Lfunc_end50-CLOCK_GetClockOutClkO2Freq
	.cfi_endproc
	.cantunwind
	.fnend
                                        @ -- End function
	.type	.L.str,%object                  @ @.str
	.section	.rodata.str1.1,"aMS",%progbits,1
.L.str:
	.asciz	"!bypassXtalOsc"
	.size	.L.str, 15

	.type	.L.str.1,%object                @ @.str.1
.L.str.1:
	.asciz	"../../libraries/sdk/drives/fsl_clock.c"
	.size	.L.str.1, 39

	.type	CLOCK_GetClockRootFreq.clockRootSourceArray,%object @ @CLOCK_GetClockRootFreq.clockRootSourceArray
	.section	.rodata.CLOCK_GetClockRootFreq.clockRootSourceArray,"a",%progbits
CLOCK_GetClockRootFreq.clockRootSourceArray:
	.ascii	"\021\017\377\377\377\377"
	.ascii	"\021\017\377\377\377\377"
	.ascii	"\002\030\021\t\377\377"
	.ascii	"\021\t\n\016\377\377"
	.ascii	"\005\021\031\n\377\377"
	.ascii	"\n\t\016\021\377\377"
	.ascii	"\016\021\017\020\377\377"
	.ascii	"\013\027\026\377\377\377"
	.ascii	"\013\027\026\377\377\377"
	.ascii	"\013\027\026\377\377\377"
	.ascii	"\032\005\377\377\377\377"
	.ascii	"\032\005\033\377\377\377"
	.ascii	"\033\005\377\377\377\377"
	.ascii	"\016\f\027\017\020\n"
	.ascii	"\026\013\027\030\377\377"
	.ascii	"\026\013\027\030\377\377"
	.ascii	"\026\013\027\b\377\377"
	.size	CLOCK_GetClockRootFreq.clockRootSourceArray, 102

	.type	CLOCK_GetClockRootFreq.clockRootMuxTupleArray,%object @ @CLOCK_GetClockRootFreq.clockRootMuxTupleArray
	.section	.rodata.CLOCK_GetClockRootFreq.clockRootMuxTupleArray,"a",%progbits
	.p2align	2, 0x0
CLOCK_GetClockRootFreq.clockRootMuxTupleArray:
	.long	2147495964                      @ 0x8000301c
	.long	2147496220                      @ 0x8000311c
	.long	2147515676                      @ 0x80007d1c
	.long	2147510296                      @ 0x80006818
	.long	2147510588                      @ 0x8000693c
	.long	2147509272                      @ 0x80006418
	.long	2147511832                      @ 0x80006e18
	.long	2147510812                      @ 0x80006a1c
	.long	2147511324                      @ 0x80006c1c
	.long	2147511836                      @ 0x80006e1c
	.long	2147496504                      @ 0x80003238
	.long	2147510304                      @ 0x80006820
	.long	2147493412                      @ 0x80002624
	.long	2147544888                      @ 0x8000ef38
	.long	2147513392                      @ 0x80007430
	.long	2147510064                      @ 0x80006730
	.long	2147513120                      @ 0x80007320
	.size	CLOCK_GetClockRootFreq.clockRootMuxTupleArray, 68

	.type	CLOCK_GetClockRootFreq.clockRootDivTupleArray,%object @ @CLOCK_GetClockRootFreq.clockRootDivTupleArray
	.section	.rodata.CLOCK_GetClockRootFreq.clockRootDivTupleArray,"a",%progbits
	.p2align	2, 0x0
CLOCK_GetClockRootFreq.clockRootDivTupleArray:
	.long	0                               @ 0x0
	.long	2147543844                      @ 0x8000eb24
	.long	0                               @ 0x0
	.long	2147545124                      @ 0x8000f024
	.long	0                               @ 0x0
	.long	2147546908                      @ 0x8000f71c
	.long	0                               @ 0x0
	.long	2147548440                      @ 0x8000fd18
	.long	0                               @ 0x0
	.long	2147543868                      @ 0x8000eb3c
	.long	0                               @ 0x0
	.long	2147547672                      @ 0x8000fa18
	.long	0                               @ 0x0
	.long	2147514660                      @ 0x80007924
	.long	2147542568                      @ 0x8000e628
	.long	2147999784                      @ 0x8007e028
	.long	2147542572                      @ 0x8000e62c
	.long	2147999788                      @ 0x8007e02c
	.long	2147546664                      @ 0x8000f628
	.long	2148003880                      @ 0x8007f028
	.long	0                               @ 0x0
	.long	2148004664                      @ 0x8007f338
	.long	0                               @ 0x0
	.long	2148000288                      @ 0x8007e220
	.long	0                               @ 0x0
	.long	2147999780                      @ 0x8007e024
	.long	2147544120                      @ 0x8000ec38
	.long	2147546904                      @ 0x8000f718
	.long	2147547440                      @ 0x8000f930
	.long	2147546672                      @ 0x8000f630
	.long	2147544112                      @ 0x8000ec30
	.long	2147543344                      @ 0x8000e930
	.long	2147543336                      @ 0x8000e928
	.long	2147547432                      @ 0x8000f928
	.size	CLOCK_GetClockRootFreq.clockRootDivTupleArray, 136

	.type	.L.str.2,%object                @ @.str.2
	.section	.rodata.str1.1,"aMS",%progbits,1
.L.str.2:
	.asciz	"clockSourceName != kCLOCK_NoneName"
	.size	.L.str.2, 35

	.type	CLOCK_EnableUsbhs0PhyPllClock.g_ccmConfigUsbPll,%object @ @CLOCK_EnableUsbhs0PhyPllClock.g_ccmConfigUsbPll
	.section	.rodata.CLOCK_EnableUsbhs0PhyPllClock.g_ccmConfigUsbPll,"a",%progbits
CLOCK_EnableUsbhs0PhyPllClock.g_ccmConfigUsbPll:
	.zero	2
	.size	CLOCK_EnableUsbhs0PhyPllClock.g_ccmConfigUsbPll, 2

	.type	CLOCK_GetPllFreq.enetRefClkFreq,%object @ @CLOCK_GetPllFreq.enetRefClkFreq
	.section	.rodata.CLOCK_GetPllFreq.enetRefClkFreq,"a",%progbits
	.p2align	2, 0x0
CLOCK_GetPllFreq.enetRefClkFreq:
	.long	25000000                        @ 0x17d7840
	.long	50000000                        @ 0x2faf080
	.long	100000000                       @ 0x5f5e100
	.long	125000000                       @ 0x7735940
	.size	CLOCK_GetPllFreq.enetRefClkFreq, 16

	.type	.L.str.3,%object                @ @.str.3
	.section	.rodata.str1.1,"aMS",%progbits,1
.L.str.3:
	.asciz	"false"
	.size	.L.str.3, 6

	.type	CLOCK_EnableUsbhs1PhyPllClock.g_ccmConfigUsbPll,%object @ @CLOCK_EnableUsbhs1PhyPllClock.g_ccmConfigUsbPll
	.section	.rodata.CLOCK_EnableUsbhs1PhyPllClock.g_ccmConfigUsbPll,"a",%progbits
CLOCK_EnableUsbhs1PhyPllClock.g_ccmConfigUsbPll:
	.zero	2
	.size	CLOCK_EnableUsbhs1PhyPllClock.g_ccmConfigUsbPll, 2

	.hidden	g_xtalFreq                      @ @g_xtalFreq
	.type	g_xtalFreq,%object
	.section	.bss.g_xtalFreq,"aw",%nobits
	.globl	g_xtalFreq
	.p2align	2, 0x0
g_xtalFreq:
	.long	0                               @ 0x0
	.size	g_xtalFreq, 4

	.hidden	g_rtcXtalFreq                   @ @g_rtcXtalFreq
	.type	g_rtcXtalFreq,%object
	.section	.bss.g_rtcXtalFreq,"aw",%nobits
	.globl	g_rtcXtalFreq
	.p2align	2, 0x0
g_rtcXtalFreq:
	.long	0                               @ 0x0
	.size	g_rtcXtalFreq, 4

	.section	.debug_abbrev,"",%progbits
	.byte	1                               @ Abbreviation Code
	.byte	17                              @ DW_TAG_compile_unit
	.byte	1                               @ DW_CHILDREN_yes
	.byte	37                              @ DW_AT_producer
	.byte	14                              @ DW_FORM_strp
	.byte	19                              @ DW_AT_language
	.byte	5                               @ DW_FORM_data2
	.byte	3                               @ DW_AT_name
	.byte	14                              @ DW_FORM_strp
	.byte	16                              @ DW_AT_stmt_list
	.byte	23                              @ DW_FORM_sec_offset
	.byte	27                              @ DW_AT_comp_dir
	.byte	14                              @ DW_FORM_strp
	.byte	17                              @ DW_AT_low_pc
	.byte	1                               @ DW_FORM_addr
	.byte	85                              @ DW_AT_ranges
	.byte	23                              @ DW_FORM_sec_offset
	.byte	0                               @ EOM(1)
	.byte	0                               @ EOM(2)
	.byte	2                               @ Abbreviation Code
	.byte	52                              @ DW_TAG_variable
	.byte	0                               @ DW_CHILDREN_no
	.byte	73                              @ DW_AT_type
	.byte	19                              @ DW_FORM_ref4
	.byte	58                              @ DW_AT_decl_file
	.byte	11                              @ DW_FORM_data1
	.byte	59                              @ DW_AT_decl_line
	.byte	11                              @ DW_FORM_data1
	.byte	2                               @ DW_AT_location
	.byte	24                              @ DW_FORM_exprloc
	.byte	0                               @ EOM(1)
	.byte	0                               @ EOM(2)
	.byte	3                               @ Abbreviation Code
	.byte	1                               @ DW_TAG_array_type
	.byte	1                               @ DW_CHILDREN_yes
	.byte	73                              @ DW_AT_type
	.byte	19                              @ DW_FORM_ref4
	.byte	0                               @ EOM(1)
	.byte	0                               @ EOM(2)
	.byte	4                               @ Abbreviation Code
	.byte	33                              @ DW_TAG_subrange_type
	.byte	0                               @ DW_CHILDREN_no
	.byte	73                              @ DW_AT_type
	.byte	19                              @ DW_FORM_ref4
	.byte	55                              @ DW_AT_count
	.byte	11                              @ DW_FORM_data1
	.byte	0                               @ EOM(1)
	.byte	0                               @ EOM(2)
	.byte	5                               @ Abbreviation Code
	.byte	36                              @ DW_TAG_base_type
	.byte	0                               @ DW_CHILDREN_no
	.byte	3                               @ DW_AT_name
	.byte	14                              @ DW_FORM_strp
	.byte	62                              @ DW_AT_encoding
	.byte	11                              @ DW_FORM_data1
	.byte	11                              @ DW_AT_byte_size
	.byte	11                              @ DW_FORM_data1
	.byte	0                               @ EOM(1)
	.byte	0                               @ EOM(2)
	.byte	6                               @ Abbreviation Code
	.byte	36                              @ DW_TAG_base_type
	.byte	0                               @ DW_CHILDREN_no
	.byte	3                               @ DW_AT_name
	.byte	14                              @ DW_FORM_strp
	.byte	11                              @ DW_AT_byte_size
	.byte	11                              @ DW_FORM_data1
	.byte	62                              @ DW_AT_encoding
	.byte	11                              @ DW_FORM_data1
	.byte	0                               @ EOM(1)
	.byte	0                               @ EOM(2)
	.byte	7                               @ Abbreviation Code
	.byte	46                              @ DW_TAG_subprogram
	.byte	1                               @ DW_CHILDREN_yes
	.byte	17                              @ DW_AT_low_pc
	.byte	1                               @ DW_FORM_addr
	.byte	18                              @ DW_AT_high_pc
	.byte	6                               @ DW_FORM_data4
	.byte	64                              @ DW_AT_frame_base
	.byte	24                              @ DW_FORM_exprloc
	.byte	3                               @ DW_AT_name
	.byte	14                              @ DW_FORM_strp
	.byte	58                              @ DW_AT_decl_file
	.byte	11                              @ DW_FORM_data1
	.byte	59                              @ DW_AT_decl_line
	.byte	5                               @ DW_FORM_data2
	.byte	39                              @ DW_AT_prototyped
	.byte	25                              @ DW_FORM_flag_present
	.byte	73                              @ DW_AT_type
	.byte	19                              @ DW_FORM_ref4
	.byte	63                              @ DW_AT_external
	.byte	25                              @ DW_FORM_flag_present
	.byte	0                               @ EOM(1)
	.byte	0                               @ EOM(2)
	.byte	8                               @ Abbreviation Code
	.byte	52                              @ DW_TAG_variable
	.byte	0                               @ DW_CHILDREN_no
	.byte	3                               @ DW_AT_name
	.byte	14                              @ DW_FORM_strp
	.byte	73                              @ DW_AT_type
	.byte	19                              @ DW_FORM_ref4
	.byte	58                              @ DW_AT_decl_file
	.byte	11                              @ DW_FORM_data1
	.byte	59                              @ DW_AT_decl_line
	.byte	5                               @ DW_FORM_data2
	.byte	2                               @ DW_AT_location
	.byte	24                              @ DW_FORM_exprloc
	.byte	0                               @ EOM(1)
	.byte	0                               @ EOM(2)
	.byte	9                               @ Abbreviation Code
	.byte	5                               @ DW_TAG_formal_parameter
	.byte	0                               @ DW_CHILDREN_no
	.byte	2                               @ DW_AT_location
	.byte	24                              @ DW_FORM_exprloc
	.byte	3                               @ DW_AT_name
	.byte	14                              @ DW_FORM_strp
	.byte	58                              @ DW_AT_decl_file
	.byte	11                              @ DW_FORM_data1
	.byte	59                              @ DW_AT_decl_line
	.byte	5                               @ DW_FORM_data2
	.byte	73                              @ DW_AT_type
	.byte	19                              @ DW_FORM_ref4
	.byte	0                               @ EOM(1)
	.byte	0                               @ EOM(2)
	.byte	10                              @ Abbreviation Code
	.byte	52                              @ DW_TAG_variable
	.byte	0                               @ DW_CHILDREN_no
	.byte	2                               @ DW_AT_location
	.byte	24                              @ DW_FORM_exprloc
	.byte	3                               @ DW_AT_name
	.byte	14                              @ DW_FORM_strp
	.byte	58                              @ DW_AT_decl_file
	.byte	11                              @ DW_FORM_data1
	.byte	59                              @ DW_AT_decl_line
	.byte	5                               @ DW_FORM_data2
	.byte	73                              @ DW_AT_type
	.byte	19                              @ DW_FORM_ref4
	.byte	0                               @ EOM(1)
	.byte	0                               @ EOM(2)
	.byte	11                              @ Abbreviation Code
	.byte	38                              @ DW_TAG_const_type
	.byte	0                               @ DW_CHILDREN_no
	.byte	73                              @ DW_AT_type
	.byte	19                              @ DW_FORM_ref4
	.byte	0                               @ EOM(1)
	.byte	0                               @ EOM(2)
	.byte	12                              @ Abbreviation Code
	.byte	22                              @ DW_TAG_typedef
	.byte	0                               @ DW_CHILDREN_no
	.byte	73                              @ DW_AT_type
	.byte	19                              @ DW_FORM_ref4
	.byte	3                               @ DW_AT_name
	.byte	14                              @ DW_FORM_strp
	.byte	58                              @ DW_AT_decl_file
	.byte	11                              @ DW_FORM_data1
	.byte	59                              @ DW_AT_decl_line
	.byte	5                               @ DW_FORM_data2
	.byte	0                               @ EOM(1)
	.byte	0                               @ EOM(2)
	.byte	13                              @ Abbreviation Code
	.byte	4                               @ DW_TAG_enumeration_type
	.byte	1                               @ DW_CHILDREN_yes
	.byte	73                              @ DW_AT_type
	.byte	19                              @ DW_FORM_ref4
	.byte	3                               @ DW_AT_name
	.byte	14                              @ DW_FORM_strp
	.byte	11                              @ DW_AT_byte_size
	.byte	11                              @ DW_FORM_data1
	.byte	58                              @ DW_AT_decl_file
	.byte	11                              @ DW_FORM_data1
	.byte	59                              @ DW_AT_decl_line
	.byte	5                               @ DW_FORM_data2
	.byte	0                               @ EOM(1)
	.byte	0                               @ EOM(2)
	.byte	14                              @ Abbreviation Code
	.byte	40                              @ DW_TAG_enumerator
	.byte	0                               @ DW_CHILDREN_no
	.byte	3                               @ DW_AT_name
	.byte	14                              @ DW_FORM_strp
	.byte	28                              @ DW_AT_const_value
	.byte	15                              @ DW_FORM_udata
	.byte	0                               @ EOM(1)
	.byte	0                               @ EOM(2)
	.byte	15                              @ Abbreviation Code
	.byte	40                              @ DW_TAG_enumerator
	.byte	0                               @ DW_CHILDREN_no
	.byte	3                               @ DW_AT_name
	.byte	14                              @ DW_FORM_strp
	.byte	28                              @ DW_AT_const_value
	.byte	13                              @ DW_FORM_sdata
	.byte	0                               @ EOM(1)
	.byte	0                               @ EOM(2)
	.byte	16                              @ Abbreviation Code
	.byte	52                              @ DW_TAG_variable
	.byte	0                               @ DW_CHILDREN_no
	.byte	73                              @ DW_AT_type
	.byte	19                              @ DW_FORM_ref4
	.byte	58                              @ DW_AT_decl_file
	.byte	11                              @ DW_FORM_data1
	.byte	59                              @ DW_AT_decl_line
	.byte	5                               @ DW_FORM_data2
	.byte	2                               @ DW_AT_location
	.byte	24                              @ DW_FORM_exprloc
	.byte	0                               @ EOM(1)
	.byte	0                               @ EOM(2)
	.byte	17                              @ Abbreviation Code
	.byte	19                              @ DW_TAG_structure_type
	.byte	1                               @ DW_CHILDREN_yes
	.byte	3                               @ DW_AT_name
	.byte	14                              @ DW_FORM_strp
	.byte	11                              @ DW_AT_byte_size
	.byte	11                              @ DW_FORM_data1
	.byte	58                              @ DW_AT_decl_file
	.byte	11                              @ DW_FORM_data1
	.byte	59                              @ DW_AT_decl_line
	.byte	5                               @ DW_FORM_data2
	.byte	0                               @ EOM(1)
	.byte	0                               @ EOM(2)
	.byte	18                              @ Abbreviation Code
	.byte	13                              @ DW_TAG_member
	.byte	0                               @ DW_CHILDREN_no
	.byte	3                               @ DW_AT_name
	.byte	14                              @ DW_FORM_strp
	.byte	73                              @ DW_AT_type
	.byte	19                              @ DW_FORM_ref4
	.byte	58                              @ DW_AT_decl_file
	.byte	11                              @ DW_FORM_data1
	.byte	59                              @ DW_AT_decl_line
	.byte	5                               @ DW_FORM_data2
	.byte	56                              @ DW_AT_data_member_location
	.byte	11                              @ DW_FORM_data1
	.byte	0                               @ EOM(1)
	.byte	0                               @ EOM(2)
	.byte	19                              @ Abbreviation Code
	.byte	22                              @ DW_TAG_typedef
	.byte	0                               @ DW_CHILDREN_no
	.byte	73                              @ DW_AT_type
	.byte	19                              @ DW_FORM_ref4
	.byte	3                               @ DW_AT_name
	.byte	14                              @ DW_FORM_strp
	.byte	58                              @ DW_AT_decl_file
	.byte	11                              @ DW_FORM_data1
	.byte	59                              @ DW_AT_decl_line
	.byte	11                              @ DW_FORM_data1
	.byte	0                               @ EOM(1)
	.byte	0                               @ EOM(2)
	.byte	20                              @ Abbreviation Code
	.byte	52                              @ DW_TAG_variable
	.byte	0                               @ DW_CHILDREN_no
	.byte	3                               @ DW_AT_name
	.byte	14                              @ DW_FORM_strp
	.byte	73                              @ DW_AT_type
	.byte	19                              @ DW_FORM_ref4
	.byte	63                              @ DW_AT_external
	.byte	25                              @ DW_FORM_flag_present
	.byte	58                              @ DW_AT_decl_file
	.byte	11                              @ DW_FORM_data1
	.byte	59                              @ DW_AT_decl_line
	.byte	11                              @ DW_FORM_data1
	.byte	2                               @ DW_AT_location
	.byte	24                              @ DW_FORM_exprloc
	.byte	0                               @ EOM(1)
	.byte	0                               @ EOM(2)
	.byte	21                              @ Abbreviation Code
	.byte	53                              @ DW_TAG_volatile_type
	.byte	0                               @ DW_CHILDREN_no
	.byte	73                              @ DW_AT_type
	.byte	19                              @ DW_FORM_ref4
	.byte	0                               @ EOM(1)
	.byte	0                               @ EOM(2)
	.byte	22                              @ Abbreviation Code
	.byte	15                              @ DW_TAG_pointer_type
	.byte	0                               @ DW_CHILDREN_no
	.byte	73                              @ DW_AT_type
	.byte	19                              @ DW_FORM_ref4
	.byte	0                               @ EOM(1)
	.byte	0                               @ EOM(2)
	.byte	23                              @ Abbreviation Code
	.byte	19                              @ DW_TAG_structure_type
	.byte	1                               @ DW_CHILDREN_yes
	.byte	11                              @ DW_AT_byte_size
	.byte	5                               @ DW_FORM_data2
	.byte	58                              @ DW_AT_decl_file
	.byte	11                              @ DW_FORM_data1
	.byte	59                              @ DW_AT_decl_line
	.byte	5                               @ DW_FORM_data2
	.byte	0                               @ EOM(1)
	.byte	0                               @ EOM(2)
	.byte	24                              @ Abbreviation Code
	.byte	13                              @ DW_TAG_member
	.byte	0                               @ DW_CHILDREN_no
	.byte	3                               @ DW_AT_name
	.byte	14                              @ DW_FORM_strp
	.byte	73                              @ DW_AT_type
	.byte	19                              @ DW_FORM_ref4
	.byte	58                              @ DW_AT_decl_file
	.byte	11                              @ DW_FORM_data1
	.byte	59                              @ DW_AT_decl_line
	.byte	5                               @ DW_FORM_data2
	.byte	56                              @ DW_AT_data_member_location
	.byte	5                               @ DW_FORM_data2
	.byte	0                               @ EOM(1)
	.byte	0                               @ EOM(2)
	.byte	25                              @ Abbreviation Code
	.byte	33                              @ DW_TAG_subrange_type
	.byte	0                               @ DW_CHILDREN_no
	.byte	73                              @ DW_AT_type
	.byte	19                              @ DW_FORM_ref4
	.byte	55                              @ DW_AT_count
	.byte	5                               @ DW_FORM_data2
	.byte	0                               @ EOM(1)
	.byte	0                               @ EOM(2)
	.byte	26                              @ Abbreviation Code
	.byte	19                              @ DW_TAG_structure_type
	.byte	1                               @ DW_CHILDREN_yes
	.byte	11                              @ DW_AT_byte_size
	.byte	11                              @ DW_FORM_data1
	.byte	58                              @ DW_AT_decl_file
	.byte	11                              @ DW_FORM_data1
	.byte	59                              @ DW_AT_decl_line
	.byte	5                               @ DW_FORM_data2
	.byte	0                               @ EOM(1)
	.byte	0                               @ EOM(2)
	.byte	27                              @ Abbreviation Code
	.byte	13                              @ DW_TAG_member
	.byte	0                               @ DW_CHILDREN_no
	.byte	73                              @ DW_AT_type
	.byte	19                              @ DW_FORM_ref4
	.byte	58                              @ DW_AT_decl_file
	.byte	11                              @ DW_FORM_data1
	.byte	59                              @ DW_AT_decl_line
	.byte	5                               @ DW_FORM_data2
	.byte	56                              @ DW_AT_data_member_location
	.byte	5                               @ DW_FORM_data2
	.byte	0                               @ EOM(1)
	.byte	0                               @ EOM(2)
	.byte	28                              @ Abbreviation Code
	.byte	23                              @ DW_TAG_union_type
	.byte	1                               @ DW_CHILDREN_yes
	.byte	11                              @ DW_AT_byte_size
	.byte	11                              @ DW_FORM_data1
	.byte	58                              @ DW_AT_decl_file
	.byte	11                              @ DW_FORM_data1
	.byte	59                              @ DW_AT_decl_line
	.byte	5                               @ DW_FORM_data2
	.byte	0                               @ EOM(1)
	.byte	0                               @ EOM(2)
	.byte	29                              @ Abbreviation Code
	.byte	46                              @ DW_TAG_subprogram
	.byte	1                               @ DW_CHILDREN_yes
	.byte	17                              @ DW_AT_low_pc
	.byte	1                               @ DW_FORM_addr
	.byte	18                              @ DW_AT_high_pc
	.byte	6                               @ DW_FORM_data4
	.byte	64                              @ DW_AT_frame_base
	.byte	24                              @ DW_FORM_exprloc
	.byte	3                               @ DW_AT_name
	.byte	14                              @ DW_FORM_strp
	.byte	58                              @ DW_AT_decl_file
	.byte	11                              @ DW_FORM_data1
	.byte	59                              @ DW_AT_decl_line
	.byte	11                              @ DW_FORM_data1
	.byte	39                              @ DW_AT_prototyped
	.byte	25                              @ DW_FORM_flag_present
	.byte	63                              @ DW_AT_external
	.byte	25                              @ DW_FORM_flag_present
	.byte	0                               @ EOM(1)
	.byte	0                               @ EOM(2)
	.byte	30                              @ Abbreviation Code
	.byte	5                               @ DW_TAG_formal_parameter
	.byte	0                               @ DW_CHILDREN_no
	.byte	2                               @ DW_AT_location
	.byte	24                              @ DW_FORM_exprloc
	.byte	3                               @ DW_AT_name
	.byte	14                              @ DW_FORM_strp
	.byte	58                              @ DW_AT_decl_file
	.byte	11                              @ DW_FORM_data1
	.byte	59                              @ DW_AT_decl_line
	.byte	11                              @ DW_FORM_data1
	.byte	73                              @ DW_AT_type
	.byte	19                              @ DW_FORM_ref4
	.byte	0                               @ EOM(1)
	.byte	0                               @ EOM(2)
	.byte	31                              @ Abbreviation Code
	.byte	46                              @ DW_TAG_subprogram
	.byte	0                               @ DW_CHILDREN_no
	.byte	17                              @ DW_AT_low_pc
	.byte	1                               @ DW_FORM_addr
	.byte	18                              @ DW_AT_high_pc
	.byte	6                               @ DW_FORM_data4
	.byte	64                              @ DW_AT_frame_base
	.byte	24                              @ DW_FORM_exprloc
	.byte	3                               @ DW_AT_name
	.byte	14                              @ DW_FORM_strp
	.byte	58                              @ DW_AT_decl_file
	.byte	11                              @ DW_FORM_data1
	.byte	59                              @ DW_AT_decl_line
	.byte	11                              @ DW_FORM_data1
	.byte	39                              @ DW_AT_prototyped
	.byte	25                              @ DW_FORM_flag_present
	.byte	63                              @ DW_AT_external
	.byte	25                              @ DW_FORM_flag_present
	.byte	0                               @ EOM(1)
	.byte	0                               @ EOM(2)
	.byte	32                              @ Abbreviation Code
	.byte	46                              @ DW_TAG_subprogram
	.byte	0                               @ DW_CHILDREN_no
	.byte	17                              @ DW_AT_low_pc
	.byte	1                               @ DW_FORM_addr
	.byte	18                              @ DW_AT_high_pc
	.byte	6                               @ DW_FORM_data4
	.byte	64                              @ DW_AT_frame_base
	.byte	24                              @ DW_FORM_exprloc
	.byte	3                               @ DW_AT_name
	.byte	14                              @ DW_FORM_strp
	.byte	58                              @ DW_AT_decl_file
	.byte	11                              @ DW_FORM_data1
	.byte	59                              @ DW_AT_decl_line
	.byte	5                               @ DW_FORM_data2
	.byte	39                              @ DW_AT_prototyped
	.byte	25                              @ DW_FORM_flag_present
	.byte	73                              @ DW_AT_type
	.byte	19                              @ DW_FORM_ref4
	.byte	63                              @ DW_AT_external
	.byte	25                              @ DW_FORM_flag_present
	.byte	0                               @ EOM(1)
	.byte	0                               @ EOM(2)
	.byte	33                              @ Abbreviation Code
	.byte	46                              @ DW_TAG_subprogram
	.byte	1                               @ DW_CHILDREN_yes
	.byte	17                              @ DW_AT_low_pc
	.byte	1                               @ DW_FORM_addr
	.byte	18                              @ DW_AT_high_pc
	.byte	6                               @ DW_FORM_data4
	.byte	64                              @ DW_AT_frame_base
	.byte	24                              @ DW_FORM_exprloc
	.byte	3                               @ DW_AT_name
	.byte	14                              @ DW_FORM_strp
	.byte	58                              @ DW_AT_decl_file
	.byte	11                              @ DW_FORM_data1
	.byte	59                              @ DW_AT_decl_line
	.byte	11                              @ DW_FORM_data1
	.byte	39                              @ DW_AT_prototyped
	.byte	25                              @ DW_FORM_flag_present
	.byte	73                              @ DW_AT_type
	.byte	19                              @ DW_FORM_ref4
	.byte	0                               @ EOM(1)
	.byte	0                               @ EOM(2)
	.byte	34                              @ Abbreviation Code
	.byte	52                              @ DW_TAG_variable
	.byte	0                               @ DW_CHILDREN_no
	.byte	2                               @ DW_AT_location
	.byte	24                              @ DW_FORM_exprloc
	.byte	3                               @ DW_AT_name
	.byte	14                              @ DW_FORM_strp
	.byte	58                              @ DW_AT_decl_file
	.byte	11                              @ DW_FORM_data1
	.byte	59                              @ DW_AT_decl_line
	.byte	11                              @ DW_FORM_data1
	.byte	73                              @ DW_AT_type
	.byte	19                              @ DW_FORM_ref4
	.byte	0                               @ EOM(1)
	.byte	0                               @ EOM(2)
	.byte	35                              @ Abbreviation Code
	.byte	46                              @ DW_TAG_subprogram
	.byte	0                               @ DW_CHILDREN_no
	.byte	17                              @ DW_AT_low_pc
	.byte	1                               @ DW_FORM_addr
	.byte	18                              @ DW_AT_high_pc
	.byte	6                               @ DW_FORM_data4
	.byte	64                              @ DW_AT_frame_base
	.byte	24                              @ DW_FORM_exprloc
	.byte	3                               @ DW_AT_name
	.byte	14                              @ DW_FORM_strp
	.byte	58                              @ DW_AT_decl_file
	.byte	11                              @ DW_FORM_data1
	.byte	59                              @ DW_AT_decl_line
	.byte	5                               @ DW_FORM_data2
	.byte	39                              @ DW_AT_prototyped
	.byte	25                              @ DW_FORM_flag_present
	.byte	73                              @ DW_AT_type
	.byte	19                              @ DW_FORM_ref4
	.byte	0                               @ EOM(1)
	.byte	0                               @ EOM(2)
	.byte	36                              @ Abbreviation Code
	.byte	46                              @ DW_TAG_subprogram
	.byte	1                               @ DW_CHILDREN_yes
	.byte	17                              @ DW_AT_low_pc
	.byte	1                               @ DW_FORM_addr
	.byte	18                              @ DW_AT_high_pc
	.byte	6                               @ DW_FORM_data4
	.byte	64                              @ DW_AT_frame_base
	.byte	24                              @ DW_FORM_exprloc
	.byte	3                               @ DW_AT_name
	.byte	14                              @ DW_FORM_strp
	.byte	58                              @ DW_AT_decl_file
	.byte	11                              @ DW_FORM_data1
	.byte	59                              @ DW_AT_decl_line
	.byte	5                               @ DW_FORM_data2
	.byte	39                              @ DW_AT_prototyped
	.byte	25                              @ DW_FORM_flag_present
	.byte	63                              @ DW_AT_external
	.byte	25                              @ DW_FORM_flag_present
	.byte	0                               @ EOM(1)
	.byte	0                               @ EOM(2)
	.byte	37                              @ Abbreviation Code
	.byte	46                              @ DW_TAG_subprogram
	.byte	0                               @ DW_CHILDREN_no
	.byte	17                              @ DW_AT_low_pc
	.byte	1                               @ DW_FORM_addr
	.byte	18                              @ DW_AT_high_pc
	.byte	6                               @ DW_FORM_data4
	.byte	64                              @ DW_AT_frame_base
	.byte	24                              @ DW_FORM_exprloc
	.byte	3                               @ DW_AT_name
	.byte	14                              @ DW_FORM_strp
	.byte	58                              @ DW_AT_decl_file
	.byte	11                              @ DW_FORM_data1
	.byte	59                              @ DW_AT_decl_line
	.byte	5                               @ DW_FORM_data2
	.byte	39                              @ DW_AT_prototyped
	.byte	25                              @ DW_FORM_flag_present
	.byte	63                              @ DW_AT_external
	.byte	25                              @ DW_FORM_flag_present
	.byte	0                               @ EOM(1)
	.byte	0                               @ EOM(2)
	.byte	38                              @ Abbreviation Code
	.byte	46                              @ DW_TAG_subprogram
	.byte	1                               @ DW_CHILDREN_yes
	.byte	17                              @ DW_AT_low_pc
	.byte	1                               @ DW_FORM_addr
	.byte	18                              @ DW_AT_high_pc
	.byte	6                               @ DW_FORM_data4
	.byte	64                              @ DW_AT_frame_base
	.byte	24                              @ DW_FORM_exprloc
	.byte	3                               @ DW_AT_name
	.byte	14                              @ DW_FORM_strp
	.byte	58                              @ DW_AT_decl_file
	.byte	11                              @ DW_FORM_data1
	.byte	59                              @ DW_AT_decl_line
	.byte	5                               @ DW_FORM_data2
	.byte	39                              @ DW_AT_prototyped
	.byte	25                              @ DW_FORM_flag_present
	.byte	73                              @ DW_AT_type
	.byte	19                              @ DW_FORM_ref4
	.byte	0                               @ EOM(1)
	.byte	0                               @ EOM(2)
	.byte	0                               @ EOM(3)
	.section	.debug_info,"",%progbits
.Lcu_begin0:
	.long	.Ldebug_info_end0-.Ldebug_info_start0 @ Length of Unit
.Ldebug_info_start0:
	.short	4                               @ DWARF version number
	.long	.debug_abbrev                   @ Offset Into Abbrev. Section
	.byte	4                               @ Address Size (in bytes)
	.byte	1                               @ Abbrev [1] 0xb:0x1f86 DW_TAG_compile_unit
	.long	.Linfo_string0                  @ DW_AT_producer
	.short	12                              @ DW_AT_language
	.long	.Linfo_string1                  @ DW_AT_name
	.long	.Lline_table_start0             @ DW_AT_stmt_list
	.long	.Linfo_string2                  @ DW_AT_comp_dir
	.long	0                               @ DW_AT_low_pc
	.long	.Ldebug_ranges0                 @ DW_AT_ranges
	.byte	2                               @ Abbrev [2] 0x26:0xd DW_TAG_variable
	.long	51                              @ DW_AT_type
	.byte	1                               @ DW_AT_decl_file
	.byte	193                             @ DW_AT_decl_line
	.byte	5                               @ DW_AT_location
	.byte	3
	.long	.L.str
	.byte	3                               @ Abbrev [3] 0x33:0xc DW_TAG_array_type
	.long	63                              @ DW_AT_type
	.byte	4                               @ Abbrev [4] 0x38:0x6 DW_TAG_subrange_type
	.long	70                              @ DW_AT_type
	.byte	15                              @ DW_AT_count
	.byte	0                               @ End Of Children Mark
	.byte	5                               @ Abbrev [5] 0x3f:0x7 DW_TAG_base_type
	.long	.Linfo_string3                  @ DW_AT_name
	.byte	6                               @ DW_AT_encoding
	.byte	1                               @ DW_AT_byte_size
	.byte	6                               @ Abbrev [6] 0x46:0x7 DW_TAG_base_type
	.long	.Linfo_string4                  @ DW_AT_name
	.byte	8                               @ DW_AT_byte_size
	.byte	7                               @ DW_AT_encoding
	.byte	2                               @ Abbrev [2] 0x4d:0xd DW_TAG_variable
	.long	90                              @ DW_AT_type
	.byte	1                               @ DW_AT_decl_file
	.byte	193                             @ DW_AT_decl_line
	.byte	5                               @ DW_AT_location
	.byte	3
	.long	.L.str.1
	.byte	3                               @ Abbrev [3] 0x5a:0xc DW_TAG_array_type
	.long	63                              @ DW_AT_type
	.byte	4                               @ Abbrev [4] 0x5f:0x6 DW_TAG_subrange_type
	.long	70                              @ DW_AT_type
	.byte	39                              @ DW_AT_count
	.byte	0                               @ End Of Children Mark
	.byte	7                               @ Abbrev [7] 0x66:0xb6 DW_TAG_subprogram
	.long	.Lfunc_begin17                  @ DW_AT_low_pc
	.long	.Lfunc_end17-.Lfunc_begin17     @ DW_AT_high_pc
	.byte	1                               @ DW_AT_frame_base
	.byte	93
	.long	.Linfo_string412                @ DW_AT_name
	.byte	1                               @ DW_AT_decl_file
	.short	448                             @ DW_AT_decl_line
                                        @ DW_AT_prototyped
	.long	1436                            @ DW_AT_type
                                        @ DW_AT_external
	.byte	8                               @ Abbrev [8] 0x7c:0x12 DW_TAG_variable
	.long	.Linfo_string5                  @ DW_AT_name
	.long	284                             @ DW_AT_type
	.byte	1                               @ DW_AT_decl_file
	.short	450                             @ DW_AT_decl_line
	.byte	5                               @ DW_AT_location
	.byte	3
	.long	CLOCK_GetClockRootFreq.clockRootSourceArray
	.byte	8                               @ Abbrev [8] 0x8e:0x12 DW_TAG_variable
	.long	.Linfo_string38                 @ DW_AT_name
	.long	515                             @ DW_AT_type
	.byte	1                               @ DW_AT_decl_file
	.short	451                             @ DW_AT_decl_line
	.byte	5                               @ DW_AT_location
	.byte	3
	.long	CLOCK_GetClockRootFreq.clockRootMuxTupleArray
	.byte	8                               @ Abbrev [8] 0xa0:0x12 DW_TAG_variable
	.long	.Linfo_string66                 @ DW_AT_name
	.long	805                             @ DW_AT_type
	.byte	1                               @ DW_AT_decl_file
	.short	452                             @ DW_AT_decl_line
	.byte	5                               @ DW_AT_location
	.byte	3
	.long	CLOCK_GetClockRootFreq.clockRootDivTupleArray
	.byte	9                               @ Abbrev [9] 0xb2:0xf DW_TAG_formal_parameter
	.byte	2                               @ DW_AT_location
	.byte	145
	.byte	31
	.long	.Linfo_string457                @ DW_AT_name
	.byte	1                               @ DW_AT_decl_file
	.short	448                             @ DW_AT_decl_line
	.long	7518                            @ DW_AT_type
	.byte	10                              @ Abbrev [10] 0xc1:0xf DW_TAG_variable
	.byte	2                               @ DW_AT_location
	.byte	145
	.byte	24
	.long	.Linfo_string449                @ DW_AT_name
	.byte	1                               @ DW_AT_decl_file
	.short	453                             @ DW_AT_decl_line
	.long	1436                            @ DW_AT_type
	.byte	10                              @ Abbrev [10] 0xd0:0xf DW_TAG_variable
	.byte	2                               @ DW_AT_location
	.byte	145
	.byte	20
	.long	.Linfo_string459                @ DW_AT_name
	.byte	1                               @ DW_AT_decl_file
	.short	454                             @ DW_AT_decl_line
	.long	532                             @ DW_AT_type
	.byte	10                              @ Abbrev [10] 0xdf:0xf DW_TAG_variable
	.byte	2                               @ DW_AT_location
	.byte	145
	.byte	16
	.long	.Linfo_string460                @ DW_AT_name
	.byte	1                               @ DW_AT_decl_file
	.short	455                             @ DW_AT_decl_line
	.long	828                             @ DW_AT_type
	.byte	10                              @ Abbrev [10] 0xee:0xf DW_TAG_variable
	.byte	2                               @ DW_AT_location
	.byte	145
	.byte	12
	.long	.Linfo_string461                @ DW_AT_name
	.byte	1                               @ DW_AT_decl_file
	.short	456                             @ DW_AT_decl_line
	.long	828                             @ DW_AT_type
	.byte	10                              @ Abbrev [10] 0xfd:0xf DW_TAG_variable
	.byte	2                               @ DW_AT_location
	.byte	145
	.byte	8
	.long	.Linfo_string462                @ DW_AT_name
	.byte	1                               @ DW_AT_decl_file
	.short	457                             @ DW_AT_decl_line
	.long	1436                            @ DW_AT_type
	.byte	10                              @ Abbrev [10] 0x10c:0xf DW_TAG_variable
	.byte	2                               @ DW_AT_location
	.byte	145
	.byte	7
	.long	.Linfo_string463                @ DW_AT_name
	.byte	1                               @ DW_AT_decl_file
	.short	459                             @ DW_AT_decl_line
	.long	307                             @ DW_AT_type
	.byte	0                               @ End Of Children Mark
	.byte	3                               @ Abbrev [3] 0x11c:0x12 DW_TAG_array_type
	.long	302                             @ DW_AT_type
	.byte	4                               @ Abbrev [4] 0x121:0x6 DW_TAG_subrange_type
	.long	70                              @ DW_AT_type
	.byte	17                              @ DW_AT_count
	.byte	4                               @ Abbrev [4] 0x127:0x6 DW_TAG_subrange_type
	.long	70                              @ DW_AT_type
	.byte	6                               @ DW_AT_count
	.byte	0                               @ End Of Children Mark
	.byte	11                              @ Abbrev [11] 0x12e:0x5 DW_TAG_const_type
	.long	307                             @ DW_AT_type
	.byte	12                              @ Abbrev [12] 0x133:0xc DW_TAG_typedef
	.long	319                             @ DW_AT_type
	.long	.Linfo_string37                 @ DW_AT_name
	.byte	2                               @ DW_AT_decl_file
	.short	505                             @ DW_AT_decl_line
	.byte	13                              @ Abbrev [13] 0x13f:0xbd DW_TAG_enumeration_type
	.long	508                             @ DW_AT_type
	.long	.Linfo_string36                 @ DW_AT_name
	.byte	1                               @ DW_AT_byte_size
	.byte	2                               @ DW_AT_decl_file
	.short	466                             @ DW_AT_decl_line
	.byte	14                              @ Abbrev [14] 0x14c:0x6 DW_TAG_enumerator
	.long	.Linfo_string7                  @ DW_AT_name
	.byte	0                               @ DW_AT_const_value
	.byte	14                              @ Abbrev [14] 0x152:0x6 DW_TAG_enumerator
	.long	.Linfo_string8                  @ DW_AT_name
	.byte	1                               @ DW_AT_const_value
	.byte	14                              @ Abbrev [14] 0x158:0x6 DW_TAG_enumerator
	.long	.Linfo_string9                  @ DW_AT_name
	.byte	2                               @ DW_AT_const_value
	.byte	14                              @ Abbrev [14] 0x15e:0x6 DW_TAG_enumerator
	.long	.Linfo_string10                 @ DW_AT_name
	.byte	3                               @ DW_AT_const_value
	.byte	14                              @ Abbrev [14] 0x164:0x6 DW_TAG_enumerator
	.long	.Linfo_string11                 @ DW_AT_name
	.byte	4                               @ DW_AT_const_value
	.byte	14                              @ Abbrev [14] 0x16a:0x6 DW_TAG_enumerator
	.long	.Linfo_string12                 @ DW_AT_name
	.byte	5                               @ DW_AT_const_value
	.byte	14                              @ Abbrev [14] 0x170:0x6 DW_TAG_enumerator
	.long	.Linfo_string13                 @ DW_AT_name
	.byte	6                               @ DW_AT_const_value
	.byte	14                              @ Abbrev [14] 0x176:0x6 DW_TAG_enumerator
	.long	.Linfo_string14                 @ DW_AT_name
	.byte	7                               @ DW_AT_const_value
	.byte	14                              @ Abbrev [14] 0x17c:0x6 DW_TAG_enumerator
	.long	.Linfo_string15                 @ DW_AT_name
	.byte	8                               @ DW_AT_const_value
	.byte	14                              @ Abbrev [14] 0x182:0x6 DW_TAG_enumerator
	.long	.Linfo_string16                 @ DW_AT_name
	.byte	9                               @ DW_AT_const_value
	.byte	14                              @ Abbrev [14] 0x188:0x6 DW_TAG_enumerator
	.long	.Linfo_string17                 @ DW_AT_name
	.byte	10                              @ DW_AT_const_value
	.byte	14                              @ Abbrev [14] 0x18e:0x6 DW_TAG_enumerator
	.long	.Linfo_string18                 @ DW_AT_name
	.byte	11                              @ DW_AT_const_value
	.byte	14                              @ Abbrev [14] 0x194:0x6 DW_TAG_enumerator
	.long	.Linfo_string19                 @ DW_AT_name
	.byte	12                              @ DW_AT_const_value
	.byte	14                              @ Abbrev [14] 0x19a:0x6 DW_TAG_enumerator
	.long	.Linfo_string20                 @ DW_AT_name
	.byte	24                              @ DW_AT_const_value
	.byte	14                              @ Abbrev [14] 0x1a0:0x6 DW_TAG_enumerator
	.long	.Linfo_string21                 @ DW_AT_name
	.byte	25                              @ DW_AT_const_value
	.byte	14                              @ Abbrev [14] 0x1a6:0x6 DW_TAG_enumerator
	.long	.Linfo_string22                 @ DW_AT_name
	.byte	26                              @ DW_AT_const_value
	.byte	14                              @ Abbrev [14] 0x1ac:0x6 DW_TAG_enumerator
	.long	.Linfo_string23                 @ DW_AT_name
	.byte	27                              @ DW_AT_const_value
	.byte	14                              @ Abbrev [14] 0x1b2:0x6 DW_TAG_enumerator
	.long	.Linfo_string24                 @ DW_AT_name
	.byte	13                              @ DW_AT_const_value
	.byte	14                              @ Abbrev [14] 0x1b8:0x6 DW_TAG_enumerator
	.long	.Linfo_string25                 @ DW_AT_name
	.byte	14                              @ DW_AT_const_value
	.byte	14                              @ Abbrev [14] 0x1be:0x6 DW_TAG_enumerator
	.long	.Linfo_string26                 @ DW_AT_name
	.byte	15                              @ DW_AT_const_value
	.byte	14                              @ Abbrev [14] 0x1c4:0x6 DW_TAG_enumerator
	.long	.Linfo_string27                 @ DW_AT_name
	.byte	16                              @ DW_AT_const_value
	.byte	14                              @ Abbrev [14] 0x1ca:0x6 DW_TAG_enumerator
	.long	.Linfo_string28                 @ DW_AT_name
	.byte	17                              @ DW_AT_const_value
	.byte	14                              @ Abbrev [14] 0x1d0:0x6 DW_TAG_enumerator
	.long	.Linfo_string29                 @ DW_AT_name
	.byte	18                              @ DW_AT_const_value
	.byte	14                              @ Abbrev [14] 0x1d6:0x6 DW_TAG_enumerator
	.long	.Linfo_string30                 @ DW_AT_name
	.byte	19                              @ DW_AT_const_value
	.byte	14                              @ Abbrev [14] 0x1dc:0x6 DW_TAG_enumerator
	.long	.Linfo_string31                 @ DW_AT_name
	.byte	20                              @ DW_AT_const_value
	.byte	14                              @ Abbrev [14] 0x1e2:0x6 DW_TAG_enumerator
	.long	.Linfo_string32                 @ DW_AT_name
	.byte	21                              @ DW_AT_const_value
	.byte	14                              @ Abbrev [14] 0x1e8:0x6 DW_TAG_enumerator
	.long	.Linfo_string33                 @ DW_AT_name
	.byte	22                              @ DW_AT_const_value
	.byte	14                              @ Abbrev [14] 0x1ee:0x6 DW_TAG_enumerator
	.long	.Linfo_string34                 @ DW_AT_name
	.byte	23                              @ DW_AT_const_value
	.byte	14                              @ Abbrev [14] 0x1f4:0x7 DW_TAG_enumerator
	.long	.Linfo_string35                 @ DW_AT_name
	.ascii	"\377\001"                      @ DW_AT_const_value
	.byte	0                               @ End Of Children Mark
	.byte	5                               @ Abbrev [5] 0x1fc:0x7 DW_TAG_base_type
	.long	.Linfo_string6                  @ DW_AT_name
	.byte	8                               @ DW_AT_encoding
	.byte	1                               @ DW_AT_byte_size
	.byte	3                               @ Abbrev [3] 0x203:0xc DW_TAG_array_type
	.long	527                             @ DW_AT_type
	.byte	4                               @ Abbrev [4] 0x208:0x6 DW_TAG_subrange_type
	.long	70                              @ DW_AT_type
	.byte	17                              @ DW_AT_count
	.byte	0                               @ End Of Children Mark
	.byte	11                              @ Abbrev [11] 0x20f:0x5 DW_TAG_const_type
	.long	532                             @ DW_AT_type
	.byte	12                              @ Abbrev [12] 0x214:0xc DW_TAG_typedef
	.long	544                             @ DW_AT_type
	.long	.Linfo_string65                 @ DW_AT_name
	.byte	2                               @ DW_AT_decl_file
	.short	791                             @ DW_AT_decl_line
	.byte	13                              @ Abbrev [13] 0x220:0xfe DW_TAG_enumeration_type
	.long	798                             @ DW_AT_type
	.long	.Linfo_string64                 @ DW_AT_name
	.byte	4                               @ DW_AT_byte_size
	.byte	2                               @ DW_AT_decl_file
	.short	685                             @ DW_AT_decl_line
	.byte	15                              @ Abbrev [15] 0x22d:0xa DW_TAG_enumerator
	.long	.Linfo_string40                 @ DW_AT_name
	.ascii	"\214\300\200\200x"             @ DW_AT_const_value
	.byte	15                              @ Abbrev [15] 0x237:0xa DW_TAG_enumerator
	.long	.Linfo_string41                 @ DW_AT_name
	.ascii	"\224\362\200\240\001"          @ DW_AT_const_value
	.byte	15                              @ Abbrev [15] 0x241:0xa DW_TAG_enumerator
	.long	.Linfo_string42                 @ DW_AT_name
	.ascii	"\224\316\200\200x"             @ DW_AT_const_value
	.byte	15                              @ Abbrev [15] 0x24b:0xa DW_TAG_enumerator
	.long	.Linfo_string43                 @ DW_AT_name
	.ascii	"\224\314\200\200x"             @ DW_AT_const_value
	.byte	15                              @ Abbrev [15] 0x255:0xa DW_TAG_enumerator
	.long	.Linfo_string44                 @ DW_AT_name
	.ascii	"\230\344\201\200x"             @ DW_AT_const_value
	.byte	15                              @ Abbrev [15] 0x25f:0xa DW_TAG_enumerator
	.long	.Linfo_string45                 @ DW_AT_name
	.ascii	"\230\334\201\200x"             @ DW_AT_const_value
	.byte	15                              @ Abbrev [15] 0x269:0xa DW_TAG_enumerator
	.long	.Linfo_string46                 @ DW_AT_name
	.ascii	"\230\330\201\200x"             @ DW_AT_const_value
	.byte	15                              @ Abbrev [15] 0x273:0xa DW_TAG_enumerator
	.long	.Linfo_string47                 @ DW_AT_name
	.ascii	"\230\320\201\200x"             @ DW_AT_const_value
	.byte	15                              @ Abbrev [15] 0x27d:0xa DW_TAG_enumerator
	.long	.Linfo_string48                 @ DW_AT_name
	.ascii	"\230\310\201\200x"             @ DW_AT_const_value
	.byte	15                              @ Abbrev [15] 0x287:0xa DW_TAG_enumerator
	.long	.Linfo_string49                 @ DW_AT_name
	.ascii	"\234\372\201\200x"             @ DW_AT_const_value
	.byte	15                              @ Abbrev [15] 0x291:0xa DW_TAG_enumerator
	.long	.Linfo_string50                 @ DW_AT_name
	.ascii	"\234\342\200\200x"             @ DW_AT_const_value
	.byte	15                              @ Abbrev [15] 0x29b:0xa DW_TAG_enumerator
	.long	.Linfo_string51                 @ DW_AT_name
	.ascii	"\234\340\200\200x"             @ DW_AT_const_value
	.byte	15                              @ Abbrev [15] 0x2a5:0xa DW_TAG_enumerator
	.long	.Linfo_string52                 @ DW_AT_name
	.ascii	"\234\334\201\200x"             @ DW_AT_const_value
	.byte	15                              @ Abbrev [15] 0x2af:0xa DW_TAG_enumerator
	.long	.Linfo_string53                 @ DW_AT_name
	.ascii	"\234\330\201\200x"             @ DW_AT_const_value
	.byte	15                              @ Abbrev [15] 0x2b9:0xa DW_TAG_enumerator
	.long	.Linfo_string54                 @ DW_AT_name
	.ascii	"\234\324\201\200x"             @ DW_AT_const_value
	.byte	15                              @ Abbrev [15] 0x2c3:0xa DW_TAG_enumerator
	.long	.Linfo_string55                 @ DW_AT_name
	.ascii	"\234\314\200\200x"             @ DW_AT_const_value
	.byte	15                              @ Abbrev [15] 0x2cd:0xa DW_TAG_enumerator
	.long	.Linfo_string56                 @ DW_AT_name
	.ascii	"\240\346\201\200x"             @ DW_AT_const_value
	.byte	15                              @ Abbrev [15] 0x2d7:0xa DW_TAG_enumerator
	.long	.Linfo_string57                 @ DW_AT_name
	.ascii	"\240\320\201\200x"             @ DW_AT_const_value
	.byte	15                              @ Abbrev [15] 0x2e1:0xa DW_TAG_enumerator
	.long	.Linfo_string58                 @ DW_AT_name
	.ascii	"\244\314\200\200x"             @ DW_AT_const_value
	.byte	15                              @ Abbrev [15] 0x2eb:0xa DW_TAG_enumerator
	.long	.Linfo_string59                 @ DW_AT_name
	.ascii	"\260\350\201\200x"             @ DW_AT_const_value
	.byte	15                              @ Abbrev [15] 0x2f5:0xa DW_TAG_enumerator
	.long	.Linfo_string60                 @ DW_AT_name
	.ascii	"\260\316\201\200x"             @ DW_AT_const_value
	.byte	15                              @ Abbrev [15] 0x2ff:0xa DW_TAG_enumerator
	.long	.Linfo_string61                 @ DW_AT_name
	.ascii	"\270\344\200\200x"             @ DW_AT_const_value
	.byte	15                              @ Abbrev [15] 0x309:0xa DW_TAG_enumerator
	.long	.Linfo_string62                 @ DW_AT_name
	.ascii	"\270\336\203\200x"             @ DW_AT_const_value
	.byte	15                              @ Abbrev [15] 0x313:0xa DW_TAG_enumerator
	.long	.Linfo_string63                 @ DW_AT_name
	.ascii	"\274\322\201\200x"             @ DW_AT_const_value
	.byte	0                               @ End Of Children Mark
	.byte	5                               @ Abbrev [5] 0x31e:0x7 DW_TAG_base_type
	.long	.Linfo_string39                 @ DW_AT_name
	.byte	5                               @ DW_AT_encoding
	.byte	4                               @ DW_AT_byte_size
	.byte	3                               @ Abbrev [3] 0x325:0x12 DW_TAG_array_type
	.long	823                             @ DW_AT_type
	.byte	4                               @ Abbrev [4] 0x32a:0x6 DW_TAG_subrange_type
	.long	70                              @ DW_AT_type
	.byte	17                              @ DW_AT_count
	.byte	4                               @ Abbrev [4] 0x330:0x6 DW_TAG_subrange_type
	.long	70                              @ DW_AT_type
	.byte	2                               @ DW_AT_count
	.byte	0                               @ End Of Children Mark
	.byte	11                              @ Abbrev [11] 0x337:0x5 DW_TAG_const_type
	.long	828                             @ DW_AT_type
	.byte	12                              @ Abbrev [12] 0x33c:0xc DW_TAG_typedef
	.long	840                             @ DW_AT_type
	.long	.Linfo_string99                 @ DW_AT_name
	.byte	2                               @ DW_AT_decl_file
	.short	1196                            @ DW_AT_decl_line
	.byte	13                              @ Abbrev [13] 0x348:0x13d DW_TAG_enumeration_type
	.long	798                             @ DW_AT_type
	.long	.Linfo_string98                 @ DW_AT_name
	.byte	4                               @ DW_AT_byte_size
	.byte	2                               @ DW_AT_decl_file
	.short	1070                            @ DW_AT_decl_line
	.byte	15                              @ Abbrev [15] 0x355:0xa DW_TAG_enumerator
	.long	.Linfo_string67                 @ DW_AT_name
	.ascii	"\220\300\203\200\004"          @ DW_AT_const_value
	.byte	15                              @ Abbrev [15] 0x35f:0xa DW_TAG_enumerator
	.long	.Linfo_string68                 @ DW_AT_name
	.ascii	"\224\366\203\200x"             @ DW_AT_const_value
	.byte	15                              @ Abbrev [15] 0x369:0x8 DW_TAG_enumerator
	.long	.Linfo_string69                 @ DW_AT_name
	.ascii	"\224\340\003"                  @ DW_AT_const_value
	.byte	15                              @ Abbrev [15] 0x371:0x9 DW_TAG_enumerator
	.long	.Linfo_string70                 @ DW_AT_name
	.ascii	"\224\324\203 "                 @ DW_AT_const_value
	.byte	15                              @ Abbrev [15] 0x37a:0xa DW_TAG_enumerator
	.long	.Linfo_string71                 @ DW_AT_name
	.ascii	"\224\320\201\200x"             @ DW_AT_const_value
	.byte	15                              @ Abbrev [15] 0x384:0xa DW_TAG_enumerator
	.long	.Linfo_string72                 @ DW_AT_name
	.ascii	"\230\372\203\200x"             @ DW_AT_const_value
	.byte	15                              @ Abbrev [15] 0x38e:0xa DW_TAG_enumerator
	.long	.Linfo_string73                 @ DW_AT_name
	.ascii	"\230\364\203\200x"             @ DW_AT_const_value
	.byte	15                              @ Abbrev [15] 0x398:0xa DW_TAG_enumerator
	.long	.Linfo_string74                 @ DW_AT_name
	.ascii	"\230\356\203\200x"             @ DW_AT_const_value
	.byte	15                              @ Abbrev [15] 0x3a2:0xa DW_TAG_enumerator
	.long	.Linfo_string75                 @ DW_AT_name
	.ascii	"\234\356\203\200x"             @ DW_AT_const_value
	.byte	15                              @ Abbrev [15] 0x3ac:0xa DW_TAG_enumerator
	.long	.Linfo_string76                 @ DW_AT_name
	.ascii	"\234\300\237\200x"             @ DW_AT_const_value
	.byte	15                              @ Abbrev [15] 0x3b6:0xa DW_TAG_enumerator
	.long	.Linfo_string77                 @ DW_AT_name
	.ascii	"\240\304\237\200x"             @ DW_AT_const_value
	.byte	15                              @ Abbrev [15] 0x3c0:0xa DW_TAG_enumerator
	.long	.Linfo_string78                 @ DW_AT_name
	.ascii	"\244\362\201\200x"             @ DW_AT_const_value
	.byte	15                              @ Abbrev [15] 0x3ca:0xa DW_TAG_enumerator
	.long	.Linfo_string79                 @ DW_AT_name
	.ascii	"\244\340\203\200x"             @ DW_AT_const_value
	.byte	15                              @ Abbrev [15] 0x3d4:0xa DW_TAG_enumerator
	.long	.Linfo_string80                 @ DW_AT_name
	.ascii	"\244\326\203\200x"             @ DW_AT_const_value
	.byte	15                              @ Abbrev [15] 0x3de:0xa DW_TAG_enumerator
	.long	.Linfo_string81                 @ DW_AT_name
	.ascii	"\244\300\237\200x"             @ DW_AT_const_value
	.byte	15                              @ Abbrev [15] 0x3e8:0xa DW_TAG_enumerator
	.long	.Linfo_string82                 @ DW_AT_name
	.ascii	"\250\362\203\200x"             @ DW_AT_const_value
	.byte	15                              @ Abbrev [15] 0x3f2:0xa DW_TAG_enumerator
	.long	.Linfo_string83                 @ DW_AT_name
	.ascii	"\250\354\203\200x"             @ DW_AT_const_value
	.byte	15                              @ Abbrev [15] 0x3fc:0xa DW_TAG_enumerator
	.long	.Linfo_string84                 @ DW_AT_name
	.ascii	"\250\340\237\200x"             @ DW_AT_const_value
	.byte	15                              @ Abbrev [15] 0x406:0xa DW_TAG_enumerator
	.long	.Linfo_string85                 @ DW_AT_name
	.ascii	"\250\322\203\200x"             @ DW_AT_const_value
	.byte	15                              @ Abbrev [15] 0x410:0xa DW_TAG_enumerator
	.long	.Linfo_string86                 @ DW_AT_name
	.ascii	"\250\314\203\200x"             @ DW_AT_const_value
	.byte	15                              @ Abbrev [15] 0x41a:0xa DW_TAG_enumerator
	.long	.Linfo_string87                 @ DW_AT_name
	.ascii	"\250\300\237\200x"             @ DW_AT_const_value
	.byte	15                              @ Abbrev [15] 0x424:0xa DW_TAG_enumerator
	.long	.Linfo_string88                 @ DW_AT_name
	.ascii	"\254\314\203\200x"             @ DW_AT_const_value
	.byte	15                              @ Abbrev [15] 0x42e:0xa DW_TAG_enumerator
	.long	.Linfo_string89                 @ DW_AT_name
	.ascii	"\254\300\237\200x"             @ DW_AT_const_value
	.byte	15                              @ Abbrev [15] 0x438:0xa DW_TAG_enumerator
	.long	.Linfo_string90                 @ DW_AT_name
	.ascii	"\260\362\203\200x"             @ DW_AT_const_value
	.byte	15                              @ Abbrev [15] 0x442:0xa DW_TAG_enumerator
	.long	.Linfo_string91                 @ DW_AT_name
	.ascii	"\260\354\203\200x"             @ DW_AT_const_value
	.byte	15                              @ Abbrev [15] 0x44c:0xa DW_TAG_enumerator
	.long	.Linfo_string92                 @ DW_AT_name
	.ascii	"\260\330\203\200x"             @ DW_AT_const_value
	.byte	15                              @ Abbrev [15] 0x456:0xa DW_TAG_enumerator
	.long	.Linfo_string93                 @ DW_AT_name
	.ascii	"\260\322\203\200x"             @ DW_AT_const_value
	.byte	15                              @ Abbrev [15] 0x460:0xa DW_TAG_enumerator
	.long	.Linfo_string94                 @ DW_AT_name
	.ascii	"\270\346\237\200x"             @ DW_AT_const_value
	.byte	15                              @ Abbrev [15] 0x46a:0xa DW_TAG_enumerator
	.long	.Linfo_string95                 @ DW_AT_name
	.ascii	"\270\330\203\200x"             @ DW_AT_const_value
	.byte	15                              @ Abbrev [15] 0x474:0xa DW_TAG_enumerator
	.long	.Linfo_string96                 @ DW_AT_name
	.ascii	"\274\326\203\200x"             @ DW_AT_const_value
	.byte	15                              @ Abbrev [15] 0x47e:0x6 DW_TAG_enumerator
	.long	.Linfo_string97                 @ DW_AT_name
	.byte	0                               @ DW_AT_const_value
	.byte	0                               @ End Of Children Mark
	.byte	16                              @ Abbrev [16] 0x485:0xe DW_TAG_variable
	.long	1171                            @ DW_AT_type
	.byte	1                               @ DW_AT_decl_file
	.short	463                             @ DW_AT_decl_line
	.byte	5                               @ DW_AT_location
	.byte	3
	.long	.L.str.2
	.byte	3                               @ Abbrev [3] 0x493:0xc DW_TAG_array_type
	.long	63                              @ DW_AT_type
	.byte	4                               @ Abbrev [4] 0x498:0x6 DW_TAG_subrange_type
	.long	70                              @ DW_AT_type
	.byte	35                              @ DW_AT_count
	.byte	0                               @ End Of Children Mark
	.byte	7                               @ Abbrev [7] 0x49f:0x47 DW_TAG_subprogram
	.long	.Lfunc_begin20                  @ DW_AT_low_pc
	.long	.Lfunc_end20-.Lfunc_begin20     @ DW_AT_high_pc
	.byte	1                               @ DW_AT_frame_base
	.byte	93
	.long	.Linfo_string415                @ DW_AT_name
	.byte	1                               @ DW_AT_decl_file
	.short	544                             @ DW_AT_decl_line
                                        @ DW_AT_prototyped
	.long	5659                            @ DW_AT_type
                                        @ DW_AT_external
	.byte	8                               @ Abbrev [8] 0x4b5:0x12 DW_TAG_variable
	.long	.Linfo_string100                @ DW_AT_name
	.long	1254                            @ DW_AT_type
	.byte	1                               @ DW_AT_decl_file
	.short	546                             @ DW_AT_decl_line
	.byte	5                               @ DW_AT_location
	.byte	3
	.long	CLOCK_EnableUsbhs0PhyPllClock.g_ccmConfigUsbPll
	.byte	9                               @ Abbrev [9] 0x4c7:0xf DW_TAG_formal_parameter
	.byte	2                               @ DW_AT_location
	.byte	145
	.byte	7
	.long	.Linfo_string103                @ DW_AT_name
	.byte	1                               @ DW_AT_decl_file
	.short	544                             @ DW_AT_decl_line
	.long	7542                            @ DW_AT_type
	.byte	9                               @ Abbrev [9] 0x4d6:0xf DW_TAG_formal_parameter
	.byte	2                               @ DW_AT_location
	.byte	145
	.byte	0
	.long	.Linfo_string449                @ DW_AT_name
	.byte	1                               @ DW_AT_decl_file
	.short	544                             @ DW_AT_decl_line
	.long	1436                            @ DW_AT_type
	.byte	0                               @ End Of Children Mark
	.byte	11                              @ Abbrev [11] 0x4e6:0x5 DW_TAG_const_type
	.long	1259                            @ DW_AT_type
	.byte	12                              @ Abbrev [12] 0x4eb:0xc DW_TAG_typedef
	.long	1271                            @ DW_AT_type
	.long	.Linfo_string105                @ DW_AT_name
	.byte	2                               @ DW_AT_decl_file
	.short	1234                            @ DW_AT_decl_line
	.byte	17                              @ Abbrev [17] 0x4f7:0x24 DW_TAG_structure_type
	.long	.Linfo_string104                @ DW_AT_name
	.byte	2                               @ DW_AT_byte_size
	.byte	2                               @ DW_AT_decl_file
	.short	1227                            @ DW_AT_decl_line
	.byte	18                              @ Abbrev [18] 0x500:0xd DW_TAG_member
	.long	.Linfo_string101                @ DW_AT_name
	.long	1307                            @ DW_AT_type
	.byte	2                               @ DW_AT_decl_file
	.short	1229                            @ DW_AT_decl_line
	.byte	0                               @ DW_AT_data_member_location
	.byte	18                              @ Abbrev [18] 0x50d:0xd DW_TAG_member
	.long	.Linfo_string103                @ DW_AT_name
	.long	1307                            @ DW_AT_type
	.byte	2                               @ DW_AT_decl_file
	.short	1232                            @ DW_AT_decl_line
	.byte	1                               @ DW_AT_data_member_location
	.byte	0                               @ End Of Children Mark
	.byte	19                              @ Abbrev [19] 0x51b:0xb DW_TAG_typedef
	.long	508                             @ DW_AT_type
	.long	.Linfo_string102                @ DW_AT_name
	.byte	3                               @ DW_AT_decl_file
	.byte	62                              @ DW_AT_decl_line
	.byte	7                               @ Abbrev [7] 0x526:0x65 DW_TAG_subprogram
	.long	.Lfunc_begin15                  @ DW_AT_low_pc
	.long	.Lfunc_end15-.Lfunc_begin15     @ DW_AT_high_pc
	.byte	1                               @ DW_AT_frame_base
	.byte	93
	.long	.Linfo_string410                @ DW_AT_name
	.byte	1                               @ DW_AT_decl_file
	.short	950                             @ DW_AT_decl_line
                                        @ DW_AT_prototyped
	.long	1436                            @ DW_AT_type
                                        @ DW_AT_external
	.byte	8                               @ Abbrev [8] 0x53c:0x12 DW_TAG_variable
	.long	.Linfo_string106                @ DW_AT_name
	.long	1419                            @ DW_AT_type
	.byte	1                               @ DW_AT_decl_file
	.short	956                             @ DW_AT_decl_line
	.byte	5                               @ DW_AT_location
	.byte	3
	.long	CLOCK_GetPllFreq.enetRefClkFreq
	.byte	9                               @ Abbrev [9] 0x54e:0xf DW_TAG_formal_parameter
	.byte	2                               @ DW_AT_location
	.byte	145
	.byte	40
	.long	.Linfo_string453                @ DW_AT_name
	.byte	1                               @ DW_AT_decl_file
	.short	950                             @ DW_AT_decl_line
	.long	7506                            @ DW_AT_type
	.byte	10                              @ Abbrev [10] 0x55d:0xf DW_TAG_variable
	.byte	2                               @ DW_AT_location
	.byte	145
	.byte	36
	.long	.Linfo_string449                @ DW_AT_name
	.byte	1                               @ DW_AT_decl_file
	.short	952                             @ DW_AT_decl_line
	.long	1436                            @ DW_AT_type
	.byte	10                              @ Abbrev [10] 0x56c:0xf DW_TAG_variable
	.byte	2                               @ DW_AT_location
	.byte	145
	.byte	32
	.long	.Linfo_string455                @ DW_AT_name
	.byte	1                               @ DW_AT_decl_file
	.short	953                             @ DW_AT_decl_line
	.long	1436                            @ DW_AT_type
	.byte	10                              @ Abbrev [10] 0x57b:0xf DW_TAG_variable
	.byte	2                               @ DW_AT_location
	.byte	145
	.byte	24
	.long	.Linfo_string456                @ DW_AT_name
	.byte	1                               @ DW_AT_decl_file
	.short	954                             @ DW_AT_decl_line
	.long	5641                            @ DW_AT_type
	.byte	0                               @ End Of Children Mark
	.byte	3                               @ Abbrev [3] 0x58b:0xc DW_TAG_array_type
	.long	1431                            @ DW_AT_type
	.byte	4                               @ Abbrev [4] 0x590:0x6 DW_TAG_subrange_type
	.long	70                              @ DW_AT_type
	.byte	4                               @ DW_AT_count
	.byte	0                               @ End Of Children Mark
	.byte	11                              @ Abbrev [11] 0x597:0x5 DW_TAG_const_type
	.long	1436                            @ DW_AT_type
	.byte	19                              @ Abbrev [19] 0x59c:0xb DW_TAG_typedef
	.long	1447                            @ DW_AT_type
	.long	.Linfo_string108                @ DW_AT_name
	.byte	3                               @ DW_AT_decl_file
	.byte	64                              @ DW_AT_decl_line
	.byte	5                               @ Abbrev [5] 0x5a7:0x7 DW_TAG_base_type
	.long	.Linfo_string107                @ DW_AT_name
	.byte	7                               @ DW_AT_encoding
	.byte	4                               @ DW_AT_byte_size
	.byte	16                              @ Abbrev [16] 0x5ae:0xe DW_TAG_variable
	.long	1468                            @ DW_AT_type
	.byte	1                               @ DW_AT_decl_file
	.short	1047                            @ DW_AT_decl_line
	.byte	5                               @ DW_AT_location
	.byte	3
	.long	.L.str.3
	.byte	3                               @ Abbrev [3] 0x5bc:0xc DW_TAG_array_type
	.long	63                              @ DW_AT_type
	.byte	4                               @ Abbrev [4] 0x5c1:0x6 DW_TAG_subrange_type
	.long	70                              @ DW_AT_type
	.byte	6                               @ DW_AT_count
	.byte	0                               @ End Of Children Mark
	.byte	7                               @ Abbrev [7] 0x5c8:0x47 DW_TAG_subprogram
	.long	.Lfunc_begin45                  @ DW_AT_low_pc
	.long	.Lfunc_end45-.Lfunc_begin45     @ DW_AT_high_pc
	.byte	1                               @ DW_AT_frame_base
	.byte	93
	.long	.Linfo_string440                @ DW_AT_name
	.byte	1                               @ DW_AT_decl_file
	.short	1353                            @ DW_AT_decl_line
                                        @ DW_AT_prototyped
	.long	5659                            @ DW_AT_type
                                        @ DW_AT_external
	.byte	8                               @ Abbrev [8] 0x5de:0x12 DW_TAG_variable
	.long	.Linfo_string100                @ DW_AT_name
	.long	1254                            @ DW_AT_type
	.byte	1                               @ DW_AT_decl_file
	.short	1355                            @ DW_AT_decl_line
	.byte	5                               @ DW_AT_location
	.byte	3
	.long	CLOCK_EnableUsbhs1PhyPllClock.g_ccmConfigUsbPll
	.byte	9                               @ Abbrev [9] 0x5f0:0xf DW_TAG_formal_parameter
	.byte	2                               @ DW_AT_location
	.byte	145
	.byte	7
	.long	.Linfo_string103                @ DW_AT_name
	.byte	1                               @ DW_AT_decl_file
	.short	1353                            @ DW_AT_decl_line
	.long	7542                            @ DW_AT_type
	.byte	9                               @ Abbrev [9] 0x5ff:0xf DW_TAG_formal_parameter
	.byte	2                               @ DW_AT_location
	.byte	145
	.byte	0
	.long	.Linfo_string449                @ DW_AT_name
	.byte	1                               @ DW_AT_decl_file
	.short	1353                            @ DW_AT_decl_line
	.long	1436                            @ DW_AT_type
	.byte	0                               @ End Of Children Mark
	.byte	20                              @ Abbrev [20] 0x60f:0x11 DW_TAG_variable
	.long	.Linfo_string109                @ DW_AT_name
	.long	1568                            @ DW_AT_type
                                        @ DW_AT_external
	.byte	1                               @ DW_AT_decl_file
	.byte	60                              @ DW_AT_decl_line
	.byte	5                               @ DW_AT_location
	.byte	3
	.long	g_xtalFreq
	.byte	21                              @ Abbrev [21] 0x620:0x5 DW_TAG_volatile_type
	.long	1436                            @ DW_AT_type
	.byte	20                              @ Abbrev [20] 0x625:0x11 DW_TAG_variable
	.long	.Linfo_string110                @ DW_AT_name
	.long	1568                            @ DW_AT_type
                                        @ DW_AT_external
	.byte	1                               @ DW_AT_decl_file
	.byte	62                              @ DW_AT_decl_line
	.byte	5                               @ DW_AT_location
	.byte	3
	.long	g_rtcXtalFreq
	.byte	13                              @ Abbrev [13] 0x636:0x1a DW_TAG_enumeration_type
	.long	508                             @ DW_AT_type
	.long	.Linfo_string113                @ DW_AT_name
	.byte	1                               @ DW_AT_byte_size
	.byte	2                               @ DW_AT_decl_file
	.short	655                             @ DW_AT_decl_line
	.byte	14                              @ Abbrev [14] 0x643:0x6 DW_TAG_enumerator
	.long	.Linfo_string111                @ DW_AT_name
	.byte	0                               @ DW_AT_const_value
	.byte	14                              @ Abbrev [14] 0x649:0x6 DW_TAG_enumerator
	.long	.Linfo_string112                @ DW_AT_name
	.byte	1                               @ DW_AT_const_value
	.byte	0                               @ End Of Children Mark
	.byte	13                              @ Abbrev [13] 0x650:0x26 DW_TAG_enumeration_type
	.long	508                             @ DW_AT_type
	.long	.Linfo_string118                @ DW_AT_name
	.byte	1                               @ DW_AT_byte_size
	.byte	2                               @ DW_AT_decl_file
	.short	1308                            @ DW_AT_decl_line
	.byte	14                              @ Abbrev [14] 0x65d:0x6 DW_TAG_enumerator
	.long	.Linfo_string114                @ DW_AT_name
	.byte	0                               @ DW_AT_const_value
	.byte	14                              @ Abbrev [14] 0x663:0x6 DW_TAG_enumerator
	.long	.Linfo_string115                @ DW_AT_name
	.byte	1                               @ DW_AT_const_value
	.byte	14                              @ Abbrev [14] 0x669:0x6 DW_TAG_enumerator
	.long	.Linfo_string116                @ DW_AT_name
	.byte	2                               @ DW_AT_const_value
	.byte	14                              @ Abbrev [14] 0x66f:0x6 DW_TAG_enumerator
	.long	.Linfo_string117                @ DW_AT_name
	.byte	3                               @ DW_AT_const_value
	.byte	0                               @ End Of Children Mark
	.byte	13                              @ Abbrev [13] 0x676:0x5b DW_TAG_enumeration_type
	.long	1447                            @ DW_AT_type
	.long	.Linfo_string128                @ DW_AT_name
	.byte	4                               @ DW_AT_byte_size
	.byte	2                               @ DW_AT_decl_file
	.short	1291                            @ DW_AT_decl_line
	.byte	14                              @ Abbrev [14] 0x683:0x6 DW_TAG_enumerator
	.long	.Linfo_string119                @ DW_AT_name
	.byte	13                              @ DW_AT_const_value
	.byte	14                              @ Abbrev [14] 0x689:0x9 DW_TAG_enumerator
	.long	.Linfo_string120                @ DW_AT_name
	.ascii	"\215\200\300\001"              @ DW_AT_const_value
	.byte	14                              @ Abbrev [14] 0x692:0x8 DW_TAG_enumerator
	.long	.Linfo_string121                @ DW_AT_name
	.ascii	"\215\200@"                     @ DW_AT_const_value
	.byte	14                              @ Abbrev [14] 0x69a:0x9 DW_TAG_enumerator
	.long	.Linfo_string122                @ DW_AT_name
	.ascii	"\215\200\300\003"              @ DW_AT_const_value
	.byte	14                              @ Abbrev [14] 0x6a3:0x9 DW_TAG_enumerator
	.long	.Linfo_string123                @ DW_AT_name
	.ascii	"\215\200\200\005"              @ DW_AT_const_value
	.byte	14                              @ Abbrev [14] 0x6ac:0x9 DW_TAG_enumerator
	.long	.Linfo_string124                @ DW_AT_name
	.ascii	"\215\200\200\007"              @ DW_AT_const_value
	.byte	14                              @ Abbrev [14] 0x6b5:0x9 DW_TAG_enumerator
	.long	.Linfo_string125                @ DW_AT_name
	.ascii	"\224\200\200\007"              @ DW_AT_const_value
	.byte	14                              @ Abbrev [14] 0x6be:0x9 DW_TAG_enumerator
	.long	.Linfo_string126                @ DW_AT_name
	.ascii	"\225\200\200\007"              @ DW_AT_const_value
	.byte	14                              @ Abbrev [14] 0x6c7:0x9 DW_TAG_enumerator
	.long	.Linfo_string127                @ DW_AT_name
	.ascii	"\215\200\200\001"              @ DW_AT_const_value
	.byte	0                               @ End Of Children Mark
	.byte	13                              @ Abbrev [13] 0x6d1:0x74 DW_TAG_enumeration_type
	.long	508                             @ DW_AT_type
	.long	.Linfo_string146                @ DW_AT_name
	.byte	1                               @ DW_AT_byte_size
	.byte	2                               @ DW_AT_decl_file
	.short	1373                            @ DW_AT_decl_line
	.byte	14                              @ Abbrev [14] 0x6de:0x6 DW_TAG_enumerator
	.long	.Linfo_string129                @ DW_AT_name
	.byte	0                               @ DW_AT_const_value
	.byte	14                              @ Abbrev [14] 0x6e4:0x6 DW_TAG_enumerator
	.long	.Linfo_string130                @ DW_AT_name
	.byte	1                               @ DW_AT_const_value
	.byte	14                              @ Abbrev [14] 0x6ea:0x6 DW_TAG_enumerator
	.long	.Linfo_string131                @ DW_AT_name
	.byte	2                               @ DW_AT_const_value
	.byte	14                              @ Abbrev [14] 0x6f0:0x6 DW_TAG_enumerator
	.long	.Linfo_string132                @ DW_AT_name
	.byte	3                               @ DW_AT_const_value
	.byte	14                              @ Abbrev [14] 0x6f6:0x6 DW_TAG_enumerator
	.long	.Linfo_string133                @ DW_AT_name
	.byte	4                               @ DW_AT_const_value
	.byte	14                              @ Abbrev [14] 0x6fc:0x6 DW_TAG_enumerator
	.long	.Linfo_string134                @ DW_AT_name
	.byte	5                               @ DW_AT_const_value
	.byte	14                              @ Abbrev [14] 0x702:0x6 DW_TAG_enumerator
	.long	.Linfo_string135                @ DW_AT_name
	.byte	6                               @ DW_AT_const_value
	.byte	14                              @ Abbrev [14] 0x708:0x6 DW_TAG_enumerator
	.long	.Linfo_string136                @ DW_AT_name
	.byte	7                               @ DW_AT_const_value
	.byte	14                              @ Abbrev [14] 0x70e:0x6 DW_TAG_enumerator
	.long	.Linfo_string137                @ DW_AT_name
	.byte	8                               @ DW_AT_const_value
	.byte	14                              @ Abbrev [14] 0x714:0x6 DW_TAG_enumerator
	.long	.Linfo_string138                @ DW_AT_name
	.byte	9                               @ DW_AT_const_value
	.byte	14                              @ Abbrev [14] 0x71a:0x6 DW_TAG_enumerator
	.long	.Linfo_string139                @ DW_AT_name
	.byte	10                              @ DW_AT_const_value
	.byte	14                              @ Abbrev [14] 0x720:0x6 DW_TAG_enumerator
	.long	.Linfo_string140                @ DW_AT_name
	.byte	11                              @ DW_AT_const_value
	.byte	14                              @ Abbrev [14] 0x726:0x6 DW_TAG_enumerator
	.long	.Linfo_string141                @ DW_AT_name
	.byte	12                              @ DW_AT_const_value
	.byte	14                              @ Abbrev [14] 0x72c:0x6 DW_TAG_enumerator
	.long	.Linfo_string142                @ DW_AT_name
	.byte	13                              @ DW_AT_const_value
	.byte	14                              @ Abbrev [14] 0x732:0x6 DW_TAG_enumerator
	.long	.Linfo_string143                @ DW_AT_name
	.byte	14                              @ DW_AT_const_value
	.byte	14                              @ Abbrev [14] 0x738:0x6 DW_TAG_enumerator
	.long	.Linfo_string144                @ DW_AT_name
	.byte	15                              @ DW_AT_const_value
	.byte	14                              @ Abbrev [14] 0x73e:0x6 DW_TAG_enumerator
	.long	.Linfo_string145                @ DW_AT_name
	.byte	16                              @ DW_AT_const_value
	.byte	0                               @ End Of Children Mark
	.byte	13                              @ Abbrev [13] 0x745:0x1a DW_TAG_enumeration_type
	.long	1887                            @ DW_AT_type
	.long	.Linfo_string150                @ DW_AT_name
	.byte	1                               @ DW_AT_byte_size
	.byte	2                               @ DW_AT_decl_file
	.short	1199                            @ DW_AT_decl_line
	.byte	15                              @ Abbrev [15] 0x752:0x6 DW_TAG_enumerator
	.long	.Linfo_string148                @ DW_AT_name
	.byte	0                               @ DW_AT_const_value
	.byte	15                              @ Abbrev [15] 0x758:0x6 DW_TAG_enumerator
	.long	.Linfo_string149                @ DW_AT_name
	.byte	127                             @ DW_AT_const_value
	.byte	0                               @ End Of Children Mark
	.byte	5                               @ Abbrev [5] 0x75f:0x7 DW_TAG_base_type
	.long	.Linfo_string147                @ DW_AT_name
	.byte	6                               @ DW_AT_encoding
	.byte	1                               @ DW_AT_byte_size
	.byte	13                              @ Abbrev [13] 0x766:0x14 DW_TAG_enumeration_type
	.long	508                             @ DW_AT_type
	.long	.Linfo_string152                @ DW_AT_name
	.byte	1                               @ DW_AT_byte_size
	.byte	2                               @ DW_AT_decl_file
	.short	1207                            @ DW_AT_decl_line
	.byte	14                              @ Abbrev [14] 0x773:0x6 DW_TAG_enumerator
	.long	.Linfo_string151                @ DW_AT_name
	.byte	0                               @ DW_AT_const_value
	.byte	0                               @ End Of Children Mark
	.byte	13                              @ Abbrev [13] 0x77a:0x50 DW_TAG_enumeration_type
	.long	508                             @ DW_AT_type
	.long	.Linfo_string164                @ DW_AT_name
	.byte	1                               @ DW_AT_byte_size
	.byte	2                               @ DW_AT_decl_file
	.short	1319                            @ DW_AT_decl_line
	.byte	14                              @ Abbrev [14] 0x787:0x6 DW_TAG_enumerator
	.long	.Linfo_string153                @ DW_AT_name
	.byte	0                               @ DW_AT_const_value
	.byte	14                              @ Abbrev [14] 0x78d:0x6 DW_TAG_enumerator
	.long	.Linfo_string154                @ DW_AT_name
	.byte	1                               @ DW_AT_const_value
	.byte	14                              @ Abbrev [14] 0x793:0x6 DW_TAG_enumerator
	.long	.Linfo_string155                @ DW_AT_name
	.byte	3                               @ DW_AT_const_value
	.byte	14                              @ Abbrev [14] 0x799:0x6 DW_TAG_enumerator
	.long	.Linfo_string156                @ DW_AT_name
	.byte	5                               @ DW_AT_const_value
	.byte	14                              @ Abbrev [14] 0x79f:0x6 DW_TAG_enumerator
	.long	.Linfo_string157                @ DW_AT_name
	.byte	10                              @ DW_AT_const_value
	.byte	14                              @ Abbrev [14] 0x7a5:0x6 DW_TAG_enumerator
	.long	.Linfo_string158                @ DW_AT_name
	.byte	11                              @ DW_AT_const_value
	.byte	14                              @ Abbrev [14] 0x7ab:0x6 DW_TAG_enumerator
	.long	.Linfo_string159                @ DW_AT_name
	.byte	12                              @ DW_AT_const_value
	.byte	14                              @ Abbrev [14] 0x7b1:0x6 DW_TAG_enumerator
	.long	.Linfo_string160                @ DW_AT_name
	.byte	13                              @ DW_AT_const_value
	.byte	14                              @ Abbrev [14] 0x7b7:0x6 DW_TAG_enumerator
	.long	.Linfo_string161                @ DW_AT_name
	.byte	14                              @ DW_AT_const_value
	.byte	14                              @ Abbrev [14] 0x7bd:0x6 DW_TAG_enumerator
	.long	.Linfo_string162                @ DW_AT_name
	.byte	15                              @ DW_AT_const_value
	.byte	14                              @ Abbrev [14] 0x7c3:0x6 DW_TAG_enumerator
	.long	.Linfo_string163                @ DW_AT_name
	.byte	16                              @ DW_AT_const_value
	.byte	0                               @ End Of Children Mark
	.byte	13                              @ Abbrev [13] 0x7ca:0x3e DW_TAG_enumeration_type
	.long	508                             @ DW_AT_type
	.long	.Linfo_string173                @ DW_AT_name
	.byte	1                               @ DW_AT_byte_size
	.byte	2                               @ DW_AT_decl_file
	.short	1358                            @ DW_AT_decl_line
	.byte	14                              @ Abbrev [14] 0x7d7:0x6 DW_TAG_enumerator
	.long	.Linfo_string165                @ DW_AT_name
	.byte	0                               @ DW_AT_const_value
	.byte	14                              @ Abbrev [14] 0x7dd:0x6 DW_TAG_enumerator
	.long	.Linfo_string166                @ DW_AT_name
	.byte	1                               @ DW_AT_const_value
	.byte	14                              @ Abbrev [14] 0x7e3:0x6 DW_TAG_enumerator
	.long	.Linfo_string167                @ DW_AT_name
	.byte	2                               @ DW_AT_const_value
	.byte	14                              @ Abbrev [14] 0x7e9:0x6 DW_TAG_enumerator
	.long	.Linfo_string168                @ DW_AT_name
	.byte	3                               @ DW_AT_const_value
	.byte	14                              @ Abbrev [14] 0x7ef:0x6 DW_TAG_enumerator
	.long	.Linfo_string169                @ DW_AT_name
	.byte	4                               @ DW_AT_const_value
	.byte	14                              @ Abbrev [14] 0x7f5:0x6 DW_TAG_enumerator
	.long	.Linfo_string170                @ DW_AT_name
	.byte	5                               @ DW_AT_const_value
	.byte	14                              @ Abbrev [14] 0x7fb:0x6 DW_TAG_enumerator
	.long	.Linfo_string171                @ DW_AT_name
	.byte	6                               @ DW_AT_const_value
	.byte	14                              @ Abbrev [14] 0x801:0x6 DW_TAG_enumerator
	.long	.Linfo_string172                @ DW_AT_name
	.byte	7                               @ DW_AT_const_value
	.byte	0                               @ End Of Children Mark
	.byte	13                              @ Abbrev [13] 0x808:0x5c DW_TAG_enumeration_type
	.long	508                             @ DW_AT_type
	.long	.Linfo_string187                @ DW_AT_name
	.byte	1                               @ DW_AT_byte_size
	.byte	2                               @ DW_AT_decl_file
	.short	1338                            @ DW_AT_decl_line
	.byte	14                              @ Abbrev [14] 0x815:0x6 DW_TAG_enumerator
	.long	.Linfo_string174                @ DW_AT_name
	.byte	3                               @ DW_AT_const_value
	.byte	14                              @ Abbrev [14] 0x81b:0x6 DW_TAG_enumerator
	.long	.Linfo_string175                @ DW_AT_name
	.byte	6                               @ DW_AT_const_value
	.byte	14                              @ Abbrev [14] 0x821:0x6 DW_TAG_enumerator
	.long	.Linfo_string176                @ DW_AT_name
	.byte	11                              @ DW_AT_const_value
	.byte	14                              @ Abbrev [14] 0x827:0x6 DW_TAG_enumerator
	.long	.Linfo_string177                @ DW_AT_name
	.byte	14                              @ DW_AT_const_value
	.byte	14                              @ Abbrev [14] 0x82d:0x6 DW_TAG_enumerator
	.long	.Linfo_string178                @ DW_AT_name
	.byte	17                              @ DW_AT_const_value
	.byte	14                              @ Abbrev [14] 0x833:0x6 DW_TAG_enumerator
	.long	.Linfo_string179                @ DW_AT_name
	.byte	18                              @ DW_AT_const_value
	.byte	14                              @ Abbrev [14] 0x839:0x6 DW_TAG_enumerator
	.long	.Linfo_string180                @ DW_AT_name
	.byte	19                              @ DW_AT_const_value
	.byte	14                              @ Abbrev [14] 0x83f:0x6 DW_TAG_enumerator
	.long	.Linfo_string181                @ DW_AT_name
	.byte	20                              @ DW_AT_const_value
	.byte	14                              @ Abbrev [14] 0x845:0x6 DW_TAG_enumerator
	.long	.Linfo_string182                @ DW_AT_name
	.byte	23                              @ DW_AT_const_value
	.byte	14                              @ Abbrev [14] 0x84b:0x6 DW_TAG_enumerator
	.long	.Linfo_string183                @ DW_AT_name
	.byte	27                              @ DW_AT_const_value
	.byte	14                              @ Abbrev [14] 0x851:0x6 DW_TAG_enumerator
	.long	.Linfo_string184                @ DW_AT_name
	.byte	28                              @ DW_AT_const_value
	.byte	14                              @ Abbrev [14] 0x857:0x6 DW_TAG_enumerator
	.long	.Linfo_string185                @ DW_AT_name
	.byte	29                              @ DW_AT_const_value
	.byte	14                              @ Abbrev [14] 0x85d:0x6 DW_TAG_enumerator
	.long	.Linfo_string186                @ DW_AT_name
	.byte	31                              @ DW_AT_const_value
	.byte	0                               @ End Of Children Mark
	.byte	13                              @ Abbrev [13] 0x864:0x1a DW_TAG_enumeration_type
	.long	508                             @ DW_AT_type
	.long	.Linfo_string190                @ DW_AT_name
	.byte	1                               @ DW_AT_byte_size
	.byte	2                               @ DW_AT_decl_file
	.short	1213                            @ DW_AT_decl_line
	.byte	14                              @ Abbrev [14] 0x871:0x6 DW_TAG_enumerator
	.long	.Linfo_string188                @ DW_AT_name
	.byte	0                               @ DW_AT_const_value
	.byte	14                              @ Abbrev [14] 0x877:0x6 DW_TAG_enumerator
	.long	.Linfo_string189                @ DW_AT_name
	.byte	1                               @ DW_AT_const_value
	.byte	0                               @ End Of Children Mark
	.byte	22                              @ Abbrev [22] 0x87e:0x5 DW_TAG_pointer_type
	.long	2179                            @ DW_AT_type
	.byte	12                              @ Abbrev [12] 0x883:0xc DW_TAG_typedef
	.long	2191                            @ DW_AT_type
	.long	.Linfo_string254                @ DW_AT_name
	.byte	4                               @ DW_AT_decl_file
	.short	8843                            @ DW_AT_decl_line
	.byte	23                              @ Abbrev [23] 0x88f:0x34b DW_TAG_structure_type
	.short	384                             @ DW_AT_byte_size
	.byte	4                               @ DW_AT_decl_file
	.short	8779                            @ DW_AT_decl_line
	.byte	18                              @ Abbrev [18] 0x895:0xd DW_TAG_member
	.long	.Linfo_string191                @ DW_AT_name
	.long	1568                            @ DW_AT_type
	.byte	4                               @ DW_AT_decl_file
	.short	8780                            @ DW_AT_decl_line
	.byte	0                               @ DW_AT_data_member_location
	.byte	18                              @ Abbrev [18] 0x8a2:0xd DW_TAG_member
	.long	.Linfo_string192                @ DW_AT_name
	.long	1568                            @ DW_AT_type
	.byte	4                               @ DW_AT_decl_file
	.short	8781                            @ DW_AT_decl_line
	.byte	4                               @ DW_AT_data_member_location
	.byte	18                              @ Abbrev [18] 0x8af:0xd DW_TAG_member
	.long	.Linfo_string193                @ DW_AT_name
	.long	1568                            @ DW_AT_type
	.byte	4                               @ DW_AT_decl_file
	.short	8782                            @ DW_AT_decl_line
	.byte	8                               @ DW_AT_data_member_location
	.byte	18                              @ Abbrev [18] 0x8bc:0xd DW_TAG_member
	.long	.Linfo_string194                @ DW_AT_name
	.long	1568                            @ DW_AT_type
	.byte	4                               @ DW_AT_decl_file
	.short	8783                            @ DW_AT_decl_line
	.byte	12                              @ DW_AT_data_member_location
	.byte	18                              @ Abbrev [18] 0x8c9:0xd DW_TAG_member
	.long	.Linfo_string195                @ DW_AT_name
	.long	1568                            @ DW_AT_type
	.byte	4                               @ DW_AT_decl_file
	.short	8784                            @ DW_AT_decl_line
	.byte	16                              @ DW_AT_data_member_location
	.byte	18                              @ Abbrev [18] 0x8d6:0xd DW_TAG_member
	.long	.Linfo_string196                @ DW_AT_name
	.long	1568                            @ DW_AT_type
	.byte	4                               @ DW_AT_decl_file
	.short	8785                            @ DW_AT_decl_line
	.byte	20                              @ DW_AT_data_member_location
	.byte	18                              @ Abbrev [18] 0x8e3:0xd DW_TAG_member
	.long	.Linfo_string197                @ DW_AT_name
	.long	1568                            @ DW_AT_type
	.byte	4                               @ DW_AT_decl_file
	.short	8786                            @ DW_AT_decl_line
	.byte	24                              @ DW_AT_data_member_location
	.byte	18                              @ Abbrev [18] 0x8f0:0xd DW_TAG_member
	.long	.Linfo_string198                @ DW_AT_name
	.long	1568                            @ DW_AT_type
	.byte	4                               @ DW_AT_decl_file
	.short	8787                            @ DW_AT_decl_line
	.byte	28                              @ DW_AT_data_member_location
	.byte	18                              @ Abbrev [18] 0x8fd:0xd DW_TAG_member
	.long	.Linfo_string199                @ DW_AT_name
	.long	1568                            @ DW_AT_type
	.byte	4                               @ DW_AT_decl_file
	.short	8788                            @ DW_AT_decl_line
	.byte	32                              @ DW_AT_data_member_location
	.byte	18                              @ Abbrev [18] 0x90a:0xd DW_TAG_member
	.long	.Linfo_string200                @ DW_AT_name
	.long	1568                            @ DW_AT_type
	.byte	4                               @ DW_AT_decl_file
	.short	8789                            @ DW_AT_decl_line
	.byte	36                              @ DW_AT_data_member_location
	.byte	18                              @ Abbrev [18] 0x917:0xd DW_TAG_member
	.long	.Linfo_string201                @ DW_AT_name
	.long	1568                            @ DW_AT_type
	.byte	4                               @ DW_AT_decl_file
	.short	8790                            @ DW_AT_decl_line
	.byte	40                              @ DW_AT_data_member_location
	.byte	18                              @ Abbrev [18] 0x924:0xd DW_TAG_member
	.long	.Linfo_string202                @ DW_AT_name
	.long	1568                            @ DW_AT_type
	.byte	4                               @ DW_AT_decl_file
	.short	8791                            @ DW_AT_decl_line
	.byte	44                              @ DW_AT_data_member_location
	.byte	18                              @ Abbrev [18] 0x931:0xd DW_TAG_member
	.long	.Linfo_string203                @ DW_AT_name
	.long	1568                            @ DW_AT_type
	.byte	4                               @ DW_AT_decl_file
	.short	8792                            @ DW_AT_decl_line
	.byte	48                              @ DW_AT_data_member_location
	.byte	18                              @ Abbrev [18] 0x93e:0xd DW_TAG_member
	.long	.Linfo_string204                @ DW_AT_name
	.long	1568                            @ DW_AT_type
	.byte	4                               @ DW_AT_decl_file
	.short	8793                            @ DW_AT_decl_line
	.byte	52                              @ DW_AT_data_member_location
	.byte	18                              @ Abbrev [18] 0x94b:0xd DW_TAG_member
	.long	.Linfo_string205                @ DW_AT_name
	.long	1568                            @ DW_AT_type
	.byte	4                               @ DW_AT_decl_file
	.short	8794                            @ DW_AT_decl_line
	.byte	56                              @ DW_AT_data_member_location
	.byte	18                              @ Abbrev [18] 0x958:0xd DW_TAG_member
	.long	.Linfo_string206                @ DW_AT_name
	.long	1568                            @ DW_AT_type
	.byte	4                               @ DW_AT_decl_file
	.short	8795                            @ DW_AT_decl_line
	.byte	60                              @ DW_AT_data_member_location
	.byte	18                              @ Abbrev [18] 0x965:0xd DW_TAG_member
	.long	.Linfo_string207                @ DW_AT_name
	.long	1568                            @ DW_AT_type
	.byte	4                               @ DW_AT_decl_file
	.short	8796                            @ DW_AT_decl_line
	.byte	64                              @ DW_AT_data_member_location
	.byte	18                              @ Abbrev [18] 0x972:0xd DW_TAG_member
	.long	.Linfo_string208                @ DW_AT_name
	.long	3034                            @ DW_AT_type
	.byte	4                               @ DW_AT_decl_file
	.short	8797                            @ DW_AT_decl_line
	.byte	68                              @ DW_AT_data_member_location
	.byte	18                              @ Abbrev [18] 0x97f:0xd DW_TAG_member
	.long	.Linfo_string209                @ DW_AT_name
	.long	1568                            @ DW_AT_type
	.byte	4                               @ DW_AT_decl_file
	.short	8798                            @ DW_AT_decl_line
	.byte	80                              @ DW_AT_data_member_location
	.byte	18                              @ Abbrev [18] 0x98c:0xd DW_TAG_member
	.long	.Linfo_string210                @ DW_AT_name
	.long	3034                            @ DW_AT_type
	.byte	4                               @ DW_AT_decl_file
	.short	8799                            @ DW_AT_decl_line
	.byte	84                              @ DW_AT_data_member_location
	.byte	18                              @ Abbrev [18] 0x999:0xd DW_TAG_member
	.long	.Linfo_string211                @ DW_AT_name
	.long	1568                            @ DW_AT_type
	.byte	4                               @ DW_AT_decl_file
	.short	8800                            @ DW_AT_decl_line
	.byte	96                              @ DW_AT_data_member_location
	.byte	18                              @ Abbrev [18] 0x9a6:0xd DW_TAG_member
	.long	.Linfo_string212                @ DW_AT_name
	.long	3034                            @ DW_AT_type
	.byte	4                               @ DW_AT_decl_file
	.short	8801                            @ DW_AT_decl_line
	.byte	100                             @ DW_AT_data_member_location
	.byte	18                              @ Abbrev [18] 0x9b3:0xd DW_TAG_member
	.long	.Linfo_string213                @ DW_AT_name
	.long	1568                            @ DW_AT_type
	.byte	4                               @ DW_AT_decl_file
	.short	8802                            @ DW_AT_decl_line
	.byte	112                             @ DW_AT_data_member_location
	.byte	18                              @ Abbrev [18] 0x9c0:0xd DW_TAG_member
	.long	.Linfo_string214                @ DW_AT_name
	.long	1568                            @ DW_AT_type
	.byte	4                               @ DW_AT_decl_file
	.short	8803                            @ DW_AT_decl_line
	.byte	116                             @ DW_AT_data_member_location
	.byte	18                              @ Abbrev [18] 0x9cd:0xd DW_TAG_member
	.long	.Linfo_string215                @ DW_AT_name
	.long	1568                            @ DW_AT_type
	.byte	4                               @ DW_AT_decl_file
	.short	8804                            @ DW_AT_decl_line
	.byte	120                             @ DW_AT_data_member_location
	.byte	18                              @ Abbrev [18] 0x9da:0xd DW_TAG_member
	.long	.Linfo_string216                @ DW_AT_name
	.long	1568                            @ DW_AT_type
	.byte	4                               @ DW_AT_decl_file
	.short	8805                            @ DW_AT_decl_line
	.byte	124                             @ DW_AT_data_member_location
	.byte	18                              @ Abbrev [18] 0x9e7:0xd DW_TAG_member
	.long	.Linfo_string217                @ DW_AT_name
	.long	1568                            @ DW_AT_type
	.byte	4                               @ DW_AT_decl_file
	.short	8806                            @ DW_AT_decl_line
	.byte	128                             @ DW_AT_data_member_location
	.byte	18                              @ Abbrev [18] 0x9f4:0xd DW_TAG_member
	.long	.Linfo_string218                @ DW_AT_name
	.long	3034                            @ DW_AT_type
	.byte	4                               @ DW_AT_decl_file
	.short	8807                            @ DW_AT_decl_line
	.byte	132                             @ DW_AT_data_member_location
	.byte	18                              @ Abbrev [18] 0xa01:0xd DW_TAG_member
	.long	.Linfo_string219                @ DW_AT_name
	.long	1568                            @ DW_AT_type
	.byte	4                               @ DW_AT_decl_file
	.short	8808                            @ DW_AT_decl_line
	.byte	144                             @ DW_AT_data_member_location
	.byte	18                              @ Abbrev [18] 0xa0e:0xd DW_TAG_member
	.long	.Linfo_string220                @ DW_AT_name
	.long	3034                            @ DW_AT_type
	.byte	4                               @ DW_AT_decl_file
	.short	8809                            @ DW_AT_decl_line
	.byte	148                             @ DW_AT_data_member_location
	.byte	18                              @ Abbrev [18] 0xa1b:0xd DW_TAG_member
	.long	.Linfo_string221                @ DW_AT_name
	.long	1568                            @ DW_AT_type
	.byte	4                               @ DW_AT_decl_file
	.short	8810                            @ DW_AT_decl_line
	.byte	160                             @ DW_AT_data_member_location
	.byte	18                              @ Abbrev [18] 0xa28:0xd DW_TAG_member
	.long	.Linfo_string222                @ DW_AT_name
	.long	1568                            @ DW_AT_type
	.byte	4                               @ DW_AT_decl_file
	.short	8811                            @ DW_AT_decl_line
	.byte	164                             @ DW_AT_data_member_location
	.byte	18                              @ Abbrev [18] 0xa35:0xd DW_TAG_member
	.long	.Linfo_string223                @ DW_AT_name
	.long	1568                            @ DW_AT_type
	.byte	4                               @ DW_AT_decl_file
	.short	8812                            @ DW_AT_decl_line
	.byte	168                             @ DW_AT_data_member_location
	.byte	18                              @ Abbrev [18] 0xa42:0xd DW_TAG_member
	.long	.Linfo_string224                @ DW_AT_name
	.long	1568                            @ DW_AT_type
	.byte	4                               @ DW_AT_decl_file
	.short	8813                            @ DW_AT_decl_line
	.byte	172                             @ DW_AT_data_member_location
	.byte	18                              @ Abbrev [18] 0xa4f:0xd DW_TAG_member
	.long	.Linfo_string225                @ DW_AT_name
	.long	1568                            @ DW_AT_type
	.byte	4                               @ DW_AT_decl_file
	.short	8814                            @ DW_AT_decl_line
	.byte	176                             @ DW_AT_data_member_location
	.byte	18                              @ Abbrev [18] 0xa5c:0xd DW_TAG_member
	.long	.Linfo_string226                @ DW_AT_name
	.long	3034                            @ DW_AT_type
	.byte	4                               @ DW_AT_decl_file
	.short	8815                            @ DW_AT_decl_line
	.byte	180                             @ DW_AT_data_member_location
	.byte	18                              @ Abbrev [18] 0xa69:0xd DW_TAG_member
	.long	.Linfo_string227                @ DW_AT_name
	.long	1568                            @ DW_AT_type
	.byte	4                               @ DW_AT_decl_file
	.short	8816                            @ DW_AT_decl_line
	.byte	192                             @ DW_AT_data_member_location
	.byte	18                              @ Abbrev [18] 0xa76:0xd DW_TAG_member
	.long	.Linfo_string228                @ DW_AT_name
	.long	3046                            @ DW_AT_type
	.byte	4                               @ DW_AT_decl_file
	.short	8817                            @ DW_AT_decl_line
	.byte	196                             @ DW_AT_data_member_location
	.byte	18                              @ Abbrev [18] 0xa83:0xd DW_TAG_member
	.long	.Linfo_string229                @ DW_AT_name
	.long	1568                            @ DW_AT_type
	.byte	4                               @ DW_AT_decl_file
	.short	8818                            @ DW_AT_decl_line
	.byte	224                             @ DW_AT_data_member_location
	.byte	18                              @ Abbrev [18] 0xa90:0xd DW_TAG_member
	.long	.Linfo_string230                @ DW_AT_name
	.long	1568                            @ DW_AT_type
	.byte	4                               @ DW_AT_decl_file
	.short	8819                            @ DW_AT_decl_line
	.byte	228                             @ DW_AT_data_member_location
	.byte	18                              @ Abbrev [18] 0xa9d:0xd DW_TAG_member
	.long	.Linfo_string231                @ DW_AT_name
	.long	1568                            @ DW_AT_type
	.byte	4                               @ DW_AT_decl_file
	.short	8820                            @ DW_AT_decl_line
	.byte	232                             @ DW_AT_data_member_location
	.byte	18                              @ Abbrev [18] 0xaaa:0xd DW_TAG_member
	.long	.Linfo_string232                @ DW_AT_name
	.long	1568                            @ DW_AT_type
	.byte	4                               @ DW_AT_decl_file
	.short	8821                            @ DW_AT_decl_line
	.byte	236                             @ DW_AT_data_member_location
	.byte	18                              @ Abbrev [18] 0xab7:0xd DW_TAG_member
	.long	.Linfo_string233                @ DW_AT_name
	.long	1568                            @ DW_AT_type
	.byte	4                               @ DW_AT_decl_file
	.short	8822                            @ DW_AT_decl_line
	.byte	240                             @ DW_AT_data_member_location
	.byte	18                              @ Abbrev [18] 0xac4:0xd DW_TAG_member
	.long	.Linfo_string234                @ DW_AT_name
	.long	1568                            @ DW_AT_type
	.byte	4                               @ DW_AT_decl_file
	.short	8823                            @ DW_AT_decl_line
	.byte	244                             @ DW_AT_data_member_location
	.byte	18                              @ Abbrev [18] 0xad1:0xd DW_TAG_member
	.long	.Linfo_string235                @ DW_AT_name
	.long	1568                            @ DW_AT_type
	.byte	4                               @ DW_AT_decl_file
	.short	8824                            @ DW_AT_decl_line
	.byte	248                             @ DW_AT_data_member_location
	.byte	18                              @ Abbrev [18] 0xade:0xd DW_TAG_member
	.long	.Linfo_string236                @ DW_AT_name
	.long	1568                            @ DW_AT_type
	.byte	4                               @ DW_AT_decl_file
	.short	8825                            @ DW_AT_decl_line
	.byte	252                             @ DW_AT_data_member_location
	.byte	24                              @ Abbrev [24] 0xaeb:0xe DW_TAG_member
	.long	.Linfo_string237                @ DW_AT_name
	.long	1568                            @ DW_AT_type
	.byte	4                               @ DW_AT_decl_file
	.short	8826                            @ DW_AT_decl_line
	.short	256                             @ DW_AT_data_member_location
	.byte	24                              @ Abbrev [24] 0xaf9:0xe DW_TAG_member
	.long	.Linfo_string238                @ DW_AT_name
	.long	1568                            @ DW_AT_type
	.byte	4                               @ DW_AT_decl_file
	.short	8827                            @ DW_AT_decl_line
	.short	260                             @ DW_AT_data_member_location
	.byte	24                              @ Abbrev [24] 0xb07:0xe DW_TAG_member
	.long	.Linfo_string239                @ DW_AT_name
	.long	1568                            @ DW_AT_type
	.byte	4                               @ DW_AT_decl_file
	.short	8828                            @ DW_AT_decl_line
	.short	264                             @ DW_AT_data_member_location
	.byte	24                              @ Abbrev [24] 0xb15:0xe DW_TAG_member
	.long	.Linfo_string240                @ DW_AT_name
	.long	1568                            @ DW_AT_type
	.byte	4                               @ DW_AT_decl_file
	.short	8829                            @ DW_AT_decl_line
	.short	268                             @ DW_AT_data_member_location
	.byte	24                              @ Abbrev [24] 0xb23:0xe DW_TAG_member
	.long	.Linfo_string241                @ DW_AT_name
	.long	3058                            @ DW_AT_type
	.byte	4                               @ DW_AT_decl_file
	.short	8830                            @ DW_AT_decl_line
	.short	272                             @ DW_AT_data_member_location
	.byte	24                              @ Abbrev [24] 0xb31:0xe DW_TAG_member
	.long	.Linfo_string242                @ DW_AT_name
	.long	1568                            @ DW_AT_type
	.byte	4                               @ DW_AT_decl_file
	.short	8831                            @ DW_AT_decl_line
	.short	336                             @ DW_AT_data_member_location
	.byte	24                              @ Abbrev [24] 0xb3f:0xe DW_TAG_member
	.long	.Linfo_string243                @ DW_AT_name
	.long	1568                            @ DW_AT_type
	.byte	4                               @ DW_AT_decl_file
	.short	8832                            @ DW_AT_decl_line
	.short	340                             @ DW_AT_data_member_location
	.byte	24                              @ Abbrev [24] 0xb4d:0xe DW_TAG_member
	.long	.Linfo_string244                @ DW_AT_name
	.long	1568                            @ DW_AT_type
	.byte	4                               @ DW_AT_decl_file
	.short	8833                            @ DW_AT_decl_line
	.short	344                             @ DW_AT_data_member_location
	.byte	24                              @ Abbrev [24] 0xb5b:0xe DW_TAG_member
	.long	.Linfo_string245                @ DW_AT_name
	.long	1568                            @ DW_AT_type
	.byte	4                               @ DW_AT_decl_file
	.short	8834                            @ DW_AT_decl_line
	.short	348                             @ DW_AT_data_member_location
	.byte	24                              @ Abbrev [24] 0xb69:0xe DW_TAG_member
	.long	.Linfo_string246                @ DW_AT_name
	.long	1568                            @ DW_AT_type
	.byte	4                               @ DW_AT_decl_file
	.short	8835                            @ DW_AT_decl_line
	.short	352                             @ DW_AT_data_member_location
	.byte	24                              @ Abbrev [24] 0xb77:0xe DW_TAG_member
	.long	.Linfo_string247                @ DW_AT_name
	.long	1568                            @ DW_AT_type
	.byte	4                               @ DW_AT_decl_file
	.short	8836                            @ DW_AT_decl_line
	.short	356                             @ DW_AT_data_member_location
	.byte	24                              @ Abbrev [24] 0xb85:0xe DW_TAG_member
	.long	.Linfo_string248                @ DW_AT_name
	.long	1568                            @ DW_AT_type
	.byte	4                               @ DW_AT_decl_file
	.short	8837                            @ DW_AT_decl_line
	.short	360                             @ DW_AT_data_member_location
	.byte	24                              @ Abbrev [24] 0xb93:0xe DW_TAG_member
	.long	.Linfo_string249                @ DW_AT_name
	.long	1568                            @ DW_AT_type
	.byte	4                               @ DW_AT_decl_file
	.short	8838                            @ DW_AT_decl_line
	.short	364                             @ DW_AT_data_member_location
	.byte	24                              @ Abbrev [24] 0xba1:0xe DW_TAG_member
	.long	.Linfo_string250                @ DW_AT_name
	.long	1568                            @ DW_AT_type
	.byte	4                               @ DW_AT_decl_file
	.short	8839                            @ DW_AT_decl_line
	.short	368                             @ DW_AT_data_member_location
	.byte	24                              @ Abbrev [24] 0xbaf:0xe DW_TAG_member
	.long	.Linfo_string251                @ DW_AT_name
	.long	1568                            @ DW_AT_type
	.byte	4                               @ DW_AT_decl_file
	.short	8840                            @ DW_AT_decl_line
	.short	372                             @ DW_AT_data_member_location
	.byte	24                              @ Abbrev [24] 0xbbd:0xe DW_TAG_member
	.long	.Linfo_string252                @ DW_AT_name
	.long	1568                            @ DW_AT_type
	.byte	4                               @ DW_AT_decl_file
	.short	8841                            @ DW_AT_decl_line
	.short	376                             @ DW_AT_data_member_location
	.byte	24                              @ Abbrev [24] 0xbcb:0xe DW_TAG_member
	.long	.Linfo_string253                @ DW_AT_name
	.long	1568                            @ DW_AT_type
	.byte	4                               @ DW_AT_decl_file
	.short	8842                            @ DW_AT_decl_line
	.short	380                             @ DW_AT_data_member_location
	.byte	0                               @ End Of Children Mark
	.byte	3                               @ Abbrev [3] 0xbda:0xc DW_TAG_array_type
	.long	1307                            @ DW_AT_type
	.byte	4                               @ Abbrev [4] 0xbdf:0x6 DW_TAG_subrange_type
	.long	70                              @ DW_AT_type
	.byte	12                              @ DW_AT_count
	.byte	0                               @ End Of Children Mark
	.byte	3                               @ Abbrev [3] 0xbe6:0xc DW_TAG_array_type
	.long	1307                            @ DW_AT_type
	.byte	4                               @ Abbrev [4] 0xbeb:0x6 DW_TAG_subrange_type
	.long	70                              @ DW_AT_type
	.byte	28                              @ DW_AT_count
	.byte	0                               @ End Of Children Mark
	.byte	3                               @ Abbrev [3] 0xbf2:0xc DW_TAG_array_type
	.long	1307                            @ DW_AT_type
	.byte	4                               @ Abbrev [4] 0xbf7:0x6 DW_TAG_subrange_type
	.long	70                              @ DW_AT_type
	.byte	64                              @ DW_AT_count
	.byte	0                               @ End Of Children Mark
	.byte	22                              @ Abbrev [22] 0xbfe:0x5 DW_TAG_pointer_type
	.long	3075                            @ DW_AT_type
	.byte	12                              @ Abbrev [12] 0xc03:0xc DW_TAG_typedef
	.long	3087                            @ DW_AT_type
	.long	.Linfo_string271                @ DW_AT_name
	.byte	4                               @ DW_AT_decl_file
	.short	54801                           @ DW_AT_decl_line
	.byte	23                              @ Abbrev [23] 0xc0f:0x148 DW_TAG_structure_type
	.short	720                             @ DW_AT_byte_size
	.byte	4                               @ DW_AT_decl_file
	.short	54777                           @ DW_AT_decl_line
	.byte	18                              @ Abbrev [18] 0xc15:0xd DW_TAG_member
	.long	.Linfo_string208                @ DW_AT_name
	.long	3415                            @ DW_AT_type
	.byte	4                               @ DW_AT_decl_file
	.short	54778                           @ DW_AT_decl_line
	.byte	0                               @ DW_AT_data_member_location
	.byte	24                              @ Abbrev [24] 0xc22:0xe DW_TAG_member
	.long	.Linfo_string242                @ DW_AT_name
	.long	1568                            @ DW_AT_type
	.byte	4                               @ DW_AT_decl_file
	.short	54779                           @ DW_AT_decl_line
	.short	336                             @ DW_AT_data_member_location
	.byte	24                              @ Abbrev [24] 0xc30:0xe DW_TAG_member
	.long	.Linfo_string243                @ DW_AT_name
	.long	1568                            @ DW_AT_type
	.byte	4                               @ DW_AT_decl_file
	.short	54780                           @ DW_AT_decl_line
	.short	340                             @ DW_AT_data_member_location
	.byte	24                              @ Abbrev [24] 0xc3e:0xe DW_TAG_member
	.long	.Linfo_string244                @ DW_AT_name
	.long	1568                            @ DW_AT_type
	.byte	4                               @ DW_AT_decl_file
	.short	54781                           @ DW_AT_decl_line
	.short	344                             @ DW_AT_data_member_location
	.byte	24                              @ Abbrev [24] 0xc4c:0xe DW_TAG_member
	.long	.Linfo_string245                @ DW_AT_name
	.long	1568                            @ DW_AT_type
	.byte	4                               @ DW_AT_decl_file
	.short	54782                           @ DW_AT_decl_line
	.short	348                             @ DW_AT_data_member_location
	.byte	24                              @ Abbrev [24] 0xc5a:0xe DW_TAG_member
	.long	.Linfo_string210                @ DW_AT_name
	.long	3428                            @ DW_AT_type
	.byte	4                               @ DW_AT_decl_file
	.short	54783                           @ DW_AT_decl_line
	.short	352                             @ DW_AT_data_member_location
	.byte	24                              @ Abbrev [24] 0xc68:0xe DW_TAG_member
	.long	.Linfo_string255                @ DW_AT_name
	.long	1568                            @ DW_AT_type
	.byte	4                               @ DW_AT_decl_file
	.short	54784                           @ DW_AT_decl_line
	.short	624                             @ DW_AT_data_member_location
	.byte	24                              @ Abbrev [24] 0xc76:0xe DW_TAG_member
	.long	.Linfo_string256                @ DW_AT_name
	.long	1568                            @ DW_AT_type
	.byte	4                               @ DW_AT_decl_file
	.short	54785                           @ DW_AT_decl_line
	.short	628                             @ DW_AT_data_member_location
	.byte	24                              @ Abbrev [24] 0xc84:0xe DW_TAG_member
	.long	.Linfo_string257                @ DW_AT_name
	.long	1568                            @ DW_AT_type
	.byte	4                               @ DW_AT_decl_file
	.short	54786                           @ DW_AT_decl_line
	.short	632                             @ DW_AT_data_member_location
	.byte	24                              @ Abbrev [24] 0xc92:0xe DW_TAG_member
	.long	.Linfo_string258                @ DW_AT_name
	.long	1568                            @ DW_AT_type
	.byte	4                               @ DW_AT_decl_file
	.short	54787                           @ DW_AT_decl_line
	.short	636                             @ DW_AT_data_member_location
	.byte	24                              @ Abbrev [24] 0xca0:0xe DW_TAG_member
	.long	.Linfo_string212                @ DW_AT_name
	.long	3441                            @ DW_AT_type
	.byte	4                               @ DW_AT_decl_file
	.short	54788                           @ DW_AT_decl_line
	.short	640                             @ DW_AT_data_member_location
	.byte	24                              @ Abbrev [24] 0xcae:0xe DW_TAG_member
	.long	.Linfo_string259                @ DW_AT_name
	.long	1568                            @ DW_AT_type
	.byte	4                               @ DW_AT_decl_file
	.short	54789                           @ DW_AT_decl_line
	.short	672                             @ DW_AT_data_member_location
	.byte	24                              @ Abbrev [24] 0xcbc:0xe DW_TAG_member
	.long	.Linfo_string260                @ DW_AT_name
	.long	1568                            @ DW_AT_type
	.byte	4                               @ DW_AT_decl_file
	.short	54790                           @ DW_AT_decl_line
	.short	676                             @ DW_AT_data_member_location
	.byte	24                              @ Abbrev [24] 0xcca:0xe DW_TAG_member
	.long	.Linfo_string261                @ DW_AT_name
	.long	1568                            @ DW_AT_type
	.byte	4                               @ DW_AT_decl_file
	.short	54791                           @ DW_AT_decl_line
	.short	680                             @ DW_AT_data_member_location
	.byte	24                              @ Abbrev [24] 0xcd8:0xe DW_TAG_member
	.long	.Linfo_string262                @ DW_AT_name
	.long	1568                            @ DW_AT_type
	.byte	4                               @ DW_AT_decl_file
	.short	54792                           @ DW_AT_decl_line
	.short	684                             @ DW_AT_data_member_location
	.byte	24                              @ Abbrev [24] 0xce6:0xe DW_TAG_member
	.long	.Linfo_string263                @ DW_AT_name
	.long	1568                            @ DW_AT_type
	.byte	4                               @ DW_AT_decl_file
	.short	54793                           @ DW_AT_decl_line
	.short	688                             @ DW_AT_data_member_location
	.byte	24                              @ Abbrev [24] 0xcf4:0xe DW_TAG_member
	.long	.Linfo_string264                @ DW_AT_name
	.long	1568                            @ DW_AT_type
	.byte	4                               @ DW_AT_decl_file
	.short	54794                           @ DW_AT_decl_line
	.short	692                             @ DW_AT_data_member_location
	.byte	24                              @ Abbrev [24] 0xd02:0xe DW_TAG_member
	.long	.Linfo_string265                @ DW_AT_name
	.long	1568                            @ DW_AT_type
	.byte	4                               @ DW_AT_decl_file
	.short	54795                           @ DW_AT_decl_line
	.short	696                             @ DW_AT_data_member_location
	.byte	24                              @ Abbrev [24] 0xd10:0xe DW_TAG_member
	.long	.Linfo_string266                @ DW_AT_name
	.long	1568                            @ DW_AT_type
	.byte	4                               @ DW_AT_decl_file
	.short	54796                           @ DW_AT_decl_line
	.short	700                             @ DW_AT_data_member_location
	.byte	24                              @ Abbrev [24] 0xd1e:0xe DW_TAG_member
	.long	.Linfo_string267                @ DW_AT_name
	.long	1568                            @ DW_AT_type
	.byte	4                               @ DW_AT_decl_file
	.short	54797                           @ DW_AT_decl_line
	.short	704                             @ DW_AT_data_member_location
	.byte	24                              @ Abbrev [24] 0xd2c:0xe DW_TAG_member
	.long	.Linfo_string268                @ DW_AT_name
	.long	1568                            @ DW_AT_type
	.byte	4                               @ DW_AT_decl_file
	.short	54798                           @ DW_AT_decl_line
	.short	708                             @ DW_AT_data_member_location
	.byte	24                              @ Abbrev [24] 0xd3a:0xe DW_TAG_member
	.long	.Linfo_string269                @ DW_AT_name
	.long	1568                            @ DW_AT_type
	.byte	4                               @ DW_AT_decl_file
	.short	54799                           @ DW_AT_decl_line
	.short	712                             @ DW_AT_data_member_location
	.byte	24                              @ Abbrev [24] 0xd48:0xe DW_TAG_member
	.long	.Linfo_string270                @ DW_AT_name
	.long	1568                            @ DW_AT_type
	.byte	4                               @ DW_AT_decl_file
	.short	54800                           @ DW_AT_decl_line
	.short	716                             @ DW_AT_data_member_location
	.byte	0                               @ End Of Children Mark
	.byte	3                               @ Abbrev [3] 0xd57:0xd DW_TAG_array_type
	.long	1307                            @ DW_AT_type
	.byte	25                              @ Abbrev [25] 0xd5c:0x7 DW_TAG_subrange_type
	.long	70                              @ DW_AT_type
	.short	336                             @ DW_AT_count
	.byte	0                               @ End Of Children Mark
	.byte	3                               @ Abbrev [3] 0xd64:0xd DW_TAG_array_type
	.long	1307                            @ DW_AT_type
	.byte	25                              @ Abbrev [25] 0xd69:0x7 DW_TAG_subrange_type
	.long	70                              @ DW_AT_type
	.short	272                             @ DW_AT_count
	.byte	0                               @ End Of Children Mark
	.byte	3                               @ Abbrev [3] 0xd71:0xc DW_TAG_array_type
	.long	1307                            @ DW_AT_type
	.byte	4                               @ Abbrev [4] 0xd76:0x6 DW_TAG_subrange_type
	.long	70                              @ DW_AT_type
	.byte	32                              @ DW_AT_count
	.byte	0                               @ End Of Children Mark
	.byte	22                              @ Abbrev [22] 0xd7d:0x5 DW_TAG_pointer_type
	.long	3458                            @ DW_AT_type
	.byte	12                              @ Abbrev [12] 0xd82:0xc DW_TAG_typedef
	.long	3470                            @ DW_AT_type
	.long	.Linfo_string301                @ DW_AT_name
	.byte	4                               @ DW_AT_decl_file
	.short	6609                            @ DW_AT_decl_line
	.byte	26                              @ Abbrev [26] 0xd8e:0x1b3 DW_TAG_structure_type
	.byte	140                             @ DW_AT_byte_size
	.byte	4                               @ DW_AT_decl_file
	.short	6575                            @ DW_AT_decl_line
	.byte	18                              @ Abbrev [18] 0xd93:0xd DW_TAG_member
	.long	.Linfo_string272                @ DW_AT_name
	.long	1568                            @ DW_AT_type
	.byte	4                               @ DW_AT_decl_file
	.short	6576                            @ DW_AT_decl_line
	.byte	0                               @ DW_AT_data_member_location
	.byte	18                              @ Abbrev [18] 0xda0:0xd DW_TAG_member
	.long	.Linfo_string208                @ DW_AT_name
	.long	3905                            @ DW_AT_type
	.byte	4                               @ DW_AT_decl_file
	.short	6577                            @ DW_AT_decl_line
	.byte	4                               @ DW_AT_data_member_location
	.byte	18                              @ Abbrev [18] 0xdad:0xd DW_TAG_member
	.long	.Linfo_string273                @ DW_AT_name
	.long	3917                            @ DW_AT_type
	.byte	4                               @ DW_AT_decl_file
	.short	6578                            @ DW_AT_decl_line
	.byte	8                               @ DW_AT_data_member_location
	.byte	18                              @ Abbrev [18] 0xdba:0xd DW_TAG_member
	.long	.Linfo_string274                @ DW_AT_name
	.long	1568                            @ DW_AT_type
	.byte	4                               @ DW_AT_decl_file
	.short	6579                            @ DW_AT_decl_line
	.byte	12                              @ DW_AT_data_member_location
	.byte	18                              @ Abbrev [18] 0xdc7:0xd DW_TAG_member
	.long	.Linfo_string275                @ DW_AT_name
	.long	1568                            @ DW_AT_type
	.byte	4                               @ DW_AT_decl_file
	.short	6580                            @ DW_AT_decl_line
	.byte	16                              @ DW_AT_data_member_location
	.byte	18                              @ Abbrev [18] 0xdd4:0xd DW_TAG_member
	.long	.Linfo_string276                @ DW_AT_name
	.long	1568                            @ DW_AT_type
	.byte	4                               @ DW_AT_decl_file
	.short	6581                            @ DW_AT_decl_line
	.byte	20                              @ DW_AT_data_member_location
	.byte	18                              @ Abbrev [18] 0xde1:0xd DW_TAG_member
	.long	.Linfo_string277                @ DW_AT_name
	.long	1568                            @ DW_AT_type
	.byte	4                               @ DW_AT_decl_file
	.short	6582                            @ DW_AT_decl_line
	.byte	24                              @ DW_AT_data_member_location
	.byte	18                              @ Abbrev [18] 0xdee:0xd DW_TAG_member
	.long	.Linfo_string278                @ DW_AT_name
	.long	1568                            @ DW_AT_type
	.byte	4                               @ DW_AT_decl_file
	.short	6583                            @ DW_AT_decl_line
	.byte	28                              @ DW_AT_data_member_location
	.byte	18                              @ Abbrev [18] 0xdfb:0xd DW_TAG_member
	.long	.Linfo_string279                @ DW_AT_name
	.long	1568                            @ DW_AT_type
	.byte	4                               @ DW_AT_decl_file
	.short	6584                            @ DW_AT_decl_line
	.byte	32                              @ DW_AT_data_member_location
	.byte	18                              @ Abbrev [18] 0xe08:0xd DW_TAG_member
	.long	.Linfo_string280                @ DW_AT_name
	.long	1568                            @ DW_AT_type
	.byte	4                               @ DW_AT_decl_file
	.short	6585                            @ DW_AT_decl_line
	.byte	36                              @ DW_AT_data_member_location
	.byte	18                              @ Abbrev [18] 0xe15:0xd DW_TAG_member
	.long	.Linfo_string281                @ DW_AT_name
	.long	1568                            @ DW_AT_type
	.byte	4                               @ DW_AT_decl_file
	.short	6586                            @ DW_AT_decl_line
	.byte	40                              @ DW_AT_data_member_location
	.byte	18                              @ Abbrev [18] 0xe22:0xd DW_TAG_member
	.long	.Linfo_string282                @ DW_AT_name
	.long	1568                            @ DW_AT_type
	.byte	4                               @ DW_AT_decl_file
	.short	6587                            @ DW_AT_decl_line
	.byte	44                              @ DW_AT_data_member_location
	.byte	18                              @ Abbrev [18] 0xe2f:0xd DW_TAG_member
	.long	.Linfo_string283                @ DW_AT_name
	.long	1568                            @ DW_AT_type
	.byte	4                               @ DW_AT_decl_file
	.short	6588                            @ DW_AT_decl_line
	.byte	48                              @ DW_AT_data_member_location
	.byte	18                              @ Abbrev [18] 0xe3c:0xd DW_TAG_member
	.long	.Linfo_string210                @ DW_AT_name
	.long	3905                            @ DW_AT_type
	.byte	4                               @ DW_AT_decl_file
	.short	6589                            @ DW_AT_decl_line
	.byte	52                              @ DW_AT_data_member_location
	.byte	18                              @ Abbrev [18] 0xe49:0xd DW_TAG_member
	.long	.Linfo_string284                @ DW_AT_name
	.long	1568                            @ DW_AT_type
	.byte	4                               @ DW_AT_decl_file
	.short	6590                            @ DW_AT_decl_line
	.byte	56                              @ DW_AT_data_member_location
	.byte	18                              @ Abbrev [18] 0xe56:0xd DW_TAG_member
	.long	.Linfo_string285                @ DW_AT_name
	.long	1568                            @ DW_AT_type
	.byte	4                               @ DW_AT_decl_file
	.short	6591                            @ DW_AT_decl_line
	.byte	60                              @ DW_AT_data_member_location
	.byte	18                              @ Abbrev [18] 0xe63:0xd DW_TAG_member
	.long	.Linfo_string212                @ DW_AT_name
	.long	3922                            @ DW_AT_type
	.byte	4                               @ DW_AT_decl_file
	.short	6592                            @ DW_AT_decl_line
	.byte	64                              @ DW_AT_data_member_location
	.byte	18                              @ Abbrev [18] 0xe70:0xd DW_TAG_member
	.long	.Linfo_string286                @ DW_AT_name
	.long	3917                            @ DW_AT_type
	.byte	4                               @ DW_AT_decl_file
	.short	6593                            @ DW_AT_decl_line
	.byte	72                              @ DW_AT_data_member_location
	.byte	18                              @ Abbrev [18] 0xe7d:0xd DW_TAG_member
	.long	.Linfo_string218                @ DW_AT_name
	.long	3922                            @ DW_AT_type
	.byte	4                               @ DW_AT_decl_file
	.short	6594                            @ DW_AT_decl_line
	.byte	76                              @ DW_AT_data_member_location
	.byte	18                              @ Abbrev [18] 0xe8a:0xd DW_TAG_member
	.long	.Linfo_string287                @ DW_AT_name
	.long	1568                            @ DW_AT_type
	.byte	4                               @ DW_AT_decl_file
	.short	6595                            @ DW_AT_decl_line
	.byte	84                              @ DW_AT_data_member_location
	.byte	18                              @ Abbrev [18] 0xe97:0xd DW_TAG_member
	.long	.Linfo_string288                @ DW_AT_name
	.long	1568                            @ DW_AT_type
	.byte	4                               @ DW_AT_decl_file
	.short	6596                            @ DW_AT_decl_line
	.byte	88                              @ DW_AT_data_member_location
	.byte	18                              @ Abbrev [18] 0xea4:0xd DW_TAG_member
	.long	.Linfo_string289                @ DW_AT_name
	.long	1568                            @ DW_AT_type
	.byte	4                               @ DW_AT_decl_file
	.short	6597                            @ DW_AT_decl_line
	.byte	92                              @ DW_AT_data_member_location
	.byte	18                              @ Abbrev [18] 0xeb1:0xd DW_TAG_member
	.long	.Linfo_string290                @ DW_AT_name
	.long	1568                            @ DW_AT_type
	.byte	4                               @ DW_AT_decl_file
	.short	6598                            @ DW_AT_decl_line
	.byte	96                              @ DW_AT_data_member_location
	.byte	18                              @ Abbrev [18] 0xebe:0xd DW_TAG_member
	.long	.Linfo_string291                @ DW_AT_name
	.long	1568                            @ DW_AT_type
	.byte	4                               @ DW_AT_decl_file
	.short	6599                            @ DW_AT_decl_line
	.byte	100                             @ DW_AT_data_member_location
	.byte	18                              @ Abbrev [18] 0xecb:0xd DW_TAG_member
	.long	.Linfo_string292                @ DW_AT_name
	.long	1568                            @ DW_AT_type
	.byte	4                               @ DW_AT_decl_file
	.short	6600                            @ DW_AT_decl_line
	.byte	104                             @ DW_AT_data_member_location
	.byte	18                              @ Abbrev [18] 0xed8:0xd DW_TAG_member
	.long	.Linfo_string293                @ DW_AT_name
	.long	1568                            @ DW_AT_type
	.byte	4                               @ DW_AT_decl_file
	.short	6601                            @ DW_AT_decl_line
	.byte	108                             @ DW_AT_data_member_location
	.byte	18                              @ Abbrev [18] 0xee5:0xd DW_TAG_member
	.long	.Linfo_string294                @ DW_AT_name
	.long	1568                            @ DW_AT_type
	.byte	4                               @ DW_AT_decl_file
	.short	6602                            @ DW_AT_decl_line
	.byte	112                             @ DW_AT_data_member_location
	.byte	18                              @ Abbrev [18] 0xef2:0xd DW_TAG_member
	.long	.Linfo_string295                @ DW_AT_name
	.long	1568                            @ DW_AT_type
	.byte	4                               @ DW_AT_decl_file
	.short	6603                            @ DW_AT_decl_line
	.byte	116                             @ DW_AT_data_member_location
	.byte	18                              @ Abbrev [18] 0xeff:0xd DW_TAG_member
	.long	.Linfo_string296                @ DW_AT_name
	.long	1568                            @ DW_AT_type
	.byte	4                               @ DW_AT_decl_file
	.short	6604                            @ DW_AT_decl_line
	.byte	120                             @ DW_AT_data_member_location
	.byte	18                              @ Abbrev [18] 0xf0c:0xd DW_TAG_member
	.long	.Linfo_string297                @ DW_AT_name
	.long	1568                            @ DW_AT_type
	.byte	4                               @ DW_AT_decl_file
	.short	6605                            @ DW_AT_decl_line
	.byte	124                             @ DW_AT_data_member_location
	.byte	18                              @ Abbrev [18] 0xf19:0xd DW_TAG_member
	.long	.Linfo_string298                @ DW_AT_name
	.long	1568                            @ DW_AT_type
	.byte	4                               @ DW_AT_decl_file
	.short	6606                            @ DW_AT_decl_line
	.byte	128                             @ DW_AT_data_member_location
	.byte	18                              @ Abbrev [18] 0xf26:0xd DW_TAG_member
	.long	.Linfo_string299                @ DW_AT_name
	.long	1568                            @ DW_AT_type
	.byte	4                               @ DW_AT_decl_file
	.short	6607                            @ DW_AT_decl_line
	.byte	132                             @ DW_AT_data_member_location
	.byte	18                              @ Abbrev [18] 0xf33:0xd DW_TAG_member
	.long	.Linfo_string300                @ DW_AT_name
	.long	1568                            @ DW_AT_type
	.byte	4                               @ DW_AT_decl_file
	.short	6608                            @ DW_AT_decl_line
	.byte	136                             @ DW_AT_data_member_location
	.byte	0                               @ End Of Children Mark
	.byte	3                               @ Abbrev [3] 0xf41:0xc DW_TAG_array_type
	.long	1307                            @ DW_AT_type
	.byte	4                               @ Abbrev [4] 0xf46:0x6 DW_TAG_subrange_type
	.long	70                              @ DW_AT_type
	.byte	4                               @ DW_AT_count
	.byte	0                               @ End Of Children Mark
	.byte	11                              @ Abbrev [11] 0xf4d:0x5 DW_TAG_const_type
	.long	1568                            @ DW_AT_type
	.byte	3                               @ Abbrev [3] 0xf52:0xc DW_TAG_array_type
	.long	1307                            @ DW_AT_type
	.byte	4                               @ Abbrev [4] 0xf57:0x6 DW_TAG_subrange_type
	.long	70                              @ DW_AT_type
	.byte	8                               @ DW_AT_count
	.byte	0                               @ End Of Children Mark
	.byte	22                              @ Abbrev [22] 0xf5e:0x5 DW_TAG_pointer_type
	.long	1568                            @ DW_AT_type
	.byte	22                              @ Abbrev [22] 0xf63:0x5 DW_TAG_pointer_type
	.long	3944                            @ DW_AT_type
	.byte	12                              @ Abbrev [12] 0xf68:0xc DW_TAG_typedef
	.long	3956                            @ DW_AT_type
	.long	.Linfo_string346                @ DW_AT_name
	.byte	4                               @ DW_AT_decl_file
	.short	47733                           @ DW_AT_decl_line
	.byte	23                              @ Abbrev [23] 0xf74:0x2d2 DW_TAG_structure_type
	.short	480                             @ DW_AT_byte_size
	.byte	4                               @ DW_AT_decl_file
	.short	47678                           @ DW_AT_decl_line
	.byte	18                              @ Abbrev [18] 0xf7a:0xd DW_TAG_member
	.long	.Linfo_string302                @ DW_AT_name
	.long	3917                            @ DW_AT_type
	.byte	4                               @ DW_AT_decl_file
	.short	47679                           @ DW_AT_decl_line
	.byte	0                               @ DW_AT_data_member_location
	.byte	18                              @ Abbrev [18] 0xf87:0xd DW_TAG_member
	.long	.Linfo_string303                @ DW_AT_name
	.long	3917                            @ DW_AT_type
	.byte	4                               @ DW_AT_decl_file
	.short	47680                           @ DW_AT_decl_line
	.byte	4                               @ DW_AT_data_member_location
	.byte	18                              @ Abbrev [18] 0xf94:0xd DW_TAG_member
	.long	.Linfo_string304                @ DW_AT_name
	.long	3917                            @ DW_AT_type
	.byte	4                               @ DW_AT_decl_file
	.short	47681                           @ DW_AT_decl_line
	.byte	8                               @ DW_AT_data_member_location
	.byte	18                              @ Abbrev [18] 0xfa1:0xd DW_TAG_member
	.long	.Linfo_string305                @ DW_AT_name
	.long	3917                            @ DW_AT_type
	.byte	4                               @ DW_AT_decl_file
	.short	47682                           @ DW_AT_decl_line
	.byte	12                              @ DW_AT_data_member_location
	.byte	18                              @ Abbrev [18] 0xfae:0xd DW_TAG_member
	.long	.Linfo_string306                @ DW_AT_name
	.long	3917                            @ DW_AT_type
	.byte	4                               @ DW_AT_decl_file
	.short	47683                           @ DW_AT_decl_line
	.byte	16                              @ DW_AT_data_member_location
	.byte	18                              @ Abbrev [18] 0xfbb:0xd DW_TAG_member
	.long	.Linfo_string307                @ DW_AT_name
	.long	3917                            @ DW_AT_type
	.byte	4                               @ DW_AT_decl_file
	.short	47684                           @ DW_AT_decl_line
	.byte	20                              @ DW_AT_data_member_location
	.byte	18                              @ Abbrev [18] 0xfc8:0xd DW_TAG_member
	.long	.Linfo_string208                @ DW_AT_name
	.long	4678                            @ DW_AT_type
	.byte	4                               @ DW_AT_decl_file
	.short	47685                           @ DW_AT_decl_line
	.byte	24                              @ DW_AT_data_member_location
	.byte	18                              @ Abbrev [18] 0xfd5:0xd DW_TAG_member
	.long	.Linfo_string308                @ DW_AT_name
	.long	1568                            @ DW_AT_type
	.byte	4                               @ DW_AT_decl_file
	.short	47686                           @ DW_AT_decl_line
	.byte	128                             @ DW_AT_data_member_location
	.byte	18                              @ Abbrev [18] 0xfe2:0xd DW_TAG_member
	.long	.Linfo_string309                @ DW_AT_name
	.long	1568                            @ DW_AT_type
	.byte	4                               @ DW_AT_decl_file
	.short	47687                           @ DW_AT_decl_line
	.byte	132                             @ DW_AT_data_member_location
	.byte	18                              @ Abbrev [18] 0xfef:0xd DW_TAG_member
	.long	.Linfo_string310                @ DW_AT_name
	.long	1568                            @ DW_AT_type
	.byte	4                               @ DW_AT_decl_file
	.short	47688                           @ DW_AT_decl_line
	.byte	136                             @ DW_AT_data_member_location
	.byte	18                              @ Abbrev [18] 0xffc:0xd DW_TAG_member
	.long	.Linfo_string311                @ DW_AT_name
	.long	1568                            @ DW_AT_type
	.byte	4                               @ DW_AT_decl_file
	.short	47689                           @ DW_AT_decl_line
	.byte	140                             @ DW_AT_data_member_location
	.byte	18                              @ Abbrev [18] 0x1009:0xd DW_TAG_member
	.long	.Linfo_string312                @ DW_AT_name
	.long	1568                            @ DW_AT_type
	.byte	4                               @ DW_AT_decl_file
	.short	47690                           @ DW_AT_decl_line
	.byte	144                             @ DW_AT_data_member_location
	.byte	18                              @ Abbrev [18] 0x1016:0xd DW_TAG_member
	.long	.Linfo_string210                @ DW_AT_name
	.long	4690                            @ DW_AT_type
	.byte	4                               @ DW_AT_decl_file
	.short	47691                           @ DW_AT_decl_line
	.byte	148                             @ DW_AT_data_member_location
	.byte	24                              @ Abbrev [24] 0x1023:0xe DW_TAG_member
	.long	.Linfo_string313                @ DW_AT_name
	.long	4702                            @ DW_AT_type
	.byte	4                               @ DW_AT_decl_file
	.short	47692                           @ DW_AT_decl_line
	.short	256                             @ DW_AT_data_member_location
	.byte	24                              @ Abbrev [24] 0x1031:0xe DW_TAG_member
	.long	.Linfo_string212                @ DW_AT_name
	.long	4712                            @ DW_AT_type
	.byte	4                               @ DW_AT_decl_file
	.short	47693                           @ DW_AT_decl_line
	.short	257                             @ DW_AT_data_member_location
	.byte	24                              @ Abbrev [24] 0x103f:0xe DW_TAG_member
	.long	.Linfo_string314                @ DW_AT_name
	.long	4724                            @ DW_AT_type
	.byte	4                               @ DW_AT_decl_file
	.short	47694                           @ DW_AT_decl_line
	.short	258                             @ DW_AT_data_member_location
	.byte	24                              @ Abbrev [24] 0x104d:0xe DW_TAG_member
	.long	.Linfo_string317                @ DW_AT_name
	.long	3917                            @ DW_AT_type
	.byte	4                               @ DW_AT_decl_file
	.short	47695                           @ DW_AT_decl_line
	.short	260                             @ DW_AT_data_member_location
	.byte	24                              @ Abbrev [24] 0x105b:0xe DW_TAG_member
	.long	.Linfo_string318                @ DW_AT_name
	.long	3917                            @ DW_AT_type
	.byte	4                               @ DW_AT_decl_file
	.short	47696                           @ DW_AT_decl_line
	.short	264                             @ DW_AT_data_member_location
	.byte	24                              @ Abbrev [24] 0x1069:0xe DW_TAG_member
	.long	.Linfo_string218                @ DW_AT_name
	.long	4752                            @ DW_AT_type
	.byte	4                               @ DW_AT_decl_file
	.short	47697                           @ DW_AT_decl_line
	.short	268                             @ DW_AT_data_member_location
	.byte	24                              @ Abbrev [24] 0x1077:0xe DW_TAG_member
	.long	.Linfo_string319                @ DW_AT_name
	.long	4724                            @ DW_AT_type
	.byte	4                               @ DW_AT_decl_file
	.short	47698                           @ DW_AT_decl_line
	.short	288                             @ DW_AT_data_member_location
	.byte	24                              @ Abbrev [24] 0x1085:0xe DW_TAG_member
	.long	.Linfo_string220                @ DW_AT_name
	.long	4764                            @ DW_AT_type
	.byte	4                               @ DW_AT_decl_file
	.short	47699                           @ DW_AT_decl_line
	.short	290                             @ DW_AT_data_member_location
	.byte	24                              @ Abbrev [24] 0x1093:0xe DW_TAG_member
	.long	.Linfo_string320                @ DW_AT_name
	.long	3917                            @ DW_AT_type
	.byte	4                               @ DW_AT_decl_file
	.short	47700                           @ DW_AT_decl_line
	.short	292                             @ DW_AT_data_member_location
	.byte	24                              @ Abbrev [24] 0x10a1:0xe DW_TAG_member
	.long	.Linfo_string226                @ DW_AT_name
	.long	4776                            @ DW_AT_type
	.byte	4                               @ DW_AT_decl_file
	.short	47701                           @ DW_AT_decl_line
	.short	296                             @ DW_AT_data_member_location
	.byte	24                              @ Abbrev [24] 0x10af:0xe DW_TAG_member
	.long	.Linfo_string321                @ DW_AT_name
	.long	1568                            @ DW_AT_type
	.byte	4                               @ DW_AT_decl_file
	.short	47702                           @ DW_AT_decl_line
	.short	320                             @ DW_AT_data_member_location
	.byte	24                              @ Abbrev [24] 0x10bd:0xe DW_TAG_member
	.long	.Linfo_string322                @ DW_AT_name
	.long	1568                            @ DW_AT_type
	.byte	4                               @ DW_AT_decl_file
	.short	47703                           @ DW_AT_decl_line
	.short	324                             @ DW_AT_data_member_location
	.byte	24                              @ Abbrev [24] 0x10cb:0xe DW_TAG_member
	.long	.Linfo_string323                @ DW_AT_name
	.long	1568                            @ DW_AT_type
	.byte	4                               @ DW_AT_decl_file
	.short	47704                           @ DW_AT_decl_line
	.short	328                             @ DW_AT_data_member_location
	.byte	24                              @ Abbrev [24] 0x10d9:0xe DW_TAG_member
	.long	.Linfo_string324                @ DW_AT_name
	.long	1568                            @ DW_AT_type
	.byte	4                               @ DW_AT_decl_file
	.short	47705                           @ DW_AT_decl_line
	.short	332                             @ DW_AT_data_member_location
	.byte	24                              @ Abbrev [24] 0x10e7:0xe DW_TAG_member
	.long	.Linfo_string228                @ DW_AT_name
	.long	3905                            @ DW_AT_type
	.byte	4                               @ DW_AT_decl_file
	.short	47706                           @ DW_AT_decl_line
	.short	336                             @ DW_AT_data_member_location
	.byte	27                              @ Abbrev [27] 0x10f5:0xa DW_TAG_member
	.long	4351                            @ DW_AT_type
	.byte	4                               @ DW_AT_decl_file
	.short	47707                           @ DW_AT_decl_line
	.short	340                             @ DW_AT_data_member_location
	.byte	28                              @ Abbrev [28] 0x10ff:0x20 DW_TAG_union_type
	.byte	4                               @ DW_AT_byte_size
	.byte	4                               @ DW_AT_decl_file
	.short	47707                           @ DW_AT_decl_line
	.byte	18                              @ Abbrev [18] 0x1104:0xd DW_TAG_member
	.long	.Linfo_string325                @ DW_AT_name
	.long	1568                            @ DW_AT_type
	.byte	4                               @ DW_AT_decl_file
	.short	47708                           @ DW_AT_decl_line
	.byte	0                               @ DW_AT_data_member_location
	.byte	18                              @ Abbrev [18] 0x1111:0xd DW_TAG_member
	.long	.Linfo_string326                @ DW_AT_name
	.long	1568                            @ DW_AT_type
	.byte	4                               @ DW_AT_decl_file
	.short	47709                           @ DW_AT_decl_line
	.byte	0                               @ DW_AT_data_member_location
	.byte	0                               @ End Of Children Mark
	.byte	27                              @ Abbrev [27] 0x111f:0xa DW_TAG_member
	.long	4393                            @ DW_AT_type
	.byte	4                               @ DW_AT_decl_file
	.short	47711                           @ DW_AT_decl_line
	.short	344                             @ DW_AT_data_member_location
	.byte	28                              @ Abbrev [28] 0x1129:0x20 DW_TAG_union_type
	.byte	4                               @ DW_AT_byte_size
	.byte	4                               @ DW_AT_decl_file
	.short	47711                           @ DW_AT_decl_line
	.byte	18                              @ Abbrev [18] 0x112e:0xd DW_TAG_member
	.long	.Linfo_string327                @ DW_AT_name
	.long	1568                            @ DW_AT_type
	.byte	4                               @ DW_AT_decl_file
	.short	47712                           @ DW_AT_decl_line
	.byte	0                               @ DW_AT_data_member_location
	.byte	18                              @ Abbrev [18] 0x113b:0xd DW_TAG_member
	.long	.Linfo_string328                @ DW_AT_name
	.long	1568                            @ DW_AT_type
	.byte	4                               @ DW_AT_decl_file
	.short	47713                           @ DW_AT_decl_line
	.byte	0                               @ DW_AT_data_member_location
	.byte	0                               @ End Of Children Mark
	.byte	24                              @ Abbrev [24] 0x1149:0xe DW_TAG_member
	.long	.Linfo_string241                @ DW_AT_name
	.long	3905                            @ DW_AT_type
	.byte	4                               @ DW_AT_decl_file
	.short	47715                           @ DW_AT_decl_line
	.short	348                             @ DW_AT_data_member_location
	.byte	24                              @ Abbrev [24] 0x1157:0xe DW_TAG_member
	.long	.Linfo_string329                @ DW_AT_name
	.long	1568                            @ DW_AT_type
	.byte	4                               @ DW_AT_decl_file
	.short	47716                           @ DW_AT_decl_line
	.short	352                             @ DW_AT_data_member_location
	.byte	24                              @ Abbrev [24] 0x1165:0xe DW_TAG_member
	.long	.Linfo_string330                @ DW_AT_name
	.long	1568                            @ DW_AT_type
	.byte	4                               @ DW_AT_decl_file
	.short	47717                           @ DW_AT_decl_line
	.short	356                             @ DW_AT_data_member_location
	.byte	24                              @ Abbrev [24] 0x1173:0xe DW_TAG_member
	.long	.Linfo_string331                @ DW_AT_name
	.long	4788                            @ DW_AT_type
	.byte	4                               @ DW_AT_decl_file
	.short	47718                           @ DW_AT_decl_line
	.short	360                             @ DW_AT_data_member_location
	.byte	24                              @ Abbrev [24] 0x1181:0xe DW_TAG_member
	.long	.Linfo_string332                @ DW_AT_name
	.long	1568                            @ DW_AT_type
	.byte	4                               @ DW_AT_decl_file
	.short	47719                           @ DW_AT_decl_line
	.short	376                             @ DW_AT_data_member_location
	.byte	24                              @ Abbrev [24] 0x118f:0xe DW_TAG_member
	.long	.Linfo_string333                @ DW_AT_name
	.long	1568                            @ DW_AT_type
	.byte	4                               @ DW_AT_decl_file
	.short	47720                           @ DW_AT_decl_line
	.short	380                             @ DW_AT_data_member_location
	.byte	24                              @ Abbrev [24] 0x119d:0xe DW_TAG_member
	.long	.Linfo_string334                @ DW_AT_name
	.long	3917                            @ DW_AT_type
	.byte	4                               @ DW_AT_decl_file
	.short	47721                           @ DW_AT_decl_line
	.short	384                             @ DW_AT_data_member_location
	.byte	24                              @ Abbrev [24] 0x11ab:0xe DW_TAG_member
	.long	.Linfo_string335                @ DW_AT_name
	.long	1568                            @ DW_AT_type
	.byte	4                               @ DW_AT_decl_file
	.short	47722                           @ DW_AT_decl_line
	.short	388                             @ DW_AT_data_member_location
	.byte	24                              @ Abbrev [24] 0x11b9:0xe DW_TAG_member
	.long	.Linfo_string336                @ DW_AT_name
	.long	3046                            @ DW_AT_type
	.byte	4                               @ DW_AT_decl_file
	.short	47723                           @ DW_AT_decl_line
	.short	392                             @ DW_AT_data_member_location
	.byte	24                              @ Abbrev [24] 0x11c7:0xe DW_TAG_member
	.long	.Linfo_string337                @ DW_AT_name
	.long	1568                            @ DW_AT_type
	.byte	4                               @ DW_AT_decl_file
	.short	47724                           @ DW_AT_decl_line
	.short	420                             @ DW_AT_data_member_location
	.byte	24                              @ Abbrev [24] 0x11d5:0xe DW_TAG_member
	.long	.Linfo_string338                @ DW_AT_name
	.long	1568                            @ DW_AT_type
	.byte	4                               @ DW_AT_decl_file
	.short	47725                           @ DW_AT_decl_line
	.short	424                             @ DW_AT_data_member_location
	.byte	24                              @ Abbrev [24] 0x11e3:0xe DW_TAG_member
	.long	.Linfo_string339                @ DW_AT_name
	.long	1568                            @ DW_AT_type
	.byte	4                               @ DW_AT_decl_file
	.short	47726                           @ DW_AT_decl_line
	.short	428                             @ DW_AT_data_member_location
	.byte	24                              @ Abbrev [24] 0x11f1:0xe DW_TAG_member
	.long	.Linfo_string340                @ DW_AT_name
	.long	1568                            @ DW_AT_type
	.byte	4                               @ DW_AT_decl_file
	.short	47727                           @ DW_AT_decl_line
	.short	432                             @ DW_AT_data_member_location
	.byte	24                              @ Abbrev [24] 0x11ff:0xe DW_TAG_member
	.long	.Linfo_string341                @ DW_AT_name
	.long	1568                            @ DW_AT_type
	.byte	4                               @ DW_AT_decl_file
	.short	47728                           @ DW_AT_decl_line
	.short	436                             @ DW_AT_data_member_location
	.byte	24                              @ Abbrev [24] 0x120d:0xe DW_TAG_member
	.long	.Linfo_string342                @ DW_AT_name
	.long	3917                            @ DW_AT_type
	.byte	4                               @ DW_AT_decl_file
	.short	47729                           @ DW_AT_decl_line
	.short	440                             @ DW_AT_data_member_location
	.byte	24                              @ Abbrev [24] 0x121b:0xe DW_TAG_member
	.long	.Linfo_string343                @ DW_AT_name
	.long	1568                            @ DW_AT_type
	.byte	4                               @ DW_AT_decl_file
	.short	47730                           @ DW_AT_decl_line
	.short	444                             @ DW_AT_data_member_location
	.byte	24                              @ Abbrev [24] 0x1229:0xe DW_TAG_member
	.long	.Linfo_string344                @ DW_AT_name
	.long	1568                            @ DW_AT_type
	.byte	4                               @ DW_AT_decl_file
	.short	47731                           @ DW_AT_decl_line
	.short	448                             @ DW_AT_data_member_location
	.byte	24                              @ Abbrev [24] 0x1237:0xe DW_TAG_member
	.long	.Linfo_string345                @ DW_AT_name
	.long	4800                            @ DW_AT_type
	.byte	4                               @ DW_AT_decl_file
	.short	47732                           @ DW_AT_decl_line
	.short	452                             @ DW_AT_data_member_location
	.byte	0                               @ End Of Children Mark
	.byte	3                               @ Abbrev [3] 0x1246:0xc DW_TAG_array_type
	.long	1307                            @ DW_AT_type
	.byte	4                               @ Abbrev [4] 0x124b:0x6 DW_TAG_subrange_type
	.long	70                              @ DW_AT_type
	.byte	104                             @ DW_AT_count
	.byte	0                               @ End Of Children Mark
	.byte	3                               @ Abbrev [3] 0x1252:0xc DW_TAG_array_type
	.long	1307                            @ DW_AT_type
	.byte	4                               @ Abbrev [4] 0x1257:0x6 DW_TAG_subrange_type
	.long	70                              @ DW_AT_type
	.byte	108                             @ DW_AT_count
	.byte	0                               @ End Of Children Mark
	.byte	11                              @ Abbrev [11] 0x125e:0x5 DW_TAG_const_type
	.long	4707                            @ DW_AT_type
	.byte	21                              @ Abbrev [21] 0x1263:0x5 DW_TAG_volatile_type
	.long	1307                            @ DW_AT_type
	.byte	3                               @ Abbrev [3] 0x1268:0xc DW_TAG_array_type
	.long	1307                            @ DW_AT_type
	.byte	4                               @ Abbrev [4] 0x126d:0x6 DW_TAG_subrange_type
	.long	70                              @ DW_AT_type
	.byte	1                               @ DW_AT_count
	.byte	0                               @ End Of Children Mark
	.byte	11                              @ Abbrev [11] 0x1274:0x5 DW_TAG_const_type
	.long	4729                            @ DW_AT_type
	.byte	21                              @ Abbrev [21] 0x1279:0x5 DW_TAG_volatile_type
	.long	4734                            @ DW_AT_type
	.byte	19                              @ Abbrev [19] 0x127e:0xb DW_TAG_typedef
	.long	4745                            @ DW_AT_type
	.long	.Linfo_string316                @ DW_AT_name
	.byte	3                               @ DW_AT_decl_file
	.byte	63                              @ DW_AT_decl_line
	.byte	5                               @ Abbrev [5] 0x1289:0x7 DW_TAG_base_type
	.long	.Linfo_string315                @ DW_AT_name
	.byte	7                               @ DW_AT_encoding
	.byte	2                               @ DW_AT_byte_size
	.byte	3                               @ Abbrev [3] 0x1290:0xc DW_TAG_array_type
	.long	1307                            @ DW_AT_type
	.byte	4                               @ Abbrev [4] 0x1295:0x6 DW_TAG_subrange_type
	.long	70                              @ DW_AT_type
	.byte	20                              @ DW_AT_count
	.byte	0                               @ End Of Children Mark
	.byte	3                               @ Abbrev [3] 0x129c:0xc DW_TAG_array_type
	.long	1307                            @ DW_AT_type
	.byte	4                               @ Abbrev [4] 0x12a1:0x6 DW_TAG_subrange_type
	.long	70                              @ DW_AT_type
	.byte	2                               @ DW_AT_count
	.byte	0                               @ End Of Children Mark
	.byte	3                               @ Abbrev [3] 0x12a8:0xc DW_TAG_array_type
	.long	1307                            @ DW_AT_type
	.byte	4                               @ Abbrev [4] 0x12ad:0x6 DW_TAG_subrange_type
	.long	70                              @ DW_AT_type
	.byte	24                              @ DW_AT_count
	.byte	0                               @ End Of Children Mark
	.byte	3                               @ Abbrev [3] 0x12b4:0xc DW_TAG_array_type
	.long	1307                            @ DW_AT_type
	.byte	4                               @ Abbrev [4] 0x12b9:0x6 DW_TAG_subrange_type
	.long	70                              @ DW_AT_type
	.byte	16                              @ DW_AT_count
	.byte	0                               @ End Of Children Mark
	.byte	3                               @ Abbrev [3] 0x12c0:0xc DW_TAG_array_type
	.long	1568                            @ DW_AT_type
	.byte	4                               @ Abbrev [4] 0x12c5:0x6 DW_TAG_subrange_type
	.long	70                              @ DW_AT_type
	.byte	7                               @ DW_AT_count
	.byte	0                               @ End Of Children Mark
	.byte	22                              @ Abbrev [22] 0x12cc:0x5 DW_TAG_pointer_type
	.long	4817                            @ DW_AT_type
	.byte	12                              @ Abbrev [12] 0x12d1:0xc DW_TAG_typedef
	.long	4829                            @ DW_AT_type
	.long	.Linfo_string363                @ DW_AT_name
	.byte	4                               @ DW_AT_decl_file
	.short	35737                           @ DW_AT_decl_line
	.byte	23                              @ Abbrev [23] 0x12dd:0x19c DW_TAG_structure_type
	.short	384                             @ DW_AT_byte_size
	.byte	4                               @ DW_AT_decl_file
	.short	35707                           @ DW_AT_decl_line
	.byte	18                              @ Abbrev [18] 0x12e3:0xd DW_TAG_member
	.long	.Linfo_string208                @ DW_AT_name
	.long	3428                            @ DW_AT_type
	.byte	4                               @ DW_AT_decl_file
	.short	35708                           @ DW_AT_decl_line
	.byte	0                               @ DW_AT_data_member_location
	.byte	24                              @ Abbrev [24] 0x12f0:0xe DW_TAG_member
	.long	.Linfo_string347                @ DW_AT_name
	.long	1568                            @ DW_AT_type
	.byte	4                               @ DW_AT_decl_file
	.short	35709                           @ DW_AT_decl_line
	.short	272                             @ DW_AT_data_member_location
	.byte	24                              @ Abbrev [24] 0x12fe:0xe DW_TAG_member
	.long	.Linfo_string348                @ DW_AT_name
	.long	1568                            @ DW_AT_type
	.byte	4                               @ DW_AT_decl_file
	.short	35710                           @ DW_AT_decl_line
	.short	276                             @ DW_AT_data_member_location
	.byte	24                              @ Abbrev [24] 0x130c:0xe DW_TAG_member
	.long	.Linfo_string349                @ DW_AT_name
	.long	1568                            @ DW_AT_type
	.byte	4                               @ DW_AT_decl_file
	.short	35711                           @ DW_AT_decl_line
	.short	280                             @ DW_AT_data_member_location
	.byte	24                              @ Abbrev [24] 0x131a:0xe DW_TAG_member
	.long	.Linfo_string350                @ DW_AT_name
	.long	1568                            @ DW_AT_type
	.byte	4                               @ DW_AT_decl_file
	.short	35712                           @ DW_AT_decl_line
	.short	284                             @ DW_AT_data_member_location
	.byte	24                              @ Abbrev [24] 0x1328:0xe DW_TAG_member
	.long	.Linfo_string351                @ DW_AT_name
	.long	1568                            @ DW_AT_type
	.byte	4                               @ DW_AT_decl_file
	.short	35713                           @ DW_AT_decl_line
	.short	288                             @ DW_AT_data_member_location
	.byte	24                              @ Abbrev [24] 0x1336:0xe DW_TAG_member
	.long	.Linfo_string352                @ DW_AT_name
	.long	1568                            @ DW_AT_type
	.byte	4                               @ DW_AT_decl_file
	.short	35714                           @ DW_AT_decl_line
	.short	292                             @ DW_AT_data_member_location
	.byte	24                              @ Abbrev [24] 0x1344:0xe DW_TAG_member
	.long	.Linfo_string353                @ DW_AT_name
	.long	1568                            @ DW_AT_type
	.byte	4                               @ DW_AT_decl_file
	.short	35715                           @ DW_AT_decl_line
	.short	296                             @ DW_AT_data_member_location
	.byte	24                              @ Abbrev [24] 0x1352:0xe DW_TAG_member
	.long	.Linfo_string354                @ DW_AT_name
	.long	1568                            @ DW_AT_type
	.byte	4                               @ DW_AT_decl_file
	.short	35716                           @ DW_AT_decl_line
	.short	300                             @ DW_AT_data_member_location
	.byte	24                              @ Abbrev [24] 0x1360:0xe DW_TAG_member
	.long	.Linfo_string355                @ DW_AT_name
	.long	1568                            @ DW_AT_type
	.byte	4                               @ DW_AT_decl_file
	.short	35717                           @ DW_AT_decl_line
	.short	304                             @ DW_AT_data_member_location
	.byte	24                              @ Abbrev [24] 0x136e:0xe DW_TAG_member
	.long	.Linfo_string356                @ DW_AT_name
	.long	1568                            @ DW_AT_type
	.byte	4                               @ DW_AT_decl_file
	.short	35718                           @ DW_AT_decl_line
	.short	308                             @ DW_AT_data_member_location
	.byte	24                              @ Abbrev [24] 0x137c:0xe DW_TAG_member
	.long	.Linfo_string357                @ DW_AT_name
	.long	1568                            @ DW_AT_type
	.byte	4                               @ DW_AT_decl_file
	.short	35719                           @ DW_AT_decl_line
	.short	312                             @ DW_AT_data_member_location
	.byte	24                              @ Abbrev [24] 0x138a:0xe DW_TAG_member
	.long	.Linfo_string358                @ DW_AT_name
	.long	1568                            @ DW_AT_type
	.byte	4                               @ DW_AT_decl_file
	.short	35720                           @ DW_AT_decl_line
	.short	316                             @ DW_AT_data_member_location
	.byte	24                              @ Abbrev [24] 0x1398:0xe DW_TAG_member
	.long	.Linfo_string359                @ DW_AT_name
	.long	1568                            @ DW_AT_type
	.byte	4                               @ DW_AT_decl_file
	.short	35721                           @ DW_AT_decl_line
	.short	320                             @ DW_AT_data_member_location
	.byte	24                              @ Abbrev [24] 0x13a6:0xe DW_TAG_member
	.long	.Linfo_string360                @ DW_AT_name
	.long	1568                            @ DW_AT_type
	.byte	4                               @ DW_AT_decl_file
	.short	35722                           @ DW_AT_decl_line
	.short	324                             @ DW_AT_data_member_location
	.byte	24                              @ Abbrev [24] 0x13b4:0xe DW_TAG_member
	.long	.Linfo_string361                @ DW_AT_name
	.long	1568                            @ DW_AT_type
	.byte	4                               @ DW_AT_decl_file
	.short	35723                           @ DW_AT_decl_line
	.short	328                             @ DW_AT_data_member_location
	.byte	24                              @ Abbrev [24] 0x13c2:0xe DW_TAG_member
	.long	.Linfo_string362                @ DW_AT_name
	.long	1568                            @ DW_AT_type
	.byte	4                               @ DW_AT_decl_file
	.short	35724                           @ DW_AT_decl_line
	.short	332                             @ DW_AT_data_member_location
	.byte	24                              @ Abbrev [24] 0x13d0:0xe DW_TAG_member
	.long	.Linfo_string242                @ DW_AT_name
	.long	1568                            @ DW_AT_type
	.byte	4                               @ DW_AT_decl_file
	.short	35725                           @ DW_AT_decl_line
	.short	336                             @ DW_AT_data_member_location
	.byte	24                              @ Abbrev [24] 0x13de:0xe DW_TAG_member
	.long	.Linfo_string243                @ DW_AT_name
	.long	1568                            @ DW_AT_type
	.byte	4                               @ DW_AT_decl_file
	.short	35726                           @ DW_AT_decl_line
	.short	340                             @ DW_AT_data_member_location
	.byte	24                              @ Abbrev [24] 0x13ec:0xe DW_TAG_member
	.long	.Linfo_string244                @ DW_AT_name
	.long	1568                            @ DW_AT_type
	.byte	4                               @ DW_AT_decl_file
	.short	35727                           @ DW_AT_decl_line
	.short	344                             @ DW_AT_data_member_location
	.byte	24                              @ Abbrev [24] 0x13fa:0xe DW_TAG_member
	.long	.Linfo_string245                @ DW_AT_name
	.long	1568                            @ DW_AT_type
	.byte	4                               @ DW_AT_decl_file
	.short	35728                           @ DW_AT_decl_line
	.short	348                             @ DW_AT_data_member_location
	.byte	24                              @ Abbrev [24] 0x1408:0xe DW_TAG_member
	.long	.Linfo_string246                @ DW_AT_name
	.long	1568                            @ DW_AT_type
	.byte	4                               @ DW_AT_decl_file
	.short	35729                           @ DW_AT_decl_line
	.short	352                             @ DW_AT_data_member_location
	.byte	24                              @ Abbrev [24] 0x1416:0xe DW_TAG_member
	.long	.Linfo_string247                @ DW_AT_name
	.long	1568                            @ DW_AT_type
	.byte	4                               @ DW_AT_decl_file
	.short	35730                           @ DW_AT_decl_line
	.short	356                             @ DW_AT_data_member_location
	.byte	24                              @ Abbrev [24] 0x1424:0xe DW_TAG_member
	.long	.Linfo_string248                @ DW_AT_name
	.long	1568                            @ DW_AT_type
	.byte	4                               @ DW_AT_decl_file
	.short	35731                           @ DW_AT_decl_line
	.short	360                             @ DW_AT_data_member_location
	.byte	24                              @ Abbrev [24] 0x1432:0xe DW_TAG_member
	.long	.Linfo_string249                @ DW_AT_name
	.long	1568                            @ DW_AT_type
	.byte	4                               @ DW_AT_decl_file
	.short	35732                           @ DW_AT_decl_line
	.short	364                             @ DW_AT_data_member_location
	.byte	24                              @ Abbrev [24] 0x1440:0xe DW_TAG_member
	.long	.Linfo_string250                @ DW_AT_name
	.long	1568                            @ DW_AT_type
	.byte	4                               @ DW_AT_decl_file
	.short	35733                           @ DW_AT_decl_line
	.short	368                             @ DW_AT_data_member_location
	.byte	24                              @ Abbrev [24] 0x144e:0xe DW_TAG_member
	.long	.Linfo_string251                @ DW_AT_name
	.long	1568                            @ DW_AT_type
	.byte	4                               @ DW_AT_decl_file
	.short	35734                           @ DW_AT_decl_line
	.short	372                             @ DW_AT_data_member_location
	.byte	24                              @ Abbrev [24] 0x145c:0xe DW_TAG_member
	.long	.Linfo_string252                @ DW_AT_name
	.long	1568                            @ DW_AT_type
	.byte	4                               @ DW_AT_decl_file
	.short	35735                           @ DW_AT_decl_line
	.short	376                             @ DW_AT_data_member_location
	.byte	24                              @ Abbrev [24] 0x146a:0xe DW_TAG_member
	.long	.Linfo_string253                @ DW_AT_name
	.long	1568                            @ DW_AT_type
	.byte	4                               @ DW_AT_decl_file
	.short	35736                           @ DW_AT_decl_line
	.short	380                             @ DW_AT_data_member_location
	.byte	0                               @ End Of Children Mark
	.byte	22                              @ Abbrev [22] 0x1479:0x5 DW_TAG_pointer_type
	.long	5246                            @ DW_AT_type
	.byte	12                              @ Abbrev [12] 0x147e:0xc DW_TAG_typedef
	.long	5258                            @ DW_AT_type
	.long	.Linfo_string391                @ DW_AT_name
	.byte	4                               @ DW_AT_decl_file
	.short	49595                           @ DW_AT_decl_line
	.byte	26                              @ Abbrev [26] 0x148a:0x17f DW_TAG_structure_type
	.byte	132                             @ DW_AT_byte_size
	.byte	4                               @ DW_AT_decl_file
	.short	49565                           @ DW_AT_decl_line
	.byte	18                              @ Abbrev [18] 0x148f:0xd DW_TAG_member
	.long	.Linfo_string364                @ DW_AT_name
	.long	1568                            @ DW_AT_type
	.byte	4                               @ DW_AT_decl_file
	.short	49566                           @ DW_AT_decl_line
	.byte	0                               @ DW_AT_data_member_location
	.byte	18                              @ Abbrev [18] 0x149c:0xd DW_TAG_member
	.long	.Linfo_string365                @ DW_AT_name
	.long	1568                            @ DW_AT_type
	.byte	4                               @ DW_AT_decl_file
	.short	49567                           @ DW_AT_decl_line
	.byte	4                               @ DW_AT_data_member_location
	.byte	18                              @ Abbrev [18] 0x14a9:0xd DW_TAG_member
	.long	.Linfo_string366                @ DW_AT_name
	.long	1568                            @ DW_AT_type
	.byte	4                               @ DW_AT_decl_file
	.short	49568                           @ DW_AT_decl_line
	.byte	8                               @ DW_AT_data_member_location
	.byte	18                              @ Abbrev [18] 0x14b6:0xd DW_TAG_member
	.long	.Linfo_string367                @ DW_AT_name
	.long	1568                            @ DW_AT_type
	.byte	4                               @ DW_AT_decl_file
	.short	49569                           @ DW_AT_decl_line
	.byte	12                              @ DW_AT_data_member_location
	.byte	18                              @ Abbrev [18] 0x14c3:0xd DW_TAG_member
	.long	.Linfo_string368                @ DW_AT_name
	.long	1568                            @ DW_AT_type
	.byte	4                               @ DW_AT_decl_file
	.short	49570                           @ DW_AT_decl_line
	.byte	16                              @ DW_AT_data_member_location
	.byte	18                              @ Abbrev [18] 0x14d0:0xd DW_TAG_member
	.long	.Linfo_string369                @ DW_AT_name
	.long	1568                            @ DW_AT_type
	.byte	4                               @ DW_AT_decl_file
	.short	49571                           @ DW_AT_decl_line
	.byte	20                              @ DW_AT_data_member_location
	.byte	18                              @ Abbrev [18] 0x14dd:0xd DW_TAG_member
	.long	.Linfo_string370                @ DW_AT_name
	.long	1568                            @ DW_AT_type
	.byte	4                               @ DW_AT_decl_file
	.short	49572                           @ DW_AT_decl_line
	.byte	24                              @ DW_AT_data_member_location
	.byte	18                              @ Abbrev [18] 0x14ea:0xd DW_TAG_member
	.long	.Linfo_string371                @ DW_AT_name
	.long	1568                            @ DW_AT_type
	.byte	4                               @ DW_AT_decl_file
	.short	49573                           @ DW_AT_decl_line
	.byte	28                              @ DW_AT_data_member_location
	.byte	18                              @ Abbrev [18] 0x14f7:0xd DW_TAG_member
	.long	.Linfo_string372                @ DW_AT_name
	.long	1568                            @ DW_AT_type
	.byte	4                               @ DW_AT_decl_file
	.short	49574                           @ DW_AT_decl_line
	.byte	32                              @ DW_AT_data_member_location
	.byte	18                              @ Abbrev [18] 0x1504:0xd DW_TAG_member
	.long	.Linfo_string373                @ DW_AT_name
	.long	1568                            @ DW_AT_type
	.byte	4                               @ DW_AT_decl_file
	.short	49575                           @ DW_AT_decl_line
	.byte	36                              @ DW_AT_data_member_location
	.byte	18                              @ Abbrev [18] 0x1511:0xd DW_TAG_member
	.long	.Linfo_string374                @ DW_AT_name
	.long	1568                            @ DW_AT_type
	.byte	4                               @ DW_AT_decl_file
	.short	49576                           @ DW_AT_decl_line
	.byte	40                              @ DW_AT_data_member_location
	.byte	18                              @ Abbrev [18] 0x151e:0xd DW_TAG_member
	.long	.Linfo_string375                @ DW_AT_name
	.long	1568                            @ DW_AT_type
	.byte	4                               @ DW_AT_decl_file
	.short	49577                           @ DW_AT_decl_line
	.byte	44                              @ DW_AT_data_member_location
	.byte	18                              @ Abbrev [18] 0x152b:0xd DW_TAG_member
	.long	.Linfo_string376                @ DW_AT_name
	.long	1568                            @ DW_AT_type
	.byte	4                               @ DW_AT_decl_file
	.short	49578                           @ DW_AT_decl_line
	.byte	48                              @ DW_AT_data_member_location
	.byte	18                              @ Abbrev [18] 0x1538:0xd DW_TAG_member
	.long	.Linfo_string377                @ DW_AT_name
	.long	1568                            @ DW_AT_type
	.byte	4                               @ DW_AT_decl_file
	.short	49579                           @ DW_AT_decl_line
	.byte	52                              @ DW_AT_data_member_location
	.byte	18                              @ Abbrev [18] 0x1545:0xd DW_TAG_member
	.long	.Linfo_string378                @ DW_AT_name
	.long	1568                            @ DW_AT_type
	.byte	4                               @ DW_AT_decl_file
	.short	49580                           @ DW_AT_decl_line
	.byte	56                              @ DW_AT_data_member_location
	.byte	18                              @ Abbrev [18] 0x1552:0xd DW_TAG_member
	.long	.Linfo_string379                @ DW_AT_name
	.long	1568                            @ DW_AT_type
	.byte	4                               @ DW_AT_decl_file
	.short	49581                           @ DW_AT_decl_line
	.byte	60                              @ DW_AT_data_member_location
	.byte	18                              @ Abbrev [18] 0x155f:0xd DW_TAG_member
	.long	.Linfo_string380                @ DW_AT_name
	.long	1568                            @ DW_AT_type
	.byte	4                               @ DW_AT_decl_file
	.short	49582                           @ DW_AT_decl_line
	.byte	64                              @ DW_AT_data_member_location
	.byte	18                              @ Abbrev [18] 0x156c:0xd DW_TAG_member
	.long	.Linfo_string208                @ DW_AT_name
	.long	3034                            @ DW_AT_type
	.byte	4                               @ DW_AT_decl_file
	.short	49583                           @ DW_AT_decl_line
	.byte	68                              @ DW_AT_data_member_location
	.byte	18                              @ Abbrev [18] 0x1579:0xd DW_TAG_member
	.long	.Linfo_string381                @ DW_AT_name
	.long	1568                            @ DW_AT_type
	.byte	4                               @ DW_AT_decl_file
	.short	49584                           @ DW_AT_decl_line
	.byte	80                              @ DW_AT_data_member_location
	.byte	18                              @ Abbrev [18] 0x1586:0xd DW_TAG_member
	.long	.Linfo_string382                @ DW_AT_name
	.long	1568                            @ DW_AT_type
	.byte	4                               @ DW_AT_decl_file
	.short	49585                           @ DW_AT_decl_line
	.byte	84                              @ DW_AT_data_member_location
	.byte	18                              @ Abbrev [18] 0x1593:0xd DW_TAG_member
	.long	.Linfo_string383                @ DW_AT_name
	.long	1568                            @ DW_AT_type
	.byte	4                               @ DW_AT_decl_file
	.short	49586                           @ DW_AT_decl_line
	.byte	88                              @ DW_AT_data_member_location
	.byte	18                              @ Abbrev [18] 0x15a0:0xd DW_TAG_member
	.long	.Linfo_string384                @ DW_AT_name
	.long	1568                            @ DW_AT_type
	.byte	4                               @ DW_AT_decl_file
	.short	49587                           @ DW_AT_decl_line
	.byte	92                              @ DW_AT_data_member_location
	.byte	18                              @ Abbrev [18] 0x15ad:0xd DW_TAG_member
	.long	.Linfo_string385                @ DW_AT_name
	.long	3917                            @ DW_AT_type
	.byte	4                               @ DW_AT_decl_file
	.short	49588                           @ DW_AT_decl_line
	.byte	96                              @ DW_AT_data_member_location
	.byte	18                              @ Abbrev [18] 0x15ba:0xd DW_TAG_member
	.long	.Linfo_string210                @ DW_AT_name
	.long	3034                            @ DW_AT_type
	.byte	4                               @ DW_AT_decl_file
	.short	49589                           @ DW_AT_decl_line
	.byte	100                             @ DW_AT_data_member_location
	.byte	18                              @ Abbrev [18] 0x15c7:0xd DW_TAG_member
	.long	.Linfo_string386                @ DW_AT_name
	.long	1568                            @ DW_AT_type
	.byte	4                               @ DW_AT_decl_file
	.short	49590                           @ DW_AT_decl_line
	.byte	112                             @ DW_AT_data_member_location
	.byte	18                              @ Abbrev [18] 0x15d4:0xd DW_TAG_member
	.long	.Linfo_string387                @ DW_AT_name
	.long	1568                            @ DW_AT_type
	.byte	4                               @ DW_AT_decl_file
	.short	49591                           @ DW_AT_decl_line
	.byte	116                             @ DW_AT_data_member_location
	.byte	18                              @ Abbrev [18] 0x15e1:0xd DW_TAG_member
	.long	.Linfo_string388                @ DW_AT_name
	.long	1568                            @ DW_AT_type
	.byte	4                               @ DW_AT_decl_file
	.short	49592                           @ DW_AT_decl_line
	.byte	120                             @ DW_AT_data_member_location
	.byte	18                              @ Abbrev [18] 0x15ee:0xd DW_TAG_member
	.long	.Linfo_string389                @ DW_AT_name
	.long	1568                            @ DW_AT_type
	.byte	4                               @ DW_AT_decl_file
	.short	49593                           @ DW_AT_decl_line
	.byte	124                             @ DW_AT_data_member_location
	.byte	18                              @ Abbrev [18] 0x15fb:0xd DW_TAG_member
	.long	.Linfo_string390                @ DW_AT_name
	.long	3917                            @ DW_AT_type
	.byte	4                               @ DW_AT_decl_file
	.short	49594                           @ DW_AT_decl_line
	.byte	128                             @ DW_AT_data_member_location
	.byte	0                               @ End Of Children Mark
	.byte	19                              @ Abbrev [19] 0x1609:0xb DW_TAG_typedef
	.long	5652                            @ DW_AT_type
	.long	.Linfo_string393                @ DW_AT_name
	.byte	1                               @ DW_AT_decl_file
	.byte	34                              @ DW_AT_decl_line
	.byte	5                               @ Abbrev [5] 0x1614:0x7 DW_TAG_base_type
	.long	.Linfo_string392                @ DW_AT_name
	.byte	4                               @ DW_AT_encoding
	.byte	8                               @ DW_AT_byte_size
	.byte	5                               @ Abbrev [5] 0x161b:0x7 DW_TAG_base_type
	.long	.Linfo_string394                @ DW_AT_name
	.byte	2                               @ DW_AT_encoding
	.byte	1                               @ DW_AT_byte_size
	.byte	29                              @ Abbrev [29] 0x1622:0x20 DW_TAG_subprogram
	.long	.Lfunc_begin0                   @ DW_AT_low_pc
	.long	.Lfunc_end0-.Lfunc_begin0       @ DW_AT_high_pc
	.byte	1                               @ DW_AT_frame_base
	.byte	93
	.long	.Linfo_string395                @ DW_AT_name
	.byte	1                               @ DW_AT_decl_file
	.byte	190                             @ DW_AT_decl_line
                                        @ DW_AT_prototyped
                                        @ DW_AT_external
	.byte	30                              @ Abbrev [30] 0x1633:0xe DW_TAG_formal_parameter
	.byte	2                               @ DW_AT_location
	.byte	145
	.byte	7
	.long	.Linfo_string446                @ DW_AT_name
	.byte	1                               @ DW_AT_decl_file
	.byte	190                             @ DW_AT_decl_line
	.long	5659                            @ DW_AT_type
	.byte	0                               @ End Of Children Mark
	.byte	31                              @ Abbrev [31] 0x1642:0x11 DW_TAG_subprogram
	.long	.Lfunc_begin1                   @ DW_AT_low_pc
	.long	.Lfunc_end1-.Lfunc_begin1       @ DW_AT_high_pc
	.byte	1                               @ DW_AT_frame_base
	.byte	93
	.long	.Linfo_string396                @ DW_AT_name
	.byte	1                               @ DW_AT_decl_file
	.byte	214                             @ DW_AT_decl_line
                                        @ DW_AT_prototyped
                                        @ DW_AT_external
	.byte	29                              @ Abbrev [29] 0x1653:0x20 DW_TAG_subprogram
	.long	.Lfunc_begin2                   @ DW_AT_low_pc
	.long	.Lfunc_end2-.Lfunc_begin2       @ DW_AT_high_pc
	.byte	1                               @ DW_AT_frame_base
	.byte	93
	.long	.Linfo_string397                @ DW_AT_name
	.byte	1                               @ DW_AT_decl_file
	.byte	226                             @ DW_AT_decl_line
                                        @ DW_AT_prototyped
                                        @ DW_AT_external
	.byte	30                              @ Abbrev [30] 0x1664:0xe DW_TAG_formal_parameter
	.byte	2                               @ DW_AT_location
	.byte	145
	.byte	3
	.long	.Linfo_string447                @ DW_AT_name
	.byte	1                               @ DW_AT_decl_file
	.byte	226                             @ DW_AT_decl_line
	.long	7482                            @ DW_AT_type
	.byte	0                               @ End Of Children Mark
	.byte	31                              @ Abbrev [31] 0x1673:0x11 DW_TAG_subprogram
	.long	.Lfunc_begin3                   @ DW_AT_low_pc
	.long	.Lfunc_end3-.Lfunc_begin3       @ DW_AT_high_pc
	.byte	1                               @ DW_AT_frame_base
	.byte	93
	.long	.Linfo_string398                @ DW_AT_name
	.byte	1                               @ DW_AT_decl_file
	.byte	241                             @ DW_AT_decl_line
                                        @ DW_AT_prototyped
                                        @ DW_AT_external
	.byte	31                              @ Abbrev [31] 0x1684:0x11 DW_TAG_subprogram
	.long	.Lfunc_begin4                   @ DW_AT_low_pc
	.long	.Lfunc_end4-.Lfunc_begin4       @ DW_AT_high_pc
	.byte	1                               @ DW_AT_frame_base
	.byte	93
	.long	.Linfo_string399                @ DW_AT_name
	.byte	1                               @ DW_AT_decl_file
	.byte	249                             @ DW_AT_decl_line
                                        @ DW_AT_prototyped
                                        @ DW_AT_external
	.byte	32                              @ Abbrev [32] 0x1695:0x16 DW_TAG_subprogram
	.long	.Lfunc_begin5                   @ DW_AT_low_pc
	.long	.Lfunc_end5-.Lfunc_begin5       @ DW_AT_high_pc
	.byte	1                               @ DW_AT_frame_base
	.byte	93
	.long	.Linfo_string400                @ DW_AT_name
	.byte	1                               @ DW_AT_decl_file
	.short	259                             @ DW_AT_decl_line
                                        @ DW_AT_prototyped
	.long	1436                            @ DW_AT_type
                                        @ DW_AT_external
	.byte	33                              @ Abbrev [33] 0x16ab:0x24 DW_TAG_subprogram
	.long	.Lfunc_begin6                   @ DW_AT_low_pc
	.long	.Lfunc_end6-.Lfunc_begin6       @ DW_AT_high_pc
	.byte	1                               @ DW_AT_frame_base
	.byte	93
	.long	.Linfo_string401                @ DW_AT_name
	.byte	1                               @ DW_AT_decl_file
	.byte	86                              @ DW_AT_decl_line
                                        @ DW_AT_prototyped
	.long	1436                            @ DW_AT_type
	.byte	34                              @ Abbrev [34] 0x16c0:0xe DW_TAG_variable
	.byte	2                               @ DW_AT_location
	.byte	145
	.byte	12
	.long	.Linfo_string449                @ DW_AT_name
	.byte	1                               @ DW_AT_decl_file
	.byte	88                              @ DW_AT_decl_line
	.long	1436                            @ DW_AT_type
	.byte	0                               @ End Of Children Mark
	.byte	7                               @ Abbrev [7] 0x16cf:0x26 DW_TAG_subprogram
	.long	.Lfunc_begin7                   @ DW_AT_low_pc
	.long	.Lfunc_end7-.Lfunc_begin7       @ DW_AT_high_pc
	.byte	1                               @ DW_AT_frame_base
	.byte	93
	.long	.Linfo_string402                @ DW_AT_name
	.byte	1                               @ DW_AT_decl_file
	.short	269                             @ DW_AT_decl_line
                                        @ DW_AT_prototyped
	.long	1436                            @ DW_AT_type
                                        @ DW_AT_external
	.byte	10                              @ Abbrev [10] 0x16e5:0xf DW_TAG_variable
	.byte	2                               @ DW_AT_location
	.byte	145
	.byte	4
	.long	.Linfo_string449                @ DW_AT_name
	.byte	1                               @ DW_AT_decl_file
	.short	271                             @ DW_AT_decl_line
	.long	1436                            @ DW_AT_type
	.byte	0                               @ End Of Children Mark
	.byte	7                               @ Abbrev [7] 0x16f5:0x35 DW_TAG_subprogram
	.long	.Lfunc_begin8                   @ DW_AT_low_pc
	.long	.Lfunc_end8-.Lfunc_begin8       @ DW_AT_high_pc
	.byte	1                               @ DW_AT_frame_base
	.byte	93
	.long	.Linfo_string403                @ DW_AT_name
	.byte	1                               @ DW_AT_decl_file
	.short	1313                            @ DW_AT_decl_line
                                        @ DW_AT_prototyped
	.long	1436                            @ DW_AT_type
                                        @ DW_AT_external
	.byte	9                               @ Abbrev [9] 0x170b:0xf DW_TAG_formal_parameter
	.byte	2                               @ DW_AT_location
	.byte	145
	.byte	15
	.long	.Linfo_string450                @ DW_AT_name
	.byte	1                               @ DW_AT_decl_file
	.short	1313                            @ DW_AT_decl_line
	.long	7494                            @ DW_AT_type
	.byte	10                              @ Abbrev [10] 0x171a:0xf DW_TAG_variable
	.byte	2                               @ DW_AT_location
	.byte	145
	.byte	8
	.long	.Linfo_string449                @ DW_AT_name
	.byte	1                               @ DW_AT_decl_file
	.short	1315                            @ DW_AT_decl_line
	.long	1436                            @ DW_AT_type
	.byte	0                               @ End Of Children Mark
	.byte	7                               @ Abbrev [7] 0x172a:0x35 DW_TAG_subprogram
	.long	.Lfunc_begin9                   @ DW_AT_low_pc
	.long	.Lfunc_end9-.Lfunc_begin9       @ DW_AT_high_pc
	.byte	1                               @ DW_AT_frame_base
	.byte	93
	.long	.Linfo_string404                @ DW_AT_name
	.byte	1                               @ DW_AT_decl_file
	.short	1274                            @ DW_AT_decl_line
                                        @ DW_AT_prototyped
	.long	1436                            @ DW_AT_type
                                        @ DW_AT_external
	.byte	9                               @ Abbrev [9] 0x1740:0xf DW_TAG_formal_parameter
	.byte	2                               @ DW_AT_location
	.byte	145
	.byte	15
	.long	.Linfo_string450                @ DW_AT_name
	.byte	1                               @ DW_AT_decl_file
	.short	1274                            @ DW_AT_decl_line
	.long	7494                            @ DW_AT_type
	.byte	10                              @ Abbrev [10] 0x174f:0xf DW_TAG_variable
	.byte	2                               @ DW_AT_location
	.byte	145
	.byte	8
	.long	.Linfo_string449                @ DW_AT_name
	.byte	1                               @ DW_AT_decl_file
	.short	1276                            @ DW_AT_decl_line
	.long	1436                            @ DW_AT_type
	.byte	0                               @ End Of Children Mark
	.byte	32                              @ Abbrev [32] 0x175f:0x16 DW_TAG_subprogram
	.long	.Lfunc_begin10                  @ DW_AT_low_pc
	.long	.Lfunc_end10-.Lfunc_begin10     @ DW_AT_high_pc
	.byte	1                               @ DW_AT_frame_base
	.byte	93
	.long	.Linfo_string405                @ DW_AT_name
	.byte	1                               @ DW_AT_decl_file
	.short	303                             @ DW_AT_decl_line
                                        @ DW_AT_prototyped
	.long	1436                            @ DW_AT_type
                                        @ DW_AT_external
	.byte	7                               @ Abbrev [7] 0x1775:0x26 DW_TAG_subprogram
	.long	.Lfunc_begin11                  @ DW_AT_low_pc
	.long	.Lfunc_end11-.Lfunc_begin11     @ DW_AT_high_pc
	.byte	1                               @ DW_AT_frame_base
	.byte	93
	.long	.Linfo_string406                @ DW_AT_name
	.byte	1                               @ DW_AT_decl_file
	.short	313                             @ DW_AT_decl_line
                                        @ DW_AT_prototyped
	.long	1436                            @ DW_AT_type
                                        @ DW_AT_external
	.byte	10                              @ Abbrev [10] 0x178b:0xf DW_TAG_variable
	.byte	2                               @ DW_AT_location
	.byte	145
	.byte	4
	.long	.Linfo_string449                @ DW_AT_name
	.byte	1                               @ DW_AT_decl_file
	.short	315                             @ DW_AT_decl_line
	.long	1436                            @ DW_AT_type
	.byte	0                               @ End Of Children Mark
	.byte	35                              @ Abbrev [35] 0x179b:0x16 DW_TAG_subprogram
	.long	.Lfunc_begin12                  @ DW_AT_low_pc
	.long	.Lfunc_end12-.Lfunc_begin12     @ DW_AT_high_pc
	.byte	1                               @ DW_AT_frame_base
	.byte	93
	.long	.Linfo_string407                @ DW_AT_name
	.byte	2                               @ DW_AT_decl_file
	.short	1547                            @ DW_AT_decl_line
                                        @ DW_AT_prototyped
	.long	1436                            @ DW_AT_type
	.byte	7                               @ Abbrev [7] 0x17b1:0x35 DW_TAG_subprogram
	.long	.Lfunc_begin13                  @ DW_AT_low_pc
	.long	.Lfunc_end13-.Lfunc_begin13     @ DW_AT_high_pc
	.byte	1                               @ DW_AT_frame_base
	.byte	93
	.long	.Linfo_string408                @ DW_AT_name
	.byte	1                               @ DW_AT_decl_file
	.short	342                             @ DW_AT_decl_line
                                        @ DW_AT_prototyped
	.long	1436                            @ DW_AT_type
                                        @ DW_AT_external
	.byte	9                               @ Abbrev [9] 0x17c7:0xf DW_TAG_formal_parameter
	.byte	2                               @ DW_AT_location
	.byte	145
	.byte	15
	.long	.Linfo_string452                @ DW_AT_name
	.byte	1                               @ DW_AT_decl_file
	.short	342                             @ DW_AT_decl_line
	.long	307                             @ DW_AT_type
	.byte	10                              @ Abbrev [10] 0x17d6:0xf DW_TAG_variable
	.byte	2                               @ DW_AT_location
	.byte	145
	.byte	8
	.long	.Linfo_string449                @ DW_AT_name
	.byte	1                               @ DW_AT_decl_file
	.short	344                             @ DW_AT_decl_line
	.long	1436                            @ DW_AT_type
	.byte	0                               @ End Of Children Mark
	.byte	35                              @ Abbrev [35] 0x17e6:0x16 DW_TAG_subprogram
	.long	.Lfunc_begin14                  @ DW_AT_low_pc
	.long	.Lfunc_end14-.Lfunc_begin14     @ DW_AT_high_pc
	.byte	1                               @ DW_AT_frame_base
	.byte	93
	.long	.Linfo_string409                @ DW_AT_name
	.byte	2                               @ DW_AT_decl_file
	.short	1654                            @ DW_AT_decl_line
                                        @ DW_AT_prototyped
	.long	1436                            @ DW_AT_type
	.byte	33                              @ Abbrev [33] 0x17fc:0x24 DW_TAG_subprogram
	.long	.Lfunc_begin16                  @ DW_AT_low_pc
	.long	.Lfunc_end16-.Lfunc_begin16     @ DW_AT_high_pc
	.byte	1                               @ DW_AT_frame_base
	.byte	93
	.long	.Linfo_string411                @ DW_AT_name
	.byte	1                               @ DW_AT_decl_file
	.byte	152                             @ DW_AT_decl_line
                                        @ DW_AT_prototyped
	.long	1436                            @ DW_AT_type
	.byte	34                              @ Abbrev [34] 0x1811:0xe DW_TAG_variable
	.byte	2                               @ DW_AT_location
	.byte	145
	.byte	4
	.long	.Linfo_string449                @ DW_AT_name
	.byte	1                               @ DW_AT_decl_file
	.byte	154                             @ DW_AT_decl_line
	.long	1436                            @ DW_AT_type
	.byte	0                               @ End Of Children Mark
	.byte	7                               @ Abbrev [7] 0x1820:0x44 DW_TAG_subprogram
	.long	.Lfunc_begin18                  @ DW_AT_low_pc
	.long	.Lfunc_end18-.Lfunc_begin18     @ DW_AT_high_pc
	.byte	1                               @ DW_AT_frame_base
	.byte	93
	.long	.Linfo_string413                @ DW_AT_name
	.byte	1                               @ DW_AT_decl_file
	.short	492                             @ DW_AT_decl_line
                                        @ DW_AT_prototyped
	.long	5659                            @ DW_AT_type
                                        @ DW_AT_external
	.byte	9                               @ Abbrev [9] 0x1836:0xf DW_TAG_formal_parameter
	.byte	2                               @ DW_AT_location
	.byte	145
	.byte	11
	.long	.Linfo_string103                @ DW_AT_name
	.byte	1                               @ DW_AT_decl_file
	.short	492                             @ DW_AT_decl_line
	.long	7530                            @ DW_AT_type
	.byte	9                               @ Abbrev [9] 0x1845:0xf DW_TAG_formal_parameter
	.byte	2                               @ DW_AT_location
	.byte	145
	.byte	4
	.long	.Linfo_string449                @ DW_AT_name
	.byte	1                               @ DW_AT_decl_file
	.short	492                             @ DW_AT_decl_line
	.long	1436                            @ DW_AT_type
	.byte	10                              @ Abbrev [10] 0x1854:0xf DW_TAG_variable
	.byte	2                               @ DW_AT_location
	.byte	145
	.byte	0
	.long	.Linfo_string465                @ DW_AT_name
	.byte	1                               @ DW_AT_decl_file
	.short	494                             @ DW_AT_decl_line
	.long	1436                            @ DW_AT_type
	.byte	0                               @ End Of Children Mark
	.byte	7                               @ Abbrev [7] 0x1864:0x44 DW_TAG_subprogram
	.long	.Lfunc_begin19                  @ DW_AT_low_pc
	.long	.Lfunc_end19-.Lfunc_begin19     @ DW_AT_high_pc
	.byte	1                               @ DW_AT_frame_base
	.byte	93
	.long	.Linfo_string414                @ DW_AT_name
	.byte	1                               @ DW_AT_decl_file
	.short	519                             @ DW_AT_decl_line
                                        @ DW_AT_prototyped
	.long	5659                            @ DW_AT_type
                                        @ DW_AT_external
	.byte	9                               @ Abbrev [9] 0x187a:0xf DW_TAG_formal_parameter
	.byte	2                               @ DW_AT_location
	.byte	145
	.byte	11
	.long	.Linfo_string103                @ DW_AT_name
	.byte	1                               @ DW_AT_decl_file
	.short	519                             @ DW_AT_decl_line
	.long	7530                            @ DW_AT_type
	.byte	9                               @ Abbrev [9] 0x1889:0xf DW_TAG_formal_parameter
	.byte	2                               @ DW_AT_location
	.byte	145
	.byte	4
	.long	.Linfo_string449                @ DW_AT_name
	.byte	1                               @ DW_AT_decl_file
	.short	519                             @ DW_AT_decl_line
	.long	1436                            @ DW_AT_type
	.byte	10                              @ Abbrev [10] 0x1898:0xf DW_TAG_variable
	.byte	2                               @ DW_AT_location
	.byte	145
	.byte	0
	.long	.Linfo_string465                @ DW_AT_name
	.byte	1                               @ DW_AT_decl_file
	.short	521                             @ DW_AT_decl_line
	.long	1436                            @ DW_AT_type
	.byte	0                               @ End Of Children Mark
	.byte	36                              @ Abbrev [36] 0x18a8:0x22 DW_TAG_subprogram
	.long	.Lfunc_begin21                  @ DW_AT_low_pc
	.long	.Lfunc_end21-.Lfunc_begin21     @ DW_AT_high_pc
	.byte	1                               @ DW_AT_frame_base
	.byte	93
	.long	.Linfo_string416                @ DW_AT_name
	.byte	1                               @ DW_AT_decl_file
	.short	656                             @ DW_AT_decl_line
                                        @ DW_AT_prototyped
                                        @ DW_AT_external
	.byte	9                               @ Abbrev [9] 0x18ba:0xf DW_TAG_formal_parameter
	.byte	2                               @ DW_AT_location
	.byte	145
	.byte	0
	.long	.Linfo_string467                @ DW_AT_name
	.byte	1                               @ DW_AT_decl_file
	.short	656                             @ DW_AT_decl_line
	.long	7554                            @ DW_AT_type
	.byte	0                               @ End Of Children Mark
	.byte	37                              @ Abbrev [37] 0x18ca:0x12 DW_TAG_subprogram
	.long	.Lfunc_begin22                  @ DW_AT_low_pc
	.long	.Lfunc_end22-.Lfunc_begin22     @ DW_AT_high_pc
	.byte	1                               @ DW_AT_frame_base
	.byte	93
	.long	.Linfo_string417                @ DW_AT_name
	.byte	1                               @ DW_AT_decl_file
	.short	568                             @ DW_AT_decl_line
                                        @ DW_AT_prototyped
                                        @ DW_AT_external
	.byte	36                              @ Abbrev [36] 0x18dc:0x22 DW_TAG_subprogram
	.long	.Lfunc_begin23                  @ DW_AT_low_pc
	.long	.Lfunc_end23-.Lfunc_begin23     @ DW_AT_high_pc
	.byte	1                               @ DW_AT_frame_base
	.byte	93
	.long	.Linfo_string418                @ DW_AT_name
	.byte	1                               @ DW_AT_decl_file
	.short	581                             @ DW_AT_decl_line
                                        @ DW_AT_prototyped
                                        @ DW_AT_external
	.byte	9                               @ Abbrev [9] 0x18ee:0xf DW_TAG_formal_parameter
	.byte	2                               @ DW_AT_location
	.byte	145
	.byte	0
	.long	.Linfo_string467                @ DW_AT_name
	.byte	1                               @ DW_AT_decl_file
	.short	581                             @ DW_AT_decl_line
	.long	7559                            @ DW_AT_type
	.byte	0                               @ End Of Children Mark
	.byte	37                              @ Abbrev [37] 0x18fe:0x12 DW_TAG_subprogram
	.long	.Lfunc_begin24                  @ DW_AT_low_pc
	.long	.Lfunc_end24-.Lfunc_begin24     @ DW_AT_high_pc
	.byte	1                               @ DW_AT_frame_base
	.byte	93
	.long	.Linfo_string419                @ DW_AT_name
	.byte	1                               @ DW_AT_decl_file
	.short	602                             @ DW_AT_decl_line
                                        @ DW_AT_prototyped
                                        @ DW_AT_external
	.byte	36                              @ Abbrev [36] 0x1910:0x22 DW_TAG_subprogram
	.long	.Lfunc_begin25                  @ DW_AT_low_pc
	.long	.Lfunc_end25-.Lfunc_begin25     @ DW_AT_high_pc
	.byte	1                               @ DW_AT_frame_base
	.byte	93
	.long	.Linfo_string420                @ DW_AT_name
	.byte	1                               @ DW_AT_decl_file
	.short	614                             @ DW_AT_decl_line
                                        @ DW_AT_prototyped
                                        @ DW_AT_external
	.byte	9                               @ Abbrev [9] 0x1922:0xf DW_TAG_formal_parameter
	.byte	2                               @ DW_AT_location
	.byte	145
	.byte	0
	.long	.Linfo_string467                @ DW_AT_name
	.byte	1                               @ DW_AT_decl_file
	.short	614                             @ DW_AT_decl_line
	.long	7617                            @ DW_AT_type
	.byte	0                               @ End Of Children Mark
	.byte	37                              @ Abbrev [37] 0x1932:0x12 DW_TAG_subprogram
	.long	.Lfunc_begin26                  @ DW_AT_low_pc
	.long	.Lfunc_end26-.Lfunc_begin26     @ DW_AT_high_pc
	.byte	1                               @ DW_AT_frame_base
	.byte	93
	.long	.Linfo_string421                @ DW_AT_name
	.byte	1                               @ DW_AT_decl_file
	.short	644                             @ DW_AT_decl_line
                                        @ DW_AT_prototyped
                                        @ DW_AT_external
	.byte	37                              @ Abbrev [37] 0x1944:0x12 DW_TAG_subprogram
	.long	.Lfunc_begin27                  @ DW_AT_low_pc
	.long	.Lfunc_end27-.Lfunc_begin27     @ DW_AT_high_pc
	.byte	1                               @ DW_AT_frame_base
	.byte	93
	.long	.Linfo_string422                @ DW_AT_name
	.byte	1                               @ DW_AT_decl_file
	.short	677                             @ DW_AT_decl_line
                                        @ DW_AT_prototyped
                                        @ DW_AT_external
	.byte	36                              @ Abbrev [36] 0x1956:0x22 DW_TAG_subprogram
	.long	.Lfunc_begin28                  @ DW_AT_low_pc
	.long	.Lfunc_end28-.Lfunc_begin28     @ DW_AT_high_pc
	.byte	1                               @ DW_AT_frame_base
	.byte	93
	.long	.Linfo_string423                @ DW_AT_name
	.byte	1                               @ DW_AT_decl_file
	.short	689                             @ DW_AT_decl_line
                                        @ DW_AT_prototyped
                                        @ DW_AT_external
	.byte	9                               @ Abbrev [9] 0x1968:0xf DW_TAG_formal_parameter
	.byte	2                               @ DW_AT_location
	.byte	145
	.byte	0
	.long	.Linfo_string467                @ DW_AT_name
	.byte	1                               @ DW_AT_decl_file
	.short	689                             @ DW_AT_decl_line
	.long	7554                            @ DW_AT_type
	.byte	0                               @ End Of Children Mark
	.byte	37                              @ Abbrev [37] 0x1978:0x12 DW_TAG_subprogram
	.long	.Lfunc_begin29                  @ DW_AT_low_pc
	.long	.Lfunc_end29-.Lfunc_begin29     @ DW_AT_high_pc
	.byte	1                               @ DW_AT_frame_base
	.byte	93
	.long	.Linfo_string424                @ DW_AT_name
	.byte	1                               @ DW_AT_decl_file
	.short	710                             @ DW_AT_decl_line
                                        @ DW_AT_prototyped
                                        @ DW_AT_external
	.byte	36                              @ Abbrev [36] 0x198a:0x40 DW_TAG_subprogram
	.long	.Lfunc_begin30                  @ DW_AT_low_pc
	.long	.Lfunc_end30-.Lfunc_begin30     @ DW_AT_high_pc
	.byte	1                               @ DW_AT_frame_base
	.byte	93
	.long	.Linfo_string425                @ DW_AT_name
	.byte	1                               @ DW_AT_decl_file
	.short	722                             @ DW_AT_decl_line
                                        @ DW_AT_prototyped
                                        @ DW_AT_external
	.byte	9                               @ Abbrev [9] 0x199c:0xf DW_TAG_formal_parameter
	.byte	2                               @ DW_AT_location
	.byte	145
	.byte	12
	.long	.Linfo_string467                @ DW_AT_name
	.byte	1                               @ DW_AT_decl_file
	.short	722                             @ DW_AT_decl_line
	.long	7740                            @ DW_AT_type
	.byte	10                              @ Abbrev [10] 0x19ab:0xf DW_TAG_variable
	.byte	2                               @ DW_AT_location
	.byte	145
	.byte	8
	.long	.Linfo_string480                @ DW_AT_name
	.byte	1                               @ DW_AT_decl_file
	.short	724                             @ DW_AT_decl_line
	.long	1436                            @ DW_AT_type
	.byte	10                              @ Abbrev [10] 0x19ba:0xf DW_TAG_variable
	.byte	2                               @ DW_AT_location
	.byte	145
	.byte	4
	.long	.Linfo_string481                @ DW_AT_name
	.byte	1                               @ DW_AT_decl_file
	.short	725                             @ DW_AT_decl_line
	.long	1436                            @ DW_AT_type
	.byte	0                               @ End Of Children Mark
	.byte	37                              @ Abbrev [37] 0x19ca:0x12 DW_TAG_subprogram
	.long	.Lfunc_begin31                  @ DW_AT_low_pc
	.long	.Lfunc_end31-.Lfunc_begin31     @ DW_AT_high_pc
	.byte	1                               @ DW_AT_frame_base
	.byte	93
	.long	.Linfo_string426                @ DW_AT_name
	.byte	1                               @ DW_AT_decl_file
	.short	797                             @ DW_AT_decl_line
                                        @ DW_AT_prototyped
                                        @ DW_AT_external
	.byte	36                              @ Abbrev [36] 0x19dc:0x40 DW_TAG_subprogram
	.long	.Lfunc_begin32                  @ DW_AT_low_pc
	.long	.Lfunc_end32-.Lfunc_begin32     @ DW_AT_high_pc
	.byte	1                               @ DW_AT_frame_base
	.byte	93
	.long	.Linfo_string427                @ DW_AT_name
	.byte	1                               @ DW_AT_decl_file
	.short	809                             @ DW_AT_decl_line
                                        @ DW_AT_prototyped
                                        @ DW_AT_external
	.byte	9                               @ Abbrev [9] 0x19ee:0xf DW_TAG_formal_parameter
	.byte	2                               @ DW_AT_location
	.byte	145
	.byte	12
	.long	.Linfo_string467                @ DW_AT_name
	.byte	1                               @ DW_AT_decl_file
	.short	809                             @ DW_AT_decl_line
	.long	7837                            @ DW_AT_type
	.byte	10                              @ Abbrev [10] 0x19fd:0xf DW_TAG_variable
	.byte	2                               @ DW_AT_location
	.byte	145
	.byte	8
	.long	.Linfo_string484                @ DW_AT_name
	.byte	1                               @ DW_AT_decl_file
	.short	811                             @ DW_AT_decl_line
	.long	1436                            @ DW_AT_type
	.byte	10                              @ Abbrev [10] 0x1a0c:0xf DW_TAG_variable
	.byte	2                               @ DW_AT_location
	.byte	145
	.byte	4
	.long	.Linfo_string481                @ DW_AT_name
	.byte	1                               @ DW_AT_decl_file
	.short	812                             @ DW_AT_decl_line
	.long	1436                            @ DW_AT_type
	.byte	0                               @ End Of Children Mark
	.byte	37                              @ Abbrev [37] 0x1a1c:0x12 DW_TAG_subprogram
	.long	.Lfunc_begin33                  @ DW_AT_low_pc
	.long	.Lfunc_end33-.Lfunc_begin33     @ DW_AT_high_pc
	.byte	1                               @ DW_AT_frame_base
	.byte	93
	.long	.Linfo_string428                @ DW_AT_name
	.byte	1                               @ DW_AT_decl_file
	.short	883                             @ DW_AT_decl_line
                                        @ DW_AT_prototyped
                                        @ DW_AT_external
	.byte	36                              @ Abbrev [36] 0x1a2e:0x31 DW_TAG_subprogram
	.long	.Lfunc_begin34                  @ DW_AT_low_pc
	.long	.Lfunc_end34-.Lfunc_begin34     @ DW_AT_high_pc
	.byte	1                               @ DW_AT_frame_base
	.byte	93
	.long	.Linfo_string429                @ DW_AT_name
	.byte	1                               @ DW_AT_decl_file
	.short	895                             @ DW_AT_decl_line
                                        @ DW_AT_prototyped
                                        @ DW_AT_external
	.byte	9                               @ Abbrev [9] 0x1a40:0xf DW_TAG_formal_parameter
	.byte	2                               @ DW_AT_location
	.byte	145
	.byte	4
	.long	.Linfo_string467                @ DW_AT_name
	.byte	1                               @ DW_AT_decl_file
	.short	895                             @ DW_AT_decl_line
	.long	7934                            @ DW_AT_type
	.byte	10                              @ Abbrev [10] 0x1a4f:0xf DW_TAG_variable
	.byte	2                               @ DW_AT_location
	.byte	145
	.byte	0
	.long	.Linfo_string491                @ DW_AT_name
	.byte	1                               @ DW_AT_decl_file
	.short	897                             @ DW_AT_decl_line
	.long	1436                            @ DW_AT_type
	.byte	0                               @ End Of Children Mark
	.byte	37                              @ Abbrev [37] 0x1a5f:0x12 DW_TAG_subprogram
	.long	.Lfunc_begin35                  @ DW_AT_low_pc
	.long	.Lfunc_end35-.Lfunc_begin35     @ DW_AT_high_pc
	.byte	1                               @ DW_AT_frame_base
	.byte	93
	.long	.Linfo_string430                @ DW_AT_name
	.byte	1                               @ DW_AT_decl_file
	.short	937                             @ DW_AT_decl_line
                                        @ DW_AT_prototyped
                                        @ DW_AT_external
	.byte	38                              @ Abbrev [38] 0x1a71:0x35 DW_TAG_subprogram
	.long	.Lfunc_begin36                  @ DW_AT_low_pc
	.long	.Lfunc_end36-.Lfunc_begin36     @ DW_AT_high_pc
	.byte	1                               @ DW_AT_frame_base
	.byte	93
	.long	.Linfo_string431                @ DW_AT_name
	.byte	2                               @ DW_AT_decl_file
	.short	1766                            @ DW_AT_decl_line
                                        @ DW_AT_prototyped
	.long	5659                            @ DW_AT_type
	.byte	9                               @ Abbrev [9] 0x1a87:0xf DW_TAG_formal_parameter
	.byte	2                               @ DW_AT_location
	.byte	145
	.byte	4
	.long	.Linfo_string492                @ DW_AT_name
	.byte	2                               @ DW_AT_decl_file
	.short	1766                            @ DW_AT_decl_line
	.long	2174                            @ DW_AT_type
	.byte	9                               @ Abbrev [9] 0x1a96:0xf DW_TAG_formal_parameter
	.byte	2                               @ DW_AT_location
	.byte	145
	.byte	0
	.long	.Linfo_string453                @ DW_AT_name
	.byte	2                               @ DW_AT_decl_file
	.short	1766                            @ DW_AT_decl_line
	.long	7506                            @ DW_AT_type
	.byte	0                               @ End Of Children Mark
	.byte	38                              @ Abbrev [38] 0x1aa6:0x35 DW_TAG_subprogram
	.long	.Lfunc_begin37                  @ DW_AT_low_pc
	.long	.Lfunc_end37-.Lfunc_begin37     @ DW_AT_high_pc
	.byte	1                               @ DW_AT_frame_base
	.byte	93
	.long	.Linfo_string432                @ DW_AT_name
	.byte	2                               @ DW_AT_decl_file
	.short	1792                            @ DW_AT_decl_line
                                        @ DW_AT_prototyped
	.long	1436                            @ DW_AT_type
	.byte	9                               @ Abbrev [9] 0x1abc:0xf DW_TAG_formal_parameter
	.byte	2                               @ DW_AT_location
	.byte	145
	.byte	12
	.long	.Linfo_string492                @ DW_AT_name
	.byte	2                               @ DW_AT_decl_file
	.short	1792                            @ DW_AT_decl_line
	.long	2174                            @ DW_AT_type
	.byte	9                               @ Abbrev [9] 0x1acb:0xf DW_TAG_formal_parameter
	.byte	2                               @ DW_AT_location
	.byte	145
	.byte	8
	.long	.Linfo_string453                @ DW_AT_name
	.byte	2                               @ DW_AT_decl_file
	.short	1792                            @ DW_AT_decl_line
	.long	7506                            @ DW_AT_type
	.byte	0                               @ End Of Children Mark
	.byte	38                              @ Abbrev [38] 0x1adb:0x35 DW_TAG_subprogram
	.long	.Lfunc_begin38                  @ DW_AT_low_pc
	.long	.Lfunc_end38-.Lfunc_begin38     @ DW_AT_high_pc
	.byte	1                               @ DW_AT_frame_base
	.byte	93
	.long	.Linfo_string433                @ DW_AT_name
	.byte	2                               @ DW_AT_decl_file
	.short	1752                            @ DW_AT_decl_line
                                        @ DW_AT_prototyped
	.long	5659                            @ DW_AT_type
	.byte	9                               @ Abbrev [9] 0x1af1:0xf DW_TAG_formal_parameter
	.byte	2                               @ DW_AT_location
	.byte	145
	.byte	4
	.long	.Linfo_string492                @ DW_AT_name
	.byte	2                               @ DW_AT_decl_file
	.short	1752                            @ DW_AT_decl_line
	.long	2174                            @ DW_AT_type
	.byte	9                               @ Abbrev [9] 0x1b00:0xf DW_TAG_formal_parameter
	.byte	2                               @ DW_AT_location
	.byte	145
	.byte	0
	.long	.Linfo_string453                @ DW_AT_name
	.byte	2                               @ DW_AT_decl_file
	.short	1752                            @ DW_AT_decl_line
	.long	7506                            @ DW_AT_type
	.byte	0                               @ End Of Children Mark
	.byte	36                              @ Abbrev [36] 0x1b10:0x4f DW_TAG_subprogram
	.long	.Lfunc_begin39                  @ DW_AT_low_pc
	.long	.Lfunc_end39-.Lfunc_begin39     @ DW_AT_high_pc
	.byte	1                               @ DW_AT_frame_base
	.byte	93
	.long	.Linfo_string434                @ DW_AT_name
	.byte	1                               @ DW_AT_decl_file
	.short	1174                            @ DW_AT_decl_line
                                        @ DW_AT_prototyped
                                        @ DW_AT_external
	.byte	9                               @ Abbrev [9] 0x1b22:0xf DW_TAG_formal_parameter
	.byte	2                               @ DW_AT_location
	.byte	145
	.byte	11
	.long	.Linfo_string450                @ DW_AT_name
	.byte	1                               @ DW_AT_decl_file
	.short	1174                            @ DW_AT_decl_line
	.long	7494                            @ DW_AT_type
	.byte	9                               @ Abbrev [9] 0x1b31:0xf DW_TAG_formal_parameter
	.byte	2                               @ DW_AT_location
	.byte	145
	.byte	10
	.long	.Linfo_string493                @ DW_AT_name
	.byte	1                               @ DW_AT_decl_file
	.short	1174                            @ DW_AT_decl_line
	.long	1307                            @ DW_AT_type
	.byte	10                              @ Abbrev [10] 0x1b40:0xf DW_TAG_variable
	.byte	2                               @ DW_AT_location
	.byte	145
	.byte	4
	.long	.Linfo_string494                @ DW_AT_name
	.byte	1                               @ DW_AT_decl_file
	.short	1176                            @ DW_AT_decl_line
	.long	1436                            @ DW_AT_type
	.byte	10                              @ Abbrev [10] 0x1b4f:0xf DW_TAG_variable
	.byte	2                               @ DW_AT_location
	.byte	145
	.byte	0
	.long	.Linfo_string495                @ DW_AT_name
	.byte	1                               @ DW_AT_decl_file
	.short	1177                            @ DW_AT_decl_line
	.long	1436                            @ DW_AT_type
	.byte	0                               @ End Of Children Mark
	.byte	36                              @ Abbrev [36] 0x1b5f:0x22 DW_TAG_subprogram
	.long	.Lfunc_begin40                  @ DW_AT_low_pc
	.long	.Lfunc_end40-.Lfunc_begin40     @ DW_AT_high_pc
	.byte	1                               @ DW_AT_frame_base
	.byte	93
	.long	.Linfo_string435                @ DW_AT_name
	.byte	1                               @ DW_AT_decl_file
	.short	1197                            @ DW_AT_decl_line
                                        @ DW_AT_prototyped
                                        @ DW_AT_external
	.byte	9                               @ Abbrev [9] 0x1b71:0xf DW_TAG_formal_parameter
	.byte	2                               @ DW_AT_location
	.byte	145
	.byte	3
	.long	.Linfo_string450                @ DW_AT_name
	.byte	1                               @ DW_AT_decl_file
	.short	1197                            @ DW_AT_decl_line
	.long	7494                            @ DW_AT_type
	.byte	0                               @ End Of Children Mark
	.byte	7                               @ Abbrev [7] 0x1b81:0x26 DW_TAG_subprogram
	.long	.Lfunc_begin41                  @ DW_AT_low_pc
	.long	.Lfunc_end41-.Lfunc_begin41     @ DW_AT_high_pc
	.byte	1                               @ DW_AT_frame_base
	.byte	93
	.long	.Linfo_string436                @ DW_AT_name
	.byte	1                               @ DW_AT_decl_file
	.short	1210                            @ DW_AT_decl_line
                                        @ DW_AT_prototyped
	.long	5659                            @ DW_AT_type
                                        @ DW_AT_external
	.byte	9                               @ Abbrev [9] 0x1b97:0xf DW_TAG_formal_parameter
	.byte	2                               @ DW_AT_location
	.byte	145
	.byte	3
	.long	.Linfo_string450                @ DW_AT_name
	.byte	1                               @ DW_AT_decl_file
	.short	1210                            @ DW_AT_decl_line
	.long	7494                            @ DW_AT_type
	.byte	0                               @ End Of Children Mark
	.byte	36                              @ Abbrev [36] 0x1ba7:0x4f DW_TAG_subprogram
	.long	.Lfunc_begin42                  @ DW_AT_low_pc
	.long	.Lfunc_end42-.Lfunc_begin42     @ DW_AT_high_pc
	.byte	1                               @ DW_AT_frame_base
	.byte	93
	.long	.Linfo_string437                @ DW_AT_name
	.byte	1                               @ DW_AT_decl_file
	.short	1225                            @ DW_AT_decl_line
                                        @ DW_AT_prototyped
                                        @ DW_AT_external
	.byte	9                               @ Abbrev [9] 0x1bb9:0xf DW_TAG_formal_parameter
	.byte	2                               @ DW_AT_location
	.byte	145
	.byte	11
	.long	.Linfo_string450                @ DW_AT_name
	.byte	1                               @ DW_AT_decl_file
	.short	1225                            @ DW_AT_decl_line
	.long	7494                            @ DW_AT_type
	.byte	9                               @ Abbrev [9] 0x1bc8:0xf DW_TAG_formal_parameter
	.byte	2                               @ DW_AT_location
	.byte	145
	.byte	10
	.long	.Linfo_string493                @ DW_AT_name
	.byte	1                               @ DW_AT_decl_file
	.short	1225                            @ DW_AT_decl_line
	.long	1307                            @ DW_AT_type
	.byte	10                              @ Abbrev [10] 0x1bd7:0xf DW_TAG_variable
	.byte	2                               @ DW_AT_location
	.byte	145
	.byte	4
	.long	.Linfo_string494                @ DW_AT_name
	.byte	1                               @ DW_AT_decl_file
	.short	1227                            @ DW_AT_decl_line
	.long	1436                            @ DW_AT_type
	.byte	10                              @ Abbrev [10] 0x1be6:0xf DW_TAG_variable
	.byte	2                               @ DW_AT_location
	.byte	145
	.byte	0
	.long	.Linfo_string496                @ DW_AT_name
	.byte	1                               @ DW_AT_decl_file
	.short	1228                            @ DW_AT_decl_line
	.long	1436                            @ DW_AT_type
	.byte	0                               @ End Of Children Mark
	.byte	36                              @ Abbrev [36] 0x1bf6:0x22 DW_TAG_subprogram
	.long	.Lfunc_begin43                  @ DW_AT_low_pc
	.long	.Lfunc_end43-.Lfunc_begin43     @ DW_AT_high_pc
	.byte	1                               @ DW_AT_frame_base
	.byte	93
	.long	.Linfo_string438                @ DW_AT_name
	.byte	1                               @ DW_AT_decl_file
	.short	1248                            @ DW_AT_decl_line
                                        @ DW_AT_prototyped
                                        @ DW_AT_external
	.byte	9                               @ Abbrev [9] 0x1c08:0xf DW_TAG_formal_parameter
	.byte	2                               @ DW_AT_location
	.byte	145
	.byte	3
	.long	.Linfo_string450                @ DW_AT_name
	.byte	1                               @ DW_AT_decl_file
	.short	1248                            @ DW_AT_decl_line
	.long	7494                            @ DW_AT_type
	.byte	0                               @ End Of Children Mark
	.byte	7                               @ Abbrev [7] 0x1c18:0x26 DW_TAG_subprogram
	.long	.Lfunc_begin44                  @ DW_AT_low_pc
	.long	.Lfunc_end44-.Lfunc_begin44     @ DW_AT_high_pc
	.byte	1                               @ DW_AT_frame_base
	.byte	93
	.long	.Linfo_string439                @ DW_AT_name
	.byte	1                               @ DW_AT_decl_file
	.short	1261                            @ DW_AT_decl_line
                                        @ DW_AT_prototyped
	.long	5659                            @ DW_AT_type
                                        @ DW_AT_external
	.byte	9                               @ Abbrev [9] 0x1c2e:0xf DW_TAG_formal_parameter
	.byte	2                               @ DW_AT_location
	.byte	145
	.byte	3
	.long	.Linfo_string450                @ DW_AT_name
	.byte	1                               @ DW_AT_decl_file
	.short	1261                            @ DW_AT_decl_line
	.long	7494                            @ DW_AT_type
	.byte	0                               @ End Of Children Mark
	.byte	37                              @ Abbrev [37] 0x1c3e:0x12 DW_TAG_subprogram
	.long	.Lfunc_begin46                  @ DW_AT_low_pc
	.long	.Lfunc_end46-.Lfunc_begin46     @ DW_AT_high_pc
	.byte	1                               @ DW_AT_frame_base
	.byte	93
	.long	.Linfo_string441                @ DW_AT_name
	.byte	1                               @ DW_AT_decl_file
	.short	1371                            @ DW_AT_decl_line
                                        @ DW_AT_prototyped
                                        @ DW_AT_external
	.byte	36                              @ Abbrev [36] 0x1c50:0x40 DW_TAG_subprogram
	.long	.Lfunc_begin47                  @ DW_AT_low_pc
	.long	.Lfunc_end47-.Lfunc_begin47     @ DW_AT_high_pc
	.byte	1                               @ DW_AT_frame_base
	.byte	93
	.long	.Linfo_string442                @ DW_AT_name
	.byte	1                               @ DW_AT_decl_file
	.short	1383                            @ DW_AT_decl_line
                                        @ DW_AT_prototyped
                                        @ DW_AT_external
	.byte	9                               @ Abbrev [9] 0x1c62:0xf DW_TAG_formal_parameter
	.byte	2                               @ DW_AT_location
	.byte	145
	.byte	7
	.long	.Linfo_string497                @ DW_AT_name
	.byte	1                               @ DW_AT_decl_file
	.short	1383                            @ DW_AT_decl_line
	.long	8044                            @ DW_AT_type
	.byte	9                               @ Abbrev [9] 0x1c71:0xf DW_TAG_formal_parameter
	.byte	2                               @ DW_AT_location
	.byte	145
	.byte	6
	.long	.Linfo_string499                @ DW_AT_name
	.byte	1                               @ DW_AT_decl_file
	.short	1383                            @ DW_AT_decl_line
	.long	8056                            @ DW_AT_type
	.byte	10                              @ Abbrev [10] 0x1c80:0xf DW_TAG_variable
	.byte	2                               @ DW_AT_location
	.byte	145
	.byte	0
	.long	.Linfo_string501                @ DW_AT_name
	.byte	1                               @ DW_AT_decl_file
	.short	1385                            @ DW_AT_decl_line
	.long	1436                            @ DW_AT_type
	.byte	0                               @ End Of Children Mark
	.byte	36                              @ Abbrev [36] 0x1c90:0x40 DW_TAG_subprogram
	.long	.Lfunc_begin48                  @ DW_AT_low_pc
	.long	.Lfunc_end48-.Lfunc_begin48     @ DW_AT_high_pc
	.byte	1                               @ DW_AT_frame_base
	.byte	93
	.long	.Linfo_string443                @ DW_AT_name
	.byte	1                               @ DW_AT_decl_file
	.short	1407                            @ DW_AT_decl_line
                                        @ DW_AT_prototyped
                                        @ DW_AT_external
	.byte	9                               @ Abbrev [9] 0x1ca2:0xf DW_TAG_formal_parameter
	.byte	2                               @ DW_AT_location
	.byte	145
	.byte	7
	.long	.Linfo_string497                @ DW_AT_name
	.byte	1                               @ DW_AT_decl_file
	.short	1407                            @ DW_AT_decl_line
	.long	8068                            @ DW_AT_type
	.byte	9                               @ Abbrev [9] 0x1cb1:0xf DW_TAG_formal_parameter
	.byte	2                               @ DW_AT_location
	.byte	145
	.byte	6
	.long	.Linfo_string499                @ DW_AT_name
	.byte	1                               @ DW_AT_decl_file
	.short	1407                            @ DW_AT_decl_line
	.long	8056                            @ DW_AT_type
	.byte	10                              @ Abbrev [10] 0x1cc0:0xf DW_TAG_variable
	.byte	2                               @ DW_AT_location
	.byte	145
	.byte	0
	.long	.Linfo_string501                @ DW_AT_name
	.byte	1                               @ DW_AT_decl_file
	.short	1409                            @ DW_AT_decl_line
	.long	1436                            @ DW_AT_type
	.byte	0                               @ End Of Children Mark
	.byte	7                               @ Abbrev [7] 0x1cd0:0x35 DW_TAG_subprogram
	.long	.Lfunc_begin49                  @ DW_AT_low_pc
	.long	.Lfunc_end49-.Lfunc_begin49     @ DW_AT_high_pc
	.byte	1                               @ DW_AT_frame_base
	.byte	93
	.long	.Linfo_string444                @ DW_AT_name
	.byte	1                               @ DW_AT_decl_file
	.short	1431                            @ DW_AT_decl_line
                                        @ DW_AT_prototyped
	.long	1436                            @ DW_AT_type
                                        @ DW_AT_external
	.byte	10                              @ Abbrev [10] 0x1ce6:0xf DW_TAG_variable
	.byte	2                               @ DW_AT_location
	.byte	145
	.byte	12
	.long	.Linfo_string449                @ DW_AT_name
	.byte	1                               @ DW_AT_decl_file
	.short	1433                            @ DW_AT_decl_line
	.long	1436                            @ DW_AT_type
	.byte	10                              @ Abbrev [10] 0x1cf5:0xf DW_TAG_variable
	.byte	2                               @ DW_AT_location
	.byte	145
	.byte	8
	.long	.Linfo_string501                @ DW_AT_name
	.byte	1                               @ DW_AT_decl_file
	.short	1434                            @ DW_AT_decl_line
	.long	1436                            @ DW_AT_type
	.byte	0                               @ End Of Children Mark
	.byte	7                               @ Abbrev [7] 0x1d05:0x35 DW_TAG_subprogram
	.long	.Lfunc_begin50                  @ DW_AT_low_pc
	.long	.Lfunc_end50-.Lfunc_begin50     @ DW_AT_high_pc
	.byte	1                               @ DW_AT_frame_base
	.byte	93
	.long	.Linfo_string445                @ DW_AT_name
	.byte	1                               @ DW_AT_decl_file
	.short	1492                            @ DW_AT_decl_line
                                        @ DW_AT_prototyped
	.long	1436                            @ DW_AT_type
                                        @ DW_AT_external
	.byte	10                              @ Abbrev [10] 0x1d1b:0xf DW_TAG_variable
	.byte	2                               @ DW_AT_location
	.byte	145
	.byte	12
	.long	.Linfo_string449                @ DW_AT_name
	.byte	1                               @ DW_AT_decl_file
	.short	1494                            @ DW_AT_decl_line
	.long	1436                            @ DW_AT_type
	.byte	10                              @ Abbrev [10] 0x1d2a:0xf DW_TAG_variable
	.byte	2                               @ DW_AT_location
	.byte	145
	.byte	8
	.long	.Linfo_string501                @ DW_AT_name
	.byte	1                               @ DW_AT_decl_file
	.short	1495                            @ DW_AT_decl_line
	.long	1436                            @ DW_AT_type
	.byte	0                               @ End Of Children Mark
	.byte	12                              @ Abbrev [12] 0x1d3a:0xc DW_TAG_typedef
	.long	1590                            @ DW_AT_type
	.long	.Linfo_string448                @ DW_AT_name
	.byte	2                               @ DW_AT_decl_file
	.short	659                             @ DW_AT_decl_line
	.byte	12                              @ Abbrev [12] 0x1d46:0xc DW_TAG_typedef
	.long	1616                            @ DW_AT_type
	.long	.Linfo_string451                @ DW_AT_name
	.byte	2                               @ DW_AT_decl_file
	.short	1314                            @ DW_AT_decl_line
	.byte	12                              @ Abbrev [12] 0x1d52:0xc DW_TAG_typedef
	.long	1654                            @ DW_AT_type
	.long	.Linfo_string454                @ DW_AT_name
	.byte	2                               @ DW_AT_decl_file
	.short	1305                            @ DW_AT_decl_line
	.byte	12                              @ Abbrev [12] 0x1d5e:0xc DW_TAG_typedef
	.long	1745                            @ DW_AT_type
	.long	.Linfo_string458                @ DW_AT_name
	.byte	2                               @ DW_AT_decl_file
	.short	1392                            @ DW_AT_decl_line
	.byte	12                              @ Abbrev [12] 0x1d6a:0xc DW_TAG_typedef
	.long	1861                            @ DW_AT_type
	.long	.Linfo_string464                @ DW_AT_name
	.byte	2                               @ DW_AT_decl_file
	.short	1204                            @ DW_AT_decl_line
	.byte	12                              @ Abbrev [12] 0x1d76:0xc DW_TAG_typedef
	.long	1894                            @ DW_AT_type
	.long	.Linfo_string466                @ DW_AT_name
	.byte	2                               @ DW_AT_decl_file
	.short	1210                            @ DW_AT_decl_line
	.byte	22                              @ Abbrev [22] 0x1d82:0x5 DW_TAG_pointer_type
	.long	1254                            @ DW_AT_type
	.byte	22                              @ Abbrev [22] 0x1d87:0x5 DW_TAG_pointer_type
	.long	7564                            @ DW_AT_type
	.byte	11                              @ Abbrev [11] 0x1d8c:0x5 DW_TAG_const_type
	.long	7569                            @ DW_AT_type
	.byte	12                              @ Abbrev [12] 0x1d91:0xc DW_TAG_typedef
	.long	7581                            @ DW_AT_type
	.long	.Linfo_string469                @ DW_AT_name
	.byte	2                               @ DW_AT_decl_file
	.short	1224                            @ DW_AT_decl_line
	.byte	17                              @ Abbrev [17] 0x1d9d:0x24 DW_TAG_structure_type
	.long	.Linfo_string468                @ DW_AT_name
	.byte	8                               @ DW_AT_byte_size
	.byte	2                               @ DW_AT_decl_file
	.short	1220                            @ DW_AT_decl_line
	.byte	18                              @ Abbrev [18] 0x1da6:0xd DW_TAG_member
	.long	.Linfo_string101                @ DW_AT_name
	.long	1436                            @ DW_AT_type
	.byte	2                               @ DW_AT_decl_file
	.short	1222                            @ DW_AT_decl_line
	.byte	0                               @ DW_AT_data_member_location
	.byte	18                              @ Abbrev [18] 0x1db3:0xd DW_TAG_member
	.long	.Linfo_string103                @ DW_AT_name
	.long	1307                            @ DW_AT_type
	.byte	2                               @ DW_AT_decl_file
	.short	1223                            @ DW_AT_decl_line
	.byte	4                               @ DW_AT_data_member_location
	.byte	0                               @ End Of Children Mark
	.byte	22                              @ Abbrev [22] 0x1dc1:0x5 DW_TAG_pointer_type
	.long	7622                            @ DW_AT_type
	.byte	11                              @ Abbrev [11] 0x1dc6:0x5 DW_TAG_const_type
	.long	7627                            @ DW_AT_type
	.byte	12                              @ Abbrev [12] 0x1dcb:0xc DW_TAG_typedef
	.long	7639                            @ DW_AT_type
	.long	.Linfo_string476                @ DW_AT_name
	.byte	2                               @ DW_AT_decl_file
	.short	1248                            @ DW_AT_decl_line
	.byte	17                              @ Abbrev [17] 0x1dd7:0x65 DW_TAG_structure_type
	.long	.Linfo_string475                @ DW_AT_name
	.byte	20                              @ DW_AT_byte_size
	.byte	2                               @ DW_AT_decl_file
	.short	1237                            @ DW_AT_decl_line
	.byte	18                              @ Abbrev [18] 0x1de0:0xd DW_TAG_member
	.long	.Linfo_string101                @ DW_AT_name
	.long	1307                            @ DW_AT_type
	.byte	2                               @ DW_AT_decl_file
	.short	1239                            @ DW_AT_decl_line
	.byte	0                               @ DW_AT_data_member_location
	.byte	18                              @ Abbrev [18] 0x1ded:0xd DW_TAG_member
	.long	.Linfo_string470                @ DW_AT_name
	.long	1436                            @ DW_AT_type
	.byte	2                               @ DW_AT_decl_file
	.short	1242                            @ DW_AT_decl_line
	.byte	4                               @ DW_AT_data_member_location
	.byte	18                              @ Abbrev [18] 0x1dfa:0xd DW_TAG_member
	.long	.Linfo_string471                @ DW_AT_name
	.long	1436                            @ DW_AT_type
	.byte	2                               @ DW_AT_decl_file
	.short	1243                            @ DW_AT_decl_line
	.byte	8                               @ DW_AT_data_member_location
	.byte	18                              @ Abbrev [18] 0x1e07:0xd DW_TAG_member
	.long	.Linfo_string103                @ DW_AT_name
	.long	1307                            @ DW_AT_type
	.byte	2                               @ DW_AT_decl_file
	.short	1244                            @ DW_AT_decl_line
	.byte	12                              @ DW_AT_data_member_location
	.byte	18                              @ Abbrev [18] 0x1e14:0xd DW_TAG_member
	.long	.Linfo_string472                @ DW_AT_name
	.long	4734                            @ DW_AT_type
	.byte	2                               @ DW_AT_decl_file
	.short	1245                            @ DW_AT_decl_line
	.byte	14                              @ DW_AT_data_member_location
	.byte	18                              @ Abbrev [18] 0x1e21:0xd DW_TAG_member
	.long	.Linfo_string473                @ DW_AT_name
	.long	1307                            @ DW_AT_type
	.byte	2                               @ DW_AT_decl_file
	.short	1246                            @ DW_AT_decl_line
	.byte	16                              @ DW_AT_data_member_location
	.byte	18                              @ Abbrev [18] 0x1e2e:0xd DW_TAG_member
	.long	.Linfo_string474                @ DW_AT_name
	.long	4734                            @ DW_AT_type
	.byte	2                               @ DW_AT_decl_file
	.short	1247                            @ DW_AT_decl_line
	.byte	18                              @ DW_AT_data_member_location
	.byte	0                               @ End Of Children Mark
	.byte	22                              @ Abbrev [22] 0x1e3c:0x5 DW_TAG_pointer_type
	.long	7745                            @ DW_AT_type
	.byte	11                              @ Abbrev [11] 0x1e41:0x5 DW_TAG_const_type
	.long	7750                            @ DW_AT_type
	.byte	12                              @ Abbrev [12] 0x1e46:0xc DW_TAG_typedef
	.long	7762                            @ DW_AT_type
	.long	.Linfo_string479                @ DW_AT_name
	.byte	2                               @ DW_AT_decl_file
	.short	1258                            @ DW_AT_decl_line
	.byte	17                              @ Abbrev [17] 0x1e52:0x4b DW_TAG_structure_type
	.long	.Linfo_string478                @ DW_AT_name
	.byte	16                              @ DW_AT_byte_size
	.byte	2                               @ DW_AT_decl_file
	.short	1251                            @ DW_AT_decl_line
	.byte	18                              @ Abbrev [18] 0x1e5b:0xd DW_TAG_member
	.long	.Linfo_string101                @ DW_AT_name
	.long	1307                            @ DW_AT_type
	.byte	2                               @ DW_AT_decl_file
	.short	1253                            @ DW_AT_decl_line
	.byte	0                               @ DW_AT_data_member_location
	.byte	18                              @ Abbrev [18] 0x1e68:0xd DW_TAG_member
	.long	.Linfo_string477                @ DW_AT_name
	.long	1307                            @ DW_AT_type
	.byte	2                               @ DW_AT_decl_file
	.short	1254                            @ DW_AT_decl_line
	.byte	1                               @ DW_AT_data_member_location
	.byte	18                              @ Abbrev [18] 0x1e75:0xd DW_TAG_member
	.long	.Linfo_string470                @ DW_AT_name
	.long	1436                            @ DW_AT_type
	.byte	2                               @ DW_AT_decl_file
	.short	1255                            @ DW_AT_decl_line
	.byte	4                               @ DW_AT_data_member_location
	.byte	18                              @ Abbrev [18] 0x1e82:0xd DW_TAG_member
	.long	.Linfo_string471                @ DW_AT_name
	.long	1436                            @ DW_AT_type
	.byte	2                               @ DW_AT_decl_file
	.short	1256                            @ DW_AT_decl_line
	.byte	8                               @ DW_AT_data_member_location
	.byte	18                              @ Abbrev [18] 0x1e8f:0xd DW_TAG_member
	.long	.Linfo_string103                @ DW_AT_name
	.long	1307                            @ DW_AT_type
	.byte	2                               @ DW_AT_decl_file
	.short	1257                            @ DW_AT_decl_line
	.byte	12                              @ DW_AT_data_member_location
	.byte	0                               @ End Of Children Mark
	.byte	22                              @ Abbrev [22] 0x1e9d:0x5 DW_TAG_pointer_type
	.long	7842                            @ DW_AT_type
	.byte	11                              @ Abbrev [11] 0x1ea2:0x5 DW_TAG_const_type
	.long	7847                            @ DW_AT_type
	.byte	12                              @ Abbrev [12] 0x1ea7:0xc DW_TAG_typedef
	.long	7859                            @ DW_AT_type
	.long	.Linfo_string483                @ DW_AT_name
	.byte	2                               @ DW_AT_decl_file
	.short	1269                            @ DW_AT_decl_line
	.byte	17                              @ Abbrev [17] 0x1eb3:0x4b DW_TAG_structure_type
	.long	.Linfo_string482                @ DW_AT_name
	.byte	16                              @ DW_AT_byte_size
	.byte	2                               @ DW_AT_decl_file
	.short	1261                            @ DW_AT_decl_line
	.byte	18                              @ Abbrev [18] 0x1ebc:0xd DW_TAG_member
	.long	.Linfo_string101                @ DW_AT_name
	.long	1307                            @ DW_AT_type
	.byte	2                               @ DW_AT_decl_file
	.short	1263                            @ DW_AT_decl_line
	.byte	0                               @ DW_AT_data_member_location
	.byte	18                              @ Abbrev [18] 0x1ec9:0xd DW_TAG_member
	.long	.Linfo_string477                @ DW_AT_name
	.long	1307                            @ DW_AT_type
	.byte	2                               @ DW_AT_decl_file
	.short	1264                            @ DW_AT_decl_line
	.byte	1                               @ DW_AT_data_member_location
	.byte	18                              @ Abbrev [18] 0x1ed6:0xd DW_TAG_member
	.long	.Linfo_string470                @ DW_AT_name
	.long	1436                            @ DW_AT_type
	.byte	2                               @ DW_AT_decl_file
	.short	1265                            @ DW_AT_decl_line
	.byte	4                               @ DW_AT_data_member_location
	.byte	18                              @ Abbrev [18] 0x1ee3:0xd DW_TAG_member
	.long	.Linfo_string471                @ DW_AT_name
	.long	1436                            @ DW_AT_type
	.byte	2                               @ DW_AT_decl_file
	.short	1266                            @ DW_AT_decl_line
	.byte	8                               @ DW_AT_data_member_location
	.byte	18                              @ Abbrev [18] 0x1ef0:0xd DW_TAG_member
	.long	.Linfo_string103                @ DW_AT_name
	.long	1307                            @ DW_AT_type
	.byte	2                               @ DW_AT_decl_file
	.short	1267                            @ DW_AT_decl_line
	.byte	12                              @ DW_AT_data_member_location
	.byte	0                               @ End Of Children Mark
	.byte	22                              @ Abbrev [22] 0x1efe:0x5 DW_TAG_pointer_type
	.long	7939                            @ DW_AT_type
	.byte	11                              @ Abbrev [11] 0x1f03:0x5 DW_TAG_const_type
	.long	7944                            @ DW_AT_type
	.byte	12                              @ Abbrev [12] 0x1f08:0xc DW_TAG_typedef
	.long	7956                            @ DW_AT_type
	.long	.Linfo_string490                @ DW_AT_name
	.byte	2                               @ DW_AT_decl_file
	.short	1288                            @ DW_AT_decl_line
	.byte	17                              @ Abbrev [17] 0x1f14:0x58 DW_TAG_structure_type
	.long	.Linfo_string489                @ DW_AT_name
	.byte	6                               @ DW_AT_byte_size
	.byte	2                               @ DW_AT_decl_file
	.short	1272                            @ DW_AT_decl_line
	.byte	18                              @ Abbrev [18] 0x1f1d:0xd DW_TAG_member
	.long	.Linfo_string485                @ DW_AT_name
	.long	5659                            @ DW_AT_type
	.byte	2                               @ DW_AT_decl_file
	.short	1274                            @ DW_AT_decl_line
	.byte	0                               @ DW_AT_data_member_location
	.byte	18                              @ Abbrev [18] 0x1f2a:0xd DW_TAG_member
	.long	.Linfo_string486                @ DW_AT_name
	.long	5659                            @ DW_AT_type
	.byte	2                               @ DW_AT_decl_file
	.short	1275                            @ DW_AT_decl_line
	.byte	1                               @ DW_AT_data_member_location
	.byte	18                              @ Abbrev [18] 0x1f37:0xd DW_TAG_member
	.long	.Linfo_string101                @ DW_AT_name
	.long	1307                            @ DW_AT_type
	.byte	2                               @ DW_AT_decl_file
	.short	1276                            @ DW_AT_decl_line
	.byte	2                               @ DW_AT_data_member_location
	.byte	18                              @ Abbrev [18] 0x1f44:0xd DW_TAG_member
	.long	.Linfo_string103                @ DW_AT_name
	.long	1307                            @ DW_AT_type
	.byte	2                               @ DW_AT_decl_file
	.short	1281                            @ DW_AT_decl_line
	.byte	3                               @ DW_AT_data_member_location
	.byte	18                              @ Abbrev [18] 0x1f51:0xd DW_TAG_member
	.long	.Linfo_string487                @ DW_AT_name
	.long	5659                            @ DW_AT_type
	.byte	2                               @ DW_AT_decl_file
	.short	1282                            @ DW_AT_decl_line
	.byte	4                               @ DW_AT_data_member_location
	.byte	18                              @ Abbrev [18] 0x1f5e:0xd DW_TAG_member
	.long	.Linfo_string488                @ DW_AT_name
	.long	1307                            @ DW_AT_type
	.byte	2                               @ DW_AT_decl_file
	.short	1283                            @ DW_AT_decl_line
	.byte	5                               @ DW_AT_data_member_location
	.byte	0                               @ End Of Children Mark
	.byte	12                              @ Abbrev [12] 0x1f6c:0xc DW_TAG_typedef
	.long	1914                            @ DW_AT_type
	.long	.Linfo_string498                @ DW_AT_name
	.byte	2                               @ DW_AT_decl_file
	.short	1332                            @ DW_AT_decl_line
	.byte	12                              @ Abbrev [12] 0x1f78:0xc DW_TAG_typedef
	.long	1994                            @ DW_AT_type
	.long	.Linfo_string500                @ DW_AT_name
	.byte	2                               @ DW_AT_decl_file
	.short	1368                            @ DW_AT_decl_line
	.byte	12                              @ Abbrev [12] 0x1f84:0xc DW_TAG_typedef
	.long	2056                            @ DW_AT_type
	.long	.Linfo_string502                @ DW_AT_name
	.byte	2                               @ DW_AT_decl_file
	.short	1353                            @ DW_AT_decl_line
	.byte	0                               @ End Of Children Mark
.Ldebug_info_end0:
	.section	.debug_ranges,"",%progbits
.Ldebug_ranges0:
	.long	.Lfunc_begin0
	.long	.Lfunc_end0
	.long	.Lfunc_begin1
	.long	.Lfunc_end1
	.long	.Lfunc_begin2
	.long	.Lfunc_end2
	.long	.Lfunc_begin3
	.long	.Lfunc_end3
	.long	.Lfunc_begin4
	.long	.Lfunc_end4
	.long	.Lfunc_begin5
	.long	.Lfunc_end5
	.long	.Lfunc_begin6
	.long	.Lfunc_end6
	.long	.Lfunc_begin7
	.long	.Lfunc_end7
	.long	.Lfunc_begin8
	.long	.Lfunc_end8
	.long	.Lfunc_begin9
	.long	.Lfunc_end9
	.long	.Lfunc_begin10
	.long	.Lfunc_end10
	.long	.Lfunc_begin11
	.long	.Lfunc_end11
	.long	.Lfunc_begin12
	.long	.Lfunc_end12
	.long	.Lfunc_begin13
	.long	.Lfunc_end13
	.long	.Lfunc_begin14
	.long	.Lfunc_end14
	.long	.Lfunc_begin15
	.long	.Lfunc_end15
	.long	.Lfunc_begin16
	.long	.Lfunc_end16
	.long	.Lfunc_begin17
	.long	.Lfunc_end17
	.long	.Lfunc_begin18
	.long	.Lfunc_end18
	.long	.Lfunc_begin19
	.long	.Lfunc_end19
	.long	.Lfunc_begin20
	.long	.Lfunc_end20
	.long	.Lfunc_begin21
	.long	.Lfunc_end21
	.long	.Lfunc_begin22
	.long	.Lfunc_end22
	.long	.Lfunc_begin23
	.long	.Lfunc_end23
	.long	.Lfunc_begin24
	.long	.Lfunc_end24
	.long	.Lfunc_begin25
	.long	.Lfunc_end25
	.long	.Lfunc_begin26
	.long	.Lfunc_end26
	.long	.Lfunc_begin27
	.long	.Lfunc_end27
	.long	.Lfunc_begin28
	.long	.Lfunc_end28
	.long	.Lfunc_begin29
	.long	.Lfunc_end29
	.long	.Lfunc_begin30
	.long	.Lfunc_end30
	.long	.Lfunc_begin31
	.long	.Lfunc_end31
	.long	.Lfunc_begin32
	.long	.Lfunc_end32
	.long	.Lfunc_begin33
	.long	.Lfunc_end33
	.long	.Lfunc_begin34
	.long	.Lfunc_end34
	.long	.Lfunc_begin35
	.long	.Lfunc_end35
	.long	.Lfunc_begin36
	.long	.Lfunc_end36
	.long	.Lfunc_begin37
	.long	.Lfunc_end37
	.long	.Lfunc_begin38
	.long	.Lfunc_end38
	.long	.Lfunc_begin39
	.long	.Lfunc_end39
	.long	.Lfunc_begin40
	.long	.Lfunc_end40
	.long	.Lfunc_begin41
	.long	.Lfunc_end41
	.long	.Lfunc_begin42
	.long	.Lfunc_end42
	.long	.Lfunc_begin43
	.long	.Lfunc_end43
	.long	.Lfunc_begin44
	.long	.Lfunc_end44
	.long	.Lfunc_begin45
	.long	.Lfunc_end45
	.long	.Lfunc_begin46
	.long	.Lfunc_end46
	.long	.Lfunc_begin47
	.long	.Lfunc_end47
	.long	.Lfunc_begin48
	.long	.Lfunc_end48
	.long	.Lfunc_begin49
	.long	.Lfunc_end49
	.long	.Lfunc_begin50
	.long	.Lfunc_end50
	.long	0
	.long	0
	.section	.debug_str,"MS",%progbits,1
.Linfo_string0:
	.asciz	"Component: Arm Compiler for Embedded 6.19 Tool: armclang [5e73cb00]" @ string offset=0
.Linfo_string1:
	.asciz	"../../libraries/sdk/drives\\fsl_clock.c" @ string offset=68
.Linfo_string2:
	.asciz	"E:\\FILE_SMART_CAR\\\346\231\272\350\203\275\350\247\206\350\247\211\\RT1064_Library-master\\RT1064_Library-master\\SeekFree_RT1064_Opensource_Library\\project\\mdk" @ string offset=107
.Linfo_string3:
	.asciz	"char"                          @ string offset=229
.Linfo_string4:
	.asciz	"__ARRAY_SIZE_TYPE__"           @ string offset=234
.Linfo_string5:
	.asciz	"clockRootSourceArray"          @ string offset=254
.Linfo_string6:
	.asciz	"unsigned char"                 @ string offset=275
.Linfo_string7:
	.asciz	"kCLOCK_CpuClk"                 @ string offset=289
.Linfo_string8:
	.asciz	"kCLOCK_AhbClk"                 @ string offset=303
.Linfo_string9:
	.asciz	"kCLOCK_SemcClk"                @ string offset=317
.Linfo_string10:
	.asciz	"kCLOCK_IpgClk"                 @ string offset=332
.Linfo_string11:
	.asciz	"kCLOCK_PerClk"                 @ string offset=346
.Linfo_string12:
	.asciz	"kCLOCK_OscClk"                 @ string offset=360
.Linfo_string13:
	.asciz	"kCLOCK_RtcClk"                 @ string offset=374
.Linfo_string14:
	.asciz	"kCLOCK_ArmPllClk"              @ string offset=388
.Linfo_string15:
	.asciz	"kCLOCK_Usb1PllClk"             @ string offset=405
.Linfo_string16:
	.asciz	"kCLOCK_Usb1PllPfd0Clk"         @ string offset=423
.Linfo_string17:
	.asciz	"kCLOCK_Usb1PllPfd1Clk"         @ string offset=445
.Linfo_string18:
	.asciz	"kCLOCK_Usb1PllPfd2Clk"         @ string offset=467
.Linfo_string19:
	.asciz	"kCLOCK_Usb1PllPfd3Clk"         @ string offset=489
.Linfo_string20:
	.asciz	"kCLOCK_Usb1SwClk"              @ string offset=511
.Linfo_string21:
	.asciz	"kCLOCK_Usb1Sw120MClk"          @ string offset=528
.Linfo_string22:
	.asciz	"kCLOCK_Usb1Sw60MClk"           @ string offset=549
.Linfo_string23:
	.asciz	"kCLOCK_Usb1Sw80MClk"           @ string offset=569
.Linfo_string24:
	.asciz	"kCLOCK_Usb2PllClk"             @ string offset=589
.Linfo_string25:
	.asciz	"kCLOCK_SysPllClk"              @ string offset=607
.Linfo_string26:
	.asciz	"kCLOCK_SysPllPfd0Clk"          @ string offset=624
.Linfo_string27:
	.asciz	"kCLOCK_SysPllPfd1Clk"          @ string offset=645
.Linfo_string28:
	.asciz	"kCLOCK_SysPllPfd2Clk"          @ string offset=666
.Linfo_string29:
	.asciz	"kCLOCK_SysPllPfd3Clk"          @ string offset=687
.Linfo_string30:
	.asciz	"kCLOCK_EnetPll0Clk"            @ string offset=708
.Linfo_string31:
	.asciz	"kCLOCK_EnetPll1Clk"            @ string offset=727
.Linfo_string32:
	.asciz	"kCLOCK_EnetPll2Clk"            @ string offset=746
.Linfo_string33:
	.asciz	"kCLOCK_AudioPllClk"            @ string offset=765
.Linfo_string34:
	.asciz	"kCLOCK_VideoPllClk"            @ string offset=784
.Linfo_string35:
	.asciz	"kCLOCK_NoneName"               @ string offset=803
.Linfo_string36:
	.asciz	"_clock_name"                   @ string offset=819
.Linfo_string37:
	.asciz	"clock_name_t"                  @ string offset=831
.Linfo_string38:
	.asciz	"clockRootMuxTupleArray"        @ string offset=844
.Linfo_string39:
	.asciz	"int"                           @ string offset=867
.Linfo_string40:
	.asciz	"kCLOCK_Pll3SwMux"              @ string offset=871
.Linfo_string41:
	.asciz	"kCLOCK_PeriphMux"              @ string offset=888
.Linfo_string42:
	.asciz	"kCLOCK_SemcAltMux"             @ string offset=905
.Linfo_string43:
	.asciz	"kCLOCK_SemcMux"                @ string offset=923
.Linfo_string44:
	.asciz	"kCLOCK_PrePeriphMux"           @ string offset=938
.Linfo_string45:
	.asciz	"kCLOCK_TraceMux"               @ string offset=958
.Linfo_string46:
	.asciz	"kCLOCK_PeriphClk2Mux"          @ string offset=974
.Linfo_string47:
	.asciz	"kCLOCK_Flexspi2Mux"            @ string offset=995
.Linfo_string48:
	.asciz	"kCLOCK_LpspiMux"               @ string offset=1014
.Linfo_string49:
	.asciz	"kCLOCK_FlexspiMux"             @ string offset=1030
.Linfo_string50:
	.asciz	"kCLOCK_Usdhc2Mux"              @ string offset=1048
.Linfo_string51:
	.asciz	"kCLOCK_Usdhc1Mux"              @ string offset=1065
.Linfo_string52:
	.asciz	"kCLOCK_Sai3Mux"                @ string offset=1082
.Linfo_string53:
	.asciz	"kCLOCK_Sai2Mux"                @ string offset=1097
.Linfo_string54:
	.asciz	"kCLOCK_Sai1Mux"                @ string offset=1112
.Linfo_string55:
	.asciz	"kCLOCK_PerclkMux"              @ string offset=1127
.Linfo_string56:
	.asciz	"kCLOCK_Flexio2Mux"             @ string offset=1144
.Linfo_string57:
	.asciz	"kCLOCK_CanMux"                 @ string offset=1162
.Linfo_string58:
	.asciz	"kCLOCK_UartMux"                @ string offset=1176
.Linfo_string59:
	.asciz	"kCLOCK_SpdifMux"               @ string offset=1191
.Linfo_string60:
	.asciz	"kCLOCK_Flexio1Mux"             @ string offset=1207
.Linfo_string61:
	.asciz	"kCLOCK_Lpi2cMux"               @ string offset=1225
.Linfo_string62:
	.asciz	"kCLOCK_LcdifPreMux"            @ string offset=1241
.Linfo_string63:
	.asciz	"kCLOCK_CsiMux"                 @ string offset=1260
.Linfo_string64:
	.asciz	"_clock_mux"                    @ string offset=1274
.Linfo_string65:
	.asciz	"clock_mux_t"                   @ string offset=1285
.Linfo_string66:
	.asciz	"clockRootDivTupleArray"        @ string offset=1297
.Linfo_string67:
	.asciz	"kCLOCK_ArmDiv"                 @ string offset=1320
.Linfo_string68:
	.asciz	"kCLOCK_PeriphClk2Div"          @ string offset=1334
.Linfo_string69:
	.asciz	"kCLOCK_SemcDiv"                @ string offset=1355
.Linfo_string70:
	.asciz	"kCLOCK_AhbDiv"                 @ string offset=1370
.Linfo_string71:
	.asciz	"kCLOCK_IpgDiv"                 @ string offset=1384
.Linfo_string72:
	.asciz	"kCLOCK_Flexspi2Div"            @ string offset=1398
.Linfo_string73:
	.asciz	"kCLOCK_LpspiDiv"               @ string offset=1417
.Linfo_string74:
	.asciz	"kCLOCK_LcdifDiv"               @ string offset=1433
.Linfo_string75:
	.asciz	"kCLOCK_FlexspiDiv"             @ string offset=1449
.Linfo_string76:
	.asciz	"kCLOCK_PerclkDiv"              @ string offset=1467
.Linfo_string77:
	.asciz	"kCLOCK_CanDiv"                 @ string offset=1484
.Linfo_string78:
	.asciz	"kCLOCK_TraceDiv"               @ string offset=1498
.Linfo_string79:
	.asciz	"kCLOCK_Usdhc2Div"              @ string offset=1514
.Linfo_string80:
	.asciz	"kCLOCK_Usdhc1Div"              @ string offset=1531
.Linfo_string81:
	.asciz	"kCLOCK_UartDiv"                @ string offset=1548
.Linfo_string82:
	.asciz	"kCLOCK_Flexio2Div"             @ string offset=1563
.Linfo_string83:
	.asciz	"kCLOCK_Sai3PreDiv"             @ string offset=1581
.Linfo_string84:
	.asciz	"kCLOCK_Sai3Div"                @ string offset=1599
.Linfo_string85:
	.asciz	"kCLOCK_Flexio2PreDiv"          @ string offset=1614
.Linfo_string86:
	.asciz	"kCLOCK_Sai1PreDiv"             @ string offset=1635
.Linfo_string87:
	.asciz	"kCLOCK_Sai1Div"                @ string offset=1653
.Linfo_string88:
	.asciz	"kCLOCK_Sai2PreDiv"             @ string offset=1668
.Linfo_string89:
	.asciz	"kCLOCK_Sai2Div"                @ string offset=1686
.Linfo_string90:
	.asciz	"kCLOCK_Spdif0PreDiv"           @ string offset=1701
.Linfo_string91:
	.asciz	"kCLOCK_Spdif0Div"              @ string offset=1721
.Linfo_string92:
	.asciz	"kCLOCK_Flexio1PreDiv"          @ string offset=1738
.Linfo_string93:
	.asciz	"kCLOCK_Flexio1Div"             @ string offset=1759
.Linfo_string94:
	.asciz	"kCLOCK_Lpi2cDiv"               @ string offset=1777
.Linfo_string95:
	.asciz	"kCLOCK_LcdifPreDiv"            @ string offset=1793
.Linfo_string96:
	.asciz	"kCLOCK_CsiDiv"                 @ string offset=1812
.Linfo_string97:
	.asciz	"kCLOCK_NonePreDiv"             @ string offset=1826
.Linfo_string98:
	.asciz	"_clock_div"                    @ string offset=1844
.Linfo_string99:
	.asciz	"clock_div_t"                   @ string offset=1855
.Linfo_string100:
	.asciz	"g_ccmConfigUsbPll"             @ string offset=1867
.Linfo_string101:
	.asciz	"loopDivider"                   @ string offset=1885
.Linfo_string102:
	.asciz	"uint8_t"                       @ string offset=1897
.Linfo_string103:
	.asciz	"src"                           @ string offset=1905
.Linfo_string104:
	.asciz	"_clock_usb_pll_config"         @ string offset=1909
.Linfo_string105:
	.asciz	"clock_usb_pll_config_t"        @ string offset=1931
.Linfo_string106:
	.asciz	"enetRefClkFreq"                @ string offset=1954
.Linfo_string107:
	.asciz	"unsigned int"                  @ string offset=1969
.Linfo_string108:
	.asciz	"uint32_t"                      @ string offset=1982
.Linfo_string109:
	.asciz	"g_xtalFreq"                    @ string offset=1991
.Linfo_string110:
	.asciz	"g_rtcXtalFreq"                 @ string offset=2002
.Linfo_string111:
	.asciz	"kCLOCK_RcOsc"                  @ string offset=2016
.Linfo_string112:
	.asciz	"kCLOCK_XtalOsc"                @ string offset=2029
.Linfo_string113:
	.asciz	"_clock_osc"                    @ string offset=2044
.Linfo_string114:
	.asciz	"kCLOCK_Pfd0"                   @ string offset=2055
.Linfo_string115:
	.asciz	"kCLOCK_Pfd1"                   @ string offset=2067
.Linfo_string116:
	.asciz	"kCLOCK_Pfd2"                   @ string offset=2079
.Linfo_string117:
	.asciz	"kCLOCK_Pfd3"                   @ string offset=2091
.Linfo_string118:
	.asciz	"_clock_pfd"                    @ string offset=2103
.Linfo_string119:
	.asciz	"kCLOCK_PllArm"                 @ string offset=2114
.Linfo_string120:
	.asciz	"kCLOCK_PllSys"                 @ string offset=2128
.Linfo_string121:
	.asciz	"kCLOCK_PllUsb1"                @ string offset=2142
.Linfo_string122:
	.asciz	"kCLOCK_PllAudio"               @ string offset=2157
.Linfo_string123:
	.asciz	"kCLOCK_PllVideo"               @ string offset=2173
.Linfo_string124:
	.asciz	"kCLOCK_PllEnet"                @ string offset=2189
.Linfo_string125:
	.asciz	"kCLOCK_PllEnet2"               @ string offset=2204
.Linfo_string126:
	.asciz	"kCLOCK_PllEnet25M"             @ string offset=2220
.Linfo_string127:
	.asciz	"kCLOCK_PllUsb2"                @ string offset=2238
.Linfo_string128:
	.asciz	"_clock_pll"                    @ string offset=2253
.Linfo_string129:
	.asciz	"kCLOCK_Usdhc1ClkRoot"          @ string offset=2264
.Linfo_string130:
	.asciz	"kCLOCK_Usdhc2ClkRoot"          @ string offset=2285
.Linfo_string131:
	.asciz	"kCLOCK_FlexspiClkRoot"         @ string offset=2306
.Linfo_string132:
	.asciz	"kCLOCK_Flexspi2ClkRoot"        @ string offset=2328
.Linfo_string133:
	.asciz	"kCLOCK_CsiClkRoot"             @ string offset=2351
.Linfo_string134:
	.asciz	"kCLOCK_LpspiClkRoot"           @ string offset=2369
.Linfo_string135:
	.asciz	"kCLOCK_TraceClkRoot"           @ string offset=2389
.Linfo_string136:
	.asciz	"kCLOCK_Sai1ClkRoot"            @ string offset=2409
.Linfo_string137:
	.asciz	"kCLOCK_Sai2ClkRoot"            @ string offset=2428
.Linfo_string138:
	.asciz	"kCLOCK_Sai3ClkRoot"            @ string offset=2447
.Linfo_string139:
	.asciz	"kCLOCK_Lpi2cClkRoot"           @ string offset=2466
.Linfo_string140:
	.asciz	"kCLOCK_CanClkRoot"             @ string offset=2486
.Linfo_string141:
	.asciz	"kCLOCK_UartClkRoot"            @ string offset=2504
.Linfo_string142:
	.asciz	"kCLOCK_LcdifClkRoot"           @ string offset=2523
.Linfo_string143:
	.asciz	"kCLOCK_SpdifClkRoot"           @ string offset=2543
.Linfo_string144:
	.asciz	"kCLOCK_Flexio1ClkRoot"         @ string offset=2563
.Linfo_string145:
	.asciz	"kCLOCK_Flexio2ClkRoot"         @ string offset=2585
.Linfo_string146:
	.asciz	"_clock_root"                   @ string offset=2607
.Linfo_string147:
	.asciz	"signed char"                   @ string offset=2619
.Linfo_string148:
	.asciz	"kCLOCK_Usb480M"                @ string offset=2631
.Linfo_string149:
	.asciz	"kCLOCK_UsbSrcUnused"           @ string offset=2646
.Linfo_string150:
	.asciz	"_clock_usb_src"                @ string offset=2666
.Linfo_string151:
	.asciz	"kCLOCK_Usbphy480M"             @ string offset=2681
.Linfo_string152:
	.asciz	"_clock_usb_phy_src"            @ string offset=2699
.Linfo_string153:
	.asciz	"kCLOCK_OutputPllUsb1"          @ string offset=2718
.Linfo_string154:
	.asciz	"kCLOCK_OutputPllSys"           @ string offset=2739
.Linfo_string155:
	.asciz	"kCLOCK_OutputPllVideo"         @ string offset=2759
.Linfo_string156:
	.asciz	"kCLOCK_OutputSemcClk"          @ string offset=2781
.Linfo_string157:
	.asciz	"kCLOCK_OutputLcdifPixClk"      @ string offset=2802
.Linfo_string158:
	.asciz	"kCLOCK_OutputAhbClk"           @ string offset=2827
.Linfo_string159:
	.asciz	"kCLOCK_OutputIpgClk"           @ string offset=2847
.Linfo_string160:
	.asciz	"kCLOCK_OutputPerClk"           @ string offset=2867
.Linfo_string161:
	.asciz	"kCLOCK_OutputCkilSyncClk"      @ string offset=2887
.Linfo_string162:
	.asciz	"kCLOCK_OutputPll4MainClk"      @ string offset=2912
.Linfo_string163:
	.asciz	"kCLOCK_DisableClockOutput1"    @ string offset=2937
.Linfo_string164:
	.asciz	"_clock_output1_selection"      @ string offset=2964
.Linfo_string165:
	.asciz	"kCLOCK_DivideBy1"              @ string offset=2989
.Linfo_string166:
	.asciz	"kCLOCK_DivideBy2"              @ string offset=3006
.Linfo_string167:
	.asciz	"kCLOCK_DivideBy3"              @ string offset=3023
.Linfo_string168:
	.asciz	"kCLOCK_DivideBy4"              @ string offset=3040
.Linfo_string169:
	.asciz	"kCLOCK_DivideBy5"              @ string offset=3057
.Linfo_string170:
	.asciz	"kCLOCK_DivideBy6"              @ string offset=3074
.Linfo_string171:
	.asciz	"kCLOCK_DivideBy7"              @ string offset=3091
.Linfo_string172:
	.asciz	"kCLOCK_DivideBy8"              @ string offset=3108
.Linfo_string173:
	.asciz	"_clock_output_divider"         @ string offset=3125
.Linfo_string174:
	.asciz	"kCLOCK_OutputUsdhc1Clk"        @ string offset=3147
.Linfo_string175:
	.asciz	"kCLOCK_OutputLpi2cClk"         @ string offset=3170
.Linfo_string176:
	.asciz	"kCLOCK_OutputCsiClk"           @ string offset=3192
.Linfo_string177:
	.asciz	"kCLOCK_OutputOscClk"           @ string offset=3212
.Linfo_string178:
	.asciz	"kCLOCK_OutputUsdhc2Clk"        @ string offset=3232
.Linfo_string179:
	.asciz	"kCLOCK_OutputSai1Clk"          @ string offset=3255
.Linfo_string180:
	.asciz	"kCLOCK_OutputSai2Clk"          @ string offset=3276
.Linfo_string181:
	.asciz	"kCLOCK_OutputSai3Clk"          @ string offset=3297
.Linfo_string182:
	.asciz	"kCLOCK_OutputCanClk"           @ string offset=3318
.Linfo_string183:
	.asciz	"kCLOCK_OutputFlexspiClk"       @ string offset=3338
.Linfo_string184:
	.asciz	"kCLOCK_OutputUartClk"          @ string offset=3362
.Linfo_string185:
	.asciz	"kCLOCK_OutputSpdif0Clk"        @ string offset=3383
.Linfo_string186:
	.asciz	"kCLOCK_DisableClockOutput2"    @ string offset=3406
.Linfo_string187:
	.asciz	"_clock_output2_selection"      @ string offset=3433
.Linfo_string188:
	.asciz	"kCLOCK_PllClkSrc24M"           @ string offset=3458
.Linfo_string189:
	.asciz	"kCLOCK_PllSrcClkPN"            @ string offset=3478
.Linfo_string190:
	.asciz	"_clock_pll_clk_src"            @ string offset=3497
.Linfo_string191:
	.asciz	"PLL_ARM"                       @ string offset=3516
.Linfo_string192:
	.asciz	"PLL_ARM_SET"                   @ string offset=3524
.Linfo_string193:
	.asciz	"PLL_ARM_CLR"                   @ string offset=3536
.Linfo_string194:
	.asciz	"PLL_ARM_TOG"                   @ string offset=3548
.Linfo_string195:
	.asciz	"PLL_USB1"                      @ string offset=3560
.Linfo_string196:
	.asciz	"PLL_USB1_SET"                  @ string offset=3569
.Linfo_string197:
	.asciz	"PLL_USB1_CLR"                  @ string offset=3582
.Linfo_string198:
	.asciz	"PLL_USB1_TOG"                  @ string offset=3595
.Linfo_string199:
	.asciz	"PLL_USB2"                      @ string offset=3608
.Linfo_string200:
	.asciz	"PLL_USB2_SET"                  @ string offset=3617
.Linfo_string201:
	.asciz	"PLL_USB2_CLR"                  @ string offset=3630
.Linfo_string202:
	.asciz	"PLL_USB2_TOG"                  @ string offset=3643
.Linfo_string203:
	.asciz	"PLL_SYS"                       @ string offset=3656
.Linfo_string204:
	.asciz	"PLL_SYS_SET"                   @ string offset=3664
.Linfo_string205:
	.asciz	"PLL_SYS_CLR"                   @ string offset=3676
.Linfo_string206:
	.asciz	"PLL_SYS_TOG"                   @ string offset=3688
.Linfo_string207:
	.asciz	"PLL_SYS_SS"                    @ string offset=3700
.Linfo_string208:
	.asciz	"RESERVED_0"                    @ string offset=3711
.Linfo_string209:
	.asciz	"PLL_SYS_NUM"                   @ string offset=3722
.Linfo_string210:
	.asciz	"RESERVED_1"                    @ string offset=3734
.Linfo_string211:
	.asciz	"PLL_SYS_DENOM"                 @ string offset=3745
.Linfo_string212:
	.asciz	"RESERVED_2"                    @ string offset=3759
.Linfo_string213:
	.asciz	"PLL_AUDIO"                     @ string offset=3770
.Linfo_string214:
	.asciz	"PLL_AUDIO_SET"                 @ string offset=3780
.Linfo_string215:
	.asciz	"PLL_AUDIO_CLR"                 @ string offset=3794
.Linfo_string216:
	.asciz	"PLL_AUDIO_TOG"                 @ string offset=3808
.Linfo_string217:
	.asciz	"PLL_AUDIO_NUM"                 @ string offset=3822
.Linfo_string218:
	.asciz	"RESERVED_3"                    @ string offset=3836
.Linfo_string219:
	.asciz	"PLL_AUDIO_DENOM"               @ string offset=3847
.Linfo_string220:
	.asciz	"RESERVED_4"                    @ string offset=3863
.Linfo_string221:
	.asciz	"PLL_VIDEO"                     @ string offset=3874
.Linfo_string222:
	.asciz	"PLL_VIDEO_SET"                 @ string offset=3884
.Linfo_string223:
	.asciz	"PLL_VIDEO_CLR"                 @ string offset=3898
.Linfo_string224:
	.asciz	"PLL_VIDEO_TOG"                 @ string offset=3912
.Linfo_string225:
	.asciz	"PLL_VIDEO_NUM"                 @ string offset=3926
.Linfo_string226:
	.asciz	"RESERVED_5"                    @ string offset=3940
.Linfo_string227:
	.asciz	"PLL_VIDEO_DENOM"               @ string offset=3951
.Linfo_string228:
	.asciz	"RESERVED_6"                    @ string offset=3967
.Linfo_string229:
	.asciz	"PLL_ENET"                      @ string offset=3978
.Linfo_string230:
	.asciz	"PLL_ENET_SET"                  @ string offset=3987
.Linfo_string231:
	.asciz	"PLL_ENET_CLR"                  @ string offset=4000
.Linfo_string232:
	.asciz	"PLL_ENET_TOG"                  @ string offset=4013
.Linfo_string233:
	.asciz	"PFD_480"                       @ string offset=4026
.Linfo_string234:
	.asciz	"PFD_480_SET"                   @ string offset=4034
.Linfo_string235:
	.asciz	"PFD_480_CLR"                   @ string offset=4046
.Linfo_string236:
	.asciz	"PFD_480_TOG"                   @ string offset=4058
.Linfo_string237:
	.asciz	"PFD_528"                       @ string offset=4070
.Linfo_string238:
	.asciz	"PFD_528_SET"                   @ string offset=4078
.Linfo_string239:
	.asciz	"PFD_528_CLR"                   @ string offset=4090
.Linfo_string240:
	.asciz	"PFD_528_TOG"                   @ string offset=4102
.Linfo_string241:
	.asciz	"RESERVED_7"                    @ string offset=4114
.Linfo_string242:
	.asciz	"MISC0"                         @ string offset=4125
.Linfo_string243:
	.asciz	"MISC0_SET"                     @ string offset=4131
.Linfo_string244:
	.asciz	"MISC0_CLR"                     @ string offset=4141
.Linfo_string245:
	.asciz	"MISC0_TOG"                     @ string offset=4151
.Linfo_string246:
	.asciz	"MISC1"                         @ string offset=4161
.Linfo_string247:
	.asciz	"MISC1_SET"                     @ string offset=4167
.Linfo_string248:
	.asciz	"MISC1_CLR"                     @ string offset=4177
.Linfo_string249:
	.asciz	"MISC1_TOG"                     @ string offset=4187
.Linfo_string250:
	.asciz	"MISC2"                         @ string offset=4197
.Linfo_string251:
	.asciz	"MISC2_SET"                     @ string offset=4203
.Linfo_string252:
	.asciz	"MISC2_CLR"                     @ string offset=4213
.Linfo_string253:
	.asciz	"MISC2_TOG"                     @ string offset=4223
.Linfo_string254:
	.asciz	"CCM_ANALOG_Type"               @ string offset=4233
.Linfo_string255:
	.asciz	"LOWPWR_CTRL"                   @ string offset=4249
.Linfo_string256:
	.asciz	"LOWPWR_CTRL_SET"               @ string offset=4261
.Linfo_string257:
	.asciz	"LOWPWR_CTRL_CLR"               @ string offset=4277
.Linfo_string258:
	.asciz	"LOWPWR_CTRL_TOG"               @ string offset=4293
.Linfo_string259:
	.asciz	"OSC_CONFIG0"                   @ string offset=4309
.Linfo_string260:
	.asciz	"OSC_CONFIG0_SET"               @ string offset=4321
.Linfo_string261:
	.asciz	"OSC_CONFIG0_CLR"               @ string offset=4337
.Linfo_string262:
	.asciz	"OSC_CONFIG0_TOG"               @ string offset=4353
.Linfo_string263:
	.asciz	"OSC_CONFIG1"                   @ string offset=4369
.Linfo_string264:
	.asciz	"OSC_CONFIG1_SET"               @ string offset=4381
.Linfo_string265:
	.asciz	"OSC_CONFIG1_CLR"               @ string offset=4397
.Linfo_string266:
	.asciz	"OSC_CONFIG1_TOG"               @ string offset=4413
.Linfo_string267:
	.asciz	"OSC_CONFIG2"                   @ string offset=4429
.Linfo_string268:
	.asciz	"OSC_CONFIG2_SET"               @ string offset=4441
.Linfo_string269:
	.asciz	"OSC_CONFIG2_CLR"               @ string offset=4457
.Linfo_string270:
	.asciz	"OSC_CONFIG2_TOG"               @ string offset=4473
.Linfo_string271:
	.asciz	"XTALOSC24M_Type"               @ string offset=4489
.Linfo_string272:
	.asciz	"CCR"                           @ string offset=4505
.Linfo_string273:
	.asciz	"CSR"                           @ string offset=4509
.Linfo_string274:
	.asciz	"CCSR"                          @ string offset=4513
.Linfo_string275:
	.asciz	"CACRR"                         @ string offset=4518
.Linfo_string276:
	.asciz	"CBCDR"                         @ string offset=4524
.Linfo_string277:
	.asciz	"CBCMR"                         @ string offset=4530
.Linfo_string278:
	.asciz	"CSCMR1"                        @ string offset=4536
.Linfo_string279:
	.asciz	"CSCMR2"                        @ string offset=4543
.Linfo_string280:
	.asciz	"CSCDR1"                        @ string offset=4550
.Linfo_string281:
	.asciz	"CS1CDR"                        @ string offset=4557
.Linfo_string282:
	.asciz	"CS2CDR"                        @ string offset=4564
.Linfo_string283:
	.asciz	"CDCDR"                         @ string offset=4571
.Linfo_string284:
	.asciz	"CSCDR2"                        @ string offset=4577
.Linfo_string285:
	.asciz	"CSCDR3"                        @ string offset=4584
.Linfo_string286:
	.asciz	"CDHIPR"                        @ string offset=4591
.Linfo_string287:
	.asciz	"CLPCR"                         @ string offset=4598
.Linfo_string288:
	.asciz	"CISR"                          @ string offset=4604
.Linfo_string289:
	.asciz	"CIMR"                          @ string offset=4609
.Linfo_string290:
	.asciz	"CCOSR"                         @ string offset=4614
.Linfo_string291:
	.asciz	"CGPR"                          @ string offset=4620
.Linfo_string292:
	.asciz	"CCGR0"                         @ string offset=4625
.Linfo_string293:
	.asciz	"CCGR1"                         @ string offset=4631
.Linfo_string294:
	.asciz	"CCGR2"                         @ string offset=4637
.Linfo_string295:
	.asciz	"CCGR3"                         @ string offset=4643
.Linfo_string296:
	.asciz	"CCGR4"                         @ string offset=4649
.Linfo_string297:
	.asciz	"CCGR5"                         @ string offset=4655
.Linfo_string298:
	.asciz	"CCGR6"                         @ string offset=4661
.Linfo_string299:
	.asciz	"CCGR7"                         @ string offset=4667
.Linfo_string300:
	.asciz	"CMEOR"                         @ string offset=4673
.Linfo_string301:
	.asciz	"CCM_Type"                      @ string offset=4679
.Linfo_string302:
	.asciz	"ID"                            @ string offset=4688
.Linfo_string303:
	.asciz	"HWGENERAL"                     @ string offset=4691
.Linfo_string304:
	.asciz	"HWHOST"                        @ string offset=4701
.Linfo_string305:
	.asciz	"HWDEVICE"                      @ string offset=4708
.Linfo_string306:
	.asciz	"HWTXBUF"                       @ string offset=4717
.Linfo_string307:
	.asciz	"HWRXBUF"                       @ string offset=4725
.Linfo_string308:
	.asciz	"GPTIMER0LD"                    @ string offset=4733
.Linfo_string309:
	.asciz	"GPTIMER0CTRL"                  @ string offset=4744
.Linfo_string310:
	.asciz	"GPTIMER1LD"                    @ string offset=4757
.Linfo_string311:
	.asciz	"GPTIMER1CTRL"                  @ string offset=4768
.Linfo_string312:
	.asciz	"SBUSCFG"                       @ string offset=4781
.Linfo_string313:
	.asciz	"CAPLENGTH"                     @ string offset=4789
.Linfo_string314:
	.asciz	"HCIVERSION"                    @ string offset=4799
.Linfo_string315:
	.asciz	"unsigned short"                @ string offset=4810
.Linfo_string316:
	.asciz	"uint16_t"                      @ string offset=4825
.Linfo_string317:
	.asciz	"HCSPARAMS"                     @ string offset=4834
.Linfo_string318:
	.asciz	"HCCPARAMS"                     @ string offset=4844
.Linfo_string319:
	.asciz	"DCIVERSION"                    @ string offset=4854
.Linfo_string320:
	.asciz	"DCCPARAMS"                     @ string offset=4865
.Linfo_string321:
	.asciz	"USBCMD"                        @ string offset=4875
.Linfo_string322:
	.asciz	"USBSTS"                        @ string offset=4882
.Linfo_string323:
	.asciz	"USBINTR"                       @ string offset=4889
.Linfo_string324:
	.asciz	"FRINDEX"                       @ string offset=4897
.Linfo_string325:
	.asciz	"DEVICEADDR"                    @ string offset=4905
.Linfo_string326:
	.asciz	"PERIODICLISTBASE"              @ string offset=4916
.Linfo_string327:
	.asciz	"ASYNCLISTADDR"                 @ string offset=4933
.Linfo_string328:
	.asciz	"ENDPTLISTADDR"                 @ string offset=4947
.Linfo_string329:
	.asciz	"BURSTSIZE"                     @ string offset=4961
.Linfo_string330:
	.asciz	"TXFILLTUNING"                  @ string offset=4971
.Linfo_string331:
	.asciz	"RESERVED_8"                    @ string offset=4984
.Linfo_string332:
	.asciz	"ENDPTNAK"                      @ string offset=4995
.Linfo_string333:
	.asciz	"ENDPTNAKEN"                    @ string offset=5004
.Linfo_string334:
	.asciz	"CONFIGFLAG"                    @ string offset=5015
.Linfo_string335:
	.asciz	"PORTSC1"                       @ string offset=5026
.Linfo_string336:
	.asciz	"RESERVED_9"                    @ string offset=5034
.Linfo_string337:
	.asciz	"OTGSC"                         @ string offset=5045
.Linfo_string338:
	.asciz	"USBMODE"                       @ string offset=5051
.Linfo_string339:
	.asciz	"ENDPTSETUPSTAT"                @ string offset=5059
.Linfo_string340:
	.asciz	"ENDPTPRIME"                    @ string offset=5074
.Linfo_string341:
	.asciz	"ENDPTFLUSH"                    @ string offset=5085
.Linfo_string342:
	.asciz	"ENDPTSTAT"                     @ string offset=5096
.Linfo_string343:
	.asciz	"ENDPTCOMPLETE"                 @ string offset=5106
.Linfo_string344:
	.asciz	"ENDPTCTRL0"                    @ string offset=5120
.Linfo_string345:
	.asciz	"ENDPTCTRL"                     @ string offset=5131
.Linfo_string346:
	.asciz	"USB_Type"                      @ string offset=5141
.Linfo_string347:
	.asciz	"REG_1P1"                       @ string offset=5150
.Linfo_string348:
	.asciz	"REG_1P1_SET"                   @ string offset=5158
.Linfo_string349:
	.asciz	"REG_1P1_CLR"                   @ string offset=5170
.Linfo_string350:
	.asciz	"REG_1P1_TOG"                   @ string offset=5182
.Linfo_string351:
	.asciz	"REG_3P0"                       @ string offset=5194
.Linfo_string352:
	.asciz	"REG_3P0_SET"                   @ string offset=5202
.Linfo_string353:
	.asciz	"REG_3P0_CLR"                   @ string offset=5214
.Linfo_string354:
	.asciz	"REG_3P0_TOG"                   @ string offset=5226
.Linfo_string355:
	.asciz	"REG_2P5"                       @ string offset=5238
.Linfo_string356:
	.asciz	"REG_2P5_SET"                   @ string offset=5246
.Linfo_string357:
	.asciz	"REG_2P5_CLR"                   @ string offset=5258
.Linfo_string358:
	.asciz	"REG_2P5_TOG"                   @ string offset=5270
.Linfo_string359:
	.asciz	"REG_CORE"                      @ string offset=5282
.Linfo_string360:
	.asciz	"REG_CORE_SET"                  @ string offset=5291
.Linfo_string361:
	.asciz	"REG_CORE_CLR"                  @ string offset=5304
.Linfo_string362:
	.asciz	"REG_CORE_TOG"                  @ string offset=5317
.Linfo_string363:
	.asciz	"PMU_Type"                      @ string offset=5330
.Linfo_string364:
	.asciz	"PWD"                           @ string offset=5339
.Linfo_string365:
	.asciz	"PWD_SET"                       @ string offset=5343
.Linfo_string366:
	.asciz	"PWD_CLR"                       @ string offset=5351
.Linfo_string367:
	.asciz	"PWD_TOG"                       @ string offset=5359
.Linfo_string368:
	.asciz	"TX"                            @ string offset=5367
.Linfo_string369:
	.asciz	"TX_SET"                        @ string offset=5370
.Linfo_string370:
	.asciz	"TX_CLR"                        @ string offset=5377
.Linfo_string371:
	.asciz	"TX_TOG"                        @ string offset=5384
.Linfo_string372:
	.asciz	"RX"                            @ string offset=5391
.Linfo_string373:
	.asciz	"RX_SET"                        @ string offset=5394
.Linfo_string374:
	.asciz	"RX_CLR"                        @ string offset=5401
.Linfo_string375:
	.asciz	"RX_TOG"                        @ string offset=5408
.Linfo_string376:
	.asciz	"CTRL"                          @ string offset=5415
.Linfo_string377:
	.asciz	"CTRL_SET"                      @ string offset=5420
.Linfo_string378:
	.asciz	"CTRL_CLR"                      @ string offset=5429
.Linfo_string379:
	.asciz	"CTRL_TOG"                      @ string offset=5438
.Linfo_string380:
	.asciz	"STATUS"                        @ string offset=5447
.Linfo_string381:
	.asciz	"DEBUGr"                        @ string offset=5454
.Linfo_string382:
	.asciz	"DEBUG_SET"                     @ string offset=5461
.Linfo_string383:
	.asciz	"DEBUG_CLR"                     @ string offset=5471
.Linfo_string384:
	.asciz	"DEBUG_TOG"                     @ string offset=5481
.Linfo_string385:
	.asciz	"DEBUG0_STATUS"                 @ string offset=5491
.Linfo_string386:
	.asciz	"DEBUG1"                        @ string offset=5505
.Linfo_string387:
	.asciz	"DEBUG1_SET"                    @ string offset=5512
.Linfo_string388:
	.asciz	"DEBUG1_CLR"                    @ string offset=5523
.Linfo_string389:
	.asciz	"DEBUG1_TOG"                    @ string offset=5534
.Linfo_string390:
	.asciz	"VERSION"                       @ string offset=5545
.Linfo_string391:
	.asciz	"USBPHY_Type"                   @ string offset=5553
.Linfo_string392:
	.asciz	"double"                        @ string offset=5565
.Linfo_string393:
	.asciz	"clock_64b_t"                   @ string offset=5572
.Linfo_string394:
	.asciz	"_Bool"                         @ string offset=5584
.Linfo_string395:
	.asciz	"CLOCK_InitExternalClk"         @ string offset=5590
.Linfo_string396:
	.asciz	"CLOCK_DeinitExternalClk"       @ string offset=5612
.Linfo_string397:
	.asciz	"CLOCK_SwitchOsc"               @ string offset=5636
.Linfo_string398:
	.asciz	"CLOCK_InitRcOsc24M"            @ string offset=5652
.Linfo_string399:
	.asciz	"CLOCK_DeinitRcOsc24M"          @ string offset=5671
.Linfo_string400:
	.asciz	"CLOCK_GetAhbFreq"              @ string offset=5692
.Linfo_string401:
	.asciz	"CLOCK_GetPeriphClkFreq"        @ string offset=5709
.Linfo_string402:
	.asciz	"CLOCK_GetSemcFreq"             @ string offset=5732
.Linfo_string403:
	.asciz	"CLOCK_GetUsb1PfdFreq"          @ string offset=5750
.Linfo_string404:
	.asciz	"CLOCK_GetSysPfdFreq"           @ string offset=5771
.Linfo_string405:
	.asciz	"CLOCK_GetIpgFreq"              @ string offset=5791
.Linfo_string406:
	.asciz	"CLOCK_GetPerClkFreq"           @ string offset=5808
.Linfo_string407:
	.asciz	"CLOCK_GetOscFreq"              @ string offset=5828
.Linfo_string408:
	.asciz	"CLOCK_GetFreq"                 @ string offset=5845
.Linfo_string409:
	.asciz	"CLOCK_GetRtcFreq"              @ string offset=5859
.Linfo_string410:
	.asciz	"CLOCK_GetPllFreq"              @ string offset=5876
.Linfo_string411:
	.asciz	"CLOCK_GetPllUsb1SWFreq"        @ string offset=5893
.Linfo_string412:
	.asciz	"CLOCK_GetClockRootFreq"        @ string offset=5916
.Linfo_string413:
	.asciz	"CLOCK_EnableUsbhs0Clock"       @ string offset=5939
.Linfo_string414:
	.asciz	"CLOCK_EnableUsbhs1Clock"       @ string offset=5963
.Linfo_string415:
	.asciz	"CLOCK_EnableUsbhs0PhyPllClock" @ string offset=5987
.Linfo_string416:
	.asciz	"CLOCK_InitUsb1Pll"             @ string offset=6017
.Linfo_string417:
	.asciz	"CLOCK_DisableUsbhs0PhyPllClock" @ string offset=6035
.Linfo_string418:
	.asciz	"CLOCK_InitArmPll"              @ string offset=6066
.Linfo_string419:
	.asciz	"CLOCK_DeinitArmPll"            @ string offset=6083
.Linfo_string420:
	.asciz	"CLOCK_InitSysPll"              @ string offset=6102
.Linfo_string421:
	.asciz	"CLOCK_DeinitSysPll"            @ string offset=6119
.Linfo_string422:
	.asciz	"CLOCK_DeinitUsb1Pll"           @ string offset=6138
.Linfo_string423:
	.asciz	"CLOCK_InitUsb2Pll"             @ string offset=6158
.Linfo_string424:
	.asciz	"CLOCK_DeinitUsb2Pll"           @ string offset=6176
.Linfo_string425:
	.asciz	"CLOCK_InitAudioPll"            @ string offset=6196
.Linfo_string426:
	.asciz	"CLOCK_DeinitAudioPll"          @ string offset=6215
.Linfo_string427:
	.asciz	"CLOCK_InitVideoPll"            @ string offset=6236
.Linfo_string428:
	.asciz	"CLOCK_DeinitVideoPll"          @ string offset=6255
.Linfo_string429:
	.asciz	"CLOCK_InitEnetPll"             @ string offset=6276
.Linfo_string430:
	.asciz	"CLOCK_DeinitEnetPll"           @ string offset=6294
.Linfo_string431:
	.asciz	"CLOCK_IsPllEnabled"            @ string offset=6314
.Linfo_string432:
	.asciz	"CLOCK_GetPllBypassRefClk"      @ string offset=6333
.Linfo_string433:
	.asciz	"CLOCK_IsPllBypassed"           @ string offset=6358
.Linfo_string434:
	.asciz	"CLOCK_InitSysPfd"              @ string offset=6378
.Linfo_string435:
	.asciz	"CLOCK_DeinitSysPfd"            @ string offset=6395
.Linfo_string436:
	.asciz	"CLOCK_IsSysPfdEnabled"         @ string offset=6414
.Linfo_string437:
	.asciz	"CLOCK_InitUsb1Pfd"             @ string offset=6436
.Linfo_string438:
	.asciz	"CLOCK_DeinitUsb1Pfd"           @ string offset=6454
.Linfo_string439:
	.asciz	"CLOCK_IsUsb1PfdEnabled"        @ string offset=6474
.Linfo_string440:
	.asciz	"CLOCK_EnableUsbhs1PhyPllClock" @ string offset=6497
.Linfo_string441:
	.asciz	"CLOCK_DisableUsbhs1PhyPllClock" @ string offset=6527
.Linfo_string442:
	.asciz	"CLOCK_SetClockOutput1"         @ string offset=6558
.Linfo_string443:
	.asciz	"CLOCK_SetClockOutput2"         @ string offset=6580
.Linfo_string444:
	.asciz	"CLOCK_GetClockOutCLKO1Freq"    @ string offset=6602
.Linfo_string445:
	.asciz	"CLOCK_GetClockOutClkO2Freq"    @ string offset=6629
.Linfo_string446:
	.asciz	"bypassXtalOsc"                 @ string offset=6656
.Linfo_string447:
	.asciz	"osc"                           @ string offset=6670
.Linfo_string448:
	.asciz	"clock_osc_t"                   @ string offset=6674
.Linfo_string449:
	.asciz	"freq"                          @ string offset=6686
.Linfo_string450:
	.asciz	"pfd"                           @ string offset=6691
.Linfo_string451:
	.asciz	"clock_pfd_t"                   @ string offset=6695
.Linfo_string452:
	.asciz	"name"                          @ string offset=6707
.Linfo_string453:
	.asciz	"pll"                           @ string offset=6712
.Linfo_string454:
	.asciz	"clock_pll_t"                   @ string offset=6716
.Linfo_string455:
	.asciz	"divSelect"                     @ string offset=6728
.Linfo_string456:
	.asciz	"freqTmp"                       @ string offset=6738
.Linfo_string457:
	.asciz	"clockRoot"                     @ string offset=6746
.Linfo_string458:
	.asciz	"clock_root_t"                  @ string offset=6756
.Linfo_string459:
	.asciz	"clockRootMuxTuple"             @ string offset=6769
.Linfo_string460:
	.asciz	"clockRootPreDivTuple"          @ string offset=6787
.Linfo_string461:
	.asciz	"clockRootPostDivTuple"         @ string offset=6808
.Linfo_string462:
	.asciz	"clockRootMuxValue"             @ string offset=6830
.Linfo_string463:
	.asciz	"clockSourceName"               @ string offset=6848
.Linfo_string464:
	.asciz	"clock_usb_src_t"               @ string offset=6864
.Linfo_string465:
	.asciz	"i"                             @ string offset=6880
.Linfo_string466:
	.asciz	"clock_usb_phy_src_t"           @ string offset=6882
.Linfo_string467:
	.asciz	"config"                        @ string offset=6902
.Linfo_string468:
	.asciz	"_clock_arm_pll_config"         @ string offset=6909
.Linfo_string469:
	.asciz	"clock_arm_pll_config_t"        @ string offset=6931
.Linfo_string470:
	.asciz	"numerator"                     @ string offset=6954
.Linfo_string471:
	.asciz	"denominator"                   @ string offset=6964
.Linfo_string472:
	.asciz	"ss_stop"                       @ string offset=6976
.Linfo_string473:
	.asciz	"ss_enable"                     @ string offset=6984
.Linfo_string474:
	.asciz	"ss_step"                       @ string offset=6994
.Linfo_string475:
	.asciz	"_clock_sys_pll_config"         @ string offset=7002
.Linfo_string476:
	.asciz	"clock_sys_pll_config_t"        @ string offset=7024
.Linfo_string477:
	.asciz	"postDivider"                   @ string offset=7047
.Linfo_string478:
	.asciz	"_clock_audio_pll_config"       @ string offset=7059
.Linfo_string479:
	.asciz	"clock_audio_pll_config_t"      @ string offset=7083
.Linfo_string480:
	.asciz	"pllAudio"                      @ string offset=7108
.Linfo_string481:
	.asciz	"misc2"                         @ string offset=7117
.Linfo_string482:
	.asciz	"_clock_video_pll_config"       @ string offset=7123
.Linfo_string483:
	.asciz	"clock_video_pll_config_t"      @ string offset=7147
.Linfo_string484:
	.asciz	"pllVideo"                      @ string offset=7172
.Linfo_string485:
	.asciz	"enableClkOutput"               @ string offset=7181
.Linfo_string486:
	.asciz	"enableClkOutput25M"            @ string offset=7197
.Linfo_string487:
	.asciz	"enableClkOutput1"              @ string offset=7216
.Linfo_string488:
	.asciz	"loopDivider1"                  @ string offset=7233
.Linfo_string489:
	.asciz	"_clock_enet_pll_config"        @ string offset=7246
.Linfo_string490:
	.asciz	"clock_enet_pll_config_t"       @ string offset=7269
.Linfo_string491:
	.asciz	"enet_pll"                      @ string offset=7293
.Linfo_string492:
	.asciz	"base"                          @ string offset=7302
.Linfo_string493:
	.asciz	"pfdFrac"                       @ string offset=7307
.Linfo_string494:
	.asciz	"pfdIndex"                      @ string offset=7315
.Linfo_string495:
	.asciz	"pfd528"                        @ string offset=7324
.Linfo_string496:
	.asciz	"pfd480"                        @ string offset=7331
.Linfo_string497:
	.asciz	"selection"                     @ string offset=7338
.Linfo_string498:
	.asciz	"clock_output1_selection_t"     @ string offset=7348
.Linfo_string499:
	.asciz	"divider"                       @ string offset=7374
.Linfo_string500:
	.asciz	"clock_output_divider_t"        @ string offset=7382
.Linfo_string501:
	.asciz	"tmp32"                         @ string offset=7405
.Linfo_string502:
	.asciz	"clock_output2_selection_t"     @ string offset=7411
	.ident	"Component: Arm Compiler for Embedded 6.19 Tool: armclang [5e73cb00]"
	.section	".note.GNU-stack","",%progbits
	.eabi_attribute	30, 6	@ Tag_ABI_optimization_goals
	.ARM_attribute	16, 1	@ Tag_AV_eba
	.section	.debug_line,"",%progbits
.Lline_table_start0:
