	.text
	.syntax unified
	.eabi_attribute	67, "2.09"	@ Tag_conformance
	.cpu	cortex-m7
	.eabi_attribute	6, 13	@ Tag_CPU_arch
	.eabi_attribute	7, 77	@ Tag_CPU_arch_profile
	.eabi_attribute	8, 0	@ Tag_ARM_ISA_use
	.eabi_attribute	9, 2	@ Tag_THUMB_ISA_use
	.fpu	fpv5-d16
	.eabi_attribute	36, 1	@ Tag_FP_HP_extension
	.eabi_attribute	34, 1	@ Tag_CPU_unaligned_access
	.eabi_attribute	17, 1	@ Tag_ABI_PCS_GOT_use
	.eabi_attribute	20, 2	@ Tag_ABI_FP_denormal
	.eabi_attribute	21, 0	@ Tag_ABI_FP_exceptions
	.eabi_attribute	23, 1	@ Tag_ABI_FP_number_model
	.eabi_attribute	24, 1	@ Tag_ABI_align_needed
	.eabi_attribute	25, 1	@ Tag_ABI_align_preserved
	.eabi_attribute	28, 1	@ Tag_ABI_VFP_args
	.eabi_attribute	38, 1	@ Tag_ABI_FP_16bit_format
	.eabi_attribute	18, 2	@ Tag_ABI_PCS_wchar_t
	.eabi_attribute	26, 1	@ Tag_ABI_enum_size
	.eabi_attribute	14, 0	@ Tag_ABI_PCS_R9_use
	.file	"fsl_cmp.c"
	.file	1 "E:\\FILE_SMART_CAR\\\346\231\272\350\203\275\350\247\206\350\247\211\\RT1064_Library-master\\RT1064_Library-master\\SeekFree_RT1064_Opensource_Library\\project\\mdk" "../../libraries/sdk/drives/fsl_cmp.c"
	.file	2 "E:\\FILE_SMART_CAR\\\346\231\272\350\203\275\350\247\206\350\247\211\\RT1064_Library-master\\RT1064_Library-master\\SeekFree_RT1064_Opensource_Library\\project\\mdk" "../../libraries/sdk/drives/fsl_clock.h"
	.file	3 "D:\\KEIL\\ARM\\ARMCLANG\\Bin\\..\\include" "stdint.h"
	.file	4 "E:\\FILE_SMART_CAR\\\346\231\272\350\203\275\350\247\206\350\247\211\\RT1064_Library-master\\RT1064_Library-master\\SeekFree_RT1064_Opensource_Library\\project\\mdk" "../../libraries/sdk/deceive/MIMXRT1064.h"
	.file	5 "E:\\FILE_SMART_CAR\\\346\231\272\350\203\275\350\247\206\350\247\211\\RT1064_Library-master\\RT1064_Library-master\\SeekFree_RT1064_Opensource_Library\\project\\mdk" "../../libraries/sdk/drives/fsl_cmp.h"
	.section	.text.CMP_Init,"ax",%progbits
	.hidden	CMP_Init                        @ -- Begin function CMP_Init
	.globl	CMP_Init
	.p2align	3
	.type	CMP_Init,%function
	.code	16                              @ @CMP_Init
	.thumb_func
CMP_Init:
.Lfunc_begin0:
	.loc	1 71 0                          @ ../../libraries/sdk/drives/fsl_cmp.c:71:0
	.fnstart
	.cfi_sections .debug_frame
	.cfi_startproc
@ %bb.0:
	.save	{r7, lr}
	push	{r7, lr}
	.cfi_def_cfa_offset 8
	.cfi_offset lr, -4
	.cfi_offset r7, -8
	.pad	#16
	sub	sp, #16
	.cfi_def_cfa_offset 24
	str	r0, [sp, #12]
	str	r1, [sp, #8]
.Ltmp0:
	.loc	1 72 5 prologue_end             @ ../../libraries/sdk/drives/fsl_cmp.c:72:5
	ldr	r0, [sp, #8]
	cbz	r0, .LBB0_2
	b	.LBB0_1
.LBB0_1:
	b	.LBB0_3
.LBB0_2:
	movw	r0, :lower16:.L.str
	movt	r0, :upper16:.L.str
	movw	r1, :lower16:.L.str.1
	movt	r1, :upper16:.L.str.1
	movs	r2, #72
	bl	__aeabi_assert
.LBB0_3:
	.loc	1 78 51                         @ ../../libraries/sdk/drives/fsl_cmp.c:78:51
	ldr	r0, [sp, #12]
	.loc	1 78 35 is_stmt 0               @ ../../libraries/sdk/drives/fsl_cmp.c:78:35
	bl	CMP_GetInstance
	mov	r1, r0
	.loc	1 78 23                         @ ../../libraries/sdk/drives/fsl_cmp.c:78:23
	movw	r0, :lower16:s_cmpClocks
	movt	r0, :upper16:s_cmpClocks
	ldrsh.w	r0, [r0, r1, lsl #1]
	.loc	1 78 5                          @ ../../libraries/sdk/drives/fsl_cmp.c:78:5
	bl	CLOCK_EnableClock
	.loc	1 82 16 is_stmt 1               @ ../../libraries/sdk/drives/fsl_cmp.c:82:16
	ldr	r0, [sp, #12]
	movs	r1, #0
	.loc	1 82 5 is_stmt 0                @ ../../libraries/sdk/drives/fsl_cmp.c:82:5
	bl	CMP_Enable
	.loc	1 84 22 is_stmt 1               @ ../../libraries/sdk/drives/fsl_cmp.c:84:22
	ldr	r0, [sp, #12]
	ldrb	r0, [r0, #1]
	.loc	1 84 32 is_stmt 0               @ ../../libraries/sdk/drives/fsl_cmp.c:84:32
	and	r0, r0, #225
	.loc	1 84 10                         @ ../../libraries/sdk/drives/fsl_cmp.c:84:10
	strb.w	r0, [sp, #7]
.Ltmp1:
	.loc	1 85 17 is_stmt 1               @ ../../libraries/sdk/drives/fsl_cmp.c:85:17
	ldr	r0, [sp, #8]
	.loc	1 85 25 is_stmt 0               @ ../../libraries/sdk/drives/fsl_cmp.c:85:25
	ldrb	r0, [r0, #2]
.Ltmp2:
	.loc	1 85 9                          @ ../../libraries/sdk/drives/fsl_cmp.c:85:9
	lsls	r0, r0, #31
	cbz	r0, .LBB0_5
	b	.LBB0_4
.LBB0_4:
.Ltmp3:
	.loc	1 87 14 is_stmt 1               @ ../../libraries/sdk/drives/fsl_cmp.c:87:14
	ldrb.w	r0, [sp, #7]
	orr	r0, r0, #16
	strb.w	r0, [sp, #7]
	.loc	1 88 5                          @ ../../libraries/sdk/drives/fsl_cmp.c:88:5
	b	.LBB0_5
.Ltmp4:
.LBB0_5:
	.loc	1 89 17                         @ ../../libraries/sdk/drives/fsl_cmp.c:89:17
	ldr	r0, [sp, #8]
	.loc	1 89 25 is_stmt 0               @ ../../libraries/sdk/drives/fsl_cmp.c:89:25
	ldrb	r0, [r0, #3]
.Ltmp5:
	.loc	1 89 9                          @ ../../libraries/sdk/drives/fsl_cmp.c:89:9
	lsls	r0, r0, #31
	cbz	r0, .LBB0_7
	b	.LBB0_6
.LBB0_6:
.Ltmp6:
	.loc	1 91 14 is_stmt 1               @ ../../libraries/sdk/drives/fsl_cmp.c:91:14
	ldrb.w	r0, [sp, #7]
	orr	r0, r0, #8
	strb.w	r0, [sp, #7]
	.loc	1 92 5                          @ ../../libraries/sdk/drives/fsl_cmp.c:92:5
	b	.LBB0_7
.Ltmp7:
.LBB0_7:
	.loc	1 93 17                         @ ../../libraries/sdk/drives/fsl_cmp.c:93:17
	ldr	r0, [sp, #8]
	.loc	1 93 25 is_stmt 0               @ ../../libraries/sdk/drives/fsl_cmp.c:93:25
	ldrb	r0, [r0, #4]
.Ltmp8:
	.loc	1 93 9                          @ ../../libraries/sdk/drives/fsl_cmp.c:93:9
	lsls	r0, r0, #31
	cbz	r0, .LBB0_9
	b	.LBB0_8
.LBB0_8:
.Ltmp9:
	.loc	1 95 14 is_stmt 1               @ ../../libraries/sdk/drives/fsl_cmp.c:95:14
	ldrb.w	r0, [sp, #7]
	orr	r0, r0, #4
	strb.w	r0, [sp, #7]
	.loc	1 96 5                          @ ../../libraries/sdk/drives/fsl_cmp.c:96:5
	b	.LBB0_9
.Ltmp10:
.LBB0_9:
	.loc	1 97 17                         @ ../../libraries/sdk/drives/fsl_cmp.c:97:17
	ldr	r0, [sp, #8]
	.loc	1 97 25 is_stmt 0               @ ../../libraries/sdk/drives/fsl_cmp.c:97:25
	ldrb	r0, [r0, #5]
.Ltmp11:
	.loc	1 97 9                          @ ../../libraries/sdk/drives/fsl_cmp.c:97:9
	lsls	r0, r0, #31
	cbz	r0, .LBB0_11
	b	.LBB0_10
.LBB0_10:
.Ltmp12:
	.loc	1 99 14 is_stmt 1               @ ../../libraries/sdk/drives/fsl_cmp.c:99:14
	ldrb.w	r0, [sp, #7]
	orr	r0, r0, #2
	strb.w	r0, [sp, #7]
	.loc	1 100 5                         @ ../../libraries/sdk/drives/fsl_cmp.c:100:5
	b	.LBB0_11
.Ltmp13:
.LBB0_11:
	.loc	1 111 17                        @ ../../libraries/sdk/drives/fsl_cmp.c:111:17
	ldrb.w	r0, [sp, #7]
	.loc	1 111 5 is_stmt 0               @ ../../libraries/sdk/drives/fsl_cmp.c:111:5
	ldr	r1, [sp, #12]
	.loc	1 111 15                        @ ../../libraries/sdk/drives/fsl_cmp.c:111:15
	strb	r0, [r1, #1]
	.loc	1 114 12 is_stmt 1              @ ../../libraries/sdk/drives/fsl_cmp.c:114:12
	ldr	r0, [sp, #12]
	ldrb	r0, [r0]
	.loc	1 114 22 is_stmt 0              @ ../../libraries/sdk/drives/fsl_cmp.c:114:22
	and	r0, r0, #252
	.loc	1 114 10                        @ ../../libraries/sdk/drives/fsl_cmp.c:114:10
	strb.w	r0, [sp, #7]
	.loc	1 115 13 is_stmt 1              @ ../../libraries/sdk/drives/fsl_cmp.c:115:13
	ldr	r0, [sp, #8]
	ldrb	r0, [r0, #1]
	and	r1, r0, #3
	.loc	1 115 10 is_stmt 0              @ ../../libraries/sdk/drives/fsl_cmp.c:115:10
	ldrb.w	r0, [sp, #7]
	orrs	r0, r1
	strb.w	r0, [sp, #7]
	.loc	1 116 17 is_stmt 1              @ ../../libraries/sdk/drives/fsl_cmp.c:116:17
	ldrb.w	r0, [sp, #7]
	.loc	1 116 5 is_stmt 0               @ ../../libraries/sdk/drives/fsl_cmp.c:116:5
	ldr	r1, [sp, #12]
	.loc	1 116 15                        @ ../../libraries/sdk/drives/fsl_cmp.c:116:15
	strb	r0, [r1]
	.loc	1 118 16 is_stmt 1              @ ../../libraries/sdk/drives/fsl_cmp.c:118:16
	ldr	r0, [sp, #12]
	.loc	1 118 22 is_stmt 0              @ ../../libraries/sdk/drives/fsl_cmp.c:118:22
	ldr	r1, [sp, #8]
	.loc	1 118 5                         @ ../../libraries/sdk/drives/fsl_cmp.c:118:5
	ldrb	r1, [r1]
	and	r1, r1, #1
	bl	CMP_Enable
	.loc	1 119 1 is_stmt 1               @ ../../libraries/sdk/drives/fsl_cmp.c:119:1
	add	sp, #16
	pop	{r7, pc}
.Ltmp14:
.Lfunc_end0:
	.size	CMP_Init, .Lfunc_end0-CMP_Init
	.cfi_endproc
	.cantunwind
	.fnend
                                        @ -- End function
	.section	.text.CLOCK_EnableClock,"ax",%progbits
	.p2align	3                               @ -- Begin function CLOCK_EnableClock
	.type	CLOCK_EnableClock,%function
	.code	16                              @ @CLOCK_EnableClock
	.thumb_func
CLOCK_EnableClock:
.Lfunc_begin1:
	.loc	2 1515 0                        @ ../../libraries/sdk/drives/fsl_clock.h:1515:0
	.fnstart
	.cfi_startproc
@ %bb.0:
	.save	{r7, lr}
	push	{r7, lr}
	.cfi_def_cfa_offset 8
	.cfi_offset lr, -4
	.cfi_offset r7, -8
	.pad	#8
	sub	sp, #8
	.cfi_def_cfa_offset 16
                                        @ kill: def $r1 killed $r0
	strh.w	r0, [sp, #6]
.Ltmp15:
	.loc	2 1516 23 prologue_end          @ ../../libraries/sdk/drives/fsl_clock.h:1516:23
	ldrsh.w	r0, [sp, #6]
	movs	r1, #3
	.loc	2 1516 5 is_stmt 0              @ ../../libraries/sdk/drives/fsl_clock.h:1516:5
	bl	CLOCK_ControlGate
	.loc	2 1517 1 is_stmt 1              @ ../../libraries/sdk/drives/fsl_clock.h:1517:1
	add	sp, #8
	pop	{r7, pc}
.Ltmp16:
.Lfunc_end1:
	.size	CLOCK_EnableClock, .Lfunc_end1-CLOCK_EnableClock
	.cfi_endproc
	.cantunwind
	.fnend
                                        @ -- End function
	.section	.text.CMP_GetInstance,"ax",%progbits
	.p2align	3                               @ -- Begin function CMP_GetInstance
	.type	CMP_GetInstance,%function
	.code	16                              @ @CMP_GetInstance
	.thumb_func
CMP_GetInstance:
.Lfunc_begin2:
	.loc	1 40 0                          @ ../../libraries/sdk/drives/fsl_cmp.c:40:0
	.fnstart
	.cfi_startproc
@ %bb.0:
	.pad	#8
	sub	sp, #8
	.cfi_def_cfa_offset 8
	str	r0, [sp, #4]
	movs	r0, #0
.Ltmp17:
	.loc	1 44 19 prologue_end            @ ../../libraries/sdk/drives/fsl_cmp.c:44:19
	str	r0, [sp]
	.loc	1 44 10 is_stmt 0               @ ../../libraries/sdk/drives/fsl_cmp.c:44:10
	b	.LBB2_1
.LBB2_1:                                @ =>This Inner Loop Header: Depth=1
.Ltmp18:
	.loc	1 44 24                         @ ../../libraries/sdk/drives/fsl_cmp.c:44:24
	ldr	r0, [sp]
.Ltmp19:
	.loc	1 44 5                          @ ../../libraries/sdk/drives/fsl_cmp.c:44:5
	cmp	r0, #4
	bhi	.LBB2_6
	b	.LBB2_2
.LBB2_2:                                @   in Loop: Header=BB2_1 Depth=1
.Ltmp20:
	.loc	1 46 24 is_stmt 1               @ ../../libraries/sdk/drives/fsl_cmp.c:46:24
	ldr	r1, [sp]
	.loc	1 46 13 is_stmt 0               @ ../../libraries/sdk/drives/fsl_cmp.c:46:13
	movw	r0, :lower16:s_cmpBases
	movt	r0, :upper16:s_cmpBases
	ldr.w	r0, [r0, r1, lsl #2]
	.loc	1 46 37                         @ ../../libraries/sdk/drives/fsl_cmp.c:46:37
	ldr	r1, [sp, #4]
.Ltmp21:
	.loc	1 46 13                         @ ../../libraries/sdk/drives/fsl_cmp.c:46:13
	cmp	r0, r1
	bne	.LBB2_4
	b	.LBB2_3
.LBB2_3:
.Ltmp22:
	.loc	1 48 13 is_stmt 1               @ ../../libraries/sdk/drives/fsl_cmp.c:48:13
	b	.LBB2_6
.Ltmp23:
.LBB2_4:                                @   in Loop: Header=BB2_1 Depth=1
	.loc	1 50 5                          @ ../../libraries/sdk/drives/fsl_cmp.c:50:5
	b	.LBB2_5
.Ltmp24:
.LBB2_5:                                @   in Loop: Header=BB2_1 Depth=1
	.loc	1 44 67                         @ ../../libraries/sdk/drives/fsl_cmp.c:44:67
	ldr	r0, [sp]
	adds	r0, #1
	str	r0, [sp]
	.loc	1 44 5 is_stmt 0                @ ../../libraries/sdk/drives/fsl_cmp.c:44:5
	b	.LBB2_1
.Ltmp25:
.LBB2_6:
	.loc	1 52 5 is_stmt 1                @ ../../libraries/sdk/drives/fsl_cmp.c:52:5
	ldr	r0, [sp]
	cmp	r0, #4
	bhi	.LBB2_8
	b	.LBB2_7
.LBB2_7:
	b	.LBB2_9
.LBB2_8:
	movw	r0, :lower16:.L.str.4
	movt	r0, :upper16:.L.str.4
	movw	r1, :lower16:.L.str.1
	movt	r1, :upper16:.L.str.1
	movs	r2, #52
	bl	__aeabi_assert
.LBB2_9:
	ldr	r0, [sp]
	.loc	1 54 5                          @ ../../libraries/sdk/drives/fsl_cmp.c:54:5
	add	sp, #8
	bx	lr
.Ltmp26:
.Lfunc_end2:
	.size	CMP_GetInstance, .Lfunc_end2-CMP_GetInstance
	.cfi_endproc
	.cantunwind
	.fnend
                                        @ -- End function
	.section	.text.CMP_Enable,"ax",%progbits
	.p2align	3                               @ -- Begin function CMP_Enable
	.type	CMP_Enable,%function
	.code	16                              @ @CMP_Enable
	.thumb_func
CMP_Enable:
.Lfunc_begin3:
	.loc	5 155 0                         @ ../../libraries/sdk/drives/fsl_cmp.h:155:0
	.fnstart
	.cfi_startproc
@ %bb.0:
	.pad	#8
	sub	sp, #8
	.cfi_def_cfa_offset 8
                                        @ kill: def $r2 killed $r1
	str	r0, [sp, #4]
	strb.w	r1, [sp, #3]
.Ltmp27:
	.loc	5 156 9 prologue_end            @ ../../libraries/sdk/drives/fsl_cmp.h:156:9
	ldrb.w	r0, [sp, #3]
.Ltmp28:
	.loc	5 156 9 is_stmt 0               @ ../../libraries/sdk/drives/fsl_cmp.h:156:9
	lsls	r0, r0, #31
	cbz	r0, .LBB3_2
	b	.LBB3_1
.LBB3_1:
.Ltmp29:
	.loc	5 158 9 is_stmt 1               @ ../../libraries/sdk/drives/fsl_cmp.h:158:9
	ldr	r1, [sp, #4]
	.loc	5 158 19 is_stmt 0              @ ../../libraries/sdk/drives/fsl_cmp.h:158:19
	ldrb	r0, [r1, #1]
	orr	r0, r0, #1
	strb	r0, [r1, #1]
	.loc	5 159 5 is_stmt 1               @ ../../libraries/sdk/drives/fsl_cmp.h:159:5
	b	.LBB3_3
.Ltmp30:
.LBB3_2:
	.loc	5 162 9                         @ ../../libraries/sdk/drives/fsl_cmp.h:162:9
	ldr	r1, [sp, #4]
	.loc	5 162 19 is_stmt 0              @ ../../libraries/sdk/drives/fsl_cmp.h:162:19
	ldrb	r0, [r1, #1]
	and	r0, r0, #254
	strb	r0, [r1, #1]
	b	.LBB3_3
.Ltmp31:
.LBB3_3:
	.loc	5 164 1 is_stmt 1               @ ../../libraries/sdk/drives/fsl_cmp.h:164:1
	add	sp, #8
	bx	lr
.Ltmp32:
.Lfunc_end3:
	.size	CMP_Enable, .Lfunc_end3-CMP_Enable
	.cfi_endproc
	.cantunwind
	.fnend
                                        @ -- End function
	.section	.text.CMP_Deinit,"ax",%progbits
	.hidden	CMP_Deinit                      @ -- Begin function CMP_Deinit
	.globl	CMP_Deinit
	.p2align	3
	.type	CMP_Deinit,%function
	.code	16                              @ @CMP_Deinit
	.thumb_func
CMP_Deinit:
.Lfunc_begin4:
	.loc	1 135 0                         @ ../../libraries/sdk/drives/fsl_cmp.c:135:0
	.fnstart
	.cfi_startproc
@ %bb.0:
	.save	{r7, lr}
	push	{r7, lr}
	.cfi_def_cfa_offset 8
	.cfi_offset lr, -4
	.cfi_offset r7, -8
	.pad	#8
	sub	sp, #8
	.cfi_def_cfa_offset 16
	str	r0, [sp, #4]
.Ltmp33:
	.loc	1 137 16 prologue_end           @ ../../libraries/sdk/drives/fsl_cmp.c:137:16
	ldr	r0, [sp, #4]
	movs	r1, #0
	.loc	1 137 5 is_stmt 0               @ ../../libraries/sdk/drives/fsl_cmp.c:137:5
	bl	CMP_Enable
	.loc	1 141 52 is_stmt 1              @ ../../libraries/sdk/drives/fsl_cmp.c:141:52
	ldr	r0, [sp, #4]
	.loc	1 141 36 is_stmt 0              @ ../../libraries/sdk/drives/fsl_cmp.c:141:36
	bl	CMP_GetInstance
	mov	r1, r0
	.loc	1 141 24                        @ ../../libraries/sdk/drives/fsl_cmp.c:141:24
	movw	r0, :lower16:s_cmpClocks
	movt	r0, :upper16:s_cmpClocks
	ldrsh.w	r0, [r0, r1, lsl #1]
	.loc	1 141 5                         @ ../../libraries/sdk/drives/fsl_cmp.c:141:5
	bl	CLOCK_DisableClock
	.loc	1 143 1 is_stmt 1               @ ../../libraries/sdk/drives/fsl_cmp.c:143:1
	add	sp, #8
	pop	{r7, pc}
.Ltmp34:
.Lfunc_end4:
	.size	CMP_Deinit, .Lfunc_end4-CMP_Deinit
	.cfi_endproc
	.cantunwind
	.fnend
                                        @ -- End function
	.section	.text.CLOCK_DisableClock,"ax",%progbits
	.p2align	3                               @ -- Begin function CLOCK_DisableClock
	.type	CLOCK_DisableClock,%function
	.code	16                              @ @CLOCK_DisableClock
	.thumb_func
CLOCK_DisableClock:
.Lfunc_begin5:
	.loc	2 1525 0                        @ ../../libraries/sdk/drives/fsl_clock.h:1525:0
	.fnstart
	.cfi_startproc
@ %bb.0:
	.save	{r7, lr}
	push	{r7, lr}
	.cfi_def_cfa_offset 8
	.cfi_offset lr, -4
	.cfi_offset r7, -8
	.pad	#8
	sub	sp, #8
	.cfi_def_cfa_offset 16
                                        @ kill: def $r1 killed $r0
	strh.w	r0, [sp, #6]
.Ltmp35:
	.loc	2 1526 23 prologue_end          @ ../../libraries/sdk/drives/fsl_clock.h:1526:23
	ldrsh.w	r0, [sp, #6]
	movs	r1, #0
	.loc	2 1526 5 is_stmt 0              @ ../../libraries/sdk/drives/fsl_clock.h:1526:5
	bl	CLOCK_ControlGate
	.loc	2 1527 1 is_stmt 1              @ ../../libraries/sdk/drives/fsl_clock.h:1527:1
	add	sp, #8
	pop	{r7, pc}
.Ltmp36:
.Lfunc_end5:
	.size	CLOCK_DisableClock, .Lfunc_end5-CLOCK_DisableClock
	.cfi_endproc
	.cantunwind
	.fnend
                                        @ -- End function
	.section	.text.CMP_GetDefaultConfig,"ax",%progbits
	.hidden	CMP_GetDefaultConfig            @ -- Begin function CMP_GetDefaultConfig
	.globl	CMP_GetDefaultConfig
	.p2align	3
	.type	CMP_GetDefaultConfig,%function
	.code	16                              @ @CMP_GetDefaultConfig
	.thumb_func
CMP_GetDefaultConfig:
.Lfunc_begin6:
	.loc	1 161 0                         @ ../../libraries/sdk/drives/fsl_cmp.c:161:0
	.fnstart
	.cfi_startproc
@ %bb.0:
	.save	{r7, lr}
	push	{r7, lr}
	.cfi_def_cfa_offset 8
	.cfi_offset lr, -4
	.cfi_offset r7, -8
	.pad	#8
	sub	sp, #8
	.cfi_def_cfa_offset 16
	str	r0, [sp, #4]
.Ltmp37:
	.loc	1 162 5 prologue_end            @ ../../libraries/sdk/drives/fsl_cmp.c:162:5
	ldr	r0, [sp, #4]
	cbz	r0, .LBB6_2
	b	.LBB6_1
.LBB6_1:
	b	.LBB6_3
.LBB6_2:
	movw	r0, :lower16:.L.str
	movt	r0, :upper16:.L.str
	movw	r1, :lower16:.L.str.1
	movt	r1, :upper16:.L.str.1
	movs	r2, #162
	bl	__aeabi_assert
.LBB6_3:
	ldr	r0, [sp, #4]
	movs	r1, #0
	str	r1, [sp]                        @ 4-byte Spill
	movs	r2, #6
	.loc	1 165 11                        @ ../../libraries/sdk/drives/fsl_cmp.c:165:11
	bl	memset
                                        @ kill: def $r1 killed $r0
	.loc	1 167 5                         @ ../../libraries/sdk/drives/fsl_cmp.c:167:5
	ldr	r0, [sp]                        @ 4-byte Reload
	ldr	r2, [sp, #4]
	movs	r1, #1
	.loc	1 167 33 is_stmt 0              @ ../../libraries/sdk/drives/fsl_cmp.c:167:33
	strb	r1, [r2]
	.loc	1 168 5 is_stmt 1               @ ../../libraries/sdk/drives/fsl_cmp.c:168:5
	ldr	r1, [sp, #4]
	.loc	1 168 33 is_stmt 0              @ ../../libraries/sdk/drives/fsl_cmp.c:168:33
	strb	r0, [r1, #1]
	.loc	1 169 5 is_stmt 1               @ ../../libraries/sdk/drives/fsl_cmp.c:169:5
	ldr	r1, [sp, #4]
	.loc	1 169 33 is_stmt 0              @ ../../libraries/sdk/drives/fsl_cmp.c:169:33
	strb	r0, [r1, #2]
	.loc	1 170 5 is_stmt 1               @ ../../libraries/sdk/drives/fsl_cmp.c:170:5
	ldr	r1, [sp, #4]
	.loc	1 170 33 is_stmt 0              @ ../../libraries/sdk/drives/fsl_cmp.c:170:33
	strb	r0, [r1, #3]
	.loc	1 171 5 is_stmt 1               @ ../../libraries/sdk/drives/fsl_cmp.c:171:5
	ldr	r1, [sp, #4]
	.loc	1 171 33 is_stmt 0              @ ../../libraries/sdk/drives/fsl_cmp.c:171:33
	strb	r0, [r1, #4]
	.loc	1 172 5 is_stmt 1               @ ../../libraries/sdk/drives/fsl_cmp.c:172:5
	ldr	r1, [sp, #4]
	.loc	1 172 33 is_stmt 0              @ ../../libraries/sdk/drives/fsl_cmp.c:172:33
	strb	r0, [r1, #5]
	.loc	1 176 1 is_stmt 1               @ ../../libraries/sdk/drives/fsl_cmp.c:176:1
	add	sp, #8
	pop	{r7, pc}
.Ltmp38:
.Lfunc_end6:
	.size	CMP_GetDefaultConfig, .Lfunc_end6-CMP_GetDefaultConfig
	.cfi_endproc
	.cantunwind
	.fnend
                                        @ -- End function
	.section	.text.CMP_SetInputChannels,"ax",%progbits
	.hidden	CMP_SetInputChannels            @ -- Begin function CMP_SetInputChannels
	.globl	CMP_SetInputChannels
	.p2align	3
	.type	CMP_SetInputChannels,%function
	.code	16                              @ @CMP_SetInputChannels
	.thumb_func
CMP_SetInputChannels:
.Lfunc_begin7:
	.loc	1 190 0                         @ ../../libraries/sdk/drives/fsl_cmp.c:190:0
	.fnstart
	.cfi_startproc
@ %bb.0:
	.pad	#8
	sub	sp, #8
	.cfi_def_cfa_offset 8
                                        @ kill: def $r3 killed $r2
                                        @ kill: def $r3 killed $r1
	str	r0, [sp, #4]
	strb.w	r1, [sp, #3]
	strb.w	r2, [sp, #2]
.Ltmp39:
	.loc	1 191 20 prologue_end           @ ../../libraries/sdk/drives/fsl_cmp.c:191:20
	ldr	r0, [sp, #4]
	.loc	1 191 26 is_stmt 0              @ ../../libraries/sdk/drives/fsl_cmp.c:191:26
	ldrb	r0, [r0, #5]
	.loc	1 191 13                        @ ../../libraries/sdk/drives/fsl_cmp.c:191:13
	strb.w	r0, [sp, #1]
	.loc	1 193 10 is_stmt 1              @ ../../libraries/sdk/drives/fsl_cmp.c:193:10
	ldrb.w	r0, [sp, #1]
	and	r0, r0, #192
	strb.w	r0, [sp, #1]
	.loc	1 194 13                        @ ../../libraries/sdk/drives/fsl_cmp.c:194:13
	ldrb.w	r0, [sp, #3]
	.loc	1 194 47 is_stmt 0              @ ../../libraries/sdk/drives/fsl_cmp.c:194:47
	ldrb.w	r1, [sp, #2]
	and	r1, r1, #7
	.loc	1 194 45                        @ ../../libraries/sdk/drives/fsl_cmp.c:194:45
	bfi	r1, r0, #3, #3
	.loc	1 194 10                        @ ../../libraries/sdk/drives/fsl_cmp.c:194:10
	ldrb.w	r0, [sp, #1]
	orrs	r0, r1
	strb.w	r0, [sp, #1]
	.loc	1 195 19 is_stmt 1              @ ../../libraries/sdk/drives/fsl_cmp.c:195:19
	ldrb.w	r0, [sp, #1]
	.loc	1 195 5 is_stmt 0               @ ../../libraries/sdk/drives/fsl_cmp.c:195:5
	ldr	r1, [sp, #4]
	.loc	1 195 17                        @ ../../libraries/sdk/drives/fsl_cmp.c:195:17
	strb	r0, [r1, #5]
	.loc	1 196 1 is_stmt 1               @ ../../libraries/sdk/drives/fsl_cmp.c:196:1
	add	sp, #8
	bx	lr
.Ltmp40:
.Lfunc_end7:
	.size	CMP_SetInputChannels, .Lfunc_end7-CMP_SetInputChannels
	.cfi_endproc
	.cantunwind
	.fnend
                                        @ -- End function
	.section	.text.CMP_EnableDMA,"ax",%progbits
	.hidden	CMP_EnableDMA                   @ -- Begin function CMP_EnableDMA
	.globl	CMP_EnableDMA
	.p2align	3
	.type	CMP_EnableDMA,%function
	.code	16                              @ @CMP_EnableDMA
	.thumb_func
CMP_EnableDMA:
.Lfunc_begin8:
	.loc	1 211 0                         @ ../../libraries/sdk/drives/fsl_cmp.c:211:0
	.fnstart
	.cfi_startproc
@ %bb.0:
	.pad	#8
	sub	sp, #8
	.cfi_def_cfa_offset 8
                                        @ kill: def $r2 killed $r1
	str	r0, [sp, #4]
	strb.w	r1, [sp, #3]
.Ltmp41:
	.loc	1 212 30 prologue_end           @ ../../libraries/sdk/drives/fsl_cmp.c:212:30
	ldr	r0, [sp, #4]
	ldrb	r0, [r0, #3]
	.loc	1 212 40 is_stmt 0              @ ../../libraries/sdk/drives/fsl_cmp.c:212:40
	and	r0, r0, #249
	.loc	1 212 13                        @ ../../libraries/sdk/drives/fsl_cmp.c:212:13
	strb.w	r0, [sp, #2]
.Ltmp42:
	.loc	1 214 9 is_stmt 1               @ ../../libraries/sdk/drives/fsl_cmp.c:214:9
	ldrb.w	r0, [sp, #3]
.Ltmp43:
	.loc	1 214 9 is_stmt 0               @ ../../libraries/sdk/drives/fsl_cmp.c:214:9
	lsls	r0, r0, #31
	cbz	r0, .LBB8_2
	b	.LBB8_1
.LBB8_1:
.Ltmp44:
	.loc	1 216 14 is_stmt 1              @ ../../libraries/sdk/drives/fsl_cmp.c:216:14
	ldrb.w	r0, [sp, #2]
	orr	r0, r0, #64
	strb.w	r0, [sp, #2]
	.loc	1 217 5                         @ ../../libraries/sdk/drives/fsl_cmp.c:217:5
	b	.LBB8_3
.Ltmp45:
.LBB8_2:
	.loc	1 220 14                        @ ../../libraries/sdk/drives/fsl_cmp.c:220:14
	ldrb.w	r0, [sp, #2]
	and	r0, r0, #191
	strb.w	r0, [sp, #2]
	b	.LBB8_3
.Ltmp46:
.LBB8_3:
	.loc	1 222 17                        @ ../../libraries/sdk/drives/fsl_cmp.c:222:17
	ldrb.w	r0, [sp, #2]
	.loc	1 222 5 is_stmt 0               @ ../../libraries/sdk/drives/fsl_cmp.c:222:5
	ldr	r1, [sp, #4]
	.loc	1 222 15                        @ ../../libraries/sdk/drives/fsl_cmp.c:222:15
	strb	r0, [r1, #3]
	.loc	1 223 1 is_stmt 1               @ ../../libraries/sdk/drives/fsl_cmp.c:223:1
	add	sp, #8
	bx	lr
.Ltmp47:
.Lfunc_end8:
	.size	CMP_EnableDMA, .Lfunc_end8-CMP_EnableDMA
	.cfi_endproc
	.cantunwind
	.fnend
                                        @ -- End function
	.section	.text.CMP_SetFilterConfig,"ax",%progbits
	.hidden	CMP_SetFilterConfig             @ -- Begin function CMP_SetFilterConfig
	.globl	CMP_SetFilterConfig
	.p2align	3
	.type	CMP_SetFilterConfig,%function
	.code	16                              @ @CMP_SetFilterConfig
	.thumb_func
CMP_SetFilterConfig:
.Lfunc_begin9:
	.loc	1 233 0                         @ ../../libraries/sdk/drives/fsl_cmp.c:233:0
	.fnstart
	.cfi_startproc
@ %bb.0:
	.pad	#16
	sub	sp, #16
	.cfi_def_cfa_offset 16
	str	r0, [sp, #12]
	str	r1, [sp, #8]
.Ltmp48:
	.loc	1 234 5 prologue_end            @ ../../libraries/sdk/drives/fsl_cmp.c:234:5
	ldr	r0, [sp, #8]
	cbz	r0, .LBB9_2
	b	.LBB9_1
.LBB9_1:
	b	.LBB9_3
.LBB9_2:
	movw	r0, :lower16:.L.str
	movt	r0, :upper16:.L.str
	movw	r1, :lower16:.L.str.1
	movt	r1, :upper16:.L.str.1
	movs	r2, #234
	bl	__aeabi_assert
.LBB9_3:
	ldr	r0, [sp, #8]
.Ltmp49:
	.loc	1 240 17                        @ ../../libraries/sdk/drives/fsl_cmp.c:240:17
	ldrb	r0, [r0]
.Ltmp50:
	.loc	1 240 9 is_stmt 0               @ ../../libraries/sdk/drives/fsl_cmp.c:240:9
	lsls	r0, r0, #31
	cbz	r0, .LBB9_5
	b	.LBB9_4
.LBB9_4:
.Ltmp51:
	.loc	1 242 9 is_stmt 1               @ ../../libraries/sdk/drives/fsl_cmp.c:242:9
	ldr	r1, [sp, #12]
	.loc	1 242 19 is_stmt 0              @ ../../libraries/sdk/drives/fsl_cmp.c:242:19
	ldrb	r0, [r1, #1]
	orr	r0, r0, #128
	strb	r0, [r1, #1]
	.loc	1 243 5 is_stmt 1               @ ../../libraries/sdk/drives/fsl_cmp.c:243:5
	b	.LBB9_6
.Ltmp52:
.LBB9_5:
	.loc	1 246 9                         @ ../../libraries/sdk/drives/fsl_cmp.c:246:9
	ldr	r1, [sp, #12]
	.loc	1 246 19 is_stmt 0              @ ../../libraries/sdk/drives/fsl_cmp.c:246:19
	ldrb	r0, [r1, #1]
	and	r0, r0, #127
	strb	r0, [r1, #1]
	b	.LBB9_6
.Ltmp53:
.LBB9_6:
	.loc	1 250 22 is_stmt 1              @ ../../libraries/sdk/drives/fsl_cmp.c:250:22
	ldr	r0, [sp, #12]
	ldrb	r0, [r0]
	.loc	1 250 32 is_stmt 0              @ ../../libraries/sdk/drives/fsl_cmp.c:250:32
	and	r0, r0, #143
	.loc	1 250 10                        @ ../../libraries/sdk/drives/fsl_cmp.c:250:10
	strb.w	r0, [sp, #7]
	.loc	1 251 13 is_stmt 1              @ ../../libraries/sdk/drives/fsl_cmp.c:251:13
	ldr	r0, [sp, #8]
	ldrb	r0, [r0, #1]
	and	r1, r0, #7
	.loc	1 251 10 is_stmt 0              @ ../../libraries/sdk/drives/fsl_cmp.c:251:10
	ldrb.w	r0, [sp, #7]
	orr.w	r0, r0, r1, lsl #4
	strb.w	r0, [sp, #7]
	.loc	1 252 17 is_stmt 1              @ ../../libraries/sdk/drives/fsl_cmp.c:252:17
	ldrb.w	r0, [sp, #7]
	.loc	1 252 5 is_stmt 0               @ ../../libraries/sdk/drives/fsl_cmp.c:252:5
	ldr	r1, [sp, #12]
	.loc	1 252 15                        @ ../../libraries/sdk/drives/fsl_cmp.c:252:15
	strb	r0, [r1]
	.loc	1 254 17 is_stmt 1              @ ../../libraries/sdk/drives/fsl_cmp.c:254:17
	ldr	r0, [sp, #8]
	ldrb	r0, [r0, #2]
	.loc	1 254 5 is_stmt 0               @ ../../libraries/sdk/drives/fsl_cmp.c:254:5
	ldr	r1, [sp, #12]
	.loc	1 254 15                        @ ../../libraries/sdk/drives/fsl_cmp.c:254:15
	strb	r0, [r1, #2]
	.loc	1 255 1 is_stmt 1               @ ../../libraries/sdk/drives/fsl_cmp.c:255:1
	add	sp, #16
	bx	lr
.Ltmp54:
.Lfunc_end9:
	.size	CMP_SetFilterConfig, .Lfunc_end9-CMP_SetFilterConfig
	.cfi_endproc
	.cantunwind
	.fnend
                                        @ -- End function
	.section	.text.CMP_SetDACConfig,"ax",%progbits
	.hidden	CMP_SetDACConfig                @ -- Begin function CMP_SetDACConfig
	.globl	CMP_SetDACConfig
	.p2align	3
	.type	CMP_SetDACConfig,%function
	.code	16                              @ @CMP_SetDACConfig
	.thumb_func
CMP_SetDACConfig:
.Lfunc_begin10:
	.loc	1 264 0                         @ ../../libraries/sdk/drives/fsl_cmp.c:264:0
	.fnstart
	.cfi_startproc
@ %bb.0:
	.pad	#12
	sub	sp, #12
	.cfi_def_cfa_offset 12
	str	r0, [sp, #8]
	str	r1, [sp, #4]
	movs	r0, #0
.Ltmp55:
	.loc	1 265 13 prologue_end           @ ../../libraries/sdk/drives/fsl_cmp.c:265:13
	strb.w	r0, [sp, #3]
.Ltmp56:
	.loc	1 267 17                        @ ../../libraries/sdk/drives/fsl_cmp.c:267:17
	ldr	r0, [sp, #4]
.Ltmp57:
	.loc	1 267 9 is_stmt 0               @ ../../libraries/sdk/drives/fsl_cmp.c:267:9
	cbnz	r0, .LBB10_2
	b	.LBB10_1
.LBB10_1:
.Ltmp58:
	.loc	1 270 9 is_stmt 1               @ ../../libraries/sdk/drives/fsl_cmp.c:270:9
	ldr	r1, [sp, #8]
	movs	r0, #0
	.loc	1 270 21 is_stmt 0              @ ../../libraries/sdk/drives/fsl_cmp.c:270:21
	strb	r0, [r1, #4]
	.loc	1 271 9 is_stmt 1               @ ../../libraries/sdk/drives/fsl_cmp.c:271:9
	b	.LBB10_5
.Ltmp59:
.LBB10_2:
	.loc	1 274 10                        @ ../../libraries/sdk/drives/fsl_cmp.c:274:10
	ldrb.w	r0, [sp, #3]
	orr	r0, r0, #128
	strb.w	r0, [sp, #3]
.Ltmp60:
	.loc	1 275 32                        @ ../../libraries/sdk/drives/fsl_cmp.c:275:32
	ldr	r0, [sp, #4]
	.loc	1 275 40 is_stmt 0              @ ../../libraries/sdk/drives/fsl_cmp.c:275:40
	ldrb	r0, [r0]
.Ltmp61:
	.loc	1 275 9                         @ ../../libraries/sdk/drives/fsl_cmp.c:275:9
	cmp	r0, #1
	bne	.LBB10_4
	b	.LBB10_3
.LBB10_3:
.Ltmp62:
	.loc	1 277 14 is_stmt 1              @ ../../libraries/sdk/drives/fsl_cmp.c:277:14
	ldrb.w	r0, [sp, #3]
	orr	r0, r0, #64
	strb.w	r0, [sp, #3]
	.loc	1 278 5                         @ ../../libraries/sdk/drives/fsl_cmp.c:278:5
	b	.LBB10_4
.Ltmp63:
.LBB10_4:
	.loc	1 279 13                        @ ../../libraries/sdk/drives/fsl_cmp.c:279:13
	ldr	r0, [sp, #4]
	ldrb	r0, [r0, #1]
	and	r1, r0, #63
	.loc	1 279 10 is_stmt 0              @ ../../libraries/sdk/drives/fsl_cmp.c:279:10
	ldrb.w	r0, [sp, #3]
	orrs	r0, r1
	strb.w	r0, [sp, #3]
	.loc	1 281 19 is_stmt 1              @ ../../libraries/sdk/drives/fsl_cmp.c:281:19
	ldrb.w	r0, [sp, #3]
	.loc	1 281 5 is_stmt 0               @ ../../libraries/sdk/drives/fsl_cmp.c:281:5
	ldr	r1, [sp, #8]
	.loc	1 281 17                        @ ../../libraries/sdk/drives/fsl_cmp.c:281:17
	strb	r0, [r1, #4]
	.loc	1 282 1 is_stmt 1               @ ../../libraries/sdk/drives/fsl_cmp.c:282:1
	b	.LBB10_5
.LBB10_5:
	add	sp, #12
	bx	lr
.Ltmp64:
.Lfunc_end10:
	.size	CMP_SetDACConfig, .Lfunc_end10-CMP_SetDACConfig
	.cfi_endproc
	.cantunwind
	.fnend
                                        @ -- End function
	.section	.text.CMP_EnableInterrupts,"ax",%progbits
	.hidden	CMP_EnableInterrupts            @ -- Begin function CMP_EnableInterrupts
	.globl	CMP_EnableInterrupts
	.p2align	3
	.type	CMP_EnableInterrupts,%function
	.code	16                              @ @CMP_EnableInterrupts
	.thumb_func
CMP_EnableInterrupts:
.Lfunc_begin11:
	.loc	1 291 0                         @ ../../libraries/sdk/drives/fsl_cmp.c:291:0
	.fnstart
	.cfi_startproc
@ %bb.0:
	.pad	#12
	sub	sp, #12
	.cfi_def_cfa_offset 12
	str	r0, [sp, #8]
	str	r1, [sp, #4]
.Ltmp65:
	.loc	1 292 30 prologue_end           @ ../../libraries/sdk/drives/fsl_cmp.c:292:30
	ldr	r0, [sp, #8]
	ldrb	r0, [r0, #3]
	.loc	1 292 40 is_stmt 0              @ ../../libraries/sdk/drives/fsl_cmp.c:292:40
	and	r0, r0, #249
	.loc	1 292 13                        @ ../../libraries/sdk/drives/fsl_cmp.c:292:13
	strb.w	r0, [sp, #3]
	.loc	1 294 9 is_stmt 1               @ ../../libraries/sdk/drives/fsl_cmp.c:294:9
	ldrb.w	r0, [sp, #4]
	lsls	r0, r0, #27
	cmp	r0, #0
	bpl	.LBB11_2
	b	.LBB11_1
.LBB11_1:
.Ltmp66:
	.loc	1 296 14                        @ ../../libraries/sdk/drives/fsl_cmp.c:296:14
	ldrb.w	r0, [sp, #3]
	orr	r0, r0, #16
	strb.w	r0, [sp, #3]
	.loc	1 297 5                         @ ../../libraries/sdk/drives/fsl_cmp.c:297:5
	b	.LBB11_2
.Ltmp67:
.LBB11_2:
	.loc	1 298 9                         @ ../../libraries/sdk/drives/fsl_cmp.c:298:9
	ldrb.w	r0, [sp, #4]
	lsls	r0, r0, #28
	cmp	r0, #0
	bpl	.LBB11_4
	b	.LBB11_3
.LBB11_3:
.Ltmp68:
	.loc	1 300 14                        @ ../../libraries/sdk/drives/fsl_cmp.c:300:14
	ldrb.w	r0, [sp, #3]
	orr	r0, r0, #8
	strb.w	r0, [sp, #3]
	.loc	1 301 5                         @ ../../libraries/sdk/drives/fsl_cmp.c:301:5
	b	.LBB11_4
.Ltmp69:
.LBB11_4:
	.loc	1 302 17                        @ ../../libraries/sdk/drives/fsl_cmp.c:302:17
	ldrb.w	r0, [sp, #3]
	.loc	1 302 5 is_stmt 0               @ ../../libraries/sdk/drives/fsl_cmp.c:302:5
	ldr	r1, [sp, #8]
	.loc	1 302 15                        @ ../../libraries/sdk/drives/fsl_cmp.c:302:15
	strb	r0, [r1, #3]
	.loc	1 303 1 is_stmt 1               @ ../../libraries/sdk/drives/fsl_cmp.c:303:1
	add	sp, #12
	bx	lr
.Ltmp70:
.Lfunc_end11:
	.size	CMP_EnableInterrupts, .Lfunc_end11-CMP_EnableInterrupts
	.cfi_endproc
	.cantunwind
	.fnend
                                        @ -- End function
	.section	.text.CMP_DisableInterrupts,"ax",%progbits
	.hidden	CMP_DisableInterrupts           @ -- Begin function CMP_DisableInterrupts
	.globl	CMP_DisableInterrupts
	.p2align	3
	.type	CMP_DisableInterrupts,%function
	.code	16                              @ @CMP_DisableInterrupts
	.thumb_func
CMP_DisableInterrupts:
.Lfunc_begin12:
	.loc	1 312 0                         @ ../../libraries/sdk/drives/fsl_cmp.c:312:0
	.fnstart
	.cfi_startproc
@ %bb.0:
	.pad	#12
	sub	sp, #12
	.cfi_def_cfa_offset 12
	str	r0, [sp, #8]
	str	r1, [sp, #4]
.Ltmp71:
	.loc	1 313 30 prologue_end           @ ../../libraries/sdk/drives/fsl_cmp.c:313:30
	ldr	r0, [sp, #8]
	ldrb	r0, [r0, #3]
	.loc	1 313 40 is_stmt 0              @ ../../libraries/sdk/drives/fsl_cmp.c:313:40
	and	r0, r0, #249
	.loc	1 313 13                        @ ../../libraries/sdk/drives/fsl_cmp.c:313:13
	strb.w	r0, [sp, #3]
	.loc	1 315 9 is_stmt 1               @ ../../libraries/sdk/drives/fsl_cmp.c:315:9
	ldrb.w	r0, [sp, #4]
	lsls	r0, r0, #27
	cmp	r0, #0
	bpl	.LBB12_2
	b	.LBB12_1
.LBB12_1:
.Ltmp72:
	.loc	1 317 14                        @ ../../libraries/sdk/drives/fsl_cmp.c:317:14
	ldrb.w	r0, [sp, #3]
	and	r0, r0, #239
	strb.w	r0, [sp, #3]
	.loc	1 318 5                         @ ../../libraries/sdk/drives/fsl_cmp.c:318:5
	b	.LBB12_2
.Ltmp73:
.LBB12_2:
	.loc	1 319 9                         @ ../../libraries/sdk/drives/fsl_cmp.c:319:9
	ldrb.w	r0, [sp, #4]
	lsls	r0, r0, #28
	cmp	r0, #0
	bpl	.LBB12_4
	b	.LBB12_3
.LBB12_3:
.Ltmp74:
	.loc	1 321 14                        @ ../../libraries/sdk/drives/fsl_cmp.c:321:14
	ldrb.w	r0, [sp, #3]
	and	r0, r0, #247
	strb.w	r0, [sp, #3]
	.loc	1 322 5                         @ ../../libraries/sdk/drives/fsl_cmp.c:322:5
	b	.LBB12_4
.Ltmp75:
.LBB12_4:
	.loc	1 323 17                        @ ../../libraries/sdk/drives/fsl_cmp.c:323:17
	ldrb.w	r0, [sp, #3]
	.loc	1 323 5 is_stmt 0               @ ../../libraries/sdk/drives/fsl_cmp.c:323:5
	ldr	r1, [sp, #8]
	.loc	1 323 15                        @ ../../libraries/sdk/drives/fsl_cmp.c:323:15
	strb	r0, [r1, #3]
	.loc	1 324 1 is_stmt 1               @ ../../libraries/sdk/drives/fsl_cmp.c:324:1
	add	sp, #12
	bx	lr
.Ltmp76:
.Lfunc_end12:
	.size	CMP_DisableInterrupts, .Lfunc_end12-CMP_DisableInterrupts
	.cfi_endproc
	.cantunwind
	.fnend
                                        @ -- End function
	.section	.text.CMP_GetStatusFlags,"ax",%progbits
	.hidden	CMP_GetStatusFlags              @ -- Begin function CMP_GetStatusFlags
	.globl	CMP_GetStatusFlags
	.p2align	3
	.type	CMP_GetStatusFlags,%function
	.code	16                              @ @CMP_GetStatusFlags
	.thumb_func
CMP_GetStatusFlags:
.Lfunc_begin13:
	.loc	1 334 0                         @ ../../libraries/sdk/drives/fsl_cmp.c:334:0
	.fnstart
	.cfi_startproc
@ %bb.0:
	.pad	#8
	sub	sp, #8
	.cfi_def_cfa_offset 8
	str	r0, [sp, #4]
	movs	r0, #0
.Ltmp77:
	.loc	1 335 14 prologue_end           @ ../../libraries/sdk/drives/fsl_cmp.c:335:14
	str	r0, [sp]
.Ltmp78:
	.loc	1 337 35                        @ ../../libraries/sdk/drives/fsl_cmp.c:337:35
	ldr	r0, [sp, #4]
	ldrb	r0, [r0, #3]
.Ltmp79:
	.loc	1 337 9 is_stmt 0               @ ../../libraries/sdk/drives/fsl_cmp.c:337:9
	lsls	r0, r0, #29
	cmp	r0, #0
	bpl	.LBB13_2
	b	.LBB13_1
.LBB13_1:
.Ltmp80:
	.loc	1 339 15 is_stmt 1              @ ../../libraries/sdk/drives/fsl_cmp.c:339:15
	ldr	r0, [sp]
	orr	r0, r0, #4
	str	r0, [sp]
	.loc	1 340 5                         @ ../../libraries/sdk/drives/fsl_cmp.c:340:5
	b	.LBB13_2
.Ltmp81:
.LBB13_2:
	.loc	1 341 35                        @ ../../libraries/sdk/drives/fsl_cmp.c:341:35
	ldr	r0, [sp, #4]
	ldrb	r0, [r0, #3]
.Ltmp82:
	.loc	1 341 9 is_stmt 0               @ ../../libraries/sdk/drives/fsl_cmp.c:341:9
	lsls	r0, r0, #30
	cmp	r0, #0
	bpl	.LBB13_4
	b	.LBB13_3
.LBB13_3:
.Ltmp83:
	.loc	1 343 15 is_stmt 1              @ ../../libraries/sdk/drives/fsl_cmp.c:343:15
	ldr	r0, [sp]
	orr	r0, r0, #2
	str	r0, [sp]
	.loc	1 344 5                         @ ../../libraries/sdk/drives/fsl_cmp.c:344:5
	b	.LBB13_4
.Ltmp84:
.LBB13_4:
	.loc	1 345 36                        @ ../../libraries/sdk/drives/fsl_cmp.c:345:36
	ldr	r0, [sp, #4]
	ldrb	r0, [r0, #3]
.Ltmp85:
	.loc	1 345 9 is_stmt 0               @ ../../libraries/sdk/drives/fsl_cmp.c:345:9
	lsls	r0, r0, #31
	cbz	r0, .LBB13_6
	b	.LBB13_5
.LBB13_5:
.Ltmp86:
	.loc	1 347 15 is_stmt 1              @ ../../libraries/sdk/drives/fsl_cmp.c:347:15
	ldr	r0, [sp]
	orr	r0, r0, #1
	str	r0, [sp]
	.loc	1 348 5                         @ ../../libraries/sdk/drives/fsl_cmp.c:348:5
	b	.LBB13_6
.Ltmp87:
.LBB13_6:
	.loc	1 349 12                        @ ../../libraries/sdk/drives/fsl_cmp.c:349:12
	ldr	r0, [sp]
	.loc	1 349 5 is_stmt 0               @ ../../libraries/sdk/drives/fsl_cmp.c:349:5
	add	sp, #8
	bx	lr
.Ltmp88:
.Lfunc_end13:
	.size	CMP_GetStatusFlags, .Lfunc_end13-CMP_GetStatusFlags
	.cfi_endproc
	.cantunwind
	.fnend
                                        @ -- End function
	.section	.text.CMP_ClearStatusFlags,"ax",%progbits
	.hidden	CMP_ClearStatusFlags            @ -- Begin function CMP_ClearStatusFlags
	.globl	CMP_ClearStatusFlags
	.p2align	3
	.type	CMP_ClearStatusFlags,%function
	.code	16                              @ @CMP_ClearStatusFlags
	.thumb_func
CMP_ClearStatusFlags:
.Lfunc_begin14:
	.loc	1 359 0 is_stmt 1               @ ../../libraries/sdk/drives/fsl_cmp.c:359:0
	.fnstart
	.cfi_startproc
@ %bb.0:
	.pad	#12
	sub	sp, #12
	.cfi_def_cfa_offset 12
	str	r0, [sp, #8]
	str	r1, [sp, #4]
.Ltmp89:
	.loc	1 360 30 prologue_end           @ ../../libraries/sdk/drives/fsl_cmp.c:360:30
	ldr	r0, [sp, #8]
	ldrb	r0, [r0, #3]
	.loc	1 360 40 is_stmt 0              @ ../../libraries/sdk/drives/fsl_cmp.c:360:40
	and	r0, r0, #249
	.loc	1 360 13                        @ ../../libraries/sdk/drives/fsl_cmp.c:360:13
	strb.w	r0, [sp, #3]
	.loc	1 362 9 is_stmt 1               @ ../../libraries/sdk/drives/fsl_cmp.c:362:9
	ldrb.w	r0, [sp, #4]
	lsls	r0, r0, #29
	cmp	r0, #0
	bpl	.LBB14_2
	b	.LBB14_1
.LBB14_1:
.Ltmp90:
	.loc	1 364 14                        @ ../../libraries/sdk/drives/fsl_cmp.c:364:14
	ldrb.w	r0, [sp, #3]
	orr	r0, r0, #4
	strb.w	r0, [sp, #3]
	.loc	1 365 5                         @ ../../libraries/sdk/drives/fsl_cmp.c:365:5
	b	.LBB14_2
.Ltmp91:
.LBB14_2:
	.loc	1 366 9                         @ ../../libraries/sdk/drives/fsl_cmp.c:366:9
	ldrb.w	r0, [sp, #4]
	lsls	r0, r0, #30
	cmp	r0, #0
	bpl	.LBB14_4
	b	.LBB14_3
.LBB14_3:
.Ltmp92:
	.loc	1 368 14                        @ ../../libraries/sdk/drives/fsl_cmp.c:368:14
	ldrb.w	r0, [sp, #3]
	orr	r0, r0, #2
	strb.w	r0, [sp, #3]
	.loc	1 369 5                         @ ../../libraries/sdk/drives/fsl_cmp.c:369:5
	b	.LBB14_4
.Ltmp93:
.LBB14_4:
	.loc	1 370 17                        @ ../../libraries/sdk/drives/fsl_cmp.c:370:17
	ldrb.w	r0, [sp, #3]
	.loc	1 370 5 is_stmt 0               @ ../../libraries/sdk/drives/fsl_cmp.c:370:5
	ldr	r1, [sp, #8]
	.loc	1 370 15                        @ ../../libraries/sdk/drives/fsl_cmp.c:370:15
	strb	r0, [r1, #3]
	.loc	1 371 1 is_stmt 1               @ ../../libraries/sdk/drives/fsl_cmp.c:371:1
	add	sp, #12
	bx	lr
.Ltmp94:
.Lfunc_end14:
	.size	CMP_ClearStatusFlags, .Lfunc_end14-CMP_ClearStatusFlags
	.cfi_endproc
	.cantunwind
	.fnend
                                        @ -- End function
	.section	.text.CLOCK_ControlGate,"ax",%progbits
	.p2align	3                               @ -- Begin function CLOCK_ControlGate
	.type	CLOCK_ControlGate,%function
	.code	16                              @ @CLOCK_ControlGate
	.thumb_func
CLOCK_ControlGate:
.Lfunc_begin15:
	.loc	2 1498 0                        @ ../../libraries/sdk/drives/fsl_clock.h:1498:0
	.fnstart
	.cfi_startproc
@ %bb.0:
	.save	{r7, lr}
	push	{r7, lr}
	.cfi_def_cfa_offset 8
	.cfi_offset lr, -4
	.cfi_offset r7, -8
	.pad	#16
	sub	sp, #16
	.cfi_def_cfa_offset 24
                                        @ kill: def $r2 killed $r1
                                        @ kill: def $r2 killed $r0
	strh.w	r0, [sp, #14]
	strb.w	r1, [sp, #13]
.Ltmp95:
	.loc	2 1499 33 prologue_end          @ ../../libraries/sdk/drives/fsl_clock.h:1499:33
	ldrsh.w	r0, [sp, #14]
	.loc	2 1499 39 is_stmt 0             @ ../../libraries/sdk/drives/fsl_clock.h:1499:39
	lsrs	r0, r0, #8
	.loc	2 1499 14                       @ ../../libraries/sdk/drives/fsl_clock.h:1499:14
	str	r0, [sp, #8]
	.loc	2 1500 23 is_stmt 1             @ ../../libraries/sdk/drives/fsl_clock.h:1500:23
	ldrh.w	r0, [sp, #14]
	.loc	2 1500 39 is_stmt 0             @ ../../libraries/sdk/drives/fsl_clock.h:1500:39
	and	r0, r0, #31
	.loc	2 1500 14                       @ ../../libraries/sdk/drives/fsl_clock.h:1500:14
	str	r0, [sp, #4]
	.loc	2 1503 5 is_stmt 1              @ ../../libraries/sdk/drives/fsl_clock.h:1503:5
	ldr	r0, [sp, #8]
	cmp	r0, #7
	bhi	.LBB15_2
	b	.LBB15_1
.LBB15_1:
	b	.LBB15_3
.LBB15_2:
	movw	r0, :lower16:.L.str.2
	movt	r0, :upper16:.L.str.2
	movw	r1, :lower16:.L.str.3
	movt	r1, :upper16:.L.str.3
	movw	r2, #1503
	bl	__aeabi_assert
.LBB15_3:
	ldr	r1, [sp, #8]
	movw	r0, #49256
	movt	r0, #16399
	.loc	2 1505 35                       @ ../../libraries/sdk/drives/fsl_clock.h:1505:35
	add.w	r0, r0, r1, lsl #2
	.loc	2 1505 9 is_stmt 0              @ ../../libraries/sdk/drives/fsl_clock.h:1505:9
	str	r0, [sp]
	.loc	2 1506 5 is_stmt 1              @ ../../libraries/sdk/drives/fsl_clock.h:1506:5
	ldr	r0, [sp]
	ldr	r3, [sp, #4]
	movs	r1, #3
	lsls	r1, r3
	ldrb.w	r2, [sp, #13]
	lsls	r2, r3
	bl	_SDK_AtomicLocalClearAndSet4Byte
	.loc	2 1507 1                        @ ../../libraries/sdk/drives/fsl_clock.h:1507:1
	add	sp, #16
	pop	{r7, pc}
.Ltmp96:
.Lfunc_end15:
	.size	CLOCK_ControlGate, .Lfunc_end15-CLOCK_ControlGate
	.cfi_endproc
	.cantunwind
	.fnend
                                        @ -- End function
	.section	.text._SDK_AtomicLocalClearAndSet4Byte,"ax",%progbits
	.p2align	3                               @ -- Begin function _SDK_AtomicLocalClearAndSet4Byte
	.type	_SDK_AtomicLocalClearAndSet4Byte,%function
	.code	16                              @ @_SDK_AtomicLocalClearAndSet4Byte
	.thumb_func
_SDK_AtomicLocalClearAndSet4Byte:
.Lfunc_begin16:
	.file	6 "E:\\FILE_SMART_CAR\\\346\231\272\350\203\275\350\247\206\350\247\211\\RT1064_Library-master\\RT1064_Library-master\\SeekFree_RT1064_Opensource_Library\\project\\mdk" "../../libraries/sdk/drives/fsl_common_arm.h"
	.loc	6 211 0                         @ ../../libraries/sdk/drives/fsl_common_arm.h:211:0
	.fnstart
	.cfi_startproc
@ %bb.0:
	.pad	#16
	sub	sp, #16
	.cfi_def_cfa_offset 16
	str	r0, [sp, #12]
	str	r1, [sp, #8]
	str	r2, [sp, #4]
.Ltmp97:
	.loc	6 214 5 prologue_end            @ ../../libraries/sdk/drives/fsl_common_arm.h:214:5
	b	.LBB16_1
.LBB16_1:                               @ =>This Inner Loop Header: Depth=1
.Ltmp98:
	.loc	6 214 5 is_stmt 0               @ ../../libraries/sdk/drives/fsl_common_arm.h:214:5
	ldr	r0, [sp, #12]
	ldrex	r0, [r0]
	str	r0, [sp]
	ldr	r0, [sp]
	ldr	r1, [sp, #8]
	bics	r0, r1
	ldr	r1, [sp, #4]
	orrs	r0, r1
	str	r0, [sp]
	b	.LBB16_2
.Ltmp99:
.LBB16_2:                               @   in Loop: Header=BB16_1 Depth=1
	.loc	6 214 5                         @ ../../libraries/sdk/drives/fsl_common_arm.h:214:5
	ldr	r1, [sp]
	ldr	r2, [sp, #12]
	strex	r0, r1, [r2]
.Ltmp100:
	.loc	6 214 5                         @ ../../libraries/sdk/drives/fsl_common_arm.h:214:5
	cmp	r0, #0
	bne	.LBB16_1
	b	.LBB16_3
.Ltmp101:
.LBB16_3:
	.loc	6 215 1 is_stmt 1               @ ../../libraries/sdk/drives/fsl_common_arm.h:215:1
	add	sp, #16
	bx	lr
.Ltmp102:
.Lfunc_end16:
	.size	_SDK_AtomicLocalClearAndSet4Byte, .Lfunc_end16-_SDK_AtomicLocalClearAndSet4Byte
	.cfi_endproc
	.cantunwind
	.fnend
                                        @ -- End function
	.type	.L.str,%object                  @ @.str
	.section	.rodata.str1.1,"aMS",%progbits,1
.L.str:
	.asciz	"NULL != config"
	.size	.L.str, 15

	.type	.L.str.1,%object                @ @.str.1
.L.str.1:
	.asciz	"../../libraries/sdk/drives/fsl_cmp.c"
	.size	.L.str.1, 37

	.type	s_cmpClocks,%object             @ @s_cmpClocks
	.section	.rodata.s_cmpClocks,"a",%progbits
	.p2align	1, 0x0
s_cmpClocks:
	.short	65535                           @ 0xffff
	.short	788                             @ 0x314
	.short	790                             @ 0x316
	.short	792                             @ 0x318
	.short	794                             @ 0x31a
	.size	s_cmpClocks, 10

	.type	.L.str.2,%object                @ @.str.2
	.section	.rodata.str1.1,"aMS",%progbits,1
.L.str.2:
	.asciz	"index <= 7UL"
	.size	.L.str.2, 13

	.type	.L.str.3,%object                @ @.str.3
.L.str.3:
	.asciz	"../../libraries/sdk/drives/fsl_clock.h"
	.size	.L.str.3, 39

	.type	s_cmpBases,%object              @ @s_cmpBases
	.section	.rodata.s_cmpBases,"a",%progbits
	.p2align	2, 0x0
s_cmpBases:
	.long	0
	.long	1074348032
	.long	1074348040
	.long	1074348048
	.long	1074348056
	.size	s_cmpBases, 20

	.type	.L.str.4,%object                @ @.str.4
	.section	.rodata.str1.1,"aMS",%progbits,1
.L.str.4:
	.asciz	"instance < ARRAY_SIZE(s_cmpBases)"
	.size	.L.str.4, 34

	.section	.debug_abbrev,"",%progbits
	.byte	1                               @ Abbreviation Code
	.byte	17                              @ DW_TAG_compile_unit
	.byte	1                               @ DW_CHILDREN_yes
	.byte	37                              @ DW_AT_producer
	.byte	14                              @ DW_FORM_strp
	.byte	19                              @ DW_AT_language
	.byte	5                               @ DW_FORM_data2
	.byte	3                               @ DW_AT_name
	.byte	14                              @ DW_FORM_strp
	.byte	16                              @ DW_AT_stmt_list
	.byte	23                              @ DW_FORM_sec_offset
	.byte	27                              @ DW_AT_comp_dir
	.byte	14                              @ DW_FORM_strp
	.byte	17                              @ DW_AT_low_pc
	.byte	1                               @ DW_FORM_addr
	.byte	85                              @ DW_AT_ranges
	.byte	23                              @ DW_FORM_sec_offset
	.byte	0                               @ EOM(1)
	.byte	0                               @ EOM(2)
	.byte	2                               @ Abbreviation Code
	.byte	52                              @ DW_TAG_variable
	.byte	0                               @ DW_CHILDREN_no
	.byte	73                              @ DW_AT_type
	.byte	19                              @ DW_FORM_ref4
	.byte	58                              @ DW_AT_decl_file
	.byte	11                              @ DW_FORM_data1
	.byte	59                              @ DW_AT_decl_line
	.byte	11                              @ DW_FORM_data1
	.byte	2                               @ DW_AT_location
	.byte	24                              @ DW_FORM_exprloc
	.byte	0                               @ EOM(1)
	.byte	0                               @ EOM(2)
	.byte	3                               @ Abbreviation Code
	.byte	1                               @ DW_TAG_array_type
	.byte	1                               @ DW_CHILDREN_yes
	.byte	73                              @ DW_AT_type
	.byte	19                              @ DW_FORM_ref4
	.byte	0                               @ EOM(1)
	.byte	0                               @ EOM(2)
	.byte	4                               @ Abbreviation Code
	.byte	33                              @ DW_TAG_subrange_type
	.byte	0                               @ DW_CHILDREN_no
	.byte	73                              @ DW_AT_type
	.byte	19                              @ DW_FORM_ref4
	.byte	55                              @ DW_AT_count
	.byte	11                              @ DW_FORM_data1
	.byte	0                               @ EOM(1)
	.byte	0                               @ EOM(2)
	.byte	5                               @ Abbreviation Code
	.byte	36                              @ DW_TAG_base_type
	.byte	0                               @ DW_CHILDREN_no
	.byte	3                               @ DW_AT_name
	.byte	14                              @ DW_FORM_strp
	.byte	62                              @ DW_AT_encoding
	.byte	11                              @ DW_FORM_data1
	.byte	11                              @ DW_AT_byte_size
	.byte	11                              @ DW_FORM_data1
	.byte	0                               @ EOM(1)
	.byte	0                               @ EOM(2)
	.byte	6                               @ Abbreviation Code
	.byte	36                              @ DW_TAG_base_type
	.byte	0                               @ DW_CHILDREN_no
	.byte	3                               @ DW_AT_name
	.byte	14                              @ DW_FORM_strp
	.byte	11                              @ DW_AT_byte_size
	.byte	11                              @ DW_FORM_data1
	.byte	62                              @ DW_AT_encoding
	.byte	11                              @ DW_FORM_data1
	.byte	0                               @ EOM(1)
	.byte	0                               @ EOM(2)
	.byte	7                               @ Abbreviation Code
	.byte	52                              @ DW_TAG_variable
	.byte	0                               @ DW_CHILDREN_no
	.byte	73                              @ DW_AT_type
	.byte	19                              @ DW_FORM_ref4
	.byte	58                              @ DW_AT_decl_file
	.byte	11                              @ DW_FORM_data1
	.byte	59                              @ DW_AT_decl_line
	.byte	5                               @ DW_FORM_data2
	.byte	2                               @ DW_AT_location
	.byte	24                              @ DW_FORM_exprloc
	.byte	0                               @ EOM(1)
	.byte	0                               @ EOM(2)
	.byte	8                               @ Abbreviation Code
	.byte	52                              @ DW_TAG_variable
	.byte	0                               @ DW_CHILDREN_no
	.byte	3                               @ DW_AT_name
	.byte	14                              @ DW_FORM_strp
	.byte	73                              @ DW_AT_type
	.byte	19                              @ DW_FORM_ref4
	.byte	58                              @ DW_AT_decl_file
	.byte	11                              @ DW_FORM_data1
	.byte	59                              @ DW_AT_decl_line
	.byte	11                              @ DW_FORM_data1
	.byte	2                               @ DW_AT_location
	.byte	24                              @ DW_FORM_exprloc
	.byte	0                               @ EOM(1)
	.byte	0                               @ EOM(2)
	.byte	9                               @ Abbreviation Code
	.byte	38                              @ DW_TAG_const_type
	.byte	0                               @ DW_CHILDREN_no
	.byte	73                              @ DW_AT_type
	.byte	19                              @ DW_FORM_ref4
	.byte	0                               @ EOM(1)
	.byte	0                               @ EOM(2)
	.byte	10                              @ Abbreviation Code
	.byte	22                              @ DW_TAG_typedef
	.byte	0                               @ DW_CHILDREN_no
	.byte	73                              @ DW_AT_type
	.byte	19                              @ DW_FORM_ref4
	.byte	3                               @ DW_AT_name
	.byte	14                              @ DW_FORM_strp
	.byte	58                              @ DW_AT_decl_file
	.byte	11                              @ DW_FORM_data1
	.byte	59                              @ DW_AT_decl_line
	.byte	5                               @ DW_FORM_data2
	.byte	0                               @ EOM(1)
	.byte	0                               @ EOM(2)
	.byte	11                              @ Abbreviation Code
	.byte	4                               @ DW_TAG_enumeration_type
	.byte	1                               @ DW_CHILDREN_yes
	.byte	73                              @ DW_AT_type
	.byte	19                              @ DW_FORM_ref4
	.byte	3                               @ DW_AT_name
	.byte	14                              @ DW_FORM_strp
	.byte	11                              @ DW_AT_byte_size
	.byte	11                              @ DW_FORM_data1
	.byte	58                              @ DW_AT_decl_file
	.byte	11                              @ DW_FORM_data1
	.byte	59                              @ DW_AT_decl_line
	.byte	5                               @ DW_FORM_data2
	.byte	0                               @ EOM(1)
	.byte	0                               @ EOM(2)
	.byte	12                              @ Abbreviation Code
	.byte	40                              @ DW_TAG_enumerator
	.byte	0                               @ DW_CHILDREN_no
	.byte	3                               @ DW_AT_name
	.byte	14                              @ DW_FORM_strp
	.byte	28                              @ DW_AT_const_value
	.byte	13                              @ DW_FORM_sdata
	.byte	0                               @ EOM(1)
	.byte	0                               @ EOM(2)
	.byte	13                              @ Abbreviation Code
	.byte	15                              @ DW_TAG_pointer_type
	.byte	0                               @ DW_CHILDREN_no
	.byte	73                              @ DW_AT_type
	.byte	19                              @ DW_FORM_ref4
	.byte	0                               @ EOM(1)
	.byte	0                               @ EOM(2)
	.byte	14                              @ Abbreviation Code
	.byte	19                              @ DW_TAG_structure_type
	.byte	1                               @ DW_CHILDREN_yes
	.byte	11                              @ DW_AT_byte_size
	.byte	11                              @ DW_FORM_data1
	.byte	58                              @ DW_AT_decl_file
	.byte	11                              @ DW_FORM_data1
	.byte	59                              @ DW_AT_decl_line
	.byte	5                               @ DW_FORM_data2
	.byte	0                               @ EOM(1)
	.byte	0                               @ EOM(2)
	.byte	15                              @ Abbreviation Code
	.byte	13                              @ DW_TAG_member
	.byte	0                               @ DW_CHILDREN_no
	.byte	3                               @ DW_AT_name
	.byte	14                              @ DW_FORM_strp
	.byte	73                              @ DW_AT_type
	.byte	19                              @ DW_FORM_ref4
	.byte	58                              @ DW_AT_decl_file
	.byte	11                              @ DW_FORM_data1
	.byte	59                              @ DW_AT_decl_line
	.byte	5                               @ DW_FORM_data2
	.byte	56                              @ DW_AT_data_member_location
	.byte	11                              @ DW_FORM_data1
	.byte	0                               @ EOM(1)
	.byte	0                               @ EOM(2)
	.byte	16                              @ Abbreviation Code
	.byte	53                              @ DW_TAG_volatile_type
	.byte	0                               @ DW_CHILDREN_no
	.byte	73                              @ DW_AT_type
	.byte	19                              @ DW_FORM_ref4
	.byte	0                               @ EOM(1)
	.byte	0                               @ EOM(2)
	.byte	17                              @ Abbreviation Code
	.byte	22                              @ DW_TAG_typedef
	.byte	0                               @ DW_CHILDREN_no
	.byte	73                              @ DW_AT_type
	.byte	19                              @ DW_FORM_ref4
	.byte	3                               @ DW_AT_name
	.byte	14                              @ DW_FORM_strp
	.byte	58                              @ DW_AT_decl_file
	.byte	11                              @ DW_FORM_data1
	.byte	59                              @ DW_AT_decl_line
	.byte	11                              @ DW_FORM_data1
	.byte	0                               @ EOM(1)
	.byte	0                               @ EOM(2)
	.byte	18                              @ Abbreviation Code
	.byte	4                               @ DW_TAG_enumeration_type
	.byte	1                               @ DW_CHILDREN_yes
	.byte	73                              @ DW_AT_type
	.byte	19                              @ DW_FORM_ref4
	.byte	3                               @ DW_AT_name
	.byte	14                              @ DW_FORM_strp
	.byte	11                              @ DW_AT_byte_size
	.byte	11                              @ DW_FORM_data1
	.byte	58                              @ DW_AT_decl_file
	.byte	11                              @ DW_FORM_data1
	.byte	59                              @ DW_AT_decl_line
	.byte	11                              @ DW_FORM_data1
	.byte	0                               @ EOM(1)
	.byte	0                               @ EOM(2)
	.byte	19                              @ Abbreviation Code
	.byte	40                              @ DW_TAG_enumerator
	.byte	0                               @ DW_CHILDREN_no
	.byte	3                               @ DW_AT_name
	.byte	14                              @ DW_FORM_strp
	.byte	28                              @ DW_AT_const_value
	.byte	15                              @ DW_FORM_udata
	.byte	0                               @ EOM(1)
	.byte	0                               @ EOM(2)
	.byte	20                              @ Abbreviation Code
	.byte	53                              @ DW_TAG_volatile_type
	.byte	0                               @ DW_CHILDREN_no
	.byte	0                               @ EOM(1)
	.byte	0                               @ EOM(2)
	.byte	21                              @ Abbreviation Code
	.byte	46                              @ DW_TAG_subprogram
	.byte	1                               @ DW_CHILDREN_yes
	.byte	17                              @ DW_AT_low_pc
	.byte	1                               @ DW_FORM_addr
	.byte	18                              @ DW_AT_high_pc
	.byte	6                               @ DW_FORM_data4
	.byte	64                              @ DW_AT_frame_base
	.byte	24                              @ DW_FORM_exprloc
	.byte	3                               @ DW_AT_name
	.byte	14                              @ DW_FORM_strp
	.byte	58                              @ DW_AT_decl_file
	.byte	11                              @ DW_FORM_data1
	.byte	59                              @ DW_AT_decl_line
	.byte	11                              @ DW_FORM_data1
	.byte	39                              @ DW_AT_prototyped
	.byte	25                              @ DW_FORM_flag_present
	.byte	63                              @ DW_AT_external
	.byte	25                              @ DW_FORM_flag_present
	.byte	0                               @ EOM(1)
	.byte	0                               @ EOM(2)
	.byte	22                              @ Abbreviation Code
	.byte	5                               @ DW_TAG_formal_parameter
	.byte	0                               @ DW_CHILDREN_no
	.byte	2                               @ DW_AT_location
	.byte	24                              @ DW_FORM_exprloc
	.byte	3                               @ DW_AT_name
	.byte	14                              @ DW_FORM_strp
	.byte	58                              @ DW_AT_decl_file
	.byte	11                              @ DW_FORM_data1
	.byte	59                              @ DW_AT_decl_line
	.byte	11                              @ DW_FORM_data1
	.byte	73                              @ DW_AT_type
	.byte	19                              @ DW_FORM_ref4
	.byte	0                               @ EOM(1)
	.byte	0                               @ EOM(2)
	.byte	23                              @ Abbreviation Code
	.byte	52                              @ DW_TAG_variable
	.byte	0                               @ DW_CHILDREN_no
	.byte	2                               @ DW_AT_location
	.byte	24                              @ DW_FORM_exprloc
	.byte	3                               @ DW_AT_name
	.byte	14                              @ DW_FORM_strp
	.byte	58                              @ DW_AT_decl_file
	.byte	11                              @ DW_FORM_data1
	.byte	59                              @ DW_AT_decl_line
	.byte	11                              @ DW_FORM_data1
	.byte	73                              @ DW_AT_type
	.byte	19                              @ DW_FORM_ref4
	.byte	0                               @ EOM(1)
	.byte	0                               @ EOM(2)
	.byte	24                              @ Abbreviation Code
	.byte	46                              @ DW_TAG_subprogram
	.byte	1                               @ DW_CHILDREN_yes
	.byte	17                              @ DW_AT_low_pc
	.byte	1                               @ DW_FORM_addr
	.byte	18                              @ DW_AT_high_pc
	.byte	6                               @ DW_FORM_data4
	.byte	64                              @ DW_AT_frame_base
	.byte	24                              @ DW_FORM_exprloc
	.byte	3                               @ DW_AT_name
	.byte	14                              @ DW_FORM_strp
	.byte	58                              @ DW_AT_decl_file
	.byte	11                              @ DW_FORM_data1
	.byte	59                              @ DW_AT_decl_line
	.byte	5                               @ DW_FORM_data2
	.byte	39                              @ DW_AT_prototyped
	.byte	25                              @ DW_FORM_flag_present
	.byte	0                               @ EOM(1)
	.byte	0                               @ EOM(2)
	.byte	25                              @ Abbreviation Code
	.byte	5                               @ DW_TAG_formal_parameter
	.byte	0                               @ DW_CHILDREN_no
	.byte	2                               @ DW_AT_location
	.byte	24                              @ DW_FORM_exprloc
	.byte	3                               @ DW_AT_name
	.byte	14                              @ DW_FORM_strp
	.byte	58                              @ DW_AT_decl_file
	.byte	11                              @ DW_FORM_data1
	.byte	59                              @ DW_AT_decl_line
	.byte	5                               @ DW_FORM_data2
	.byte	73                              @ DW_AT_type
	.byte	19                              @ DW_FORM_ref4
	.byte	0                               @ EOM(1)
	.byte	0                               @ EOM(2)
	.byte	26                              @ Abbreviation Code
	.byte	46                              @ DW_TAG_subprogram
	.byte	1                               @ DW_CHILDREN_yes
	.byte	17                              @ DW_AT_low_pc
	.byte	1                               @ DW_FORM_addr
	.byte	18                              @ DW_AT_high_pc
	.byte	6                               @ DW_FORM_data4
	.byte	64                              @ DW_AT_frame_base
	.byte	24                              @ DW_FORM_exprloc
	.byte	3                               @ DW_AT_name
	.byte	14                              @ DW_FORM_strp
	.byte	58                              @ DW_AT_decl_file
	.byte	11                              @ DW_FORM_data1
	.byte	59                              @ DW_AT_decl_line
	.byte	11                              @ DW_FORM_data1
	.byte	39                              @ DW_AT_prototyped
	.byte	25                              @ DW_FORM_flag_present
	.byte	73                              @ DW_AT_type
	.byte	19                              @ DW_FORM_ref4
	.byte	0                               @ EOM(1)
	.byte	0                               @ EOM(2)
	.byte	27                              @ Abbreviation Code
	.byte	46                              @ DW_TAG_subprogram
	.byte	1                               @ DW_CHILDREN_yes
	.byte	17                              @ DW_AT_low_pc
	.byte	1                               @ DW_FORM_addr
	.byte	18                              @ DW_AT_high_pc
	.byte	6                               @ DW_FORM_data4
	.byte	64                              @ DW_AT_frame_base
	.byte	24                              @ DW_FORM_exprloc
	.byte	3                               @ DW_AT_name
	.byte	14                              @ DW_FORM_strp
	.byte	58                              @ DW_AT_decl_file
	.byte	11                              @ DW_FORM_data1
	.byte	59                              @ DW_AT_decl_line
	.byte	11                              @ DW_FORM_data1
	.byte	39                              @ DW_AT_prototyped
	.byte	25                              @ DW_FORM_flag_present
	.byte	0                               @ EOM(1)
	.byte	0                               @ EOM(2)
	.byte	28                              @ Abbreviation Code
	.byte	46                              @ DW_TAG_subprogram
	.byte	1                               @ DW_CHILDREN_yes
	.byte	17                              @ DW_AT_low_pc
	.byte	1                               @ DW_FORM_addr
	.byte	18                              @ DW_AT_high_pc
	.byte	6                               @ DW_FORM_data4
	.byte	64                              @ DW_AT_frame_base
	.byte	24                              @ DW_FORM_exprloc
	.byte	3                               @ DW_AT_name
	.byte	14                              @ DW_FORM_strp
	.byte	58                              @ DW_AT_decl_file
	.byte	11                              @ DW_FORM_data1
	.byte	59                              @ DW_AT_decl_line
	.byte	5                               @ DW_FORM_data2
	.byte	39                              @ DW_AT_prototyped
	.byte	25                              @ DW_FORM_flag_present
	.byte	63                              @ DW_AT_external
	.byte	25                              @ DW_FORM_flag_present
	.byte	0                               @ EOM(1)
	.byte	0                               @ EOM(2)
	.byte	29                              @ Abbreviation Code
	.byte	52                              @ DW_TAG_variable
	.byte	0                               @ DW_CHILDREN_no
	.byte	2                               @ DW_AT_location
	.byte	24                              @ DW_FORM_exprloc
	.byte	3                               @ DW_AT_name
	.byte	14                              @ DW_FORM_strp
	.byte	58                              @ DW_AT_decl_file
	.byte	11                              @ DW_FORM_data1
	.byte	59                              @ DW_AT_decl_line
	.byte	5                               @ DW_FORM_data2
	.byte	73                              @ DW_AT_type
	.byte	19                              @ DW_FORM_ref4
	.byte	0                               @ EOM(1)
	.byte	0                               @ EOM(2)
	.byte	30                              @ Abbreviation Code
	.byte	46                              @ DW_TAG_subprogram
	.byte	1                               @ DW_CHILDREN_yes
	.byte	17                              @ DW_AT_low_pc
	.byte	1                               @ DW_FORM_addr
	.byte	18                              @ DW_AT_high_pc
	.byte	6                               @ DW_FORM_data4
	.byte	64                              @ DW_AT_frame_base
	.byte	24                              @ DW_FORM_exprloc
	.byte	3                               @ DW_AT_name
	.byte	14                              @ DW_FORM_strp
	.byte	58                              @ DW_AT_decl_file
	.byte	11                              @ DW_FORM_data1
	.byte	59                              @ DW_AT_decl_line
	.byte	5                               @ DW_FORM_data2
	.byte	39                              @ DW_AT_prototyped
	.byte	25                              @ DW_FORM_flag_present
	.byte	73                              @ DW_AT_type
	.byte	19                              @ DW_FORM_ref4
	.byte	63                              @ DW_AT_external
	.byte	25                              @ DW_FORM_flag_present
	.byte	0                               @ EOM(1)
	.byte	0                               @ EOM(2)
	.byte	31                              @ Abbreviation Code
	.byte	19                              @ DW_TAG_structure_type
	.byte	1                               @ DW_CHILDREN_yes
	.byte	3                               @ DW_AT_name
	.byte	14                              @ DW_FORM_strp
	.byte	11                              @ DW_AT_byte_size
	.byte	11                              @ DW_FORM_data1
	.byte	58                              @ DW_AT_decl_file
	.byte	11                              @ DW_FORM_data1
	.byte	59                              @ DW_AT_decl_line
	.byte	11                              @ DW_FORM_data1
	.byte	0                               @ EOM(1)
	.byte	0                               @ EOM(2)
	.byte	32                              @ Abbreviation Code
	.byte	13                              @ DW_TAG_member
	.byte	0                               @ DW_CHILDREN_no
	.byte	3                               @ DW_AT_name
	.byte	14                              @ DW_FORM_strp
	.byte	73                              @ DW_AT_type
	.byte	19                              @ DW_FORM_ref4
	.byte	58                              @ DW_AT_decl_file
	.byte	11                              @ DW_FORM_data1
	.byte	59                              @ DW_AT_decl_line
	.byte	11                              @ DW_FORM_data1
	.byte	56                              @ DW_AT_data_member_location
	.byte	11                              @ DW_FORM_data1
	.byte	0                               @ EOM(1)
	.byte	0                               @ EOM(2)
	.byte	0                               @ EOM(3)
	.section	.debug_info,"",%progbits
.Lcu_begin0:
	.long	.Ldebug_info_end0-.Ldebug_info_start0 @ Length of Unit
.Ldebug_info_start0:
	.short	4                               @ DWARF version number
	.long	.debug_abbrev                   @ Offset Into Abbrev. Section
	.byte	4                               @ Address Size (in bytes)
	.byte	1                               @ Abbrev [1] 0xb:0xc25 DW_TAG_compile_unit
	.long	.Linfo_string0                  @ DW_AT_producer
	.short	12                              @ DW_AT_language
	.long	.Linfo_string1                  @ DW_AT_name
	.long	.Lline_table_start0             @ DW_AT_stmt_list
	.long	.Linfo_string2                  @ DW_AT_comp_dir
	.long	0                               @ DW_AT_low_pc
	.long	.Ldebug_ranges0                 @ DW_AT_ranges
	.byte	2                               @ Abbrev [2] 0x26:0xd DW_TAG_variable
	.long	51                              @ DW_AT_type
	.byte	1                               @ DW_AT_decl_file
	.byte	72                              @ DW_AT_decl_line
	.byte	5                               @ DW_AT_location
	.byte	3
	.long	.L.str
	.byte	3                               @ Abbrev [3] 0x33:0xc DW_TAG_array_type
	.long	63                              @ DW_AT_type
	.byte	4                               @ Abbrev [4] 0x38:0x6 DW_TAG_subrange_type
	.long	70                              @ DW_AT_type
	.byte	15                              @ DW_AT_count
	.byte	0                               @ End Of Children Mark
	.byte	5                               @ Abbrev [5] 0x3f:0x7 DW_TAG_base_type
	.long	.Linfo_string3                  @ DW_AT_name
	.byte	6                               @ DW_AT_encoding
	.byte	1                               @ DW_AT_byte_size
	.byte	6                               @ Abbrev [6] 0x46:0x7 DW_TAG_base_type
	.long	.Linfo_string4                  @ DW_AT_name
	.byte	8                               @ DW_AT_byte_size
	.byte	7                               @ DW_AT_encoding
	.byte	2                               @ Abbrev [2] 0x4d:0xd DW_TAG_variable
	.long	90                              @ DW_AT_type
	.byte	1                               @ DW_AT_decl_file
	.byte	72                              @ DW_AT_decl_line
	.byte	5                               @ DW_AT_location
	.byte	3
	.long	.L.str.1
	.byte	3                               @ Abbrev [3] 0x5a:0xc DW_TAG_array_type
	.long	63                              @ DW_AT_type
	.byte	4                               @ Abbrev [4] 0x5f:0x6 DW_TAG_subrange_type
	.long	70                              @ DW_AT_type
	.byte	37                              @ DW_AT_count
	.byte	0                               @ End Of Children Mark
	.byte	7                               @ Abbrev [7] 0x66:0xe DW_TAG_variable
	.long	116                             @ DW_AT_type
	.byte	2                               @ DW_AT_decl_file
	.short	1503                            @ DW_AT_decl_line
	.byte	5                               @ DW_AT_location
	.byte	3
	.long	.L.str.2
	.byte	3                               @ Abbrev [3] 0x74:0xc DW_TAG_array_type
	.long	63                              @ DW_AT_type
	.byte	4                               @ Abbrev [4] 0x79:0x6 DW_TAG_subrange_type
	.long	70                              @ DW_AT_type
	.byte	13                              @ DW_AT_count
	.byte	0                               @ End Of Children Mark
	.byte	7                               @ Abbrev [7] 0x80:0xe DW_TAG_variable
	.long	142                             @ DW_AT_type
	.byte	2                               @ DW_AT_decl_file
	.short	1503                            @ DW_AT_decl_line
	.byte	5                               @ DW_AT_location
	.byte	3
	.long	.L.str.3
	.byte	3                               @ Abbrev [3] 0x8e:0xc DW_TAG_array_type
	.long	63                              @ DW_AT_type
	.byte	4                               @ Abbrev [4] 0x93:0x6 DW_TAG_subrange_type
	.long	70                              @ DW_AT_type
	.byte	39                              @ DW_AT_count
	.byte	0                               @ End Of Children Mark
	.byte	8                               @ Abbrev [8] 0x9a:0x11 DW_TAG_variable
	.long	.Linfo_string5                  @ DW_AT_name
	.long	171                             @ DW_AT_type
	.byte	1                               @ DW_AT_decl_file
	.byte	33                              @ DW_AT_decl_line
	.byte	5                               @ DW_AT_location
	.byte	3
	.long	s_cmpClocks
	.byte	3                               @ Abbrev [3] 0xab:0xc DW_TAG_array_type
	.long	183                             @ DW_AT_type
	.byte	4                               @ Abbrev [4] 0xb0:0x6 DW_TAG_subrange_type
	.long	70                              @ DW_AT_type
	.byte	5                               @ DW_AT_count
	.byte	0                               @ End Of Children Mark
	.byte	9                               @ Abbrev [9] 0xb7:0x5 DW_TAG_const_type
	.long	188                             @ DW_AT_type
	.byte	10                              @ Abbrev [10] 0xbc:0xc DW_TAG_typedef
	.long	200                             @ DW_AT_type
	.long	.Linfo_string128                @ DW_AT_name
	.byte	2                               @ DW_AT_decl_file
	.short	652                             @ DW_AT_decl_line
	.byte	11                              @ Abbrev [11] 0xc8:0x345 DW_TAG_enumeration_type
	.long	1037                            @ DW_AT_type
	.long	.Linfo_string127                @ DW_AT_name
	.byte	2                               @ DW_AT_byte_size
	.byte	2                               @ DW_AT_decl_file
	.short	513                             @ DW_AT_decl_line
	.byte	12                              @ Abbrev [12] 0xd5:0x6 DW_TAG_enumerator
	.long	.Linfo_string7                  @ DW_AT_name
	.byte	127                             @ DW_AT_const_value
	.byte	12                              @ Abbrev [12] 0xdb:0x6 DW_TAG_enumerator
	.long	.Linfo_string8                  @ DW_AT_name
	.byte	0                               @ DW_AT_const_value
	.byte	12                              @ Abbrev [12] 0xe1:0x6 DW_TAG_enumerator
	.long	.Linfo_string9                  @ DW_AT_name
	.byte	2                               @ DW_AT_const_value
	.byte	12                              @ Abbrev [12] 0xe7:0x6 DW_TAG_enumerator
	.long	.Linfo_string10                 @ DW_AT_name
	.byte	4                               @ DW_AT_const_value
	.byte	12                              @ Abbrev [12] 0xed:0x6 DW_TAG_enumerator
	.long	.Linfo_string11                 @ DW_AT_name
	.byte	6                               @ DW_AT_const_value
	.byte	12                              @ Abbrev [12] 0xf3:0x6 DW_TAG_enumerator
	.long	.Linfo_string12                 @ DW_AT_name
	.byte	8                               @ DW_AT_const_value
	.byte	12                              @ Abbrev [12] 0xf9:0x6 DW_TAG_enumerator
	.long	.Linfo_string13                 @ DW_AT_name
	.byte	10                              @ DW_AT_const_value
	.byte	12                              @ Abbrev [12] 0xff:0x6 DW_TAG_enumerator
	.long	.Linfo_string14                 @ DW_AT_name
	.byte	12                              @ DW_AT_const_value
	.byte	12                              @ Abbrev [12] 0x105:0x6 DW_TAG_enumerator
	.long	.Linfo_string15                 @ DW_AT_name
	.byte	14                              @ DW_AT_const_value
	.byte	12                              @ Abbrev [12] 0x10b:0x6 DW_TAG_enumerator
	.long	.Linfo_string16                 @ DW_AT_name
	.byte	16                              @ DW_AT_const_value
	.byte	12                              @ Abbrev [12] 0x111:0x6 DW_TAG_enumerator
	.long	.Linfo_string17                 @ DW_AT_name
	.byte	18                              @ DW_AT_const_value
	.byte	12                              @ Abbrev [12] 0x117:0x6 DW_TAG_enumerator
	.long	.Linfo_string18                 @ DW_AT_name
	.byte	20                              @ DW_AT_const_value
	.byte	12                              @ Abbrev [12] 0x11d:0x6 DW_TAG_enumerator
	.long	.Linfo_string19                 @ DW_AT_name
	.byte	22                              @ DW_AT_const_value
	.byte	12                              @ Abbrev [12] 0x123:0x6 DW_TAG_enumerator
	.long	.Linfo_string20                 @ DW_AT_name
	.byte	24                              @ DW_AT_const_value
	.byte	12                              @ Abbrev [12] 0x129:0x6 DW_TAG_enumerator
	.long	.Linfo_string21                 @ DW_AT_name
	.byte	26                              @ DW_AT_const_value
	.byte	12                              @ Abbrev [12] 0x12f:0x6 DW_TAG_enumerator
	.long	.Linfo_string22                 @ DW_AT_name
	.byte	28                              @ DW_AT_const_value
	.byte	12                              @ Abbrev [12] 0x135:0x6 DW_TAG_enumerator
	.long	.Linfo_string23                 @ DW_AT_name
	.byte	30                              @ DW_AT_const_value
	.byte	12                              @ Abbrev [12] 0x13b:0x7 DW_TAG_enumerator
	.long	.Linfo_string24                 @ DW_AT_name
	.ascii	"\200\002"                      @ DW_AT_const_value
	.byte	12                              @ Abbrev [12] 0x142:0x7 DW_TAG_enumerator
	.long	.Linfo_string25                 @ DW_AT_name
	.ascii	"\202\002"                      @ DW_AT_const_value
	.byte	12                              @ Abbrev [12] 0x149:0x7 DW_TAG_enumerator
	.long	.Linfo_string26                 @ DW_AT_name
	.ascii	"\204\002"                      @ DW_AT_const_value
	.byte	12                              @ Abbrev [12] 0x150:0x7 DW_TAG_enumerator
	.long	.Linfo_string27                 @ DW_AT_name
	.ascii	"\206\002"                      @ DW_AT_const_value
	.byte	12                              @ Abbrev [12] 0x157:0x7 DW_TAG_enumerator
	.long	.Linfo_string28                 @ DW_AT_name
	.ascii	"\210\002"                      @ DW_AT_const_value
	.byte	12                              @ Abbrev [12] 0x15e:0x7 DW_TAG_enumerator
	.long	.Linfo_string29                 @ DW_AT_name
	.ascii	"\212\002"                      @ DW_AT_const_value
	.byte	12                              @ Abbrev [12] 0x165:0x7 DW_TAG_enumerator
	.long	.Linfo_string30                 @ DW_AT_name
	.ascii	"\214\002"                      @ DW_AT_const_value
	.byte	12                              @ Abbrev [12] 0x16c:0x7 DW_TAG_enumerator
	.long	.Linfo_string31                 @ DW_AT_name
	.ascii	"\216\002"                      @ DW_AT_const_value
	.byte	12                              @ Abbrev [12] 0x173:0x7 DW_TAG_enumerator
	.long	.Linfo_string32                 @ DW_AT_name
	.ascii	"\220\002"                      @ DW_AT_const_value
	.byte	12                              @ Abbrev [12] 0x17a:0x7 DW_TAG_enumerator
	.long	.Linfo_string33                 @ DW_AT_name
	.ascii	"\222\002"                      @ DW_AT_const_value
	.byte	12                              @ Abbrev [12] 0x181:0x7 DW_TAG_enumerator
	.long	.Linfo_string34                 @ DW_AT_name
	.ascii	"\224\002"                      @ DW_AT_const_value
	.byte	12                              @ Abbrev [12] 0x188:0x7 DW_TAG_enumerator
	.long	.Linfo_string35                 @ DW_AT_name
	.ascii	"\226\002"                      @ DW_AT_const_value
	.byte	12                              @ Abbrev [12] 0x18f:0x7 DW_TAG_enumerator
	.long	.Linfo_string36                 @ DW_AT_name
	.ascii	"\230\002"                      @ DW_AT_const_value
	.byte	12                              @ Abbrev [12] 0x196:0x7 DW_TAG_enumerator
	.long	.Linfo_string37                 @ DW_AT_name
	.ascii	"\232\002"                      @ DW_AT_const_value
	.byte	12                              @ Abbrev [12] 0x19d:0x7 DW_TAG_enumerator
	.long	.Linfo_string38                 @ DW_AT_name
	.ascii	"\234\002"                      @ DW_AT_const_value
	.byte	12                              @ Abbrev [12] 0x1a4:0x7 DW_TAG_enumerator
	.long	.Linfo_string39                 @ DW_AT_name
	.ascii	"\236\002"                      @ DW_AT_const_value
	.byte	12                              @ Abbrev [12] 0x1ab:0x7 DW_TAG_enumerator
	.long	.Linfo_string40                 @ DW_AT_name
	.ascii	"\200\004"                      @ DW_AT_const_value
	.byte	12                              @ Abbrev [12] 0x1b2:0x7 DW_TAG_enumerator
	.long	.Linfo_string41                 @ DW_AT_name
	.ascii	"\202\004"                      @ DW_AT_const_value
	.byte	12                              @ Abbrev [12] 0x1b9:0x7 DW_TAG_enumerator
	.long	.Linfo_string42                 @ DW_AT_name
	.ascii	"\204\004"                      @ DW_AT_const_value
	.byte	12                              @ Abbrev [12] 0x1c0:0x7 DW_TAG_enumerator
	.long	.Linfo_string43                 @ DW_AT_name
	.ascii	"\206\004"                      @ DW_AT_const_value
	.byte	12                              @ Abbrev [12] 0x1c7:0x7 DW_TAG_enumerator
	.long	.Linfo_string44                 @ DW_AT_name
	.ascii	"\210\004"                      @ DW_AT_const_value
	.byte	12                              @ Abbrev [12] 0x1ce:0x7 DW_TAG_enumerator
	.long	.Linfo_string45                 @ DW_AT_name
	.ascii	"\212\004"                      @ DW_AT_const_value
	.byte	12                              @ Abbrev [12] 0x1d5:0x7 DW_TAG_enumerator
	.long	.Linfo_string46                 @ DW_AT_name
	.ascii	"\214\004"                      @ DW_AT_const_value
	.byte	12                              @ Abbrev [12] 0x1dc:0x7 DW_TAG_enumerator
	.long	.Linfo_string47                 @ DW_AT_name
	.ascii	"\216\004"                      @ DW_AT_const_value
	.byte	12                              @ Abbrev [12] 0x1e3:0x7 DW_TAG_enumerator
	.long	.Linfo_string48                 @ DW_AT_name
	.ascii	"\220\004"                      @ DW_AT_const_value
	.byte	12                              @ Abbrev [12] 0x1ea:0x7 DW_TAG_enumerator
	.long	.Linfo_string49                 @ DW_AT_name
	.ascii	"\222\004"                      @ DW_AT_const_value
	.byte	12                              @ Abbrev [12] 0x1f1:0x7 DW_TAG_enumerator
	.long	.Linfo_string50                 @ DW_AT_name
	.ascii	"\224\004"                      @ DW_AT_const_value
	.byte	12                              @ Abbrev [12] 0x1f8:0x7 DW_TAG_enumerator
	.long	.Linfo_string51                 @ DW_AT_name
	.ascii	"\226\004"                      @ DW_AT_const_value
	.byte	12                              @ Abbrev [12] 0x1ff:0x7 DW_TAG_enumerator
	.long	.Linfo_string52                 @ DW_AT_name
	.ascii	"\230\004"                      @ DW_AT_const_value
	.byte	12                              @ Abbrev [12] 0x206:0x7 DW_TAG_enumerator
	.long	.Linfo_string53                 @ DW_AT_name
	.ascii	"\232\004"                      @ DW_AT_const_value
	.byte	12                              @ Abbrev [12] 0x20d:0x7 DW_TAG_enumerator
	.long	.Linfo_string54                 @ DW_AT_name
	.ascii	"\234\004"                      @ DW_AT_const_value
	.byte	12                              @ Abbrev [12] 0x214:0x7 DW_TAG_enumerator
	.long	.Linfo_string55                 @ DW_AT_name
	.ascii	"\236\004"                      @ DW_AT_const_value
	.byte	12                              @ Abbrev [12] 0x21b:0x7 DW_TAG_enumerator
	.long	.Linfo_string56                 @ DW_AT_name
	.ascii	"\200\006"                      @ DW_AT_const_value
	.byte	12                              @ Abbrev [12] 0x222:0x7 DW_TAG_enumerator
	.long	.Linfo_string57                 @ DW_AT_name
	.ascii	"\202\006"                      @ DW_AT_const_value
	.byte	12                              @ Abbrev [12] 0x229:0x7 DW_TAG_enumerator
	.long	.Linfo_string58                 @ DW_AT_name
	.ascii	"\204\006"                      @ DW_AT_const_value
	.byte	12                              @ Abbrev [12] 0x230:0x7 DW_TAG_enumerator
	.long	.Linfo_string59                 @ DW_AT_name
	.ascii	"\206\006"                      @ DW_AT_const_value
	.byte	12                              @ Abbrev [12] 0x237:0x7 DW_TAG_enumerator
	.long	.Linfo_string60                 @ DW_AT_name
	.ascii	"\210\006"                      @ DW_AT_const_value
	.byte	12                              @ Abbrev [12] 0x23e:0x7 DW_TAG_enumerator
	.long	.Linfo_string61                 @ DW_AT_name
	.ascii	"\212\006"                      @ DW_AT_const_value
	.byte	12                              @ Abbrev [12] 0x245:0x7 DW_TAG_enumerator
	.long	.Linfo_string62                 @ DW_AT_name
	.ascii	"\214\006"                      @ DW_AT_const_value
	.byte	12                              @ Abbrev [12] 0x24c:0x7 DW_TAG_enumerator
	.long	.Linfo_string63                 @ DW_AT_name
	.ascii	"\216\006"                      @ DW_AT_const_value
	.byte	12                              @ Abbrev [12] 0x253:0x7 DW_TAG_enumerator
	.long	.Linfo_string64                 @ DW_AT_name
	.ascii	"\220\006"                      @ DW_AT_const_value
	.byte	12                              @ Abbrev [12] 0x25a:0x7 DW_TAG_enumerator
	.long	.Linfo_string65                 @ DW_AT_name
	.ascii	"\222\006"                      @ DW_AT_const_value
	.byte	12                              @ Abbrev [12] 0x261:0x7 DW_TAG_enumerator
	.long	.Linfo_string66                 @ DW_AT_name
	.ascii	"\224\006"                      @ DW_AT_const_value
	.byte	12                              @ Abbrev [12] 0x268:0x7 DW_TAG_enumerator
	.long	.Linfo_string67                 @ DW_AT_name
	.ascii	"\226\006"                      @ DW_AT_const_value
	.byte	12                              @ Abbrev [12] 0x26f:0x7 DW_TAG_enumerator
	.long	.Linfo_string68                 @ DW_AT_name
	.ascii	"\230\006"                      @ DW_AT_const_value
	.byte	12                              @ Abbrev [12] 0x276:0x7 DW_TAG_enumerator
	.long	.Linfo_string69                 @ DW_AT_name
	.ascii	"\232\006"                      @ DW_AT_const_value
	.byte	12                              @ Abbrev [12] 0x27d:0x7 DW_TAG_enumerator
	.long	.Linfo_string70                 @ DW_AT_name
	.ascii	"\234\006"                      @ DW_AT_const_value
	.byte	12                              @ Abbrev [12] 0x284:0x7 DW_TAG_enumerator
	.long	.Linfo_string71                 @ DW_AT_name
	.ascii	"\236\006"                      @ DW_AT_const_value
	.byte	12                              @ Abbrev [12] 0x28b:0x7 DW_TAG_enumerator
	.long	.Linfo_string72                 @ DW_AT_name
	.ascii	"\200\b"                        @ DW_AT_const_value
	.byte	12                              @ Abbrev [12] 0x292:0x7 DW_TAG_enumerator
	.long	.Linfo_string73                 @ DW_AT_name
	.ascii	"\202\b"                        @ DW_AT_const_value
	.byte	12                              @ Abbrev [12] 0x299:0x7 DW_TAG_enumerator
	.long	.Linfo_string74                 @ DW_AT_name
	.ascii	"\204\b"                        @ DW_AT_const_value
	.byte	12                              @ Abbrev [12] 0x2a0:0x7 DW_TAG_enumerator
	.long	.Linfo_string75                 @ DW_AT_name
	.ascii	"\206\b"                        @ DW_AT_const_value
	.byte	12                              @ Abbrev [12] 0x2a7:0x7 DW_TAG_enumerator
	.long	.Linfo_string76                 @ DW_AT_name
	.ascii	"\210\b"                        @ DW_AT_const_value
	.byte	12                              @ Abbrev [12] 0x2ae:0x7 DW_TAG_enumerator
	.long	.Linfo_string77                 @ DW_AT_name
	.ascii	"\212\b"                        @ DW_AT_const_value
	.byte	12                              @ Abbrev [12] 0x2b5:0x7 DW_TAG_enumerator
	.long	.Linfo_string78                 @ DW_AT_name
	.ascii	"\214\b"                        @ DW_AT_const_value
	.byte	12                              @ Abbrev [12] 0x2bc:0x7 DW_TAG_enumerator
	.long	.Linfo_string79                 @ DW_AT_name
	.ascii	"\216\b"                        @ DW_AT_const_value
	.byte	12                              @ Abbrev [12] 0x2c3:0x7 DW_TAG_enumerator
	.long	.Linfo_string80                 @ DW_AT_name
	.ascii	"\220\b"                        @ DW_AT_const_value
	.byte	12                              @ Abbrev [12] 0x2ca:0x7 DW_TAG_enumerator
	.long	.Linfo_string81                 @ DW_AT_name
	.ascii	"\222\b"                        @ DW_AT_const_value
	.byte	12                              @ Abbrev [12] 0x2d1:0x7 DW_TAG_enumerator
	.long	.Linfo_string82                 @ DW_AT_name
	.ascii	"\224\b"                        @ DW_AT_const_value
	.byte	12                              @ Abbrev [12] 0x2d8:0x7 DW_TAG_enumerator
	.long	.Linfo_string83                 @ DW_AT_name
	.ascii	"\226\b"                        @ DW_AT_const_value
	.byte	12                              @ Abbrev [12] 0x2df:0x7 DW_TAG_enumerator
	.long	.Linfo_string84                 @ DW_AT_name
	.ascii	"\230\b"                        @ DW_AT_const_value
	.byte	12                              @ Abbrev [12] 0x2e6:0x7 DW_TAG_enumerator
	.long	.Linfo_string85                 @ DW_AT_name
	.ascii	"\232\b"                        @ DW_AT_const_value
	.byte	12                              @ Abbrev [12] 0x2ed:0x7 DW_TAG_enumerator
	.long	.Linfo_string86                 @ DW_AT_name
	.ascii	"\234\b"                        @ DW_AT_const_value
	.byte	12                              @ Abbrev [12] 0x2f4:0x7 DW_TAG_enumerator
	.long	.Linfo_string87                 @ DW_AT_name
	.ascii	"\236\b"                        @ DW_AT_const_value
	.byte	12                              @ Abbrev [12] 0x2fb:0x7 DW_TAG_enumerator
	.long	.Linfo_string88                 @ DW_AT_name
	.ascii	"\200\n"                        @ DW_AT_const_value
	.byte	12                              @ Abbrev [12] 0x302:0x7 DW_TAG_enumerator
	.long	.Linfo_string89                 @ DW_AT_name
	.ascii	"\202\n"                        @ DW_AT_const_value
	.byte	12                              @ Abbrev [12] 0x309:0x7 DW_TAG_enumerator
	.long	.Linfo_string90                 @ DW_AT_name
	.ascii	"\204\n"                        @ DW_AT_const_value
	.byte	12                              @ Abbrev [12] 0x310:0x7 DW_TAG_enumerator
	.long	.Linfo_string91                 @ DW_AT_name
	.ascii	"\206\n"                        @ DW_AT_const_value
	.byte	12                              @ Abbrev [12] 0x317:0x7 DW_TAG_enumerator
	.long	.Linfo_string92                 @ DW_AT_name
	.ascii	"\210\n"                        @ DW_AT_const_value
	.byte	12                              @ Abbrev [12] 0x31e:0x7 DW_TAG_enumerator
	.long	.Linfo_string93                 @ DW_AT_name
	.ascii	"\212\n"                        @ DW_AT_const_value
	.byte	12                              @ Abbrev [12] 0x325:0x7 DW_TAG_enumerator
	.long	.Linfo_string94                 @ DW_AT_name
	.ascii	"\214\n"                        @ DW_AT_const_value
	.byte	12                              @ Abbrev [12] 0x32c:0x7 DW_TAG_enumerator
	.long	.Linfo_string95                 @ DW_AT_name
	.ascii	"\216\n"                        @ DW_AT_const_value
	.byte	12                              @ Abbrev [12] 0x333:0x7 DW_TAG_enumerator
	.long	.Linfo_string96                 @ DW_AT_name
	.ascii	"\220\n"                        @ DW_AT_const_value
	.byte	12                              @ Abbrev [12] 0x33a:0x7 DW_TAG_enumerator
	.long	.Linfo_string97                 @ DW_AT_name
	.ascii	"\222\n"                        @ DW_AT_const_value
	.byte	12                              @ Abbrev [12] 0x341:0x7 DW_TAG_enumerator
	.long	.Linfo_string98                 @ DW_AT_name
	.ascii	"\224\n"                        @ DW_AT_const_value
	.byte	12                              @ Abbrev [12] 0x348:0x7 DW_TAG_enumerator
	.long	.Linfo_string99                 @ DW_AT_name
	.ascii	"\226\n"                        @ DW_AT_const_value
	.byte	12                              @ Abbrev [12] 0x34f:0x7 DW_TAG_enumerator
	.long	.Linfo_string100                @ DW_AT_name
	.ascii	"\230\n"                        @ DW_AT_const_value
	.byte	12                              @ Abbrev [12] 0x356:0x7 DW_TAG_enumerator
	.long	.Linfo_string101                @ DW_AT_name
	.ascii	"\232\n"                        @ DW_AT_const_value
	.byte	12                              @ Abbrev [12] 0x35d:0x7 DW_TAG_enumerator
	.long	.Linfo_string102                @ DW_AT_name
	.ascii	"\234\n"                        @ DW_AT_const_value
	.byte	12                              @ Abbrev [12] 0x364:0x7 DW_TAG_enumerator
	.long	.Linfo_string103                @ DW_AT_name
	.ascii	"\236\n"                        @ DW_AT_const_value
	.byte	12                              @ Abbrev [12] 0x36b:0x7 DW_TAG_enumerator
	.long	.Linfo_string104                @ DW_AT_name
	.ascii	"\200\f"                        @ DW_AT_const_value
	.byte	12                              @ Abbrev [12] 0x372:0x7 DW_TAG_enumerator
	.long	.Linfo_string105                @ DW_AT_name
	.ascii	"\202\f"                        @ DW_AT_const_value
	.byte	12                              @ Abbrev [12] 0x379:0x7 DW_TAG_enumerator
	.long	.Linfo_string106                @ DW_AT_name
	.ascii	"\204\f"                        @ DW_AT_const_value
	.byte	12                              @ Abbrev [12] 0x380:0x7 DW_TAG_enumerator
	.long	.Linfo_string107                @ DW_AT_name
	.ascii	"\206\f"                        @ DW_AT_const_value
	.byte	12                              @ Abbrev [12] 0x387:0x7 DW_TAG_enumerator
	.long	.Linfo_string108                @ DW_AT_name
	.ascii	"\210\f"                        @ DW_AT_const_value
	.byte	12                              @ Abbrev [12] 0x38e:0x7 DW_TAG_enumerator
	.long	.Linfo_string109                @ DW_AT_name
	.ascii	"\212\f"                        @ DW_AT_const_value
	.byte	12                              @ Abbrev [12] 0x395:0x7 DW_TAG_enumerator
	.long	.Linfo_string110                @ DW_AT_name
	.ascii	"\214\f"                        @ DW_AT_const_value
	.byte	12                              @ Abbrev [12] 0x39c:0x7 DW_TAG_enumerator
	.long	.Linfo_string111                @ DW_AT_name
	.ascii	"\216\f"                        @ DW_AT_const_value
	.byte	12                              @ Abbrev [12] 0x3a3:0x7 DW_TAG_enumerator
	.long	.Linfo_string112                @ DW_AT_name
	.ascii	"\220\f"                        @ DW_AT_const_value
	.byte	12                              @ Abbrev [12] 0x3aa:0x7 DW_TAG_enumerator
	.long	.Linfo_string113                @ DW_AT_name
	.ascii	"\222\f"                        @ DW_AT_const_value
	.byte	12                              @ Abbrev [12] 0x3b1:0x7 DW_TAG_enumerator
	.long	.Linfo_string114                @ DW_AT_name
	.ascii	"\224\f"                        @ DW_AT_const_value
	.byte	12                              @ Abbrev [12] 0x3b8:0x7 DW_TAG_enumerator
	.long	.Linfo_string115                @ DW_AT_name
	.ascii	"\226\f"                        @ DW_AT_const_value
	.byte	12                              @ Abbrev [12] 0x3bf:0x7 DW_TAG_enumerator
	.long	.Linfo_string116                @ DW_AT_name
	.ascii	"\230\f"                        @ DW_AT_const_value
	.byte	12                              @ Abbrev [12] 0x3c6:0x7 DW_TAG_enumerator
	.long	.Linfo_string117                @ DW_AT_name
	.ascii	"\232\f"                        @ DW_AT_const_value
	.byte	12                              @ Abbrev [12] 0x3cd:0x7 DW_TAG_enumerator
	.long	.Linfo_string118                @ DW_AT_name
	.ascii	"\234\f"                        @ DW_AT_const_value
	.byte	12                              @ Abbrev [12] 0x3d4:0x7 DW_TAG_enumerator
	.long	.Linfo_string119                @ DW_AT_name
	.ascii	"\236\f"                        @ DW_AT_const_value
	.byte	12                              @ Abbrev [12] 0x3db:0x7 DW_TAG_enumerator
	.long	.Linfo_string120                @ DW_AT_name
	.ascii	"\200\016"                      @ DW_AT_const_value
	.byte	12                              @ Abbrev [12] 0x3e2:0x7 DW_TAG_enumerator
	.long	.Linfo_string121                @ DW_AT_name
	.ascii	"\202\016"                      @ DW_AT_const_value
	.byte	12                              @ Abbrev [12] 0x3e9:0x7 DW_TAG_enumerator
	.long	.Linfo_string122                @ DW_AT_name
	.ascii	"\204\016"                      @ DW_AT_const_value
	.byte	12                              @ Abbrev [12] 0x3f0:0x7 DW_TAG_enumerator
	.long	.Linfo_string123                @ DW_AT_name
	.ascii	"\206\016"                      @ DW_AT_const_value
	.byte	12                              @ Abbrev [12] 0x3f7:0x7 DW_TAG_enumerator
	.long	.Linfo_string124                @ DW_AT_name
	.ascii	"\210\016"                      @ DW_AT_const_value
	.byte	12                              @ Abbrev [12] 0x3fe:0x7 DW_TAG_enumerator
	.long	.Linfo_string125                @ DW_AT_name
	.ascii	"\212\016"                      @ DW_AT_const_value
	.byte	12                              @ Abbrev [12] 0x405:0x7 DW_TAG_enumerator
	.long	.Linfo_string126                @ DW_AT_name
	.ascii	"\214\016"                      @ DW_AT_const_value
	.byte	0                               @ End Of Children Mark
	.byte	5                               @ Abbrev [5] 0x40d:0x7 DW_TAG_base_type
	.long	.Linfo_string6                  @ DW_AT_name
	.byte	5                               @ DW_AT_encoding
	.byte	2                               @ DW_AT_byte_size
	.byte	2                               @ Abbrev [2] 0x414:0xd DW_TAG_variable
	.long	1057                            @ DW_AT_type
	.byte	1                               @ DW_AT_decl_file
	.byte	52                              @ DW_AT_decl_line
	.byte	5                               @ DW_AT_location
	.byte	3
	.long	.L.str.4
	.byte	3                               @ Abbrev [3] 0x421:0xc DW_TAG_array_type
	.long	63                              @ DW_AT_type
	.byte	4                               @ Abbrev [4] 0x426:0x6 DW_TAG_subrange_type
	.long	70                              @ DW_AT_type
	.byte	34                              @ DW_AT_count
	.byte	0                               @ End Of Children Mark
	.byte	8                               @ Abbrev [8] 0x42d:0x11 DW_TAG_variable
	.long	.Linfo_string129                @ DW_AT_name
	.long	1086                            @ DW_AT_type
	.byte	1                               @ DW_AT_decl_file
	.byte	30                              @ DW_AT_decl_line
	.byte	5                               @ DW_AT_location
	.byte	3
	.long	s_cmpBases
	.byte	3                               @ Abbrev [3] 0x43e:0xc DW_TAG_array_type
	.long	1098                            @ DW_AT_type
	.byte	4                               @ Abbrev [4] 0x443:0x6 DW_TAG_subrange_type
	.long	70                              @ DW_AT_type
	.byte	5                               @ DW_AT_count
	.byte	0                               @ End Of Children Mark
	.byte	9                               @ Abbrev [9] 0x44a:0x5 DW_TAG_const_type
	.long	1103                            @ DW_AT_type
	.byte	13                              @ Abbrev [13] 0x44f:0x5 DW_TAG_pointer_type
	.long	1108                            @ DW_AT_type
	.byte	10                              @ Abbrev [10] 0x454:0xc DW_TAG_typedef
	.long	1120                            @ DW_AT_type
	.long	.Linfo_string138                @ DW_AT_name
	.byte	4                               @ DW_AT_decl_file
	.short	11901                           @ DW_AT_decl_line
	.byte	14                              @ Abbrev [14] 0x460:0x54 DW_TAG_structure_type
	.byte	6                               @ DW_AT_byte_size
	.byte	4                               @ DW_AT_decl_file
	.short	11894                           @ DW_AT_decl_line
	.byte	15                              @ Abbrev [15] 0x465:0xd DW_TAG_member
	.long	.Linfo_string130                @ DW_AT_name
	.long	1204                            @ DW_AT_type
	.byte	4                               @ DW_AT_decl_file
	.short	11895                           @ DW_AT_decl_line
	.byte	0                               @ DW_AT_data_member_location
	.byte	15                              @ Abbrev [15] 0x472:0xd DW_TAG_member
	.long	.Linfo_string133                @ DW_AT_name
	.long	1204                            @ DW_AT_type
	.byte	4                               @ DW_AT_decl_file
	.short	11896                           @ DW_AT_decl_line
	.byte	1                               @ DW_AT_data_member_location
	.byte	15                              @ Abbrev [15] 0x47f:0xd DW_TAG_member
	.long	.Linfo_string134                @ DW_AT_name
	.long	1204                            @ DW_AT_type
	.byte	4                               @ DW_AT_decl_file
	.short	11897                           @ DW_AT_decl_line
	.byte	2                               @ DW_AT_data_member_location
	.byte	15                              @ Abbrev [15] 0x48c:0xd DW_TAG_member
	.long	.Linfo_string135                @ DW_AT_name
	.long	1204                            @ DW_AT_type
	.byte	4                               @ DW_AT_decl_file
	.short	11898                           @ DW_AT_decl_line
	.byte	3                               @ DW_AT_data_member_location
	.byte	15                              @ Abbrev [15] 0x499:0xd DW_TAG_member
	.long	.Linfo_string136                @ DW_AT_name
	.long	1204                            @ DW_AT_type
	.byte	4                               @ DW_AT_decl_file
	.short	11899                           @ DW_AT_decl_line
	.byte	4                               @ DW_AT_data_member_location
	.byte	15                              @ Abbrev [15] 0x4a6:0xd DW_TAG_member
	.long	.Linfo_string137                @ DW_AT_name
	.long	1204                            @ DW_AT_type
	.byte	4                               @ DW_AT_decl_file
	.short	11900                           @ DW_AT_decl_line
	.byte	5                               @ DW_AT_data_member_location
	.byte	0                               @ End Of Children Mark
	.byte	16                              @ Abbrev [16] 0x4b4:0x5 DW_TAG_volatile_type
	.long	1209                            @ DW_AT_type
	.byte	17                              @ Abbrev [17] 0x4b9:0xb DW_TAG_typedef
	.long	1220                            @ DW_AT_type
	.long	.Linfo_string132                @ DW_AT_name
	.byte	3                               @ DW_AT_decl_file
	.byte	62                              @ DW_AT_decl_line
	.byte	5                               @ Abbrev [5] 0x4c4:0x7 DW_TAG_base_type
	.long	.Linfo_string131                @ DW_AT_name
	.byte	8                               @ DW_AT_encoding
	.byte	1                               @ DW_AT_byte_size
	.byte	18                              @ Abbrev [18] 0x4cb:0x25 DW_TAG_enumeration_type
	.long	1220                            @ DW_AT_type
	.long	.Linfo_string143                @ DW_AT_name
	.byte	1                               @ DW_AT_byte_size
	.byte	5                               @ DW_AT_decl_file
	.byte	51                              @ DW_AT_decl_line
	.byte	19                              @ Abbrev [19] 0x4d7:0x6 DW_TAG_enumerator
	.long	.Linfo_string139                @ DW_AT_name
	.byte	0                               @ DW_AT_const_value
	.byte	19                              @ Abbrev [19] 0x4dd:0x6 DW_TAG_enumerator
	.long	.Linfo_string140                @ DW_AT_name
	.byte	1                               @ DW_AT_const_value
	.byte	19                              @ Abbrev [19] 0x4e3:0x6 DW_TAG_enumerator
	.long	.Linfo_string141                @ DW_AT_name
	.byte	2                               @ DW_AT_const_value
	.byte	19                              @ Abbrev [19] 0x4e9:0x6 DW_TAG_enumerator
	.long	.Linfo_string142                @ DW_AT_name
	.byte	3                               @ DW_AT_const_value
	.byte	0                               @ End Of Children Mark
	.byte	18                              @ Abbrev [18] 0x4f0:0x19 DW_TAG_enumeration_type
	.long	1220                            @ DW_AT_type
	.long	.Linfo_string146                @ DW_AT_name
	.byte	1                               @ DW_AT_byte_size
	.byte	5                               @ DW_AT_decl_file
	.byte	62                              @ DW_AT_decl_line
	.byte	19                              @ Abbrev [19] 0x4fc:0x6 DW_TAG_enumerator
	.long	.Linfo_string144                @ DW_AT_name
	.byte	0                               @ DW_AT_const_value
	.byte	19                              @ Abbrev [19] 0x502:0x6 DW_TAG_enumerator
	.long	.Linfo_string145                @ DW_AT_name
	.byte	1                               @ DW_AT_const_value
	.byte	0                               @ End Of Children Mark
	.byte	18                              @ Abbrev [18] 0x509:0x19 DW_TAG_enumeration_type
	.long	1220                            @ DW_AT_type
	.long	.Linfo_string149                @ DW_AT_name
	.byte	1                               @ DW_AT_byte_size
	.byte	5                               @ DW_AT_decl_file
	.byte	32                              @ DW_AT_decl_line
	.byte	19                              @ Abbrev [19] 0x515:0x6 DW_TAG_enumerator
	.long	.Linfo_string147                @ DW_AT_name
	.byte	16                              @ DW_AT_const_value
	.byte	19                              @ Abbrev [19] 0x51b:0x6 DW_TAG_enumerator
	.long	.Linfo_string148                @ DW_AT_name
	.byte	8                               @ DW_AT_const_value
	.byte	0                               @ End Of Children Mark
	.byte	18                              @ Abbrev [18] 0x522:0x1f DW_TAG_enumeration_type
	.long	1220                            @ DW_AT_type
	.long	.Linfo_string153                @ DW_AT_name
	.byte	1                               @ DW_AT_byte_size
	.byte	5                               @ DW_AT_decl_file
	.byte	41                              @ DW_AT_decl_line
	.byte	19                              @ Abbrev [19] 0x52e:0x6 DW_TAG_enumerator
	.long	.Linfo_string150                @ DW_AT_name
	.byte	4                               @ DW_AT_const_value
	.byte	19                              @ Abbrev [19] 0x534:0x6 DW_TAG_enumerator
	.long	.Linfo_string151                @ DW_AT_name
	.byte	2                               @ DW_AT_const_value
	.byte	19                              @ Abbrev [19] 0x53a:0x6 DW_TAG_enumerator
	.long	.Linfo_string152                @ DW_AT_name
	.byte	1                               @ DW_AT_const_value
	.byte	0                               @ End Of Children Mark
	.byte	11                              @ Abbrev [11] 0x541:0x20 DW_TAG_enumeration_type
	.long	1220                            @ DW_AT_type
	.long	.Linfo_string157                @ DW_AT_name
	.byte	1                               @ DW_AT_byte_size
	.byte	2                               @ DW_AT_decl_file
	.short	662                             @ DW_AT_decl_line
	.byte	19                              @ Abbrev [19] 0x54e:0x6 DW_TAG_enumerator
	.long	.Linfo_string154                @ DW_AT_name
	.byte	0                               @ DW_AT_const_value
	.byte	19                              @ Abbrev [19] 0x554:0x6 DW_TAG_enumerator
	.long	.Linfo_string155                @ DW_AT_name
	.byte	1                               @ DW_AT_const_value
	.byte	19                              @ Abbrev [19] 0x55a:0x6 DW_TAG_enumerator
	.long	.Linfo_string156                @ DW_AT_name
	.byte	3                               @ DW_AT_const_value
	.byte	0                               @ End Of Children Mark
	.byte	17                              @ Abbrev [17] 0x561:0xb DW_TAG_typedef
	.long	1388                            @ DW_AT_type
	.long	.Linfo_string159                @ DW_AT_name
	.byte	3                               @ DW_AT_decl_file
	.byte	64                              @ DW_AT_decl_line
	.byte	5                               @ Abbrev [5] 0x56c:0x7 DW_TAG_base_type
	.long	.Linfo_string158                @ DW_AT_name
	.byte	7                               @ DW_AT_encoding
	.byte	4                               @ DW_AT_byte_size
	.byte	13                              @ Abbrev [13] 0x573:0x5 DW_TAG_pointer_type
	.long	1400                            @ DW_AT_type
	.byte	16                              @ Abbrev [16] 0x578:0x5 DW_TAG_volatile_type
	.long	1377                            @ DW_AT_type
	.byte	13                              @ Abbrev [13] 0x57d:0x5 DW_TAG_pointer_type
	.long	1410                            @ DW_AT_type
	.byte	10                              @ Abbrev [10] 0x582:0xc DW_TAG_typedef
	.long	1422                            @ DW_AT_type
	.long	.Linfo_string193                @ DW_AT_name
	.byte	4                               @ DW_AT_decl_file
	.short	6609                            @ DW_AT_decl_line
	.byte	14                              @ Abbrev [14] 0x58e:0x1b3 DW_TAG_structure_type
	.byte	140                             @ DW_AT_byte_size
	.byte	4                               @ DW_AT_decl_file
	.short	6575                            @ DW_AT_decl_line
	.byte	15                              @ Abbrev [15] 0x593:0xd DW_TAG_member
	.long	.Linfo_string160                @ DW_AT_name
	.long	1400                            @ DW_AT_type
	.byte	4                               @ DW_AT_decl_file
	.short	6576                            @ DW_AT_decl_line
	.byte	0                               @ DW_AT_data_member_location
	.byte	15                              @ Abbrev [15] 0x5a0:0xd DW_TAG_member
	.long	.Linfo_string161                @ DW_AT_name
	.long	1857                            @ DW_AT_type
	.byte	4                               @ DW_AT_decl_file
	.short	6577                            @ DW_AT_decl_line
	.byte	4                               @ DW_AT_data_member_location
	.byte	15                              @ Abbrev [15] 0x5ad:0xd DW_TAG_member
	.long	.Linfo_string162                @ DW_AT_name
	.long	1869                            @ DW_AT_type
	.byte	4                               @ DW_AT_decl_file
	.short	6578                            @ DW_AT_decl_line
	.byte	8                               @ DW_AT_data_member_location
	.byte	15                              @ Abbrev [15] 0x5ba:0xd DW_TAG_member
	.long	.Linfo_string163                @ DW_AT_name
	.long	1400                            @ DW_AT_type
	.byte	4                               @ DW_AT_decl_file
	.short	6579                            @ DW_AT_decl_line
	.byte	12                              @ DW_AT_data_member_location
	.byte	15                              @ Abbrev [15] 0x5c7:0xd DW_TAG_member
	.long	.Linfo_string164                @ DW_AT_name
	.long	1400                            @ DW_AT_type
	.byte	4                               @ DW_AT_decl_file
	.short	6580                            @ DW_AT_decl_line
	.byte	16                              @ DW_AT_data_member_location
	.byte	15                              @ Abbrev [15] 0x5d4:0xd DW_TAG_member
	.long	.Linfo_string165                @ DW_AT_name
	.long	1400                            @ DW_AT_type
	.byte	4                               @ DW_AT_decl_file
	.short	6581                            @ DW_AT_decl_line
	.byte	20                              @ DW_AT_data_member_location
	.byte	15                              @ Abbrev [15] 0x5e1:0xd DW_TAG_member
	.long	.Linfo_string166                @ DW_AT_name
	.long	1400                            @ DW_AT_type
	.byte	4                               @ DW_AT_decl_file
	.short	6582                            @ DW_AT_decl_line
	.byte	24                              @ DW_AT_data_member_location
	.byte	15                              @ Abbrev [15] 0x5ee:0xd DW_TAG_member
	.long	.Linfo_string167                @ DW_AT_name
	.long	1400                            @ DW_AT_type
	.byte	4                               @ DW_AT_decl_file
	.short	6583                            @ DW_AT_decl_line
	.byte	28                              @ DW_AT_data_member_location
	.byte	15                              @ Abbrev [15] 0x5fb:0xd DW_TAG_member
	.long	.Linfo_string168                @ DW_AT_name
	.long	1400                            @ DW_AT_type
	.byte	4                               @ DW_AT_decl_file
	.short	6584                            @ DW_AT_decl_line
	.byte	32                              @ DW_AT_data_member_location
	.byte	15                              @ Abbrev [15] 0x608:0xd DW_TAG_member
	.long	.Linfo_string169                @ DW_AT_name
	.long	1400                            @ DW_AT_type
	.byte	4                               @ DW_AT_decl_file
	.short	6585                            @ DW_AT_decl_line
	.byte	36                              @ DW_AT_data_member_location
	.byte	15                              @ Abbrev [15] 0x615:0xd DW_TAG_member
	.long	.Linfo_string170                @ DW_AT_name
	.long	1400                            @ DW_AT_type
	.byte	4                               @ DW_AT_decl_file
	.short	6586                            @ DW_AT_decl_line
	.byte	40                              @ DW_AT_data_member_location
	.byte	15                              @ Abbrev [15] 0x622:0xd DW_TAG_member
	.long	.Linfo_string171                @ DW_AT_name
	.long	1400                            @ DW_AT_type
	.byte	4                               @ DW_AT_decl_file
	.short	6587                            @ DW_AT_decl_line
	.byte	44                              @ DW_AT_data_member_location
	.byte	15                              @ Abbrev [15] 0x62f:0xd DW_TAG_member
	.long	.Linfo_string172                @ DW_AT_name
	.long	1400                            @ DW_AT_type
	.byte	4                               @ DW_AT_decl_file
	.short	6588                            @ DW_AT_decl_line
	.byte	48                              @ DW_AT_data_member_location
	.byte	15                              @ Abbrev [15] 0x63c:0xd DW_TAG_member
	.long	.Linfo_string173                @ DW_AT_name
	.long	1857                            @ DW_AT_type
	.byte	4                               @ DW_AT_decl_file
	.short	6589                            @ DW_AT_decl_line
	.byte	52                              @ DW_AT_data_member_location
	.byte	15                              @ Abbrev [15] 0x649:0xd DW_TAG_member
	.long	.Linfo_string174                @ DW_AT_name
	.long	1400                            @ DW_AT_type
	.byte	4                               @ DW_AT_decl_file
	.short	6590                            @ DW_AT_decl_line
	.byte	56                              @ DW_AT_data_member_location
	.byte	15                              @ Abbrev [15] 0x656:0xd DW_TAG_member
	.long	.Linfo_string175                @ DW_AT_name
	.long	1400                            @ DW_AT_type
	.byte	4                               @ DW_AT_decl_file
	.short	6591                            @ DW_AT_decl_line
	.byte	60                              @ DW_AT_data_member_location
	.byte	15                              @ Abbrev [15] 0x663:0xd DW_TAG_member
	.long	.Linfo_string176                @ DW_AT_name
	.long	1874                            @ DW_AT_type
	.byte	4                               @ DW_AT_decl_file
	.short	6592                            @ DW_AT_decl_line
	.byte	64                              @ DW_AT_data_member_location
	.byte	15                              @ Abbrev [15] 0x670:0xd DW_TAG_member
	.long	.Linfo_string177                @ DW_AT_name
	.long	1869                            @ DW_AT_type
	.byte	4                               @ DW_AT_decl_file
	.short	6593                            @ DW_AT_decl_line
	.byte	72                              @ DW_AT_data_member_location
	.byte	15                              @ Abbrev [15] 0x67d:0xd DW_TAG_member
	.long	.Linfo_string178                @ DW_AT_name
	.long	1874                            @ DW_AT_type
	.byte	4                               @ DW_AT_decl_file
	.short	6594                            @ DW_AT_decl_line
	.byte	76                              @ DW_AT_data_member_location
	.byte	15                              @ Abbrev [15] 0x68a:0xd DW_TAG_member
	.long	.Linfo_string179                @ DW_AT_name
	.long	1400                            @ DW_AT_type
	.byte	4                               @ DW_AT_decl_file
	.short	6595                            @ DW_AT_decl_line
	.byte	84                              @ DW_AT_data_member_location
	.byte	15                              @ Abbrev [15] 0x697:0xd DW_TAG_member
	.long	.Linfo_string180                @ DW_AT_name
	.long	1400                            @ DW_AT_type
	.byte	4                               @ DW_AT_decl_file
	.short	6596                            @ DW_AT_decl_line
	.byte	88                              @ DW_AT_data_member_location
	.byte	15                              @ Abbrev [15] 0x6a4:0xd DW_TAG_member
	.long	.Linfo_string181                @ DW_AT_name
	.long	1400                            @ DW_AT_type
	.byte	4                               @ DW_AT_decl_file
	.short	6597                            @ DW_AT_decl_line
	.byte	92                              @ DW_AT_data_member_location
	.byte	15                              @ Abbrev [15] 0x6b1:0xd DW_TAG_member
	.long	.Linfo_string182                @ DW_AT_name
	.long	1400                            @ DW_AT_type
	.byte	4                               @ DW_AT_decl_file
	.short	6598                            @ DW_AT_decl_line
	.byte	96                              @ DW_AT_data_member_location
	.byte	15                              @ Abbrev [15] 0x6be:0xd DW_TAG_member
	.long	.Linfo_string183                @ DW_AT_name
	.long	1400                            @ DW_AT_type
	.byte	4                               @ DW_AT_decl_file
	.short	6599                            @ DW_AT_decl_line
	.byte	100                             @ DW_AT_data_member_location
	.byte	15                              @ Abbrev [15] 0x6cb:0xd DW_TAG_member
	.long	.Linfo_string184                @ DW_AT_name
	.long	1400                            @ DW_AT_type
	.byte	4                               @ DW_AT_decl_file
	.short	6600                            @ DW_AT_decl_line
	.byte	104                             @ DW_AT_data_member_location
	.byte	15                              @ Abbrev [15] 0x6d8:0xd DW_TAG_member
	.long	.Linfo_string185                @ DW_AT_name
	.long	1400                            @ DW_AT_type
	.byte	4                               @ DW_AT_decl_file
	.short	6601                            @ DW_AT_decl_line
	.byte	108                             @ DW_AT_data_member_location
	.byte	15                              @ Abbrev [15] 0x6e5:0xd DW_TAG_member
	.long	.Linfo_string186                @ DW_AT_name
	.long	1400                            @ DW_AT_type
	.byte	4                               @ DW_AT_decl_file
	.short	6602                            @ DW_AT_decl_line
	.byte	112                             @ DW_AT_data_member_location
	.byte	15                              @ Abbrev [15] 0x6f2:0xd DW_TAG_member
	.long	.Linfo_string187                @ DW_AT_name
	.long	1400                            @ DW_AT_type
	.byte	4                               @ DW_AT_decl_file
	.short	6603                            @ DW_AT_decl_line
	.byte	116                             @ DW_AT_data_member_location
	.byte	15                              @ Abbrev [15] 0x6ff:0xd DW_TAG_member
	.long	.Linfo_string188                @ DW_AT_name
	.long	1400                            @ DW_AT_type
	.byte	4                               @ DW_AT_decl_file
	.short	6604                            @ DW_AT_decl_line
	.byte	120                             @ DW_AT_data_member_location
	.byte	15                              @ Abbrev [15] 0x70c:0xd DW_TAG_member
	.long	.Linfo_string189                @ DW_AT_name
	.long	1400                            @ DW_AT_type
	.byte	4                               @ DW_AT_decl_file
	.short	6605                            @ DW_AT_decl_line
	.byte	124                             @ DW_AT_data_member_location
	.byte	15                              @ Abbrev [15] 0x719:0xd DW_TAG_member
	.long	.Linfo_string190                @ DW_AT_name
	.long	1400                            @ DW_AT_type
	.byte	4                               @ DW_AT_decl_file
	.short	6606                            @ DW_AT_decl_line
	.byte	128                             @ DW_AT_data_member_location
	.byte	15                              @ Abbrev [15] 0x726:0xd DW_TAG_member
	.long	.Linfo_string191                @ DW_AT_name
	.long	1400                            @ DW_AT_type
	.byte	4                               @ DW_AT_decl_file
	.short	6607                            @ DW_AT_decl_line
	.byte	132                             @ DW_AT_data_member_location
	.byte	15                              @ Abbrev [15] 0x733:0xd DW_TAG_member
	.long	.Linfo_string192                @ DW_AT_name
	.long	1400                            @ DW_AT_type
	.byte	4                               @ DW_AT_decl_file
	.short	6608                            @ DW_AT_decl_line
	.byte	136                             @ DW_AT_data_member_location
	.byte	0                               @ End Of Children Mark
	.byte	3                               @ Abbrev [3] 0x741:0xc DW_TAG_array_type
	.long	1209                            @ DW_AT_type
	.byte	4                               @ Abbrev [4] 0x746:0x6 DW_TAG_subrange_type
	.long	70                              @ DW_AT_type
	.byte	4                               @ DW_AT_count
	.byte	0                               @ End Of Children Mark
	.byte	9                               @ Abbrev [9] 0x74d:0x5 DW_TAG_const_type
	.long	1400                            @ DW_AT_type
	.byte	3                               @ Abbrev [3] 0x752:0xc DW_TAG_array_type
	.long	1209                            @ DW_AT_type
	.byte	4                               @ Abbrev [4] 0x757:0x6 DW_TAG_subrange_type
	.long	70                              @ DW_AT_type
	.byte	8                               @ DW_AT_count
	.byte	0                               @ End Of Children Mark
	.byte	13                              @ Abbrev [13] 0x75e:0x5 DW_TAG_pointer_type
	.long	1891                            @ DW_AT_type
	.byte	20                              @ Abbrev [20] 0x763:0x1 DW_TAG_volatile_type
	.byte	21                              @ Abbrev [21] 0x764:0x3c DW_TAG_subprogram
	.long	.Lfunc_begin0                   @ DW_AT_low_pc
	.long	.Lfunc_end0-.Lfunc_begin0       @ DW_AT_high_pc
	.byte	1                               @ DW_AT_frame_base
	.byte	93
	.long	.Linfo_string194                @ DW_AT_name
	.byte	1                               @ DW_AT_decl_file
	.byte	70                              @ DW_AT_decl_line
                                        @ DW_AT_prototyped
                                        @ DW_AT_external
	.byte	22                              @ Abbrev [22] 0x775:0xe DW_TAG_formal_parameter
	.byte	2                               @ DW_AT_location
	.byte	145
	.byte	12
	.long	.Linfo_string211                @ DW_AT_name
	.byte	1                               @ DW_AT_decl_file
	.byte	70                              @ DW_AT_decl_line
	.long	1103                            @ DW_AT_type
	.byte	22                              @ Abbrev [22] 0x783:0xe DW_TAG_formal_parameter
	.byte	2                               @ DW_AT_location
	.byte	145
	.byte	8
	.long	.Linfo_string212                @ DW_AT_name
	.byte	1                               @ DW_AT_decl_file
	.byte	70                              @ DW_AT_decl_line
	.long	2851                            @ DW_AT_type
	.byte	23                              @ Abbrev [23] 0x791:0xe DW_TAG_variable
	.byte	2                               @ DW_AT_location
	.byte	145
	.byte	7
	.long	.Linfo_string223                @ DW_AT_name
	.byte	1                               @ DW_AT_decl_file
	.byte	74                              @ DW_AT_decl_line
	.long	1209                            @ DW_AT_type
	.byte	0                               @ End Of Children Mark
	.byte	24                              @ Abbrev [24] 0x7a0:0x22 DW_TAG_subprogram
	.long	.Lfunc_begin1                   @ DW_AT_low_pc
	.long	.Lfunc_end1-.Lfunc_begin1       @ DW_AT_high_pc
	.byte	1                               @ DW_AT_frame_base
	.byte	93
	.long	.Linfo_string195                @ DW_AT_name
	.byte	2                               @ DW_AT_decl_file
	.short	1514                            @ DW_AT_decl_line
                                        @ DW_AT_prototyped
	.byte	25                              @ Abbrev [25] 0x7b2:0xf DW_TAG_formal_parameter
	.byte	2                               @ DW_AT_location
	.byte	145
	.byte	6
	.long	.Linfo_string224                @ DW_AT_name
	.byte	2                               @ DW_AT_decl_file
	.short	1514                            @ DW_AT_decl_line
	.long	188                             @ DW_AT_type
	.byte	0                               @ End Of Children Mark
	.byte	26                              @ Abbrev [26] 0x7c2:0x32 DW_TAG_subprogram
	.long	.Lfunc_begin2                   @ DW_AT_low_pc
	.long	.Lfunc_end2-.Lfunc_begin2       @ DW_AT_high_pc
	.byte	1                               @ DW_AT_frame_base
	.byte	93
	.long	.Linfo_string196                @ DW_AT_name
	.byte	1                               @ DW_AT_decl_file
	.byte	39                              @ DW_AT_decl_line
                                        @ DW_AT_prototyped
	.long	1377                            @ DW_AT_type
	.byte	22                              @ Abbrev [22] 0x7d7:0xe DW_TAG_formal_parameter
	.byte	2                               @ DW_AT_location
	.byte	145
	.byte	4
	.long	.Linfo_string211                @ DW_AT_name
	.byte	1                               @ DW_AT_decl_file
	.byte	39                              @ DW_AT_decl_line
	.long	1103                            @ DW_AT_type
	.byte	23                              @ Abbrev [23] 0x7e5:0xe DW_TAG_variable
	.byte	2                               @ DW_AT_location
	.byte	145
	.byte	0
	.long	.Linfo_string225                @ DW_AT_name
	.byte	1                               @ DW_AT_decl_file
	.byte	41                              @ DW_AT_decl_line
	.long	1377                            @ DW_AT_type
	.byte	0                               @ End Of Children Mark
	.byte	27                              @ Abbrev [27] 0x7f4:0x2e DW_TAG_subprogram
	.long	.Lfunc_begin3                   @ DW_AT_low_pc
	.long	.Lfunc_end3-.Lfunc_begin3       @ DW_AT_high_pc
	.byte	1                               @ DW_AT_frame_base
	.byte	93
	.long	.Linfo_string197                @ DW_AT_name
	.byte	5                               @ DW_AT_decl_file
	.byte	154                             @ DW_AT_decl_line
                                        @ DW_AT_prototyped
	.byte	22                              @ Abbrev [22] 0x805:0xe DW_TAG_formal_parameter
	.byte	2                               @ DW_AT_location
	.byte	145
	.byte	4
	.long	.Linfo_string211                @ DW_AT_name
	.byte	5                               @ DW_AT_decl_file
	.byte	154                             @ DW_AT_decl_line
	.long	1103                            @ DW_AT_type
	.byte	22                              @ Abbrev [22] 0x813:0xe DW_TAG_formal_parameter
	.byte	2                               @ DW_AT_location
	.byte	145
	.byte	3
	.long	.Linfo_string226                @ DW_AT_name
	.byte	5                               @ DW_AT_decl_file
	.byte	154                             @ DW_AT_decl_line
	.long	2953                            @ DW_AT_type
	.byte	0                               @ End Of Children Mark
	.byte	21                              @ Abbrev [21] 0x822:0x20 DW_TAG_subprogram
	.long	.Lfunc_begin4                   @ DW_AT_low_pc
	.long	.Lfunc_end4-.Lfunc_begin4       @ DW_AT_high_pc
	.byte	1                               @ DW_AT_frame_base
	.byte	93
	.long	.Linfo_string198                @ DW_AT_name
	.byte	1                               @ DW_AT_decl_file
	.byte	134                             @ DW_AT_decl_line
                                        @ DW_AT_prototyped
                                        @ DW_AT_external
	.byte	22                              @ Abbrev [22] 0x833:0xe DW_TAG_formal_parameter
	.byte	2                               @ DW_AT_location
	.byte	145
	.byte	4
	.long	.Linfo_string211                @ DW_AT_name
	.byte	1                               @ DW_AT_decl_file
	.byte	134                             @ DW_AT_decl_line
	.long	1103                            @ DW_AT_type
	.byte	0                               @ End Of Children Mark
	.byte	24                              @ Abbrev [24] 0x842:0x22 DW_TAG_subprogram
	.long	.Lfunc_begin5                   @ DW_AT_low_pc
	.long	.Lfunc_end5-.Lfunc_begin5       @ DW_AT_high_pc
	.byte	1                               @ DW_AT_frame_base
	.byte	93
	.long	.Linfo_string199                @ DW_AT_name
	.byte	2                               @ DW_AT_decl_file
	.short	1524                            @ DW_AT_decl_line
                                        @ DW_AT_prototyped
	.byte	25                              @ Abbrev [25] 0x854:0xf DW_TAG_formal_parameter
	.byte	2                               @ DW_AT_location
	.byte	145
	.byte	6
	.long	.Linfo_string224                @ DW_AT_name
	.byte	2                               @ DW_AT_decl_file
	.short	1524                            @ DW_AT_decl_line
	.long	188                             @ DW_AT_type
	.byte	0                               @ End Of Children Mark
	.byte	21                              @ Abbrev [21] 0x864:0x20 DW_TAG_subprogram
	.long	.Lfunc_begin6                   @ DW_AT_low_pc
	.long	.Lfunc_end6-.Lfunc_begin6       @ DW_AT_high_pc
	.byte	1                               @ DW_AT_frame_base
	.byte	93
	.long	.Linfo_string200                @ DW_AT_name
	.byte	1                               @ DW_AT_decl_file
	.byte	160                             @ DW_AT_decl_line
                                        @ DW_AT_prototyped
                                        @ DW_AT_external
	.byte	22                              @ Abbrev [22] 0x875:0xe DW_TAG_formal_parameter
	.byte	2                               @ DW_AT_location
	.byte	145
	.byte	4
	.long	.Linfo_string212                @ DW_AT_name
	.byte	1                               @ DW_AT_decl_file
	.byte	160                             @ DW_AT_decl_line
	.long	2971                            @ DW_AT_type
	.byte	0                               @ End Of Children Mark
	.byte	21                              @ Abbrev [21] 0x884:0x4a DW_TAG_subprogram
	.long	.Lfunc_begin7                   @ DW_AT_low_pc
	.long	.Lfunc_end7-.Lfunc_begin7       @ DW_AT_high_pc
	.byte	1                               @ DW_AT_frame_base
	.byte	93
	.long	.Linfo_string201                @ DW_AT_name
	.byte	1                               @ DW_AT_decl_file
	.byte	189                             @ DW_AT_decl_line
                                        @ DW_AT_prototyped
                                        @ DW_AT_external
	.byte	22                              @ Abbrev [22] 0x895:0xe DW_TAG_formal_parameter
	.byte	2                               @ DW_AT_location
	.byte	145
	.byte	4
	.long	.Linfo_string211                @ DW_AT_name
	.byte	1                               @ DW_AT_decl_file
	.byte	189                             @ DW_AT_decl_line
	.long	1103                            @ DW_AT_type
	.byte	22                              @ Abbrev [22] 0x8a3:0xe DW_TAG_formal_parameter
	.byte	2                               @ DW_AT_location
	.byte	145
	.byte	3
	.long	.Linfo_string227                @ DW_AT_name
	.byte	1                               @ DW_AT_decl_file
	.byte	189                             @ DW_AT_decl_line
	.long	1209                            @ DW_AT_type
	.byte	22                              @ Abbrev [22] 0x8b1:0xe DW_TAG_formal_parameter
	.byte	2                               @ DW_AT_location
	.byte	145
	.byte	2
	.long	.Linfo_string228                @ DW_AT_name
	.byte	1                               @ DW_AT_decl_file
	.byte	189                             @ DW_AT_decl_line
	.long	1209                            @ DW_AT_type
	.byte	23                              @ Abbrev [23] 0x8bf:0xe DW_TAG_variable
	.byte	2                               @ DW_AT_location
	.byte	145
	.byte	1
	.long	.Linfo_string223                @ DW_AT_name
	.byte	1                               @ DW_AT_decl_file
	.byte	191                             @ DW_AT_decl_line
	.long	1209                            @ DW_AT_type
	.byte	0                               @ End Of Children Mark
	.byte	21                              @ Abbrev [21] 0x8ce:0x3c DW_TAG_subprogram
	.long	.Lfunc_begin8                   @ DW_AT_low_pc
	.long	.Lfunc_end8-.Lfunc_begin8       @ DW_AT_high_pc
	.byte	1                               @ DW_AT_frame_base
	.byte	93
	.long	.Linfo_string202                @ DW_AT_name
	.byte	1                               @ DW_AT_decl_file
	.byte	210                             @ DW_AT_decl_line
                                        @ DW_AT_prototyped
                                        @ DW_AT_external
	.byte	22                              @ Abbrev [22] 0x8df:0xe DW_TAG_formal_parameter
	.byte	2                               @ DW_AT_location
	.byte	145
	.byte	4
	.long	.Linfo_string211                @ DW_AT_name
	.byte	1                               @ DW_AT_decl_file
	.byte	210                             @ DW_AT_decl_line
	.long	1103                            @ DW_AT_type
	.byte	22                              @ Abbrev [22] 0x8ed:0xe DW_TAG_formal_parameter
	.byte	2                               @ DW_AT_location
	.byte	145
	.byte	3
	.long	.Linfo_string226                @ DW_AT_name
	.byte	1                               @ DW_AT_decl_file
	.byte	210                             @ DW_AT_decl_line
	.long	2953                            @ DW_AT_type
	.byte	23                              @ Abbrev [23] 0x8fb:0xe DW_TAG_variable
	.byte	2                               @ DW_AT_location
	.byte	145
	.byte	2
	.long	.Linfo_string223                @ DW_AT_name
	.byte	1                               @ DW_AT_decl_file
	.byte	212                             @ DW_AT_decl_line
	.long	1209                            @ DW_AT_type
	.byte	0                               @ End Of Children Mark
	.byte	21                              @ Abbrev [21] 0x90a:0x3c DW_TAG_subprogram
	.long	.Lfunc_begin9                   @ DW_AT_low_pc
	.long	.Lfunc_end9-.Lfunc_begin9       @ DW_AT_high_pc
	.byte	1                               @ DW_AT_frame_base
	.byte	93
	.long	.Linfo_string203                @ DW_AT_name
	.byte	1                               @ DW_AT_decl_file
	.byte	232                             @ DW_AT_decl_line
                                        @ DW_AT_prototyped
                                        @ DW_AT_external
	.byte	22                              @ Abbrev [22] 0x91b:0xe DW_TAG_formal_parameter
	.byte	2                               @ DW_AT_location
	.byte	145
	.byte	12
	.long	.Linfo_string211                @ DW_AT_name
	.byte	1                               @ DW_AT_decl_file
	.byte	232                             @ DW_AT_decl_line
	.long	1103                            @ DW_AT_type
	.byte	22                              @ Abbrev [22] 0x929:0xe DW_TAG_formal_parameter
	.byte	2                               @ DW_AT_location
	.byte	145
	.byte	8
	.long	.Linfo_string212                @ DW_AT_name
	.byte	1                               @ DW_AT_decl_file
	.byte	232                             @ DW_AT_decl_line
	.long	2976                            @ DW_AT_type
	.byte	23                              @ Abbrev [23] 0x937:0xe DW_TAG_variable
	.byte	2                               @ DW_AT_location
	.byte	145
	.byte	7
	.long	.Linfo_string223                @ DW_AT_name
	.byte	1                               @ DW_AT_decl_file
	.byte	236                             @ DW_AT_decl_line
	.long	1209                            @ DW_AT_type
	.byte	0                               @ End Of Children Mark
	.byte	28                              @ Abbrev [28] 0x946:0x40 DW_TAG_subprogram
	.long	.Lfunc_begin10                  @ DW_AT_low_pc
	.long	.Lfunc_end10-.Lfunc_begin10     @ DW_AT_high_pc
	.byte	1                               @ DW_AT_frame_base
	.byte	93
	.long	.Linfo_string204                @ DW_AT_name
	.byte	1                               @ DW_AT_decl_file
	.short	263                             @ DW_AT_decl_line
                                        @ DW_AT_prototyped
                                        @ DW_AT_external
	.byte	25                              @ Abbrev [25] 0x958:0xf DW_TAG_formal_parameter
	.byte	2                               @ DW_AT_location
	.byte	145
	.byte	8
	.long	.Linfo_string211                @ DW_AT_name
	.byte	1                               @ DW_AT_decl_file
	.short	263                             @ DW_AT_decl_line
	.long	1103                            @ DW_AT_type
	.byte	25                              @ Abbrev [25] 0x967:0xf DW_TAG_formal_parameter
	.byte	2                               @ DW_AT_location
	.byte	145
	.byte	4
	.long	.Linfo_string212                @ DW_AT_name
	.byte	1                               @ DW_AT_decl_file
	.short	263                             @ DW_AT_decl_line
	.long	3042                            @ DW_AT_type
	.byte	29                              @ Abbrev [29] 0x976:0xf DW_TAG_variable
	.byte	2                               @ DW_AT_location
	.byte	145
	.byte	3
	.long	.Linfo_string223                @ DW_AT_name
	.byte	1                               @ DW_AT_decl_file
	.short	265                             @ DW_AT_decl_line
	.long	1209                            @ DW_AT_type
	.byte	0                               @ End Of Children Mark
	.byte	28                              @ Abbrev [28] 0x986:0x40 DW_TAG_subprogram
	.long	.Lfunc_begin11                  @ DW_AT_low_pc
	.long	.Lfunc_end11-.Lfunc_begin11     @ DW_AT_high_pc
	.byte	1                               @ DW_AT_frame_base
	.byte	93
	.long	.Linfo_string205                @ DW_AT_name
	.byte	1                               @ DW_AT_decl_file
	.short	290                             @ DW_AT_decl_line
                                        @ DW_AT_prototyped
                                        @ DW_AT_external
	.byte	25                              @ Abbrev [25] 0x998:0xf DW_TAG_formal_parameter
	.byte	2                               @ DW_AT_location
	.byte	145
	.byte	8
	.long	.Linfo_string211                @ DW_AT_name
	.byte	1                               @ DW_AT_decl_file
	.short	290                             @ DW_AT_decl_line
	.long	1103                            @ DW_AT_type
	.byte	25                              @ Abbrev [25] 0x9a7:0xf DW_TAG_formal_parameter
	.byte	2                               @ DW_AT_location
	.byte	145
	.byte	4
	.long	.Linfo_string239                @ DW_AT_name
	.byte	1                               @ DW_AT_decl_file
	.short	290                             @ DW_AT_decl_line
	.long	1377                            @ DW_AT_type
	.byte	29                              @ Abbrev [29] 0x9b6:0xf DW_TAG_variable
	.byte	2                               @ DW_AT_location
	.byte	145
	.byte	3
	.long	.Linfo_string223                @ DW_AT_name
	.byte	1                               @ DW_AT_decl_file
	.short	292                             @ DW_AT_decl_line
	.long	1209                            @ DW_AT_type
	.byte	0                               @ End Of Children Mark
	.byte	28                              @ Abbrev [28] 0x9c6:0x40 DW_TAG_subprogram
	.long	.Lfunc_begin12                  @ DW_AT_low_pc
	.long	.Lfunc_end12-.Lfunc_begin12     @ DW_AT_high_pc
	.byte	1                               @ DW_AT_frame_base
	.byte	93
	.long	.Linfo_string206                @ DW_AT_name
	.byte	1                               @ DW_AT_decl_file
	.short	311                             @ DW_AT_decl_line
                                        @ DW_AT_prototyped
                                        @ DW_AT_external
	.byte	25                              @ Abbrev [25] 0x9d8:0xf DW_TAG_formal_parameter
	.byte	2                               @ DW_AT_location
	.byte	145
	.byte	8
	.long	.Linfo_string211                @ DW_AT_name
	.byte	1                               @ DW_AT_decl_file
	.short	311                             @ DW_AT_decl_line
	.long	1103                            @ DW_AT_type
	.byte	25                              @ Abbrev [25] 0x9e7:0xf DW_TAG_formal_parameter
	.byte	2                               @ DW_AT_location
	.byte	145
	.byte	4
	.long	.Linfo_string239                @ DW_AT_name
	.byte	1                               @ DW_AT_decl_file
	.short	311                             @ DW_AT_decl_line
	.long	1377                            @ DW_AT_type
	.byte	29                              @ Abbrev [29] 0x9f6:0xf DW_TAG_variable
	.byte	2                               @ DW_AT_location
	.byte	145
	.byte	3
	.long	.Linfo_string223                @ DW_AT_name
	.byte	1                               @ DW_AT_decl_file
	.short	313                             @ DW_AT_decl_line
	.long	1209                            @ DW_AT_type
	.byte	0                               @ End Of Children Mark
	.byte	30                              @ Abbrev [30] 0xa06:0x35 DW_TAG_subprogram
	.long	.Lfunc_begin13                  @ DW_AT_low_pc
	.long	.Lfunc_end13-.Lfunc_begin13     @ DW_AT_high_pc
	.byte	1                               @ DW_AT_frame_base
	.byte	93
	.long	.Linfo_string207                @ DW_AT_name
	.byte	1                               @ DW_AT_decl_file
	.short	333                             @ DW_AT_decl_line
                                        @ DW_AT_prototyped
	.long	1377                            @ DW_AT_type
                                        @ DW_AT_external
	.byte	25                              @ Abbrev [25] 0xa1c:0xf DW_TAG_formal_parameter
	.byte	2                               @ DW_AT_location
	.byte	145
	.byte	4
	.long	.Linfo_string211                @ DW_AT_name
	.byte	1                               @ DW_AT_decl_file
	.short	333                             @ DW_AT_decl_line
	.long	1103                            @ DW_AT_type
	.byte	29                              @ Abbrev [29] 0xa2b:0xf DW_TAG_variable
	.byte	2                               @ DW_AT_location
	.byte	145
	.byte	0
	.long	.Linfo_string240                @ DW_AT_name
	.byte	1                               @ DW_AT_decl_file
	.short	335                             @ DW_AT_decl_line
	.long	1377                            @ DW_AT_type
	.byte	0                               @ End Of Children Mark
	.byte	28                              @ Abbrev [28] 0xa3b:0x40 DW_TAG_subprogram
	.long	.Lfunc_begin14                  @ DW_AT_low_pc
	.long	.Lfunc_end14-.Lfunc_begin14     @ DW_AT_high_pc
	.byte	1                               @ DW_AT_frame_base
	.byte	93
	.long	.Linfo_string208                @ DW_AT_name
	.byte	1                               @ DW_AT_decl_file
	.short	358                             @ DW_AT_decl_line
                                        @ DW_AT_prototyped
                                        @ DW_AT_external
	.byte	25                              @ Abbrev [25] 0xa4d:0xf DW_TAG_formal_parameter
	.byte	2                               @ DW_AT_location
	.byte	145
	.byte	8
	.long	.Linfo_string211                @ DW_AT_name
	.byte	1                               @ DW_AT_decl_file
	.short	358                             @ DW_AT_decl_line
	.long	1103                            @ DW_AT_type
	.byte	25                              @ Abbrev [25] 0xa5c:0xf DW_TAG_formal_parameter
	.byte	2                               @ DW_AT_location
	.byte	145
	.byte	4
	.long	.Linfo_string239                @ DW_AT_name
	.byte	1                               @ DW_AT_decl_file
	.short	358                             @ DW_AT_decl_line
	.long	1377                            @ DW_AT_type
	.byte	29                              @ Abbrev [29] 0xa6b:0xf DW_TAG_variable
	.byte	2                               @ DW_AT_location
	.byte	145
	.byte	3
	.long	.Linfo_string223                @ DW_AT_name
	.byte	1                               @ DW_AT_decl_file
	.short	360                             @ DW_AT_decl_line
	.long	1209                            @ DW_AT_type
	.byte	0                               @ End Of Children Mark
	.byte	24                              @ Abbrev [24] 0xa7b:0x5e DW_TAG_subprogram
	.long	.Lfunc_begin15                  @ DW_AT_low_pc
	.long	.Lfunc_end15-.Lfunc_begin15     @ DW_AT_high_pc
	.byte	1                               @ DW_AT_frame_base
	.byte	93
	.long	.Linfo_string209                @ DW_AT_name
	.byte	2                               @ DW_AT_decl_file
	.short	1497                            @ DW_AT_decl_line
                                        @ DW_AT_prototyped
	.byte	25                              @ Abbrev [25] 0xa8d:0xf DW_TAG_formal_parameter
	.byte	2                               @ DW_AT_location
	.byte	145
	.byte	14
	.long	.Linfo_string224                @ DW_AT_name
	.byte	2                               @ DW_AT_decl_file
	.short	1497                            @ DW_AT_decl_line
	.long	188                             @ DW_AT_type
	.byte	25                              @ Abbrev [25] 0xa9c:0xf DW_TAG_formal_parameter
	.byte	2                               @ DW_AT_location
	.byte	145
	.byte	13
	.long	.Linfo_string241                @ DW_AT_name
	.byte	2                               @ DW_AT_decl_file
	.short	1497                            @ DW_AT_decl_line
	.long	3107                            @ DW_AT_type
	.byte	29                              @ Abbrev [29] 0xaab:0xf DW_TAG_variable
	.byte	2                               @ DW_AT_location
	.byte	145
	.byte	8
	.long	.Linfo_string243                @ DW_AT_name
	.byte	2                               @ DW_AT_decl_file
	.short	1499                            @ DW_AT_decl_line
	.long	1377                            @ DW_AT_type
	.byte	29                              @ Abbrev [29] 0xaba:0xf DW_TAG_variable
	.byte	2                               @ DW_AT_location
	.byte	145
	.byte	4
	.long	.Linfo_string244                @ DW_AT_name
	.byte	2                               @ DW_AT_decl_file
	.short	1500                            @ DW_AT_decl_line
	.long	1377                            @ DW_AT_type
	.byte	29                              @ Abbrev [29] 0xac9:0xf DW_TAG_variable
	.byte	2                               @ DW_AT_location
	.byte	145
	.byte	0
	.long	.Linfo_string245                @ DW_AT_name
	.byte	2                               @ DW_AT_decl_file
	.short	1501                            @ DW_AT_decl_line
	.long	1395                            @ DW_AT_type
	.byte	0                               @ End Of Children Mark
	.byte	27                              @ Abbrev [27] 0xad9:0x4a DW_TAG_subprogram
	.long	.Lfunc_begin16                  @ DW_AT_low_pc
	.long	.Lfunc_end16-.Lfunc_begin16     @ DW_AT_high_pc
	.byte	1                               @ DW_AT_frame_base
	.byte	93
	.long	.Linfo_string210                @ DW_AT_name
	.byte	6                               @ DW_AT_decl_file
	.byte	210                             @ DW_AT_decl_line
                                        @ DW_AT_prototyped
	.byte	22                              @ Abbrev [22] 0xaea:0xe DW_TAG_formal_parameter
	.byte	2                               @ DW_AT_location
	.byte	145
	.byte	12
	.long	.Linfo_string246                @ DW_AT_name
	.byte	6                               @ DW_AT_decl_file
	.byte	210                             @ DW_AT_decl_line
	.long	1395                            @ DW_AT_type
	.byte	22                              @ Abbrev [22] 0xaf8:0xe DW_TAG_formal_parameter
	.byte	2                               @ DW_AT_location
	.byte	145
	.byte	8
	.long	.Linfo_string247                @ DW_AT_name
	.byte	6                               @ DW_AT_decl_file
	.byte	210                             @ DW_AT_decl_line
	.long	1377                            @ DW_AT_type
	.byte	22                              @ Abbrev [22] 0xb06:0xe DW_TAG_formal_parameter
	.byte	2                               @ DW_AT_location
	.byte	145
	.byte	4
	.long	.Linfo_string248                @ DW_AT_name
	.byte	6                               @ DW_AT_decl_file
	.byte	210                             @ DW_AT_decl_line
	.long	1377                            @ DW_AT_type
	.byte	23                              @ Abbrev [23] 0xb14:0xe DW_TAG_variable
	.byte	2                               @ DW_AT_location
	.byte	145
	.byte	0
	.long	.Linfo_string249                @ DW_AT_name
	.byte	6                               @ DW_AT_decl_file
	.byte	212                             @ DW_AT_decl_line
	.long	1377                            @ DW_AT_type
	.byte	0                               @ End Of Children Mark
	.byte	13                              @ Abbrev [13] 0xb23:0x5 DW_TAG_pointer_type
	.long	2856                            @ DW_AT_type
	.byte	9                               @ Abbrev [9] 0xb28:0x5 DW_TAG_const_type
	.long	2861                            @ DW_AT_type
	.byte	17                              @ Abbrev [17] 0xb2d:0xb DW_TAG_typedef
	.long	2872                            @ DW_AT_type
	.long	.Linfo_string222                @ DW_AT_name
	.byte	5                               @ DW_AT_decl_file
	.byte	82                              @ DW_AT_decl_line
	.byte	31                              @ Abbrev [31] 0xb38:0x51 DW_TAG_structure_type
	.long	.Linfo_string221                @ DW_AT_name
	.byte	6                               @ DW_AT_byte_size
	.byte	5                               @ DW_AT_decl_file
	.byte	71                              @ DW_AT_decl_line
	.byte	32                              @ Abbrev [32] 0xb40:0xc DW_TAG_member
	.long	.Linfo_string213                @ DW_AT_name
	.long	2953                            @ DW_AT_type
	.byte	5                               @ DW_AT_decl_file
	.byte	73                              @ DW_AT_decl_line
	.byte	0                               @ DW_AT_data_member_location
	.byte	32                              @ Abbrev [32] 0xb4c:0xc DW_TAG_member
	.long	.Linfo_string215                @ DW_AT_name
	.long	2960                            @ DW_AT_type
	.byte	5                               @ DW_AT_decl_file
	.byte	74                              @ DW_AT_decl_line
	.byte	1                               @ DW_AT_data_member_location
	.byte	32                              @ Abbrev [32] 0xb58:0xc DW_TAG_member
	.long	.Linfo_string217                @ DW_AT_name
	.long	2953                            @ DW_AT_type
	.byte	5                               @ DW_AT_decl_file
	.byte	75                              @ DW_AT_decl_line
	.byte	2                               @ DW_AT_data_member_location
	.byte	32                              @ Abbrev [32] 0xb64:0xc DW_TAG_member
	.long	.Linfo_string218                @ DW_AT_name
	.long	2953                            @ DW_AT_type
	.byte	5                               @ DW_AT_decl_file
	.byte	76                              @ DW_AT_decl_line
	.byte	3                               @ DW_AT_data_member_location
	.byte	32                              @ Abbrev [32] 0xb70:0xc DW_TAG_member
	.long	.Linfo_string219                @ DW_AT_name
	.long	2953                            @ DW_AT_type
	.byte	5                               @ DW_AT_decl_file
	.byte	77                              @ DW_AT_decl_line
	.byte	4                               @ DW_AT_data_member_location
	.byte	32                              @ Abbrev [32] 0xb7c:0xc DW_TAG_member
	.long	.Linfo_string220                @ DW_AT_name
	.long	2953                            @ DW_AT_type
	.byte	5                               @ DW_AT_decl_file
	.byte	78                              @ DW_AT_decl_line
	.byte	5                               @ DW_AT_data_member_location
	.byte	0                               @ End Of Children Mark
	.byte	5                               @ Abbrev [5] 0xb89:0x7 DW_TAG_base_type
	.long	.Linfo_string214                @ DW_AT_name
	.byte	2                               @ DW_AT_encoding
	.byte	1                               @ DW_AT_byte_size
	.byte	17                              @ Abbrev [17] 0xb90:0xb DW_TAG_typedef
	.long	1227                            @ DW_AT_type
	.long	.Linfo_string216                @ DW_AT_name
	.byte	5                               @ DW_AT_decl_file
	.byte	57                              @ DW_AT_decl_line
	.byte	13                              @ Abbrev [13] 0xb9b:0x5 DW_TAG_pointer_type
	.long	2861                            @ DW_AT_type
	.byte	13                              @ Abbrev [13] 0xba0:0x5 DW_TAG_pointer_type
	.long	2981                            @ DW_AT_type
	.byte	9                               @ Abbrev [9] 0xba5:0x5 DW_TAG_const_type
	.long	2986                            @ DW_AT_type
	.byte	17                              @ Abbrev [17] 0xbaa:0xb DW_TAG_typedef
	.long	2997                            @ DW_AT_type
	.long	.Linfo_string233                @ DW_AT_name
	.byte	5                               @ DW_AT_decl_file
	.byte	94                              @ DW_AT_decl_line
	.byte	31                              @ Abbrev [31] 0xbb5:0x2d DW_TAG_structure_type
	.long	.Linfo_string232                @ DW_AT_name
	.byte	3                               @ DW_AT_byte_size
	.byte	5                               @ DW_AT_decl_file
	.byte	87                              @ DW_AT_decl_line
	.byte	32                              @ Abbrev [32] 0xbbd:0xc DW_TAG_member
	.long	.Linfo_string229                @ DW_AT_name
	.long	2953                            @ DW_AT_type
	.byte	5                               @ DW_AT_decl_file
	.byte	90                              @ DW_AT_decl_line
	.byte	0                               @ DW_AT_data_member_location
	.byte	32                              @ Abbrev [32] 0xbc9:0xc DW_TAG_member
	.long	.Linfo_string230                @ DW_AT_name
	.long	1209                            @ DW_AT_type
	.byte	5                               @ DW_AT_decl_file
	.byte	92                              @ DW_AT_decl_line
	.byte	1                               @ DW_AT_data_member_location
	.byte	32                              @ Abbrev [32] 0xbd5:0xc DW_TAG_member
	.long	.Linfo_string231                @ DW_AT_name
	.long	1209                            @ DW_AT_type
	.byte	5                               @ DW_AT_decl_file
	.byte	93                              @ DW_AT_decl_line
	.byte	2                               @ DW_AT_data_member_location
	.byte	0                               @ End Of Children Mark
	.byte	13                              @ Abbrev [13] 0xbe2:0x5 DW_TAG_pointer_type
	.long	3047                            @ DW_AT_type
	.byte	9                               @ Abbrev [9] 0xbe7:0x5 DW_TAG_const_type
	.long	3052                            @ DW_AT_type
	.byte	17                              @ Abbrev [17] 0xbec:0xb DW_TAG_typedef
	.long	3063                            @ DW_AT_type
	.long	.Linfo_string238                @ DW_AT_name
	.byte	5                               @ DW_AT_decl_file
	.byte	103                             @ DW_AT_decl_line
	.byte	31                              @ Abbrev [31] 0xbf7:0x21 DW_TAG_structure_type
	.long	.Linfo_string237                @ DW_AT_name
	.byte	2                               @ DW_AT_byte_size
	.byte	5                               @ DW_AT_decl_file
	.byte	99                              @ DW_AT_decl_line
	.byte	32                              @ Abbrev [32] 0xbff:0xc DW_TAG_member
	.long	.Linfo_string234                @ DW_AT_name
	.long	3096                            @ DW_AT_type
	.byte	5                               @ DW_AT_decl_file
	.byte	101                             @ DW_AT_decl_line
	.byte	0                               @ DW_AT_data_member_location
	.byte	32                              @ Abbrev [32] 0xc0b:0xc DW_TAG_member
	.long	.Linfo_string236                @ DW_AT_name
	.long	1209                            @ DW_AT_type
	.byte	5                               @ DW_AT_decl_file
	.byte	102                             @ DW_AT_decl_line
	.byte	1                               @ DW_AT_data_member_location
	.byte	0                               @ End Of Children Mark
	.byte	17                              @ Abbrev [17] 0xc18:0xb DW_TAG_typedef
	.long	1264                            @ DW_AT_type
	.long	.Linfo_string235                @ DW_AT_name
	.byte	5                               @ DW_AT_decl_file
	.byte	66                              @ DW_AT_decl_line
	.byte	10                              @ Abbrev [10] 0xc23:0xc DW_TAG_typedef
	.long	1345                            @ DW_AT_type
	.long	.Linfo_string242                @ DW_AT_name
	.byte	2                               @ DW_AT_decl_file
	.short	667                             @ DW_AT_decl_line
	.byte	0                               @ End Of Children Mark
.Ldebug_info_end0:
	.section	.debug_ranges,"",%progbits
.Ldebug_ranges0:
	.long	.Lfunc_begin0
	.long	.Lfunc_end0
	.long	.Lfunc_begin1
	.long	.Lfunc_end1
	.long	.Lfunc_begin2
	.long	.Lfunc_end2
	.long	.Lfunc_begin3
	.long	.Lfunc_end3
	.long	.Lfunc_begin4
	.long	.Lfunc_end4
	.long	.Lfunc_begin5
	.long	.Lfunc_end5
	.long	.Lfunc_begin6
	.long	.Lfunc_end6
	.long	.Lfunc_begin7
	.long	.Lfunc_end7
	.long	.Lfunc_begin8
	.long	.Lfunc_end8
	.long	.Lfunc_begin9
	.long	.Lfunc_end9
	.long	.Lfunc_begin10
	.long	.Lfunc_end10
	.long	.Lfunc_begin11
	.long	.Lfunc_end11
	.long	.Lfunc_begin12
	.long	.Lfunc_end12
	.long	.Lfunc_begin13
	.long	.Lfunc_end13
	.long	.Lfunc_begin14
	.long	.Lfunc_end14
	.long	.Lfunc_begin15
	.long	.Lfunc_end15
	.long	.Lfunc_begin16
	.long	.Lfunc_end16
	.long	0
	.long	0
	.section	.debug_str,"MS",%progbits,1
.Linfo_string0:
	.asciz	"Component: Arm Compiler for Embedded 6.19 Tool: armclang [5e73cb00]" @ string offset=0
.Linfo_string1:
	.asciz	"../../libraries/sdk/drives\\fsl_cmp.c" @ string offset=68
.Linfo_string2:
	.asciz	"E:\\FILE_SMART_CAR\\\346\231\272\350\203\275\350\247\206\350\247\211\\RT1064_Library-master\\RT1064_Library-master\\SeekFree_RT1064_Opensource_Library\\project\\mdk" @ string offset=105
.Linfo_string3:
	.asciz	"char"                          @ string offset=227
.Linfo_string4:
	.asciz	"__ARRAY_SIZE_TYPE__"           @ string offset=232
.Linfo_string5:
	.asciz	"s_cmpClocks"                   @ string offset=252
.Linfo_string6:
	.asciz	"short"                         @ string offset=264
.Linfo_string7:
	.asciz	"kCLOCK_IpInvalid"              @ string offset=270
.Linfo_string8:
	.asciz	"kCLOCK_Aips_tz1"               @ string offset=287
.Linfo_string9:
	.asciz	"kCLOCK_Aips_tz2"               @ string offset=303
.Linfo_string10:
	.asciz	"kCLOCK_Mqs"                    @ string offset=319
.Linfo_string11:
	.asciz	"kCLOCK_FlexSpiExsc"            @ string offset=330
.Linfo_string12:
	.asciz	"kCLOCK_Sim_M_Main"             @ string offset=349
.Linfo_string13:
	.asciz	"kCLOCK_Dcp"                    @ string offset=367
.Linfo_string14:
	.asciz	"kCLOCK_Lpuart3"                @ string offset=378
.Linfo_string15:
	.asciz	"kCLOCK_Can1"                   @ string offset=393
.Linfo_string16:
	.asciz	"kCLOCK_Can1S"                  @ string offset=405
.Linfo_string17:
	.asciz	"kCLOCK_Can2"                   @ string offset=418
.Linfo_string18:
	.asciz	"kCLOCK_Can2S"                  @ string offset=430
.Linfo_string19:
	.asciz	"kCLOCK_Trace"                  @ string offset=443
.Linfo_string20:
	.asciz	"kCLOCK_Gpt2"                   @ string offset=456
.Linfo_string21:
	.asciz	"kCLOCK_Gpt2S"                  @ string offset=468
.Linfo_string22:
	.asciz	"kCLOCK_Lpuart2"                @ string offset=481
.Linfo_string23:
	.asciz	"kCLOCK_Gpio2"                  @ string offset=496
.Linfo_string24:
	.asciz	"kCLOCK_Lpspi1"                 @ string offset=509
.Linfo_string25:
	.asciz	"kCLOCK_Lpspi2"                 @ string offset=523
.Linfo_string26:
	.asciz	"kCLOCK_Lpspi3"                 @ string offset=537
.Linfo_string27:
	.asciz	"kCLOCK_Lpspi4"                 @ string offset=551
.Linfo_string28:
	.asciz	"kCLOCK_Adc2"                   @ string offset=565
.Linfo_string29:
	.asciz	"kCLOCK_Enet"                   @ string offset=577
.Linfo_string30:
	.asciz	"kCLOCK_Pit"                    @ string offset=589
.Linfo_string31:
	.asciz	"kCLOCK_Aoi2"                   @ string offset=600
.Linfo_string32:
	.asciz	"kCLOCK_Adc1"                   @ string offset=612
.Linfo_string33:
	.asciz	"kCLOCK_SemcExsc"               @ string offset=624
.Linfo_string34:
	.asciz	"kCLOCK_Gpt1"                   @ string offset=640
.Linfo_string35:
	.asciz	"kCLOCK_Gpt1S"                  @ string offset=652
.Linfo_string36:
	.asciz	"kCLOCK_Lpuart4"                @ string offset=665
.Linfo_string37:
	.asciz	"kCLOCK_Gpio1"                  @ string offset=680
.Linfo_string38:
	.asciz	"kCLOCK_Csu"                    @ string offset=693
.Linfo_string39:
	.asciz	"kCLOCK_Gpio5"                  @ string offset=704
.Linfo_string40:
	.asciz	"kCLOCK_OcramExsc"              @ string offset=717
.Linfo_string41:
	.asciz	"kCLOCK_Csi"                    @ string offset=734
.Linfo_string42:
	.asciz	"kCLOCK_IomuxcSnvs"             @ string offset=745
.Linfo_string43:
	.asciz	"kCLOCK_Lpi2c1"                 @ string offset=763
.Linfo_string44:
	.asciz	"kCLOCK_Lpi2c2"                 @ string offset=777
.Linfo_string45:
	.asciz	"kCLOCK_Lpi2c3"                 @ string offset=791
.Linfo_string46:
	.asciz	"kCLOCK_Ocotp"                  @ string offset=805
.Linfo_string47:
	.asciz	"kCLOCK_Xbar3"                  @ string offset=818
.Linfo_string48:
	.asciz	"kCLOCK_Ipmux1"                 @ string offset=831
.Linfo_string49:
	.asciz	"kCLOCK_Ipmux2"                 @ string offset=845
.Linfo_string50:
	.asciz	"kCLOCK_Ipmux3"                 @ string offset=859
.Linfo_string51:
	.asciz	"kCLOCK_Xbar1"                  @ string offset=873
.Linfo_string52:
	.asciz	"kCLOCK_Xbar2"                  @ string offset=886
.Linfo_string53:
	.asciz	"kCLOCK_Gpio3"                  @ string offset=899
.Linfo_string54:
	.asciz	"kCLOCK_Lcd"                    @ string offset=912
.Linfo_string55:
	.asciz	"kCLOCK_Pxp"                    @ string offset=923
.Linfo_string56:
	.asciz	"kCLOCK_Flexio2"                @ string offset=934
.Linfo_string57:
	.asciz	"kCLOCK_Lpuart5"                @ string offset=949
.Linfo_string58:
	.asciz	"kCLOCK_Semc"                   @ string offset=964
.Linfo_string59:
	.asciz	"kCLOCK_Lpuart6"                @ string offset=976
.Linfo_string60:
	.asciz	"kCLOCK_Aoi1"                   @ string offset=991
.Linfo_string61:
	.asciz	"kCLOCK_LcdPixel"               @ string offset=1003
.Linfo_string62:
	.asciz	"kCLOCK_Gpio4"                  @ string offset=1019
.Linfo_string63:
	.asciz	"kCLOCK_Ewm0"                   @ string offset=1032
.Linfo_string64:
	.asciz	"kCLOCK_Wdog1"                  @ string offset=1044
.Linfo_string65:
	.asciz	"kCLOCK_FlexRam"                @ string offset=1057
.Linfo_string66:
	.asciz	"kCLOCK_Acmp1"                  @ string offset=1072
.Linfo_string67:
	.asciz	"kCLOCK_Acmp2"                  @ string offset=1085
.Linfo_string68:
	.asciz	"kCLOCK_Acmp3"                  @ string offset=1098
.Linfo_string69:
	.asciz	"kCLOCK_Acmp4"                  @ string offset=1111
.Linfo_string70:
	.asciz	"kCLOCK_Ocram"                  @ string offset=1124
.Linfo_string71:
	.asciz	"kCLOCK_IomuxcSnvsGpr"          @ string offset=1137
.Linfo_string72:
	.asciz	"kCLOCK_Sim_m7_clk_r"           @ string offset=1158
.Linfo_string73:
	.asciz	"kCLOCK_Iomuxc"                 @ string offset=1178
.Linfo_string74:
	.asciz	"kCLOCK_IomuxcGpr"              @ string offset=1192
.Linfo_string75:
	.asciz	"kCLOCK_Bee"                    @ string offset=1209
.Linfo_string76:
	.asciz	"kCLOCK_SimM7"                  @ string offset=1220
.Linfo_string77:
	.asciz	"kCLOCK_Tsc"                    @ string offset=1233
.Linfo_string78:
	.asciz	"kCLOCK_SimM"                   @ string offset=1244
.Linfo_string79:
	.asciz	"kCLOCK_SimEms"                 @ string offset=1256
.Linfo_string80:
	.asciz	"kCLOCK_Pwm1"                   @ string offset=1270
.Linfo_string81:
	.asciz	"kCLOCK_Pwm2"                   @ string offset=1282
.Linfo_string82:
	.asciz	"kCLOCK_Pwm3"                   @ string offset=1294
.Linfo_string83:
	.asciz	"kCLOCK_Pwm4"                   @ string offset=1306
.Linfo_string84:
	.asciz	"kCLOCK_Enc1"                   @ string offset=1318
.Linfo_string85:
	.asciz	"kCLOCK_Enc2"                   @ string offset=1330
.Linfo_string86:
	.asciz	"kCLOCK_Enc3"                   @ string offset=1342
.Linfo_string87:
	.asciz	"kCLOCK_Enc4"                   @ string offset=1354
.Linfo_string88:
	.asciz	"kCLOCK_Rom"                    @ string offset=1366
.Linfo_string89:
	.asciz	"kCLOCK_Flexio1"                @ string offset=1377
.Linfo_string90:
	.asciz	"kCLOCK_Wdog3"                  @ string offset=1392
.Linfo_string91:
	.asciz	"kCLOCK_Dma"                    @ string offset=1405
.Linfo_string92:
	.asciz	"kCLOCK_Kpp"                    @ string offset=1416
.Linfo_string93:
	.asciz	"kCLOCK_Wdog2"                  @ string offset=1427
.Linfo_string94:
	.asciz	"kCLOCK_Aips_tz4"               @ string offset=1440
.Linfo_string95:
	.asciz	"kCLOCK_Spdif"                  @ string offset=1456
.Linfo_string96:
	.asciz	"kCLOCK_SimMain"                @ string offset=1469
.Linfo_string97:
	.asciz	"kCLOCK_Sai1"                   @ string offset=1484
.Linfo_string98:
	.asciz	"kCLOCK_Sai2"                   @ string offset=1496
.Linfo_string99:
	.asciz	"kCLOCK_Sai3"                   @ string offset=1508
.Linfo_string100:
	.asciz	"kCLOCK_Lpuart1"                @ string offset=1520
.Linfo_string101:
	.asciz	"kCLOCK_Lpuart7"                @ string offset=1535
.Linfo_string102:
	.asciz	"kCLOCK_SnvsHp"                 @ string offset=1550
.Linfo_string103:
	.asciz	"kCLOCK_SnvsLp"                 @ string offset=1564
.Linfo_string104:
	.asciz	"kCLOCK_UsbOh3"                 @ string offset=1578
.Linfo_string105:
	.asciz	"kCLOCK_Usdhc1"                 @ string offset=1592
.Linfo_string106:
	.asciz	"kCLOCK_Usdhc2"                 @ string offset=1606
.Linfo_string107:
	.asciz	"kCLOCK_Dcdc"                   @ string offset=1620
.Linfo_string108:
	.asciz	"kCLOCK_Ipmux4"                 @ string offset=1632
.Linfo_string109:
	.asciz	"kCLOCK_FlexSpi"                @ string offset=1646
.Linfo_string110:
	.asciz	"kCLOCK_Trng"                   @ string offset=1661
.Linfo_string111:
	.asciz	"kCLOCK_Lpuart8"                @ string offset=1673
.Linfo_string112:
	.asciz	"kCLOCK_Timer4"                 @ string offset=1688
.Linfo_string113:
	.asciz	"kCLOCK_Aips_tz3"               @ string offset=1702
.Linfo_string114:
	.asciz	"kCLOCK_SimPer"                 @ string offset=1718
.Linfo_string115:
	.asciz	"kCLOCK_Anadig"                 @ string offset=1732
.Linfo_string116:
	.asciz	"kCLOCK_Lpi2c4"                 @ string offset=1746
.Linfo_string117:
	.asciz	"kCLOCK_Timer1"                 @ string offset=1760
.Linfo_string118:
	.asciz	"kCLOCK_Timer2"                 @ string offset=1774
.Linfo_string119:
	.asciz	"kCLOCK_Timer3"                 @ string offset=1788
.Linfo_string120:
	.asciz	"kCLOCK_Enet2"                  @ string offset=1802
.Linfo_string121:
	.asciz	"kCLOCK_FlexSpi2"               @ string offset=1815
.Linfo_string122:
	.asciz	"kCLOCK_Axbs_l"                 @ string offset=1831
.Linfo_string123:
	.asciz	"kCLOCK_Can3"                   @ string offset=1845
.Linfo_string124:
	.asciz	"kCLOCK_Can3S"                  @ string offset=1857
.Linfo_string125:
	.asciz	"kCLOCK_Aips_lite"              @ string offset=1870
.Linfo_string126:
	.asciz	"kCLOCK_Flexio3"                @ string offset=1887
.Linfo_string127:
	.asciz	"_clock_ip_name"                @ string offset=1902
.Linfo_string128:
	.asciz	"clock_ip_name_t"               @ string offset=1917
.Linfo_string129:
	.asciz	"s_cmpBases"                    @ string offset=1933
.Linfo_string130:
	.asciz	"CR0"                           @ string offset=1944
.Linfo_string131:
	.asciz	"unsigned char"                 @ string offset=1948
.Linfo_string132:
	.asciz	"uint8_t"                       @ string offset=1962
.Linfo_string133:
	.asciz	"CR1"                           @ string offset=1970
.Linfo_string134:
	.asciz	"FPR"                           @ string offset=1974
.Linfo_string135:
	.asciz	"SCR"                           @ string offset=1978
.Linfo_string136:
	.asciz	"DACCR"                         @ string offset=1982
.Linfo_string137:
	.asciz	"MUXCR"                         @ string offset=1988
.Linfo_string138:
	.asciz	"CMP_Type"                      @ string offset=1994
.Linfo_string139:
	.asciz	"kCMP_HysteresisLevel0"         @ string offset=2003
.Linfo_string140:
	.asciz	"kCMP_HysteresisLevel1"         @ string offset=2025
.Linfo_string141:
	.asciz	"kCMP_HysteresisLevel2"         @ string offset=2047
.Linfo_string142:
	.asciz	"kCMP_HysteresisLevel3"         @ string offset=2069
.Linfo_string143:
	.asciz	"_cmp_hysteresis_mode"          @ string offset=2091
.Linfo_string144:
	.asciz	"kCMP_VrefSourceVin1"           @ string offset=2112
.Linfo_string145:
	.asciz	"kCMP_VrefSourceVin2"           @ string offset=2132
.Linfo_string146:
	.asciz	"_cmp_reference_voltage_source" @ string offset=2152
.Linfo_string147:
	.asciz	"kCMP_OutputRisingInterruptEnable" @ string offset=2182
.Linfo_string148:
	.asciz	"kCMP_OutputFallingInterruptEnable" @ string offset=2215
.Linfo_string149:
	.asciz	"_cmp_interrupt_enable"         @ string offset=2249
.Linfo_string150:
	.asciz	"kCMP_OutputRisingEventFlag"    @ string offset=2271
.Linfo_string151:
	.asciz	"kCMP_OutputFallingEventFlag"   @ string offset=2298
.Linfo_string152:
	.asciz	"kCMP_OutputAssertEventFlag"    @ string offset=2326
.Linfo_string153:
	.asciz	"_cmp_status_flags"             @ string offset=2353
.Linfo_string154:
	.asciz	"kCLOCK_ClockNotNeeded"         @ string offset=2371
.Linfo_string155:
	.asciz	"kCLOCK_ClockNeededRun"         @ string offset=2393
.Linfo_string156:
	.asciz	"kCLOCK_ClockNeededRunWait"     @ string offset=2415
.Linfo_string157:
	.asciz	"_clock_gate_value"             @ string offset=2441
.Linfo_string158:
	.asciz	"unsigned int"                  @ string offset=2459
.Linfo_string159:
	.asciz	"uint32_t"                      @ string offset=2472
.Linfo_string160:
	.asciz	"CCR"                           @ string offset=2481
.Linfo_string161:
	.asciz	"RESERVED_0"                    @ string offset=2485
.Linfo_string162:
	.asciz	"CSR"                           @ string offset=2496
.Linfo_string163:
	.asciz	"CCSR"                          @ string offset=2500
.Linfo_string164:
	.asciz	"CACRR"                         @ string offset=2505
.Linfo_string165:
	.asciz	"CBCDR"                         @ string offset=2511
.Linfo_string166:
	.asciz	"CBCMR"                         @ string offset=2517
.Linfo_string167:
	.asciz	"CSCMR1"                        @ string offset=2523
.Linfo_string168:
	.asciz	"CSCMR2"                        @ string offset=2530
.Linfo_string169:
	.asciz	"CSCDR1"                        @ string offset=2537
.Linfo_string170:
	.asciz	"CS1CDR"                        @ string offset=2544
.Linfo_string171:
	.asciz	"CS2CDR"                        @ string offset=2551
.Linfo_string172:
	.asciz	"CDCDR"                         @ string offset=2558
.Linfo_string173:
	.asciz	"RESERVED_1"                    @ string offset=2564
.Linfo_string174:
	.asciz	"CSCDR2"                        @ string offset=2575
.Linfo_string175:
	.asciz	"CSCDR3"                        @ string offset=2582
.Linfo_string176:
	.asciz	"RESERVED_2"                    @ string offset=2589
.Linfo_string177:
	.asciz	"CDHIPR"                        @ string offset=2600
.Linfo_string178:
	.asciz	"RESERVED_3"                    @ string offset=2607
.Linfo_string179:
	.asciz	"CLPCR"                         @ string offset=2618
.Linfo_string180:
	.asciz	"CISR"                          @ string offset=2624
.Linfo_string181:
	.asciz	"CIMR"                          @ string offset=2629
.Linfo_string182:
	.asciz	"CCOSR"                         @ string offset=2634
.Linfo_string183:
	.asciz	"CGPR"                          @ string offset=2640
.Linfo_string184:
	.asciz	"CCGR0"                         @ string offset=2645
.Linfo_string185:
	.asciz	"CCGR1"                         @ string offset=2651
.Linfo_string186:
	.asciz	"CCGR2"                         @ string offset=2657
.Linfo_string187:
	.asciz	"CCGR3"                         @ string offset=2663
.Linfo_string188:
	.asciz	"CCGR4"                         @ string offset=2669
.Linfo_string189:
	.asciz	"CCGR5"                         @ string offset=2675
.Linfo_string190:
	.asciz	"CCGR6"                         @ string offset=2681
.Linfo_string191:
	.asciz	"CCGR7"                         @ string offset=2687
.Linfo_string192:
	.asciz	"CMEOR"                         @ string offset=2693
.Linfo_string193:
	.asciz	"CCM_Type"                      @ string offset=2699
.Linfo_string194:
	.asciz	"CMP_Init"                      @ string offset=2708
.Linfo_string195:
	.asciz	"CLOCK_EnableClock"             @ string offset=2717
.Linfo_string196:
	.asciz	"CMP_GetInstance"               @ string offset=2735
.Linfo_string197:
	.asciz	"CMP_Enable"                    @ string offset=2751
.Linfo_string198:
	.asciz	"CMP_Deinit"                    @ string offset=2762
.Linfo_string199:
	.asciz	"CLOCK_DisableClock"            @ string offset=2773
.Linfo_string200:
	.asciz	"CMP_GetDefaultConfig"          @ string offset=2792
.Linfo_string201:
	.asciz	"CMP_SetInputChannels"          @ string offset=2813
.Linfo_string202:
	.asciz	"CMP_EnableDMA"                 @ string offset=2834
.Linfo_string203:
	.asciz	"CMP_SetFilterConfig"           @ string offset=2848
.Linfo_string204:
	.asciz	"CMP_SetDACConfig"              @ string offset=2868
.Linfo_string205:
	.asciz	"CMP_EnableInterrupts"          @ string offset=2885
.Linfo_string206:
	.asciz	"CMP_DisableInterrupts"         @ string offset=2906
.Linfo_string207:
	.asciz	"CMP_GetStatusFlags"            @ string offset=2928
.Linfo_string208:
	.asciz	"CMP_ClearStatusFlags"          @ string offset=2947
.Linfo_string209:
	.asciz	"CLOCK_ControlGate"             @ string offset=2968
.Linfo_string210:
	.asciz	"_SDK_AtomicLocalClearAndSet4Byte" @ string offset=2986
.Linfo_string211:
	.asciz	"base"                          @ string offset=3019
.Linfo_string212:
	.asciz	"config"                        @ string offset=3024
.Linfo_string213:
	.asciz	"enableCmp"                     @ string offset=3031
.Linfo_string214:
	.asciz	"_Bool"                         @ string offset=3041
.Linfo_string215:
	.asciz	"hysteresisMode"                @ string offset=3047
.Linfo_string216:
	.asciz	"cmp_hysteresis_mode_t"         @ string offset=3062
.Linfo_string217:
	.asciz	"enableHighSpeed"               @ string offset=3084
.Linfo_string218:
	.asciz	"enableInvertOutput"            @ string offset=3100
.Linfo_string219:
	.asciz	"useUnfilteredOutput"           @ string offset=3119
.Linfo_string220:
	.asciz	"enablePinOut"                  @ string offset=3139
.Linfo_string221:
	.asciz	"_cmp_config"                   @ string offset=3152
.Linfo_string222:
	.asciz	"cmp_config_t"                  @ string offset=3164
.Linfo_string223:
	.asciz	"tmp8"                          @ string offset=3177
.Linfo_string224:
	.asciz	"name"                          @ string offset=3182
.Linfo_string225:
	.asciz	"instance"                      @ string offset=3187
.Linfo_string226:
	.asciz	"enable"                        @ string offset=3196
.Linfo_string227:
	.asciz	"positiveChannel"               @ string offset=3203
.Linfo_string228:
	.asciz	"negativeChannel"               @ string offset=3219
.Linfo_string229:
	.asciz	"enableSample"                  @ string offset=3235
.Linfo_string230:
	.asciz	"filterCount"                   @ string offset=3248
.Linfo_string231:
	.asciz	"filterPeriod"                  @ string offset=3260
.Linfo_string232:
	.asciz	"_cmp_filter_config"            @ string offset=3273
.Linfo_string233:
	.asciz	"cmp_filter_config_t"           @ string offset=3292
.Linfo_string234:
	.asciz	"referenceVoltageSource"        @ string offset=3312
.Linfo_string235:
	.asciz	"cmp_reference_voltage_source_t" @ string offset=3335
.Linfo_string236:
	.asciz	"DACValue"                      @ string offset=3366
.Linfo_string237:
	.asciz	"_cmp_dac_config"               @ string offset=3375
.Linfo_string238:
	.asciz	"cmp_dac_config_t"              @ string offset=3391
.Linfo_string239:
	.asciz	"mask"                          @ string offset=3408
.Linfo_string240:
	.asciz	"ret32"                         @ string offset=3413
.Linfo_string241:
	.asciz	"value"                         @ string offset=3419
.Linfo_string242:
	.asciz	"clock_gate_value_t"            @ string offset=3425
.Linfo_string243:
	.asciz	"index"                         @ string offset=3444
.Linfo_string244:
	.asciz	"shift"                         @ string offset=3450
.Linfo_string245:
	.asciz	"reg"                           @ string offset=3456
.Linfo_string246:
	.asciz	"addr"                          @ string offset=3460
.Linfo_string247:
	.asciz	"clearBits"                     @ string offset=3465
.Linfo_string248:
	.asciz	"setBits"                       @ string offset=3475
.Linfo_string249:
	.asciz	"s_val"                         @ string offset=3483
	.ident	"Component: Arm Compiler for Embedded 6.19 Tool: armclang [5e73cb00]"
	.section	".note.GNU-stack","",%progbits
	.eabi_attribute	30, 6	@ Tag_ABI_optimization_goals
	.ARM_attribute	16, 1	@ Tag_AV_eba
	.section	.debug_line,"",%progbits
.Lline_table_start0:
