	.text
	.syntax unified
	.eabi_attribute	67, "2.09"	@ Tag_conformance
	.cpu	cortex-m7
	.eabi_attribute	6, 13	@ Tag_CPU_arch
	.eabi_attribute	7, 77	@ Tag_CPU_arch_profile
	.eabi_attribute	8, 0	@ Tag_ARM_ISA_use
	.eabi_attribute	9, 2	@ Tag_THUMB_ISA_use
	.fpu	fpv5-d16
	.eabi_attribute	36, 1	@ Tag_FP_HP_extension
	.eabi_attribute	34, 1	@ Tag_CPU_unaligned_access
	.eabi_attribute	17, 1	@ Tag_ABI_PCS_GOT_use
	.eabi_attribute	20, 2	@ Tag_ABI_FP_denormal
	.eabi_attribute	21, 0	@ Tag_ABI_FP_exceptions
	.eabi_attribute	23, 1	@ Tag_ABI_FP_number_model
	.eabi_attribute	24, 1	@ Tag_ABI_align_needed
	.eabi_attribute	25, 1	@ Tag_ABI_align_preserved
	.eabi_attribute	28, 1	@ Tag_ABI_VFP_args
	.eabi_attribute	38, 1	@ Tag_ABI_FP_16bit_format
	.eabi_attribute	18, 2	@ Tag_ABI_PCS_wchar_t
	.eabi_attribute	26, 1	@ Tag_ABI_enum_size
	.eabi_attribute	14, 0	@ Tag_ABI_PCS_R9_use
	.file	"fsl_lpi2c_edma.c"
	.file	1 "E:\\FILE_SMART_CAR\\\346\231\272\350\203\275\350\247\206\350\247\211\\RT1064_Library-master\\RT1064_Library-master\\SeekFree_RT1064_Opensource_Library\\project\\mdk" "../../libraries/sdk/drives/fsl_lpi2c_edma.c"
	.file	2 "D:\\KEIL\\ARM\\ARMCLANG\\Bin\\..\\include" "stdint.h"
	.file	3 "E:\\FILE_SMART_CAR\\\346\231\272\350\203\275\350\247\206\350\247\211\\RT1064_Library-master\\RT1064_Library-master\\SeekFree_RT1064_Opensource_Library\\project\\mdk" "../../libraries/sdk/drives/fsl_lpi2c.h"
	.file	4 "E:\\FILE_SMART_CAR\\\346\231\272\350\203\275\350\247\206\350\247\211\\RT1064_Library-master\\RT1064_Library-master\\SeekFree_RT1064_Opensource_Library\\project\\mdk" "../../libraries/sdk/drives/fsl_common.h"
	.file	5 "E:\\FILE_SMART_CAR\\\346\231\272\350\203\275\350\247\206\350\247\211\\RT1064_Library-master\\RT1064_Library-master\\SeekFree_RT1064_Opensource_Library\\project\\mdk" "../../libraries/sdk/drives/fsl_edma.h"
	.file	6 "E:\\FILE_SMART_CAR\\\346\231\272\350\203\275\350\247\206\350\247\211\\RT1064_Library-master\\RT1064_Library-master\\SeekFree_RT1064_Opensource_Library\\project\\mdk" "../../libraries/sdk/deceive/MIMXRT1064.h"
	.file	7 "E:\\FILE_SMART_CAR\\\346\231\272\350\203\275\350\247\206\350\247\211\\RT1064_Library-master\\RT1064_Library-master\\SeekFree_RT1064_Opensource_Library\\project\\mdk" "../../libraries/sdk/CMSIS/Include\\core_cm7.h"
	.file	8 "E:\\FILE_SMART_CAR\\\346\231\272\350\203\275\350\247\206\350\247\211\\RT1064_Library-master\\RT1064_Library-master\\SeekFree_RT1064_Opensource_Library\\project\\mdk" "../../libraries/sdk/drives/fsl_lpi2c_edma.h"
	.file	9 "D:\\KEIL\\ARM\\ARMCLANG\\Bin\\..\\include" "stddef.h"
	.section	.text.LPI2C_MasterCreateEDMAHandle,"ax",%progbits
	.hidden	LPI2C_MasterCreateEDMAHandle    @ -- Begin function LPI2C_MasterCreateEDMAHandle
	.globl	LPI2C_MasterCreateEDMAHandle
	.p2align	3
	.type	LPI2C_MasterCreateEDMAHandle,%function
	.code	16                              @ @LPI2C_MasterCreateEDMAHandle
	.thumb_func
LPI2C_MasterCreateEDMAHandle:
.Lfunc_begin0:
	.loc	1 111 0                         @ ../../libraries/sdk/drives/fsl_lpi2c_edma.c:111:0
	.fnstart
	.cfi_sections .debug_frame
	.cfi_startproc
@ %bb.0:
	.save	{r7, lr}
	push	{r7, lr}
	.cfi_def_cfa_offset 8
	.cfi_offset lr, -4
	.cfi_offset r7, -8
	.pad	#24
	sub	sp, #24
	.cfi_def_cfa_offset 32
	ldr.w	r12, [sp, #36]
	ldr.w	r12, [sp, #32]
	str	r0, [sp, #20]
	str	r1, [sp, #16]
	str	r2, [sp, #12]
	str	r3, [sp, #8]
.Ltmp0:
	.loc	1 112 5 prologue_end            @ ../../libraries/sdk/drives/fsl_lpi2c_edma.c:112:5
	ldr	r0, [sp, #16]
	cbz	r0, .LBB0_2
	b	.LBB0_1
.LBB0_1:
	b	.LBB0_3
.LBB0_2:
	movw	r0, :lower16:.L.str
	movt	r0, :upper16:.L.str
	movw	r1, :lower16:.L.str.1
	movt	r1, :upper16:.L.str.1
	movs	r2, #112
	bl	__aeabi_assert
.LBB0_3:
	.loc	1 113 5                         @ ../../libraries/sdk/drives/fsl_lpi2c_edma.c:113:5
	ldr	r0, [sp, #12]
	cbz	r0, .LBB0_5
	b	.LBB0_4
.LBB0_4:
	b	.LBB0_6
.LBB0_5:
	movw	r0, :lower16:.L.str.2
	movt	r0, :upper16:.L.str.2
	movw	r1, :lower16:.L.str.1
	movt	r1, :upper16:.L.str.1
	movs	r2, #113
	bl	__aeabi_assert
.LBB0_6:
	.loc	1 114 5                         @ ../../libraries/sdk/drives/fsl_lpi2c_edma.c:114:5
	ldr	r0, [sp, #8]
	cbz	r0, .LBB0_8
	b	.LBB0_7
.LBB0_7:
	b	.LBB0_9
.LBB0_8:
	movw	r0, :lower16:.L.str.3
	movt	r0, :upper16:.L.str.3
	movw	r1, :lower16:.L.str.1
	movt	r1, :upper16:.L.str.1
	movs	r2, #114
	bl	__aeabi_assert
.LBB0_9:
	.loc	1 117 43                        @ ../../libraries/sdk/drives/fsl_lpi2c_edma.c:117:43
	ldr	r0, [sp, #20]
	.loc	1 117 25 is_stmt 0              @ ../../libraries/sdk/drives/fsl_lpi2c_edma.c:117:25
	bl	LPI2C_GetInstance
	.loc	1 117 14                        @ ../../libraries/sdk/drives/fsl_lpi2c_edma.c:117:14
	str	r0, [sp, #4]
	.loc	1 120 18 is_stmt 1              @ ../../libraries/sdk/drives/fsl_lpi2c_edma.c:120:18
	ldr	r0, [sp, #16]
	movs	r1, #0
	movs	r2, #164
	.loc	1 120 11 is_stmt 0              @ ../../libraries/sdk/drives/fsl_lpi2c_edma.c:120:11
	bl	memset
	.loc	1 124 34 is_stmt 1              @ ../../libraries/sdk/drives/fsl_lpi2c_edma.c:124:34
	ldr	r0, [sp, #20]
	.loc	1 124 5 is_stmt 0               @ ../../libraries/sdk/drives/fsl_lpi2c_edma.c:124:5
	ldr	r1, [sp, #16]
	.loc	1 124 32                        @ ../../libraries/sdk/drives/fsl_lpi2c_edma.c:124:32
	str	r0, [r1]
	.loc	1 125 34 is_stmt 1              @ ../../libraries/sdk/drives/fsl_lpi2c_edma.c:125:34
	ldr	r0, [sp, #32]
	.loc	1 125 5 is_stmt 0               @ ../../libraries/sdk/drives/fsl_lpi2c_edma.c:125:5
	ldr	r1, [sp, #16]
	.loc	1 125 32                        @ ../../libraries/sdk/drives/fsl_lpi2c_edma.c:125:32
	str	r0, [r1, #52]
	.loc	1 126 34 is_stmt 1              @ ../../libraries/sdk/drives/fsl_lpi2c_edma.c:126:34
	ldr	r0, [sp, #36]
	.loc	1 126 5 is_stmt 0               @ ../../libraries/sdk/drives/fsl_lpi2c_edma.c:126:5
	ldr	r1, [sp, #16]
	.loc	1 126 32                        @ ../../libraries/sdk/drives/fsl_lpi2c_edma.c:126:32
	str	r0, [r1, #56]
	.loc	1 127 34 is_stmt 1              @ ../../libraries/sdk/drives/fsl_lpi2c_edma.c:127:34
	ldr	r0, [sp, #12]
	.loc	1 127 5 is_stmt 0               @ ../../libraries/sdk/drives/fsl_lpi2c_edma.c:127:5
	ldr	r1, [sp, #16]
	.loc	1 127 32                        @ ../../libraries/sdk/drives/fsl_lpi2c_edma.c:127:32
	str	r0, [r1, #60]
	.loc	1 128 108 is_stmt 1             @ ../../libraries/sdk/drives/fsl_lpi2c_edma.c:128:108
	ldr	r0, [sp, #12]
	.loc	1 128 5 is_stmt 0               @ ../../libraries/sdk/drives/fsl_lpi2c_edma.c:128:5
	ldr	r1, [sp, #16]
	.loc	1 128 32                        @ ../../libraries/sdk/drives/fsl_lpi2c_edma.c:128:32
	str	r0, [r1, #64]
	.loc	1 131 37 is_stmt 1              @ ../../libraries/sdk/drives/fsl_lpi2c_edma.c:131:37
	ldr	r0, [sp, #16]
	.loc	1 131 25 is_stmt 0              @ ../../libraries/sdk/drives/fsl_lpi2c_edma.c:131:25
	ldr	r2, [sp, #4]
	.loc	1 131 5                         @ ../../libraries/sdk/drives/fsl_lpi2c_edma.c:131:5
	movw	r1, :lower16:s_lpi2cMasterHandle
	movt	r1, :upper16:s_lpi2cMasterHandle
	.loc	1 131 35                        @ ../../libraries/sdk/drives/fsl_lpi2c_edma.c:131:35
	str.w	r0, [r1, r2, lsl #2]
	.loc	1 134 22 is_stmt 1              @ ../../libraries/sdk/drives/fsl_lpi2c_edma.c:134:22
	movw	r1, :lower16:s_lpi2cMasterIsr
	movt	r1, :upper16:s_lpi2cMasterIsr
	movw	r0, :lower16:LPI2C_MasterTransferEdmaHandleIRQ
	movt	r0, :upper16:LPI2C_MasterTransferEdmaHandleIRQ
	str	r0, [r1]
	.loc	1 137 32                        @ ../../libraries/sdk/drives/fsl_lpi2c_edma.c:137:32
	ldr	r1, [sp, #4]
	.loc	1 137 21 is_stmt 0              @ ../../libraries/sdk/drives/fsl_lpi2c_edma.c:137:21
	movw	r0, :lower16:kLpi2cIrqs
	movt	r0, :upper16:kLpi2cIrqs
	ldrsh.w	r0, [r0, r1, lsl #1]
	.loc	1 137 11                        @ ../../libraries/sdk/drives/fsl_lpi2c_edma.c:137:11
	bl	EnableIRQ
	.loc	1 140 22 is_stmt 1              @ ../../libraries/sdk/drives/fsl_lpi2c_edma.c:140:22
	ldr	r2, [sp, #16]
	.loc	1 140 30 is_stmt 0              @ ../../libraries/sdk/drives/fsl_lpi2c_edma.c:140:30
	ldr	r0, [r2, #60]
	.loc	1 140 5                         @ ../../libraries/sdk/drives/fsl_lpi2c_edma.c:140:5
	movw	r1, :lower16:LPI2C_MasterEDMACallback
	movt	r1, :upper16:LPI2C_MasterEDMACallback
	bl	EDMA_SetCallback
	.loc	1 145 1 is_stmt 1               @ ../../libraries/sdk/drives/fsl_lpi2c_edma.c:145:1
	add	sp, #24
	pop	{r7, pc}
.Ltmp1:
.Lfunc_end0:
	.size	LPI2C_MasterCreateEDMAHandle, .Lfunc_end0-LPI2C_MasterCreateEDMAHandle
	.cfi_endproc
	.cantunwind
	.fnend
                                        @ -- End function
	.section	.text.LPI2C_MasterTransferEdmaHandleIRQ,"ax",%progbits
	.p2align	3                               @ -- Begin function LPI2C_MasterTransferEdmaHandleIRQ
	.type	LPI2C_MasterTransferEdmaHandleIRQ,%function
	.code	16                              @ @LPI2C_MasterTransferEdmaHandleIRQ
	.thumb_func
LPI2C_MasterTransferEdmaHandleIRQ:
.Lfunc_begin1:
	.loc	1 549 0                         @ ../../libraries/sdk/drives/fsl_lpi2c_edma.c:549:0
	.fnstart
	.cfi_startproc
@ %bb.0:
	.save	{r7, lr}
	push	{r7, lr}
	.cfi_def_cfa_offset 8
	.cfi_offset lr, -4
	.cfi_offset r7, -8
	.pad	#24
	sub	sp, #24
	.cfi_def_cfa_offset 32
	str	r0, [sp, #20]
	str	r1, [sp, #16]
.Ltmp2:
	.loc	1 550 5 prologue_end            @ ../../libraries/sdk/drives/fsl_lpi2c_edma.c:550:5
	ldr	r0, [sp, #16]
	cbz	r0, .LBB1_2
	b	.LBB1_1
.LBB1_1:
	b	.LBB1_3
.LBB1_2:
	movw	r0, :lower16:.L.str.6
	movt	r0, :upper16:.L.str.6
	movw	r1, :lower16:.L.str.1
	movt	r1, :upper16:.L.str.1
	movw	r2, #550
	bl	__aeabi_assert
.LBB1_3:
	ldr	r0, [sp, #16]
	.loc	1 552 33                        @ ../../libraries/sdk/drives/fsl_lpi2c_edma.c:552:33
	str	r0, [sp, #12]
	.loc	1 553 69                        @ ../../libraries/sdk/drives/fsl_lpi2c_edma.c:553:69
	ldr	r0, [sp, #20]
	.loc	1 553 42 is_stmt 0              @ ../../libraries/sdk/drives/fsl_lpi2c_edma.c:553:42
	bl	LPI2C_MasterGetStatusFlags
	.loc	1 553 14                        @ ../../libraries/sdk/drives/fsl_lpi2c_edma.c:553:14
	str	r0, [sp, #8]
	movs	r0, #0
	.loc	1 554 14 is_stmt 1              @ ../../libraries/sdk/drives/fsl_lpi2c_edma.c:554:14
	str	r0, [sp]                        @ 4-byte Spill
	str	r0, [sp, #4]
	.loc	1 557 24                        @ ../../libraries/sdk/drives/fsl_lpi2c_edma.c:557:24
	ldr	r0, [sp, #12]
	.loc	1 557 32 is_stmt 0              @ ../../libraries/sdk/drives/fsl_lpi2c_edma.c:557:32
	ldr	r0, [r0, #60]
	.loc	1 557 5                         @ ../../libraries/sdk/drives/fsl_lpi2c_edma.c:557:5
	bl	EDMA_AbortTransfer
	ldr	r0, [sp]                        @ 4-byte Reload
	.loc	1 564 5 is_stmt 1               @ ../../libraries/sdk/drives/fsl_lpi2c_edma.c:564:5
	ldr	r1, [sp, #12]
	.loc	1 564 20 is_stmt 0              @ ../../libraries/sdk/drives/fsl_lpi2c_edma.c:564:20
	strb	r0, [r1, #4]
	.loc	1 567 35 is_stmt 1              @ ../../libraries/sdk/drives/fsl_lpi2c_edma.c:567:35
	ldr	r0, [sp, #20]
	movw	r1, #15875
	.loc	1 567 5 is_stmt 0               @ ../../libraries/sdk/drives/fsl_lpi2c_edma.c:567:5
	bl	LPI2C_MasterDisableInterrupts
	.loc	1 570 9 is_stmt 1               @ ../../libraries/sdk/drives/fsl_lpi2c_edma.c:570:9
	ldrb.w	r0, [sp, #9]
	lsls	r0, r0, #26
	cmp	r0, #0
	bpl	.LBB1_5
	b	.LBB1_4
.LBB1_4:
	.loc	1 0 9 is_stmt 0                 @ ../../libraries/sdk/drives/fsl_lpi2c_edma.c:0:9
	movw	r0, #906
.Ltmp3:
	.loc	1 572 16 is_stmt 1              @ ../../libraries/sdk/drives/fsl_lpi2c_edma.c:572:16
	str	r0, [sp, #4]
	.loc	1 573 5                         @ ../../libraries/sdk/drives/fsl_lpi2c_edma.c:573:5
	b	.LBB1_15
.Ltmp4:
.LBB1_5:
	.loc	1 574 14                        @ ../../libraries/sdk/drives/fsl_lpi2c_edma.c:574:14
	ldrb.w	r0, [sp, #9]
	lsls	r0, r0, #28
	cmp	r0, #0
	bpl	.LBB1_7
	b	.LBB1_6
.LBB1_6:
	.loc	1 0 14 is_stmt 0                @ ../../libraries/sdk/drives/fsl_lpi2c_edma.c:0:14
	movw	r0, #905
.Ltmp5:
	.loc	1 576 16 is_stmt 1              @ ../../libraries/sdk/drives/fsl_lpi2c_edma.c:576:16
	str	r0, [sp, #4]
	.loc	1 577 5                         @ ../../libraries/sdk/drives/fsl_lpi2c_edma.c:577:5
	b	.LBB1_14
.Ltmp6:
.LBB1_7:
	.loc	1 578 14                        @ ../../libraries/sdk/drives/fsl_lpi2c_edma.c:578:14
	ldrb.w	r0, [sp, #9]
	lsls	r0, r0, #29
	cmp	r0, #0
	bpl	.LBB1_9
	b	.LBB1_8
.LBB1_8:
	.loc	1 0 14 is_stmt 0                @ ../../libraries/sdk/drives/fsl_lpi2c_edma.c:0:14
	movw	r0, #902
.Ltmp7:
	.loc	1 580 16 is_stmt 1              @ ../../libraries/sdk/drives/fsl_lpi2c_edma.c:580:16
	str	r0, [sp, #4]
	.loc	1 581 5                         @ ../../libraries/sdk/drives/fsl_lpi2c_edma.c:581:5
	b	.LBB1_13
.Ltmp8:
.LBB1_9:
	.loc	1 582 14                        @ ../../libraries/sdk/drives/fsl_lpi2c_edma.c:582:14
	ldrb.w	r0, [sp, #9]
	lsls	r0, r0, #27
	cmp	r0, #0
	bpl	.LBB1_11
	b	.LBB1_10
.LBB1_10:
	.loc	1 0 14 is_stmt 0                @ ../../libraries/sdk/drives/fsl_lpi2c_edma.c:0:14
	movw	r0, #903
.Ltmp9:
	.loc	1 584 16 is_stmt 1              @ ../../libraries/sdk/drives/fsl_lpi2c_edma.c:584:16
	str	r0, [sp, #4]
	.loc	1 585 5                         @ ../../libraries/sdk/drives/fsl_lpi2c_edma.c:585:5
	b	.LBB1_12
.Ltmp10:
.LBB1_11:
	.loc	1 0 5 is_stmt 0                 @ ../../libraries/sdk/drives/fsl_lpi2c_edma.c:0:5
	b	.LBB1_12
.LBB1_12:
	b	.LBB1_13
.LBB1_13:
	b	.LBB1_14
.LBB1_14:
	b	.LBB1_15
.LBB1_15:
	.loc	1 592 42 is_stmt 1              @ ../../libraries/sdk/drives/fsl_lpi2c_edma.c:592:42
	ldr	r0, [sp, #20]
	.loc	1 592 48 is_stmt 0              @ ../../libraries/sdk/drives/fsl_lpi2c_edma.c:592:48
	ldr	r1, [sp, #8]
	.loc	1 592 11                        @ ../../libraries/sdk/drives/fsl_lpi2c_edma.c:592:11
	bl	LPI2C_MasterCheckAndClearError
.Ltmp11:
	.loc	1 595 16 is_stmt 1              @ ../../libraries/sdk/drives/fsl_lpi2c_edma.c:595:16
	ldr	r0, [sp, #12]
.Ltmp12:
	.loc	1 595 9 is_stmt 0               @ ../../libraries/sdk/drives/fsl_lpi2c_edma.c:595:9
	ldrb	r0, [r0, #28]
	lsls	r0, r0, #29
	cmp	r0, #0
	bmi	.LBB1_19
	b	.LBB1_16
.LBB1_16:
.Ltmp13:
	.loc	1 597 45 is_stmt 1              @ ../../libraries/sdk/drives/fsl_lpi2c_edma.c:597:45
	ldr	r0, [sp, #20]
	.loc	1 597 18 is_stmt 0              @ ../../libraries/sdk/drives/fsl_lpi2c_edma.c:597:18
	bl	LPI2C_MasterGetStatusFlags
	.loc	1 597 16                        @ ../../libraries/sdk/drives/fsl_lpi2c_edma.c:597:16
	str	r0, [sp, #8]
.Ltmp14:
	.loc	1 599 14 is_stmt 1              @ ../../libraries/sdk/drives/fsl_lpi2c_edma.c:599:14
	ldr	r0, [sp, #8]
	.loc	1 599 21 is_stmt 0              @ ../../libraries/sdk/drives/fsl_lpi2c_edma.c:599:21
	and	r0, r0, #33554944
.Ltmp15:
	.loc	1 599 13                        @ ../../libraries/sdk/drives/fsl_lpi2c_edma.c:599:13
	cmp.w	r0, #33554432
	bne	.LBB1_18
	b	.LBB1_17
.LBB1_17:
.Ltmp16:
	.loc	1 603 13 is_stmt 1              @ ../../libraries/sdk/drives/fsl_lpi2c_edma.c:603:13
	ldr	r0, [sp, #12]
	.loc	1 603 21 is_stmt 0              @ ../../libraries/sdk/drives/fsl_lpi2c_edma.c:603:21
	ldr	r1, [r0]
	mov.w	r0, #512
	.loc	1 603 32                        @ ../../libraries/sdk/drives/fsl_lpi2c_edma.c:603:32
	str	r0, [r1, #96]
	.loc	1 604 9 is_stmt 1               @ ../../libraries/sdk/drives/fsl_lpi2c_edma.c:604:9
	b	.LBB1_18
.Ltmp17:
.LBB1_18:
	.loc	1 605 5                         @ ../../libraries/sdk/drives/fsl_lpi2c_edma.c:605:5
	b	.LBB1_19
.Ltmp18:
.LBB1_19:
	.loc	1 608 9                         @ ../../libraries/sdk/drives/fsl_lpi2c_edma.c:608:9
	ldr	r0, [sp, #12]
	.loc	1 608 17 is_stmt 0              @ ../../libraries/sdk/drives/fsl_lpi2c_edma.c:608:17
	ldr	r0, [r0, #52]
.Ltmp19:
	.loc	1 608 9                         @ ../../libraries/sdk/drives/fsl_lpi2c_edma.c:608:9
	cbz	r0, .LBB1_21
	b	.LBB1_20
.LBB1_20:
.Ltmp20:
	.loc	1 610 9 is_stmt 1               @ ../../libraries/sdk/drives/fsl_lpi2c_edma.c:610:9
	ldr	r1, [sp, #12]
	.loc	1 610 36 is_stmt 0              @ ../../libraries/sdk/drives/fsl_lpi2c_edma.c:610:36
	ldr	r0, [sp, #20]
	.loc	1 610 50                        @ ../../libraries/sdk/drives/fsl_lpi2c_edma.c:610:50
	ldr	r2, [sp, #4]
	.loc	1 610 17                        @ ../../libraries/sdk/drives/fsl_lpi2c_edma.c:610:17
	ldr.w	r12, [r1, #52]
	.loc	1 610 66                        @ ../../libraries/sdk/drives/fsl_lpi2c_edma.c:610:66
	ldr	r3, [r1, #56]
	.loc	1 610 9                         @ ../../libraries/sdk/drives/fsl_lpi2c_edma.c:610:9
	blx	r12
	.loc	1 611 5 is_stmt 1               @ ../../libraries/sdk/drives/fsl_lpi2c_edma.c:611:5
	b	.LBB1_21
.Ltmp21:
.LBB1_21:
	.loc	1 612 1                         @ ../../libraries/sdk/drives/fsl_lpi2c_edma.c:612:1
	add	sp, #24
	pop	{r7, pc}
.Ltmp22:
.Lfunc_end1:
	.size	LPI2C_MasterTransferEdmaHandleIRQ, .Lfunc_end1-LPI2C_MasterTransferEdmaHandleIRQ
	.cfi_endproc
	.cantunwind
	.fnend
                                        @ -- End function
	.section	.text.EnableIRQ,"ax",%progbits
	.p2align	3                               @ -- Begin function EnableIRQ
	.type	EnableIRQ,%function
	.code	16                              @ @EnableIRQ
	.thumb_func
EnableIRQ:
.Lfunc_begin2:
	.file	10 "E:\\FILE_SMART_CAR\\\346\231\272\350\203\275\350\247\206\350\247\211\\RT1064_Library-master\\RT1064_Library-master\\SeekFree_RT1064_Opensource_Library\\project\\mdk" "../../libraries/sdk/drives/fsl_common_arm.h"
	.loc	10 500 0                        @ ../../libraries/sdk/drives/fsl_common_arm.h:500:0
	.fnstart
	.cfi_startproc
@ %bb.0:
	.save	{r7, lr}
	push	{r7, lr}
	.cfi_def_cfa_offset 8
	.cfi_offset lr, -4
	.cfi_offset r7, -8
	.pad	#8
	sub	sp, #8
	.cfi_def_cfa_offset 16
                                        @ kill: def $r1 killed $r0
	strh.w	r0, [sp, #6]
	movs	r0, #0
.Ltmp23:
	.loc	10 501 14 prologue_end          @ ../../libraries/sdk/drives/fsl_common_arm.h:501:14
	str	r0, [sp]
.Ltmp24:
	.loc	10 503 26                       @ ../../libraries/sdk/drives/fsl_common_arm.h:503:26
	ldrsh.w	r0, [sp, #6]
.Ltmp25:
	.loc	10 503 9 is_stmt 0              @ ../../libraries/sdk/drives/fsl_common_arm.h:503:9
	adds	r0, #128
	cbnz	r0, .LBB2_2
	b	.LBB2_1
.LBB2_1:
	.loc	10 0 9                          @ ../../libraries/sdk/drives/fsl_common_arm.h:0:9
	movs	r0, #1
.Ltmp26:
	.loc	10 505 16 is_stmt 1             @ ../../libraries/sdk/drives/fsl_common_arm.h:505:16
	str	r0, [sp]
	.loc	10 506 5                        @ ../../libraries/sdk/drives/fsl_common_arm.h:506:5
	b	.LBB2_3
.Ltmp27:
.LBB2_2:
	.loc	10 520 24                       @ ../../libraries/sdk/drives/fsl_common_arm.h:520:24
	ldrsh.w	r0, [sp, #6]
	.loc	10 520 9 is_stmt 0              @ ../../libraries/sdk/drives/fsl_common_arm.h:520:9
	bl	__NVIC_EnableIRQ
	b	.LBB2_3
.Ltmp28:
.LBB2_3:
	.loc	10 524 12 is_stmt 1             @ ../../libraries/sdk/drives/fsl_common_arm.h:524:12
	ldr	r0, [sp]
	.loc	10 524 5 is_stmt 0              @ ../../libraries/sdk/drives/fsl_common_arm.h:524:5
	add	sp, #8
	pop	{r7, pc}
.Ltmp29:
.Lfunc_end2:
	.size	EnableIRQ, .Lfunc_end2-EnableIRQ
	.cfi_endproc
	.cantunwind
	.fnend
                                        @ -- End function
	.section	.text.LPI2C_MasterEDMACallback,"ax",%progbits
	.p2align	3                               @ -- Begin function LPI2C_MasterEDMACallback
	.type	LPI2C_MasterEDMACallback,%function
	.code	16                              @ @LPI2C_MasterEDMACallback
	.thumb_func
LPI2C_MasterEDMACallback:
.Lfunc_begin3:
	.loc	1 521 0 is_stmt 1               @ ../../libraries/sdk/drives/fsl_lpi2c_edma.c:521:0
	.fnstart
	.cfi_startproc
@ %bb.0:
	.save	{r7, lr}
	push	{r7, lr}
	.cfi_def_cfa_offset 8
	.cfi_offset lr, -4
	.cfi_offset r7, -8
	.pad	#32
	sub	sp, #32
	.cfi_def_cfa_offset 40
                                        @ kill: def $r12 killed $r2
	str	r0, [sp, #28]
	str	r1, [sp, #24]
	strb.w	r2, [sp, #23]
	str	r3, [sp, #16]
.Ltmp30:
	.loc	1 522 72 prologue_end           @ ../../libraries/sdk/drives/fsl_lpi2c_edma.c:522:72
	ldr	r0, [sp, #24]
	.loc	1 522 33 is_stmt 0              @ ../../libraries/sdk/drives/fsl_lpi2c_edma.c:522:33
	str	r0, [sp, #12]
.Ltmp31:
	.loc	1 524 17 is_stmt 1              @ ../../libraries/sdk/drives/fsl_lpi2c_edma.c:524:17
	ldr	r0, [sp, #12]
.Ltmp32:
	.loc	1 524 9 is_stmt 0               @ ../../libraries/sdk/drives/fsl_lpi2c_edma.c:524:9
	cbnz	r0, .LBB3_2
	b	.LBB3_1
.LBB3_1:
.Ltmp33:
	.loc	1 526 9 is_stmt 1               @ ../../libraries/sdk/drives/fsl_lpi2c_edma.c:526:9
	b	.LBB3_6
.Ltmp34:
.LBB3_2:
	.loc	1 530 54                        @ ../../libraries/sdk/drives/fsl_lpi2c_edma.c:530:54
	ldr	r0, [sp, #12]
	.loc	1 530 62 is_stmt 0              @ ../../libraries/sdk/drives/fsl_lpi2c_edma.c:530:62
	ldr	r0, [r0]
	.loc	1 530 68                        @ ../../libraries/sdk/drives/fsl_lpi2c_edma.c:530:68
	str	r0, [sp, #4]                    @ 4-byte Spill
	bl	LPI2C_MasterGetStatusFlags
	mov	r1, r0
	.loc	1 530 23                        @ ../../libraries/sdk/drives/fsl_lpi2c_edma.c:530:23
	ldr	r0, [sp, #4]                    @ 4-byte Reload
	bl	LPI2C_MasterCheckAndClearError
	.loc	1 530 14                        @ ../../libraries/sdk/drives/fsl_lpi2c_edma.c:530:14
	str	r0, [sp, #8]
	.loc	1 533 5 is_stmt 1               @ ../../libraries/sdk/drives/fsl_lpi2c_edma.c:533:5
	ldr	r1, [sp, #12]
	movs	r0, #0
	.loc	1 533 20 is_stmt 0              @ ../../libraries/sdk/drives/fsl_lpi2c_edma.c:533:20
	strb	r0, [r1, #4]
.Ltmp35:
	.loc	1 535 16 is_stmt 1              @ ../../libraries/sdk/drives/fsl_lpi2c_edma.c:535:16
	ldr	r0, [sp, #12]
.Ltmp36:
	.loc	1 535 9 is_stmt 0               @ ../../libraries/sdk/drives/fsl_lpi2c_edma.c:535:9
	ldrb	r0, [r0, #28]
	lsls	r0, r0, #29
	cmp	r0, #0
	bmi	.LBB3_4
	b	.LBB3_3
.LBB3_3:
.Ltmp37:
	.loc	1 538 9 is_stmt 1               @ ../../libraries/sdk/drives/fsl_lpi2c_edma.c:538:9
	ldr	r0, [sp, #12]
	.loc	1 538 17 is_stmt 0              @ ../../libraries/sdk/drives/fsl_lpi2c_edma.c:538:17
	ldr	r1, [r0]
	mov.w	r0, #512
	.loc	1 538 28                        @ ../../libraries/sdk/drives/fsl_lpi2c_edma.c:538:28
	str	r0, [r1, #96]
	.loc	1 539 5 is_stmt 1               @ ../../libraries/sdk/drives/fsl_lpi2c_edma.c:539:5
	b	.LBB3_4
.Ltmp38:
.LBB3_4:
	.loc	1 542 9                         @ ../../libraries/sdk/drives/fsl_lpi2c_edma.c:542:9
	ldr	r0, [sp, #12]
	.loc	1 542 17 is_stmt 0              @ ../../libraries/sdk/drives/fsl_lpi2c_edma.c:542:17
	ldr	r0, [r0, #52]
.Ltmp39:
	.loc	1 542 9                         @ ../../libraries/sdk/drives/fsl_lpi2c_edma.c:542:9
	cbz	r0, .LBB3_6
	b	.LBB3_5
.LBB3_5:
.Ltmp40:
	.loc	1 544 9 is_stmt 1               @ ../../libraries/sdk/drives/fsl_lpi2c_edma.c:544:9
	ldr	r1, [sp, #12]
	.loc	1 544 58 is_stmt 0              @ ../../libraries/sdk/drives/fsl_lpi2c_edma.c:544:58
	ldr	r2, [sp, #8]
	.loc	1 544 44                        @ ../../libraries/sdk/drives/fsl_lpi2c_edma.c:544:44
	ldr	r0, [r1]
	.loc	1 544 17                        @ ../../libraries/sdk/drives/fsl_lpi2c_edma.c:544:17
	ldr.w	r12, [r1, #52]
	.loc	1 544 74                        @ ../../libraries/sdk/drives/fsl_lpi2c_edma.c:544:74
	ldr	r3, [r1, #56]
	.loc	1 544 9                         @ ../../libraries/sdk/drives/fsl_lpi2c_edma.c:544:9
	blx	r12
	.loc	1 545 5 is_stmt 1               @ ../../libraries/sdk/drives/fsl_lpi2c_edma.c:545:5
	b	.LBB3_6
.Ltmp41:
.LBB3_6:
	.loc	1 546 1                         @ ../../libraries/sdk/drives/fsl_lpi2c_edma.c:546:1
	add	sp, #32
	pop	{r7, pc}
.Ltmp42:
.Lfunc_end3:
	.size	LPI2C_MasterEDMACallback, .Lfunc_end3-LPI2C_MasterEDMACallback
	.cfi_endproc
	.cantunwind
	.fnend
                                        @ -- End function
	.section	.text.LPI2C_MasterTransferEDMA,"ax",%progbits
	.hidden	LPI2C_MasterTransferEDMA        @ -- Begin function LPI2C_MasterTransferEDMA
	.globl	LPI2C_MasterTransferEDMA
	.p2align	3
	.type	LPI2C_MasterTransferEDMA,%function
	.code	16                              @ @LPI2C_MasterTransferEDMA
	.thumb_func
LPI2C_MasterTransferEDMA:
.Lfunc_begin4:
	.loc	1 233 0                         @ ../../libraries/sdk/drives/fsl_lpi2c_edma.c:233:0
	.fnstart
	.cfi_startproc
@ %bb.0:
	.save	{r4, lr}
	push	{r4, lr}
	.cfi_def_cfa_offset 8
	.cfi_offset lr, -4
	.cfi_offset r4, -8
	.pad	#88
	sub	sp, #88
	.cfi_def_cfa_offset 96
	str	r0, [sp, #80]
	str	r1, [sp, #76]
	str	r2, [sp, #72]
.Ltmp43:
	.loc	1 236 5 prologue_end            @ ../../libraries/sdk/drives/fsl_lpi2c_edma.c:236:5
	ldr	r0, [sp, #76]
	cbz	r0, .LBB4_2
	b	.LBB4_1
.LBB4_1:
	b	.LBB4_3
.LBB4_2:
	movw	r0, :lower16:.L.str
	movt	r0, :upper16:.L.str
	movw	r1, :lower16:.L.str.1
	movt	r1, :upper16:.L.str.1
	movs	r2, #236
	bl	__aeabi_assert
.LBB4_3:
	.loc	1 237 5                         @ ../../libraries/sdk/drives/fsl_lpi2c_edma.c:237:5
	ldr	r0, [sp, #72]
	cbz	r0, .LBB4_5
	b	.LBB4_4
.LBB4_4:
	b	.LBB4_6
.LBB4_5:
	movw	r0, :lower16:.L.str.4
	movt	r0, :upper16:.L.str.4
	movw	r1, :lower16:.L.str.1
	movt	r1, :upper16:.L.str.1
	movs	r2, #237
	bl	__aeabi_assert
.LBB4_6:
	ldr	r0, [sp, #72]
	.loc	1 238 5                         @ ../../libraries/sdk/drives/fsl_lpi2c_edma.c:238:5
	ldr	r0, [r0, #12]
	cmp	r0, #4
	bhi	.LBB4_8
	b	.LBB4_7
.LBB4_7:
	b	.LBB4_9
.LBB4_8:
	movw	r0, :lower16:.L.str.5
	movt	r0, :upper16:.L.str.5
	movw	r1, :lower16:.L.str.1
	movt	r1, :upper16:.L.str.1
	movs	r2, #238
	bl	__aeabi_assert
.LBB4_9:
	ldr	r0, [sp, #72]
.Ltmp44:
	.loc	1 245 20                        @ ../../libraries/sdk/drives/fsl_lpi2c_edma.c:245:20
	ldrb	r0, [r0, #6]
	.loc	1 245 46 is_stmt 0              @ ../../libraries/sdk/drives/fsl_lpi2c_edma.c:245:46
	cmp	r0, #1
	bne	.LBB4_12
	b	.LBB4_10
.LBB4_10:
	.loc	1 245 50                        @ ../../libraries/sdk/drives/fsl_lpi2c_edma.c:245:50
	ldr	r0, [sp, #72]
	.loc	1 245 60                        @ ../../libraries/sdk/drives/fsl_lpi2c_edma.c:245:60
	ldr	r0, [r0, #20]
.Ltmp45:
	.loc	1 245 9                         @ ../../libraries/sdk/drives/fsl_lpi2c_edma.c:245:9
	cmp.w	r0, #1024
	bls	.LBB4_12
	b	.LBB4_11
.LBB4_11:
	.loc	1 0 9                           @ ../../libraries/sdk/drives/fsl_lpi2c_edma.c:0:9
	movs	r0, #4
.Ltmp46:
	.loc	1 247 9 is_stmt 1               @ ../../libraries/sdk/drives/fsl_lpi2c_edma.c:247:9
	str	r0, [sp, #84]
	b	.LBB4_47
.Ltmp47:
.LBB4_12:
	.loc	1 251 9                         @ ../../libraries/sdk/drives/fsl_lpi2c_edma.c:251:9
	ldr	r0, [sp, #76]
	.loc	1 251 17 is_stmt 0              @ ../../libraries/sdk/drives/fsl_lpi2c_edma.c:251:17
	ldrb	r0, [r0, #4]
.Ltmp48:
	.loc	1 251 9                         @ ../../libraries/sdk/drives/fsl_lpi2c_edma.c:251:9
	lsls	r0, r0, #31
	cbz	r0, .LBB4_14
	b	.LBB4_13
.LBB4_13:
	.loc	1 0 9                           @ ../../libraries/sdk/drives/fsl_lpi2c_edma.c:0:9
	mov.w	r0, #900
.Ltmp49:
	.loc	1 253 9 is_stmt 1               @ ../../libraries/sdk/drives/fsl_lpi2c_edma.c:253:9
	str	r0, [sp, #84]
	b	.LBB4_47
.Ltmp50:
.LBB4_14:
	.loc	1 257 36                        @ ../../libraries/sdk/drives/fsl_lpi2c_edma.c:257:36
	ldr	r0, [sp, #80]
	.loc	1 257 14 is_stmt 0              @ ../../libraries/sdk/drives/fsl_lpi2c_edma.c:257:14
	bl	LPI2C_CheckForBusyBus
	.loc	1 257 12                        @ ../../libraries/sdk/drives/fsl_lpi2c_edma.c:257:12
	str	r0, [sp, #68]
.Ltmp51:
	.loc	1 258 9 is_stmt 1               @ ../../libraries/sdk/drives/fsl_lpi2c_edma.c:258:9
	ldr	r0, [sp, #68]
.Ltmp52:
	.loc	1 258 9 is_stmt 0               @ ../../libraries/sdk/drives/fsl_lpi2c_edma.c:258:9
	cbz	r0, .LBB4_16
	b	.LBB4_15
.LBB4_15:
.Ltmp53:
	.loc	1 260 16 is_stmt 1              @ ../../libraries/sdk/drives/fsl_lpi2c_edma.c:260:16
	ldr	r0, [sp, #68]
	.loc	1 260 9 is_stmt 0               @ ../../libraries/sdk/drives/fsl_lpi2c_edma.c:260:9
	str	r0, [sp, #84]
	b	.LBB4_47
.Ltmp54:
.LBB4_16:
	.loc	1 264 5 is_stmt 1               @ ../../libraries/sdk/drives/fsl_lpi2c_edma.c:264:5
	ldr	r1, [sp, #76]
	movs	r0, #1
	.loc	1 264 20 is_stmt 0              @ ../../libraries/sdk/drives/fsl_lpi2c_edma.c:264:20
	strb	r0, [r1, #4]
	.loc	1 267 35 is_stmt 1              @ ../../libraries/sdk/drives/fsl_lpi2c_edma.c:267:35
	ldr	r0, [sp, #80]
	movw	r1, #15875
	.loc	1 267 5 is_stmt 0               @ ../../libraries/sdk/drives/fsl_lpi2c_edma.c:267:5
	bl	LPI2C_MasterDisableInterrupts
	.loc	1 268 27 is_stmt 1              @ ../../libraries/sdk/drives/fsl_lpi2c_edma.c:268:27
	ldr	r0, [sp, #80]
	movs	r2, #0
	.loc	1 268 5 is_stmt 0               @ ../../libraries/sdk/drives/fsl_lpi2c_edma.c:268:5
	mov	r1, r2
	bl	LPI2C_MasterEnableDMA
	.loc	1 271 34 is_stmt 1              @ ../../libraries/sdk/drives/fsl_lpi2c_edma.c:271:34
	ldr	r0, [sp, #80]
	mov.w	r1, #32512
	.loc	1 271 5 is_stmt 0               @ ../../libraries/sdk/drives/fsl_lpi2c_edma.c:271:5
	bl	LPI2C_MasterClearStatusFlags
	.loc	1 274 5 is_stmt 1               @ ../../libraries/sdk/drives/fsl_lpi2c_edma.c:274:5
	ldr	r1, [sp, #76]
	.loc	1 274 25 is_stmt 0              @ ../../libraries/sdk/drives/fsl_lpi2c_edma.c:274:25
	ldr	r4, [sp, #72]
	.loc	1 274 24                        @ ../../libraries/sdk/drives/fsl_lpi2c_edma.c:274:24
	ldr	r0, [r4]
	ldr	r2, [r4, #4]
	ldr	r3, [r4, #8]
	ldr.w	r12, [r4, #12]
	ldr.w	lr, [r4, #16]
	ldr	r4, [r4, #20]
	str	r4, [r1, #48]
	str.w	lr, [r1, #44]
	str.w	r12, [r1, #40]
	str	r3, [r1, #36]
	str	r2, [r1, #32]
	str	r0, [r1, #28]
	.loc	1 277 52 is_stmt 1              @ ../../libraries/sdk/drives/fsl_lpi2c_edma.c:277:52
	ldr	r0, [sp, #76]
	.loc	1 277 29 is_stmt 0              @ ../../libraries/sdk/drives/fsl_lpi2c_edma.c:277:29
	bl	LPI2C_GenerateCommands
	.loc	1 277 14                        @ ../../libraries/sdk/drives/fsl_lpi2c_edma.c:277:14
	str	r0, [sp, #64]
.Ltmp55:
	.loc	1 280 16 is_stmt 1              @ ../../libraries/sdk/drives/fsl_lpi2c_edma.c:280:16
	ldr	r0, [sp, #64]
	.loc	1 280 30 is_stmt 0              @ ../../libraries/sdk/drives/fsl_lpi2c_edma.c:280:30
	cbnz	r0, .LBB4_21
	b	.LBB4_17
.LBB4_17:
	.loc	1 280 34                        @ ../../libraries/sdk/drives/fsl_lpi2c_edma.c:280:34
	ldr	r0, [sp, #72]
	.loc	1 280 44                        @ ../../libraries/sdk/drives/fsl_lpi2c_edma.c:280:44
	ldr	r0, [r0, #20]
.Ltmp56:
	.loc	1 280 9                         @ ../../libraries/sdk/drives/fsl_lpi2c_edma.c:280:9
	cbnz	r0, .LBB4_21
	b	.LBB4_18
.LBB4_18:
.Ltmp57:
	.loc	1 282 13 is_stmt 1              @ ../../libraries/sdk/drives/fsl_lpi2c_edma.c:282:13
	ldr	r0, [sp, #76]
	.loc	1 282 21 is_stmt 0              @ ../../libraries/sdk/drives/fsl_lpi2c_edma.c:282:21
	ldr	r0, [r0, #52]
.Ltmp58:
	.loc	1 282 13                        @ ../../libraries/sdk/drives/fsl_lpi2c_edma.c:282:13
	cbz	r0, .LBB4_20
	b	.LBB4_19
.LBB4_19:
.Ltmp59:
	.loc	1 284 13 is_stmt 1              @ ../../libraries/sdk/drives/fsl_lpi2c_edma.c:284:13
	ldr	r1, [sp, #76]
	.loc	1 284 40 is_stmt 0              @ ../../libraries/sdk/drives/fsl_lpi2c_edma.c:284:40
	ldr	r0, [sp, #80]
	.loc	1 284 21                        @ ../../libraries/sdk/drives/fsl_lpi2c_edma.c:284:21
	ldr.w	r12, [r1, #52]
	.loc	1 284 79                        @ ../../libraries/sdk/drives/fsl_lpi2c_edma.c:284:79
	ldr	r3, [r1, #56]
	movs	r2, #0
	.loc	1 284 13                        @ ../../libraries/sdk/drives/fsl_lpi2c_edma.c:284:13
	blx	r12
	.loc	1 285 9 is_stmt 1               @ ../../libraries/sdk/drives/fsl_lpi2c_edma.c:285:9
	b	.LBB4_20
.Ltmp60:
.LBB4_20:
	.loc	1 0 9 is_stmt 0                 @ ../../libraries/sdk/drives/fsl_lpi2c_edma.c:0:9
	movs	r0, #0
	.loc	1 286 9 is_stmt 1               @ ../../libraries/sdk/drives/fsl_lpi2c_edma.c:286:9
	str	r0, [sp, #84]
	b	.LBB4_47
.Ltmp61:
.LBB4_21:
	.loc	1 290 23                        @ ../../libraries/sdk/drives/fsl_lpi2c_edma.c:290:23
	ldr	r0, [sp, #76]
	.loc	1 290 31 is_stmt 0              @ ../../libraries/sdk/drives/fsl_lpi2c_edma.c:290:31
	ldr	r1, [r0, #60]
	.loc	1 290 35                        @ ../../libraries/sdk/drives/fsl_lpi2c_edma.c:290:35
	ldr	r0, [r1, #8]
	.loc	1 290 53                        @ ../../libraries/sdk/drives/fsl_lpi2c_edma.c:290:53
	ldrb	r1, [r1, #16]
	.loc	1 290 5                         @ ../../libraries/sdk/drives/fsl_lpi2c_edma.c:290:5
	bl	EDMA_ResetChannel
	.loc	1 297 50 is_stmt 1              @ ../../libraries/sdk/drives/fsl_lpi2c_edma.c:297:50
	ldr	r0, [sp, #76]
	adds	r0, #100
	.loc	1 297 67 is_stmt 0              @ ../../libraries/sdk/drives/fsl_lpi2c_edma.c:297:67
	bic	r0, r0, #31
	.loc	1 297 17                        @ ../../libraries/sdk/drives/fsl_lpi2c_edma.c:297:17
	str	r0, [sp, #60]
	.loc	1 299 28 is_stmt 1              @ ../../libraries/sdk/drives/fsl_lpi2c_edma.c:299:28
	ldr	r0, [sp, #72]
	.loc	1 299 38 is_stmt 0              @ ../../libraries/sdk/drives/fsl_lpi2c_edma.c:299:38
	ldrb	r1, [r0, #6]
	movs	r0, #0
	.loc	1 299 65                        @ ../../libraries/sdk/drives/fsl_lpi2c_edma.c:299:65
	str	r0, [sp, #12]                   @ 4-byte Spill
	cbnz	r1, .LBB4_23
	b	.LBB4_22
.LBB4_22:
	.loc	1 299 69                        @ ../../libraries/sdk/drives/fsl_lpi2c_edma.c:299:69
	ldr	r0, [sp, #72]
	.loc	1 299 79                        @ ../../libraries/sdk/drives/fsl_lpi2c_edma.c:299:79
	ldr	r0, [r0, #20]
	.loc	1 299 88                        @ ../../libraries/sdk/drives/fsl_lpi2c_edma.c:299:88
	cmp	r0, #0
	it	ne
	movne	r0, #1
	str	r0, [sp, #12]                   @ 4-byte Spill
	b	.LBB4_23
.LBB4_23:
	.loc	1 0 0                           @ ../../libraries/sdk/drives/fsl_lpi2c_edma.c:0:0
	ldr	r0, [sp, #12]                   @ 4-byte Reload
	.loc	1 299 10                        @ ../../libraries/sdk/drives/fsl_lpi2c_edma.c:299:10
	and	r0, r0, #1
	strb.w	r0, [sp, #59]
	.loc	1 300 28 is_stmt 1              @ ../../libraries/sdk/drives/fsl_lpi2c_edma.c:300:28
	ldr	r0, [sp, #72]
	.loc	1 300 38 is_stmt 0              @ ../../libraries/sdk/drives/fsl_lpi2c_edma.c:300:38
	ldrb	r1, [r0, #6]
	movs	r0, #0
	.loc	1 300 64                        @ ../../libraries/sdk/drives/fsl_lpi2c_edma.c:300:64
	cmp	r1, #1
	str	r0, [sp, #8]                    @ 4-byte Spill
	bne	.LBB4_25
	b	.LBB4_24
.LBB4_24:
	.loc	1 300 68                        @ ../../libraries/sdk/drives/fsl_lpi2c_edma.c:300:68
	ldr	r0, [sp, #72]
	.loc	1 300 78                        @ ../../libraries/sdk/drives/fsl_lpi2c_edma.c:300:78
	ldr	r0, [r0, #20]
	.loc	1 300 87                        @ ../../libraries/sdk/drives/fsl_lpi2c_edma.c:300:87
	cmp	r0, #0
	it	ne
	movne	r0, #1
	str	r0, [sp, #8]                    @ 4-byte Spill
	b	.LBB4_25
.LBB4_25:
	.loc	1 0 0                           @ ../../libraries/sdk/drives/fsl_lpi2c_edma.c:0:0
	ldr	r0, [sp, #8]                    @ 4-byte Reload
	.loc	1 300 10                        @ ../../libraries/sdk/drives/fsl_lpi2c_edma.c:300:10
	and	r0, r0, #1
	strb.w	r0, [sp, #58]
	movs	r0, #0
	.loc	1 303 17 is_stmt 1              @ ../../libraries/sdk/drives/fsl_lpi2c_edma.c:303:17
	str	r0, [sp, #28]
.Ltmp62:
	.loc	1 306 9                         @ ../../libraries/sdk/drives/fsl_lpi2c_edma.c:306:9
	ldrb.w	r0, [sp, #59]
.Ltmp63:
	.loc	1 306 9 is_stmt 0               @ ../../libraries/sdk/drives/fsl_lpi2c_edma.c:306:9
	lsls	r0, r0, #31
	cbz	r0, .LBB4_30
	b	.LBB4_26
.LBB4_26:
.Ltmp64:
	.loc	1 308 55 is_stmt 1              @ ../../libraries/sdk/drives/fsl_lpi2c_edma.c:308:55
	ldr	r0, [sp, #72]
	.loc	1 308 65 is_stmt 0              @ ../../libraries/sdk/drives/fsl_lpi2c_edma.c:308:65
	ldr	r0, [r0, #16]
	.loc	1 308 19                        @ ../../libraries/sdk/drives/fsl_lpi2c_edma.c:308:19
	str	r0, [sp, #24]
	.loc	1 309 53 is_stmt 1              @ ../../libraries/sdk/drives/fsl_lpi2c_edma.c:309:53
	ldr	r0, [sp, #24]
	.loc	1 309 41 is_stmt 0              @ ../../libraries/sdk/drives/fsl_lpi2c_edma.c:309:41
	str	r0, [sp, #32]
	.loc	1 310 82 is_stmt 1              @ ../../libraries/sdk/drives/fsl_lpi2c_edma.c:310:82
	ldr	r0, [sp, #80]
	.loc	1 310 53 is_stmt 0              @ ../../libraries/sdk/drives/fsl_lpi2c_edma.c:310:53
	bl	LPI2C_MasterGetTxFifoAddress
	.loc	1 310 41                        @ ../../libraries/sdk/drives/fsl_lpi2c_edma.c:310:41
	str	r0, [sp, #36]
	movs	r1, #0
	.loc	1 311 41 is_stmt 1              @ ../../libraries/sdk/drives/fsl_lpi2c_edma.c:311:41
	strb.w	r1, [sp, #40]
	.loc	1 312 41                        @ ../../libraries/sdk/drives/fsl_lpi2c_edma.c:312:41
	strb.w	r1, [sp, #41]
	movs	r0, #1
	.loc	1 313 41                        @ ../../libraries/sdk/drives/fsl_lpi2c_edma.c:313:41
	strh.w	r0, [sp, #42]
	.loc	1 314 41                        @ ../../libraries/sdk/drives/fsl_lpi2c_edma.c:314:41
	strh.w	r1, [sp, #44]
	.loc	1 315 41                        @ ../../libraries/sdk/drives/fsl_lpi2c_edma.c:315:41
	str	r0, [sp, #48]
	.loc	1 316 43                        @ ../../libraries/sdk/drives/fsl_lpi2c_edma.c:316:43
	ldr	r0, [sp, #72]
	.loc	1 316 53 is_stmt 0              @ ../../libraries/sdk/drives/fsl_lpi2c_edma.c:316:53
	ldr	r0, [r0, #20]
	.loc	1 316 41                        @ ../../libraries/sdk/drives/fsl_lpi2c_edma.c:316:41
	str	r0, [sp, #52]
	.loc	1 319 50 is_stmt 1              @ ../../libraries/sdk/drives/fsl_lpi2c_edma.c:319:50
	ldr	r0, [sp, #48]
	.loc	1 319 9 is_stmt 0               @ ../../libraries/sdk/drives/fsl_lpi2c_edma.c:319:9
	ldr	r1, [sp, #76]
	.loc	1 319 24                        @ ../../libraries/sdk/drives/fsl_lpi2c_edma.c:319:24
	strb	r0, [r1, #5]
.Ltmp65:
	.loc	1 321 13 is_stmt 1              @ ../../libraries/sdk/drives/fsl_lpi2c_edma.c:321:13
	ldr	r0, [sp, #64]
.Ltmp66:
	.loc	1 321 13 is_stmt 0              @ ../../libraries/sdk/drives/fsl_lpi2c_edma.c:321:13
	cbz	r0, .LBB4_28
	b	.LBB4_27
.LBB4_27:
.Ltmp67:
	.loc	1 324 27 is_stmt 1              @ ../../libraries/sdk/drives/fsl_lpi2c_edma.c:324:27
	ldr	r0, [sp, #60]
	.loc	1 324 13 is_stmt 0              @ ../../libraries/sdk/drives/fsl_lpi2c_edma.c:324:13
	bl	EDMA_TcdReset
	.loc	1 325 39 is_stmt 1              @ ../../libraries/sdk/drives/fsl_lpi2c_edma.c:325:39
	ldr	r0, [sp, #60]
	add	r1, sp, #32
	movs	r2, #0
	.loc	1 325 13 is_stmt 0              @ ../../libraries/sdk/drives/fsl_lpi2c_edma.c:325:13
	bl	EDMA_TcdSetTransferConfig
	.loc	1 326 38 is_stmt 1              @ ../../libraries/sdk/drives/fsl_lpi2c_edma.c:326:38
	ldr	r0, [sp, #60]
	movs	r1, #2
	.loc	1 326 13 is_stmt 0              @ ../../libraries/sdk/drives/fsl_lpi2c_edma.c:326:13
	bl	EDMA_TcdEnableInterrupts
	.loc	1 327 23 is_stmt 1              @ ../../libraries/sdk/drives/fsl_lpi2c_edma.c:327:23
	ldr	r0, [sp, #60]
	.loc	1 327 21 is_stmt 0              @ ../../libraries/sdk/drives/fsl_lpi2c_edma.c:327:21
	str	r0, [sp, #28]
	.loc	1 328 9 is_stmt 1               @ ../../libraries/sdk/drives/fsl_lpi2c_edma.c:328:9
	b	.LBB4_29
.Ltmp68:
.LBB4_28:
	.loc	1 332 36                        @ ../../libraries/sdk/drives/fsl_lpi2c_edma.c:332:36
	ldr	r0, [sp, #76]
	.loc	1 332 44 is_stmt 0              @ ../../libraries/sdk/drives/fsl_lpi2c_edma.c:332:44
	ldr	r1, [r0, #64]
	.loc	1 332 48                        @ ../../libraries/sdk/drives/fsl_lpi2c_edma.c:332:48
	ldr	r0, [r1, #8]
	.loc	1 332 66                        @ ../../libraries/sdk/drives/fsl_lpi2c_edma.c:332:66
	ldrb	r1, [r1, #16]
	add	r2, sp, #32
	movs	r3, #0
	.loc	1 332 13                        @ ../../libraries/sdk/drives/fsl_lpi2c_edma.c:332:13
	bl	EDMA_SetTransferConfig
	.loc	1 333 42 is_stmt 1              @ ../../libraries/sdk/drives/fsl_lpi2c_edma.c:333:42
	ldr	r0, [sp, #76]
	.loc	1 333 50 is_stmt 0              @ ../../libraries/sdk/drives/fsl_lpi2c_edma.c:333:50
	ldr	r1, [r0, #64]
	.loc	1 333 54                        @ ../../libraries/sdk/drives/fsl_lpi2c_edma.c:333:54
	ldr	r0, [r1, #8]
	.loc	1 333 72                        @ ../../libraries/sdk/drives/fsl_lpi2c_edma.c:333:72
	ldrb	r1, [r1, #16]
	movs	r2, #2
	.loc	1 333 13                        @ ../../libraries/sdk/drives/fsl_lpi2c_edma.c:333:13
	bl	EDMA_EnableChannelInterrupts
	b	.LBB4_29
.Ltmp69:
.LBB4_29:
	.loc	1 335 5 is_stmt 1               @ ../../libraries/sdk/drives/fsl_lpi2c_edma.c:335:5
	b	.LBB4_37
.Ltmp70:
.LBB4_30:
	.loc	1 336 14                        @ ../../libraries/sdk/drives/fsl_lpi2c_edma.c:336:14
	ldrb.w	r0, [sp, #58]
.Ltmp71:
	.loc	1 336 14 is_stmt 0              @ ../../libraries/sdk/drives/fsl_lpi2c_edma.c:336:14
	lsls	r0, r0, #31
	cmp	r0, #0
	beq	.LBB4_35
	b	.LBB4_31
.LBB4_31:
.Ltmp72:
	.loc	1 338 41 is_stmt 1              @ ../../libraries/sdk/drives/fsl_lpi2c_edma.c:338:41
	ldr	r0, [sp, #72]
	.loc	1 338 51 is_stmt 0              @ ../../libraries/sdk/drives/fsl_lpi2c_edma.c:338:51
	ldr	r0, [r0, #16]
	.loc	1 338 19                        @ ../../libraries/sdk/drives/fsl_lpi2c_edma.c:338:19
	str	r0, [sp, #20]
	.loc	1 340 82 is_stmt 1              @ ../../libraries/sdk/drives/fsl_lpi2c_edma.c:340:82
	ldr	r0, [sp, #80]
	.loc	1 340 53 is_stmt 0              @ ../../libraries/sdk/drives/fsl_lpi2c_edma.c:340:53
	bl	LPI2C_MasterGetRxFifoAddress
	.loc	1 340 41                        @ ../../libraries/sdk/drives/fsl_lpi2c_edma.c:340:41
	str	r0, [sp, #32]
	.loc	1 341 53 is_stmt 1              @ ../../libraries/sdk/drives/fsl_lpi2c_edma.c:341:53
	ldr	r0, [sp, #20]
	.loc	1 341 41 is_stmt 0              @ ../../libraries/sdk/drives/fsl_lpi2c_edma.c:341:41
	str	r0, [sp, #36]
	movs	r0, #0
	.loc	1 342 41 is_stmt 1              @ ../../libraries/sdk/drives/fsl_lpi2c_edma.c:342:41
	strb.w	r0, [sp, #40]
	.loc	1 343 41                        @ ../../libraries/sdk/drives/fsl_lpi2c_edma.c:343:41
	strb.w	r0, [sp, #41]
	.loc	1 344 41                        @ ../../libraries/sdk/drives/fsl_lpi2c_edma.c:344:41
	strh.w	r0, [sp, #42]
	movs	r0, #1
	.loc	1 345 41                        @ ../../libraries/sdk/drives/fsl_lpi2c_edma.c:345:41
	strh.w	r0, [sp, #44]
	.loc	1 346 41                        @ ../../libraries/sdk/drives/fsl_lpi2c_edma.c:346:41
	str	r0, [sp, #48]
	.loc	1 347 43                        @ ../../libraries/sdk/drives/fsl_lpi2c_edma.c:347:43
	ldr	r0, [sp, #72]
	.loc	1 347 53 is_stmt 0              @ ../../libraries/sdk/drives/fsl_lpi2c_edma.c:347:53
	ldr	r0, [r0, #20]
	.loc	1 347 41                        @ ../../libraries/sdk/drives/fsl_lpi2c_edma.c:347:41
	str	r0, [sp, #52]
	.loc	1 350 50 is_stmt 1              @ ../../libraries/sdk/drives/fsl_lpi2c_edma.c:350:50
	ldr	r0, [sp, #48]
	.loc	1 350 9 is_stmt 0               @ ../../libraries/sdk/drives/fsl_lpi2c_edma.c:350:9
	ldr	r1, [sp, #76]
	.loc	1 350 24                        @ ../../libraries/sdk/drives/fsl_lpi2c_edma.c:350:24
	strb	r0, [r1, #5]
.Ltmp73:
	.loc	1 352 82 is_stmt 1              @ ../../libraries/sdk/drives/fsl_lpi2c_edma.c:352:82
	ldr	r0, [sp, #64]
.Ltmp74:
	.loc	1 352 13 is_stmt 0              @ ../../libraries/sdk/drives/fsl_lpi2c_edma.c:352:13
	cbnz	r0, .LBB4_33
	b	.LBB4_32
.LBB4_32:
.Ltmp75:
	.loc	1 355 36 is_stmt 1              @ ../../libraries/sdk/drives/fsl_lpi2c_edma.c:355:36
	ldr	r0, [sp, #76]
	.loc	1 355 44 is_stmt 0              @ ../../libraries/sdk/drives/fsl_lpi2c_edma.c:355:44
	ldr	r1, [r0, #60]
	.loc	1 355 48                        @ ../../libraries/sdk/drives/fsl_lpi2c_edma.c:355:48
	ldr	r0, [r1, #8]
	.loc	1 355 66                        @ ../../libraries/sdk/drives/fsl_lpi2c_edma.c:355:66
	ldrb	r1, [r1, #16]
	add	r2, sp, #32
	movs	r3, #0
	.loc	1 355 13                        @ ../../libraries/sdk/drives/fsl_lpi2c_edma.c:355:13
	bl	EDMA_SetTransferConfig
	.loc	1 356 42 is_stmt 1              @ ../../libraries/sdk/drives/fsl_lpi2c_edma.c:356:42
	ldr	r0, [sp, #76]
	.loc	1 356 50 is_stmt 0              @ ../../libraries/sdk/drives/fsl_lpi2c_edma.c:356:50
	ldr	r1, [r0, #60]
	.loc	1 356 54                        @ ../../libraries/sdk/drives/fsl_lpi2c_edma.c:356:54
	ldr	r0, [r1, #8]
	.loc	1 356 72                        @ ../../libraries/sdk/drives/fsl_lpi2c_edma.c:356:72
	ldrb	r1, [r1, #16]
	movs	r2, #2
	.loc	1 356 13                        @ ../../libraries/sdk/drives/fsl_lpi2c_edma.c:356:13
	bl	EDMA_EnableChannelInterrupts
	.loc	1 357 9 is_stmt 1               @ ../../libraries/sdk/drives/fsl_lpi2c_edma.c:357:9
	b	.LBB4_34
.Ltmp76:
.LBB4_33:
	.loc	1 364 27                        @ ../../libraries/sdk/drives/fsl_lpi2c_edma.c:364:27
	ldr	r0, [sp, #60]
	.loc	1 364 13 is_stmt 0              @ ../../libraries/sdk/drives/fsl_lpi2c_edma.c:364:13
	bl	EDMA_TcdReset
	.loc	1 365 39 is_stmt 1              @ ../../libraries/sdk/drives/fsl_lpi2c_edma.c:365:39
	ldr	r0, [sp, #60]
	add	r1, sp, #32
	str	r1, [sp, #4]                    @ 4-byte Spill
	movs	r2, #0
	.loc	1 365 13 is_stmt 0              @ ../../libraries/sdk/drives/fsl_lpi2c_edma.c:365:13
	str	r2, [sp]                        @ 4-byte Spill
	bl	EDMA_TcdSetTransferConfig
	.loc	1 366 38 is_stmt 1              @ ../../libraries/sdk/drives/fsl_lpi2c_edma.c:366:38
	ldr	r0, [sp, #60]
	movs	r1, #2
	.loc	1 366 13 is_stmt 0              @ ../../libraries/sdk/drives/fsl_lpi2c_edma.c:366:13
	bl	EDMA_TcdEnableInterrupts
	ldr	r0, [sp]                        @ 4-byte Reload
	.loc	1 368 45 is_stmt 1              @ ../../libraries/sdk/drives/fsl_lpi2c_edma.c:368:45
	movw	r1, :lower16:lpi2c_edma_RecSetting
	movt	r1, :upper16:lpi2c_edma_RecSetting
	str	r1, [sp, #32]
	.loc	1 369 61                        @ ../../libraries/sdk/drives/fsl_lpi2c_edma.c:369:61
	ldr	r1, [sp, #80]
	.loc	1 369 67 is_stmt 0              @ ../../libraries/sdk/drives/fsl_lpi2c_edma.c:369:67
	adds	r1, #28
	.loc	1 369 45                        @ ../../libraries/sdk/drives/fsl_lpi2c_edma.c:369:45
	str	r1, [sp, #36]
	.loc	1 370 45 is_stmt 1              @ ../../libraries/sdk/drives/fsl_lpi2c_edma.c:370:45
	strb.w	r0, [sp, #40]
	.loc	1 371 45                        @ ../../libraries/sdk/drives/fsl_lpi2c_edma.c:371:45
	strb.w	r0, [sp, #41]
	.loc	1 372 45                        @ ../../libraries/sdk/drives/fsl_lpi2c_edma.c:372:45
	strh.w	r0, [sp, #42]
	movs	r0, #1
	.loc	1 373 45                        @ ../../libraries/sdk/drives/fsl_lpi2c_edma.c:373:45
	strh.w	r0, [sp, #44]
	.loc	1 374 45                        @ ../../libraries/sdk/drives/fsl_lpi2c_edma.c:374:45
	str	r0, [sp, #48]
	.loc	1 375 45                        @ ../../libraries/sdk/drives/fsl_lpi2c_edma.c:375:45
	str	r0, [sp, #52]
	.loc	1 377 73                        @ ../../libraries/sdk/drives/fsl_lpi2c_edma.c:377:73
	ldr	r0, [sp, #76]
	adds	r0, #132
	.loc	1 377 90 is_stmt 0              @ ../../libraries/sdk/drives/fsl_lpi2c_edma.c:377:90
	bic	r0, r0, #31
	.loc	1 377 25                        @ ../../libraries/sdk/drives/fsl_lpi2c_edma.c:377:25
	str	r0, [sp, #16]
	.loc	1 379 27 is_stmt 1              @ ../../libraries/sdk/drives/fsl_lpi2c_edma.c:379:27
	ldr	r0, [sp, #16]
	.loc	1 379 13 is_stmt 0              @ ../../libraries/sdk/drives/fsl_lpi2c_edma.c:379:13
	bl	EDMA_TcdReset
	ldr	r1, [sp, #4]                    @ 4-byte Reload
	.loc	1 380 39 is_stmt 1              @ ../../libraries/sdk/drives/fsl_lpi2c_edma.c:380:39
	ldr	r0, [sp, #16]
	.loc	1 380 76 is_stmt 0              @ ../../libraries/sdk/drives/fsl_lpi2c_edma.c:380:76
	ldr	r2, [sp, #60]
	.loc	1 380 13                        @ ../../libraries/sdk/drives/fsl_lpi2c_edma.c:380:13
	bl	EDMA_TcdSetTransferConfig
	.loc	1 381 23 is_stmt 1              @ ../../libraries/sdk/drives/fsl_lpi2c_edma.c:381:23
	ldr	r0, [sp, #16]
	.loc	1 381 21 is_stmt 0              @ ../../libraries/sdk/drives/fsl_lpi2c_edma.c:381:21
	str	r0, [sp, #28]
	b	.LBB4_34
.Ltmp77:
.LBB4_34:
	.loc	1 383 5 is_stmt 1               @ ../../libraries/sdk/drives/fsl_lpi2c_edma.c:383:5
	b	.LBB4_36
.Ltmp78:
.LBB4_35:
	.loc	1 0 5 is_stmt 0                 @ ../../libraries/sdk/drives/fsl_lpi2c_edma.c:0:5
	b	.LBB4_36
.LBB4_36:
	b	.LBB4_37
.LBB4_37:
.Ltmp79:
	.loc	1 390 9 is_stmt 1               @ ../../libraries/sdk/drives/fsl_lpi2c_edma.c:390:9
	ldr	r0, [sp, #64]
.Ltmp80:
	.loc	1 390 9 is_stmt 0               @ ../../libraries/sdk/drives/fsl_lpi2c_edma.c:390:9
	cbz	r0, .LBB4_39
	b	.LBB4_38
.LBB4_38:
.Ltmp81:
	.loc	1 392 53 is_stmt 1              @ ../../libraries/sdk/drives/fsl_lpi2c_edma.c:392:53
	ldr	r0, [sp, #76]
	.loc	1 392 61 is_stmt 0              @ ../../libraries/sdk/drives/fsl_lpi2c_edma.c:392:61
	adds	r0, #6
	.loc	1 392 41                        @ ../../libraries/sdk/drives/fsl_lpi2c_edma.c:392:41
	str	r0, [sp, #32]
	.loc	1 393 82 is_stmt 1              @ ../../libraries/sdk/drives/fsl_lpi2c_edma.c:393:82
	ldr	r0, [sp, #80]
	.loc	1 393 53 is_stmt 0              @ ../../libraries/sdk/drives/fsl_lpi2c_edma.c:393:53
	bl	LPI2C_MasterGetTxFifoAddress
	.loc	1 393 41                        @ ../../libraries/sdk/drives/fsl_lpi2c_edma.c:393:41
	str	r0, [sp, #36]
	movs	r0, #1
	.loc	1 394 41 is_stmt 1              @ ../../libraries/sdk/drives/fsl_lpi2c_edma.c:394:41
	strb.w	r0, [sp, #40]
	.loc	1 395 41                        @ ../../libraries/sdk/drives/fsl_lpi2c_edma.c:395:41
	strb.w	r0, [sp, #41]
	movs	r0, #2
	.loc	1 396 41                        @ ../../libraries/sdk/drives/fsl_lpi2c_edma.c:396:41
	strh.w	r0, [sp, #42]
	movs	r1, #0
	.loc	1 397 41                        @ ../../libraries/sdk/drives/fsl_lpi2c_edma.c:397:41
	strh.w	r1, [sp, #44]
	.loc	1 398 41                        @ ../../libraries/sdk/drives/fsl_lpi2c_edma.c:398:41
	str	r0, [sp, #48]
	.loc	1 399 43                        @ ../../libraries/sdk/drives/fsl_lpi2c_edma.c:399:43
	ldr	r0, [sp, #64]
	.loc	1 399 41 is_stmt 0              @ ../../libraries/sdk/drives/fsl_lpi2c_edma.c:399:41
	str	r0, [sp, #52]
	.loc	1 401 32 is_stmt 1              @ ../../libraries/sdk/drives/fsl_lpi2c_edma.c:401:32
	ldr	r0, [sp, #76]
	.loc	1 401 40 is_stmt 0              @ ../../libraries/sdk/drives/fsl_lpi2c_edma.c:401:40
	ldr	r1, [r0, #64]
	.loc	1 401 44                        @ ../../libraries/sdk/drives/fsl_lpi2c_edma.c:401:44
	ldr	r0, [r1, #8]
	.loc	1 401 62                        @ ../../libraries/sdk/drives/fsl_lpi2c_edma.c:401:62
	ldrb	r1, [r1, #16]
	.loc	1 401 88                        @ ../../libraries/sdk/drives/fsl_lpi2c_edma.c:401:88
	ldr	r3, [sp, #28]
	add	r2, sp, #32
	.loc	1 401 9                         @ ../../libraries/sdk/drives/fsl_lpi2c_edma.c:401:9
	bl	EDMA_SetTransferConfig
	.loc	1 402 5 is_stmt 1               @ ../../libraries/sdk/drives/fsl_lpi2c_edma.c:402:5
	b	.LBB4_39
.Ltmp82:
.LBB4_39:
	.loc	1 405 9                         @ ../../libraries/sdk/drives/fsl_lpi2c_edma.c:405:9
	ldrb.w	r0, [sp, #58]
	.loc	1 405 24 is_stmt 0              @ ../../libraries/sdk/drives/fsl_lpi2c_edma.c:405:24
	lsls	r0, r0, #31
	cbnz	r0, .LBB4_41
	b	.LBB4_40
.Ltmp83:
.LBB4_40:
	.loc	1 0 24                          @ ../../libraries/sdk/drives/fsl_lpi2c_edma.c:0:24
	movs	r0, #0
	.loc	1 405 9                         @ ../../libraries/sdk/drives/fsl_lpi2c_edma.c:405:9
	cbnz	r0, .LBB4_42
	b	.LBB4_41
.LBB4_41:
.Ltmp84:
	.loc	1 407 28 is_stmt 1              @ ../../libraries/sdk/drives/fsl_lpi2c_edma.c:407:28
	ldr	r0, [sp, #76]
	.loc	1 407 36 is_stmt 0              @ ../../libraries/sdk/drives/fsl_lpi2c_edma.c:407:36
	ldr	r0, [r0, #60]
	.loc	1 407 9                         @ ../../libraries/sdk/drives/fsl_lpi2c_edma.c:407:9
	bl	EDMA_StartTransfer
	.loc	1 408 5 is_stmt 1               @ ../../libraries/sdk/drives/fsl_lpi2c_edma.c:408:5
	b	.LBB4_42
.Ltmp85:
.LBB4_42:
	.loc	1 410 10                        @ ../../libraries/sdk/drives/fsl_lpi2c_edma.c:410:10
	ldrb.w	r0, [sp, #59]
	.loc	1 410 22 is_stmt 0              @ ../../libraries/sdk/drives/fsl_lpi2c_edma.c:410:22
	lsls	r0, r0, #31
	cbnz	r0, .LBB4_44
	b	.LBB4_43
.LBB4_43:
	.loc	1 410 26                        @ ../../libraries/sdk/drives/fsl_lpi2c_edma.c:410:26
	ldr	r0, [sp, #64]
	.loc	1 410 47                        @ ../../libraries/sdk/drives/fsl_lpi2c_edma.c:410:47
	cbz	r0, .LBB4_46
	b	.LBB4_44
.Ltmp86:
.LBB4_44:
	.loc	1 0 47                          @ ../../libraries/sdk/drives/fsl_lpi2c_edma.c:0:47
	movs	r0, #1
	.loc	1 410 9                         @ ../../libraries/sdk/drives/fsl_lpi2c_edma.c:410:9
	cbnz	r0, .LBB4_46
	b	.LBB4_45
.LBB4_45:
.Ltmp87:
	.loc	1 412 28 is_stmt 1              @ ../../libraries/sdk/drives/fsl_lpi2c_edma.c:412:28
	ldr	r0, [sp, #76]
	.loc	1 412 36 is_stmt 0              @ ../../libraries/sdk/drives/fsl_lpi2c_edma.c:412:36
	ldr	r0, [r0, #64]
	.loc	1 412 9                         @ ../../libraries/sdk/drives/fsl_lpi2c_edma.c:412:9
	bl	EDMA_StartTransfer
	.loc	1 413 5 is_stmt 1               @ ../../libraries/sdk/drives/fsl_lpi2c_edma.c:413:5
	b	.LBB4_46
.Ltmp88:
.LBB4_46:
	.loc	1 416 27                        @ ../../libraries/sdk/drives/fsl_lpi2c_edma.c:416:27
	ldr	r0, [sp, #80]
	movs	r2, #1
	.loc	1 416 5 is_stmt 0               @ ../../libraries/sdk/drives/fsl_lpi2c_edma.c:416:5
	mov	r1, r2
	bl	LPI2C_MasterEnableDMA
	.loc	1 419 34 is_stmt 1              @ ../../libraries/sdk/drives/fsl_lpi2c_edma.c:419:34
	ldr	r0, [sp, #80]
	mov.w	r1, #15360
	.loc	1 419 5 is_stmt 0               @ ../../libraries/sdk/drives/fsl_lpi2c_edma.c:419:5
	bl	LPI2C_MasterEnableInterrupts
	.loc	1 423 12 is_stmt 1              @ ../../libraries/sdk/drives/fsl_lpi2c_edma.c:423:12
	ldr	r0, [sp, #68]
	.loc	1 423 5 is_stmt 0               @ ../../libraries/sdk/drives/fsl_lpi2c_edma.c:423:5
	str	r0, [sp, #84]
	b	.LBB4_47
.LBB4_47:
	.loc	1 424 1 is_stmt 1               @ ../../libraries/sdk/drives/fsl_lpi2c_edma.c:424:1
	ldr	r0, [sp, #84]
	add	sp, #88
	pop	{r4, pc}
.Ltmp89:
.Lfunc_end4:
	.size	LPI2C_MasterTransferEDMA, .Lfunc_end4-LPI2C_MasterTransferEDMA
	.cfi_endproc
	.cantunwind
	.fnend
                                        @ -- End function
	.section	.text.LPI2C_MasterDisableInterrupts,"ax",%progbits
	.p2align	3                               @ -- Begin function LPI2C_MasterDisableInterrupts
	.type	LPI2C_MasterDisableInterrupts,%function
	.code	16                              @ @LPI2C_MasterDisableInterrupts
	.thumb_func
LPI2C_MasterDisableInterrupts:
.Lfunc_begin5:
	.loc	3 640 0                         @ ../../libraries/sdk/drives/fsl_lpi2c.h:640:0
	.fnstart
	.cfi_startproc
@ %bb.0:
	.pad	#8
	sub	sp, #8
	.cfi_def_cfa_offset 8
	str	r0, [sp, #4]
	str	r1, [sp]
.Ltmp90:
	.loc	3 641 20 prologue_end           @ ../../libraries/sdk/drives/fsl_lpi2c.h:641:20
	ldr	r2, [sp]
	.loc	3 641 5 is_stmt 0               @ ../../libraries/sdk/drives/fsl_lpi2c.h:641:5
	ldr	r1, [sp, #4]
	.loc	3 641 16                        @ ../../libraries/sdk/drives/fsl_lpi2c.h:641:16
	ldr	r0, [r1, #24]
	bics	r0, r2
	str	r0, [r1, #24]
	.loc	3 642 1 is_stmt 1               @ ../../libraries/sdk/drives/fsl_lpi2c.h:642:1
	add	sp, #8
	bx	lr
.Ltmp91:
.Lfunc_end5:
	.size	LPI2C_MasterDisableInterrupts, .Lfunc_end5-LPI2C_MasterDisableInterrupts
	.cfi_endproc
	.cantunwind
	.fnend
                                        @ -- End function
	.section	.text.LPI2C_MasterEnableDMA,"ax",%progbits
	.p2align	3                               @ -- Begin function LPI2C_MasterEnableDMA
	.type	LPI2C_MasterEnableDMA,%function
	.code	16                              @ @LPI2C_MasterEnableDMA
	.thumb_func
LPI2C_MasterEnableDMA:
.Lfunc_begin6:
	.loc	3 669 0                         @ ../../libraries/sdk/drives/fsl_lpi2c.h:669:0
	.fnstart
	.cfi_startproc
@ %bb.0:
	.pad	#8
	sub	sp, #8
	.cfi_def_cfa_offset 8
                                        @ kill: def $r3 killed $r2
                                        @ kill: def $r3 killed $r1
	str	r0, [sp, #4]
	strb.w	r1, [sp, #3]
	strb.w	r2, [sp, #2]
.Ltmp92:
	.loc	3 670 18 prologue_end           @ ../../libraries/sdk/drives/fsl_lpi2c.h:670:18
	ldrb.w	r0, [sp, #3]
	and	r0, r0, #1
	.loc	3 670 46 is_stmt 0              @ ../../libraries/sdk/drives/fsl_lpi2c.h:670:46
	ldrb.w	r1, [sp, #2]
	and	r1, r1, #1
	.loc	3 670 18                        @ ../../libraries/sdk/drives/fsl_lpi2c.h:670:18
	orr.w	r0, r0, r1, lsl #1
	.loc	3 670 5                         @ ../../libraries/sdk/drives/fsl_lpi2c.h:670:5
	ldr	r1, [sp, #4]
	.loc	3 670 16                        @ ../../libraries/sdk/drives/fsl_lpi2c.h:670:16
	str	r0, [r1, #28]
	.loc	3 671 1 is_stmt 1               @ ../../libraries/sdk/drives/fsl_lpi2c.h:671:1
	add	sp, #8
	bx	lr
.Ltmp93:
.Lfunc_end6:
	.size	LPI2C_MasterEnableDMA, .Lfunc_end6-LPI2C_MasterEnableDMA
	.cfi_endproc
	.cantunwind
	.fnend
                                        @ -- End function
	.section	.text.LPI2C_MasterClearStatusFlags,"ax",%progbits
	.p2align	3                               @ -- Begin function LPI2C_MasterClearStatusFlags
	.type	LPI2C_MasterClearStatusFlags,%function
	.code	16                              @ @LPI2C_MasterClearStatusFlags
	.thumb_func
LPI2C_MasterClearStatusFlags:
.Lfunc_begin7:
	.loc	3 605 0                         @ ../../libraries/sdk/drives/fsl_lpi2c.h:605:0
	.fnstart
	.cfi_startproc
@ %bb.0:
	.pad	#8
	sub	sp, #8
	.cfi_def_cfa_offset 8
	str	r0, [sp, #4]
	str	r1, [sp]
.Ltmp94:
	.loc	3 606 17 prologue_end           @ ../../libraries/sdk/drives/fsl_lpi2c.h:606:17
	ldr	r0, [sp]
	.loc	3 606 5 is_stmt 0               @ ../../libraries/sdk/drives/fsl_lpi2c.h:606:5
	ldr	r1, [sp, #4]
	.loc	3 606 15                        @ ../../libraries/sdk/drives/fsl_lpi2c.h:606:15
	str	r0, [r1, #20]
	.loc	3 607 1 is_stmt 1               @ ../../libraries/sdk/drives/fsl_lpi2c.h:607:1
	add	sp, #8
	bx	lr
.Ltmp95:
.Lfunc_end7:
	.size	LPI2C_MasterClearStatusFlags, .Lfunc_end7-LPI2C_MasterClearStatusFlags
	.cfi_endproc
	.cantunwind
	.fnend
                                        @ -- End function
	.section	.text.LPI2C_GenerateCommands,"ax",%progbits
	.p2align	3                               @ -- Begin function LPI2C_GenerateCommands
	.type	LPI2C_GenerateCommands,%function
	.code	16                              @ @LPI2C_GenerateCommands
	.thumb_func
LPI2C_GenerateCommands:
.Lfunc_begin8:
	.loc	1 148 0                         @ ../../libraries/sdk/drives/fsl_lpi2c_edma.c:148:0
	.fnstart
	.cfi_startproc
@ %bb.0:
	.pad	#36
	sub	sp, #36
	.cfi_def_cfa_offset 36
	str	r0, [sp, #32]
.Ltmp96:
	.loc	1 149 38 prologue_end           @ ../../libraries/sdk/drives/fsl_lpi2c_edma.c:149:38
	ldr	r0, [sp, #32]
	.loc	1 149 46 is_stmt 0              @ ../../libraries/sdk/drives/fsl_lpi2c_edma.c:149:46
	adds	r0, #28
	.loc	1 149 30                        @ ../../libraries/sdk/drives/fsl_lpi2c_edma.c:149:30
	str	r0, [sp, #28]
	.loc	1 150 50 is_stmt 1              @ ../../libraries/sdk/drives/fsl_lpi2c_edma.c:150:50
	ldr	r0, [sp, #32]
	.loc	1 150 58 is_stmt 0              @ ../../libraries/sdk/drives/fsl_lpi2c_edma.c:150:58
	adds	r0, #6
	.loc	1 150 15                        @ ../../libraries/sdk/drives/fsl_lpi2c_edma.c:150:15
	str	r0, [sp, #24]
	movs	r0, #0
	.loc	1 151 14 is_stmt 1              @ ../../libraries/sdk/drives/fsl_lpi2c_edma.c:151:14
	str	r0, [sp, #20]
.Ltmp97:
	.loc	1 154 10                        @ ../../libraries/sdk/drives/fsl_lpi2c_edma.c:154:10
	ldr	r0, [sp, #28]
.Ltmp98:
	.loc	1 154 9 is_stmt 0               @ ../../libraries/sdk/drives/fsl_lpi2c_edma.c:154:9
	ldrb	r0, [r0]
	lsls	r0, r0, #31
	cbz	r0, .LBB8_4
	b	.LBB8_1
.LBB8_1:
.Ltmp99:
	.loc	1 156 13 is_stmt 1              @ ../../libraries/sdk/drives/fsl_lpi2c_edma.c:156:13
	ldr	r0, [sp, #28]
	.loc	1 156 19 is_stmt 0              @ ../../libraries/sdk/drives/fsl_lpi2c_edma.c:156:19
	ldrb	r0, [r0, #6]
.Ltmp100:
	.loc	1 156 13                        @ ../../libraries/sdk/drives/fsl_lpi2c_edma.c:156:13
	cmp	r0, #1
	bne	.LBB8_3
	b	.LBB8_2
.LBB8_2:
.Ltmp101:
	.loc	1 159 64 is_stmt 1              @ ../../libraries/sdk/drives/fsl_lpi2c_edma.c:159:64
	ldr	r0, [sp, #28]
	ldr	r0, [r0, #20]
	subs	r0, #1
	movs	r1, #1
	.loc	1 159 52 is_stmt 0              @ ../../libraries/sdk/drives/fsl_lpi2c_edma.c:159:52
	bfi	r0, r1, #8, #24
	.loc	1 159 13                        @ ../../libraries/sdk/drives/fsl_lpi2c_edma.c:159:13
	ldr	r1, [sp, #24]
	.loc	1 159 25                        @ ../../libraries/sdk/drives/fsl_lpi2c_edma.c:159:25
	ldr	r2, [sp, #20]
	adds	r3, r2, #1
	str	r3, [sp, #20]
	.loc	1 159 29                        @ ../../libraries/sdk/drives/fsl_lpi2c_edma.c:159:29
	strh.w	r0, [r1, r2, lsl #1]
	.loc	1 160 9 is_stmt 1               @ ../../libraries/sdk/drives/fsl_lpi2c_edma.c:160:9
	b	.LBB8_3
.Ltmp102:
.LBB8_3:
	.loc	1 161 5                         @ ../../libraries/sdk/drives/fsl_lpi2c_edma.c:161:5
	b	.LBB8_24
.Ltmp103:
.LBB8_4:
	.loc	1 168 40                        @ ../../libraries/sdk/drives/fsl_lpi2c_edma.c:168:40
	ldr	r0, [sp, #28]
	.loc	1 168 46 is_stmt 0              @ ../../libraries/sdk/drives/fsl_lpi2c_edma.c:168:46
	ldr	r0, [r0, #12]
	.loc	1 168 39                        @ ../../libraries/sdk/drives/fsl_lpi2c_edma.c:168:39
	cbz	r0, .LBB8_6
	b	.LBB8_5
.LBB8_5:
	.loc	1 0 39                          @ ../../libraries/sdk/drives/fsl_lpi2c_edma.c:0:39
	movs	r0, #0
	.loc	1 168 39                        @ ../../libraries/sdk/drives/fsl_lpi2c_edma.c:168:39
	str	r0, [sp]                        @ 4-byte Spill
	b	.LBB8_7
.LBB8_6:
	.loc	1 168 85                        @ ../../libraries/sdk/drives/fsl_lpi2c_edma.c:168:85
	ldr	r0, [sp, #28]
	.loc	1 168 91                        @ ../../libraries/sdk/drives/fsl_lpi2c_edma.c:168:91
	ldrb	r0, [r0, #6]
	.loc	1 168 39                        @ ../../libraries/sdk/drives/fsl_lpi2c_edma.c:168:39
	str	r0, [sp]                        @ 4-byte Spill
	b	.LBB8_7
.LBB8_7:
	ldr	r0, [sp]                        @ 4-byte Reload
	.loc	1 168 27                        @ ../../libraries/sdk/drives/fsl_lpi2c_edma.c:168:27
	strb.w	r0, [sp, #19]
	.loc	1 172 67 is_stmt 1              @ ../../libraries/sdk/drives/fsl_lpi2c_edma.c:172:67
	ldr	r0, [sp, #28]
	.loc	1 172 57 is_stmt 0              @ ../../libraries/sdk/drives/fsl_lpi2c_edma.c:172:57
	ldrh	r1, [r0, #4]
	.loc	1 172 105                       @ ../../libraries/sdk/drives/fsl_lpi2c_edma.c:172:105
	ldrb.w	r0, [sp, #19]
	.loc	1 172 93                        @ ../../libraries/sdk/drives/fsl_lpi2c_edma.c:172:93
	orr.w	r0, r0, r1, lsl #1
	.loc	1 172 33                        @ ../../libraries/sdk/drives/fsl_lpi2c_edma.c:172:33
	orr	r0, r0, #1024
	.loc	1 171 9 is_stmt 1               @ ../../libraries/sdk/drives/fsl_lpi2c_edma.c:171:9
	ldr	r1, [sp, #24]
	.loc	1 171 21 is_stmt 0              @ ../../libraries/sdk/drives/fsl_lpi2c_edma.c:171:21
	ldr	r2, [sp, #20]
	adds	r3, r2, #1
	str	r3, [sp, #20]
	.loc	1 171 25                        @ ../../libraries/sdk/drives/fsl_lpi2c_edma.c:171:25
	strh.w	r0, [r1, r2, lsl #1]
.Ltmp104:
	.loc	1 175 13 is_stmt 1              @ ../../libraries/sdk/drives/fsl_lpi2c_edma.c:175:13
	ldr	r0, [sp, #28]
	.loc	1 175 19 is_stmt 0              @ ../../libraries/sdk/drives/fsl_lpi2c_edma.c:175:19
	ldr	r0, [r0, #12]
.Ltmp105:
	.loc	1 175 13                        @ ../../libraries/sdk/drives/fsl_lpi2c_edma.c:175:13
	cbz	r0, .LBB8_12
	b	.LBB8_8
.LBB8_8:
.Ltmp106:
	.loc	1 177 44 is_stmt 1              @ ../../libraries/sdk/drives/fsl_lpi2c_edma.c:177:44
	ldr	r0, [sp, #28]
	.loc	1 177 50 is_stmt 0              @ ../../libraries/sdk/drives/fsl_lpi2c_edma.c:177:50
	ldr	r0, [r0, #12]
	.loc	1 177 22                        @ ../../libraries/sdk/drives/fsl_lpi2c_edma.c:177:22
	str	r0, [sp, #12]
	.loc	1 178 13 is_stmt 1              @ ../../libraries/sdk/drives/fsl_lpi2c_edma.c:178:13
	b	.LBB8_9
.LBB8_9:                                @ =>This Inner Loop Header: Depth=1
	.loc	1 178 45 is_stmt 0              @ ../../libraries/sdk/drives/fsl_lpi2c_edma.c:178:45
	ldr	r0, [sp, #12]
	subs	r1, r0, #1
	str	r1, [sp, #12]
	.loc	1 178 13                        @ ../../libraries/sdk/drives/fsl_lpi2c_edma.c:178:13
	cbz	r0, .LBB8_11
	b	.LBB8_10
.LBB8_10:                               @   in Loop: Header=BB8_9 Depth=1
.Ltmp107:
	.loc	1 180 52 is_stmt 1              @ ../../libraries/sdk/drives/fsl_lpi2c_edma.c:180:52
	ldr	r0, [sp, #28]
	.loc	1 180 58 is_stmt 0              @ ../../libraries/sdk/drives/fsl_lpi2c_edma.c:180:58
	ldr	r0, [r0, #8]
	.loc	1 180 78                        @ ../../libraries/sdk/drives/fsl_lpi2c_edma.c:180:78
	ldr	r1, [sp, #12]
	.loc	1 180 76                        @ ../../libraries/sdk/drives/fsl_lpi2c_edma.c:180:76
	lsls	r1, r1, #3
	.loc	1 180 69                        @ ../../libraries/sdk/drives/fsl_lpi2c_edma.c:180:69
	lsrs	r0, r1
	.loc	1 180 25                        @ ../../libraries/sdk/drives/fsl_lpi2c_edma.c:180:25
	strb.w	r0, [sp, #11]
	.loc	1 181 42 is_stmt 1              @ ../../libraries/sdk/drives/fsl_lpi2c_edma.c:181:42
	ldrb.w	r0, [sp, #11]
	.loc	1 181 17 is_stmt 0              @ ../../libraries/sdk/drives/fsl_lpi2c_edma.c:181:17
	ldr	r1, [sp, #24]
	.loc	1 181 29                        @ ../../libraries/sdk/drives/fsl_lpi2c_edma.c:181:29
	ldr	r2, [sp, #20]
	adds	r3, r2, #1
	str	r3, [sp, #20]
	.loc	1 181 40                        @ ../../libraries/sdk/drives/fsl_lpi2c_edma.c:181:40
	strh.w	r0, [r1, r2, lsl #1]
.Ltmp108:
	.loc	1 178 13 is_stmt 1              @ ../../libraries/sdk/drives/fsl_lpi2c_edma.c:178:13
	b	.LBB8_9
.LBB8_11:
	.loc	1 183 9                         @ ../../libraries/sdk/drives/fsl_lpi2c_edma.c:183:9
	b	.LBB8_12
.Ltmp109:
.LBB8_12:
	.loc	1 186 14                        @ ../../libraries/sdk/drives/fsl_lpi2c_edma.c:186:14
	ldr	r0, [sp, #28]
	.loc	1 186 20 is_stmt 0              @ ../../libraries/sdk/drives/fsl_lpi2c_edma.c:186:20
	ldr	r0, [r0, #20]
	.loc	1 186 36                        @ ../../libraries/sdk/drives/fsl_lpi2c_edma.c:186:36
	cmp	r0, #0
	beq	.LBB8_23
	b	.LBB8_13
.LBB8_13:
	.loc	1 186 40                        @ ../../libraries/sdk/drives/fsl_lpi2c_edma.c:186:40
	ldr	r0, [sp, #28]
	.loc	1 186 46                        @ ../../libraries/sdk/drives/fsl_lpi2c_edma.c:186:46
	ldrb	r0, [r0, #6]
.Ltmp110:
	.loc	1 186 13                        @ ../../libraries/sdk/drives/fsl_lpi2c_edma.c:186:13
	cmp	r0, #1
	bne	.LBB8_23
	b	.LBB8_14
.LBB8_14:
.Ltmp111:
	.loc	1 189 17 is_stmt 1              @ ../../libraries/sdk/drives/fsl_lpi2c_edma.c:189:17
	ldrb.w	r0, [sp, #19]
.Ltmp112:
	.loc	1 189 17 is_stmt 0              @ ../../libraries/sdk/drives/fsl_lpi2c_edma.c:189:17
	cbnz	r0, .LBB8_16
	b	.LBB8_15
.LBB8_15:
.Ltmp113:
	.loc	1 192 67 is_stmt 1              @ ../../libraries/sdk/drives/fsl_lpi2c_edma.c:192:67
	ldr	r0, [sp, #28]
	.loc	1 192 57 is_stmt 0              @ ../../libraries/sdk/drives/fsl_lpi2c_edma.c:192:57
	ldrh	r1, [r0, #4]
	movw	r0, #1025
	.loc	1 191 55 is_stmt 1              @ ../../libraries/sdk/drives/fsl_lpi2c_edma.c:191:55
	orr.w	r0, r0, r1, lsl #1
	.loc	1 191 17 is_stmt 0              @ ../../libraries/sdk/drives/fsl_lpi2c_edma.c:191:17
	ldr	r1, [sp, #24]
	.loc	1 191 29                        @ ../../libraries/sdk/drives/fsl_lpi2c_edma.c:191:29
	ldr	r2, [sp, #20]
	adds	r3, r2, #1
	str	r3, [sp, #20]
	.loc	1 191 33                        @ ../../libraries/sdk/drives/fsl_lpi2c_edma.c:191:33
	strh.w	r0, [r1, r2, lsl #1]
	.loc	1 193 13 is_stmt 1              @ ../../libraries/sdk/drives/fsl_lpi2c_edma.c:193:13
	b	.LBB8_16
.Ltmp114:
.LBB8_16:
	.loc	1 197 32                        @ ../../libraries/sdk/drives/fsl_lpi2c_edma.c:197:32
	ldr	r0, [sp, #28]
	.loc	1 197 38 is_stmt 0              @ ../../libraries/sdk/drives/fsl_lpi2c_edma.c:197:38
	ldr	r0, [r0, #20]
	.loc	1 197 20                        @ ../../libraries/sdk/drives/fsl_lpi2c_edma.c:197:20
	str	r0, [sp, #4]
	.loc	1 198 13 is_stmt 1              @ ../../libraries/sdk/drives/fsl_lpi2c_edma.c:198:13
	b	.LBB8_17
.LBB8_17:                               @ =>This Inner Loop Header: Depth=1
	.loc	1 198 20 is_stmt 0              @ ../../libraries/sdk/drives/fsl_lpi2c_edma.c:198:20
	ldr	r0, [sp, #4]
	.loc	1 198 13                        @ ../../libraries/sdk/drives/fsl_lpi2c_edma.c:198:13
	cbz	r0, .LBB8_22
	b	.LBB8_18
.LBB8_18:                               @   in Loop: Header=BB8_17 Depth=1
.Ltmp115:
	.loc	1 200 21 is_stmt 1              @ ../../libraries/sdk/drives/fsl_lpi2c_edma.c:200:21
	ldr	r0, [sp, #4]
.Ltmp116:
	.loc	1 200 21 is_stmt 0              @ ../../libraries/sdk/drives/fsl_lpi2c_edma.c:200:21
	cmp.w	r0, #256
	bls	.LBB8_20
	b	.LBB8_19
.LBB8_19:                               @   in Loop: Header=BB8_17 Depth=1
.Ltmp117:
	.loc	1 202 21 is_stmt 1              @ ../../libraries/sdk/drives/fsl_lpi2c_edma.c:202:21
	ldr	r1, [sp, #24]
	.loc	1 202 33 is_stmt 0              @ ../../libraries/sdk/drives/fsl_lpi2c_edma.c:202:33
	ldr	r2, [sp, #20]
	adds	r0, r2, #1
	str	r0, [sp, #20]
	movw	r0, #511
	.loc	1 202 37                        @ ../../libraries/sdk/drives/fsl_lpi2c_edma.c:202:37
	strh.w	r0, [r1, r2, lsl #1]
	.loc	1 203 31 is_stmt 1              @ ../../libraries/sdk/drives/fsl_lpi2c_edma.c:203:31
	ldr	r0, [sp, #4]
	sub.w	r0, r0, #256
	str	r0, [sp, #4]
	.loc	1 204 17                        @ ../../libraries/sdk/drives/fsl_lpi2c_edma.c:204:17
	b	.LBB8_21
.Ltmp118:
.LBB8_20:                               @   in Loop: Header=BB8_17 Depth=1
	.loc	1 207 72                        @ ../../libraries/sdk/drives/fsl_lpi2c_edma.c:207:72
	ldr	r0, [sp, #4]
	subs	r0, #1
	movs	r1, #1
	.loc	1 207 60 is_stmt 0              @ ../../libraries/sdk/drives/fsl_lpi2c_edma.c:207:60
	bfi	r0, r1, #8, #24
	.loc	1 207 21                        @ ../../libraries/sdk/drives/fsl_lpi2c_edma.c:207:21
	ldr	r1, [sp, #24]
	.loc	1 207 33                        @ ../../libraries/sdk/drives/fsl_lpi2c_edma.c:207:33
	ldr	r2, [sp, #20]
	adds	r3, r2, #1
	str	r3, [sp, #20]
	.loc	1 207 37                        @ ../../libraries/sdk/drives/fsl_lpi2c_edma.c:207:37
	strh.w	r0, [r1, r2, lsl #1]
	movs	r0, #0
	.loc	1 208 37 is_stmt 1              @ ../../libraries/sdk/drives/fsl_lpi2c_edma.c:208:37
	str	r0, [sp, #4]
	b	.LBB8_21
.Ltmp119:
.LBB8_21:                               @   in Loop: Header=BB8_17 Depth=1
	.loc	1 198 13                        @ ../../libraries/sdk/drives/fsl_lpi2c_edma.c:198:13
	b	.LBB8_17
.LBB8_22:
	.loc	1 211 9                         @ ../../libraries/sdk/drives/fsl_lpi2c_edma.c:211:9
	b	.LBB8_23
.Ltmp120:
.LBB8_23:
	.loc	1 0 9 is_stmt 0                 @ ../../libraries/sdk/drives/fsl_lpi2c_edma.c:0:9
	b	.LBB8_24
.LBB8_24:
	.loc	1 214 12 is_stmt 1              @ ../../libraries/sdk/drives/fsl_lpi2c_edma.c:214:12
	ldr	r0, [sp, #20]
	.loc	1 214 5 is_stmt 0               @ ../../libraries/sdk/drives/fsl_lpi2c_edma.c:214:5
	add	sp, #36
	bx	lr
.Ltmp121:
.Lfunc_end8:
	.size	LPI2C_GenerateCommands, .Lfunc_end8-LPI2C_GenerateCommands
	.cfi_endproc
	.cantunwind
	.fnend
                                        @ -- End function
	.section	.text.LPI2C_MasterGetTxFifoAddress,"ax",%progbits
	.p2align	3                               @ -- Begin function LPI2C_MasterGetTxFifoAddress
	.type	LPI2C_MasterGetTxFifoAddress,%function
	.code	16                              @ @LPI2C_MasterGetTxFifoAddress
	.thumb_func
LPI2C_MasterGetTxFifoAddress:
.Lfunc_begin9:
	.loc	3 680 0 is_stmt 1               @ ../../libraries/sdk/drives/fsl_lpi2c.h:680:0
	.fnstart
	.cfi_startproc
@ %bb.0:
	.pad	#4
	sub	sp, #4
	.cfi_def_cfa_offset 4
	str	r0, [sp]
.Ltmp122:
	.loc	3 681 23 prologue_end           @ ../../libraries/sdk/drives/fsl_lpi2c.h:681:23
	ldr	r0, [sp]
	.loc	3 681 29 is_stmt 0              @ ../../libraries/sdk/drives/fsl_lpi2c.h:681:29
	adds	r0, #96
	.loc	3 681 5                         @ ../../libraries/sdk/drives/fsl_lpi2c.h:681:5
	add	sp, #4
	bx	lr
.Ltmp123:
.Lfunc_end9:
	.size	LPI2C_MasterGetTxFifoAddress, .Lfunc_end9-LPI2C_MasterGetTxFifoAddress
	.cfi_endproc
	.cantunwind
	.fnend
                                        @ -- End function
	.section	.text.LPI2C_MasterGetRxFifoAddress,"ax",%progbits
	.p2align	3                               @ -- Begin function LPI2C_MasterGetRxFifoAddress
	.type	LPI2C_MasterGetRxFifoAddress,%function
	.code	16                              @ @LPI2C_MasterGetRxFifoAddress
	.thumb_func
LPI2C_MasterGetRxFifoAddress:
.Lfunc_begin10:
	.loc	3 691 0 is_stmt 1               @ ../../libraries/sdk/drives/fsl_lpi2c.h:691:0
	.fnstart
	.cfi_startproc
@ %bb.0:
	.pad	#4
	sub	sp, #4
	.cfi_def_cfa_offset 4
	str	r0, [sp]
.Ltmp124:
	.loc	3 692 23 prologue_end           @ ../../libraries/sdk/drives/fsl_lpi2c.h:692:23
	ldr	r0, [sp]
	.loc	3 692 29 is_stmt 0              @ ../../libraries/sdk/drives/fsl_lpi2c.h:692:29
	adds	r0, #112
	.loc	3 692 5                         @ ../../libraries/sdk/drives/fsl_lpi2c.h:692:5
	add	sp, #4
	bx	lr
.Ltmp125:
.Lfunc_end10:
	.size	LPI2C_MasterGetRxFifoAddress, .Lfunc_end10-LPI2C_MasterGetRxFifoAddress
	.cfi_endproc
	.cantunwind
	.fnend
                                        @ -- End function
	.section	.text.LPI2C_MasterEnableInterrupts,"ax",%progbits
	.p2align	3                               @ -- Begin function LPI2C_MasterEnableInterrupts
	.type	LPI2C_MasterEnableInterrupts,%function
	.code	16                              @ @LPI2C_MasterEnableInterrupts
	.thumb_func
LPI2C_MasterEnableInterrupts:
.Lfunc_begin11:
	.loc	3 625 0 is_stmt 1               @ ../../libraries/sdk/drives/fsl_lpi2c.h:625:0
	.fnstart
	.cfi_startproc
@ %bb.0:
	.pad	#8
	sub	sp, #8
	.cfi_def_cfa_offset 8
	str	r0, [sp, #4]
	str	r1, [sp]
.Ltmp126:
	.loc	3 626 19 prologue_end           @ ../../libraries/sdk/drives/fsl_lpi2c.h:626:19
	ldr	r2, [sp]
	.loc	3 626 5 is_stmt 0               @ ../../libraries/sdk/drives/fsl_lpi2c.h:626:5
	ldr	r1, [sp, #4]
	.loc	3 626 16                        @ ../../libraries/sdk/drives/fsl_lpi2c.h:626:16
	ldr	r0, [r1, #24]
	orrs	r0, r2
	str	r0, [r1, #24]
	.loc	3 627 1 is_stmt 1               @ ../../libraries/sdk/drives/fsl_lpi2c.h:627:1
	add	sp, #8
	bx	lr
.Ltmp127:
.Lfunc_end11:
	.size	LPI2C_MasterEnableInterrupts, .Lfunc_end11-LPI2C_MasterEnableInterrupts
	.cfi_endproc
	.cantunwind
	.fnend
                                        @ -- End function
	.section	.text.LPI2C_MasterTransferGetCountEDMA,"ax",%progbits
	.hidden	LPI2C_MasterTransferGetCountEDMA @ -- Begin function LPI2C_MasterTransferGetCountEDMA
	.globl	LPI2C_MasterTransferGetCountEDMA
	.p2align	3
	.type	LPI2C_MasterTransferGetCountEDMA,%function
	.code	16                              @ @LPI2C_MasterTransferGetCountEDMA
	.thumb_func
LPI2C_MasterTransferGetCountEDMA:
.Lfunc_begin12:
	.loc	1 436 0                         @ ../../libraries/sdk/drives/fsl_lpi2c_edma.c:436:0
	.fnstart
	.cfi_startproc
@ %bb.0:
	.save	{r7, lr}
	push	{r7, lr}
	.cfi_def_cfa_offset 8
	.cfi_offset lr, -4
	.cfi_offset r7, -8
	.pad	#32
	sub	sp, #32
	.cfi_def_cfa_offset 40
	str	r0, [sp, #24]
	str	r1, [sp, #20]
	str	r2, [sp, #16]
.Ltmp128:
	.loc	1 437 5 prologue_end            @ ../../libraries/sdk/drives/fsl_lpi2c_edma.c:437:5
	ldr	r0, [sp, #20]
	cbz	r0, .LBB12_2
	b	.LBB12_1
.LBB12_1:
	b	.LBB12_3
.LBB12_2:
	movw	r0, :lower16:.L.str
	movt	r0, :upper16:.L.str
	movw	r1, :lower16:.L.str.1
	movt	r1, :upper16:.L.str.1
	movw	r2, #437
	bl	__aeabi_assert
.LBB12_3:
.Ltmp129:
	.loc	1 439 17                        @ ../../libraries/sdk/drives/fsl_lpi2c_edma.c:439:17
	ldr	r0, [sp, #16]
.Ltmp130:
	.loc	1 439 9 is_stmt 0               @ ../../libraries/sdk/drives/fsl_lpi2c_edma.c:439:9
	cbnz	r0, .LBB12_5
	b	.LBB12_4
.LBB12_4:
	.loc	1 0 9                           @ ../../libraries/sdk/drives/fsl_lpi2c_edma.c:0:9
	movs	r0, #4
.Ltmp131:
	.loc	1 441 9 is_stmt 1               @ ../../libraries/sdk/drives/fsl_lpi2c_edma.c:441:9
	str	r0, [sp, #28]
	b	.LBB12_13
.Ltmp132:
.LBB12_5:
	.loc	1 445 10                        @ ../../libraries/sdk/drives/fsl_lpi2c_edma.c:445:10
	ldr	r0, [sp, #20]
	.loc	1 445 18 is_stmt 0              @ ../../libraries/sdk/drives/fsl_lpi2c_edma.c:445:18
	ldrb	r0, [r0, #4]
.Ltmp133:
	.loc	1 445 9                         @ ../../libraries/sdk/drives/fsl_lpi2c_edma.c:445:9
	lsls	r0, r0, #31
	cbnz	r0, .LBB12_7
	b	.LBB12_6
.LBB12_6:
.Ltmp134:
	.loc	1 447 10 is_stmt 1              @ ../../libraries/sdk/drives/fsl_lpi2c_edma.c:447:10
	ldr	r1, [sp, #16]
	movs	r0, #0
	.loc	1 447 16 is_stmt 0              @ ../../libraries/sdk/drives/fsl_lpi2c_edma.c:447:16
	str	r0, [r1]
	movs	r0, #6
	.loc	1 448 9 is_stmt 1               @ ../../libraries/sdk/drives/fsl_lpi2c_edma.c:448:9
	str	r0, [sp, #28]
	b	.LBB12_13
.Ltmp135:
.LBB12_7:
	.loc	1 451 26                        @ ../../libraries/sdk/drives/fsl_lpi2c_edma.c:451:26
	ldr	r0, [sp, #20]
	.loc	1 451 43 is_stmt 0              @ ../../libraries/sdk/drives/fsl_lpi2c_edma.c:451:43
	ldr	r0, [r0, #48]
	.loc	1 451 14                        @ ../../libraries/sdk/drives/fsl_lpi2c_edma.c:451:14
	str	r0, [sp, #12]
.Ltmp136:
	.loc	1 455 32 is_stmt 1              @ ../../libraries/sdk/drives/fsl_lpi2c_edma.c:455:32
	ldr	r0, [sp, #20]
	.loc	1 455 40 is_stmt 0              @ ../../libraries/sdk/drives/fsl_lpi2c_edma.c:455:40
	ldr	r0, [r0, #64]
	.loc	1 455 9                         @ ../../libraries/sdk/drives/fsl_lpi2c_edma.c:455:9
	bl	EDMA_GetNextTCDAddress
.Ltmp137:
	.loc	1 455 9                         @ ../../libraries/sdk/drives/fsl_lpi2c_edma.c:455:9
	cbnz	r0, .LBB12_12
	b	.LBB12_8
.LBB12_8:
.Ltmp138:
	.loc	1 457 13 is_stmt 1              @ ../../libraries/sdk/drives/fsl_lpi2c_edma.c:457:13
	ldr	r0, [sp, #20]
	.loc	1 457 30 is_stmt 0              @ ../../libraries/sdk/drives/fsl_lpi2c_edma.c:457:30
	ldrb.w	r0, [r0, #34]
.Ltmp139:
	.loc	1 457 13                        @ ../../libraries/sdk/drives/fsl_lpi2c_edma.c:457:13
	cbnz	r0, .LBB12_10
	b	.LBB12_9
.LBB12_9:
.Ltmp140:
	.loc	1 460 27 is_stmt 1              @ ../../libraries/sdk/drives/fsl_lpi2c_edma.c:460:27
	ldr	r0, [sp, #20]
	.loc	1 460 35 is_stmt 0              @ ../../libraries/sdk/drives/fsl_lpi2c_edma.c:460:35
	ldrb	r1, [r0, #5]
	.loc	1 460 84                        @ ../../libraries/sdk/drives/fsl_lpi2c_edma.c:460:84
	str	r1, [sp, #8]                    @ 4-byte Spill
	ldr	r1, [r0, #64]
	.loc	1 460 88                        @ ../../libraries/sdk/drives/fsl_lpi2c_edma.c:460:88
	ldr	r0, [r1, #8]
	.loc	1 460 106                       @ ../../libraries/sdk/drives/fsl_lpi2c_edma.c:460:106
	ldrb	r1, [r1, #16]
	.loc	1 460 44                        @ ../../libraries/sdk/drives/fsl_lpi2c_edma.c:460:44
	bl	EDMA_GetRemainingMajorLoopCount
	mov	r1, r0
	.loc	1 460 42                        @ ../../libraries/sdk/drives/fsl_lpi2c_edma.c:460:42
	ldr	r0, [sp, #8]                    @ 4-byte Reload
	muls	r0, r1, r0
	.loc	1 459 23 is_stmt 1              @ ../../libraries/sdk/drives/fsl_lpi2c_edma.c:459:23
	str	r0, [sp, #12]
	.loc	1 461 9                         @ ../../libraries/sdk/drives/fsl_lpi2c_edma.c:461:9
	b	.LBB12_11
.Ltmp141:
.LBB12_10:
	.loc	1 465 27                        @ ../../libraries/sdk/drives/fsl_lpi2c_edma.c:465:27
	ldr	r0, [sp, #20]
	.loc	1 465 35 is_stmt 0              @ ../../libraries/sdk/drives/fsl_lpi2c_edma.c:465:35
	ldrb	r1, [r0, #5]
	.loc	1 465 84                        @ ../../libraries/sdk/drives/fsl_lpi2c_edma.c:465:84
	str	r1, [sp, #4]                    @ 4-byte Spill
	ldr	r1, [r0, #60]
	.loc	1 465 88                        @ ../../libraries/sdk/drives/fsl_lpi2c_edma.c:465:88
	ldr	r0, [r1, #8]
	.loc	1 465 106                       @ ../../libraries/sdk/drives/fsl_lpi2c_edma.c:465:106
	ldrb	r1, [r1, #16]
	.loc	1 465 44                        @ ../../libraries/sdk/drives/fsl_lpi2c_edma.c:465:44
	bl	EDMA_GetRemainingMajorLoopCount
	mov	r1, r0
	.loc	1 465 42                        @ ../../libraries/sdk/drives/fsl_lpi2c_edma.c:465:42
	ldr	r0, [sp, #4]                    @ 4-byte Reload
	muls	r0, r1, r0
	.loc	1 464 23 is_stmt 1              @ ../../libraries/sdk/drives/fsl_lpi2c_edma.c:464:23
	str	r0, [sp, #12]
	b	.LBB12_11
.Ltmp142:
.LBB12_11:
	.loc	1 467 5                         @ ../../libraries/sdk/drives/fsl_lpi2c_edma.c:467:5
	b	.LBB12_12
.Ltmp143:
.LBB12_12:
	.loc	1 469 14                        @ ../../libraries/sdk/drives/fsl_lpi2c_edma.c:469:14
	ldr	r0, [sp, #20]
	.loc	1 469 31 is_stmt 0              @ ../../libraries/sdk/drives/fsl_lpi2c_edma.c:469:31
	ldr	r0, [r0, #48]
	.loc	1 469 42                        @ ../../libraries/sdk/drives/fsl_lpi2c_edma.c:469:42
	ldr	r1, [sp, #12]
	.loc	1 469 40                        @ ../../libraries/sdk/drives/fsl_lpi2c_edma.c:469:40
	subs	r0, r0, r1
	.loc	1 469 6                         @ ../../libraries/sdk/drives/fsl_lpi2c_edma.c:469:6
	ldr	r1, [sp, #16]
	.loc	1 469 12                        @ ../../libraries/sdk/drives/fsl_lpi2c_edma.c:469:12
	str	r0, [r1]
	movs	r0, #0
	.loc	1 471 5 is_stmt 1               @ ../../libraries/sdk/drives/fsl_lpi2c_edma.c:471:5
	str	r0, [sp, #28]
	b	.LBB12_13
.LBB12_13:
	.loc	1 472 1                         @ ../../libraries/sdk/drives/fsl_lpi2c_edma.c:472:1
	ldr	r0, [sp, #28]
	add	sp, #32
	pop	{r7, pc}
.Ltmp144:
.Lfunc_end12:
	.size	LPI2C_MasterTransferGetCountEDMA, .Lfunc_end12-LPI2C_MasterTransferGetCountEDMA
	.cfi_endproc
	.cantunwind
	.fnend
                                        @ -- End function
	.section	.text.EDMA_GetNextTCDAddress,"ax",%progbits
	.p2align	3                               @ -- Begin function EDMA_GetNextTCDAddress
	.type	EDMA_GetNextTCDAddress,%function
	.code	16                              @ @EDMA_GetNextTCDAddress
	.thumb_func
EDMA_GetNextTCDAddress:
.Lfunc_begin13:
	.loc	5 976 0                         @ ../../libraries/sdk/drives/fsl_edma.h:976:0
	.fnstart
	.cfi_startproc
@ %bb.0:
	.pad	#4
	sub	sp, #4
	.cfi_def_cfa_offset 4
	str	r0, [sp]
.Ltmp145:
	.loc	5 977 23 prologue_end           @ ../../libraries/sdk/drives/fsl_edma.h:977:23
	ldr	r1, [sp]
	.loc	5 977 31 is_stmt 0              @ ../../libraries/sdk/drives/fsl_edma.h:977:31
	ldr	r0, [r1, #8]
	.loc	5 977 49                        @ ../../libraries/sdk/drives/fsl_edma.h:977:49
	ldrb	r1, [r1, #16]
	.loc	5 977 37                        @ ../../libraries/sdk/drives/fsl_edma.h:977:37
	add.w	r0, r0, r1, lsl #5
	movw	r1, #4120
	.loc	5 977 58                        @ ../../libraries/sdk/drives/fsl_edma.h:977:58
	ldr	r0, [r0, r1]
	.loc	5 977 5                         @ ../../libraries/sdk/drives/fsl_edma.h:977:5
	add	sp, #4
	bx	lr
.Ltmp146:
.Lfunc_end13:
	.size	EDMA_GetNextTCDAddress, .Lfunc_end13-EDMA_GetNextTCDAddress
	.cfi_endproc
	.cantunwind
	.fnend
                                        @ -- End function
	.section	.text.LPI2C_MasterTransferAbortEDMA,"ax",%progbits
	.hidden	LPI2C_MasterTransferAbortEDMA   @ -- Begin function LPI2C_MasterTransferAbortEDMA
	.globl	LPI2C_MasterTransferAbortEDMA
	.p2align	3
	.type	LPI2C_MasterTransferAbortEDMA,%function
	.code	16                              @ @LPI2C_MasterTransferAbortEDMA
	.thumb_func
LPI2C_MasterTransferAbortEDMA:
.Lfunc_begin14:
	.loc	1 486 0 is_stmt 1               @ ../../libraries/sdk/drives/fsl_lpi2c_edma.c:486:0
	.fnstart
	.cfi_startproc
@ %bb.0:
	.save	{r7, lr}
	push	{r7, lr}
	.cfi_def_cfa_offset 8
	.cfi_offset lr, -4
	.cfi_offset r7, -8
	.pad	#16
	sub	sp, #16
	.cfi_def_cfa_offset 24
	str	r0, [sp, #8]
	str	r1, [sp, #4]
.Ltmp147:
	.loc	1 488 10 prologue_end           @ ../../libraries/sdk/drives/fsl_lpi2c_edma.c:488:10
	ldr	r0, [sp, #4]
	.loc	1 488 18 is_stmt 0              @ ../../libraries/sdk/drives/fsl_lpi2c_edma.c:488:18
	ldrb	r0, [r0, #4]
.Ltmp148:
	.loc	1 488 9                         @ ../../libraries/sdk/drives/fsl_lpi2c_edma.c:488:9
	lsls	r0, r0, #31
	cbnz	r0, .LBB14_2
	b	.LBB14_1
.LBB14_1:
	.loc	1 0 9                           @ ../../libraries/sdk/drives/fsl_lpi2c_edma.c:0:9
	movw	r0, #901
.Ltmp149:
	.loc	1 490 9 is_stmt 1               @ ../../libraries/sdk/drives/fsl_lpi2c_edma.c:490:9
	str	r0, [sp, #12]
	b	.LBB14_5
.Ltmp150:
.LBB14_2:
	.loc	1 494 24                        @ ../../libraries/sdk/drives/fsl_lpi2c_edma.c:494:24
	ldr	r0, [sp, #4]
	.loc	1 494 32 is_stmt 0              @ ../../libraries/sdk/drives/fsl_lpi2c_edma.c:494:32
	ldr	r0, [r0, #60]
	.loc	1 494 5                         @ ../../libraries/sdk/drives/fsl_lpi2c_edma.c:494:5
	bl	EDMA_AbortTransfer
	.loc	1 501 5 is_stmt 1               @ ../../libraries/sdk/drives/fsl_lpi2c_edma.c:501:5
	ldr	r1, [sp, #8]
	.loc	1 501 15 is_stmt 0              @ ../../libraries/sdk/drives/fsl_lpi2c_edma.c:501:15
	ldr	r0, [r1, #16]
	orr	r0, r0, #768
	str	r0, [r1, #16]
	.loc	1 504 35 is_stmt 1              @ ../../libraries/sdk/drives/fsl_lpi2c_edma.c:504:35
	ldr	r0, [sp, #8]
	movw	r1, #15875
	.loc	1 504 5 is_stmt 0               @ ../../libraries/sdk/drives/fsl_lpi2c_edma.c:504:5
	bl	LPI2C_MasterDisableInterrupts
.Ltmp151:
	.loc	1 507 37 is_stmt 1              @ ../../libraries/sdk/drives/fsl_lpi2c_edma.c:507:37
	ldr	r0, [sp, #8]
	.loc	1 507 10 is_stmt 0              @ ../../libraries/sdk/drives/fsl_lpi2c_edma.c:507:10
	bl	LPI2C_MasterGetStatusFlags
	movw	r1, #512
	movt	r1, #256
	.loc	1 507 43                        @ ../../libraries/sdk/drives/fsl_lpi2c_edma.c:507:43
	ands	r0, r1
.Ltmp152:
	.loc	1 507 9                         @ ../../libraries/sdk/drives/fsl_lpi2c_edma.c:507:9
	cmp.w	r0, #16777216
	bne	.LBB14_4
	b	.LBB14_3
.LBB14_3:
.Ltmp153:
	.loc	1 511 9 is_stmt 1               @ ../../libraries/sdk/drives/fsl_lpi2c_edma.c:511:9
	ldr	r1, [sp, #8]
	mov.w	r0, #512
	.loc	1 511 20 is_stmt 0              @ ../../libraries/sdk/drives/fsl_lpi2c_edma.c:511:20
	str	r0, [r1, #96]
	.loc	1 512 5 is_stmt 1               @ ../../libraries/sdk/drives/fsl_lpi2c_edma.c:512:5
	b	.LBB14_4
.Ltmp154:
.LBB14_4:
	.loc	1 515 5                         @ ../../libraries/sdk/drives/fsl_lpi2c_edma.c:515:5
	ldr	r1, [sp, #4]
	movs	r0, #0
	.loc	1 515 20 is_stmt 0              @ ../../libraries/sdk/drives/fsl_lpi2c_edma.c:515:20
	strb	r0, [r1, #4]
	.loc	1 517 5 is_stmt 1               @ ../../libraries/sdk/drives/fsl_lpi2c_edma.c:517:5
	str	r0, [sp, #12]
	b	.LBB14_5
.LBB14_5:
	.loc	1 518 1                         @ ../../libraries/sdk/drives/fsl_lpi2c_edma.c:518:1
	ldr	r0, [sp, #12]
	add	sp, #16
	pop	{r7, pc}
.Ltmp155:
.Lfunc_end14:
	.size	LPI2C_MasterTransferAbortEDMA, .Lfunc_end14-LPI2C_MasterTransferAbortEDMA
	.cfi_endproc
	.cantunwind
	.fnend
                                        @ -- End function
	.section	.text.LPI2C_MasterGetStatusFlags,"ax",%progbits
	.p2align	3                               @ -- Begin function LPI2C_MasterGetStatusFlags
	.type	LPI2C_MasterGetStatusFlags,%function
	.code	16                              @ @LPI2C_MasterGetStatusFlags
	.thumb_func
LPI2C_MasterGetStatusFlags:
.Lfunc_begin15:
	.loc	3 580 0                         @ ../../libraries/sdk/drives/fsl_lpi2c.h:580:0
	.fnstart
	.cfi_startproc
@ %bb.0:
	.pad	#4
	sub	sp, #4
	.cfi_def_cfa_offset 4
	str	r0, [sp]
.Ltmp156:
	.loc	3 581 12 prologue_end           @ ../../libraries/sdk/drives/fsl_lpi2c.h:581:12
	ldr	r0, [sp]
	.loc	3 581 18 is_stmt 0              @ ../../libraries/sdk/drives/fsl_lpi2c.h:581:18
	ldr	r0, [r0, #20]
	.loc	3 581 5                         @ ../../libraries/sdk/drives/fsl_lpi2c.h:581:5
	add	sp, #4
	bx	lr
.Ltmp157:
.Lfunc_end15:
	.size	LPI2C_MasterGetStatusFlags, .Lfunc_end15-LPI2C_MasterGetStatusFlags
	.cfi_endproc
	.cantunwind
	.fnend
                                        @ -- End function
	.section	.text.__NVIC_EnableIRQ,"ax",%progbits
	.p2align	3                               @ -- Begin function __NVIC_EnableIRQ
	.type	__NVIC_EnableIRQ,%function
	.code	16                              @ @__NVIC_EnableIRQ
	.thumb_func
__NVIC_EnableIRQ:
.Lfunc_begin16:
	.loc	7 1903 0 is_stmt 1              @ ../../libraries/sdk/CMSIS/Include\core_cm7.h:1903:0
	.fnstart
	.cfi_startproc
@ %bb.0:
	.pad	#4
	sub	sp, #4
	.cfi_def_cfa_offset 4
                                        @ kill: def $r1 killed $r0
	strh.w	r0, [sp, #2]
.Ltmp158:
	.loc	7 1904 17 prologue_end          @ ../../libraries/sdk/CMSIS/Include\core_cm7.h:1904:17
	ldrsh.w	r0, [sp, #2]
.Ltmp159:
	.loc	7 1904 7 is_stmt 0              @ ../../libraries/sdk/CMSIS/Include\core_cm7.h:1904:7
	cmp	r0, #0
	bmi	.LBB16_2
	b	.LBB16_1
.LBB16_1:
.Ltmp160:
	.loc	7 1906 75 is_stmt 1             @ ../../libraries/sdk/CMSIS/Include\core_cm7.h:1906:75
	ldrsh.w	r1, [sp, #2]
	.loc	7 1906 81 is_stmt 0             @ ../../libraries/sdk/CMSIS/Include\core_cm7.h:1906:81
	and	r2, r1, #31
	movs	r0, #1
	.loc	7 1906 60                       @ ../../libraries/sdk/CMSIS/Include\core_cm7.h:1906:60
	lsls	r0, r2
	.loc	7 1906 5                        @ ../../libraries/sdk/CMSIS/Include\core_cm7.h:1906:5
	lsrs	r2, r1, #5
	movw	r1, #57600
	movt	r1, #57344
	.loc	7 1906 43                       @ ../../libraries/sdk/CMSIS/Include\core_cm7.h:1906:43
	str.w	r0, [r1, r2, lsl #2]
	.loc	7 1907 3 is_stmt 1              @ ../../libraries/sdk/CMSIS/Include\core_cm7.h:1907:3
	b	.LBB16_2
.Ltmp161:
.LBB16_2:
	.loc	7 1908 1                        @ ../../libraries/sdk/CMSIS/Include\core_cm7.h:1908:1
	add	sp, #4
	bx	lr
.Ltmp162:
.Lfunc_end16:
	.size	__NVIC_EnableIRQ, .Lfunc_end16-__NVIC_EnableIRQ
	.cfi_endproc
	.cantunwind
	.fnend
                                        @ -- End function
	.type	.L.str,%object                  @ @.str
	.section	.rodata.str1.1,"aMS",%progbits,1
.L.str:
	.asciz	"handle != NULL"
	.size	.L.str, 15

	.type	.L.str.1,%object                @ @.str.1
.L.str.1:
	.asciz	"../../libraries/sdk/drives/fsl_lpi2c_edma.c"
	.size	.L.str.1, 44

	.type	.L.str.2,%object                @ @.str.2
.L.str.2:
	.asciz	"rxDmaHandle != NULL"
	.size	.L.str.2, 20

	.type	.L.str.3,%object                @ @.str.3
.L.str.3:
	.asciz	"txDmaHandle != NULL"
	.size	.L.str.3, 20

	.type	.L.str.4,%object                @ @.str.4
.L.str.4:
	.asciz	"transfer != NULL"
	.size	.L.str.4, 17

	.type	.L.str.5,%object                @ @.str.5
.L.str.5:
	.asciz	"transfer->subaddressSize <= sizeof(transfer->subaddress)"
	.size	.L.str.5, 57

	.type	lpi2c_edma_RecSetting,%object   @ @lpi2c_edma_RecSetting
	.section	.data.lpi2c_edma_RecSetting,"aw",%progbits
	.p2align	2, 0x0
lpi2c_edma_RecSetting:
	.long	2                               @ 0x2
	.size	lpi2c_edma_RecSetting, 4

	.type	.L.str.6,%object                @ @.str.6
	.section	.rodata.str1.1,"aMS",%progbits,1
.L.str.6:
	.asciz	"lpi2cMasterEdmaHandle != NULL"
	.size	.L.str.6, 30

	.section	.debug_abbrev,"",%progbits
	.byte	1                               @ Abbreviation Code
	.byte	17                              @ DW_TAG_compile_unit
	.byte	1                               @ DW_CHILDREN_yes
	.byte	37                              @ DW_AT_producer
	.byte	14                              @ DW_FORM_strp
	.byte	19                              @ DW_AT_language
	.byte	5                               @ DW_FORM_data2
	.byte	3                               @ DW_AT_name
	.byte	14                              @ DW_FORM_strp
	.byte	16                              @ DW_AT_stmt_list
	.byte	23                              @ DW_FORM_sec_offset
	.byte	27                              @ DW_AT_comp_dir
	.byte	14                              @ DW_FORM_strp
	.byte	17                              @ DW_AT_low_pc
	.byte	1                               @ DW_FORM_addr
	.byte	85                              @ DW_AT_ranges
	.byte	23                              @ DW_FORM_sec_offset
	.byte	0                               @ EOM(1)
	.byte	0                               @ EOM(2)
	.byte	2                               @ Abbreviation Code
	.byte	52                              @ DW_TAG_variable
	.byte	0                               @ DW_CHILDREN_no
	.byte	73                              @ DW_AT_type
	.byte	19                              @ DW_FORM_ref4
	.byte	58                              @ DW_AT_decl_file
	.byte	11                              @ DW_FORM_data1
	.byte	59                              @ DW_AT_decl_line
	.byte	11                              @ DW_FORM_data1
	.byte	2                               @ DW_AT_location
	.byte	24                              @ DW_FORM_exprloc
	.byte	0                               @ EOM(1)
	.byte	0                               @ EOM(2)
	.byte	3                               @ Abbreviation Code
	.byte	1                               @ DW_TAG_array_type
	.byte	1                               @ DW_CHILDREN_yes
	.byte	73                              @ DW_AT_type
	.byte	19                              @ DW_FORM_ref4
	.byte	0                               @ EOM(1)
	.byte	0                               @ EOM(2)
	.byte	4                               @ Abbreviation Code
	.byte	33                              @ DW_TAG_subrange_type
	.byte	0                               @ DW_CHILDREN_no
	.byte	73                              @ DW_AT_type
	.byte	19                              @ DW_FORM_ref4
	.byte	55                              @ DW_AT_count
	.byte	11                              @ DW_FORM_data1
	.byte	0                               @ EOM(1)
	.byte	0                               @ EOM(2)
	.byte	5                               @ Abbreviation Code
	.byte	36                              @ DW_TAG_base_type
	.byte	0                               @ DW_CHILDREN_no
	.byte	3                               @ DW_AT_name
	.byte	14                              @ DW_FORM_strp
	.byte	62                              @ DW_AT_encoding
	.byte	11                              @ DW_FORM_data1
	.byte	11                              @ DW_AT_byte_size
	.byte	11                              @ DW_FORM_data1
	.byte	0                               @ EOM(1)
	.byte	0                               @ EOM(2)
	.byte	6                               @ Abbreviation Code
	.byte	36                              @ DW_TAG_base_type
	.byte	0                               @ DW_CHILDREN_no
	.byte	3                               @ DW_AT_name
	.byte	14                              @ DW_FORM_strp
	.byte	11                              @ DW_AT_byte_size
	.byte	11                              @ DW_FORM_data1
	.byte	62                              @ DW_AT_encoding
	.byte	11                              @ DW_FORM_data1
	.byte	0                               @ EOM(1)
	.byte	0                               @ EOM(2)
	.byte	7                               @ Abbreviation Code
	.byte	52                              @ DW_TAG_variable
	.byte	0                               @ DW_CHILDREN_no
	.byte	3                               @ DW_AT_name
	.byte	14                              @ DW_FORM_strp
	.byte	73                              @ DW_AT_type
	.byte	19                              @ DW_FORM_ref4
	.byte	58                              @ DW_AT_decl_file
	.byte	11                              @ DW_FORM_data1
	.byte	59                              @ DW_AT_decl_line
	.byte	11                              @ DW_FORM_data1
	.byte	2                               @ DW_AT_location
	.byte	24                              @ DW_FORM_exprloc
	.byte	0                               @ EOM(1)
	.byte	0                               @ EOM(2)
	.byte	8                               @ Abbreviation Code
	.byte	22                              @ DW_TAG_typedef
	.byte	0                               @ DW_CHILDREN_no
	.byte	73                              @ DW_AT_type
	.byte	19                              @ DW_FORM_ref4
	.byte	3                               @ DW_AT_name
	.byte	14                              @ DW_FORM_strp
	.byte	58                              @ DW_AT_decl_file
	.byte	11                              @ DW_FORM_data1
	.byte	59                              @ DW_AT_decl_line
	.byte	11                              @ DW_FORM_data1
	.byte	0                               @ EOM(1)
	.byte	0                               @ EOM(2)
	.byte	9                               @ Abbreviation Code
	.byte	52                              @ DW_TAG_variable
	.byte	0                               @ DW_CHILDREN_no
	.byte	73                              @ DW_AT_type
	.byte	19                              @ DW_FORM_ref4
	.byte	58                              @ DW_AT_decl_file
	.byte	11                              @ DW_FORM_data1
	.byte	59                              @ DW_AT_decl_line
	.byte	5                               @ DW_FORM_data2
	.byte	2                               @ DW_AT_location
	.byte	24                              @ DW_FORM_exprloc
	.byte	0                               @ EOM(1)
	.byte	0                               @ EOM(2)
	.byte	10                              @ Abbreviation Code
	.byte	4                               @ DW_TAG_enumeration_type
	.byte	1                               @ DW_CHILDREN_yes
	.byte	73                              @ DW_AT_type
	.byte	19                              @ DW_FORM_ref4
	.byte	3                               @ DW_AT_name
	.byte	14                              @ DW_FORM_strp
	.byte	11                              @ DW_AT_byte_size
	.byte	11                              @ DW_FORM_data1
	.byte	58                              @ DW_AT_decl_file
	.byte	11                              @ DW_FORM_data1
	.byte	59                              @ DW_AT_decl_line
	.byte	11                              @ DW_FORM_data1
	.byte	0                               @ EOM(1)
	.byte	0                               @ EOM(2)
	.byte	11                              @ Abbreviation Code
	.byte	40                              @ DW_TAG_enumerator
	.byte	0                               @ DW_CHILDREN_no
	.byte	3                               @ DW_AT_name
	.byte	14                              @ DW_FORM_strp
	.byte	28                              @ DW_AT_const_value
	.byte	15                              @ DW_FORM_udata
	.byte	0                               @ EOM(1)
	.byte	0                               @ EOM(2)
	.byte	12                              @ Abbreviation Code
	.byte	4                               @ DW_TAG_enumeration_type
	.byte	1                               @ DW_CHILDREN_yes
	.byte	73                              @ DW_AT_type
	.byte	19                              @ DW_FORM_ref4
	.byte	11                              @ DW_AT_byte_size
	.byte	11                              @ DW_FORM_data1
	.byte	58                              @ DW_AT_decl_file
	.byte	11                              @ DW_FORM_data1
	.byte	59                              @ DW_AT_decl_line
	.byte	11                              @ DW_FORM_data1
	.byte	0                               @ EOM(1)
	.byte	0                               @ EOM(2)
	.byte	13                              @ Abbreviation Code
	.byte	40                              @ DW_TAG_enumerator
	.byte	0                               @ DW_CHILDREN_no
	.byte	3                               @ DW_AT_name
	.byte	14                              @ DW_FORM_strp
	.byte	28                              @ DW_AT_const_value
	.byte	13                              @ DW_FORM_sdata
	.byte	0                               @ EOM(1)
	.byte	0                               @ EOM(2)
	.byte	14                              @ Abbreviation Code
	.byte	15                              @ DW_TAG_pointer_type
	.byte	0                               @ DW_CHILDREN_no
	.byte	73                              @ DW_AT_type
	.byte	19                              @ DW_FORM_ref4
	.byte	0                               @ EOM(1)
	.byte	0                               @ EOM(2)
	.byte	15                              @ Abbreviation Code
	.byte	19                              @ DW_TAG_structure_type
	.byte	1                               @ DW_CHILDREN_yes
	.byte	3                               @ DW_AT_name
	.byte	14                              @ DW_FORM_strp
	.byte	11                              @ DW_AT_byte_size
	.byte	11                              @ DW_FORM_data1
	.byte	58                              @ DW_AT_decl_file
	.byte	11                              @ DW_FORM_data1
	.byte	59                              @ DW_AT_decl_line
	.byte	11                              @ DW_FORM_data1
	.byte	0                               @ EOM(1)
	.byte	0                               @ EOM(2)
	.byte	16                              @ Abbreviation Code
	.byte	13                              @ DW_TAG_member
	.byte	0                               @ DW_CHILDREN_no
	.byte	3                               @ DW_AT_name
	.byte	14                              @ DW_FORM_strp
	.byte	73                              @ DW_AT_type
	.byte	19                              @ DW_FORM_ref4
	.byte	58                              @ DW_AT_decl_file
	.byte	11                              @ DW_FORM_data1
	.byte	59                              @ DW_AT_decl_line
	.byte	11                              @ DW_FORM_data1
	.byte	56                              @ DW_AT_data_member_location
	.byte	11                              @ DW_FORM_data1
	.byte	0                               @ EOM(1)
	.byte	0                               @ EOM(2)
	.byte	17                              @ Abbreviation Code
	.byte	53                              @ DW_TAG_volatile_type
	.byte	0                               @ DW_CHILDREN_no
	.byte	73                              @ DW_AT_type
	.byte	19                              @ DW_FORM_ref4
	.byte	0                               @ EOM(1)
	.byte	0                               @ EOM(2)
	.byte	18                              @ Abbreviation Code
	.byte	22                              @ DW_TAG_typedef
	.byte	0                               @ DW_CHILDREN_no
	.byte	73                              @ DW_AT_type
	.byte	19                              @ DW_FORM_ref4
	.byte	3                               @ DW_AT_name
	.byte	14                              @ DW_FORM_strp
	.byte	58                              @ DW_AT_decl_file
	.byte	11                              @ DW_FORM_data1
	.byte	59                              @ DW_AT_decl_line
	.byte	5                               @ DW_FORM_data2
	.byte	0                               @ EOM(1)
	.byte	0                               @ EOM(2)
	.byte	19                              @ Abbreviation Code
	.byte	19                              @ DW_TAG_structure_type
	.byte	1                               @ DW_CHILDREN_yes
	.byte	11                              @ DW_AT_byte_size
	.byte	5                               @ DW_FORM_data2
	.byte	58                              @ DW_AT_decl_file
	.byte	11                              @ DW_FORM_data1
	.byte	59                              @ DW_AT_decl_line
	.byte	5                               @ DW_FORM_data2
	.byte	0                               @ EOM(1)
	.byte	0                               @ EOM(2)
	.byte	20                              @ Abbreviation Code
	.byte	13                              @ DW_TAG_member
	.byte	0                               @ DW_CHILDREN_no
	.byte	3                               @ DW_AT_name
	.byte	14                              @ DW_FORM_strp
	.byte	73                              @ DW_AT_type
	.byte	19                              @ DW_FORM_ref4
	.byte	58                              @ DW_AT_decl_file
	.byte	11                              @ DW_FORM_data1
	.byte	59                              @ DW_AT_decl_line
	.byte	5                               @ DW_FORM_data2
	.byte	56                              @ DW_AT_data_member_location
	.byte	11                              @ DW_FORM_data1
	.byte	0                               @ EOM(1)
	.byte	0                               @ EOM(2)
	.byte	21                              @ Abbreviation Code
	.byte	13                              @ DW_TAG_member
	.byte	0                               @ DW_CHILDREN_no
	.byte	3                               @ DW_AT_name
	.byte	14                              @ DW_FORM_strp
	.byte	73                              @ DW_AT_type
	.byte	19                              @ DW_FORM_ref4
	.byte	58                              @ DW_AT_decl_file
	.byte	11                              @ DW_FORM_data1
	.byte	59                              @ DW_AT_decl_line
	.byte	5                               @ DW_FORM_data2
	.byte	56                              @ DW_AT_data_member_location
	.byte	5                               @ DW_FORM_data2
	.byte	0                               @ EOM(1)
	.byte	0                               @ EOM(2)
	.byte	22                              @ Abbreviation Code
	.byte	33                              @ DW_TAG_subrange_type
	.byte	0                               @ DW_CHILDREN_no
	.byte	73                              @ DW_AT_type
	.byte	19                              @ DW_FORM_ref4
	.byte	55                              @ DW_AT_count
	.byte	5                               @ DW_FORM_data2
	.byte	0                               @ EOM(1)
	.byte	0                               @ EOM(2)
	.byte	23                              @ Abbreviation Code
	.byte	38                              @ DW_TAG_const_type
	.byte	0                               @ DW_CHILDREN_no
	.byte	73                              @ DW_AT_type
	.byte	19                              @ DW_FORM_ref4
	.byte	0                               @ EOM(1)
	.byte	0                               @ EOM(2)
	.byte	24                              @ Abbreviation Code
	.byte	15                              @ DW_TAG_pointer_type
	.byte	0                               @ DW_CHILDREN_no
	.byte	0                               @ EOM(1)
	.byte	0                               @ EOM(2)
	.byte	25                              @ Abbreviation Code
	.byte	21                              @ DW_TAG_subroutine_type
	.byte	1                               @ DW_CHILDREN_yes
	.byte	39                              @ DW_AT_prototyped
	.byte	25                              @ DW_FORM_flag_present
	.byte	0                               @ EOM(1)
	.byte	0                               @ EOM(2)
	.byte	26                              @ Abbreviation Code
	.byte	5                               @ DW_TAG_formal_parameter
	.byte	0                               @ DW_CHILDREN_no
	.byte	73                              @ DW_AT_type
	.byte	19                              @ DW_FORM_ref4
	.byte	0                               @ EOM(1)
	.byte	0                               @ EOM(2)
	.byte	27                              @ Abbreviation Code
	.byte	19                              @ DW_TAG_structure_type
	.byte	1                               @ DW_CHILDREN_yes
	.byte	11                              @ DW_AT_byte_size
	.byte	11                              @ DW_FORM_data1
	.byte	58                              @ DW_AT_decl_file
	.byte	11                              @ DW_FORM_data1
	.byte	59                              @ DW_AT_decl_line
	.byte	5                               @ DW_FORM_data2
	.byte	0                               @ EOM(1)
	.byte	0                               @ EOM(2)
	.byte	28                              @ Abbreviation Code
	.byte	13                              @ DW_TAG_member
	.byte	0                               @ DW_CHILDREN_no
	.byte	73                              @ DW_AT_type
	.byte	19                              @ DW_FORM_ref4
	.byte	58                              @ DW_AT_decl_file
	.byte	11                              @ DW_FORM_data1
	.byte	59                              @ DW_AT_decl_line
	.byte	5                               @ DW_FORM_data2
	.byte	56                              @ DW_AT_data_member_location
	.byte	11                              @ DW_FORM_data1
	.byte	0                               @ EOM(1)
	.byte	0                               @ EOM(2)
	.byte	29                              @ Abbreviation Code
	.byte	23                              @ DW_TAG_union_type
	.byte	1                               @ DW_CHILDREN_yes
	.byte	11                              @ DW_AT_byte_size
	.byte	11                              @ DW_FORM_data1
	.byte	58                              @ DW_AT_decl_file
	.byte	11                              @ DW_FORM_data1
	.byte	59                              @ DW_AT_decl_line
	.byte	5                               @ DW_FORM_data2
	.byte	0                               @ EOM(1)
	.byte	0                               @ EOM(2)
	.byte	30                              @ Abbreviation Code
	.byte	46                              @ DW_TAG_subprogram
	.byte	1                               @ DW_CHILDREN_yes
	.byte	17                              @ DW_AT_low_pc
	.byte	1                               @ DW_FORM_addr
	.byte	18                              @ DW_AT_high_pc
	.byte	6                               @ DW_FORM_data4
	.byte	64                              @ DW_AT_frame_base
	.byte	24                              @ DW_FORM_exprloc
	.byte	3                               @ DW_AT_name
	.byte	14                              @ DW_FORM_strp
	.byte	58                              @ DW_AT_decl_file
	.byte	11                              @ DW_FORM_data1
	.byte	59                              @ DW_AT_decl_line
	.byte	11                              @ DW_FORM_data1
	.byte	39                              @ DW_AT_prototyped
	.byte	25                              @ DW_FORM_flag_present
	.byte	63                              @ DW_AT_external
	.byte	25                              @ DW_FORM_flag_present
	.byte	0                               @ EOM(1)
	.byte	0                               @ EOM(2)
	.byte	31                              @ Abbreviation Code
	.byte	5                               @ DW_TAG_formal_parameter
	.byte	0                               @ DW_CHILDREN_no
	.byte	2                               @ DW_AT_location
	.byte	24                              @ DW_FORM_exprloc
	.byte	3                               @ DW_AT_name
	.byte	14                              @ DW_FORM_strp
	.byte	58                              @ DW_AT_decl_file
	.byte	11                              @ DW_FORM_data1
	.byte	59                              @ DW_AT_decl_line
	.byte	11                              @ DW_FORM_data1
	.byte	73                              @ DW_AT_type
	.byte	19                              @ DW_FORM_ref4
	.byte	0                               @ EOM(1)
	.byte	0                               @ EOM(2)
	.byte	32                              @ Abbreviation Code
	.byte	52                              @ DW_TAG_variable
	.byte	0                               @ DW_CHILDREN_no
	.byte	2                               @ DW_AT_location
	.byte	24                              @ DW_FORM_exprloc
	.byte	3                               @ DW_AT_name
	.byte	14                              @ DW_FORM_strp
	.byte	58                              @ DW_AT_decl_file
	.byte	11                              @ DW_FORM_data1
	.byte	59                              @ DW_AT_decl_line
	.byte	11                              @ DW_FORM_data1
	.byte	73                              @ DW_AT_type
	.byte	19                              @ DW_FORM_ref4
	.byte	0                               @ EOM(1)
	.byte	0                               @ EOM(2)
	.byte	33                              @ Abbreviation Code
	.byte	46                              @ DW_TAG_subprogram
	.byte	1                               @ DW_CHILDREN_yes
	.byte	17                              @ DW_AT_low_pc
	.byte	1                               @ DW_FORM_addr
	.byte	18                              @ DW_AT_high_pc
	.byte	6                               @ DW_FORM_data4
	.byte	64                              @ DW_AT_frame_base
	.byte	24                              @ DW_FORM_exprloc
	.byte	3                               @ DW_AT_name
	.byte	14                              @ DW_FORM_strp
	.byte	58                              @ DW_AT_decl_file
	.byte	11                              @ DW_FORM_data1
	.byte	59                              @ DW_AT_decl_line
	.byte	5                               @ DW_FORM_data2
	.byte	39                              @ DW_AT_prototyped
	.byte	25                              @ DW_FORM_flag_present
	.byte	0                               @ EOM(1)
	.byte	0                               @ EOM(2)
	.byte	34                              @ Abbreviation Code
	.byte	5                               @ DW_TAG_formal_parameter
	.byte	0                               @ DW_CHILDREN_no
	.byte	2                               @ DW_AT_location
	.byte	24                              @ DW_FORM_exprloc
	.byte	3                               @ DW_AT_name
	.byte	14                              @ DW_FORM_strp
	.byte	58                              @ DW_AT_decl_file
	.byte	11                              @ DW_FORM_data1
	.byte	59                              @ DW_AT_decl_line
	.byte	5                               @ DW_FORM_data2
	.byte	73                              @ DW_AT_type
	.byte	19                              @ DW_FORM_ref4
	.byte	0                               @ EOM(1)
	.byte	0                               @ EOM(2)
	.byte	35                              @ Abbreviation Code
	.byte	52                              @ DW_TAG_variable
	.byte	0                               @ DW_CHILDREN_no
	.byte	2                               @ DW_AT_location
	.byte	24                              @ DW_FORM_exprloc
	.byte	3                               @ DW_AT_name
	.byte	14                              @ DW_FORM_strp
	.byte	58                              @ DW_AT_decl_file
	.byte	11                              @ DW_FORM_data1
	.byte	59                              @ DW_AT_decl_line
	.byte	5                               @ DW_FORM_data2
	.byte	73                              @ DW_AT_type
	.byte	19                              @ DW_FORM_ref4
	.byte	0                               @ EOM(1)
	.byte	0                               @ EOM(2)
	.byte	36                              @ Abbreviation Code
	.byte	46                              @ DW_TAG_subprogram
	.byte	1                               @ DW_CHILDREN_yes
	.byte	17                              @ DW_AT_low_pc
	.byte	1                               @ DW_FORM_addr
	.byte	18                              @ DW_AT_high_pc
	.byte	6                               @ DW_FORM_data4
	.byte	64                              @ DW_AT_frame_base
	.byte	24                              @ DW_FORM_exprloc
	.byte	3                               @ DW_AT_name
	.byte	14                              @ DW_FORM_strp
	.byte	58                              @ DW_AT_decl_file
	.byte	11                              @ DW_FORM_data1
	.byte	59                              @ DW_AT_decl_line
	.byte	5                               @ DW_FORM_data2
	.byte	39                              @ DW_AT_prototyped
	.byte	25                              @ DW_FORM_flag_present
	.byte	73                              @ DW_AT_type
	.byte	19                              @ DW_FORM_ref4
	.byte	0                               @ EOM(1)
	.byte	0                               @ EOM(2)
	.byte	37                              @ Abbreviation Code
	.byte	46                              @ DW_TAG_subprogram
	.byte	1                               @ DW_CHILDREN_yes
	.byte	17                              @ DW_AT_low_pc
	.byte	1                               @ DW_FORM_addr
	.byte	18                              @ DW_AT_high_pc
	.byte	6                               @ DW_FORM_data4
	.byte	64                              @ DW_AT_frame_base
	.byte	24                              @ DW_FORM_exprloc
	.byte	3                               @ DW_AT_name
	.byte	14                              @ DW_FORM_strp
	.byte	58                              @ DW_AT_decl_file
	.byte	11                              @ DW_FORM_data1
	.byte	59                              @ DW_AT_decl_line
	.byte	11                              @ DW_FORM_data1
	.byte	39                              @ DW_AT_prototyped
	.byte	25                              @ DW_FORM_flag_present
	.byte	73                              @ DW_AT_type
	.byte	19                              @ DW_FORM_ref4
	.byte	63                              @ DW_AT_external
	.byte	25                              @ DW_FORM_flag_present
	.byte	0                               @ EOM(1)
	.byte	0                               @ EOM(2)
	.byte	38                              @ Abbreviation Code
	.byte	11                              @ DW_TAG_lexical_block
	.byte	1                               @ DW_CHILDREN_yes
	.byte	17                              @ DW_AT_low_pc
	.byte	1                               @ DW_FORM_addr
	.byte	18                              @ DW_AT_high_pc
	.byte	6                               @ DW_FORM_data4
	.byte	0                               @ EOM(1)
	.byte	0                               @ EOM(2)
	.byte	39                              @ Abbreviation Code
	.byte	46                              @ DW_TAG_subprogram
	.byte	1                               @ DW_CHILDREN_yes
	.byte	17                              @ DW_AT_low_pc
	.byte	1                               @ DW_FORM_addr
	.byte	18                              @ DW_AT_high_pc
	.byte	6                               @ DW_FORM_data4
	.byte	64                              @ DW_AT_frame_base
	.byte	24                              @ DW_FORM_exprloc
	.byte	3                               @ DW_AT_name
	.byte	14                              @ DW_FORM_strp
	.byte	58                              @ DW_AT_decl_file
	.byte	11                              @ DW_FORM_data1
	.byte	59                              @ DW_AT_decl_line
	.byte	11                              @ DW_FORM_data1
	.byte	39                              @ DW_AT_prototyped
	.byte	25                              @ DW_FORM_flag_present
	.byte	73                              @ DW_AT_type
	.byte	19                              @ DW_FORM_ref4
	.byte	0                               @ EOM(1)
	.byte	0                               @ EOM(2)
	.byte	40                              @ Abbreviation Code
	.byte	46                              @ DW_TAG_subprogram
	.byte	1                               @ DW_CHILDREN_yes
	.byte	17                              @ DW_AT_low_pc
	.byte	1                               @ DW_FORM_addr
	.byte	18                              @ DW_AT_high_pc
	.byte	6                               @ DW_FORM_data4
	.byte	64                              @ DW_AT_frame_base
	.byte	24                              @ DW_FORM_exprloc
	.byte	3                               @ DW_AT_name
	.byte	14                              @ DW_FORM_strp
	.byte	58                              @ DW_AT_decl_file
	.byte	11                              @ DW_FORM_data1
	.byte	59                              @ DW_AT_decl_line
	.byte	5                               @ DW_FORM_data2
	.byte	39                              @ DW_AT_prototyped
	.byte	25                              @ DW_FORM_flag_present
	.byte	73                              @ DW_AT_type
	.byte	19                              @ DW_FORM_ref4
	.byte	63                              @ DW_AT_external
	.byte	25                              @ DW_FORM_flag_present
	.byte	0                               @ EOM(1)
	.byte	0                               @ EOM(2)
	.byte	0                               @ EOM(3)
	.section	.debug_info,"",%progbits
.Lcu_begin0:
	.long	.Ldebug_info_end0-.Ldebug_info_start0 @ Length of Unit
.Ldebug_info_start0:
	.short	4                               @ DWARF version number
	.long	.debug_abbrev                   @ Offset Into Abbrev. Section
	.byte	4                               @ Address Size (in bytes)
	.byte	1                               @ Abbrev [1] 0xb:0x17bc DW_TAG_compile_unit
	.long	.Linfo_string0                  @ DW_AT_producer
	.short	12                              @ DW_AT_language
	.long	.Linfo_string1                  @ DW_AT_name
	.long	.Lline_table_start0             @ DW_AT_stmt_list
	.long	.Linfo_string2                  @ DW_AT_comp_dir
	.long	0                               @ DW_AT_low_pc
	.long	.Ldebug_ranges0                 @ DW_AT_ranges
	.byte	2                               @ Abbrev [2] 0x26:0xd DW_TAG_variable
	.long	51                              @ DW_AT_type
	.byte	1                               @ DW_AT_decl_file
	.byte	112                             @ DW_AT_decl_line
	.byte	5                               @ DW_AT_location
	.byte	3
	.long	.L.str
	.byte	3                               @ Abbrev [3] 0x33:0xc DW_TAG_array_type
	.long	63                              @ DW_AT_type
	.byte	4                               @ Abbrev [4] 0x38:0x6 DW_TAG_subrange_type
	.long	70                              @ DW_AT_type
	.byte	15                              @ DW_AT_count
	.byte	0                               @ End Of Children Mark
	.byte	5                               @ Abbrev [5] 0x3f:0x7 DW_TAG_base_type
	.long	.Linfo_string3                  @ DW_AT_name
	.byte	6                               @ DW_AT_encoding
	.byte	1                               @ DW_AT_byte_size
	.byte	6                               @ Abbrev [6] 0x46:0x7 DW_TAG_base_type
	.long	.Linfo_string4                  @ DW_AT_name
	.byte	8                               @ DW_AT_byte_size
	.byte	7                               @ DW_AT_encoding
	.byte	2                               @ Abbrev [2] 0x4d:0xd DW_TAG_variable
	.long	90                              @ DW_AT_type
	.byte	1                               @ DW_AT_decl_file
	.byte	112                             @ DW_AT_decl_line
	.byte	5                               @ DW_AT_location
	.byte	3
	.long	.L.str.1
	.byte	3                               @ Abbrev [3] 0x5a:0xc DW_TAG_array_type
	.long	63                              @ DW_AT_type
	.byte	4                               @ Abbrev [4] 0x5f:0x6 DW_TAG_subrange_type
	.long	70                              @ DW_AT_type
	.byte	44                              @ DW_AT_count
	.byte	0                               @ End Of Children Mark
	.byte	2                               @ Abbrev [2] 0x66:0xd DW_TAG_variable
	.long	115                             @ DW_AT_type
	.byte	1                               @ DW_AT_decl_file
	.byte	113                             @ DW_AT_decl_line
	.byte	5                               @ DW_AT_location
	.byte	3
	.long	.L.str.2
	.byte	3                               @ Abbrev [3] 0x73:0xc DW_TAG_array_type
	.long	63                              @ DW_AT_type
	.byte	4                               @ Abbrev [4] 0x78:0x6 DW_TAG_subrange_type
	.long	70                              @ DW_AT_type
	.byte	20                              @ DW_AT_count
	.byte	0                               @ End Of Children Mark
	.byte	2                               @ Abbrev [2] 0x7f:0xd DW_TAG_variable
	.long	115                             @ DW_AT_type
	.byte	1                               @ DW_AT_decl_file
	.byte	114                             @ DW_AT_decl_line
	.byte	5                               @ DW_AT_location
	.byte	3
	.long	.L.str.3
	.byte	2                               @ Abbrev [2] 0x8c:0xd DW_TAG_variable
	.long	153                             @ DW_AT_type
	.byte	1                               @ DW_AT_decl_file
	.byte	237                             @ DW_AT_decl_line
	.byte	5                               @ DW_AT_location
	.byte	3
	.long	.L.str.4
	.byte	3                               @ Abbrev [3] 0x99:0xc DW_TAG_array_type
	.long	63                              @ DW_AT_type
	.byte	4                               @ Abbrev [4] 0x9e:0x6 DW_TAG_subrange_type
	.long	70                              @ DW_AT_type
	.byte	17                              @ DW_AT_count
	.byte	0                               @ End Of Children Mark
	.byte	2                               @ Abbrev [2] 0xa5:0xd DW_TAG_variable
	.long	178                             @ DW_AT_type
	.byte	1                               @ DW_AT_decl_file
	.byte	238                             @ DW_AT_decl_line
	.byte	5                               @ DW_AT_location
	.byte	3
	.long	.L.str.5
	.byte	3                               @ Abbrev [3] 0xb2:0xc DW_TAG_array_type
	.long	63                              @ DW_AT_type
	.byte	4                               @ Abbrev [4] 0xb7:0x6 DW_TAG_subrange_type
	.long	70                              @ DW_AT_type
	.byte	57                              @ DW_AT_count
	.byte	0                               @ End Of Children Mark
	.byte	7                               @ Abbrev [7] 0xbe:0x11 DW_TAG_variable
	.long	.Linfo_string5                  @ DW_AT_name
	.long	207                             @ DW_AT_type
	.byte	1                               @ DW_AT_decl_file
	.byte	82                              @ DW_AT_decl_line
	.byte	5                               @ DW_AT_location
	.byte	3
	.long	lpi2c_edma_RecSetting
	.byte	8                               @ Abbrev [8] 0xcf:0xb DW_TAG_typedef
	.long	218                             @ DW_AT_type
	.long	.Linfo_string7                  @ DW_AT_name
	.byte	2                               @ DW_AT_decl_file
	.byte	64                              @ DW_AT_decl_line
	.byte	5                               @ Abbrev [5] 0xda:0x7 DW_TAG_base_type
	.long	.Linfo_string6                  @ DW_AT_name
	.byte	7                               @ DW_AT_encoding
	.byte	4                               @ DW_AT_byte_size
	.byte	9                               @ Abbrev [9] 0xe1:0xe DW_TAG_variable
	.long	239                             @ DW_AT_type
	.byte	1                               @ DW_AT_decl_file
	.short	550                             @ DW_AT_decl_line
	.byte	5                               @ DW_AT_location
	.byte	3
	.long	.L.str.6
	.byte	3                               @ Abbrev [3] 0xef:0xc DW_TAG_array_type
	.long	63                              @ DW_AT_type
	.byte	4                               @ Abbrev [4] 0xf4:0x6 DW_TAG_subrange_type
	.long	70                              @ DW_AT_type
	.byte	30                              @ DW_AT_count
	.byte	0                               @ End Of Children Mark
	.byte	10                              @ Abbrev [10] 0xfb:0x19 DW_TAG_enumeration_type
	.long	276                             @ DW_AT_type
	.long	.Linfo_string11                 @ DW_AT_name
	.byte	1                               @ DW_AT_byte_size
	.byte	3                               @ DW_AT_decl_file
	.byte	104                             @ DW_AT_decl_line
	.byte	11                              @ Abbrev [11] 0x107:0x6 DW_TAG_enumerator
	.long	.Linfo_string9                  @ DW_AT_name
	.byte	0                               @ DW_AT_const_value
	.byte	11                              @ Abbrev [11] 0x10d:0x6 DW_TAG_enumerator
	.long	.Linfo_string10                 @ DW_AT_name
	.byte	1                               @ DW_AT_const_value
	.byte	0                               @ End Of Children Mark
	.byte	5                               @ Abbrev [5] 0x114:0x7 DW_TAG_base_type
	.long	.Linfo_string8                  @ DW_AT_name
	.byte	8                               @ DW_AT_encoding
	.byte	1                               @ DW_AT_byte_size
	.byte	12                              @ Abbrev [12] 0x11b:0x3f DW_TAG_enumeration_type
	.long	276                             @ DW_AT_type
	.byte	1                               @ DW_AT_byte_size
	.byte	4                               @ DW_AT_decl_file
	.byte	203                             @ DW_AT_decl_line
	.byte	11                              @ Abbrev [11] 0x123:0x6 DW_TAG_enumerator
	.long	.Linfo_string12                 @ DW_AT_name
	.byte	0                               @ DW_AT_const_value
	.byte	11                              @ Abbrev [11] 0x129:0x6 DW_TAG_enumerator
	.long	.Linfo_string13                 @ DW_AT_name
	.byte	1                               @ DW_AT_const_value
	.byte	11                              @ Abbrev [11] 0x12f:0x6 DW_TAG_enumerator
	.long	.Linfo_string14                 @ DW_AT_name
	.byte	2                               @ DW_AT_const_value
	.byte	11                              @ Abbrev [11] 0x135:0x6 DW_TAG_enumerator
	.long	.Linfo_string15                 @ DW_AT_name
	.byte	3                               @ DW_AT_const_value
	.byte	11                              @ Abbrev [11] 0x13b:0x6 DW_TAG_enumerator
	.long	.Linfo_string16                 @ DW_AT_name
	.byte	4                               @ DW_AT_const_value
	.byte	11                              @ Abbrev [11] 0x141:0x6 DW_TAG_enumerator
	.long	.Linfo_string17                 @ DW_AT_name
	.byte	5                               @ DW_AT_const_value
	.byte	11                              @ Abbrev [11] 0x147:0x6 DW_TAG_enumerator
	.long	.Linfo_string18                 @ DW_AT_name
	.byte	6                               @ DW_AT_const_value
	.byte	11                              @ Abbrev [11] 0x14d:0x6 DW_TAG_enumerator
	.long	.Linfo_string19                 @ DW_AT_name
	.byte	7                               @ DW_AT_const_value
	.byte	11                              @ Abbrev [11] 0x153:0x6 DW_TAG_enumerator
	.long	.Linfo_string20                 @ DW_AT_name
	.byte	8                               @ DW_AT_const_value
	.byte	0                               @ End Of Children Mark
	.byte	12                              @ Abbrev [12] 0x15a:0x4f DW_TAG_enumeration_type
	.long	425                             @ DW_AT_type
	.byte	2                               @ DW_AT_byte_size
	.byte	3                               @ DW_AT_decl_file
	.byte	36                              @ DW_AT_decl_line
	.byte	11                              @ Abbrev [11] 0x162:0x7 DW_TAG_enumerator
	.long	.Linfo_string22                 @ DW_AT_name
	.ascii	"\204\007"                      @ DW_AT_const_value
	.byte	11                              @ Abbrev [11] 0x169:0x7 DW_TAG_enumerator
	.long	.Linfo_string23                 @ DW_AT_name
	.ascii	"\205\007"                      @ DW_AT_const_value
	.byte	11                              @ Abbrev [11] 0x170:0x7 DW_TAG_enumerator
	.long	.Linfo_string24                 @ DW_AT_name
	.ascii	"\206\007"                      @ DW_AT_const_value
	.byte	11                              @ Abbrev [11] 0x177:0x7 DW_TAG_enumerator
	.long	.Linfo_string25                 @ DW_AT_name
	.ascii	"\207\007"                      @ DW_AT_const_value
	.byte	11                              @ Abbrev [11] 0x17e:0x7 DW_TAG_enumerator
	.long	.Linfo_string26                 @ DW_AT_name
	.ascii	"\210\007"                      @ DW_AT_const_value
	.byte	11                              @ Abbrev [11] 0x185:0x7 DW_TAG_enumerator
	.long	.Linfo_string27                 @ DW_AT_name
	.ascii	"\211\007"                      @ DW_AT_const_value
	.byte	11                              @ Abbrev [11] 0x18c:0x7 DW_TAG_enumerator
	.long	.Linfo_string28                 @ DW_AT_name
	.ascii	"\212\007"                      @ DW_AT_const_value
	.byte	11                              @ Abbrev [11] 0x193:0x7 DW_TAG_enumerator
	.long	.Linfo_string29                 @ DW_AT_name
	.ascii	"\213\007"                      @ DW_AT_const_value
	.byte	11                              @ Abbrev [11] 0x19a:0x7 DW_TAG_enumerator
	.long	.Linfo_string30                 @ DW_AT_name
	.ascii	"\214\007"                      @ DW_AT_const_value
	.byte	11                              @ Abbrev [11] 0x1a1:0x7 DW_TAG_enumerator
	.long	.Linfo_string31                 @ DW_AT_name
	.ascii	"\215\007"                      @ DW_AT_const_value
	.byte	0                               @ End Of Children Mark
	.byte	5                               @ Abbrev [5] 0x1a9:0x7 DW_TAG_base_type
	.long	.Linfo_string21                 @ DW_AT_name
	.byte	7                               @ DW_AT_encoding
	.byte	2                               @ DW_AT_byte_size
	.byte	10                              @ Abbrev [10] 0x1b0:0x73 DW_TAG_enumeration_type
	.long	218                             @ DW_AT_type
	.long	.Linfo_string46                 @ DW_AT_name
	.byte	4                               @ DW_AT_byte_size
	.byte	3                               @ DW_AT_decl_file
	.byte	76                              @ DW_AT_decl_line
	.byte	11                              @ Abbrev [11] 0x1bc:0x6 DW_TAG_enumerator
	.long	.Linfo_string32                 @ DW_AT_name
	.byte	1                               @ DW_AT_const_value
	.byte	11                              @ Abbrev [11] 0x1c2:0x6 DW_TAG_enumerator
	.long	.Linfo_string33                 @ DW_AT_name
	.byte	2                               @ DW_AT_const_value
	.byte	11                              @ Abbrev [11] 0x1c8:0x7 DW_TAG_enumerator
	.long	.Linfo_string34                 @ DW_AT_name
	.ascii	"\200\002"                      @ DW_AT_const_value
	.byte	11                              @ Abbrev [11] 0x1cf:0x7 DW_TAG_enumerator
	.long	.Linfo_string35                 @ DW_AT_name
	.ascii	"\200\004"                      @ DW_AT_const_value
	.byte	11                              @ Abbrev [11] 0x1d6:0x7 DW_TAG_enumerator
	.long	.Linfo_string36                 @ DW_AT_name
	.ascii	"\200\b"                        @ DW_AT_const_value
	.byte	11                              @ Abbrev [11] 0x1dd:0x7 DW_TAG_enumerator
	.long	.Linfo_string37                 @ DW_AT_name
	.ascii	"\200\020"                      @ DW_AT_const_value
	.byte	11                              @ Abbrev [11] 0x1e4:0x7 DW_TAG_enumerator
	.long	.Linfo_string38                 @ DW_AT_name
	.ascii	"\200 "                         @ DW_AT_const_value
	.byte	11                              @ Abbrev [11] 0x1eb:0x7 DW_TAG_enumerator
	.long	.Linfo_string39                 @ DW_AT_name
	.ascii	"\200@"                         @ DW_AT_const_value
	.byte	11                              @ Abbrev [11] 0x1f2:0x8 DW_TAG_enumerator
	.long	.Linfo_string40                 @ DW_AT_name
	.ascii	"\200\200\001"                  @ DW_AT_const_value
	.byte	11                              @ Abbrev [11] 0x1fa:0x9 DW_TAG_enumerator
	.long	.Linfo_string41                 @ DW_AT_name
	.ascii	"\200\200\200\b"                @ DW_AT_const_value
	.byte	11                              @ Abbrev [11] 0x203:0x9 DW_TAG_enumerator
	.long	.Linfo_string42                 @ DW_AT_name
	.ascii	"\200\200\200\020"              @ DW_AT_const_value
	.byte	11                              @ Abbrev [11] 0x20c:0x8 DW_TAG_enumerator
	.long	.Linfo_string43                 @ DW_AT_name
	.ascii	"\200\376\001"                  @ DW_AT_const_value
	.byte	11                              @ Abbrev [11] 0x214:0x7 DW_TAG_enumerator
	.long	.Linfo_string44                 @ DW_AT_name
	.ascii	"\203|"                         @ DW_AT_const_value
	.byte	11                              @ Abbrev [11] 0x21b:0x7 DW_TAG_enumerator
	.long	.Linfo_string45                 @ DW_AT_name
	.ascii	"\200x"                         @ DW_AT_const_value
	.byte	0                               @ End Of Children Mark
	.byte	10                              @ Abbrev [10] 0x223:0x31 DW_TAG_enumeration_type
	.long	276                             @ DW_AT_type
	.long	.Linfo_string53                 @ DW_AT_name
	.byte	1                               @ DW_AT_byte_size
	.byte	5                               @ DW_AT_decl_file
	.byte	33                              @ DW_AT_decl_line
	.byte	11                              @ Abbrev [11] 0x22f:0x6 DW_TAG_enumerator
	.long	.Linfo_string47                 @ DW_AT_name
	.byte	0                               @ DW_AT_const_value
	.byte	11                              @ Abbrev [11] 0x235:0x6 DW_TAG_enumerator
	.long	.Linfo_string48                 @ DW_AT_name
	.byte	1                               @ DW_AT_const_value
	.byte	11                              @ Abbrev [11] 0x23b:0x6 DW_TAG_enumerator
	.long	.Linfo_string49                 @ DW_AT_name
	.byte	2                               @ DW_AT_const_value
	.byte	11                              @ Abbrev [11] 0x241:0x6 DW_TAG_enumerator
	.long	.Linfo_string50                 @ DW_AT_name
	.byte	3                               @ DW_AT_const_value
	.byte	11                              @ Abbrev [11] 0x247:0x6 DW_TAG_enumerator
	.long	.Linfo_string51                 @ DW_AT_name
	.byte	4                               @ DW_AT_const_value
	.byte	11                              @ Abbrev [11] 0x24d:0x6 DW_TAG_enumerator
	.long	.Linfo_string52                 @ DW_AT_name
	.byte	5                               @ DW_AT_const_value
	.byte	0                               @ End Of Children Mark
	.byte	10                              @ Abbrev [10] 0x254:0x1f DW_TAG_enumeration_type
	.long	276                             @ DW_AT_type
	.long	.Linfo_string57                 @ DW_AT_name
	.byte	1                               @ DW_AT_byte_size
	.byte	5                               @ DW_AT_decl_file
	.byte	125                             @ DW_AT_decl_line
	.byte	11                              @ Abbrev [11] 0x260:0x6 DW_TAG_enumerator
	.long	.Linfo_string54                 @ DW_AT_name
	.byte	1                               @ DW_AT_const_value
	.byte	11                              @ Abbrev [11] 0x266:0x6 DW_TAG_enumerator
	.long	.Linfo_string55                 @ DW_AT_name
	.byte	2                               @ DW_AT_const_value
	.byte	11                              @ Abbrev [11] 0x26c:0x6 DW_TAG_enumerator
	.long	.Linfo_string56                 @ DW_AT_name
	.byte	4                               @ DW_AT_const_value
	.byte	0                               @ End Of Children Mark
	.byte	10                              @ Abbrev [10] 0x273:0x28 DW_TAG_enumeration_type
	.long	425                             @ DW_AT_type
	.long	.Linfo_string62                 @ DW_AT_name
	.byte	2                               @ DW_AT_byte_size
	.byte	1                               @ DW_AT_decl_file
	.byte	26                              @ DW_AT_decl_line
	.byte	11                              @ Abbrev [11] 0x27f:0x6 DW_TAG_enumerator
	.long	.Linfo_string58                 @ DW_AT_name
	.byte	0                               @ DW_AT_const_value
	.byte	11                              @ Abbrev [11] 0x285:0x7 DW_TAG_enumerator
	.long	.Linfo_string59                 @ DW_AT_name
	.ascii	"\200\002"                      @ DW_AT_const_value
	.byte	11                              @ Abbrev [11] 0x28c:0x7 DW_TAG_enumerator
	.long	.Linfo_string60                 @ DW_AT_name
	.ascii	"\200\004"                      @ DW_AT_const_value
	.byte	11                              @ Abbrev [11] 0x293:0x7 DW_TAG_enumerator
	.long	.Linfo_string61                 @ DW_AT_name
	.ascii	"\200\b"                        @ DW_AT_const_value
	.byte	0                               @ End Of Children Mark
	.byte	10                              @ Abbrev [10] 0x29b:0x45c DW_TAG_enumeration_type
	.long	1783                            @ DW_AT_type
	.long	.Linfo_string232                @ DW_AT_name
	.byte	2                               @ DW_AT_byte_size
	.byte	6                               @ DW_AT_decl_file
	.byte	76                              @ DW_AT_decl_line
	.byte	13                              @ Abbrev [13] 0x2a7:0x7 DW_TAG_enumerator
	.long	.Linfo_string64                 @ DW_AT_name
	.ascii	"\200\177"                      @ DW_AT_const_value
	.byte	13                              @ Abbrev [13] 0x2ae:0x6 DW_TAG_enumerator
	.long	.Linfo_string65                 @ DW_AT_name
	.byte	114                             @ DW_AT_const_value
	.byte	13                              @ Abbrev [13] 0x2b4:0x6 DW_TAG_enumerator
	.long	.Linfo_string66                 @ DW_AT_name
	.byte	115                             @ DW_AT_const_value
	.byte	13                              @ Abbrev [13] 0x2ba:0x6 DW_TAG_enumerator
	.long	.Linfo_string67                 @ DW_AT_name
	.byte	116                             @ DW_AT_const_value
	.byte	13                              @ Abbrev [13] 0x2c0:0x6 DW_TAG_enumerator
	.long	.Linfo_string68                 @ DW_AT_name
	.byte	117                             @ DW_AT_const_value
	.byte	13                              @ Abbrev [13] 0x2c6:0x6 DW_TAG_enumerator
	.long	.Linfo_string69                 @ DW_AT_name
	.byte	118                             @ DW_AT_const_value
	.byte	13                              @ Abbrev [13] 0x2cc:0x6 DW_TAG_enumerator
	.long	.Linfo_string70                 @ DW_AT_name
	.byte	123                             @ DW_AT_const_value
	.byte	13                              @ Abbrev [13] 0x2d2:0x6 DW_TAG_enumerator
	.long	.Linfo_string71                 @ DW_AT_name
	.byte	124                             @ DW_AT_const_value
	.byte	13                              @ Abbrev [13] 0x2d8:0x6 DW_TAG_enumerator
	.long	.Linfo_string72                 @ DW_AT_name
	.byte	126                             @ DW_AT_const_value
	.byte	13                              @ Abbrev [13] 0x2de:0x6 DW_TAG_enumerator
	.long	.Linfo_string73                 @ DW_AT_name
	.byte	127                             @ DW_AT_const_value
	.byte	13                              @ Abbrev [13] 0x2e4:0x6 DW_TAG_enumerator
	.long	.Linfo_string74                 @ DW_AT_name
	.byte	0                               @ DW_AT_const_value
	.byte	13                              @ Abbrev [13] 0x2ea:0x6 DW_TAG_enumerator
	.long	.Linfo_string75                 @ DW_AT_name
	.byte	1                               @ DW_AT_const_value
	.byte	13                              @ Abbrev [13] 0x2f0:0x6 DW_TAG_enumerator
	.long	.Linfo_string76                 @ DW_AT_name
	.byte	2                               @ DW_AT_const_value
	.byte	13                              @ Abbrev [13] 0x2f6:0x6 DW_TAG_enumerator
	.long	.Linfo_string77                 @ DW_AT_name
	.byte	3                               @ DW_AT_const_value
	.byte	13                              @ Abbrev [13] 0x2fc:0x6 DW_TAG_enumerator
	.long	.Linfo_string78                 @ DW_AT_name
	.byte	4                               @ DW_AT_const_value
	.byte	13                              @ Abbrev [13] 0x302:0x6 DW_TAG_enumerator
	.long	.Linfo_string79                 @ DW_AT_name
	.byte	5                               @ DW_AT_const_value
	.byte	13                              @ Abbrev [13] 0x308:0x6 DW_TAG_enumerator
	.long	.Linfo_string80                 @ DW_AT_name
	.byte	6                               @ DW_AT_const_value
	.byte	13                              @ Abbrev [13] 0x30e:0x6 DW_TAG_enumerator
	.long	.Linfo_string81                 @ DW_AT_name
	.byte	7                               @ DW_AT_const_value
	.byte	13                              @ Abbrev [13] 0x314:0x6 DW_TAG_enumerator
	.long	.Linfo_string82                 @ DW_AT_name
	.byte	8                               @ DW_AT_const_value
	.byte	13                              @ Abbrev [13] 0x31a:0x6 DW_TAG_enumerator
	.long	.Linfo_string83                 @ DW_AT_name
	.byte	9                               @ DW_AT_const_value
	.byte	13                              @ Abbrev [13] 0x320:0x6 DW_TAG_enumerator
	.long	.Linfo_string84                 @ DW_AT_name
	.byte	10                              @ DW_AT_const_value
	.byte	13                              @ Abbrev [13] 0x326:0x6 DW_TAG_enumerator
	.long	.Linfo_string85                 @ DW_AT_name
	.byte	11                              @ DW_AT_const_value
	.byte	13                              @ Abbrev [13] 0x32c:0x6 DW_TAG_enumerator
	.long	.Linfo_string86                 @ DW_AT_name
	.byte	12                              @ DW_AT_const_value
	.byte	13                              @ Abbrev [13] 0x332:0x6 DW_TAG_enumerator
	.long	.Linfo_string87                 @ DW_AT_name
	.byte	13                              @ DW_AT_const_value
	.byte	13                              @ Abbrev [13] 0x338:0x6 DW_TAG_enumerator
	.long	.Linfo_string88                 @ DW_AT_name
	.byte	14                              @ DW_AT_const_value
	.byte	13                              @ Abbrev [13] 0x33e:0x6 DW_TAG_enumerator
	.long	.Linfo_string89                 @ DW_AT_name
	.byte	15                              @ DW_AT_const_value
	.byte	13                              @ Abbrev [13] 0x344:0x6 DW_TAG_enumerator
	.long	.Linfo_string90                 @ DW_AT_name
	.byte	16                              @ DW_AT_const_value
	.byte	13                              @ Abbrev [13] 0x34a:0x6 DW_TAG_enumerator
	.long	.Linfo_string91                 @ DW_AT_name
	.byte	17                              @ DW_AT_const_value
	.byte	13                              @ Abbrev [13] 0x350:0x6 DW_TAG_enumerator
	.long	.Linfo_string92                 @ DW_AT_name
	.byte	18                              @ DW_AT_const_value
	.byte	13                              @ Abbrev [13] 0x356:0x6 DW_TAG_enumerator
	.long	.Linfo_string93                 @ DW_AT_name
	.byte	19                              @ DW_AT_const_value
	.byte	13                              @ Abbrev [13] 0x35c:0x6 DW_TAG_enumerator
	.long	.Linfo_string94                 @ DW_AT_name
	.byte	20                              @ DW_AT_const_value
	.byte	13                              @ Abbrev [13] 0x362:0x6 DW_TAG_enumerator
	.long	.Linfo_string95                 @ DW_AT_name
	.byte	21                              @ DW_AT_const_value
	.byte	13                              @ Abbrev [13] 0x368:0x6 DW_TAG_enumerator
	.long	.Linfo_string96                 @ DW_AT_name
	.byte	22                              @ DW_AT_const_value
	.byte	13                              @ Abbrev [13] 0x36e:0x6 DW_TAG_enumerator
	.long	.Linfo_string97                 @ DW_AT_name
	.byte	23                              @ DW_AT_const_value
	.byte	13                              @ Abbrev [13] 0x374:0x6 DW_TAG_enumerator
	.long	.Linfo_string98                 @ DW_AT_name
	.byte	24                              @ DW_AT_const_value
	.byte	13                              @ Abbrev [13] 0x37a:0x6 DW_TAG_enumerator
	.long	.Linfo_string99                 @ DW_AT_name
	.byte	25                              @ DW_AT_const_value
	.byte	13                              @ Abbrev [13] 0x380:0x6 DW_TAG_enumerator
	.long	.Linfo_string100                @ DW_AT_name
	.byte	26                              @ DW_AT_const_value
	.byte	13                              @ Abbrev [13] 0x386:0x6 DW_TAG_enumerator
	.long	.Linfo_string101                @ DW_AT_name
	.byte	27                              @ DW_AT_const_value
	.byte	13                              @ Abbrev [13] 0x38c:0x6 DW_TAG_enumerator
	.long	.Linfo_string102                @ DW_AT_name
	.byte	28                              @ DW_AT_const_value
	.byte	13                              @ Abbrev [13] 0x392:0x6 DW_TAG_enumerator
	.long	.Linfo_string103                @ DW_AT_name
	.byte	29                              @ DW_AT_const_value
	.byte	13                              @ Abbrev [13] 0x398:0x6 DW_TAG_enumerator
	.long	.Linfo_string104                @ DW_AT_name
	.byte	30                              @ DW_AT_const_value
	.byte	13                              @ Abbrev [13] 0x39e:0x6 DW_TAG_enumerator
	.long	.Linfo_string105                @ DW_AT_name
	.byte	31                              @ DW_AT_const_value
	.byte	13                              @ Abbrev [13] 0x3a4:0x6 DW_TAG_enumerator
	.long	.Linfo_string106                @ DW_AT_name
	.byte	32                              @ DW_AT_const_value
	.byte	13                              @ Abbrev [13] 0x3aa:0x6 DW_TAG_enumerator
	.long	.Linfo_string107                @ DW_AT_name
	.byte	33                              @ DW_AT_const_value
	.byte	13                              @ Abbrev [13] 0x3b0:0x6 DW_TAG_enumerator
	.long	.Linfo_string108                @ DW_AT_name
	.byte	34                              @ DW_AT_const_value
	.byte	13                              @ Abbrev [13] 0x3b6:0x6 DW_TAG_enumerator
	.long	.Linfo_string109                @ DW_AT_name
	.byte	35                              @ DW_AT_const_value
	.byte	13                              @ Abbrev [13] 0x3bc:0x6 DW_TAG_enumerator
	.long	.Linfo_string110                @ DW_AT_name
	.byte	36                              @ DW_AT_const_value
	.byte	13                              @ Abbrev [13] 0x3c2:0x6 DW_TAG_enumerator
	.long	.Linfo_string111                @ DW_AT_name
	.byte	37                              @ DW_AT_const_value
	.byte	13                              @ Abbrev [13] 0x3c8:0x6 DW_TAG_enumerator
	.long	.Linfo_string112                @ DW_AT_name
	.byte	38                              @ DW_AT_const_value
	.byte	13                              @ Abbrev [13] 0x3ce:0x6 DW_TAG_enumerator
	.long	.Linfo_string113                @ DW_AT_name
	.byte	39                              @ DW_AT_const_value
	.byte	13                              @ Abbrev [13] 0x3d4:0x6 DW_TAG_enumerator
	.long	.Linfo_string114                @ DW_AT_name
	.byte	40                              @ DW_AT_const_value
	.byte	13                              @ Abbrev [13] 0x3da:0x6 DW_TAG_enumerator
	.long	.Linfo_string115                @ DW_AT_name
	.byte	41                              @ DW_AT_const_value
	.byte	13                              @ Abbrev [13] 0x3e0:0x6 DW_TAG_enumerator
	.long	.Linfo_string116                @ DW_AT_name
	.byte	42                              @ DW_AT_const_value
	.byte	13                              @ Abbrev [13] 0x3e6:0x6 DW_TAG_enumerator
	.long	.Linfo_string117                @ DW_AT_name
	.byte	43                              @ DW_AT_const_value
	.byte	13                              @ Abbrev [13] 0x3ec:0x6 DW_TAG_enumerator
	.long	.Linfo_string118                @ DW_AT_name
	.byte	44                              @ DW_AT_const_value
	.byte	13                              @ Abbrev [13] 0x3f2:0x6 DW_TAG_enumerator
	.long	.Linfo_string119                @ DW_AT_name
	.byte	45                              @ DW_AT_const_value
	.byte	13                              @ Abbrev [13] 0x3f8:0x6 DW_TAG_enumerator
	.long	.Linfo_string120                @ DW_AT_name
	.byte	46                              @ DW_AT_const_value
	.byte	13                              @ Abbrev [13] 0x3fe:0x6 DW_TAG_enumerator
	.long	.Linfo_string121                @ DW_AT_name
	.byte	47                              @ DW_AT_const_value
	.byte	13                              @ Abbrev [13] 0x404:0x6 DW_TAG_enumerator
	.long	.Linfo_string122                @ DW_AT_name
	.byte	48                              @ DW_AT_const_value
	.byte	13                              @ Abbrev [13] 0x40a:0x6 DW_TAG_enumerator
	.long	.Linfo_string123                @ DW_AT_name
	.byte	49                              @ DW_AT_const_value
	.byte	13                              @ Abbrev [13] 0x410:0x6 DW_TAG_enumerator
	.long	.Linfo_string124                @ DW_AT_name
	.byte	50                              @ DW_AT_const_value
	.byte	13                              @ Abbrev [13] 0x416:0x6 DW_TAG_enumerator
	.long	.Linfo_string125                @ DW_AT_name
	.byte	51                              @ DW_AT_const_value
	.byte	13                              @ Abbrev [13] 0x41c:0x6 DW_TAG_enumerator
	.long	.Linfo_string126                @ DW_AT_name
	.byte	52                              @ DW_AT_const_value
	.byte	13                              @ Abbrev [13] 0x422:0x6 DW_TAG_enumerator
	.long	.Linfo_string127                @ DW_AT_name
	.byte	53                              @ DW_AT_const_value
	.byte	13                              @ Abbrev [13] 0x428:0x6 DW_TAG_enumerator
	.long	.Linfo_string128                @ DW_AT_name
	.byte	54                              @ DW_AT_const_value
	.byte	13                              @ Abbrev [13] 0x42e:0x6 DW_TAG_enumerator
	.long	.Linfo_string129                @ DW_AT_name
	.byte	55                              @ DW_AT_const_value
	.byte	13                              @ Abbrev [13] 0x434:0x6 DW_TAG_enumerator
	.long	.Linfo_string130                @ DW_AT_name
	.byte	56                              @ DW_AT_const_value
	.byte	13                              @ Abbrev [13] 0x43a:0x6 DW_TAG_enumerator
	.long	.Linfo_string131                @ DW_AT_name
	.byte	57                              @ DW_AT_const_value
	.byte	13                              @ Abbrev [13] 0x440:0x6 DW_TAG_enumerator
	.long	.Linfo_string132                @ DW_AT_name
	.byte	58                              @ DW_AT_const_value
	.byte	13                              @ Abbrev [13] 0x446:0x6 DW_TAG_enumerator
	.long	.Linfo_string133                @ DW_AT_name
	.byte	59                              @ DW_AT_const_value
	.byte	13                              @ Abbrev [13] 0x44c:0x6 DW_TAG_enumerator
	.long	.Linfo_string134                @ DW_AT_name
	.byte	60                              @ DW_AT_const_value
	.byte	13                              @ Abbrev [13] 0x452:0x6 DW_TAG_enumerator
	.long	.Linfo_string135                @ DW_AT_name
	.byte	61                              @ DW_AT_const_value
	.byte	13                              @ Abbrev [13] 0x458:0x6 DW_TAG_enumerator
	.long	.Linfo_string136                @ DW_AT_name
	.byte	62                              @ DW_AT_const_value
	.byte	13                              @ Abbrev [13] 0x45e:0x6 DW_TAG_enumerator
	.long	.Linfo_string137                @ DW_AT_name
	.byte	63                              @ DW_AT_const_value
	.byte	13                              @ Abbrev [13] 0x464:0x7 DW_TAG_enumerator
	.long	.Linfo_string138                @ DW_AT_name
	.asciz	"\300"                          @ DW_AT_const_value
	.byte	13                              @ Abbrev [13] 0x46b:0x7 DW_TAG_enumerator
	.long	.Linfo_string139                @ DW_AT_name
	.asciz	"\301"                          @ DW_AT_const_value
	.byte	13                              @ Abbrev [13] 0x472:0x7 DW_TAG_enumerator
	.long	.Linfo_string140                @ DW_AT_name
	.asciz	"\302"                          @ DW_AT_const_value
	.byte	13                              @ Abbrev [13] 0x479:0x7 DW_TAG_enumerator
	.long	.Linfo_string141                @ DW_AT_name
	.asciz	"\303"                          @ DW_AT_const_value
	.byte	13                              @ Abbrev [13] 0x480:0x7 DW_TAG_enumerator
	.long	.Linfo_string142                @ DW_AT_name
	.asciz	"\304"                          @ DW_AT_const_value
	.byte	13                              @ Abbrev [13] 0x487:0x7 DW_TAG_enumerator
	.long	.Linfo_string143                @ DW_AT_name
	.asciz	"\305"                          @ DW_AT_const_value
	.byte	13                              @ Abbrev [13] 0x48e:0x7 DW_TAG_enumerator
	.long	.Linfo_string144                @ DW_AT_name
	.asciz	"\306"                          @ DW_AT_const_value
	.byte	13                              @ Abbrev [13] 0x495:0x7 DW_TAG_enumerator
	.long	.Linfo_string145                @ DW_AT_name
	.asciz	"\307"                          @ DW_AT_const_value
	.byte	13                              @ Abbrev [13] 0x49c:0x7 DW_TAG_enumerator
	.long	.Linfo_string146                @ DW_AT_name
	.asciz	"\310"                          @ DW_AT_const_value
	.byte	13                              @ Abbrev [13] 0x4a3:0x7 DW_TAG_enumerator
	.long	.Linfo_string147                @ DW_AT_name
	.asciz	"\311"                          @ DW_AT_const_value
	.byte	13                              @ Abbrev [13] 0x4aa:0x7 DW_TAG_enumerator
	.long	.Linfo_string148                @ DW_AT_name
	.asciz	"\312"                          @ DW_AT_const_value
	.byte	13                              @ Abbrev [13] 0x4b1:0x7 DW_TAG_enumerator
	.long	.Linfo_string149                @ DW_AT_name
	.asciz	"\313"                          @ DW_AT_const_value
	.byte	13                              @ Abbrev [13] 0x4b8:0x7 DW_TAG_enumerator
	.long	.Linfo_string150                @ DW_AT_name
	.asciz	"\314"                          @ DW_AT_const_value
	.byte	13                              @ Abbrev [13] 0x4bf:0x7 DW_TAG_enumerator
	.long	.Linfo_string151                @ DW_AT_name
	.asciz	"\315"                          @ DW_AT_const_value
	.byte	13                              @ Abbrev [13] 0x4c6:0x7 DW_TAG_enumerator
	.long	.Linfo_string152                @ DW_AT_name
	.asciz	"\316"                          @ DW_AT_const_value
	.byte	13                              @ Abbrev [13] 0x4cd:0x7 DW_TAG_enumerator
	.long	.Linfo_string153                @ DW_AT_name
	.asciz	"\317"                          @ DW_AT_const_value
	.byte	13                              @ Abbrev [13] 0x4d4:0x7 DW_TAG_enumerator
	.long	.Linfo_string154                @ DW_AT_name
	.asciz	"\320"                          @ DW_AT_const_value
	.byte	13                              @ Abbrev [13] 0x4db:0x7 DW_TAG_enumerator
	.long	.Linfo_string155                @ DW_AT_name
	.asciz	"\321"                          @ DW_AT_const_value
	.byte	13                              @ Abbrev [13] 0x4e2:0x7 DW_TAG_enumerator
	.long	.Linfo_string156                @ DW_AT_name
	.asciz	"\322"                          @ DW_AT_const_value
	.byte	13                              @ Abbrev [13] 0x4e9:0x7 DW_TAG_enumerator
	.long	.Linfo_string157                @ DW_AT_name
	.asciz	"\323"                          @ DW_AT_const_value
	.byte	13                              @ Abbrev [13] 0x4f0:0x7 DW_TAG_enumerator
	.long	.Linfo_string158                @ DW_AT_name
	.asciz	"\324"                          @ DW_AT_const_value
	.byte	13                              @ Abbrev [13] 0x4f7:0x7 DW_TAG_enumerator
	.long	.Linfo_string159                @ DW_AT_name
	.asciz	"\325"                          @ DW_AT_const_value
	.byte	13                              @ Abbrev [13] 0x4fe:0x7 DW_TAG_enumerator
	.long	.Linfo_string160                @ DW_AT_name
	.asciz	"\326"                          @ DW_AT_const_value
	.byte	13                              @ Abbrev [13] 0x505:0x7 DW_TAG_enumerator
	.long	.Linfo_string161                @ DW_AT_name
	.asciz	"\327"                          @ DW_AT_const_value
	.byte	13                              @ Abbrev [13] 0x50c:0x7 DW_TAG_enumerator
	.long	.Linfo_string162                @ DW_AT_name
	.asciz	"\330"                          @ DW_AT_const_value
	.byte	13                              @ Abbrev [13] 0x513:0x7 DW_TAG_enumerator
	.long	.Linfo_string163                @ DW_AT_name
	.asciz	"\331"                          @ DW_AT_const_value
	.byte	13                              @ Abbrev [13] 0x51a:0x7 DW_TAG_enumerator
	.long	.Linfo_string164                @ DW_AT_name
	.asciz	"\332"                          @ DW_AT_const_value
	.byte	13                              @ Abbrev [13] 0x521:0x7 DW_TAG_enumerator
	.long	.Linfo_string165                @ DW_AT_name
	.asciz	"\333"                          @ DW_AT_const_value
	.byte	13                              @ Abbrev [13] 0x528:0x7 DW_TAG_enumerator
	.long	.Linfo_string166                @ DW_AT_name
	.asciz	"\334"                          @ DW_AT_const_value
	.byte	13                              @ Abbrev [13] 0x52f:0x7 DW_TAG_enumerator
	.long	.Linfo_string167                @ DW_AT_name
	.asciz	"\335"                          @ DW_AT_const_value
	.byte	13                              @ Abbrev [13] 0x536:0x7 DW_TAG_enumerator
	.long	.Linfo_string168                @ DW_AT_name
	.asciz	"\336"                          @ DW_AT_const_value
	.byte	13                              @ Abbrev [13] 0x53d:0x7 DW_TAG_enumerator
	.long	.Linfo_string169                @ DW_AT_name
	.asciz	"\337"                          @ DW_AT_const_value
	.byte	13                              @ Abbrev [13] 0x544:0x7 DW_TAG_enumerator
	.long	.Linfo_string170                @ DW_AT_name
	.asciz	"\340"                          @ DW_AT_const_value
	.byte	13                              @ Abbrev [13] 0x54b:0x7 DW_TAG_enumerator
	.long	.Linfo_string171                @ DW_AT_name
	.asciz	"\341"                          @ DW_AT_const_value
	.byte	13                              @ Abbrev [13] 0x552:0x7 DW_TAG_enumerator
	.long	.Linfo_string172                @ DW_AT_name
	.asciz	"\342"                          @ DW_AT_const_value
	.byte	13                              @ Abbrev [13] 0x559:0x7 DW_TAG_enumerator
	.long	.Linfo_string173                @ DW_AT_name
	.asciz	"\343"                          @ DW_AT_const_value
	.byte	13                              @ Abbrev [13] 0x560:0x7 DW_TAG_enumerator
	.long	.Linfo_string174                @ DW_AT_name
	.asciz	"\344"                          @ DW_AT_const_value
	.byte	13                              @ Abbrev [13] 0x567:0x7 DW_TAG_enumerator
	.long	.Linfo_string175                @ DW_AT_name
	.asciz	"\345"                          @ DW_AT_const_value
	.byte	13                              @ Abbrev [13] 0x56e:0x7 DW_TAG_enumerator
	.long	.Linfo_string176                @ DW_AT_name
	.asciz	"\346"                          @ DW_AT_const_value
	.byte	13                              @ Abbrev [13] 0x575:0x7 DW_TAG_enumerator
	.long	.Linfo_string177                @ DW_AT_name
	.asciz	"\347"                          @ DW_AT_const_value
	.byte	13                              @ Abbrev [13] 0x57c:0x7 DW_TAG_enumerator
	.long	.Linfo_string178                @ DW_AT_name
	.asciz	"\350"                          @ DW_AT_const_value
	.byte	13                              @ Abbrev [13] 0x583:0x7 DW_TAG_enumerator
	.long	.Linfo_string179                @ DW_AT_name
	.asciz	"\351"                          @ DW_AT_const_value
	.byte	13                              @ Abbrev [13] 0x58a:0x7 DW_TAG_enumerator
	.long	.Linfo_string180                @ DW_AT_name
	.asciz	"\352"                          @ DW_AT_const_value
	.byte	13                              @ Abbrev [13] 0x591:0x7 DW_TAG_enumerator
	.long	.Linfo_string181                @ DW_AT_name
	.asciz	"\353"                          @ DW_AT_const_value
	.byte	13                              @ Abbrev [13] 0x598:0x7 DW_TAG_enumerator
	.long	.Linfo_string182                @ DW_AT_name
	.asciz	"\354"                          @ DW_AT_const_value
	.byte	13                              @ Abbrev [13] 0x59f:0x7 DW_TAG_enumerator
	.long	.Linfo_string183                @ DW_AT_name
	.asciz	"\355"                          @ DW_AT_const_value
	.byte	13                              @ Abbrev [13] 0x5a6:0x7 DW_TAG_enumerator
	.long	.Linfo_string184                @ DW_AT_name
	.asciz	"\356"                          @ DW_AT_const_value
	.byte	13                              @ Abbrev [13] 0x5ad:0x7 DW_TAG_enumerator
	.long	.Linfo_string185                @ DW_AT_name
	.asciz	"\357"                          @ DW_AT_const_value
	.byte	13                              @ Abbrev [13] 0x5b4:0x7 DW_TAG_enumerator
	.long	.Linfo_string186                @ DW_AT_name
	.asciz	"\360"                          @ DW_AT_const_value
	.byte	13                              @ Abbrev [13] 0x5bb:0x7 DW_TAG_enumerator
	.long	.Linfo_string187                @ DW_AT_name
	.asciz	"\361"                          @ DW_AT_const_value
	.byte	13                              @ Abbrev [13] 0x5c2:0x7 DW_TAG_enumerator
	.long	.Linfo_string188                @ DW_AT_name
	.asciz	"\362"                          @ DW_AT_const_value
	.byte	13                              @ Abbrev [13] 0x5c9:0x7 DW_TAG_enumerator
	.long	.Linfo_string189                @ DW_AT_name
	.asciz	"\363"                          @ DW_AT_const_value
	.byte	13                              @ Abbrev [13] 0x5d0:0x7 DW_TAG_enumerator
	.long	.Linfo_string190                @ DW_AT_name
	.asciz	"\364"                          @ DW_AT_const_value
	.byte	13                              @ Abbrev [13] 0x5d7:0x7 DW_TAG_enumerator
	.long	.Linfo_string191                @ DW_AT_name
	.asciz	"\365"                          @ DW_AT_const_value
	.byte	13                              @ Abbrev [13] 0x5de:0x7 DW_TAG_enumerator
	.long	.Linfo_string192                @ DW_AT_name
	.asciz	"\366"                          @ DW_AT_const_value
	.byte	13                              @ Abbrev [13] 0x5e5:0x7 DW_TAG_enumerator
	.long	.Linfo_string193                @ DW_AT_name
	.asciz	"\367"                          @ DW_AT_const_value
	.byte	13                              @ Abbrev [13] 0x5ec:0x7 DW_TAG_enumerator
	.long	.Linfo_string194                @ DW_AT_name
	.asciz	"\370"                          @ DW_AT_const_value
	.byte	13                              @ Abbrev [13] 0x5f3:0x7 DW_TAG_enumerator
	.long	.Linfo_string195                @ DW_AT_name
	.asciz	"\371"                          @ DW_AT_const_value
	.byte	13                              @ Abbrev [13] 0x5fa:0x7 DW_TAG_enumerator
	.long	.Linfo_string196                @ DW_AT_name
	.asciz	"\372"                          @ DW_AT_const_value
	.byte	13                              @ Abbrev [13] 0x601:0x7 DW_TAG_enumerator
	.long	.Linfo_string197                @ DW_AT_name
	.asciz	"\373"                          @ DW_AT_const_value
	.byte	13                              @ Abbrev [13] 0x608:0x7 DW_TAG_enumerator
	.long	.Linfo_string198                @ DW_AT_name
	.asciz	"\374"                          @ DW_AT_const_value
	.byte	13                              @ Abbrev [13] 0x60f:0x7 DW_TAG_enumerator
	.long	.Linfo_string199                @ DW_AT_name
	.asciz	"\375"                          @ DW_AT_const_value
	.byte	13                              @ Abbrev [13] 0x616:0x7 DW_TAG_enumerator
	.long	.Linfo_string200                @ DW_AT_name
	.asciz	"\376"                          @ DW_AT_const_value
	.byte	13                              @ Abbrev [13] 0x61d:0x7 DW_TAG_enumerator
	.long	.Linfo_string201                @ DW_AT_name
	.asciz	"\377"                          @ DW_AT_const_value
	.byte	13                              @ Abbrev [13] 0x624:0x7 DW_TAG_enumerator
	.long	.Linfo_string202                @ DW_AT_name
	.ascii	"\200\001"                      @ DW_AT_const_value
	.byte	13                              @ Abbrev [13] 0x62b:0x7 DW_TAG_enumerator
	.long	.Linfo_string203                @ DW_AT_name
	.ascii	"\201\001"                      @ DW_AT_const_value
	.byte	13                              @ Abbrev [13] 0x632:0x7 DW_TAG_enumerator
	.long	.Linfo_string204                @ DW_AT_name
	.ascii	"\202\001"                      @ DW_AT_const_value
	.byte	13                              @ Abbrev [13] 0x639:0x7 DW_TAG_enumerator
	.long	.Linfo_string205                @ DW_AT_name
	.ascii	"\203\001"                      @ DW_AT_const_value
	.byte	13                              @ Abbrev [13] 0x640:0x7 DW_TAG_enumerator
	.long	.Linfo_string206                @ DW_AT_name
	.ascii	"\204\001"                      @ DW_AT_const_value
	.byte	13                              @ Abbrev [13] 0x647:0x7 DW_TAG_enumerator
	.long	.Linfo_string207                @ DW_AT_name
	.ascii	"\205\001"                      @ DW_AT_const_value
	.byte	13                              @ Abbrev [13] 0x64e:0x7 DW_TAG_enumerator
	.long	.Linfo_string208                @ DW_AT_name
	.ascii	"\206\001"                      @ DW_AT_const_value
	.byte	13                              @ Abbrev [13] 0x655:0x7 DW_TAG_enumerator
	.long	.Linfo_string209                @ DW_AT_name
	.ascii	"\207\001"                      @ DW_AT_const_value
	.byte	13                              @ Abbrev [13] 0x65c:0x7 DW_TAG_enumerator
	.long	.Linfo_string210                @ DW_AT_name
	.ascii	"\210\001"                      @ DW_AT_const_value
	.byte	13                              @ Abbrev [13] 0x663:0x7 DW_TAG_enumerator
	.long	.Linfo_string211                @ DW_AT_name
	.ascii	"\211\001"                      @ DW_AT_const_value
	.byte	13                              @ Abbrev [13] 0x66a:0x7 DW_TAG_enumerator
	.long	.Linfo_string212                @ DW_AT_name
	.ascii	"\212\001"                      @ DW_AT_const_value
	.byte	13                              @ Abbrev [13] 0x671:0x7 DW_TAG_enumerator
	.long	.Linfo_string213                @ DW_AT_name
	.ascii	"\213\001"                      @ DW_AT_const_value
	.byte	13                              @ Abbrev [13] 0x678:0x7 DW_TAG_enumerator
	.long	.Linfo_string214                @ DW_AT_name
	.ascii	"\214\001"                      @ DW_AT_const_value
	.byte	13                              @ Abbrev [13] 0x67f:0x7 DW_TAG_enumerator
	.long	.Linfo_string215                @ DW_AT_name
	.ascii	"\215\001"                      @ DW_AT_const_value
	.byte	13                              @ Abbrev [13] 0x686:0x7 DW_TAG_enumerator
	.long	.Linfo_string216                @ DW_AT_name
	.ascii	"\216\001"                      @ DW_AT_const_value
	.byte	13                              @ Abbrev [13] 0x68d:0x7 DW_TAG_enumerator
	.long	.Linfo_string217                @ DW_AT_name
	.ascii	"\217\001"                      @ DW_AT_const_value
	.byte	13                              @ Abbrev [13] 0x694:0x7 DW_TAG_enumerator
	.long	.Linfo_string218                @ DW_AT_name
	.ascii	"\220\001"                      @ DW_AT_const_value
	.byte	13                              @ Abbrev [13] 0x69b:0x7 DW_TAG_enumerator
	.long	.Linfo_string219                @ DW_AT_name
	.ascii	"\221\001"                      @ DW_AT_const_value
	.byte	13                              @ Abbrev [13] 0x6a2:0x7 DW_TAG_enumerator
	.long	.Linfo_string220                @ DW_AT_name
	.ascii	"\222\001"                      @ DW_AT_const_value
	.byte	13                              @ Abbrev [13] 0x6a9:0x7 DW_TAG_enumerator
	.long	.Linfo_string221                @ DW_AT_name
	.ascii	"\223\001"                      @ DW_AT_const_value
	.byte	13                              @ Abbrev [13] 0x6b0:0x7 DW_TAG_enumerator
	.long	.Linfo_string222                @ DW_AT_name
	.ascii	"\224\001"                      @ DW_AT_const_value
	.byte	13                              @ Abbrev [13] 0x6b7:0x7 DW_TAG_enumerator
	.long	.Linfo_string223                @ DW_AT_name
	.ascii	"\225\001"                      @ DW_AT_const_value
	.byte	13                              @ Abbrev [13] 0x6be:0x7 DW_TAG_enumerator
	.long	.Linfo_string224                @ DW_AT_name
	.ascii	"\226\001"                      @ DW_AT_const_value
	.byte	13                              @ Abbrev [13] 0x6c5:0x7 DW_TAG_enumerator
	.long	.Linfo_string225                @ DW_AT_name
	.ascii	"\227\001"                      @ DW_AT_const_value
	.byte	13                              @ Abbrev [13] 0x6cc:0x7 DW_TAG_enumerator
	.long	.Linfo_string226                @ DW_AT_name
	.ascii	"\230\001"                      @ DW_AT_const_value
	.byte	13                              @ Abbrev [13] 0x6d3:0x7 DW_TAG_enumerator
	.long	.Linfo_string227                @ DW_AT_name
	.ascii	"\231\001"                      @ DW_AT_const_value
	.byte	13                              @ Abbrev [13] 0x6da:0x7 DW_TAG_enumerator
	.long	.Linfo_string228                @ DW_AT_name
	.ascii	"\232\001"                      @ DW_AT_const_value
	.byte	13                              @ Abbrev [13] 0x6e1:0x7 DW_TAG_enumerator
	.long	.Linfo_string229                @ DW_AT_name
	.ascii	"\233\001"                      @ DW_AT_const_value
	.byte	13                              @ Abbrev [13] 0x6e8:0x7 DW_TAG_enumerator
	.long	.Linfo_string230                @ DW_AT_name
	.ascii	"\234\001"                      @ DW_AT_const_value
	.byte	13                              @ Abbrev [13] 0x6ef:0x7 DW_TAG_enumerator
	.long	.Linfo_string231                @ DW_AT_name
	.ascii	"\235\001"                      @ DW_AT_const_value
	.byte	0                               @ End Of Children Mark
	.byte	5                               @ Abbrev [5] 0x6f7:0x7 DW_TAG_base_type
	.long	.Linfo_string63                 @ DW_AT_name
	.byte	5                               @ DW_AT_encoding
	.byte	2                               @ DW_AT_byte_size
	.byte	10                              @ Abbrev [10] 0x6fe:0x25 DW_TAG_enumeration_type
	.long	276                             @ DW_AT_type
	.long	.Linfo_string237                @ DW_AT_name
	.byte	1                               @ DW_AT_byte_size
	.byte	3                               @ DW_AT_decl_file
	.byte	219                             @ DW_AT_decl_line
	.byte	11                              @ Abbrev [11] 0x70a:0x6 DW_TAG_enumerator
	.long	.Linfo_string233                @ DW_AT_name
	.byte	0                               @ DW_AT_const_value
	.byte	11                              @ Abbrev [11] 0x710:0x6 DW_TAG_enumerator
	.long	.Linfo_string234                @ DW_AT_name
	.byte	1                               @ DW_AT_const_value
	.byte	11                              @ Abbrev [11] 0x716:0x6 DW_TAG_enumerator
	.long	.Linfo_string235                @ DW_AT_name
	.byte	2                               @ DW_AT_const_value
	.byte	11                              @ Abbrev [11] 0x71c:0x6 DW_TAG_enumerator
	.long	.Linfo_string236                @ DW_AT_name
	.byte	4                               @ DW_AT_const_value
	.byte	0                               @ End Of Children Mark
	.byte	14                              @ Abbrev [14] 0x723:0x5 DW_TAG_pointer_type
	.long	1832                            @ DW_AT_type
	.byte	8                               @ Abbrev [8] 0x728:0xb DW_TAG_typedef
	.long	1843                            @ DW_AT_type
	.long	.Linfo_string251                @ DW_AT_name
	.byte	5                               @ DW_AT_decl_file
	.byte	217                             @ DW_AT_decl_line
	.byte	15                              @ Abbrev [15] 0x733:0x8d DW_TAG_structure_type
	.long	.Linfo_string250                @ DW_AT_name
	.byte	32                              @ DW_AT_byte_size
	.byte	5                               @ DW_AT_decl_file
	.byte	204                             @ DW_AT_decl_line
	.byte	16                              @ Abbrev [16] 0x73b:0xc DW_TAG_member
	.long	.Linfo_string238                @ DW_AT_name
	.long	1984                            @ DW_AT_type
	.byte	5                               @ DW_AT_decl_file
	.byte	206                             @ DW_AT_decl_line
	.byte	0                               @ DW_AT_data_member_location
	.byte	16                              @ Abbrev [16] 0x747:0xc DW_TAG_member
	.long	.Linfo_string239                @ DW_AT_name
	.long	1989                            @ DW_AT_type
	.byte	5                               @ DW_AT_decl_file
	.byte	207                             @ DW_AT_decl_line
	.byte	4                               @ DW_AT_data_member_location
	.byte	16                              @ Abbrev [16] 0x753:0xc DW_TAG_member
	.long	.Linfo_string241                @ DW_AT_name
	.long	1989                            @ DW_AT_type
	.byte	5                               @ DW_AT_decl_file
	.byte	208                             @ DW_AT_decl_line
	.byte	6                               @ DW_AT_data_member_location
	.byte	16                              @ Abbrev [16] 0x75f:0xc DW_TAG_member
	.long	.Linfo_string242                @ DW_AT_name
	.long	1984                            @ DW_AT_type
	.byte	5                               @ DW_AT_decl_file
	.byte	209                             @ DW_AT_decl_line
	.byte	8                               @ DW_AT_data_member_location
	.byte	16                              @ Abbrev [16] 0x76b:0xc DW_TAG_member
	.long	.Linfo_string243                @ DW_AT_name
	.long	1984                            @ DW_AT_type
	.byte	5                               @ DW_AT_decl_file
	.byte	210                             @ DW_AT_decl_line
	.byte	12                              @ DW_AT_data_member_location
	.byte	16                              @ Abbrev [16] 0x777:0xc DW_TAG_member
	.long	.Linfo_string244                @ DW_AT_name
	.long	1984                            @ DW_AT_type
	.byte	5                               @ DW_AT_decl_file
	.byte	211                             @ DW_AT_decl_line
	.byte	16                              @ DW_AT_data_member_location
	.byte	16                              @ Abbrev [16] 0x783:0xc DW_TAG_member
	.long	.Linfo_string245                @ DW_AT_name
	.long	1989                            @ DW_AT_type
	.byte	5                               @ DW_AT_decl_file
	.byte	212                             @ DW_AT_decl_line
	.byte	20                              @ DW_AT_data_member_location
	.byte	16                              @ Abbrev [16] 0x78f:0xc DW_TAG_member
	.long	.Linfo_string246                @ DW_AT_name
	.long	1989                            @ DW_AT_type
	.byte	5                               @ DW_AT_decl_file
	.byte	213                             @ DW_AT_decl_line
	.byte	22                              @ DW_AT_data_member_location
	.byte	16                              @ Abbrev [16] 0x79b:0xc DW_TAG_member
	.long	.Linfo_string247                @ DW_AT_name
	.long	1984                            @ DW_AT_type
	.byte	5                               @ DW_AT_decl_file
	.byte	214                             @ DW_AT_decl_line
	.byte	24                              @ DW_AT_data_member_location
	.byte	16                              @ Abbrev [16] 0x7a7:0xc DW_TAG_member
	.long	.Linfo_string248                @ DW_AT_name
	.long	1989                            @ DW_AT_type
	.byte	5                               @ DW_AT_decl_file
	.byte	215                             @ DW_AT_decl_line
	.byte	28                              @ DW_AT_data_member_location
	.byte	16                              @ Abbrev [16] 0x7b3:0xc DW_TAG_member
	.long	.Linfo_string249                @ DW_AT_name
	.long	1989                            @ DW_AT_type
	.byte	5                               @ DW_AT_decl_file
	.byte	216                             @ DW_AT_decl_line
	.byte	30                              @ DW_AT_data_member_location
	.byte	0                               @ End Of Children Mark
	.byte	17                              @ Abbrev [17] 0x7c0:0x5 DW_TAG_volatile_type
	.long	207                             @ DW_AT_type
	.byte	17                              @ Abbrev [17] 0x7c5:0x5 DW_TAG_volatile_type
	.long	1994                            @ DW_AT_type
	.byte	8                               @ Abbrev [8] 0x7ca:0xb DW_TAG_typedef
	.long	425                             @ DW_AT_type
	.long	.Linfo_string240                @ DW_AT_name
	.byte	2                               @ DW_AT_decl_file
	.byte	63                              @ DW_AT_decl_line
	.byte	14                              @ Abbrev [14] 0x7d5:0x5 DW_TAG_pointer_type
	.long	207                             @ DW_AT_type
	.byte	8                               @ Abbrev [8] 0x7da:0xb DW_TAG_typedef
	.long	1783                            @ DW_AT_type
	.long	.Linfo_string252                @ DW_AT_name
	.byte	2                               @ DW_AT_decl_file
	.byte	57                              @ DW_AT_decl_line
	.byte	8                               @ Abbrev [8] 0x7e5:0xb DW_TAG_typedef
	.long	276                             @ DW_AT_type
	.long	.Linfo_string253                @ DW_AT_name
	.byte	2                               @ DW_AT_decl_file
	.byte	62                              @ DW_AT_decl_line
	.byte	8                               @ Abbrev [8] 0x7f0:0xb DW_TAG_typedef
	.long	2043                            @ DW_AT_type
	.long	.Linfo_string255                @ DW_AT_name
	.byte	2                               @ DW_AT_decl_file
	.byte	58                              @ DW_AT_decl_line
	.byte	5                               @ Abbrev [5] 0x7fb:0x7 DW_TAG_base_type
	.long	.Linfo_string254                @ DW_AT_name
	.byte	5                               @ DW_AT_encoding
	.byte	4                               @ DW_AT_byte_size
	.byte	14                              @ Abbrev [14] 0x802:0x5 DW_TAG_pointer_type
	.long	2055                            @ DW_AT_type
	.byte	18                              @ Abbrev [18] 0x807:0xc DW_TAG_typedef
	.long	2067                            @ DW_AT_type
	.long	.Linfo_string269                @ DW_AT_name
	.byte	7                               @ DW_AT_decl_file
	.short	436                             @ DW_AT_decl_line
	.byte	19                              @ Abbrev [19] 0x813:0xb9 DW_TAG_structure_type
	.short	3588                            @ DW_AT_byte_size
	.byte	7                               @ DW_AT_decl_file
	.short	421                             @ DW_AT_decl_line
	.byte	20                              @ Abbrev [20] 0x819:0xd DW_TAG_member
	.long	.Linfo_string256                @ DW_AT_name
	.long	2252                            @ DW_AT_type
	.byte	7                               @ DW_AT_decl_file
	.short	423                             @ DW_AT_decl_line
	.byte	0                               @ DW_AT_data_member_location
	.byte	20                              @ Abbrev [20] 0x826:0xd DW_TAG_member
	.long	.Linfo_string257                @ DW_AT_name
	.long	2264                            @ DW_AT_type
	.byte	7                               @ DW_AT_decl_file
	.short	424                             @ DW_AT_decl_line
	.byte	32                              @ DW_AT_data_member_location
	.byte	20                              @ Abbrev [20] 0x833:0xd DW_TAG_member
	.long	.Linfo_string258                @ DW_AT_name
	.long	2252                            @ DW_AT_type
	.byte	7                               @ DW_AT_decl_file
	.short	425                             @ DW_AT_decl_line
	.byte	128                             @ DW_AT_data_member_location
	.byte	20                              @ Abbrev [20] 0x840:0xd DW_TAG_member
	.long	.Linfo_string259                @ DW_AT_name
	.long	2264                            @ DW_AT_type
	.byte	7                               @ DW_AT_decl_file
	.short	426                             @ DW_AT_decl_line
	.byte	160                             @ DW_AT_data_member_location
	.byte	21                              @ Abbrev [21] 0x84d:0xe DW_TAG_member
	.long	.Linfo_string260                @ DW_AT_name
	.long	2252                            @ DW_AT_type
	.byte	7                               @ DW_AT_decl_file
	.short	427                             @ DW_AT_decl_line
	.short	256                             @ DW_AT_data_member_location
	.byte	21                              @ Abbrev [21] 0x85b:0xe DW_TAG_member
	.long	.Linfo_string261                @ DW_AT_name
	.long	2264                            @ DW_AT_type
	.byte	7                               @ DW_AT_decl_file
	.short	428                             @ DW_AT_decl_line
	.short	288                             @ DW_AT_data_member_location
	.byte	21                              @ Abbrev [21] 0x869:0xe DW_TAG_member
	.long	.Linfo_string262                @ DW_AT_name
	.long	2252                            @ DW_AT_type
	.byte	7                               @ DW_AT_decl_file
	.short	429                             @ DW_AT_decl_line
	.short	384                             @ DW_AT_data_member_location
	.byte	21                              @ Abbrev [21] 0x877:0xe DW_TAG_member
	.long	.Linfo_string263                @ DW_AT_name
	.long	2264                            @ DW_AT_type
	.byte	7                               @ DW_AT_decl_file
	.short	430                             @ DW_AT_decl_line
	.short	416                             @ DW_AT_data_member_location
	.byte	21                              @ Abbrev [21] 0x885:0xe DW_TAG_member
	.long	.Linfo_string264                @ DW_AT_name
	.long	2252                            @ DW_AT_type
	.byte	7                               @ DW_AT_decl_file
	.short	431                             @ DW_AT_decl_line
	.short	512                             @ DW_AT_data_member_location
	.byte	21                              @ Abbrev [21] 0x893:0xe DW_TAG_member
	.long	.Linfo_string265                @ DW_AT_name
	.long	2276                            @ DW_AT_type
	.byte	7                               @ DW_AT_decl_file
	.short	432                             @ DW_AT_decl_line
	.short	544                             @ DW_AT_data_member_location
	.byte	21                              @ Abbrev [21] 0x8a1:0xe DW_TAG_member
	.long	.Linfo_string266                @ DW_AT_name
	.long	2288                            @ DW_AT_type
	.byte	7                               @ DW_AT_decl_file
	.short	433                             @ DW_AT_decl_line
	.short	768                             @ DW_AT_data_member_location
	.byte	21                              @ Abbrev [21] 0x8af:0xe DW_TAG_member
	.long	.Linfo_string267                @ DW_AT_name
	.long	2305                            @ DW_AT_type
	.byte	7                               @ DW_AT_decl_file
	.short	434                             @ DW_AT_decl_line
	.short	1008                            @ DW_AT_data_member_location
	.byte	21                              @ Abbrev [21] 0x8bd:0xe DW_TAG_member
	.long	.Linfo_string268                @ DW_AT_name
	.long	1984                            @ DW_AT_type
	.byte	7                               @ DW_AT_decl_file
	.short	435                             @ DW_AT_decl_line
	.short	3584                            @ DW_AT_data_member_location
	.byte	0                               @ End Of Children Mark
	.byte	3                               @ Abbrev [3] 0x8cc:0xc DW_TAG_array_type
	.long	1984                            @ DW_AT_type
	.byte	4                               @ Abbrev [4] 0x8d1:0x6 DW_TAG_subrange_type
	.long	70                              @ DW_AT_type
	.byte	8                               @ DW_AT_count
	.byte	0                               @ End Of Children Mark
	.byte	3                               @ Abbrev [3] 0x8d8:0xc DW_TAG_array_type
	.long	207                             @ DW_AT_type
	.byte	4                               @ Abbrev [4] 0x8dd:0x6 DW_TAG_subrange_type
	.long	70                              @ DW_AT_type
	.byte	24                              @ DW_AT_count
	.byte	0                               @ End Of Children Mark
	.byte	3                               @ Abbrev [3] 0x8e4:0xc DW_TAG_array_type
	.long	207                             @ DW_AT_type
	.byte	4                               @ Abbrev [4] 0x8e9:0x6 DW_TAG_subrange_type
	.long	70                              @ DW_AT_type
	.byte	56                              @ DW_AT_count
	.byte	0                               @ End Of Children Mark
	.byte	3                               @ Abbrev [3] 0x8f0:0xc DW_TAG_array_type
	.long	2300                            @ DW_AT_type
	.byte	4                               @ Abbrev [4] 0x8f5:0x6 DW_TAG_subrange_type
	.long	70                              @ DW_AT_type
	.byte	240                             @ DW_AT_count
	.byte	0                               @ End Of Children Mark
	.byte	17                              @ Abbrev [17] 0x8fc:0x5 DW_TAG_volatile_type
	.long	2021                            @ DW_AT_type
	.byte	3                               @ Abbrev [3] 0x901:0xd DW_TAG_array_type
	.long	207                             @ DW_AT_type
	.byte	22                              @ Abbrev [22] 0x906:0x7 DW_TAG_subrange_type
	.long	70                              @ DW_AT_type
	.short	644                             @ DW_AT_count
	.byte	0                               @ End Of Children Mark
	.byte	14                              @ Abbrev [14] 0x90e:0x5 DW_TAG_pointer_type
	.long	1994                            @ DW_AT_type
	.byte	14                              @ Abbrev [14] 0x913:0x5 DW_TAG_pointer_type
	.long	2328                            @ DW_AT_type
	.byte	8                               @ Abbrev [8] 0x918:0xb DW_TAG_typedef
	.long	2339                            @ DW_AT_type
	.long	.Linfo_string405                @ DW_AT_name
	.byte	8                               @ DW_AT_decl_file
	.byte	30                              @ DW_AT_decl_line
	.byte	15                              @ Abbrev [15] 0x923:0x81 DW_TAG_structure_type
	.long	.Linfo_string404                @ DW_AT_name
	.byte	164                             @ DW_AT_byte_size
	.byte	8                               @ DW_AT_decl_file
	.byte	52                              @ DW_AT_decl_line
	.byte	16                              @ Abbrev [16] 0x92b:0xc DW_TAG_member
	.long	.Linfo_string270                @ DW_AT_name
	.long	2468                            @ DW_AT_type
	.byte	8                               @ DW_AT_decl_file
	.byte	54                              @ DW_AT_decl_line
	.byte	0                               @ DW_AT_data_member_location
	.byte	16                              @ Abbrev [16] 0x937:0xc DW_TAG_member
	.long	.Linfo_string312                @ DW_AT_name
	.long	3105                            @ DW_AT_type
	.byte	8                               @ DW_AT_decl_file
	.byte	55                              @ DW_AT_decl_line
	.byte	4                               @ DW_AT_data_member_location
	.byte	16                              @ Abbrev [16] 0x943:0xc DW_TAG_member
	.long	.Linfo_string314                @ DW_AT_name
	.long	2021                            @ DW_AT_type
	.byte	8                               @ DW_AT_decl_file
	.byte	56                              @ DW_AT_decl_line
	.byte	5                               @ DW_AT_data_member_location
	.byte	16                              @ Abbrev [16] 0x94f:0xc DW_TAG_member
	.long	.Linfo_string315                @ DW_AT_name
	.long	3112                            @ DW_AT_type
	.byte	8                               @ DW_AT_decl_file
	.byte	57                              @ DW_AT_decl_line
	.byte	6                               @ DW_AT_data_member_location
	.byte	16                              @ Abbrev [16] 0x95b:0xc DW_TAG_member
	.long	.Linfo_string316                @ DW_AT_name
	.long	3124                            @ DW_AT_type
	.byte	8                               @ DW_AT_decl_file
	.byte	59                              @ DW_AT_decl_line
	.byte	28                              @ DW_AT_data_member_location
	.byte	16                              @ Abbrev [16] 0x967:0xc DW_TAG_member
	.long	.Linfo_string328                @ DW_AT_name
	.long	3251                            @ DW_AT_type
	.byte	8                               @ DW_AT_decl_file
	.byte	60                              @ DW_AT_decl_line
	.byte	52                              @ DW_AT_data_member_location
	.byte	16                              @ Abbrev [16] 0x973:0xc DW_TAG_member
	.long	.Linfo_string331                @ DW_AT_name
	.long	3250                            @ DW_AT_type
	.byte	8                               @ DW_AT_decl_file
	.byte	61                              @ DW_AT_decl_line
	.byte	56                              @ DW_AT_data_member_location
	.byte	16                              @ Abbrev [16] 0x97f:0xc DW_TAG_member
	.long	.Linfo_string332                @ DW_AT_name
	.long	3300                            @ DW_AT_type
	.byte	8                               @ DW_AT_decl_file
	.byte	62                              @ DW_AT_decl_line
	.byte	60                              @ DW_AT_data_member_location
	.byte	16                              @ Abbrev [16] 0x98b:0xc DW_TAG_member
	.long	.Linfo_string402                @ DW_AT_name
	.long	3300                            @ DW_AT_type
	.byte	8                               @ DW_AT_decl_file
	.byte	63                              @ DW_AT_decl_line
	.byte	64                              @ DW_AT_data_member_location
	.byte	16                              @ Abbrev [16] 0x997:0xc DW_TAG_member
	.long	.Linfo_string403                @ DW_AT_name
	.long	4599                            @ DW_AT_type
	.byte	8                               @ DW_AT_decl_file
	.byte	64                              @ DW_AT_decl_line
	.byte	68                              @ DW_AT_data_member_location
	.byte	0                               @ End Of Children Mark
	.byte	14                              @ Abbrev [14] 0x9a4:0x5 DW_TAG_pointer_type
	.long	2473                            @ DW_AT_type
	.byte	18                              @ Abbrev [18] 0x9a9:0xc DW_TAG_typedef
	.long	2485                            @ DW_AT_type
	.long	.Linfo_string311                @ DW_AT_name
	.byte	6                               @ DW_AT_decl_file
	.short	31470                           @ DW_AT_decl_line
	.byte	19                              @ Abbrev [19] 0x9b5:0x21f DW_TAG_structure_type
	.short	372                             @ DW_AT_byte_size
	.byte	6                               @ DW_AT_decl_file
	.short	31429                           @ DW_AT_decl_line
	.byte	20                              @ Abbrev [20] 0x9bb:0xd DW_TAG_member
	.long	.Linfo_string271                @ DW_AT_name
	.long	3028                            @ DW_AT_type
	.byte	6                               @ DW_AT_decl_file
	.short	31430                           @ DW_AT_decl_line
	.byte	0                               @ DW_AT_data_member_location
	.byte	20                              @ Abbrev [20] 0x9c8:0xd DW_TAG_member
	.long	.Linfo_string272                @ DW_AT_name
	.long	3028                            @ DW_AT_type
	.byte	6                               @ DW_AT_decl_file
	.short	31431                           @ DW_AT_decl_line
	.byte	4                               @ DW_AT_data_member_location
	.byte	20                              @ Abbrev [20] 0x9d5:0xd DW_TAG_member
	.long	.Linfo_string273                @ DW_AT_name
	.long	3033                            @ DW_AT_type
	.byte	6                               @ DW_AT_decl_file
	.short	31432                           @ DW_AT_decl_line
	.byte	8                               @ DW_AT_data_member_location
	.byte	20                              @ Abbrev [20] 0x9e2:0xd DW_TAG_member
	.long	.Linfo_string274                @ DW_AT_name
	.long	1984                            @ DW_AT_type
	.byte	6                               @ DW_AT_decl_file
	.short	31433                           @ DW_AT_decl_line
	.byte	16                              @ DW_AT_data_member_location
	.byte	20                              @ Abbrev [20] 0x9ef:0xd DW_TAG_member
	.long	.Linfo_string275                @ DW_AT_name
	.long	1984                            @ DW_AT_type
	.byte	6                               @ DW_AT_decl_file
	.short	31434                           @ DW_AT_decl_line
	.byte	20                              @ DW_AT_data_member_location
	.byte	20                              @ Abbrev [20] 0x9fc:0xd DW_TAG_member
	.long	.Linfo_string276                @ DW_AT_name
	.long	1984                            @ DW_AT_type
	.byte	6                               @ DW_AT_decl_file
	.short	31435                           @ DW_AT_decl_line
	.byte	24                              @ DW_AT_data_member_location
	.byte	20                              @ Abbrev [20] 0xa09:0xd DW_TAG_member
	.long	.Linfo_string277                @ DW_AT_name
	.long	1984                            @ DW_AT_type
	.byte	6                               @ DW_AT_decl_file
	.short	31436                           @ DW_AT_decl_line
	.byte	28                              @ DW_AT_data_member_location
	.byte	20                              @ Abbrev [20] 0xa16:0xd DW_TAG_member
	.long	.Linfo_string278                @ DW_AT_name
	.long	1984                            @ DW_AT_type
	.byte	6                               @ DW_AT_decl_file
	.short	31437                           @ DW_AT_decl_line
	.byte	32                              @ DW_AT_data_member_location
	.byte	20                              @ Abbrev [20] 0xa23:0xd DW_TAG_member
	.long	.Linfo_string279                @ DW_AT_name
	.long	1984                            @ DW_AT_type
	.byte	6                               @ DW_AT_decl_file
	.short	31438                           @ DW_AT_decl_line
	.byte	36                              @ DW_AT_data_member_location
	.byte	20                              @ Abbrev [20] 0xa30:0xd DW_TAG_member
	.long	.Linfo_string280                @ DW_AT_name
	.long	1984                            @ DW_AT_type
	.byte	6                               @ DW_AT_decl_file
	.short	31439                           @ DW_AT_decl_line
	.byte	40                              @ DW_AT_data_member_location
	.byte	20                              @ Abbrev [20] 0xa3d:0xd DW_TAG_member
	.long	.Linfo_string281                @ DW_AT_name
	.long	1984                            @ DW_AT_type
	.byte	6                               @ DW_AT_decl_file
	.short	31440                           @ DW_AT_decl_line
	.byte	44                              @ DW_AT_data_member_location
	.byte	20                              @ Abbrev [20] 0xa4a:0xd DW_TAG_member
	.long	.Linfo_string282                @ DW_AT_name
	.long	3045                            @ DW_AT_type
	.byte	6                               @ DW_AT_decl_file
	.short	31441                           @ DW_AT_decl_line
	.byte	48                              @ DW_AT_data_member_location
	.byte	20                              @ Abbrev [20] 0xa57:0xd DW_TAG_member
	.long	.Linfo_string283                @ DW_AT_name
	.long	1984                            @ DW_AT_type
	.byte	6                               @ DW_AT_decl_file
	.short	31442                           @ DW_AT_decl_line
	.byte	64                              @ DW_AT_data_member_location
	.byte	20                              @ Abbrev [20] 0xa64:0xd DW_TAG_member
	.long	.Linfo_string284                @ DW_AT_name
	.long	3057                            @ DW_AT_type
	.byte	6                               @ DW_AT_decl_file
	.short	31443                           @ DW_AT_decl_line
	.byte	68                              @ DW_AT_data_member_location
	.byte	20                              @ Abbrev [20] 0xa71:0xd DW_TAG_member
	.long	.Linfo_string285                @ DW_AT_name
	.long	1984                            @ DW_AT_type
	.byte	6                               @ DW_AT_decl_file
	.short	31444                           @ DW_AT_decl_line
	.byte	72                              @ DW_AT_data_member_location
	.byte	20                              @ Abbrev [20] 0xa7e:0xd DW_TAG_member
	.long	.Linfo_string286                @ DW_AT_name
	.long	3057                            @ DW_AT_type
	.byte	6                               @ DW_AT_decl_file
	.short	31445                           @ DW_AT_decl_line
	.byte	76                              @ DW_AT_data_member_location
	.byte	20                              @ Abbrev [20] 0xa8b:0xd DW_TAG_member
	.long	.Linfo_string287                @ DW_AT_name
	.long	1984                            @ DW_AT_type
	.byte	6                               @ DW_AT_decl_file
	.short	31446                           @ DW_AT_decl_line
	.byte	80                              @ DW_AT_data_member_location
	.byte	20                              @ Abbrev [20] 0xa98:0xd DW_TAG_member
	.long	.Linfo_string288                @ DW_AT_name
	.long	3057                            @ DW_AT_type
	.byte	6                               @ DW_AT_decl_file
	.short	31447                           @ DW_AT_decl_line
	.byte	84                              @ DW_AT_data_member_location
	.byte	20                              @ Abbrev [20] 0xaa5:0xd DW_TAG_member
	.long	.Linfo_string289                @ DW_AT_name
	.long	1984                            @ DW_AT_type
	.byte	6                               @ DW_AT_decl_file
	.short	31448                           @ DW_AT_decl_line
	.byte	88                              @ DW_AT_data_member_location
	.byte	20                              @ Abbrev [20] 0xab2:0xd DW_TAG_member
	.long	.Linfo_string290                @ DW_AT_name
	.long	3028                            @ DW_AT_type
	.byte	6                               @ DW_AT_decl_file
	.short	31449                           @ DW_AT_decl_line
	.byte	92                              @ DW_AT_data_member_location
	.byte	20                              @ Abbrev [20] 0xabf:0xd DW_TAG_member
	.long	.Linfo_string291                @ DW_AT_name
	.long	1984                            @ DW_AT_type
	.byte	6                               @ DW_AT_decl_file
	.short	31450                           @ DW_AT_decl_line
	.byte	96                              @ DW_AT_data_member_location
	.byte	20                              @ Abbrev [20] 0xacc:0xd DW_TAG_member
	.long	.Linfo_string292                @ DW_AT_name
	.long	3069                            @ DW_AT_type
	.byte	6                               @ DW_AT_decl_file
	.short	31451                           @ DW_AT_decl_line
	.byte	100                             @ DW_AT_data_member_location
	.byte	20                              @ Abbrev [20] 0xad9:0xd DW_TAG_member
	.long	.Linfo_string293                @ DW_AT_name
	.long	3028                            @ DW_AT_type
	.byte	6                               @ DW_AT_decl_file
	.short	31452                           @ DW_AT_decl_line
	.byte	112                             @ DW_AT_data_member_location
	.byte	20                              @ Abbrev [20] 0xae6:0xd DW_TAG_member
	.long	.Linfo_string294                @ DW_AT_name
	.long	3081                            @ DW_AT_type
	.byte	6                               @ DW_AT_decl_file
	.short	31453                           @ DW_AT_decl_line
	.byte	116                             @ DW_AT_data_member_location
	.byte	21                              @ Abbrev [21] 0xaf3:0xe DW_TAG_member
	.long	.Linfo_string295                @ DW_AT_name
	.long	1984                            @ DW_AT_type
	.byte	6                               @ DW_AT_decl_file
	.short	31454                           @ DW_AT_decl_line
	.short	272                             @ DW_AT_data_member_location
	.byte	21                              @ Abbrev [21] 0xb01:0xe DW_TAG_member
	.long	.Linfo_string296                @ DW_AT_name
	.long	1984                            @ DW_AT_type
	.byte	6                               @ DW_AT_decl_file
	.short	31455                           @ DW_AT_decl_line
	.short	276                             @ DW_AT_data_member_location
	.byte	21                              @ Abbrev [21] 0xb0f:0xe DW_TAG_member
	.long	.Linfo_string297                @ DW_AT_name
	.long	1984                            @ DW_AT_type
	.byte	6                               @ DW_AT_decl_file
	.short	31456                           @ DW_AT_decl_line
	.short	280                             @ DW_AT_data_member_location
	.byte	21                              @ Abbrev [21] 0xb1d:0xe DW_TAG_member
	.long	.Linfo_string298                @ DW_AT_name
	.long	1984                            @ DW_AT_type
	.byte	6                               @ DW_AT_decl_file
	.short	31457                           @ DW_AT_decl_line
	.short	284                             @ DW_AT_data_member_location
	.byte	21                              @ Abbrev [21] 0xb2b:0xe DW_TAG_member
	.long	.Linfo_string299                @ DW_AT_name
	.long	3057                            @ DW_AT_type
	.byte	6                               @ DW_AT_decl_file
	.short	31458                           @ DW_AT_decl_line
	.short	288                             @ DW_AT_data_member_location
	.byte	21                              @ Abbrev [21] 0xb39:0xe DW_TAG_member
	.long	.Linfo_string300                @ DW_AT_name
	.long	1984                            @ DW_AT_type
	.byte	6                               @ DW_AT_decl_file
	.short	31459                           @ DW_AT_decl_line
	.short	292                             @ DW_AT_data_member_location
	.byte	21                              @ Abbrev [21] 0xb47:0xe DW_TAG_member
	.long	.Linfo_string301                @ DW_AT_name
	.long	1984                            @ DW_AT_type
	.byte	6                               @ DW_AT_decl_file
	.short	31460                           @ DW_AT_decl_line
	.short	296                             @ DW_AT_data_member_location
	.byte	21                              @ Abbrev [21] 0xb55:0xe DW_TAG_member
	.long	.Linfo_string302                @ DW_AT_name
	.long	3093                            @ DW_AT_type
	.byte	6                               @ DW_AT_decl_file
	.short	31461                           @ DW_AT_decl_line
	.short	300                             @ DW_AT_data_member_location
	.byte	21                              @ Abbrev [21] 0xb63:0xe DW_TAG_member
	.long	.Linfo_string303                @ DW_AT_name
	.long	1984                            @ DW_AT_type
	.byte	6                               @ DW_AT_decl_file
	.short	31462                           @ DW_AT_decl_line
	.short	320                             @ DW_AT_data_member_location
	.byte	21                              @ Abbrev [21] 0xb71:0xe DW_TAG_member
	.long	.Linfo_string304                @ DW_AT_name
	.long	3069                            @ DW_AT_type
	.byte	6                               @ DW_AT_decl_file
	.short	31463                           @ DW_AT_decl_line
	.short	324                             @ DW_AT_data_member_location
	.byte	21                              @ Abbrev [21] 0xb7f:0xe DW_TAG_member
	.long	.Linfo_string305                @ DW_AT_name
	.long	3028                            @ DW_AT_type
	.byte	6                               @ DW_AT_decl_file
	.short	31464                           @ DW_AT_decl_line
	.short	336                             @ DW_AT_data_member_location
	.byte	21                              @ Abbrev [21] 0xb8d:0xe DW_TAG_member
	.long	.Linfo_string306                @ DW_AT_name
	.long	1984                            @ DW_AT_type
	.byte	6                               @ DW_AT_decl_file
	.short	31465                           @ DW_AT_decl_line
	.short	340                             @ DW_AT_data_member_location
	.byte	21                              @ Abbrev [21] 0xb9b:0xe DW_TAG_member
	.long	.Linfo_string307                @ DW_AT_name
	.long	3033                            @ DW_AT_type
	.byte	6                               @ DW_AT_decl_file
	.short	31466                           @ DW_AT_decl_line
	.short	344                             @ DW_AT_data_member_location
	.byte	21                              @ Abbrev [21] 0xba9:0xe DW_TAG_member
	.long	.Linfo_string308                @ DW_AT_name
	.long	1984                            @ DW_AT_type
	.byte	6                               @ DW_AT_decl_file
	.short	31467                           @ DW_AT_decl_line
	.short	352                             @ DW_AT_data_member_location
	.byte	21                              @ Abbrev [21] 0xbb7:0xe DW_TAG_member
	.long	.Linfo_string309                @ DW_AT_name
	.long	3069                            @ DW_AT_type
	.byte	6                               @ DW_AT_decl_file
	.short	31468                           @ DW_AT_decl_line
	.short	356                             @ DW_AT_data_member_location
	.byte	21                              @ Abbrev [21] 0xbc5:0xe DW_TAG_member
	.long	.Linfo_string310                @ DW_AT_name
	.long	3028                            @ DW_AT_type
	.byte	6                               @ DW_AT_decl_file
	.short	31469                           @ DW_AT_decl_line
	.short	368                             @ DW_AT_data_member_location
	.byte	0                               @ End Of Children Mark
	.byte	23                              @ Abbrev [23] 0xbd4:0x5 DW_TAG_const_type
	.long	1984                            @ DW_AT_type
	.byte	3                               @ Abbrev [3] 0xbd9:0xc DW_TAG_array_type
	.long	2021                            @ DW_AT_type
	.byte	4                               @ Abbrev [4] 0xbde:0x6 DW_TAG_subrange_type
	.long	70                              @ DW_AT_type
	.byte	8                               @ DW_AT_count
	.byte	0                               @ End Of Children Mark
	.byte	3                               @ Abbrev [3] 0xbe5:0xc DW_TAG_array_type
	.long	2021                            @ DW_AT_type
	.byte	4                               @ Abbrev [4] 0xbea:0x6 DW_TAG_subrange_type
	.long	70                              @ DW_AT_type
	.byte	16                              @ DW_AT_count
	.byte	0                               @ End Of Children Mark
	.byte	3                               @ Abbrev [3] 0xbf1:0xc DW_TAG_array_type
	.long	2021                            @ DW_AT_type
	.byte	4                               @ Abbrev [4] 0xbf6:0x6 DW_TAG_subrange_type
	.long	70                              @ DW_AT_type
	.byte	4                               @ DW_AT_count
	.byte	0                               @ End Of Children Mark
	.byte	3                               @ Abbrev [3] 0xbfd:0xc DW_TAG_array_type
	.long	2021                            @ DW_AT_type
	.byte	4                               @ Abbrev [4] 0xc02:0x6 DW_TAG_subrange_type
	.long	70                              @ DW_AT_type
	.byte	12                              @ DW_AT_count
	.byte	0                               @ End Of Children Mark
	.byte	3                               @ Abbrev [3] 0xc09:0xc DW_TAG_array_type
	.long	2021                            @ DW_AT_type
	.byte	4                               @ Abbrev [4] 0xc0e:0x6 DW_TAG_subrange_type
	.long	70                              @ DW_AT_type
	.byte	156                             @ DW_AT_count
	.byte	0                               @ End Of Children Mark
	.byte	3                               @ Abbrev [3] 0xc15:0xc DW_TAG_array_type
	.long	2021                            @ DW_AT_type
	.byte	4                               @ Abbrev [4] 0xc1a:0x6 DW_TAG_subrange_type
	.long	70                              @ DW_AT_type
	.byte	20                              @ DW_AT_count
	.byte	0                               @ End Of Children Mark
	.byte	5                               @ Abbrev [5] 0xc21:0x7 DW_TAG_base_type
	.long	.Linfo_string313                @ DW_AT_name
	.byte	2                               @ DW_AT_encoding
	.byte	1                               @ DW_AT_byte_size
	.byte	3                               @ Abbrev [3] 0xc28:0xc DW_TAG_array_type
	.long	1994                            @ DW_AT_type
	.byte	4                               @ Abbrev [4] 0xc2d:0x6 DW_TAG_subrange_type
	.long	70                              @ DW_AT_type
	.byte	10                              @ DW_AT_count
	.byte	0                               @ End Of Children Mark
	.byte	8                               @ Abbrev [8] 0xc34:0xb DW_TAG_typedef
	.long	3135                            @ DW_AT_type
	.long	.Linfo_string327                @ DW_AT_name
	.byte	3                               @ DW_AT_decl_file
	.byte	195                             @ DW_AT_decl_line
	.byte	15                              @ Abbrev [15] 0xc3f:0x5d DW_TAG_structure_type
	.long	.Linfo_string326                @ DW_AT_name
	.byte	24                              @ DW_AT_byte_size
	.byte	3                               @ DW_AT_decl_file
	.byte	232                             @ DW_AT_decl_line
	.byte	16                              @ Abbrev [16] 0xc47:0xc DW_TAG_member
	.long	.Linfo_string317                @ DW_AT_name
	.long	207                             @ DW_AT_type
	.byte	3                               @ DW_AT_decl_file
	.byte	234                             @ DW_AT_decl_line
	.byte	0                               @ DW_AT_data_member_location
	.byte	16                              @ Abbrev [16] 0xc53:0xc DW_TAG_member
	.long	.Linfo_string318                @ DW_AT_name
	.long	1994                            @ DW_AT_type
	.byte	3                               @ DW_AT_decl_file
	.byte	236                             @ DW_AT_decl_line
	.byte	4                               @ DW_AT_data_member_location
	.byte	16                              @ Abbrev [16] 0xc5f:0xc DW_TAG_member
	.long	.Linfo_string319                @ DW_AT_name
	.long	3228                            @ DW_AT_type
	.byte	3                               @ DW_AT_decl_file
	.byte	237                             @ DW_AT_decl_line
	.byte	6                               @ DW_AT_data_member_location
	.byte	16                              @ Abbrev [16] 0xc6b:0xc DW_TAG_member
	.long	.Linfo_string321                @ DW_AT_name
	.long	207                             @ DW_AT_type
	.byte	3                               @ DW_AT_decl_file
	.byte	238                             @ DW_AT_decl_line
	.byte	8                               @ DW_AT_data_member_location
	.byte	16                              @ Abbrev [16] 0xc77:0xc DW_TAG_member
	.long	.Linfo_string322                @ DW_AT_name
	.long	3239                            @ DW_AT_type
	.byte	3                               @ DW_AT_decl_file
	.byte	239                             @ DW_AT_decl_line
	.byte	12                              @ DW_AT_data_member_location
	.byte	16                              @ Abbrev [16] 0xc83:0xc DW_TAG_member
	.long	.Linfo_string324                @ DW_AT_name
	.long	3250                            @ DW_AT_type
	.byte	3                               @ DW_AT_decl_file
	.byte	240                             @ DW_AT_decl_line
	.byte	16                              @ DW_AT_data_member_location
	.byte	16                              @ Abbrev [16] 0xc8f:0xc DW_TAG_member
	.long	.Linfo_string325                @ DW_AT_name
	.long	3239                            @ DW_AT_type
	.byte	3                               @ DW_AT_decl_file
	.byte	241                             @ DW_AT_decl_line
	.byte	20                              @ DW_AT_data_member_location
	.byte	0                               @ End Of Children Mark
	.byte	8                               @ Abbrev [8] 0xc9c:0xb DW_TAG_typedef
	.long	251                             @ DW_AT_type
	.long	.Linfo_string320                @ DW_AT_name
	.byte	3                               @ DW_AT_decl_file
	.byte	108                             @ DW_AT_decl_line
	.byte	8                               @ Abbrev [8] 0xca7:0xb DW_TAG_typedef
	.long	218                             @ DW_AT_type
	.long	.Linfo_string323                @ DW_AT_name
	.byte	9                               @ DW_AT_decl_file
	.byte	53                              @ DW_AT_decl_line
	.byte	24                              @ Abbrev [24] 0xcb2:0x1 DW_TAG_pointer_type
	.byte	8                               @ Abbrev [8] 0xcb3:0xb DW_TAG_typedef
	.long	3262                            @ DW_AT_type
	.long	.Linfo_string330                @ DW_AT_name
	.byte	8                               @ DW_AT_decl_file
	.byte	43                              @ DW_AT_decl_line
	.byte	14                              @ Abbrev [14] 0xcbe:0x5 DW_TAG_pointer_type
	.long	3267                            @ DW_AT_type
	.byte	25                              @ Abbrev [25] 0xcc3:0x16 DW_TAG_subroutine_type
                                        @ DW_AT_prototyped
	.byte	26                              @ Abbrev [26] 0xcc4:0x5 DW_TAG_formal_parameter
	.long	2468                            @ DW_AT_type
	.byte	26                              @ Abbrev [26] 0xcc9:0x5 DW_TAG_formal_parameter
	.long	2323                            @ DW_AT_type
	.byte	26                              @ Abbrev [26] 0xcce:0x5 DW_TAG_formal_parameter
	.long	3289                            @ DW_AT_type
	.byte	26                              @ Abbrev [26] 0xcd3:0x5 DW_TAG_formal_parameter
	.long	3250                            @ DW_AT_type
	.byte	0                               @ End Of Children Mark
	.byte	8                               @ Abbrev [8] 0xcd9:0xb DW_TAG_typedef
	.long	2032                            @ DW_AT_type
	.long	.Linfo_string329                @ DW_AT_name
	.byte	4                               @ DW_AT_decl_file
	.byte	219                             @ DW_AT_decl_line
	.byte	14                              @ Abbrev [14] 0xce4:0x5 DW_TAG_pointer_type
	.long	3305                            @ DW_AT_type
	.byte	18                              @ Abbrev [18] 0xce9:0xc DW_TAG_typedef
	.long	3317                            @ DW_AT_type
	.long	.Linfo_string401                @ DW_AT_name
	.byte	5                               @ DW_AT_decl_file
	.short	256                             @ DW_AT_decl_line
	.byte	15                              @ Abbrev [15] 0xcf5:0x81 DW_TAG_structure_type
	.long	.Linfo_string400                @ DW_AT_name
	.byte	24                              @ DW_AT_byte_size
	.byte	5                               @ DW_AT_decl_file
	.byte	243                             @ DW_AT_decl_line
	.byte	16                              @ Abbrev [16] 0xcfd:0xc DW_TAG_member
	.long	.Linfo_string333                @ DW_AT_name
	.long	3446                            @ DW_AT_type
	.byte	5                               @ DW_AT_decl_file
	.byte	245                             @ DW_AT_decl_line
	.byte	0                               @ DW_AT_data_member_location
	.byte	16                              @ Abbrev [16] 0xd09:0xc DW_TAG_member
	.long	.Linfo_string331                @ DW_AT_name
	.long	3250                            @ DW_AT_type
	.byte	5                               @ DW_AT_decl_file
	.byte	246                             @ DW_AT_decl_line
	.byte	4                               @ DW_AT_data_member_location
	.byte	16                              @ Abbrev [16] 0xd15:0xc DW_TAG_member
	.long	.Linfo_string270                @ DW_AT_name
	.long	3489                            @ DW_AT_type
	.byte	5                               @ DW_AT_decl_file
	.byte	247                             @ DW_AT_decl_line
	.byte	8                               @ DW_AT_data_member_location
	.byte	16                              @ Abbrev [16] 0xd21:0xc DW_TAG_member
	.long	.Linfo_string392                @ DW_AT_name
	.long	1827                            @ DW_AT_type
	.byte	5                               @ DW_AT_decl_file
	.byte	248                             @ DW_AT_decl_line
	.byte	12                              @ DW_AT_data_member_location
	.byte	16                              @ Abbrev [16] 0xd2d:0xc DW_TAG_member
	.long	.Linfo_string393                @ DW_AT_name
	.long	2021                            @ DW_AT_type
	.byte	5                               @ DW_AT_decl_file
	.byte	249                             @ DW_AT_decl_line
	.byte	16                              @ DW_AT_data_member_location
	.byte	16                              @ Abbrev [16] 0xd39:0xc DW_TAG_member
	.long	.Linfo_string394                @ DW_AT_name
	.long	4576                            @ DW_AT_type
	.byte	5                               @ DW_AT_decl_file
	.byte	250                             @ DW_AT_decl_line
	.byte	17                              @ DW_AT_data_member_location
	.byte	16                              @ Abbrev [16] 0xd45:0xc DW_TAG_member
	.long	.Linfo_string397                @ DW_AT_name
	.long	4576                            @ DW_AT_type
	.byte	5                               @ DW_AT_decl_file
	.byte	251                             @ DW_AT_decl_line
	.byte	18                              @ DW_AT_data_member_location
	.byte	16                              @ Abbrev [16] 0xd51:0xc DW_TAG_member
	.long	.Linfo_string398                @ DW_AT_name
	.long	4576                            @ DW_AT_type
	.byte	5                               @ DW_AT_decl_file
	.byte	252                             @ DW_AT_decl_line
	.byte	19                              @ DW_AT_data_member_location
	.byte	16                              @ Abbrev [16] 0xd5d:0xc DW_TAG_member
	.long	.Linfo_string399                @ DW_AT_name
	.long	4576                            @ DW_AT_type
	.byte	5                               @ DW_AT_decl_file
	.byte	254                             @ DW_AT_decl_line
	.byte	20                              @ DW_AT_data_member_location
	.byte	16                              @ Abbrev [16] 0xd69:0xc DW_TAG_member
	.long	.Linfo_string317                @ DW_AT_name
	.long	2021                            @ DW_AT_type
	.byte	5                               @ DW_AT_decl_file
	.byte	255                             @ DW_AT_decl_line
	.byte	21                              @ DW_AT_data_member_location
	.byte	0                               @ End Of Children Mark
	.byte	8                               @ Abbrev [8] 0xd76:0xb DW_TAG_typedef
	.long	3457                            @ DW_AT_type
	.long	.Linfo_string334                @ DW_AT_name
	.byte	5                               @ DW_AT_decl_file
	.byte	240                             @ DW_AT_decl_line
	.byte	14                              @ Abbrev [14] 0xd81:0x5 DW_TAG_pointer_type
	.long	3462                            @ DW_AT_type
	.byte	25                              @ Abbrev [25] 0xd86:0x16 DW_TAG_subroutine_type
                                        @ DW_AT_prototyped
	.byte	26                              @ Abbrev [26] 0xd87:0x5 DW_TAG_formal_parameter
	.long	3484                            @ DW_AT_type
	.byte	26                              @ Abbrev [26] 0xd8c:0x5 DW_TAG_formal_parameter
	.long	3250                            @ DW_AT_type
	.byte	26                              @ Abbrev [26] 0xd91:0x5 DW_TAG_formal_parameter
	.long	3105                            @ DW_AT_type
	.byte	26                              @ Abbrev [26] 0xd96:0x5 DW_TAG_formal_parameter
	.long	207                             @ DW_AT_type
	.byte	0                               @ End Of Children Mark
	.byte	14                              @ Abbrev [14] 0xd9c:0x5 DW_TAG_pointer_type
	.long	3317                            @ DW_AT_type
	.byte	14                              @ Abbrev [14] 0xda1:0x5 DW_TAG_pointer_type
	.long	3494                            @ DW_AT_type
	.byte	18                              @ Abbrev [18] 0xda6:0xc DW_TAG_typedef
	.long	3506                            @ DW_AT_type
	.long	.Linfo_string391                @ DW_AT_name
	.byte	6                               @ DW_AT_decl_file
	.short	16113                           @ DW_AT_decl_line
	.byte	19                              @ Abbrev [19] 0xdb2:0x404 DW_TAG_structure_type
	.short	5120                            @ DW_AT_byte_size
	.byte	6                               @ DW_AT_decl_file
	.short	16033                           @ DW_AT_decl_line
	.byte	20                              @ Abbrev [20] 0xdb8:0xd DW_TAG_member
	.long	.Linfo_string335                @ DW_AT_name
	.long	1984                            @ DW_AT_type
	.byte	6                               @ DW_AT_decl_file
	.short	16034                           @ DW_AT_decl_line
	.byte	0                               @ DW_AT_data_member_location
	.byte	20                              @ Abbrev [20] 0xdc5:0xd DW_TAG_member
	.long	.Linfo_string336                @ DW_AT_name
	.long	3028                            @ DW_AT_type
	.byte	6                               @ DW_AT_decl_file
	.short	16035                           @ DW_AT_decl_line
	.byte	4                               @ DW_AT_data_member_location
	.byte	20                              @ Abbrev [20] 0xdd2:0xd DW_TAG_member
	.long	.Linfo_string273                @ DW_AT_name
	.long	3057                            @ DW_AT_type
	.byte	6                               @ DW_AT_decl_file
	.short	16036                           @ DW_AT_decl_line
	.byte	8                               @ DW_AT_data_member_location
	.byte	20                              @ Abbrev [20] 0xddf:0xd DW_TAG_member
	.long	.Linfo_string337                @ DW_AT_name
	.long	1984                            @ DW_AT_type
	.byte	6                               @ DW_AT_decl_file
	.short	16037                           @ DW_AT_decl_line
	.byte	12                              @ DW_AT_data_member_location
	.byte	20                              @ Abbrev [20] 0xdec:0xd DW_TAG_member
	.long	.Linfo_string282                @ DW_AT_name
	.long	3057                            @ DW_AT_type
	.byte	6                               @ DW_AT_decl_file
	.short	16038                           @ DW_AT_decl_line
	.byte	16                              @ DW_AT_data_member_location
	.byte	20                              @ Abbrev [20] 0xdf9:0xd DW_TAG_member
	.long	.Linfo_string338                @ DW_AT_name
	.long	1984                            @ DW_AT_type
	.byte	6                               @ DW_AT_decl_file
	.short	16039                           @ DW_AT_decl_line
	.byte	20                              @ DW_AT_data_member_location
	.byte	20                              @ Abbrev [20] 0xe06:0xd DW_TAG_member
	.long	.Linfo_string339                @ DW_AT_name
	.long	2300                            @ DW_AT_type
	.byte	6                               @ DW_AT_decl_file
	.short	16040                           @ DW_AT_decl_line
	.byte	24                              @ DW_AT_data_member_location
	.byte	20                              @ Abbrev [20] 0xe13:0xd DW_TAG_member
	.long	.Linfo_string340                @ DW_AT_name
	.long	2300                            @ DW_AT_type
	.byte	6                               @ DW_AT_decl_file
	.short	16041                           @ DW_AT_decl_line
	.byte	25                              @ DW_AT_data_member_location
	.byte	20                              @ Abbrev [20] 0xe20:0xd DW_TAG_member
	.long	.Linfo_string341                @ DW_AT_name
	.long	2300                            @ DW_AT_type
	.byte	6                               @ DW_AT_decl_file
	.short	16042                           @ DW_AT_decl_line
	.byte	26                              @ DW_AT_data_member_location
	.byte	20                              @ Abbrev [20] 0xe2d:0xd DW_TAG_member
	.long	.Linfo_string342                @ DW_AT_name
	.long	2300                            @ DW_AT_type
	.byte	6                               @ DW_AT_decl_file
	.short	16043                           @ DW_AT_decl_line
	.byte	27                              @ DW_AT_data_member_location
	.byte	20                              @ Abbrev [20] 0xe3a:0xd DW_TAG_member
	.long	.Linfo_string343                @ DW_AT_name
	.long	2300                            @ DW_AT_type
	.byte	6                               @ DW_AT_decl_file
	.short	16044                           @ DW_AT_decl_line
	.byte	28                              @ DW_AT_data_member_location
	.byte	20                              @ Abbrev [20] 0xe47:0xd DW_TAG_member
	.long	.Linfo_string344                @ DW_AT_name
	.long	2300                            @ DW_AT_type
	.byte	6                               @ DW_AT_decl_file
	.short	16045                           @ DW_AT_decl_line
	.byte	29                              @ DW_AT_data_member_location
	.byte	20                              @ Abbrev [20] 0xe54:0xd DW_TAG_member
	.long	.Linfo_string345                @ DW_AT_name
	.long	2300                            @ DW_AT_type
	.byte	6                               @ DW_AT_decl_file
	.short	16046                           @ DW_AT_decl_line
	.byte	30                              @ DW_AT_data_member_location
	.byte	20                              @ Abbrev [20] 0xe61:0xd DW_TAG_member
	.long	.Linfo_string346                @ DW_AT_name
	.long	2300                            @ DW_AT_type
	.byte	6                               @ DW_AT_decl_file
	.short	16047                           @ DW_AT_decl_line
	.byte	31                              @ DW_AT_data_member_location
	.byte	20                              @ Abbrev [20] 0xe6e:0xd DW_TAG_member
	.long	.Linfo_string284                @ DW_AT_name
	.long	3057                            @ DW_AT_type
	.byte	6                               @ DW_AT_decl_file
	.short	16048                           @ DW_AT_decl_line
	.byte	32                              @ DW_AT_data_member_location
	.byte	20                              @ Abbrev [20] 0xe7b:0xd DW_TAG_member
	.long	.Linfo_string347                @ DW_AT_name
	.long	1984                            @ DW_AT_type
	.byte	6                               @ DW_AT_decl_file
	.short	16049                           @ DW_AT_decl_line
	.byte	36                              @ DW_AT_data_member_location
	.byte	20                              @ Abbrev [20] 0xe88:0xd DW_TAG_member
	.long	.Linfo_string286                @ DW_AT_name
	.long	3057                            @ DW_AT_type
	.byte	6                               @ DW_AT_decl_file
	.short	16050                           @ DW_AT_decl_line
	.byte	40                              @ DW_AT_data_member_location
	.byte	20                              @ Abbrev [20] 0xe95:0xd DW_TAG_member
	.long	.Linfo_string348                @ DW_AT_name
	.long	1984                            @ DW_AT_type
	.byte	6                               @ DW_AT_decl_file
	.short	16051                           @ DW_AT_decl_line
	.byte	44                              @ DW_AT_data_member_location
	.byte	20                              @ Abbrev [20] 0xea2:0xd DW_TAG_member
	.long	.Linfo_string288                @ DW_AT_name
	.long	3057                            @ DW_AT_type
	.byte	6                               @ DW_AT_decl_file
	.short	16052                           @ DW_AT_decl_line
	.byte	48                              @ DW_AT_data_member_location
	.byte	20                              @ Abbrev [20] 0xeaf:0xd DW_TAG_member
	.long	.Linfo_string349                @ DW_AT_name
	.long	3028                            @ DW_AT_type
	.byte	6                               @ DW_AT_decl_file
	.short	16053                           @ DW_AT_decl_line
	.byte	52                              @ DW_AT_data_member_location
	.byte	20                              @ Abbrev [20] 0xebc:0xd DW_TAG_member
	.long	.Linfo_string292                @ DW_AT_name
	.long	3069                            @ DW_AT_type
	.byte	6                               @ DW_AT_decl_file
	.short	16054                           @ DW_AT_decl_line
	.byte	56                              @ DW_AT_data_member_location
	.byte	20                              @ Abbrev [20] 0xec9:0xd DW_TAG_member
	.long	.Linfo_string350                @ DW_AT_name
	.long	1984                            @ DW_AT_type
	.byte	6                               @ DW_AT_decl_file
	.short	16055                           @ DW_AT_decl_line
	.byte	68                              @ DW_AT_data_member_location
	.byte	20                              @ Abbrev [20] 0xed6:0xd DW_TAG_member
	.long	.Linfo_string294                @ DW_AT_name
	.long	4534                            @ DW_AT_type
	.byte	6                               @ DW_AT_decl_file
	.short	16056                           @ DW_AT_decl_line
	.byte	72                              @ DW_AT_data_member_location
	.byte	21                              @ Abbrev [21] 0xee3:0xe DW_TAG_member
	.long	.Linfo_string351                @ DW_AT_name
	.long	2300                            @ DW_AT_type
	.byte	6                               @ DW_AT_decl_file
	.short	16057                           @ DW_AT_decl_line
	.short	256                             @ DW_AT_data_member_location
	.byte	21                              @ Abbrev [21] 0xef1:0xe DW_TAG_member
	.long	.Linfo_string352                @ DW_AT_name
	.long	2300                            @ DW_AT_type
	.byte	6                               @ DW_AT_decl_file
	.short	16058                           @ DW_AT_decl_line
	.short	257                             @ DW_AT_data_member_location
	.byte	21                              @ Abbrev [21] 0xeff:0xe DW_TAG_member
	.long	.Linfo_string353                @ DW_AT_name
	.long	2300                            @ DW_AT_type
	.byte	6                               @ DW_AT_decl_file
	.short	16059                           @ DW_AT_decl_line
	.short	258                             @ DW_AT_data_member_location
	.byte	21                              @ Abbrev [21] 0xf0d:0xe DW_TAG_member
	.long	.Linfo_string354                @ DW_AT_name
	.long	2300                            @ DW_AT_type
	.byte	6                               @ DW_AT_decl_file
	.short	16060                           @ DW_AT_decl_line
	.short	259                             @ DW_AT_data_member_location
	.byte	21                              @ Abbrev [21] 0xf1b:0xe DW_TAG_member
	.long	.Linfo_string355                @ DW_AT_name
	.long	2300                            @ DW_AT_type
	.byte	6                               @ DW_AT_decl_file
	.short	16061                           @ DW_AT_decl_line
	.short	260                             @ DW_AT_data_member_location
	.byte	21                              @ Abbrev [21] 0xf29:0xe DW_TAG_member
	.long	.Linfo_string356                @ DW_AT_name
	.long	2300                            @ DW_AT_type
	.byte	6                               @ DW_AT_decl_file
	.short	16062                           @ DW_AT_decl_line
	.short	261                             @ DW_AT_data_member_location
	.byte	21                              @ Abbrev [21] 0xf37:0xe DW_TAG_member
	.long	.Linfo_string357                @ DW_AT_name
	.long	2300                            @ DW_AT_type
	.byte	6                               @ DW_AT_decl_file
	.short	16063                           @ DW_AT_decl_line
	.short	262                             @ DW_AT_data_member_location
	.byte	21                              @ Abbrev [21] 0xf45:0xe DW_TAG_member
	.long	.Linfo_string358                @ DW_AT_name
	.long	2300                            @ DW_AT_type
	.byte	6                               @ DW_AT_decl_file
	.short	16064                           @ DW_AT_decl_line
	.short	263                             @ DW_AT_data_member_location
	.byte	21                              @ Abbrev [21] 0xf53:0xe DW_TAG_member
	.long	.Linfo_string359                @ DW_AT_name
	.long	2300                            @ DW_AT_type
	.byte	6                               @ DW_AT_decl_file
	.short	16065                           @ DW_AT_decl_line
	.short	264                             @ DW_AT_data_member_location
	.byte	21                              @ Abbrev [21] 0xf61:0xe DW_TAG_member
	.long	.Linfo_string360                @ DW_AT_name
	.long	2300                            @ DW_AT_type
	.byte	6                               @ DW_AT_decl_file
	.short	16066                           @ DW_AT_decl_line
	.short	265                             @ DW_AT_data_member_location
	.byte	21                              @ Abbrev [21] 0xf6f:0xe DW_TAG_member
	.long	.Linfo_string361                @ DW_AT_name
	.long	2300                            @ DW_AT_type
	.byte	6                               @ DW_AT_decl_file
	.short	16067                           @ DW_AT_decl_line
	.short	266                             @ DW_AT_data_member_location
	.byte	21                              @ Abbrev [21] 0xf7d:0xe DW_TAG_member
	.long	.Linfo_string362                @ DW_AT_name
	.long	2300                            @ DW_AT_type
	.byte	6                               @ DW_AT_decl_file
	.short	16068                           @ DW_AT_decl_line
	.short	267                             @ DW_AT_data_member_location
	.byte	21                              @ Abbrev [21] 0xf8b:0xe DW_TAG_member
	.long	.Linfo_string363                @ DW_AT_name
	.long	2300                            @ DW_AT_type
	.byte	6                               @ DW_AT_decl_file
	.short	16069                           @ DW_AT_decl_line
	.short	268                             @ DW_AT_data_member_location
	.byte	21                              @ Abbrev [21] 0xf99:0xe DW_TAG_member
	.long	.Linfo_string364                @ DW_AT_name
	.long	2300                            @ DW_AT_type
	.byte	6                               @ DW_AT_decl_file
	.short	16070                           @ DW_AT_decl_line
	.short	269                             @ DW_AT_data_member_location
	.byte	21                              @ Abbrev [21] 0xfa7:0xe DW_TAG_member
	.long	.Linfo_string365                @ DW_AT_name
	.long	2300                            @ DW_AT_type
	.byte	6                               @ DW_AT_decl_file
	.short	16071                           @ DW_AT_decl_line
	.short	270                             @ DW_AT_data_member_location
	.byte	21                              @ Abbrev [21] 0xfb5:0xe DW_TAG_member
	.long	.Linfo_string366                @ DW_AT_name
	.long	2300                            @ DW_AT_type
	.byte	6                               @ DW_AT_decl_file
	.short	16072                           @ DW_AT_decl_line
	.short	271                             @ DW_AT_data_member_location
	.byte	21                              @ Abbrev [21] 0xfc3:0xe DW_TAG_member
	.long	.Linfo_string367                @ DW_AT_name
	.long	2300                            @ DW_AT_type
	.byte	6                               @ DW_AT_decl_file
	.short	16073                           @ DW_AT_decl_line
	.short	272                             @ DW_AT_data_member_location
	.byte	21                              @ Abbrev [21] 0xfd1:0xe DW_TAG_member
	.long	.Linfo_string368                @ DW_AT_name
	.long	2300                            @ DW_AT_type
	.byte	6                               @ DW_AT_decl_file
	.short	16074                           @ DW_AT_decl_line
	.short	273                             @ DW_AT_data_member_location
	.byte	21                              @ Abbrev [21] 0xfdf:0xe DW_TAG_member
	.long	.Linfo_string369                @ DW_AT_name
	.long	2300                            @ DW_AT_type
	.byte	6                               @ DW_AT_decl_file
	.short	16075                           @ DW_AT_decl_line
	.short	274                             @ DW_AT_data_member_location
	.byte	21                              @ Abbrev [21] 0xfed:0xe DW_TAG_member
	.long	.Linfo_string370                @ DW_AT_name
	.long	2300                            @ DW_AT_type
	.byte	6                               @ DW_AT_decl_file
	.short	16076                           @ DW_AT_decl_line
	.short	275                             @ DW_AT_data_member_location
	.byte	21                              @ Abbrev [21] 0xffb:0xe DW_TAG_member
	.long	.Linfo_string371                @ DW_AT_name
	.long	2300                            @ DW_AT_type
	.byte	6                               @ DW_AT_decl_file
	.short	16077                           @ DW_AT_decl_line
	.short	276                             @ DW_AT_data_member_location
	.byte	21                              @ Abbrev [21] 0x1009:0xe DW_TAG_member
	.long	.Linfo_string372                @ DW_AT_name
	.long	2300                            @ DW_AT_type
	.byte	6                               @ DW_AT_decl_file
	.short	16078                           @ DW_AT_decl_line
	.short	277                             @ DW_AT_data_member_location
	.byte	21                              @ Abbrev [21] 0x1017:0xe DW_TAG_member
	.long	.Linfo_string373                @ DW_AT_name
	.long	2300                            @ DW_AT_type
	.byte	6                               @ DW_AT_decl_file
	.short	16079                           @ DW_AT_decl_line
	.short	278                             @ DW_AT_data_member_location
	.byte	21                              @ Abbrev [21] 0x1025:0xe DW_TAG_member
	.long	.Linfo_string374                @ DW_AT_name
	.long	2300                            @ DW_AT_type
	.byte	6                               @ DW_AT_decl_file
	.short	16080                           @ DW_AT_decl_line
	.short	279                             @ DW_AT_data_member_location
	.byte	21                              @ Abbrev [21] 0x1033:0xe DW_TAG_member
	.long	.Linfo_string375                @ DW_AT_name
	.long	2300                            @ DW_AT_type
	.byte	6                               @ DW_AT_decl_file
	.short	16081                           @ DW_AT_decl_line
	.short	280                             @ DW_AT_data_member_location
	.byte	21                              @ Abbrev [21] 0x1041:0xe DW_TAG_member
	.long	.Linfo_string376                @ DW_AT_name
	.long	2300                            @ DW_AT_type
	.byte	6                               @ DW_AT_decl_file
	.short	16082                           @ DW_AT_decl_line
	.short	281                             @ DW_AT_data_member_location
	.byte	21                              @ Abbrev [21] 0x104f:0xe DW_TAG_member
	.long	.Linfo_string377                @ DW_AT_name
	.long	2300                            @ DW_AT_type
	.byte	6                               @ DW_AT_decl_file
	.short	16083                           @ DW_AT_decl_line
	.short	282                             @ DW_AT_data_member_location
	.byte	21                              @ Abbrev [21] 0x105d:0xe DW_TAG_member
	.long	.Linfo_string378                @ DW_AT_name
	.long	2300                            @ DW_AT_type
	.byte	6                               @ DW_AT_decl_file
	.short	16084                           @ DW_AT_decl_line
	.short	283                             @ DW_AT_data_member_location
	.byte	21                              @ Abbrev [21] 0x106b:0xe DW_TAG_member
	.long	.Linfo_string379                @ DW_AT_name
	.long	2300                            @ DW_AT_type
	.byte	6                               @ DW_AT_decl_file
	.short	16085                           @ DW_AT_decl_line
	.short	284                             @ DW_AT_data_member_location
	.byte	21                              @ Abbrev [21] 0x1079:0xe DW_TAG_member
	.long	.Linfo_string380                @ DW_AT_name
	.long	2300                            @ DW_AT_type
	.byte	6                               @ DW_AT_decl_file
	.short	16086                           @ DW_AT_decl_line
	.short	285                             @ DW_AT_data_member_location
	.byte	21                              @ Abbrev [21] 0x1087:0xe DW_TAG_member
	.long	.Linfo_string381                @ DW_AT_name
	.long	2300                            @ DW_AT_type
	.byte	6                               @ DW_AT_decl_file
	.short	16087                           @ DW_AT_decl_line
	.short	286                             @ DW_AT_data_member_location
	.byte	21                              @ Abbrev [21] 0x1095:0xe DW_TAG_member
	.long	.Linfo_string382                @ DW_AT_name
	.long	2300                            @ DW_AT_type
	.byte	6                               @ DW_AT_decl_file
	.short	16088                           @ DW_AT_decl_line
	.short	287                             @ DW_AT_data_member_location
	.byte	21                              @ Abbrev [21] 0x10a3:0xe DW_TAG_member
	.long	.Linfo_string299                @ DW_AT_name
	.long	4546                            @ DW_AT_type
	.byte	6                               @ DW_AT_decl_file
	.short	16089                           @ DW_AT_decl_line
	.short	288                             @ DW_AT_data_member_location
	.byte	21                              @ Abbrev [21] 0x10b1:0xe DW_TAG_member
	.long	.Linfo_string383                @ DW_AT_name
	.long	4559                            @ DW_AT_type
	.byte	6                               @ DW_AT_decl_file
	.short	16112                           @ DW_AT_decl_line
	.short	4096                            @ DW_AT_data_member_location
	.byte	27                              @ Abbrev [27] 0x10bf:0xf6 DW_TAG_structure_type
	.byte	32                              @ DW_AT_byte_size
	.byte	6                               @ DW_AT_decl_file
	.short	16090                           @ DW_AT_decl_line
	.byte	20                              @ Abbrev [20] 0x10c4:0xd DW_TAG_member
	.long	.Linfo_string238                @ DW_AT_name
	.long	1984                            @ DW_AT_type
	.byte	6                               @ DW_AT_decl_file
	.short	16091                           @ DW_AT_decl_line
	.byte	0                               @ DW_AT_data_member_location
	.byte	20                              @ Abbrev [20] 0x10d1:0xd DW_TAG_member
	.long	.Linfo_string239                @ DW_AT_name
	.long	1989                            @ DW_AT_type
	.byte	6                               @ DW_AT_decl_file
	.short	16092                           @ DW_AT_decl_line
	.byte	4                               @ DW_AT_data_member_location
	.byte	20                              @ Abbrev [20] 0x10de:0xd DW_TAG_member
	.long	.Linfo_string241                @ DW_AT_name
	.long	1989                            @ DW_AT_type
	.byte	6                               @ DW_AT_decl_file
	.short	16093                           @ DW_AT_decl_line
	.byte	6                               @ DW_AT_data_member_location
	.byte	28                              @ Abbrev [28] 0x10eb:0x9 DW_TAG_member
	.long	4340                            @ DW_AT_type
	.byte	6                               @ DW_AT_decl_file
	.short	16094                           @ DW_AT_decl_line
	.byte	8                               @ DW_AT_data_member_location
	.byte	29                              @ Abbrev [29] 0x10f4:0x2d DW_TAG_union_type
	.byte	4                               @ DW_AT_byte_size
	.byte	6                               @ DW_AT_decl_file
	.short	16094                           @ DW_AT_decl_line
	.byte	20                              @ Abbrev [20] 0x10f9:0xd DW_TAG_member
	.long	.Linfo_string384                @ DW_AT_name
	.long	1984                            @ DW_AT_type
	.byte	6                               @ DW_AT_decl_file
	.short	16095                           @ DW_AT_decl_line
	.byte	0                               @ DW_AT_data_member_location
	.byte	20                              @ Abbrev [20] 0x1106:0xd DW_TAG_member
	.long	.Linfo_string385                @ DW_AT_name
	.long	1984                            @ DW_AT_type
	.byte	6                               @ DW_AT_decl_file
	.short	16096                           @ DW_AT_decl_line
	.byte	0                               @ DW_AT_data_member_location
	.byte	20                              @ Abbrev [20] 0x1113:0xd DW_TAG_member
	.long	.Linfo_string386                @ DW_AT_name
	.long	1984                            @ DW_AT_type
	.byte	6                               @ DW_AT_decl_file
	.short	16097                           @ DW_AT_decl_line
	.byte	0                               @ DW_AT_data_member_location
	.byte	0                               @ End Of Children Mark
	.byte	20                              @ Abbrev [20] 0x1121:0xd DW_TAG_member
	.long	.Linfo_string243                @ DW_AT_name
	.long	4571                            @ DW_AT_type
	.byte	6                               @ DW_AT_decl_file
	.short	16099                           @ DW_AT_decl_line
	.byte	12                              @ DW_AT_data_member_location
	.byte	20                              @ Abbrev [20] 0x112e:0xd DW_TAG_member
	.long	.Linfo_string244                @ DW_AT_name
	.long	1984                            @ DW_AT_type
	.byte	6                               @ DW_AT_decl_file
	.short	16100                           @ DW_AT_decl_line
	.byte	16                              @ DW_AT_data_member_location
	.byte	20                              @ Abbrev [20] 0x113b:0xd DW_TAG_member
	.long	.Linfo_string245                @ DW_AT_name
	.long	1989                            @ DW_AT_type
	.byte	6                               @ DW_AT_decl_file
	.short	16101                           @ DW_AT_decl_line
	.byte	20                              @ DW_AT_data_member_location
	.byte	28                              @ Abbrev [28] 0x1148:0x9 DW_TAG_member
	.long	4433                            @ DW_AT_type
	.byte	6                               @ DW_AT_decl_file
	.short	16102                           @ DW_AT_decl_line
	.byte	22                              @ DW_AT_data_member_location
	.byte	29                              @ Abbrev [29] 0x1151:0x20 DW_TAG_union_type
	.byte	2                               @ DW_AT_byte_size
	.byte	6                               @ DW_AT_decl_file
	.short	16102                           @ DW_AT_decl_line
	.byte	20                              @ Abbrev [20] 0x1156:0xd DW_TAG_member
	.long	.Linfo_string387                @ DW_AT_name
	.long	1989                            @ DW_AT_type
	.byte	6                               @ DW_AT_decl_file
	.short	16103                           @ DW_AT_decl_line
	.byte	0                               @ DW_AT_data_member_location
	.byte	20                              @ Abbrev [20] 0x1163:0xd DW_TAG_member
	.long	.Linfo_string388                @ DW_AT_name
	.long	1989                            @ DW_AT_type
	.byte	6                               @ DW_AT_decl_file
	.short	16104                           @ DW_AT_decl_line
	.byte	0                               @ DW_AT_data_member_location
	.byte	0                               @ End Of Children Mark
	.byte	20                              @ Abbrev [20] 0x1171:0xd DW_TAG_member
	.long	.Linfo_string247                @ DW_AT_name
	.long	4571                            @ DW_AT_type
	.byte	6                               @ DW_AT_decl_file
	.short	16106                           @ DW_AT_decl_line
	.byte	24                              @ DW_AT_data_member_location
	.byte	20                              @ Abbrev [20] 0x117e:0xd DW_TAG_member
	.long	.Linfo_string248                @ DW_AT_name
	.long	1989                            @ DW_AT_type
	.byte	6                               @ DW_AT_decl_file
	.short	16107                           @ DW_AT_decl_line
	.byte	28                              @ DW_AT_data_member_location
	.byte	28                              @ Abbrev [28] 0x118b:0x9 DW_TAG_member
	.long	4500                            @ DW_AT_type
	.byte	6                               @ DW_AT_decl_file
	.short	16108                           @ DW_AT_decl_line
	.byte	30                              @ DW_AT_data_member_location
	.byte	29                              @ Abbrev [29] 0x1194:0x20 DW_TAG_union_type
	.byte	2                               @ DW_AT_byte_size
	.byte	6                               @ DW_AT_decl_file
	.short	16108                           @ DW_AT_decl_line
	.byte	20                              @ Abbrev [20] 0x1199:0xd DW_TAG_member
	.long	.Linfo_string389                @ DW_AT_name
	.long	1989                            @ DW_AT_type
	.byte	6                               @ DW_AT_decl_file
	.short	16109                           @ DW_AT_decl_line
	.byte	0                               @ DW_AT_data_member_location
	.byte	20                              @ Abbrev [20] 0x11a6:0xd DW_TAG_member
	.long	.Linfo_string390                @ DW_AT_name
	.long	1989                            @ DW_AT_type
	.byte	6                               @ DW_AT_decl_file
	.short	16110                           @ DW_AT_decl_line
	.byte	0                               @ DW_AT_data_member_location
	.byte	0                               @ End Of Children Mark
	.byte	0                               @ End Of Children Mark
	.byte	0                               @ End Of Children Mark
	.byte	3                               @ Abbrev [3] 0x11b6:0xc DW_TAG_array_type
	.long	2021                            @ DW_AT_type
	.byte	4                               @ Abbrev [4] 0x11bb:0x6 DW_TAG_subrange_type
	.long	70                              @ DW_AT_type
	.byte	184                             @ DW_AT_count
	.byte	0                               @ End Of Children Mark
	.byte	3                               @ Abbrev [3] 0x11c2:0xd DW_TAG_array_type
	.long	2021                            @ DW_AT_type
	.byte	22                              @ Abbrev [22] 0x11c7:0x7 DW_TAG_subrange_type
	.long	70                              @ DW_AT_type
	.short	3808                            @ DW_AT_count
	.byte	0                               @ End Of Children Mark
	.byte	3                               @ Abbrev [3] 0x11cf:0xc DW_TAG_array_type
	.long	4287                            @ DW_AT_type
	.byte	4                               @ Abbrev [4] 0x11d4:0x6 DW_TAG_subrange_type
	.long	70                              @ DW_AT_type
	.byte	32                              @ DW_AT_count
	.byte	0                               @ End Of Children Mark
	.byte	17                              @ Abbrev [17] 0x11db:0x5 DW_TAG_volatile_type
	.long	2032                            @ DW_AT_type
	.byte	17                              @ Abbrev [17] 0x11e0:0x5 DW_TAG_volatile_type
	.long	4581                            @ DW_AT_type
	.byte	8                               @ Abbrev [8] 0x11e5:0xb DW_TAG_typedef
	.long	4592                            @ DW_AT_type
	.long	.Linfo_string396                @ DW_AT_name
	.byte	2                               @ DW_AT_decl_file
	.byte	56                              @ DW_AT_decl_line
	.byte	5                               @ Abbrev [5] 0x11f0:0x7 DW_TAG_base_type
	.long	.Linfo_string395                @ DW_AT_name
	.byte	6                               @ DW_AT_encoding
	.byte	1                               @ DW_AT_byte_size
	.byte	3                               @ Abbrev [3] 0x11f7:0xc DW_TAG_array_type
	.long	1832                            @ DW_AT_type
	.byte	4                               @ Abbrev [4] 0x11fc:0x6 DW_TAG_subrange_type
	.long	70                              @ DW_AT_type
	.byte	3                               @ DW_AT_count
	.byte	0                               @ End Of Children Mark
	.byte	30                              @ Abbrev [30] 0x1203:0x74 DW_TAG_subprogram
	.long	.Lfunc_begin0                   @ DW_AT_low_pc
	.long	.Lfunc_end0-.Lfunc_begin0       @ DW_AT_high_pc
	.byte	1                               @ DW_AT_frame_base
	.byte	93
	.long	.Linfo_string406                @ DW_AT_name
	.byte	1                               @ DW_AT_decl_file
	.byte	105                             @ DW_AT_decl_line
                                        @ DW_AT_prototyped
                                        @ DW_AT_external
	.byte	31                              @ Abbrev [31] 0x1214:0xe DW_TAG_formal_parameter
	.byte	2                               @ DW_AT_location
	.byte	145
	.byte	20
	.long	.Linfo_string270                @ DW_AT_name
	.byte	1                               @ DW_AT_decl_file
	.byte	105                             @ DW_AT_decl_line
	.long	2468                            @ DW_AT_type
	.byte	31                              @ Abbrev [31] 0x1222:0xe DW_TAG_formal_parameter
	.byte	2                               @ DW_AT_location
	.byte	145
	.byte	16
	.long	.Linfo_string423                @ DW_AT_name
	.byte	1                               @ DW_AT_decl_file
	.byte	106                             @ DW_AT_decl_line
	.long	2323                            @ DW_AT_type
	.byte	31                              @ Abbrev [31] 0x1230:0xe DW_TAG_formal_parameter
	.byte	2                               @ DW_AT_location
	.byte	145
	.byte	12
	.long	.Linfo_string424                @ DW_AT_name
	.byte	1                               @ DW_AT_decl_file
	.byte	107                             @ DW_AT_decl_line
	.long	3300                            @ DW_AT_type
	.byte	31                              @ Abbrev [31] 0x123e:0xe DW_TAG_formal_parameter
	.byte	2                               @ DW_AT_location
	.byte	145
	.byte	8
	.long	.Linfo_string425                @ DW_AT_name
	.byte	1                               @ DW_AT_decl_file
	.byte	108                             @ DW_AT_decl_line
	.long	3300                            @ DW_AT_type
	.byte	31                              @ Abbrev [31] 0x124c:0xe DW_TAG_formal_parameter
	.byte	2                               @ DW_AT_location
	.byte	145
	.byte	32
	.long	.Linfo_string333                @ DW_AT_name
	.byte	1                               @ DW_AT_decl_file
	.byte	109                             @ DW_AT_decl_line
	.long	3251                            @ DW_AT_type
	.byte	31                              @ Abbrev [31] 0x125a:0xe DW_TAG_formal_parameter
	.byte	2                               @ DW_AT_location
	.byte	145
	.byte	36
	.long	.Linfo_string331                @ DW_AT_name
	.byte	1                               @ DW_AT_decl_file
	.byte	110                             @ DW_AT_decl_line
	.long	3250                            @ DW_AT_type
	.byte	32                              @ Abbrev [32] 0x1268:0xe DW_TAG_variable
	.byte	2                               @ DW_AT_location
	.byte	145
	.byte	4
	.long	.Linfo_string426                @ DW_AT_name
	.byte	1                               @ DW_AT_decl_file
	.byte	117                             @ DW_AT_decl_line
	.long	207                             @ DW_AT_type
	.byte	0                               @ End Of Children Mark
	.byte	33                              @ Abbrev [33] 0x1277:0x5e DW_TAG_subprogram
	.long	.Lfunc_begin1                   @ DW_AT_low_pc
	.long	.Lfunc_end1-.Lfunc_begin1       @ DW_AT_high_pc
	.byte	1                               @ DW_AT_frame_base
	.byte	93
	.long	.Linfo_string407                @ DW_AT_name
	.byte	1                               @ DW_AT_decl_file
	.short	548                             @ DW_AT_decl_line
                                        @ DW_AT_prototyped
	.byte	34                              @ Abbrev [34] 0x1289:0xf DW_TAG_formal_parameter
	.byte	2                               @ DW_AT_location
	.byte	145
	.byte	20
	.long	.Linfo_string270                @ DW_AT_name
	.byte	1                               @ DW_AT_decl_file
	.short	548                             @ DW_AT_decl_line
	.long	2468                            @ DW_AT_type
	.byte	34                              @ Abbrev [34] 0x1298:0xf DW_TAG_formal_parameter
	.byte	2                               @ DW_AT_location
	.byte	145
	.byte	16
	.long	.Linfo_string427                @ DW_AT_name
	.byte	1                               @ DW_AT_decl_file
	.short	548                             @ DW_AT_decl_line
	.long	3250                            @ DW_AT_type
	.byte	35                              @ Abbrev [35] 0x12a7:0xf DW_TAG_variable
	.byte	2                               @ DW_AT_location
	.byte	145
	.byte	12
	.long	.Linfo_string423                @ DW_AT_name
	.byte	1                               @ DW_AT_decl_file
	.short	552                             @ DW_AT_decl_line
	.long	2323                            @ DW_AT_type
	.byte	35                              @ Abbrev [35] 0x12b6:0xf DW_TAG_variable
	.byte	2                               @ DW_AT_location
	.byte	145
	.byte	8
	.long	.Linfo_string428                @ DW_AT_name
	.byte	1                               @ DW_AT_decl_file
	.short	553                             @ DW_AT_decl_line
	.long	207                             @ DW_AT_type
	.byte	35                              @ Abbrev [35] 0x12c5:0xf DW_TAG_variable
	.byte	2                               @ DW_AT_location
	.byte	145
	.byte	4
	.long	.Linfo_string429                @ DW_AT_name
	.byte	1                               @ DW_AT_decl_file
	.short	554                             @ DW_AT_decl_line
	.long	3289                            @ DW_AT_type
	.byte	0                               @ End Of Children Mark
	.byte	36                              @ Abbrev [36] 0x12d5:0x35 DW_TAG_subprogram
	.long	.Lfunc_begin2                   @ DW_AT_low_pc
	.long	.Lfunc_end2-.Lfunc_begin2       @ DW_AT_high_pc
	.byte	1                               @ DW_AT_frame_base
	.byte	93
	.long	.Linfo_string408                @ DW_AT_name
	.byte	10                              @ DW_AT_decl_file
	.short	499                             @ DW_AT_decl_line
                                        @ DW_AT_prototyped
	.long	3289                            @ DW_AT_type
	.byte	34                              @ Abbrev [34] 0x12eb:0xf DW_TAG_formal_parameter
	.byte	2                               @ DW_AT_location
	.byte	145
	.byte	6
	.long	.Linfo_string430                @ DW_AT_name
	.byte	10                              @ DW_AT_decl_file
	.short	499                             @ DW_AT_decl_line
	.long	5938                            @ DW_AT_type
	.byte	35                              @ Abbrev [35] 0x12fa:0xf DW_TAG_variable
	.byte	2                               @ DW_AT_location
	.byte	145
	.byte	0
	.long	.Linfo_string428                @ DW_AT_name
	.byte	10                              @ DW_AT_decl_file
	.short	501                             @ DW_AT_decl_line
	.long	3289                            @ DW_AT_type
	.byte	0                               @ End Of Children Mark
	.byte	33                              @ Abbrev [33] 0x130a:0x6d DW_TAG_subprogram
	.long	.Lfunc_begin3                   @ DW_AT_low_pc
	.long	.Lfunc_end3-.Lfunc_begin3       @ DW_AT_high_pc
	.byte	1                               @ DW_AT_frame_base
	.byte	93
	.long	.Linfo_string409                @ DW_AT_name
	.byte	1                               @ DW_AT_decl_file
	.short	520                             @ DW_AT_decl_line
                                        @ DW_AT_prototyped
	.byte	34                              @ Abbrev [34] 0x131c:0xf DW_TAG_formal_parameter
	.byte	2                               @ DW_AT_location
	.byte	145
	.byte	28
	.long	.Linfo_string432                @ DW_AT_name
	.byte	1                               @ DW_AT_decl_file
	.short	520                             @ DW_AT_decl_line
	.long	3300                            @ DW_AT_type
	.byte	34                              @ Abbrev [34] 0x132b:0xf DW_TAG_formal_parameter
	.byte	2                               @ DW_AT_location
	.byte	145
	.byte	24
	.long	.Linfo_string331                @ DW_AT_name
	.byte	1                               @ DW_AT_decl_file
	.short	520                             @ DW_AT_decl_line
	.long	3250                            @ DW_AT_type
	.byte	34                              @ Abbrev [34] 0x133a:0xf DW_TAG_formal_parameter
	.byte	2                               @ DW_AT_location
	.byte	145
	.byte	23
	.long	.Linfo_string433                @ DW_AT_name
	.byte	1                               @ DW_AT_decl_file
	.short	520                             @ DW_AT_decl_line
	.long	3105                            @ DW_AT_type
	.byte	34                              @ Abbrev [34] 0x1349:0xf DW_TAG_formal_parameter
	.byte	2                               @ DW_AT_location
	.byte	145
	.byte	16
	.long	.Linfo_string403                @ DW_AT_name
	.byte	1                               @ DW_AT_decl_file
	.short	520                             @ DW_AT_decl_line
	.long	207                             @ DW_AT_type
	.byte	35                              @ Abbrev [35] 0x1358:0xf DW_TAG_variable
	.byte	2                               @ DW_AT_location
	.byte	145
	.byte	12
	.long	.Linfo_string423                @ DW_AT_name
	.byte	1                               @ DW_AT_decl_file
	.short	522                             @ DW_AT_decl_line
	.long	2323                            @ DW_AT_type
	.byte	35                              @ Abbrev [35] 0x1367:0xf DW_TAG_variable
	.byte	2                               @ DW_AT_location
	.byte	145
	.byte	8
	.long	.Linfo_string429                @ DW_AT_name
	.byte	1                               @ DW_AT_decl_file
	.short	530                             @ DW_AT_decl_line
	.long	3289                            @ DW_AT_type
	.byte	0                               @ End Of Children Mark
	.byte	37                              @ Abbrev [37] 0x1377:0xf8 DW_TAG_subprogram
	.long	.Lfunc_begin4                   @ DW_AT_low_pc
	.long	.Lfunc_end4-.Lfunc_begin4       @ DW_AT_high_pc
	.byte	1                               @ DW_AT_frame_base
	.byte	93
	.long	.Linfo_string410                @ DW_AT_name
	.byte	1                               @ DW_AT_decl_file
	.byte	230                             @ DW_AT_decl_line
                                        @ DW_AT_prototyped
	.long	3289                            @ DW_AT_type
                                        @ DW_AT_external
	.byte	31                              @ Abbrev [31] 0x138c:0xf DW_TAG_formal_parameter
	.byte	3                               @ DW_AT_location
	.byte	145
	.asciz	"\320"
	.long	.Linfo_string270                @ DW_AT_name
	.byte	1                               @ DW_AT_decl_file
	.byte	230                             @ DW_AT_decl_line
	.long	2468                            @ DW_AT_type
	.byte	31                              @ Abbrev [31] 0x139b:0xf DW_TAG_formal_parameter
	.byte	3                               @ DW_AT_location
	.byte	145
	.asciz	"\314"
	.long	.Linfo_string423                @ DW_AT_name
	.byte	1                               @ DW_AT_decl_file
	.byte	231                             @ DW_AT_decl_line
	.long	2323                            @ DW_AT_type
	.byte	31                              @ Abbrev [31] 0x13aa:0xf DW_TAG_formal_parameter
	.byte	3                               @ DW_AT_location
	.byte	145
	.asciz	"\310"
	.long	.Linfo_string316                @ DW_AT_name
	.byte	1                               @ DW_AT_decl_file
	.byte	232                             @ DW_AT_decl_line
	.long	5949                            @ DW_AT_type
	.byte	32                              @ Abbrev [32] 0x13b9:0xf DW_TAG_variable
	.byte	3                               @ DW_AT_location
	.byte	145
	.asciz	"\304"
	.long	.Linfo_string429                @ DW_AT_name
	.byte	1                               @ DW_AT_decl_file
	.byte	234                             @ DW_AT_decl_line
	.long	3289                            @ DW_AT_type
	.byte	35                              @ Abbrev [35] 0x13c8:0x10 DW_TAG_variable
	.byte	3                               @ DW_AT_location
	.byte	145
	.asciz	"\300"
	.long	.Linfo_string434                @ DW_AT_name
	.byte	1                               @ DW_AT_decl_file
	.short	277                             @ DW_AT_decl_line
	.long	207                             @ DW_AT_type
	.byte	35                              @ Abbrev [35] 0x13d8:0xf DW_TAG_variable
	.byte	2                               @ DW_AT_location
	.byte	145
	.byte	60
	.long	.Linfo_string435                @ DW_AT_name
	.byte	1                               @ DW_AT_decl_file
	.short	297                             @ DW_AT_decl_line
	.long	1827                            @ DW_AT_type
	.byte	35                              @ Abbrev [35] 0x13e7:0xf DW_TAG_variable
	.byte	2                               @ DW_AT_location
	.byte	145
	.byte	59
	.long	.Linfo_string436                @ DW_AT_name
	.byte	1                               @ DW_AT_decl_file
	.short	299                             @ DW_AT_decl_line
	.long	3105                            @ DW_AT_type
	.byte	35                              @ Abbrev [35] 0x13f6:0xf DW_TAG_variable
	.byte	2                               @ DW_AT_location
	.byte	145
	.byte	58
	.long	.Linfo_string437                @ DW_AT_name
	.byte	1                               @ DW_AT_decl_file
	.short	300                             @ DW_AT_decl_line
	.long	3105                            @ DW_AT_type
	.byte	35                              @ Abbrev [35] 0x1405:0xf DW_TAG_variable
	.byte	2                               @ DW_AT_location
	.byte	145
	.byte	32
	.long	.Linfo_string438                @ DW_AT_name
	.byte	1                               @ DW_AT_decl_file
	.short	302                             @ DW_AT_decl_line
	.long	5954                            @ DW_AT_type
	.byte	35                              @ Abbrev [35] 0x1414:0xf DW_TAG_variable
	.byte	2                               @ DW_AT_location
	.byte	145
	.byte	28
	.long	.Linfo_string450                @ DW_AT_name
	.byte	1                               @ DW_AT_decl_file
	.short	303                             @ DW_AT_decl_line
	.long	1827                            @ DW_AT_type
	.byte	38                              @ Abbrev [38] 0x1423:0x19 DW_TAG_lexical_block
	.long	.Ltmp64                         @ DW_AT_low_pc
	.long	.Ltmp70-.Ltmp64                 @ DW_AT_high_pc
	.byte	35                              @ Abbrev [35] 0x142c:0xf DW_TAG_variable
	.byte	2                               @ DW_AT_location
	.byte	145
	.byte	24
	.long	.Linfo_string439                @ DW_AT_name
	.byte	1                               @ DW_AT_decl_file
	.short	308                             @ DW_AT_decl_line
	.long	2005                            @ DW_AT_type
	.byte	0                               @ End Of Children Mark
	.byte	38                              @ Abbrev [38] 0x143c:0x32 DW_TAG_lexical_block
	.long	.Ltmp72                         @ DW_AT_low_pc
	.long	.Ltmp78-.Ltmp72                 @ DW_AT_high_pc
	.byte	35                              @ Abbrev [35] 0x1445:0xf DW_TAG_variable
	.byte	2                               @ DW_AT_location
	.byte	145
	.byte	20
	.long	.Linfo_string439                @ DW_AT_name
	.byte	1                               @ DW_AT_decl_file
	.short	338                             @ DW_AT_decl_line
	.long	2005                            @ DW_AT_type
	.byte	38                              @ Abbrev [38] 0x1454:0x19 DW_TAG_lexical_block
	.long	.Ltmp76                         @ DW_AT_low_pc
	.long	.Ltmp77-.Ltmp76                 @ DW_AT_high_pc
	.byte	35                              @ Abbrev [35] 0x145d:0xf DW_TAG_variable
	.byte	2                               @ DW_AT_location
	.byte	145
	.byte	16
	.long	.Linfo_string451                @ DW_AT_name
	.byte	1                               @ DW_AT_decl_file
	.short	377                             @ DW_AT_decl_line
	.long	1827                            @ DW_AT_type
	.byte	0                               @ End Of Children Mark
	.byte	0                               @ End Of Children Mark
	.byte	0                               @ End Of Children Mark
	.byte	33                              @ Abbrev [33] 0x146f:0x31 DW_TAG_subprogram
	.long	.Lfunc_begin5                   @ DW_AT_low_pc
	.long	.Lfunc_end5-.Lfunc_begin5       @ DW_AT_high_pc
	.byte	1                               @ DW_AT_frame_base
	.byte	93
	.long	.Linfo_string411                @ DW_AT_name
	.byte	3                               @ DW_AT_decl_file
	.short	639                             @ DW_AT_decl_line
                                        @ DW_AT_prototyped
	.byte	34                              @ Abbrev [34] 0x1481:0xf DW_TAG_formal_parameter
	.byte	2                               @ DW_AT_location
	.byte	145
	.byte	4
	.long	.Linfo_string270                @ DW_AT_name
	.byte	3                               @ DW_AT_decl_file
	.short	639                             @ DW_AT_decl_line
	.long	2468                            @ DW_AT_type
	.byte	34                              @ Abbrev [34] 0x1490:0xf DW_TAG_formal_parameter
	.byte	2                               @ DW_AT_location
	.byte	145
	.byte	0
	.long	.Linfo_string452                @ DW_AT_name
	.byte	3                               @ DW_AT_decl_file
	.short	639                             @ DW_AT_decl_line
	.long	207                             @ DW_AT_type
	.byte	0                               @ End Of Children Mark
	.byte	33                              @ Abbrev [33] 0x14a0:0x40 DW_TAG_subprogram
	.long	.Lfunc_begin6                   @ DW_AT_low_pc
	.long	.Lfunc_end6-.Lfunc_begin6       @ DW_AT_high_pc
	.byte	1                               @ DW_AT_frame_base
	.byte	93
	.long	.Linfo_string412                @ DW_AT_name
	.byte	3                               @ DW_AT_decl_file
	.short	668                             @ DW_AT_decl_line
                                        @ DW_AT_prototyped
	.byte	34                              @ Abbrev [34] 0x14b2:0xf DW_TAG_formal_parameter
	.byte	2                               @ DW_AT_location
	.byte	145
	.byte	4
	.long	.Linfo_string270                @ DW_AT_name
	.byte	3                               @ DW_AT_decl_file
	.short	668                             @ DW_AT_decl_line
	.long	2468                            @ DW_AT_type
	.byte	34                              @ Abbrev [34] 0x14c1:0xf DW_TAG_formal_parameter
	.byte	2                               @ DW_AT_location
	.byte	145
	.byte	3
	.long	.Linfo_string453                @ DW_AT_name
	.byte	3                               @ DW_AT_decl_file
	.short	668                             @ DW_AT_decl_line
	.long	3105                            @ DW_AT_type
	.byte	34                              @ Abbrev [34] 0x14d0:0xf DW_TAG_formal_parameter
	.byte	2                               @ DW_AT_location
	.byte	145
	.byte	2
	.long	.Linfo_string454                @ DW_AT_name
	.byte	3                               @ DW_AT_decl_file
	.short	668                             @ DW_AT_decl_line
	.long	3105                            @ DW_AT_type
	.byte	0                               @ End Of Children Mark
	.byte	33                              @ Abbrev [33] 0x14e0:0x31 DW_TAG_subprogram
	.long	.Lfunc_begin7                   @ DW_AT_low_pc
	.long	.Lfunc_end7-.Lfunc_begin7       @ DW_AT_high_pc
	.byte	1                               @ DW_AT_frame_base
	.byte	93
	.long	.Linfo_string413                @ DW_AT_name
	.byte	3                               @ DW_AT_decl_file
	.short	604                             @ DW_AT_decl_line
                                        @ DW_AT_prototyped
	.byte	34                              @ Abbrev [34] 0x14f2:0xf DW_TAG_formal_parameter
	.byte	2                               @ DW_AT_location
	.byte	145
	.byte	4
	.long	.Linfo_string270                @ DW_AT_name
	.byte	3                               @ DW_AT_decl_file
	.short	604                             @ DW_AT_decl_line
	.long	2468                            @ DW_AT_type
	.byte	34                              @ Abbrev [34] 0x1501:0xf DW_TAG_formal_parameter
	.byte	2                               @ DW_AT_location
	.byte	145
	.byte	0
	.long	.Linfo_string455                @ DW_AT_name
	.byte	3                               @ DW_AT_decl_file
	.short	604                             @ DW_AT_decl_line
	.long	207                             @ DW_AT_type
	.byte	0                               @ End Of Children Mark
	.byte	39                              @ Abbrev [39] 0x1511:0xae DW_TAG_subprogram
	.long	.Lfunc_begin8                   @ DW_AT_low_pc
	.long	.Lfunc_end8-.Lfunc_begin8       @ DW_AT_high_pc
	.byte	1                               @ DW_AT_frame_base
	.byte	93
	.long	.Linfo_string414                @ DW_AT_name
	.byte	1                               @ DW_AT_decl_file
	.byte	147                             @ DW_AT_decl_line
                                        @ DW_AT_prototyped
	.long	207                             @ DW_AT_type
	.byte	31                              @ Abbrev [31] 0x1526:0xe DW_TAG_formal_parameter
	.byte	2                               @ DW_AT_location
	.byte	145
	.byte	32
	.long	.Linfo_string423                @ DW_AT_name
	.byte	1                               @ DW_AT_decl_file
	.byte	147                             @ DW_AT_decl_line
	.long	2323                            @ DW_AT_type
	.byte	32                              @ Abbrev [32] 0x1534:0xe DW_TAG_variable
	.byte	2                               @ DW_AT_location
	.byte	145
	.byte	28
	.long	.Linfo_string456                @ DW_AT_name
	.byte	1                               @ DW_AT_decl_file
	.byte	149                             @ DW_AT_decl_line
	.long	5949                            @ DW_AT_type
	.byte	32                              @ Abbrev [32] 0x1542:0xe DW_TAG_variable
	.byte	2                               @ DW_AT_location
	.byte	145
	.byte	24
	.long	.Linfo_string457                @ DW_AT_name
	.byte	1                               @ DW_AT_decl_file
	.byte	150                             @ DW_AT_decl_line
	.long	2318                            @ DW_AT_type
	.byte	32                              @ Abbrev [32] 0x1550:0xe DW_TAG_variable
	.byte	2                               @ DW_AT_location
	.byte	145
	.byte	20
	.long	.Linfo_string458                @ DW_AT_name
	.byte	1                               @ DW_AT_decl_file
	.byte	151                             @ DW_AT_decl_line
	.long	207                             @ DW_AT_type
	.byte	38                              @ Abbrev [38] 0x155e:0x60 DW_TAG_lexical_block
	.long	.Ltmp103                        @ DW_AT_low_pc
	.long	.Ltmp120-.Ltmp103               @ DW_AT_high_pc
	.byte	32                              @ Abbrev [32] 0x1567:0xe DW_TAG_variable
	.byte	2                               @ DW_AT_location
	.byte	145
	.byte	19
	.long	.Linfo_string319                @ DW_AT_name
	.byte	1                               @ DW_AT_decl_file
	.byte	168                             @ DW_AT_decl_line
	.long	3228                            @ DW_AT_type
	.byte	38                              @ Abbrev [38] 0x1575:0x30 DW_TAG_lexical_block
	.long	.Ltmp106                        @ DW_AT_low_pc
	.long	.Ltmp109-.Ltmp106               @ DW_AT_high_pc
	.byte	32                              @ Abbrev [32] 0x157e:0xe DW_TAG_variable
	.byte	2                               @ DW_AT_location
	.byte	145
	.byte	12
	.long	.Linfo_string459                @ DW_AT_name
	.byte	1                               @ DW_AT_decl_file
	.byte	177                             @ DW_AT_decl_line
	.long	207                             @ DW_AT_type
	.byte	38                              @ Abbrev [38] 0x158c:0x18 DW_TAG_lexical_block
	.long	.Ltmp107                        @ DW_AT_low_pc
	.long	.Ltmp108-.Ltmp107               @ DW_AT_high_pc
	.byte	32                              @ Abbrev [32] 0x1595:0xe DW_TAG_variable
	.byte	2                               @ DW_AT_location
	.byte	145
	.byte	11
	.long	.Linfo_string460                @ DW_AT_name
	.byte	1                               @ DW_AT_decl_file
	.byte	180                             @ DW_AT_decl_line
	.long	2021                            @ DW_AT_type
	.byte	0                               @ End Of Children Mark
	.byte	0                               @ End Of Children Mark
	.byte	38                              @ Abbrev [38] 0x15a5:0x18 DW_TAG_lexical_block
	.long	.Ltmp111                        @ DW_AT_low_pc
	.long	.Ltmp120-.Ltmp111               @ DW_AT_high_pc
	.byte	32                              @ Abbrev [32] 0x15ae:0xe DW_TAG_variable
	.byte	2                               @ DW_AT_location
	.byte	145
	.byte	4
	.long	.Linfo_string461                @ DW_AT_name
	.byte	1                               @ DW_AT_decl_file
	.byte	197                             @ DW_AT_decl_line
	.long	3239                            @ DW_AT_type
	.byte	0                               @ End Of Children Mark
	.byte	0                               @ End Of Children Mark
	.byte	0                               @ End Of Children Mark
	.byte	36                              @ Abbrev [36] 0x15bf:0x26 DW_TAG_subprogram
	.long	.Lfunc_begin9                   @ DW_AT_low_pc
	.long	.Lfunc_end9-.Lfunc_begin9       @ DW_AT_high_pc
	.byte	1                               @ DW_AT_frame_base
	.byte	93
	.long	.Linfo_string415                @ DW_AT_name
	.byte	3                               @ DW_AT_decl_file
	.short	679                             @ DW_AT_decl_line
                                        @ DW_AT_prototyped
	.long	207                             @ DW_AT_type
	.byte	34                              @ Abbrev [34] 0x15d5:0xf DW_TAG_formal_parameter
	.byte	2                               @ DW_AT_location
	.byte	145
	.byte	0
	.long	.Linfo_string270                @ DW_AT_name
	.byte	3                               @ DW_AT_decl_file
	.short	679                             @ DW_AT_decl_line
	.long	2468                            @ DW_AT_type
	.byte	0                               @ End Of Children Mark
	.byte	36                              @ Abbrev [36] 0x15e5:0x26 DW_TAG_subprogram
	.long	.Lfunc_begin10                  @ DW_AT_low_pc
	.long	.Lfunc_end10-.Lfunc_begin10     @ DW_AT_high_pc
	.byte	1                               @ DW_AT_frame_base
	.byte	93
	.long	.Linfo_string416                @ DW_AT_name
	.byte	3                               @ DW_AT_decl_file
	.short	690                             @ DW_AT_decl_line
                                        @ DW_AT_prototyped
	.long	207                             @ DW_AT_type
	.byte	34                              @ Abbrev [34] 0x15fb:0xf DW_TAG_formal_parameter
	.byte	2                               @ DW_AT_location
	.byte	145
	.byte	0
	.long	.Linfo_string270                @ DW_AT_name
	.byte	3                               @ DW_AT_decl_file
	.short	690                             @ DW_AT_decl_line
	.long	2468                            @ DW_AT_type
	.byte	0                               @ End Of Children Mark
	.byte	33                              @ Abbrev [33] 0x160b:0x31 DW_TAG_subprogram
	.long	.Lfunc_begin11                  @ DW_AT_low_pc
	.long	.Lfunc_end11-.Lfunc_begin11     @ DW_AT_high_pc
	.byte	1                               @ DW_AT_frame_base
	.byte	93
	.long	.Linfo_string417                @ DW_AT_name
	.byte	3                               @ DW_AT_decl_file
	.short	624                             @ DW_AT_decl_line
                                        @ DW_AT_prototyped
	.byte	34                              @ Abbrev [34] 0x161d:0xf DW_TAG_formal_parameter
	.byte	2                               @ DW_AT_location
	.byte	145
	.byte	4
	.long	.Linfo_string270                @ DW_AT_name
	.byte	3                               @ DW_AT_decl_file
	.short	624                             @ DW_AT_decl_line
	.long	2468                            @ DW_AT_type
	.byte	34                              @ Abbrev [34] 0x162c:0xf DW_TAG_formal_parameter
	.byte	2                               @ DW_AT_location
	.byte	145
	.byte	0
	.long	.Linfo_string452                @ DW_AT_name
	.byte	3                               @ DW_AT_decl_file
	.short	624                             @ DW_AT_decl_line
	.long	207                             @ DW_AT_type
	.byte	0                               @ End Of Children Mark
	.byte	40                              @ Abbrev [40] 0x163c:0x53 DW_TAG_subprogram
	.long	.Lfunc_begin12                  @ DW_AT_low_pc
	.long	.Lfunc_end12-.Lfunc_begin12     @ DW_AT_high_pc
	.byte	1                               @ DW_AT_frame_base
	.byte	93
	.long	.Linfo_string418                @ DW_AT_name
	.byte	1                               @ DW_AT_decl_file
	.short	435                             @ DW_AT_decl_line
                                        @ DW_AT_prototyped
	.long	3289                            @ DW_AT_type
                                        @ DW_AT_external
	.byte	34                              @ Abbrev [34] 0x1652:0xf DW_TAG_formal_parameter
	.byte	2                               @ DW_AT_location
	.byte	145
	.byte	24
	.long	.Linfo_string270                @ DW_AT_name
	.byte	1                               @ DW_AT_decl_file
	.short	435                             @ DW_AT_decl_line
	.long	2468                            @ DW_AT_type
	.byte	34                              @ Abbrev [34] 0x1661:0xf DW_TAG_formal_parameter
	.byte	2                               @ DW_AT_location
	.byte	145
	.byte	20
	.long	.Linfo_string423                @ DW_AT_name
	.byte	1                               @ DW_AT_decl_file
	.short	435                             @ DW_AT_decl_line
	.long	2323                            @ DW_AT_type
	.byte	34                              @ Abbrev [34] 0x1670:0xf DW_TAG_formal_parameter
	.byte	2                               @ DW_AT_location
	.byte	145
	.byte	16
	.long	.Linfo_string462                @ DW_AT_name
	.byte	1                               @ DW_AT_decl_file
	.short	435                             @ DW_AT_decl_line
	.long	6081                            @ DW_AT_type
	.byte	35                              @ Abbrev [35] 0x167f:0xf DW_TAG_variable
	.byte	2                               @ DW_AT_location
	.byte	145
	.byte	12
	.long	.Linfo_string463                @ DW_AT_name
	.byte	1                               @ DW_AT_decl_file
	.short	451                             @ DW_AT_decl_line
	.long	207                             @ DW_AT_type
	.byte	0                               @ End Of Children Mark
	.byte	36                              @ Abbrev [36] 0x168f:0x26 DW_TAG_subprogram
	.long	.Lfunc_begin13                  @ DW_AT_low_pc
	.long	.Lfunc_end13-.Lfunc_begin13     @ DW_AT_high_pc
	.byte	1                               @ DW_AT_frame_base
	.byte	93
	.long	.Linfo_string419                @ DW_AT_name
	.byte	5                               @ DW_AT_decl_file
	.short	975                             @ DW_AT_decl_line
                                        @ DW_AT_prototyped
	.long	207                             @ DW_AT_type
	.byte	34                              @ Abbrev [34] 0x16a5:0xf DW_TAG_formal_parameter
	.byte	2                               @ DW_AT_location
	.byte	145
	.byte	0
	.long	.Linfo_string423                @ DW_AT_name
	.byte	5                               @ DW_AT_decl_file
	.short	975                             @ DW_AT_decl_line
	.long	3300                            @ DW_AT_type
	.byte	0                               @ End Of Children Mark
	.byte	40                              @ Abbrev [40] 0x16b5:0x35 DW_TAG_subprogram
	.long	.Lfunc_begin14                  @ DW_AT_low_pc
	.long	.Lfunc_end14-.Lfunc_begin14     @ DW_AT_high_pc
	.byte	1                               @ DW_AT_frame_base
	.byte	93
	.long	.Linfo_string420                @ DW_AT_name
	.byte	1                               @ DW_AT_decl_file
	.short	485                             @ DW_AT_decl_line
                                        @ DW_AT_prototyped
	.long	3289                            @ DW_AT_type
                                        @ DW_AT_external
	.byte	34                              @ Abbrev [34] 0x16cb:0xf DW_TAG_formal_parameter
	.byte	2                               @ DW_AT_location
	.byte	145
	.byte	8
	.long	.Linfo_string270                @ DW_AT_name
	.byte	1                               @ DW_AT_decl_file
	.short	485                             @ DW_AT_decl_line
	.long	2468                            @ DW_AT_type
	.byte	34                              @ Abbrev [34] 0x16da:0xf DW_TAG_formal_parameter
	.byte	2                               @ DW_AT_location
	.byte	145
	.byte	4
	.long	.Linfo_string423                @ DW_AT_name
	.byte	1                               @ DW_AT_decl_file
	.short	485                             @ DW_AT_decl_line
	.long	2323                            @ DW_AT_type
	.byte	0                               @ End Of Children Mark
	.byte	36                              @ Abbrev [36] 0x16ea:0x26 DW_TAG_subprogram
	.long	.Lfunc_begin15                  @ DW_AT_low_pc
	.long	.Lfunc_end15-.Lfunc_begin15     @ DW_AT_high_pc
	.byte	1                               @ DW_AT_frame_base
	.byte	93
	.long	.Linfo_string421                @ DW_AT_name
	.byte	3                               @ DW_AT_decl_file
	.short	579                             @ DW_AT_decl_line
                                        @ DW_AT_prototyped
	.long	207                             @ DW_AT_type
	.byte	34                              @ Abbrev [34] 0x1700:0xf DW_TAG_formal_parameter
	.byte	2                               @ DW_AT_location
	.byte	145
	.byte	0
	.long	.Linfo_string270                @ DW_AT_name
	.byte	3                               @ DW_AT_decl_file
	.short	579                             @ DW_AT_decl_line
	.long	2468                            @ DW_AT_type
	.byte	0                               @ End Of Children Mark
	.byte	33                              @ Abbrev [33] 0x1710:0x22 DW_TAG_subprogram
	.long	.Lfunc_begin16                  @ DW_AT_low_pc
	.long	.Lfunc_end16-.Lfunc_begin16     @ DW_AT_high_pc
	.byte	1                               @ DW_AT_frame_base
	.byte	93
	.long	.Linfo_string422                @ DW_AT_name
	.byte	7                               @ DW_AT_decl_file
	.short	1902                            @ DW_AT_decl_line
                                        @ DW_AT_prototyped
	.byte	34                              @ Abbrev [34] 0x1722:0xf DW_TAG_formal_parameter
	.byte	2                               @ DW_AT_location
	.byte	145
	.byte	2
	.long	.Linfo_string232                @ DW_AT_name
	.byte	7                               @ DW_AT_decl_file
	.short	1902                            @ DW_AT_decl_line
	.long	5938                            @ DW_AT_type
	.byte	0                               @ End Of Children Mark
	.byte	8                               @ Abbrev [8] 0x1732:0xb DW_TAG_typedef
	.long	667                             @ DW_AT_type
	.long	.Linfo_string431                @ DW_AT_name
	.byte	6                               @ DW_AT_decl_file
	.byte	250                             @ DW_AT_decl_line
	.byte	14                              @ Abbrev [14] 0x173d:0x5 DW_TAG_pointer_type
	.long	3124                            @ DW_AT_type
	.byte	8                               @ Abbrev [8] 0x1742:0xb DW_TAG_typedef
	.long	5965                            @ DW_AT_type
	.long	.Linfo_string449                @ DW_AT_name
	.byte	5                               @ DW_AT_decl_file
	.byte	180                             @ DW_AT_decl_line
	.byte	15                              @ Abbrev [15] 0x174d:0x69 DW_TAG_structure_type
	.long	.Linfo_string448                @ DW_AT_name
	.byte	24                              @ DW_AT_byte_size
	.byte	5                               @ DW_AT_decl_file
	.byte	168                             @ DW_AT_decl_line
	.byte	16                              @ Abbrev [16] 0x1755:0xc DW_TAG_member
	.long	.Linfo_string439                @ DW_AT_name
	.long	207                             @ DW_AT_type
	.byte	5                               @ DW_AT_decl_file
	.byte	170                             @ DW_AT_decl_line
	.byte	0                               @ DW_AT_data_member_location
	.byte	16                              @ Abbrev [16] 0x1761:0xc DW_TAG_member
	.long	.Linfo_string440                @ DW_AT_name
	.long	207                             @ DW_AT_type
	.byte	5                               @ DW_AT_decl_file
	.byte	171                             @ DW_AT_decl_line
	.byte	4                               @ DW_AT_data_member_location
	.byte	16                              @ Abbrev [16] 0x176d:0xc DW_TAG_member
	.long	.Linfo_string441                @ DW_AT_name
	.long	6070                            @ DW_AT_type
	.byte	5                               @ DW_AT_decl_file
	.byte	172                             @ DW_AT_decl_line
	.byte	8                               @ DW_AT_data_member_location
	.byte	16                              @ Abbrev [16] 0x1779:0xc DW_TAG_member
	.long	.Linfo_string443                @ DW_AT_name
	.long	6070                            @ DW_AT_type
	.byte	5                               @ DW_AT_decl_file
	.byte	173                             @ DW_AT_decl_line
	.byte	9                               @ DW_AT_data_member_location
	.byte	16                              @ Abbrev [16] 0x1785:0xc DW_TAG_member
	.long	.Linfo_string444                @ DW_AT_name
	.long	2010                            @ DW_AT_type
	.byte	5                               @ DW_AT_decl_file
	.byte	174                             @ DW_AT_decl_line
	.byte	10                              @ DW_AT_data_member_location
	.byte	16                              @ Abbrev [16] 0x1791:0xc DW_TAG_member
	.long	.Linfo_string445                @ DW_AT_name
	.long	2010                            @ DW_AT_type
	.byte	5                               @ DW_AT_decl_file
	.byte	176                             @ DW_AT_decl_line
	.byte	12                              @ DW_AT_data_member_location
	.byte	16                              @ Abbrev [16] 0x179d:0xc DW_TAG_member
	.long	.Linfo_string446                @ DW_AT_name
	.long	207                             @ DW_AT_type
	.byte	5                               @ DW_AT_decl_file
	.byte	178                             @ DW_AT_decl_line
	.byte	16                              @ DW_AT_data_member_location
	.byte	16                              @ Abbrev [16] 0x17a9:0xc DW_TAG_member
	.long	.Linfo_string447                @ DW_AT_name
	.long	207                             @ DW_AT_type
	.byte	5                               @ DW_AT_decl_file
	.byte	179                             @ DW_AT_decl_line
	.byte	20                              @ DW_AT_data_member_location
	.byte	0                               @ End Of Children Mark
	.byte	8                               @ Abbrev [8] 0x17b6:0xb DW_TAG_typedef
	.long	547                             @ DW_AT_type
	.long	.Linfo_string442                @ DW_AT_name
	.byte	5                               @ DW_AT_decl_file
	.byte	41                              @ DW_AT_decl_line
	.byte	14                              @ Abbrev [14] 0x17c1:0x5 DW_TAG_pointer_type
	.long	3239                            @ DW_AT_type
	.byte	0                               @ End Of Children Mark
.Ldebug_info_end0:
	.section	.debug_ranges,"",%progbits
.Ldebug_ranges0:
	.long	.Lfunc_begin0
	.long	.Lfunc_end0
	.long	.Lfunc_begin1
	.long	.Lfunc_end1
	.long	.Lfunc_begin2
	.long	.Lfunc_end2
	.long	.Lfunc_begin3
	.long	.Lfunc_end3
	.long	.Lfunc_begin4
	.long	.Lfunc_end4
	.long	.Lfunc_begin5
	.long	.Lfunc_end5
	.long	.Lfunc_begin6
	.long	.Lfunc_end6
	.long	.Lfunc_begin7
	.long	.Lfunc_end7
	.long	.Lfunc_begin8
	.long	.Lfunc_end8
	.long	.Lfunc_begin9
	.long	.Lfunc_end9
	.long	.Lfunc_begin10
	.long	.Lfunc_end10
	.long	.Lfunc_begin11
	.long	.Lfunc_end11
	.long	.Lfunc_begin12
	.long	.Lfunc_end12
	.long	.Lfunc_begin13
	.long	.Lfunc_end13
	.long	.Lfunc_begin14
	.long	.Lfunc_end14
	.long	.Lfunc_begin15
	.long	.Lfunc_end15
	.long	.Lfunc_begin16
	.long	.Lfunc_end16
	.long	0
	.long	0
	.section	.debug_str,"MS",%progbits,1
.Linfo_string0:
	.asciz	"Component: Arm Compiler for Embedded 6.19 Tool: armclang [5e73cb00]" @ string offset=0
.Linfo_string1:
	.asciz	"../../libraries/sdk/drives\\fsl_lpi2c_edma.c" @ string offset=68
.Linfo_string2:
	.asciz	"E:\\FILE_SMART_CAR\\\346\231\272\350\203\275\350\247\206\350\247\211\\RT1064_Library-master\\RT1064_Library-master\\SeekFree_RT1064_Opensource_Library\\project\\mdk" @ string offset=112
.Linfo_string3:
	.asciz	"char"                          @ string offset=234
.Linfo_string4:
	.asciz	"__ARRAY_SIZE_TYPE__"           @ string offset=239
.Linfo_string5:
	.asciz	"lpi2c_edma_RecSetting"         @ string offset=259
.Linfo_string6:
	.asciz	"unsigned int"                  @ string offset=281
.Linfo_string7:
	.asciz	"uint32_t"                      @ string offset=294
.Linfo_string8:
	.asciz	"unsigned char"                 @ string offset=303
.Linfo_string9:
	.asciz	"kLPI2C_Write"                  @ string offset=317
.Linfo_string10:
	.asciz	"kLPI2C_Read"                   @ string offset=330
.Linfo_string11:
	.asciz	"_lpi2c_direction"              @ string offset=342
.Linfo_string12:
	.asciz	"kStatus_Success"               @ string offset=359
.Linfo_string13:
	.asciz	"kStatus_Fail"                  @ string offset=375
.Linfo_string14:
	.asciz	"kStatus_ReadOnly"              @ string offset=388
.Linfo_string15:
	.asciz	"kStatus_OutOfRange"            @ string offset=405
.Linfo_string16:
	.asciz	"kStatus_InvalidArgument"       @ string offset=424
.Linfo_string17:
	.asciz	"kStatus_Timeout"               @ string offset=448
.Linfo_string18:
	.asciz	"kStatus_NoTransferInProgress"  @ string offset=464
.Linfo_string19:
	.asciz	"kStatus_Busy"                  @ string offset=493
.Linfo_string20:
	.asciz	"kStatus_NoData"                @ string offset=506
.Linfo_string21:
	.asciz	"unsigned short"                @ string offset=521
.Linfo_string22:
	.asciz	"kStatus_LPI2C_Busy"            @ string offset=536
.Linfo_string23:
	.asciz	"kStatus_LPI2C_Idle"            @ string offset=555
.Linfo_string24:
	.asciz	"kStatus_LPI2C_Nak"             @ string offset=574
.Linfo_string25:
	.asciz	"kStatus_LPI2C_FifoError"       @ string offset=592
.Linfo_string26:
	.asciz	"kStatus_LPI2C_BitError"        @ string offset=616
.Linfo_string27:
	.asciz	"kStatus_LPI2C_ArbitrationLost" @ string offset=639
.Linfo_string28:
	.asciz	"kStatus_LPI2C_PinLowTimeout"   @ string offset=669
.Linfo_string29:
	.asciz	"kStatus_LPI2C_NoTransferInProgress" @ string offset=697
.Linfo_string30:
	.asciz	"kStatus_LPI2C_DmaRequestFail"  @ string offset=732
.Linfo_string31:
	.asciz	"kStatus_LPI2C_Timeout"         @ string offset=761
.Linfo_string32:
	.asciz	"kLPI2C_MasterTxReadyFlag"      @ string offset=783
.Linfo_string33:
	.asciz	"kLPI2C_MasterRxReadyFlag"      @ string offset=808
.Linfo_string34:
	.asciz	"kLPI2C_MasterEndOfPacketFlag"  @ string offset=833
.Linfo_string35:
	.asciz	"kLPI2C_MasterStopDetectFlag"   @ string offset=862
.Linfo_string36:
	.asciz	"kLPI2C_MasterNackDetectFlag"   @ string offset=890
.Linfo_string37:
	.asciz	"kLPI2C_MasterArbitrationLostFlag" @ string offset=918
.Linfo_string38:
	.asciz	"kLPI2C_MasterFifoErrFlag"      @ string offset=951
.Linfo_string39:
	.asciz	"kLPI2C_MasterPinLowTimeoutFlag" @ string offset=976
.Linfo_string40:
	.asciz	"kLPI2C_MasterDataMatchFlag"    @ string offset=1007
.Linfo_string41:
	.asciz	"kLPI2C_MasterBusyFlag"         @ string offset=1034
.Linfo_string42:
	.asciz	"kLPI2C_MasterBusBusyFlag"      @ string offset=1056
.Linfo_string43:
	.asciz	"kLPI2C_MasterClearFlags"       @ string offset=1081
.Linfo_string44:
	.asciz	"kLPI2C_MasterIrqFlags"         @ string offset=1105
.Linfo_string45:
	.asciz	"kLPI2C_MasterErrorFlags"       @ string offset=1127
.Linfo_string46:
	.asciz	"_lpi2c_master_flags"           @ string offset=1151
.Linfo_string47:
	.asciz	"kEDMA_TransferSize1Bytes"      @ string offset=1171
.Linfo_string48:
	.asciz	"kEDMA_TransferSize2Bytes"      @ string offset=1196
.Linfo_string49:
	.asciz	"kEDMA_TransferSize4Bytes"      @ string offset=1221
.Linfo_string50:
	.asciz	"kEDMA_TransferSize8Bytes"      @ string offset=1246
.Linfo_string51:
	.asciz	"kEDMA_TransferSize16Bytes"     @ string offset=1271
.Linfo_string52:
	.asciz	"kEDMA_TransferSize32Bytes"     @ string offset=1297
.Linfo_string53:
	.asciz	"_edma_transfer_size"           @ string offset=1323
.Linfo_string54:
	.asciz	"kEDMA_ErrorInterruptEnable"    @ string offset=1343
.Linfo_string55:
	.asciz	"kEDMA_MajorInterruptEnable"    @ string offset=1370
.Linfo_string56:
	.asciz	"kEDMA_HalfInterruptEnable"     @ string offset=1397
.Linfo_string57:
	.asciz	"_edma_interrupt_enable"        @ string offset=1423
.Linfo_string58:
	.asciz	"kTxDataCmd"                    @ string offset=1446
.Linfo_string59:
	.asciz	"kRxDataCmd"                    @ string offset=1457
.Linfo_string60:
	.asciz	"kStopCmd"                      @ string offset=1468
.Linfo_string61:
	.asciz	"kStartCmd"                     @ string offset=1477
.Linfo_string62:
	.asciz	"_lpi2c_master_fifo_cmd"        @ string offset=1487
.Linfo_string63:
	.asciz	"short"                         @ string offset=1510
.Linfo_string64:
	.asciz	"NotAvail_IRQn"                 @ string offset=1516
.Linfo_string65:
	.asciz	"NonMaskableInt_IRQn"           @ string offset=1530
.Linfo_string66:
	.asciz	"HardFault_IRQn"                @ string offset=1550
.Linfo_string67:
	.asciz	"MemoryManagement_IRQn"         @ string offset=1565
.Linfo_string68:
	.asciz	"BusFault_IRQn"                 @ string offset=1587
.Linfo_string69:
	.asciz	"UsageFault_IRQn"               @ string offset=1601
.Linfo_string70:
	.asciz	"SVCall_IRQn"                   @ string offset=1617
.Linfo_string71:
	.asciz	"DebugMonitor_IRQn"             @ string offset=1629
.Linfo_string72:
	.asciz	"PendSV_IRQn"                   @ string offset=1647
.Linfo_string73:
	.asciz	"SysTick_IRQn"                  @ string offset=1659
.Linfo_string74:
	.asciz	"DMA0_DMA16_IRQn"               @ string offset=1672
.Linfo_string75:
	.asciz	"DMA1_DMA17_IRQn"               @ string offset=1688
.Linfo_string76:
	.asciz	"DMA2_DMA18_IRQn"               @ string offset=1704
.Linfo_string77:
	.asciz	"DMA3_DMA19_IRQn"               @ string offset=1720
.Linfo_string78:
	.asciz	"DMA4_DMA20_IRQn"               @ string offset=1736
.Linfo_string79:
	.asciz	"DMA5_DMA21_IRQn"               @ string offset=1752
.Linfo_string80:
	.asciz	"DMA6_DMA22_IRQn"               @ string offset=1768
.Linfo_string81:
	.asciz	"DMA7_DMA23_IRQn"               @ string offset=1784
.Linfo_string82:
	.asciz	"DMA8_DMA24_IRQn"               @ string offset=1800
.Linfo_string83:
	.asciz	"DMA9_DMA25_IRQn"               @ string offset=1816
.Linfo_string84:
	.asciz	"DMA10_DMA26_IRQn"              @ string offset=1832
.Linfo_string85:
	.asciz	"DMA11_DMA27_IRQn"              @ string offset=1849
.Linfo_string86:
	.asciz	"DMA12_DMA28_IRQn"              @ string offset=1866
.Linfo_string87:
	.asciz	"DMA13_DMA29_IRQn"              @ string offset=1883
.Linfo_string88:
	.asciz	"DMA14_DMA30_IRQn"              @ string offset=1900
.Linfo_string89:
	.asciz	"DMA15_DMA31_IRQn"              @ string offset=1917
.Linfo_string90:
	.asciz	"DMA_ERROR_IRQn"                @ string offset=1934
.Linfo_string91:
	.asciz	"CTI0_ERROR_IRQn"               @ string offset=1949
.Linfo_string92:
	.asciz	"CTI1_ERROR_IRQn"               @ string offset=1965
.Linfo_string93:
	.asciz	"CORE_IRQn"                     @ string offset=1981
.Linfo_string94:
	.asciz	"LPUART1_IRQn"                  @ string offset=1991
.Linfo_string95:
	.asciz	"LPUART2_IRQn"                  @ string offset=2004
.Linfo_string96:
	.asciz	"LPUART3_IRQn"                  @ string offset=2017
.Linfo_string97:
	.asciz	"LPUART4_IRQn"                  @ string offset=2030
.Linfo_string98:
	.asciz	"LPUART5_IRQn"                  @ string offset=2043
.Linfo_string99:
	.asciz	"LPUART6_IRQn"                  @ string offset=2056
.Linfo_string100:
	.asciz	"LPUART7_IRQn"                  @ string offset=2069
.Linfo_string101:
	.asciz	"LPUART8_IRQn"                  @ string offset=2082
.Linfo_string102:
	.asciz	"LPI2C1_IRQn"                   @ string offset=2095
.Linfo_string103:
	.asciz	"LPI2C2_IRQn"                   @ string offset=2107
.Linfo_string104:
	.asciz	"LPI2C3_IRQn"                   @ string offset=2119
.Linfo_string105:
	.asciz	"LPI2C4_IRQn"                   @ string offset=2131
.Linfo_string106:
	.asciz	"LPSPI1_IRQn"                   @ string offset=2143
.Linfo_string107:
	.asciz	"LPSPI2_IRQn"                   @ string offset=2155
.Linfo_string108:
	.asciz	"LPSPI3_IRQn"                   @ string offset=2167
.Linfo_string109:
	.asciz	"LPSPI4_IRQn"                   @ string offset=2179
.Linfo_string110:
	.asciz	"CAN1_IRQn"                     @ string offset=2191
.Linfo_string111:
	.asciz	"CAN2_IRQn"                     @ string offset=2201
.Linfo_string112:
	.asciz	"FLEXRAM_IRQn"                  @ string offset=2211
.Linfo_string113:
	.asciz	"KPP_IRQn"                      @ string offset=2224
.Linfo_string114:
	.asciz	"TSC_DIG_IRQn"                  @ string offset=2233
.Linfo_string115:
	.asciz	"GPR_IRQ_IRQn"                  @ string offset=2246
.Linfo_string116:
	.asciz	"LCDIF_IRQn"                    @ string offset=2259
.Linfo_string117:
	.asciz	"CSI_IRQn"                      @ string offset=2270
.Linfo_string118:
	.asciz	"PXP_IRQn"                      @ string offset=2279
.Linfo_string119:
	.asciz	"WDOG2_IRQn"                    @ string offset=2288
.Linfo_string120:
	.asciz	"SNVS_HP_WRAPPER_IRQn"          @ string offset=2299
.Linfo_string121:
	.asciz	"SNVS_HP_WRAPPER_TZ_IRQn"       @ string offset=2320
.Linfo_string122:
	.asciz	"SNVS_LP_WRAPPER_IRQn"          @ string offset=2344
.Linfo_string123:
	.asciz	"CSU_IRQn"                      @ string offset=2365
.Linfo_string124:
	.asciz	"DCP_IRQn"                      @ string offset=2374
.Linfo_string125:
	.asciz	"DCP_VMI_IRQn"                  @ string offset=2383
.Linfo_string126:
	.asciz	"Reserved68_IRQn"               @ string offset=2396
.Linfo_string127:
	.asciz	"TRNG_IRQn"                     @ string offset=2412
.Linfo_string128:
	.asciz	"SJC_IRQn"                      @ string offset=2422
.Linfo_string129:
	.asciz	"BEE_IRQn"                      @ string offset=2431
.Linfo_string130:
	.asciz	"SAI1_IRQn"                     @ string offset=2440
.Linfo_string131:
	.asciz	"SAI2_IRQn"                     @ string offset=2450
.Linfo_string132:
	.asciz	"SAI3_RX_IRQn"                  @ string offset=2460
.Linfo_string133:
	.asciz	"SAI3_TX_IRQn"                  @ string offset=2473
.Linfo_string134:
	.asciz	"SPDIF_IRQn"                    @ string offset=2486
.Linfo_string135:
	.asciz	"PMU_EVENT_IRQn"                @ string offset=2497
.Linfo_string136:
	.asciz	"Reserved78_IRQn"               @ string offset=2512
.Linfo_string137:
	.asciz	"TEMP_LOW_HIGH_IRQn"            @ string offset=2528
.Linfo_string138:
	.asciz	"TEMP_PANIC_IRQn"               @ string offset=2547
.Linfo_string139:
	.asciz	"USB_PHY1_IRQn"                 @ string offset=2563
.Linfo_string140:
	.asciz	"USB_PHY2_IRQn"                 @ string offset=2577
.Linfo_string141:
	.asciz	"ADC1_IRQn"                     @ string offset=2591
.Linfo_string142:
	.asciz	"ADC2_IRQn"                     @ string offset=2601
.Linfo_string143:
	.asciz	"DCDC_IRQn"                     @ string offset=2611
.Linfo_string144:
	.asciz	"Reserved86_IRQn"               @ string offset=2621
.Linfo_string145:
	.asciz	"GPIO10_IRQn"                   @ string offset=2637
.Linfo_string146:
	.asciz	"GPIO1_INT0_IRQn"               @ string offset=2649
.Linfo_string147:
	.asciz	"GPIO1_INT1_IRQn"               @ string offset=2665
.Linfo_string148:
	.asciz	"GPIO1_INT2_IRQn"               @ string offset=2681
.Linfo_string149:
	.asciz	"GPIO1_INT3_IRQn"               @ string offset=2697
.Linfo_string150:
	.asciz	"GPIO1_INT4_IRQn"               @ string offset=2713
.Linfo_string151:
	.asciz	"GPIO1_INT5_IRQn"               @ string offset=2729
.Linfo_string152:
	.asciz	"GPIO1_INT6_IRQn"               @ string offset=2745
.Linfo_string153:
	.asciz	"GPIO1_INT7_IRQn"               @ string offset=2761
.Linfo_string154:
	.asciz	"GPIO1_Combined_0_15_IRQn"      @ string offset=2777
.Linfo_string155:
	.asciz	"GPIO1_Combined_16_31_IRQn"     @ string offset=2802
.Linfo_string156:
	.asciz	"GPIO2_Combined_0_15_IRQn"      @ string offset=2828
.Linfo_string157:
	.asciz	"GPIO2_Combined_16_31_IRQn"     @ string offset=2853
.Linfo_string158:
	.asciz	"GPIO3_Combined_0_15_IRQn"      @ string offset=2879
.Linfo_string159:
	.asciz	"GPIO3_Combined_16_31_IRQn"     @ string offset=2904
.Linfo_string160:
	.asciz	"GPIO4_Combined_0_15_IRQn"      @ string offset=2930
.Linfo_string161:
	.asciz	"GPIO4_Combined_16_31_IRQn"     @ string offset=2955
.Linfo_string162:
	.asciz	"GPIO5_Combined_0_15_IRQn"      @ string offset=2981
.Linfo_string163:
	.asciz	"GPIO5_Combined_16_31_IRQn"     @ string offset=3006
.Linfo_string164:
	.asciz	"FLEXIO1_IRQn"                  @ string offset=3032
.Linfo_string165:
	.asciz	"FLEXIO2_IRQn"                  @ string offset=3045
.Linfo_string166:
	.asciz	"WDOG1_IRQn"                    @ string offset=3058
.Linfo_string167:
	.asciz	"RTWDOG_IRQn"                   @ string offset=3069
.Linfo_string168:
	.asciz	"EWM_IRQn"                      @ string offset=3081
.Linfo_string169:
	.asciz	"CCM_1_IRQn"                    @ string offset=3090
.Linfo_string170:
	.asciz	"CCM_2_IRQn"                    @ string offset=3101
.Linfo_string171:
	.asciz	"GPC_IRQn"                      @ string offset=3112
.Linfo_string172:
	.asciz	"SRC_IRQn"                      @ string offset=3121
.Linfo_string173:
	.asciz	"Reserved115_IRQn"              @ string offset=3130
.Linfo_string174:
	.asciz	"GPT1_IRQn"                     @ string offset=3147
.Linfo_string175:
	.asciz	"GPT2_IRQn"                     @ string offset=3157
.Linfo_string176:
	.asciz	"PWM1_0_IRQn"                   @ string offset=3167
.Linfo_string177:
	.asciz	"PWM1_1_IRQn"                   @ string offset=3179
.Linfo_string178:
	.asciz	"PWM1_2_IRQn"                   @ string offset=3191
.Linfo_string179:
	.asciz	"PWM1_3_IRQn"                   @ string offset=3203
.Linfo_string180:
	.asciz	"PWM1_FAULT_IRQn"               @ string offset=3215
.Linfo_string181:
	.asciz	"FLEXSPI2_IRQn"                 @ string offset=3231
.Linfo_string182:
	.asciz	"FLEXSPI_IRQn"                  @ string offset=3245
.Linfo_string183:
	.asciz	"SEMC_IRQn"                     @ string offset=3258
.Linfo_string184:
	.asciz	"USDHC1_IRQn"                   @ string offset=3268
.Linfo_string185:
	.asciz	"USDHC2_IRQn"                   @ string offset=3280
.Linfo_string186:
	.asciz	"USB_OTG2_IRQn"                 @ string offset=3292
.Linfo_string187:
	.asciz	"USB_OTG1_IRQn"                 @ string offset=3306
.Linfo_string188:
	.asciz	"ENET_IRQn"                     @ string offset=3320
.Linfo_string189:
	.asciz	"ENET_1588_Timer_IRQn"          @ string offset=3330
.Linfo_string190:
	.asciz	"XBAR1_IRQ_0_1_IRQn"            @ string offset=3351
.Linfo_string191:
	.asciz	"XBAR1_IRQ_2_3_IRQn"            @ string offset=3370
.Linfo_string192:
	.asciz	"ADC_ETC_IRQ0_IRQn"             @ string offset=3389
.Linfo_string193:
	.asciz	"ADC_ETC_IRQ1_IRQn"             @ string offset=3407
.Linfo_string194:
	.asciz	"ADC_ETC_IRQ2_IRQn"             @ string offset=3425
.Linfo_string195:
	.asciz	"ADC_ETC_ERROR_IRQ_IRQn"        @ string offset=3443
.Linfo_string196:
	.asciz	"PIT_IRQn"                      @ string offset=3466
.Linfo_string197:
	.asciz	"ACMP1_IRQn"                    @ string offset=3475
.Linfo_string198:
	.asciz	"ACMP2_IRQn"                    @ string offset=3486
.Linfo_string199:
	.asciz	"ACMP3_IRQn"                    @ string offset=3497
.Linfo_string200:
	.asciz	"ACMP4_IRQn"                    @ string offset=3508
.Linfo_string201:
	.asciz	"Reserved143_IRQn"              @ string offset=3519
.Linfo_string202:
	.asciz	"Reserved144_IRQn"              @ string offset=3536
.Linfo_string203:
	.asciz	"ENC1_IRQn"                     @ string offset=3553
.Linfo_string204:
	.asciz	"ENC2_IRQn"                     @ string offset=3563
.Linfo_string205:
	.asciz	"ENC3_IRQn"                     @ string offset=3573
.Linfo_string206:
	.asciz	"ENC4_IRQn"                     @ string offset=3583
.Linfo_string207:
	.asciz	"TMR1_IRQn"                     @ string offset=3593
.Linfo_string208:
	.asciz	"TMR2_IRQn"                     @ string offset=3603
.Linfo_string209:
	.asciz	"TMR3_IRQn"                     @ string offset=3613
.Linfo_string210:
	.asciz	"TMR4_IRQn"                     @ string offset=3623
.Linfo_string211:
	.asciz	"PWM2_0_IRQn"                   @ string offset=3633
.Linfo_string212:
	.asciz	"PWM2_1_IRQn"                   @ string offset=3645
.Linfo_string213:
	.asciz	"PWM2_2_IRQn"                   @ string offset=3657
.Linfo_string214:
	.asciz	"PWM2_3_IRQn"                   @ string offset=3669
.Linfo_string215:
	.asciz	"PWM2_FAULT_IRQn"               @ string offset=3681
.Linfo_string216:
	.asciz	"PWM3_0_IRQn"                   @ string offset=3697
.Linfo_string217:
	.asciz	"PWM3_1_IRQn"                   @ string offset=3709
.Linfo_string218:
	.asciz	"PWM3_2_IRQn"                   @ string offset=3721
.Linfo_string219:
	.asciz	"PWM3_3_IRQn"                   @ string offset=3733
.Linfo_string220:
	.asciz	"PWM3_FAULT_IRQn"               @ string offset=3745
.Linfo_string221:
	.asciz	"PWM4_0_IRQn"                   @ string offset=3761
.Linfo_string222:
	.asciz	"PWM4_1_IRQn"                   @ string offset=3773
.Linfo_string223:
	.asciz	"PWM4_2_IRQn"                   @ string offset=3785
.Linfo_string224:
	.asciz	"PWM4_3_IRQn"                   @ string offset=3797
.Linfo_string225:
	.asciz	"PWM4_FAULT_IRQn"               @ string offset=3809
.Linfo_string226:
	.asciz	"ENET2_IRQn"                    @ string offset=3825
.Linfo_string227:
	.asciz	"ENET2_1588_Timer_IRQn"         @ string offset=3836
.Linfo_string228:
	.asciz	"CAN3_IRQn"                     @ string offset=3858
.Linfo_string229:
	.asciz	"Reserved171_IRQn"              @ string offset=3868
.Linfo_string230:
	.asciz	"FLEXIO3_IRQn"                  @ string offset=3885
.Linfo_string231:
	.asciz	"GPIO6_7_8_9_IRQn"              @ string offset=3898
.Linfo_string232:
	.asciz	"IRQn"                          @ string offset=3915
.Linfo_string233:
	.asciz	"kLPI2C_TransferDefaultFlag"    @ string offset=3920
.Linfo_string234:
	.asciz	"kLPI2C_TransferNoStartFlag"    @ string offset=3947
.Linfo_string235:
	.asciz	"kLPI2C_TransferRepeatedStartFlag" @ string offset=3974
.Linfo_string236:
	.asciz	"kLPI2C_TransferNoStopFlag"     @ string offset=4007
.Linfo_string237:
	.asciz	"_lpi2c_master_transfer_flags"  @ string offset=4033
.Linfo_string238:
	.asciz	"SADDR"                         @ string offset=4062
.Linfo_string239:
	.asciz	"SOFF"                          @ string offset=4068
.Linfo_string240:
	.asciz	"uint16_t"                      @ string offset=4073
.Linfo_string241:
	.asciz	"ATTR"                          @ string offset=4082
.Linfo_string242:
	.asciz	"NBYTES"                        @ string offset=4087
.Linfo_string243:
	.asciz	"SLAST"                         @ string offset=4094
.Linfo_string244:
	.asciz	"DADDR"                         @ string offset=4100
.Linfo_string245:
	.asciz	"DOFF"                          @ string offset=4106
.Linfo_string246:
	.asciz	"CITER"                         @ string offset=4111
.Linfo_string247:
	.asciz	"DLAST_SGA"                     @ string offset=4117
.Linfo_string248:
	.asciz	"CSR"                           @ string offset=4127
.Linfo_string249:
	.asciz	"BITER"                         @ string offset=4131
.Linfo_string250:
	.asciz	"_edma_tcd"                     @ string offset=4137
.Linfo_string251:
	.asciz	"edma_tcd_t"                    @ string offset=4147
.Linfo_string252:
	.asciz	"int16_t"                       @ string offset=4158
.Linfo_string253:
	.asciz	"uint8_t"                       @ string offset=4166
.Linfo_string254:
	.asciz	"int"                           @ string offset=4174
.Linfo_string255:
	.asciz	"int32_t"                       @ string offset=4178
.Linfo_string256:
	.asciz	"ISER"                          @ string offset=4186
.Linfo_string257:
	.asciz	"RESERVED0"                     @ string offset=4191
.Linfo_string258:
	.asciz	"ICER"                          @ string offset=4201
.Linfo_string259:
	.asciz	"RESERVED1"                     @ string offset=4206
.Linfo_string260:
	.asciz	"ISPR"                          @ string offset=4216
.Linfo_string261:
	.asciz	"RESERVED2"                     @ string offset=4221
.Linfo_string262:
	.asciz	"ICPR"                          @ string offset=4231
.Linfo_string263:
	.asciz	"RESERVED3"                     @ string offset=4236
.Linfo_string264:
	.asciz	"IABR"                          @ string offset=4246
.Linfo_string265:
	.asciz	"RESERVED4"                     @ string offset=4251
.Linfo_string266:
	.asciz	"IP"                            @ string offset=4261
.Linfo_string267:
	.asciz	"RESERVED5"                     @ string offset=4264
.Linfo_string268:
	.asciz	"STIR"                          @ string offset=4274
.Linfo_string269:
	.asciz	"NVIC_Type"                     @ string offset=4279
.Linfo_string270:
	.asciz	"base"                          @ string offset=4289
.Linfo_string271:
	.asciz	"VERID"                         @ string offset=4294
.Linfo_string272:
	.asciz	"PARAM"                         @ string offset=4300
.Linfo_string273:
	.asciz	"RESERVED_0"                    @ string offset=4306
.Linfo_string274:
	.asciz	"MCR"                           @ string offset=4317
.Linfo_string275:
	.asciz	"MSR"                           @ string offset=4321
.Linfo_string276:
	.asciz	"MIER"                          @ string offset=4325
.Linfo_string277:
	.asciz	"MDER"                          @ string offset=4330
.Linfo_string278:
	.asciz	"MCFGR0"                        @ string offset=4335
.Linfo_string279:
	.asciz	"MCFGR1"                        @ string offset=4342
.Linfo_string280:
	.asciz	"MCFGR2"                        @ string offset=4349
.Linfo_string281:
	.asciz	"MCFGR3"                        @ string offset=4356
.Linfo_string282:
	.asciz	"RESERVED_1"                    @ string offset=4363
.Linfo_string283:
	.asciz	"MDMR"                          @ string offset=4374
.Linfo_string284:
	.asciz	"RESERVED_2"                    @ string offset=4379
.Linfo_string285:
	.asciz	"MCCR0"                         @ string offset=4390
.Linfo_string286:
	.asciz	"RESERVED_3"                    @ string offset=4396
.Linfo_string287:
	.asciz	"MCCR1"                         @ string offset=4407
.Linfo_string288:
	.asciz	"RESERVED_4"                    @ string offset=4413
.Linfo_string289:
	.asciz	"MFCR"                          @ string offset=4424
.Linfo_string290:
	.asciz	"MFSR"                          @ string offset=4429
.Linfo_string291:
	.asciz	"MTDR"                          @ string offset=4434
.Linfo_string292:
	.asciz	"RESERVED_5"                    @ string offset=4439
.Linfo_string293:
	.asciz	"MRDR"                          @ string offset=4450
.Linfo_string294:
	.asciz	"RESERVED_6"                    @ string offset=4455
.Linfo_string295:
	.asciz	"SCR"                           @ string offset=4466
.Linfo_string296:
	.asciz	"SSR"                           @ string offset=4470
.Linfo_string297:
	.asciz	"SIER"                          @ string offset=4474
.Linfo_string298:
	.asciz	"SDER"                          @ string offset=4479
.Linfo_string299:
	.asciz	"RESERVED_7"                    @ string offset=4484
.Linfo_string300:
	.asciz	"SCFGR1"                        @ string offset=4495
.Linfo_string301:
	.asciz	"SCFGR2"                        @ string offset=4502
.Linfo_string302:
	.asciz	"RESERVED_8"                    @ string offset=4509
.Linfo_string303:
	.asciz	"SAMR"                          @ string offset=4520
.Linfo_string304:
	.asciz	"RESERVED_9"                    @ string offset=4525
.Linfo_string305:
	.asciz	"SASR"                          @ string offset=4536
.Linfo_string306:
	.asciz	"STAR"                          @ string offset=4541
.Linfo_string307:
	.asciz	"RESERVED_10"                   @ string offset=4546
.Linfo_string308:
	.asciz	"STDR"                          @ string offset=4558
.Linfo_string309:
	.asciz	"RESERVED_11"                   @ string offset=4563
.Linfo_string310:
	.asciz	"SRDR"                          @ string offset=4575
.Linfo_string311:
	.asciz	"LPI2C_Type"                    @ string offset=4580
.Linfo_string312:
	.asciz	"isBusy"                        @ string offset=4591
.Linfo_string313:
	.asciz	"_Bool"                         @ string offset=4598
.Linfo_string314:
	.asciz	"nbytes"                        @ string offset=4604
.Linfo_string315:
	.asciz	"commandBuffer"                 @ string offset=4611
.Linfo_string316:
	.asciz	"transfer"                      @ string offset=4625
.Linfo_string317:
	.asciz	"flags"                         @ string offset=4634
.Linfo_string318:
	.asciz	"slaveAddress"                  @ string offset=4640
.Linfo_string319:
	.asciz	"direction"                     @ string offset=4653
.Linfo_string320:
	.asciz	"lpi2c_direction_t"             @ string offset=4663
.Linfo_string321:
	.asciz	"subaddress"                    @ string offset=4681
.Linfo_string322:
	.asciz	"subaddressSize"                @ string offset=4692
.Linfo_string323:
	.asciz	"size_t"                        @ string offset=4707
.Linfo_string324:
	.asciz	"data"                          @ string offset=4714
.Linfo_string325:
	.asciz	"dataSize"                      @ string offset=4719
.Linfo_string326:
	.asciz	"_lpi2c_master_transfer"        @ string offset=4728
.Linfo_string327:
	.asciz	"lpi2c_master_transfer_t"       @ string offset=4751
.Linfo_string328:
	.asciz	"completionCallback"            @ string offset=4775
.Linfo_string329:
	.asciz	"status_t"                      @ string offset=4794
.Linfo_string330:
	.asciz	"lpi2c_master_edma_transfer_callback_t" @ string offset=4803
.Linfo_string331:
	.asciz	"userData"                      @ string offset=4841
.Linfo_string332:
	.asciz	"rx"                            @ string offset=4850
.Linfo_string333:
	.asciz	"callback"                      @ string offset=4853
.Linfo_string334:
	.asciz	"edma_callback"                 @ string offset=4862
.Linfo_string335:
	.asciz	"CR"                            @ string offset=4876
.Linfo_string336:
	.asciz	"ES"                            @ string offset=4879
.Linfo_string337:
	.asciz	"ERQ"                           @ string offset=4882
.Linfo_string338:
	.asciz	"EEI"                           @ string offset=4886
.Linfo_string339:
	.asciz	"CEEI"                          @ string offset=4890
.Linfo_string340:
	.asciz	"SEEI"                          @ string offset=4895
.Linfo_string341:
	.asciz	"CERQ"                          @ string offset=4900
.Linfo_string342:
	.asciz	"SERQ"                          @ string offset=4905
.Linfo_string343:
	.asciz	"CDNE"                          @ string offset=4910
.Linfo_string344:
	.asciz	"SSRT"                          @ string offset=4915
.Linfo_string345:
	.asciz	"CERR"                          @ string offset=4920
.Linfo_string346:
	.asciz	"CINT"                          @ string offset=4925
.Linfo_string347:
	.asciz	"INT"                           @ string offset=4930
.Linfo_string348:
	.asciz	"ERR"                           @ string offset=4934
.Linfo_string349:
	.asciz	"HRS"                           @ string offset=4938
.Linfo_string350:
	.asciz	"EARS"                          @ string offset=4942
.Linfo_string351:
	.asciz	"DCHPRI3"                       @ string offset=4947
.Linfo_string352:
	.asciz	"DCHPRI2"                       @ string offset=4955
.Linfo_string353:
	.asciz	"DCHPRI1"                       @ string offset=4963
.Linfo_string354:
	.asciz	"DCHPRI0"                       @ string offset=4971
.Linfo_string355:
	.asciz	"DCHPRI7"                       @ string offset=4979
.Linfo_string356:
	.asciz	"DCHPRI6"                       @ string offset=4987
.Linfo_string357:
	.asciz	"DCHPRI5"                       @ string offset=4995
.Linfo_string358:
	.asciz	"DCHPRI4"                       @ string offset=5003
.Linfo_string359:
	.asciz	"DCHPRI11"                      @ string offset=5011
.Linfo_string360:
	.asciz	"DCHPRI10"                      @ string offset=5020
.Linfo_string361:
	.asciz	"DCHPRI9"                       @ string offset=5029
.Linfo_string362:
	.asciz	"DCHPRI8"                       @ string offset=5037
.Linfo_string363:
	.asciz	"DCHPRI15"                      @ string offset=5045
.Linfo_string364:
	.asciz	"DCHPRI14"                      @ string offset=5054
.Linfo_string365:
	.asciz	"DCHPRI13"                      @ string offset=5063
.Linfo_string366:
	.asciz	"DCHPRI12"                      @ string offset=5072
.Linfo_string367:
	.asciz	"DCHPRI19"                      @ string offset=5081
.Linfo_string368:
	.asciz	"DCHPRI18"                      @ string offset=5090
.Linfo_string369:
	.asciz	"DCHPRI17"                      @ string offset=5099
.Linfo_string370:
	.asciz	"DCHPRI16"                      @ string offset=5108
.Linfo_string371:
	.asciz	"DCHPRI23"                      @ string offset=5117
.Linfo_string372:
	.asciz	"DCHPRI22"                      @ string offset=5126
.Linfo_string373:
	.asciz	"DCHPRI21"                      @ string offset=5135
.Linfo_string374:
	.asciz	"DCHPRI20"                      @ string offset=5144
.Linfo_string375:
	.asciz	"DCHPRI27"                      @ string offset=5153
.Linfo_string376:
	.asciz	"DCHPRI26"                      @ string offset=5162
.Linfo_string377:
	.asciz	"DCHPRI25"                      @ string offset=5171
.Linfo_string378:
	.asciz	"DCHPRI24"                      @ string offset=5180
.Linfo_string379:
	.asciz	"DCHPRI31"                      @ string offset=5189
.Linfo_string380:
	.asciz	"DCHPRI30"                      @ string offset=5198
.Linfo_string381:
	.asciz	"DCHPRI29"                      @ string offset=5207
.Linfo_string382:
	.asciz	"DCHPRI28"                      @ string offset=5216
.Linfo_string383:
	.asciz	"TCD"                           @ string offset=5225
.Linfo_string384:
	.asciz	"NBYTES_MLNO"                   @ string offset=5229
.Linfo_string385:
	.asciz	"NBYTES_MLOFFNO"                @ string offset=5241
.Linfo_string386:
	.asciz	"NBYTES_MLOFFYES"               @ string offset=5256
.Linfo_string387:
	.asciz	"CITER_ELINKNO"                 @ string offset=5272
.Linfo_string388:
	.asciz	"CITER_ELINKYES"                @ string offset=5286
.Linfo_string389:
	.asciz	"BITER_ELINKNO"                 @ string offset=5301
.Linfo_string390:
	.asciz	"BITER_ELINKYES"                @ string offset=5315
.Linfo_string391:
	.asciz	"DMA_Type"                      @ string offset=5330
.Linfo_string392:
	.asciz	"tcdPool"                       @ string offset=5339
.Linfo_string393:
	.asciz	"channel"                       @ string offset=5347
.Linfo_string394:
	.asciz	"header"                        @ string offset=5355
.Linfo_string395:
	.asciz	"signed char"                   @ string offset=5362
.Linfo_string396:
	.asciz	"int8_t"                        @ string offset=5374
.Linfo_string397:
	.asciz	"tail"                          @ string offset=5381
.Linfo_string398:
	.asciz	"tcdUsed"                       @ string offset=5386
.Linfo_string399:
	.asciz	"tcdSize"                       @ string offset=5394
.Linfo_string400:
	.asciz	"_edma_handle"                  @ string offset=5402
.Linfo_string401:
	.asciz	"edma_handle_t"                 @ string offset=5415
.Linfo_string402:
	.asciz	"tx"                            @ string offset=5429
.Linfo_string403:
	.asciz	"tcds"                          @ string offset=5432
.Linfo_string404:
	.asciz	"_lpi2c_master_edma_handle"     @ string offset=5437
.Linfo_string405:
	.asciz	"lpi2c_master_edma_handle_t"    @ string offset=5463
.Linfo_string406:
	.asciz	"LPI2C_MasterCreateEDMAHandle"  @ string offset=5490
.Linfo_string407:
	.asciz	"LPI2C_MasterTransferEdmaHandleIRQ" @ string offset=5519
.Linfo_string408:
	.asciz	"EnableIRQ"                     @ string offset=5553
.Linfo_string409:
	.asciz	"LPI2C_MasterEDMACallback"      @ string offset=5563
.Linfo_string410:
	.asciz	"LPI2C_MasterTransferEDMA"      @ string offset=5588
.Linfo_string411:
	.asciz	"LPI2C_MasterDisableInterrupts" @ string offset=5613
.Linfo_string412:
	.asciz	"LPI2C_MasterEnableDMA"         @ string offset=5643
.Linfo_string413:
	.asciz	"LPI2C_MasterClearStatusFlags"  @ string offset=5665
.Linfo_string414:
	.asciz	"LPI2C_GenerateCommands"        @ string offset=5694
.Linfo_string415:
	.asciz	"LPI2C_MasterGetTxFifoAddress"  @ string offset=5717
.Linfo_string416:
	.asciz	"LPI2C_MasterGetRxFifoAddress"  @ string offset=5746
.Linfo_string417:
	.asciz	"LPI2C_MasterEnableInterrupts"  @ string offset=5775
.Linfo_string418:
	.asciz	"LPI2C_MasterTransferGetCountEDMA" @ string offset=5804
.Linfo_string419:
	.asciz	"EDMA_GetNextTCDAddress"        @ string offset=5837
.Linfo_string420:
	.asciz	"LPI2C_MasterTransferAbortEDMA" @ string offset=5860
.Linfo_string421:
	.asciz	"LPI2C_MasterGetStatusFlags"    @ string offset=5890
.Linfo_string422:
	.asciz	"__NVIC_EnableIRQ"              @ string offset=5917
.Linfo_string423:
	.asciz	"handle"                        @ string offset=5934
.Linfo_string424:
	.asciz	"rxDmaHandle"                   @ string offset=5941
.Linfo_string425:
	.asciz	"txDmaHandle"                   @ string offset=5953
.Linfo_string426:
	.asciz	"instance"                      @ string offset=5965
.Linfo_string427:
	.asciz	"lpi2cMasterEdmaHandle"         @ string offset=5974
.Linfo_string428:
	.asciz	"status"                        @ string offset=5996
.Linfo_string429:
	.asciz	"result"                        @ string offset=6003
.Linfo_string430:
	.asciz	"interrupt"                     @ string offset=6010
.Linfo_string431:
	.asciz	"IRQn_Type"                     @ string offset=6020
.Linfo_string432:
	.asciz	"dmaHandle"                     @ string offset=6030
.Linfo_string433:
	.asciz	"isTransferDone"                @ string offset=6040
.Linfo_string434:
	.asciz	"commandCount"                  @ string offset=6055
.Linfo_string435:
	.asciz	"tcd"                           @ string offset=6068
.Linfo_string436:
	.asciz	"hasSendData"                   @ string offset=6072
.Linfo_string437:
	.asciz	"hasReceiveData"                @ string offset=6084
.Linfo_string438:
	.asciz	"transferConfig"                @ string offset=6099
.Linfo_string439:
	.asciz	"srcAddr"                       @ string offset=6114
.Linfo_string440:
	.asciz	"destAddr"                      @ string offset=6122
.Linfo_string441:
	.asciz	"srcTransferSize"               @ string offset=6131
.Linfo_string442:
	.asciz	"edma_transfer_size_t"          @ string offset=6147
.Linfo_string443:
	.asciz	"destTransferSize"              @ string offset=6168
.Linfo_string444:
	.asciz	"srcOffset"                     @ string offset=6185
.Linfo_string445:
	.asciz	"destOffset"                    @ string offset=6195
.Linfo_string446:
	.asciz	"minorLoopBytes"                @ string offset=6206
.Linfo_string447:
	.asciz	"majorLoopCounts"               @ string offset=6221
.Linfo_string448:
	.asciz	"_edma_transfer_config"         @ string offset=6237
.Linfo_string449:
	.asciz	"edma_transfer_config_t"        @ string offset=6259
.Linfo_string450:
	.asciz	"linkTcd"                       @ string offset=6282
.Linfo_string451:
	.asciz	"tcdSetRxClearTxDMA"            @ string offset=6290
.Linfo_string452:
	.asciz	"interruptMask"                 @ string offset=6309
.Linfo_string453:
	.asciz	"enableTx"                      @ string offset=6323
.Linfo_string454:
	.asciz	"enableRx"                      @ string offset=6332
.Linfo_string455:
	.asciz	"statusMask"                    @ string offset=6341
.Linfo_string456:
	.asciz	"xfer"                          @ string offset=6352
.Linfo_string457:
	.asciz	"cmd"                           @ string offset=6357
.Linfo_string458:
	.asciz	"cmdCount"                      @ string offset=6361
.Linfo_string459:
	.asciz	"subaddressRemaining"           @ string offset=6370
.Linfo_string460:
	.asciz	"subaddressByte"                @ string offset=6390
.Linfo_string461:
	.asciz	"tmpRxSize"                     @ string offset=6405
.Linfo_string462:
	.asciz	"count"                         @ string offset=6415
.Linfo_string463:
	.asciz	"remaining"                     @ string offset=6421
	.ident	"Component: Arm Compiler for Embedded 6.19 Tool: armclang [5e73cb00]"
	.section	".note.GNU-stack","",%progbits
	.eabi_attribute	30, 6	@ Tag_ABI_optimization_goals
	.ARM_attribute	16, 1	@ Tag_AV_eba
	.section	.debug_line,"",%progbits
.Lline_table_start0:
