	.text
	.syntax unified
	.eabi_attribute	67, "2.09"	@ Tag_conformance
	.cpu	cortex-m7
	.eabi_attribute	6, 13	@ Tag_CPU_arch
	.eabi_attribute	7, 77	@ Tag_CPU_arch_profile
	.eabi_attribute	8, 0	@ Tag_ARM_ISA_use
	.eabi_attribute	9, 2	@ Tag_THUMB_ISA_use
	.fpu	fpv5-d16
	.eabi_attribute	36, 1	@ Tag_FP_HP_extension
	.eabi_attribute	34, 1	@ Tag_CPU_unaligned_access
	.eabi_attribute	17, 1	@ Tag_ABI_PCS_GOT_use
	.eabi_attribute	20, 2	@ Tag_ABI_FP_denormal
	.eabi_attribute	21, 0	@ Tag_ABI_FP_exceptions
	.eabi_attribute	23, 1	@ Tag_ABI_FP_number_model
	.eabi_attribute	24, 1	@ Tag_ABI_align_needed
	.eabi_attribute	25, 1	@ Tag_ABI_align_preserved
	.eabi_attribute	28, 1	@ Tag_ABI_VFP_args
	.eabi_attribute	38, 1	@ Tag_ABI_FP_16bit_format
	.eabi_attribute	18, 2	@ Tag_ABI_PCS_wchar_t
	.eabi_attribute	26, 1	@ Tag_ABI_enum_size
	.eabi_attribute	14, 0	@ Tag_ABI_PCS_R9_use
	.file	"fsl_debug_console.c"
	.file	1 "D:\\KEIL\\ARM\\ARMCLANG\\Bin\\..\\include" "stdint.h"
	.file	2 "E:\\FILE_SMART_CAR\\\346\231\272\350\203\275\350\247\206\350\247\211\\RT1064_Library-master\\RT1064_Library-master\\SeekFree_RT1064_Opensource_Library\\project\\mdk" "../../libraries/sdk/utilities/debug_console/fsl_debug_console.c"
	.file	3 "E:\\FILE_SMART_CAR\\\346\231\272\350\203\275\350\247\206\350\247\211\\RT1064_Library-master\\RT1064_Library-master\\SeekFree_RT1064_Opensource_Library\\project\\mdk" "../../libraries/sdk/components/uart\\fsl_adapter_uart.h"
	.file	4 "D:\\KEIL\\ARM\\ARMCLANG\\Bin\\..\\include" "stdlib.h"
	.file	5 "E:\\FILE_SMART_CAR\\\346\231\272\350\203\275\350\247\206\350\247\211\\RT1064_Library-master\\RT1064_Library-master\\SeekFree_RT1064_Opensource_Library\\project\\mdk" "../../libraries/sdk/utilities/debug_console/fsl_debug_console.h"
	.file	6 "E:\\FILE_SMART_CAR\\\346\231\272\350\203\275\350\247\206\350\247\211\\RT1064_Library-master\\RT1064_Library-master\\SeekFree_RT1064_Opensource_Library\\project\\mdk" "../../libraries/sdk/drives/fsl_common.h"
	.section	.text.DbgConsole_Init,"ax",%progbits
	.hidden	DbgConsole_Init                 @ -- Begin function DbgConsole_Init
	.globl	DbgConsole_Init
	.p2align	3
	.type	DbgConsole_Init,%function
	.code	16                              @ @DbgConsole_Init
	.thumb_func
DbgConsole_Init:
.Lfunc_begin0:
	.loc	2 115 0                         @ ../../libraries/sdk/utilities/debug_console/fsl_debug_console.c:115:0
	.fnstart
	.cfi_sections .debug_frame
	.cfi_startproc
@ %bb.0:
	.save	{r7, lr}
	push	{r7, lr}
	.cfi_def_cfa_offset 8
	.cfi_offset lr, -4
	.cfi_offset r7, -8
	.pad	#48
	sub	sp, #48
	.cfi_def_cfa_offset 56
                                        @ kill: def $r12 killed $r2
                                        @ kill: def $r12 killed $r0
	strb.w	r0, [sp, #43]
	str	r1, [sp, #36]
	strb.w	r2, [sp, #35]
	str	r3, [sp, #28]
.Ltmp0:
	.loc	2 118 29 prologue_end           @ ../../libraries/sdk/utilities/debug_console/fsl_debug_console.c:118:29
	ldrb.w	r0, [sp, #35]
.Ltmp1:
	.loc	2 118 9 is_stmt 0               @ ../../libraries/sdk/utilities/debug_console/fsl_debug_console.c:118:9
	cmp	r0, #1
	beq	.LBB0_2
	b	.LBB0_1
.LBB0_1:
	.loc	2 0 9                           @ ../../libraries/sdk/utilities/debug_console/fsl_debug_console.c:0:9
	movs	r0, #1
.Ltmp2:
	.loc	2 120 9 is_stmt 1               @ ../../libraries/sdk/utilities/debug_console/fsl_debug_console.c:120:9
	str	r0, [sp, #44]
	b	.LBB0_3
.Ltmp3:
.LBB0_2:
	.loc	2 124 39                        @ ../../libraries/sdk/utilities/debug_console/fsl_debug_console.c:124:39
	ldrb.w	r1, [sp, #35]
	.loc	2 124 37 is_stmt 0              @ ../../libraries/sdk/utilities/debug_console/fsl_debug_console.c:124:37
	movw	r0, :lower16:s_debugConsole
	movt	r0, :upper16:s_debugConsole
	str	r0, [sp, #4]                    @ 4-byte Spill
	strb	r1, [r0, #16]
	.loc	2 126 31 is_stmt 1              @ ../../libraries/sdk/utilities/debug_console/fsl_debug_console.c:126:31
	ldr	r1, [sp, #28]
	.loc	2 126 29 is_stmt 0              @ ../../libraries/sdk/utilities/debug_console/fsl_debug_console.c:126:29
	str	r1, [sp, #12]
	.loc	2 127 31 is_stmt 1              @ ../../libraries/sdk/utilities/debug_console/fsl_debug_console.c:127:31
	ldr	r1, [sp, #36]
	.loc	2 127 29 is_stmt 0              @ ../../libraries/sdk/utilities/debug_console/fsl_debug_console.c:127:29
	str	r1, [sp, #16]
	movs	r1, #0
	.loc	2 128 29 is_stmt 1              @ ../../libraries/sdk/utilities/debug_console/fsl_debug_console.c:128:29
	str	r1, [sp, #8]                    @ 4-byte Spill
	strb.w	r1, [sp, #20]
	.loc	2 129 29                        @ ../../libraries/sdk/utilities/debug_console/fsl_debug_console.c:129:29
	strb.w	r1, [sp, #21]
	movs	r2, #1
	.loc	2 130 29                        @ ../../libraries/sdk/utilities/debug_console/fsl_debug_console.c:130:29
	strb.w	r2, [sp, #22]
	.loc	2 131 29                        @ ../../libraries/sdk/utilities/debug_console/fsl_debug_console.c:131:29
	strb.w	r2, [sp, #23]
	.loc	2 132 29                        @ ../../libraries/sdk/utilities/debug_console/fsl_debug_console.c:132:29
	strb.w	r1, [sp, #24]
	.loc	2 133 29                        @ ../../libraries/sdk/utilities/debug_console/fsl_debug_console.c:133:29
	strb.w	r1, [sp, #25]
	.loc	2 134 31                        @ ../../libraries/sdk/utilities/debug_console/fsl_debug_console.c:134:31
	ldrb.w	r1, [sp, #43]
	.loc	2 134 29 is_stmt 0              @ ../../libraries/sdk/utilities/debug_console/fsl_debug_console.c:134:29
	strb.w	r1, [sp, #26]
	add	r1, sp, #12
	.loc	2 140 11 is_stmt 1              @ ../../libraries/sdk/utilities/debug_console/fsl_debug_console.c:140:11
	bl	HAL_UartInit
	ldr	r2, [sp, #4]                    @ 4-byte Reload
                                        @ kill: def $r1 killed $r0
	.loc	2 142 28                        @ ../../libraries/sdk/utilities/debug_console/fsl_debug_console.c:142:28
	ldr	r0, [sp, #8]                    @ 4-byte Reload
	movw	r1, :lower16:HAL_UartSendBlocking
	movt	r1, :upper16:HAL_UartSendBlocking
	str	r1, [r2, #8]
	.loc	2 143 28                        @ ../../libraries/sdk/utilities/debug_console/fsl_debug_console.c:143:28
	movw	r1, :lower16:HAL_UartReceiveBlocking
	movt	r1, :upper16:HAL_UartReceiveBlocking
	str	r1, [r2, #12]
	.loc	2 145 5                         @ ../../libraries/sdk/utilities/debug_console/fsl_debug_console.c:145:5
	str	r0, [sp, #44]
	b	.LBB0_3
.LBB0_3:
	.loc	2 146 1                         @ ../../libraries/sdk/utilities/debug_console/fsl_debug_console.c:146:1
	ldr	r0, [sp, #44]
	add	sp, #48
	pop	{r7, pc}
.Ltmp4:
.Lfunc_end0:
	.size	DbgConsole_Init, .Lfunc_end0-DbgConsole_Init
	.cfi_endproc
	.cantunwind
	.fnend
                                        @ -- End function
	.section	.text.DbgConsole_Deinit,"ax",%progbits
	.hidden	DbgConsole_Deinit               @ -- Begin function DbgConsole_Deinit
	.globl	DbgConsole_Deinit
	.p2align	3
	.type	DbgConsole_Deinit,%function
	.code	16                              @ @DbgConsole_Deinit
	.thumb_func
DbgConsole_Deinit:
.Lfunc_begin1:
	.loc	2 150 0                         @ ../../libraries/sdk/utilities/debug_console/fsl_debug_console.c:150:0
	.fnstart
	.cfi_startproc
@ %bb.0:
	.save	{r7, lr}
	push	{r7, lr}
	.cfi_def_cfa_offset 8
	.cfi_offset lr, -4
	.cfi_offset r7, -8
	.pad	#8
	sub	sp, #8
	.cfi_def_cfa_offset 16
.Ltmp5:
	.loc	2 151 44 prologue_end           @ ../../libraries/sdk/utilities/debug_console/fsl_debug_console.c:151:44
	movw	r0, :lower16:s_debugConsole
	movt	r0, :upper16:s_debugConsole
	ldrb	r0, [r0, #16]
.Ltmp6:
	.loc	2 151 9 is_stmt 0               @ ../../libraries/sdk/utilities/debug_console/fsl_debug_console.c:151:9
	cbnz	r0, .LBB1_2
	b	.LBB1_1
.LBB1_1:
	.loc	2 0 9                           @ ../../libraries/sdk/utilities/debug_console/fsl_debug_console.c:0:9
	movs	r0, #0
.Ltmp7:
	.loc	2 153 9 is_stmt 1               @ ../../libraries/sdk/utilities/debug_console/fsl_debug_console.c:153:9
	str	r0, [sp, #4]
	b	.LBB1_3
.Ltmp8:
.LBB1_2:
	.loc	2 156 11                        @ ../../libraries/sdk/utilities/debug_console/fsl_debug_console.c:156:11
	movw	r0, :lower16:s_debugConsole
	movt	r0, :upper16:s_debugConsole
	str	r0, [sp]                        @ 4-byte Spill
	bl	HAL_UartDeinit
	ldr	r1, [sp]                        @ 4-byte Reload
	movs	r0, #0
	.loc	2 158 37                        @ ../../libraries/sdk/utilities/debug_console/fsl_debug_console.c:158:37
	strb	r0, [r1, #16]
	.loc	2 160 5                         @ ../../libraries/sdk/utilities/debug_console/fsl_debug_console.c:160:5
	str	r0, [sp, #4]
	b	.LBB1_3
.LBB1_3:
	.loc	2 161 1                         @ ../../libraries/sdk/utilities/debug_console/fsl_debug_console.c:161:1
	ldr	r0, [sp, #4]
	add	sp, #8
	pop	{r7, pc}
.Ltmp9:
.Lfunc_end1:
	.size	DbgConsole_Deinit, .Lfunc_end1-DbgConsole_Deinit
	.cfi_endproc
	.cantunwind
	.fnend
                                        @ -- End function
	.section	.text.DbgConsole_Printf,"ax",%progbits
	.hidden	DbgConsole_Printf               @ -- Begin function DbgConsole_Printf
	.globl	DbgConsole_Printf
	.p2align	3
	.type	DbgConsole_Printf,%function
	.code	16                              @ @DbgConsole_Printf
	.thumb_func
DbgConsole_Printf:
.Lfunc_begin2:
	.loc	2 167 0                         @ ../../libraries/sdk/utilities/debug_console/fsl_debug_console.c:167:0
	.fnstart
	.cfi_startproc
@ %bb.0:
	.pad	#12
	sub	sp, #12
	.cfi_def_cfa_offset 12
	.save	{r7, lr}
	push	{r7, lr}
	.cfi_def_cfa_offset 20
	.cfi_offset lr, -16
	.cfi_offset r7, -20
	.pad	#12
	sub	sp, #12
	.cfi_def_cfa_offset 32
	str	r3, [sp, #28]
	str	r2, [sp, #24]
	str	r1, [sp, #20]
	str	r0, [sp, #8]
	movs	r0, #0
.Ltmp10:
	.loc	2 169 9 prologue_end            @ ../../libraries/sdk/utilities/debug_console/fsl_debug_console.c:169:9
	str	r0, [sp]
	add	r0, sp, #20
	.loc	2 171 5                         @ ../../libraries/sdk/utilities/debug_console/fsl_debug_console.c:171:5
	str	r0, [sp, #4]
	.loc	2 172 33                        @ ../../libraries/sdk/utilities/debug_console/fsl_debug_console.c:172:33
	ldr	r0, [sp, #8]
	.loc	2 172 14 is_stmt 0              @ ../../libraries/sdk/utilities/debug_console/fsl_debug_console.c:172:14
	ldr	r1, [sp, #4]
	bl	DbgConsole_Vprintf
	.loc	2 172 12                        @ ../../libraries/sdk/utilities/debug_console/fsl_debug_console.c:172:12
	str	r0, [sp]
	.loc	2 175 12 is_stmt 1              @ ../../libraries/sdk/utilities/debug_console/fsl_debug_console.c:175:12
	ldr	r0, [sp]
	.loc	2 175 5 is_stmt 0               @ ../../libraries/sdk/utilities/debug_console/fsl_debug_console.c:175:5
	add	sp, #12
	pop.w	{r7, lr}
	add	sp, #12
	bx	lr
.Ltmp11:
.Lfunc_end2:
	.size	DbgConsole_Printf, .Lfunc_end2-DbgConsole_Printf
	.cfi_endproc
	.cantunwind
	.fnend
                                        @ -- End function
	.section	.text.DbgConsole_Vprintf,"ax",%progbits
	.hidden	DbgConsole_Vprintf              @ -- Begin function DbgConsole_Vprintf
	.globl	DbgConsole_Vprintf
	.p2align	3
	.type	DbgConsole_Vprintf,%function
	.code	16                              @ @DbgConsole_Vprintf
	.thumb_func
DbgConsole_Vprintf:
.Lfunc_begin3:
	.loc	2 180 0 is_stmt 1               @ ../../libraries/sdk/utilities/debug_console/fsl_debug_console.c:180:0
	.fnstart
	.cfi_startproc
@ %bb.0:
	.save	{r7, lr}
	push	{r7, lr}
	.cfi_def_cfa_offset 8
	.cfi_offset lr, -4
	.cfi_offset r7, -8
	.pad	#16
	sub	sp, #16
	.cfi_def_cfa_offset 24
	str	r1, [sp, #8]
	str	r0, [sp, #4]
	movs	r0, #0
.Ltmp12:
	.loc	2 181 9 prologue_end            @ ../../libraries/sdk/utilities/debug_console/fsl_debug_console.c:181:9
	str	r0, [sp]
.Ltmp13:
	.loc	2 184 44                        @ ../../libraries/sdk/utilities/debug_console/fsl_debug_console.c:184:44
	movw	r0, :lower16:s_debugConsole
	movt	r0, :upper16:s_debugConsole
	ldrb	r0, [r0, #16]
.Ltmp14:
	.loc	2 184 9 is_stmt 0               @ ../../libraries/sdk/utilities/debug_console/fsl_debug_console.c:184:9
	cbnz	r0, .LBB3_2
	b	.LBB3_1
.LBB3_1:
	.loc	2 0 9                           @ ../../libraries/sdk/utilities/debug_console/fsl_debug_console.c:0:9
	mov.w	r0, #-1
.Ltmp15:
	.loc	2 186 9 is_stmt 1               @ ../../libraries/sdk/utilities/debug_console/fsl_debug_console.c:186:9
	str	r0, [sp, #12]
	b	.LBB3_3
.Ltmp16:
.LBB3_2:
	.loc	2 189 65                        @ ../../libraries/sdk/utilities/debug_console/fsl_debug_console.c:189:65
	ldr	r1, [sp, #4]
	.loc	2 189 14 is_stmt 0              @ ../../libraries/sdk/utilities/debug_console/fsl_debug_console.c:189:14
	ldr	r2, [sp, #8]
	movw	r0, :lower16:DbgConsole_Putchar
	movt	r0, :upper16:DbgConsole_Putchar
	bl	DbgConsole_PrintfFormattedData
	.loc	2 189 12                        @ ../../libraries/sdk/utilities/debug_console/fsl_debug_console.c:189:12
	str	r0, [sp]
	.loc	2 191 12 is_stmt 1              @ ../../libraries/sdk/utilities/debug_console/fsl_debug_console.c:191:12
	ldr	r0, [sp]
	.loc	2 191 5 is_stmt 0               @ ../../libraries/sdk/utilities/debug_console/fsl_debug_console.c:191:5
	str	r0, [sp, #12]
	b	.LBB3_3
.LBB3_3:
	.loc	2 192 1 is_stmt 1               @ ../../libraries/sdk/utilities/debug_console/fsl_debug_console.c:192:1
	ldr	r0, [sp, #12]
	add	sp, #16
	pop	{r7, pc}
.Ltmp17:
.Lfunc_end3:
	.size	DbgConsole_Vprintf, .Lfunc_end3-DbgConsole_Vprintf
	.cfi_endproc
	.cantunwind
	.fnend
                                        @ -- End function
	.section	.text.DbgConsole_PrintfFormattedData,"ax",%progbits
	.p2align	3                               @ -- Begin function DbgConsole_PrintfFormattedData
	.type	DbgConsole_PrintfFormattedData,%function
	.code	16                              @ @DbgConsole_PrintfFormattedData
	.thumb_func
DbgConsole_PrintfFormattedData:
.Lfunc_begin4:
	.loc	2 607 0                         @ ../../libraries/sdk/utilities/debug_console/fsl_debug_console.c:607:0
	.fnstart
	.cfi_startproc
@ %bb.0:
	.save	{r7, lr}
	push	{r7, lr}
	.cfi_def_cfa_offset 8
	.cfi_offset lr, -4
	.cfi_offset r7, -8
	.pad	#176
	sub	sp, #176
	.cfi_def_cfa_offset 184
	str	r2, [sp, #172]
	str	r0, [sp, #168]
	str	r1, [sp, #164]
	movs	r0, #0
.Ltmp18:
	.loc	2 613 11 prologue_end           @ ../../libraries/sdk/utilities/debug_console/fsl_debug_console.c:613:11
	str	r0, [sp, #120]
	.loc	2 614 13                        @ ../../libraries/sdk/utilities/debug_console/fsl_debug_console.c:614:13
	str	r0, [sp, #116]
	.loc	2 617 13                        @ ../../libraries/sdk/utilities/debug_console/fsl_debug_console.c:617:13
	str	r0, [sp, #108]
	.loc	2 624 13                        @ ../../libraries/sdk/utilities/debug_console/fsl_debug_console.c:624:13
	strb.w	r0, [sp, #90]
	.loc	2 631 28                        @ ../../libraries/sdk/utilities/debug_console/fsl_debug_console.c:631:28
	str	r0, [sp, #68]
	str	r0, [sp, #64]
	.loc	2 643 9                         @ ../../libraries/sdk/utilities/debug_console/fsl_debug_console.c:643:9
	ldr	r0, [sp, #164]
	.loc	2 643 7 is_stmt 0               @ ../../libraries/sdk/utilities/debug_console/fsl_debug_console.c:643:7
	str	r0, [sp, #160]
	.loc	2 644 5 is_stmt 1               @ ../../libraries/sdk/utilities/debug_console/fsl_debug_console.c:644:5
	b	.LBB4_1
.LBB4_1:                                @ =>This Loop Header: Depth=1
                                        @     Child Loop BB4_6 Depth 2
                                        @     Child Loop BB4_18 Depth 2
                                        @     Child Loop BB4_29 Depth 2
                                        @     Child Loop BB4_192 Depth 2
                                        @     Child Loop BB4_186 Depth 2
                                        @     Child Loop BB4_169 Depth 2
.Ltmp19:
	.loc	2 646 22                        @ ../../libraries/sdk/utilities/debug_console/fsl_debug_console.c:646:22
	ldr	r0, [sp, #160]
	.loc	2 646 21 is_stmt 0              @ ../../libraries/sdk/utilities/debug_console/fsl_debug_console.c:646:21
	ldrsb.w	r0, [r0]
.Ltmp20:
	.loc	2 646 13                        @ ../../libraries/sdk/utilities/debug_console/fsl_debug_console.c:646:13
	cbnz	r0, .LBB4_3
	b	.LBB4_2
.LBB4_2:
.Ltmp21:
	.loc	2 648 13 is_stmt 1              @ ../../libraries/sdk/utilities/debug_console/fsl_debug_console.c:648:13
	b.w	.LBB4_203
.Ltmp22:
.LBB4_3:                                @   in Loop: Header=BB4_1 Depth=1
	.loc	2 650 14                        @ ../../libraries/sdk/utilities/debug_console/fsl_debug_console.c:650:14
	ldr	r0, [sp, #160]
	.loc	2 650 13 is_stmt 0              @ ../../libraries/sdk/utilities/debug_console/fsl_debug_console.c:650:13
	ldrb	r0, [r0]
	.loc	2 650 11                        @ ../../libraries/sdk/utilities/debug_console/fsl_debug_console.c:650:11
	strb.w	r0, [sp, #159]
.Ltmp23:
	.loc	2 657 13 is_stmt 1              @ ../../libraries/sdk/utilities/debug_console/fsl_debug_console.c:657:13
	ldrsb.w	r0, [sp, #159]
.Ltmp24:
	.loc	2 657 13 is_stmt 0              @ ../../libraries/sdk/utilities/debug_console/fsl_debug_console.c:657:13
	cmp	r0, #37
	beq	.LBB4_5
	b	.LBB4_4
.LBB4_4:                                @   in Loop: Header=BB4_1 Depth=1
.Ltmp25:
	.loc	2 659 19 is_stmt 1              @ ../../libraries/sdk/utilities/debug_console/fsl_debug_console.c:659:19
	ldr	r1, [sp, #168]
	.loc	2 659 28 is_stmt 0              @ ../../libraries/sdk/utilities/debug_console/fsl_debug_console.c:659:28
	ldrsb.w	r0, [sp, #159]
	.loc	2 659 19                        @ ../../libraries/sdk/utilities/debug_console/fsl_debug_console.c:659:19
	blx	r1
	.loc	2 660 18 is_stmt 1              @ ../../libraries/sdk/utilities/debug_console/fsl_debug_console.c:660:18
	ldr	r0, [sp, #108]
	adds	r0, #1
	str	r0, [sp, #108]
	.loc	2 661 14                        @ ../../libraries/sdk/utilities/debug_console/fsl_debug_console.c:661:14
	ldr	r0, [sp, #160]
	adds	r0, #1
	str	r0, [sp, #160]
	.loc	2 663 13                        @ ../../libraries/sdk/utilities/debug_console/fsl_debug_console.c:663:13
	b	.LBB4_1
.Ltmp26:
.LBB4_5:                                @   in Loop: Header=BB4_1 Depth=1
	.loc	2 0 13 is_stmt 0                @ ../../libraries/sdk/utilities/debug_console/fsl_debug_console.c:0:13
	movs	r0, #1
	.loc	2 666 18 is_stmt 1              @ ../../libraries/sdk/utilities/debug_console/fsl_debug_console.c:666:18
	strb.w	r0, [sp, #91]
	movs	r0, #0
	.loc	2 670 20                        @ ../../libraries/sdk/utilities/debug_console/fsl_debug_console.c:670:20
	str	r0, [sp, #84]
	.loc	2 671 20                        @ ../../libraries/sdk/utilities/debug_console/fsl_debug_console.c:671:20
	strb.w	r0, [sp, #115]
	.loc	2 672 9                         @ ../../libraries/sdk/utilities/debug_console/fsl_debug_console.c:672:9
	b	.LBB4_6
.LBB4_6:                                @   Parent Loop BB4_1 Depth=1
                                        @ =>  This Inner Loop Header: Depth=2
	.loc	2 672 17 is_stmt 0              @ ../../libraries/sdk/utilities/debug_console/fsl_debug_console.c:672:17
	ldrb.w	r0, [sp, #115]
	.loc	2 672 9                         @ ../../libraries/sdk/utilities/debug_console/fsl_debug_console.c:672:9
	lsls	r0, r0, #31
	cmp	r0, #0
	bne	.LBB4_17
	b	.LBB4_7
.LBB4_7:                                @   in Loop: Header=BB4_6 Depth=2
.Ltmp27:
	.loc	2 674 22 is_stmt 1              @ ../../libraries/sdk/utilities/debug_console/fsl_debug_console.c:674:22
	ldr	r0, [sp, #160]
	adds	r1, r0, #1
	str	r1, [sp, #160]
	.loc	2 674 21 is_stmt 0              @ ../../libraries/sdk/utilities/debug_console/fsl_debug_console.c:674:21
	ldrsb.w	r0, [r0, #1]
	.loc	2 674 13                        @ ../../libraries/sdk/utilities/debug_console/fsl_debug_console.c:674:13
	subs	r0, #32
	mov	r1, r0
	str	r1, [sp, #40]                   @ 4-byte Spill
	cmp	r0, #16
	bhi	.LBB4_15
@ %bb.8:                                @   in Loop: Header=BB4_6 Depth=2
	.loc	2 0 13                          @ ../../libraries/sdk/utilities/debug_console/fsl_debug_console.c:0:13
	ldr	r1, [sp, #40]                   @ 4-byte Reload
.LCPI4_0:
	tbb	[pc, r1]
@ %bb.9:
.LJTI4_1:
	.byte	(.LBB4_12-(.LCPI4_0+4))/2
	.byte	(.LBB4_15-(.LCPI4_0+4))/2
	.byte	(.LBB4_15-(.LCPI4_0+4))/2
	.byte	(.LBB4_14-(.LCPI4_0+4))/2
	.byte	(.LBB4_15-(.LCPI4_0+4))/2
	.byte	(.LBB4_15-(.LCPI4_0+4))/2
	.byte	(.LBB4_15-(.LCPI4_0+4))/2
	.byte	(.LBB4_15-(.LCPI4_0+4))/2
	.byte	(.LBB4_15-(.LCPI4_0+4))/2
	.byte	(.LBB4_15-(.LCPI4_0+4))/2
	.byte	(.LBB4_15-(.LCPI4_0+4))/2
	.byte	(.LBB4_11-(.LCPI4_0+4))/2
	.byte	(.LBB4_15-(.LCPI4_0+4))/2
	.byte	(.LBB4_10-(.LCPI4_0+4))/2
	.byte	(.LBB4_15-(.LCPI4_0+4))/2
	.byte	(.LBB4_15-(.LCPI4_0+4))/2
	.byte	(.LBB4_13-(.LCPI4_0+4))/2
	.p2align	1
.LBB4_10:                               @   in Loop: Header=BB4_6 Depth=2
.Ltmp28:
	.loc	2 677 32 is_stmt 1              @ ../../libraries/sdk/utilities/debug_console/fsl_debug_console.c:677:32
	ldr	r0, [sp, #84]
	orr	r0, r0, #1
	str	r0, [sp, #84]
	.loc	2 678 21                        @ ../../libraries/sdk/utilities/debug_console/fsl_debug_console.c:678:21
	b	.LBB4_16
.LBB4_11:                               @   in Loop: Header=BB4_6 Depth=2
	.loc	2 680 32                        @ ../../libraries/sdk/utilities/debug_console/fsl_debug_console.c:680:32
	ldr	r0, [sp, #84]
	orr	r0, r0, #2
	str	r0, [sp, #84]
	.loc	2 681 21                        @ ../../libraries/sdk/utilities/debug_console/fsl_debug_console.c:681:21
	b	.LBB4_16
.LBB4_12:                               @   in Loop: Header=BB4_6 Depth=2
	.loc	2 683 32                        @ ../../libraries/sdk/utilities/debug_console/fsl_debug_console.c:683:32
	ldr	r0, [sp, #84]
	orr	r0, r0, #4
	str	r0, [sp, #84]
	.loc	2 684 21                        @ ../../libraries/sdk/utilities/debug_console/fsl_debug_console.c:684:21
	b	.LBB4_16
.LBB4_13:                               @   in Loop: Header=BB4_6 Depth=2
	.loc	2 686 32                        @ ../../libraries/sdk/utilities/debug_console/fsl_debug_console.c:686:32
	ldr	r0, [sp, #84]
	orr	r0, r0, #8
	str	r0, [sp, #84]
	.loc	2 687 21                        @ ../../libraries/sdk/utilities/debug_console/fsl_debug_console.c:687:21
	b	.LBB4_16
.LBB4_14:                               @   in Loop: Header=BB4_6 Depth=2
	.loc	2 689 32                        @ ../../libraries/sdk/utilities/debug_console/fsl_debug_console.c:689:32
	ldr	r0, [sp, #84]
	orr	r0, r0, #16
	str	r0, [sp, #84]
	.loc	2 690 21                        @ ../../libraries/sdk/utilities/debug_console/fsl_debug_console.c:690:21
	b	.LBB4_16
.LBB4_15:                               @   in Loop: Header=BB4_6 Depth=2
	.loc	2 693 21                        @ ../../libraries/sdk/utilities/debug_console/fsl_debug_console.c:693:21
	ldr	r0, [sp, #160]
	subs	r0, #1
	str	r0, [sp, #160]
	movs	r0, #1
	.loc	2 694 26                        @ ../../libraries/sdk/utilities/debug_console/fsl_debug_console.c:694:26
	strb.w	r0, [sp, #115]
	.loc	2 695 21                        @ ../../libraries/sdk/utilities/debug_console/fsl_debug_console.c:695:21
	b	.LBB4_16
.Ltmp29:
.LBB4_16:                               @   in Loop: Header=BB4_6 Depth=2
	.loc	2 672 9                         @ ../../libraries/sdk/utilities/debug_console/fsl_debug_console.c:672:9
	b	.LBB4_6
.LBB4_17:                               @   in Loop: Header=BB4_1 Depth=1
	.loc	2 0 9 is_stmt 0                 @ ../../libraries/sdk/utilities/debug_console/fsl_debug_console.c:0:9
	movs	r0, #0
	.loc	2 701 21 is_stmt 1              @ ../../libraries/sdk/utilities/debug_console/fsl_debug_console.c:701:21
	str	r0, [sp, #104]
	.loc	2 702 21                        @ ../../libraries/sdk/utilities/debug_console/fsl_debug_console.c:702:21
	strb.w	r0, [sp, #115]
	.loc	2 703 9                         @ ../../libraries/sdk/utilities/debug_console/fsl_debug_console.c:703:9
	b	.LBB4_18
.LBB4_18:                               @   Parent Loop BB4_1 Depth=1
                                        @ =>  This Inner Loop Header: Depth=2
	.loc	2 703 17 is_stmt 0              @ ../../libraries/sdk/utilities/debug_console/fsl_debug_console.c:703:17
	ldrb.w	r0, [sp, #115]
	.loc	2 703 9                         @ ../../libraries/sdk/utilities/debug_console/fsl_debug_console.c:703:9
	lsls	r0, r0, #31
	cbnz	r0, .LBB4_27
	b	.LBB4_19
.LBB4_19:                               @   in Loop: Header=BB4_18 Depth=2
.Ltmp30:
	.loc	2 705 18 is_stmt 1              @ ../../libraries/sdk/utilities/debug_console/fsl_debug_console.c:705:18
	ldr	r0, [sp, #160]
	adds	r1, r0, #1
	str	r1, [sp, #160]
	.loc	2 705 17 is_stmt 0              @ ../../libraries/sdk/utilities/debug_console/fsl_debug_console.c:705:17
	ldrb	r0, [r0, #1]
	.loc	2 705 15                        @ ../../libraries/sdk/utilities/debug_console/fsl_debug_console.c:705:15
	strb.w	r0, [sp, #159]
.Ltmp31:
	.loc	2 706 18 is_stmt 1              @ ../../libraries/sdk/utilities/debug_console/fsl_debug_console.c:706:18
	ldrsb.w	r0, [sp, #159]
	.loc	2 706 28 is_stmt 0              @ ../../libraries/sdk/utilities/debug_console/fsl_debug_console.c:706:28
	cmp	r0, #48
	blt	.LBB4_22
	b	.LBB4_20
.LBB4_20:                               @   in Loop: Header=BB4_18 Depth=2
	.loc	2 706 32                        @ ../../libraries/sdk/utilities/debug_console/fsl_debug_console.c:706:32
	ldrsb.w	r0, [sp, #159]
.Ltmp32:
	.loc	2 706 17                        @ ../../libraries/sdk/utilities/debug_console/fsl_debug_console.c:706:17
	cmp	r0, #57
	bgt	.LBB4_22
	b	.LBB4_21
.LBB4_21:                               @   in Loop: Header=BB4_18 Depth=2
.Ltmp33:
	.loc	2 708 32 is_stmt 1              @ ../../libraries/sdk/utilities/debug_console/fsl_debug_console.c:708:32
	ldr	r0, [sp, #104]
	.loc	2 708 44 is_stmt 0              @ ../../libraries/sdk/utilities/debug_console/fsl_debug_console.c:708:44
	add.w	r1, r0, r0, lsl #2
	.loc	2 708 64                        @ ../../libraries/sdk/utilities/debug_console/fsl_debug_console.c:708:64
	ldrsb.w	r0, [sp, #159]
	.loc	2 708 51                        @ ../../libraries/sdk/utilities/debug_console/fsl_debug_console.c:708:51
	add.w	r0, r0, r1, lsl #1
	subs	r0, #48
	.loc	2 708 29                        @ ../../libraries/sdk/utilities/debug_console/fsl_debug_console.c:708:29
	str	r0, [sp, #104]
	.loc	2 709 13 is_stmt 1              @ ../../libraries/sdk/utilities/debug_console/fsl_debug_console.c:709:13
	b	.LBB4_26
.Ltmp34:
.LBB4_22:                               @   in Loop: Header=BB4_18 Depth=2
	.loc	2 711 22                        @ ../../libraries/sdk/utilities/debug_console/fsl_debug_console.c:711:22
	ldrsb.w	r0, [sp, #159]
.Ltmp35:
	.loc	2 711 22 is_stmt 0              @ ../../libraries/sdk/utilities/debug_console/fsl_debug_console.c:711:22
	cmp	r0, #42
	bne	.LBB4_24
	b	.LBB4_23
.LBB4_23:                               @   in Loop: Header=BB4_18 Depth=2
.Ltmp36:
	.loc	2 713 41 is_stmt 1              @ ../../libraries/sdk/utilities/debug_console/fsl_debug_console.c:713:41
	ldr	r0, [sp, #172]
	adds	r1, r0, #4
	str	r1, [sp, #172]
	ldr	r0, [r0]
	.loc	2 713 29 is_stmt 0              @ ../../libraries/sdk/utilities/debug_console/fsl_debug_console.c:713:29
	str	r0, [sp, #104]
	.loc	2 714 13 is_stmt 1              @ ../../libraries/sdk/utilities/debug_console/fsl_debug_console.c:714:13
	b	.LBB4_25
.Ltmp37:
.LBB4_24:                               @   in Loop: Header=BB4_18 Depth=2
	.loc	2 719 17                        @ ../../libraries/sdk/utilities/debug_console/fsl_debug_console.c:719:17
	ldr	r0, [sp, #160]
	subs	r0, #1
	str	r0, [sp, #160]
	movs	r0, #1
	.loc	2 720 22                        @ ../../libraries/sdk/utilities/debug_console/fsl_debug_console.c:720:22
	strb.w	r0, [sp, #115]
	b	.LBB4_25
.Ltmp38:
.LBB4_25:                               @   in Loop: Header=BB4_18 Depth=2
	.loc	2 0 22 is_stmt 0                @ ../../libraries/sdk/utilities/debug_console/fsl_debug_console.c:0:22
	b	.LBB4_26
.LBB4_26:                               @   in Loop: Header=BB4_18 Depth=2
	.loc	2 703 9 is_stmt 1               @ ../../libraries/sdk/utilities/debug_console/fsl_debug_console.c:703:9
	b	.LBB4_18
.LBB4_27:                               @   in Loop: Header=BB4_1 Depth=1
	.loc	2 0 9 is_stmt 0                 @ ../../libraries/sdk/utilities/debug_console/fsl_debug_console.c:0:9
	movs	r0, #6
	.loc	2 725 25 is_stmt 1              @ ../../libraries/sdk/utilities/debug_console/fsl_debug_console.c:725:25
	str	r0, [sp, #100]
	movs	r0, #0
	.loc	2 728 31                        @ ../../libraries/sdk/utilities/debug_console/fsl_debug_console.c:728:31
	strb.w	r0, [sp, #63]
.Ltmp39:
	.loc	2 730 14                        @ ../../libraries/sdk/utilities/debug_console/fsl_debug_console.c:730:14
	ldr	r0, [sp, #160]
	adds	r1, r0, #1
	str	r1, [sp, #160]
	.loc	2 730 13 is_stmt 0              @ ../../libraries/sdk/utilities/debug_console/fsl_debug_console.c:730:13
	ldrsb.w	r0, [r0, #1]
.Ltmp40:
	.loc	2 730 13                        @ ../../libraries/sdk/utilities/debug_console/fsl_debug_console.c:730:13
	cmp	r0, #46
	bne	.LBB4_39
	b	.LBB4_28
.LBB4_28:                               @   in Loop: Header=BB4_1 Depth=1
	.loc	2 0 13                          @ ../../libraries/sdk/utilities/debug_console/fsl_debug_console.c:0:13
	movs	r0, #0
.Ltmp41:
	.loc	2 733 29 is_stmt 1              @ ../../libraries/sdk/utilities/debug_console/fsl_debug_console.c:733:29
	str	r0, [sp, #100]
	.loc	2 734 29                        @ ../../libraries/sdk/utilities/debug_console/fsl_debug_console.c:734:29
	strb.w	r0, [sp, #115]
	.loc	2 735 13                        @ ../../libraries/sdk/utilities/debug_console/fsl_debug_console.c:735:13
	b	.LBB4_29
.LBB4_29:                               @   Parent Loop BB4_1 Depth=1
                                        @ =>  This Inner Loop Header: Depth=2
	.loc	2 735 21 is_stmt 0              @ ../../libraries/sdk/utilities/debug_console/fsl_debug_console.c:735:21
	ldrb.w	r0, [sp, #115]
	.loc	2 735 13                        @ ../../libraries/sdk/utilities/debug_console/fsl_debug_console.c:735:13
	lsls	r0, r0, #31
	cbnz	r0, .LBB4_38
	b	.LBB4_30
.LBB4_30:                               @   in Loop: Header=BB4_29 Depth=2
.Ltmp42:
	.loc	2 737 22 is_stmt 1              @ ../../libraries/sdk/utilities/debug_console/fsl_debug_console.c:737:22
	ldr	r0, [sp, #160]
	adds	r1, r0, #1
	str	r1, [sp, #160]
	.loc	2 737 21 is_stmt 0              @ ../../libraries/sdk/utilities/debug_console/fsl_debug_console.c:737:21
	ldrb	r0, [r0, #1]
	.loc	2 737 19                        @ ../../libraries/sdk/utilities/debug_console/fsl_debug_console.c:737:19
	strb.w	r0, [sp, #159]
.Ltmp43:
	.loc	2 738 22 is_stmt 1              @ ../../libraries/sdk/utilities/debug_console/fsl_debug_console.c:738:22
	ldrsb.w	r0, [sp, #159]
	.loc	2 738 32 is_stmt 0              @ ../../libraries/sdk/utilities/debug_console/fsl_debug_console.c:738:32
	cmp	r0, #48
	blt	.LBB4_33
	b	.LBB4_31
.LBB4_31:                               @   in Loop: Header=BB4_29 Depth=2
	.loc	2 738 36                        @ ../../libraries/sdk/utilities/debug_console/fsl_debug_console.c:738:36
	ldrsb.w	r0, [sp, #159]
.Ltmp44:
	.loc	2 738 21                        @ ../../libraries/sdk/utilities/debug_console/fsl_debug_console.c:738:21
	cmp	r0, #57
	bgt	.LBB4_33
	b	.LBB4_32
.LBB4_32:                               @   in Loop: Header=BB4_29 Depth=2
.Ltmp45:
	.loc	2 740 40 is_stmt 1              @ ../../libraries/sdk/utilities/debug_console/fsl_debug_console.c:740:40
	ldr	r0, [sp, #100]
	.loc	2 740 56 is_stmt 0              @ ../../libraries/sdk/utilities/debug_console/fsl_debug_console.c:740:56
	add.w	r1, r0, r0, lsl #2
	.loc	2 740 76                        @ ../../libraries/sdk/utilities/debug_console/fsl_debug_console.c:740:76
	ldrsb.w	r0, [sp, #159]
	.loc	2 740 63                        @ ../../libraries/sdk/utilities/debug_console/fsl_debug_console.c:740:63
	add.w	r0, r0, r1, lsl #1
	subs	r0, #48
	.loc	2 740 37                        @ ../../libraries/sdk/utilities/debug_console/fsl_debug_console.c:740:37
	str	r0, [sp, #100]
	movs	r0, #1
	.loc	2 742 43 is_stmt 1              @ ../../libraries/sdk/utilities/debug_console/fsl_debug_console.c:742:43
	strb.w	r0, [sp, #63]
	.loc	2 744 17                        @ ../../libraries/sdk/utilities/debug_console/fsl_debug_console.c:744:17
	b	.LBB4_37
.Ltmp46:
.LBB4_33:                               @   in Loop: Header=BB4_29 Depth=2
	.loc	2 746 26                        @ ../../libraries/sdk/utilities/debug_console/fsl_debug_console.c:746:26
	ldrsb.w	r0, [sp, #159]
.Ltmp47:
	.loc	2 746 26 is_stmt 0              @ ../../libraries/sdk/utilities/debug_console/fsl_debug_console.c:746:26
	cmp	r0, #42
	bne	.LBB4_35
	b	.LBB4_34
.LBB4_34:                               @   in Loop: Header=BB4_29 Depth=2
.Ltmp48:
	.loc	2 748 55 is_stmt 1              @ ../../libraries/sdk/utilities/debug_console/fsl_debug_console.c:748:55
	ldr	r0, [sp, #172]
	adds	r1, r0, #4
	str	r1, [sp, #172]
	ldr	r0, [r0]
	.loc	2 748 43 is_stmt 0              @ ../../libraries/sdk/utilities/debug_console/fsl_debug_console.c:748:43
	str	r0, [sp, #100]
	movs	r0, #1
	.loc	2 749 43 is_stmt 1              @ ../../libraries/sdk/utilities/debug_console/fsl_debug_console.c:749:43
	strb.w	r0, [sp, #63]
	.loc	2 750 17                        @ ../../libraries/sdk/utilities/debug_console/fsl_debug_console.c:750:17
	b	.LBB4_36
.Ltmp49:
.LBB4_35:                               @   in Loop: Header=BB4_29 Depth=2
	.loc	2 755 21                        @ ../../libraries/sdk/utilities/debug_console/fsl_debug_console.c:755:21
	ldr	r0, [sp, #160]
	subs	r0, #1
	str	r0, [sp, #160]
	movs	r0, #1
	.loc	2 756 26                        @ ../../libraries/sdk/utilities/debug_console/fsl_debug_console.c:756:26
	strb.w	r0, [sp, #115]
	b	.LBB4_36
.Ltmp50:
.LBB4_36:                               @   in Loop: Header=BB4_29 Depth=2
	.loc	2 0 26 is_stmt 0                @ ../../libraries/sdk/utilities/debug_console/fsl_debug_console.c:0:26
	b	.LBB4_37
.LBB4_37:                               @   in Loop: Header=BB4_29 Depth=2
	.loc	2 735 13 is_stmt 1              @ ../../libraries/sdk/utilities/debug_console/fsl_debug_console.c:735:13
	b	.LBB4_29
.LBB4_38:                               @   in Loop: Header=BB4_1 Depth=1
	.loc	2 759 9                         @ ../../libraries/sdk/utilities/debug_console/fsl_debug_console.c:759:9
	b	.LBB4_40
.Ltmp51:
.LBB4_39:                               @   in Loop: Header=BB4_1 Depth=1
	.loc	2 763 13                        @ ../../libraries/sdk/utilities/debug_console/fsl_debug_console.c:763:13
	ldr	r0, [sp, #160]
	subs	r0, #1
	str	r0, [sp, #160]
	b	.LBB4_40
.Ltmp52:
.LBB4_40:                               @   in Loop: Header=BB4_1 Depth=1
	.loc	2 769 28                        @ ../../libraries/sdk/utilities/debug_console/fsl_debug_console.c:769:28
	ldr	r0, [sp, #160]
	adds	r1, r0, #1
	str	r1, [sp, #160]
	.loc	2 769 27 is_stmt 0              @ ../../libraries/sdk/utilities/debug_console/fsl_debug_console.c:769:27
	ldrsb.w	r0, [r0, #1]
	.loc	2 769 9                         @ ../../libraries/sdk/utilities/debug_console/fsl_debug_console.c:769:9
	mov	r1, r0
	str	r1, [sp, #36]                   @ 4-byte Spill
	cmp	r0, #104
	beq	.LBB4_42
	b	.LBB4_41
.LBB4_41:                               @   in Loop: Header=BB4_1 Depth=1
	ldr	r0, [sp, #36]                   @ 4-byte Reload
	cmp	r0, #108
	beq	.LBB4_46
	b	.LBB4_50
.LBB4_42:                               @   in Loop: Header=BB4_1 Depth=1
.Ltmp53:
	.loc	2 772 22 is_stmt 1              @ ../../libraries/sdk/utilities/debug_console/fsl_debug_console.c:772:22
	ldr	r0, [sp, #160]
	adds	r1, r0, #1
	str	r1, [sp, #160]
	.loc	2 772 21 is_stmt 0              @ ../../libraries/sdk/utilities/debug_console/fsl_debug_console.c:772:21
	ldrsb.w	r0, [r0, #1]
.Ltmp54:
	.loc	2 772 21                        @ ../../libraries/sdk/utilities/debug_console/fsl_debug_console.c:772:21
	cmp	r0, #104
	beq	.LBB4_44
	b	.LBB4_43
.LBB4_43:                               @   in Loop: Header=BB4_1 Depth=1
.Ltmp55:
	.loc	2 774 32 is_stmt 1              @ ../../libraries/sdk/utilities/debug_console/fsl_debug_console.c:774:32
	ldr	r0, [sp, #84]
	orr	r0, r0, #64
	str	r0, [sp, #84]
	.loc	2 775 21                        @ ../../libraries/sdk/utilities/debug_console/fsl_debug_console.c:775:21
	ldr	r0, [sp, #160]
	subs	r0, #1
	str	r0, [sp, #160]
	.loc	2 776 17                        @ ../../libraries/sdk/utilities/debug_console/fsl_debug_console.c:776:17
	b	.LBB4_45
.Ltmp56:
.LBB4_44:                               @   in Loop: Header=BB4_1 Depth=1
	.loc	2 779 32                        @ ../../libraries/sdk/utilities/debug_console/fsl_debug_console.c:779:32
	ldr	r0, [sp, #84]
	orr	r0, r0, #32
	str	r0, [sp, #84]
	b	.LBB4_45
.Ltmp57:
.LBB4_45:                               @   in Loop: Header=BB4_1 Depth=1
	.loc	2 781 17                        @ ../../libraries/sdk/utilities/debug_console/fsl_debug_console.c:781:17
	b	.LBB4_51
.LBB4_46:                               @   in Loop: Header=BB4_1 Depth=1
.Ltmp58:
	.loc	2 783 22                        @ ../../libraries/sdk/utilities/debug_console/fsl_debug_console.c:783:22
	ldr	r0, [sp, #160]
	adds	r1, r0, #1
	str	r1, [sp, #160]
	.loc	2 783 21 is_stmt 0              @ ../../libraries/sdk/utilities/debug_console/fsl_debug_console.c:783:21
	ldrsb.w	r0, [r0, #1]
.Ltmp59:
	.loc	2 783 21                        @ ../../libraries/sdk/utilities/debug_console/fsl_debug_console.c:783:21
	cmp	r0, #108
	beq	.LBB4_48
	b	.LBB4_47
.LBB4_47:                               @   in Loop: Header=BB4_1 Depth=1
.Ltmp60:
	.loc	2 785 32 is_stmt 1              @ ../../libraries/sdk/utilities/debug_console/fsl_debug_console.c:785:32
	ldr	r0, [sp, #84]
	orr	r0, r0, #128
	str	r0, [sp, #84]
	.loc	2 786 21                        @ ../../libraries/sdk/utilities/debug_console/fsl_debug_console.c:786:21
	ldr	r0, [sp, #160]
	subs	r0, #1
	str	r0, [sp, #160]
	.loc	2 787 17                        @ ../../libraries/sdk/utilities/debug_console/fsl_debug_console.c:787:17
	b	.LBB4_49
.Ltmp61:
.LBB4_48:                               @   in Loop: Header=BB4_1 Depth=1
	.loc	2 790 32                        @ ../../libraries/sdk/utilities/debug_console/fsl_debug_console.c:790:32
	ldr	r0, [sp, #84]
	orr	r0, r0, #256
	str	r0, [sp, #84]
	b	.LBB4_49
.Ltmp62:
.LBB4_49:                               @   in Loop: Header=BB4_1 Depth=1
	.loc	2 792 17                        @ ../../libraries/sdk/utilities/debug_console/fsl_debug_console.c:792:17
	b	.LBB4_51
.LBB4_50:                               @   in Loop: Header=BB4_1 Depth=1
	.loc	2 795 17                        @ ../../libraries/sdk/utilities/debug_console/fsl_debug_console.c:795:17
	ldr	r0, [sp, #160]
	subs	r0, #1
	str	r0, [sp, #160]
	.loc	2 796 17                        @ ../../libraries/sdk/utilities/debug_console/fsl_debug_console.c:796:17
	b	.LBB4_51
.Ltmp63:
.LBB4_51:                               @   in Loop: Header=BB4_1 Depth=1
	.loc	2 800 14                        @ ../../libraries/sdk/utilities/debug_console/fsl_debug_console.c:800:14
	ldr	r0, [sp, #160]
	adds	r1, r0, #1
	str	r1, [sp, #160]
	.loc	2 800 13 is_stmt 0              @ ../../libraries/sdk/utilities/debug_console/fsl_debug_console.c:800:13
	ldrb	r0, [r0, #1]
	.loc	2 800 11                        @ ../../libraries/sdk/utilities/debug_console/fsl_debug_console.c:800:11
	strb.w	r0, [sp, #159]
.Ltmp64:
	.loc	2 802 18 is_stmt 1              @ ../../libraries/sdk/utilities/debug_console/fsl_debug_console.c:802:18
	ldrsb.w	r0, [sp, #159]
	.loc	2 802 28 is_stmt 0              @ ../../libraries/sdk/utilities/debug_console/fsl_debug_console.c:802:28
	cmp	r0, #100
	beq	.LBB4_61
	b	.LBB4_52
.LBB4_52:                               @   in Loop: Header=BB4_1 Depth=1
	.loc	2 802 32                        @ ../../libraries/sdk/utilities/debug_console/fsl_debug_console.c:802:32
	ldrsb.w	r0, [sp, #159]
	.loc	2 802 42                        @ ../../libraries/sdk/utilities/debug_console/fsl_debug_console.c:802:42
	cmp	r0, #105
	beq	.LBB4_61
	b	.LBB4_53
.LBB4_53:                               @   in Loop: Header=BB4_1 Depth=1
	.loc	2 802 46                        @ ../../libraries/sdk/utilities/debug_console/fsl_debug_console.c:802:46
	ldrsb.w	r0, [sp, #159]
	.loc	2 802 56                        @ ../../libraries/sdk/utilities/debug_console/fsl_debug_console.c:802:56
	cmp	r0, #102
	beq	.LBB4_61
	b	.LBB4_54
.LBB4_54:                               @   in Loop: Header=BB4_1 Depth=1
	.loc	2 802 60                        @ ../../libraries/sdk/utilities/debug_console/fsl_debug_console.c:802:60
	ldrsb.w	r0, [sp, #159]
	.loc	2 802 70                        @ ../../libraries/sdk/utilities/debug_console/fsl_debug_console.c:802:70
	cmp	r0, #70
	beq	.LBB4_61
	b	.LBB4_55
.LBB4_55:                               @   in Loop: Header=BB4_1 Depth=1
	.loc	2 802 74                        @ ../../libraries/sdk/utilities/debug_console/fsl_debug_console.c:802:74
	ldrsb.w	r0, [sp, #159]
	.loc	2 802 84                        @ ../../libraries/sdk/utilities/debug_console/fsl_debug_console.c:802:84
	cmp	r0, #120
	beq	.LBB4_61
	b	.LBB4_56
.LBB4_56:                               @   in Loop: Header=BB4_1 Depth=1
	.loc	2 802 88                        @ ../../libraries/sdk/utilities/debug_console/fsl_debug_console.c:802:88
	ldrsb.w	r0, [sp, #159]
	.loc	2 802 98                        @ ../../libraries/sdk/utilities/debug_console/fsl_debug_console.c:802:98
	cmp	r0, #88
	beq	.LBB4_61
	b	.LBB4_57
.LBB4_57:                               @   in Loop: Header=BB4_1 Depth=1
	.loc	2 802 102                       @ ../../libraries/sdk/utilities/debug_console/fsl_debug_console.c:802:102
	ldrsb.w	r0, [sp, #159]
	.loc	2 802 112                       @ ../../libraries/sdk/utilities/debug_console/fsl_debug_console.c:802:112
	cmp	r0, #111
	beq	.LBB4_61
	b	.LBB4_58
.LBB4_58:                               @   in Loop: Header=BB4_1 Depth=1
	.loc	2 803 18 is_stmt 1              @ ../../libraries/sdk/utilities/debug_console/fsl_debug_console.c:803:18
	ldrsb.w	r0, [sp, #159]
	.loc	2 803 28 is_stmt 0              @ ../../libraries/sdk/utilities/debug_console/fsl_debug_console.c:803:28
	cmp	r0, #98
	beq	.LBB4_61
	b	.LBB4_59
.LBB4_59:                               @   in Loop: Header=BB4_1 Depth=1
	.loc	2 803 32                        @ ../../libraries/sdk/utilities/debug_console/fsl_debug_console.c:803:32
	ldrsb.w	r0, [sp, #159]
	.loc	2 803 42                        @ ../../libraries/sdk/utilities/debug_console/fsl_debug_console.c:803:42
	cmp	r0, #112
	beq	.LBB4_61
	b	.LBB4_60
.LBB4_60:                               @   in Loop: Header=BB4_1 Depth=1
	.loc	2 803 46                        @ ../../libraries/sdk/utilities/debug_console/fsl_debug_console.c:803:46
	ldrsb.w	r0, [sp, #159]
.Ltmp65:
	.loc	2 802 17 is_stmt 1              @ ../../libraries/sdk/utilities/debug_console/fsl_debug_console.c:802:17
	cmp	r0, #117
	bne.w	.LBB4_175
	b	.LBB4_61
.LBB4_61:                               @   in Loop: Header=BB4_1 Depth=1
.Ltmp66:
	.loc	2 805 22                        @ ../../libraries/sdk/utilities/debug_console/fsl_debug_console.c:805:22
	ldrsb.w	r0, [sp, #159]
	.loc	2 805 32 is_stmt 0              @ ../../libraries/sdk/utilities/debug_console/fsl_debug_console.c:805:32
	cmp	r0, #100
	beq	.LBB4_63
	b	.LBB4_62
.LBB4_62:                               @   in Loop: Header=BB4_1 Depth=1
	.loc	2 805 36                        @ ../../libraries/sdk/utilities/debug_console/fsl_debug_console.c:805:36
	ldrsb.w	r0, [sp, #159]
.Ltmp67:
	.loc	2 805 21                        @ ../../libraries/sdk/utilities/debug_console/fsl_debug_console.c:805:21
	cmp	r0, #105
	bne.w	.LBB4_91
	b	.LBB4_63
.LBB4_63:                               @   in Loop: Header=BB4_1 Depth=1
.Ltmp68:
	.loc	2 808 25 is_stmt 1              @ ../../libraries/sdk/utilities/debug_console/fsl_debug_console.c:808:25
	ldrb.w	r0, [sp, #85]
	lsls	r0, r0, #31
	cbz	r0, .LBB4_65
	b	.LBB4_64
.LBB4_64:                               @   in Loop: Header=BB4_1 Depth=1
.Ltmp69:
	.loc	2 810 47                        @ ../../libraries/sdk/utilities/debug_console/fsl_debug_console.c:810:47
	ldr	r0, [sp, #172]
	adds	r0, #7
	bic	r1, r0, #7
	add.w	r0, r1, #8
	str	r0, [sp, #172]
	ldr	r0, [r1]
	ldr	r1, [r1, #4]
	.loc	2 810 30 is_stmt 0              @ ../../libraries/sdk/utilities/debug_console/fsl_debug_console.c:810:30
	str	r1, [sp, #76]
	str	r0, [sp, #72]
	.loc	2 811 21 is_stmt 1              @ ../../libraries/sdk/utilities/debug_console/fsl_debug_console.c:811:21
	b	.LBB4_69
.Ltmp70:
.LBB4_65:                               @   in Loop: Header=BB4_1 Depth=1
	.loc	2 812 30                        @ ../../libraries/sdk/utilities/debug_console/fsl_debug_console.c:812:30
	ldrb.w	r0, [sp, #84]
	lsls	r0, r0, #24
	cmp	r0, #0
	bpl	.LBB4_67
	b	.LBB4_66
.LBB4_66:                               @   in Loop: Header=BB4_1 Depth=1
.Ltmp71:
	.loc	2 814 42                        @ ../../libraries/sdk/utilities/debug_console/fsl_debug_console.c:814:42
	ldr	r0, [sp, #172]
	adds	r1, r0, #4
	str	r1, [sp, #172]
	ldr	r1, [r0]
	asrs	r0, r1, #31
	.loc	2 814 30 is_stmt 0              @ ../../libraries/sdk/utilities/debug_console/fsl_debug_console.c:814:30
	str	r1, [sp, #72]
	str	r0, [sp, #76]
	.loc	2 815 21 is_stmt 1              @ ../../libraries/sdk/utilities/debug_console/fsl_debug_console.c:815:21
	b	.LBB4_68
.Ltmp72:
.LBB4_67:                               @   in Loop: Header=BB4_1 Depth=1
	.loc	2 819 37                        @ ../../libraries/sdk/utilities/debug_console/fsl_debug_console.c:819:37
	ldr	r0, [sp, #172]
	adds	r1, r0, #4
	str	r1, [sp, #172]
	ldr	r1, [r0]
	asrs	r0, r1, #31
	.loc	2 819 30 is_stmt 0              @ ../../libraries/sdk/utilities/debug_console/fsl_debug_console.c:819:30
	str	r1, [sp, #72]
	str	r0, [sp, #76]
	b	.LBB4_68
.Ltmp73:
.LBB4_68:                               @   in Loop: Header=BB4_1 Depth=1
	.loc	2 0 30                          @ ../../libraries/sdk/utilities/debug_console/fsl_debug_console.c:0:30
	b	.LBB4_69
.LBB4_69:                               @   in Loop: Header=BB4_1 Depth=1
	.loc	2 821 29 is_stmt 1              @ ../../libraries/sdk/utilities/debug_console/fsl_debug_console.c:821:29
	ldrb.w	r0, [sp, #91]
	and	r0, r0, #1
	mov	r1, sp
	str	r0, [r1]
	add.w	r0, sp, #126
	str	r0, [sp, #32]                   @ 4-byte Spill
	add	r1, sp, #72
	movs	r2, #1
	movs	r3, #10
	bl	DbgConsole_ConvertRadixNumToString
	mov	r1, r0
	.loc	2 821 27 is_stmt 0              @ ../../libraries/sdk/utilities/debug_console/fsl_debug_console.c:821:27
	ldr	r0, [sp, #32]                   @ 4-byte Reload
	str	r1, [sp, #116]
	.loc	2 822 35 is_stmt 1              @ ../../libraries/sdk/utilities/debug_console/fsl_debug_console.c:822:35
	ldr	r1, [sp, #116]
	.loc	2 822 30 is_stmt 0              @ ../../libraries/sdk/utilities/debug_console/fsl_debug_console.c:822:30
	add	r0, r1
	.loc	2 822 27                        @ ../../libraries/sdk/utilities/debug_console/fsl_debug_console.c:822:27
	str	r0, [sp, #120]
.Ltmp74:
	.loc	2 824 25 is_stmt 1              @ ../../libraries/sdk/utilities/debug_console/fsl_debug_console.c:824:25
	ldr	r0, [sp, #76]
.Ltmp75:
	.loc	2 824 25 is_stmt 0              @ ../../libraries/sdk/utilities/debug_console/fsl_debug_console.c:824:25
	cmp.w	r0, #-1
	bgt	.LBB4_71
	b	.LBB4_70
.LBB4_70:                               @   in Loop: Header=BB4_1 Depth=1
	.loc	2 0 25                          @ ../../libraries/sdk/utilities/debug_console/fsl_debug_console.c:0:25
	movs	r0, #45
.Ltmp76:
	.loc	2 826 31 is_stmt 1              @ ../../libraries/sdk/utilities/debug_console/fsl_debug_console.c:826:31
	strb.w	r0, [sp, #83]
	.loc	2 827 25                        @ ../../libraries/sdk/utilities/debug_console/fsl_debug_console.c:827:25
	ldr	r0, [sp, #116]
	adds	r0, #1
	str	r0, [sp, #116]
	.loc	2 828 21                        @ ../../libraries/sdk/utilities/debug_console/fsl_debug_console.c:828:21
	b	.LBB4_78
.Ltmp77:
.LBB4_71:                               @   in Loop: Header=BB4_1 Depth=1
	.loc	2 831 29                        @ ../../libraries/sdk/utilities/debug_console/fsl_debug_console.c:831:29
	ldrb.w	r0, [sp, #84]
	lsls	r0, r0, #30
	cmp	r0, #0
	bpl	.LBB4_73
	b	.LBB4_72
.LBB4_72:                               @   in Loop: Header=BB4_1 Depth=1
	.loc	2 0 29 is_stmt 0                @ ../../libraries/sdk/utilities/debug_console/fsl_debug_console.c:0:29
	movs	r0, #43
.Ltmp78:
	.loc	2 833 35 is_stmt 1              @ ../../libraries/sdk/utilities/debug_console/fsl_debug_console.c:833:35
	strb.w	r0, [sp, #83]
	.loc	2 834 29                        @ ../../libraries/sdk/utilities/debug_console/fsl_debug_console.c:834:29
	ldr	r0, [sp, #116]
	adds	r0, #1
	str	r0, [sp, #116]
	.loc	2 835 25                        @ ../../libraries/sdk/utilities/debug_console/fsl_debug_console.c:835:25
	b	.LBB4_77
.Ltmp79:
.LBB4_73:                               @   in Loop: Header=BB4_1 Depth=1
	.loc	2 838 33                        @ ../../libraries/sdk/utilities/debug_console/fsl_debug_console.c:838:33
	ldrb.w	r0, [sp, #84]
	lsls	r0, r0, #29
	cmp	r0, #0
	bpl	.LBB4_75
	b	.LBB4_74
.LBB4_74:                               @   in Loop: Header=BB4_1 Depth=1
	.loc	2 0 33 is_stmt 0                @ ../../libraries/sdk/utilities/debug_console/fsl_debug_console.c:0:33
	movs	r0, #32
.Ltmp80:
	.loc	2 840 39 is_stmt 1              @ ../../libraries/sdk/utilities/debug_console/fsl_debug_console.c:840:39
	strb.w	r0, [sp, #83]
	.loc	2 841 33                        @ ../../libraries/sdk/utilities/debug_console/fsl_debug_console.c:841:33
	ldr	r0, [sp, #116]
	adds	r0, #1
	str	r0, [sp, #116]
	.loc	2 842 29                        @ ../../libraries/sdk/utilities/debug_console/fsl_debug_console.c:842:29
	b	.LBB4_76
.Ltmp81:
.LBB4_75:                               @   in Loop: Header=BB4_1 Depth=1
	.loc	2 0 29 is_stmt 0                @ ../../libraries/sdk/utilities/debug_console/fsl_debug_console.c:0:29
	movs	r0, #0
.Ltmp82:
	.loc	2 845 39 is_stmt 1              @ ../../libraries/sdk/utilities/debug_console/fsl_debug_console.c:845:39
	strb.w	r0, [sp, #83]
	b	.LBB4_76
.Ltmp83:
.LBB4_76:                               @   in Loop: Header=BB4_1 Depth=1
	.loc	2 0 39 is_stmt 0                @ ../../libraries/sdk/utilities/debug_console/fsl_debug_console.c:0:39
	b	.LBB4_77
.LBB4_77:                               @   in Loop: Header=BB4_1 Depth=1
	b	.LBB4_78
.LBB4_78:                               @   in Loop: Header=BB4_1 Depth=1
	movs	r0, #0
	.loc	2 849 28 is_stmt 1              @ ../../libraries/sdk/utilities/debug_console/fsl_debug_console.c:849:28
	strb.w	r0, [sp, #82]
	.loc	2 851 25                        @ ../../libraries/sdk/utilities/debug_console/fsl_debug_console.c:851:25
	ldrb.w	r0, [sp, #84]
	lsls	r0, r0, #28
	cmp	r0, #0
	bpl	.LBB4_82
	b	.LBB4_79
.LBB4_79:                               @   in Loop: Header=BB4_1 Depth=1
.Ltmp84:
	.loc	2 853 37                        @ ../../libraries/sdk/utilities/debug_console/fsl_debug_console.c:853:37
	ldrsb.w	r0, [sp, #83]
.Ltmp85:
	.loc	2 853 29 is_stmt 0              @ ../../libraries/sdk/utilities/debug_console/fsl_debug_console.c:853:29
	cbz	r0, .LBB4_81
	b	.LBB4_80
.LBB4_80:                               @   in Loop: Header=BB4_1 Depth=1
.Ltmp86:
	.loc	2 855 35 is_stmt 1              @ ../../libraries/sdk/utilities/debug_console/fsl_debug_console.c:855:35
	ldr	r1, [sp, #168]
	.loc	2 855 44 is_stmt 0              @ ../../libraries/sdk/utilities/debug_console/fsl_debug_console.c:855:44
	ldrsb.w	r0, [sp, #83]
	.loc	2 855 35                        @ ../../libraries/sdk/utilities/debug_console/fsl_debug_console.c:855:35
	blx	r1
	.loc	2 856 34 is_stmt 1              @ ../../libraries/sdk/utilities/debug_console/fsl_debug_console.c:856:34
	ldr	r0, [sp, #108]
	adds	r0, #1
	str	r0, [sp, #108]
	.loc	2 857 25                        @ ../../libraries/sdk/utilities/debug_console/fsl_debug_console.c:857:25
	b	.LBB4_81
.Ltmp87:
.LBB4_81:                               @   in Loop: Header=BB4_1 Depth=1
	.loc	2 0 25 is_stmt 0                @ ../../libraries/sdk/utilities/debug_console/fsl_debug_console.c:0:25
	movs	r0, #1
	.loc	2 858 32 is_stmt 1              @ ../../libraries/sdk/utilities/debug_console/fsl_debug_console.c:858:32
	strb.w	r0, [sp, #82]
	.loc	2 860 64                        @ ../../libraries/sdk/utilities/debug_console/fsl_debug_console.c:860:64
	ldr	r1, [sp, #116]
	.loc	2 860 79 is_stmt 0              @ ../../libraries/sdk/utilities/debug_console/fsl_debug_console.c:860:79
	ldr	r2, [sp, #104]
	.loc	2 860 100                       @ ../../libraries/sdk/utilities/debug_console/fsl_debug_console.c:860:100
	ldr	r0, [sp, #168]
	.loc	2 860 25                        @ ../../libraries/sdk/utilities/debug_console/fsl_debug_console.c:860:25
	mov	r3, sp
	str	r0, [r3]
	movs	r0, #48
	add	r3, sp, #108
	bl	DbgConsole_PrintfPaddingCharacter
	.loc	2 861 41 is_stmt 1              @ ../../libraries/sdk/utilities/debug_console/fsl_debug_console.c:861:41
	ldr	r0, [sp, #104]
	.loc	2 861 30 is_stmt 0              @ ../../libraries/sdk/utilities/debug_console/fsl_debug_console.c:861:30
	str	r0, [sp, #116]
	.loc	2 862 21 is_stmt 1              @ ../../libraries/sdk/utilities/debug_console/fsl_debug_console.c:862:21
	b	.LBB4_87
.Ltmp88:
.LBB4_82:                               @   in Loop: Header=BB4_1 Depth=1
	.loc	2 865 29                        @ ../../libraries/sdk/utilities/debug_console/fsl_debug_console.c:865:29
	ldrb.w	r0, [sp, #84]
	lsls	r0, r0, #31
	cbnz	r0, .LBB4_86
	b	.LBB4_83
.LBB4_83:                               @   in Loop: Header=BB4_1 Depth=1
.Ltmp89:
	.loc	2 867 68                        @ ../../libraries/sdk/utilities/debug_console/fsl_debug_console.c:867:68
	ldr	r1, [sp, #116]
	.loc	2 867 83 is_stmt 0              @ ../../libraries/sdk/utilities/debug_console/fsl_debug_console.c:867:83
	ldr	r2, [sp, #104]
	.loc	2 867 104                       @ ../../libraries/sdk/utilities/debug_console/fsl_debug_console.c:867:104
	ldr	r0, [sp, #168]
	.loc	2 867 29                        @ ../../libraries/sdk/utilities/debug_console/fsl_debug_console.c:867:29
	mov	r3, sp
	str	r0, [r3]
	movs	r0, #32
	add	r3, sp, #108
	bl	DbgConsole_PrintfPaddingCharacter
.Ltmp90:
	.loc	2 868 41 is_stmt 1              @ ../../libraries/sdk/utilities/debug_console/fsl_debug_console.c:868:41
	ldrsb.w	r0, [sp, #83]
.Ltmp91:
	.loc	2 868 33 is_stmt 0              @ ../../libraries/sdk/utilities/debug_console/fsl_debug_console.c:868:33
	cbz	r0, .LBB4_85
	b	.LBB4_84
.LBB4_84:                               @   in Loop: Header=BB4_1 Depth=1
.Ltmp92:
	.loc	2 870 39 is_stmt 1              @ ../../libraries/sdk/utilities/debug_console/fsl_debug_console.c:870:39
	ldr	r1, [sp, #168]
	.loc	2 870 48 is_stmt 0              @ ../../libraries/sdk/utilities/debug_console/fsl_debug_console.c:870:48
	ldrsb.w	r0, [sp, #83]
	.loc	2 870 39                        @ ../../libraries/sdk/utilities/debug_console/fsl_debug_console.c:870:39
	blx	r1
	.loc	2 871 38 is_stmt 1              @ ../../libraries/sdk/utilities/debug_console/fsl_debug_console.c:871:38
	ldr	r0, [sp, #108]
	adds	r0, #1
	str	r0, [sp, #108]
	.loc	2 872 29                        @ ../../libraries/sdk/utilities/debug_console/fsl_debug_console.c:872:29
	b	.LBB4_85
.Ltmp93:
.LBB4_85:                               @   in Loop: Header=BB4_1 Depth=1
	.loc	2 0 29 is_stmt 0                @ ../../libraries/sdk/utilities/debug_console/fsl_debug_console.c:0:29
	movs	r0, #1
	.loc	2 873 36 is_stmt 1              @ ../../libraries/sdk/utilities/debug_console/fsl_debug_console.c:873:36
	strb.w	r0, [sp, #82]
	.loc	2 874 25                        @ ../../libraries/sdk/utilities/debug_console/fsl_debug_console.c:874:25
	b	.LBB4_86
.Ltmp94:
.LBB4_86:                               @   in Loop: Header=BB4_1 Depth=1
	.loc	2 0 25 is_stmt 0                @ ../../libraries/sdk/utilities/debug_console/fsl_debug_console.c:0:25
	b	.LBB4_87
.LBB4_87:                               @   in Loop: Header=BB4_1 Depth=1
.Ltmp95:
	.loc	2 877 27 is_stmt 1              @ ../../libraries/sdk/utilities/debug_console/fsl_debug_console.c:877:27
	ldrb.w	r0, [sp, #82]
	.loc	2 877 35 is_stmt 0              @ ../../libraries/sdk/utilities/debug_console/fsl_debug_console.c:877:35
	lsls	r0, r0, #31
	cbnz	r0, .LBB4_90
	b	.LBB4_88
.LBB4_88:                               @   in Loop: Header=BB4_1 Depth=1
	.loc	2 877 47                        @ ../../libraries/sdk/utilities/debug_console/fsl_debug_console.c:877:47
	ldrsb.w	r0, [sp, #83]
.Ltmp96:
	.loc	2 877 25                        @ ../../libraries/sdk/utilities/debug_console/fsl_debug_console.c:877:25
	cbz	r0, .LBB4_90
	b	.LBB4_89
.LBB4_89:                               @   in Loop: Header=BB4_1 Depth=1
.Ltmp97:
	.loc	2 879 31 is_stmt 1              @ ../../libraries/sdk/utilities/debug_console/fsl_debug_console.c:879:31
	ldr	r1, [sp, #168]
	.loc	2 879 40 is_stmt 0              @ ../../libraries/sdk/utilities/debug_console/fsl_debug_console.c:879:40
	ldrsb.w	r0, [sp, #83]
	.loc	2 879 31                        @ ../../libraries/sdk/utilities/debug_console/fsl_debug_console.c:879:31
	blx	r1
	.loc	2 880 30 is_stmt 1              @ ../../libraries/sdk/utilities/debug_console/fsl_debug_console.c:880:30
	ldr	r0, [sp, #108]
	adds	r0, #1
	str	r0, [sp, #108]
	.loc	2 881 21                        @ ../../libraries/sdk/utilities/debug_console/fsl_debug_console.c:881:21
	b	.LBB4_90
.Ltmp98:
.LBB4_90:                               @   in Loop: Header=BB4_1 Depth=1
	.loc	2 883 17                        @ ../../libraries/sdk/utilities/debug_console/fsl_debug_console.c:883:17
	b	.LBB4_91
.Ltmp99:
.LBB4_91:                               @   in Loop: Header=BB4_1 Depth=1
	.loc	2 886 22                        @ ../../libraries/sdk/utilities/debug_console/fsl_debug_console.c:886:22
	ldrsb.w	r0, [sp, #159]
	.loc	2 886 32 is_stmt 0              @ ../../libraries/sdk/utilities/debug_console/fsl_debug_console.c:886:32
	cmp	r0, #102
	beq	.LBB4_93
	b	.LBB4_92
.LBB4_92:                               @   in Loop: Header=BB4_1 Depth=1
	.loc	2 886 36                        @ ../../libraries/sdk/utilities/debug_console/fsl_debug_console.c:886:36
	ldrsb.w	r0, [sp, #159]
.Ltmp100:
	.loc	2 886 21                        @ ../../libraries/sdk/utilities/debug_console/fsl_debug_console.c:886:21
	cmp	r0, #70
	bne.w	.LBB4_115
	b	.LBB4_93
.LBB4_93:                               @   in Loop: Header=BB4_1 Depth=1
.Ltmp101:
	.loc	2 888 37 is_stmt 1              @ ../../libraries/sdk/utilities/debug_console/fsl_debug_console.c:888:37
	ldr	r0, [sp, #172]
	adds	r0, #7
	bic	r0, r0, #7
	add.w	r1, r0, #8
	str	r1, [sp, #172]
	vldr	d0, [r0]
	.loc	2 888 27 is_stmt 0              @ ../../libraries/sdk/utilities/debug_console/fsl_debug_console.c:888:27
	vstr	d0, [sp, #48]
	.loc	2 889 86 is_stmt 1              @ ../../libraries/sdk/utilities/debug_console/fsl_debug_console.c:889:86
	ldr	r3, [sp, #100]
	add.w	r0, sp, #126
	str	r0, [sp, #28]                   @ 4-byte Spill
	add	r1, sp, #48
	movs	r2, #10
	.loc	2 889 29 is_stmt 0              @ ../../libraries/sdk/utilities/debug_console/fsl_debug_console.c:889:29
	bl	DbgConsole_ConvertFloatRadixNumToString
	mov	r1, r0
	.loc	2 889 27                        @ ../../libraries/sdk/utilities/debug_console/fsl_debug_console.c:889:27
	ldr	r0, [sp, #28]                   @ 4-byte Reload
	str	r1, [sp, #116]
	.loc	2 890 35 is_stmt 1              @ ../../libraries/sdk/utilities/debug_console/fsl_debug_console.c:890:35
	ldr	r1, [sp, #116]
	.loc	2 890 30 is_stmt 0              @ ../../libraries/sdk/utilities/debug_console/fsl_debug_console.c:890:30
	add	r0, r1
	.loc	2 890 27                        @ ../../libraries/sdk/utilities/debug_console/fsl_debug_console.c:890:27
	str	r0, [sp, #120]
.Ltmp102:
	.loc	2 893 25 is_stmt 1              @ ../../libraries/sdk/utilities/debug_console/fsl_debug_console.c:893:25
	vldr	d0, [sp, #48]
.Ltmp103:
	.loc	2 893 25 is_stmt 0              @ ../../libraries/sdk/utilities/debug_console/fsl_debug_console.c:893:25
	vcmp.f64	d0, #0
	vmrs	APSR_nzcv, fpscr
	bge	.LBB4_95
	b	.LBB4_94
.LBB4_94:                               @   in Loop: Header=BB4_1 Depth=1
	.loc	2 0 25                          @ ../../libraries/sdk/utilities/debug_console/fsl_debug_console.c:0:25
	movs	r0, #45
.Ltmp104:
	.loc	2 895 31 is_stmt 1              @ ../../libraries/sdk/utilities/debug_console/fsl_debug_console.c:895:31
	strb.w	r0, [sp, #83]
	.loc	2 896 25                        @ ../../libraries/sdk/utilities/debug_console/fsl_debug_console.c:896:25
	ldr	r0, [sp, #116]
	adds	r0, #1
	str	r0, [sp, #116]
	.loc	2 897 21                        @ ../../libraries/sdk/utilities/debug_console/fsl_debug_console.c:897:21
	b	.LBB4_102
.Ltmp105:
.LBB4_95:                               @   in Loop: Header=BB4_1 Depth=1
	.loc	2 900 29                        @ ../../libraries/sdk/utilities/debug_console/fsl_debug_console.c:900:29
	ldrb.w	r0, [sp, #84]
	lsls	r0, r0, #30
	cmp	r0, #0
	bpl	.LBB4_97
	b	.LBB4_96
.LBB4_96:                               @   in Loop: Header=BB4_1 Depth=1
	.loc	2 0 29 is_stmt 0                @ ../../libraries/sdk/utilities/debug_console/fsl_debug_console.c:0:29
	movs	r0, #43
.Ltmp106:
	.loc	2 902 35 is_stmt 1              @ ../../libraries/sdk/utilities/debug_console/fsl_debug_console.c:902:35
	strb.w	r0, [sp, #83]
	.loc	2 903 29                        @ ../../libraries/sdk/utilities/debug_console/fsl_debug_console.c:903:29
	ldr	r0, [sp, #116]
	adds	r0, #1
	str	r0, [sp, #116]
	.loc	2 904 25                        @ ../../libraries/sdk/utilities/debug_console/fsl_debug_console.c:904:25
	b	.LBB4_101
.Ltmp107:
.LBB4_97:                               @   in Loop: Header=BB4_1 Depth=1
	.loc	2 907 33                        @ ../../libraries/sdk/utilities/debug_console/fsl_debug_console.c:907:33
	ldrb.w	r0, [sp, #84]
	lsls	r0, r0, #29
	cmp	r0, #0
	bpl	.LBB4_99
	b	.LBB4_98
.LBB4_98:                               @   in Loop: Header=BB4_1 Depth=1
	.loc	2 0 33 is_stmt 0                @ ../../libraries/sdk/utilities/debug_console/fsl_debug_console.c:0:33
	movs	r0, #32
.Ltmp108:
	.loc	2 909 39 is_stmt 1              @ ../../libraries/sdk/utilities/debug_console/fsl_debug_console.c:909:39
	strb.w	r0, [sp, #83]
	.loc	2 910 33                        @ ../../libraries/sdk/utilities/debug_console/fsl_debug_console.c:910:33
	ldr	r0, [sp, #116]
	adds	r0, #1
	str	r0, [sp, #116]
	.loc	2 911 29                        @ ../../libraries/sdk/utilities/debug_console/fsl_debug_console.c:911:29
	b	.LBB4_100
.Ltmp109:
.LBB4_99:                               @   in Loop: Header=BB4_1 Depth=1
	.loc	2 0 29 is_stmt 0                @ ../../libraries/sdk/utilities/debug_console/fsl_debug_console.c:0:29
	movs	r0, #0
.Ltmp110:
	.loc	2 914 39 is_stmt 1              @ ../../libraries/sdk/utilities/debug_console/fsl_debug_console.c:914:39
	strb.w	r0, [sp, #83]
	b	.LBB4_100
.Ltmp111:
.LBB4_100:                              @   in Loop: Header=BB4_1 Depth=1
	.loc	2 0 39 is_stmt 0                @ ../../libraries/sdk/utilities/debug_console/fsl_debug_console.c:0:39
	b	.LBB4_101
.LBB4_101:                              @   in Loop: Header=BB4_1 Depth=1
	b	.LBB4_102
.LBB4_102:                              @   in Loop: Header=BB4_1 Depth=1
	movs	r0, #0
	.loc	2 918 28 is_stmt 1              @ ../../libraries/sdk/utilities/debug_console/fsl_debug_console.c:918:28
	strb.w	r0, [sp, #82]
	.loc	2 919 25                        @ ../../libraries/sdk/utilities/debug_console/fsl_debug_console.c:919:25
	ldrb.w	r0, [sp, #84]
	lsls	r0, r0, #28
	cmp	r0, #0
	bpl	.LBB4_106
	b	.LBB4_103
.LBB4_103:                              @   in Loop: Header=BB4_1 Depth=1
.Ltmp112:
	.loc	2 921 37                        @ ../../libraries/sdk/utilities/debug_console/fsl_debug_console.c:921:37
	ldrsb.w	r0, [sp, #83]
.Ltmp113:
	.loc	2 921 29 is_stmt 0              @ ../../libraries/sdk/utilities/debug_console/fsl_debug_console.c:921:29
	cbz	r0, .LBB4_105
	b	.LBB4_104
.LBB4_104:                              @   in Loop: Header=BB4_1 Depth=1
.Ltmp114:
	.loc	2 923 35 is_stmt 1              @ ../../libraries/sdk/utilities/debug_console/fsl_debug_console.c:923:35
	ldr	r1, [sp, #168]
	.loc	2 923 44 is_stmt 0              @ ../../libraries/sdk/utilities/debug_console/fsl_debug_console.c:923:44
	ldrsb.w	r0, [sp, #83]
	.loc	2 923 35                        @ ../../libraries/sdk/utilities/debug_console/fsl_debug_console.c:923:35
	blx	r1
	.loc	2 924 34 is_stmt 1              @ ../../libraries/sdk/utilities/debug_console/fsl_debug_console.c:924:34
	ldr	r0, [sp, #108]
	adds	r0, #1
	str	r0, [sp, #108]
	.loc	2 925 25                        @ ../../libraries/sdk/utilities/debug_console/fsl_debug_console.c:925:25
	b	.LBB4_105
.Ltmp115:
.LBB4_105:                              @   in Loop: Header=BB4_1 Depth=1
	.loc	2 0 25 is_stmt 0                @ ../../libraries/sdk/utilities/debug_console/fsl_debug_console.c:0:25
	movs	r0, #1
	.loc	2 926 32 is_stmt 1              @ ../../libraries/sdk/utilities/debug_console/fsl_debug_console.c:926:32
	strb.w	r0, [sp, #82]
	.loc	2 927 64                        @ ../../libraries/sdk/utilities/debug_console/fsl_debug_console.c:927:64
	ldr	r1, [sp, #116]
	.loc	2 927 79 is_stmt 0              @ ../../libraries/sdk/utilities/debug_console/fsl_debug_console.c:927:79
	ldr	r2, [sp, #104]
	.loc	2 927 100                       @ ../../libraries/sdk/utilities/debug_console/fsl_debug_console.c:927:100
	ldr	r0, [sp, #168]
	.loc	2 927 25                        @ ../../libraries/sdk/utilities/debug_console/fsl_debug_console.c:927:25
	mov	r3, sp
	str	r0, [r3]
	movs	r0, #48
	add	r3, sp, #108
	bl	DbgConsole_PrintfPaddingCharacter
	.loc	2 928 41 is_stmt 1              @ ../../libraries/sdk/utilities/debug_console/fsl_debug_console.c:928:41
	ldr	r0, [sp, #104]
	.loc	2 928 30 is_stmt 0              @ ../../libraries/sdk/utilities/debug_console/fsl_debug_console.c:928:30
	str	r0, [sp, #116]
	.loc	2 929 21 is_stmt 1              @ ../../libraries/sdk/utilities/debug_console/fsl_debug_console.c:929:21
	b	.LBB4_111
.Ltmp116:
.LBB4_106:                              @   in Loop: Header=BB4_1 Depth=1
	.loc	2 932 29                        @ ../../libraries/sdk/utilities/debug_console/fsl_debug_console.c:932:29
	ldrb.w	r0, [sp, #84]
	lsls	r0, r0, #31
	cbnz	r0, .LBB4_110
	b	.LBB4_107
.LBB4_107:                              @   in Loop: Header=BB4_1 Depth=1
.Ltmp117:
	.loc	2 934 68                        @ ../../libraries/sdk/utilities/debug_console/fsl_debug_console.c:934:68
	ldr	r1, [sp, #116]
	.loc	2 934 83 is_stmt 0              @ ../../libraries/sdk/utilities/debug_console/fsl_debug_console.c:934:83
	ldr	r2, [sp, #104]
	.loc	2 934 104                       @ ../../libraries/sdk/utilities/debug_console/fsl_debug_console.c:934:104
	ldr	r0, [sp, #168]
	.loc	2 934 29                        @ ../../libraries/sdk/utilities/debug_console/fsl_debug_console.c:934:29
	mov	r3, sp
	str	r0, [r3]
	movs	r0, #32
	add	r3, sp, #108
	bl	DbgConsole_PrintfPaddingCharacter
.Ltmp118:
	.loc	2 935 41 is_stmt 1              @ ../../libraries/sdk/utilities/debug_console/fsl_debug_console.c:935:41
	ldrsb.w	r0, [sp, #83]
.Ltmp119:
	.loc	2 935 33 is_stmt 0              @ ../../libraries/sdk/utilities/debug_console/fsl_debug_console.c:935:33
	cbz	r0, .LBB4_109
	b	.LBB4_108
.LBB4_108:                              @   in Loop: Header=BB4_1 Depth=1
.Ltmp120:
	.loc	2 937 39 is_stmt 1              @ ../../libraries/sdk/utilities/debug_console/fsl_debug_console.c:937:39
	ldr	r1, [sp, #168]
	.loc	2 937 48 is_stmt 0              @ ../../libraries/sdk/utilities/debug_console/fsl_debug_console.c:937:48
	ldrsb.w	r0, [sp, #83]
	.loc	2 937 39                        @ ../../libraries/sdk/utilities/debug_console/fsl_debug_console.c:937:39
	blx	r1
	.loc	2 938 38 is_stmt 1              @ ../../libraries/sdk/utilities/debug_console/fsl_debug_console.c:938:38
	ldr	r0, [sp, #108]
	adds	r0, #1
	str	r0, [sp, #108]
	.loc	2 939 29                        @ ../../libraries/sdk/utilities/debug_console/fsl_debug_console.c:939:29
	b	.LBB4_109
.Ltmp121:
.LBB4_109:                              @   in Loop: Header=BB4_1 Depth=1
	.loc	2 0 29 is_stmt 0                @ ../../libraries/sdk/utilities/debug_console/fsl_debug_console.c:0:29
	movs	r0, #1
	.loc	2 940 36 is_stmt 1              @ ../../libraries/sdk/utilities/debug_console/fsl_debug_console.c:940:36
	strb.w	r0, [sp, #82]
	.loc	2 941 25                        @ ../../libraries/sdk/utilities/debug_console/fsl_debug_console.c:941:25
	b	.LBB4_110
.Ltmp122:
.LBB4_110:                              @   in Loop: Header=BB4_1 Depth=1
	.loc	2 0 25 is_stmt 0                @ ../../libraries/sdk/utilities/debug_console/fsl_debug_console.c:0:25
	b	.LBB4_111
.LBB4_111:                              @   in Loop: Header=BB4_1 Depth=1
.Ltmp123:
	.loc	2 943 27 is_stmt 1              @ ../../libraries/sdk/utilities/debug_console/fsl_debug_console.c:943:27
	ldrb.w	r0, [sp, #82]
	.loc	2 943 35 is_stmt 0              @ ../../libraries/sdk/utilities/debug_console/fsl_debug_console.c:943:35
	lsls	r0, r0, #31
	cbnz	r0, .LBB4_114
	b	.LBB4_112
.LBB4_112:                              @   in Loop: Header=BB4_1 Depth=1
	.loc	2 943 47                        @ ../../libraries/sdk/utilities/debug_console/fsl_debug_console.c:943:47
	ldrsb.w	r0, [sp, #83]
.Ltmp124:
	.loc	2 943 25                        @ ../../libraries/sdk/utilities/debug_console/fsl_debug_console.c:943:25
	cbz	r0, .LBB4_114
	b	.LBB4_113
.LBB4_113:                              @   in Loop: Header=BB4_1 Depth=1
.Ltmp125:
	.loc	2 945 31 is_stmt 1              @ ../../libraries/sdk/utilities/debug_console/fsl_debug_console.c:945:31
	ldr	r1, [sp, #168]
	.loc	2 945 40 is_stmt 0              @ ../../libraries/sdk/utilities/debug_console/fsl_debug_console.c:945:40
	ldrsb.w	r0, [sp, #83]
	.loc	2 945 31                        @ ../../libraries/sdk/utilities/debug_console/fsl_debug_console.c:945:31
	blx	r1
	.loc	2 946 30 is_stmt 1              @ ../../libraries/sdk/utilities/debug_console/fsl_debug_console.c:946:30
	ldr	r0, [sp, #108]
	adds	r0, #1
	str	r0, [sp, #108]
	.loc	2 947 21                        @ ../../libraries/sdk/utilities/debug_console/fsl_debug_console.c:947:21
	b	.LBB4_114
.Ltmp126:
.LBB4_114:                              @   in Loop: Header=BB4_1 Depth=1
	.loc	2 949 17                        @ ../../libraries/sdk/utilities/debug_console/fsl_debug_console.c:949:17
	b	.LBB4_115
.Ltmp127:
.LBB4_115:                              @   in Loop: Header=BB4_1 Depth=1
	.loc	2 951 22                        @ ../../libraries/sdk/utilities/debug_console/fsl_debug_console.c:951:22
	ldrsb.w	r0, [sp, #159]
	.loc	2 951 32 is_stmt 0              @ ../../libraries/sdk/utilities/debug_console/fsl_debug_console.c:951:32
	cmp	r0, #88
	beq	.LBB4_117
	b	.LBB4_116
.LBB4_116:                              @   in Loop: Header=BB4_1 Depth=1
	.loc	2 951 36                        @ ../../libraries/sdk/utilities/debug_console/fsl_debug_console.c:951:36
	ldrsb.w	r0, [sp, #159]
.Ltmp128:
	.loc	2 951 21                        @ ../../libraries/sdk/utilities/debug_console/fsl_debug_console.c:951:21
	cmp	r0, #120
	bne.w	.LBB4_140
	b	.LBB4_117
.LBB4_117:                              @   in Loop: Header=BB4_1 Depth=1
.Ltmp129:
	.loc	2 953 25 is_stmt 1              @ ../../libraries/sdk/utilities/debug_console/fsl_debug_console.c:953:25
	ldrsb.w	r0, [sp, #159]
.Ltmp130:
	.loc	2 953 25 is_stmt 0              @ ../../libraries/sdk/utilities/debug_console/fsl_debug_console.c:953:25
	cmp	r0, #120
	bne	.LBB4_119
	b	.LBB4_118
.LBB4_118:                              @   in Loop: Header=BB4_1 Depth=1
	.loc	2 0 25                          @ ../../libraries/sdk/utilities/debug_console/fsl_debug_console.c:0:25
	movs	r0, #0
.Ltmp131:
	.loc	2 955 34 is_stmt 1              @ ../../libraries/sdk/utilities/debug_console/fsl_debug_console.c:955:34
	strb.w	r0, [sp, #91]
	.loc	2 956 21                        @ ../../libraries/sdk/utilities/debug_console/fsl_debug_console.c:956:21
	b	.LBB4_119
.Ltmp132:
.LBB4_119:                              @   in Loop: Header=BB4_1 Depth=1
	.loc	2 958 25                        @ ../../libraries/sdk/utilities/debug_console/fsl_debug_console.c:958:25
	ldrb.w	r0, [sp, #85]
	lsls	r0, r0, #31
	cbz	r0, .LBB4_121
	b	.LBB4_120
.LBB4_120:                              @   in Loop: Header=BB4_1 Depth=1
.Ltmp133:
	.loc	2 960 56                        @ ../../libraries/sdk/utilities/debug_console/fsl_debug_console.c:960:56
	ldr	r0, [sp, #172]
	adds	r0, #7
	bic	r1, r0, #7
	add.w	r0, r1, #8
	str	r0, [sp, #172]
	ldr	r0, [r1]
	ldr	r1, [r1, #4]
	.loc	2 960 30 is_stmt 0              @ ../../libraries/sdk/utilities/debug_console/fsl_debug_console.c:960:30
	str	r1, [sp, #68]
	str	r0, [sp, #64]
	.loc	2 961 21 is_stmt 1              @ ../../libraries/sdk/utilities/debug_console/fsl_debug_console.c:961:21
	b	.LBB4_125
.Ltmp134:
.LBB4_121:                              @   in Loop: Header=BB4_1 Depth=1
	.loc	2 962 30                        @ ../../libraries/sdk/utilities/debug_console/fsl_debug_console.c:962:30
	ldrb.w	r0, [sp, #84]
	lsls	r0, r0, #24
	cmp	r0, #0
	bpl	.LBB4_123
	b	.LBB4_122
.LBB4_122:                              @   in Loop: Header=BB4_1 Depth=1
.Ltmp135:
	.loc	2 964 51                        @ ../../libraries/sdk/utilities/debug_console/fsl_debug_console.c:964:51
	ldr	r0, [sp, #172]
	adds	r1, r0, #4
	str	r1, [sp, #172]
	ldr	r0, [r0]
	movs	r1, #0
	.loc	2 964 30 is_stmt 0              @ ../../libraries/sdk/utilities/debug_console/fsl_debug_console.c:964:30
	str	r1, [sp, #68]
	str	r0, [sp, #64]
	.loc	2 965 21 is_stmt 1              @ ../../libraries/sdk/utilities/debug_console/fsl_debug_console.c:965:21
	b	.LBB4_124
.Ltmp136:
.LBB4_123:                              @   in Loop: Header=BB4_1 Depth=1
	.loc	2 969 46                        @ ../../libraries/sdk/utilities/debug_console/fsl_debug_console.c:969:46
	ldr	r0, [sp, #172]
	adds	r1, r0, #4
	str	r1, [sp, #172]
	ldr	r0, [r0]
	movs	r1, #0
	.loc	2 969 30 is_stmt 0              @ ../../libraries/sdk/utilities/debug_console/fsl_debug_console.c:969:30
	str	r1, [sp, #68]
	str	r0, [sp, #64]
	b	.LBB4_124
.Ltmp137:
.LBB4_124:                              @   in Loop: Header=BB4_1 Depth=1
	.loc	2 0 30                          @ ../../libraries/sdk/utilities/debug_console/fsl_debug_console.c:0:30
	b	.LBB4_125
.LBB4_125:                              @   in Loop: Header=BB4_1 Depth=1
	.loc	2 971 29 is_stmt 1              @ ../../libraries/sdk/utilities/debug_console/fsl_debug_console.c:971:29
	ldrb.w	r0, [sp, #91]
	and	r0, r0, #1
	mov	r1, sp
	str	r0, [r1]
	add.w	r0, sp, #126
	str	r0, [sp, #20]                   @ 4-byte Spill
	add	r1, sp, #64
	movs	r2, #0
	str	r2, [sp, #24]                   @ 4-byte Spill
	movs	r3, #16
	bl	DbgConsole_ConvertRadixNumToString
	ldr	r1, [sp, #20]                   @ 4-byte Reload
	mov	r2, r0
	.loc	2 971 27 is_stmt 0              @ ../../libraries/sdk/utilities/debug_console/fsl_debug_console.c:971:27
	ldr	r0, [sp, #24]                   @ 4-byte Reload
	str	r2, [sp, #116]
	.loc	2 972 35 is_stmt 1              @ ../../libraries/sdk/utilities/debug_console/fsl_debug_console.c:972:35
	ldr	r2, [sp, #116]
	.loc	2 972 30 is_stmt 0              @ ../../libraries/sdk/utilities/debug_console/fsl_debug_console.c:972:30
	add	r1, r2
	.loc	2 972 27                        @ ../../libraries/sdk/utilities/debug_console/fsl_debug_console.c:972:27
	str	r1, [sp, #120]
	.loc	2 975 28 is_stmt 1              @ ../../libraries/sdk/utilities/debug_console/fsl_debug_console.c:975:28
	strb.w	r0, [sp, #82]
	.loc	2 976 25                        @ ../../libraries/sdk/utilities/debug_console/fsl_debug_console.c:976:25
	ldrb.w	r0, [sp, #84]
	lsls	r0, r0, #28
	cmp	r0, #0
	bpl	.LBB4_129
	b	.LBB4_126
.LBB4_126:                              @   in Loop: Header=BB4_1 Depth=1
.Ltmp138:
	.loc	2 978 29                        @ ../../libraries/sdk/utilities/debug_console/fsl_debug_console.c:978:29
	ldrb.w	r0, [sp, #84]
	lsls	r0, r0, #27
	cmp	r0, #0
	bpl	.LBB4_128
	b	.LBB4_127
.LBB4_127:                              @   in Loop: Header=BB4_1 Depth=1
.Ltmp139:
	.loc	2 980 35                        @ ../../libraries/sdk/utilities/debug_console/fsl_debug_console.c:980:35
	ldr	r1, [sp, #168]
	movs	r0, #48
	blx	r1
	.loc	2 981 35                        @ ../../libraries/sdk/utilities/debug_console/fsl_debug_console.c:981:35
	ldr	r1, [sp, #168]
	.loc	2 981 45 is_stmt 0              @ ../../libraries/sdk/utilities/debug_console/fsl_debug_console.c:981:45
	ldrb.w	r0, [sp, #91]
	lsls	r2, r0, #31
	movs	r0, #120
	cmp	r2, #0
	it	ne
	movne	r0, #88
	.loc	2 981 35                        @ ../../libraries/sdk/utilities/debug_console/fsl_debug_console.c:981:35
	blx	r1
	.loc	2 982 35 is_stmt 1              @ ../../libraries/sdk/utilities/debug_console/fsl_debug_console.c:982:35
	ldr	r0, [sp, #108]
	adds	r0, #2
	str	r0, [sp, #108]
	movs	r0, #1
	.loc	2 984 36                        @ ../../libraries/sdk/utilities/debug_console/fsl_debug_console.c:984:36
	strb.w	r0, [sp, #82]
	.loc	2 985 25                        @ ../../libraries/sdk/utilities/debug_console/fsl_debug_console.c:985:25
	b	.LBB4_128
.Ltmp140:
.LBB4_128:                              @   in Loop: Header=BB4_1 Depth=1
	.loc	2 986 64                        @ ../../libraries/sdk/utilities/debug_console/fsl_debug_console.c:986:64
	ldr	r1, [sp, #116]
	.loc	2 986 79 is_stmt 0              @ ../../libraries/sdk/utilities/debug_console/fsl_debug_console.c:986:79
	ldr	r2, [sp, #104]
	.loc	2 986 100                       @ ../../libraries/sdk/utilities/debug_console/fsl_debug_console.c:986:100
	ldr	r0, [sp, #168]
	.loc	2 986 25                        @ ../../libraries/sdk/utilities/debug_console/fsl_debug_console.c:986:25
	mov	r3, sp
	str	r0, [r3]
	movs	r0, #48
	add	r3, sp, #108
	bl	DbgConsole_PrintfPaddingCharacter
	.loc	2 987 41 is_stmt 1              @ ../../libraries/sdk/utilities/debug_console/fsl_debug_console.c:987:41
	ldr	r0, [sp, #104]
	.loc	2 987 30 is_stmt 0              @ ../../libraries/sdk/utilities/debug_console/fsl_debug_console.c:987:30
	str	r0, [sp, #116]
	.loc	2 988 21 is_stmt 1              @ ../../libraries/sdk/utilities/debug_console/fsl_debug_console.c:988:21
	b	.LBB4_136
.Ltmp141:
.LBB4_129:                              @   in Loop: Header=BB4_1 Depth=1
	.loc	2 991 29                        @ ../../libraries/sdk/utilities/debug_console/fsl_debug_console.c:991:29
	ldrb.w	r0, [sp, #84]
	lsls	r0, r0, #27
	cmp	r0, #0
	bmi	.LBB4_135
	b	.LBB4_130
.LBB4_130:                              @   in Loop: Header=BB4_1 Depth=1
.Ltmp142:
	.loc	2 993 33                        @ ../../libraries/sdk/utilities/debug_console/fsl_debug_console.c:993:33
	ldrb.w	r0, [sp, #84]
	lsls	r0, r0, #27
	cmp	r0, #0
	bpl	.LBB4_132
	b	.LBB4_131
.LBB4_131:                              @   in Loop: Header=BB4_1 Depth=1
.Ltmp143:
	.loc	2 995 38                        @ ../../libraries/sdk/utilities/debug_console/fsl_debug_console.c:995:38
	ldr	r0, [sp, #116]
	adds	r0, #2
	str	r0, [sp, #116]
	.loc	2 996 29                        @ ../../libraries/sdk/utilities/debug_console/fsl_debug_console.c:996:29
	b	.LBB4_132
.Ltmp144:
.LBB4_132:                              @   in Loop: Header=BB4_1 Depth=1
	.loc	2 997 68                        @ ../../libraries/sdk/utilities/debug_console/fsl_debug_console.c:997:68
	ldr	r1, [sp, #116]
	.loc	2 997 83 is_stmt 0              @ ../../libraries/sdk/utilities/debug_console/fsl_debug_console.c:997:83
	ldr	r2, [sp, #104]
	.loc	2 997 104                       @ ../../libraries/sdk/utilities/debug_console/fsl_debug_console.c:997:104
	ldr	r0, [sp, #168]
	.loc	2 997 29                        @ ../../libraries/sdk/utilities/debug_console/fsl_debug_console.c:997:29
	mov	r3, sp
	str	r0, [r3]
	movs	r0, #32
	add	r3, sp, #108
	bl	DbgConsole_PrintfPaddingCharacter
	.loc	2 998 33 is_stmt 1              @ ../../libraries/sdk/utilities/debug_console/fsl_debug_console.c:998:33
	ldrb.w	r0, [sp, #84]
	lsls	r0, r0, #27
	cmp	r0, #0
	bpl	.LBB4_134
	b	.LBB4_133
.LBB4_133:                              @   in Loop: Header=BB4_1 Depth=1
.Ltmp145:
	.loc	2 1000 39                       @ ../../libraries/sdk/utilities/debug_console/fsl_debug_console.c:1000:39
	ldr	r1, [sp, #168]
	movs	r0, #48
	blx	r1
	.loc	2 1001 39                       @ ../../libraries/sdk/utilities/debug_console/fsl_debug_console.c:1001:39
	ldr	r1, [sp, #168]
	.loc	2 1001 48 is_stmt 0             @ ../../libraries/sdk/utilities/debug_console/fsl_debug_console.c:1001:48
	ldrb.w	r0, [sp, #91]
	lsls	r2, r0, #31
	movs	r0, #120
	cmp	r2, #0
	it	ne
	movne	r0, #88
	.loc	2 1001 39                       @ ../../libraries/sdk/utilities/debug_console/fsl_debug_console.c:1001:39
	blx	r1
	.loc	2 1002 39 is_stmt 1             @ ../../libraries/sdk/utilities/debug_console/fsl_debug_console.c:1002:39
	ldr	r0, [sp, #108]
	adds	r0, #2
	str	r0, [sp, #108]
	movs	r0, #1
	.loc	2 1004 40                       @ ../../libraries/sdk/utilities/debug_console/fsl_debug_console.c:1004:40
	strb.w	r0, [sp, #82]
	.loc	2 1005 29                       @ ../../libraries/sdk/utilities/debug_console/fsl_debug_console.c:1005:29
	b	.LBB4_134
.Ltmp146:
.LBB4_134:                              @   in Loop: Header=BB4_1 Depth=1
	.loc	2 1006 25                       @ ../../libraries/sdk/utilities/debug_console/fsl_debug_console.c:1006:25
	b	.LBB4_135
.Ltmp147:
.LBB4_135:                              @   in Loop: Header=BB4_1 Depth=1
	.loc	2 0 25 is_stmt 0                @ ../../libraries/sdk/utilities/debug_console/fsl_debug_console.c:0:25
	b	.LBB4_136
.LBB4_136:                              @   in Loop: Header=BB4_1 Depth=1
.Ltmp148:
	.loc	2 1009 72 is_stmt 1             @ ../../libraries/sdk/utilities/debug_console/fsl_debug_console.c:1009:72
	ldrb.w	r0, [sp, #84]
	lsls	r0, r0, #27
	cmp	r0, #0
	bpl	.LBB4_139
	b	.LBB4_137
.LBB4_137:                              @   in Loop: Header=BB4_1 Depth=1
	.loc	2 1009 77 is_stmt 0             @ ../../libraries/sdk/utilities/debug_console/fsl_debug_console.c:1009:77
	ldrb.w	r0, [sp, #82]
.Ltmp149:
	.loc	2 1009 25                       @ ../../libraries/sdk/utilities/debug_console/fsl_debug_console.c:1009:25
	lsls	r0, r0, #31
	cbnz	r0, .LBB4_139
	b	.LBB4_138
.LBB4_138:                              @   in Loop: Header=BB4_1 Depth=1
.Ltmp150:
	.loc	2 1011 31 is_stmt 1             @ ../../libraries/sdk/utilities/debug_console/fsl_debug_console.c:1011:31
	ldr	r1, [sp, #168]
	movs	r0, #48
	blx	r1
	.loc	2 1012 31                       @ ../../libraries/sdk/utilities/debug_console/fsl_debug_console.c:1012:31
	ldr	r1, [sp, #168]
	.loc	2 1012 40 is_stmt 0             @ ../../libraries/sdk/utilities/debug_console/fsl_debug_console.c:1012:40
	ldrb.w	r0, [sp, #91]
	lsls	r2, r0, #31
	movs	r0, #120
	cmp	r2, #0
	it	ne
	movne	r0, #88
	.loc	2 1012 31                       @ ../../libraries/sdk/utilities/debug_console/fsl_debug_console.c:1012:31
	blx	r1
	.loc	2 1013 31 is_stmt 1             @ ../../libraries/sdk/utilities/debug_console/fsl_debug_console.c:1013:31
	ldr	r0, [sp, #108]
	adds	r0, #2
	str	r0, [sp, #108]
	.loc	2 1014 30                       @ ../../libraries/sdk/utilities/debug_console/fsl_debug_console.c:1014:30
	ldr	r0, [sp, #116]
	adds	r0, #2
	str	r0, [sp, #116]
	.loc	2 1015 21                       @ ../../libraries/sdk/utilities/debug_console/fsl_debug_console.c:1015:21
	b	.LBB4_139
.Ltmp151:
.LBB4_139:                              @   in Loop: Header=BB4_1 Depth=1
	.loc	2 1017 17                       @ ../../libraries/sdk/utilities/debug_console/fsl_debug_console.c:1017:17
	b	.LBB4_140
.Ltmp152:
.LBB4_140:                              @   in Loop: Header=BB4_1 Depth=1
	.loc	2 1018 22                       @ ../../libraries/sdk/utilities/debug_console/fsl_debug_console.c:1018:22
	ldrsb.w	r0, [sp, #159]
	.loc	2 1018 32 is_stmt 0             @ ../../libraries/sdk/utilities/debug_console/fsl_debug_console.c:1018:32
	cmp	r0, #111
	beq	.LBB4_144
	b	.LBB4_141
.LBB4_141:                              @   in Loop: Header=BB4_1 Depth=1
	.loc	2 1018 36                       @ ../../libraries/sdk/utilities/debug_console/fsl_debug_console.c:1018:36
	ldrsb.w	r0, [sp, #159]
	.loc	2 1018 46                       @ ../../libraries/sdk/utilities/debug_console/fsl_debug_console.c:1018:46
	cmp	r0, #98
	beq	.LBB4_144
	b	.LBB4_142
.LBB4_142:                              @   in Loop: Header=BB4_1 Depth=1
	.loc	2 1018 50                       @ ../../libraries/sdk/utilities/debug_console/fsl_debug_console.c:1018:50
	ldrsb.w	r0, [sp, #159]
	.loc	2 1018 60                       @ ../../libraries/sdk/utilities/debug_console/fsl_debug_console.c:1018:60
	cmp	r0, #112
	beq	.LBB4_144
	b	.LBB4_143
.LBB4_143:                              @   in Loop: Header=BB4_1 Depth=1
	.loc	2 1018 64                       @ ../../libraries/sdk/utilities/debug_console/fsl_debug_console.c:1018:64
	ldrsb.w	r0, [sp, #159]
.Ltmp153:
	.loc	2 1018 21                       @ ../../libraries/sdk/utilities/debug_console/fsl_debug_console.c:1018:21
	cmp	r0, #117
	bne.w	.LBB4_167
	b	.LBB4_144
.LBB4_144:                              @   in Loop: Header=BB4_1 Depth=1
.Ltmp154:
	.loc	2 1020 32 is_stmt 1             @ ../../libraries/sdk/utilities/debug_console/fsl_debug_console.c:1020:32
	ldrsb.w	r0, [sp, #159]
.Ltmp155:
	.loc	2 1020 25 is_stmt 0             @ ../../libraries/sdk/utilities/debug_console/fsl_debug_console.c:1020:25
	cmp	r0, #112
	bne	.LBB4_146
	b	.LBB4_145
.LBB4_145:                              @   in Loop: Header=BB4_1 Depth=1
.Ltmp156:
	.loc	2 1031 40 is_stmt 1             @ ../../libraries/sdk/utilities/debug_console/fsl_debug_console.c:1031:40
	ldr	r0, [sp, #172]
	adds	r1, r0, #4
	str	r1, [sp, #172]
	ldr	r0, [r0]
	.loc	2 1031 30 is_stmt 0             @ ../../libraries/sdk/utilities/debug_console/fsl_debug_console.c:1031:30
	str	r0, [sp, #44]
	add	r0, sp, #64
	add	r1, sp, #44
	movs	r2, #4
	.loc	2 1032 31 is_stmt 1             @ ../../libraries/sdk/utilities/debug_console/fsl_debug_console.c:1032:31
	bl	memcpy
	.loc	2 1033 21                       @ ../../libraries/sdk/utilities/debug_console/fsl_debug_console.c:1033:21
	b	.LBB4_153
.Ltmp157:
.LBB4_146:                              @   in Loop: Header=BB4_1 Depth=1
	.loc	2 1037 29                       @ ../../libraries/sdk/utilities/debug_console/fsl_debug_console.c:1037:29
	ldrb.w	r0, [sp, #85]
	lsls	r0, r0, #31
	cbz	r0, .LBB4_148
	b	.LBB4_147
.LBB4_147:                              @   in Loop: Header=BB4_1 Depth=1
.Ltmp158:
	.loc	2 1039 60                       @ ../../libraries/sdk/utilities/debug_console/fsl_debug_console.c:1039:60
	ldr	r0, [sp, #172]
	adds	r0, #7
	bic	r1, r0, #7
	add.w	r0, r1, #8
	str	r0, [sp, #172]
	ldr	r0, [r1]
	ldr	r1, [r1, #4]
	.loc	2 1039 34 is_stmt 0             @ ../../libraries/sdk/utilities/debug_console/fsl_debug_console.c:1039:34
	str	r1, [sp, #68]
	str	r0, [sp, #64]
	.loc	2 1040 25 is_stmt 1             @ ../../libraries/sdk/utilities/debug_console/fsl_debug_console.c:1040:25
	b	.LBB4_152
.Ltmp159:
.LBB4_148:                              @   in Loop: Header=BB4_1 Depth=1
	.loc	2 1041 34                       @ ../../libraries/sdk/utilities/debug_console/fsl_debug_console.c:1041:34
	ldrb.w	r0, [sp, #84]
	lsls	r0, r0, #24
	cmp	r0, #0
	bpl	.LBB4_150
	b	.LBB4_149
.LBB4_149:                              @   in Loop: Header=BB4_1 Depth=1
.Ltmp160:
	.loc	2 1043 55                       @ ../../libraries/sdk/utilities/debug_console/fsl_debug_console.c:1043:55
	ldr	r0, [sp, #172]
	adds	r1, r0, #4
	str	r1, [sp, #172]
	ldr	r0, [r0]
	movs	r1, #0
	.loc	2 1043 34 is_stmt 0             @ ../../libraries/sdk/utilities/debug_console/fsl_debug_console.c:1043:34
	str	r1, [sp, #68]
	str	r0, [sp, #64]
	.loc	2 1044 25 is_stmt 1             @ ../../libraries/sdk/utilities/debug_console/fsl_debug_console.c:1044:25
	b	.LBB4_151
.Ltmp161:
.LBB4_150:                              @   in Loop: Header=BB4_1 Depth=1
	.loc	2 1048 50                       @ ../../libraries/sdk/utilities/debug_console/fsl_debug_console.c:1048:50
	ldr	r0, [sp, #172]
	adds	r1, r0, #4
	str	r1, [sp, #172]
	ldr	r0, [r0]
	movs	r1, #0
	.loc	2 1048 34 is_stmt 0             @ ../../libraries/sdk/utilities/debug_console/fsl_debug_console.c:1048:34
	str	r1, [sp, #68]
	str	r0, [sp, #64]
	b	.LBB4_151
.Ltmp162:
.LBB4_151:                              @   in Loop: Header=BB4_1 Depth=1
	.loc	2 0 34                          @ ../../libraries/sdk/utilities/debug_console/fsl_debug_console.c:0:34
	b	.LBB4_152
.LBB4_152:                              @   in Loop: Header=BB4_1 Depth=1
	b	.LBB4_153
.LBB4_153:                              @   in Loop: Header=BB4_1 Depth=1
	.loc	2 1051 29 is_stmt 1             @ ../../libraries/sdk/utilities/debug_console/fsl_debug_console.c:1051:29
	ldrsb.w	r0, [sp, #159]
	.loc	2 1051 21 is_stmt 0             @ ../../libraries/sdk/utilities/debug_console/fsl_debug_console.c:1051:21
	subs	r0, #98
	mov	r1, r0
	str	r1, [sp, #16]                   @ 4-byte Spill
	cmp	r0, #19
	bhi	.LBB4_160
@ %bb.154:                              @   in Loop: Header=BB4_1 Depth=1
	.loc	2 0 21                          @ ../../libraries/sdk/utilities/debug_console/fsl_debug_console.c:0:21
	ldr	r1, [sp, #16]                   @ 4-byte Reload
.LCPI4_1:
	tbb	[pc, r1]
@ %bb.155:
.LJTI4_0:
	.byte	(.LBB4_157-(.LCPI4_1+4))/2
	.byte	(.LBB4_160-(.LCPI4_1+4))/2
	.byte	(.LBB4_160-(.LCPI4_1+4))/2
	.byte	(.LBB4_160-(.LCPI4_1+4))/2
	.byte	(.LBB4_160-(.LCPI4_1+4))/2
	.byte	(.LBB4_160-(.LCPI4_1+4))/2
	.byte	(.LBB4_160-(.LCPI4_1+4))/2
	.byte	(.LBB4_160-(.LCPI4_1+4))/2
	.byte	(.LBB4_160-(.LCPI4_1+4))/2
	.byte	(.LBB4_160-(.LCPI4_1+4))/2
	.byte	(.LBB4_160-(.LCPI4_1+4))/2
	.byte	(.LBB4_160-(.LCPI4_1+4))/2
	.byte	(.LBB4_160-(.LCPI4_1+4))/2
	.byte	(.LBB4_156-(.LCPI4_1+4))/2
	.byte	(.LBB4_158-(.LCPI4_1+4))/2
	.byte	(.LBB4_160-(.LCPI4_1+4))/2
	.byte	(.LBB4_160-(.LCPI4_1+4))/2
	.byte	(.LBB4_160-(.LCPI4_1+4))/2
	.byte	(.LBB4_160-(.LCPI4_1+4))/2
	.byte	(.LBB4_159-(.LCPI4_1+4))/2
	.p2align	1
.LBB4_156:                              @   in Loop: Header=BB4_1 Depth=1
	movs	r0, #8
.Ltmp163:
	.loc	2 1054 35 is_stmt 1             @ ../../libraries/sdk/utilities/debug_console/fsl_debug_console.c:1054:35
	strb.w	r0, [sp, #90]
	.loc	2 1055 29                       @ ../../libraries/sdk/utilities/debug_console/fsl_debug_console.c:1055:29
	b	.LBB4_161
.LBB4_157:                              @   in Loop: Header=BB4_1 Depth=1
	.loc	2 0 29 is_stmt 0                @ ../../libraries/sdk/utilities/debug_console/fsl_debug_console.c:0:29
	movs	r0, #2
	.loc	2 1057 35 is_stmt 1             @ ../../libraries/sdk/utilities/debug_console/fsl_debug_console.c:1057:35
	strb.w	r0, [sp, #90]
	.loc	2 1058 29                       @ ../../libraries/sdk/utilities/debug_console/fsl_debug_console.c:1058:29
	b	.LBB4_161
.LBB4_158:                              @   in Loop: Header=BB4_1 Depth=1
	.loc	2 0 29 is_stmt 0                @ ../../libraries/sdk/utilities/debug_console/fsl_debug_console.c:0:29
	movs	r0, #16
	.loc	2 1060 35 is_stmt 1             @ ../../libraries/sdk/utilities/debug_console/fsl_debug_console.c:1060:35
	strb.w	r0, [sp, #90]
	.loc	2 1061 29                       @ ../../libraries/sdk/utilities/debug_console/fsl_debug_console.c:1061:29
	b	.LBB4_161
.LBB4_159:                              @   in Loop: Header=BB4_1 Depth=1
	.loc	2 0 29 is_stmt 0                @ ../../libraries/sdk/utilities/debug_console/fsl_debug_console.c:0:29
	movs	r0, #10
	.loc	2 1063 35 is_stmt 1             @ ../../libraries/sdk/utilities/debug_console/fsl_debug_console.c:1063:35
	strb.w	r0, [sp, #90]
	.loc	2 1064 29                       @ ../../libraries/sdk/utilities/debug_console/fsl_debug_console.c:1064:29
	b	.LBB4_161
.LBB4_160:                              @   in Loop: Header=BB4_1 Depth=1
	.loc	2 1067 29                       @ ../../libraries/sdk/utilities/debug_console/fsl_debug_console.c:1067:29
	b	.LBB4_161
.Ltmp164:
.LBB4_161:                              @   in Loop: Header=BB4_1 Depth=1
	.loc	2 1069 89                       @ ../../libraries/sdk/utilities/debug_console/fsl_debug_console.c:1069:89
	ldrb.w	r3, [sp, #90]
	.loc	2 1069 29 is_stmt 0             @ ../../libraries/sdk/utilities/debug_console/fsl_debug_console.c:1069:29
	ldrb.w	r0, [sp, #91]
	and	r0, r0, #1
	mov	r1, sp
	str	r0, [r1]
	add.w	r0, sp, #126
	str	r0, [sp, #12]                   @ 4-byte Spill
	add	r1, sp, #64
	movs	r2, #0
	bl	DbgConsole_ConvertRadixNumToString
	mov	r1, r0
	.loc	2 1069 27                       @ ../../libraries/sdk/utilities/debug_console/fsl_debug_console.c:1069:27
	ldr	r0, [sp, #12]                   @ 4-byte Reload
	str	r1, [sp, #116]
	.loc	2 1070 35 is_stmt 1             @ ../../libraries/sdk/utilities/debug_console/fsl_debug_console.c:1070:35
	ldr	r1, [sp, #116]
	.loc	2 1070 30 is_stmt 0             @ ../../libraries/sdk/utilities/debug_console/fsl_debug_console.c:1070:30
	add	r0, r1
	.loc	2 1070 27                       @ ../../libraries/sdk/utilities/debug_console/fsl_debug_console.c:1070:27
	str	r0, [sp, #120]
	.loc	2 1072 25 is_stmt 1             @ ../../libraries/sdk/utilities/debug_console/fsl_debug_console.c:1072:25
	ldrb.w	r0, [sp, #84]
	lsls	r0, r0, #28
	cmp	r0, #0
	bpl	.LBB4_163
	b	.LBB4_162
.LBB4_162:                              @   in Loop: Header=BB4_1 Depth=1
.Ltmp165:
	.loc	2 1074 64                       @ ../../libraries/sdk/utilities/debug_console/fsl_debug_console.c:1074:64
	ldr	r1, [sp, #116]
	.loc	2 1074 79 is_stmt 0             @ ../../libraries/sdk/utilities/debug_console/fsl_debug_console.c:1074:79
	ldr	r2, [sp, #104]
	.loc	2 1074 100                      @ ../../libraries/sdk/utilities/debug_console/fsl_debug_console.c:1074:100
	ldr	r0, [sp, #168]
	.loc	2 1074 25                       @ ../../libraries/sdk/utilities/debug_console/fsl_debug_console.c:1074:25
	mov	r3, sp
	str	r0, [r3]
	movs	r0, #48
	add	r3, sp, #108
	bl	DbgConsole_PrintfPaddingCharacter
	.loc	2 1075 41 is_stmt 1             @ ../../libraries/sdk/utilities/debug_console/fsl_debug_console.c:1075:41
	ldr	r0, [sp, #104]
	.loc	2 1075 30 is_stmt 0             @ ../../libraries/sdk/utilities/debug_console/fsl_debug_console.c:1075:30
	str	r0, [sp, #116]
	.loc	2 1076 21 is_stmt 1             @ ../../libraries/sdk/utilities/debug_console/fsl_debug_console.c:1076:21
	b	.LBB4_166
.Ltmp166:
.LBB4_163:                              @   in Loop: Header=BB4_1 Depth=1
	.loc	2 1079 29                       @ ../../libraries/sdk/utilities/debug_console/fsl_debug_console.c:1079:29
	ldrb.w	r0, [sp, #84]
	lsls	r0, r0, #31
	cbnz	r0, .LBB4_165
	b	.LBB4_164
.LBB4_164:                              @   in Loop: Header=BB4_1 Depth=1
.Ltmp167:
	.loc	2 1081 68                       @ ../../libraries/sdk/utilities/debug_console/fsl_debug_console.c:1081:68
	ldr	r1, [sp, #116]
	.loc	2 1081 83 is_stmt 0             @ ../../libraries/sdk/utilities/debug_console/fsl_debug_console.c:1081:83
	ldr	r2, [sp, #104]
	.loc	2 1081 104                      @ ../../libraries/sdk/utilities/debug_console/fsl_debug_console.c:1081:104
	ldr	r0, [sp, #168]
	.loc	2 1081 29                       @ ../../libraries/sdk/utilities/debug_console/fsl_debug_console.c:1081:29
	mov	r3, sp
	str	r0, [r3]
	movs	r0, #32
	add	r3, sp, #108
	bl	DbgConsole_PrintfPaddingCharacter
	.loc	2 1082 25 is_stmt 1             @ ../../libraries/sdk/utilities/debug_console/fsl_debug_console.c:1082:25
	b	.LBB4_165
.Ltmp168:
.LBB4_165:                              @   in Loop: Header=BB4_1 Depth=1
	.loc	2 0 25 is_stmt 0                @ ../../libraries/sdk/utilities/debug_console/fsl_debug_console.c:0:25
	b	.LBB4_166
.LBB4_166:                              @   in Loop: Header=BB4_1 Depth=1
	.loc	2 1085 17 is_stmt 1             @ ../../libraries/sdk/utilities/debug_console/fsl_debug_console.c:1085:17
	b	.LBB4_167
.Ltmp169:
.LBB4_167:                              @   in Loop: Header=BB4_1 Depth=1
	.loc	2 1089 21                       @ ../../libraries/sdk/utilities/debug_console/fsl_debug_console.c:1089:21
	ldr	r0, [sp, #120]
.Ltmp170:
	.loc	2 1089 21 is_stmt 0             @ ../../libraries/sdk/utilities/debug_console/fsl_debug_console.c:1089:21
	cbz	r0, .LBB4_172
	b	.LBB4_168
.LBB4_168:                              @   in Loop: Header=BB4_1 Depth=1
.Ltmp171:
	.loc	2 1091 21 is_stmt 1             @ ../../libraries/sdk/utilities/debug_console/fsl_debug_console.c:1091:21
	b	.LBB4_169
.LBB4_169:                              @   Parent Loop BB4_1 Depth=1
                                        @ =>  This Inner Loop Header: Depth=2
	.loc	2 1091 37 is_stmt 0             @ ../../libraries/sdk/utilities/debug_console/fsl_debug_console.c:1091:37
	ldr	r0, [sp, #120]
	.loc	2 1091 36                       @ ../../libraries/sdk/utilities/debug_console/fsl_debug_console.c:1091:36
	ldrsb.w	r0, [r0]
	.loc	2 1091 21                       @ ../../libraries/sdk/utilities/debug_console/fsl_debug_console.c:1091:21
	cbz	r0, .LBB4_171
	b	.LBB4_170
.LBB4_170:                              @   in Loop: Header=BB4_169 Depth=2
.Ltmp172:
	.loc	2 1093 31 is_stmt 1             @ ../../libraries/sdk/utilities/debug_console/fsl_debug_console.c:1093:31
	ldr	r1, [sp, #168]
	.loc	2 1093 46 is_stmt 0             @ ../../libraries/sdk/utilities/debug_console/fsl_debug_console.c:1093:46
	ldr	r0, [sp, #120]
	subs	r2, r0, #1
	str	r2, [sp, #120]
	.loc	2 1093 40                       @ ../../libraries/sdk/utilities/debug_console/fsl_debug_console.c:1093:40
	ldrsb.w	r0, [r0]
	.loc	2 1093 31                       @ ../../libraries/sdk/utilities/debug_console/fsl_debug_console.c:1093:31
	blx	r1
	.loc	2 1094 30 is_stmt 1             @ ../../libraries/sdk/utilities/debug_console/fsl_debug_console.c:1094:30
	ldr	r0, [sp, #108]
	adds	r0, #1
	str	r0, [sp, #108]
.Ltmp173:
	.loc	2 1091 21                       @ ../../libraries/sdk/utilities/debug_console/fsl_debug_console.c:1091:21
	b	.LBB4_169
.LBB4_171:                              @   in Loop: Header=BB4_1 Depth=1
	.loc	2 1096 17                       @ ../../libraries/sdk/utilities/debug_console/fsl_debug_console.c:1096:17
	b	.LBB4_172
.Ltmp174:
.LBB4_172:                              @   in Loop: Header=BB4_1 Depth=1
	.loc	2 1098 21                       @ ../../libraries/sdk/utilities/debug_console/fsl_debug_console.c:1098:21
	ldrb.w	r0, [sp, #84]
	lsls	r0, r0, #31
	cbz	r0, .LBB4_174
	b	.LBB4_173
.LBB4_173:                              @   in Loop: Header=BB4_1 Depth=1
.Ltmp175:
	.loc	2 1100 60                       @ ../../libraries/sdk/utilities/debug_console/fsl_debug_console.c:1100:60
	ldr	r1, [sp, #116]
	.loc	2 1100 75 is_stmt 0             @ ../../libraries/sdk/utilities/debug_console/fsl_debug_console.c:1100:75
	ldr	r2, [sp, #104]
	.loc	2 1100 96                       @ ../../libraries/sdk/utilities/debug_console/fsl_debug_console.c:1100:96
	ldr	r0, [sp, #168]
	.loc	2 1100 21                       @ ../../libraries/sdk/utilities/debug_console/fsl_debug_console.c:1100:21
	mov	r3, sp
	str	r0, [r3]
	movs	r0, #32
	add	r3, sp, #108
	bl	DbgConsole_PrintfPaddingCharacter
	.loc	2 1101 17 is_stmt 1             @ ../../libraries/sdk/utilities/debug_console/fsl_debug_console.c:1101:17
	b	.LBB4_174
.Ltmp176:
.LBB4_174:                              @   in Loop: Header=BB4_1 Depth=1
	.loc	2 1103 13                       @ ../../libraries/sdk/utilities/debug_console/fsl_debug_console.c:1103:13
	b	.LBB4_202
.Ltmp177:
.LBB4_175:                              @   in Loop: Header=BB4_1 Depth=1
	.loc	2 1104 22                       @ ../../libraries/sdk/utilities/debug_console/fsl_debug_console.c:1104:22
	ldrsb.w	r0, [sp, #159]
.Ltmp178:
	.loc	2 1104 22 is_stmt 0             @ ../../libraries/sdk/utilities/debug_console/fsl_debug_console.c:1104:22
	cmp	r0, #99
	bne	.LBB4_177
	b	.LBB4_176
.LBB4_176:                              @   in Loop: Header=BB4_1 Depth=1
.Ltmp179:
	.loc	2 1106 33 is_stmt 1             @ ../../libraries/sdk/utilities/debug_console/fsl_debug_console.c:1106:33
	ldr	r0, [sp, #172]
	adds	r1, r0, #4
	str	r1, [sp, #172]
	ldr	r0, [r0]
	.loc	2 1106 22 is_stmt 0             @ ../../libraries/sdk/utilities/debug_console/fsl_debug_console.c:1106:22
	str	r0, [sp, #92]
	.loc	2 1107 23 is_stmt 1             @ ../../libraries/sdk/utilities/debug_console/fsl_debug_console.c:1107:23
	ldr	r1, [sp, #168]
	.loc	2 1107 32 is_stmt 0             @ ../../libraries/sdk/utilities/debug_console/fsl_debug_console.c:1107:32
	ldr	r0, [sp, #92]
	.loc	2 1107 23                       @ ../../libraries/sdk/utilities/debug_console/fsl_debug_console.c:1107:23
	blx	r1
	.loc	2 1108 22 is_stmt 1             @ ../../libraries/sdk/utilities/debug_console/fsl_debug_console.c:1108:22
	ldr	r0, [sp, #108]
	adds	r0, #1
	str	r0, [sp, #108]
	.loc	2 1109 13                       @ ../../libraries/sdk/utilities/debug_console/fsl_debug_console.c:1109:13
	b	.LBB4_201
.Ltmp180:
.LBB4_177:                              @   in Loop: Header=BB4_1 Depth=1
	.loc	2 1110 22                       @ ../../libraries/sdk/utilities/debug_console/fsl_debug_console.c:1110:22
	ldrsb.w	r0, [sp, #159]
.Ltmp181:
	.loc	2 1110 22 is_stmt 0             @ ../../libraries/sdk/utilities/debug_console/fsl_debug_console.c:1110:22
	cmp	r0, #115
	bne	.LBB4_199
	b	.LBB4_178
.LBB4_178:                              @   in Loop: Header=BB4_1 Depth=1
.Ltmp182:
	.loc	2 1112 32 is_stmt 1             @ ../../libraries/sdk/utilities/debug_console/fsl_debug_console.c:1112:32
	ldr	r0, [sp, #172]
	adds	r1, r0, #4
	str	r1, [sp, #172]
	ldr	r0, [r0]
	.loc	2 1112 22 is_stmt 0             @ ../../libraries/sdk/utilities/debug_console/fsl_debug_console.c:1112:22
	str	r0, [sp, #96]
.Ltmp183:
	.loc	2 1113 29 is_stmt 1             @ ../../libraries/sdk/utilities/debug_console/fsl_debug_console.c:1113:29
	ldr	r0, [sp, #96]
.Ltmp184:
	.loc	2 1113 21 is_stmt 0             @ ../../libraries/sdk/utilities/debug_console/fsl_debug_console.c:1113:21
	cmp	r0, #0
	beq	.LBB4_198
	b	.LBB4_179
.LBB4_179:                              @   in Loop: Header=BB4_1 Depth=1
.Ltmp185:
	.loc	2 1116 25 is_stmt 1             @ ../../libraries/sdk/utilities/debug_console/fsl_debug_console.c:1116:25
	ldrb.w	r0, [sp, #63]
.Ltmp186:
	.loc	2 1116 25 is_stmt 0             @ ../../libraries/sdk/utilities/debug_console/fsl_debug_console.c:1116:25
	lsls	r0, r0, #31
	cbz	r0, .LBB4_181
	b	.LBB4_180
.LBB4_180:                              @   in Loop: Header=BB4_1 Depth=1
.Ltmp187:
	.loc	2 1118 41 is_stmt 1             @ ../../libraries/sdk/utilities/debug_console/fsl_debug_console.c:1118:41
	ldr	r0, [sp, #100]
	.loc	2 1118 30 is_stmt 0             @ ../../libraries/sdk/utilities/debug_console/fsl_debug_console.c:1118:30
	str	r0, [sp, #116]
	.loc	2 1119 21 is_stmt 1             @ ../../libraries/sdk/utilities/debug_console/fsl_debug_console.c:1119:21
	b	.LBB4_182
.Ltmp188:
.LBB4_181:                              @   in Loop: Header=BB4_1 Depth=1
	.loc	2 1122 48                       @ ../../libraries/sdk/utilities/debug_console/fsl_debug_console.c:1122:48
	ldr	r0, [sp, #96]
	.loc	2 1122 41 is_stmt 0             @ ../../libraries/sdk/utilities/debug_console/fsl_debug_console.c:1122:41
	bl	strlen
	.loc	2 1122 30                       @ ../../libraries/sdk/utilities/debug_console/fsl_debug_console.c:1122:30
	str	r0, [sp, #116]
	b	.LBB4_182
.Ltmp189:
.LBB4_182:                              @   in Loop: Header=BB4_1 Depth=1
	.loc	2 1128 25 is_stmt 1             @ ../../libraries/sdk/utilities/debug_console/fsl_debug_console.c:1128:25
	ldrb.w	r0, [sp, #84]
	lsls	r0, r0, #31
	cbnz	r0, .LBB4_184
	b	.LBB4_183
.LBB4_183:                              @   in Loop: Header=BB4_1 Depth=1
.Ltmp190:
	.loc	2 1131 64                       @ ../../libraries/sdk/utilities/debug_console/fsl_debug_console.c:1131:64
	ldr	r1, [sp, #116]
	.loc	2 1131 79 is_stmt 0             @ ../../libraries/sdk/utilities/debug_console/fsl_debug_console.c:1131:79
	ldr	r2, [sp, #104]
	.loc	2 1131 100                      @ ../../libraries/sdk/utilities/debug_console/fsl_debug_console.c:1131:100
	ldr	r0, [sp, #168]
	.loc	2 1131 25                       @ ../../libraries/sdk/utilities/debug_console/fsl_debug_console.c:1131:25
	mov	r3, sp
	str	r0, [r3]
	movs	r0, #32
	add	r3, sp, #108
	bl	DbgConsole_PrintfPaddingCharacter
	.loc	2 1132 21 is_stmt 1             @ ../../libraries/sdk/utilities/debug_console/fsl_debug_console.c:1132:21
	b	.LBB4_184
.Ltmp191:
.LBB4_184:                              @   in Loop: Header=BB4_1 Depth=1
	.loc	2 1135 25                       @ ../../libraries/sdk/utilities/debug_console/fsl_debug_console.c:1135:25
	ldrb.w	r0, [sp, #63]
.Ltmp192:
	.loc	2 1135 25 is_stmt 0             @ ../../libraries/sdk/utilities/debug_console/fsl_debug_console.c:1135:25
	lsls	r0, r0, #31
	cbz	r0, .LBB4_191
	b	.LBB4_185
.LBB4_185:                              @   in Loop: Header=BB4_1 Depth=1
.Ltmp193:
	.loc	2 1137 25 is_stmt 1             @ ../../libraries/sdk/utilities/debug_console/fsl_debug_console.c:1137:25
	b	.LBB4_186
.LBB4_186:                              @   Parent Loop BB4_1 Depth=1
                                        @ =>  This Inner Loop Header: Depth=2
	.loc	2 1137 42 is_stmt 0             @ ../../libraries/sdk/utilities/debug_console/fsl_debug_console.c:1137:42
	ldr	r0, [sp, #96]
	.loc	2 1137 41                       @ ../../libraries/sdk/utilities/debug_console/fsl_debug_console.c:1137:41
	ldrsb.w	r1, [r0]
	movs	r0, #0
	.loc	2 1137 48                       @ ../../libraries/sdk/utilities/debug_console/fsl_debug_console.c:1137:48
	str	r0, [sp, #8]                    @ 4-byte Spill
	cbz	r1, .LBB4_188
	b	.LBB4_187
.LBB4_187:                              @   in Loop: Header=BB4_186 Depth=2
	.loc	2 1137 52                       @ ../../libraries/sdk/utilities/debug_console/fsl_debug_console.c:1137:52
	ldr	r1, [sp, #116]
	movs	r0, #0
	.loc	2 1137 57                       @ ../../libraries/sdk/utilities/debug_console/fsl_debug_console.c:1137:57
	cmp	r1, #0
	it	gt
	movgt	r0, #1
	str	r0, [sp, #8]                    @ 4-byte Spill
	b	.LBB4_188
.LBB4_188:                              @   in Loop: Header=BB4_186 Depth=2
	.loc	2 0 0                           @ ../../libraries/sdk/utilities/debug_console/fsl_debug_console.c:0:0
	ldr	r0, [sp, #8]                    @ 4-byte Reload
	.loc	2 1137 25                       @ ../../libraries/sdk/utilities/debug_console/fsl_debug_console.c:1137:25
	lsls	r0, r0, #31
	cbz	r0, .LBB4_190
	b	.LBB4_189
.LBB4_189:                              @   in Loop: Header=BB4_186 Depth=2
.Ltmp194:
	.loc	2 1139 35 is_stmt 1             @ ../../libraries/sdk/utilities/debug_console/fsl_debug_console.c:1139:35
	ldr	r1, [sp, #168]
	.loc	2 1139 49 is_stmt 0             @ ../../libraries/sdk/utilities/debug_console/fsl_debug_console.c:1139:49
	ldr	r0, [sp, #96]
	adds	r2, r0, #1
	str	r2, [sp, #96]
	.loc	2 1139 44                       @ ../../libraries/sdk/utilities/debug_console/fsl_debug_console.c:1139:44
	ldrsb.w	r0, [r0]
	.loc	2 1139 35                       @ ../../libraries/sdk/utilities/debug_console/fsl_debug_console.c:1139:35
	blx	r1
	.loc	2 1140 34 is_stmt 1             @ ../../libraries/sdk/utilities/debug_console/fsl_debug_console.c:1140:34
	ldr	r0, [sp, #108]
	adds	r0, #1
	str	r0, [sp, #108]
	.loc	2 1141 33                       @ ../../libraries/sdk/utilities/debug_console/fsl_debug_console.c:1141:33
	ldr	r0, [sp, #116]
	subs	r0, #1
	str	r0, [sp, #116]
.Ltmp195:
	.loc	2 1137 25                       @ ../../libraries/sdk/utilities/debug_console/fsl_debug_console.c:1137:25
	b	.LBB4_186
.LBB4_190:                              @   in Loop: Header=BB4_1 Depth=1
	.loc	2 1144 41                       @ ../../libraries/sdk/utilities/debug_console/fsl_debug_console.c:1144:41
	ldr	r0, [sp, #100]
	.loc	2 1144 59 is_stmt 0             @ ../../libraries/sdk/utilities/debug_console/fsl_debug_console.c:1144:59
	ldr	r1, [sp, #116]
	.loc	2 1144 57                       @ ../../libraries/sdk/utilities/debug_console/fsl_debug_console.c:1144:57
	subs	r0, r0, r1
	.loc	2 1144 30                       @ ../../libraries/sdk/utilities/debug_console/fsl_debug_console.c:1144:30
	str	r0, [sp, #116]
	.loc	2 1145 21 is_stmt 1             @ ../../libraries/sdk/utilities/debug_console/fsl_debug_console.c:1145:21
	b	.LBB4_195
.Ltmp196:
.LBB4_191:                              @   in Loop: Header=BB4_1 Depth=1
	.loc	2 1149 25                       @ ../../libraries/sdk/utilities/debug_console/fsl_debug_console.c:1149:25
	b	.LBB4_192
.LBB4_192:                              @   Parent Loop BB4_1 Depth=1
                                        @ =>  This Inner Loop Header: Depth=2
	.loc	2 1149 41 is_stmt 0             @ ../../libraries/sdk/utilities/debug_console/fsl_debug_console.c:1149:41
	ldr	r0, [sp, #96]
	.loc	2 1149 40                       @ ../../libraries/sdk/utilities/debug_console/fsl_debug_console.c:1149:40
	ldrsb.w	r0, [r0]
	.loc	2 1149 25                       @ ../../libraries/sdk/utilities/debug_console/fsl_debug_console.c:1149:25
	cbz	r0, .LBB4_194
	b	.LBB4_193
.LBB4_193:                              @   in Loop: Header=BB4_192 Depth=2
.Ltmp197:
	.loc	2 1151 35 is_stmt 1             @ ../../libraries/sdk/utilities/debug_console/fsl_debug_console.c:1151:35
	ldr	r1, [sp, #168]
	.loc	2 1151 49 is_stmt 0             @ ../../libraries/sdk/utilities/debug_console/fsl_debug_console.c:1151:49
	ldr	r0, [sp, #96]
	adds	r2, r0, #1
	str	r2, [sp, #96]
	.loc	2 1151 44                       @ ../../libraries/sdk/utilities/debug_console/fsl_debug_console.c:1151:44
	ldrsb.w	r0, [r0]
	.loc	2 1151 35                       @ ../../libraries/sdk/utilities/debug_console/fsl_debug_console.c:1151:35
	blx	r1
	.loc	2 1152 34 is_stmt 1             @ ../../libraries/sdk/utilities/debug_console/fsl_debug_console.c:1152:34
	ldr	r0, [sp, #108]
	adds	r0, #1
	str	r0, [sp, #108]
.Ltmp198:
	.loc	2 1149 25                       @ ../../libraries/sdk/utilities/debug_console/fsl_debug_console.c:1149:25
	b	.LBB4_192
.Ltmp199:
.LBB4_194:                              @   in Loop: Header=BB4_1 Depth=1
	.loc	2 0 25 is_stmt 0                @ ../../libraries/sdk/utilities/debug_console/fsl_debug_console.c:0:25
	b	.LBB4_195
.LBB4_195:                              @   in Loop: Header=BB4_1 Depth=1
	.loc	2 1159 25 is_stmt 1             @ ../../libraries/sdk/utilities/debug_console/fsl_debug_console.c:1159:25
	ldrb.w	r0, [sp, #84]
	lsls	r0, r0, #31
	cbz	r0, .LBB4_197
	b	.LBB4_196
.LBB4_196:                              @   in Loop: Header=BB4_1 Depth=1
.Ltmp200:
	.loc	2 1161 64                       @ ../../libraries/sdk/utilities/debug_console/fsl_debug_console.c:1161:64
	ldr	r1, [sp, #116]
	.loc	2 1161 79 is_stmt 0             @ ../../libraries/sdk/utilities/debug_console/fsl_debug_console.c:1161:79
	ldr	r2, [sp, #104]
	.loc	2 1161 100                      @ ../../libraries/sdk/utilities/debug_console/fsl_debug_console.c:1161:100
	ldr	r0, [sp, #168]
	.loc	2 1161 25                       @ ../../libraries/sdk/utilities/debug_console/fsl_debug_console.c:1161:25
	mov	r3, sp
	str	r0, [r3]
	movs	r0, #32
	add	r3, sp, #108
	bl	DbgConsole_PrintfPaddingCharacter
	.loc	2 1162 21 is_stmt 1             @ ../../libraries/sdk/utilities/debug_console/fsl_debug_console.c:1162:21
	b	.LBB4_197
.Ltmp201:
.LBB4_197:                              @   in Loop: Header=BB4_1 Depth=1
	.loc	2 1164 17                       @ ../../libraries/sdk/utilities/debug_console/fsl_debug_console.c:1164:17
	b	.LBB4_198
.Ltmp202:
.LBB4_198:                              @   in Loop: Header=BB4_1 Depth=1
	.loc	2 1165 13                       @ ../../libraries/sdk/utilities/debug_console/fsl_debug_console.c:1165:13
	b	.LBB4_200
.Ltmp203:
.LBB4_199:                              @   in Loop: Header=BB4_1 Depth=1
	.loc	2 1168 23                       @ ../../libraries/sdk/utilities/debug_console/fsl_debug_console.c:1168:23
	ldr	r1, [sp, #168]
	.loc	2 1168 32 is_stmt 0             @ ../../libraries/sdk/utilities/debug_console/fsl_debug_console.c:1168:32
	ldrsb.w	r0, [sp, #159]
	.loc	2 1168 23                       @ ../../libraries/sdk/utilities/debug_console/fsl_debug_console.c:1168:23
	blx	r1
	.loc	2 1169 22 is_stmt 1             @ ../../libraries/sdk/utilities/debug_console/fsl_debug_console.c:1169:22
	ldr	r0, [sp, #108]
	adds	r0, #1
	str	r0, [sp, #108]
	b	.LBB4_200
.Ltmp204:
.LBB4_200:                              @   in Loop: Header=BB4_1 Depth=1
	.loc	2 0 22 is_stmt 0                @ ../../libraries/sdk/utilities/debug_console/fsl_debug_console.c:0:22
	b	.LBB4_201
.LBB4_201:                              @   in Loop: Header=BB4_1 Depth=1
	b	.LBB4_202
.LBB4_202:                              @   in Loop: Header=BB4_1 Depth=1
	.loc	2 1172 10 is_stmt 1             @ ../../libraries/sdk/utilities/debug_console/fsl_debug_console.c:1172:10
	ldr	r0, [sp, #160]
	adds	r0, #1
	str	r0, [sp, #160]
.Ltmp205:
	.loc	2 644 5                         @ ../../libraries/sdk/utilities/debug_console/fsl_debug_console.c:644:5
	b.w	.LBB4_1
.LBB4_203:
	.loc	2 1174 17                       @ ../../libraries/sdk/utilities/debug_console/fsl_debug_console.c:1174:17
	ldr	r0, [sp, #108]
	.loc	2 1174 5 is_stmt 0              @ ../../libraries/sdk/utilities/debug_console/fsl_debug_console.c:1174:5
	add	sp, #176
	pop	{r7, pc}
.Ltmp206:
.Lfunc_end4:
	.size	DbgConsole_PrintfFormattedData, .Lfunc_end4-DbgConsole_PrintfFormattedData
	.cfi_endproc
	.cantunwind
	.fnend
                                        @ -- End function
	.section	.text.DbgConsole_Putchar,"ax",%progbits
	.hidden	DbgConsole_Putchar              @ -- Begin function DbgConsole_Putchar
	.globl	DbgConsole_Putchar
	.p2align	3
	.type	DbgConsole_Putchar,%function
	.code	16                              @ @DbgConsole_Putchar
	.thumb_func
DbgConsole_Putchar:
.Lfunc_begin5:
	.loc	2 196 0 is_stmt 1               @ ../../libraries/sdk/utilities/debug_console/fsl_debug_console.c:196:0
	.fnstart
	.cfi_startproc
@ %bb.0:
	.save	{r7, lr}
	push	{r7, lr}
	.cfi_def_cfa_offset 8
	.cfi_offset lr, -4
	.cfi_offset r7, -8
	.pad	#16
	sub	sp, #16
	.cfi_def_cfa_offset 24
	str	r0, [sp, #8]
.Ltmp207:
	.loc	2 198 44 prologue_end           @ ../../libraries/sdk/utilities/debug_console/fsl_debug_console.c:198:44
	movw	r0, :lower16:s_debugConsole
	movt	r0, :upper16:s_debugConsole
	ldrb	r0, [r0, #16]
.Ltmp208:
	.loc	2 198 9 is_stmt 0               @ ../../libraries/sdk/utilities/debug_console/fsl_debug_console.c:198:9
	cbnz	r0, .LBB5_2
	b	.LBB5_1
.LBB5_1:
	.loc	2 0 9                           @ ../../libraries/sdk/utilities/debug_console/fsl_debug_console.c:0:9
	mov.w	r0, #-1
.Ltmp209:
	.loc	2 200 9 is_stmt 1               @ ../../libraries/sdk/utilities/debug_console/fsl_debug_console.c:200:9
	str	r0, [sp, #12]
	b	.LBB5_3
.Ltmp210:
.LBB5_2:
	.loc	2 202 26                        @ ../../libraries/sdk/utilities/debug_console/fsl_debug_console.c:202:26
	movw	r0, :lower16:s_debugConsole
	movt	r0, :upper16:s_debugConsole
	ldr	r3, [r0, #8]
	add	r1, sp, #8
	movs	r2, #1
	.loc	2 202 11 is_stmt 0              @ ../../libraries/sdk/utilities/debug_console/fsl_debug_console.c:202:11
	str	r2, [sp, #4]                    @ 4-byte Spill
	blx	r3
                                        @ kill: def $r1 killed $r0
	.loc	2 204 5 is_stmt 1               @ ../../libraries/sdk/utilities/debug_console/fsl_debug_console.c:204:5
	ldr	r0, [sp, #4]                    @ 4-byte Reload
	str	r0, [sp, #12]
	b	.LBB5_3
.LBB5_3:
	.loc	2 205 1                         @ ../../libraries/sdk/utilities/debug_console/fsl_debug_console.c:205:1
	ldr	r0, [sp, #12]
	add	sp, #16
	pop	{r7, pc}
.Ltmp211:
.Lfunc_end5:
	.size	DbgConsole_Putchar, .Lfunc_end5-DbgConsole_Putchar
	.cfi_endproc
	.cantunwind
	.fnend
                                        @ -- End function
	.section	.text.DbgConsole_Scanf,"ax",%progbits
	.hidden	DbgConsole_Scanf                @ -- Begin function DbgConsole_Scanf
	.globl	DbgConsole_Scanf
	.p2align	3
	.type	DbgConsole_Scanf,%function
	.code	16                              @ @DbgConsole_Scanf
	.thumb_func
DbgConsole_Scanf:
.Lfunc_begin6:
	.loc	2 209 0                         @ ../../libraries/sdk/utilities/debug_console/fsl_debug_console.c:209:0
	.fnstart
	.cfi_startproc
@ %bb.0:
	.pad	#12
	sub	sp, #12
	.cfi_def_cfa_offset 12
	.save	{r7, lr}
	push	{r7, lr}
	.cfi_def_cfa_offset 20
	.cfi_offset lr, -16
	.cfi_offset r7, -20
	.pad	#44
	sub	sp, #44
	.cfi_def_cfa_offset 64
	str	r3, [sp, #60]
	str	r2, [sp, #56]
	str	r1, [sp, #52]
	str	r0, [sp, #36]
.Ltmp212:
	.loc	2 217 44 prologue_end           @ ../../libraries/sdk/utilities/debug_console/fsl_debug_console.c:217:44
	movw	r0, :lower16:s_debugConsole
	movt	r0, :upper16:s_debugConsole
	ldrb	r0, [r0, #16]
.Ltmp213:
	.loc	2 217 9 is_stmt 0               @ ../../libraries/sdk/utilities/debug_console/fsl_debug_console.c:217:9
	cbnz	r0, .LBB6_2
	b	.LBB6_1
.LBB6_1:
	.loc	2 0 9                           @ ../../libraries/sdk/utilities/debug_console/fsl_debug_console.c:0:9
	mov.w	r0, #-1
.Ltmp214:
	.loc	2 219 9 is_stmt 1               @ ../../libraries/sdk/utilities/debug_console/fsl_debug_console.c:219:9
	str	r0, [sp, #40]
	b	.LBB6_16
.Ltmp215:
.LBB6_2:
	.loc	2 0 9 is_stmt 0                 @ ../../libraries/sdk/utilities/debug_console/fsl_debug_console.c:0:9
	add	r0, sp, #52
	.loc	2 221 5 is_stmt 1               @ ../../libraries/sdk/utilities/debug_console/fsl_debug_console.c:221:5
	str	r0, [sp, #8]
	movs	r0, #0
	.loc	2 222 17                        @ ../../libraries/sdk/utilities/debug_console/fsl_debug_console.c:222:17
	strb.w	r0, [sp, #15]
	.loc	2 224 7                         @ ../../libraries/sdk/utilities/debug_console/fsl_debug_console.c:224:7
	str	r0, [sp, #4]
	.loc	2 225 5                         @ ../../libraries/sdk/utilities/debug_console/fsl_debug_console.c:225:5
	b	.LBB6_3
.LBB6_3:                                @ =>This Inner Loop Header: Depth=1
.Ltmp216:
	.loc	2 227 13                        @ ../../libraries/sdk/utilities/debug_console/fsl_debug_console.c:227:13
	ldr	r0, [sp, #4]
.Ltmp217:
	.loc	2 227 13 is_stmt 0              @ ../../libraries/sdk/utilities/debug_console/fsl_debug_console.c:227:13
	cmp	r0, #20
	blt	.LBB6_5
	b	.LBB6_4
.LBB6_4:
.Ltmp218:
	.loc	2 229 13 is_stmt 1              @ ../../libraries/sdk/utilities/debug_console/fsl_debug_console.c:229:13
	b	.LBB6_12
.Ltmp219:
.LBB6_5:                                @   in Loop: Header=BB6_3 Depth=1
	.loc	2 232 29                        @ ../../libraries/sdk/utilities/debug_console/fsl_debug_console.c:232:29
	bl	DbgConsole_Getchar
	.loc	2 232 21 is_stmt 0              @ ../../libraries/sdk/utilities/debug_console/fsl_debug_console.c:232:21
	strb.w	r0, [sp, #3]
	.loc	2 233 23 is_stmt 1              @ ../../libraries/sdk/utilities/debug_console/fsl_debug_console.c:233:23
	ldrb.w	r0, [sp, #3]
	.loc	2 233 18 is_stmt 0              @ ../../libraries/sdk/utilities/debug_console/fsl_debug_console.c:233:18
	ldr	r2, [sp, #4]
	add.w	r1, sp, #15
	.loc	2 233 21                        @ ../../libraries/sdk/utilities/debug_console/fsl_debug_console.c:233:21
	strb	r0, [r1, r2]
.Ltmp220:
	.loc	2 235 14 is_stmt 1              @ ../../libraries/sdk/utilities/debug_console/fsl_debug_console.c:235:14
	ldrsb.w	r0, [sp, #3]
	.loc	2 235 30 is_stmt 0              @ ../../libraries/sdk/utilities/debug_console/fsl_debug_console.c:235:30
	cmp	r0, #13
	beq	.LBB6_7
	b	.LBB6_6
.LBB6_6:                                @   in Loop: Header=BB6_3 Depth=1
	.loc	2 235 34                        @ ../../libraries/sdk/utilities/debug_console/fsl_debug_console.c:235:34
	ldrsb.w	r0, [sp, #3]
.Ltmp221:
	.loc	2 235 13                        @ ../../libraries/sdk/utilities/debug_console/fsl_debug_console.c:235:13
	cmp	r0, #10
	bne	.LBB6_11
	b	.LBB6_7
.LBB6_7:                                @   in Loop: Header=BB6_3 Depth=1
.Ltmp222:
	.loc	2 238 17 is_stmt 1              @ ../../libraries/sdk/utilities/debug_console/fsl_debug_console.c:238:17
	ldr	r0, [sp, #4]
.Ltmp223:
	.loc	2 238 17 is_stmt 0              @ ../../libraries/sdk/utilities/debug_console/fsl_debug_console.c:238:17
	cbnz	r0, .LBB6_9
	b	.LBB6_8
.LBB6_8:                                @   in Loop: Header=BB6_3 Depth=1
.Ltmp224:
	.loc	2 240 26 is_stmt 1              @ ../../libraries/sdk/utilities/debug_console/fsl_debug_console.c:240:26
	ldr	r2, [sp, #4]
	add.w	r1, sp, #15
	movs	r0, #0
	.loc	2 240 29 is_stmt 0              @ ../../libraries/sdk/utilities/debug_console/fsl_debug_console.c:240:29
	strb	r0, [r1, r2]
	mov.w	r0, #-1
	.loc	2 241 29 is_stmt 1              @ ../../libraries/sdk/utilities/debug_console/fsl_debug_console.c:241:29
	str	r0, [sp, #4]
	.loc	2 242 13                        @ ../../libraries/sdk/utilities/debug_console/fsl_debug_console.c:242:13
	b	.LBB6_10
.Ltmp225:
.LBB6_9:
	.loc	2 245 17                        @ ../../libraries/sdk/utilities/debug_console/fsl_debug_console.c:245:17
	b	.LBB6_12
.Ltmp226:
.LBB6_10:                               @   in Loop: Header=BB6_3 Depth=1
	.loc	2 247 9                         @ ../../libraries/sdk/utilities/debug_console/fsl_debug_console.c:247:9
	b	.LBB6_11
.Ltmp227:
.LBB6_11:                               @   in Loop: Header=BB6_3 Depth=1
	.loc	2 249 10                        @ ../../libraries/sdk/utilities/debug_console/fsl_debug_console.c:249:10
	ldr	r0, [sp, #4]
	adds	r0, #1
	str	r0, [sp, #4]
.Ltmp228:
	.loc	2 225 5                         @ ../../libraries/sdk/utilities/debug_console/fsl_debug_console.c:225:5
	b	.LBB6_3
.LBB6_12:
.Ltmp229:
	.loc	2 252 9                         @ ../../libraries/sdk/utilities/debug_console/fsl_debug_console.c:252:9
	ldr	r0, [sp, #4]
.Ltmp230:
	.loc	2 252 9 is_stmt 0               @ ../../libraries/sdk/utilities/debug_console/fsl_debug_console.c:252:9
	cmp	r0, #20
	bne	.LBB6_14
	b	.LBB6_13
.LBB6_13:
.Ltmp231:
	.loc	2 254 18 is_stmt 1              @ ../../libraries/sdk/utilities/debug_console/fsl_debug_console.c:254:18
	ldr	r2, [sp, #4]
	add.w	r1, sp, #15
	movs	r0, #0
	.loc	2 254 21 is_stmt 0              @ ../../libraries/sdk/utilities/debug_console/fsl_debug_console.c:254:21
	strb	r0, [r1, r2]
	.loc	2 255 5 is_stmt 1               @ ../../libraries/sdk/utilities/debug_console/fsl_debug_console.c:255:5
	b	.LBB6_15
.Ltmp232:
.LBB6_14:
	.loc	2 258 18                        @ ../../libraries/sdk/utilities/debug_console/fsl_debug_console.c:258:18
	ldr	r0, [sp, #4]
	add.w	r1, sp, #15
	.loc	2 258 20 is_stmt 0              @ ../../libraries/sdk/utilities/debug_console/fsl_debug_console.c:258:20
	add	r1, r0
	movs	r0, #0
	.loc	2 258 25                        @ ../../libraries/sdk/utilities/debug_console/fsl_debug_console.c:258:25
	strb	r0, [r1, #1]
	b	.LBB6_15
.Ltmp233:
.LBB6_15:
	.loc	2 260 60 is_stmt 1              @ ../../libraries/sdk/utilities/debug_console/fsl_debug_console.c:260:60
	ldr	r1, [sp, #36]
	.loc	2 260 20 is_stmt 0              @ ../../libraries/sdk/utilities/debug_console/fsl_debug_console.c:260:20
	ldr	r2, [sp, #8]
	add.w	r0, sp, #15
	bl	DbgConsole_ScanfFormattedData
	.loc	2 260 12                        @ ../../libraries/sdk/utilities/debug_console/fsl_debug_console.c:260:12
	strb.w	r0, [sp, #3]
	.loc	2 263 17 is_stmt 1              @ ../../libraries/sdk/utilities/debug_console/fsl_debug_console.c:263:17
	ldrsb.w	r0, [sp, #3]
	.loc	2 263 5 is_stmt 0               @ ../../libraries/sdk/utilities/debug_console/fsl_debug_console.c:263:5
	str	r0, [sp, #40]
	b	.LBB6_16
.LBB6_16:
	.loc	2 264 1 is_stmt 1               @ ../../libraries/sdk/utilities/debug_console/fsl_debug_console.c:264:1
	ldr	r0, [sp, #40]
	add	sp, #44
	pop.w	{r7, lr}
	add	sp, #12
	bx	lr
.Ltmp234:
.Lfunc_end6:
	.size	DbgConsole_Scanf, .Lfunc_end6-DbgConsole_Scanf
	.cfi_endproc
	.cantunwind
	.fnend
                                        @ -- End function
	.section	.text.DbgConsole_Getchar,"ax",%progbits
	.hidden	DbgConsole_Getchar              @ -- Begin function DbgConsole_Getchar
	.globl	DbgConsole_Getchar
	.p2align	3
	.type	DbgConsole_Getchar,%function
	.code	16                              @ @DbgConsole_Getchar
	.thumb_func
DbgConsole_Getchar:
.Lfunc_begin7:
	.loc	2 268 0                         @ ../../libraries/sdk/utilities/debug_console/fsl_debug_console.c:268:0
	.fnstart
	.cfi_startproc
@ %bb.0:
	.save	{r7, lr}
	push	{r7, lr}
	.cfi_def_cfa_offset 8
	.cfi_offset lr, -4
	.cfi_offset r7, -8
	.pad	#8
	sub	sp, #8
	.cfi_def_cfa_offset 16
.Ltmp235:
	.loc	2 271 44 prologue_end           @ ../../libraries/sdk/utilities/debug_console/fsl_debug_console.c:271:44
	movw	r0, :lower16:s_debugConsole
	movt	r0, :upper16:s_debugConsole
	ldrb	r0, [r0, #16]
.Ltmp236:
	.loc	2 271 9 is_stmt 0               @ ../../libraries/sdk/utilities/debug_console/fsl_debug_console.c:271:9
	cbnz	r0, .LBB7_2
	b	.LBB7_1
.LBB7_1:
	.loc	2 0 9                           @ ../../libraries/sdk/utilities/debug_console/fsl_debug_console.c:0:9
	mov.w	r0, #-1
.Ltmp237:
	.loc	2 273 9 is_stmt 1               @ ../../libraries/sdk/utilities/debug_console/fsl_debug_console.c:273:9
	str	r0, [sp, #4]
	b	.LBB7_6
.Ltmp238:
.LBB7_2:
	.loc	2 275 5                         @ ../../libraries/sdk/utilities/debug_console/fsl_debug_console.c:275:5
	b	.LBB7_3
.LBB7_3:
	.loc	2 276 27                        @ ../../libraries/sdk/utilities/debug_console/fsl_debug_console.c:276:27
	movw	r0, :lower16:s_debugConsole
	movt	r0, :upper16:s_debugConsole
	ldr	r3, [r0, #12]
	add.w	r1, sp, #3
	movs	r2, #1
	.loc	2 276 12 is_stmt 0              @ ../../libraries/sdk/utilities/debug_console/fsl_debug_console.c:276:12
	blx	r3
	.loc	2 275 5 is_stmt 1               @ ../../libraries/sdk/utilities/debug_console/fsl_debug_console.c:275:5
	cbz	r0, .LBB7_5
	b	.LBB7_4
.LBB7_4:
	.loc	2 0 5 is_stmt 0                 @ ../../libraries/sdk/utilities/debug_console/fsl_debug_console.c:0:5
	mov.w	r0, #-1
.Ltmp239:
	.loc	2 278 9 is_stmt 1               @ ../../libraries/sdk/utilities/debug_console/fsl_debug_console.c:278:9
	str	r0, [sp, #4]
	b	.LBB7_6
.Ltmp240:
.LBB7_5:
	.loc	2 281 17                        @ ../../libraries/sdk/utilities/debug_console/fsl_debug_console.c:281:17
	ldrsb.w	r0, [sp, #3]
	.loc	2 281 5 is_stmt 0               @ ../../libraries/sdk/utilities/debug_console/fsl_debug_console.c:281:5
	str	r0, [sp, #4]
	b	.LBB7_6
.LBB7_6:
	.loc	2 282 1 is_stmt 1               @ ../../libraries/sdk/utilities/debug_console/fsl_debug_console.c:282:1
	ldr	r0, [sp, #4]
	add	sp, #8
	pop	{r7, pc}
.Ltmp241:
.Lfunc_end7:
	.size	DbgConsole_Getchar, .Lfunc_end7-DbgConsole_Getchar
	.cfi_endproc
	.cantunwind
	.fnend
                                        @ -- End function
	.section	.text.DbgConsole_ScanfFormattedData,"ax",%progbits
	.p2align	3                               @ -- Begin function DbgConsole_ScanfFormattedData
	.type	DbgConsole_ScanfFormattedData,%function
	.code	16                              @ @DbgConsole_ScanfFormattedData
	.thumb_func
DbgConsole_ScanfFormattedData:
.Lfunc_begin8:
	.loc	2 1189 0                        @ ../../libraries/sdk/utilities/debug_console/fsl_debug_console.c:1189:0
	.fnstart
	.cfi_startproc
@ %bb.0:
	.save	{r7, lr}
	push	{r7, lr}
	.cfi_def_cfa_offset 8
	.cfi_offset lr, -4
	.cfi_offset r7, -8
	.pad	#112
	sub	sp, #112
	.cfi_def_cfa_offset 120
	str	r2, [sp, #104]
	str	r0, [sp, #100]
	str	r1, [sp, #96]
.Ltmp242:
	.loc	2 1193 15 prologue_end          @ ../../libraries/sdk/utilities/debug_console/fsl_debug_console.c:1193:15
	ldr	r0, [sp, #96]
	.loc	2 1193 11 is_stmt 0             @ ../../libraries/sdk/utilities/debug_console/fsl_debug_console.c:1193:11
	str	r0, [sp, #88]
	movs	r0, #0
	.loc	2 1197 14 is_stmt 1             @ ../../libraries/sdk/utilities/debug_console/fsl_debug_console.c:1197:14
	str	r0, [sp, #76]
	.loc	2 1201 14                       @ ../../libraries/sdk/utilities/debug_console/fsl_debug_console.c:1201:14
	str	r0, [sp, #68]
	.loc	2 1202 10                       @ ../../libraries/sdk/utilities/debug_console/fsl_debug_console.c:1202:10
	strb.w	r0, [sp, #67]
	.loc	2 1204 14                       @ ../../libraries/sdk/utilities/debug_console/fsl_debug_console.c:1204:14
	str	r0, [sp, #60]
	.loc	2 1210 21                       @ ../../libraries/sdk/utilities/debug_console/fsl_debug_console.c:1210:21
	ldr	r1, [sp, #100]
	.loc	2 1210 17 is_stmt 0             @ ../../libraries/sdk/utilities/debug_console/fsl_debug_console.c:1210:17
	str	r1, [sp, #48]
	.loc	2 1213 12 is_stmt 1             @ ../../libraries/sdk/utilities/debug_console/fsl_debug_console.c:1213:12
	str	r0, [sp, #44]
	str	r0, [sp, #40]
.Ltmp243:
	.loc	2 1217 10                       @ ../../libraries/sdk/utilities/debug_console/fsl_debug_console.c:1217:10
	ldr	r0, [sp, #48]
	.loc	2 1217 9 is_stmt 0              @ ../../libraries/sdk/utilities/debug_console/fsl_debug_console.c:1217:9
	ldrsb.w	r0, [r0]
.Ltmp244:
	.loc	2 1217 9                        @ ../../libraries/sdk/utilities/debug_console/fsl_debug_console.c:1217:9
	cbnz	r0, .LBB8_2
	b	.LBB8_1
.LBB8_1:
	.loc	2 0 9                           @ ../../libraries/sdk/utilities/debug_console/fsl_debug_console.c:0:9
	mov.w	r0, #-1
.Ltmp245:
	.loc	2 1219 9 is_stmt 1              @ ../../libraries/sdk/utilities/debug_console/fsl_debug_console.c:1219:9
	str	r0, [sp, #108]
	b.w	.LBB8_182
.Ltmp246:
.LBB8_2:
	.loc	2 1223 5                        @ ../../libraries/sdk/utilities/debug_console/fsl_debug_console.c:1223:5
	b	.LBB8_3
.LBB8_3:                                @ =>This Loop Header: Depth=1
                                        @     Child Loop BB8_16 Depth 2
                                        @       Child Loop BB8_43 Depth 3
                                        @     Child Loop BB8_120 Depth 2
                                        @     Child Loop BB8_83 Depth 2
                                        @     Child Loop BB8_71 Depth 2
	.loc	2 1223 23 is_stmt 0             @ ../../libraries/sdk/utilities/debug_console/fsl_debug_console.c:1223:23
	ldr	r0, [sp, #88]
	.loc	2 1223 22                       @ ../../libraries/sdk/utilities/debug_console/fsl_debug_console.c:1223:22
	ldrsb.w	r1, [r0]
	movs	r0, #0
	.loc	2 1223 27                       @ ../../libraries/sdk/utilities/debug_console/fsl_debug_console.c:1223:27
	str	r0, [sp, #36]                   @ 4-byte Spill
	cbz	r1, .LBB8_5
	b	.LBB8_4
.LBB8_4:                                @   in Loop: Header=BB8_3 Depth=1
	.loc	2 1223 41                       @ ../../libraries/sdk/utilities/debug_console/fsl_debug_console.c:1223:41
	ldr	r0, [sp, #48]
	.loc	2 1223 40                       @ ../../libraries/sdk/utilities/debug_console/fsl_debug_console.c:1223:40
	ldrsb.w	r0, [r0]
	.loc	2 1223 36                       @ ../../libraries/sdk/utilities/debug_console/fsl_debug_console.c:1223:36
	cmp	r0, #0
	it	ne
	movne	r0, #1
	str	r0, [sp, #36]                   @ 4-byte Spill
	b	.LBB8_5
.LBB8_5:                                @   in Loop: Header=BB8_3 Depth=1
	.loc	2 0 0                           @ ../../libraries/sdk/utilities/debug_console/fsl_debug_console.c:0:0
	ldr	r0, [sp, #36]                   @ 4-byte Reload
	.loc	2 1223 5                        @ ../../libraries/sdk/utilities/debug_console/fsl_debug_console.c:1223:5
	lsls	r0, r0, #31
	cmp	r0, #0
	beq.w	.LBB8_181
	b	.LBB8_6
.LBB8_6:                                @   in Loop: Header=BB8_3 Depth=1
	.loc	2 0 5                           @ ../../libraries/sdk/utilities/debug_console/fsl_debug_console.c:0:5
	add	r0, sp, #88
.Ltmp247:
	.loc	2 1226 19 is_stmt 1             @ ../../libraries/sdk/utilities/debug_console/fsl_debug_console.c:1226:19
	bl	DbgConsole_ScanIgnoreWhiteSpace
.Ltmp248:
	.loc	2 1226 13 is_stmt 0             @ ../../libraries/sdk/utilities/debug_console/fsl_debug_console.c:1226:13
	cbz	r0, .LBB8_8
	b	.LBB8_7
.LBB8_7:                                @   in Loop: Header=BB8_3 Depth=1
	.loc	2 0 13                          @ ../../libraries/sdk/utilities/debug_console/fsl_debug_console.c:0:13
	add	r0, sp, #48
.Ltmp249:
	.loc	2 1228 25 is_stmt 1             @ ../../libraries/sdk/utilities/debug_console/fsl_debug_console.c:1228:25
	bl	DbgConsole_ScanIgnoreWhiteSpace
	mov	r1, r0
	.loc	2 1228 22 is_stmt 0             @ ../../libraries/sdk/utilities/debug_console/fsl_debug_console.c:1228:22
	ldr	r0, [sp, #60]
	add	r0, r1
	str	r0, [sp, #60]
	.loc	2 1229 9 is_stmt 1              @ ../../libraries/sdk/utilities/debug_console/fsl_debug_console.c:1229:9
	b.w	.LBB8_180
.Ltmp250:
.LBB8_8:                                @   in Loop: Header=BB8_3 Depth=1
	.loc	2 1230 20                       @ ../../libraries/sdk/utilities/debug_console/fsl_debug_console.c:1230:20
	ldr	r0, [sp, #88]
	.loc	2 1230 19 is_stmt 0             @ ../../libraries/sdk/utilities/debug_console/fsl_debug_console.c:1230:19
	ldrsb.w	r0, [r0]
	.loc	2 1230 30                       @ ../../libraries/sdk/utilities/debug_console/fsl_debug_console.c:1230:30
	cmp	r0, #37
	bne	.LBB8_11
	b	.LBB8_9
.LBB8_9:                                @   in Loop: Header=BB8_3 Depth=1
	.loc	2 1230 36                       @ ../../libraries/sdk/utilities/debug_console/fsl_debug_console.c:1230:36
	ldr	r0, [sp, #88]
	.loc	2 1230 35                       @ ../../libraries/sdk/utilities/debug_console/fsl_debug_console.c:1230:35
	ldrsb.w	r0, [r0]
	.loc	2 1230 46                       @ ../../libraries/sdk/utilities/debug_console/fsl_debug_console.c:1230:46
	cmp	r0, #37
	bne	.LBB8_15
	b	.LBB8_10
.LBB8_10:                               @   in Loop: Header=BB8_3 Depth=1
	.loc	2 1230 52                       @ ../../libraries/sdk/utilities/debug_console/fsl_debug_console.c:1230:52
	ldr	r0, [sp, #88]
	.loc	2 1230 50                       @ ../../libraries/sdk/utilities/debug_console/fsl_debug_console.c:1230:50
	ldrsb.w	r0, [r0, #1]
.Ltmp251:
	.loc	2 1230 18                       @ ../../libraries/sdk/utilities/debug_console/fsl_debug_console.c:1230:18
	cmp	r0, #37
	bne	.LBB8_15
	b	.LBB8_11
.LBB8_11:                               @   in Loop: Header=BB8_3 Depth=1
.Ltmp252:
	.loc	2 1233 14 is_stmt 1             @ ../../libraries/sdk/utilities/debug_console/fsl_debug_console.c:1233:14
	ldr	r0, [sp, #88]
	adds	r0, #1
	str	r0, [sp, #88]
.Ltmp253:
	.loc	2 1234 18                       @ ../../libraries/sdk/utilities/debug_console/fsl_debug_console.c:1234:18
	ldr	r0, [sp, #48]
	.loc	2 1234 17 is_stmt 0             @ ../../libraries/sdk/utilities/debug_console/fsl_debug_console.c:1234:17
	ldrsb.w	r0, [r0]
	.loc	2 1234 24                       @ ../../libraries/sdk/utilities/debug_console/fsl_debug_console.c:1234:24
	ldr	r1, [sp, #88]
	.loc	2 1234 23                       @ ../../libraries/sdk/utilities/debug_console/fsl_debug_console.c:1234:23
	ldrsb.w	r1, [r1]
.Ltmp254:
	.loc	2 1234 17                       @ ../../libraries/sdk/utilities/debug_console/fsl_debug_console.c:1234:17
	cmp	r0, r1
	bne	.LBB8_13
	b	.LBB8_12
.LBB8_12:                               @   in Loop: Header=BB8_3 Depth=1
.Ltmp255:
	.loc	2 1236 25 is_stmt 1             @ ../../libraries/sdk/utilities/debug_console/fsl_debug_console.c:1236:25
	ldr	r0, [sp, #60]
	adds	r0, #1
	str	r0, [sp, #60]
	.loc	2 1237 18                       @ ../../libraries/sdk/utilities/debug_console/fsl_debug_console.c:1237:18
	ldr	r0, [sp, #48]
	adds	r0, #1
	str	r0, [sp, #48]
	.loc	2 1238 18                       @ ../../libraries/sdk/utilities/debug_console/fsl_debug_console.c:1238:18
	ldr	r0, [sp, #88]
	adds	r0, #1
	str	r0, [sp, #88]
	.loc	2 1239 13                       @ ../../libraries/sdk/utilities/debug_console/fsl_debug_console.c:1239:13
	b	.LBB8_14
.Ltmp256:
.LBB8_13:
	.loc	2 1244 17                       @ ../../libraries/sdk/utilities/debug_console/fsl_debug_console.c:1244:17
	b.w	.LBB8_181
.Ltmp257:
.LBB8_14:                               @   in Loop: Header=BB8_3 Depth=1
	.loc	2 1246 9                        @ ../../libraries/sdk/utilities/debug_console/fsl_debug_console.c:1246:9
	b.w	.LBB8_179
.Ltmp258:
.LBB8_15:                               @   in Loop: Header=BB8_3 Depth=1
	.loc	2 1250 14                       @ ../../libraries/sdk/utilities/debug_console/fsl_debug_console.c:1250:14
	ldr	r0, [sp, #88]
	adds	r0, #1
	str	r0, [sp, #88]
	movs	r0, #0
	.loc	2 1252 25                       @ ../../libraries/sdk/utilities/debug_console/fsl_debug_console.c:1252:25
	str	r0, [sp, #76]
	.loc	2 1253 25                       @ ../../libraries/sdk/utilities/debug_console/fsl_debug_console.c:1253:25
	str	r0, [sp, #72]
	.loc	2 1254 25                       @ ../../libraries/sdk/utilities/debug_console/fsl_debug_console.c:1254:25
	strb.w	r0, [sp, #95]
	.loc	2 1257 13                       @ ../../libraries/sdk/utilities/debug_console/fsl_debug_console.c:1257:13
	b	.LBB8_16
.LBB8_16:                               @   Parent Loop BB8_3 Depth=1
                                        @ =>  This Loop Header: Depth=2
                                        @       Child Loop BB8_43 Depth 3
	.loc	2 1257 30 is_stmt 0             @ ../../libraries/sdk/utilities/debug_console/fsl_debug_console.c:1257:30
	ldr	r0, [sp, #88]
	.loc	2 1257 29                       @ ../../libraries/sdk/utilities/debug_console/fsl_debug_console.c:1257:29
	ldrsb.w	r1, [r0]
	movs	r0, #0
	.loc	2 1257 33                       @ ../../libraries/sdk/utilities/debug_console/fsl_debug_console.c:1257:33
	str	r0, [sp, #32]                   @ 4-byte Spill
	cbz	r1, .LBB8_18
	b	.LBB8_17
.LBB8_17:                               @   in Loop: Header=BB8_16 Depth=2
	.loc	2 1257 40                       @ ../../libraries/sdk/utilities/debug_console/fsl_debug_console.c:1257:40
	ldrb.w	r0, [sp, #76]
	and	r0, r0, #124
	clz	r0, r0
	lsrs	r0, r0, #5
	str	r0, [sp, #32]                   @ 4-byte Spill
	b	.LBB8_18
.LBB8_18:                               @   in Loop: Header=BB8_16 Depth=2
	.loc	2 0 0                           @ ../../libraries/sdk/utilities/debug_console/fsl_debug_console.c:0:0
	ldr	r0, [sp, #32]                   @ 4-byte Reload
	.loc	2 1257 13                       @ ../../libraries/sdk/utilities/debug_console/fsl_debug_console.c:1257:13
	lsls	r0, r0, #31
	cmp	r0, #0
	beq.w	.LBB8_62
	b	.LBB8_19
.LBB8_19:                               @   in Loop: Header=BB8_16 Depth=2
.Ltmp259:
	.loc	2 1259 26 is_stmt 1             @ ../../libraries/sdk/utilities/debug_console/fsl_debug_console.c:1259:26
	ldr	r0, [sp, #88]
	.loc	2 1259 25 is_stmt 0             @ ../../libraries/sdk/utilities/debug_console/fsl_debug_console.c:1259:25
	ldrsb.w	r0, [r0]
	.loc	2 1259 17                       @ ../../libraries/sdk/utilities/debug_console/fsl_debug_console.c:1259:17
	subs	r0, #42
	mov	r1, r0
	str	r1, [sp, #28]                   @ 4-byte Spill
	cmp	r0, #78
	bhi.w	.LBB8_58
@ %bb.20:                               @   in Loop: Header=BB8_16 Depth=2
	.loc	2 0 17                          @ ../../libraries/sdk/utilities/debug_console/fsl_debug_console.c:0:17
	ldr	r1, [sp, #28]                   @ 4-byte Reload
.LCPI8_2:
	tbh	[pc, r1, lsl #1]
@ %bb.21:
.LJTI8_0:
	.short	(.LBB8_22-(.LCPI8_2+4))/2
	.short	(.LBB8_58-(.LCPI8_2+4))/2
	.short	(.LBB8_58-(.LCPI8_2+4))/2
	.short	(.LBB8_58-(.LCPI8_2+4))/2
	.short	(.LBB8_58-(.LCPI8_2+4))/2
	.short	(.LBB8_58-(.LCPI8_2+4))/2
	.short	(.LBB8_40-(.LCPI8_2+4))/2
	.short	(.LBB8_40-(.LCPI8_2+4))/2
	.short	(.LBB8_40-(.LCPI8_2+4))/2
	.short	(.LBB8_40-(.LCPI8_2+4))/2
	.short	(.LBB8_40-(.LCPI8_2+4))/2
	.short	(.LBB8_40-(.LCPI8_2+4))/2
	.short	(.LBB8_40-(.LCPI8_2+4))/2
	.short	(.LBB8_40-(.LCPI8_2+4))/2
	.short	(.LBB8_40-(.LCPI8_2+4))/2
	.short	(.LBB8_40-(.LCPI8_2+4))/2
	.short	(.LBB8_58-(.LCPI8_2+4))/2
	.short	(.LBB8_58-(.LCPI8_2+4))/2
	.short	(.LBB8_58-(.LCPI8_2+4))/2
	.short	(.LBB8_58-(.LCPI8_2+4))/2
	.short	(.LBB8_58-(.LCPI8_2+4))/2
	.short	(.LBB8_58-(.LCPI8_2+4))/2
	.short	(.LBB8_58-(.LCPI8_2+4))/2
	.short	(.LBB8_53-(.LCPI8_2+4))/2
	.short	(.LBB8_58-(.LCPI8_2+4))/2
	.short	(.LBB8_58-(.LCPI8_2+4))/2
	.short	(.LBB8_58-(.LCPI8_2+4))/2
	.short	(.LBB8_53-(.LCPI8_2+4))/2
	.short	(.LBB8_53-(.LCPI8_2+4))/2
	.short	(.LBB8_53-(.LCPI8_2+4))/2
	.short	(.LBB8_58-(.LCPI8_2+4))/2
	.short	(.LBB8_58-(.LCPI8_2+4))/2
	.short	(.LBB8_58-(.LCPI8_2+4))/2
	.short	(.LBB8_58-(.LCPI8_2+4))/2
	.short	(.LBB8_37-(.LCPI8_2+4))/2
	.short	(.LBB8_58-(.LCPI8_2+4))/2
	.short	(.LBB8_58-(.LCPI8_2+4))/2
	.short	(.LBB8_58-(.LCPI8_2+4))/2
	.short	(.LBB8_58-(.LCPI8_2+4))/2
	.short	(.LBB8_58-(.LCPI8_2+4))/2
	.short	(.LBB8_58-(.LCPI8_2+4))/2
	.short	(.LBB8_58-(.LCPI8_2+4))/2
	.short	(.LBB8_58-(.LCPI8_2+4))/2
	.short	(.LBB8_58-(.LCPI8_2+4))/2
	.short	(.LBB8_58-(.LCPI8_2+4))/2
	.short	(.LBB8_58-(.LCPI8_2+4))/2
	.short	(.LBB8_51-(.LCPI8_2+4))/2
	.short	(.LBB8_58-(.LCPI8_2+4))/2
	.short	(.LBB8_58-(.LCPI8_2+4))/2
	.short	(.LBB8_58-(.LCPI8_2+4))/2
	.short	(.LBB8_58-(.LCPI8_2+4))/2
	.short	(.LBB8_58-(.LCPI8_2+4))/2
	.short	(.LBB8_58-(.LCPI8_2+4))/2
	.short	(.LBB8_58-(.LCPI8_2+4))/2
	.short	(.LBB8_58-(.LCPI8_2+4))/2
	.short	(.LBB8_53-(.LCPI8_2+4))/2
	.short	(.LBB8_58-(.LCPI8_2+4))/2
	.short	(.LBB8_54-(.LCPI8_2+4))/2
	.short	(.LBB8_48-(.LCPI8_2+4))/2
	.short	(.LBB8_53-(.LCPI8_2+4))/2
	.short	(.LBB8_53-(.LCPI8_2+4))/2
	.short	(.LBB8_53-(.LCPI8_2+4))/2
	.short	(.LBB8_25-(.LCPI8_2+4))/2
	.short	(.LBB8_52-(.LCPI8_2+4))/2
	.short	(.LBB8_58-(.LCPI8_2+4))/2
	.short	(.LBB8_58-(.LCPI8_2+4))/2
	.short	(.LBB8_31-(.LCPI8_2+4))/2
	.short	(.LBB8_58-(.LCPI8_2+4))/2
	.short	(.LBB8_58-(.LCPI8_2+4))/2
	.short	(.LBB8_50-(.LCPI8_2+4))/2
	.short	(.LBB8_58-(.LCPI8_2+4))/2
	.short	(.LBB8_58-(.LCPI8_2+4))/2
	.short	(.LBB8_58-(.LCPI8_2+4))/2
	.short	(.LBB8_57-(.LCPI8_2+4))/2
	.short	(.LBB8_58-(.LCPI8_2+4))/2
	.short	(.LBB8_49-(.LCPI8_2+4))/2
	.short	(.LBB8_58-(.LCPI8_2+4))/2
	.short	(.LBB8_58-(.LCPI8_2+4))/2
	.short	(.LBB8_51-(.LCPI8_2+4))/2
	.p2align	1
.LBB8_22:                               @   in Loop: Header=BB8_16 Depth=2
.Ltmp260:
	.loc	2 1263 29 is_stmt 1             @ ../../libraries/sdk/utilities/debug_console/fsl_debug_console.c:1263:29
	ldrb.w	r0, [sp, #76]
	lsls	r0, r0, #30
	cmp	r0, #0
	bpl	.LBB8_24
	b	.LBB8_23
.LBB8_23:                               @   in Loop: Header=BB8_16 Depth=2
	.loc	2 0 29 is_stmt 0                @ ../../libraries/sdk/utilities/debug_console/fsl_debug_console.c:0:29
	movs	r0, #1
.Ltmp261:
	.loc	2 1266 43 is_stmt 1             @ ../../libraries/sdk/utilities/debug_console/fsl_debug_console.c:1266:43
	strb.w	r0, [sp, #67]
	.loc	2 1267 29                       @ ../../libraries/sdk/utilities/debug_console/fsl_debug_console.c:1267:29
	b	.LBB8_59
.Ltmp262:
.LBB8_24:                               @   in Loop: Header=BB8_16 Depth=2
	.loc	2 1269 30                       @ ../../libraries/sdk/utilities/debug_console/fsl_debug_console.c:1269:30
	ldr	r0, [sp, #76]
	orr	r0, r0, #2
	str	r0, [sp, #76]
	.loc	2 1270 26                       @ ../../libraries/sdk/utilities/debug_console/fsl_debug_console.c:1270:26
	ldr	r0, [sp, #88]
	adds	r0, #1
	str	r0, [sp, #88]
	.loc	2 1271 25                       @ ../../libraries/sdk/utilities/debug_console/fsl_debug_console.c:1271:25
	b	.LBB8_59
.LBB8_25:                               @   in Loop: Header=BB8_16 Depth=2
	.loc	2 1273 29                       @ ../../libraries/sdk/utilities/debug_console/fsl_debug_console.c:1273:29
	ldrb.w	r0, [sp, #77]
	lsls	r0, r0, #27
	cbz	r0, .LBB8_27
	b	.LBB8_26
.LBB8_26:                               @   in Loop: Header=BB8_16 Depth=2
	.loc	2 0 29 is_stmt 0                @ ../../libraries/sdk/utilities/debug_console/fsl_debug_console.c:0:29
	movs	r0, #1
.Ltmp263:
	.loc	2 1276 43 is_stmt 1             @ ../../libraries/sdk/utilities/debug_console/fsl_debug_console.c:1276:43
	strb.w	r0, [sp, #67]
	.loc	2 1277 29                       @ ../../libraries/sdk/utilities/debug_console/fsl_debug_console.c:1277:29
	b	.LBB8_59
.Ltmp264:
.LBB8_27:                               @   in Loop: Header=BB8_16 Depth=2
	.loc	2 1280 29                       @ ../../libraries/sdk/utilities/debug_console/fsl_debug_console.c:1280:29
	ldr	r0, [sp, #88]
	ldrsb.w	r0, [r0, #1]
.Ltmp265:
	.loc	2 1280 29 is_stmt 0             @ ../../libraries/sdk/utilities/debug_console/fsl_debug_console.c:1280:29
	cmp	r0, #104
	bne	.LBB8_29
	b	.LBB8_28
.LBB8_28:                               @   in Loop: Header=BB8_16 Depth=2
.Ltmp266:
	.loc	2 1282 34 is_stmt 1             @ ../../libraries/sdk/utilities/debug_console/fsl_debug_console.c:1282:34
	ldr	r0, [sp, #76]
	orr	r0, r0, #256
	str	r0, [sp, #76]
	.loc	2 1283 30                       @ ../../libraries/sdk/utilities/debug_console/fsl_debug_console.c:1283:30
	ldr	r0, [sp, #88]
	adds	r0, #1
	str	r0, [sp, #88]
	.loc	2 1284 25                       @ ../../libraries/sdk/utilities/debug_console/fsl_debug_console.c:1284:25
	b	.LBB8_30
.Ltmp267:
.LBB8_29:                               @   in Loop: Header=BB8_16 Depth=2
	.loc	2 1287 34                       @ ../../libraries/sdk/utilities/debug_console/fsl_debug_console.c:1287:34
	ldr	r0, [sp, #76]
	orr	r0, r0, #512
	str	r0, [sp, #76]
	b	.LBB8_30
.Ltmp268:
.LBB8_30:                               @   in Loop: Header=BB8_16 Depth=2
	.loc	2 1289 26                       @ ../../libraries/sdk/utilities/debug_console/fsl_debug_console.c:1289:26
	ldr	r0, [sp, #88]
	adds	r0, #1
	str	r0, [sp, #88]
	.loc	2 1290 25                       @ ../../libraries/sdk/utilities/debug_console/fsl_debug_console.c:1290:25
	b	.LBB8_59
.LBB8_31:                               @   in Loop: Header=BB8_16 Depth=2
	.loc	2 1292 29                       @ ../../libraries/sdk/utilities/debug_console/fsl_debug_console.c:1292:29
	ldrb.w	r0, [sp, #77]
	lsls	r0, r0, #27
	cbz	r0, .LBB8_33
	b	.LBB8_32
.LBB8_32:                               @   in Loop: Header=BB8_16 Depth=2
	.loc	2 0 29 is_stmt 0                @ ../../libraries/sdk/utilities/debug_console/fsl_debug_console.c:0:29
	movs	r0, #1
.Ltmp269:
	.loc	2 1295 43 is_stmt 1             @ ../../libraries/sdk/utilities/debug_console/fsl_debug_console.c:1295:43
	strb.w	r0, [sp, #67]
	.loc	2 1296 29                       @ ../../libraries/sdk/utilities/debug_console/fsl_debug_console.c:1296:29
	b	.LBB8_59
.Ltmp270:
.LBB8_33:                               @   in Loop: Header=BB8_16 Depth=2
	.loc	2 1299 29                       @ ../../libraries/sdk/utilities/debug_console/fsl_debug_console.c:1299:29
	ldr	r0, [sp, #88]
	ldrsb.w	r0, [r0, #1]
.Ltmp271:
	.loc	2 1299 29 is_stmt 0             @ ../../libraries/sdk/utilities/debug_console/fsl_debug_console.c:1299:29
	cmp	r0, #108
	bne	.LBB8_35
	b	.LBB8_34
.LBB8_34:                               @   in Loop: Header=BB8_16 Depth=2
.Ltmp272:
	.loc	2 1301 34 is_stmt 1             @ ../../libraries/sdk/utilities/debug_console/fsl_debug_console.c:1301:34
	ldr	r0, [sp, #76]
	orr	r0, r0, #2048
	str	r0, [sp, #76]
	.loc	2 1302 30                       @ ../../libraries/sdk/utilities/debug_console/fsl_debug_console.c:1302:30
	ldr	r0, [sp, #88]
	adds	r0, #1
	str	r0, [sp, #88]
	.loc	2 1303 25                       @ ../../libraries/sdk/utilities/debug_console/fsl_debug_console.c:1303:25
	b	.LBB8_36
.Ltmp273:
.LBB8_35:                               @   in Loop: Header=BB8_16 Depth=2
	.loc	2 1306 34                       @ ../../libraries/sdk/utilities/debug_console/fsl_debug_console.c:1306:34
	ldr	r0, [sp, #76]
	orr	r0, r0, #1024
	str	r0, [sp, #76]
	b	.LBB8_36
.Ltmp274:
.LBB8_36:                               @   in Loop: Header=BB8_16 Depth=2
	.loc	2 1308 26                       @ ../../libraries/sdk/utilities/debug_console/fsl_debug_console.c:1308:26
	ldr	r0, [sp, #88]
	adds	r0, #1
	str	r0, [sp, #88]
	.loc	2 1309 25                       @ ../../libraries/sdk/utilities/debug_console/fsl_debug_console.c:1309:25
	b	.LBB8_59
.LBB8_37:                               @   in Loop: Header=BB8_16 Depth=2
	.loc	2 1313 29                       @ ../../libraries/sdk/utilities/debug_console/fsl_debug_console.c:1313:29
	ldrb.w	r0, [sp, #77]
	lsls	r0, r0, #27
	cbz	r0, .LBB8_39
	b	.LBB8_38
.LBB8_38:                               @   in Loop: Header=BB8_16 Depth=2
	.loc	2 0 29 is_stmt 0                @ ../../libraries/sdk/utilities/debug_console/fsl_debug_console.c:0:29
	movs	r0, #1
.Ltmp275:
	.loc	2 1316 43 is_stmt 1             @ ../../libraries/sdk/utilities/debug_console/fsl_debug_console.c:1316:43
	strb.w	r0, [sp, #67]
	.loc	2 1317 29                       @ ../../libraries/sdk/utilities/debug_console/fsl_debug_console.c:1317:29
	b	.LBB8_59
.Ltmp276:
.LBB8_39:                               @   in Loop: Header=BB8_16 Depth=2
	.loc	2 1319 30                       @ ../../libraries/sdk/utilities/debug_console/fsl_debug_console.c:1319:30
	ldr	r0, [sp, #76]
	orr	r0, r0, #4096
	str	r0, [sp, #76]
	.loc	2 1320 26                       @ ../../libraries/sdk/utilities/debug_console/fsl_debug_console.c:1320:26
	ldr	r0, [sp, #88]
	adds	r0, #1
	str	r0, [sp, #88]
	.loc	2 1321 25                       @ ../../libraries/sdk/utilities/debug_console/fsl_debug_console.c:1321:25
	b	.LBB8_59
.LBB8_40:                               @   in Loop: Header=BB8_16 Depth=2
.Ltmp277:
	.loc	2 1333 35                       @ ../../libraries/sdk/utilities/debug_console/fsl_debug_console.c:1333:35
	ldr	r0, [sp, #72]
.Ltmp278:
	.loc	2 1333 29 is_stmt 0             @ ../../libraries/sdk/utilities/debug_console/fsl_debug_console.c:1333:29
	cbz	r0, .LBB8_42
	b	.LBB8_41
.LBB8_41:                               @   in Loop: Header=BB8_16 Depth=2
	.loc	2 0 29                          @ ../../libraries/sdk/utilities/debug_console/fsl_debug_console.c:0:29
	movs	r0, #1
.Ltmp279:
	.loc	2 1336 43 is_stmt 1             @ ../../libraries/sdk/utilities/debug_console/fsl_debug_console.c:1336:43
	strb.w	r0, [sp, #67]
	.loc	2 1337 29                       @ ../../libraries/sdk/utilities/debug_console/fsl_debug_console.c:1337:29
	b	.LBB8_59
.Ltmp280:
.LBB8_42:                               @   in Loop: Header=BB8_16 Depth=2
	.loc	2 1339 25                       @ ../../libraries/sdk/utilities/debug_console/fsl_debug_console.c:1339:25
	b	.LBB8_43
.LBB8_43:                               @   Parent Loop BB8_3 Depth=1
                                        @     Parent Loop BB8_16 Depth=2
                                        @ =>    This Inner Loop Header: Depth=3
.Ltmp281:
	.loc	2 1341 43                       @ ../../libraries/sdk/utilities/debug_console/fsl_debug_console.c:1341:43
	ldr	r0, [sp, #72]
	.loc	2 1341 55 is_stmt 0             @ ../../libraries/sdk/utilities/debug_console/fsl_debug_console.c:1341:55
	add.w	r1, r0, r0, lsl #2
	.loc	2 1341 75                       @ ../../libraries/sdk/utilities/debug_console/fsl_debug_console.c:1341:75
	ldr	r0, [sp, #88]
	.loc	2 1341 74                       @ ../../libraries/sdk/utilities/debug_console/fsl_debug_console.c:1341:74
	ldrsb.w	r0, [r0]
	.loc	2 1341 61                       @ ../../libraries/sdk/utilities/debug_console/fsl_debug_console.c:1341:61
	add.w	r0, r0, r1, lsl #1
	subs	r0, #48
	.loc	2 1341 41                       @ ../../libraries/sdk/utilities/debug_console/fsl_debug_console.c:1341:41
	str	r0, [sp, #72]
	.loc	2 1342 30 is_stmt 1             @ ../../libraries/sdk/utilities/debug_console/fsl_debug_console.c:1342:30
	ldr	r0, [sp, #88]
	adds	r0, #1
	str	r0, [sp, #88]
	.loc	2 1343 25                       @ ../../libraries/sdk/utilities/debug_console/fsl_debug_console.c:1343:25
	b	.LBB8_44
.Ltmp282:
.LBB8_44:                               @   in Loop: Header=BB8_43 Depth=3
	.loc	2 1343 36 is_stmt 0             @ ../../libraries/sdk/utilities/debug_console/fsl_debug_console.c:1343:36
	ldr	r0, [sp, #88]
	.loc	2 1343 35                       @ ../../libraries/sdk/utilities/debug_console/fsl_debug_console.c:1343:35
	ldrsb.w	r1, [r0]
	movs	r0, #0
	.loc	2 1343 46                       @ ../../libraries/sdk/utilities/debug_console/fsl_debug_console.c:1343:46
	cmp	r1, #48
	str	r0, [sp, #24]                   @ 4-byte Spill
	blt	.LBB8_46
	b	.LBB8_45
.LBB8_45:                               @   in Loop: Header=BB8_43 Depth=3
	.loc	2 1343 51                       @ ../../libraries/sdk/utilities/debug_console/fsl_debug_console.c:1343:51
	ldr	r0, [sp, #88]
	.loc	2 1343 50                       @ ../../libraries/sdk/utilities/debug_console/fsl_debug_console.c:1343:50
	ldrsb.w	r1, [r0]
	movs	r0, #0
	.loc	2 1343 53                       @ ../../libraries/sdk/utilities/debug_console/fsl_debug_console.c:1343:53
	cmp	r1, #58
	it	lt
	movlt	r0, #1
	str	r0, [sp, #24]                   @ 4-byte Spill
	b	.LBB8_46
.LBB8_46:                               @   in Loop: Header=BB8_43 Depth=3
	.loc	2 0 0                           @ ../../libraries/sdk/utilities/debug_console/fsl_debug_console.c:0:0
	ldr	r0, [sp, #24]                   @ 4-byte Reload
.Ltmp283:
	.loc	2 1343 25                       @ ../../libraries/sdk/utilities/debug_console/fsl_debug_console.c:1343:25
	lsls	r0, r0, #31
	cmp	r0, #0
	bne	.LBB8_43
	b	.LBB8_47
.Ltmp284:
.LBB8_47:                               @   in Loop: Header=BB8_16 Depth=2
	.loc	2 1344 25 is_stmt 1             @ ../../libraries/sdk/utilities/debug_console/fsl_debug_console.c:1344:25
	b	.LBB8_59
.LBB8_48:                               @   in Loop: Header=BB8_16 Depth=2
	.loc	2 0 25 is_stmt 0                @ ../../libraries/sdk/utilities/debug_console/fsl_debug_console.c:0:25
	movs	r0, #10
	.loc	2 1346 30 is_stmt 1             @ ../../libraries/sdk/utilities/debug_console/fsl_debug_console.c:1346:30
	strb.w	r0, [sp, #95]
	.loc	2 1347 30                       @ ../../libraries/sdk/utilities/debug_console/fsl_debug_console.c:1347:30
	ldr	r0, [sp, #76]
	orr	r0, r0, #8192
	str	r0, [sp, #76]
	.loc	2 1348 30                       @ ../../libraries/sdk/utilities/debug_console/fsl_debug_console.c:1348:30
	ldr	r0, [sp, #76]
	orr	r0, r0, #32
	str	r0, [sp, #76]
	.loc	2 1349 26                       @ ../../libraries/sdk/utilities/debug_console/fsl_debug_console.c:1349:26
	ldr	r0, [sp, #88]
	adds	r0, #1
	str	r0, [sp, #88]
	.loc	2 1350 25                       @ ../../libraries/sdk/utilities/debug_console/fsl_debug_console.c:1350:25
	b	.LBB8_59
.LBB8_49:                               @   in Loop: Header=BB8_16 Depth=2
	.loc	2 0 25 is_stmt 0                @ ../../libraries/sdk/utilities/debug_console/fsl_debug_console.c:0:25
	movs	r0, #10
	.loc	2 1352 30 is_stmt 1             @ ../../libraries/sdk/utilities/debug_console/fsl_debug_console.c:1352:30
	strb.w	r0, [sp, #95]
	.loc	2 1353 30                       @ ../../libraries/sdk/utilities/debug_console/fsl_debug_console.c:1353:30
	ldr	r0, [sp, #76]
	orr	r0, r0, #32
	str	r0, [sp, #76]
	.loc	2 1354 26                       @ ../../libraries/sdk/utilities/debug_console/fsl_debug_console.c:1354:26
	ldr	r0, [sp, #88]
	adds	r0, #1
	str	r0, [sp, #88]
	.loc	2 1355 25                       @ ../../libraries/sdk/utilities/debug_console/fsl_debug_console.c:1355:25
	b	.LBB8_59
.LBB8_50:                               @   in Loop: Header=BB8_16 Depth=2
	.loc	2 0 25 is_stmt 0                @ ../../libraries/sdk/utilities/debug_console/fsl_debug_console.c:0:25
	movs	r0, #8
	.loc	2 1357 30 is_stmt 1             @ ../../libraries/sdk/utilities/debug_console/fsl_debug_console.c:1357:30
	strb.w	r0, [sp, #95]
	.loc	2 1358 30                       @ ../../libraries/sdk/utilities/debug_console/fsl_debug_console.c:1358:30
	ldr	r0, [sp, #76]
	orr	r0, r0, #32
	str	r0, [sp, #76]
	.loc	2 1359 26                       @ ../../libraries/sdk/utilities/debug_console/fsl_debug_console.c:1359:26
	ldr	r0, [sp, #88]
	adds	r0, #1
	str	r0, [sp, #88]
	.loc	2 1360 25                       @ ../../libraries/sdk/utilities/debug_console/fsl_debug_console.c:1360:25
	b	.LBB8_59
.LBB8_51:                               @   in Loop: Header=BB8_16 Depth=2
	.loc	2 0 25 is_stmt 0                @ ../../libraries/sdk/utilities/debug_console/fsl_debug_console.c:0:25
	movs	r0, #16
	.loc	2 1363 30 is_stmt 1             @ ../../libraries/sdk/utilities/debug_console/fsl_debug_console.c:1363:30
	strb.w	r0, [sp, #95]
	.loc	2 1364 30                       @ ../../libraries/sdk/utilities/debug_console/fsl_debug_console.c:1364:30
	ldr	r0, [sp, #76]
	orr	r0, r0, #32
	str	r0, [sp, #76]
	.loc	2 1365 26                       @ ../../libraries/sdk/utilities/debug_console/fsl_debug_console.c:1365:26
	ldr	r0, [sp, #88]
	adds	r0, #1
	str	r0, [sp, #88]
	.loc	2 1366 25                       @ ../../libraries/sdk/utilities/debug_console/fsl_debug_console.c:1366:25
	b	.LBB8_59
.LBB8_52:                               @   in Loop: Header=BB8_16 Depth=2
	.loc	2 0 25 is_stmt 0                @ ../../libraries/sdk/utilities/debug_console/fsl_debug_console.c:0:25
	movs	r0, #0
	.loc	2 1368 30 is_stmt 1             @ ../../libraries/sdk/utilities/debug_console/fsl_debug_console.c:1368:30
	strb.w	r0, [sp, #95]
	.loc	2 1369 30                       @ ../../libraries/sdk/utilities/debug_console/fsl_debug_console.c:1369:30
	ldr	r0, [sp, #76]
	orr	r0, r0, #32
	str	r0, [sp, #76]
	.loc	2 1370 26                       @ ../../libraries/sdk/utilities/debug_console/fsl_debug_console.c:1370:26
	ldr	r0, [sp, #88]
	adds	r0, #1
	str	r0, [sp, #88]
	.loc	2 1371 25                       @ ../../libraries/sdk/utilities/debug_console/fsl_debug_console.c:1371:25
	b	.LBB8_59
.LBB8_53:                               @   in Loop: Header=BB8_16 Depth=2
	.loc	2 1381 30                       @ ../../libraries/sdk/utilities/debug_console/fsl_debug_console.c:1381:30
	ldr	r0, [sp, #76]
	orr	r0, r0, #48
	str	r0, [sp, #76]
	.loc	2 1382 26                       @ ../../libraries/sdk/utilities/debug_console/fsl_debug_console.c:1382:26
	ldr	r0, [sp, #88]
	adds	r0, #1
	str	r0, [sp, #88]
	.loc	2 1383 25                       @ ../../libraries/sdk/utilities/debug_console/fsl_debug_console.c:1383:25
	b	.LBB8_59
.LBB8_54:                               @   in Loop: Header=BB8_16 Depth=2
	.loc	2 1386 30                       @ ../../libraries/sdk/utilities/debug_console/fsl_debug_console.c:1386:30
	ldr	r0, [sp, #76]
	orr	r0, r0, #4
	str	r0, [sp, #76]
.Ltmp285:
	.loc	2 1387 35                       @ ../../libraries/sdk/utilities/debug_console/fsl_debug_console.c:1387:35
	ldr	r0, [sp, #72]
.Ltmp286:
	.loc	2 1387 29 is_stmt 0             @ ../../libraries/sdk/utilities/debug_console/fsl_debug_console.c:1387:29
	cbnz	r0, .LBB8_56
	b	.LBB8_55
.LBB8_55:                               @   in Loop: Header=BB8_16 Depth=2
	.loc	2 0 29                          @ ../../libraries/sdk/utilities/debug_console/fsl_debug_console.c:0:29
	movs	r0, #1
.Ltmp287:
	.loc	2 1389 41 is_stmt 1             @ ../../libraries/sdk/utilities/debug_console/fsl_debug_console.c:1389:41
	str	r0, [sp, #72]
	.loc	2 1390 25                       @ ../../libraries/sdk/utilities/debug_console/fsl_debug_console.c:1390:25
	b	.LBB8_56
.Ltmp288:
.LBB8_56:                               @   in Loop: Header=BB8_16 Depth=2
	.loc	2 1391 26                       @ ../../libraries/sdk/utilities/debug_console/fsl_debug_console.c:1391:26
	ldr	r0, [sp, #88]
	adds	r0, #1
	str	r0, [sp, #88]
	.loc	2 1392 25                       @ ../../libraries/sdk/utilities/debug_console/fsl_debug_console.c:1392:25
	b	.LBB8_59
.LBB8_57:                               @   in Loop: Header=BB8_16 Depth=2
	.loc	2 1394 30                       @ ../../libraries/sdk/utilities/debug_console/fsl_debug_console.c:1394:30
	ldr	r0, [sp, #76]
	orr	r0, r0, #8
	str	r0, [sp, #76]
	.loc	2 1395 26                       @ ../../libraries/sdk/utilities/debug_console/fsl_debug_console.c:1395:26
	ldr	r0, [sp, #88]
	adds	r0, #1
	str	r0, [sp, #88]
	.loc	2 1396 25                       @ ../../libraries/sdk/utilities/debug_console/fsl_debug_console.c:1396:25
	b	.LBB8_59
.LBB8_58:                               @   in Loop: Header=BB8_16 Depth=2
	.loc	2 0 25 is_stmt 0                @ ../../libraries/sdk/utilities/debug_console/fsl_debug_console.c:0:25
	movs	r0, #1
	.loc	2 1399 39 is_stmt 1             @ ../../libraries/sdk/utilities/debug_console/fsl_debug_console.c:1399:39
	strb.w	r0, [sp, #67]
	.loc	2 1400 25                       @ ../../libraries/sdk/utilities/debug_console/fsl_debug_console.c:1400:25
	b	.LBB8_59
.Ltmp289:
.LBB8_59:                               @   in Loop: Header=BB8_16 Depth=2
	.loc	2 1404 21                       @ ../../libraries/sdk/utilities/debug_console/fsl_debug_console.c:1404:21
	ldrb.w	r0, [sp, #67]
.Ltmp290:
	.loc	2 1404 21 is_stmt 0             @ ../../libraries/sdk/utilities/debug_console/fsl_debug_console.c:1404:21
	lsls	r0, r0, #31
	cbz	r0, .LBB8_61
	b	.LBB8_60
.LBB8_60:
.Ltmp291:
	.loc	2 1406 33 is_stmt 1             @ ../../libraries/sdk/utilities/debug_console/fsl_debug_console.c:1406:33
	ldr	r0, [sp, #68]
	.loc	2 1406 21 is_stmt 0             @ ../../libraries/sdk/utilities/debug_console/fsl_debug_console.c:1406:21
	str	r0, [sp, #108]
	b	.LBB8_182
.Ltmp292:
.LBB8_61:                               @   in Loop: Header=BB8_16 Depth=2
	.loc	2 1257 13 is_stmt 1             @ ../../libraries/sdk/utilities/debug_console/fsl_debug_console.c:1257:13
	b	.LBB8_16
.LBB8_62:                               @   in Loop: Header=BB8_3 Depth=1
	.loc	2 1410 17                       @ ../../libraries/sdk/utilities/debug_console/fsl_debug_console.c:1410:17
	ldrb.w	r0, [sp, #76]
	tst.w	r0, #124
	bne	.LBB8_64
	b	.LBB8_63
.LBB8_63:
.Ltmp293:
	.loc	2 1413 29                       @ ../../libraries/sdk/utilities/debug_console/fsl_debug_console.c:1413:29
	ldr	r0, [sp, #68]
	.loc	2 1413 17 is_stmt 0             @ ../../libraries/sdk/utilities/debug_console/fsl_debug_console.c:1413:17
	str	r0, [sp, #108]
	b	.LBB8_182
.Ltmp294:
.LBB8_64:                               @   in Loop: Header=BB8_3 Depth=1
	.loc	2 1416 23 is_stmt 1             @ ../../libraries/sdk/utilities/debug_console/fsl_debug_console.c:1416:23
	ldr	r0, [sp, #72]
.Ltmp295:
	.loc	2 1416 17 is_stmt 0             @ ../../libraries/sdk/utilities/debug_console/fsl_debug_console.c:1416:17
	cbnz	r0, .LBB8_66
	b	.LBB8_65
.LBB8_65:                               @   in Loop: Header=BB8_3 Depth=1
	.loc	2 0 17                          @ ../../libraries/sdk/utilities/debug_console/fsl_debug_console.c:0:17
	movs	r0, #99
.Ltmp296:
	.loc	2 1419 29 is_stmt 1             @ ../../libraries/sdk/utilities/debug_console/fsl_debug_console.c:1419:29
	str	r0, [sp, #72]
	.loc	2 1420 13                       @ ../../libraries/sdk/utilities/debug_console/fsl_debug_console.c:1420:13
	b	.LBB8_66
.Ltmp297:
.LBB8_66:                               @   in Loop: Header=BB8_3 Depth=1
	.loc	2 1423 21                       @ ../../libraries/sdk/utilities/debug_console/fsl_debug_console.c:1423:21
	ldr	r0, [sp, #76]
	.loc	2 1423 26 is_stmt 0             @ ../../libraries/sdk/utilities/debug_console/fsl_debug_console.c:1423:26
	and	r0, r0, #124
	.loc	2 1423 13                       @ ../../libraries/sdk/utilities/debug_console/fsl_debug_console.c:1423:13
	mov	r1, r0
	str	r1, [sp, #20]                   @ 4-byte Spill
	cmp	r0, #4
	beq	.LBB8_70
	b	.LBB8_67
.LBB8_67:                               @   in Loop: Header=BB8_3 Depth=1
	ldr	r0, [sp, #20]                   @ 4-byte Reload
	cmp	r0, #8
	beq	.LBB8_82
	b	.LBB8_68
.LBB8_68:                               @   in Loop: Header=BB8_3 Depth=1
	ldr	r0, [sp, #20]                   @ 4-byte Reload
	cmp	r0, #32
	beq.w	.LBB8_100
	b	.LBB8_69
.LBB8_69:                               @   in Loop: Header=BB8_3 Depth=1
	ldr	r0, [sp, #20]                   @ 4-byte Reload
	cmp	r0, #48
	beq.w	.LBB8_166
	b	.LBB8_175
.LBB8_70:                               @   in Loop: Header=BB8_3 Depth=1
.Ltmp298:
	.loc	2 1426 41 is_stmt 1             @ ../../libraries/sdk/utilities/debug_console/fsl_debug_console.c:1426:41
	ldr	r0, [sp, #48]
	.loc	2 1426 25 is_stmt 0             @ ../../libraries/sdk/utilities/debug_console/fsl_debug_console.c:1426:25
	str	r0, [sp, #52]
	.loc	2 1427 27 is_stmt 1             @ ../../libraries/sdk/utilities/debug_console/fsl_debug_console.c:1427:27
	ldr	r0, [sp, #104]
	adds	r1, r0, #4
	str	r1, [sp, #104]
	ldr	r0, [r0]
	.loc	2 1427 25 is_stmt 0             @ ../../libraries/sdk/utilities/debug_console/fsl_debug_console.c:1427:25
	str	r0, [sp, #80]
	.loc	2 1428 21 is_stmt 1             @ ../../libraries/sdk/utilities/debug_console/fsl_debug_console.c:1428:21
	b	.LBB8_71
.LBB8_71:                               @   Parent Loop BB8_3 Depth=1
                                        @ =>  This Inner Loop Header: Depth=2
	.loc	2 1428 41 is_stmt 0             @ ../../libraries/sdk/utilities/debug_console/fsl_debug_console.c:1428:41
	ldr	r1, [sp, #72]
	subs	r0, r1, #1
	str	r0, [sp, #72]
	movs	r0, #0
	.loc	2 1428 51                       @ ../../libraries/sdk/utilities/debug_console/fsl_debug_console.c:1428:51
	str	r0, [sp, #16]                   @ 4-byte Spill
	cbz	r1, .LBB8_73
	b	.LBB8_72
.LBB8_72:                               @   in Loop: Header=BB8_71 Depth=2
	.loc	2 1428 64                       @ ../../libraries/sdk/utilities/debug_console/fsl_debug_console.c:1428:64
	ldr	r0, [sp, #48]
	.loc	2 1428 63                       @ ../../libraries/sdk/utilities/debug_console/fsl_debug_console.c:1428:63
	ldrsb.w	r0, [r0]
	.loc	2 1428 60                       @ ../../libraries/sdk/utilities/debug_console/fsl_debug_console.c:1428:60
	cmp	r0, #0
	it	ne
	movne	r0, #1
	str	r0, [sp, #16]                   @ 4-byte Spill
	b	.LBB8_73
.LBB8_73:                               @   in Loop: Header=BB8_71 Depth=2
	.loc	2 0 0                           @ ../../libraries/sdk/utilities/debug_console/fsl_debug_console.c:0:0
	ldr	r0, [sp, #16]                   @ 4-byte Reload
	.loc	2 1428 21                       @ ../../libraries/sdk/utilities/debug_console/fsl_debug_console.c:1428:21
	lsls	r0, r0, #31
	cbz	r0, .LBB8_78
	b	.LBB8_74
.LBB8_74:                               @   in Loop: Header=BB8_71 Depth=2
.Ltmp299:
	.loc	2 1430 29 is_stmt 1             @ ../../libraries/sdk/utilities/debug_console/fsl_debug_console.c:1430:29
	ldrb.w	r0, [sp, #76]
	lsls	r0, r0, #30
	cmp	r0, #0
	bmi	.LBB8_76
	b	.LBB8_75
.LBB8_75:                               @   in Loop: Header=BB8_71 Depth=2
.Ltmp300:
	.loc	2 1432 40                       @ ../../libraries/sdk/utilities/debug_console/fsl_debug_console.c:1432:40
	ldr	r0, [sp, #48]
	adds	r1, r0, #1
	str	r1, [sp, #48]
	.loc	2 1432 38 is_stmt 0             @ ../../libraries/sdk/utilities/debug_console/fsl_debug_console.c:1432:38
	ldrb	r0, [r0]
	.loc	2 1432 33                       @ ../../libraries/sdk/utilities/debug_console/fsl_debug_console.c:1432:33
	ldr	r1, [sp, #80]
	adds	r2, r1, #1
	str	r2, [sp, #80]
	.loc	2 1432 36                       @ ../../libraries/sdk/utilities/debug_console/fsl_debug_console.c:1432:36
	strb	r0, [r1]
	.loc	2 1433 25 is_stmt 1             @ ../../libraries/sdk/utilities/debug_console/fsl_debug_console.c:1433:25
	b	.LBB8_77
.Ltmp301:
.LBB8_76:                               @   in Loop: Header=BB8_71 Depth=2
	.loc	2 1436 30                       @ ../../libraries/sdk/utilities/debug_console/fsl_debug_console.c:1436:30
	ldr	r0, [sp, #48]
	adds	r0, #1
	str	r0, [sp, #48]
	b	.LBB8_77
.Ltmp302:
.LBB8_77:                               @   in Loop: Header=BB8_71 Depth=2
	.loc	2 1438 33                       @ ../../libraries/sdk/utilities/debug_console/fsl_debug_console.c:1438:33
	ldr	r0, [sp, #60]
	adds	r0, #1
	str	r0, [sp, #60]
.Ltmp303:
	.loc	2 1428 21                       @ ../../libraries/sdk/utilities/debug_console/fsl_debug_console.c:1428:21
	b	.LBB8_71
.LBB8_78:                               @   in Loop: Header=BB8_3 Depth=1
.Ltmp304:
	.loc	2 1441 68                       @ ../../libraries/sdk/utilities/debug_console/fsl_debug_console.c:1441:68
	ldrb.w	r0, [sp, #76]
	lsls	r0, r0, #30
	cmp	r0, #0
	bmi	.LBB8_81
	b	.LBB8_79
.LBB8_79:                               @   in Loop: Header=BB8_3 Depth=1
	.loc	2 1441 72 is_stmt 0             @ ../../libraries/sdk/utilities/debug_console/fsl_debug_console.c:1441:72
	ldr	r0, [sp, #52]
	.loc	2 1441 77                       @ ../../libraries/sdk/utilities/debug_console/fsl_debug_console.c:1441:77
	ldr	r1, [sp, #48]
.Ltmp305:
	.loc	2 1441 25                       @ ../../libraries/sdk/utilities/debug_console/fsl_debug_console.c:1441:25
	cmp	r0, r1
	beq	.LBB8_81
	b	.LBB8_80
.LBB8_80:                               @   in Loop: Header=BB8_3 Depth=1
.Ltmp306:
	.loc	2 1443 34 is_stmt 1             @ ../../libraries/sdk/utilities/debug_console/fsl_debug_console.c:1443:34
	ldr	r0, [sp, #68]
	adds	r0, #1
	str	r0, [sp, #68]
	.loc	2 1444 21                       @ ../../libraries/sdk/utilities/debug_console/fsl_debug_console.c:1444:21
	b	.LBB8_81
.Ltmp307:
.LBB8_81:                               @   in Loop: Header=BB8_3 Depth=1
	.loc	2 1445 21                       @ ../../libraries/sdk/utilities/debug_console/fsl_debug_console.c:1445:21
	b	.LBB8_176
.LBB8_82:                               @   in Loop: Header=BB8_3 Depth=1
	.loc	2 0 21 is_stmt 0                @ ../../libraries/sdk/utilities/debug_console/fsl_debug_console.c:0:21
	add	r0, sp, #48
	.loc	2 1447 33 is_stmt 1             @ ../../libraries/sdk/utilities/debug_console/fsl_debug_console.c:1447:33
	bl	DbgConsole_ScanIgnoreWhiteSpace
	mov	r1, r0
	.loc	2 1447 30 is_stmt 0             @ ../../libraries/sdk/utilities/debug_console/fsl_debug_console.c:1447:30
	ldr	r0, [sp, #60]
	add	r0, r1
	str	r0, [sp, #60]
	.loc	2 1448 27 is_stmt 1             @ ../../libraries/sdk/utilities/debug_console/fsl_debug_console.c:1448:27
	ldr	r0, [sp, #48]
	.loc	2 1448 25 is_stmt 0             @ ../../libraries/sdk/utilities/debug_console/fsl_debug_console.c:1448:25
	str	r0, [sp, #52]
	.loc	2 1449 27 is_stmt 1             @ ../../libraries/sdk/utilities/debug_console/fsl_debug_console.c:1449:27
	ldr	r0, [sp, #104]
	adds	r1, r0, #4
	str	r1, [sp, #104]
	ldr	r0, [r0]
	.loc	2 1449 25 is_stmt 0             @ ../../libraries/sdk/utilities/debug_console/fsl_debug_console.c:1449:25
	str	r0, [sp, #80]
	.loc	2 1450 21 is_stmt 1             @ ../../libraries/sdk/utilities/debug_console/fsl_debug_console.c:1450:21
	b	.LBB8_83
.LBB8_83:                               @   Parent Loop BB8_3 Depth=1
                                        @ =>  This Inner Loop Header: Depth=2
	.loc	2 1450 40 is_stmt 0             @ ../../libraries/sdk/utilities/debug_console/fsl_debug_console.c:1450:40
	ldr	r1, [sp, #72]
	subs	r0, r1, #1
	str	r0, [sp, #72]
	movs	r0, #0
	.loc	2 1450 49                       @ ../../libraries/sdk/utilities/debug_console/fsl_debug_console.c:1450:49
	str	r0, [sp, #12]                   @ 4-byte Spill
	cbz	r1, .LBB8_91
	b	.LBB8_84
.LBB8_84:                               @   in Loop: Header=BB8_83 Depth=2
	.loc	2 1450 54                       @ ../../libraries/sdk/utilities/debug_console/fsl_debug_console.c:1450:54
	ldr	r0, [sp, #48]
	.loc	2 1450 53                       @ ../../libraries/sdk/utilities/debug_console/fsl_debug_console.c:1450:53
	ldrsb.w	r1, [r0]
	movs	r0, #0
	.loc	2 1450 65                       @ ../../libraries/sdk/utilities/debug_console/fsl_debug_console.c:1450:65
	str	r0, [sp, #12]                   @ 4-byte Spill
	cbz	r1, .LBB8_91
	b	.LBB8_85
.LBB8_85:                               @   in Loop: Header=BB8_83 Depth=2
	.loc	2 1450 70                       @ ../../libraries/sdk/utilities/debug_console/fsl_debug_console.c:1450:70
	ldr	r0, [sp, #48]
	.loc	2 1450 69                       @ ../../libraries/sdk/utilities/debug_console/fsl_debug_console.c:1450:69
	ldrsb.w	r1, [r0]
	movs	r0, #0
	.loc	2 1450 80                       @ ../../libraries/sdk/utilities/debug_console/fsl_debug_console.c:1450:80
	cmp	r1, #32
	str	r0, [sp, #12]                   @ 4-byte Spill
	beq	.LBB8_91
	b	.LBB8_86
.LBB8_86:                               @   in Loop: Header=BB8_83 Depth=2
	.loc	2 1450 85                       @ ../../libraries/sdk/utilities/debug_console/fsl_debug_console.c:1450:85
	ldr	r0, [sp, #48]
	.loc	2 1450 84                       @ ../../libraries/sdk/utilities/debug_console/fsl_debug_console.c:1450:84
	ldrsb.w	r1, [r0]
	movs	r0, #0
	.loc	2 1450 96                       @ ../../libraries/sdk/utilities/debug_console/fsl_debug_console.c:1450:96
	cmp	r1, #9
	str	r0, [sp, #12]                   @ 4-byte Spill
	beq	.LBB8_91
	b	.LBB8_87
.LBB8_87:                               @   in Loop: Header=BB8_83 Depth=2
	.loc	2 1450 101                      @ ../../libraries/sdk/utilities/debug_console/fsl_debug_console.c:1450:101
	ldr	r0, [sp, #48]
	.loc	2 1450 100                      @ ../../libraries/sdk/utilities/debug_console/fsl_debug_console.c:1450:100
	ldrsb.w	r1, [r0]
	movs	r0, #0
	.loc	2 1450 112                      @ ../../libraries/sdk/utilities/debug_console/fsl_debug_console.c:1450:112
	cmp	r1, #10
	str	r0, [sp, #12]                   @ 4-byte Spill
	beq	.LBB8_91
	b	.LBB8_88
.LBB8_88:                               @   in Loop: Header=BB8_83 Depth=2
	.loc	2 1451 30 is_stmt 1             @ ../../libraries/sdk/utilities/debug_console/fsl_debug_console.c:1451:30
	ldr	r0, [sp, #48]
	.loc	2 1451 29 is_stmt 0             @ ../../libraries/sdk/utilities/debug_console/fsl_debug_console.c:1451:29
	ldrsb.w	r1, [r0]
	movs	r0, #0
	.loc	2 1451 41                       @ ../../libraries/sdk/utilities/debug_console/fsl_debug_console.c:1451:41
	cmp	r1, #13
	str	r0, [sp, #12]                   @ 4-byte Spill
	beq	.LBB8_91
	b	.LBB8_89
.LBB8_89:                               @   in Loop: Header=BB8_83 Depth=2
	.loc	2 1451 46                       @ ../../libraries/sdk/utilities/debug_console/fsl_debug_console.c:1451:46
	ldr	r0, [sp, #48]
	.loc	2 1451 45                       @ ../../libraries/sdk/utilities/debug_console/fsl_debug_console.c:1451:45
	ldrsb.w	r1, [r0]
	movs	r0, #0
	.loc	2 1451 57                       @ ../../libraries/sdk/utilities/debug_console/fsl_debug_console.c:1451:57
	cmp	r1, #11
	str	r0, [sp, #12]                   @ 4-byte Spill
	beq	.LBB8_91
	b	.LBB8_90
.LBB8_90:                               @   in Loop: Header=BB8_83 Depth=2
	.loc	2 1451 62                       @ ../../libraries/sdk/utilities/debug_console/fsl_debug_console.c:1451:62
	ldr	r0, [sp, #48]
	.loc	2 1451 61                       @ ../../libraries/sdk/utilities/debug_console/fsl_debug_console.c:1451:61
	ldrsb.w	r0, [r0]
	.loc	2 1451 64                       @ ../../libraries/sdk/utilities/debug_console/fsl_debug_console.c:1451:64
	subs	r0, #12
	it	ne
	movne	r0, #1
	str	r0, [sp, #12]                   @ 4-byte Spill
	b	.LBB8_91
.LBB8_91:                               @   in Loop: Header=BB8_83 Depth=2
	.loc	2 0 0                           @ ../../libraries/sdk/utilities/debug_console/fsl_debug_console.c:0:0
	ldr	r0, [sp, #12]                   @ 4-byte Reload
	.loc	2 1450 21 is_stmt 1             @ ../../libraries/sdk/utilities/debug_console/fsl_debug_console.c:1450:21
	lsls	r0, r0, #31
	cbz	r0, .LBB8_96
	b	.LBB8_92
.LBB8_92:                               @   in Loop: Header=BB8_83 Depth=2
.Ltmp308:
	.loc	2 1453 29                       @ ../../libraries/sdk/utilities/debug_console/fsl_debug_console.c:1453:29
	ldrb.w	r0, [sp, #76]
	lsls	r0, r0, #30
	cmp	r0, #0
	bpl	.LBB8_94
	b	.LBB8_93
.LBB8_93:                               @   in Loop: Header=BB8_83 Depth=2
.Ltmp309:
	.loc	2 1455 30                       @ ../../libraries/sdk/utilities/debug_console/fsl_debug_console.c:1455:30
	ldr	r0, [sp, #48]
	adds	r0, #1
	str	r0, [sp, #48]
	.loc	2 1456 25                       @ ../../libraries/sdk/utilities/debug_console/fsl_debug_console.c:1456:25
	b	.LBB8_95
.Ltmp310:
.LBB8_94:                               @   in Loop: Header=BB8_83 Depth=2
	.loc	2 1459 40                       @ ../../libraries/sdk/utilities/debug_console/fsl_debug_console.c:1459:40
	ldr	r0, [sp, #48]
	adds	r1, r0, #1
	str	r1, [sp, #48]
	.loc	2 1459 38 is_stmt 0             @ ../../libraries/sdk/utilities/debug_console/fsl_debug_console.c:1459:38
	ldrb	r0, [r0]
	.loc	2 1459 33                       @ ../../libraries/sdk/utilities/debug_console/fsl_debug_console.c:1459:33
	ldr	r1, [sp, #80]
	adds	r2, r1, #1
	str	r2, [sp, #80]
	.loc	2 1459 36                       @ ../../libraries/sdk/utilities/debug_console/fsl_debug_console.c:1459:36
	strb	r0, [r1]
	b	.LBB8_95
.Ltmp311:
.LBB8_95:                               @   in Loop: Header=BB8_83 Depth=2
	.loc	2 1461 33 is_stmt 1             @ ../../libraries/sdk/utilities/debug_console/fsl_debug_console.c:1461:33
	ldr	r0, [sp, #60]
	adds	r0, #1
	str	r0, [sp, #60]
.Ltmp312:
	.loc	2 1450 21                       @ ../../libraries/sdk/utilities/debug_console/fsl_debug_console.c:1450:21
	b	.LBB8_83
.LBB8_96:                               @   in Loop: Header=BB8_3 Depth=1
.Ltmp313:
	.loc	2 1464 68                       @ ../../libraries/sdk/utilities/debug_console/fsl_debug_console.c:1464:68
	ldrb.w	r0, [sp, #76]
	lsls	r0, r0, #30
	cmp	r0, #0
	bmi	.LBB8_99
	b	.LBB8_97
.LBB8_97:                               @   in Loop: Header=BB8_3 Depth=1
	.loc	2 1464 72 is_stmt 0             @ ../../libraries/sdk/utilities/debug_console/fsl_debug_console.c:1464:72
	ldr	r0, [sp, #52]
	.loc	2 1464 77                       @ ../../libraries/sdk/utilities/debug_console/fsl_debug_console.c:1464:77
	ldr	r1, [sp, #48]
.Ltmp314:
	.loc	2 1464 25                       @ ../../libraries/sdk/utilities/debug_console/fsl_debug_console.c:1464:25
	cmp	r0, r1
	beq	.LBB8_99
	b	.LBB8_98
.LBB8_98:                               @   in Loop: Header=BB8_3 Depth=1
.Ltmp315:
	.loc	2 1467 26 is_stmt 1             @ ../../libraries/sdk/utilities/debug_console/fsl_debug_console.c:1467:26
	ldr	r1, [sp, #80]
	movs	r0, #0
	.loc	2 1467 30 is_stmt 0             @ ../../libraries/sdk/utilities/debug_console/fsl_debug_console.c:1467:30
	strb	r0, [r1]
	.loc	2 1468 34 is_stmt 1             @ ../../libraries/sdk/utilities/debug_console/fsl_debug_console.c:1468:34
	ldr	r0, [sp, #68]
	adds	r0, #1
	str	r0, [sp, #68]
	.loc	2 1469 21                       @ ../../libraries/sdk/utilities/debug_console/fsl_debug_console.c:1469:21
	b	.LBB8_99
.Ltmp316:
.LBB8_99:                               @   in Loop: Header=BB8_3 Depth=1
	.loc	2 1470 21                       @ ../../libraries/sdk/utilities/debug_console/fsl_debug_console.c:1470:21
	b	.LBB8_176
.LBB8_100:                              @   in Loop: Header=BB8_3 Depth=1
	.loc	2 0 21 is_stmt 0                @ ../../libraries/sdk/utilities/debug_console/fsl_debug_console.c:0:21
	add	r0, sp, #48
	.loc	2 1472 33 is_stmt 1             @ ../../libraries/sdk/utilities/debug_console/fsl_debug_console.c:1472:33
	bl	DbgConsole_ScanIgnoreWhiteSpace
	mov	r1, r0
	.loc	2 1472 30 is_stmt 0             @ ../../libraries/sdk/utilities/debug_console/fsl_debug_console.c:1472:30
	ldr	r0, [sp, #60]
	add	r0, r1
	str	r0, [sp, #60]
	.loc	2 1473 27 is_stmt 1             @ ../../libraries/sdk/utilities/debug_console/fsl_debug_console.c:1473:27
	ldr	r0, [sp, #48]
	.loc	2 1473 25 is_stmt 0             @ ../../libraries/sdk/utilities/debug_console/fsl_debug_console.c:1473:25
	str	r0, [sp, #52]
	movs	r0, #0
	.loc	2 1474 25 is_stmt 1             @ ../../libraries/sdk/utilities/debug_console/fsl_debug_console.c:1474:25
	str	r0, [sp, #56]
.Ltmp317:
	.loc	2 1475 26                       @ ../../libraries/sdk/utilities/debug_console/fsl_debug_console.c:1475:26
	ldrb.w	r0, [sp, #95]
	.loc	2 1475 38 is_stmt 0             @ ../../libraries/sdk/utilities/debug_console/fsl_debug_console.c:1475:38
	cbz	r0, .LBB8_102
	b	.LBB8_101
.LBB8_101:                              @   in Loop: Header=BB8_3 Depth=1
	.loc	2 1475 42                       @ ../../libraries/sdk/utilities/debug_console/fsl_debug_console.c:1475:42
	ldrb.w	r0, [sp, #95]
.Ltmp318:
	.loc	2 1475 25                       @ ../../libraries/sdk/utilities/debug_console/fsl_debug_console.c:1475:25
	cmp	r0, #16
	bne	.LBB8_109
	b	.LBB8_102
.LBB8_102:                              @   in Loop: Header=BB8_3 Depth=1
.Ltmp319:
	.loc	2 1477 30 is_stmt 1             @ ../../libraries/sdk/utilities/debug_console/fsl_debug_console.c:1477:30
	ldr	r0, [sp, #52]
	ldrsb.w	r0, [r0]
	.loc	2 1477 43 is_stmt 0             @ ../../libraries/sdk/utilities/debug_console/fsl_debug_console.c:1477:43
	cmp	r0, #48
	bne	.LBB8_108
	b	.LBB8_103
.LBB8_103:                              @   in Loop: Header=BB8_3 Depth=1
	.loc	2 1477 48                       @ ../../libraries/sdk/utilities/debug_console/fsl_debug_console.c:1477:48
	ldr	r0, [sp, #52]
	ldrsb.w	r0, [r0, #1]
	.loc	2 1477 61                       @ ../../libraries/sdk/utilities/debug_console/fsl_debug_console.c:1477:61
	cmp	r0, #120
	beq	.LBB8_105
	b	.LBB8_104
.LBB8_104:                              @   in Loop: Header=BB8_3 Depth=1
	.loc	2 1477 65                       @ ../../libraries/sdk/utilities/debug_console/fsl_debug_console.c:1477:65
	ldr	r0, [sp, #52]
	ldrsb.w	r0, [r0, #1]
.Ltmp320:
	.loc	2 1477 29                       @ ../../libraries/sdk/utilities/debug_console/fsl_debug_console.c:1477:29
	cmp	r0, #88
	bne	.LBB8_108
	b	.LBB8_105
.LBB8_105:                              @   in Loop: Header=BB8_3 Depth=1
	.loc	2 0 29                          @ ../../libraries/sdk/utilities/debug_console/fsl_debug_console.c:0:29
	movs	r0, #16
.Ltmp321:
	.loc	2 1479 34 is_stmt 1             @ ../../libraries/sdk/utilities/debug_console/fsl_debug_console.c:1479:34
	strb.w	r0, [sp, #95]
.Ltmp322:
	.loc	2 1480 33                       @ ../../libraries/sdk/utilities/debug_console/fsl_debug_console.c:1480:33
	ldr	r0, [sp, #72]
.Ltmp323:
	.loc	2 1480 33 is_stmt 0             @ ../../libraries/sdk/utilities/debug_console/fsl_debug_console.c:1480:33
	cbz	r0, .LBB8_107
	b	.LBB8_106
.LBB8_106:                              @   in Loop: Header=BB8_3 Depth=1
.Ltmp324:
	.loc	2 1482 35 is_stmt 1             @ ../../libraries/sdk/utilities/debug_console/fsl_debug_console.c:1482:35
	ldr	r0, [sp, #48]
	adds	r0, #2
	str	r0, [sp, #48]
	.loc	2 1483 42                       @ ../../libraries/sdk/utilities/debug_console/fsl_debug_console.c:1483:42
	ldr	r0, [sp, #60]
	adds	r0, #2
	str	r0, [sp, #60]
	.loc	2 1484 45                       @ ../../libraries/sdk/utilities/debug_console/fsl_debug_console.c:1484:45
	ldr	r0, [sp, #72]
	subs	r0, #2
	str	r0, [sp, #72]
	.loc	2 1485 29                       @ ../../libraries/sdk/utilities/debug_console/fsl_debug_console.c:1485:29
	b	.LBB8_107
.Ltmp325:
.LBB8_107:                              @   in Loop: Header=BB8_3 Depth=1
	.loc	2 1486 25                       @ ../../libraries/sdk/utilities/debug_console/fsl_debug_console.c:1486:25
	b	.LBB8_108
.Ltmp326:
.LBB8_108:                              @   in Loop: Header=BB8_3 Depth=1
	.loc	2 1487 21                       @ ../../libraries/sdk/utilities/debug_console/fsl_debug_console.c:1487:21
	b	.LBB8_109
.Ltmp327:
.LBB8_109:                              @   in Loop: Header=BB8_3 Depth=1
	.loc	2 1489 25                       @ ../../libraries/sdk/utilities/debug_console/fsl_debug_console.c:1489:25
	ldrb.w	r0, [sp, #95]
.Ltmp328:
	.loc	2 1489 25 is_stmt 0             @ ../../libraries/sdk/utilities/debug_console/fsl_debug_console.c:1489:25
	cbnz	r0, .LBB8_114
	b	.LBB8_110
.LBB8_110:                              @   in Loop: Header=BB8_3 Depth=1
.Ltmp329:
	.loc	2 1491 29 is_stmt 1             @ ../../libraries/sdk/utilities/debug_console/fsl_debug_console.c:1491:29
	ldr	r0, [sp, #52]
	ldrsb.w	r0, [r0]
.Ltmp330:
	.loc	2 1491 29 is_stmt 0             @ ../../libraries/sdk/utilities/debug_console/fsl_debug_console.c:1491:29
	cmp	r0, #48
	bne	.LBB8_112
	b	.LBB8_111
.LBB8_111:                              @   in Loop: Header=BB8_3 Depth=1
	.loc	2 0 29                          @ ../../libraries/sdk/utilities/debug_console/fsl_debug_console.c:0:29
	movs	r0, #8
.Ltmp331:
	.loc	2 1493 34 is_stmt 1             @ ../../libraries/sdk/utilities/debug_console/fsl_debug_console.c:1493:34
	strb.w	r0, [sp, #95]
	.loc	2 1494 25                       @ ../../libraries/sdk/utilities/debug_console/fsl_debug_console.c:1494:25
	b	.LBB8_113
.Ltmp332:
.LBB8_112:                              @   in Loop: Header=BB8_3 Depth=1
	.loc	2 0 25 is_stmt 0                @ ../../libraries/sdk/utilities/debug_console/fsl_debug_console.c:0:25
	movs	r0, #10
.Ltmp333:
	.loc	2 1497 34 is_stmt 1             @ ../../libraries/sdk/utilities/debug_console/fsl_debug_console.c:1497:34
	strb.w	r0, [sp, #95]
	b	.LBB8_113
.Ltmp334:
.LBB8_113:                              @   in Loop: Header=BB8_3 Depth=1
	.loc	2 1499 21                       @ ../../libraries/sdk/utilities/debug_console/fsl_debug_console.c:1499:21
	b	.LBB8_114
.Ltmp335:
.LBB8_114:                              @   in Loop: Header=BB8_3 Depth=1
	.loc	2 0 21 is_stmt 0                @ ../../libraries/sdk/utilities/debug_console/fsl_debug_console.c:0:21
	movs	r0, #1
	.loc	2 1501 25 is_stmt 1             @ ../../libraries/sdk/utilities/debug_console/fsl_debug_console.c:1501:25
	strb.w	r0, [sp, #94]
	.loc	2 1502 30                       @ ../../libraries/sdk/utilities/debug_console/fsl_debug_console.c:1502:30
	ldr	r0, [sp, #48]
	.loc	2 1502 29 is_stmt 0             @ ../../libraries/sdk/utilities/debug_console/fsl_debug_console.c:1502:29
	ldrsb.w	r0, [r0]
	.loc	2 1502 21                       @ ../../libraries/sdk/utilities/debug_console/fsl_debug_console.c:1502:21
	mov	r1, r0
	str	r1, [sp, #8]                    @ 4-byte Spill
	cmp	r0, #43
	beq	.LBB8_117
	b	.LBB8_115
.LBB8_115:                              @   in Loop: Header=BB8_3 Depth=1
	ldr	r0, [sp, #8]                    @ 4-byte Reload
	cmp	r0, #45
	bne	.LBB8_118
	b	.LBB8_116
.LBB8_116:                              @   in Loop: Header=BB8_3 Depth=1
	.loc	2 0 21                          @ ../../libraries/sdk/utilities/debug_console/fsl_debug_console.c:0:21
	movs	r0, #255
.Ltmp336:
	.loc	2 1505 33 is_stmt 1             @ ../../libraries/sdk/utilities/debug_console/fsl_debug_console.c:1505:33
	strb.w	r0, [sp, #94]
	.loc	2 1506 37                       @ ../../libraries/sdk/utilities/debug_console/fsl_debug_console.c:1506:37
	ldr	r0, [sp, #60]
	adds	r0, #1
	str	r0, [sp, #60]
	.loc	2 1507 30                       @ ../../libraries/sdk/utilities/debug_console/fsl_debug_console.c:1507:30
	ldr	r0, [sp, #48]
	adds	r0, #1
	str	r0, [sp, #48]
	.loc	2 1508 40                       @ ../../libraries/sdk/utilities/debug_console/fsl_debug_console.c:1508:40
	ldr	r0, [sp, #72]
	subs	r0, #1
	str	r0, [sp, #72]
	.loc	2 1509 29                       @ ../../libraries/sdk/utilities/debug_console/fsl_debug_console.c:1509:29
	b	.LBB8_119
.LBB8_117:                              @   in Loop: Header=BB8_3 Depth=1
	.loc	2 0 29 is_stmt 0                @ ../../libraries/sdk/utilities/debug_console/fsl_debug_console.c:0:29
	movs	r0, #1
	.loc	2 1511 33 is_stmt 1             @ ../../libraries/sdk/utilities/debug_console/fsl_debug_console.c:1511:33
	strb.w	r0, [sp, #94]
	.loc	2 1512 37                       @ ../../libraries/sdk/utilities/debug_console/fsl_debug_console.c:1512:37
	ldr	r0, [sp, #60]
	adds	r0, #1
	str	r0, [sp, #60]
	.loc	2 1513 30                       @ ../../libraries/sdk/utilities/debug_console/fsl_debug_console.c:1513:30
	ldr	r0, [sp, #48]
	adds	r0, #1
	str	r0, [sp, #48]
	.loc	2 1514 40                       @ ../../libraries/sdk/utilities/debug_console/fsl_debug_console.c:1514:40
	ldr	r0, [sp, #72]
	subs	r0, #1
	str	r0, [sp, #72]
	.loc	2 1515 29                       @ ../../libraries/sdk/utilities/debug_console/fsl_debug_console.c:1515:29
	b	.LBB8_119
.LBB8_118:                              @   in Loop: Header=BB8_3 Depth=1
	.loc	2 1518 29                       @ ../../libraries/sdk/utilities/debug_console/fsl_debug_console.c:1518:29
	b	.LBB8_119
.Ltmp337:
.LBB8_119:                              @   in Loop: Header=BB8_3 Depth=1
	.loc	2 1521 21                       @ ../../libraries/sdk/utilities/debug_console/fsl_debug_console.c:1521:21
	b	.LBB8_120
.LBB8_120:                              @   Parent Loop BB8_3 Depth=1
                                        @ =>  This Inner Loop Header: Depth=2
	.loc	2 1521 40 is_stmt 0             @ ../../libraries/sdk/utilities/debug_console/fsl_debug_console.c:1521:40
	ldr	r1, [sp, #72]
	subs	r0, r1, #1
	str	r0, [sp, #72]
	movs	r0, #0
	.loc	2 1521 49                       @ ../../libraries/sdk/utilities/debug_console/fsl_debug_console.c:1521:49
	str	r0, [sp, #4]                    @ 4-byte Spill
	cbz	r1, .LBB8_122
	b	.LBB8_121
.LBB8_121:                              @   in Loop: Header=BB8_120 Depth=2
	.loc	2 1521 54                       @ ../../libraries/sdk/utilities/debug_console/fsl_debug_console.c:1521:54
	ldr	r0, [sp, #48]
	.loc	2 1521 53                       @ ../../libraries/sdk/utilities/debug_console/fsl_debug_console.c:1521:53
	ldrsb.w	r1, [r0]
	movs	r0, #0
	.loc	2 1521 56                       @ ../../libraries/sdk/utilities/debug_console/fsl_debug_console.c:1521:56
	cmp	r1, #0
	it	gt
	movgt	r0, #1
	str	r0, [sp, #4]                    @ 4-byte Spill
	b	.LBB8_122
.LBB8_122:                              @   in Loop: Header=BB8_120 Depth=2
	.loc	2 0 0                           @ ../../libraries/sdk/utilities/debug_console/fsl_debug_console.c:0:0
	ldr	r0, [sp, #4]                    @ 4-byte Reload
	.loc	2 1521 21                       @ ../../libraries/sdk/utilities/debug_console/fsl_debug_console.c:1521:21
	lsls	r0, r0, #31
	cmp	r0, #0
	beq	.LBB8_139
	b	.LBB8_123
.LBB8_123:                              @   in Loop: Header=BB8_120 Depth=2
.Ltmp338:
	.loc	2 1523 31 is_stmt 1             @ ../../libraries/sdk/utilities/debug_console/fsl_debug_console.c:1523:31
	ldr	r0, [sp, #48]
	.loc	2 1523 30 is_stmt 0             @ ../../libraries/sdk/utilities/debug_console/fsl_debug_console.c:1523:30
	ldrsb.w	r0, [r0]
	.loc	2 1523 41                       @ ../../libraries/sdk/utilities/debug_console/fsl_debug_console.c:1523:41
	cmp	r0, #57
	bgt	.LBB8_126
	b	.LBB8_124
.LBB8_124:                              @   in Loop: Header=BB8_120 Depth=2
	.loc	2 1523 46                       @ ../../libraries/sdk/utilities/debug_console/fsl_debug_console.c:1523:46
	ldr	r0, [sp, #48]
	.loc	2 1523 45                       @ ../../libraries/sdk/utilities/debug_console/fsl_debug_console.c:1523:45
	ldrsb.w	r0, [r0]
.Ltmp339:
	.loc	2 1523 29                       @ ../../libraries/sdk/utilities/debug_console/fsl_debug_console.c:1523:29
	cmp	r0, #48
	blt	.LBB8_126
	b	.LBB8_125
.LBB8_125:                              @   in Loop: Header=BB8_120 Depth=2
.Ltmp340:
	.loc	2 1525 37 is_stmt 1             @ ../../libraries/sdk/utilities/debug_console/fsl_debug_console.c:1525:37
	ldr	r0, [sp, #48]
	.loc	2 1525 36 is_stmt 0             @ ../../libraries/sdk/utilities/debug_console/fsl_debug_console.c:1525:36
	ldrb	r0, [r0]
	.loc	2 1525 39                       @ ../../libraries/sdk/utilities/debug_console/fsl_debug_console.c:1525:39
	subs	r0, #48
	.loc	2 1525 34                       @ ../../libraries/sdk/utilities/debug_console/fsl_debug_console.c:1525:34
	strb.w	r0, [sp, #87]
	.loc	2 1526 25 is_stmt 1             @ ../../libraries/sdk/utilities/debug_console/fsl_debug_console.c:1526:25
	b	.LBB8_135
.Ltmp341:
.LBB8_126:                              @   in Loop: Header=BB8_120 Depth=2
	.loc	2 1527 36                       @ ../../libraries/sdk/utilities/debug_console/fsl_debug_console.c:1527:36
	ldr	r0, [sp, #48]
	.loc	2 1527 35 is_stmt 0             @ ../../libraries/sdk/utilities/debug_console/fsl_debug_console.c:1527:35
	ldrsb.w	r0, [r0]
	.loc	2 1527 46                       @ ../../libraries/sdk/utilities/debug_console/fsl_debug_console.c:1527:46
	cmp	r0, #102
	bgt	.LBB8_129
	b	.LBB8_127
.LBB8_127:                              @   in Loop: Header=BB8_120 Depth=2
	.loc	2 1527 51                       @ ../../libraries/sdk/utilities/debug_console/fsl_debug_console.c:1527:51
	ldr	r0, [sp, #48]
	.loc	2 1527 50                       @ ../../libraries/sdk/utilities/debug_console/fsl_debug_console.c:1527:50
	ldrsb.w	r0, [r0]
.Ltmp342:
	.loc	2 1527 34                       @ ../../libraries/sdk/utilities/debug_console/fsl_debug_console.c:1527:34
	cmp	r0, #97
	blt	.LBB8_129
	b	.LBB8_128
.LBB8_128:                              @   in Loop: Header=BB8_120 Depth=2
.Ltmp343:
	.loc	2 1529 37 is_stmt 1             @ ../../libraries/sdk/utilities/debug_console/fsl_debug_console.c:1529:37
	ldr	r0, [sp, #48]
	.loc	2 1529 36 is_stmt 0             @ ../../libraries/sdk/utilities/debug_console/fsl_debug_console.c:1529:36
	ldrb	r0, [r0]
	.loc	2 1529 45                       @ ../../libraries/sdk/utilities/debug_console/fsl_debug_console.c:1529:45
	subs	r0, #87
	.loc	2 1529 34                       @ ../../libraries/sdk/utilities/debug_console/fsl_debug_console.c:1529:34
	strb.w	r0, [sp, #87]
	.loc	2 1530 25 is_stmt 1             @ ../../libraries/sdk/utilities/debug_console/fsl_debug_console.c:1530:25
	b	.LBB8_134
.Ltmp344:
.LBB8_129:                              @   in Loop: Header=BB8_120 Depth=2
	.loc	2 1531 36                       @ ../../libraries/sdk/utilities/debug_console/fsl_debug_console.c:1531:36
	ldr	r0, [sp, #48]
	.loc	2 1531 35 is_stmt 0             @ ../../libraries/sdk/utilities/debug_console/fsl_debug_console.c:1531:35
	ldrsb.w	r0, [r0]
	.loc	2 1531 46                       @ ../../libraries/sdk/utilities/debug_console/fsl_debug_console.c:1531:46
	cmp	r0, #70
	bgt	.LBB8_132
	b	.LBB8_130
.LBB8_130:                              @   in Loop: Header=BB8_120 Depth=2
	.loc	2 1531 51                       @ ../../libraries/sdk/utilities/debug_console/fsl_debug_console.c:1531:51
	ldr	r0, [sp, #48]
	.loc	2 1531 50                       @ ../../libraries/sdk/utilities/debug_console/fsl_debug_console.c:1531:50
	ldrsb.w	r0, [r0]
.Ltmp345:
	.loc	2 1531 34                       @ ../../libraries/sdk/utilities/debug_console/fsl_debug_console.c:1531:34
	cmp	r0, #65
	blt	.LBB8_132
	b	.LBB8_131
.LBB8_131:                              @   in Loop: Header=BB8_120 Depth=2
.Ltmp346:
	.loc	2 1533 37 is_stmt 1             @ ../../libraries/sdk/utilities/debug_console/fsl_debug_console.c:1533:37
	ldr	r0, [sp, #48]
	.loc	2 1533 36 is_stmt 0             @ ../../libraries/sdk/utilities/debug_console/fsl_debug_console.c:1533:36
	ldrb	r0, [r0]
	.loc	2 1533 45                       @ ../../libraries/sdk/utilities/debug_console/fsl_debug_console.c:1533:45
	subs	r0, #55
	.loc	2 1533 34                       @ ../../libraries/sdk/utilities/debug_console/fsl_debug_console.c:1533:34
	strb.w	r0, [sp, #87]
	.loc	2 1534 25 is_stmt 1             @ ../../libraries/sdk/utilities/debug_console/fsl_debug_console.c:1534:25
	b	.LBB8_133
.Ltmp347:
.LBB8_132:                              @   in Loop: Header=BB8_120 Depth=2
	.loc	2 1537 42                       @ ../../libraries/sdk/utilities/debug_console/fsl_debug_console.c:1537:42
	ldrb.w	r0, [sp, #95]
	.loc	2 1537 34 is_stmt 0             @ ../../libraries/sdk/utilities/debug_console/fsl_debug_console.c:1537:34
	strb.w	r0, [sp, #87]
	b	.LBB8_133
.Ltmp348:
.LBB8_133:                              @   in Loop: Header=BB8_120 Depth=2
	.loc	2 0 34                          @ ../../libraries/sdk/utilities/debug_console/fsl_debug_console.c:0:34
	b	.LBB8_134
.LBB8_134:                              @   in Loop: Header=BB8_120 Depth=2
	b	.LBB8_135
.LBB8_135:                              @   in Loop: Header=BB8_120 Depth=2
.Ltmp349:
	.loc	2 1540 38 is_stmt 1             @ ../../libraries/sdk/utilities/debug_console/fsl_debug_console.c:1540:38
	ldrb.w	r0, [sp, #87]
	.loc	2 1540 46 is_stmt 0             @ ../../libraries/sdk/utilities/debug_console/fsl_debug_console.c:1540:46
	ldrb.w	r1, [sp, #95]
.Ltmp350:
	.loc	2 1540 29                       @ ../../libraries/sdk/utilities/debug_console/fsl_debug_console.c:1540:29
	cmp	r0, r1
	blt	.LBB8_137
	b	.LBB8_136
.LBB8_136:                              @   in Loop: Header=BB8_3 Depth=1
.Ltmp351:
	.loc	2 1542 29 is_stmt 1             @ ../../libraries/sdk/utilities/debug_console/fsl_debug_console.c:1542:29
	b	.LBB8_139
.Ltmp352:
.LBB8_137:                              @   in Loop: Header=BB8_120 Depth=2
	.loc	2 1546 44                       @ ../../libraries/sdk/utilities/debug_console/fsl_debug_console.c:1546:44
	ldrb.w	r0, [sp, #95]
	.loc	2 1546 51 is_stmt 0             @ ../../libraries/sdk/utilities/debug_console/fsl_debug_console.c:1546:51
	ldr	r1, [sp, #56]
	.loc	2 1546 66                       @ ../../libraries/sdk/utilities/debug_console/fsl_debug_console.c:1546:66
	ldrsb.w	r2, [sp, #87]
	.loc	2 1546 55                       @ ../../libraries/sdk/utilities/debug_console/fsl_debug_console.c:1546:55
	mla	r0, r0, r1, r2
	.loc	2 1546 33                       @ ../../libraries/sdk/utilities/debug_console/fsl_debug_console.c:1546:33
	str	r0, [sp, #56]
	b	.LBB8_138
.Ltmp353:
.LBB8_138:                              @   in Loop: Header=BB8_120 Depth=2
	.loc	2 1548 26 is_stmt 1             @ ../../libraries/sdk/utilities/debug_console/fsl_debug_console.c:1548:26
	ldr	r0, [sp, #48]
	adds	r0, #1
	str	r0, [sp, #48]
	.loc	2 1549 33                       @ ../../libraries/sdk/utilities/debug_console/fsl_debug_console.c:1549:33
	ldr	r0, [sp, #60]
	adds	r0, #1
	str	r0, [sp, #60]
.Ltmp354:
	.loc	2 1521 21                       @ ../../libraries/sdk/utilities/debug_console/fsl_debug_console.c:1521:21
	b	.LBB8_120
.LBB8_139:                              @   in Loop: Header=BB8_3 Depth=1
	.loc	2 1551 28                       @ ../../libraries/sdk/utilities/debug_console/fsl_debug_console.c:1551:28
	ldrsb.w	r1, [sp, #94]
	.loc	2 1551 25 is_stmt 0             @ ../../libraries/sdk/utilities/debug_console/fsl_debug_console.c:1551:25
	ldr	r0, [sp, #56]
	muls	r0, r1, r0
	str	r0, [sp, #56]
	.loc	2 1552 25 is_stmt 1             @ ../../libraries/sdk/utilities/debug_console/fsl_debug_console.c:1552:25
	ldrb.w	r0, [sp, #76]
	lsls	r0, r0, #30
	cmp	r0, #0
	bmi.w	.LBB8_165
	b	.LBB8_140
.LBB8_140:                              @   in Loop: Header=BB8_3 Depth=1
.Ltmp355:
	.loc	2 1555 33                       @ ../../libraries/sdk/utilities/debug_console/fsl_debug_console.c:1555:33
	ldr	r0, [sp, #76]
	.loc	2 1555 38 is_stmt 0             @ ../../libraries/sdk/utilities/debug_console/fsl_debug_console.c:1555:38
	and	r0, r0, #7936
	.loc	2 1555 25                       @ ../../libraries/sdk/utilities/debug_console/fsl_debug_console.c:1555:25
	mov	r1, r0
	str	r1, [sp]                        @ 4-byte Spill
	cmp.w	r0, #256
	beq	.LBB8_144
	b	.LBB8_141
.LBB8_141:                              @   in Loop: Header=BB8_3 Depth=1
	ldr	r0, [sp]                        @ 4-byte Reload
	cmp.w	r0, #512
	beq	.LBB8_148
	b	.LBB8_142
.LBB8_142:                              @   in Loop: Header=BB8_3 Depth=1
	ldr	r0, [sp]                        @ 4-byte Reload
	cmp.w	r0, #1024
	beq	.LBB8_152
	b	.LBB8_143
.LBB8_143:                              @   in Loop: Header=BB8_3 Depth=1
	ldr	r0, [sp]                        @ 4-byte Reload
	cmp.w	r0, #2048
	beq	.LBB8_156
	b	.LBB8_160
.LBB8_144:                              @   in Loop: Header=BB8_3 Depth=1
.Ltmp356:
	.loc	2 1558 37 is_stmt 1             @ ../../libraries/sdk/utilities/debug_console/fsl_debug_console.c:1558:37
	ldrb.w	r0, [sp, #77]
	lsls	r0, r0, #26
	cmp	r0, #0
	bpl	.LBB8_146
	b	.LBB8_145
.LBB8_145:                              @   in Loop: Header=BB8_3 Depth=1
.Ltmp357:
	.loc	2 1560 85                       @ ../../libraries/sdk/utilities/debug_console/fsl_debug_console.c:1560:85
	ldr	r0, [sp, #56]
	.loc	2 1560 38 is_stmt 0             @ ../../libraries/sdk/utilities/debug_console/fsl_debug_console.c:1560:38
	ldr	r1, [sp, #104]
	adds	r2, r1, #4
	str	r2, [sp, #104]
	ldr	r1, [r1]
	.loc	2 1560 70                       @ ../../libraries/sdk/utilities/debug_console/fsl_debug_console.c:1560:70
	strb	r0, [r1]
	.loc	2 1561 33 is_stmt 1             @ ../../libraries/sdk/utilities/debug_console/fsl_debug_console.c:1561:33
	b	.LBB8_147
.Ltmp358:
.LBB8_146:                              @   in Loop: Header=BB8_3 Depth=1
	.loc	2 1564 89                       @ ../../libraries/sdk/utilities/debug_console/fsl_debug_console.c:1564:89
	ldr	r0, [sp, #56]
	.loc	2 1564 38 is_stmt 0             @ ../../libraries/sdk/utilities/debug_console/fsl_debug_console.c:1564:38
	ldr	r1, [sp, #104]
	adds	r2, r1, #4
	str	r2, [sp, #104]
	ldr	r1, [r1]
	.loc	2 1564 72                       @ ../../libraries/sdk/utilities/debug_console/fsl_debug_console.c:1564:72
	strb	r0, [r1]
	b	.LBB8_147
.Ltmp359:
.LBB8_147:                              @   in Loop: Header=BB8_3 Depth=1
	.loc	2 1566 33 is_stmt 1             @ ../../libraries/sdk/utilities/debug_console/fsl_debug_console.c:1566:33
	b	.LBB8_164
.LBB8_148:                              @   in Loop: Header=BB8_3 Depth=1
	.loc	2 1568 37                       @ ../../libraries/sdk/utilities/debug_console/fsl_debug_console.c:1568:37
	ldrb.w	r0, [sp, #77]
	lsls	r0, r0, #26
	cmp	r0, #0
	bpl	.LBB8_150
	b	.LBB8_149
.LBB8_149:                              @   in Loop: Header=BB8_3 Depth=1
.Ltmp360:
	.loc	2 1570 87                       @ ../../libraries/sdk/utilities/debug_console/fsl_debug_console.c:1570:87
	ldr	r0, [sp, #56]
	.loc	2 1570 38 is_stmt 0             @ ../../libraries/sdk/utilities/debug_console/fsl_debug_console.c:1570:38
	ldr	r1, [sp, #104]
	adds	r2, r1, #4
	str	r2, [sp, #104]
	ldr	r1, [r1]
	.loc	2 1570 71                       @ ../../libraries/sdk/utilities/debug_console/fsl_debug_console.c:1570:71
	strh	r0, [r1]
	.loc	2 1571 33 is_stmt 1             @ ../../libraries/sdk/utilities/debug_console/fsl_debug_console.c:1571:33
	b	.LBB8_151
.Ltmp361:
.LBB8_150:                              @   in Loop: Header=BB8_3 Depth=1
	.loc	2 1574 91                       @ ../../libraries/sdk/utilities/debug_console/fsl_debug_console.c:1574:91
	ldr	r0, [sp, #56]
	.loc	2 1574 38 is_stmt 0             @ ../../libraries/sdk/utilities/debug_console/fsl_debug_console.c:1574:38
	ldr	r1, [sp, #104]
	adds	r2, r1, #4
	str	r2, [sp, #104]
	ldr	r1, [r1]
	.loc	2 1574 73                       @ ../../libraries/sdk/utilities/debug_console/fsl_debug_console.c:1574:73
	strh	r0, [r1]
	b	.LBB8_151
.Ltmp362:
.LBB8_151:                              @   in Loop: Header=BB8_3 Depth=1
	.loc	2 1576 33 is_stmt 1             @ ../../libraries/sdk/utilities/debug_console/fsl_debug_console.c:1576:33
	b	.LBB8_164
.LBB8_152:                              @   in Loop: Header=BB8_3 Depth=1
	.loc	2 1578 37                       @ ../../libraries/sdk/utilities/debug_console/fsl_debug_console.c:1578:37
	ldrb.w	r0, [sp, #77]
	lsls	r0, r0, #26
	cmp	r0, #0
	bpl	.LBB8_154
	b	.LBB8_153
.LBB8_153:                              @   in Loop: Header=BB8_3 Depth=1
.Ltmp363:
	.loc	2 1580 93                       @ ../../libraries/sdk/utilities/debug_console/fsl_debug_console.c:1580:93
	ldr	r0, [sp, #56]
	.loc	2 1580 38 is_stmt 0             @ ../../libraries/sdk/utilities/debug_console/fsl_debug_console.c:1580:38
	ldr	r1, [sp, #104]
	adds	r2, r1, #4
	str	r2, [sp, #104]
	ldr	r1, [r1]
	.loc	2 1580 74                       @ ../../libraries/sdk/utilities/debug_console/fsl_debug_console.c:1580:74
	str	r0, [r1]
	.loc	2 1581 33 is_stmt 1             @ ../../libraries/sdk/utilities/debug_console/fsl_debug_console.c:1581:33
	b	.LBB8_155
.Ltmp364:
.LBB8_154:                              @   in Loop: Header=BB8_3 Depth=1
	.loc	2 1584 97                       @ ../../libraries/sdk/utilities/debug_console/fsl_debug_console.c:1584:97
	ldr	r0, [sp, #56]
	.loc	2 1584 38 is_stmt 0             @ ../../libraries/sdk/utilities/debug_console/fsl_debug_console.c:1584:38
	ldr	r1, [sp, #104]
	adds	r2, r1, #4
	str	r2, [sp, #104]
	ldr	r1, [r1]
	.loc	2 1584 76                       @ ../../libraries/sdk/utilities/debug_console/fsl_debug_console.c:1584:76
	str	r0, [r1]
	b	.LBB8_155
.Ltmp365:
.LBB8_155:                              @   in Loop: Header=BB8_3 Depth=1
	.loc	2 1586 33 is_stmt 1             @ ../../libraries/sdk/utilities/debug_console/fsl_debug_console.c:1586:33
	b	.LBB8_164
.LBB8_156:                              @   in Loop: Header=BB8_3 Depth=1
	.loc	2 1588 37                       @ ../../libraries/sdk/utilities/debug_console/fsl_debug_console.c:1588:37
	ldrb.w	r0, [sp, #77]
	lsls	r0, r0, #26
	cmp	r0, #0
	bpl	.LBB8_158
	b	.LBB8_157
.LBB8_157:                              @   in Loop: Header=BB8_3 Depth=1
.Ltmp366:
	.loc	2 1590 103                      @ ../../libraries/sdk/utilities/debug_console/fsl_debug_console.c:1590:103
	ldr	r0, [sp, #56]
	asrs	r2, r0, #31
	.loc	2 1590 38 is_stmt 0             @ ../../libraries/sdk/utilities/debug_console/fsl_debug_console.c:1590:38
	ldr	r1, [sp, #104]
	adds	r3, r1, #4
	str	r3, [sp, #104]
	ldr	r1, [r1]
	.loc	2 1590 79                       @ ../../libraries/sdk/utilities/debug_console/fsl_debug_console.c:1590:79
	str	r2, [r1, #4]
	str	r0, [r1]
	.loc	2 1591 33 is_stmt 1             @ ../../libraries/sdk/utilities/debug_console/fsl_debug_console.c:1591:33
	b	.LBB8_159
.Ltmp367:
.LBB8_158:                              @   in Loop: Header=BB8_3 Depth=1
	.loc	2 1594 107                      @ ../../libraries/sdk/utilities/debug_console/fsl_debug_console.c:1594:107
	ldr	r0, [sp, #56]
	asrs	r2, r0, #31
	.loc	2 1594 38 is_stmt 0             @ ../../libraries/sdk/utilities/debug_console/fsl_debug_console.c:1594:38
	ldr	r1, [sp, #104]
	adds	r3, r1, #4
	str	r3, [sp, #104]
	ldr	r1, [r1]
	.loc	2 1594 81                       @ ../../libraries/sdk/utilities/debug_console/fsl_debug_console.c:1594:81
	str	r2, [r1, #4]
	str	r0, [r1]
	b	.LBB8_159
.Ltmp368:
.LBB8_159:                              @   in Loop: Header=BB8_3 Depth=1
	.loc	2 1596 33 is_stmt 1             @ ../../libraries/sdk/utilities/debug_console/fsl_debug_console.c:1596:33
	b	.LBB8_164
.LBB8_160:                              @   in Loop: Header=BB8_3 Depth=1
	.loc	2 1599 37                       @ ../../libraries/sdk/utilities/debug_console/fsl_debug_console.c:1599:37
	ldrb.w	r0, [sp, #77]
	lsls	r0, r0, #26
	cmp	r0, #0
	bpl	.LBB8_162
	b	.LBB8_161
.LBB8_161:                              @   in Loop: Header=BB8_3 Depth=1
.Ltmp369:
	.loc	2 1601 83                       @ ../../libraries/sdk/utilities/debug_console/fsl_debug_console.c:1601:83
	ldr	r0, [sp, #56]
	.loc	2 1601 38 is_stmt 0             @ ../../libraries/sdk/utilities/debug_console/fsl_debug_console.c:1601:38
	ldr	r1, [sp, #104]
	adds	r2, r1, #4
	str	r2, [sp, #104]
	ldr	r1, [r1]
	.loc	2 1601 69                       @ ../../libraries/sdk/utilities/debug_console/fsl_debug_console.c:1601:69
	str	r0, [r1]
	.loc	2 1602 33 is_stmt 1             @ ../../libraries/sdk/utilities/debug_console/fsl_debug_console.c:1602:33
	b	.LBB8_163
.Ltmp370:
.LBB8_162:                              @   in Loop: Header=BB8_3 Depth=1
	.loc	2 1605 87                       @ ../../libraries/sdk/utilities/debug_console/fsl_debug_console.c:1605:87
	ldr	r0, [sp, #56]
	.loc	2 1605 38 is_stmt 0             @ ../../libraries/sdk/utilities/debug_console/fsl_debug_console.c:1605:38
	ldr	r1, [sp, #104]
	adds	r2, r1, #4
	str	r2, [sp, #104]
	ldr	r1, [r1]
	.loc	2 1605 71                       @ ../../libraries/sdk/utilities/debug_console/fsl_debug_console.c:1605:71
	str	r0, [r1]
	b	.LBB8_163
.Ltmp371:
.LBB8_163:                              @   in Loop: Header=BB8_3 Depth=1
	.loc	2 1607 33 is_stmt 1             @ ../../libraries/sdk/utilities/debug_console/fsl_debug_console.c:1607:33
	b	.LBB8_164
.Ltmp372:
.LBB8_164:                              @   in Loop: Header=BB8_3 Depth=1
	.loc	2 1620 34                       @ ../../libraries/sdk/utilities/debug_console/fsl_debug_console.c:1620:34
	ldr	r0, [sp, #68]
	adds	r0, #1
	str	r0, [sp, #68]
	.loc	2 1621 21                       @ ../../libraries/sdk/utilities/debug_console/fsl_debug_console.c:1621:21
	b	.LBB8_165
.Ltmp373:
.LBB8_165:                              @   in Loop: Header=BB8_3 Depth=1
	.loc	2 1622 21                       @ ../../libraries/sdk/utilities/debug_console/fsl_debug_console.c:1622:21
	b	.LBB8_176
.LBB8_166:                              @   in Loop: Header=BB8_3 Depth=1
	.loc	2 0 21 is_stmt 0                @ ../../libraries/sdk/utilities/debug_console/fsl_debug_console.c:0:21
	add	r0, sp, #48
	.loc	2 1625 33 is_stmt 1             @ ../../libraries/sdk/utilities/debug_console/fsl_debug_console.c:1625:33
	bl	DbgConsole_ScanIgnoreWhiteSpace
	mov	r1, r0
	.loc	2 1625 30 is_stmt 0             @ ../../libraries/sdk/utilities/debug_console/fsl_debug_console.c:1625:30
	ldr	r0, [sp, #60]
	add	r0, r1
	str	r0, [sp, #60]
	.loc	2 1626 35 is_stmt 1             @ ../../libraries/sdk/utilities/debug_console/fsl_debug_console.c:1626:35
	ldr	r0, [sp, #48]
	add	r1, sp, #52
	.loc	2 1626 28 is_stmt 0             @ ../../libraries/sdk/utilities/debug_console/fsl_debug_console.c:1626:28
	bl	__hardfp_strtod
	.loc	2 1626 26                       @ ../../libraries/sdk/utilities/debug_console/fsl_debug_console.c:1626:26
	vstr	d0, [sp, #40]
.Ltmp374:
	.loc	2 1628 26 is_stmt 1             @ ../../libraries/sdk/utilities/debug_console/fsl_debug_console.c:1628:26
	vldr	d0, [sp, #40]
	vldr	d1, .LCPI8_0
	.loc	2 1628 44 is_stmt 0             @ ../../libraries/sdk/utilities/debug_console/fsl_debug_console.c:1628:44
	vcmp.f64	d0, d1
	vmrs	APSR_nzcv, fpscr
	bge	.LBB8_168
	b	.LBB8_167
.LBB8_167:                              @   in Loop: Header=BB8_3 Depth=1
	.loc	2 1628 48                       @ ../../libraries/sdk/utilities/debug_console/fsl_debug_console.c:1628:48
	vldr	d0, [sp, #40]
	vldr	d1, .LCPI8_1
.Ltmp375:
	.loc	2 1628 25                       @ ../../libraries/sdk/utilities/debug_console/fsl_debug_console.c:1628:25
	vcmp.f64	d0, d1
	vmrs	APSR_nzcv, fpscr
	bgt	.LBB8_169
	b	.LBB8_168
.LBB8_168:                              @   in Loop: Header=BB8_3 Depth=1
.Ltmp376:
	.loc	2 1630 25 is_stmt 1             @ ../../libraries/sdk/utilities/debug_console/fsl_debug_console.c:1630:25
	b	.LBB8_176
.Ltmp377:
.LBB8_169:                              @   in Loop: Header=BB8_3 Depth=1
	.loc	2 1633 39                       @ ../../libraries/sdk/utilities/debug_console/fsl_debug_console.c:1633:39
	ldr	r0, [sp, #52]
	.loc	2 1633 50 is_stmt 0             @ ../../libraries/sdk/utilities/debug_console/fsl_debug_console.c:1633:50
	ldr	r1, [sp, #48]
	.loc	2 1633 42                       @ ../../libraries/sdk/utilities/debug_console/fsl_debug_console.c:1633:42
	subs	r1, r0, r1
	.loc	2 1633 30                       @ ../../libraries/sdk/utilities/debug_console/fsl_debug_console.c:1633:30
	ldr	r0, [sp, #60]
	add	r0, r1
	str	r0, [sp, #60]
	.loc	2 1634 25 is_stmt 1             @ ../../libraries/sdk/utilities/debug_console/fsl_debug_console.c:1634:25
	ldr	r0, [sp, #52]
	.loc	2 1634 23 is_stmt 0             @ ../../libraries/sdk/utilities/debug_console/fsl_debug_console.c:1634:23
	str	r0, [sp, #48]
	.loc	2 1635 25 is_stmt 1             @ ../../libraries/sdk/utilities/debug_console/fsl_debug_console.c:1635:25
	ldrb.w	r0, [sp, #76]
	lsls	r0, r0, #30
	cmp	r0, #0
	bmi	.LBB8_174
	b	.LBB8_170
.LBB8_170:                              @   in Loop: Header=BB8_3 Depth=1
.Ltmp378:
	.loc	2 1637 29                       @ ../../libraries/sdk/utilities/debug_console/fsl_debug_console.c:1637:29
	ldrb.w	r0, [sp, #77]
	lsls	r0, r0, #27
	cmp	r0, #0
	bpl	.LBB8_172
	b	.LBB8_171
.LBB8_171:                              @   in Loop: Header=BB8_3 Depth=1
.Ltmp379:
	.loc	2 1639 59                       @ ../../libraries/sdk/utilities/debug_console/fsl_debug_console.c:1639:59
	vldr	d0, [sp, #40]
	.loc	2 1639 30 is_stmt 0             @ ../../libraries/sdk/utilities/debug_console/fsl_debug_console.c:1639:30
	ldr	r0, [sp, #104]
	adds	r1, r0, #4
	str	r1, [sp, #104]
	ldr	r0, [r0]
	.loc	2 1639 57                       @ ../../libraries/sdk/utilities/debug_console/fsl_debug_console.c:1639:57
	vstr	d0, [r0]
	.loc	2 1640 25 is_stmt 1             @ ../../libraries/sdk/utilities/debug_console/fsl_debug_console.c:1640:25
	b	.LBB8_173
.Ltmp380:
.LBB8_172:                              @   in Loop: Header=BB8_3 Depth=1
	.loc	2 1643 65                       @ ../../libraries/sdk/utilities/debug_console/fsl_debug_console.c:1643:65
	vldr	d0, [sp, #40]
	.loc	2 1643 58 is_stmt 0             @ ../../libraries/sdk/utilities/debug_console/fsl_debug_console.c:1643:58
	vcvt.f32.f64	s0, d0
	.loc	2 1643 30                       @ ../../libraries/sdk/utilities/debug_console/fsl_debug_console.c:1643:30
	ldr	r0, [sp, #104]
	adds	r1, r0, #4
	str	r1, [sp, #104]
	ldr	r0, [r0]
	.loc	2 1643 56                       @ ../../libraries/sdk/utilities/debug_console/fsl_debug_console.c:1643:56
	vstr	s0, [r0]
	b	.LBB8_173
.Ltmp381:
.LBB8_173:                              @   in Loop: Header=BB8_3 Depth=1
	.loc	2 1645 34 is_stmt 1             @ ../../libraries/sdk/utilities/debug_console/fsl_debug_console.c:1645:34
	ldr	r0, [sp, #68]
	adds	r0, #1
	str	r0, [sp, #68]
	.loc	2 1646 21                       @ ../../libraries/sdk/utilities/debug_console/fsl_debug_console.c:1646:21
	b	.LBB8_174
.Ltmp382:
.LBB8_174:                              @   in Loop: Header=BB8_3 Depth=1
	.loc	2 1647 21                       @ ../../libraries/sdk/utilities/debug_console/fsl_debug_console.c:1647:21
	b	.LBB8_176
.LBB8_175:                              @   in Loop: Header=BB8_3 Depth=1
	.loc	2 0 21 is_stmt 0                @ ../../libraries/sdk/utilities/debug_console/fsl_debug_console.c:0:21
	movs	r0, #1
	.loc	2 1651 35 is_stmt 1             @ ../../libraries/sdk/utilities/debug_console/fsl_debug_console.c:1651:35
	strb.w	r0, [sp, #67]
	.loc	2 1652 21                       @ ../../libraries/sdk/utilities/debug_console/fsl_debug_console.c:1652:21
	b	.LBB8_176
.Ltmp383:
.LBB8_176:                              @   in Loop: Header=BB8_3 Depth=1
	.loc	2 1656 17                       @ ../../libraries/sdk/utilities/debug_console/fsl_debug_console.c:1656:17
	ldrb.w	r0, [sp, #67]
.Ltmp384:
	.loc	2 1656 17 is_stmt 0             @ ../../libraries/sdk/utilities/debug_console/fsl_debug_console.c:1656:17
	lsls	r0, r0, #31
	cbz	r0, .LBB8_178
	b	.LBB8_177
.LBB8_177:
.Ltmp385:
	.loc	2 1658 29 is_stmt 1             @ ../../libraries/sdk/utilities/debug_console/fsl_debug_console.c:1658:29
	ldr	r0, [sp, #68]
	.loc	2 1658 17 is_stmt 0             @ ../../libraries/sdk/utilities/debug_console/fsl_debug_console.c:1658:17
	str	r0, [sp, #108]
	b	.LBB8_182
.Ltmp386:
.LBB8_178:                              @   in Loop: Header=BB8_3 Depth=1
	.loc	2 0 17                          @ ../../libraries/sdk/utilities/debug_console/fsl_debug_console.c:0:17
	b	.LBB8_179
.LBB8_179:                              @   in Loop: Header=BB8_3 Depth=1
	b	.LBB8_180
.LBB8_180:                              @   in Loop: Header=BB8_3 Depth=1
	.loc	2 1223 5 is_stmt 1              @ ../../libraries/sdk/utilities/debug_console/fsl_debug_console.c:1223:5
	b.w	.LBB8_3
.LBB8_181:
	.loc	2 1662 17                       @ ../../libraries/sdk/utilities/debug_console/fsl_debug_console.c:1662:17
	ldr	r0, [sp, #68]
	.loc	2 1662 5 is_stmt 0              @ ../../libraries/sdk/utilities/debug_console/fsl_debug_console.c:1662:5
	str	r0, [sp, #108]
	b	.LBB8_182
.LBB8_182:
	.loc	2 1663 1 is_stmt 1              @ ../../libraries/sdk/utilities/debug_console/fsl_debug_console.c:1663:1
	ldr	r0, [sp, #108]
	add	sp, #112
	pop	{r7, pc}
.Ltmp387:
	.p2align	3
@ %bb.183:
	.loc	2 0 1 is_stmt 0                 @ ../../libraries/sdk/utilities/debug_console/fsl_debug_console.c:0:1
.LCPI8_0:
	.long	0                               @ double +Inf
	.long	2146435072
.LCPI8_1:
	.long	0                               @ double -Inf
	.long	4293918720
.Lfunc_end8:
	.size	DbgConsole_ScanfFormattedData, .Lfunc_end8-DbgConsole_ScanfFormattedData
	.cfi_endproc
	.cantunwind
	.fnend
                                        @ -- End function
	.section	.text.DbgConsole_ConvertRadixNumToString,"ax",%progbits
	.p2align	3                               @ -- Begin function DbgConsole_ConvertRadixNumToString
	.type	DbgConsole_ConvertRadixNumToString,%function
	.code	16                              @ @DbgConsole_ConvertRadixNumToString
	.thumb_func
DbgConsole_ConvertRadixNumToString:
.Lfunc_begin9:
	.loc	2 339 0 is_stmt 1               @ ../../libraries/sdk/utilities/debug_console/fsl_debug_console.c:339:0
	.fnstart
	.cfi_startproc
@ %bb.0:
	.save	{r4, r5, r7, lr}
	push	{r4, r5, r7, lr}
	.cfi_def_cfa_offset 16
	.cfi_offset lr, -4
	.cfi_offset r7, -8
	.cfi_offset r5, -12
	.cfi_offset r4, -16
	.pad	#96
	sub	sp, #96
	.cfi_def_cfa_offset 112
	mov	r12, r0
	ldr	r0, [sp, #112]
	str.w	r12, [sp, #88]
	str	r1, [sp, #84]
	str	r2, [sp, #80]
	str	r3, [sp, #76]
	strb.w	r0, [sp, #75]
	movs	r0, #0
.Ltmp388:
	.loc	2 363 14 prologue_end           @ ../../libraries/sdk/utilities/debug_console/fsl_debug_console.c:363:14
	str	r0, [sp, #4]                    @ 4-byte Spill
	str	r0, [sp, #12]
	.loc	2 364 16                        @ ../../libraries/sdk/utilities/debug_console/fsl_debug_console.c:364:16
	ldr	r1, [sp, #88]
	.loc	2 364 14 is_stmt 0              @ ../../libraries/sdk/utilities/debug_console/fsl_debug_console.c:364:14
	str	r1, [sp, #8]
	.loc	2 365 11 is_stmt 1              @ ../../libraries/sdk/utilities/debug_console/fsl_debug_console.c:365:11
	ldr	r1, [sp, #8]
	adds	r2, r1, #1
	str	r2, [sp, #8]
	.loc	2 365 14 is_stmt 0              @ ../../libraries/sdk/utilities/debug_console/fsl_debug_console.c:365:14
	strb	r0, [r1]
	.loc	2 372 14 is_stmt 1              @ ../../libraries/sdk/utilities/debug_console/fsl_debug_console.c:372:14
	str	r0, [sp, #68]
	str	r0, [sp, #64]
	.loc	2 373 14                        @ ../../libraries/sdk/utilities/debug_console/fsl_debug_console.c:373:14
	str	r0, [sp, #60]
	str	r0, [sp, #56]
	.loc	2 374 14                        @ ../../libraries/sdk/utilities/debug_console/fsl_debug_console.c:374:14
	str	r0, [sp, #52]
	str	r0, [sp, #48]
	.loc	2 375 14                        @ ../../libraries/sdk/utilities/debug_console/fsl_debug_console.c:375:14
	str	r0, [sp, #44]
	str	r0, [sp, #40]
	.loc	2 376 14                        @ ../../libraries/sdk/utilities/debug_console/fsl_debug_console.c:376:14
	str	r0, [sp, #36]
	str	r0, [sp, #32]
	.loc	2 377 14                        @ ../../libraries/sdk/utilities/debug_console/fsl_debug_console.c:377:14
	str	r0, [sp, #28]
	str	r0, [sp, #24]
	.loc	2 378 14                        @ ../../libraries/sdk/utilities/debug_console/fsl_debug_console.c:378:14
	str	r0, [sp, #20]
	str	r0, [sp, #16]
	.loc	2 396 11                        @ ../../libraries/sdk/utilities/debug_console/fsl_debug_console.c:396:11
	ldr	r0, [sp, #80]
	.loc	2 402 9                         @ ../../libraries/sdk/utilities/debug_console/fsl_debug_console.c:402:9
	cmp	r0, #0
	beq	.LBB9_10
	b	.LBB9_1
.LBB9_1:
.Ltmp389:
	.loc	2 405 31                        @ ../../libraries/sdk/utilities/debug_console/fsl_debug_console.c:405:31
	ldr	r1, [sp, #84]
	.loc	2 405 13 is_stmt 0              @ ../../libraries/sdk/utilities/debug_console/fsl_debug_console.c:405:13
	ldr	r0, [r1]
	ldr	r1, [r1, #4]
	.loc	2 405 11                        @ ../../libraries/sdk/utilities/debug_console/fsl_debug_console.c:405:11
	str	r1, [sp, #68]
	str	r0, [sp, #64]
.Ltmp390:
	.loc	2 409 13 is_stmt 1              @ ../../libraries/sdk/utilities/debug_console/fsl_debug_console.c:409:13
	ldr	r0, [sp, #64]
	ldr	r1, [sp, #68]
	.loc	2 409 15 is_stmt 0              @ ../../libraries/sdk/utilities/debug_console/fsl_debug_console.c:409:15
	orrs	r0, r1
.Ltmp391:
	.loc	2 409 13                        @ ../../libraries/sdk/utilities/debug_console/fsl_debug_console.c:409:13
	cbnz	r0, .LBB9_3
	b	.LBB9_2
.LBB9_2:
.Ltmp392:
	.loc	2 411 14 is_stmt 1              @ ../../libraries/sdk/utilities/debug_console/fsl_debug_console.c:411:14
	ldr	r1, [sp, #8]
	movs	r0, #48
	.loc	2 411 20 is_stmt 0              @ ../../libraries/sdk/utilities/debug_console/fsl_debug_console.c:411:20
	strb	r0, [r1]
	.loc	2 412 13 is_stmt 1              @ ../../libraries/sdk/utilities/debug_console/fsl_debug_console.c:412:13
	ldr	r0, [sp, #12]
	adds	r0, #1
	str	r0, [sp, #12]
	.loc	2 413 20                        @ ../../libraries/sdk/utilities/debug_console/fsl_debug_console.c:413:20
	ldr	r0, [sp, #12]
	.loc	2 413 13 is_stmt 0              @ ../../libraries/sdk/utilities/debug_console/fsl_debug_console.c:413:13
	str	r0, [sp, #92]
	b	.LBB9_20
.Ltmp393:
.LBB9_3:
	.loc	2 415 9 is_stmt 1               @ ../../libraries/sdk/utilities/debug_console/fsl_debug_console.c:415:9
	b	.LBB9_4
.LBB9_4:                                @ =>This Inner Loop Header: Depth=1
	.loc	2 415 16 is_stmt 0              @ ../../libraries/sdk/utilities/debug_console/fsl_debug_console.c:415:16
	ldr	r0, [sp, #64]
	ldr	r1, [sp, #68]
	.loc	2 415 18                        @ ../../libraries/sdk/utilities/debug_console/fsl_debug_console.c:415:18
	orrs	r0, r1
	.loc	2 415 9                         @ ../../libraries/sdk/utilities/debug_console/fsl_debug_console.c:415:9
	cmp	r0, #0
	beq	.LBB9_9
	b	.LBB9_5
.LBB9_5:                                @   in Loop: Header=BB9_4 Depth=1
.Ltmp394:
	.loc	2 418 32 is_stmt 1              @ ../../libraries/sdk/utilities/debug_console/fsl_debug_console.c:418:32
	ldr	r0, [sp, #64]
	ldr	r1, [sp, #68]
	.loc	2 418 51 is_stmt 0              @ ../../libraries/sdk/utilities/debug_console/fsl_debug_console.c:418:51
	ldr	r2, [sp, #76]
	asrs	r3, r2, #31
	.loc	2 418 34                        @ ../../libraries/sdk/utilities/debug_console/fsl_debug_console.c:418:34
	bl	__aeabi_ldivmod
	.loc	2 418 15                        @ ../../libraries/sdk/utilities/debug_console/fsl_debug_console.c:418:15
	str	r1, [sp, #60]
	str	r0, [sp, #56]
	.loc	2 419 32 is_stmt 1              @ ../../libraries/sdk/utilities/debug_console/fsl_debug_console.c:419:32
	ldr	r1, [sp, #64]
	ldr	r0, [sp, #68]
	.loc	2 419 52 is_stmt 0              @ ../../libraries/sdk/utilities/debug_console/fsl_debug_console.c:419:52
	ldr.w	lr, [sp, #56]
	ldr	r2, [sp, #60]
	.loc	2 419 71                        @ ../../libraries/sdk/utilities/debug_console/fsl_debug_console.c:419:71
	ldr.w	r12, [sp, #76]
	asr.w	r4, r12, #31
	.loc	2 419 54                        @ ../../libraries/sdk/utilities/debug_console/fsl_debug_console.c:419:54
	umull	r3, r5, lr, r12
	mla	lr, lr, r4, r5
	mla	r2, r2, r12, lr
	.loc	2 419 34                        @ ../../libraries/sdk/utilities/debug_console/fsl_debug_console.c:419:34
	subs	r1, r1, r3
	sbcs	r0, r2
	.loc	2 419 15                        @ ../../libraries/sdk/utilities/debug_console/fsl_debug_console.c:419:15
	str	r1, [sp, #48]
	str	r0, [sp, #52]
.Ltmp395:
	.loc	2 420 17 is_stmt 1              @ ../../libraries/sdk/utilities/debug_console/fsl_debug_console.c:420:17
	ldr	r0, [sp, #52]
.Ltmp396:
	.loc	2 420 17 is_stmt 0              @ ../../libraries/sdk/utilities/debug_console/fsl_debug_console.c:420:17
	cmp.w	r0, #-1
	bgt	.LBB9_7
	b	.LBB9_6
.LBB9_6:                                @   in Loop: Header=BB9_4 Depth=1
.Ltmp397:
	.loc	2 422 52 is_stmt 1              @ ../../libraries/sdk/utilities/debug_console/fsl_debug_console.c:422:52
	ldr	r0, [sp, #48]
	ldr	r1, [sp, #52]
	.loc	2 422 26 is_stmt 0              @ ../../libraries/sdk/utilities/debug_console/fsl_debug_console.c:422:26
	str	r1, [sp, #28]
	str	r0, [sp, #24]
	.loc	2 423 29 is_stmt 1              @ ../../libraries/sdk/utilities/debug_console/fsl_debug_console.c:423:29
	ldr	r0, [sp, #24]
	ldr	r1, [sp, #28]
	.loc	2 423 28 is_stmt 0              @ ../../libraries/sdk/utilities/debug_console/fsl_debug_console.c:423:28
	mvns	r0, r0
	mvns	r1, r1
	.loc	2 423 26                        @ ../../libraries/sdk/utilities/debug_console/fsl_debug_console.c:423:26
	str	r1, [sp, #20]
	str	r0, [sp, #16]
	.loc	2 424 43 is_stmt 1              @ ../../libraries/sdk/utilities/debug_console/fsl_debug_console.c:424:43
	ldr	r1, [sp, #16]
	ldr	r0, [sp, #20]
	.loc	2 424 56 is_stmt 0              @ ../../libraries/sdk/utilities/debug_console/fsl_debug_console.c:424:56
	adds	r1, #49
	adc	r0, r0, #0
	.loc	2 424 26                        @ ../../libraries/sdk/utilities/debug_console/fsl_debug_console.c:424:26
	str	r1, [sp, #48]
	str	r0, [sp, #52]
	.loc	2 425 13 is_stmt 1              @ ../../libraries/sdk/utilities/debug_console/fsl_debug_console.c:425:13
	b	.LBB9_8
.Ltmp398:
.LBB9_7:                                @   in Loop: Header=BB9_4 Depth=1
	.loc	2 438 21                        @ ../../libraries/sdk/utilities/debug_console/fsl_debug_console.c:438:21
	ldr	r1, [sp, #48]
	ldr	r0, [sp, #52]
	.loc	2 438 23 is_stmt 0              @ ../../libraries/sdk/utilities/debug_console/fsl_debug_console.c:438:23
	adds	r1, #48
	adc	r0, r0, #0
	.loc	2 438 19                        @ ../../libraries/sdk/utilities/debug_console/fsl_debug_console.c:438:19
	str	r1, [sp, #48]
	str	r0, [sp, #52]
	b	.LBB9_8
.Ltmp399:
.LBB9_8:                                @   in Loop: Header=BB9_4 Depth=1
	.loc	2 440 24 is_stmt 1              @ ../../libraries/sdk/utilities/debug_console/fsl_debug_console.c:440:24
	ldr	r0, [sp, #56]
	ldr	r1, [sp, #60]
	.loc	2 440 22 is_stmt 0              @ ../../libraries/sdk/utilities/debug_console/fsl_debug_console.c:440:22
	str	r1, [sp, #68]
	str	r0, [sp, #64]
	.loc	2 441 30 is_stmt 1              @ ../../libraries/sdk/utilities/debug_console/fsl_debug_console.c:441:30
	ldrb.w	r0, [sp, #48]
	.loc	2 441 19 is_stmt 0              @ ../../libraries/sdk/utilities/debug_console/fsl_debug_console.c:441:19
	ldr	r1, [sp, #8]
	adds	r2, r1, #1
	str	r2, [sp, #8]
	.loc	2 441 22                        @ ../../libraries/sdk/utilities/debug_console/fsl_debug_console.c:441:22
	strb	r0, [r1]
	.loc	2 442 13 is_stmt 1              @ ../../libraries/sdk/utilities/debug_console/fsl_debug_console.c:442:13
	ldr	r0, [sp, #12]
	adds	r0, #1
	str	r0, [sp, #12]
.Ltmp400:
	.loc	2 415 9                         @ ../../libraries/sdk/utilities/debug_console/fsl_debug_console.c:415:9
	b	.LBB9_4
.LBB9_9:
	.loc	2 444 5                         @ ../../libraries/sdk/utilities/debug_console/fsl_debug_console.c:444:5
	b	.LBB9_19
.Ltmp401:
.LBB9_10:
	.loc	2 449 41                        @ ../../libraries/sdk/utilities/debug_console/fsl_debug_console.c:449:41
	ldr	r1, [sp, #84]
	.loc	2 449 14 is_stmt 0              @ ../../libraries/sdk/utilities/debug_console/fsl_debug_console.c:449:14
	ldr	r0, [r1]
	ldr	r1, [r1, #4]
	.loc	2 449 12                        @ ../../libraries/sdk/utilities/debug_console/fsl_debug_console.c:449:12
	str	r1, [sp, #44]
	str	r0, [sp, #40]
.Ltmp402:
	.loc	2 453 13 is_stmt 1              @ ../../libraries/sdk/utilities/debug_console/fsl_debug_console.c:453:13
	ldr	r0, [sp, #40]
	ldr	r1, [sp, #44]
	.loc	2 453 16 is_stmt 0              @ ../../libraries/sdk/utilities/debug_console/fsl_debug_console.c:453:16
	orrs	r0, r1
.Ltmp403:
	.loc	2 453 13                        @ ../../libraries/sdk/utilities/debug_console/fsl_debug_console.c:453:13
	cbnz	r0, .LBB9_12
	b	.LBB9_11
.LBB9_11:
.Ltmp404:
	.loc	2 455 14 is_stmt 1              @ ../../libraries/sdk/utilities/debug_console/fsl_debug_console.c:455:14
	ldr	r1, [sp, #8]
	movs	r0, #48
	.loc	2 455 20 is_stmt 0              @ ../../libraries/sdk/utilities/debug_console/fsl_debug_console.c:455:20
	strb	r0, [r1]
	.loc	2 456 13 is_stmt 1              @ ../../libraries/sdk/utilities/debug_console/fsl_debug_console.c:456:13
	ldr	r0, [sp, #12]
	adds	r0, #1
	str	r0, [sp, #12]
	.loc	2 457 20                        @ ../../libraries/sdk/utilities/debug_console/fsl_debug_console.c:457:20
	ldr	r0, [sp, #12]
	.loc	2 457 13 is_stmt 0              @ ../../libraries/sdk/utilities/debug_console/fsl_debug_console.c:457:13
	str	r0, [sp, #92]
	b	.LBB9_20
.Ltmp405:
.LBB9_12:
	.loc	2 459 9 is_stmt 1               @ ../../libraries/sdk/utilities/debug_console/fsl_debug_console.c:459:9
	b	.LBB9_13
.LBB9_13:                               @ =>This Inner Loop Header: Depth=1
	.loc	2 459 16 is_stmt 0              @ ../../libraries/sdk/utilities/debug_console/fsl_debug_console.c:459:16
	ldr	r0, [sp, #40]
	ldr	r1, [sp, #44]
	.loc	2 459 19                        @ ../../libraries/sdk/utilities/debug_console/fsl_debug_console.c:459:19
	orrs	r0, r1
	.loc	2 459 9                         @ ../../libraries/sdk/utilities/debug_console/fsl_debug_console.c:459:9
	cmp	r0, #0
	beq	.LBB9_18
	b	.LBB9_14
.LBB9_14:                               @   in Loop: Header=BB9_13 Depth=1
.Ltmp406:
	.loc	2 462 42 is_stmt 1              @ ../../libraries/sdk/utilities/debug_console/fsl_debug_console.c:462:42
	ldr	r0, [sp, #40]
	ldr	r1, [sp, #44]
	.loc	2 462 71 is_stmt 0              @ ../../libraries/sdk/utilities/debug_console/fsl_debug_console.c:462:71
	ldr	r2, [sp, #76]
	asrs	r3, r2, #31
	.loc	2 462 45                        @ ../../libraries/sdk/utilities/debug_console/fsl_debug_console.c:462:45
	bl	__aeabi_uldivmod
	.loc	2 462 16                        @ ../../libraries/sdk/utilities/debug_console/fsl_debug_console.c:462:16
	str	r1, [sp, #36]
	str	r0, [sp, #32]
	.loc	2 463 42 is_stmt 1              @ ../../libraries/sdk/utilities/debug_console/fsl_debug_console.c:463:42
	ldr	r1, [sp, #40]
	ldr	r0, [sp, #44]
	.loc	2 463 72 is_stmt 0              @ ../../libraries/sdk/utilities/debug_console/fsl_debug_console.c:463:72
	ldr.w	lr, [sp, #32]
	ldr	r2, [sp, #36]
	.loc	2 463 101                       @ ../../libraries/sdk/utilities/debug_console/fsl_debug_console.c:463:101
	ldr.w	r12, [sp, #76]
	asr.w	r4, r12, #31
	.loc	2 463 75                        @ ../../libraries/sdk/utilities/debug_console/fsl_debug_console.c:463:75
	umull	r3, r5, lr, r12
	mla	lr, lr, r4, r5
	mla	r2, r2, r12, lr
	.loc	2 463 45                        @ ../../libraries/sdk/utilities/debug_console/fsl_debug_console.c:463:45
	subs	r1, r1, r3
	sbcs	r0, r2
	.loc	2 463 16                        @ ../../libraries/sdk/utilities/debug_console/fsl_debug_console.c:463:16
	str	r1, [sp, #24]
	str	r0, [sp, #28]
.Ltmp407:
	.loc	2 469 17 is_stmt 1              @ ../../libraries/sdk/utilities/debug_console/fsl_debug_console.c:469:17
	ldr	r0, [sp, #24]
	ldr	r1, [sp, #28]
	.loc	2 469 20 is_stmt 0              @ ../../libraries/sdk/utilities/debug_console/fsl_debug_console.c:469:20
	rsbs.w	r0, r0, #9
	mov.w	r0, #0
	sbcs	r0, r1
.Ltmp408:
	.loc	2 469 17                        @ ../../libraries/sdk/utilities/debug_console/fsl_debug_console.c:469:17
	blo	.LBB9_16
	b	.LBB9_15
.LBB9_15:                               @   in Loop: Header=BB9_13 Depth=1
.Ltmp409:
	.loc	2 471 22 is_stmt 1              @ ../../libraries/sdk/utilities/debug_console/fsl_debug_console.c:471:22
	ldr	r1, [sp, #24]
	ldr	r0, [sp, #28]
	.loc	2 471 25 is_stmt 0              @ ../../libraries/sdk/utilities/debug_console/fsl_debug_console.c:471:25
	adds	r1, #48
	adc	r0, r0, #0
	.loc	2 471 20                        @ ../../libraries/sdk/utilities/debug_console/fsl_debug_console.c:471:20
	str	r1, [sp, #24]
	str	r0, [sp, #28]
	.loc	2 472 13 is_stmt 1              @ ../../libraries/sdk/utilities/debug_console/fsl_debug_console.c:472:13
	b	.LBB9_17
.Ltmp410:
.LBB9_16:                               @   in Loop: Header=BB9_13 Depth=1
	.loc	2 475 22                        @ ../../libraries/sdk/utilities/debug_console/fsl_debug_console.c:475:22
	ldr	r1, [sp, #24]
	ldr	r0, [sp, #28]
	.loc	2 475 48 is_stmt 0              @ ../../libraries/sdk/utilities/debug_console/fsl_debug_console.c:475:48
	ldrb.w	r2, [sp, #75]
	.loc	2 475 33                        @ ../../libraries/sdk/utilities/debug_console/fsl_debug_console.c:475:33
	lsls	r3, r2, #31
	movs	r2, #97
	cmp	r3, #0
	it	ne
	movne	r2, #65
	.loc	2 475 31                        @ ../../libraries/sdk/utilities/debug_console/fsl_debug_console.c:475:31
	adds	r1, r1, r2
	adc	r0, r0, #0
	subs	r1, #10
	sbc	r0, r0, #0
	.loc	2 475 20                        @ ../../libraries/sdk/utilities/debug_console/fsl_debug_console.c:475:20
	str	r1, [sp, #24]
	str	r0, [sp, #28]
	b	.LBB9_17
.Ltmp411:
.LBB9_17:                               @   in Loop: Header=BB9_13 Depth=1
	.loc	2 477 24 is_stmt 1              @ ../../libraries/sdk/utilities/debug_console/fsl_debug_console.c:477:24
	ldr	r0, [sp, #32]
	ldr	r1, [sp, #36]
	.loc	2 477 22 is_stmt 0              @ ../../libraries/sdk/utilities/debug_console/fsl_debug_console.c:477:22
	str	r1, [sp, #44]
	str	r0, [sp, #40]
	.loc	2 478 30 is_stmt 1              @ ../../libraries/sdk/utilities/debug_console/fsl_debug_console.c:478:30
	ldrb.w	r0, [sp, #24]
	.loc	2 478 19 is_stmt 0              @ ../../libraries/sdk/utilities/debug_console/fsl_debug_console.c:478:19
	ldr	r1, [sp, #8]
	adds	r2, r1, #1
	str	r2, [sp, #8]
	.loc	2 478 22                        @ ../../libraries/sdk/utilities/debug_console/fsl_debug_console.c:478:22
	strb	r0, [r1]
	.loc	2 479 13 is_stmt 1              @ ../../libraries/sdk/utilities/debug_console/fsl_debug_console.c:479:13
	ldr	r0, [sp, #12]
	adds	r0, #1
	str	r0, [sp, #12]
.Ltmp412:
	.loc	2 459 9                         @ ../../libraries/sdk/utilities/debug_console/fsl_debug_console.c:459:9
	b	.LBB9_13
.Ltmp413:
.LBB9_18:
	.loc	2 0 9 is_stmt 0                 @ ../../libraries/sdk/utilities/debug_console/fsl_debug_console.c:0:9
	b	.LBB9_19
.LBB9_19:
	.loc	2 482 12 is_stmt 1              @ ../../libraries/sdk/utilities/debug_console/fsl_debug_console.c:482:12
	ldr	r0, [sp, #12]
	.loc	2 482 5 is_stmt 0               @ ../../libraries/sdk/utilities/debug_console/fsl_debug_console.c:482:5
	str	r0, [sp, #92]
	b	.LBB9_20
.LBB9_20:
	.loc	2 483 1 is_stmt 1               @ ../../libraries/sdk/utilities/debug_console/fsl_debug_console.c:483:1
	ldr	r0, [sp, #92]
	add	sp, #96
	pop	{r4, r5, r7, pc}
.Ltmp414:
.Lfunc_end9:
	.size	DbgConsole_ConvertRadixNumToString, .Lfunc_end9-DbgConsole_ConvertRadixNumToString
	.cfi_endproc
	.cantunwind
	.fnend
                                        @ -- End function
	.section	.text.DbgConsole_PrintfPaddingCharacter,"ax",%progbits
	.p2align	3                               @ -- Begin function DbgConsole_PrintfPaddingCharacter
	.type	DbgConsole_PrintfPaddingCharacter,%function
	.code	16                              @ @DbgConsole_PrintfPaddingCharacter
	.thumb_func
DbgConsole_PrintfPaddingCharacter:
.Lfunc_begin10:
	.loc	2 317 0                         @ ../../libraries/sdk/utilities/debug_console/fsl_debug_console.c:317:0
	.fnstart
	.cfi_startproc
@ %bb.0:
	.save	{r7, lr}
	push	{r7, lr}
	.cfi_def_cfa_offset 8
	.cfi_offset lr, -4
	.cfi_offset r7, -8
	.pad	#24
	sub	sp, #24
	.cfi_def_cfa_offset 32
	ldr.w	r12, [sp, #32]
                                        @ kill: def $r12 killed $r0
	strb.w	r0, [sp, #23]
	str	r1, [sp, #16]
	str	r2, [sp, #12]
	str	r3, [sp, #8]
.Ltmp415:
	.loc	2 320 14 prologue_end           @ ../../libraries/sdk/utilities/debug_console/fsl_debug_console.c:320:14
	ldr	r0, [sp, #16]
	.loc	2 320 12 is_stmt 0              @ ../../libraries/sdk/utilities/debug_console/fsl_debug_console.c:320:12
	str	r0, [sp, #4]
	.loc	2 320 10                        @ ../../libraries/sdk/utilities/debug_console/fsl_debug_console.c:320:10
	b	.LBB10_1
.LBB10_1:                               @ =>This Inner Loop Header: Depth=1
.Ltmp416:
	.loc	2 320 22                        @ ../../libraries/sdk/utilities/debug_console/fsl_debug_console.c:320:22
	ldr	r0, [sp, #4]
	.loc	2 320 26                        @ ../../libraries/sdk/utilities/debug_console/fsl_debug_console.c:320:26
	ldr	r1, [sp, #12]
.Ltmp417:
	.loc	2 320 5                         @ ../../libraries/sdk/utilities/debug_console/fsl_debug_console.c:320:5
	cmp	r0, r1
	bge	.LBB10_4
	b	.LBB10_2
.LBB10_2:                               @   in Loop: Header=BB10_1 Depth=1
.Ltmp418:
	.loc	2 322 15 is_stmt 1              @ ../../libraries/sdk/utilities/debug_console/fsl_debug_console.c:322:15
	ldr	r1, [sp, #32]
	.loc	2 322 24 is_stmt 0              @ ../../libraries/sdk/utilities/debug_console/fsl_debug_console.c:322:24
	ldrsb.w	r0, [sp, #23]
	.loc	2 322 15                        @ ../../libraries/sdk/utilities/debug_console/fsl_debug_console.c:322:15
	blx	r1
	.loc	2 323 11 is_stmt 1              @ ../../libraries/sdk/utilities/debug_console/fsl_debug_console.c:323:11
	ldr	r1, [sp, #8]
	.loc	2 323 17 is_stmt 0              @ ../../libraries/sdk/utilities/debug_console/fsl_debug_console.c:323:17
	ldr	r0, [r1]
	adds	r0, #1
	str	r0, [r1]
	.loc	2 324 5 is_stmt 1               @ ../../libraries/sdk/utilities/debug_console/fsl_debug_console.c:324:5
	b	.LBB10_3
.Ltmp419:
.LBB10_3:                               @   in Loop: Header=BB10_1 Depth=1
	.loc	2 320 34                        @ ../../libraries/sdk/utilities/debug_console/fsl_debug_console.c:320:34
	ldr	r0, [sp, #4]
	adds	r0, #1
	str	r0, [sp, #4]
	.loc	2 320 5 is_stmt 0               @ ../../libraries/sdk/utilities/debug_console/fsl_debug_console.c:320:5
	b	.LBB10_1
.Ltmp420:
.LBB10_4:
	.loc	2 325 1 is_stmt 1               @ ../../libraries/sdk/utilities/debug_console/fsl_debug_console.c:325:1
	add	sp, #24
	pop	{r7, pc}
.Ltmp421:
.Lfunc_end10:
	.size	DbgConsole_PrintfPaddingCharacter, .Lfunc_end10-DbgConsole_PrintfPaddingCharacter
	.cfi_endproc
	.cantunwind
	.fnend
                                        @ -- End function
	.section	.text.DbgConsole_ConvertFloatRadixNumToString,"ax",%progbits
	.p2align	3                               @ -- Begin function DbgConsole_ConvertFloatRadixNumToString
	.type	DbgConsole_ConvertFloatRadixNumToString,%function
	.code	16                              @ @DbgConsole_ConvertFloatRadixNumToString
	.thumb_func
DbgConsole_ConvertFloatRadixNumToString:
.Lfunc_begin11:
	.loc	2 500 0                         @ ../../libraries/sdk/utilities/debug_console/fsl_debug_console.c:500:0
	.fnstart
	.cfi_startproc
@ %bb.0:
	.save	{r7, lr}
	push	{r7, lr}
	.cfi_def_cfa_offset 8
	.cfi_offset lr, -4
	.cfi_offset r7, -8
	.pad	#112
	sub	sp, #112
	.cfi_def_cfa_offset 120
	str	r0, [sp, #104]
	str	r1, [sp, #100]
	str	r2, [sp, #96]
	str	r3, [sp, #92]
	movs	r0, #0
.Ltmp422:
	.loc	2 514 14 prologue_end           @ ../../libraries/sdk/utilities/debug_console/fsl_debug_console.c:514:14
	str	r0, [sp, #20]
	.loc	2 515 16                        @ ../../libraries/sdk/utilities/debug_console/fsl_debug_console.c:515:16
	ldr	r1, [sp, #104]
	.loc	2 515 14 is_stmt 0              @ ../../libraries/sdk/utilities/debug_console/fsl_debug_console.c:515:14
	str	r1, [sp, #16]
	.loc	2 516 11 is_stmt 1              @ ../../libraries/sdk/utilities/debug_console/fsl_debug_console.c:516:11
	ldr	r1, [sp, #16]
	adds	r2, r1, #1
	str	r2, [sp, #16]
	.loc	2 516 14 is_stmt 0              @ ../../libraries/sdk/utilities/debug_console/fsl_debug_console.c:516:14
	strb	r0, [r1]
	.loc	2 517 27 is_stmt 1              @ ../../libraries/sdk/utilities/debug_console/fsl_debug_console.c:517:27
	ldr	r0, [sp, #100]
	.loc	2 517 16 is_stmt 0              @ ../../libraries/sdk/utilities/debug_console/fsl_debug_console.c:517:16
	vldr	d0, [r0]
	.loc	2 517 14                        @ ../../libraries/sdk/utilities/debug_console/fsl_debug_console.c:517:14
	vstr	d0, [sp, #40]
.Ltmp423:
	.loc	2 518 16 is_stmt 1              @ ../../libraries/sdk/utilities/debug_console/fsl_debug_console.c:518:16
	vldr	d0, [sp, #40]
.Ltmp424:
	.loc	2 518 9 is_stmt 0               @ ../../libraries/sdk/utilities/debug_console/fsl_debug_console.c:518:9
	vcmp.f64	d0, #0
	vmrs	APSR_nzcv, fpscr
	bne	.LBB11_2
	b	.LBB11_1
.LBB11_1:
.Ltmp425:
	.loc	2 520 10 is_stmt 1              @ ../../libraries/sdk/utilities/debug_console/fsl_debug_console.c:520:10
	ldr	r1, [sp, #16]
	movs	r0, #48
	.loc	2 520 16 is_stmt 0              @ ../../libraries/sdk/utilities/debug_console/fsl_debug_console.c:520:16
	strb	r0, [r1]
	.loc	2 521 9 is_stmt 1               @ ../../libraries/sdk/utilities/debug_console/fsl_debug_console.c:521:9
	ldr	r0, [sp, #20]
	adds	r0, #1
	str	r0, [sp, #20]
	.loc	2 522 16                        @ ../../libraries/sdk/utilities/debug_console/fsl_debug_console.c:522:16
	ldr	r0, [sp, #20]
	.loc	2 522 9 is_stmt 0               @ ../../libraries/sdk/utilities/debug_console/fsl_debug_console.c:522:9
	str	r0, [sp, #108]
	b	.LBB11_30
.Ltmp426:
.LBB11_2:
	.loc	2 524 30 is_stmt 1              @ ../../libraries/sdk/utilities/debug_console/fsl_debug_console.c:524:30
	vldr	d0, [sp, #40]
	add	r0, sp, #24
	.loc	2 524 17 is_stmt 0              @ ../../libraries/sdk/utilities/debug_console/fsl_debug_console.c:524:17
	bl	__hardfp_modf
	.loc	2 524 15                        @ ../../libraries/sdk/utilities/debug_console/fsl_debug_console.c:524:15
	vstr	d0, [sp, #32]
	movs	r0, #0
.Ltmp427:
	.loc	2 526 12 is_stmt 1              @ ../../libraries/sdk/utilities/debug_console/fsl_debug_console.c:526:12
	str	r0, [sp, #76]
	.loc	2 526 10 is_stmt 0              @ ../../libraries/sdk/utilities/debug_console/fsl_debug_console.c:526:10
	b	.LBB11_3
.LBB11_3:                               @ =>This Inner Loop Header: Depth=1
.Ltmp428:
	.loc	2 526 17                        @ ../../libraries/sdk/utilities/debug_console/fsl_debug_console.c:526:17
	ldr	r0, [sp, #76]
	.loc	2 526 21                        @ ../../libraries/sdk/utilities/debug_console/fsl_debug_console.c:526:21
	ldr	r1, [sp, #92]
.Ltmp429:
	.loc	2 526 5                         @ ../../libraries/sdk/utilities/debug_console/fsl_debug_console.c:526:5
	cmp	r0, r1
	bhs	.LBB11_6
	b	.LBB11_4
.LBB11_4:                               @   in Loop: Header=BB11_3 Depth=1
.Ltmp430:
	.loc	2 528 22 is_stmt 1              @ ../../libraries/sdk/utilities/debug_console/fsl_debug_console.c:528:22
	vldr	s0, [sp, #96]
	vcvt.f64.s32	d1, s0
	.loc	2 528 19 is_stmt 0              @ ../../libraries/sdk/utilities/debug_console/fsl_debug_console.c:528:19
	vldr	d0, [sp, #32]
	vmul.f64	d0, d0, d1
	vstr	d0, [sp, #32]
	.loc	2 529 5 is_stmt 1               @ ../../libraries/sdk/utilities/debug_console/fsl_debug_console.c:529:5
	b	.LBB11_5
.Ltmp431:
.LBB11_5:                               @   in Loop: Header=BB11_3 Depth=1
	.loc	2 526 39                        @ ../../libraries/sdk/utilities/debug_console/fsl_debug_console.c:526:39
	ldr	r0, [sp, #76]
	adds	r0, #1
	str	r0, [sp, #76]
	.loc	2 526 5 is_stmt 0               @ ../../libraries/sdk/utilities/debug_console/fsl_debug_console.c:526:5
	b	.LBB11_3
.Ltmp432:
.LBB11_6:
	.loc	2 530 9 is_stmt 1               @ ../../libraries/sdk/utilities/debug_console/fsl_debug_console.c:530:9
	vldr	d0, [sp, #40]
.Ltmp433:
	.loc	2 530 9 is_stmt 0               @ ../../libraries/sdk/utilities/debug_console/fsl_debug_console.c:530:9
	vcmp.f64	d0, #0
	vmrs	APSR_nzcv, fpscr
	blt	.LBB11_10
	b	.LBB11_7
.LBB11_7:
.Ltmp434:
	.loc	2 532 14 is_stmt 1              @ ../../libraries/sdk/utilities/debug_console/fsl_debug_console.c:532:14
	vldr	d0, [sp, #32]
	vmov.f64	d1, #5.000000e-01
	.loc	2 532 24 is_stmt 0              @ ../../libraries/sdk/utilities/debug_console/fsl_debug_console.c:532:24
	vadd.f64	d0, d0, d1
	.loc	2 532 12                        @ ../../libraries/sdk/utilities/debug_console/fsl_debug_console.c:532:12
	vstr	d0, [sp, #64]
.Ltmp435:
	.loc	2 533 13 is_stmt 1              @ ../../libraries/sdk/utilities/debug_console/fsl_debug_console.c:533:13
	vldr	d0, [sp, #64]
	vstr	d0, [sp, #8]                    @ 8-byte Spill
	.loc	2 533 35 is_stmt 0              @ ../../libraries/sdk/utilities/debug_console/fsl_debug_console.c:533:35
	vldr	s0, [sp, #92]
	vcvt.f64.u32	d1, s0
	vmov.f64	d0, #1.000000e+01
	.loc	2 533 19                        @ ../../libraries/sdk/utilities/debug_console/fsl_debug_console.c:533:19
	bl	__hardfp_pow
	vmov.f64	d1, d0
.Ltmp436:
	.loc	2 533 13                        @ ../../libraries/sdk/utilities/debug_console/fsl_debug_console.c:533:13
	vldr	d0, [sp, #8]                    @ 8-byte Reload
	vcmp.f64	d0, d1
	vmrs	APSR_nzcv, fpscr
	blt	.LBB11_9
	b	.LBB11_8
.LBB11_8:
.Ltmp437:
	.loc	2 535 20 is_stmt 1              @ ../../libraries/sdk/utilities/debug_console/fsl_debug_console.c:535:20
	vldr	d0, [sp, #24]
	vmov.f64	d1, #1.000000e+00
	vadd.f64	d0, d0, d1
	vstr	d0, [sp, #24]
	.loc	2 536 9                         @ ../../libraries/sdk/utilities/debug_console/fsl_debug_console.c:536:9
	b	.LBB11_9
.Ltmp438:
.LBB11_9:
	.loc	2 537 5                         @ ../../libraries/sdk/utilities/debug_console/fsl_debug_console.c:537:5
	b	.LBB11_13
.Ltmp439:
.LBB11_10:
	.loc	2 540 14                        @ ../../libraries/sdk/utilities/debug_console/fsl_debug_console.c:540:14
	vldr	d0, [sp, #32]
	vmov.f64	d1, #-5.000000e-01
	.loc	2 540 24 is_stmt 0              @ ../../libraries/sdk/utilities/debug_console/fsl_debug_console.c:540:24
	vadd.f64	d0, d0, d1
	.loc	2 540 12                        @ ../../libraries/sdk/utilities/debug_console/fsl_debug_console.c:540:12
	vstr	d0, [sp, #64]
.Ltmp440:
	.loc	2 541 13 is_stmt 1              @ ../../libraries/sdk/utilities/debug_console/fsl_debug_console.c:541:13
	vldr	d0, [sp, #64]
	vstr	d0, [sp]                        @ 8-byte Spill
	.loc	2 541 36 is_stmt 0              @ ../../libraries/sdk/utilities/debug_console/fsl_debug_console.c:541:36
	vldr	s0, [sp, #92]
	vcvt.f64.u32	d1, s0
	vmov.f64	d0, #1.000000e+01
	.loc	2 541 20                        @ ../../libraries/sdk/utilities/debug_console/fsl_debug_console.c:541:20
	bl	__hardfp_pow
	vmov.f64	d1, d0
	.loc	2 541 19                        @ ../../libraries/sdk/utilities/debug_console/fsl_debug_console.c:541:19
	vldr	d0, [sp]                        @ 8-byte Reload
	vneg.f64	d1, d1
.Ltmp441:
	.loc	2 541 13                        @ ../../libraries/sdk/utilities/debug_console/fsl_debug_console.c:541:13
	vcmp.f64	d0, d1
	vmrs	APSR_nzcv, fpscr
	bgt	.LBB11_12
	b	.LBB11_11
.LBB11_11:
.Ltmp442:
	.loc	2 543 20 is_stmt 1              @ ../../libraries/sdk/utilities/debug_console/fsl_debug_console.c:543:20
	vldr	d0, [sp, #24]
	vmov.f64	d1, #-1.000000e+00
	vadd.f64	d0, d0, d1
	vstr	d0, [sp, #24]
	.loc	2 544 9                         @ ../../libraries/sdk/utilities/debug_console/fsl_debug_console.c:544:9
	b	.LBB11_12
.Ltmp443:
.LBB11_12:
	.loc	2 0 9 is_stmt 0                 @ ../../libraries/sdk/utilities/debug_console/fsl_debug_console.c:0:9
	b	.LBB11_13
.LBB11_13:
	movs	r0, #0
.Ltmp444:
	.loc	2 546 12 is_stmt 1              @ ../../libraries/sdk/utilities/debug_console/fsl_debug_console.c:546:12
	str	r0, [sp, #76]
	.loc	2 546 10 is_stmt 0              @ ../../libraries/sdk/utilities/debug_console/fsl_debug_console.c:546:10
	b	.LBB11_14
.LBB11_14:                              @ =>This Inner Loop Header: Depth=1
.Ltmp445:
	.loc	2 546 17                        @ ../../libraries/sdk/utilities/debug_console/fsl_debug_console.c:546:17
	ldr	r0, [sp, #76]
	.loc	2 546 21                        @ ../../libraries/sdk/utilities/debug_console/fsl_debug_console.c:546:21
	ldr	r1, [sp, #92]
.Ltmp446:
	.loc	2 546 5                         @ ../../libraries/sdk/utilities/debug_console/fsl_debug_console.c:546:5
	cmp	r0, r1
	bhs	.LBB11_20
	b	.LBB11_15
.LBB11_15:                              @   in Loop: Header=BB11_14 Depth=1
.Ltmp447:
	.loc	2 548 14 is_stmt 1              @ ../../libraries/sdk/utilities/debug_console/fsl_debug_console.c:548:14
	vldr	d0, [sp, #64]
	.loc	2 548 19 is_stmt 0              @ ../../libraries/sdk/utilities/debug_console/fsl_debug_console.c:548:19
	vldr	s2, [sp, #96]
	vcvt.f64.s32	d1, s2
	.loc	2 548 17                        @ ../../libraries/sdk/utilities/debug_console/fsl_debug_console.c:548:17
	vdiv.f64	d0, d0, d1
	.loc	2 548 12                        @ ../../libraries/sdk/utilities/debug_console/fsl_debug_console.c:548:12
	vstr	d0, [sp, #48]
	.loc	2 549 15 is_stmt 1              @ ../../libraries/sdk/utilities/debug_console/fsl_debug_console.c:549:15
	vldr	d0, [sp, #64]
	.loc	2 549 43 is_stmt 0              @ ../../libraries/sdk/utilities/debug_console/fsl_debug_console.c:549:43
	vldr	d1, [sp, #48]
	.loc	2 549 20                        @ ../../libraries/sdk/utilities/debug_console/fsl_debug_console.c:549:20
	vrintz.f64	d1, d1
	.loc	2 549 48                        @ ../../libraries/sdk/utilities/debug_console/fsl_debug_console.c:549:48
	vldr	s4, [sp, #96]
	vcvt.f64.s32	d2, s4
	.loc	2 549 18                        @ ../../libraries/sdk/utilities/debug_console/fsl_debug_console.c:549:18
	vfms.f64	d0, d1, d2
	.loc	2 549 12                        @ ../../libraries/sdk/utilities/debug_console/fsl_debug_console.c:549:12
	vstr	d0, [sp, #56]
	.loc	2 550 23 is_stmt 1              @ ../../libraries/sdk/utilities/debug_console/fsl_debug_console.c:550:23
	vldr	d0, [sp, #56]
	.loc	2 550 12 is_stmt 0              @ ../../libraries/sdk/utilities/debug_console/fsl_debug_console.c:550:12
	vcvt.s32.f64	s0, d0
	vstr	s0, [sp, #80]
.Ltmp448:
	.loc	2 551 13 is_stmt 1              @ ../../libraries/sdk/utilities/debug_console/fsl_debug_console.c:551:13
	ldr	r0, [sp, #80]
.Ltmp449:
	.loc	2 551 13 is_stmt 0              @ ../../libraries/sdk/utilities/debug_console/fsl_debug_console.c:551:13
	cmp.w	r0, #-1
	bgt	.LBB11_17
	b	.LBB11_16
.LBB11_16:                              @   in Loop: Header=BB11_14 Depth=1
.Ltmp450:
	.loc	2 553 32 is_stmt 1              @ ../../libraries/sdk/utilities/debug_console/fsl_debug_console.c:553:32
	ldr	r0, [sp, #80]
	.loc	2 553 30 is_stmt 0              @ ../../libraries/sdk/utilities/debug_console/fsl_debug_console.c:553:30
	rsb.w	r0, r0, #48
	.loc	2 553 15                        @ ../../libraries/sdk/utilities/debug_console/fsl_debug_console.c:553:15
	str	r0, [sp, #80]
	.loc	2 554 9 is_stmt 1               @ ../../libraries/sdk/utilities/debug_console/fsl_debug_console.c:554:9
	b	.LBB11_18
.Ltmp451:
.LBB11_17:                              @   in Loop: Header=BB11_14 Depth=1
	.loc	2 557 17                        @ ../../libraries/sdk/utilities/debug_console/fsl_debug_console.c:557:17
	ldr	r0, [sp, #80]
	.loc	2 557 19 is_stmt 0              @ ../../libraries/sdk/utilities/debug_console/fsl_debug_console.c:557:19
	adds	r0, #48
	.loc	2 557 15                        @ ../../libraries/sdk/utilities/debug_console/fsl_debug_console.c:557:15
	str	r0, [sp, #80]
	b	.LBB11_18
.Ltmp452:
.LBB11_18:                              @   in Loop: Header=BB11_14 Depth=1
	.loc	2 559 20 is_stmt 1              @ ../../libraries/sdk/utilities/debug_console/fsl_debug_console.c:559:20
	vldr	d0, [sp, #48]
	.loc	2 559 18 is_stmt 0              @ ../../libraries/sdk/utilities/debug_console/fsl_debug_console.c:559:18
	vstr	d0, [sp, #64]
	.loc	2 560 26 is_stmt 1              @ ../../libraries/sdk/utilities/debug_console/fsl_debug_console.c:560:26
	ldr	r0, [sp, #80]
	.loc	2 560 15 is_stmt 0              @ ../../libraries/sdk/utilities/debug_console/fsl_debug_console.c:560:15
	ldr	r1, [sp, #16]
	adds	r2, r1, #1
	str	r2, [sp, #16]
	.loc	2 560 18                        @ ../../libraries/sdk/utilities/debug_console/fsl_debug_console.c:560:18
	strb	r0, [r1]
	.loc	2 561 9 is_stmt 1               @ ../../libraries/sdk/utilities/debug_console/fsl_debug_console.c:561:9
	ldr	r0, [sp, #20]
	adds	r0, #1
	str	r0, [sp, #20]
	.loc	2 562 5                         @ ../../libraries/sdk/utilities/debug_console/fsl_debug_console.c:562:5
	b	.LBB11_19
.Ltmp453:
.LBB11_19:                              @   in Loop: Header=BB11_14 Depth=1
	.loc	2 546 39                        @ ../../libraries/sdk/utilities/debug_console/fsl_debug_console.c:546:39
	ldr	r0, [sp, #76]
	adds	r0, #1
	str	r0, [sp, #76]
	.loc	2 546 5 is_stmt 0               @ ../../libraries/sdk/utilities/debug_console/fsl_debug_console.c:546:5
	b	.LBB11_14
.Ltmp454:
.LBB11_20:
	.loc	2 563 11 is_stmt 1              @ ../../libraries/sdk/utilities/debug_console/fsl_debug_console.c:563:11
	ldr	r1, [sp, #16]
	adds	r0, r1, #1
	str	r0, [sp, #16]
	movs	r0, #46
	.loc	2 563 14 is_stmt 0              @ ../../libraries/sdk/utilities/debug_console/fsl_debug_console.c:563:14
	strb	r0, [r1]
	.loc	2 564 5 is_stmt 1               @ ../../libraries/sdk/utilities/debug_console/fsl_debug_console.c:564:5
	ldr	r0, [sp, #20]
	adds	r0, #1
	str	r0, [sp, #20]
	.loc	2 565 18                        @ ../../libraries/sdk/utilities/debug_console/fsl_debug_console.c:565:18
	vldr	d0, [sp, #24]
	.loc	2 565 7 is_stmt 0               @ ../../libraries/sdk/utilities/debug_console/fsl_debug_console.c:565:7
	vcvt.s32.f64	s0, d0
	vstr	s0, [sp, #88]
.Ltmp455:
	.loc	2 566 9 is_stmt 1               @ ../../libraries/sdk/utilities/debug_console/fsl_debug_console.c:566:9
	ldr	r0, [sp, #88]
.Ltmp456:
	.loc	2 566 9 is_stmt 0               @ ../../libraries/sdk/utilities/debug_console/fsl_debug_console.c:566:9
	cbnz	r0, .LBB11_22
	b	.LBB11_21
.LBB11_21:
.Ltmp457:
	.loc	2 568 15 is_stmt 1              @ ../../libraries/sdk/utilities/debug_console/fsl_debug_console.c:568:15
	ldr	r1, [sp, #16]
	adds	r0, r1, #1
	str	r0, [sp, #16]
	movs	r0, #48
	.loc	2 568 18 is_stmt 0              @ ../../libraries/sdk/utilities/debug_console/fsl_debug_console.c:568:18
	strb	r0, [r1]
	.loc	2 569 9 is_stmt 1               @ ../../libraries/sdk/utilities/debug_console/fsl_debug_console.c:569:9
	ldr	r0, [sp, #20]
	adds	r0, #1
	str	r0, [sp, #20]
	.loc	2 570 5                         @ ../../libraries/sdk/utilities/debug_console/fsl_debug_console.c:570:5
	b	.LBB11_29
.Ltmp458:
.LBB11_22:
	.loc	2 573 9                         @ ../../libraries/sdk/utilities/debug_console/fsl_debug_console.c:573:9
	b	.LBB11_23
.LBB11_23:                              @ =>This Inner Loop Header: Depth=1
	.loc	2 573 16 is_stmt 0              @ ../../libraries/sdk/utilities/debug_console/fsl_debug_console.c:573:16
	ldr	r0, [sp, #88]
	.loc	2 573 9                         @ ../../libraries/sdk/utilities/debug_console/fsl_debug_console.c:573:9
	cbz	r0, .LBB11_28
	b	.LBB11_24
.LBB11_24:                              @   in Loop: Header=BB11_23 Depth=1
.Ltmp459:
	.loc	2 575 26 is_stmt 1              @ ../../libraries/sdk/utilities/debug_console/fsl_debug_console.c:575:26
	ldr	r0, [sp, #88]
	.loc	2 575 39 is_stmt 0              @ ../../libraries/sdk/utilities/debug_console/fsl_debug_console.c:575:39
	ldr	r1, [sp, #96]
	.loc	2 575 28                        @ ../../libraries/sdk/utilities/debug_console/fsl_debug_console.c:575:28
	sdiv	r0, r0, r1
	.loc	2 575 15                        @ ../../libraries/sdk/utilities/debug_console/fsl_debug_console.c:575:15
	str	r0, [sp, #84]
	.loc	2 576 26 is_stmt 1              @ ../../libraries/sdk/utilities/debug_console/fsl_debug_console.c:576:26
	ldr	r2, [sp, #88]
	.loc	2 576 40 is_stmt 0              @ ../../libraries/sdk/utilities/debug_console/fsl_debug_console.c:576:40
	ldr	r0, [sp, #84]
	.loc	2 576 53                        @ ../../libraries/sdk/utilities/debug_console/fsl_debug_console.c:576:53
	ldr	r1, [sp, #96]
	.loc	2 576 28                        @ ../../libraries/sdk/utilities/debug_console/fsl_debug_console.c:576:28
	mls	r0, r0, r1, r2
	.loc	2 576 15                        @ ../../libraries/sdk/utilities/debug_console/fsl_debug_console.c:576:15
	str	r0, [sp, #80]
.Ltmp460:
	.loc	2 577 17 is_stmt 1              @ ../../libraries/sdk/utilities/debug_console/fsl_debug_console.c:577:17
	ldr	r0, [sp, #80]
.Ltmp461:
	.loc	2 577 17 is_stmt 0              @ ../../libraries/sdk/utilities/debug_console/fsl_debug_console.c:577:17
	cmp.w	r0, #-1
	bgt	.LBB11_26
	b	.LBB11_25
.LBB11_25:                              @   in Loop: Header=BB11_23 Depth=1
.Ltmp462:
	.loc	2 579 36 is_stmt 1              @ ../../libraries/sdk/utilities/debug_console/fsl_debug_console.c:579:36
	ldr	r0, [sp, #80]
	.loc	2 579 34 is_stmt 0              @ ../../libraries/sdk/utilities/debug_console/fsl_debug_console.c:579:34
	rsb.w	r0, r0, #48
	.loc	2 579 19                        @ ../../libraries/sdk/utilities/debug_console/fsl_debug_console.c:579:19
	str	r0, [sp, #80]
	.loc	2 580 13 is_stmt 1              @ ../../libraries/sdk/utilities/debug_console/fsl_debug_console.c:580:13
	b	.LBB11_27
.Ltmp463:
.LBB11_26:                              @   in Loop: Header=BB11_23 Depth=1
	.loc	2 583 21                        @ ../../libraries/sdk/utilities/debug_console/fsl_debug_console.c:583:21
	ldr	r0, [sp, #80]
	.loc	2 583 23 is_stmt 0              @ ../../libraries/sdk/utilities/debug_console/fsl_debug_console.c:583:23
	adds	r0, #48
	.loc	2 583 19                        @ ../../libraries/sdk/utilities/debug_console/fsl_debug_console.c:583:19
	str	r0, [sp, #80]
	b	.LBB11_27
.Ltmp464:
.LBB11_27:                              @   in Loop: Header=BB11_23 Depth=1
	.loc	2 585 24 is_stmt 1              @ ../../libraries/sdk/utilities/debug_console/fsl_debug_console.c:585:24
	ldr	r0, [sp, #84]
	.loc	2 585 22 is_stmt 0              @ ../../libraries/sdk/utilities/debug_console/fsl_debug_console.c:585:22
	str	r0, [sp, #88]
	.loc	2 586 30 is_stmt 1              @ ../../libraries/sdk/utilities/debug_console/fsl_debug_console.c:586:30
	ldr	r0, [sp, #80]
	.loc	2 586 19 is_stmt 0              @ ../../libraries/sdk/utilities/debug_console/fsl_debug_console.c:586:19
	ldr	r1, [sp, #16]
	adds	r2, r1, #1
	str	r2, [sp, #16]
	.loc	2 586 22                        @ ../../libraries/sdk/utilities/debug_console/fsl_debug_console.c:586:22
	strb	r0, [r1]
	.loc	2 587 13 is_stmt 1              @ ../../libraries/sdk/utilities/debug_console/fsl_debug_console.c:587:13
	ldr	r0, [sp, #20]
	adds	r0, #1
	str	r0, [sp, #20]
.Ltmp465:
	.loc	2 573 9                         @ ../../libraries/sdk/utilities/debug_console/fsl_debug_console.c:573:9
	b	.LBB11_23
.Ltmp466:
.LBB11_28:
	.loc	2 0 9 is_stmt 0                 @ ../../libraries/sdk/utilities/debug_console/fsl_debug_console.c:0:9
	b	.LBB11_29
.LBB11_29:
	.loc	2 590 12 is_stmt 1              @ ../../libraries/sdk/utilities/debug_console/fsl_debug_console.c:590:12
	ldr	r0, [sp, #20]
	.loc	2 590 5 is_stmt 0               @ ../../libraries/sdk/utilities/debug_console/fsl_debug_console.c:590:5
	str	r0, [sp, #108]
	b	.LBB11_30
.LBB11_30:
	.loc	2 591 1 is_stmt 1               @ ../../libraries/sdk/utilities/debug_console/fsl_debug_console.c:591:1
	ldr	r0, [sp, #108]
	add	sp, #112
	pop	{r7, pc}
.Ltmp467:
.Lfunc_end11:
	.size	DbgConsole_ConvertFloatRadixNumToString, .Lfunc_end11-DbgConsole_ConvertFloatRadixNumToString
	.cfi_endproc
	.cantunwind
	.fnend
                                        @ -- End function
	.section	.text.DbgConsole_ScanIgnoreWhiteSpace,"ax",%progbits
	.p2align	3                               @ -- Begin function DbgConsole_ScanIgnoreWhiteSpace
	.type	DbgConsole_ScanIgnoreWhiteSpace,%function
	.code	16                              @ @DbgConsole_ScanIgnoreWhiteSpace
	.thumb_func
DbgConsole_ScanIgnoreWhiteSpace:
.Lfunc_begin12:
	.loc	2 292 0                         @ ../../libraries/sdk/utilities/debug_console/fsl_debug_console.c:292:0
	.fnstart
	.cfi_startproc
@ %bb.0:
	.pad	#12
	sub	sp, #12
	.cfi_def_cfa_offset 12
	str	r0, [sp, #8]
	movs	r0, #0
.Ltmp468:
	.loc	2 293 13 prologue_end           @ ../../libraries/sdk/utilities/debug_console/fsl_debug_console.c:293:13
	strb.w	r0, [sp, #7]
	.loc	2 296 11                        @ ../../libraries/sdk/utilities/debug_console/fsl_debug_console.c:296:11
	ldr	r0, [sp, #8]
	.loc	2 296 10 is_stmt 0              @ ../../libraries/sdk/utilities/debug_console/fsl_debug_console.c:296:10
	ldr	r0, [r0]
	.loc	2 296 9                         @ ../../libraries/sdk/utilities/debug_console/fsl_debug_console.c:296:9
	ldrb	r0, [r0]
	.loc	2 296 7                         @ ../../libraries/sdk/utilities/debug_console/fsl_debug_console.c:296:7
	strb.w	r0, [sp, #6]
	.loc	2 297 5 is_stmt 1               @ ../../libraries/sdk/utilities/debug_console/fsl_debug_console.c:297:5
	b	.LBB12_1
.LBB12_1:                               @ =>This Inner Loop Header: Depth=1
	.loc	2 297 13 is_stmt 0              @ ../../libraries/sdk/utilities/debug_console/fsl_debug_console.c:297:13
	ldrsb.w	r1, [sp, #6]
	movs	r0, #1
	.loc	2 297 23                        @ ../../libraries/sdk/utilities/debug_console/fsl_debug_console.c:297:23
	cmp	r1, #32
	str	r0, [sp]                        @ 4-byte Spill
	beq	.LBB12_7
	b	.LBB12_2
.LBB12_2:                               @   in Loop: Header=BB12_1 Depth=1
	.loc	2 297 27                        @ ../../libraries/sdk/utilities/debug_console/fsl_debug_console.c:297:27
	ldrsb.w	r1, [sp, #6]
	movs	r0, #1
	.loc	2 297 38                        @ ../../libraries/sdk/utilities/debug_console/fsl_debug_console.c:297:38
	cmp	r1, #9
	str	r0, [sp]                        @ 4-byte Spill
	beq	.LBB12_7
	b	.LBB12_3
.LBB12_3:                               @   in Loop: Header=BB12_1 Depth=1
	.loc	2 297 42                        @ ../../libraries/sdk/utilities/debug_console/fsl_debug_console.c:297:42
	ldrsb.w	r1, [sp, #6]
	movs	r0, #1
	.loc	2 297 53                        @ ../../libraries/sdk/utilities/debug_console/fsl_debug_console.c:297:53
	cmp	r1, #10
	str	r0, [sp]                        @ 4-byte Spill
	beq	.LBB12_7
	b	.LBB12_4
.LBB12_4:                               @   in Loop: Header=BB12_1 Depth=1
	.loc	2 297 57                        @ ../../libraries/sdk/utilities/debug_console/fsl_debug_console.c:297:57
	ldrsb.w	r1, [sp, #6]
	movs	r0, #1
	.loc	2 297 68                        @ ../../libraries/sdk/utilities/debug_console/fsl_debug_console.c:297:68
	cmp	r1, #13
	str	r0, [sp]                        @ 4-byte Spill
	beq	.LBB12_7
	b	.LBB12_5
.LBB12_5:                               @   in Loop: Header=BB12_1 Depth=1
	.loc	2 297 72                        @ ../../libraries/sdk/utilities/debug_console/fsl_debug_console.c:297:72
	ldrsb.w	r1, [sp, #6]
	movs	r0, #1
	.loc	2 297 83                        @ ../../libraries/sdk/utilities/debug_console/fsl_debug_console.c:297:83
	cmp	r1, #11
	str	r0, [sp]                        @ 4-byte Spill
	beq	.LBB12_7
	b	.LBB12_6
.LBB12_6:                               @   in Loop: Header=BB12_1 Depth=1
	.loc	2 297 87                        @ ../../libraries/sdk/utilities/debug_console/fsl_debug_console.c:297:87
	ldrsb.w	r0, [sp, #6]
	.loc	2 297 89                        @ ../../libraries/sdk/utilities/debug_console/fsl_debug_console.c:297:89
	subs	r0, #12
	clz	r0, r0
	lsrs	r0, r0, #5
	.loc	2 297 83                        @ ../../libraries/sdk/utilities/debug_console/fsl_debug_console.c:297:83
	str	r0, [sp]                        @ 4-byte Spill
	b	.LBB12_7
.LBB12_7:                               @   in Loop: Header=BB12_1 Depth=1
	.loc	2 0 83                          @ ../../libraries/sdk/utilities/debug_console/fsl_debug_console.c:0:83
	ldr	r0, [sp]                        @ 4-byte Reload
	.loc	2 297 5                         @ ../../libraries/sdk/utilities/debug_console/fsl_debug_console.c:297:5
	lsls	r0, r0, #31
	cbz	r0, .LBB12_9
	b	.LBB12_8
.LBB12_8:                               @   in Loop: Header=BB12_1 Depth=1
.Ltmp469:
	.loc	2 299 14 is_stmt 1              @ ../../libraries/sdk/utilities/debug_console/fsl_debug_console.c:299:14
	ldrb.w	r0, [sp, #7]
	adds	r0, #1
	strb.w	r0, [sp, #7]
	.loc	2 300 11                        @ ../../libraries/sdk/utilities/debug_console/fsl_debug_console.c:300:11
	ldr	r1, [sp, #8]
	.loc	2 300 13 is_stmt 0              @ ../../libraries/sdk/utilities/debug_console/fsl_debug_console.c:300:13
	ldr	r0, [r1]
	adds	r0, #1
	str	r0, [r1]
	.loc	2 301 15 is_stmt 1              @ ../../libraries/sdk/utilities/debug_console/fsl_debug_console.c:301:15
	ldr	r0, [sp, #8]
	.loc	2 301 14 is_stmt 0              @ ../../libraries/sdk/utilities/debug_console/fsl_debug_console.c:301:14
	ldr	r0, [r0]
	.loc	2 301 13                        @ ../../libraries/sdk/utilities/debug_console/fsl_debug_console.c:301:13
	ldrb	r0, [r0]
	.loc	2 301 11                        @ ../../libraries/sdk/utilities/debug_console/fsl_debug_console.c:301:11
	strb.w	r0, [sp, #6]
.Ltmp470:
	.loc	2 297 5 is_stmt 1               @ ../../libraries/sdk/utilities/debug_console/fsl_debug_console.c:297:5
	b	.LBB12_1
.LBB12_9:
	.loc	2 303 12                        @ ../../libraries/sdk/utilities/debug_console/fsl_debug_console.c:303:12
	ldrb.w	r0, [sp, #7]
	.loc	2 303 5 is_stmt 0               @ ../../libraries/sdk/utilities/debug_console/fsl_debug_console.c:303:5
	add	sp, #12
	bx	lr
.Ltmp471:
.Lfunc_end12:
	.size	DbgConsole_ScanIgnoreWhiteSpace, .Lfunc_end12-DbgConsole_ScanIgnoreWhiteSpace
	.cfi_endproc
	.cantunwind
	.fnend
                                        @ -- End function
	.type	s_debugConsole,%object          @ @s_debugConsole
	.section	.bss.s_debugConsole,"aw",%nobits
	.p2align	2, 0x0
s_debugConsole:
	.zero	20
	.size	s_debugConsole, 20

	.file	7 "E:\\FILE_SMART_CAR\\\346\231\272\350\203\275\350\247\206\350\247\211\\RT1064_Library-master\\RT1064_Library-master\\SeekFree_RT1064_Opensource_Library\\project\\mdk" "../../libraries/sdk/utilities/debug_console\\fsl_debug_console.c"
	.file	8 "D:\\KEIL\\ARM\\ARMCLANG\\Bin\\..\\include" "stdarg.h"
	.section	.debug_abbrev,"",%progbits
	.byte	1                               @ Abbreviation Code
	.byte	17                              @ DW_TAG_compile_unit
	.byte	1                               @ DW_CHILDREN_yes
	.byte	37                              @ DW_AT_producer
	.byte	14                              @ DW_FORM_strp
	.byte	19                              @ DW_AT_language
	.byte	5                               @ DW_FORM_data2
	.byte	3                               @ DW_AT_name
	.byte	14                              @ DW_FORM_strp
	.byte	16                              @ DW_AT_stmt_list
	.byte	23                              @ DW_FORM_sec_offset
	.byte	27                              @ DW_AT_comp_dir
	.byte	14                              @ DW_FORM_strp
	.byte	17                              @ DW_AT_low_pc
	.byte	1                               @ DW_FORM_addr
	.byte	85                              @ DW_AT_ranges
	.byte	23                              @ DW_FORM_sec_offset
	.byte	0                               @ EOM(1)
	.byte	0                               @ EOM(2)
	.byte	2                               @ Abbreviation Code
	.byte	52                              @ DW_TAG_variable
	.byte	0                               @ DW_CHILDREN_no
	.byte	3                               @ DW_AT_name
	.byte	14                              @ DW_FORM_strp
	.byte	73                              @ DW_AT_type
	.byte	19                              @ DW_FORM_ref4
	.byte	58                              @ DW_AT_decl_file
	.byte	11                              @ DW_FORM_data1
	.byte	59                              @ DW_AT_decl_line
	.byte	11                              @ DW_FORM_data1
	.byte	2                               @ DW_AT_location
	.byte	24                              @ DW_FORM_exprloc
	.byte	0                               @ EOM(1)
	.byte	0                               @ EOM(2)
	.byte	3                               @ Abbreviation Code
	.byte	22                              @ DW_TAG_typedef
	.byte	0                               @ DW_CHILDREN_no
	.byte	73                              @ DW_AT_type
	.byte	19                              @ DW_FORM_ref4
	.byte	3                               @ DW_AT_name
	.byte	14                              @ DW_FORM_strp
	.byte	58                              @ DW_AT_decl_file
	.byte	11                              @ DW_FORM_data1
	.byte	59                              @ DW_AT_decl_line
	.byte	11                              @ DW_FORM_data1
	.byte	0                               @ EOM(1)
	.byte	0                               @ EOM(2)
	.byte	4                               @ Abbreviation Code
	.byte	19                              @ DW_TAG_structure_type
	.byte	1                               @ DW_CHILDREN_yes
	.byte	3                               @ DW_AT_name
	.byte	14                              @ DW_FORM_strp
	.byte	11                              @ DW_AT_byte_size
	.byte	11                              @ DW_FORM_data1
	.byte	58                              @ DW_AT_decl_file
	.byte	11                              @ DW_FORM_data1
	.byte	59                              @ DW_AT_decl_line
	.byte	11                              @ DW_FORM_data1
	.byte	0                               @ EOM(1)
	.byte	0                               @ EOM(2)
	.byte	5                               @ Abbreviation Code
	.byte	13                              @ DW_TAG_member
	.byte	0                               @ DW_CHILDREN_no
	.byte	3                               @ DW_AT_name
	.byte	14                              @ DW_FORM_strp
	.byte	73                              @ DW_AT_type
	.byte	19                              @ DW_FORM_ref4
	.byte	58                              @ DW_AT_decl_file
	.byte	11                              @ DW_FORM_data1
	.byte	59                              @ DW_AT_decl_line
	.byte	11                              @ DW_FORM_data1
	.byte	56                              @ DW_AT_data_member_location
	.byte	11                              @ DW_FORM_data1
	.byte	0                               @ EOM(1)
	.byte	0                               @ EOM(2)
	.byte	6                               @ Abbreviation Code
	.byte	1                               @ DW_TAG_array_type
	.byte	1                               @ DW_CHILDREN_yes
	.byte	73                              @ DW_AT_type
	.byte	19                              @ DW_FORM_ref4
	.byte	0                               @ EOM(1)
	.byte	0                               @ EOM(2)
	.byte	7                               @ Abbreviation Code
	.byte	33                              @ DW_TAG_subrange_type
	.byte	0                               @ DW_CHILDREN_no
	.byte	73                              @ DW_AT_type
	.byte	19                              @ DW_FORM_ref4
	.byte	55                              @ DW_AT_count
	.byte	11                              @ DW_FORM_data1
	.byte	0                               @ EOM(1)
	.byte	0                               @ EOM(2)
	.byte	8                               @ Abbreviation Code
	.byte	36                              @ DW_TAG_base_type
	.byte	0                               @ DW_CHILDREN_no
	.byte	3                               @ DW_AT_name
	.byte	14                              @ DW_FORM_strp
	.byte	62                              @ DW_AT_encoding
	.byte	11                              @ DW_FORM_data1
	.byte	11                              @ DW_AT_byte_size
	.byte	11                              @ DW_FORM_data1
	.byte	0                               @ EOM(1)
	.byte	0                               @ EOM(2)
	.byte	9                               @ Abbreviation Code
	.byte	36                              @ DW_TAG_base_type
	.byte	0                               @ DW_CHILDREN_no
	.byte	3                               @ DW_AT_name
	.byte	14                              @ DW_FORM_strp
	.byte	11                              @ DW_AT_byte_size
	.byte	11                              @ DW_FORM_data1
	.byte	62                              @ DW_AT_encoding
	.byte	11                              @ DW_FORM_data1
	.byte	0                               @ EOM(1)
	.byte	0                               @ EOM(2)
	.byte	10                              @ Abbreviation Code
	.byte	15                              @ DW_TAG_pointer_type
	.byte	0                               @ DW_CHILDREN_no
	.byte	73                              @ DW_AT_type
	.byte	19                              @ DW_FORM_ref4
	.byte	0                               @ EOM(1)
	.byte	0                               @ EOM(2)
	.byte	11                              @ Abbreviation Code
	.byte	21                              @ DW_TAG_subroutine_type
	.byte	1                               @ DW_CHILDREN_yes
	.byte	73                              @ DW_AT_type
	.byte	19                              @ DW_FORM_ref4
	.byte	39                              @ DW_AT_prototyped
	.byte	25                              @ DW_FORM_flag_present
	.byte	0                               @ EOM(1)
	.byte	0                               @ EOM(2)
	.byte	12                              @ Abbreviation Code
	.byte	5                               @ DW_TAG_formal_parameter
	.byte	0                               @ DW_CHILDREN_no
	.byte	73                              @ DW_AT_type
	.byte	19                              @ DW_FORM_ref4
	.byte	0                               @ EOM(1)
	.byte	0                               @ EOM(2)
	.byte	13                              @ Abbreviation Code
	.byte	4                               @ DW_TAG_enumeration_type
	.byte	1                               @ DW_CHILDREN_yes
	.byte	73                              @ DW_AT_type
	.byte	19                              @ DW_FORM_ref4
	.byte	3                               @ DW_AT_name
	.byte	14                              @ DW_FORM_strp
	.byte	11                              @ DW_AT_byte_size
	.byte	11                              @ DW_FORM_data1
	.byte	58                              @ DW_AT_decl_file
	.byte	11                              @ DW_FORM_data1
	.byte	59                              @ DW_AT_decl_line
	.byte	11                              @ DW_FORM_data1
	.byte	0                               @ EOM(1)
	.byte	0                               @ EOM(2)
	.byte	14                              @ Abbreviation Code
	.byte	40                              @ DW_TAG_enumerator
	.byte	0                               @ DW_CHILDREN_no
	.byte	3                               @ DW_AT_name
	.byte	14                              @ DW_FORM_strp
	.byte	28                              @ DW_AT_const_value
	.byte	15                              @ DW_FORM_udata
	.byte	0                               @ EOM(1)
	.byte	0                               @ EOM(2)
	.byte	15                              @ Abbreviation Code
	.byte	15                              @ DW_TAG_pointer_type
	.byte	0                               @ DW_CHILDREN_no
	.byte	0                               @ EOM(1)
	.byte	0                               @ EOM(2)
	.byte	16                              @ Abbreviation Code
	.byte	38                              @ DW_TAG_const_type
	.byte	0                               @ DW_CHILDREN_no
	.byte	73                              @ DW_AT_type
	.byte	19                              @ DW_FORM_ref4
	.byte	0                               @ EOM(1)
	.byte	0                               @ EOM(2)
	.byte	17                              @ Abbreviation Code
	.byte	4                               @ DW_TAG_enumeration_type
	.byte	1                               @ DW_CHILDREN_yes
	.byte	73                              @ DW_AT_type
	.byte	19                              @ DW_FORM_ref4
	.byte	11                              @ DW_AT_byte_size
	.byte	11                              @ DW_FORM_data1
	.byte	58                              @ DW_AT_decl_file
	.byte	11                              @ DW_FORM_data1
	.byte	59                              @ DW_AT_decl_line
	.byte	11                              @ DW_FORM_data1
	.byte	0                               @ EOM(1)
	.byte	0                               @ EOM(2)
	.byte	18                              @ Abbreviation Code
	.byte	46                              @ DW_TAG_subprogram
	.byte	1                               @ DW_CHILDREN_yes
	.byte	17                              @ DW_AT_low_pc
	.byte	1                               @ DW_FORM_addr
	.byte	18                              @ DW_AT_high_pc
	.byte	6                               @ DW_FORM_data4
	.byte	64                              @ DW_AT_frame_base
	.byte	24                              @ DW_FORM_exprloc
	.byte	3                               @ DW_AT_name
	.byte	14                              @ DW_FORM_strp
	.byte	58                              @ DW_AT_decl_file
	.byte	11                              @ DW_FORM_data1
	.byte	59                              @ DW_AT_decl_line
	.byte	11                              @ DW_FORM_data1
	.byte	39                              @ DW_AT_prototyped
	.byte	25                              @ DW_FORM_flag_present
	.byte	73                              @ DW_AT_type
	.byte	19                              @ DW_FORM_ref4
	.byte	63                              @ DW_AT_external
	.byte	25                              @ DW_FORM_flag_present
	.byte	0                               @ EOM(1)
	.byte	0                               @ EOM(2)
	.byte	19                              @ Abbreviation Code
	.byte	5                               @ DW_TAG_formal_parameter
	.byte	0                               @ DW_CHILDREN_no
	.byte	2                               @ DW_AT_location
	.byte	24                              @ DW_FORM_exprloc
	.byte	3                               @ DW_AT_name
	.byte	14                              @ DW_FORM_strp
	.byte	58                              @ DW_AT_decl_file
	.byte	11                              @ DW_FORM_data1
	.byte	59                              @ DW_AT_decl_line
	.byte	11                              @ DW_FORM_data1
	.byte	73                              @ DW_AT_type
	.byte	19                              @ DW_FORM_ref4
	.byte	0                               @ EOM(1)
	.byte	0                               @ EOM(2)
	.byte	20                              @ Abbreviation Code
	.byte	52                              @ DW_TAG_variable
	.byte	0                               @ DW_CHILDREN_no
	.byte	2                               @ DW_AT_location
	.byte	24                              @ DW_FORM_exprloc
	.byte	3                               @ DW_AT_name
	.byte	14                              @ DW_FORM_strp
	.byte	58                              @ DW_AT_decl_file
	.byte	11                              @ DW_FORM_data1
	.byte	59                              @ DW_AT_decl_line
	.byte	11                              @ DW_FORM_data1
	.byte	73                              @ DW_AT_type
	.byte	19                              @ DW_FORM_ref4
	.byte	0                               @ EOM(1)
	.byte	0                               @ EOM(2)
	.byte	21                              @ Abbreviation Code
	.byte	46                              @ DW_TAG_subprogram
	.byte	0                               @ DW_CHILDREN_no
	.byte	17                              @ DW_AT_low_pc
	.byte	1                               @ DW_FORM_addr
	.byte	18                              @ DW_AT_high_pc
	.byte	6                               @ DW_FORM_data4
	.byte	64                              @ DW_AT_frame_base
	.byte	24                              @ DW_FORM_exprloc
	.byte	3                               @ DW_AT_name
	.byte	14                              @ DW_FORM_strp
	.byte	58                              @ DW_AT_decl_file
	.byte	11                              @ DW_FORM_data1
	.byte	59                              @ DW_AT_decl_line
	.byte	11                              @ DW_FORM_data1
	.byte	39                              @ DW_AT_prototyped
	.byte	25                              @ DW_FORM_flag_present
	.byte	73                              @ DW_AT_type
	.byte	19                              @ DW_FORM_ref4
	.byte	63                              @ DW_AT_external
	.byte	25                              @ DW_FORM_flag_present
	.byte	0                               @ EOM(1)
	.byte	0                               @ EOM(2)
	.byte	22                              @ Abbreviation Code
	.byte	24                              @ DW_TAG_unspecified_parameters
	.byte	0                               @ DW_CHILDREN_no
	.byte	0                               @ EOM(1)
	.byte	0                               @ EOM(2)
	.byte	23                              @ Abbreviation Code
	.byte	46                              @ DW_TAG_subprogram
	.byte	1                               @ DW_CHILDREN_yes
	.byte	17                              @ DW_AT_low_pc
	.byte	1                               @ DW_FORM_addr
	.byte	18                              @ DW_AT_high_pc
	.byte	6                               @ DW_FORM_data4
	.byte	64                              @ DW_AT_frame_base
	.byte	24                              @ DW_FORM_exprloc
	.byte	3                               @ DW_AT_name
	.byte	14                              @ DW_FORM_strp
	.byte	58                              @ DW_AT_decl_file
	.byte	11                              @ DW_FORM_data1
	.byte	59                              @ DW_AT_decl_line
	.byte	5                               @ DW_FORM_data2
	.byte	39                              @ DW_AT_prototyped
	.byte	25                              @ DW_FORM_flag_present
	.byte	73                              @ DW_AT_type
	.byte	19                              @ DW_FORM_ref4
	.byte	0                               @ EOM(1)
	.byte	0                               @ EOM(2)
	.byte	24                              @ Abbreviation Code
	.byte	5                               @ DW_TAG_formal_parameter
	.byte	0                               @ DW_CHILDREN_no
	.byte	2                               @ DW_AT_location
	.byte	24                              @ DW_FORM_exprloc
	.byte	3                               @ DW_AT_name
	.byte	14                              @ DW_FORM_strp
	.byte	58                              @ DW_AT_decl_file
	.byte	11                              @ DW_FORM_data1
	.byte	59                              @ DW_AT_decl_line
	.byte	5                               @ DW_FORM_data2
	.byte	73                              @ DW_AT_type
	.byte	19                              @ DW_FORM_ref4
	.byte	0                               @ EOM(1)
	.byte	0                               @ EOM(2)
	.byte	25                              @ Abbreviation Code
	.byte	52                              @ DW_TAG_variable
	.byte	0                               @ DW_CHILDREN_no
	.byte	2                               @ DW_AT_location
	.byte	24                              @ DW_FORM_exprloc
	.byte	3                               @ DW_AT_name
	.byte	14                              @ DW_FORM_strp
	.byte	58                              @ DW_AT_decl_file
	.byte	11                              @ DW_FORM_data1
	.byte	59                              @ DW_AT_decl_line
	.byte	5                               @ DW_FORM_data2
	.byte	73                              @ DW_AT_type
	.byte	19                              @ DW_FORM_ref4
	.byte	0                               @ EOM(1)
	.byte	0                               @ EOM(2)
	.byte	26                              @ Abbreviation Code
	.byte	11                              @ DW_TAG_lexical_block
	.byte	1                               @ DW_CHILDREN_yes
	.byte	17                              @ DW_AT_low_pc
	.byte	1                               @ DW_FORM_addr
	.byte	18                              @ DW_AT_high_pc
	.byte	6                               @ DW_FORM_data4
	.byte	0                               @ EOM(1)
	.byte	0                               @ EOM(2)
	.byte	27                              @ Abbreviation Code
	.byte	46                              @ DW_TAG_subprogram
	.byte	1                               @ DW_CHILDREN_yes
	.byte	17                              @ DW_AT_low_pc
	.byte	1                               @ DW_FORM_addr
	.byte	18                              @ DW_AT_high_pc
	.byte	6                               @ DW_FORM_data4
	.byte	64                              @ DW_AT_frame_base
	.byte	24                              @ DW_FORM_exprloc
	.byte	3                               @ DW_AT_name
	.byte	14                              @ DW_FORM_strp
	.byte	58                              @ DW_AT_decl_file
	.byte	11                              @ DW_FORM_data1
	.byte	59                              @ DW_AT_decl_line
	.byte	5                               @ DW_FORM_data2
	.byte	39                              @ DW_AT_prototyped
	.byte	25                              @ DW_FORM_flag_present
	.byte	73                              @ DW_AT_type
	.byte	19                              @ DW_FORM_ref4
	.byte	63                              @ DW_AT_external
	.byte	25                              @ DW_FORM_flag_present
	.byte	0                               @ EOM(1)
	.byte	0                               @ EOM(2)
	.byte	28                              @ Abbreviation Code
	.byte	46                              @ DW_TAG_subprogram
	.byte	1                               @ DW_CHILDREN_yes
	.byte	17                              @ DW_AT_low_pc
	.byte	1                               @ DW_FORM_addr
	.byte	18                              @ DW_AT_high_pc
	.byte	6                               @ DW_FORM_data4
	.byte	64                              @ DW_AT_frame_base
	.byte	24                              @ DW_FORM_exprloc
	.byte	3                               @ DW_AT_name
	.byte	14                              @ DW_FORM_strp
	.byte	58                              @ DW_AT_decl_file
	.byte	11                              @ DW_FORM_data1
	.byte	59                              @ DW_AT_decl_line
	.byte	5                               @ DW_FORM_data2
	.byte	39                              @ DW_AT_prototyped
	.byte	25                              @ DW_FORM_flag_present
	.byte	0                               @ EOM(1)
	.byte	0                               @ EOM(2)
	.byte	29                              @ Abbreviation Code
	.byte	22                              @ DW_TAG_typedef
	.byte	0                               @ DW_CHILDREN_no
	.byte	73                              @ DW_AT_type
	.byte	19                              @ DW_FORM_ref4
	.byte	3                               @ DW_AT_name
	.byte	14                              @ DW_FORM_strp
	.byte	0                               @ EOM(1)
	.byte	0                               @ EOM(2)
	.byte	30                              @ Abbreviation Code
	.byte	19                              @ DW_TAG_structure_type
	.byte	1                               @ DW_CHILDREN_yes
	.byte	3                               @ DW_AT_name
	.byte	14                              @ DW_FORM_strp
	.byte	11                              @ DW_AT_byte_size
	.byte	11                              @ DW_FORM_data1
	.byte	0                               @ EOM(1)
	.byte	0                               @ EOM(2)
	.byte	0                               @ EOM(3)
	.section	.debug_info,"",%progbits
.Lcu_begin0:
	.long	.Ldebug_info_end0-.Ldebug_info_start0 @ Length of Unit
.Ldebug_info_start0:
	.short	4                               @ DWARF version number
	.long	.debug_abbrev                   @ Offset Into Abbrev. Section
	.byte	4                               @ Address Size (in bytes)
	.byte	1                               @ Abbrev [1] 0xb:0xb5e DW_TAG_compile_unit
	.long	.Linfo_string0                  @ DW_AT_producer
	.short	12                              @ DW_AT_language
	.long	.Linfo_string1                  @ DW_AT_name
	.long	.Lline_table_start0             @ DW_AT_stmt_list
	.long	.Linfo_string2                  @ DW_AT_comp_dir
	.long	0                               @ DW_AT_low_pc
	.long	.Ldebug_ranges0                 @ DW_AT_ranges
	.byte	2                               @ Abbrev [2] 0x26:0x11 DW_TAG_variable
	.long	.Linfo_string3                  @ DW_AT_name
	.long	55                              @ DW_AT_type
	.byte	2                               @ DW_AT_decl_file
	.byte	96                              @ DW_AT_decl_line
	.byte	5                               @ DW_AT_location
	.byte	3
	.long	s_debugConsole
	.byte	3                               @ Abbrev [3] 0x37:0xb DW_TAG_typedef
	.long	66                              @ DW_AT_type
	.long	.Linfo_string37                 @ DW_AT_name
	.byte	2                               @ DW_AT_decl_file
	.byte	47                              @ DW_AT_decl_line
	.byte	4                               @ Abbrev [4] 0x42:0x39 DW_TAG_structure_type
	.long	.Linfo_string36                 @ DW_AT_name
	.byte	20                              @ DW_AT_byte_size
	.byte	2                               @ DW_AT_decl_file
	.byte	37                              @ DW_AT_decl_line
	.byte	5                               @ Abbrev [5] 0x4a:0xc DW_TAG_member
	.long	.Linfo_string4                  @ DW_AT_name
	.long	123                             @ DW_AT_type
	.byte	2                               @ DW_AT_decl_file
	.byte	39                              @ DW_AT_decl_line
	.byte	0                               @ DW_AT_data_member_location
	.byte	5                               @ Abbrev [5] 0x56:0xc DW_TAG_member
	.long	.Linfo_string8                  @ DW_AT_name
	.long	160                             @ DW_AT_type
	.byte	2                               @ DW_AT_decl_file
	.byte	40                              @ DW_AT_decl_line
	.byte	8                               @ DW_AT_data_member_location
	.byte	5                               @ Abbrev [5] 0x62:0xc DW_TAG_member
	.long	.Linfo_string23                 @ DW_AT_name
	.long	312                             @ DW_AT_type
	.byte	2                               @ DW_AT_decl_file
	.byte	43                              @ DW_AT_decl_line
	.byte	12                              @ DW_AT_data_member_location
	.byte	5                               @ Abbrev [5] 0x6e:0xc DW_TAG_member
	.long	.Linfo_string24                 @ DW_AT_name
	.long	343                             @ DW_AT_type
	.byte	2                               @ DW_AT_decl_file
	.byte	46                              @ DW_AT_decl_line
	.byte	16                              @ DW_AT_data_member_location
	.byte	0                               @ End Of Children Mark
	.byte	6                               @ Abbrev [6] 0x7b:0xc DW_TAG_array_type
	.long	135                             @ DW_AT_type
	.byte	7                               @ Abbrev [7] 0x80:0x6 DW_TAG_subrange_type
	.long	153                             @ DW_AT_type
	.byte	8                               @ DW_AT_count
	.byte	0                               @ End Of Children Mark
	.byte	3                               @ Abbrev [3] 0x87:0xb DW_TAG_typedef
	.long	146                             @ DW_AT_type
	.long	.Linfo_string6                  @ DW_AT_name
	.byte	1                               @ DW_AT_decl_file
	.byte	62                              @ DW_AT_decl_line
	.byte	8                               @ Abbrev [8] 0x92:0x7 DW_TAG_base_type
	.long	.Linfo_string5                  @ DW_AT_name
	.byte	8                               @ DW_AT_encoding
	.byte	1                               @ DW_AT_byte_size
	.byte	9                               @ Abbrev [9] 0x99:0x7 DW_TAG_base_type
	.long	.Linfo_string7                  @ DW_AT_name
	.byte	8                               @ DW_AT_byte_size
	.byte	7                               @ DW_AT_encoding
	.byte	10                              @ Abbrev [10] 0xa0:0x5 DW_TAG_pointer_type
	.long	165                             @ DW_AT_type
	.byte	11                              @ Abbrev [11] 0xa5:0x15 DW_TAG_subroutine_type
	.long	186                             @ DW_AT_type
                                        @ DW_AT_prototyped
	.byte	12                              @ Abbrev [12] 0xaa:0x5 DW_TAG_formal_parameter
	.long	272                             @ DW_AT_type
	.byte	12                              @ Abbrev [12] 0xaf:0x5 DW_TAG_formal_parameter
	.long	284                             @ DW_AT_type
	.byte	12                              @ Abbrev [12] 0xb4:0x5 DW_TAG_formal_parameter
	.long	294                             @ DW_AT_type
	.byte	0                               @ End Of Children Mark
	.byte	3                               @ Abbrev [3] 0xba:0xb DW_TAG_typedef
	.long	197                             @ DW_AT_type
	.long	.Linfo_string19                 @ DW_AT_name
	.byte	3                               @ DW_AT_decl_file
	.byte	146                             @ DW_AT_decl_line
	.byte	13                              @ Abbrev [13] 0xc5:0x44 DW_TAG_enumeration_type
	.long	265                             @ DW_AT_type
	.long	.Linfo_string18                 @ DW_AT_name
	.byte	2                               @ DW_AT_byte_size
	.byte	3                               @ DW_AT_decl_file
	.byte	132                             @ DW_AT_decl_line
	.byte	14                              @ Abbrev [14] 0xd1:0x6 DW_TAG_enumerator
	.long	.Linfo_string10                 @ DW_AT_name
	.byte	0                               @ DW_AT_const_value
	.byte	14                              @ Abbrev [14] 0xd7:0x7 DW_TAG_enumerator
	.long	.Linfo_string11                 @ DW_AT_name
	.ascii	"\251_"                         @ DW_AT_const_value
	.byte	14                              @ Abbrev [14] 0xde:0x7 DW_TAG_enumerator
	.long	.Linfo_string12                 @ DW_AT_name
	.ascii	"\252_"                         @ DW_AT_const_value
	.byte	14                              @ Abbrev [14] 0xe5:0x7 DW_TAG_enumerator
	.long	.Linfo_string13                 @ DW_AT_name
	.ascii	"\253_"                         @ DW_AT_const_value
	.byte	14                              @ Abbrev [14] 0xec:0x7 DW_TAG_enumerator
	.long	.Linfo_string14                 @ DW_AT_name
	.ascii	"\254_"                         @ DW_AT_const_value
	.byte	14                              @ Abbrev [14] 0xf3:0x7 DW_TAG_enumerator
	.long	.Linfo_string15                 @ DW_AT_name
	.ascii	"\255_"                         @ DW_AT_const_value
	.byte	14                              @ Abbrev [14] 0xfa:0x7 DW_TAG_enumerator
	.long	.Linfo_string16                 @ DW_AT_name
	.ascii	"\256_"                         @ DW_AT_const_value
	.byte	14                              @ Abbrev [14] 0x101:0x7 DW_TAG_enumerator
	.long	.Linfo_string17                 @ DW_AT_name
	.ascii	"\257_"                         @ DW_AT_const_value
	.byte	0                               @ End Of Children Mark
	.byte	8                               @ Abbrev [8] 0x109:0x7 DW_TAG_base_type
	.long	.Linfo_string9                  @ DW_AT_name
	.byte	7                               @ DW_AT_encoding
	.byte	2                               @ DW_AT_byte_size
	.byte	3                               @ Abbrev [3] 0x110:0xb DW_TAG_typedef
	.long	283                             @ DW_AT_type
	.long	.Linfo_string20                 @ DW_AT_name
	.byte	3                               @ DW_AT_decl_file
	.byte	126                             @ DW_AT_decl_line
	.byte	15                              @ Abbrev [15] 0x11b:0x1 DW_TAG_pointer_type
	.byte	10                              @ Abbrev [10] 0x11c:0x5 DW_TAG_pointer_type
	.long	289                             @ DW_AT_type
	.byte	16                              @ Abbrev [16] 0x121:0x5 DW_TAG_const_type
	.long	135                             @ DW_AT_type
	.byte	3                               @ Abbrev [3] 0x126:0xb DW_TAG_typedef
	.long	305                             @ DW_AT_type
	.long	.Linfo_string22                 @ DW_AT_name
	.byte	4                               @ DW_AT_decl_file
	.byte	71                              @ DW_AT_decl_line
	.byte	8                               @ Abbrev [8] 0x131:0x7 DW_TAG_base_type
	.long	.Linfo_string21                 @ DW_AT_name
	.byte	7                               @ DW_AT_encoding
	.byte	4                               @ DW_AT_byte_size
	.byte	10                              @ Abbrev [10] 0x138:0x5 DW_TAG_pointer_type
	.long	317                             @ DW_AT_type
	.byte	11                              @ Abbrev [11] 0x13d:0x15 DW_TAG_subroutine_type
	.long	186                             @ DW_AT_type
                                        @ DW_AT_prototyped
	.byte	12                              @ Abbrev [12] 0x142:0x5 DW_TAG_formal_parameter
	.long	272                             @ DW_AT_type
	.byte	12                              @ Abbrev [12] 0x147:0x5 DW_TAG_formal_parameter
	.long	338                             @ DW_AT_type
	.byte	12                              @ Abbrev [12] 0x14c:0x5 DW_TAG_formal_parameter
	.long	294                             @ DW_AT_type
	.byte	0                               @ End Of Children Mark
	.byte	10                              @ Abbrev [10] 0x152:0x5 DW_TAG_pointer_type
	.long	135                             @ DW_AT_type
	.byte	3                               @ Abbrev [3] 0x157:0xb DW_TAG_typedef
	.long	354                             @ DW_AT_type
	.long	.Linfo_string35                 @ DW_AT_name
	.byte	5                               @ DW_AT_decl_file
	.byte	119                             @ DW_AT_decl_line
	.byte	13                              @ Abbrev [13] 0x162:0x43 DW_TAG_enumeration_type
	.long	146                             @ DW_AT_type
	.long	.Linfo_string34                 @ DW_AT_name
	.byte	1                               @ DW_AT_byte_size
	.byte	5                               @ DW_AT_decl_file
	.byte	108                             @ DW_AT_decl_line
	.byte	14                              @ Abbrev [14] 0x16e:0x6 DW_TAG_enumerator
	.long	.Linfo_string25                 @ DW_AT_name
	.byte	0                               @ DW_AT_const_value
	.byte	14                              @ Abbrev [14] 0x174:0x6 DW_TAG_enumerator
	.long	.Linfo_string26                 @ DW_AT_name
	.byte	1                               @ DW_AT_const_value
	.byte	14                              @ Abbrev [14] 0x17a:0x6 DW_TAG_enumerator
	.long	.Linfo_string27                 @ DW_AT_name
	.byte	2                               @ DW_AT_const_value
	.byte	14                              @ Abbrev [14] 0x180:0x6 DW_TAG_enumerator
	.long	.Linfo_string28                 @ DW_AT_name
	.byte	3                               @ DW_AT_const_value
	.byte	14                              @ Abbrev [14] 0x186:0x6 DW_TAG_enumerator
	.long	.Linfo_string29                 @ DW_AT_name
	.byte	4                               @ DW_AT_const_value
	.byte	14                              @ Abbrev [14] 0x18c:0x6 DW_TAG_enumerator
	.long	.Linfo_string30                 @ DW_AT_name
	.byte	5                               @ DW_AT_const_value
	.byte	14                              @ Abbrev [14] 0x192:0x6 DW_TAG_enumerator
	.long	.Linfo_string31                 @ DW_AT_name
	.byte	6                               @ DW_AT_const_value
	.byte	14                              @ Abbrev [14] 0x198:0x6 DW_TAG_enumerator
	.long	.Linfo_string32                 @ DW_AT_name
	.byte	7                               @ DW_AT_const_value
	.byte	14                              @ Abbrev [14] 0x19e:0x6 DW_TAG_enumerator
	.long	.Linfo_string33                 @ DW_AT_name
	.byte	8                               @ DW_AT_const_value
	.byte	0                               @ End Of Children Mark
	.byte	13                              @ Abbrev [13] 0x1a5:0x1f DW_TAG_enumeration_type
	.long	146                             @ DW_AT_type
	.long	.Linfo_string41                 @ DW_AT_name
	.byte	1                               @ DW_AT_byte_size
	.byte	3                               @ DW_AT_decl_file
	.byte	149                             @ DW_AT_decl_line
	.byte	14                              @ Abbrev [14] 0x1b1:0x6 DW_TAG_enumerator
	.long	.Linfo_string38                 @ DW_AT_name
	.byte	0                               @ DW_AT_const_value
	.byte	14                              @ Abbrev [14] 0x1b7:0x6 DW_TAG_enumerator
	.long	.Linfo_string39                 @ DW_AT_name
	.byte	2                               @ DW_AT_const_value
	.byte	14                              @ Abbrev [14] 0x1bd:0x6 DW_TAG_enumerator
	.long	.Linfo_string40                 @ DW_AT_name
	.byte	3                               @ DW_AT_const_value
	.byte	0                               @ End Of Children Mark
	.byte	13                              @ Abbrev [13] 0x1c4:0x19 DW_TAG_enumeration_type
	.long	146                             @ DW_AT_type
	.long	.Linfo_string44                 @ DW_AT_name
	.byte	1                               @ DW_AT_byte_size
	.byte	3                               @ DW_AT_decl_file
	.byte	157                             @ DW_AT_decl_line
	.byte	14                              @ Abbrev [14] 0x1d0:0x6 DW_TAG_enumerator
	.long	.Linfo_string42                 @ DW_AT_name
	.byte	0                               @ DW_AT_const_value
	.byte	14                              @ Abbrev [14] 0x1d6:0x6 DW_TAG_enumerator
	.long	.Linfo_string43                 @ DW_AT_name
	.byte	1                               @ DW_AT_const_value
	.byte	0                               @ End Of Children Mark
	.byte	17                              @ Abbrev [17] 0x1dd:0x3f DW_TAG_enumeration_type
	.long	146                             @ DW_AT_type
	.byte	1                               @ DW_AT_byte_size
	.byte	6                               @ DW_AT_decl_file
	.byte	203                             @ DW_AT_decl_line
	.byte	14                              @ Abbrev [14] 0x1e5:0x6 DW_TAG_enumerator
	.long	.Linfo_string45                 @ DW_AT_name
	.byte	0                               @ DW_AT_const_value
	.byte	14                              @ Abbrev [14] 0x1eb:0x6 DW_TAG_enumerator
	.long	.Linfo_string46                 @ DW_AT_name
	.byte	1                               @ DW_AT_const_value
	.byte	14                              @ Abbrev [14] 0x1f1:0x6 DW_TAG_enumerator
	.long	.Linfo_string47                 @ DW_AT_name
	.byte	2                               @ DW_AT_const_value
	.byte	14                              @ Abbrev [14] 0x1f7:0x6 DW_TAG_enumerator
	.long	.Linfo_string48                 @ DW_AT_name
	.byte	3                               @ DW_AT_const_value
	.byte	14                              @ Abbrev [14] 0x1fd:0x6 DW_TAG_enumerator
	.long	.Linfo_string49                 @ DW_AT_name
	.byte	4                               @ DW_AT_const_value
	.byte	14                              @ Abbrev [14] 0x203:0x6 DW_TAG_enumerator
	.long	.Linfo_string50                 @ DW_AT_name
	.byte	5                               @ DW_AT_const_value
	.byte	14                              @ Abbrev [14] 0x209:0x6 DW_TAG_enumerator
	.long	.Linfo_string51                 @ DW_AT_name
	.byte	6                               @ DW_AT_const_value
	.byte	14                              @ Abbrev [14] 0x20f:0x6 DW_TAG_enumerator
	.long	.Linfo_string52                 @ DW_AT_name
	.byte	7                               @ DW_AT_const_value
	.byte	14                              @ Abbrev [14] 0x215:0x6 DW_TAG_enumerator
	.long	.Linfo_string53                 @ DW_AT_name
	.byte	8                               @ DW_AT_const_value
	.byte	0                               @ End Of Children Mark
	.byte	13                              @ Abbrev [13] 0x21c:0x45 DW_TAG_enumeration_type
	.long	265                             @ DW_AT_type
	.long	.Linfo_string63                 @ DW_AT_name
	.byte	2                               @ DW_AT_byte_size
	.byte	2                               @ DW_AT_decl_file
	.byte	54                              @ DW_AT_decl_line
	.byte	14                              @ Abbrev [14] 0x228:0x6 DW_TAG_enumerator
	.long	.Linfo_string54                 @ DW_AT_name
	.byte	1                               @ DW_AT_const_value
	.byte	14                              @ Abbrev [14] 0x22e:0x6 DW_TAG_enumerator
	.long	.Linfo_string55                 @ DW_AT_name
	.byte	2                               @ DW_AT_const_value
	.byte	14                              @ Abbrev [14] 0x234:0x6 DW_TAG_enumerator
	.long	.Linfo_string56                 @ DW_AT_name
	.byte	4                               @ DW_AT_const_value
	.byte	14                              @ Abbrev [14] 0x23a:0x6 DW_TAG_enumerator
	.long	.Linfo_string57                 @ DW_AT_name
	.byte	8                               @ DW_AT_const_value
	.byte	14                              @ Abbrev [14] 0x240:0x6 DW_TAG_enumerator
	.long	.Linfo_string58                 @ DW_AT_name
	.byte	16                              @ DW_AT_const_value
	.byte	14                              @ Abbrev [14] 0x246:0x6 DW_TAG_enumerator
	.long	.Linfo_string59                 @ DW_AT_name
	.byte	32                              @ DW_AT_const_value
	.byte	14                              @ Abbrev [14] 0x24c:0x6 DW_TAG_enumerator
	.long	.Linfo_string60                 @ DW_AT_name
	.byte	64                              @ DW_AT_const_value
	.byte	14                              @ Abbrev [14] 0x252:0x7 DW_TAG_enumerator
	.long	.Linfo_string61                 @ DW_AT_name
	.ascii	"\200\001"                      @ DW_AT_const_value
	.byte	14                              @ Abbrev [14] 0x259:0x7 DW_TAG_enumerator
	.long	.Linfo_string62                 @ DW_AT_name
	.ascii	"\200\002"                      @ DW_AT_const_value
	.byte	0                               @ End Of Children Mark
	.byte	13                              @ Abbrev [13] 0x261:0x68 DW_TAG_enumeration_type
	.long	265                             @ DW_AT_type
	.long	.Linfo_string78                 @ DW_AT_name
	.byte	2                               @ DW_AT_byte_size
	.byte	2                               @ DW_AT_decl_file
	.byte	69                              @ DW_AT_decl_line
	.byte	14                              @ Abbrev [14] 0x26d:0x6 DW_TAG_enumerator
	.long	.Linfo_string64                 @ DW_AT_name
	.byte	2                               @ DW_AT_const_value
	.byte	14                              @ Abbrev [14] 0x273:0x6 DW_TAG_enumerator
	.long	.Linfo_string65                 @ DW_AT_name
	.byte	124                             @ DW_AT_const_value
	.byte	14                              @ Abbrev [14] 0x279:0x6 DW_TAG_enumerator
	.long	.Linfo_string66                 @ DW_AT_name
	.byte	4                               @ DW_AT_const_value
	.byte	14                              @ Abbrev [14] 0x27f:0x6 DW_TAG_enumerator
	.long	.Linfo_string67                 @ DW_AT_name
	.byte	8                               @ DW_AT_const_value
	.byte	14                              @ Abbrev [14] 0x285:0x6 DW_TAG_enumerator
	.long	.Linfo_string68                 @ DW_AT_name
	.byte	16                              @ DW_AT_const_value
	.byte	14                              @ Abbrev [14] 0x28b:0x6 DW_TAG_enumerator
	.long	.Linfo_string69                 @ DW_AT_name
	.byte	32                              @ DW_AT_const_value
	.byte	14                              @ Abbrev [14] 0x291:0x6 DW_TAG_enumerator
	.long	.Linfo_string70                 @ DW_AT_name
	.byte	48                              @ DW_AT_const_value
	.byte	14                              @ Abbrev [14] 0x297:0x7 DW_TAG_enumerator
	.long	.Linfo_string71                 @ DW_AT_name
	.ascii	"\200>"                         @ DW_AT_const_value
	.byte	14                              @ Abbrev [14] 0x29e:0x7 DW_TAG_enumerator
	.long	.Linfo_string72                 @ DW_AT_name
	.ascii	"\200\002"                      @ DW_AT_const_value
	.byte	14                              @ Abbrev [14] 0x2a5:0x7 DW_TAG_enumerator
	.long	.Linfo_string73                 @ DW_AT_name
	.ascii	"\200\004"                      @ DW_AT_const_value
	.byte	14                              @ Abbrev [14] 0x2ac:0x7 DW_TAG_enumerator
	.long	.Linfo_string74                 @ DW_AT_name
	.ascii	"\200\b"                        @ DW_AT_const_value
	.byte	14                              @ Abbrev [14] 0x2b3:0x7 DW_TAG_enumerator
	.long	.Linfo_string75                 @ DW_AT_name
	.ascii	"\200\020"                      @ DW_AT_const_value
	.byte	14                              @ Abbrev [14] 0x2ba:0x7 DW_TAG_enumerator
	.long	.Linfo_string76                 @ DW_AT_name
	.ascii	"\200 "                         @ DW_AT_const_value
	.byte	14                              @ Abbrev [14] 0x2c1:0x7 DW_TAG_enumerator
	.long	.Linfo_string77                 @ DW_AT_name
	.ascii	"\200@"                         @ DW_AT_const_value
	.byte	0                               @ End Of Children Mark
	.byte	3                               @ Abbrev [3] 0x2c9:0xb DW_TAG_typedef
	.long	724                             @ DW_AT_type
	.long	.Linfo_string80                 @ DW_AT_name
	.byte	1                               @ DW_AT_decl_file
	.byte	58                              @ DW_AT_decl_line
	.byte	8                               @ Abbrev [8] 0x2d4:0x7 DW_TAG_base_type
	.long	.Linfo_string79                 @ DW_AT_name
	.byte	5                               @ DW_AT_encoding
	.byte	4                               @ DW_AT_byte_size
	.byte	8                               @ Abbrev [8] 0x2db:0x7 DW_TAG_base_type
	.long	.Linfo_string81                 @ DW_AT_name
	.byte	6                               @ DW_AT_encoding
	.byte	1                               @ DW_AT_byte_size
	.byte	3                               @ Abbrev [3] 0x2e2:0xb DW_TAG_typedef
	.long	305                             @ DW_AT_type
	.long	.Linfo_string82                 @ DW_AT_name
	.byte	1                               @ DW_AT_decl_file
	.byte	64                              @ DW_AT_decl_line
	.byte	8                               @ Abbrev [8] 0x2ed:0x7 DW_TAG_base_type
	.long	.Linfo_string83                 @ DW_AT_name
	.byte	5                               @ DW_AT_encoding
	.byte	8                               @ DW_AT_byte_size
	.byte	8                               @ Abbrev [8] 0x2f4:0x7 DW_TAG_base_type
	.long	.Linfo_string84                 @ DW_AT_name
	.byte	5                               @ DW_AT_encoding
	.byte	4                               @ DW_AT_byte_size
	.byte	8                               @ Abbrev [8] 0x2fb:0x7 DW_TAG_base_type
	.long	.Linfo_string85                 @ DW_AT_name
	.byte	4                               @ DW_AT_encoding
	.byte	8                               @ DW_AT_byte_size
	.byte	8                               @ Abbrev [8] 0x302:0x7 DW_TAG_base_type
	.long	.Linfo_string86                 @ DW_AT_name
	.byte	7                               @ DW_AT_encoding
	.byte	8                               @ DW_AT_byte_size
	.byte	8                               @ Abbrev [8] 0x309:0x7 DW_TAG_base_type
	.long	.Linfo_string87                 @ DW_AT_name
	.byte	7                               @ DW_AT_encoding
	.byte	4                               @ DW_AT_byte_size
	.byte	10                              @ Abbrev [10] 0x310:0x5 DW_TAG_pointer_type
	.long	731                             @ DW_AT_type
	.byte	10                              @ Abbrev [10] 0x315:0x5 DW_TAG_pointer_type
	.long	749                             @ DW_AT_type
	.byte	10                              @ Abbrev [10] 0x31a:0x5 DW_TAG_pointer_type
	.long	770                             @ DW_AT_type
	.byte	10                              @ Abbrev [10] 0x31f:0x5 DW_TAG_pointer_type
	.long	763                             @ DW_AT_type
	.byte	10                              @ Abbrev [10] 0x324:0x5 DW_TAG_pointer_type
	.long	809                             @ DW_AT_type
	.byte	10                              @ Abbrev [10] 0x329:0x5 DW_TAG_pointer_type
	.long	814                             @ DW_AT_type
	.byte	16                              @ Abbrev [16] 0x32e:0x5 DW_TAG_const_type
	.long	731                             @ DW_AT_type
	.byte	8                               @ Abbrev [8] 0x333:0x7 DW_TAG_base_type
	.long	.Linfo_string88                 @ DW_AT_name
	.byte	6                               @ DW_AT_encoding
	.byte	1                               @ DW_AT_byte_size
	.byte	8                               @ Abbrev [8] 0x33a:0x7 DW_TAG_base_type
	.long	.Linfo_string89                 @ DW_AT_name
	.byte	5                               @ DW_AT_encoding
	.byte	2                               @ DW_AT_byte_size
	.byte	10                              @ Abbrev [10] 0x341:0x5 DW_TAG_pointer_type
	.long	784                             @ DW_AT_type
	.byte	8                               @ Abbrev [8] 0x346:0x7 DW_TAG_base_type
	.long	.Linfo_string90                 @ DW_AT_name
	.byte	4                               @ DW_AT_encoding
	.byte	4                               @ DW_AT_byte_size
	.byte	18                              @ Abbrev [18] 0x34d:0x5c DW_TAG_subprogram
	.long	.Lfunc_begin0                   @ DW_AT_low_pc
	.long	.Lfunc_end0-.Lfunc_begin0       @ DW_AT_high_pc
	.byte	1                               @ DW_AT_frame_base
	.byte	93
	.long	.Linfo_string91                 @ DW_AT_name
	.byte	2                               @ DW_AT_decl_file
	.byte	114                             @ DW_AT_decl_line
                                        @ DW_AT_prototyped
	.long	2646                            @ DW_AT_type
                                        @ DW_AT_external
	.byte	19                              @ Abbrev [19] 0x362:0xe DW_TAG_formal_parameter
	.byte	2                               @ DW_AT_location
	.byte	145
	.byte	43
	.long	.Linfo_string105                @ DW_AT_name
	.byte	2                               @ DW_AT_decl_file
	.byte	114                             @ DW_AT_decl_line
	.long	135                             @ DW_AT_type
	.byte	19                              @ Abbrev [19] 0x370:0xe DW_TAG_formal_parameter
	.byte	2                               @ DW_AT_location
	.byte	145
	.byte	36
	.long	.Linfo_string106                @ DW_AT_name
	.byte	2                               @ DW_AT_decl_file
	.byte	114                             @ DW_AT_decl_line
	.long	738                             @ DW_AT_type
	.byte	19                              @ Abbrev [19] 0x37e:0xe DW_TAG_formal_parameter
	.byte	2                               @ DW_AT_location
	.byte	145
	.byte	35
	.long	.Linfo_string107                @ DW_AT_name
	.byte	2                               @ DW_AT_decl_file
	.byte	114                             @ DW_AT_decl_line
	.long	343                             @ DW_AT_type
	.byte	19                              @ Abbrev [19] 0x38c:0xe DW_TAG_formal_parameter
	.byte	2                               @ DW_AT_location
	.byte	145
	.byte	28
	.long	.Linfo_string108                @ DW_AT_name
	.byte	2                               @ DW_AT_decl_file
	.byte	114                             @ DW_AT_decl_line
	.long	738                             @ DW_AT_type
	.byte	20                              @ Abbrev [20] 0x39a:0xe DW_TAG_variable
	.byte	2                               @ DW_AT_location
	.byte	145
	.byte	12
	.long	.Linfo_string109                @ DW_AT_name
	.byte	2                               @ DW_AT_decl_file
	.byte	116                             @ DW_AT_decl_line
	.long	2657                            @ DW_AT_type
	.byte	0                               @ End Of Children Mark
	.byte	21                              @ Abbrev [21] 0x3a9:0x15 DW_TAG_subprogram
	.long	.Lfunc_begin1                   @ DW_AT_low_pc
	.long	.Lfunc_end1-.Lfunc_begin1       @ DW_AT_high_pc
	.byte	1                               @ DW_AT_frame_base
	.byte	93
	.long	.Linfo_string93                 @ DW_AT_name
	.byte	2                               @ DW_AT_decl_file
	.byte	149                             @ DW_AT_decl_line
                                        @ DW_AT_prototyped
	.long	2646                            @ DW_AT_type
                                        @ DW_AT_external
	.byte	18                              @ Abbrev [18] 0x3be:0x41 DW_TAG_subprogram
	.long	.Lfunc_begin2                   @ DW_AT_low_pc
	.long	.Lfunc_end2-.Lfunc_begin2       @ DW_AT_high_pc
	.byte	1                               @ DW_AT_frame_base
	.byte	93
	.long	.Linfo_string94                 @ DW_AT_name
	.byte	2                               @ DW_AT_decl_file
	.byte	166                             @ DW_AT_decl_line
                                        @ DW_AT_prototyped
	.long	724                             @ DW_AT_type
                                        @ DW_AT_external
	.byte	19                              @ Abbrev [19] 0x3d3:0xe DW_TAG_formal_parameter
	.byte	2                               @ DW_AT_location
	.byte	145
	.byte	8
	.long	.Linfo_string122                @ DW_AT_name
	.byte	2                               @ DW_AT_decl_file
	.byte	166                             @ DW_AT_decl_line
	.long	809                             @ DW_AT_type
	.byte	20                              @ Abbrev [20] 0x3e1:0xe DW_TAG_variable
	.byte	2                               @ DW_AT_location
	.byte	145
	.byte	4
	.long	.Linfo_string123                @ DW_AT_name
	.byte	2                               @ DW_AT_decl_file
	.byte	168                             @ DW_AT_decl_line
	.long	2807                            @ DW_AT_type
	.byte	20                              @ Abbrev [20] 0x3ef:0xe DW_TAG_variable
	.byte	2                               @ DW_AT_location
	.byte	145
	.byte	0
	.long	.Linfo_string128                @ DW_AT_name
	.byte	2                               @ DW_AT_decl_file
	.byte	169                             @ DW_AT_decl_line
	.long	724                             @ DW_AT_type
	.byte	22                              @ Abbrev [22] 0x3fd:0x1 DW_TAG_unspecified_parameters
	.byte	0                               @ End Of Children Mark
	.byte	18                              @ Abbrev [18] 0x3ff:0x40 DW_TAG_subprogram
	.long	.Lfunc_begin3                   @ DW_AT_low_pc
	.long	.Lfunc_end3-.Lfunc_begin3       @ DW_AT_high_pc
	.byte	1                               @ DW_AT_frame_base
	.byte	93
	.long	.Linfo_string95                 @ DW_AT_name
	.byte	2                               @ DW_AT_decl_file
	.byte	179                             @ DW_AT_decl_line
                                        @ DW_AT_prototyped
	.long	724                             @ DW_AT_type
                                        @ DW_AT_external
	.byte	19                              @ Abbrev [19] 0x414:0xe DW_TAG_formal_parameter
	.byte	2                               @ DW_AT_location
	.byte	145
	.byte	4
	.long	.Linfo_string122                @ DW_AT_name
	.byte	2                               @ DW_AT_decl_file
	.byte	179                             @ DW_AT_decl_line
	.long	809                             @ DW_AT_type
	.byte	19                              @ Abbrev [19] 0x422:0xe DW_TAG_formal_parameter
	.byte	2                               @ DW_AT_location
	.byte	145
	.byte	8
	.long	.Linfo_string129                @ DW_AT_name
	.byte	2                               @ DW_AT_decl_file
	.byte	179                             @ DW_AT_decl_line
	.long	2807                            @ DW_AT_type
	.byte	20                              @ Abbrev [20] 0x430:0xe DW_TAG_variable
	.byte	2                               @ DW_AT_location
	.byte	145
	.byte	0
	.long	.Linfo_string128                @ DW_AT_name
	.byte	2                               @ DW_AT_decl_file
	.byte	181                             @ DW_AT_decl_line
	.long	724                             @ DW_AT_type
	.byte	0                               @ End Of Children Mark
	.byte	23                              @ Abbrev [23] 0x43f:0x19e DW_TAG_subprogram
	.long	.Lfunc_begin4                   @ DW_AT_low_pc
	.long	.Lfunc_end4-.Lfunc_begin4       @ DW_AT_high_pc
	.byte	1                               @ DW_AT_frame_base
	.byte	93
	.long	.Linfo_string96                 @ DW_AT_name
	.byte	2                               @ DW_AT_decl_file
	.short	606                             @ DW_AT_decl_line
                                        @ DW_AT_prototyped
	.long	724                             @ DW_AT_type
	.byte	24                              @ Abbrev [24] 0x455:0x10 DW_TAG_formal_parameter
	.byte	3                               @ DW_AT_location
	.byte	145
	.ascii	"\250\001"
	.long	.Linfo_string130                @ DW_AT_name
	.byte	2                               @ DW_AT_decl_file
	.short	606                             @ DW_AT_decl_line
	.long	2846                            @ DW_AT_type
	.byte	24                              @ Abbrev [24] 0x465:0x10 DW_TAG_formal_parameter
	.byte	3                               @ DW_AT_location
	.byte	145
	.ascii	"\244\001"
	.long	.Linfo_string132                @ DW_AT_name
	.byte	2                               @ DW_AT_decl_file
	.short	606                             @ DW_AT_decl_line
	.long	809                             @ DW_AT_type
	.byte	24                              @ Abbrev [24] 0x475:0x10 DW_TAG_formal_parameter
	.byte	3                               @ DW_AT_location
	.byte	145
	.ascii	"\254\001"
	.long	.Linfo_string123                @ DW_AT_name
	.byte	2                               @ DW_AT_decl_file
	.short	606                             @ DW_AT_decl_line
	.long	2807                            @ DW_AT_type
	.byte	25                              @ Abbrev [25] 0x485:0x10 DW_TAG_variable
	.byte	3                               @ DW_AT_location
	.byte	145
	.ascii	"\240\001"
	.long	.Linfo_string133                @ DW_AT_name
	.byte	2                               @ DW_AT_decl_file
	.short	609                             @ DW_AT_decl_line
	.long	809                             @ DW_AT_type
	.byte	25                              @ Abbrev [25] 0x495:0x10 DW_TAG_variable
	.byte	3                               @ DW_AT_location
	.byte	145
	.ascii	"\237\001"
	.long	.Linfo_string134                @ DW_AT_name
	.byte	2                               @ DW_AT_decl_file
	.short	610                             @ DW_AT_decl_line
	.long	731                             @ DW_AT_type
	.byte	25                              @ Abbrev [25] 0x4a5:0x10 DW_TAG_variable
	.byte	3                               @ DW_AT_location
	.byte	145
	.asciz	"\376"
	.long	.Linfo_string135                @ DW_AT_name
	.byte	2                               @ DW_AT_decl_file
	.short	612                             @ DW_AT_decl_line
	.long	2873                            @ DW_AT_type
	.byte	25                              @ Abbrev [25] 0x4b5:0x10 DW_TAG_variable
	.byte	3                               @ DW_AT_location
	.byte	145
	.asciz	"\370"
	.long	.Linfo_string136                @ DW_AT_name
	.byte	2                               @ DW_AT_decl_file
	.short	613                             @ DW_AT_decl_line
	.long	784                             @ DW_AT_type
	.byte	25                              @ Abbrev [25] 0x4c5:0x10 DW_TAG_variable
	.byte	3                               @ DW_AT_location
	.byte	145
	.asciz	"\364"
	.long	.Linfo_string137                @ DW_AT_name
	.byte	2                               @ DW_AT_decl_file
	.short	614                             @ DW_AT_decl_line
	.long	713                             @ DW_AT_type
	.byte	25                              @ Abbrev [25] 0x4d5:0x10 DW_TAG_variable
	.byte	3                               @ DW_AT_location
	.byte	145
	.asciz	"\363"
	.long	.Linfo_string138                @ DW_AT_name
	.byte	2                               @ DW_AT_decl_file
	.short	616                             @ DW_AT_decl_line
	.long	2885                            @ DW_AT_type
	.byte	25                              @ Abbrev [25] 0x4e5:0x10 DW_TAG_variable
	.byte	3                               @ DW_AT_location
	.byte	145
	.asciz	"\354"
	.long	.Linfo_string140                @ DW_AT_name
	.byte	2                               @ DW_AT_decl_file
	.short	617                             @ DW_AT_decl_line
	.long	713                             @ DW_AT_type
	.byte	25                              @ Abbrev [25] 0x4f5:0x10 DW_TAG_variable
	.byte	3                               @ DW_AT_location
	.byte	145
	.asciz	"\350"
	.long	.Linfo_string141                @ DW_AT_name
	.byte	2                               @ DW_AT_decl_file
	.short	619                             @ DW_AT_decl_line
	.long	738                             @ DW_AT_type
	.byte	25                              @ Abbrev [25] 0x505:0x10 DW_TAG_variable
	.byte	3                               @ DW_AT_location
	.byte	145
	.asciz	"\344"
	.long	.Linfo_string142                @ DW_AT_name
	.byte	2                               @ DW_AT_decl_file
	.short	620                             @ DW_AT_decl_line
	.long	738                             @ DW_AT_type
	.byte	25                              @ Abbrev [25] 0x515:0x10 DW_TAG_variable
	.byte	3                               @ DW_AT_location
	.byte	145
	.asciz	"\340"
	.long	.Linfo_string143                @ DW_AT_name
	.byte	2                               @ DW_AT_decl_file
	.short	621                             @ DW_AT_decl_line
	.long	784                             @ DW_AT_type
	.byte	25                              @ Abbrev [25] 0x525:0x10 DW_TAG_variable
	.byte	3                               @ DW_AT_location
	.byte	145
	.asciz	"\334"
	.long	.Linfo_string144                @ DW_AT_name
	.byte	2                               @ DW_AT_decl_file
	.short	622                             @ DW_AT_decl_line
	.long	713                             @ DW_AT_type
	.byte	25                              @ Abbrev [25] 0x535:0x10 DW_TAG_variable
	.byte	3                               @ DW_AT_location
	.byte	145
	.asciz	"\333"
	.long	.Linfo_string145                @ DW_AT_name
	.byte	2                               @ DW_AT_decl_file
	.short	623                             @ DW_AT_decl_line
	.long	2885                            @ DW_AT_type
	.byte	25                              @ Abbrev [25] 0x545:0x10 DW_TAG_variable
	.byte	3                               @ DW_AT_location
	.byte	145
	.asciz	"\332"
	.long	.Linfo_string146                @ DW_AT_name
	.byte	2                               @ DW_AT_decl_file
	.short	624                             @ DW_AT_decl_line
	.long	135                             @ DW_AT_type
	.byte	25                              @ Abbrev [25] 0x555:0x10 DW_TAG_variable
	.byte	3                               @ DW_AT_location
	.byte	145
	.asciz	"\324"
	.long	.Linfo_string147                @ DW_AT_name
	.byte	2                               @ DW_AT_decl_file
	.short	627                             @ DW_AT_decl_line
	.long	738                             @ DW_AT_type
	.byte	25                              @ Abbrev [25] 0x565:0x10 DW_TAG_variable
	.byte	3                               @ DW_AT_location
	.byte	145
	.asciz	"\323"
	.long	.Linfo_string148                @ DW_AT_name
	.byte	2                               @ DW_AT_decl_file
	.short	628                             @ DW_AT_decl_line
	.long	731                             @ DW_AT_type
	.byte	25                              @ Abbrev [25] 0x575:0x10 DW_TAG_variable
	.byte	3                               @ DW_AT_location
	.byte	145
	.asciz	"\322"
	.long	.Linfo_string149                @ DW_AT_name
	.byte	2                               @ DW_AT_decl_file
	.short	629                             @ DW_AT_decl_line
	.long	2885                            @ DW_AT_type
	.byte	25                              @ Abbrev [25] 0x585:0x10 DW_TAG_variable
	.byte	3                               @ DW_AT_location
	.byte	145
	.asciz	"\310"
	.long	.Linfo_string150                @ DW_AT_name
	.byte	2                               @ DW_AT_decl_file
	.short	630                             @ DW_AT_decl_line
	.long	749                             @ DW_AT_type
	.byte	25                              @ Abbrev [25] 0x595:0x10 DW_TAG_variable
	.byte	3                               @ DW_AT_location
	.byte	145
	.asciz	"\300"
	.long	.Linfo_string151                @ DW_AT_name
	.byte	2                               @ DW_AT_decl_file
	.short	631                             @ DW_AT_decl_line
	.long	770                             @ DW_AT_type
	.byte	25                              @ Abbrev [25] 0x5a5:0xf DW_TAG_variable
	.byte	2                               @ DW_AT_location
	.byte	145
	.byte	63
	.long	.Linfo_string152                @ DW_AT_name
	.byte	2                               @ DW_AT_decl_file
	.short	632                             @ DW_AT_decl_line
	.long	2885                            @ DW_AT_type
	.byte	25                              @ Abbrev [25] 0x5b4:0xf DW_TAG_variable
	.byte	2                               @ DW_AT_location
	.byte	145
	.byte	48
	.long	.Linfo_string153                @ DW_AT_name
	.byte	2                               @ DW_AT_decl_file
	.short	639                             @ DW_AT_decl_line
	.long	763                             @ DW_AT_type
	.byte	26                              @ Abbrev [26] 0x5c3:0x19 DW_TAG_lexical_block
	.long	.Ltmp156                        @ DW_AT_low_pc
	.long	.Ltmp157-.Ltmp156               @ DW_AT_high_pc
	.byte	25                              @ Abbrev [25] 0x5cc:0xf DW_TAG_variable
	.byte	2                               @ DW_AT_location
	.byte	145
	.byte	44
	.long	.Linfo_string154                @ DW_AT_name
	.byte	2                               @ DW_AT_decl_file
	.short	1030                            @ DW_AT_decl_line
	.long	283                             @ DW_AT_type
	.byte	0                               @ End Of Children Mark
	.byte	0                               @ End Of Children Mark
	.byte	18                              @ Abbrev [18] 0x5dd:0x24 DW_TAG_subprogram
	.long	.Lfunc_begin5                   @ DW_AT_low_pc
	.long	.Lfunc_end5-.Lfunc_begin5       @ DW_AT_high_pc
	.byte	1                               @ DW_AT_frame_base
	.byte	93
	.long	.Linfo_string97                 @ DW_AT_name
	.byte	2                               @ DW_AT_decl_file
	.byte	195                             @ DW_AT_decl_line
                                        @ DW_AT_prototyped
	.long	724                             @ DW_AT_type
                                        @ DW_AT_external
	.byte	19                              @ Abbrev [19] 0x5f2:0xe DW_TAG_formal_parameter
	.byte	2                               @ DW_AT_location
	.byte	145
	.byte	8
	.long	.Linfo_string155                @ DW_AT_name
	.byte	2                               @ DW_AT_decl_file
	.byte	195                             @ DW_AT_decl_line
	.long	724                             @ DW_AT_type
	.byte	0                               @ End Of Children Mark
	.byte	18                              @ Abbrev [18] 0x601:0x5d DW_TAG_subprogram
	.long	.Lfunc_begin6                   @ DW_AT_low_pc
	.long	.Lfunc_end6-.Lfunc_begin6       @ DW_AT_high_pc
	.byte	1                               @ DW_AT_frame_base
	.byte	93
	.long	.Linfo_string98                 @ DW_AT_name
	.byte	2                               @ DW_AT_decl_file
	.byte	208                             @ DW_AT_decl_line
                                        @ DW_AT_prototyped
	.long	724                             @ DW_AT_type
                                        @ DW_AT_external
	.byte	19                              @ Abbrev [19] 0x616:0xe DW_TAG_formal_parameter
	.byte	2                               @ DW_AT_location
	.byte	145
	.byte	36
	.long	.Linfo_string122                @ DW_AT_name
	.byte	2                               @ DW_AT_decl_file
	.byte	208                             @ DW_AT_decl_line
	.long	784                             @ DW_AT_type
	.byte	20                              @ Abbrev [20] 0x624:0xe DW_TAG_variable
	.byte	2                               @ DW_AT_location
	.byte	145
	.byte	15
	.long	.Linfo_string156                @ DW_AT_name
	.byte	2                               @ DW_AT_decl_file
	.byte	211                             @ DW_AT_decl_line
	.long	2892                            @ DW_AT_type
	.byte	20                              @ Abbrev [20] 0x632:0xe DW_TAG_variable
	.byte	2                               @ DW_AT_location
	.byte	145
	.byte	8
	.long	.Linfo_string123                @ DW_AT_name
	.byte	2                               @ DW_AT_decl_file
	.byte	212                             @ DW_AT_decl_line
	.long	2807                            @ DW_AT_type
	.byte	20                              @ Abbrev [20] 0x640:0xe DW_TAG_variable
	.byte	2                               @ DW_AT_location
	.byte	145
	.byte	4
	.long	.Linfo_string157                @ DW_AT_name
	.byte	2                               @ DW_AT_decl_file
	.byte	213                             @ DW_AT_decl_line
	.long	713                             @ DW_AT_type
	.byte	20                              @ Abbrev [20] 0x64e:0xe DW_TAG_variable
	.byte	2                               @ DW_AT_location
	.byte	145
	.byte	3
	.long	.Linfo_string128                @ DW_AT_name
	.byte	2                               @ DW_AT_decl_file
	.byte	214                             @ DW_AT_decl_line
	.long	731                             @ DW_AT_type
	.byte	22                              @ Abbrev [22] 0x65c:0x1 DW_TAG_unspecified_parameters
	.byte	0                               @ End Of Children Mark
	.byte	27                              @ Abbrev [27] 0x65e:0x26 DW_TAG_subprogram
	.long	.Lfunc_begin7                   @ DW_AT_low_pc
	.long	.Lfunc_end7-.Lfunc_begin7       @ DW_AT_high_pc
	.byte	1                               @ DW_AT_frame_base
	.byte	93
	.long	.Linfo_string99                 @ DW_AT_name
	.byte	2                               @ DW_AT_decl_file
	.short	267                             @ DW_AT_decl_line
                                        @ DW_AT_prototyped
	.long	724                             @ DW_AT_type
                                        @ DW_AT_external
	.byte	25                              @ Abbrev [25] 0x674:0xf DW_TAG_variable
	.byte	2                               @ DW_AT_location
	.byte	145
	.byte	3
	.long	.Linfo_string155                @ DW_AT_name
	.byte	2                               @ DW_AT_decl_file
	.short	269                             @ DW_AT_decl_line
	.long	731                             @ DW_AT_type
	.byte	0                               @ End Of Children Mark
	.byte	23                              @ Abbrev [23] 0x684:0x122 DW_TAG_subprogram
	.long	.Lfunc_begin8                   @ DW_AT_low_pc
	.long	.Lfunc_end8-.Lfunc_begin8       @ DW_AT_high_pc
	.byte	1                               @ DW_AT_frame_base
	.byte	93
	.long	.Linfo_string100                @ DW_AT_name
	.byte	2                               @ DW_AT_decl_file
	.short	1188                            @ DW_AT_decl_line
                                        @ DW_AT_prototyped
	.long	724                             @ DW_AT_type
	.byte	24                              @ Abbrev [24] 0x69a:0x10 DW_TAG_formal_parameter
	.byte	3                               @ DW_AT_location
	.byte	145
	.asciz	"\344"
	.long	.Linfo_string158                @ DW_AT_name
	.byte	2                               @ DW_AT_decl_file
	.short	1188                            @ DW_AT_decl_line
	.long	809                             @ DW_AT_type
	.byte	24                              @ Abbrev [24] 0x6aa:0x10 DW_TAG_formal_parameter
	.byte	3                               @ DW_AT_location
	.byte	145
	.asciz	"\340"
	.long	.Linfo_string159                @ DW_AT_name
	.byte	2                               @ DW_AT_decl_file
	.short	1188                            @ DW_AT_decl_line
	.long	784                             @ DW_AT_type
	.byte	24                              @ Abbrev [24] 0x6ba:0x10 DW_TAG_formal_parameter
	.byte	3                               @ DW_AT_location
	.byte	145
	.asciz	"\350"
	.long	.Linfo_string160                @ DW_AT_name
	.byte	2                               @ DW_AT_decl_file
	.short	1188                            @ DW_AT_decl_line
	.long	2807                            @ DW_AT_type
	.byte	25                              @ Abbrev [25] 0x6ca:0x10 DW_TAG_variable
	.byte	3                               @ DW_AT_location
	.byte	145
	.asciz	"\337"
	.long	.Linfo_string161                @ DW_AT_name
	.byte	2                               @ DW_AT_decl_file
	.short	1190                            @ DW_AT_decl_line
	.long	135                             @ DW_AT_type
	.byte	25                              @ Abbrev [25] 0x6da:0x10 DW_TAG_variable
	.byte	3                               @ DW_AT_location
	.byte	145
	.asciz	"\336"
	.long	.Linfo_string162                @ DW_AT_name
	.byte	2                               @ DW_AT_decl_file
	.short	1191                            @ DW_AT_decl_line
	.long	2904                            @ DW_AT_type
	.byte	25                              @ Abbrev [25] 0x6ea:0x10 DW_TAG_variable
	.byte	3                               @ DW_AT_location
	.byte	145
	.asciz	"\330"
	.long	.Linfo_string134                @ DW_AT_name
	.byte	2                               @ DW_AT_decl_file
	.short	1193                            @ DW_AT_decl_line
	.long	784                             @ DW_AT_type
	.byte	25                              @ Abbrev [25] 0x6fa:0x10 DW_TAG_variable
	.byte	3                               @ DW_AT_location
	.byte	145
	.asciz	"\327"
	.long	.Linfo_string164                @ DW_AT_name
	.byte	2                               @ DW_AT_decl_file
	.short	1194                            @ DW_AT_decl_line
	.long	731                             @ DW_AT_type
	.byte	25                              @ Abbrev [25] 0x70a:0x10 DW_TAG_variable
	.byte	3                               @ DW_AT_location
	.byte	145
	.asciz	"\320"
	.long	.Linfo_string165                @ DW_AT_name
	.byte	2                               @ DW_AT_decl_file
	.short	1195                            @ DW_AT_decl_line
	.long	784                             @ DW_AT_type
	.byte	25                              @ Abbrev [25] 0x71a:0x10 DW_TAG_variable
	.byte	3                               @ DW_AT_location
	.byte	145
	.asciz	"\314"
	.long	.Linfo_string166                @ DW_AT_name
	.byte	2                               @ DW_AT_decl_file
	.short	1197                            @ DW_AT_decl_line
	.long	738                             @ DW_AT_type
	.byte	25                              @ Abbrev [25] 0x72a:0x10 DW_TAG_variable
	.byte	3                               @ DW_AT_location
	.byte	145
	.asciz	"\310"
	.long	.Linfo_string141                @ DW_AT_name
	.byte	2                               @ DW_AT_decl_file
	.short	1199                            @ DW_AT_decl_line
	.long	738                             @ DW_AT_type
	.byte	25                              @ Abbrev [25] 0x73a:0x10 DW_TAG_variable
	.byte	3                               @ DW_AT_location
	.byte	145
	.asciz	"\304"
	.long	.Linfo_string167                @ DW_AT_name
	.byte	2                               @ DW_AT_decl_file
	.short	1201                            @ DW_AT_decl_line
	.long	738                             @ DW_AT_type
	.byte	25                              @ Abbrev [25] 0x74a:0x10 DW_TAG_variable
	.byte	3                               @ DW_AT_location
	.byte	145
	.asciz	"\303"
	.long	.Linfo_string168                @ DW_AT_name
	.byte	2                               @ DW_AT_decl_file
	.short	1202                            @ DW_AT_decl_line
	.long	2885                            @ DW_AT_type
	.byte	25                              @ Abbrev [25] 0x75a:0xf DW_TAG_variable
	.byte	2                               @ DW_AT_location
	.byte	145
	.byte	60
	.long	.Linfo_string169                @ DW_AT_name
	.byte	2                               @ DW_AT_decl_file
	.short	1204                            @ DW_AT_decl_line
	.long	738                             @ DW_AT_type
	.byte	25                              @ Abbrev [25] 0x769:0xf DW_TAG_variable
	.byte	2                               @ DW_AT_location
	.byte	145
	.byte	56
	.long	.Linfo_string170                @ DW_AT_name
	.byte	2                               @ DW_AT_decl_file
	.short	1206                            @ DW_AT_decl_line
	.long	713                             @ DW_AT_type
	.byte	25                              @ Abbrev [25] 0x778:0xf DW_TAG_variable
	.byte	2                               @ DW_AT_location
	.byte	145
	.byte	52
	.long	.Linfo_string171                @ DW_AT_name
	.byte	2                               @ DW_AT_decl_file
	.short	1208                            @ DW_AT_decl_line
	.long	809                             @ DW_AT_type
	.byte	25                              @ Abbrev [25] 0x787:0xf DW_TAG_variable
	.byte	2                               @ DW_AT_location
	.byte	145
	.byte	48
	.long	.Linfo_string133                @ DW_AT_name
	.byte	2                               @ DW_AT_decl_file
	.short	1210                            @ DW_AT_decl_line
	.long	809                             @ DW_AT_type
	.byte	25                              @ Abbrev [25] 0x796:0xf DW_TAG_variable
	.byte	2                               @ DW_AT_location
	.byte	145
	.byte	40
	.long	.Linfo_string172                @ DW_AT_name
	.byte	2                               @ DW_AT_decl_file
	.short	1213                            @ DW_AT_decl_line
	.long	763                             @ DW_AT_type
	.byte	0                               @ End Of Children Mark
	.byte	23                              @ Abbrev [23] 0x7a6:0xef DW_TAG_subprogram
	.long	.Lfunc_begin9                   @ DW_AT_low_pc
	.long	.Lfunc_end9-.Lfunc_begin9       @ DW_AT_high_pc
	.byte	1                               @ DW_AT_frame_base
	.byte	93
	.long	.Linfo_string101                @ DW_AT_name
	.byte	2                               @ DW_AT_decl_file
	.short	338                             @ DW_AT_decl_line
                                        @ DW_AT_prototyped
	.long	713                             @ DW_AT_type
	.byte	24                              @ Abbrev [24] 0x7bc:0x10 DW_TAG_formal_parameter
	.byte	3                               @ DW_AT_location
	.byte	145
	.asciz	"\330"
	.long	.Linfo_string173                @ DW_AT_name
	.byte	2                               @ DW_AT_decl_file
	.short	338                             @ DW_AT_decl_line
	.long	784                             @ DW_AT_type
	.byte	24                              @ Abbrev [24] 0x7cc:0x10 DW_TAG_formal_parameter
	.byte	3                               @ DW_AT_location
	.byte	145
	.asciz	"\324"
	.long	.Linfo_string174                @ DW_AT_name
	.byte	2                               @ DW_AT_decl_file
	.short	338                             @ DW_AT_decl_line
	.long	283                             @ DW_AT_type
	.byte	24                              @ Abbrev [24] 0x7dc:0x10 DW_TAG_formal_parameter
	.byte	3                               @ DW_AT_location
	.byte	145
	.asciz	"\320"
	.long	.Linfo_string162                @ DW_AT_name
	.byte	2                               @ DW_AT_decl_file
	.short	338                             @ DW_AT_decl_line
	.long	713                             @ DW_AT_type
	.byte	24                              @ Abbrev [24] 0x7ec:0x10 DW_TAG_formal_parameter
	.byte	3                               @ DW_AT_location
	.byte	145
	.asciz	"\314"
	.long	.Linfo_string146                @ DW_AT_name
	.byte	2                               @ DW_AT_decl_file
	.short	338                             @ DW_AT_decl_line
	.long	713                             @ DW_AT_type
	.byte	24                              @ Abbrev [24] 0x7fc:0x10 DW_TAG_formal_parameter
	.byte	3                               @ DW_AT_location
	.byte	145
	.asciz	"\313"
	.long	.Linfo_string145                @ DW_AT_name
	.byte	2                               @ DW_AT_decl_file
	.short	338                             @ DW_AT_decl_line
	.long	2885                            @ DW_AT_type
	.byte	25                              @ Abbrev [25] 0x80c:0x10 DW_TAG_variable
	.byte	3                               @ DW_AT_location
	.byte	145
	.asciz	"\300"
	.long	.Linfo_string175                @ DW_AT_name
	.byte	2                               @ DW_AT_decl_file
	.short	341                             @ DW_AT_decl_line
	.long	749                             @ DW_AT_type
	.byte	25                              @ Abbrev [25] 0x81c:0xf DW_TAG_variable
	.byte	2                               @ DW_AT_location
	.byte	145
	.byte	56
	.long	.Linfo_string176                @ DW_AT_name
	.byte	2                               @ DW_AT_decl_file
	.short	342                             @ DW_AT_decl_line
	.long	749                             @ DW_AT_type
	.byte	25                              @ Abbrev [25] 0x82b:0xf DW_TAG_variable
	.byte	2                               @ DW_AT_location
	.byte	145
	.byte	48
	.long	.Linfo_string134                @ DW_AT_name
	.byte	2                               @ DW_AT_decl_file
	.short	343                             @ DW_AT_decl_line
	.long	749                             @ DW_AT_type
	.byte	25                              @ Abbrev [25] 0x83a:0xf DW_TAG_variable
	.byte	2                               @ DW_AT_location
	.byte	145
	.byte	40
	.long	.Linfo_string177                @ DW_AT_name
	.byte	2                               @ DW_AT_decl_file
	.short	345                             @ DW_AT_decl_line
	.long	770                             @ DW_AT_type
	.byte	25                              @ Abbrev [25] 0x849:0xf DW_TAG_variable
	.byte	2                               @ DW_AT_location
	.byte	145
	.byte	32
	.long	.Linfo_string178                @ DW_AT_name
	.byte	2                               @ DW_AT_decl_file
	.short	346                             @ DW_AT_decl_line
	.long	770                             @ DW_AT_type
	.byte	25                              @ Abbrev [25] 0x858:0xf DW_TAG_variable
	.byte	2                               @ DW_AT_location
	.byte	145
	.byte	24
	.long	.Linfo_string179                @ DW_AT_name
	.byte	2                               @ DW_AT_decl_file
	.short	347                             @ DW_AT_decl_line
	.long	770                             @ DW_AT_type
	.byte	25                              @ Abbrev [25] 0x867:0xf DW_TAG_variable
	.byte	2                               @ DW_AT_location
	.byte	145
	.byte	16
	.long	.Linfo_string180                @ DW_AT_name
	.byte	2                               @ DW_AT_decl_file
	.short	348                             @ DW_AT_decl_line
	.long	770                             @ DW_AT_type
	.byte	25                              @ Abbrev [25] 0x876:0xf DW_TAG_variable
	.byte	2                               @ DW_AT_location
	.byte	145
	.byte	12
	.long	.Linfo_string181                @ DW_AT_name
	.byte	2                               @ DW_AT_decl_file
	.short	360                             @ DW_AT_decl_line
	.long	713                             @ DW_AT_type
	.byte	25                              @ Abbrev [25] 0x885:0xf DW_TAG_variable
	.byte	2                               @ DW_AT_location
	.byte	145
	.byte	8
	.long	.Linfo_string182                @ DW_AT_name
	.byte	2                               @ DW_AT_decl_file
	.short	361                             @ DW_AT_decl_line
	.long	784                             @ DW_AT_type
	.byte	0                               @ End Of Children Mark
	.byte	28                              @ Abbrev [28] 0x895:0x6d DW_TAG_subprogram
	.long	.Lfunc_begin10                  @ DW_AT_low_pc
	.long	.Lfunc_end10-.Lfunc_begin10     @ DW_AT_high_pc
	.byte	1                               @ DW_AT_frame_base
	.byte	93
	.long	.Linfo_string102                @ DW_AT_name
	.byte	2                               @ DW_AT_decl_file
	.short	315                             @ DW_AT_decl_line
                                        @ DW_AT_prototyped
	.byte	24                              @ Abbrev [24] 0x8a7:0xf DW_TAG_formal_parameter
	.byte	2                               @ DW_AT_location
	.byte	145
	.byte	23
	.long	.Linfo_string134                @ DW_AT_name
	.byte	2                               @ DW_AT_decl_file
	.short	316                             @ DW_AT_decl_line
	.long	731                             @ DW_AT_type
	.byte	24                              @ Abbrev [24] 0x8b6:0xf DW_TAG_formal_parameter
	.byte	2                               @ DW_AT_location
	.byte	145
	.byte	16
	.long	.Linfo_string183                @ DW_AT_name
	.byte	2                               @ DW_AT_decl_file
	.short	316                             @ DW_AT_decl_line
	.long	713                             @ DW_AT_type
	.byte	24                              @ Abbrev [24] 0x8c5:0xf DW_TAG_formal_parameter
	.byte	2                               @ DW_AT_location
	.byte	145
	.byte	12
	.long	.Linfo_string184                @ DW_AT_name
	.byte	2                               @ DW_AT_decl_file
	.short	316                             @ DW_AT_decl_line
	.long	713                             @ DW_AT_type
	.byte	24                              @ Abbrev [24] 0x8d4:0xf DW_TAG_formal_parameter
	.byte	2                               @ DW_AT_location
	.byte	145
	.byte	8
	.long	.Linfo_string140                @ DW_AT_name
	.byte	2                               @ DW_AT_decl_file
	.short	316                             @ DW_AT_decl_line
	.long	2915                            @ DW_AT_type
	.byte	24                              @ Abbrev [24] 0x8e3:0xf DW_TAG_formal_parameter
	.byte	2                               @ DW_AT_location
	.byte	145
	.byte	32
	.long	.Linfo_string130                @ DW_AT_name
	.byte	2                               @ DW_AT_decl_file
	.short	316                             @ DW_AT_decl_line
	.long	2846                            @ DW_AT_type
	.byte	25                              @ Abbrev [25] 0x8f2:0xf DW_TAG_variable
	.byte	2                               @ DW_AT_location
	.byte	145
	.byte	4
	.long	.Linfo_string157                @ DW_AT_name
	.byte	2                               @ DW_AT_decl_file
	.short	318                             @ DW_AT_decl_line
	.long	713                             @ DW_AT_type
	.byte	0                               @ End Of Children Mark
	.byte	23                              @ Abbrev [23] 0x902:0x110 DW_TAG_subprogram
	.long	.Lfunc_begin11                  @ DW_AT_low_pc
	.long	.Lfunc_end11-.Lfunc_begin11     @ DW_AT_high_pc
	.byte	1                               @ DW_AT_frame_base
	.byte	93
	.long	.Linfo_string103                @ DW_AT_name
	.byte	2                               @ DW_AT_decl_file
	.short	496                             @ DW_AT_decl_line
                                        @ DW_AT_prototyped
	.long	713                             @ DW_AT_type
	.byte	24                              @ Abbrev [24] 0x918:0x10 DW_TAG_formal_parameter
	.byte	3                               @ DW_AT_location
	.byte	145
	.asciz	"\350"
	.long	.Linfo_string173                @ DW_AT_name
	.byte	2                               @ DW_AT_decl_file
	.short	496                             @ DW_AT_decl_line
	.long	784                             @ DW_AT_type
	.byte	24                              @ Abbrev [24] 0x928:0x10 DW_TAG_formal_parameter
	.byte	3                               @ DW_AT_location
	.byte	145
	.asciz	"\344"
	.long	.Linfo_string174                @ DW_AT_name
	.byte	2                               @ DW_AT_decl_file
	.short	497                             @ DW_AT_decl_line
	.long	283                             @ DW_AT_type
	.byte	24                              @ Abbrev [24] 0x938:0x10 DW_TAG_formal_parameter
	.byte	3                               @ DW_AT_location
	.byte	145
	.asciz	"\340"
	.long	.Linfo_string146                @ DW_AT_name
	.byte	2                               @ DW_AT_decl_file
	.short	498                             @ DW_AT_decl_line
	.long	713                             @ DW_AT_type
	.byte	24                              @ Abbrev [24] 0x948:0x10 DW_TAG_formal_parameter
	.byte	3                               @ DW_AT_location
	.byte	145
	.asciz	"\334"
	.long	.Linfo_string142                @ DW_AT_name
	.byte	2                               @ DW_AT_decl_file
	.short	499                             @ DW_AT_decl_line
	.long	738                             @ DW_AT_type
	.byte	25                              @ Abbrev [25] 0x958:0x10 DW_TAG_variable
	.byte	3                               @ DW_AT_location
	.byte	145
	.asciz	"\330"
	.long	.Linfo_string175                @ DW_AT_name
	.byte	2                               @ DW_AT_decl_file
	.short	501                             @ DW_AT_decl_line
	.long	713                             @ DW_AT_type
	.byte	25                              @ Abbrev [25] 0x968:0x10 DW_TAG_variable
	.byte	3                               @ DW_AT_location
	.byte	145
	.asciz	"\324"
	.long	.Linfo_string176                @ DW_AT_name
	.byte	2                               @ DW_AT_decl_file
	.short	502                             @ DW_AT_decl_line
	.long	713                             @ DW_AT_type
	.byte	25                              @ Abbrev [25] 0x978:0x10 DW_TAG_variable
	.byte	3                               @ DW_AT_location
	.byte	145
	.asciz	"\320"
	.long	.Linfo_string134                @ DW_AT_name
	.byte	2                               @ DW_AT_decl_file
	.short	503                             @ DW_AT_decl_line
	.long	713                             @ DW_AT_type
	.byte	25                              @ Abbrev [25] 0x988:0x10 DW_TAG_variable
	.byte	3                               @ DW_AT_location
	.byte	145
	.asciz	"\314"
	.long	.Linfo_string157                @ DW_AT_name
	.byte	2                               @ DW_AT_decl_file
	.short	504                             @ DW_AT_decl_line
	.long	738                             @ DW_AT_type
	.byte	25                              @ Abbrev [25] 0x998:0x10 DW_TAG_variable
	.byte	3                               @ DW_AT_location
	.byte	145
	.asciz	"\300"
	.long	.Linfo_string185                @ DW_AT_name
	.byte	2                               @ DW_AT_decl_file
	.short	505                             @ DW_AT_decl_line
	.long	763                             @ DW_AT_type
	.byte	25                              @ Abbrev [25] 0x9a8:0xf DW_TAG_variable
	.byte	2                               @ DW_AT_location
	.byte	145
	.byte	56
	.long	.Linfo_string186                @ DW_AT_name
	.byte	2                               @ DW_AT_decl_file
	.short	506                             @ DW_AT_decl_line
	.long	763                             @ DW_AT_type
	.byte	25                              @ Abbrev [25] 0x9b7:0xf DW_TAG_variable
	.byte	2                               @ DW_AT_location
	.byte	145
	.byte	48
	.long	.Linfo_string187                @ DW_AT_name
	.byte	2                               @ DW_AT_decl_file
	.short	507                             @ DW_AT_decl_line
	.long	763                             @ DW_AT_type
	.byte	25                              @ Abbrev [25] 0x9c6:0xf DW_TAG_variable
	.byte	2                               @ DW_AT_location
	.byte	145
	.byte	40
	.long	.Linfo_string188                @ DW_AT_name
	.byte	2                               @ DW_AT_decl_file
	.short	508                             @ DW_AT_decl_line
	.long	763                             @ DW_AT_type
	.byte	25                              @ Abbrev [25] 0x9d5:0xf DW_TAG_variable
	.byte	2                               @ DW_AT_location
	.byte	145
	.byte	32
	.long	.Linfo_string189                @ DW_AT_name
	.byte	2                               @ DW_AT_decl_file
	.short	509                             @ DW_AT_decl_line
	.long	763                             @ DW_AT_type
	.byte	25                              @ Abbrev [25] 0x9e4:0xf DW_TAG_variable
	.byte	2                               @ DW_AT_location
	.byte	145
	.byte	24
	.long	.Linfo_string190                @ DW_AT_name
	.byte	2                               @ DW_AT_decl_file
	.short	510                             @ DW_AT_decl_line
	.long	763                             @ DW_AT_type
	.byte	25                              @ Abbrev [25] 0x9f3:0xf DW_TAG_variable
	.byte	2                               @ DW_AT_location
	.byte	145
	.byte	20
	.long	.Linfo_string181                @ DW_AT_name
	.byte	2                               @ DW_AT_decl_file
	.short	512                             @ DW_AT_decl_line
	.long	713                             @ DW_AT_type
	.byte	25                              @ Abbrev [25] 0xa02:0xf DW_TAG_variable
	.byte	2                               @ DW_AT_location
	.byte	145
	.byte	16
	.long	.Linfo_string182                @ DW_AT_name
	.byte	2                               @ DW_AT_decl_file
	.short	513                             @ DW_AT_decl_line
	.long	784                             @ DW_AT_type
	.byte	0                               @ End Of Children Mark
	.byte	23                              @ Abbrev [23] 0xa12:0x44 DW_TAG_subprogram
	.long	.Lfunc_begin12                  @ DW_AT_low_pc
	.long	.Lfunc_end12-.Lfunc_begin12     @ DW_AT_high_pc
	.byte	1                               @ DW_AT_frame_base
	.byte	93
	.long	.Linfo_string104                @ DW_AT_name
	.byte	2                               @ DW_AT_decl_file
	.short	291                             @ DW_AT_decl_line
                                        @ DW_AT_prototyped
	.long	738                             @ DW_AT_type
	.byte	24                              @ Abbrev [24] 0xa28:0xf DW_TAG_formal_parameter
	.byte	2                               @ DW_AT_location
	.byte	145
	.byte	8
	.long	.Linfo_string171                @ DW_AT_name
	.byte	2                               @ DW_AT_decl_file
	.short	291                             @ DW_AT_decl_line
	.long	804                             @ DW_AT_type
	.byte	25                              @ Abbrev [25] 0xa37:0xf DW_TAG_variable
	.byte	2                               @ DW_AT_location
	.byte	145
	.byte	7
	.long	.Linfo_string140                @ DW_AT_name
	.byte	2                               @ DW_AT_decl_file
	.short	293                             @ DW_AT_decl_line
	.long	135                             @ DW_AT_type
	.byte	25                              @ Abbrev [25] 0xa46:0xf DW_TAG_variable
	.byte	2                               @ DW_AT_location
	.byte	145
	.byte	6
	.long	.Linfo_string134                @ DW_AT_name
	.byte	2                               @ DW_AT_decl_file
	.short	294                             @ DW_AT_decl_line
	.long	731                             @ DW_AT_type
	.byte	0                               @ End Of Children Mark
	.byte	3                               @ Abbrev [3] 0xa56:0xb DW_TAG_typedef
	.long	713                             @ DW_AT_type
	.long	.Linfo_string92                 @ DW_AT_name
	.byte	6                               @ DW_AT_decl_file
	.byte	219                             @ DW_AT_decl_line
	.byte	3                               @ Abbrev [3] 0xa61:0xb DW_TAG_typedef
	.long	2668                            @ DW_AT_type
	.long	.Linfo_string121                @ DW_AT_name
	.byte	3                               @ DW_AT_decl_file
	.byte	181                             @ DW_AT_decl_line
	.byte	4                               @ Abbrev [4] 0xa6c:0x75 DW_TAG_structure_type
	.long	.Linfo_string120                @ DW_AT_name
	.byte	16                              @ DW_AT_byte_size
	.byte	3                               @ DW_AT_decl_file
	.byte	164                             @ DW_AT_decl_line
	.byte	5                               @ Abbrev [5] 0xa74:0xc DW_TAG_member
	.long	.Linfo_string110                @ DW_AT_name
	.long	738                             @ DW_AT_type
	.byte	3                               @ DW_AT_decl_file
	.byte	166                             @ DW_AT_decl_line
	.byte	0                               @ DW_AT_data_member_location
	.byte	5                               @ Abbrev [5] 0xa80:0xc DW_TAG_member
	.long	.Linfo_string111                @ DW_AT_name
	.long	738                             @ DW_AT_type
	.byte	3                               @ DW_AT_decl_file
	.byte	167                             @ DW_AT_decl_line
	.byte	4                               @ DW_AT_data_member_location
	.byte	5                               @ Abbrev [5] 0xa8c:0xc DW_TAG_member
	.long	.Linfo_string112                @ DW_AT_name
	.long	2785                            @ DW_AT_type
	.byte	3                               @ DW_AT_decl_file
	.byte	168                             @ DW_AT_decl_line
	.byte	8                               @ DW_AT_data_member_location
	.byte	5                               @ Abbrev [5] 0xa98:0xc DW_TAG_member
	.long	.Linfo_string114                @ DW_AT_name
	.long	2796                            @ DW_AT_type
	.byte	3                               @ DW_AT_decl_file
	.byte	169                             @ DW_AT_decl_line
	.byte	9                               @ DW_AT_data_member_location
	.byte	5                               @ Abbrev [5] 0xaa4:0xc DW_TAG_member
	.long	.Linfo_string116                @ DW_AT_name
	.long	135                             @ DW_AT_type
	.byte	3                               @ DW_AT_decl_file
	.byte	170                             @ DW_AT_decl_line
	.byte	10                              @ DW_AT_data_member_location
	.byte	5                               @ Abbrev [5] 0xab0:0xc DW_TAG_member
	.long	.Linfo_string117                @ DW_AT_name
	.long	135                             @ DW_AT_type
	.byte	3                               @ DW_AT_decl_file
	.byte	171                             @ DW_AT_decl_line
	.byte	11                              @ DW_AT_data_member_location
	.byte	5                               @ Abbrev [5] 0xabc:0xc DW_TAG_member
	.long	.Linfo_string118                @ DW_AT_name
	.long	135                             @ DW_AT_type
	.byte	3                               @ DW_AT_decl_file
	.byte	172                             @ DW_AT_decl_line
	.byte	12                              @ DW_AT_data_member_location
	.byte	5                               @ Abbrev [5] 0xac8:0xc DW_TAG_member
	.long	.Linfo_string119                @ DW_AT_name
	.long	135                             @ DW_AT_type
	.byte	3                               @ DW_AT_decl_file
	.byte	173                             @ DW_AT_decl_line
	.byte	13                              @ DW_AT_data_member_location
	.byte	5                               @ Abbrev [5] 0xad4:0xc DW_TAG_member
	.long	.Linfo_string105                @ DW_AT_name
	.long	135                             @ DW_AT_type
	.byte	3                               @ DW_AT_decl_file
	.byte	174                             @ DW_AT_decl_line
	.byte	14                              @ DW_AT_data_member_location
	.byte	0                               @ End Of Children Mark
	.byte	3                               @ Abbrev [3] 0xae1:0xb DW_TAG_typedef
	.long	421                             @ DW_AT_type
	.long	.Linfo_string113                @ DW_AT_name
	.byte	3                               @ DW_AT_decl_file
	.byte	154                             @ DW_AT_decl_line
	.byte	3                               @ Abbrev [3] 0xaec:0xb DW_TAG_typedef
	.long	452                             @ DW_AT_type
	.long	.Linfo_string115                @ DW_AT_name
	.byte	3                               @ DW_AT_decl_file
	.byte	161                             @ DW_AT_decl_line
	.byte	3                               @ Abbrev [3] 0xaf7:0xb DW_TAG_typedef
	.long	2818                            @ DW_AT_type
	.long	.Linfo_string127                @ DW_AT_name
	.byte	8                               @ DW_AT_decl_file
	.byte	40                              @ DW_AT_decl_line
	.byte	29                              @ Abbrev [29] 0xb02:0x9 DW_TAG_typedef
	.long	2827                            @ DW_AT_type
	.long	.Linfo_string126                @ DW_AT_name
	.byte	30                              @ Abbrev [30] 0xb0b:0x13 DW_TAG_structure_type
	.long	.Linfo_string125                @ DW_AT_name
	.byte	4                               @ DW_AT_byte_size
	.byte	5                               @ Abbrev [5] 0xb11:0xc DW_TAG_member
	.long	.Linfo_string124                @ DW_AT_name
	.long	283                             @ DW_AT_type
	.byte	7                               @ DW_AT_decl_file
	.byte	168                             @ DW_AT_decl_line
	.byte	0                               @ DW_AT_data_member_location
	.byte	0                               @ End Of Children Mark
	.byte	3                               @ Abbrev [3] 0xb1e:0xb DW_TAG_typedef
	.long	2857                            @ DW_AT_type
	.long	.Linfo_string131                @ DW_AT_name
	.byte	2                               @ DW_AT_decl_file
	.byte	50                              @ DW_AT_decl_line
	.byte	10                              @ Abbrev [10] 0xb29:0x5 DW_TAG_pointer_type
	.long	2862                            @ DW_AT_type
	.byte	11                              @ Abbrev [11] 0xb2e:0xb DW_TAG_subroutine_type
	.long	724                             @ DW_AT_type
                                        @ DW_AT_prototyped
	.byte	12                              @ Abbrev [12] 0xb33:0x5 DW_TAG_formal_parameter
	.long	724                             @ DW_AT_type
	.byte	0                               @ End Of Children Mark
	.byte	6                               @ Abbrev [6] 0xb39:0xc DW_TAG_array_type
	.long	731                             @ DW_AT_type
	.byte	7                               @ Abbrev [7] 0xb3e:0x6 DW_TAG_subrange_type
	.long	153                             @ DW_AT_type
	.byte	33                              @ DW_AT_count
	.byte	0                               @ End Of Children Mark
	.byte	8                               @ Abbrev [8] 0xb45:0x7 DW_TAG_base_type
	.long	.Linfo_string139                @ DW_AT_name
	.byte	2                               @ DW_AT_encoding
	.byte	1                               @ DW_AT_byte_size
	.byte	6                               @ Abbrev [6] 0xb4c:0xc DW_TAG_array_type
	.long	731                             @ DW_AT_type
	.byte	7                               @ Abbrev [7] 0xb51:0x6 DW_TAG_subrange_type
	.long	153                             @ DW_AT_type
	.byte	21                              @ DW_AT_count
	.byte	0                               @ End Of Children Mark
	.byte	3                               @ Abbrev [3] 0xb58:0xb DW_TAG_typedef
	.long	819                             @ DW_AT_type
	.long	.Linfo_string163                @ DW_AT_name
	.byte	1                               @ DW_AT_decl_file
	.byte	56                              @ DW_AT_decl_line
	.byte	10                              @ Abbrev [10] 0xb63:0x5 DW_TAG_pointer_type
	.long	713                             @ DW_AT_type
	.byte	0                               @ End Of Children Mark
.Ldebug_info_end0:
	.section	.debug_ranges,"",%progbits
.Ldebug_ranges0:
	.long	.Lfunc_begin0
	.long	.Lfunc_end0
	.long	.Lfunc_begin1
	.long	.Lfunc_end1
	.long	.Lfunc_begin2
	.long	.Lfunc_end2
	.long	.Lfunc_begin3
	.long	.Lfunc_end3
	.long	.Lfunc_begin4
	.long	.Lfunc_end4
	.long	.Lfunc_begin5
	.long	.Lfunc_end5
	.long	.Lfunc_begin6
	.long	.Lfunc_end6
	.long	.Lfunc_begin7
	.long	.Lfunc_end7
	.long	.Lfunc_begin8
	.long	.Lfunc_end8
	.long	.Lfunc_begin9
	.long	.Lfunc_end9
	.long	.Lfunc_begin10
	.long	.Lfunc_end10
	.long	.Lfunc_begin11
	.long	.Lfunc_end11
	.long	.Lfunc_begin12
	.long	.Lfunc_end12
	.long	0
	.long	0
	.section	.debug_str,"MS",%progbits,1
.Linfo_string0:
	.asciz	"Component: Arm Compiler for Embedded 6.19 Tool: armclang [5e73cb00]" @ string offset=0
.Linfo_string1:
	.asciz	"../../libraries/sdk/utilities/debug_console\\fsl_debug_console.c" @ string offset=68
.Linfo_string2:
	.asciz	"E:\\FILE_SMART_CAR\\\346\231\272\350\203\275\350\247\206\350\247\211\\RT1064_Library-master\\RT1064_Library-master\\SeekFree_RT1064_Opensource_Library\\project\\mdk" @ string offset=132
.Linfo_string3:
	.asciz	"s_debugConsole"                @ string offset=254
.Linfo_string4:
	.asciz	"uartHandleBuffer"              @ string offset=269
.Linfo_string5:
	.asciz	"unsigned char"                 @ string offset=286
.Linfo_string6:
	.asciz	"uint8_t"                       @ string offset=300
.Linfo_string7:
	.asciz	"__ARRAY_SIZE_TYPE__"           @ string offset=308
.Linfo_string8:
	.asciz	"putChar"                       @ string offset=328
.Linfo_string9:
	.asciz	"unsigned short"                @ string offset=336
.Linfo_string10:
	.asciz	"kStatus_HAL_UartSuccess"       @ string offset=351
.Linfo_string11:
	.asciz	"kStatus_HAL_UartTxBusy"        @ string offset=375
.Linfo_string12:
	.asciz	"kStatus_HAL_UartRxBusy"        @ string offset=398
.Linfo_string13:
	.asciz	"kStatus_HAL_UartTxIdle"        @ string offset=421
.Linfo_string14:
	.asciz	"kStatus_HAL_UartRxIdle"        @ string offset=444
.Linfo_string15:
	.asciz	"kStatus_HAL_UartBaudrateNotSupport" @ string offset=467
.Linfo_string16:
	.asciz	"kStatus_HAL_UartProtocolError" @ string offset=502
.Linfo_string17:
	.asciz	"kStatus_HAL_UartError"         @ string offset=532
.Linfo_string18:
	.asciz	"_hal_uart_status"              @ string offset=554
.Linfo_string19:
	.asciz	"hal_uart_status_t"             @ string offset=571
.Linfo_string20:
	.asciz	"hal_uart_handle_t"             @ string offset=589
.Linfo_string21:
	.asciz	"unsigned int"                  @ string offset=607
.Linfo_string22:
	.asciz	"size_t"                        @ string offset=620
.Linfo_string23:
	.asciz	"getChar"                       @ string offset=627
.Linfo_string24:
	.asciz	"serial_port_type"              @ string offset=635
.Linfo_string25:
	.asciz	"kSerialPort_None"              @ string offset=652
.Linfo_string26:
	.asciz	"kSerialPort_Uart"              @ string offset=669
.Linfo_string27:
	.asciz	"kSerialPort_UsbCdc"            @ string offset=686
.Linfo_string28:
	.asciz	"kSerialPort_Swo"               @ string offset=705
.Linfo_string29:
	.asciz	"kSerialPort_Virtual"           @ string offset=721
.Linfo_string30:
	.asciz	"kSerialPort_Rpmsg"             @ string offset=741
.Linfo_string31:
	.asciz	"kSerialPort_UartDma"           @ string offset=759
.Linfo_string32:
	.asciz	"kSerialPort_SpiMaster"         @ string offset=779
.Linfo_string33:
	.asciz	"kSerialPort_SpiSlave"          @ string offset=801
.Linfo_string34:
	.asciz	"_serial_port_type"             @ string offset=822
.Linfo_string35:
	.asciz	"serial_port_type_t"            @ string offset=840
.Linfo_string36:
	.asciz	"DebugConsoleState"             @ string offset=859
.Linfo_string37:
	.asciz	"debug_console_state_t"         @ string offset=877
.Linfo_string38:
	.asciz	"kHAL_UartParityDisabled"       @ string offset=899
.Linfo_string39:
	.asciz	"kHAL_UartParityEven"           @ string offset=923
.Linfo_string40:
	.asciz	"kHAL_UartParityOdd"            @ string offset=943
.Linfo_string41:
	.asciz	"_hal_uart_parity_mode"         @ string offset=962
.Linfo_string42:
	.asciz	"kHAL_UartOneStopBit"           @ string offset=984
.Linfo_string43:
	.asciz	"kHAL_UartTwoStopBit"           @ string offset=1004
.Linfo_string44:
	.asciz	"_hal_uart_stop_bit_count"      @ string offset=1024
.Linfo_string45:
	.asciz	"kStatus_Success"               @ string offset=1049
.Linfo_string46:
	.asciz	"kStatus_Fail"                  @ string offset=1065
.Linfo_string47:
	.asciz	"kStatus_ReadOnly"              @ string offset=1078
.Linfo_string48:
	.asciz	"kStatus_OutOfRange"            @ string offset=1095
.Linfo_string49:
	.asciz	"kStatus_InvalidArgument"       @ string offset=1114
.Linfo_string50:
	.asciz	"kStatus_Timeout"               @ string offset=1138
.Linfo_string51:
	.asciz	"kStatus_NoTransferInProgress"  @ string offset=1154
.Linfo_string52:
	.asciz	"kStatus_Busy"                  @ string offset=1183
.Linfo_string53:
	.asciz	"kStatus_NoData"                @ string offset=1196
.Linfo_string54:
	.asciz	"kPRINTF_Minus"                 @ string offset=1211
.Linfo_string55:
	.asciz	"kPRINTF_Plus"                  @ string offset=1225
.Linfo_string56:
	.asciz	"kPRINTF_Space"                 @ string offset=1238
.Linfo_string57:
	.asciz	"kPRINTF_Zero"                  @ string offset=1252
.Linfo_string58:
	.asciz	"kPRINTF_Pound"                 @ string offset=1265
.Linfo_string59:
	.asciz	"kPRINTF_LengthChar"            @ string offset=1279
.Linfo_string60:
	.asciz	"kPRINTF_LengthShortInt"        @ string offset=1298
.Linfo_string61:
	.asciz	"kPRINTF_LengthLongInt"         @ string offset=1321
.Linfo_string62:
	.asciz	"kPRINTF_LengthLongLongInt"     @ string offset=1343
.Linfo_string63:
	.asciz	"_debugconsole_printf_flag"     @ string offset=1369
.Linfo_string64:
	.asciz	"kSCANF_Suppress"               @ string offset=1395
.Linfo_string65:
	.asciz	"kSCANF_DestMask"               @ string offset=1411
.Linfo_string66:
	.asciz	"kSCANF_DestChar"               @ string offset=1427
.Linfo_string67:
	.asciz	"kSCANF_DestString"             @ string offset=1443
.Linfo_string68:
	.asciz	"kSCANF_DestSet"                @ string offset=1461
.Linfo_string69:
	.asciz	"kSCANF_DestInt"                @ string offset=1476
.Linfo_string70:
	.asciz	"kSCANF_DestFloat"              @ string offset=1491
.Linfo_string71:
	.asciz	"kSCANF_LengthMask"             @ string offset=1508
.Linfo_string72:
	.asciz	"kSCANF_LengthChar"             @ string offset=1526
.Linfo_string73:
	.asciz	"kSCANF_LengthShortInt"         @ string offset=1544
.Linfo_string74:
	.asciz	"kSCANF_LengthLongInt"          @ string offset=1566
.Linfo_string75:
	.asciz	"kSCANF_LengthLongLongInt"      @ string offset=1587
.Linfo_string76:
	.asciz	"kSCANF_LengthLongLongDouble"   @ string offset=1612
.Linfo_string77:
	.asciz	"kSCANF_TypeSinged"             @ string offset=1640
.Linfo_string78:
	.asciz	"_debugconsole_scanf_flag"      @ string offset=1658
.Linfo_string79:
	.asciz	"int"                           @ string offset=1683
.Linfo_string80:
	.asciz	"int32_t"                       @ string offset=1687
.Linfo_string81:
	.asciz	"char"                          @ string offset=1695
.Linfo_string82:
	.asciz	"uint32_t"                      @ string offset=1700
.Linfo_string83:
	.asciz	"long long"                     @ string offset=1709
.Linfo_string84:
	.asciz	"long"                          @ string offset=1719
.Linfo_string85:
	.asciz	"double"                        @ string offset=1724
.Linfo_string86:
	.asciz	"unsigned long long"            @ string offset=1731
.Linfo_string87:
	.asciz	"unsigned long"                 @ string offset=1750
.Linfo_string88:
	.asciz	"signed char"                   @ string offset=1764
.Linfo_string89:
	.asciz	"short"                         @ string offset=1776
.Linfo_string90:
	.asciz	"float"                         @ string offset=1782
.Linfo_string91:
	.asciz	"DbgConsole_Init"               @ string offset=1788
.Linfo_string92:
	.asciz	"status_t"                      @ string offset=1804
.Linfo_string93:
	.asciz	"DbgConsole_Deinit"             @ string offset=1813
.Linfo_string94:
	.asciz	"DbgConsole_Printf"             @ string offset=1831
.Linfo_string95:
	.asciz	"DbgConsole_Vprintf"            @ string offset=1849
.Linfo_string96:
	.asciz	"DbgConsole_PrintfFormattedData" @ string offset=1868
.Linfo_string97:
	.asciz	"DbgConsole_Putchar"            @ string offset=1899
.Linfo_string98:
	.asciz	"DbgConsole_Scanf"              @ string offset=1918
.Linfo_string99:
	.asciz	"DbgConsole_Getchar"            @ string offset=1935
.Linfo_string100:
	.asciz	"DbgConsole_ScanfFormattedData" @ string offset=1954
.Linfo_string101:
	.asciz	"DbgConsole_ConvertRadixNumToString" @ string offset=1984
.Linfo_string102:
	.asciz	"DbgConsole_PrintfPaddingCharacter" @ string offset=2019
.Linfo_string103:
	.asciz	"DbgConsole_ConvertFloatRadixNumToString" @ string offset=2053
.Linfo_string104:
	.asciz	"DbgConsole_ScanIgnoreWhiteSpace" @ string offset=2093
.Linfo_string105:
	.asciz	"instance"                      @ string offset=2125
.Linfo_string106:
	.asciz	"baudRate"                      @ string offset=2134
.Linfo_string107:
	.asciz	"device"                        @ string offset=2143
.Linfo_string108:
	.asciz	"clkSrcFreq"                    @ string offset=2150
.Linfo_string109:
	.asciz	"usrtConfig"                    @ string offset=2161
.Linfo_string110:
	.asciz	"srcClock_Hz"                   @ string offset=2172
.Linfo_string111:
	.asciz	"baudRate_Bps"                  @ string offset=2184
.Linfo_string112:
	.asciz	"parityMode"                    @ string offset=2197
.Linfo_string113:
	.asciz	"hal_uart_parity_mode_t"        @ string offset=2208
.Linfo_string114:
	.asciz	"stopBitCount"                  @ string offset=2231
.Linfo_string115:
	.asciz	"hal_uart_stop_bit_count_t"     @ string offset=2244
.Linfo_string116:
	.asciz	"enableRx"                      @ string offset=2270
.Linfo_string117:
	.asciz	"enableTx"                      @ string offset=2279
.Linfo_string118:
	.asciz	"enableRxRTS"                   @ string offset=2288
.Linfo_string119:
	.asciz	"enableTxCTS"                   @ string offset=2300
.Linfo_string120:
	.asciz	"_hal_uart_config"              @ string offset=2312
.Linfo_string121:
	.asciz	"hal_uart_config_t"             @ string offset=2329
.Linfo_string122:
	.asciz	"fmt_s"                         @ string offset=2347
.Linfo_string123:
	.asciz	"ap"                            @ string offset=2353
.Linfo_string124:
	.asciz	"__ap"                          @ string offset=2356
.Linfo_string125:
	.asciz	"__va_list"                     @ string offset=2361
.Linfo_string126:
	.asciz	"__builtin_va_list"             @ string offset=2371
.Linfo_string127:
	.asciz	"va_list"                       @ string offset=2389
.Linfo_string128:
	.asciz	"result"                        @ string offset=2397
.Linfo_string129:
	.asciz	"formatStringArg"               @ string offset=2404
.Linfo_string130:
	.asciz	"func_ptr"                      @ string offset=2420
.Linfo_string131:
	.asciz	"PUTCHAR_FUNC"                  @ string offset=2429
.Linfo_string132:
	.asciz	"fmt"                           @ string offset=2442
.Linfo_string133:
	.asciz	"p"                             @ string offset=2446
.Linfo_string134:
	.asciz	"c"                             @ string offset=2448
.Linfo_string135:
	.asciz	"vstr"                          @ string offset=2450
.Linfo_string136:
	.asciz	"vstrp"                         @ string offset=2455
.Linfo_string137:
	.asciz	"vlen"                          @ string offset=2461
.Linfo_string138:
	.asciz	"done"                          @ string offset=2466
.Linfo_string139:
	.asciz	"_Bool"                         @ string offset=2471
.Linfo_string140:
	.asciz	"count"                         @ string offset=2477
.Linfo_string141:
	.asciz	"field_width"                   @ string offset=2483
.Linfo_string142:
	.asciz	"precision_width"               @ string offset=2495
.Linfo_string143:
	.asciz	"sval"                          @ string offset=2511
.Linfo_string144:
	.asciz	"cval"                          @ string offset=2516
.Linfo_string145:
	.asciz	"use_caps"                      @ string offset=2521
.Linfo_string146:
	.asciz	"radix"                         @ string offset=2530
.Linfo_string147:
	.asciz	"flags_used"                    @ string offset=2536
.Linfo_string148:
	.asciz	"schar"                         @ string offset=2547
.Linfo_string149:
	.asciz	"dschar"                        @ string offset=2553
.Linfo_string150:
	.asciz	"ival"                          @ string offset=2560
.Linfo_string151:
	.asciz	"uval"                          @ string offset=2565
.Linfo_string152:
	.asciz	"valid_precision_width"         @ string offset=2570
.Linfo_string153:
	.asciz	"fval"                          @ string offset=2592
.Linfo_string154:
	.asciz	"pval"                          @ string offset=2597
.Linfo_string155:
	.asciz	"ch"                            @ string offset=2602
.Linfo_string156:
	.asciz	"temp_buf"                      @ string offset=2605
.Linfo_string157:
	.asciz	"i"                             @ string offset=2614
.Linfo_string158:
	.asciz	"line_ptr"                      @ string offset=2616
.Linfo_string159:
	.asciz	"format"                        @ string offset=2625
.Linfo_string160:
	.asciz	"args_ptr"                      @ string offset=2632
.Linfo_string161:
	.asciz	"base"                          @ string offset=2641
.Linfo_string162:
	.asciz	"neg"                           @ string offset=2646
.Linfo_string163:
	.asciz	"int8_t"                        @ string offset=2650
.Linfo_string164:
	.asciz	"temp"                          @ string offset=2657
.Linfo_string165:
	.asciz	"buf"                           @ string offset=2662
.Linfo_string166:
	.asciz	"flag"                          @ string offset=2666
.Linfo_string167:
	.asciz	"nassigned"                     @ string offset=2671
.Linfo_string168:
	.asciz	"match_failure"                 @ string offset=2681
.Linfo_string169:
	.asciz	"n_decode"                      @ string offset=2695
.Linfo_string170:
	.asciz	"val"                           @ string offset=2704
.Linfo_string171:
	.asciz	"s"                             @ string offset=2708
.Linfo_string172:
	.asciz	"fnum"                          @ string offset=2710
.Linfo_string173:
	.asciz	"numstr"                        @ string offset=2715
.Linfo_string174:
	.asciz	"nump"                          @ string offset=2722
.Linfo_string175:
	.asciz	"a"                             @ string offset=2727
.Linfo_string176:
	.asciz	"b"                             @ string offset=2729
.Linfo_string177:
	.asciz	"ua"                            @ string offset=2731
.Linfo_string178:
	.asciz	"ub"                            @ string offset=2734
.Linfo_string179:
	.asciz	"uc"                            @ string offset=2737
.Linfo_string180:
	.asciz	"uc_param"                      @ string offset=2740
.Linfo_string181:
	.asciz	"nlen"                          @ string offset=2749
.Linfo_string182:
	.asciz	"nstrp"                         @ string offset=2754
.Linfo_string183:
	.asciz	"curlen"                        @ string offset=2760
.Linfo_string184:
	.asciz	"width"                         @ string offset=2767
.Linfo_string185:
	.asciz	"fa"                            @ string offset=2773
.Linfo_string186:
	.asciz	"dc"                            @ string offset=2776
.Linfo_string187:
	.asciz	"fb"                            @ string offset=2779
.Linfo_string188:
	.asciz	"r"                             @ string offset=2782
.Linfo_string189:
	.asciz	"fractpart"                     @ string offset=2784
.Linfo_string190:
	.asciz	"intpart"                       @ string offset=2794
	.ident	"Component: Arm Compiler for Embedded 6.19 Tool: armclang [5e73cb00]"
	.section	".note.GNU-stack","",%progbits
	.eabi_attribute	30, 6	@ Tag_ABI_optimization_goals
	.ARM_attribute	16, 1	@ Tag_AV_eba
	.section	.debug_line,"",%progbits
.Lline_table_start0:
