	.text
	.syntax unified
	.eabi_attribute	67, "2.09"	@ Tag_conformance
	.cpu	cortex-m7
	.eabi_attribute	6, 13	@ Tag_CPU_arch
	.eabi_attribute	7, 77	@ Tag_CPU_arch_profile
	.eabi_attribute	8, 0	@ Tag_ARM_ISA_use
	.eabi_attribute	9, 2	@ Tag_THUMB_ISA_use
	.fpu	fpv5-d16
	.eabi_attribute	36, 1	@ Tag_FP_HP_extension
	.eabi_attribute	34, 1	@ Tag_CPU_unaligned_access
	.eabi_attribute	17, 1	@ Tag_ABI_PCS_GOT_use
	.eabi_attribute	20, 2	@ Tag_ABI_FP_denormal
	.eabi_attribute	21, 0	@ Tag_ABI_FP_exceptions
	.eabi_attribute	23, 1	@ Tag_ABI_FP_number_model
	.eabi_attribute	24, 1	@ Tag_ABI_align_needed
	.eabi_attribute	25, 1	@ Tag_ABI_align_preserved
	.eabi_attribute	28, 1	@ Tag_ABI_VFP_args
	.eabi_attribute	38, 1	@ Tag_ABI_FP_16bit_format
	.eabi_attribute	18, 2	@ Tag_ABI_PCS_wchar_t
	.eabi_attribute	26, 1	@ Tag_ABI_enum_size
	.eabi_attribute	14, 0	@ Tag_ABI_PCS_R9_use
	.file	"fsl_flexcan.c"
	.file	1 "E:\\FILE_SMART_CAR\\\346\231\272\350\203\275\350\247\206\350\247\211\\RT1064_Library-master\\RT1064_Library-master\\SeekFree_RT1064_Opensource_Library\\project\\mdk" "../../libraries/sdk/drives/fsl_flexcan.c"
	.file	2 "D:\\KEIL\\ARM\\ARMCLANG\\Bin\\..\\include" "stdint.h"
	.file	3 "E:\\FILE_SMART_CAR\\\346\231\272\350\203\275\350\247\206\350\247\211\\RT1064_Library-master\\RT1064_Library-master\\SeekFree_RT1064_Opensource_Library\\project\\mdk" "../../libraries/sdk/deceive/MIMXRT1064.h"
	.file	4 "E:\\FILE_SMART_CAR\\\346\231\272\350\203\275\350\247\206\350\247\211\\RT1064_Library-master\\RT1064_Library-master\\SeekFree_RT1064_Opensource_Library\\project\\mdk" "../../libraries/sdk/drives/fsl_common.h"
	.file	5 "E:\\FILE_SMART_CAR\\\346\231\272\350\203\275\350\247\206\350\247\211\\RT1064_Library-master\\RT1064_Library-master\\SeekFree_RT1064_Opensource_Library\\project\\mdk" "../../libraries/sdk/drives/fsl_flexcan.h"
	.file	6 "E:\\FILE_SMART_CAR\\\346\231\272\350\203\275\350\247\206\350\247\211\\RT1064_Library-master\\RT1064_Library-master\\SeekFree_RT1064_Opensource_Library\\project\\mdk" "../../libraries/sdk/drives/fsl_clock.h"
	.file	7 "D:\\KEIL\\ARM\\ARMCLANG\\Bin\\..\\include" "string.h"
	.file	8 "E:\\FILE_SMART_CAR\\\346\231\272\350\203\275\350\247\206\350\247\211\\RT1064_Library-master\\RT1064_Library-master\\SeekFree_RT1064_Opensource_Library\\project\\mdk" "../../libraries/sdk/CMSIS/Include\\core_cm7.h"
	.section	.text.FLEXCAN_GetInstance,"ax",%progbits
	.hidden	FLEXCAN_GetInstance             @ -- Begin function FLEXCAN_GetInstance
	.globl	FLEXCAN_GetInstance
	.p2align	3
	.type	FLEXCAN_GetInstance,%function
	.code	16                              @ @FLEXCAN_GetInstance
	.thumb_func
FLEXCAN_GetInstance:
.Lfunc_begin0:
	.loc	1 395 0                         @ ../../libraries/sdk/drives/fsl_flexcan.c:395:0
	.fnstart
	.cfi_sections .debug_frame
	.cfi_startproc
@ %bb.0:
	.pad	#8
	sub	sp, #8
	.cfi_def_cfa_offset 8
	str	r0, [sp, #4]
	movs	r0, #0
.Ltmp0:
	.loc	1 399 19 prologue_end           @ ../../libraries/sdk/drives/fsl_flexcan.c:399:19
	str	r0, [sp]
	.loc	1 399 10 is_stmt 0              @ ../../libraries/sdk/drives/fsl_flexcan.c:399:10
	b	.LBB0_1
.LBB0_1:                                @ =>This Inner Loop Header: Depth=1
.Ltmp1:
	.loc	1 399 24                        @ ../../libraries/sdk/drives/fsl_flexcan.c:399:24
	ldr	r0, [sp]
.Ltmp2:
	.loc	1 399 5                         @ ../../libraries/sdk/drives/fsl_flexcan.c:399:5
	cmp	r0, #3
	bhi	.LBB0_6
	b	.LBB0_2
.LBB0_2:                                @   in Loop: Header=BB0_1 Depth=1
.Ltmp3:
	.loc	1 401 28 is_stmt 1              @ ../../libraries/sdk/drives/fsl_flexcan.c:401:28
	ldr	r1, [sp]
	.loc	1 401 13 is_stmt 0              @ ../../libraries/sdk/drives/fsl_flexcan.c:401:13
	movw	r0, :lower16:s_flexcanBases
	movt	r0, :upper16:s_flexcanBases
	ldr.w	r0, [r0, r1, lsl #2]
	.loc	1 401 41                        @ ../../libraries/sdk/drives/fsl_flexcan.c:401:41
	ldr	r1, [sp, #4]
.Ltmp4:
	.loc	1 401 13                        @ ../../libraries/sdk/drives/fsl_flexcan.c:401:13
	cmp	r0, r1
	bne	.LBB0_4
	b	.LBB0_3
.LBB0_3:
.Ltmp5:
	.loc	1 403 13 is_stmt 1              @ ../../libraries/sdk/drives/fsl_flexcan.c:403:13
	b	.LBB0_6
.Ltmp6:
.LBB0_4:                                @   in Loop: Header=BB0_1 Depth=1
	.loc	1 405 5                         @ ../../libraries/sdk/drives/fsl_flexcan.c:405:5
	b	.LBB0_5
.Ltmp7:
.LBB0_5:                                @   in Loop: Header=BB0_1 Depth=1
	.loc	1 399 71                        @ ../../libraries/sdk/drives/fsl_flexcan.c:399:71
	ldr	r0, [sp]
	adds	r0, #1
	str	r0, [sp]
	.loc	1 399 5 is_stmt 0               @ ../../libraries/sdk/drives/fsl_flexcan.c:399:5
	b	.LBB0_1
.Ltmp8:
.LBB0_6:
	.loc	1 407 5 is_stmt 1               @ ../../libraries/sdk/drives/fsl_flexcan.c:407:5
	ldr	r0, [sp]
	cmp	r0, #3
	bhi	.LBB0_8
	b	.LBB0_7
.LBB0_7:
	b	.LBB0_9
.LBB0_8:
	movw	r0, :lower16:.L.str
	movt	r0, :upper16:.L.str
	movw	r1, :lower16:.L.str.1
	movt	r1, :upper16:.L.str.1
	movw	r2, #407
	bl	__aeabi_assert
.LBB0_9:
	ldr	r0, [sp]
	.loc	1 409 5                         @ ../../libraries/sdk/drives/fsl_flexcan.c:409:5
	add	sp, #8
	bx	lr
.Ltmp9:
.Lfunc_end0:
	.size	FLEXCAN_GetInstance, .Lfunc_end0-FLEXCAN_GetInstance
	.cfi_endproc
	.cantunwind
	.fnend
                                        @ -- End function
	.section	.text.FLEXCAN_EnterFreezeMode,"ax",%progbits
	.hidden	FLEXCAN_EnterFreezeMode         @ -- Begin function FLEXCAN_EnterFreezeMode
	.globl	FLEXCAN_EnterFreezeMode
	.p2align	3
	.type	FLEXCAN_EnterFreezeMode,%function
	.code	16                              @ @FLEXCAN_EnterFreezeMode
	.thumb_func
FLEXCAN_EnterFreezeMode:
.Lfunc_begin1:
	.loc	1 421 0                         @ ../../libraries/sdk/drives/fsl_flexcan.c:421:0
	.fnstart
	.cfi_startproc
@ %bb.0:
	.pad	#36
	sub	sp, #36
	.cfi_def_cfa_offset 36
	str	r0, [sp, #32]
	movs	r0, #0
.Ltmp10:
	.loc	1 422 14 prologue_end           @ ../../libraries/sdk/drives/fsl_flexcan.c:422:14
	str	r0, [sp, #28]
	.loc	1 423 14                        @ ../../libraries/sdk/drives/fsl_flexcan.c:423:14
	str	r0, [sp, #24]
	.loc	1 424 14                        @ ../../libraries/sdk/drives/fsl_flexcan.c:424:14
	str	r0, [sp, #20]
	.loc	1 426 14                        @ ../../libraries/sdk/drives/fsl_flexcan.c:426:14
	str	r0, [sp, #16]
	.loc	1 430 5                         @ ../../libraries/sdk/drives/fsl_flexcan.c:430:5
	ldr	r1, [sp, #32]
	.loc	1 430 15 is_stmt 0              @ ../../libraries/sdk/drives/fsl_flexcan.c:430:15
	ldr	r0, [r1]
	orr	r0, r0, #1073741824
	str	r0, [r1]
.Ltmp11:
	.loc	1 433 16 is_stmt 1              @ ../../libraries/sdk/drives/fsl_flexcan.c:433:16
	ldr	r0, [sp, #32]
	.loc	1 433 22 is_stmt 0              @ ../../libraries/sdk/drives/fsl_flexcan.c:433:22
	ldr	r0, [r0]
.Ltmp12:
	.loc	1 433 9                         @ ../../libraries/sdk/drives/fsl_flexcan.c:433:9
	lsrs	r0, r0, #31
	cbz	r0, .LBB1_2
	b	.LBB1_1
.LBB1_1:
.Ltmp13:
	.loc	1 435 9 is_stmt 1               @ ../../libraries/sdk/drives/fsl_flexcan.c:435:9
	ldr	r1, [sp, #32]
	.loc	1 435 19 is_stmt 0              @ ../../libraries/sdk/drives/fsl_flexcan.c:435:19
	ldr	r0, [r1]
	bic	r0, r0, #-2147483648
	str	r0, [r1]
	.loc	1 436 5 is_stmt 1               @ ../../libraries/sdk/drives/fsl_flexcan.c:436:5
	b	.LBB1_2
.Ltmp14:
.LBB1_2:
	.loc	1 0 5 is_stmt 0                 @ ../../libraries/sdk/drives/fsl_flexcan.c:0:5
	mov.w	r0, #1000
	.loc	1 439 21 is_stmt 1              @ ../../libraries/sdk/drives/fsl_flexcan.c:439:21
	str	r0, [sp, #28]
	.loc	1 440 5                         @ ../../libraries/sdk/drives/fsl_flexcan.c:440:5
	b	.LBB1_3
.LBB1_3:                                @ =>This Inner Loop Header: Depth=1
	.loc	1 440 20 is_stmt 0              @ ../../libraries/sdk/drives/fsl_flexcan.c:440:20
	ldr	r0, [sp, #32]
	.loc	1 440 26                        @ ../../libraries/sdk/drives/fsl_flexcan.c:440:26
	ldr	r1, [r0]
	movs	r0, #0
	.loc	1 440 54                        @ ../../libraries/sdk/drives/fsl_flexcan.c:440:54
	lsls	r1, r1, #11
	cmp	r1, #0
	str	r0, [sp, #12]                   @ 4-byte Spill
	bmi	.LBB1_5
	b	.LBB1_4
.LBB1_4:                                @   in Loop: Header=BB1_3 Depth=1
	.loc	1 440 58                        @ ../../libraries/sdk/drives/fsl_flexcan.c:440:58
	ldr	r0, [sp, #28]
	.loc	1 440 74                        @ ../../libraries/sdk/drives/fsl_flexcan.c:440:74
	cmp	r0, #0
	it	ne
	movne	r0, #1
	str	r0, [sp, #12]                   @ 4-byte Spill
	b	.LBB1_5
.LBB1_5:                                @   in Loop: Header=BB1_3 Depth=1
	.loc	1 0 0                           @ ../../libraries/sdk/drives/fsl_flexcan.c:0:0
	ldr	r0, [sp, #12]                   @ 4-byte Reload
	.loc	1 440 5                         @ ../../libraries/sdk/drives/fsl_flexcan.c:440:5
	lsls	r0, r0, #31
	cbz	r0, .LBB1_7
	b	.LBB1_6
.LBB1_6:                                @   in Loop: Header=BB1_3 Depth=1
.Ltmp15:
	.loc	1 442 24 is_stmt 1              @ ../../libraries/sdk/drives/fsl_flexcan.c:442:24
	ldr	r0, [sp, #28]
	subs	r0, #1
	str	r0, [sp, #28]
.Ltmp16:
	.loc	1 440 5                         @ ../../libraries/sdk/drives/fsl_flexcan.c:440:5
	b	.LBB1_3
.LBB1_7:
.Ltmp17:
	.loc	1 446 16                        @ ../../libraries/sdk/drives/fsl_flexcan.c:446:16
	ldr	r0, [sp, #32]
	.loc	1 446 22 is_stmt 0              @ ../../libraries/sdk/drives/fsl_flexcan.c:446:22
	ldr	r0, [r0, #32]
.Ltmp18:
	.loc	1 446 9                         @ ../../libraries/sdk/drives/fsl_flexcan.c:446:9
	lsls	r0, r0, #26
	cmp	r0, #0
	bmi	.LBB1_14
	b	.LBB1_8
.LBB1_8:
.Ltmp19:
	.loc	1 449 9 is_stmt 1               @ ../../libraries/sdk/drives/fsl_flexcan.c:449:9
	ldr	r1, [sp, #32]
	.loc	1 449 19 is_stmt 0              @ ../../libraries/sdk/drives/fsl_flexcan.c:449:19
	ldr	r0, [r1]
	orr	r0, r0, #268435456
	str	r0, [r1]
	movw	r0, #20000
	.loc	1 453 25 is_stmt 1              @ ../../libraries/sdk/drives/fsl_flexcan.c:453:25
	str	r0, [sp, #28]
	.loc	1 454 9                         @ ../../libraries/sdk/drives/fsl_flexcan.c:454:9
	b	.LBB1_9
.LBB1_9:                                @ =>This Inner Loop Header: Depth=1
	.loc	1 454 24 is_stmt 0              @ ../../libraries/sdk/drives/fsl_flexcan.c:454:24
	ldr	r0, [sp, #32]
	.loc	1 454 30                        @ ../../libraries/sdk/drives/fsl_flexcan.c:454:30
	ldr	r1, [r0]
	movs	r0, #0
	.loc	1 454 58                        @ ../../libraries/sdk/drives/fsl_flexcan.c:454:58
	lsls	r1, r1, #7
	cmp	r1, #0
	str	r0, [sp, #8]                    @ 4-byte Spill
	bmi	.LBB1_11
	b	.LBB1_10
.LBB1_10:                               @   in Loop: Header=BB1_9 Depth=1
	.loc	1 454 62                        @ ../../libraries/sdk/drives/fsl_flexcan.c:454:62
	ldr	r0, [sp, #28]
	.loc	1 454 78                        @ ../../libraries/sdk/drives/fsl_flexcan.c:454:78
	cmp	r0, #0
	it	ne
	movne	r0, #1
	str	r0, [sp, #8]                    @ 4-byte Spill
	b	.LBB1_11
.LBB1_11:                               @   in Loop: Header=BB1_9 Depth=1
	.loc	1 0 0                           @ ../../libraries/sdk/drives/fsl_flexcan.c:0:0
	ldr	r0, [sp, #8]                    @ 4-byte Reload
	.loc	1 454 9                         @ ../../libraries/sdk/drives/fsl_flexcan.c:454:9
	lsls	r0, r0, #31
	cbz	r0, .LBB1_13
	b	.LBB1_12
.LBB1_12:                               @   in Loop: Header=BB1_9 Depth=1
.Ltmp20:
	.loc	1 456 28 is_stmt 1              @ ../../libraries/sdk/drives/fsl_flexcan.c:456:28
	ldr	r0, [sp, #28]
	subs	r0, #1
	str	r0, [sp, #28]
.Ltmp21:
	.loc	1 454 9                         @ ../../libraries/sdk/drives/fsl_flexcan.c:454:9
	b	.LBB1_9
.LBB1_13:
	.loc	1 458 5                         @ ../../libraries/sdk/drives/fsl_flexcan.c:458:5
	b	.LBB1_25
.Ltmp22:
.LBB1_14:
	.loc	1 462 25                        @ ../../libraries/sdk/drives/fsl_flexcan.c:462:25
	ldr	r0, [sp, #32]
	.loc	1 462 31 is_stmt 0              @ ../../libraries/sdk/drives/fsl_flexcan.c:462:31
	ldr	r0, [r0]
	.loc	1 462 23                        @ ../../libraries/sdk/drives/fsl_flexcan.c:462:23
	str	r0, [sp, #24]
	.loc	1 463 25 is_stmt 1              @ ../../libraries/sdk/drives/fsl_flexcan.c:463:25
	ldr	r0, [sp, #32]
	.loc	1 463 31 is_stmt 0              @ ../../libraries/sdk/drives/fsl_flexcan.c:463:31
	ldr	r0, [r0, #40]
	.loc	1 463 23                        @ ../../libraries/sdk/drives/fsl_flexcan.c:463:23
	str	r0, [sp, #20]
	.loc	1 465 25 is_stmt 1              @ ../../libraries/sdk/drives/fsl_flexcan.c:465:25
	ldr	r0, [sp, #32]
	.loc	1 465 31 is_stmt 0              @ ../../libraries/sdk/drives/fsl_flexcan.c:465:31
	ldr	r0, [r0, #36]
	.loc	1 465 23                        @ ../../libraries/sdk/drives/fsl_flexcan.c:465:23
	str	r0, [sp, #16]
	.loc	1 469 9 is_stmt 1               @ ../../libraries/sdk/drives/fsl_flexcan.c:469:9
	ldr	r1, [sp, #32]
	.loc	1 469 19 is_stmt 0              @ ../../libraries/sdk/drives/fsl_flexcan.c:469:19
	ldr	r0, [r1]
	orr	r0, r0, #33554432
	str	r0, [r1]
	mov.w	r0, #1000
	.loc	1 472 25 is_stmt 1              @ ../../libraries/sdk/drives/fsl_flexcan.c:472:25
	str	r0, [sp, #28]
	.loc	1 473 9                         @ ../../libraries/sdk/drives/fsl_flexcan.c:473:9
	b	.LBB1_15
.LBB1_15:                               @ =>This Inner Loop Header: Depth=1
	.loc	1 473 42 is_stmt 0              @ ../../libraries/sdk/drives/fsl_flexcan.c:473:42
	ldr	r0, [sp, #32]
	.loc	1 473 48                        @ ../../libraries/sdk/drives/fsl_flexcan.c:473:48
	ldr	r1, [r0]
	movs	r0, #0
	.loc	1 473 77                        @ ../../libraries/sdk/drives/fsl_flexcan.c:473:77
	lsls	r1, r1, #6
	cmp	r1, #0
	str	r0, [sp, #4]                    @ 4-byte Spill
	bpl	.LBB1_17
	b	.LBB1_16
.LBB1_16:                               @   in Loop: Header=BB1_15 Depth=1
	.loc	1 473 81                        @ ../../libraries/sdk/drives/fsl_flexcan.c:473:81
	ldr	r0, [sp, #28]
	.loc	1 473 97                        @ ../../libraries/sdk/drives/fsl_flexcan.c:473:97
	cmp	r0, #0
	it	ne
	movne	r0, #1
	str	r0, [sp, #4]                    @ 4-byte Spill
	b	.LBB1_17
.LBB1_17:                               @   in Loop: Header=BB1_15 Depth=1
	.loc	1 0 0                           @ ../../libraries/sdk/drives/fsl_flexcan.c:0:0
	ldr	r0, [sp, #4]                    @ 4-byte Reload
	.loc	1 473 9                         @ ../../libraries/sdk/drives/fsl_flexcan.c:473:9
	lsls	r0, r0, #31
	cbz	r0, .LBB1_19
	b	.LBB1_18
.LBB1_18:                               @   in Loop: Header=BB1_15 Depth=1
.Ltmp23:
	.loc	1 475 28 is_stmt 1              @ ../../libraries/sdk/drives/fsl_flexcan.c:475:28
	ldr	r0, [sp, #28]
	subs	r0, #1
	str	r0, [sp, #28]
.Ltmp24:
	.loc	1 473 9                         @ ../../libraries/sdk/drives/fsl_flexcan.c:473:9
	b	.LBB1_15
.LBB1_19:
	.loc	1 0 9 is_stmt 0                 @ ../../libraries/sdk/drives/fsl_flexcan.c:0:9
	mov.w	r0, #1000
	.loc	1 479 25 is_stmt 1              @ ../../libraries/sdk/drives/fsl_flexcan.c:479:25
	str	r0, [sp, #28]
	.loc	1 480 9                         @ ../../libraries/sdk/drives/fsl_flexcan.c:480:9
	b	.LBB1_20
.LBB1_20:                               @ =>This Inner Loop Header: Depth=1
	.loc	1 480 24 is_stmt 0              @ ../../libraries/sdk/drives/fsl_flexcan.c:480:24
	ldr	r0, [sp, #32]
	.loc	1 480 30                        @ ../../libraries/sdk/drives/fsl_flexcan.c:480:30
	ldr	r1, [r0]
	movs	r0, #0
	.loc	1 480 58                        @ ../../libraries/sdk/drives/fsl_flexcan.c:480:58
	lsls	r1, r1, #7
	cmp	r1, #0
	str	r0, [sp]                        @ 4-byte Spill
	bmi	.LBB1_22
	b	.LBB1_21
.LBB1_21:                               @   in Loop: Header=BB1_20 Depth=1
	.loc	1 480 62                        @ ../../libraries/sdk/drives/fsl_flexcan.c:480:62
	ldr	r0, [sp, #28]
	.loc	1 480 78                        @ ../../libraries/sdk/drives/fsl_flexcan.c:480:78
	cmp	r0, #0
	it	ne
	movne	r0, #1
	str	r0, [sp]                        @ 4-byte Spill
	b	.LBB1_22
.LBB1_22:                               @   in Loop: Header=BB1_20 Depth=1
	.loc	1 0 0                           @ ../../libraries/sdk/drives/fsl_flexcan.c:0:0
	ldr	r0, [sp]                        @ 4-byte Reload
	.loc	1 480 9                         @ ../../libraries/sdk/drives/fsl_flexcan.c:480:9
	lsls	r0, r0, #31
	cbz	r0, .LBB1_24
	b	.LBB1_23
.LBB1_23:                               @   in Loop: Header=BB1_20 Depth=1
.Ltmp25:
	.loc	1 482 28 is_stmt 1              @ ../../libraries/sdk/drives/fsl_flexcan.c:482:28
	ldr	r0, [sp, #28]
	subs	r0, #1
	str	r0, [sp, #28]
.Ltmp26:
	.loc	1 480 9                         @ ../../libraries/sdk/drives/fsl_flexcan.c:480:9
	b	.LBB1_20
.LBB1_24:
	.loc	1 486 21                        @ ../../libraries/sdk/drives/fsl_flexcan.c:486:21
	ldr	r0, [sp, #24]
	.loc	1 486 9 is_stmt 0               @ ../../libraries/sdk/drives/fsl_flexcan.c:486:9
	ldr	r1, [sp, #32]
	.loc	1 486 19                        @ ../../libraries/sdk/drives/fsl_flexcan.c:486:19
	str	r0, [r1]
	.loc	1 489 24 is_stmt 1              @ ../../libraries/sdk/drives/fsl_flexcan.c:489:24
	ldr	r0, [sp, #20]
	.loc	1 489 9 is_stmt 0               @ ../../libraries/sdk/drives/fsl_flexcan.c:489:9
	ldr	r1, [sp, #32]
	.loc	1 489 22                        @ ../../libraries/sdk/drives/fsl_flexcan.c:489:22
	str	r0, [r1, #40]
	.loc	1 491 24 is_stmt 1              @ ../../libraries/sdk/drives/fsl_flexcan.c:491:24
	ldr	r0, [sp, #16]
	.loc	1 491 9 is_stmt 0               @ ../../libraries/sdk/drives/fsl_flexcan.c:491:9
	ldr	r1, [sp, #32]
	.loc	1 491 22                        @ ../../libraries/sdk/drives/fsl_flexcan.c:491:22
	str	r0, [r1, #36]
	b	.LBB1_25
.Ltmp27:
.LBB1_25:
	.loc	1 494 1 is_stmt 1               @ ../../libraries/sdk/drives/fsl_flexcan.c:494:1
	add	sp, #36
	bx	lr
.Ltmp28:
.Lfunc_end1:
	.size	FLEXCAN_EnterFreezeMode, .Lfunc_end1-FLEXCAN_EnterFreezeMode
	.cfi_endproc
	.cantunwind
	.fnend
                                        @ -- End function
	.section	.text.FLEXCAN_ExitFreezeMode,"ax",%progbits
	.hidden	FLEXCAN_ExitFreezeMode          @ -- Begin function FLEXCAN_ExitFreezeMode
	.globl	FLEXCAN_ExitFreezeMode
	.p2align	3
	.type	FLEXCAN_ExitFreezeMode,%function
	.code	16                              @ @FLEXCAN_ExitFreezeMode
	.thumb_func
FLEXCAN_ExitFreezeMode:
.Lfunc_begin2:
	.loc	1 569 0                         @ ../../libraries/sdk/drives/fsl_flexcan.c:569:0
	.fnstart
	.cfi_startproc
@ %bb.0:
	.pad	#4
	sub	sp, #4
	.cfi_def_cfa_offset 4
	str	r0, [sp]
.Ltmp29:
	.loc	1 577 5 prologue_end            @ ../../libraries/sdk/drives/fsl_flexcan.c:577:5
	ldr	r1, [sp]
	.loc	1 577 15 is_stmt 0              @ ../../libraries/sdk/drives/fsl_flexcan.c:577:15
	ldr	r0, [r1]
	bic	r0, r0, #268435456
	str	r0, [r1]
	.loc	1 578 5 is_stmt 1               @ ../../libraries/sdk/drives/fsl_flexcan.c:578:5
	ldr	r1, [sp]
	.loc	1 578 15 is_stmt 0              @ ../../libraries/sdk/drives/fsl_flexcan.c:578:15
	ldr	r0, [r1]
	bic	r0, r0, #1073741824
	str	r0, [r1]
	.loc	1 581 5 is_stmt 1               @ ../../libraries/sdk/drives/fsl_flexcan.c:581:5
	b	.LBB2_1
.LBB2_1:                                @ =>This Inner Loop Header: Depth=1
	.loc	1 581 19 is_stmt 0              @ ../../libraries/sdk/drives/fsl_flexcan.c:581:19
	ldr	r0, [sp]
	.loc	1 581 25                        @ ../../libraries/sdk/drives/fsl_flexcan.c:581:25
	ldr	r0, [r0]
	.loc	1 581 5                         @ ../../libraries/sdk/drives/fsl_flexcan.c:581:5
	lsls	r0, r0, #7
	cmp	r0, #0
	bpl	.LBB2_3
	b	.LBB2_2
.LBB2_2:                                @   in Loop: Header=BB2_1 Depth=1
	b	.LBB2_1
.LBB2_3:
	.loc	1 584 1 is_stmt 1               @ ../../libraries/sdk/drives/fsl_flexcan.c:584:1
	add	sp, #4
	bx	lr
.Ltmp30:
.Lfunc_end2:
	.size	FLEXCAN_ExitFreezeMode, .Lfunc_end2-FLEXCAN_ExitFreezeMode
	.cfi_endproc
	.cantunwind
	.fnend
                                        @ -- End function
	.section	.text.FLEXCAN_Init,"ax",%progbits
	.hidden	FLEXCAN_Init                    @ -- Begin function FLEXCAN_Init
	.globl	FLEXCAN_Init
	.p2align	3
	.type	FLEXCAN_Init,%function
	.code	16                              @ @FLEXCAN_Init
	.thumb_func
FLEXCAN_Init:
.Lfunc_begin3:
	.loc	1 919 0                         @ ../../libraries/sdk/drives/fsl_flexcan.c:919:0
	.fnstart
	.cfi_startproc
@ %bb.0:
	.save	{r4, lr}
	push	{r4, lr}
	.cfi_def_cfa_offset 8
	.cfi_offset lr, -4
	.cfi_offset r4, -8
	.pad	#80
	sub	sp, #80
	.cfi_def_cfa_offset 88
	str	r0, [sp, #76]
	str	r1, [sp, #72]
	str	r2, [sp, #68]
.Ltmp31:
	.loc	1 921 5 prologue_end            @ ../../libraries/sdk/drives/fsl_flexcan.c:921:5
	ldr	r0, [sp, #72]
	cbz	r0, .LBB3_2
	b	.LBB3_1
.LBB3_1:
	b	.LBB3_3
.LBB3_2:
	movw	r0, :lower16:.L.str.2
	movt	r0, :upper16:.L.str.2
	movw	r1, :lower16:.L.str.1
	movt	r1, :upper16:.L.str.1
	movw	r2, #921
	bl	__aeabi_assert
.LBB3_3:
	ldr	r0, [sp, #72]
	.loc	1 922 5                         @ ../../libraries/sdk/drives/fsl_flexcan.c:922:5
	ldrb	r0, [r0, #10]
	cbz	r0, .LBB3_6
	b	.LBB3_4
.LBB3_4:
	ldr	r0, [sp, #72]
	ldrb	r0, [r0, #10]
	cmp	r0, #64
	bgt	.LBB3_6
	b	.LBB3_5
.LBB3_5:
	b	.LBB3_7
.LBB3_6:
	movw	r0, :lower16:.L.str.3
	movt	r0, :upper16:.L.str.3
	movw	r1, :lower16:.L.str.1
	movt	r1, :upper16:.L.str.1
	movw	r2, #923
	bl	__aeabi_assert
.LBB3_7:
	ldr	r0, [sp, #72]
	ldrb	r1, [r0, #10]
	movs	r0, #0
	str	r0, [sp, #52]                   @ 4-byte Spill
	cbz	r1, .LBB3_9
	b	.LBB3_8
.LBB3_8:
	ldr	r0, [sp, #72]
	ldrb	r1, [r0, #10]
	movs	r0, #0
	cmp	r1, #65
	it	lt
	movlt	r0, #1
	str	r0, [sp, #52]                   @ 4-byte Spill
	b	.LBB3_9
.LBB3_9:
	.loc	1 0 0 is_stmt 0                 @ ../../libraries/sdk/drives/fsl_flexcan.c:0:0
	ldr	r0, [sp, #52]                   @ 4-byte Reload
	.loc	1 924 5 is_stmt 1               @ ../../libraries/sdk/drives/fsl_flexcan.c:924:5
	ldr	r0, [sp, #72]
	ldr	r0, [r0]
	cbz	r0, .LBB3_11
	b	.LBB3_10
.LBB3_10:
	b	.LBB3_12
.LBB3_11:
	movw	r0, :lower16:.L.str.4
	movt	r0, :upper16:.L.str.4
	movw	r1, :lower16:.L.str.1
	movt	r1, :upper16:.L.str.1
	mov.w	r2, #924
	bl	__aeabi_assert
.LBB3_12:
	.loc	1 933 36                        @ ../../libraries/sdk/drives/fsl_flexcan.c:933:36
	ldr	r0, [sp, #76]
	.loc	1 933 16 is_stmt 0              @ ../../libraries/sdk/drives/fsl_flexcan.c:933:16
	bl	FLEXCAN_GetInstance
	.loc	1 933 14                        @ ../../libraries/sdk/drives/fsl_flexcan.c:933:14
	str	r0, [sp, #56]
	.loc	1 935 44 is_stmt 1              @ ../../libraries/sdk/drives/fsl_flexcan.c:935:44
	ldr	r1, [sp, #56]
	.loc	1 935 29 is_stmt 0              @ ../../libraries/sdk/drives/fsl_flexcan.c:935:29
	movw	r0, :lower16:s_flexcanClock
	movt	r0, :upper16:s_flexcanClock
	ldrsh.w	r0, [r0, r1, lsl #1]
	.loc	1 935 11                        @ ../../libraries/sdk/drives/fsl_flexcan.c:935:11
	bl	CLOCK_EnableClock
	movw	r0, #49184
	movt	r0, #16399
	.loc	1 942 5 is_stmt 1               @ ../../libraries/sdk/drives/fsl_flexcan.c:942:5
	ldr	r0, [r0]
	and	r0, r0, #768
	cmp.w	r0, #512
	bne	.LBB3_14
	b	.LBB3_13
.LBB3_13:
	.loc	1 0 5 is_stmt 0                 @ ../../libraries/sdk/drives/fsl_flexcan.c:0:5
	movw	r0, #49276
	movt	r0, #16399
	.loc	1 942 5                         @ ../../libraries/sdk/drives/fsl_flexcan.c:942:5
	ldr	r0, [r0]
	tst.w	r0, #50331648
	beq	.LBB3_15
	b	.LBB3_14
.LBB3_14:
	b	.LBB3_16
.LBB3_15:
	movw	r0, :lower16:.L.str.5
	movt	r0, :upper16:.L.str.5
	movw	r1, :lower16:.L.str.1
	movt	r1, :upper16:.L.str.1
	movw	r2, #942
	bl	__aeabi_assert
.LBB3_16:
	.loc	1 945 50 is_stmt 1              @ ../../libraries/sdk/drives/fsl_flexcan.c:945:50
	ldr	r1, [sp, #56]
	.loc	1 945 29 is_stmt 0              @ ../../libraries/sdk/drives/fsl_flexcan.c:945:29
	movw	r0, :lower16:s_flexcanPeriphClock
	movt	r0, :upper16:s_flexcanPeriphClock
	ldrsh.w	r0, [r0, r1, lsl #1]
	.loc	1 945 11                        @ ../../libraries/sdk/drives/fsl_flexcan.c:945:11
	bl	CLOCK_EnableClock
	.loc	1 966 20 is_stmt 1              @ ../../libraries/sdk/drives/fsl_flexcan.c:966:20
	ldr	r0, [sp, #76]
	movs	r1, #1
	.loc	1 966 5 is_stmt 0               @ ../../libraries/sdk/drives/fsl_flexcan.c:966:5
	bl	FLEXCAN_Enable
	.loc	1 969 19 is_stmt 1              @ ../../libraries/sdk/drives/fsl_flexcan.c:969:19
	ldr	r0, [sp, #76]
	.loc	1 969 5 is_stmt 0               @ ../../libraries/sdk/drives/fsl_flexcan.c:969:5
	bl	FLEXCAN_Reset
	.loc	1 988 17 is_stmt 1              @ ../../libraries/sdk/drives/fsl_flexcan.c:988:17
	ldr	r0, [sp, #76]
	.loc	1 988 23 is_stmt 0              @ ../../libraries/sdk/drives/fsl_flexcan.c:988:23
	ldr	r0, [r0, #4]
	.loc	1 988 15                        @ ../../libraries/sdk/drives/fsl_flexcan.c:988:15
	str	r0, [sp, #60]
	.loc	1 991 15 is_stmt 1              @ ../../libraries/sdk/drives/fsl_flexcan.c:991:15
	ldr	r0, [sp, #76]
	.loc	1 991 21 is_stmt 0              @ ../../libraries/sdk/drives/fsl_flexcan.c:991:21
	ldr	r0, [r0]
	.loc	1 991 13                        @ ../../libraries/sdk/drives/fsl_flexcan.c:991:13
	str	r0, [sp, #64]
	.loc	1 994 18 is_stmt 1              @ ../../libraries/sdk/drives/fsl_flexcan.c:994:18
	ldr	r0, [sp, #72]
	.loc	1 994 27 is_stmt 0              @ ../../libraries/sdk/drives/fsl_flexcan.c:994:27
	ldrb	r0, [r0, #11]
	.loc	1 994 17                        @ ../../libraries/sdk/drives/fsl_flexcan.c:994:17
	lsls	r0, r0, #31
	cbz	r0, .LBB3_18
	b	.LBB3_17
.LBB3_17:
	.loc	1 994 46                        @ ../../libraries/sdk/drives/fsl_flexcan.c:994:46
	ldr	r0, [sp, #60]
	.loc	1 994 56                        @ ../../libraries/sdk/drives/fsl_flexcan.c:994:56
	orr	r0, r0, #4096
	.loc	1 994 17                        @ ../../libraries/sdk/drives/fsl_flexcan.c:994:17
	str	r0, [sp, #48]                   @ 4-byte Spill
	b	.LBB3_19
.LBB3_18:
	.loc	1 994 81                        @ ../../libraries/sdk/drives/fsl_flexcan.c:994:81
	ldr	r0, [sp, #60]
	.loc	1 994 91                        @ ../../libraries/sdk/drives/fsl_flexcan.c:994:91
	bic	r0, r0, #4096
	.loc	1 994 17                        @ ../../libraries/sdk/drives/fsl_flexcan.c:994:17
	str	r0, [sp, #48]                   @ 4-byte Spill
	b	.LBB3_19
.LBB3_19:
	ldr	r0, [sp, #48]                   @ 4-byte Reload
	.loc	1 994 15                        @ ../../libraries/sdk/drives/fsl_flexcan.c:994:15
	str	r0, [sp, #60]
	.loc	1 997 18 is_stmt 1              @ ../../libraries/sdk/drives/fsl_flexcan.c:997:18
	ldr	r0, [sp, #72]
	.loc	1 997 27 is_stmt 0              @ ../../libraries/sdk/drives/fsl_flexcan.c:997:27
	ldrb	r0, [r0, #12]
	.loc	1 997 17                        @ ../../libraries/sdk/drives/fsl_flexcan.c:997:17
	lsls	r0, r0, #31
	cbz	r0, .LBB3_21
	b	.LBB3_20
.LBB3_20:
	.loc	1 997 47                        @ ../../libraries/sdk/drives/fsl_flexcan.c:997:47
	ldr	r0, [sp, #60]
	.loc	1 997 57                        @ ../../libraries/sdk/drives/fsl_flexcan.c:997:57
	orr	r0, r0, #32
	.loc	1 997 17                        @ ../../libraries/sdk/drives/fsl_flexcan.c:997:17
	str	r0, [sp, #44]                   @ 4-byte Spill
	b	.LBB3_22
.LBB3_21:
	.loc	1 997 83                        @ ../../libraries/sdk/drives/fsl_flexcan.c:997:83
	ldr	r0, [sp, #60]
	.loc	1 997 93                        @ ../../libraries/sdk/drives/fsl_flexcan.c:997:93
	bic	r0, r0, #32
	.loc	1 997 17                        @ ../../libraries/sdk/drives/fsl_flexcan.c:997:17
	str	r0, [sp, #44]                   @ 4-byte Spill
	b	.LBB3_22
.LBB3_22:
	ldr	r0, [sp, #44]                   @ 4-byte Reload
	.loc	1 997 15                        @ ../../libraries/sdk/drives/fsl_flexcan.c:997:15
	str	r0, [sp, #60]
	.loc	1 1000 18 is_stmt 1             @ ../../libraries/sdk/drives/fsl_flexcan.c:1000:18
	ldr	r0, [sp, #72]
	.loc	1 1000 27 is_stmt 0             @ ../../libraries/sdk/drives/fsl_flexcan.c:1000:27
	ldrb	r0, [r0, #16]
	.loc	1 1000 17                       @ ../../libraries/sdk/drives/fsl_flexcan.c:1000:17
	lsls	r0, r0, #31
	cbz	r0, .LBB3_24
	b	.LBB3_23
.LBB3_23:
	.loc	1 1000 51                       @ ../../libraries/sdk/drives/fsl_flexcan.c:1000:51
	ldr	r0, [sp, #60]
	.loc	1 1000 61                       @ ../../libraries/sdk/drives/fsl_flexcan.c:1000:61
	orr	r0, r0, #8
	.loc	1 1000 17                       @ ../../libraries/sdk/drives/fsl_flexcan.c:1000:17
	str	r0, [sp, #40]                   @ 4-byte Spill
	b	.LBB3_25
.LBB3_24:
	.loc	1 1000 84                       @ ../../libraries/sdk/drives/fsl_flexcan.c:1000:84
	ldr	r0, [sp, #60]
	.loc	1 1000 94                       @ ../../libraries/sdk/drives/fsl_flexcan.c:1000:94
	bic	r0, r0, #8
	.loc	1 1000 17                       @ ../../libraries/sdk/drives/fsl_flexcan.c:1000:17
	str	r0, [sp, #40]                   @ 4-byte Spill
	b	.LBB3_25
.LBB3_25:
	ldr	r0, [sp, #40]                   @ 4-byte Reload
	.loc	1 1000 15                       @ ../../libraries/sdk/drives/fsl_flexcan.c:1000:15
	str	r0, [sp, #60]
	.loc	1 1004 16 is_stmt 1             @ ../../libraries/sdk/drives/fsl_flexcan.c:1004:16
	ldr	r0, [sp, #72]
	.loc	1 1004 25 is_stmt 0             @ ../../libraries/sdk/drives/fsl_flexcan.c:1004:25
	ldrb	r0, [r0, #17]
	.loc	1 1004 15                       @ ../../libraries/sdk/drives/fsl_flexcan.c:1004:15
	lsls	r0, r0, #31
	cbz	r0, .LBB3_27
	b	.LBB3_26
.LBB3_26:
	.loc	1 1004 49                       @ ../../libraries/sdk/drives/fsl_flexcan.c:1004:49
	ldr	r0, [sp, #64]
	.loc	1 1004 57                       @ ../../libraries/sdk/drives/fsl_flexcan.c:1004:57
	orr	r0, r0, #8388608
	.loc	1 1004 15                       @ ../../libraries/sdk/drives/fsl_flexcan.c:1004:15
	str	r0, [sp, #36]                   @ 4-byte Spill
	b	.LBB3_28
.LBB3_27:
	.loc	1 1004 79                       @ ../../libraries/sdk/drives/fsl_flexcan.c:1004:79
	ldr	r0, [sp, #64]
	.loc	1 1004 87                       @ ../../libraries/sdk/drives/fsl_flexcan.c:1004:87
	bic	r0, r0, #8388608
	.loc	1 1004 15                       @ ../../libraries/sdk/drives/fsl_flexcan.c:1004:15
	str	r0, [sp, #36]                   @ 4-byte Spill
	b	.LBB3_28
.LBB3_28:
	ldr	r0, [sp, #36]                   @ 4-byte Reload
	.loc	1 1004 13                       @ ../../libraries/sdk/drives/fsl_flexcan.c:1004:13
	str	r0, [sp, #64]
	.loc	1 1008 16 is_stmt 1             @ ../../libraries/sdk/drives/fsl_flexcan.c:1008:16
	ldr	r0, [sp, #64]
	.loc	1 1008 49 is_stmt 0             @ ../../libraries/sdk/drives/fsl_flexcan.c:1008:49
	ldr	r1, [sp, #72]
	ldrb	r1, [r1, #10]
	subs	r1, #1
	.loc	1 1008 47                       @ ../../libraries/sdk/drives/fsl_flexcan.c:1008:47
	bfi	r0, r1, #0, #7
	.loc	1 1008 13                       @ ../../libraries/sdk/drives/fsl_flexcan.c:1008:13
	str	r0, [sp, #64]
	.loc	1 1011 16 is_stmt 1             @ ../../libraries/sdk/drives/fsl_flexcan.c:1011:16
	ldr	r0, [sp, #72]
	.loc	1 1011 25 is_stmt 0             @ ../../libraries/sdk/drives/fsl_flexcan.c:1011:25
	ldrb	r0, [r0, #13]
	.loc	1 1011 15                       @ ../../libraries/sdk/drives/fsl_flexcan.c:1011:15
	lsls	r0, r0, #31
	cbz	r0, .LBB3_30
	b	.LBB3_29
.LBB3_29:
	.loc	1 1011 46                       @ ../../libraries/sdk/drives/fsl_flexcan.c:1011:46
	ldr	r0, [sp, #64]
	.loc	1 1011 54                       @ ../../libraries/sdk/drives/fsl_flexcan.c:1011:54
	orr	r0, r0, #4194304
	.loc	1 1011 15                       @ ../../libraries/sdk/drives/fsl_flexcan.c:1011:15
	str	r0, [sp, #32]                   @ 4-byte Spill
	b	.LBB3_31
.LBB3_30:
	.loc	1 1011 80                       @ ../../libraries/sdk/drives/fsl_flexcan.c:1011:80
	ldr	r0, [sp, #64]
	.loc	1 1011 88                       @ ../../libraries/sdk/drives/fsl_flexcan.c:1011:88
	bic	r0, r0, #4194304
	.loc	1 1011 15                       @ ../../libraries/sdk/drives/fsl_flexcan.c:1011:15
	str	r0, [sp, #32]                   @ 4-byte Spill
	b	.LBB3_31
.LBB3_31:
	ldr	r0, [sp, #32]                   @ 4-byte Reload
	.loc	1 1011 13                       @ ../../libraries/sdk/drives/fsl_flexcan.c:1011:13
	str	r0, [sp, #64]
	.loc	1 1012 46 is_stmt 1             @ ../../libraries/sdk/drives/fsl_flexcan.c:1012:46
	ldr	r0, [sp, #72]
	.loc	1 1012 55 is_stmt 0             @ ../../libraries/sdk/drives/fsl_flexcan.c:1012:55
	ldrb	r0, [r0, #9]
	.loc	1 1012 15                       @ ../../libraries/sdk/drives/fsl_flexcan.c:1012:15
	cmp	r0, #1
	bne	.LBB3_33
	b	.LBB3_32
.LBB3_32:
	.loc	1 1012 69                       @ ../../libraries/sdk/drives/fsl_flexcan.c:1012:69
	ldr	r0, [sp, #64]
	.loc	1 1012 77                       @ ../../libraries/sdk/drives/fsl_flexcan.c:1012:77
	orr	r0, r0, #524288
	.loc	1 1012 15                       @ ../../libraries/sdk/drives/fsl_flexcan.c:1012:15
	str	r0, [sp, #28]                   @ 4-byte Spill
	b	.LBB3_34
.LBB3_33:
	.loc	1 1013 69 is_stmt 1             @ ../../libraries/sdk/drives/fsl_flexcan.c:1013:69
	ldr	r0, [sp, #64]
	.loc	1 1013 77 is_stmt 0             @ ../../libraries/sdk/drives/fsl_flexcan.c:1013:77
	bic	r0, r0, #524288
	.loc	1 1012 15 is_stmt 1             @ ../../libraries/sdk/drives/fsl_flexcan.c:1012:15
	str	r0, [sp, #28]                   @ 4-byte Spill
	b	.LBB3_34
.LBB3_34:
	ldr	r0, [sp, #28]                   @ 4-byte Reload
	.loc	1 1012 13 is_stmt 0             @ ../../libraries/sdk/drives/fsl_flexcan.c:1012:13
	str	r0, [sp, #64]
	.loc	1 1021 16 is_stmt 1             @ ../../libraries/sdk/drives/fsl_flexcan.c:1021:16
	ldr	r0, [sp, #72]
	.loc	1 1021 25 is_stmt 0             @ ../../libraries/sdk/drives/fsl_flexcan.c:1021:25
	ldrb	r0, [r0, #14]
	.loc	1 1021 15                       @ ../../libraries/sdk/drives/fsl_flexcan.c:1021:15
	lsls	r0, r0, #31
	cbz	r0, .LBB3_36
	b	.LBB3_35
.LBB3_35:
	.loc	1 1021 47                       @ ../../libraries/sdk/drives/fsl_flexcan.c:1021:47
	ldr	r0, [sp, #64]
	.loc	1 1021 55                       @ ../../libraries/sdk/drives/fsl_flexcan.c:1021:55
	orr	r0, r0, #65536
	.loc	1 1021 15                       @ ../../libraries/sdk/drives/fsl_flexcan.c:1021:15
	str	r0, [sp, #24]                   @ 4-byte Spill
	b	.LBB3_37
.LBB3_36:
	.loc	1 1021 79                       @ ../../libraries/sdk/drives/fsl_flexcan.c:1021:79
	ldr	r0, [sp, #64]
	.loc	1 1021 87                       @ ../../libraries/sdk/drives/fsl_flexcan.c:1021:87
	bic	r0, r0, #65536
	.loc	1 1021 15                       @ ../../libraries/sdk/drives/fsl_flexcan.c:1021:15
	str	r0, [sp, #24]                   @ 4-byte Spill
	b	.LBB3_37
.LBB3_37:
	ldr	r0, [sp, #24]                   @ 4-byte Reload
	.loc	1 1021 13                       @ ../../libraries/sdk/drives/fsl_flexcan.c:1021:13
	str	r0, [sp, #64]
	.loc	1 1024 16 is_stmt 1             @ ../../libraries/sdk/drives/fsl_flexcan.c:1024:16
	ldr	r0, [sp, #72]
	.loc	1 1024 25 is_stmt 0             @ ../../libraries/sdk/drives/fsl_flexcan.c:1024:25
	ldrb	r0, [r0, #15]
	.loc	1 1024 15                       @ ../../libraries/sdk/drives/fsl_flexcan.c:1024:15
	lsls	r0, r0, #31
	cbz	r0, .LBB3_39
	b	.LBB3_38
.LBB3_38:
	.loc	1 1024 49                       @ ../../libraries/sdk/drives/fsl_flexcan.c:1024:49
	ldr	r0, [sp, #64]
	.loc	1 1024 57                       @ ../../libraries/sdk/drives/fsl_flexcan.c:1024:57
	orr	r0, r0, #131072
	.loc	1 1024 15                       @ ../../libraries/sdk/drives/fsl_flexcan.c:1024:15
	str	r0, [sp, #20]                   @ 4-byte Spill
	b	.LBB3_40
.LBB3_39:
	.loc	1 1024 81                       @ ../../libraries/sdk/drives/fsl_flexcan.c:1024:81
	ldr	r0, [sp, #64]
	.loc	1 1024 89                       @ ../../libraries/sdk/drives/fsl_flexcan.c:1024:89
	bic	r0, r0, #131072
	.loc	1 1024 15                       @ ../../libraries/sdk/drives/fsl_flexcan.c:1024:15
	str	r0, [sp, #20]                   @ 4-byte Spill
	b	.LBB3_40
.LBB3_40:
	ldr	r0, [sp, #20]                   @ 4-byte Reload
	.loc	1 1024 13                       @ ../../libraries/sdk/drives/fsl_flexcan.c:1024:13
	str	r0, [sp, #64]
.Ltmp32:
	.loc	1 1027 14 is_stmt 1             @ ../../libraries/sdk/drives/fsl_flexcan.c:1027:14
	ldr	r0, [sp, #76]
	movs	r1, #0
	movt	r1, #16413
	cmp	r0, r1
	bne	.LBB3_42
	b	.LBB3_41
.LBB3_41:
	.loc	1 0 14 is_stmt 0                @ ../../libraries/sdk/drives/fsl_flexcan.c:0:14
	movs	r0, #0
	.loc	1 1027 14                       @ ../../libraries/sdk/drives/fsl_flexcan.c:1027:14
	str	r0, [sp, #16]                   @ 4-byte Spill
	b	.LBB3_46
.LBB3_42:
	ldr	r0, [sp, #76]
	movw	r1, #16384
	movt	r1, #16413
	cmp	r0, r1
	bne	.LBB3_44
	b	.LBB3_43
.LBB3_43:
	.loc	1 0 14                          @ ../../libraries/sdk/drives/fsl_flexcan.c:0:14
	movs	r0, #0
	.loc	1 1027 14                       @ ../../libraries/sdk/drives/fsl_flexcan.c:1027:14
	str	r0, [sp, #12]                   @ 4-byte Spill
	b	.LBB3_45
.LBB3_44:
	ldr	r1, [sp, #76]
	movw	r2, #32768
	movt	r2, #16413
	mov.w	r0, #-1
	cmp	r1, r2
	it	eq
	moveq	r0, #1
	str	r0, [sp, #12]                   @ 4-byte Spill
	b	.LBB3_45
.LBB3_45:
	ldr	r0, [sp, #12]                   @ 4-byte Reload
	str	r0, [sp, #16]                   @ 4-byte Spill
	b	.LBB3_46
.LBB3_46:
	ldr	r0, [sp, #16]                   @ 4-byte Reload
.Ltmp33:
	.loc	1 1027 9                        @ ../../libraries/sdk/drives/fsl_flexcan.c:1027:9
	cbz	r0, .LBB3_51
	b	.LBB3_47
.LBB3_47:
.Ltmp34:
	.loc	1 1030 20 is_stmt 1             @ ../../libraries/sdk/drives/fsl_flexcan.c:1030:20
	ldr	r0, [sp, #72]
	.loc	1 1030 29 is_stmt 0             @ ../../libraries/sdk/drives/fsl_flexcan.c:1030:29
	ldrb	r0, [r0, #18]
	.loc	1 1030 19                       @ ../../libraries/sdk/drives/fsl_flexcan.c:1030:19
	lsls	r0, r0, #31
	cbz	r0, .LBB3_49
	b	.LBB3_48
.LBB3_48:
	.loc	1 1030 44                       @ ../../libraries/sdk/drives/fsl_flexcan.c:1030:44
	ldr	r0, [sp, #64]
	.loc	1 1030 52                       @ ../../libraries/sdk/drives/fsl_flexcan.c:1030:52
	orr	r0, r0, #262144
	.loc	1 1030 19                       @ ../../libraries/sdk/drives/fsl_flexcan.c:1030:19
	str	r0, [sp, #8]                    @ 4-byte Spill
	b	.LBB3_50
.LBB3_49:
	.loc	1 1030 76                       @ ../../libraries/sdk/drives/fsl_flexcan.c:1030:76
	ldr	r0, [sp, #64]
	.loc	1 1030 84                       @ ../../libraries/sdk/drives/fsl_flexcan.c:1030:84
	bic	r0, r0, #262144
	.loc	1 1030 19                       @ ../../libraries/sdk/drives/fsl_flexcan.c:1030:19
	str	r0, [sp, #8]                    @ 4-byte Spill
	b	.LBB3_50
.LBB3_50:
	ldr	r0, [sp, #8]                    @ 4-byte Reload
	.loc	1 1030 17                       @ ../../libraries/sdk/drives/fsl_flexcan.c:1030:17
	str	r0, [sp, #64]
	.loc	1 1031 5 is_stmt 1              @ ../../libraries/sdk/drives/fsl_flexcan.c:1031:5
	b	.LBB3_51
.Ltmp35:
.LBB3_51:
	.loc	1 1035 19                       @ ../../libraries/sdk/drives/fsl_flexcan.c:1035:19
	ldr	r0, [sp, #60]
	.loc	1 1035 5 is_stmt 0              @ ../../libraries/sdk/drives/fsl_flexcan.c:1035:5
	ldr	r1, [sp, #76]
	.loc	1 1035 17                       @ ../../libraries/sdk/drives/fsl_flexcan.c:1035:17
	str	r0, [r1, #4]
	.loc	1 1038 17 is_stmt 1             @ ../../libraries/sdk/drives/fsl_flexcan.c:1038:17
	ldr	r0, [sp, #64]
	.loc	1 1038 5 is_stmt 0              @ ../../libraries/sdk/drives/fsl_flexcan.c:1038:5
	ldr	r1, [sp, #76]
	.loc	1 1038 15                       @ ../../libraries/sdk/drives/fsl_flexcan.c:1038:15
	str	r0, [r1]
	.loc	1 1041 24 is_stmt 1             @ ../../libraries/sdk/drives/fsl_flexcan.c:1041:24
	ldr	r0, [sp, #76]
	.loc	1 1041 30 is_stmt 0             @ ../../libraries/sdk/drives/fsl_flexcan.c:1041:30
	ldr	r1, [sp, #68]
	.loc	1 1041 46                       @ ../../libraries/sdk/drives/fsl_flexcan.c:1041:46
	ldr.w	lr, [sp, #72]
	.loc	1 1041 55                       @ ../../libraries/sdk/drives/fsl_flexcan.c:1041:55
	ldr.w	r2, [lr]
	.loc	1 1041 5                        @ ../../libraries/sdk/drives/fsl_flexcan.c:1041:5
	ldr.w	r3, [lr, #20]
	ldr.w	r12, [lr, #24]
	ldr.w	r4, [lr, #28]
	mov	lr, sp
	str.w	r4, [lr, #4]
	str.w	r12, [lr]
	bl	FLEXCAN_SetBitRate
	.loc	1 1042 1 is_stmt 1              @ ../../libraries/sdk/drives/fsl_flexcan.c:1042:1
	add	sp, #80
	pop	{r4, pc}
.Ltmp36:
.Lfunc_end3:
	.size	FLEXCAN_Init, .Lfunc_end3-FLEXCAN_Init
	.cfi_endproc
	.cantunwind
	.fnend
                                        @ -- End function
	.section	.text.CLOCK_EnableClock,"ax",%progbits
	.p2align	3                               @ -- Begin function CLOCK_EnableClock
	.type	CLOCK_EnableClock,%function
	.code	16                              @ @CLOCK_EnableClock
	.thumb_func
CLOCK_EnableClock:
.Lfunc_begin4:
	.loc	6 1515 0                        @ ../../libraries/sdk/drives/fsl_clock.h:1515:0
	.fnstart
	.cfi_startproc
@ %bb.0:
	.save	{r7, lr}
	push	{r7, lr}
	.cfi_def_cfa_offset 8
	.cfi_offset lr, -4
	.cfi_offset r7, -8
	.pad	#8
	sub	sp, #8
	.cfi_def_cfa_offset 16
                                        @ kill: def $r1 killed $r0
	strh.w	r0, [sp, #6]
.Ltmp37:
	.loc	6 1516 23 prologue_end          @ ../../libraries/sdk/drives/fsl_clock.h:1516:23
	ldrsh.w	r0, [sp, #6]
	movs	r1, #3
	.loc	6 1516 5 is_stmt 0              @ ../../libraries/sdk/drives/fsl_clock.h:1516:5
	bl	CLOCK_ControlGate
	.loc	6 1517 1 is_stmt 1              @ ../../libraries/sdk/drives/fsl_clock.h:1517:1
	add	sp, #8
	pop	{r7, pc}
.Ltmp38:
.Lfunc_end4:
	.size	CLOCK_EnableClock, .Lfunc_end4-CLOCK_EnableClock
	.cfi_endproc
	.cantunwind
	.fnend
                                        @ -- End function
	.section	.text.FLEXCAN_Enable,"ax",%progbits
	.p2align	3                               @ -- Begin function FLEXCAN_Enable
	.type	FLEXCAN_Enable,%function
	.code	16                              @ @FLEXCAN_Enable
	.thumb_func
FLEXCAN_Enable:
.Lfunc_begin5:
	.loc	5 1753 0                        @ ../../libraries/sdk/drives/fsl_flexcan.h:1753:0
	.fnstart
	.cfi_startproc
@ %bb.0:
	.pad	#8
	sub	sp, #8
	.cfi_def_cfa_offset 8
                                        @ kill: def $r2 killed $r1
	str	r0, [sp, #4]
	strb.w	r1, [sp, #3]
.Ltmp39:
	.loc	5 1754 9 prologue_end           @ ../../libraries/sdk/drives/fsl_flexcan.h:1754:9
	ldrb.w	r0, [sp, #3]
.Ltmp40:
	.loc	5 1754 9 is_stmt 0              @ ../../libraries/sdk/drives/fsl_flexcan.h:1754:9
	lsls	r0, r0, #31
	cbz	r0, .LBB5_5
	b	.LBB5_1
.LBB5_1:
.Ltmp41:
	.loc	5 1756 9 is_stmt 1              @ ../../libraries/sdk/drives/fsl_flexcan.h:1756:9
	ldr	r1, [sp, #4]
	.loc	5 1756 19 is_stmt 0             @ ../../libraries/sdk/drives/fsl_flexcan.h:1756:19
	ldr	r0, [r1]
	bic	r0, r0, #-2147483648
	str	r0, [r1]
	.loc	5 1759 9 is_stmt 1              @ ../../libraries/sdk/drives/fsl_flexcan.h:1759:9
	b	.LBB5_2
.LBB5_2:                                @ =>This Inner Loop Header: Depth=1
	.loc	5 1759 23 is_stmt 0             @ ../../libraries/sdk/drives/fsl_flexcan.h:1759:23
	ldr	r0, [sp, #4]
	.loc	5 1759 29                       @ ../../libraries/sdk/drives/fsl_flexcan.h:1759:29
	ldr	r0, [r0]
	.loc	5 1759 9                        @ ../../libraries/sdk/drives/fsl_flexcan.h:1759:9
	lsls	r0, r0, #11
	cmp	r0, #0
	bpl	.LBB5_4
	b	.LBB5_3
.LBB5_3:                                @   in Loop: Header=BB5_2 Depth=1
	b	.LBB5_2
.LBB5_4:
	.loc	5 1762 5 is_stmt 1              @ ../../libraries/sdk/drives/fsl_flexcan.h:1762:5
	b	.LBB5_9
.Ltmp42:
.LBB5_5:
	.loc	5 1765 9                        @ ../../libraries/sdk/drives/fsl_flexcan.h:1765:9
	ldr	r1, [sp, #4]
	.loc	5 1765 19 is_stmt 0             @ ../../libraries/sdk/drives/fsl_flexcan.h:1765:19
	ldr	r0, [r1]
	orr	r0, r0, #-2147483648
	str	r0, [r1]
	.loc	5 1768 9 is_stmt 1              @ ../../libraries/sdk/drives/fsl_flexcan.h:1768:9
	b	.LBB5_6
.LBB5_6:                                @ =>This Inner Loop Header: Depth=1
	.loc	5 1768 23 is_stmt 0             @ ../../libraries/sdk/drives/fsl_flexcan.h:1768:23
	ldr	r0, [sp, #4]
	.loc	5 1768 29                       @ ../../libraries/sdk/drives/fsl_flexcan.h:1768:29
	ldr	r0, [r0]
	.loc	5 1768 9                        @ ../../libraries/sdk/drives/fsl_flexcan.h:1768:9
	lsls	r0, r0, #11
	cmp	r0, #0
	bmi	.LBB5_8
	b	.LBB5_7
.LBB5_7:                                @   in Loop: Header=BB5_6 Depth=1
	b	.LBB5_6
.Ltmp43:
.LBB5_8:
	.loc	5 0 9                           @ ../../libraries/sdk/drives/fsl_flexcan.h:0:9
	b	.LBB5_9
.LBB5_9:
	.loc	5 1772 1 is_stmt 1              @ ../../libraries/sdk/drives/fsl_flexcan.h:1772:1
	add	sp, #8
	bx	lr
.Ltmp44:
.Lfunc_end5:
	.size	FLEXCAN_Enable, .Lfunc_end5-FLEXCAN_Enable
	.cfi_endproc
	.cantunwind
	.fnend
                                        @ -- End function
	.section	.text.FLEXCAN_Reset,"ax",%progbits
	.p2align	3                               @ -- Begin function FLEXCAN_Reset
	.type	FLEXCAN_Reset,%function
	.code	16                              @ @FLEXCAN_Reset
	.thumb_func
FLEXCAN_Reset:
.Lfunc_begin6:
	.loc	1 705 0                         @ ../../libraries/sdk/drives/fsl_flexcan.c:705:0
	.fnstart
	.cfi_startproc
@ %bb.0:
	.save	{r7, lr}
	push	{r7, lr}
	.cfi_def_cfa_offset 8
	.cfi_offset lr, -4
	.cfi_offset r7, -8
	.pad	#24
	sub	sp, #24
	.cfi_def_cfa_offset 32
	str	r0, [sp, #20]
.Ltmp45:
	.loc	1 709 5 prologue_end            @ ../../libraries/sdk/drives/fsl_flexcan.c:709:5
	ldr	r0, [sp, #20]
	ldr	r0, [r0]
	lsrs	r0, r0, #31
	cbnz	r0, .LBB6_2
	b	.LBB6_1
.LBB6_1:
	b	.LBB6_3
.LBB6_2:
	movw	r0, :lower16:.L.str.33
	movt	r0, :upper16:.L.str.33
	movw	r1, :lower16:.L.str.1
	movt	r1, :upper16:.L.str.1
	movw	r2, #709
	bl	__aeabi_assert
.LBB6_3:
.Ltmp46:
	.loc	1 714 15                        @ ../../libraries/sdk/drives/fsl_flexcan.c:714:15
	ldr	r0, [sp, #20]
	movs	r1, #0
	movt	r1, #16413
	cmp	r0, r1
	bne	.LBB6_5
	b	.LBB6_4
.LBB6_4:
	.loc	1 0 15 is_stmt 0                @ ../../libraries/sdk/drives/fsl_flexcan.c:0:15
	movs	r0, #0
	.loc	1 714 15                        @ ../../libraries/sdk/drives/fsl_flexcan.c:714:15
	str	r0, [sp, #12]                   @ 4-byte Spill
	b	.LBB6_9
.LBB6_5:
	ldr	r0, [sp, #20]
	movw	r1, #16384
	movt	r1, #16413
	cmp	r0, r1
	bne	.LBB6_7
	b	.LBB6_6
.LBB6_6:
	.loc	1 0 15                          @ ../../libraries/sdk/drives/fsl_flexcan.c:0:15
	movs	r0, #0
	.loc	1 714 15                        @ ../../libraries/sdk/drives/fsl_flexcan.c:714:15
	str	r0, [sp, #8]                    @ 4-byte Spill
	b	.LBB6_8
.LBB6_7:
	ldr	r1, [sp, #20]
	movw	r2, #32768
	movt	r2, #16413
	mov.w	r0, #-1
	cmp	r1, r2
	it	eq
	moveq	r0, #1
	str	r0, [sp, #8]                    @ 4-byte Spill
	b	.LBB6_8
.LBB6_8:
	ldr	r0, [sp, #8]                    @ 4-byte Reload
	str	r0, [sp, #12]                   @ 4-byte Spill
	b	.LBB6_9
.LBB6_9:
	ldr	r0, [sp, #12]                   @ 4-byte Reload
.Ltmp47:
	.loc	1 714 9                         @ ../../libraries/sdk/drives/fsl_flexcan.c:714:9
	cbz	r0, .LBB6_11
	b	.LBB6_10
.LBB6_10:
.Ltmp48:
	.loc	1 717 9 is_stmt 1               @ ../../libraries/sdk/drives/fsl_flexcan.c:717:9
	ldr	r1, [sp, #20]
	.loc	1 717 19 is_stmt 0              @ ../../libraries/sdk/drives/fsl_flexcan.c:717:19
	ldr	r0, [r1]
	bic	r0, r0, #262144
	str	r0, [r1]
	.loc	1 718 5 is_stmt 1               @ ../../libraries/sdk/drives/fsl_flexcan.c:718:5
	b	.LBB6_11
.Ltmp49:
.LBB6_11:
	.loc	1 722 5                         @ ../../libraries/sdk/drives/fsl_flexcan.c:722:5
	b	.LBB6_12
.LBB6_12:                               @ =>This Inner Loop Header: Depth=1
	.loc	1 722 19 is_stmt 0              @ ../../libraries/sdk/drives/fsl_flexcan.c:722:19
	ldr	r0, [sp, #20]
	.loc	1 722 25                        @ ../../libraries/sdk/drives/fsl_flexcan.c:722:25
	ldr	r0, [r0]
	.loc	1 722 5                         @ ../../libraries/sdk/drives/fsl_flexcan.c:722:5
	lsls	r0, r0, #11
	cmp	r0, #0
	bpl	.LBB6_14
	b	.LBB6_13
.LBB6_13:                               @   in Loop: Header=BB6_12 Depth=1
	b	.LBB6_12
.LBB6_14:
	.loc	1 727 5 is_stmt 1               @ ../../libraries/sdk/drives/fsl_flexcan.c:727:5
	ldr	r1, [sp, #20]
	.loc	1 727 15 is_stmt 0              @ ../../libraries/sdk/drives/fsl_flexcan.c:727:15
	ldr	r0, [r1]
	orr	r0, r0, #33554432
	str	r0, [r1]
	.loc	1 729 5 is_stmt 1               @ ../../libraries/sdk/drives/fsl_flexcan.c:729:5
	b	.LBB6_15
.LBB6_15:                               @ =>This Inner Loop Header: Depth=1
	.loc	1 729 19 is_stmt 0              @ ../../libraries/sdk/drives/fsl_flexcan.c:729:19
	ldr	r0, [sp, #20]
	.loc	1 729 25                        @ ../../libraries/sdk/drives/fsl_flexcan.c:729:25
	ldr	r0, [r0]
	.loc	1 729 5                         @ ../../libraries/sdk/drives/fsl_flexcan.c:729:5
	lsls	r0, r0, #6
	cmp	r0, #0
	bpl	.LBB6_17
	b	.LBB6_16
.LBB6_16:                               @   in Loop: Header=BB6_15 Depth=1
	b	.LBB6_15
.LBB6_17:
	.loc	1 735 5 is_stmt 1               @ ../../libraries/sdk/drives/fsl_flexcan.c:735:5
	ldr	r1, [sp, #20]
	.loc	1 735 15 is_stmt 0              @ ../../libraries/sdk/drives/fsl_flexcan.c:735:15
	ldr	r0, [r1]
	movs	r2, #63
	movt	r2, #40
	orrs	r0, r2
	str	r0, [r1]
	.loc	1 744 5 is_stmt 1               @ ../../libraries/sdk/drives/fsl_flexcan.c:744:5
	ldr	r1, [sp, #20]
	movs	r0, #128
	.loc	1 744 17 is_stmt 0              @ ../../libraries/sdk/drives/fsl_flexcan.c:744:17
	str	r0, [r1, #4]
	.loc	1 745 5 is_stmt 1               @ ../../libraries/sdk/drives/fsl_flexcan.c:745:5
	ldr	r1, [sp, #20]
	mov.w	r0, #11730944
	.loc	1 745 17 is_stmt 0              @ ../../libraries/sdk/drives/fsl_flexcan.c:745:17
	str	r0, [r1, #52]
	.loc	1 762 29 is_stmt 1              @ ../../libraries/sdk/drives/fsl_flexcan.c:762:29
	ldr	r0, [sp, #20]
	.loc	1 762 35 is_stmt 0              @ ../../libraries/sdk/drives/fsl_flexcan.c:762:35
	adds	r0, #128
	movs	r1, #0
	str	r1, [sp, #4]                    @ 4-byte Spill
	mov.w	r2, #1024
	.loc	1 762 5                         @ ../../libraries/sdk/drives/fsl_flexcan.c:762:5
	bl	flexcan_memset
	ldr	r0, [sp, #4]                    @ 4-byte Reload
.Ltmp50:
	.loc	1 766 12 is_stmt 1              @ ../../libraries/sdk/drives/fsl_flexcan.c:766:12
	strb.w	r0, [sp, #19]
	.loc	1 766 10 is_stmt 0              @ ../../libraries/sdk/drives/fsl_flexcan.c:766:10
	b	.LBB6_18
.LBB6_18:                               @ =>This Inner Loop Header: Depth=1
.Ltmp51:
	.loc	1 766 17                        @ ../../libraries/sdk/drives/fsl_flexcan.c:766:17
	ldrb.w	r0, [sp, #19]
.Ltmp52:
	.loc	1 766 5                         @ ../../libraries/sdk/drives/fsl_flexcan.c:766:5
	cmp	r0, #63
	bhi	.LBB6_21
	b	.LBB6_19
.LBB6_19:                               @   in Loop: Header=BB6_18 Depth=1
.Ltmp53:
	.loc	1 768 9 is_stmt 1               @ ../../libraries/sdk/drives/fsl_flexcan.c:768:9
	ldr	r0, [sp, #20]
	.loc	1 768 21 is_stmt 0              @ ../../libraries/sdk/drives/fsl_flexcan.c:768:21
	ldrb.w	r1, [sp, #19]
	.loc	1 768 15                        @ ../../libraries/sdk/drives/fsl_flexcan.c:768:15
	add.w	r1, r0, r1, lsl #2
	mvn	r0, #-1073741824
	.loc	1 768 24                        @ ../../libraries/sdk/drives/fsl_flexcan.c:768:24
	str.w	r0, [r1, #2176]
	.loc	1 769 5 is_stmt 1               @ ../../libraries/sdk/drives/fsl_flexcan.c:769:5
	b	.LBB6_20
.Ltmp54:
.LBB6_20:                               @   in Loop: Header=BB6_18 Depth=1
	.loc	1 766 90                        @ ../../libraries/sdk/drives/fsl_flexcan.c:766:90
	ldrb.w	r0, [sp, #19]
	adds	r0, #1
	strb.w	r0, [sp, #19]
	.loc	1 766 5 is_stmt 0               @ ../../libraries/sdk/drives/fsl_flexcan.c:766:5
	b	.LBB6_18
.Ltmp55:
.LBB6_21:
	.loc	1 772 5 is_stmt 1               @ ../../libraries/sdk/drives/fsl_flexcan.c:772:5
	ldr	r1, [sp, #20]
	mvn	r0, #-1073741824
	.loc	1 772 20 is_stmt 0              @ ../../libraries/sdk/drives/fsl_flexcan.c:772:20
	str	r0, [r1, #16]
	.loc	1 774 5 is_stmt 1               @ ../../libraries/sdk/drives/fsl_flexcan.c:774:5
	ldr	r1, [sp, #20]
	.loc	1 774 20 is_stmt 0              @ ../../libraries/sdk/drives/fsl_flexcan.c:774:20
	str	r0, [r1, #20]
	.loc	1 776 5 is_stmt 1               @ ../../libraries/sdk/drives/fsl_flexcan.c:776:5
	ldr	r1, [sp, #20]
	.loc	1 776 20 is_stmt 0              @ ../../libraries/sdk/drives/fsl_flexcan.c:776:20
	str	r0, [r1, #24]
	.loc	1 778 5 is_stmt 1               @ ../../libraries/sdk/drives/fsl_flexcan.c:778:5
	ldr	r1, [sp, #20]
	.loc	1 778 20 is_stmt 0              @ ../../libraries/sdk/drives/fsl_flexcan.c:778:20
	str	r0, [r1, #72]
	.loc	1 779 1 is_stmt 1               @ ../../libraries/sdk/drives/fsl_flexcan.c:779:1
	add	sp, #24
	pop	{r7, pc}
.Ltmp56:
.Lfunc_end6:
	.size	FLEXCAN_Reset, .Lfunc_end6-FLEXCAN_Reset
	.cfi_endproc
	.cantunwind
	.fnend
                                        @ -- End function
	.section	.text.FLEXCAN_SetBitRate,"ax",%progbits
	.p2align	3                               @ -- Begin function FLEXCAN_SetBitRate
	.type	FLEXCAN_SetBitRate,%function
	.code	16                              @ @FLEXCAN_SetBitRate
	.thumb_func
FLEXCAN_SetBitRate:
.Lfunc_begin7:
	.loc	1 798 0                         @ ../../libraries/sdk/drives/fsl_flexcan.c:798:0
	.fnstart
	.cfi_startproc
@ %bb.0:
	.save	{r4, lr}
	push	{r4, lr}
	.cfi_def_cfa_offset 8
	.cfi_offset lr, -4
	.cfi_offset r4, -8
	.pad	#40
	sub	sp, #40
	.cfi_def_cfa_offset 48
	ldr.w	lr, [sp, #52]
	ldr.w	r12, [sp, #48]
                                        @ kill: def $r4 killed $r3
	str.w	lr, [sp, #36]
	str.w	r12, [sp, #32]
	str	r3, [sp, #28]
	str	r0, [sp, #24]
	str	r1, [sp, #20]
	str	r2, [sp, #16]
.Ltmp57:
	.loc	1 802 54 prologue_end           @ ../../libraries/sdk/drives/fsl_flexcan.c:802:54
	ldrb.w	r2, [sp, #31]
	.loc	1 802 96 is_stmt 0              @ ../../libraries/sdk/drives/fsl_flexcan.c:802:96
	ldrb.w	r0, [sp, #32]
	.loc	1 803 49 is_stmt 1              @ ../../libraries/sdk/drives/fsl_flexcan.c:803:49
	ldrb.w	r1, [sp, #33]
	.loc	1 802 106                       @ ../../libraries/sdk/drives/fsl_flexcan.c:802:106
	add	r0, r2
	.loc	1 802 64 is_stmt 0              @ ../../libraries/sdk/drives/fsl_flexcan.c:802:64
	add	r0, r1
	.loc	1 802 112                       @ ../../libraries/sdk/drives/fsl_flexcan.c:802:112
	adds	r0, #4
	.loc	1 802 14                        @ ../../libraries/sdk/drives/fsl_flexcan.c:802:14
	str	r0, [sp, #12]
	.loc	1 806 5 is_stmt 1               @ ../../libraries/sdk/drives/fsl_flexcan.c:806:5
	ldr	r0, [sp, #16]
	movw	r1, #16960
	movt	r1, #15
	cmp	r0, r1
	bhi	.LBB7_2
	b	.LBB7_1
.LBB7_1:
	b	.LBB7_3
.LBB7_2:
	movw	r0, :lower16:.L.str.34
	movt	r0, :upper16:.L.str.34
	movw	r1, :lower16:.L.str.1
	movt	r1, :upper16:.L.str.1
	movw	r2, #806
	bl	__aeabi_assert
.LBB7_3:
	ldr	r0, [sp, #16]
	.loc	1 808 5                         @ ../../libraries/sdk/drives/fsl_flexcan.c:808:5
	ldr	r1, [sp, #12]
	muls	r0, r1, r0
	ldr	r1, [sp, #20]
	cmp	r0, r1
	bhi	.LBB7_5
	b	.LBB7_4
.LBB7_4:
	b	.LBB7_6
.LBB7_5:
	movw	r0, :lower16:.L.str.35
	movt	r0, :upper16:.L.str.35
	movw	r1, :lower16:.L.str.1
	movt	r1, :upper16:.L.str.1
	mov.w	r2, #808
	bl	__aeabi_assert
.LBB7_6:
.Ltmp58:
	.loc	1 812 14                        @ ../../libraries/sdk/drives/fsl_flexcan.c:812:14
	ldr	r0, [sp, #24]
	movs	r1, #0
	movt	r1, #16413
	cmp	r0, r1
	bne	.LBB7_8
	b	.LBB7_7
.LBB7_7:
	.loc	1 0 14 is_stmt 0                @ ../../libraries/sdk/drives/fsl_flexcan.c:0:14
	movs	r0, #0
	.loc	1 812 14                        @ ../../libraries/sdk/drives/fsl_flexcan.c:812:14
	str	r0, [sp, #8]                    @ 4-byte Spill
	b	.LBB7_12
.LBB7_8:
	ldr	r0, [sp, #24]
	movw	r1, #16384
	movt	r1, #16413
	cmp	r0, r1
	bne	.LBB7_10
	b	.LBB7_9
.LBB7_9:
	.loc	1 0 14                          @ ../../libraries/sdk/drives/fsl_flexcan.c:0:14
	movs	r0, #0
	.loc	1 812 14                        @ ../../libraries/sdk/drives/fsl_flexcan.c:812:14
	str	r0, [sp, #4]                    @ 4-byte Spill
	b	.LBB7_11
.LBB7_10:
	ldr	r1, [sp, #24]
	movw	r2, #32768
	movt	r2, #16413
	mov.w	r0, #-1
	cmp	r1, r2
	it	eq
	moveq	r0, #1
	str	r0, [sp, #4]                    @ 4-byte Spill
	b	.LBB7_11
.LBB7_11:
	ldr	r0, [sp, #4]                    @ 4-byte Reload
	str	r0, [sp, #8]                    @ 4-byte Spill
	b	.LBB7_12
.LBB7_12:
	ldr	r0, [sp, #8]                    @ 4-byte Reload
.Ltmp59:
	.loc	1 812 9                         @ ../../libraries/sdk/drives/fsl_flexcan.c:812:9
	cbz	r0, .LBB7_17
	b	.LBB7_13
.LBB7_13:
.Ltmp60:
	.loc	1 817 9 is_stmt 1               @ ../../libraries/sdk/drives/fsl_flexcan.c:817:9
	ldr	r0, [sp, #16]
	ldr	r1, [sp, #12]
	muls	r0, r1, r0
	rsb	r0, r0, r0, lsl #10
	ldr	r1, [sp, #20]
	cmp	r0, r1
	blo	.LBB7_15
	b	.LBB7_14
.LBB7_14:
	b	.LBB7_16
.LBB7_15:
	movw	r0, :lower16:.L.str.36
	movt	r0, :upper16:.L.str.36
	movw	r1, :lower16:.L.str.1
	movt	r1, :upper16:.L.str.1
	movw	r2, #817
	bl	__aeabi_assert
.LBB7_16:
	.loc	1 819 5                         @ ../../libraries/sdk/drives/fsl_flexcan.c:819:5
	b	.LBB7_21
.Ltmp61:
.LBB7_17:
	.loc	1 822 9                         @ ../../libraries/sdk/drives/fsl_flexcan.c:822:9
	ldr	r0, [sp, #16]
	ldr	r1, [sp, #12]
	muls	r0, r1, r0
	rsb	r0, r0, r0, lsl #8
	ldr	r1, [sp, #20]
	cmp	r0, r1
	blo	.LBB7_19
	b	.LBB7_18
.LBB7_18:
	b	.LBB7_20
.LBB7_19:
	movw	r0, :lower16:.L.str.37
	movt	r0, :upper16:.L.str.37
	movw	r1, :lower16:.L.str.1
	movt	r1, :upper16:.L.str.1
	movw	r2, #822
	bl	__aeabi_assert
.Ltmp62:
.LBB7_20:
	.loc	1 0 9 is_stmt 0                 @ ../../libraries/sdk/drives/fsl_flexcan.c:0:9
	b	.LBB7_21
.LBB7_21:
.Ltmp63:
	.loc	1 827 9 is_stmt 1               @ ../../libraries/sdk/drives/fsl_flexcan.c:827:9
	ldr	r0, [sp, #12]
.Ltmp64:
	.loc	1 827 9 is_stmt 0               @ ../../libraries/sdk/drives/fsl_flexcan.c:827:9
	cmp	r0, #4
	bhi	.LBB7_23
	b	.LBB7_22
.LBB7_22:
	.loc	1 0 9                           @ ../../libraries/sdk/drives/fsl_flexcan.c:0:9
	movs	r0, #0
.Ltmp65:
	.loc	1 830 33 is_stmt 1              @ ../../libraries/sdk/drives/fsl_flexcan.c:830:33
	strh.w	r0, [sp, #28]
	.loc	1 831 5                         @ ../../libraries/sdk/drives/fsl_flexcan.c:831:5
	b	.LBB7_24
.Ltmp66:
.LBB7_23:
	.loc	1 834 47                        @ ../../libraries/sdk/drives/fsl_flexcan.c:834:47
	ldr	r0, [sp, #20]
	.loc	1 834 65 is_stmt 0              @ ../../libraries/sdk/drives/fsl_flexcan.c:834:65
	ldr	r1, [sp, #16]
	.loc	1 834 79                        @ ../../libraries/sdk/drives/fsl_flexcan.c:834:79
	ldr	r2, [sp, #12]
	.loc	1 834 77                        @ ../../libraries/sdk/drives/fsl_flexcan.c:834:77
	muls	r1, r2, r1
	.loc	1 834 62                        @ ../../libraries/sdk/drives/fsl_flexcan.c:834:62
	udiv	r0, r0, r1
	.loc	1 834 89                        @ ../../libraries/sdk/drives/fsl_flexcan.c:834:89
	subs	r0, #1
	.loc	1 834 33                        @ ../../libraries/sdk/drives/fsl_flexcan.c:834:33
	strh.w	r0, [sp, #28]
	b	.LBB7_24
.Ltmp67:
.LBB7_24:
	.loc	1 838 29 is_stmt 1              @ ../../libraries/sdk/drives/fsl_flexcan.c:838:29
	ldr	r0, [sp, #24]
	add	r1, sp, #28
	.loc	1 838 5 is_stmt 0               @ ../../libraries/sdk/drives/fsl_flexcan.c:838:5
	bl	FLEXCAN_SetTimingConfig
	.loc	1 839 1 is_stmt 1               @ ../../libraries/sdk/drives/fsl_flexcan.c:839:1
	add	sp, #40
	pop	{r4, pc}
.Ltmp68:
.Lfunc_end7:
	.size	FLEXCAN_SetBitRate, .Lfunc_end7-FLEXCAN_SetBitRate
	.cfi_endproc
	.cantunwind
	.fnend
                                        @ -- End function
	.section	.text.FLEXCAN_FDInit,"ax",%progbits
	.hidden	FLEXCAN_FDInit                  @ -- Begin function FLEXCAN_FDInit
	.globl	FLEXCAN_FDInit
	.p2align	3
	.type	FLEXCAN_FDInit,%function
	.code	16                              @ @FLEXCAN_FDInit
	.thumb_func
FLEXCAN_FDInit:
.Lfunc_begin8:
	.loc	1 1076 0                        @ ../../libraries/sdk/drives/fsl_flexcan.c:1076:0
	.fnstart
	.cfi_startproc
@ %bb.0:
	.save	{r4, lr}
	push	{r4, lr}
	.cfi_def_cfa_offset 8
	.cfi_offset lr, -4
	.cfi_offset r4, -8
	.pad	#40
	sub	sp, #40
	.cfi_def_cfa_offset 48
	mov	r12, r0
	ldr	r0, [sp, #48]
                                        @ kill: def $lr killed $r3
	str.w	r12, [sp, #36]
	str	r1, [sp, #32]
	str	r2, [sp, #28]
	strb.w	r3, [sp, #27]
	strb.w	r0, [sp, #26]
.Ltmp69:
	.loc	1 1077 5 prologue_end           @ ../../libraries/sdk/drives/fsl_flexcan.c:1077:5
	ldrb.w	r0, [sp, #27]
	cmp	r0, #3
	bhi	.LBB8_2
	b	.LBB8_1
.LBB8_1:
	b	.LBB8_3
.LBB8_2:
	movw	r0, :lower16:.L.str.6
	movt	r0, :upper16:.L.str.6
	movw	r1, :lower16:.L.str.1
	movt	r1, :upper16:.L.str.1
	movw	r2, #1077
	bl	__aeabi_assert
.LBB8_3:
	.loc	1 1078 5                        @ ../../libraries/sdk/drives/fsl_flexcan.c:1078:5
	ldr	r1, [sp, #32]
	ldr	r0, [r1]
	ldr	r1, [r1, #4]
	cmp	r0, r1
	bhs	.LBB8_5
	b	.LBB8_4
.LBB8_4:
	ldrb.w	r0, [sp, #26]
	lsls	r0, r0, #31
	cbnz	r0, .LBB8_7
	b	.LBB8_5
.LBB8_5:
	ldr	r1, [sp, #32]
	ldr	r0, [r1]
	ldr	r1, [r1, #4]
	cmp	r0, r1
	bne	.LBB8_8
	b	.LBB8_6
.LBB8_6:
	ldrb.w	r0, [sp, #26]
	lsls	r0, r0, #31
	cbnz	r0, .LBB8_8
	b	.LBB8_7
.LBB8_7:
	b	.LBB8_9
.LBB8_8:
	movw	r0, :lower16:.L.str.7
	movt	r0, :upper16:.L.str.7
	movw	r1, :lower16:.L.str.1
	movt	r1, :upper16:.L.str.1
	movw	r2, #1078
	bl	__aeabi_assert
.LBB8_9:
	ldr	r1, [sp, #32]
	ldr	r0, [r1]
	ldr	r1, [r1, #4]
	cmp	r0, r1
	bhs	.LBB8_11
	b	.LBB8_10
.LBB8_10:
	ldrb.w	r1, [sp, #26]
	movs	r0, #1
	lsls	r1, r1, #31
	str	r0, [sp, #16]                   @ 4-byte Spill
	cbnz	r1, .LBB8_14
	b	.LBB8_11
.LBB8_11:
	ldr	r0, [sp, #32]
	ldr	r1, [r0]
	ldr	r2, [r0, #4]
	movs	r0, #0
	cmp	r1, r2
	str	r0, [sp, #12]                   @ 4-byte Spill
	bne	.LBB8_13
	b	.LBB8_12
.LBB8_12:
	ldrb.w	r0, [sp, #26]
	eor	r0, r0, #1
	str	r0, [sp, #12]                   @ 4-byte Spill
	b	.LBB8_13
.LBB8_13:
	.loc	1 0 0 is_stmt 0                 @ ../../libraries/sdk/drives/fsl_flexcan.c:0:0
	ldr	r0, [sp, #12]                   @ 4-byte Reload
	.loc	1 1078 5                        @ ../../libraries/sdk/drives/fsl_flexcan.c:1078:5
	str	r0, [sp, #16]                   @ 4-byte Spill
	b	.LBB8_14
.LBB8_14:
	.loc	1 0 5                           @ ../../libraries/sdk/drives/fsl_flexcan.c:0:5
	ldr	r0, [sp, #16]                   @ 4-byte Reload
	movs	r0, #0
	.loc	1 1080 14 is_stmt 1             @ ../../libraries/sdk/drives/fsl_flexcan.c:1080:14
	str	r0, [sp, #20]
	.loc	1 1083 18                       @ ../../libraries/sdk/drives/fsl_flexcan.c:1083:18
	ldr	r0, [sp, #36]
	.loc	1 1083 24 is_stmt 0             @ ../../libraries/sdk/drives/fsl_flexcan.c:1083:24
	ldr	r1, [sp, #32]
	.loc	1 1083 33                       @ ../../libraries/sdk/drives/fsl_flexcan.c:1083:33
	ldr	r2, [sp, #28]
	.loc	1 1083 5                        @ ../../libraries/sdk/drives/fsl_flexcan.c:1083:5
	bl	FLEXCAN_Init
	.loc	1 1086 26 is_stmt 1             @ ../../libraries/sdk/drives/fsl_flexcan.c:1086:26
	ldr	r0, [sp, #36]
	.loc	1 1086 32 is_stmt 0             @ ../../libraries/sdk/drives/fsl_flexcan.c:1086:32
	ldr	r1, [sp, #28]
	.loc	1 1086 48                       @ ../../libraries/sdk/drives/fsl_flexcan.c:1086:48
	ldr.w	lr, [sp, #32]
	.loc	1 1086 57                       @ ../../libraries/sdk/drives/fsl_flexcan.c:1086:57
	ldr.w	r2, [lr, #4]
	.loc	1 1086 5                        @ ../../libraries/sdk/drives/fsl_flexcan.c:1086:5
	ldr.w	r3, [lr, #20]
	ldr.w	r12, [lr, #24]
	ldr.w	r4, [lr, #28]
	mov	lr, sp
	str.w	r4, [lr, #4]
	str.w	r12, [lr]
	bl	FLEXCAN_SetFDBitRate
	.loc	1 1089 14 is_stmt 1             @ ../../libraries/sdk/drives/fsl_flexcan.c:1089:14
	ldr	r0, [sp, #36]
	.loc	1 1089 20 is_stmt 0             @ ../../libraries/sdk/drives/fsl_flexcan.c:1089:20
	ldr.w	r0, [r0, #3072]
	.loc	1 1089 12                       @ ../../libraries/sdk/drives/fsl_flexcan.c:1089:12
	str	r0, [sp, #20]
.Ltmp70:
	.loc	1 1092 9 is_stmt 1              @ ../../libraries/sdk/drives/fsl_flexcan.c:1092:9
	ldrb.w	r0, [sp, #26]
.Ltmp71:
	.loc	1 1092 9 is_stmt 0              @ ../../libraries/sdk/drives/fsl_flexcan.c:1092:9
	lsls	r0, r0, #31
	cbz	r0, .LBB8_16
	b	.LBB8_15
.LBB8_15:
.Ltmp72:
	.loc	1 1094 16 is_stmt 1             @ ../../libraries/sdk/drives/fsl_flexcan.c:1094:16
	ldr	r0, [sp, #20]
	orr	r0, r0, #-2147483648
	str	r0, [sp, #20]
	.loc	1 1095 5                        @ ../../libraries/sdk/drives/fsl_flexcan.c:1095:5
	b	.LBB8_17
.Ltmp73:
.LBB8_16:
	.loc	1 1098 16                       @ ../../libraries/sdk/drives/fsl_flexcan.c:1098:16
	ldr	r0, [sp, #20]
	bic	r0, r0, #-2147483648
	str	r0, [sp, #20]
	b	.LBB8_17
.Ltmp74:
.LBB8_17:
	.loc	1 1102 15                       @ ../../libraries/sdk/drives/fsl_flexcan.c:1102:15
	ldr	r0, [sp, #20]
	.loc	1 1102 51 is_stmt 0             @ ../../libraries/sdk/drives/fsl_flexcan.c:1102:51
	ldrb.w	r1, [sp, #27]
	.loc	1 1102 49                       @ ../../libraries/sdk/drives/fsl_flexcan.c:1102:49
	bfi	r0, r1, #16, #2
	.loc	1 1102 12                       @ ../../libraries/sdk/drives/fsl_flexcan.c:1102:12
	str	r0, [sp, #20]
	.loc	1 1104 15 is_stmt 1             @ ../../libraries/sdk/drives/fsl_flexcan.c:1104:15
	ldr	r0, [sp, #20]
	.loc	1 1104 51 is_stmt 0             @ ../../libraries/sdk/drives/fsl_flexcan.c:1104:51
	ldrb.w	r1, [sp, #27]
	.loc	1 1104 49                       @ ../../libraries/sdk/drives/fsl_flexcan.c:1104:49
	bfi	r0, r1, #19, #2
	.loc	1 1104 12                       @ ../../libraries/sdk/drives/fsl_flexcan.c:1104:12
	str	r0, [sp, #20]
	.loc	1 1114 29 is_stmt 1             @ ../../libraries/sdk/drives/fsl_flexcan.c:1114:29
	ldr	r0, [sp, #36]
	.loc	1 1114 5 is_stmt 0              @ ../../libraries/sdk/drives/fsl_flexcan.c:1114:5
	bl	FLEXCAN_EnterFreezeMode
	.loc	1 1116 5 is_stmt 1              @ ../../libraries/sdk/drives/fsl_flexcan.c:1116:5
	ldr	r1, [sp, #36]
	.loc	1 1116 15 is_stmt 0             @ ../../libraries/sdk/drives/fsl_flexcan.c:1116:15
	ldr	r0, [r1]
	orr	r0, r0, #2048
	str	r0, [r1]
	.loc	1 1119 5 is_stmt 1              @ ../../libraries/sdk/drives/fsl_flexcan.c:1119:5
	ldr	r1, [sp, #36]
	.loc	1 1119 17 is_stmt 0             @ ../../libraries/sdk/drives/fsl_flexcan.c:1119:17
	ldr	r0, [r1, #4]
	bic	r0, r0, #128
	str	r0, [r1, #4]
.Ltmp75:
	.loc	1 1121 9 is_stmt 1              @ ../../libraries/sdk/drives/fsl_flexcan.c:1121:9
	ldrb.w	r0, [sp, #26]
	.loc	1 1121 13 is_stmt 0             @ ../../libraries/sdk/drives/fsl_flexcan.c:1121:13
	lsls	r0, r0, #31
	cbz	r0, .LBB8_23
	b	.LBB8_18
.LBB8_18:
	.loc	1 1121 18                       @ ../../libraries/sdk/drives/fsl_flexcan.c:1121:18
	ldr	r0, [sp, #32]
	.loc	1 1121 27                       @ ../../libraries/sdk/drives/fsl_flexcan.c:1121:27
	ldrb	r0, [r0, #11]
.Ltmp76:
	.loc	1 1121 9                        @ ../../libraries/sdk/drives/fsl_flexcan.c:1121:9
	lsls	r0, r0, #31
	cbnz	r0, .LBB8_23
	b	.LBB8_19
.LBB8_19:
.Ltmp77:
	.loc	1 1142 24 is_stmt 1             @ ../../libraries/sdk/drives/fsl_flexcan.c:1142:24
	ldr	r1, [sp, #32]
	.loc	1 1142 46 is_stmt 0             @ ../../libraries/sdk/drives/fsl_flexcan.c:1142:46
	ldrb	r0, [r1, #29]
	.loc	1 1142 81                       @ ../../libraries/sdk/drives/fsl_flexcan.c:1142:81
	ldrb	r2, [r1, #31]
	.loc	1 1142 57                       @ ../../libraries/sdk/drives/fsl_flexcan.c:1142:57
	add	r0, r2
	.loc	1 1142 90                       @ ../../libraries/sdk/drives/fsl_flexcan.c:1142:90
	adds	r0, #2
	.loc	1 1143 40 is_stmt 1             @ ../../libraries/sdk/drives/fsl_flexcan.c:1143:40
	ldrh	r1, [r1, #26]
	.loc	1 1143 52 is_stmt 0             @ ../../libraries/sdk/drives/fsl_flexcan.c:1143:52
	adds	r1, #1
	.loc	1 1142 96 is_stmt 1             @ ../../libraries/sdk/drives/fsl_flexcan.c:1142:96
	muls	r0, r1, r0
.Ltmp78:
	.loc	1 1142 13 is_stmt 0             @ ../../libraries/sdk/drives/fsl_flexcan.c:1142:13
	cmp	r0, #30
	bhi	.LBB8_21
	b	.LBB8_20
.LBB8_20:
.Ltmp79:
	.loc	1 1147 18 is_stmt 1             @ ../../libraries/sdk/drives/fsl_flexcan.c:1147:18
	ldr	r0, [sp, #20]
	.loc	1 1148 17                       @ ../../libraries/sdk/drives/fsl_flexcan.c:1148:17
	ldr	r2, [sp, #32]
	ldrb	r1, [r2, #29]
	ldrb	r3, [r2, #31]
	add	r1, r3
	adds	r1, #2
	ldrh	r2, [r2, #26]
	adds	r2, #1
	muls	r1, r2, r1
	.loc	1 1147 52                       @ ../../libraries/sdk/drives/fsl_flexcan.c:1147:52
	bfi	r0, r1, #8, #5
	.loc	1 1146 20                       @ ../../libraries/sdk/drives/fsl_flexcan.c:1146:20
	str	r0, [sp, #20]
	.loc	1 1150 9                        @ ../../libraries/sdk/drives/fsl_flexcan.c:1150:9
	b	.LBB8_22
.Ltmp80:
.LBB8_21:
	.loc	1 1153 23                       @ ../../libraries/sdk/drives/fsl_flexcan.c:1153:23
	ldr	r0, [sp, #20]
	.loc	1 1153 57 is_stmt 0             @ ../../libraries/sdk/drives/fsl_flexcan.c:1153:57
	orr	r0, r0, #7936
	.loc	1 1153 20                       @ ../../libraries/sdk/drives/fsl_flexcan.c:1153:20
	str	r0, [sp, #20]
	b	.LBB8_22
.Ltmp81:
.LBB8_22:
	.loc	1 1156 19 is_stmt 1             @ ../../libraries/sdk/drives/fsl_flexcan.c:1156:19
	ldr	r0, [sp, #20]
	.loc	1 1156 52 is_stmt 0             @ ../../libraries/sdk/drives/fsl_flexcan.c:1156:52
	orr	r0, r0, #32768
	.loc	1 1156 16                       @ ../../libraries/sdk/drives/fsl_flexcan.c:1156:16
	str	r0, [sp, #20]
	.loc	1 1158 5 is_stmt 1              @ ../../libraries/sdk/drives/fsl_flexcan.c:1158:5
	b	.LBB8_23
.Ltmp82:
.LBB8_23:
	.loc	1 1161 20                       @ ../../libraries/sdk/drives/fsl_flexcan.c:1161:20
	ldr	r0, [sp, #20]
	.loc	1 1161 5 is_stmt 0              @ ../../libraries/sdk/drives/fsl_flexcan.c:1161:5
	ldr	r1, [sp, #36]
	.loc	1 1161 18                       @ ../../libraries/sdk/drives/fsl_flexcan.c:1161:18
	str.w	r0, [r1, #3072]
	.loc	1 1164 5 is_stmt 1              @ ../../libraries/sdk/drives/fsl_flexcan.c:1164:5
	ldr	r1, [sp, #36]
	.loc	1 1164 17 is_stmt 0             @ ../../libraries/sdk/drives/fsl_flexcan.c:1164:17
	ldr	r0, [r1, #52]
	orr	r0, r0, #4096
	str	r0, [r1, #52]
	.loc	1 1167 28 is_stmt 1             @ ../../libraries/sdk/drives/fsl_flexcan.c:1167:28
	ldr	r0, [sp, #36]
	.loc	1 1167 5 is_stmt 0              @ ../../libraries/sdk/drives/fsl_flexcan.c:1167:5
	bl	FLEXCAN_ExitFreezeMode
	.loc	1 1168 1 is_stmt 1              @ ../../libraries/sdk/drives/fsl_flexcan.c:1168:1
	add	sp, #40
	pop	{r4, pc}
.Ltmp83:
.Lfunc_end8:
	.size	FLEXCAN_FDInit, .Lfunc_end8-FLEXCAN_FDInit
	.cfi_endproc
	.cantunwind
	.fnend
                                        @ -- End function
	.section	.text.FLEXCAN_SetFDBitRate,"ax",%progbits
	.p2align	3                               @ -- Begin function FLEXCAN_SetFDBitRate
	.type	FLEXCAN_SetFDBitRate,%function
	.code	16                              @ @FLEXCAN_SetFDBitRate
	.thumb_func
FLEXCAN_SetFDBitRate:
.Lfunc_begin9:
	.loc	1 860 0                         @ ../../libraries/sdk/drives/fsl_flexcan.c:860:0
	.fnstart
	.cfi_startproc
@ %bb.0:
	.save	{r4, lr}
	push	{r4, lr}
	.cfi_def_cfa_offset 8
	.cfi_offset lr, -4
	.cfi_offset r4, -8
	.pad	#32
	sub	sp, #32
	.cfi_def_cfa_offset 40
	ldr.w	lr, [sp, #44]
	ldr.w	r12, [sp, #40]
                                        @ kill: def $r4 killed $r3
	str.w	lr, [sp, #28]
	str.w	r12, [sp, #24]
	str	r3, [sp, #20]
	str	r0, [sp, #16]
	str	r1, [sp, #12]
	str	r2, [sp, #8]
.Ltmp84:
	.loc	1 864 54 prologue_end           @ ../../libraries/sdk/drives/fsl_flexcan.c:864:54
	ldrb.w	r2, [sp, #29]
	.loc	1 864 97 is_stmt 0              @ ../../libraries/sdk/drives/fsl_flexcan.c:864:97
	ldrb.w	r0, [sp, #30]
	.loc	1 865 48 is_stmt 1              @ ../../libraries/sdk/drives/fsl_flexcan.c:865:48
	ldrb.w	r1, [sp, #31]
	.loc	1 864 108                       @ ../../libraries/sdk/drives/fsl_flexcan.c:864:108
	add	r0, r2
	.loc	1 864 65 is_stmt 0              @ ../../libraries/sdk/drives/fsl_flexcan.c:864:65
	add	r0, r1
	.loc	1 864 114                       @ ../../libraries/sdk/drives/fsl_flexcan.c:864:114
	adds	r0, #3
	.loc	1 864 14                        @ ../../libraries/sdk/drives/fsl_flexcan.c:864:14
	str	r0, [sp, #4]
	.loc	1 868 5 is_stmt 1               @ ../../libraries/sdk/drives/fsl_flexcan.c:868:5
	ldr	r0, [sp, #8]
	movw	r1, #4608
	movt	r1, #122
	cmp	r0, r1
	bhi	.LBB9_2
	b	.LBB9_1
.LBB9_1:
	b	.LBB9_3
.LBB9_2:
	movw	r0, :lower16:.L.str.38
	movt	r0, :upper16:.L.str.38
	movw	r1, :lower16:.L.str.1
	movt	r1, :upper16:.L.str.1
	mov.w	r2, #868
	bl	__aeabi_assert
.LBB9_3:
	ldr	r0, [sp, #8]
	.loc	1 870 5                         @ ../../libraries/sdk/drives/fsl_flexcan.c:870:5
	ldr	r1, [sp, #4]
	muls	r0, r1, r0
	ldr	r1, [sp, #12]
	cmp	r0, r1
	bhi	.LBB9_5
	b	.LBB9_4
.LBB9_4:
	b	.LBB9_6
.LBB9_5:
	movw	r0, :lower16:.L.str.39
	movt	r0, :upper16:.L.str.39
	movw	r1, :lower16:.L.str.1
	movt	r1, :upper16:.L.str.1
	movw	r2, #870
	bl	__aeabi_assert
.LBB9_6:
	ldr	r0, [sp, #8]
	ldr	r1, [sp, #4]
	muls	r0, r1, r0
	ldr	r1, [sp, #12]
	.loc	1 876 5                         @ ../../libraries/sdk/drives/fsl_flexcan.c:876:5
	rsb	r0, r0, r0, lsl #10
	cmp	r0, r1
	blo	.LBB9_8
	b	.LBB9_7
.LBB9_7:
	b	.LBB9_9
.LBB9_8:
	movw	r0, :lower16:.L.str.40
	movt	r0, :upper16:.L.str.40
	movw	r1, :lower16:.L.str.1
	movt	r1, :upper16:.L.str.1
	mov.w	r2, #876
	bl	__aeabi_assert
.LBB9_9:
	ldr	r0, [sp, #4]
	.loc	1 878 9                         @ ../../libraries/sdk/drives/fsl_flexcan.c:878:9
	cmp	r0, #4
	bhi	.LBB9_11
	b	.LBB9_10
.LBB9_10:
	.loc	1 0 9 is_stmt 0                 @ ../../libraries/sdk/drives/fsl_flexcan.c:0:9
	movs	r0, #0
.Ltmp85:
	.loc	1 881 34 is_stmt 1              @ ../../libraries/sdk/drives/fsl_flexcan.c:881:34
	strh.w	r0, [sp, #26]
	.loc	1 882 5                         @ ../../libraries/sdk/drives/fsl_flexcan.c:882:5
	b	.LBB9_12
.Ltmp86:
.LBB9_11:
	.loc	1 885 48                        @ ../../libraries/sdk/drives/fsl_flexcan.c:885:48
	ldr	r0, [sp, #12]
	.loc	1 885 66 is_stmt 0              @ ../../libraries/sdk/drives/fsl_flexcan.c:885:66
	ldr	r1, [sp, #8]
	.loc	1 885 82                        @ ../../libraries/sdk/drives/fsl_flexcan.c:885:82
	ldr	r2, [sp, #4]
	.loc	1 885 80                        @ ../../libraries/sdk/drives/fsl_flexcan.c:885:80
	muls	r1, r2, r1
	.loc	1 885 63                        @ ../../libraries/sdk/drives/fsl_flexcan.c:885:63
	udiv	r0, r0, r1
	.loc	1 885 92                        @ ../../libraries/sdk/drives/fsl_flexcan.c:885:92
	subs	r0, #1
	.loc	1 885 34                        @ ../../libraries/sdk/drives/fsl_flexcan.c:885:34
	strh.w	r0, [sp, #26]
	b	.LBB9_12
.Ltmp87:
.LBB9_12:
	.loc	1 889 31 is_stmt 1              @ ../../libraries/sdk/drives/fsl_flexcan.c:889:31
	ldr	r0, [sp, #16]
	add	r1, sp, #20
	.loc	1 889 5 is_stmt 0               @ ../../libraries/sdk/drives/fsl_flexcan.c:889:5
	bl	FLEXCAN_SetFDTimingConfig
	.loc	1 890 1 is_stmt 1               @ ../../libraries/sdk/drives/fsl_flexcan.c:890:1
	add	sp, #32
	pop	{r4, pc}
.Ltmp88:
.Lfunc_end9:
	.size	FLEXCAN_SetFDBitRate, .Lfunc_end9-FLEXCAN_SetFDBitRate
	.cfi_endproc
	.cantunwind
	.fnend
                                        @ -- End function
	.section	.text.FLEXCAN_Deinit,"ax",%progbits
	.hidden	FLEXCAN_Deinit                  @ -- Begin function FLEXCAN_Deinit
	.globl	FLEXCAN_Deinit
	.p2align	3
	.type	FLEXCAN_Deinit,%function
	.code	16                              @ @FLEXCAN_Deinit
	.thumb_func
FLEXCAN_Deinit:
.Lfunc_begin10:
	.loc	1 1180 0                        @ ../../libraries/sdk/drives/fsl_flexcan.c:1180:0
	.fnstart
	.cfi_startproc
@ %bb.0:
	.save	{r7, lr}
	push	{r7, lr}
	.cfi_def_cfa_offset 8
	.cfi_offset lr, -4
	.cfi_offset r7, -8
	.pad	#8
	sub	sp, #8
	.cfi_def_cfa_offset 16
	str	r0, [sp, #4]
.Ltmp89:
	.loc	1 1185 19 prologue_end          @ ../../libraries/sdk/drives/fsl_flexcan.c:1185:19
	ldr	r0, [sp, #4]
	.loc	1 1185 5 is_stmt 0              @ ../../libraries/sdk/drives/fsl_flexcan.c:1185:5
	bl	FLEXCAN_Reset
	.loc	1 1188 20 is_stmt 1             @ ../../libraries/sdk/drives/fsl_flexcan.c:1188:20
	ldr	r0, [sp, #4]
	movs	r1, #0
	.loc	1 1188 5 is_stmt 0              @ ../../libraries/sdk/drives/fsl_flexcan.c:1188:5
	bl	FLEXCAN_Enable
	.loc	1 1191 36 is_stmt 1             @ ../../libraries/sdk/drives/fsl_flexcan.c:1191:36
	ldr	r0, [sp, #4]
	.loc	1 1191 16 is_stmt 0             @ ../../libraries/sdk/drives/fsl_flexcan.c:1191:16
	bl	FLEXCAN_GetInstance
	.loc	1 1191 14                       @ ../../libraries/sdk/drives/fsl_flexcan.c:1191:14
	str	r0, [sp]
	.loc	1 1194 51 is_stmt 1             @ ../../libraries/sdk/drives/fsl_flexcan.c:1194:51
	ldr	r1, [sp]
	.loc	1 1194 30 is_stmt 0             @ ../../libraries/sdk/drives/fsl_flexcan.c:1194:30
	movw	r0, :lower16:s_flexcanPeriphClock
	movt	r0, :upper16:s_flexcanPeriphClock
	ldrsh.w	r0, [r0, r1, lsl #1]
	.loc	1 1194 11                       @ ../../libraries/sdk/drives/fsl_flexcan.c:1194:11
	bl	CLOCK_DisableClock
	.loc	1 1197 45 is_stmt 1             @ ../../libraries/sdk/drives/fsl_flexcan.c:1197:45
	ldr	r1, [sp]
	.loc	1 1197 30 is_stmt 0             @ ../../libraries/sdk/drives/fsl_flexcan.c:1197:30
	movw	r0, :lower16:s_flexcanClock
	movt	r0, :upper16:s_flexcanClock
	ldrsh.w	r0, [r0, r1, lsl #1]
	.loc	1 1197 11                       @ ../../libraries/sdk/drives/fsl_flexcan.c:1197:11
	bl	CLOCK_DisableClock
	.loc	1 1199 1 is_stmt 1              @ ../../libraries/sdk/drives/fsl_flexcan.c:1199:1
	add	sp, #8
	pop	{r7, pc}
.Ltmp90:
.Lfunc_end10:
	.size	FLEXCAN_Deinit, .Lfunc_end10-FLEXCAN_Deinit
	.cfi_endproc
	.cantunwind
	.fnend
                                        @ -- End function
	.section	.text.CLOCK_DisableClock,"ax",%progbits
	.p2align	3                               @ -- Begin function CLOCK_DisableClock
	.type	CLOCK_DisableClock,%function
	.code	16                              @ @CLOCK_DisableClock
	.thumb_func
CLOCK_DisableClock:
.Lfunc_begin11:
	.loc	6 1525 0                        @ ../../libraries/sdk/drives/fsl_clock.h:1525:0
	.fnstart
	.cfi_startproc
@ %bb.0:
	.save	{r7, lr}
	push	{r7, lr}
	.cfi_def_cfa_offset 8
	.cfi_offset lr, -4
	.cfi_offset r7, -8
	.pad	#8
	sub	sp, #8
	.cfi_def_cfa_offset 16
                                        @ kill: def $r1 killed $r0
	strh.w	r0, [sp, #6]
.Ltmp91:
	.loc	6 1526 23 prologue_end          @ ../../libraries/sdk/drives/fsl_clock.h:1526:23
	ldrsh.w	r0, [sp, #6]
	movs	r1, #0
	.loc	6 1526 5 is_stmt 0              @ ../../libraries/sdk/drives/fsl_clock.h:1526:5
	bl	CLOCK_ControlGate
	.loc	6 1527 1 is_stmt 1              @ ../../libraries/sdk/drives/fsl_clock.h:1527:1
	add	sp, #8
	pop	{r7, pc}
.Ltmp92:
.Lfunc_end11:
	.size	CLOCK_DisableClock, .Lfunc_end11-CLOCK_DisableClock
	.cfi_endproc
	.cantunwind
	.fnend
                                        @ -- End function
	.section	.text.FLEXCAN_GetDefaultConfig,"ax",%progbits
	.hidden	FLEXCAN_GetDefaultConfig        @ -- Begin function FLEXCAN_GetDefaultConfig
	.globl	FLEXCAN_GetDefaultConfig
	.p2align	3
	.type	FLEXCAN_GetDefaultConfig,%function
	.code	16                              @ @FLEXCAN_GetDefaultConfig
	.thumb_func
FLEXCAN_GetDefaultConfig:
.Lfunc_begin12:
	.loc	1 1225 0                        @ ../../libraries/sdk/drives/fsl_flexcan.c:1225:0
	.fnstart
	.cfi_startproc
@ %bb.0:
	.save	{r7, lr}
	push	{r7, lr}
	.cfi_def_cfa_offset 8
	.cfi_offset lr, -4
	.cfi_offset r7, -8
	.pad	#8
	sub	sp, #8
	.cfi_def_cfa_offset 16
	str	r0, [sp, #4]
.Ltmp93:
	.loc	1 1227 5 prologue_end           @ ../../libraries/sdk/drives/fsl_flexcan.c:1227:5
	ldr	r0, [sp, #4]
	cbz	r0, .LBB12_2
	b	.LBB12_1
.LBB12_1:
	b	.LBB12_3
.LBB12_2:
	movw	r0, :lower16:.L.str.2
	movt	r0, :upper16:.L.str.2
	movw	r1, :lower16:.L.str.1
	movt	r1, :upper16:.L.str.1
	movw	r2, #1227
	bl	__aeabi_assert
.LBB12_3:
	ldr	r0, [sp, #4]
	movs	r1, #0
	str	r1, [sp]                        @ 4-byte Spill
	movs	r2, #32
	.loc	1 1230 11                       @ ../../libraries/sdk/drives/fsl_flexcan.c:1230:11
	bl	memset
	ldr	r1, [sp]                        @ 4-byte Reload
	.loc	1 1233 5                        @ ../../libraries/sdk/drives/fsl_flexcan.c:1233:5
	ldr	r0, [sp, #4]
	.loc	1 1233 22 is_stmt 0             @ ../../libraries/sdk/drives/fsl_flexcan.c:1233:22
	strb	r1, [r0, #8]
	.loc	1 1234 5 is_stmt 1              @ ../../libraries/sdk/drives/fsl_flexcan.c:1234:5
	ldr	r2, [sp, #4]
	movw	r0, #16960
	movt	r0, #15
	.loc	1 1234 22 is_stmt 0             @ ../../libraries/sdk/drives/fsl_flexcan.c:1234:22
	str	r0, [r2]
	.loc	1 1236 5 is_stmt 1              @ ../../libraries/sdk/drives/fsl_flexcan.c:1236:5
	ldr	r2, [sp, #4]
	movw	r0, #33920
	movt	r0, #30
	.loc	1 1236 24 is_stmt 0             @ ../../libraries/sdk/drives/fsl_flexcan.c:1236:24
	str	r0, [r2, #4]
	.loc	1 1238 5 is_stmt 1              @ ../../libraries/sdk/drives/fsl_flexcan.c:1238:5
	ldr	r2, [sp, #4]
	movs	r0, #16
	.loc	1 1238 35 is_stmt 0             @ ../../libraries/sdk/drives/fsl_flexcan.c:1238:35
	strb	r0, [r2, #10]
	.loc	1 1239 5 is_stmt 1              @ ../../libraries/sdk/drives/fsl_flexcan.c:1239:5
	ldr	r0, [sp, #4]
	.loc	1 1239 35 is_stmt 0             @ ../../libraries/sdk/drives/fsl_flexcan.c:1239:35
	strb	r1, [r0, #11]
	.loc	1 1240 5 is_stmt 1              @ ../../libraries/sdk/drives/fsl_flexcan.c:1240:5
	ldr	r2, [sp, #4]
	movs	r0, #1
	.loc	1 1240 35 is_stmt 0             @ ../../libraries/sdk/drives/fsl_flexcan.c:1240:35
	strb	r0, [r2, #12]
	.loc	1 1241 5 is_stmt 1              @ ../../libraries/sdk/drives/fsl_flexcan.c:1241:5
	ldr	r2, [sp, #4]
	.loc	1 1241 35 is_stmt 0             @ ../../libraries/sdk/drives/fsl_flexcan.c:1241:35
	strb	r1, [r2, #13]
	.loc	1 1242 5 is_stmt 1              @ ../../libraries/sdk/drives/fsl_flexcan.c:1242:5
	ldr	r2, [sp, #4]
	.loc	1 1242 35 is_stmt 0             @ ../../libraries/sdk/drives/fsl_flexcan.c:1242:35
	strb	r1, [r2, #9]
	.loc	1 1243 5 is_stmt 1              @ ../../libraries/sdk/drives/fsl_flexcan.c:1243:5
	ldr	r2, [sp, #4]
	.loc	1 1243 35 is_stmt 0             @ ../../libraries/sdk/drives/fsl_flexcan.c:1243:35
	strb	r1, [r2, #14]
	.loc	1 1244 5 is_stmt 1              @ ../../libraries/sdk/drives/fsl_flexcan.c:1244:5
	ldr	r2, [sp, #4]
	.loc	1 1244 35 is_stmt 0             @ ../../libraries/sdk/drives/fsl_flexcan.c:1244:35
	strb	r1, [r2, #15]
	.loc	1 1245 5 is_stmt 1              @ ../../libraries/sdk/drives/fsl_flexcan.c:1245:5
	ldr	r2, [sp, #4]
	.loc	1 1245 35 is_stmt 0             @ ../../libraries/sdk/drives/fsl_flexcan.c:1245:35
	strb	r1, [r2, #16]
	.loc	1 1247 5 is_stmt 1              @ ../../libraries/sdk/drives/fsl_flexcan.c:1247:5
	ldr	r2, [sp, #4]
	.loc	1 1247 35 is_stmt 0             @ ../../libraries/sdk/drives/fsl_flexcan.c:1247:35
	strb	r0, [r2, #17]
	.loc	1 1250 5 is_stmt 1              @ ../../libraries/sdk/drives/fsl_flexcan.c:1250:5
	ldr	r2, [sp, #4]
	.loc	1 1250 25 is_stmt 0             @ ../../libraries/sdk/drives/fsl_flexcan.c:1250:25
	strb	r1, [r2, #18]
	.loc	1 1267 5 is_stmt 1              @ ../../libraries/sdk/drives/fsl_flexcan.c:1267:5
	ldr	r2, [sp, #4]
	.loc	1 1267 39 is_stmt 0             @ ../../libraries/sdk/drives/fsl_flexcan.c:1267:39
	strb	r0, [r2, #23]
	.loc	1 1268 5 is_stmt 1              @ ../../libraries/sdk/drives/fsl_flexcan.c:1268:5
	ldr	r2, [sp, #4]
	.loc	1 1268 39 is_stmt 0             @ ../../libraries/sdk/drives/fsl_flexcan.c:1268:39
	strb	r0, [r2, #24]
	.loc	1 1269 5 is_stmt 1              @ ../../libraries/sdk/drives/fsl_flexcan.c:1269:5
	ldr	r3, [sp, #4]
	movs	r2, #4
	.loc	1 1269 39 is_stmt 0             @ ../../libraries/sdk/drives/fsl_flexcan.c:1269:39
	strb	r2, [r3, #25]
	.loc	1 1270 5 is_stmt 1              @ ../../libraries/sdk/drives/fsl_flexcan.c:1270:5
	ldr	r2, [sp, #4]
	.loc	1 1270 39 is_stmt 0             @ ../../libraries/sdk/drives/fsl_flexcan.c:1270:39
	strb	r0, [r2, #22]
	.loc	1 1271 5 is_stmt 1              @ ../../libraries/sdk/drives/fsl_flexcan.c:1271:5
	ldr	r2, [sp, #4]
	.loc	1 1271 39 is_stmt 0             @ ../../libraries/sdk/drives/fsl_flexcan.c:1271:39
	strb	r0, [r2, #29]
	.loc	1 1272 5 is_stmt 1              @ ../../libraries/sdk/drives/fsl_flexcan.c:1272:5
	ldr	r2, [sp, #4]
	.loc	1 1272 39 is_stmt 0             @ ../../libraries/sdk/drives/fsl_flexcan.c:1272:39
	strb	r0, [r2, #30]
	.loc	1 1273 5 is_stmt 1              @ ../../libraries/sdk/drives/fsl_flexcan.c:1273:5
	ldr	r2, [sp, #4]
	.loc	1 1273 39 is_stmt 0             @ ../../libraries/sdk/drives/fsl_flexcan.c:1273:39
	strb	r1, [r2, #31]
	.loc	1 1274 5 is_stmt 1              @ ../../libraries/sdk/drives/fsl_flexcan.c:1274:5
	ldr	r1, [sp, #4]
	.loc	1 1274 39 is_stmt 0             @ ../../libraries/sdk/drives/fsl_flexcan.c:1274:39
	strb	r0, [r1, #28]
	.loc	1 1281 1 is_stmt 1              @ ../../libraries/sdk/drives/fsl_flexcan.c:1281:1
	add	sp, #8
	pop	{r7, pc}
.Ltmp94:
.Lfunc_end12:
	.size	FLEXCAN_GetDefaultConfig, .Lfunc_end12-FLEXCAN_GetDefaultConfig
	.cfi_endproc
	.cantunwind
	.fnend
                                        @ -- End function
	.section	.text.FLEXCAN_SetTimingConfig,"ax",%progbits
	.hidden	FLEXCAN_SetTimingConfig         @ -- Begin function FLEXCAN_SetTimingConfig
	.globl	FLEXCAN_SetTimingConfig
	.p2align	3
	.type	FLEXCAN_SetTimingConfig,%function
	.code	16                              @ @FLEXCAN_SetTimingConfig
	.thumb_func
FLEXCAN_SetTimingConfig:
.Lfunc_begin13:
	.loc	1 1398 0                        @ ../../libraries/sdk/drives/fsl_flexcan.c:1398:0
	.fnstart
	.cfi_startproc
@ %bb.0:
	.save	{r7, lr}
	push	{r7, lr}
	.cfi_def_cfa_offset 8
	.cfi_offset lr, -4
	.cfi_offset r7, -8
	.pad	#16
	sub	sp, #16
	.cfi_def_cfa_offset 24
	str	r0, [sp, #12]
	str	r1, [sp, #8]
.Ltmp95:
	.loc	1 1400 5 prologue_end           @ ../../libraries/sdk/drives/fsl_flexcan.c:1400:5
	ldr	r0, [sp, #8]
	cbz	r0, .LBB13_2
	b	.LBB13_1
.LBB13_1:
	b	.LBB13_3
.LBB13_2:
	movw	r0, :lower16:.L.str.2
	movt	r0, :upper16:.L.str.2
	movw	r1, :lower16:.L.str.1
	movt	r1, :upper16:.L.str.1
	mov.w	r2, #1400
	bl	__aeabi_assert
.LBB13_3:
	.loc	1 1403 29                       @ ../../libraries/sdk/drives/fsl_flexcan.c:1403:29
	ldr	r0, [sp, #12]
	.loc	1 1403 5 is_stmt 0              @ ../../libraries/sdk/drives/fsl_flexcan.c:1403:5
	bl	FLEXCAN_EnterFreezeMode
.Ltmp96:
	.loc	1 1406 14 is_stmt 1             @ ../../libraries/sdk/drives/fsl_flexcan.c:1406:14
	ldr	r0, [sp, #12]
	movs	r1, #0
	movt	r1, #16413
	cmp	r0, r1
	bne	.LBB13_5
	b	.LBB13_4
.LBB13_4:
	.loc	1 0 14 is_stmt 0                @ ../../libraries/sdk/drives/fsl_flexcan.c:0:14
	movs	r0, #0
	.loc	1 1406 14                       @ ../../libraries/sdk/drives/fsl_flexcan.c:1406:14
	str	r0, [sp, #4]                    @ 4-byte Spill
	b	.LBB13_9
.LBB13_5:
	ldr	r0, [sp, #12]
	movw	r1, #16384
	movt	r1, #16413
	cmp	r0, r1
	bne	.LBB13_7
	b	.LBB13_6
.LBB13_6:
	.loc	1 0 14                          @ ../../libraries/sdk/drives/fsl_flexcan.c:0:14
	movs	r0, #0
	.loc	1 1406 14                       @ ../../libraries/sdk/drives/fsl_flexcan.c:1406:14
	str	r0, [sp]                        @ 4-byte Spill
	b	.LBB13_8
.LBB13_7:
	ldr	r1, [sp, #12]
	movw	r2, #32768
	movt	r2, #16413
	mov.w	r0, #-1
	cmp	r1, r2
	it	eq
	moveq	r0, #1
	str	r0, [sp]                        @ 4-byte Spill
	b	.LBB13_8
.LBB13_8:
	ldr	r0, [sp]                        @ 4-byte Reload
	str	r0, [sp, #4]                    @ 4-byte Spill
	b	.LBB13_9
.LBB13_9:
	ldr	r0, [sp, #4]                    @ 4-byte Reload
.Ltmp97:
	.loc	1 1406 9                        @ ../../libraries/sdk/drives/fsl_flexcan.c:1406:9
	cmp	r0, #0
	beq	.LBB13_14
	b	.LBB13_10
.LBB13_10:
.Ltmp98:
	.loc	1 1421 9 is_stmt 1              @ ../../libraries/sdk/drives/fsl_flexcan.c:1421:9
	b	.LBB13_11
.LBB13_11:                              @ =>This Inner Loop Header: Depth=1
.Ltmp99:
	.loc	1 1424 44                       @ ../../libraries/sdk/drives/fsl_flexcan.c:1424:44
	ldr	r0, [sp, #8]
	ldrh.w	r12, [r0]
	.loc	1 1424 84 is_stmt 0             @ ../../libraries/sdk/drives/fsl_flexcan.c:1424:84
	ldrb.w	lr, [r0, #2]
	.loc	1 1425 25 is_stmt 1             @ ../../libraries/sdk/drives/fsl_flexcan.c:1425:25
	ldrb	r3, [r0, #3]
	.loc	1 1425 62 is_stmt 0             @ ../../libraries/sdk/drives/fsl_flexcan.c:1425:62
	ldrb	r2, [r0, #4]
	.loc	1 1426 25 is_stmt 1             @ ../../libraries/sdk/drives/fsl_flexcan.c:1426:25
	ldrb	r1, [r0, #5]
	mov.w	r0, #2031616
	.loc	1 1424 84                       @ ../../libraries/sdk/drives/fsl_flexcan.c:1424:84
	and.w	r0, r0, lr, lsl #16
	.loc	1 1424 42 is_stmt 0             @ ../../libraries/sdk/drives/fsl_flexcan.c:1424:42
	orr.w	r0, r0, r12, lsl #21
	.loc	1 1425 25 is_stmt 1             @ ../../libraries/sdk/drives/fsl_flexcan.c:1425:25
	and	r3, r3, #31
	.loc	1 1424 82                       @ ../../libraries/sdk/drives/fsl_flexcan.c:1424:82
	orr.w	r0, r0, r3, lsl #5
	.loc	1 1425 62                       @ ../../libraries/sdk/drives/fsl_flexcan.c:1425:62
	and	r2, r2, #31
	.loc	1 1424 118                      @ ../../libraries/sdk/drives/fsl_flexcan.c:1424:118
	add	r0, r2
	.loc	1 1426 25                       @ ../../libraries/sdk/drives/fsl_flexcan.c:1426:25
	lsls	r1, r1, #10
	uxth	r1, r1
	.loc	1 1425 60                       @ ../../libraries/sdk/drives/fsl_flexcan.c:1425:60
	add	r0, r1
	.loc	1 1425 97 is_stmt 0             @ ../../libraries/sdk/drives/fsl_flexcan.c:1425:97
	orr	r0, r0, #-2147483648
	.loc	1 1424 13 is_stmt 1             @ ../../libraries/sdk/drives/fsl_flexcan.c:1424:13
	ldr	r1, [sp, #12]
	.loc	1 1424 23 is_stmt 0             @ ../../libraries/sdk/drives/fsl_flexcan.c:1424:23
	str	r0, [r1, #80]
	.loc	1 1428 9 is_stmt 1              @ ../../libraries/sdk/drives/fsl_flexcan.c:1428:9
	b	.LBB13_12
.Ltmp100:
.LBB13_12:                              @   in Loop: Header=BB13_11 Depth=1
	.loc	1 1428 19 is_stmt 0             @ ../../libraries/sdk/drives/fsl_flexcan.c:1428:19
	ldr	r0, [sp, #8]
	ldrh.w	r12, [r0]
	.loc	1 1428 59                       @ ../../libraries/sdk/drives/fsl_flexcan.c:1428:59
	ldrb.w	lr, [r0, #2]
	.loc	1 1429 19 is_stmt 1             @ ../../libraries/sdk/drives/fsl_flexcan.c:1429:19
	ldrb	r3, [r0, #3]
	.loc	1 1429 56 is_stmt 0             @ ../../libraries/sdk/drives/fsl_flexcan.c:1429:56
	ldrb	r2, [r0, #4]
	.loc	1 1430 19 is_stmt 1             @ ../../libraries/sdk/drives/fsl_flexcan.c:1430:19
	ldrb	r1, [r0, #5]
	mov.w	r0, #2031616
	.loc	1 1428 59                       @ ../../libraries/sdk/drives/fsl_flexcan.c:1428:59
	and.w	r0, r0, lr, lsl #16
	.loc	1 1428 57 is_stmt 0             @ ../../libraries/sdk/drives/fsl_flexcan.c:1428:57
	bfi	r0, r12, #21, #10
	.loc	1 1429 19 is_stmt 1             @ ../../libraries/sdk/drives/fsl_flexcan.c:1429:19
	and	r3, r3, #31
	.loc	1 1428 93                       @ ../../libraries/sdk/drives/fsl_flexcan.c:1428:93
	orr.w	r0, r0, r3, lsl #5
	.loc	1 1429 56                       @ ../../libraries/sdk/drives/fsl_flexcan.c:1429:56
	and	r2, r2, #31
	.loc	1 1429 54 is_stmt 0             @ ../../libraries/sdk/drives/fsl_flexcan.c:1429:54
	add	r0, r2
	.loc	1 1430 19 is_stmt 1             @ ../../libraries/sdk/drives/fsl_flexcan.c:1430:19
	lsls	r1, r1, #10
	uxth	r1, r1
	.loc	1 1429 91                       @ ../../libraries/sdk/drives/fsl_flexcan.c:1429:91
	add	r0, r1
	.loc	1 1431 19                       @ ../../libraries/sdk/drives/fsl_flexcan.c:1431:19
	ldr	r1, [sp, #12]
	.loc	1 1431 25 is_stmt 0             @ ../../libraries/sdk/drives/fsl_flexcan.c:1431:25
	ldr	r1, [r1, #80]
	.loc	1 1431 29                       @ ../../libraries/sdk/drives/fsl_flexcan.c:1431:29
	bic	r1, r1, #-2147483648
.Ltmp101:
	.loc	1 1428 9 is_stmt 1              @ ../../libraries/sdk/drives/fsl_flexcan.c:1428:9
	cmp	r0, r1
	bne	.LBB13_11
	b	.LBB13_13
.Ltmp102:
.LBB13_13:
	.loc	1 1434 5                        @ ../../libraries/sdk/drives/fsl_flexcan.c:1434:5
	b	.LBB13_15
.Ltmp103:
.LBB13_14:
	.loc	1 1438 9                        @ ../../libraries/sdk/drives/fsl_flexcan.c:1438:9
	ldr	r1, [sp, #12]
	.loc	1 1438 21 is_stmt 0             @ ../../libraries/sdk/drives/fsl_flexcan.c:1438:21
	ldr	r0, [r1, #4]
	movw	r2, #65528
	ands	r0, r2
	str	r0, [r1, #4]
	.loc	1 1442 25 is_stmt 1             @ ../../libraries/sdk/drives/fsl_flexcan.c:1442:25
	ldr	r1, [sp, #8]
	ldrh.w	r12, [r1]
	.loc	1 1442 66 is_stmt 0             @ ../../libraries/sdk/drives/fsl_flexcan.c:1442:66
	ldrb	r0, [r1, #2]
	.loc	1 1443 25 is_stmt 1             @ ../../libraries/sdk/drives/fsl_flexcan.c:1443:25
	ldrb	r3, [r1, #3]
	.loc	1 1443 63 is_stmt 0             @ ../../libraries/sdk/drives/fsl_flexcan.c:1443:63
	ldrb	r2, [r1, #4]
	.loc	1 1444 25 is_stmt 1             @ ../../libraries/sdk/drives/fsl_flexcan.c:1444:25
	ldrb	r1, [r1, #5]
	.loc	1 1442 66                       @ ../../libraries/sdk/drives/fsl_flexcan.c:1442:66
	lsls	r0, r0, #22
	uxtb16	r0, r0
	.loc	1 1442 64 is_stmt 0             @ ../../libraries/sdk/drives/fsl_flexcan.c:1442:64
	orr.w	r0, r0, r12, lsl #24
	.loc	1 1443 25 is_stmt 1             @ ../../libraries/sdk/drives/fsl_flexcan.c:1443:25
	and	r3, r3, #7
	.loc	1 1442 101                      @ ../../libraries/sdk/drives/fsl_flexcan.c:1442:101
	orr.w	r0, r0, r3, lsl #19
	.loc	1 1443 63                       @ ../../libraries/sdk/drives/fsl_flexcan.c:1443:63
	and	r2, r2, #7
	.loc	1 1443 61 is_stmt 0             @ ../../libraries/sdk/drives/fsl_flexcan.c:1443:61
	orr.w	r0, r0, r2, lsl #16
	.loc	1 1444 25 is_stmt 1             @ ../../libraries/sdk/drives/fsl_flexcan.c:1444:25
	and	r1, r1, #7
	.loc	1 1443 99                       @ ../../libraries/sdk/drives/fsl_flexcan.c:1443:99
	adds	r2, r0, r1
	.loc	1 1442 9                        @ ../../libraries/sdk/drives/fsl_flexcan.c:1442:9
	ldr	r1, [sp, #12]
	.loc	1 1442 21 is_stmt 0             @ ../../libraries/sdk/drives/fsl_flexcan.c:1442:21
	ldr	r0, [r1, #4]
	orrs	r0, r2
	str	r0, [r1, #4]
	b	.LBB13_15
.Ltmp104:
.LBB13_15:
	.loc	1 1458 28 is_stmt 1             @ ../../libraries/sdk/drives/fsl_flexcan.c:1458:28
	ldr	r0, [sp, #12]
	.loc	1 1458 5 is_stmt 0              @ ../../libraries/sdk/drives/fsl_flexcan.c:1458:5
	bl	FLEXCAN_ExitFreezeMode
	.loc	1 1459 1 is_stmt 1              @ ../../libraries/sdk/drives/fsl_flexcan.c:1459:1
	add	sp, #16
	pop	{r7, pc}
.Ltmp105:
.Lfunc_end13:
	.size	FLEXCAN_SetTimingConfig, .Lfunc_end13-FLEXCAN_SetTimingConfig
	.cfi_endproc
	.cantunwind
	.fnend
                                        @ -- End function
	.section	.text.FLEXCAN_SetFDTimingConfig,"ax",%progbits
	.hidden	FLEXCAN_SetFDTimingConfig       @ -- Begin function FLEXCAN_SetFDTimingConfig
	.globl	FLEXCAN_SetFDTimingConfig
	.p2align	3
	.type	FLEXCAN_SetFDTimingConfig,%function
	.code	16                              @ @FLEXCAN_SetFDTimingConfig
	.thumb_func
FLEXCAN_SetFDTimingConfig:
.Lfunc_begin14:
	.loc	1 1477 0                        @ ../../libraries/sdk/drives/fsl_flexcan.c:1477:0
	.fnstart
	.cfi_startproc
@ %bb.0:
	.save	{r7, lr}
	push	{r7, lr}
	.cfi_def_cfa_offset 8
	.cfi_offset lr, -4
	.cfi_offset r7, -8
	.pad	#8
	sub	sp, #8
	.cfi_def_cfa_offset 16
	str	r0, [sp, #4]
	str	r1, [sp]
.Ltmp106:
	.loc	1 1479 5 prologue_end           @ ../../libraries/sdk/drives/fsl_flexcan.c:1479:5
	ldr	r0, [sp]
	cbz	r0, .LBB14_2
	b	.LBB14_1
.LBB14_1:
	b	.LBB14_3
.LBB14_2:
	movw	r0, :lower16:.L.str.2
	movt	r0, :upper16:.L.str.2
	movw	r1, :lower16:.L.str.1
	movt	r1, :upper16:.L.str.1
	movw	r2, #1479
	bl	__aeabi_assert
.LBB14_3:
	.loc	1 1482 29                       @ ../../libraries/sdk/drives/fsl_flexcan.c:1482:29
	ldr	r0, [sp, #4]
	.loc	1 1482 5 is_stmt 0              @ ../../libraries/sdk/drives/fsl_flexcan.c:1482:5
	bl	FLEXCAN_EnterFreezeMode
	.loc	1 1493 5 is_stmt 1              @ ../../libraries/sdk/drives/fsl_flexcan.c:1493:5
	ldr	r1, [sp, #4]
	.loc	1 1493 15 is_stmt 0             @ ../../libraries/sdk/drives/fsl_flexcan.c:1493:15
	ldr	r0, [r1, #80]
	orr	r0, r0, #-2147483648
	str	r0, [r1, #80]
	.loc	1 1497 5 is_stmt 1              @ ../../libraries/sdk/drives/fsl_flexcan.c:1497:5
	b	.LBB14_4
.LBB14_4:                               @ =>This Inner Loop Header: Depth=1
.Ltmp107:
	.loc	1 1500 24                       @ ../../libraries/sdk/drives/fsl_flexcan.c:1500:24
	ldr	r0, [sp]
	ldrh.w	r12, [r0, #6]
	.loc	1 1500 67 is_stmt 0             @ ../../libraries/sdk/drives/fsl_flexcan.c:1500:67
	ldrb.w	lr, [r0, #8]
	.loc	1 1501 24 is_stmt 1             @ ../../libraries/sdk/drives/fsl_flexcan.c:1501:24
	ldrb	r3, [r0, #9]
	.loc	1 1501 64 is_stmt 0             @ ../../libraries/sdk/drives/fsl_flexcan.c:1501:64
	ldrb	r2, [r0, #10]
	.loc	1 1502 24 is_stmt 1             @ ../../libraries/sdk/drives/fsl_flexcan.c:1502:24
	ldrb	r1, [r0, #11]
	mov.w	r0, #458752
	.loc	1 1500 67                       @ ../../libraries/sdk/drives/fsl_flexcan.c:1500:67
	and.w	r0, r0, lr, lsl #16
	.loc	1 1500 65 is_stmt 0             @ ../../libraries/sdk/drives/fsl_flexcan.c:1500:65
	bfi	r0, r12, #20, #10
	.loc	1 1501 24 is_stmt 1             @ ../../libraries/sdk/drives/fsl_flexcan.c:1501:24
	lsls	r3, r3, #5
	uxtb	r3, r3
	.loc	1 1500 104                      @ ../../libraries/sdk/drives/fsl_flexcan.c:1500:104
	add	r0, r3
	.loc	1 1501 64                       @ ../../libraries/sdk/drives/fsl_flexcan.c:1501:64
	and	r2, r2, #7
	.loc	1 1501 62 is_stmt 0             @ ../../libraries/sdk/drives/fsl_flexcan.c:1501:62
	add	r0, r2
	.loc	1 1502 24 is_stmt 1             @ ../../libraries/sdk/drives/fsl_flexcan.c:1502:24
	and	r1, r1, #31
	.loc	1 1501 102                      @ ../../libraries/sdk/drives/fsl_flexcan.c:1501:102
	orr.w	r0, r0, r1, lsl #10
	.loc	1 1500 9                        @ ../../libraries/sdk/drives/fsl_flexcan.c:1500:9
	ldr	r1, [sp, #4]
	.loc	1 1500 21 is_stmt 0             @ ../../libraries/sdk/drives/fsl_flexcan.c:1500:21
	str.w	r0, [r1, #3076]
	.loc	1 1503 5 is_stmt 1              @ ../../libraries/sdk/drives/fsl_flexcan.c:1503:5
	b	.LBB14_5
.Ltmp108:
.LBB14_5:                               @   in Loop: Header=BB14_4 Depth=1
	.loc	1 1503 15 is_stmt 0             @ ../../libraries/sdk/drives/fsl_flexcan.c:1503:15
	ldr	r0, [sp]
	ldrh.w	r12, [r0, #6]
	.loc	1 1503 58                       @ ../../libraries/sdk/drives/fsl_flexcan.c:1503:58
	ldrb.w	lr, [r0, #8]
	.loc	1 1504 15 is_stmt 1             @ ../../libraries/sdk/drives/fsl_flexcan.c:1504:15
	ldrb	r3, [r0, #9]
	.loc	1 1504 55 is_stmt 0             @ ../../libraries/sdk/drives/fsl_flexcan.c:1504:55
	ldrb	r2, [r0, #10]
	.loc	1 1505 15 is_stmt 1             @ ../../libraries/sdk/drives/fsl_flexcan.c:1505:15
	ldrb	r1, [r0, #11]
	mov.w	r0, #458752
	.loc	1 1503 58                       @ ../../libraries/sdk/drives/fsl_flexcan.c:1503:58
	and.w	r0, r0, lr, lsl #16
	.loc	1 1503 56 is_stmt 0             @ ../../libraries/sdk/drives/fsl_flexcan.c:1503:56
	bfi	r0, r12, #20, #10
	.loc	1 1504 15 is_stmt 1             @ ../../libraries/sdk/drives/fsl_flexcan.c:1504:15
	lsls	r3, r3, #5
	uxtb	r3, r3
	.loc	1 1503 95                       @ ../../libraries/sdk/drives/fsl_flexcan.c:1503:95
	add	r0, r3
	.loc	1 1504 55                       @ ../../libraries/sdk/drives/fsl_flexcan.c:1504:55
	and	r2, r2, #7
	.loc	1 1504 53 is_stmt 0             @ ../../libraries/sdk/drives/fsl_flexcan.c:1504:53
	add	r0, r2
	.loc	1 1505 15 is_stmt 1             @ ../../libraries/sdk/drives/fsl_flexcan.c:1505:15
	and	r1, r1, #31
	.loc	1 1504 93                       @ ../../libraries/sdk/drives/fsl_flexcan.c:1504:93
	orr.w	r0, r0, r1, lsl #10
	.loc	1 1506 15                       @ ../../libraries/sdk/drives/fsl_flexcan.c:1506:15
	ldr	r1, [sp, #4]
	.loc	1 1506 21 is_stmt 0             @ ../../libraries/sdk/drives/fsl_flexcan.c:1506:21
	ldr.w	r1, [r1, #3076]
	movw	r2, #31975
	movt	r2, #16375
	.loc	1 1506 27                       @ ../../libraries/sdk/drives/fsl_flexcan.c:1506:27
	ands	r1, r2
.Ltmp109:
	.loc	1 1503 5 is_stmt 1              @ ../../libraries/sdk/drives/fsl_flexcan.c:1503:5
	cmp	r0, r1
	bne	.LBB14_4
	b	.LBB14_6
.Ltmp110:
.LBB14_6:
	.loc	1 1510 28                       @ ../../libraries/sdk/drives/fsl_flexcan.c:1510:28
	ldr	r0, [sp, #4]
	.loc	1 1510 5 is_stmt 0              @ ../../libraries/sdk/drives/fsl_flexcan.c:1510:5
	bl	FLEXCAN_ExitFreezeMode
	.loc	1 1511 1 is_stmt 1              @ ../../libraries/sdk/drives/fsl_flexcan.c:1511:1
	add	sp, #8
	pop	{r7, pc}
.Ltmp111:
.Lfunc_end14:
	.size	FLEXCAN_SetFDTimingConfig, .Lfunc_end14-FLEXCAN_SetFDTimingConfig
	.cfi_endproc
	.cantunwind
	.fnend
                                        @ -- End function
	.section	.text.FLEXCAN_SetRxMbGlobalMask,"ax",%progbits
	.hidden	FLEXCAN_SetRxMbGlobalMask       @ -- Begin function FLEXCAN_SetRxMbGlobalMask
	.globl	FLEXCAN_SetRxMbGlobalMask
	.p2align	3
	.type	FLEXCAN_SetRxMbGlobalMask,%function
	.code	16                              @ @FLEXCAN_SetRxMbGlobalMask
	.thumb_func
FLEXCAN_SetRxMbGlobalMask:
.Lfunc_begin15:
	.loc	1 1524 0                        @ ../../libraries/sdk/drives/fsl_flexcan.c:1524:0
	.fnstart
	.cfi_startproc
@ %bb.0:
	.save	{r7, lr}
	push	{r7, lr}
	.cfi_def_cfa_offset 8
	.cfi_offset lr, -4
	.cfi_offset r7, -8
	.pad	#8
	sub	sp, #8
	.cfi_def_cfa_offset 16
	str	r0, [sp, #4]
	str	r1, [sp]
.Ltmp112:
	.loc	1 1526 29 prologue_end          @ ../../libraries/sdk/drives/fsl_flexcan.c:1526:29
	ldr	r0, [sp, #4]
	.loc	1 1526 5 is_stmt 0              @ ../../libraries/sdk/drives/fsl_flexcan.c:1526:5
	bl	FLEXCAN_EnterFreezeMode
	.loc	1 1529 22 is_stmt 1             @ ../../libraries/sdk/drives/fsl_flexcan.c:1529:22
	ldr	r0, [sp]
	.loc	1 1529 5 is_stmt 0              @ ../../libraries/sdk/drives/fsl_flexcan.c:1529:5
	ldr	r1, [sp, #4]
	.loc	1 1529 20                       @ ../../libraries/sdk/drives/fsl_flexcan.c:1529:20
	str	r0, [r1, #16]
	.loc	1 1530 22 is_stmt 1             @ ../../libraries/sdk/drives/fsl_flexcan.c:1530:22
	ldr	r0, [sp]
	.loc	1 1530 5 is_stmt 0              @ ../../libraries/sdk/drives/fsl_flexcan.c:1530:5
	ldr	r1, [sp, #4]
	.loc	1 1530 20                       @ ../../libraries/sdk/drives/fsl_flexcan.c:1530:20
	str	r0, [r1, #20]
	.loc	1 1531 22 is_stmt 1             @ ../../libraries/sdk/drives/fsl_flexcan.c:1531:22
	ldr	r0, [sp]
	.loc	1 1531 5 is_stmt 0              @ ../../libraries/sdk/drives/fsl_flexcan.c:1531:5
	ldr	r1, [sp, #4]
	.loc	1 1531 20                       @ ../../libraries/sdk/drives/fsl_flexcan.c:1531:20
	str	r0, [r1, #24]
	.loc	1 1534 28 is_stmt 1             @ ../../libraries/sdk/drives/fsl_flexcan.c:1534:28
	ldr	r0, [sp, #4]
	.loc	1 1534 5 is_stmt 0              @ ../../libraries/sdk/drives/fsl_flexcan.c:1534:5
	bl	FLEXCAN_ExitFreezeMode
	.loc	1 1535 1 is_stmt 1              @ ../../libraries/sdk/drives/fsl_flexcan.c:1535:1
	add	sp, #8
	pop	{r7, pc}
.Ltmp113:
.Lfunc_end15:
	.size	FLEXCAN_SetRxMbGlobalMask, .Lfunc_end15-FLEXCAN_SetRxMbGlobalMask
	.cfi_endproc
	.cantunwind
	.fnend
                                        @ -- End function
	.section	.text.FLEXCAN_SetRxFifoGlobalMask,"ax",%progbits
	.hidden	FLEXCAN_SetRxFifoGlobalMask     @ -- Begin function FLEXCAN_SetRxFifoGlobalMask
	.globl	FLEXCAN_SetRxFifoGlobalMask
	.p2align	3
	.type	FLEXCAN_SetRxFifoGlobalMask,%function
	.code	16                              @ @FLEXCAN_SetRxFifoGlobalMask
	.thumb_func
FLEXCAN_SetRxFifoGlobalMask:
.Lfunc_begin16:
	.loc	1 1546 0                        @ ../../libraries/sdk/drives/fsl_flexcan.c:1546:0
	.fnstart
	.cfi_startproc
@ %bb.0:
	.save	{r7, lr}
	push	{r7, lr}
	.cfi_def_cfa_offset 8
	.cfi_offset lr, -4
	.cfi_offset r7, -8
	.pad	#8
	sub	sp, #8
	.cfi_def_cfa_offset 16
	str	r0, [sp, #4]
	str	r1, [sp]
.Ltmp114:
	.loc	1 1548 29 prologue_end          @ ../../libraries/sdk/drives/fsl_flexcan.c:1548:29
	ldr	r0, [sp, #4]
	.loc	1 1548 5 is_stmt 0              @ ../../libraries/sdk/drives/fsl_flexcan.c:1548:5
	bl	FLEXCAN_EnterFreezeMode
	.loc	1 1551 22 is_stmt 1             @ ../../libraries/sdk/drives/fsl_flexcan.c:1551:22
	ldr	r0, [sp]
	.loc	1 1551 5 is_stmt 0              @ ../../libraries/sdk/drives/fsl_flexcan.c:1551:5
	ldr	r1, [sp, #4]
	.loc	1 1551 20                       @ ../../libraries/sdk/drives/fsl_flexcan.c:1551:20
	str	r0, [r1, #72]
	.loc	1 1554 28 is_stmt 1             @ ../../libraries/sdk/drives/fsl_flexcan.c:1554:28
	ldr	r0, [sp, #4]
	.loc	1 1554 5 is_stmt 0              @ ../../libraries/sdk/drives/fsl_flexcan.c:1554:5
	bl	FLEXCAN_ExitFreezeMode
	.loc	1 1555 1 is_stmt 1              @ ../../libraries/sdk/drives/fsl_flexcan.c:1555:1
	add	sp, #8
	pop	{r7, pc}
.Ltmp115:
.Lfunc_end16:
	.size	FLEXCAN_SetRxFifoGlobalMask, .Lfunc_end16-FLEXCAN_SetRxFifoGlobalMask
	.cfi_endproc
	.cantunwind
	.fnend
                                        @ -- End function
	.section	.text.FLEXCAN_SetRxIndividualMask,"ax",%progbits
	.hidden	FLEXCAN_SetRxIndividualMask     @ -- Begin function FLEXCAN_SetRxIndividualMask
	.globl	FLEXCAN_SetRxIndividualMask
	.p2align	3
	.type	FLEXCAN_SetRxIndividualMask,%function
	.code	16                              @ @FLEXCAN_SetRxIndividualMask
	.thumb_func
FLEXCAN_SetRxIndividualMask:
.Lfunc_begin17:
	.loc	1 1572 0                        @ ../../libraries/sdk/drives/fsl_flexcan.c:1572:0
	.fnstart
	.cfi_startproc
@ %bb.0:
	.save	{r7, lr}
	push	{r7, lr}
	.cfi_def_cfa_offset 8
	.cfi_offset lr, -4
	.cfi_offset r7, -8
	.pad	#16
	sub	sp, #16
	.cfi_def_cfa_offset 24
                                        @ kill: def $r3 killed $r1
	str	r0, [sp, #12]
	strb.w	r1, [sp, #11]
	str	r2, [sp, #4]
.Ltmp116:
	.loc	1 1573 5 prologue_end           @ ../../libraries/sdk/drives/fsl_flexcan.c:1573:5
	ldrb.w	r0, [sp, #11]
	ldr	r1, [sp, #12]
	ldr	r1, [r1]
	and	r1, r1, #127
	cmp	r0, r1
	bhi	.LBB17_2
	b	.LBB17_1
.LBB17_1:
	b	.LBB17_3
.LBB17_2:
	movw	r0, :lower16:.L.str.8
	movt	r0, :upper16:.L.str.8
	movw	r1, :lower16:.L.str.1
	movt	r1, :upper16:.L.str.1
	movw	r2, #1573
	bl	__aeabi_assert
.LBB17_3:
	.loc	1 1576 29                       @ ../../libraries/sdk/drives/fsl_flexcan.c:1576:29
	ldr	r0, [sp, #12]
	.loc	1 1576 5 is_stmt 0              @ ../../libraries/sdk/drives/fsl_flexcan.c:1576:5
	bl	FLEXCAN_EnterFreezeMode
	.loc	1 1579 28 is_stmt 1             @ ../../libraries/sdk/drives/fsl_flexcan.c:1579:28
	ldr	r0, [sp, #4]
	.loc	1 1579 5 is_stmt 0              @ ../../libraries/sdk/drives/fsl_flexcan.c:1579:5
	ldr	r1, [sp, #12]
	.loc	1 1579 17                       @ ../../libraries/sdk/drives/fsl_flexcan.c:1579:17
	ldrb.w	r2, [sp, #11]
	.loc	1 1579 11                       @ ../../libraries/sdk/drives/fsl_flexcan.c:1579:11
	add.w	r1, r1, r2, lsl #2
	.loc	1 1579 26                       @ ../../libraries/sdk/drives/fsl_flexcan.c:1579:26
	str.w	r0, [r1, #2176]
	.loc	1 1582 28 is_stmt 1             @ ../../libraries/sdk/drives/fsl_flexcan.c:1582:28
	ldr	r0, [sp, #12]
	.loc	1 1582 5 is_stmt 0              @ ../../libraries/sdk/drives/fsl_flexcan.c:1582:5
	bl	FLEXCAN_ExitFreezeMode
	.loc	1 1583 1 is_stmt 1              @ ../../libraries/sdk/drives/fsl_flexcan.c:1583:1
	add	sp, #16
	pop	{r7, pc}
.Ltmp117:
.Lfunc_end17:
	.size	FLEXCAN_SetRxIndividualMask, .Lfunc_end17-FLEXCAN_SetRxIndividualMask
	.cfi_endproc
	.cantunwind
	.fnend
                                        @ -- End function
	.section	.text.FLEXCAN_SetTxMbConfig,"ax",%progbits
	.hidden	FLEXCAN_SetTxMbConfig           @ -- Begin function FLEXCAN_SetTxMbConfig
	.globl	FLEXCAN_SetTxMbConfig
	.p2align	3
	.type	FLEXCAN_SetTxMbConfig,%function
	.code	16                              @ @FLEXCAN_SetTxMbConfig
	.thumb_func
FLEXCAN_SetTxMbConfig:
.Lfunc_begin18:
	.loc	1 1598 0                        @ ../../libraries/sdk/drives/fsl_flexcan.c:1598:0
	.fnstart
	.cfi_startproc
@ %bb.0:
	.save	{r7, lr}
	push	{r7, lr}
	.cfi_def_cfa_offset 8
	.cfi_offset lr, -4
	.cfi_offset r7, -8
	.pad	#8
	sub	sp, #8
	.cfi_def_cfa_offset 16
                                        @ kill: def $r3 killed $r2
                                        @ kill: def $r3 killed $r1
	str	r0, [sp, #4]
	strb.w	r1, [sp, #3]
	strb.w	r2, [sp, #2]
.Ltmp118:
	.loc	1 1600 5 prologue_end           @ ../../libraries/sdk/drives/fsl_flexcan.c:1600:5
	ldrb.w	r0, [sp, #3]
	ldr	r1, [sp, #4]
	ldr	r1, [r1]
	and	r1, r1, #127
	cmp	r0, r1
	bhi	.LBB18_2
	b	.LBB18_1
.LBB18_1:
	b	.LBB18_3
.LBB18_2:
	movw	r0, :lower16:.L.str.9
	movt	r0, :upper16:.L.str.9
	movw	r1, :lower16:.L.str.1
	movt	r1, :upper16:.L.str.1
	mov.w	r2, #1600
	bl	__aeabi_assert
.LBB18_3:
	.loc	1 1602 5                        @ ../../libraries/sdk/drives/fsl_flexcan.c:1602:5
	ldr	r0, [sp, #4]
	ldrb.w	r1, [sp, #3]
	bl	FLEXCAN_IsMbOccupied
	cbnz	r0, .LBB18_5
	b	.LBB18_4
.LBB18_4:
	b	.LBB18_6
.LBB18_5:
	movw	r0, :lower16:.L.str.10
	movt	r0, :upper16:.L.str.10
	movw	r1, :lower16:.L.str.1
	movt	r1, :upper16:.L.str.1
	movw	r2, #1602
	bl	__aeabi_assert
.LBB18_6:
.Ltmp119:
	.loc	1 1606 9                        @ ../../libraries/sdk/drives/fsl_flexcan.c:1606:9
	ldrb.w	r0, [sp, #2]
.Ltmp120:
	.loc	1 1606 9 is_stmt 0              @ ../../libraries/sdk/drives/fsl_flexcan.c:1606:9
	lsls	r0, r0, #31
	cbz	r0, .LBB18_8
	b	.LBB18_7
.LBB18_7:
.Ltmp121:
	.loc	1 1608 9 is_stmt 1              @ ../../libraries/sdk/drives/fsl_flexcan.c:1608:9
	ldr	r0, [sp, #4]
	.loc	1 1608 18 is_stmt 0             @ ../../libraries/sdk/drives/fsl_flexcan.c:1608:18
	ldrb.w	r1, [sp, #3]
	.loc	1 1608 15                       @ ../../libraries/sdk/drives/fsl_flexcan.c:1608:15
	add.w	r1, r0, r1, lsl #4
	mov.w	r0, #134217728
	.loc	1 1608 28                       @ ../../libraries/sdk/drives/fsl_flexcan.c:1608:28
	str.w	r0, [r1, #128]
	.loc	1 1609 5 is_stmt 1              @ ../../libraries/sdk/drives/fsl_flexcan.c:1609:5
	b	.LBB18_9
.Ltmp122:
.LBB18_8:
	.loc	1 1612 9                        @ ../../libraries/sdk/drives/fsl_flexcan.c:1612:9
	ldr	r0, [sp, #4]
	.loc	1 1612 18 is_stmt 0             @ ../../libraries/sdk/drives/fsl_flexcan.c:1612:18
	ldrb.w	r1, [sp, #3]
	.loc	1 1612 15                       @ ../../libraries/sdk/drives/fsl_flexcan.c:1612:15
	add.w	r1, r0, r1, lsl #4
	movs	r0, #0
	.loc	1 1612 28                       @ ../../libraries/sdk/drives/fsl_flexcan.c:1612:28
	str.w	r0, [r1, #128]
	b	.LBB18_9
.Ltmp123:
.LBB18_9:
	.loc	1 1616 5 is_stmt 1              @ ../../libraries/sdk/drives/fsl_flexcan.c:1616:5
	ldr	r0, [sp, #4]
	.loc	1 1616 14 is_stmt 0             @ ../../libraries/sdk/drives/fsl_flexcan.c:1616:14
	ldrb.w	r1, [sp, #3]
	.loc	1 1616 11                       @ ../../libraries/sdk/drives/fsl_flexcan.c:1616:11
	add.w	r1, r0, r1, lsl #4
	movs	r0, #0
	.loc	1 1616 27                       @ ../../libraries/sdk/drives/fsl_flexcan.c:1616:27
	str.w	r0, [r1, #132]
	.loc	1 1617 5 is_stmt 1              @ ../../libraries/sdk/drives/fsl_flexcan.c:1617:5
	ldr	r1, [sp, #4]
	.loc	1 1617 14 is_stmt 0             @ ../../libraries/sdk/drives/fsl_flexcan.c:1617:14
	ldrb.w	r2, [sp, #3]
	.loc	1 1617 11                       @ ../../libraries/sdk/drives/fsl_flexcan.c:1617:11
	add.w	r1, r1, r2, lsl #4
	.loc	1 1617 27                       @ ../../libraries/sdk/drives/fsl_flexcan.c:1617:27
	str.w	r0, [r1, #136]
	.loc	1 1618 5 is_stmt 1              @ ../../libraries/sdk/drives/fsl_flexcan.c:1618:5
	ldr	r1, [sp, #4]
	.loc	1 1618 14 is_stmt 0             @ ../../libraries/sdk/drives/fsl_flexcan.c:1618:14
	ldrb.w	r2, [sp, #3]
	.loc	1 1618 11                       @ ../../libraries/sdk/drives/fsl_flexcan.c:1618:11
	add.w	r1, r1, r2, lsl #4
	.loc	1 1618 27                       @ ../../libraries/sdk/drives/fsl_flexcan.c:1618:27
	str.w	r0, [r1, #140]
	.loc	1 1619 1 is_stmt 1              @ ../../libraries/sdk/drives/fsl_flexcan.c:1619:1
	add	sp, #8
	pop	{r7, pc}
.Ltmp124:
.Lfunc_end18:
	.size	FLEXCAN_SetTxMbConfig, .Lfunc_end18-FLEXCAN_SetTxMbConfig
	.cfi_endproc
	.cantunwind
	.fnend
                                        @ -- End function
	.section	.text.FLEXCAN_IsMbOccupied,"ax",%progbits
	.p2align	3                               @ -- Begin function FLEXCAN_IsMbOccupied
	.type	FLEXCAN_IsMbOccupied,%function
	.code	16                              @ @FLEXCAN_IsMbOccupied
	.thumb_func
FLEXCAN_IsMbOccupied:
.Lfunc_begin19:
	.loc	1 597 0                         @ ../../libraries/sdk/drives/fsl_flexcan.c:597:0
	.fnstart
	.cfi_startproc
@ %bb.0:
	.pad	#8
	sub	sp, #8
	.cfi_def_cfa_offset 8
                                        @ kill: def $r2 killed $r1
	str	r0, [sp, #4]
	strb.w	r1, [sp, #3]
.Ltmp125:
	.loc	1 602 16 prologue_end           @ ../../libraries/sdk/drives/fsl_flexcan.c:602:16
	ldr	r0, [sp, #4]
	.loc	1 602 22 is_stmt 0              @ ../../libraries/sdk/drives/fsl_flexcan.c:602:22
	ldr	r0, [r0]
.Ltmp126:
	.loc	1 602 9                         @ ../../libraries/sdk/drives/fsl_flexcan.c:602:9
	lsls	r0, r0, #2
	cmp	r0, #0
	bpl	.LBB19_2
	b	.LBB19_1
.LBB19_1:
.Ltmp127:
	.loc	1 605 37 is_stmt 1              @ ../../libraries/sdk/drives/fsl_flexcan.c:605:37
	ldr	r0, [sp, #4]
	.loc	1 605 43 is_stmt 0              @ ../../libraries/sdk/drives/fsl_flexcan.c:605:43
	ldr	r0, [r0, #52]
	.loc	1 605 72                        @ ../../libraries/sdk/drives/fsl_flexcan.c:605:72
	ubfx	r0, r0, #24, #4
	.loc	1 605 24                        @ ../../libraries/sdk/drives/fsl_flexcan.c:605:24
	strb.w	r0, [sp, #2]
	.loc	1 607 28 is_stmt 1              @ ../../libraries/sdk/drives/fsl_flexcan.c:607:28
	ldrb.w	r1, [sp, #2]
	movs	r0, #7
	.loc	1 607 55 is_stmt 0              @ ../../libraries/sdk/drives/fsl_flexcan.c:607:55
	add.w	r0, r0, r1, lsl #1
	.loc	1 607 24                        @ ../../libraries/sdk/drives/fsl_flexcan.c:607:24
	strb.w	r0, [sp, #2]
	.loc	1 612 24 is_stmt 1              @ ../../libraries/sdk/drives/fsl_flexcan.c:612:24
	ldrb.w	r0, [sp, #2]
	adds	r0, #1
	strb.w	r0, [sp, #2]
	.loc	1 614 18                        @ ../../libraries/sdk/drives/fsl_flexcan.c:614:18
	ldrb.w	r1, [sp, #3]
	.loc	1 614 27 is_stmt 0              @ ../../libraries/sdk/drives/fsl_flexcan.c:614:27
	ldrb.w	r2, [sp, #2]
	movs	r0, #0
	.loc	1 614 24                        @ ../../libraries/sdk/drives/fsl_flexcan.c:614:24
	cmp	r1, r2
	it	le
	movle	r0, #1
	.loc	1 614 15                        @ ../../libraries/sdk/drives/fsl_flexcan.c:614:15
	strb.w	r0, [sp, #1]
	.loc	1 615 5 is_stmt 1               @ ../../libraries/sdk/drives/fsl_flexcan.c:615:5
	b	.LBB19_6
.Ltmp128:
.LBB19_2:
	.loc	1 620 19                        @ ../../libraries/sdk/drives/fsl_flexcan.c:620:19
	ldrb.w	r0, [sp, #3]
.Ltmp129:
	.loc	1 620 13 is_stmt 0              @ ../../libraries/sdk/drives/fsl_flexcan.c:620:13
	cbnz	r0, .LBB19_4
	b	.LBB19_3
.LBB19_3:
	.loc	1 0 13                          @ ../../libraries/sdk/drives/fsl_flexcan.c:0:13
	movs	r0, #1
.Ltmp130:
	.loc	1 622 19 is_stmt 1              @ ../../libraries/sdk/drives/fsl_flexcan.c:622:19
	strb.w	r0, [sp, #1]
	.loc	1 623 9                         @ ../../libraries/sdk/drives/fsl_flexcan.c:623:9
	b	.LBB19_5
.Ltmp131:
.LBB19_4:
	.loc	1 0 9 is_stmt 0                 @ ../../libraries/sdk/drives/fsl_flexcan.c:0:9
	movs	r0, #0
.Ltmp132:
	.loc	1 627 19 is_stmt 1              @ ../../libraries/sdk/drives/fsl_flexcan.c:627:19
	strb.w	r0, [sp, #1]
	b	.LBB19_5
.Ltmp133:
.LBB19_5:
	.loc	1 0 19 is_stmt 0                @ ../../libraries/sdk/drives/fsl_flexcan.c:0:19
	b	.LBB19_6
.LBB19_6:
	.loc	1 631 5 is_stmt 1               @ ../../libraries/sdk/drives/fsl_flexcan.c:631:5
	ldrb.w	r0, [sp, #1]
	and	r0, r0, #1
	add	sp, #8
	bx	lr
.Ltmp134:
.Lfunc_end19:
	.size	FLEXCAN_IsMbOccupied, .Lfunc_end19-FLEXCAN_IsMbOccupied
	.cfi_endproc
	.cantunwind
	.fnend
                                        @ -- End function
	.section	.text.FLEXCAN_CalculateImprovedTimingValues,"ax",%progbits
	.hidden	FLEXCAN_CalculateImprovedTimingValues @ -- Begin function FLEXCAN_CalculateImprovedTimingValues
	.globl	FLEXCAN_CalculateImprovedTimingValues
	.p2align	3
	.type	FLEXCAN_CalculateImprovedTimingValues,%function
	.code	16                              @ @FLEXCAN_CalculateImprovedTimingValues
	.thumb_func
FLEXCAN_CalculateImprovedTimingValues:
.Lfunc_begin20:
	.loc	1 1758 0                        @ ../../libraries/sdk/drives/fsl_flexcan.c:1758:0
	.fnstart
	.cfi_startproc
@ %bb.0:
	.save	{r7, lr}
	push	{r7, lr}
	.cfi_def_cfa_offset 8
	.cfi_offset lr, -4
	.cfi_offset r7, -8
	.pad	#64
	sub	sp, #64
	.cfi_def_cfa_offset 72
	str	r0, [sp, #60]
	str	r1, [sp, #56]
	str	r2, [sp, #52]
	str	r3, [sp, #48]
.Ltmp135:
	.loc	1 1760 5 prologue_end           @ ../../libraries/sdk/drives/fsl_flexcan.c:1760:5
	ldr	r0, [sp, #56]
	movw	r1, #16960
	movt	r1, #15
	cmp	r0, r1
	bhi	.LBB20_2
	b	.LBB20_1
.LBB20_1:
	b	.LBB20_3
.LBB20_2:
	movw	r0, :lower16:.L.str.11
	movt	r0, :upper16:.L.str.11
	movw	r1, :lower16:.L.str.1
	movt	r1, :upper16:.L.str.1
	mov.w	r2, #1760
	bl	__aeabi_assert
.LBB20_3:
	.loc	1 0 5 is_stmt 0                 @ ../../libraries/sdk/drives/fsl_flexcan.c:0:5
	mov.w	r0, #1000
	.loc	1 1764 14 is_stmt 1             @ ../../libraries/sdk/drives/fsl_flexcan.c:1764:14
	str	r0, [sp, #28]
	movs	r0, #0
	.loc	1 1765 29                       @ ../../libraries/sdk/drives/fsl_flexcan.c:1765:29
	str	r0, [sp, #24]
	str	r0, [sp, #20]
	str	r0, [sp, #16]
	.loc	1 1766 10                       @ ../../libraries/sdk/drives/fsl_flexcan.c:1766:10
	strb.w	r0, [sp, #15]
.Ltmp136:
	.loc	1 1768 14                       @ ../../libraries/sdk/drives/fsl_flexcan.c:1768:14
	ldr	r0, [sp, #60]
	movs	r1, #0
	movt	r1, #16413
	cmp	r0, r1
	bne	.LBB20_5
	b	.LBB20_4
.LBB20_4:
	.loc	1 0 14 is_stmt 0                @ ../../libraries/sdk/drives/fsl_flexcan.c:0:14
	movs	r0, #0
	.loc	1 1768 14                       @ ../../libraries/sdk/drives/fsl_flexcan.c:1768:14
	str	r0, [sp, #8]                    @ 4-byte Spill
	b	.LBB20_9
.LBB20_5:
	ldr	r0, [sp, #60]
	movw	r1, #16384
	movt	r1, #16413
	cmp	r0, r1
	bne	.LBB20_7
	b	.LBB20_6
.LBB20_6:
	.loc	1 0 14                          @ ../../libraries/sdk/drives/fsl_flexcan.c:0:14
	movs	r0, #0
	.loc	1 1768 14                       @ ../../libraries/sdk/drives/fsl_flexcan.c:1768:14
	str	r0, [sp, #4]                    @ 4-byte Spill
	b	.LBB20_8
.LBB20_7:
	ldr	r1, [sp, #60]
	movw	r2, #32768
	movt	r2, #16413
	mov.w	r0, #-1
	cmp	r1, r2
	it	eq
	moveq	r0, #1
	str	r0, [sp, #4]                    @ 4-byte Spill
	b	.LBB20_8
.LBB20_8:
	ldr	r0, [sp, #4]                    @ 4-byte Reload
	str	r0, [sp, #8]                    @ 4-byte Spill
	b	.LBB20_9
.LBB20_9:
	ldr	r0, [sp, #8]                    @ 4-byte Reload
.Ltmp137:
	.loc	1 1768 9                        @ ../../libraries/sdk/drives/fsl_flexcan.c:1768:9
	cbz	r0, .LBB20_11
	b	.LBB20_10
.LBB20_10:
	.loc	1 0 9                           @ ../../libraries/sdk/drives/fsl_flexcan.c:0:9
	movs	r0, #129
.Ltmp138:
	.loc	1 1777 15 is_stmt 1             @ ../../libraries/sdk/drives/fsl_flexcan.c:1777:15
	str	r0, [sp, #40]
	movs	r0, #8
	.loc	1 1778 15                       @ ../../libraries/sdk/drives/fsl_flexcan.c:1778:15
	str	r0, [sp, #36]
	movs	r0, #255
	.loc	1 1779 17                       @ ../../libraries/sdk/drives/fsl_flexcan.c:1779:17
	str	r0, [sp, #32]
	.loc	1 1781 5                        @ ../../libraries/sdk/drives/fsl_flexcan.c:1781:5
	b	.LBB20_12
.Ltmp139:
.LBB20_11:
	.loc	1 0 5 is_stmt 0                 @ ../../libraries/sdk/drives/fsl_flexcan.c:0:5
	movs	r0, #25
.Ltmp140:
	.loc	1 1785 17 is_stmt 1             @ ../../libraries/sdk/drives/fsl_flexcan.c:1785:17
	str	r0, [sp, #40]
	movs	r0, #8
	.loc	1 1786 17                       @ ../../libraries/sdk/drives/fsl_flexcan.c:1786:17
	str	r0, [sp, #36]
	movs	r0, #255
	.loc	1 1787 17                       @ ../../libraries/sdk/drives/fsl_flexcan.c:1787:17
	str	r0, [sp, #32]
	b	.LBB20_12
.Ltmp141:
.LBB20_12:
	.loc	1 1795 5                        @ ../../libraries/sdk/drives/fsl_flexcan.c:1795:5
	b	.LBB20_13
.LBB20_13:                              @ =>This Inner Loop Header: Depth=1
.Ltmp142:
	.loc	1 1797 15                       @ ../../libraries/sdk/drives/fsl_flexcan.c:1797:15
	ldr	r0, [sp, #56]
	.loc	1 1797 25 is_stmt 0             @ ../../libraries/sdk/drives/fsl_flexcan.c:1797:25
	ldr	r1, [sp, #40]
	.loc	1 1797 23                       @ ../../libraries/sdk/drives/fsl_flexcan.c:1797:23
	muls	r0, r1, r0
	.loc	1 1797 13                       @ ../../libraries/sdk/drives/fsl_flexcan.c:1797:13
	str	r0, [sp, #44]
.Ltmp143:
	.loc	1 1798 13 is_stmt 1             @ ../../libraries/sdk/drives/fsl_flexcan.c:1798:13
	ldr	r0, [sp, #44]
	.loc	1 1798 19 is_stmt 0             @ ../../libraries/sdk/drives/fsl_flexcan.c:1798:19
	ldr	r1, [sp, #52]
.Ltmp144:
	.loc	1 1798 13                       @ ../../libraries/sdk/drives/fsl_flexcan.c:1798:13
	cmp	r0, r1
	bls	.LBB20_15
	b	.LBB20_14
.LBB20_14:                              @   in Loop: Header=BB20_13 Depth=1
.Ltmp145:
	.loc	1 1800 13 is_stmt 1             @ ../../libraries/sdk/drives/fsl_flexcan.c:1800:13
	b	.LBB20_22
.Ltmp146:
.LBB20_15:                              @   in Loop: Header=BB20_13 Depth=1
	.loc	1 1803 14                       @ ../../libraries/sdk/drives/fsl_flexcan.c:1803:14
	ldr	r1, [sp, #52]
	.loc	1 1803 31 is_stmt 0             @ ../../libraries/sdk/drives/fsl_flexcan.c:1803:31
	ldr	r2, [sp, #44]
	.loc	1 1803 29                       @ ../../libraries/sdk/drives/fsl_flexcan.c:1803:29
	udiv	r0, r1, r2
	.loc	1 1803 35                       @ ../../libraries/sdk/drives/fsl_flexcan.c:1803:35
	muls	r0, r2, r0
.Ltmp147:
	.loc	1 1803 13                       @ ../../libraries/sdk/drives/fsl_flexcan.c:1803:13
	cmp	r0, r1
	beq	.LBB20_17
	b	.LBB20_16
.LBB20_16:                              @   in Loop: Header=BB20_13 Depth=1
.Ltmp148:
	.loc	1 1805 13 is_stmt 1             @ ../../libraries/sdk/drives/fsl_flexcan.c:1805:13
	b	.LBB20_22
.Ltmp149:
.LBB20_17:                              @   in Loop: Header=BB20_13 Depth=1
	.loc	1 1809 44                       @ ../../libraries/sdk/drives/fsl_flexcan.c:1809:44
	ldr	r0, [sp, #52]
	.loc	1 1809 61 is_stmt 0             @ ../../libraries/sdk/drives/fsl_flexcan.c:1809:61
	ldr	r1, [sp, #44]
	.loc	1 1809 59                       @ ../../libraries/sdk/drives/fsl_flexcan.c:1809:59
	udiv	r0, r0, r1
	.loc	1 1809 66                       @ ../../libraries/sdk/drives/fsl_flexcan.c:1809:66
	subs	r0, #1
	.loc	1 1809 31                       @ ../../libraries/sdk/drives/fsl_flexcan.c:1809:31
	strh.w	r0, [sp, #16]
.Ltmp150:
	.loc	1 1810 24 is_stmt 1             @ ../../libraries/sdk/drives/fsl_flexcan.c:1810:24
	ldrh.w	r0, [sp, #16]
	.loc	1 1810 37 is_stmt 0             @ ../../libraries/sdk/drives/fsl_flexcan.c:1810:37
	ldr	r1, [sp, #32]
.Ltmp151:
	.loc	1 1810 13                       @ ../../libraries/sdk/drives/fsl_flexcan.c:1810:13
	cmp	r0, r1
	bls	.LBB20_19
	b	.LBB20_18
.LBB20_18:
.Ltmp152:
	.loc	1 1812 13 is_stmt 1             @ ../../libraries/sdk/drives/fsl_flexcan.c:1812:13
	b	.LBB20_23
.Ltmp153:
.LBB20_19:                              @   in Loop: Header=BB20_13 Depth=1
	.loc	1 1817 29                       @ ../../libraries/sdk/drives/fsl_flexcan.c:1817:29
	ldr	r0, [sp, #60]
	.loc	1 1817 35 is_stmt 0             @ ../../libraries/sdk/drives/fsl_flexcan.c:1817:35
	ldr	r1, [sp, #56]
	.loc	1 1817 44                       @ ../../libraries/sdk/drives/fsl_flexcan.c:1817:44
	ldr	r2, [sp, #40]
	add	r3, sp, #16
	.loc	1 1817 9                        @ ../../libraries/sdk/drives/fsl_flexcan.c:1817:9
	bl	FLEXCAN_GetSegments
.Ltmp154:
	.loc	1 1819 37 is_stmt 1             @ ../../libraries/sdk/drives/fsl_flexcan.c:1819:37
	ldrb.w	r0, [sp, #20]
	mov.w	r1, #1000
	.loc	1 1819 53 is_stmt 0             @ ../../libraries/sdk/drives/fsl_flexcan.c:1819:53
	smlabb	r0, r0, r1, r1
	.loc	1 1819 64                       @ ../../libraries/sdk/drives/fsl_flexcan.c:1819:64
	ldr	r1, [sp, #40]
	.loc	1 1819 62                       @ ../../libraries/sdk/drives/fsl_flexcan.c:1819:62
	udiv	r0, r0, r1
	.loc	1 1819 73                       @ ../../libraries/sdk/drives/fsl_flexcan.c:1819:73
	ldr	r1, [sp, #28]
.Ltmp155:
	.loc	1 1819 13                       @ ../../libraries/sdk/drives/fsl_flexcan.c:1819:13
	cmp	r0, r1
	bhs	.LBB20_21
	b	.LBB20_20
.LBB20_20:                              @   in Loop: Header=BB20_13 Depth=1
.Ltmp156:
	.loc	1 1821 64 is_stmt 1             @ ../../libraries/sdk/drives/fsl_flexcan.c:1821:64
	ldrb.w	r0, [sp, #20]
	mov.w	r1, #1000
	.loc	1 1821 80 is_stmt 0             @ ../../libraries/sdk/drives/fsl_flexcan.c:1821:80
	smlabb	r0, r0, r1, r1
	.loc	1 1821 91                       @ ../../libraries/sdk/drives/fsl_flexcan.c:1821:91
	ldr	r1, [sp, #40]
	.loc	1 1821 89                       @ ../../libraries/sdk/drives/fsl_flexcan.c:1821:89
	udiv	r0, r0, r1
	.loc	1 1821 39                       @ ../../libraries/sdk/drives/fsl_flexcan.c:1821:39
	str	r0, [sp, #28]
	.loc	1 1822 52 is_stmt 1             @ ../../libraries/sdk/drives/fsl_flexcan.c:1822:52
	ldrh.w	r0, [sp, #16]
	.loc	1 1822 13 is_stmt 0             @ ../../libraries/sdk/drives/fsl_flexcan.c:1822:13
	ldr	r1, [sp, #48]
	.loc	1 1822 39                       @ ../../libraries/sdk/drives/fsl_flexcan.c:1822:39
	strh	r0, [r1]
	.loc	1 1823 52 is_stmt 1             @ ../../libraries/sdk/drives/fsl_flexcan.c:1823:52
	ldrb.w	r0, [sp, #18]
	.loc	1 1823 13 is_stmt 0             @ ../../libraries/sdk/drives/fsl_flexcan.c:1823:13
	ldr	r1, [sp, #48]
	.loc	1 1823 39                       @ ../../libraries/sdk/drives/fsl_flexcan.c:1823:39
	strb	r0, [r1, #2]
	.loc	1 1824 52 is_stmt 1             @ ../../libraries/sdk/drives/fsl_flexcan.c:1824:52
	ldrb.w	r0, [sp, #19]
	.loc	1 1824 13 is_stmt 0             @ ../../libraries/sdk/drives/fsl_flexcan.c:1824:13
	ldr	r1, [sp, #48]
	.loc	1 1824 39                       @ ../../libraries/sdk/drives/fsl_flexcan.c:1824:39
	strb	r0, [r1, #3]
	.loc	1 1825 52 is_stmt 1             @ ../../libraries/sdk/drives/fsl_flexcan.c:1825:52
	ldrb.w	r0, [sp, #20]
	.loc	1 1825 13 is_stmt 0             @ ../../libraries/sdk/drives/fsl_flexcan.c:1825:13
	ldr	r1, [sp, #48]
	.loc	1 1825 39                       @ ../../libraries/sdk/drives/fsl_flexcan.c:1825:39
	strb	r0, [r1, #4]
	.loc	1 1826 52 is_stmt 1             @ ../../libraries/sdk/drives/fsl_flexcan.c:1826:52
	ldrb.w	r0, [sp, #21]
	.loc	1 1826 13 is_stmt 0             @ ../../libraries/sdk/drives/fsl_flexcan.c:1826:13
	ldr	r1, [sp, #48]
	.loc	1 1826 39                       @ ../../libraries/sdk/drives/fsl_flexcan.c:1826:39
	strb	r0, [r1, #5]
	.loc	1 1827 9 is_stmt 1              @ ../../libraries/sdk/drives/fsl_flexcan.c:1827:9
	b	.LBB20_21
.Ltmp157:
.LBB20_21:                              @   in Loop: Header=BB20_13 Depth=1
	.loc	1 0 9 is_stmt 0                 @ ../../libraries/sdk/drives/fsl_flexcan.c:0:9
	movs	r0, #1
	.loc	1 1828 15 is_stmt 1             @ ../../libraries/sdk/drives/fsl_flexcan.c:1828:15
	strb.w	r0, [sp, #15]
	.loc	1 1829 5                        @ ../../libraries/sdk/drives/fsl_flexcan.c:1829:5
	b	.LBB20_22
.Ltmp158:
.LBB20_22:                              @   in Loop: Header=BB20_13 Depth=1
	.loc	1 1829 14 is_stmt 0             @ ../../libraries/sdk/drives/fsl_flexcan.c:1829:14
	ldr	r0, [sp, #40]
	subs	r0, #1
	str	r0, [sp, #40]
	.loc	1 1829 25                       @ ../../libraries/sdk/drives/fsl_flexcan.c:1829:25
	ldr	r1, [sp, #36]
.Ltmp159:
	.loc	1 1829 5                        @ ../../libraries/sdk/drives/fsl_flexcan.c:1829:5
	cmp	r0, r1
	bhs	.LBB20_13
	b	.LBB20_23
.Ltmp160:
.LBB20_23:
	.loc	1 1831 5 is_stmt 1              @ ../../libraries/sdk/drives/fsl_flexcan.c:1831:5
	ldrb.w	r0, [sp, #15]
	and	r0, r0, #1
	add	sp, #64
	pop	{r7, pc}
.Ltmp161:
.Lfunc_end20:
	.size	FLEXCAN_CalculateImprovedTimingValues, .Lfunc_end20-FLEXCAN_CalculateImprovedTimingValues
	.cfi_endproc
	.cantunwind
	.fnend
                                        @ -- End function
	.section	.text.FLEXCAN_GetSegments,"ax",%progbits
	.p2align	3                               @ -- Begin function FLEXCAN_GetSegments
	.type	FLEXCAN_GetSegments,%function
	.code	16                              @ @FLEXCAN_GetSegments
	.thumb_func
FLEXCAN_GetSegments:
.Lfunc_begin21:
	.loc	1 1635 0                        @ ../../libraries/sdk/drives/fsl_flexcan.c:1635:0
	.fnstart
	.cfi_startproc
@ %bb.0:
	.pad	#52
	sub	sp, #52
	.cfi_def_cfa_offset 52
	str	r0, [sp, #48]
	str	r1, [sp, #44]
	str	r2, [sp, #40]
	str	r3, [sp, #36]
.Ltmp162:
	.loc	1 1640 14 prologue_end          @ ../../libraries/sdk/drives/fsl_flexcan.c:1640:14
	ldr	r0, [sp, #48]
	movs	r1, #0
	movt	r1, #16413
	cmp	r0, r1
	bne	.LBB21_2
	b	.LBB21_1
.LBB21_1:
	.loc	1 0 14 is_stmt 0                @ ../../libraries/sdk/drives/fsl_flexcan.c:0:14
	movs	r0, #0
	.loc	1 1640 14                       @ ../../libraries/sdk/drives/fsl_flexcan.c:1640:14
	str	r0, [sp, #8]                    @ 4-byte Spill
	b	.LBB21_6
.LBB21_2:
	ldr	r0, [sp, #48]
	movw	r1, #16384
	movt	r1, #16413
	cmp	r0, r1
	bne	.LBB21_4
	b	.LBB21_3
.LBB21_3:
	.loc	1 0 14                          @ ../../libraries/sdk/drives/fsl_flexcan.c:0:14
	movs	r0, #0
	.loc	1 1640 14                       @ ../../libraries/sdk/drives/fsl_flexcan.c:1640:14
	str	r0, [sp, #4]                    @ 4-byte Spill
	b	.LBB21_5
.LBB21_4:
	ldr	r1, [sp, #48]
	movw	r2, #32768
	movt	r2, #16413
	mov.w	r0, #-1
	cmp	r1, r2
	it	eq
	moveq	r0, #1
	str	r0, [sp, #4]                    @ 4-byte Spill
	b	.LBB21_5
.LBB21_5:
	ldr	r0, [sp, #4]                    @ 4-byte Reload
	str	r0, [sp, #8]                    @ 4-byte Spill
	b	.LBB21_6
.LBB21_6:
	ldr	r0, [sp, #8]                    @ 4-byte Reload
.Ltmp163:
	.loc	1 1640 9                        @ ../../libraries/sdk/drives/fsl_flexcan.c:1640:9
	cbz	r0, .LBB21_8
	b	.LBB21_7
.LBB21_7:
	.loc	1 0 9                           @ ../../libraries/sdk/drives/fsl_flexcan.c:0:9
	movs	r0, #32
.Ltmp164:
	.loc	1 1650 17 is_stmt 1             @ ../../libraries/sdk/drives/fsl_flexcan.c:1650:17
	str	r0, [sp, #28]
	movs	r1, #64
	.loc	1 1651 19                       @ ../../libraries/sdk/drives/fsl_flexcan.c:1651:19
	str	r1, [sp, #20]
	.loc	1 1652 17                       @ ../../libraries/sdk/drives/fsl_flexcan.c:1652:17
	str	r0, [sp, #24]
	.loc	1 1653 16                       @ ../../libraries/sdk/drives/fsl_flexcan.c:1653:16
	str	r0, [sp, #16]
	.loc	1 1655 5                        @ ../../libraries/sdk/drives/fsl_flexcan.c:1655:5
	b	.LBB21_9
.Ltmp165:
.LBB21_8:
	.loc	1 0 5 is_stmt 0                 @ ../../libraries/sdk/drives/fsl_flexcan.c:0:5
	movs	r0, #8
.Ltmp166:
	.loc	1 1659 19 is_stmt 1             @ ../../libraries/sdk/drives/fsl_flexcan.c:1659:19
	str	r0, [sp, #28]
	.loc	1 1660 19                       @ ../../libraries/sdk/drives/fsl_flexcan.c:1660:19
	str	r0, [sp, #20]
	.loc	1 1661 19                       @ ../../libraries/sdk/drives/fsl_flexcan.c:1661:19
	str	r0, [sp, #24]
	movs	r0, #4
	.loc	1 1662 19                       @ ../../libraries/sdk/drives/fsl_flexcan.c:1662:19
	str	r0, [sp, #16]
	b	.LBB21_9
.Ltmp167:
.LBB21_9:
	.loc	1 1673 9                        @ ../../libraries/sdk/drives/fsl_flexcan.c:1673:9
	ldr	r0, [sp, #44]
	movw	r1, #16960
	movt	r1, #15
.Ltmp168:
	.loc	1 1673 9 is_stmt 0              @ ../../libraries/sdk/drives/fsl_flexcan.c:1673:9
	cmp	r0, r1
	bne	.LBB21_11
	b	.LBB21_10
.LBB21_10:
	.loc	1 0 9                           @ ../../libraries/sdk/drives/fsl_flexcan.c:0:9
	movw	r0, #750
.Ltmp169:
	.loc	1 1675 18 is_stmt 1             @ ../../libraries/sdk/drives/fsl_flexcan.c:1675:18
	str	r0, [sp, #32]
	.loc	1 1676 5                        @ ../../libraries/sdk/drives/fsl_flexcan.c:1676:5
	b	.LBB21_15
.Ltmp170:
.LBB21_11:
	.loc	1 1677 14                       @ ../../libraries/sdk/drives/fsl_flexcan.c:1677:14
	ldr	r0, [sp, #44]
	movw	r1, #13568
	movt	r1, #12
.Ltmp171:
	.loc	1 1677 14 is_stmt 0             @ ../../libraries/sdk/drives/fsl_flexcan.c:1677:14
	cmp	r0, r1
	blo	.LBB21_13
	b	.LBB21_12
.LBB21_12:
	.loc	1 0 14                          @ ../../libraries/sdk/drives/fsl_flexcan.c:0:14
	mov.w	r0, #800
.Ltmp172:
	.loc	1 1679 18 is_stmt 1             @ ../../libraries/sdk/drives/fsl_flexcan.c:1679:18
	str	r0, [sp, #32]
	.loc	1 1680 5                        @ ../../libraries/sdk/drives/fsl_flexcan.c:1680:5
	b	.LBB21_14
.Ltmp173:
.LBB21_13:
	.loc	1 0 5 is_stmt 0                 @ ../../libraries/sdk/drives/fsl_flexcan.c:0:5
	movw	r0, #875
.Ltmp174:
	.loc	1 1683 18 is_stmt 1             @ ../../libraries/sdk/drives/fsl_flexcan.c:1683:18
	str	r0, [sp, #32]
	b	.LBB21_14
.Ltmp175:
.LBB21_14:
	.loc	1 0 18 is_stmt 0                @ ../../libraries/sdk/drives/fsl_flexcan.c:0:18
	b	.LBB21_15
.LBB21_15:
	.loc	1 1686 42 is_stmt 1             @ ../../libraries/sdk/drives/fsl_flexcan.c:1686:42
	ldr	r0, [sp, #40]
	.loc	1 1686 59 is_stmt 0             @ ../../libraries/sdk/drives/fsl_flexcan.c:1686:59
	ldr	r1, [sp, #32]
	.loc	1 1686 57                       @ ../../libraries/sdk/drives/fsl_flexcan.c:1686:57
	muls	r1, r0, r1
	movw	r2, #19923
	movt	r2, #4194
	.loc	1 1686 69                       @ ../../libraries/sdk/drives/fsl_flexcan.c:1686:69
	umull	r2, r1, r1, r2
	.loc	1 1686 48                       @ ../../libraries/sdk/drives/fsl_flexcan.c:1686:48
	sub.w	r0, r0, r1, lsr #6
	.loc	1 1686 5                        @ ../../libraries/sdk/drives/fsl_flexcan.c:1686:5
	ldr	r1, [sp, #36]
	.loc	1 1686 30                       @ ../../libraries/sdk/drives/fsl_flexcan.c:1686:30
	strb	r0, [r1, #4]
.Ltmp176:
	.loc	1 1687 9 is_stmt 1              @ ../../libraries/sdk/drives/fsl_flexcan.c:1687:9
	ldr	r0, [sp, #36]
	.loc	1 1687 24 is_stmt 0             @ ../../libraries/sdk/drives/fsl_flexcan.c:1687:24
	ldrb	r0, [r0, #4]
.Ltmp177:
	.loc	1 1687 9                        @ ../../libraries/sdk/drives/fsl_flexcan.c:1687:9
	cmp	r0, #1
	bhi	.LBB21_17
	b	.LBB21_16
.LBB21_16:
.Ltmp178:
	.loc	1 1689 9 is_stmt 1              @ ../../libraries/sdk/drives/fsl_flexcan.c:1689:9
	ldr	r1, [sp, #36]
	movs	r0, #2
	.loc	1 1689 34 is_stmt 0             @ ../../libraries/sdk/drives/fsl_flexcan.c:1689:34
	strb	r0, [r1, #4]
	.loc	1 1690 5 is_stmt 1              @ ../../libraries/sdk/drives/fsl_flexcan.c:1690:5
	b	.LBB21_21
.Ltmp179:
.LBB21_17:
	.loc	1 1691 14                       @ ../../libraries/sdk/drives/fsl_flexcan.c:1691:14
	ldr	r0, [sp, #36]
	.loc	1 1691 29 is_stmt 0             @ ../../libraries/sdk/drives/fsl_flexcan.c:1691:29
	ldrb	r0, [r0, #4]
	.loc	1 1691 41                       @ ../../libraries/sdk/drives/fsl_flexcan.c:1691:41
	ldr	r1, [sp, #24]
.Ltmp180:
	.loc	1 1691 14                       @ ../../libraries/sdk/drives/fsl_flexcan.c:1691:14
	cmp	r0, r1
	bls	.LBB21_19
	b	.LBB21_18
.LBB21_18:
.Ltmp181:
	.loc	1 1693 45 is_stmt 1             @ ../../libraries/sdk/drives/fsl_flexcan.c:1693:45
	ldr	r0, [sp, #24]
	.loc	1 1693 9 is_stmt 0              @ ../../libraries/sdk/drives/fsl_flexcan.c:1693:9
	ldr	r1, [sp, #36]
	.loc	1 1693 34                       @ ../../libraries/sdk/drives/fsl_flexcan.c:1693:34
	strb	r0, [r1, #4]
	.loc	1 1694 5 is_stmt 1              @ ../../libraries/sdk/drives/fsl_flexcan.c:1694:5
	b	.LBB21_20
.Ltmp182:
.LBB21_19:
	.loc	1 0 5 is_stmt 0                 @ ../../libraries/sdk/drives/fsl_flexcan.c:0:5
	b	.LBB21_20
.LBB21_20:
	b	.LBB21_21
.LBB21_21:
.Ltmp183:
	.loc	1 1701 10 is_stmt 1             @ ../../libraries/sdk/drives/fsl_flexcan.c:1701:10
	ldr	r1, [sp, #40]
	.loc	1 1701 18 is_stmt 0             @ ../../libraries/sdk/drives/fsl_flexcan.c:1701:18
	ldr	r0, [sp, #36]
	.loc	1 1701 33                       @ ../../libraries/sdk/drives/fsl_flexcan.c:1701:33
	ldrb	r0, [r0, #4]
	.loc	1 1701 43                       @ ../../libraries/sdk/drives/fsl_flexcan.c:1701:43
	mvns	r0, r0
	add	r0, r1
	.loc	1 1701 52                       @ ../../libraries/sdk/drives/fsl_flexcan.c:1701:52
	ldr	r1, [sp, #28]
	.loc	1 1701 62                       @ ../../libraries/sdk/drives/fsl_flexcan.c:1701:62
	ldr	r2, [sp, #20]
	.loc	1 1701 60                       @ ../../libraries/sdk/drives/fsl_flexcan.c:1701:60
	add	r1, r2
.Ltmp184:
	.loc	1 1701 9                        @ ../../libraries/sdk/drives/fsl_flexcan.c:1701:9
	cmp	r0, r1
	bls	.LBB21_23
	b	.LBB21_22
.LBB21_22:
.Ltmp185:
	.loc	1 1703 36 is_stmt 1             @ ../../libraries/sdk/drives/fsl_flexcan.c:1703:36
	ldr	r0, [sp, #28]
	.loc	1 1703 46 is_stmt 0             @ ../../libraries/sdk/drives/fsl_flexcan.c:1703:46
	ldr	r1, [sp, #20]
	.loc	1 1703 44                       @ ../../libraries/sdk/drives/fsl_flexcan.c:1703:44
	add	r0, r1
	.loc	1 1703 34                       @ ../../libraries/sdk/drives/fsl_flexcan.c:1703:34
	str	r0, [sp, #12]
	.loc	1 1704 46 is_stmt 1             @ ../../libraries/sdk/drives/fsl_flexcan.c:1704:46
	ldr	r1, [sp, #40]
	.loc	1 1704 59 is_stmt 0             @ ../../libraries/sdk/drives/fsl_flexcan.c:1704:59
	ldr	r0, [sp, #12]
	.loc	1 1704 57                       @ ../../libraries/sdk/drives/fsl_flexcan.c:1704:57
	mvns	r0, r0
	add	r0, r1
	.loc	1 1704 9                        @ ../../libraries/sdk/drives/fsl_flexcan.c:1704:9
	ldr	r1, [sp, #36]
	.loc	1 1704 34                       @ ../../libraries/sdk/drives/fsl_flexcan.c:1704:34
	strb	r0, [r1, #4]
	.loc	1 1705 5 is_stmt 1              @ ../../libraries/sdk/drives/fsl_flexcan.c:1705:5
	b	.LBB21_24
.Ltmp186:
.LBB21_23:
	.loc	1 1708 20                       @ ../../libraries/sdk/drives/fsl_flexcan.c:1708:20
	ldr	r1, [sp, #40]
	.loc	1 1708 28 is_stmt 0             @ ../../libraries/sdk/drives/fsl_flexcan.c:1708:28
	ldr	r0, [sp, #36]
	.loc	1 1708 43                       @ ../../libraries/sdk/drives/fsl_flexcan.c:1708:43
	ldrb	r0, [r0, #4]
	.loc	1 1708 53                       @ ../../libraries/sdk/drives/fsl_flexcan.c:1708:53
	mvns	r0, r0
	add	r0, r1
	.loc	1 1708 18                       @ ../../libraries/sdk/drives/fsl_flexcan.c:1708:18
	str	r0, [sp, #12]
	b	.LBB21_24
.Ltmp187:
.LBB21_24:
	.loc	1 1710 9 is_stmt 1              @ ../../libraries/sdk/drives/fsl_flexcan.c:1710:9
	ldr	r0, [sp, #12]
	.loc	1 1710 21 is_stmt 0             @ ../../libraries/sdk/drives/fsl_flexcan.c:1710:21
	ldr	r1, [sp, #36]
	.loc	1 1710 36                       @ ../../libraries/sdk/drives/fsl_flexcan.c:1710:36
	ldrb	r1, [r1, #4]
	.loc	1 1710 48                       @ ../../libraries/sdk/drives/fsl_flexcan.c:1710:48
	ldr	r2, [sp, #20]
	.loc	1 1710 46                       @ ../../libraries/sdk/drives/fsl_flexcan.c:1710:46
	add	r1, r2
.Ltmp188:
	.loc	1 1710 9                        @ ../../libraries/sdk/drives/fsl_flexcan.c:1710:9
	cmp	r0, r1
	bls	.LBB21_26
	b	.LBB21_25
.LBB21_25:
.Ltmp189:
	.loc	1 1712 45 is_stmt 1             @ ../../libraries/sdk/drives/fsl_flexcan.c:1712:45
	ldr	r0, [sp, #20]
	.loc	1 1712 9 is_stmt 0              @ ../../libraries/sdk/drives/fsl_flexcan.c:1712:9
	ldr	r1, [sp, #36]
	.loc	1 1712 34                       @ ../../libraries/sdk/drives/fsl_flexcan.c:1712:34
	strb	r0, [r1, #5]
	.loc	1 1713 46 is_stmt 1             @ ../../libraries/sdk/drives/fsl_flexcan.c:1713:46
	ldr	r0, [sp, #12]
	.loc	1 1713 57 is_stmt 0             @ ../../libraries/sdk/drives/fsl_flexcan.c:1713:57
	ldr	r1, [sp, #20]
	.loc	1 1713 55                       @ ../../libraries/sdk/drives/fsl_flexcan.c:1713:55
	subs	r0, r0, r1
	.loc	1 1713 9                        @ ../../libraries/sdk/drives/fsl_flexcan.c:1713:9
	ldr	r1, [sp, #36]
	.loc	1 1713 34                       @ ../../libraries/sdk/drives/fsl_flexcan.c:1713:34
	strb	r0, [r1, #3]
	.loc	1 1714 5 is_stmt 1              @ ../../libraries/sdk/drives/fsl_flexcan.c:1714:5
	b	.LBB21_30
.Ltmp190:
.LBB21_26:
	.loc	1 1715 14                       @ ../../libraries/sdk/drives/fsl_flexcan.c:1715:14
	ldr	r0, [sp, #12]
	.loc	1 1715 25 is_stmt 0             @ ../../libraries/sdk/drives/fsl_flexcan.c:1715:25
	ldr	r1, [sp, #36]
	.loc	1 1715 40                       @ ../../libraries/sdk/drives/fsl_flexcan.c:1715:40
	ldrb	r1, [r1, #4]
.Ltmp191:
	.loc	1 1715 14                       @ ../../libraries/sdk/drives/fsl_flexcan.c:1715:14
	cmp	r0, r1
	bls	.LBB21_28
	b	.LBB21_27
.LBB21_27:
.Ltmp192:
	.loc	1 1717 46 is_stmt 1             @ ../../libraries/sdk/drives/fsl_flexcan.c:1717:46
	ldr	r0, [sp, #12]
	.loc	1 1717 57 is_stmt 0             @ ../../libraries/sdk/drives/fsl_flexcan.c:1717:57
	ldr	r1, [sp, #36]
	ldrb	r2, [r1, #4]
	.loc	1 1717 55                       @ ../../libraries/sdk/drives/fsl_flexcan.c:1717:55
	subs	r0, r0, r2
	.loc	1 1717 34                       @ ../../libraries/sdk/drives/fsl_flexcan.c:1717:34
	strb	r0, [r1, #5]
	.loc	1 1718 36 is_stmt 1             @ ../../libraries/sdk/drives/fsl_flexcan.c:1718:36
	ldr	r1, [sp, #36]
	.loc	1 1718 51 is_stmt 0             @ ../../libraries/sdk/drives/fsl_flexcan.c:1718:51
	ldrb	r0, [r1, #4]
	.loc	1 1718 34                       @ ../../libraries/sdk/drives/fsl_flexcan.c:1718:34
	strb	r0, [r1, #3]
	.loc	1 1719 5 is_stmt 1              @ ../../libraries/sdk/drives/fsl_flexcan.c:1719:5
	b	.LBB21_29
.Ltmp193:
.LBB21_28:
	.loc	1 1722 9                        @ ../../libraries/sdk/drives/fsl_flexcan.c:1722:9
	ldr	r1, [sp, #36]
	movs	r0, #1
	.loc	1 1722 34 is_stmt 0             @ ../../libraries/sdk/drives/fsl_flexcan.c:1722:34
	strb	r0, [r1, #5]
	.loc	1 1723 36 is_stmt 1             @ ../../libraries/sdk/drives/fsl_flexcan.c:1723:36
	ldr	r1, [sp, #36]
	ldrb	r0, [r1, #4]
	.loc	1 1723 61 is_stmt 0             @ ../../libraries/sdk/drives/fsl_flexcan.c:1723:61
	subs	r0, #1
	.loc	1 1723 34                       @ ../../libraries/sdk/drives/fsl_flexcan.c:1723:34
	strb	r0, [r1, #3]
	b	.LBB21_29
.Ltmp194:
.LBB21_29:
	.loc	1 0 34                          @ ../../libraries/sdk/drives/fsl_flexcan.c:0:34
	b	.LBB21_30
.LBB21_30:
	.loc	1 1728 10 is_stmt 1             @ ../../libraries/sdk/drives/fsl_flexcan.c:1728:10
	ldr	r1, [sp, #36]
	.loc	1 1728 25 is_stmt 0             @ ../../libraries/sdk/drives/fsl_flexcan.c:1728:25
	ldrb	r0, [r1, #3]
	.loc	1 1728 52                       @ ../../libraries/sdk/drives/fsl_flexcan.c:1728:52
	ldrb	r1, [r1, #4]
	.loc	1 1728 9                        @ ../../libraries/sdk/drives/fsl_flexcan.c:1728:9
	cmp	r0, r1
	ble	.LBB21_32
	b	.LBB21_31
.LBB21_31:
	.loc	1 1728 65                       @ ../../libraries/sdk/drives/fsl_flexcan.c:1728:65
	ldr	r0, [sp, #36]
	.loc	1 1728 80                       @ ../../libraries/sdk/drives/fsl_flexcan.c:1728:80
	ldrb	r0, [r0, #4]
	.loc	1 1728 9                        @ ../../libraries/sdk/drives/fsl_flexcan.c:1728:9
	str	r0, [sp]                        @ 4-byte Spill
	b	.LBB21_33
.LBB21_32:
	.loc	1 1728 92                       @ ../../libraries/sdk/drives/fsl_flexcan.c:1728:92
	ldr	r0, [sp, #36]
	.loc	1 1728 107                      @ ../../libraries/sdk/drives/fsl_flexcan.c:1728:107
	ldrb	r0, [r0, #3]
	.loc	1 1728 9                        @ ../../libraries/sdk/drives/fsl_flexcan.c:1728:9
	str	r0, [sp]                        @ 4-byte Spill
	b	.LBB21_33
.LBB21_33:
	ldr	r0, [sp]                        @ 4-byte Reload
	.loc	1 1727 5 is_stmt 1              @ ../../libraries/sdk/drives/fsl_flexcan.c:1727:5
	ldr	r1, [sp, #36]
	.loc	1 1727 31 is_stmt 0             @ ../../libraries/sdk/drives/fsl_flexcan.c:1727:31
	strb	r0, [r1, #2]
.Ltmp195:
	.loc	1 1729 9 is_stmt 1              @ ../../libraries/sdk/drives/fsl_flexcan.c:1729:9
	ldr	r0, [sp, #36]
	.loc	1 1729 24 is_stmt 0             @ ../../libraries/sdk/drives/fsl_flexcan.c:1729:24
	ldrb	r0, [r0, #2]
	.loc	1 1729 37                       @ ../../libraries/sdk/drives/fsl_flexcan.c:1729:37
	ldr	r1, [sp, #16]
.Ltmp196:
	.loc	1 1729 9                        @ ../../libraries/sdk/drives/fsl_flexcan.c:1729:9
	cmp	r0, r1
	bls	.LBB21_35
	b	.LBB21_34
.LBB21_34:
.Ltmp197:
	.loc	1 1731 46 is_stmt 1             @ ../../libraries/sdk/drives/fsl_flexcan.c:1731:46
	ldr	r0, [sp, #16]
	.loc	1 1731 9 is_stmt 0              @ ../../libraries/sdk/drives/fsl_flexcan.c:1731:9
	ldr	r1, [sp, #36]
	.loc	1 1731 35                       @ ../../libraries/sdk/drives/fsl_flexcan.c:1731:35
	strb	r0, [r1, #2]
	.loc	1 1732 5 is_stmt 1              @ ../../libraries/sdk/drives/fsl_flexcan.c:1732:5
	b	.LBB21_35
.Ltmp198:
.LBB21_35:
	.loc	1 1734 5                        @ ../../libraries/sdk/drives/fsl_flexcan.c:1734:5
	ldr	r1, [sp, #36]
	.loc	1 1734 30 is_stmt 0             @ ../../libraries/sdk/drives/fsl_flexcan.c:1734:30
	ldrb	r0, [r1, #3]
	subs	r0, #1
	strb	r0, [r1, #3]
	.loc	1 1735 5 is_stmt 1              @ ../../libraries/sdk/drives/fsl_flexcan.c:1735:5
	ldr	r1, [sp, #36]
	.loc	1 1735 30 is_stmt 0             @ ../../libraries/sdk/drives/fsl_flexcan.c:1735:30
	ldrb	r0, [r1, #4]
	subs	r0, #1
	strb	r0, [r1, #4]
	.loc	1 1736 5 is_stmt 1              @ ../../libraries/sdk/drives/fsl_flexcan.c:1736:5
	ldr	r1, [sp, #36]
	.loc	1 1736 28 is_stmt 0             @ ../../libraries/sdk/drives/fsl_flexcan.c:1736:28
	ldrb	r0, [r1, #5]
	subs	r0, #1
	strb	r0, [r1, #5]
	.loc	1 1737 5 is_stmt 1              @ ../../libraries/sdk/drives/fsl_flexcan.c:1737:5
	ldr	r1, [sp, #36]
	.loc	1 1737 31 is_stmt 0             @ ../../libraries/sdk/drives/fsl_flexcan.c:1737:31
	ldrb	r0, [r1, #2]
	subs	r0, #1
	strb	r0, [r1, #2]
	.loc	1 1738 1 is_stmt 1              @ ../../libraries/sdk/drives/fsl_flexcan.c:1738:1
	add	sp, #52
	bx	lr
.Ltmp199:
.Lfunc_end21:
	.size	FLEXCAN_GetSegments, .Lfunc_end21-FLEXCAN_GetSegments
	.cfi_endproc
	.cantunwind
	.fnend
                                        @ -- End function
	.section	.text.FLEXCAN_FDCalculateImprovedTimingValues,"ax",%progbits
	.hidden	FLEXCAN_FDCalculateImprovedTimingValues @ -- Begin function FLEXCAN_FDCalculateImprovedTimingValues
	.globl	FLEXCAN_FDCalculateImprovedTimingValues
	.p2align	3
	.type	FLEXCAN_FDCalculateImprovedTimingValues,%function
	.code	16                              @ @FLEXCAN_FDCalculateImprovedTimingValues
	.thumb_func
FLEXCAN_FDCalculateImprovedTimingValues:
.Lfunc_begin22:
	.loc	1 2126 0                        @ ../../libraries/sdk/drives/fsl_flexcan.c:2126:0
	.fnstart
	.cfi_startproc
@ %bb.0:
	.save	{r7, lr}
	push	{r7, lr}
	.cfi_def_cfa_offset 8
	.cfi_offset lr, -4
	.cfi_offset r7, -8
	.pad	#40
	sub	sp, #40
	.cfi_def_cfa_offset 48
	ldr.w	r12, [sp, #48]
	str	r0, [sp, #36]
	str	r1, [sp, #32]
	str	r2, [sp, #28]
	str	r3, [sp, #24]
.Ltmp200:
	.loc	1 2128 5 prologue_end           @ ../../libraries/sdk/drives/fsl_flexcan.c:2128:5
	ldr	r0, [sp, #32]
	movw	r1, #4608
	movt	r1, #122
	cmp	r0, r1
	bhi	.LBB22_2
	b	.LBB22_1
.LBB22_1:
	b	.LBB22_3
.LBB22_2:
	movw	r0, :lower16:.L.str.12
	movt	r0, :upper16:.L.str.12
	movw	r1, :lower16:.L.str.1
	movt	r1, :upper16:.L.str.1
	mov.w	r2, #2128
	bl	__aeabi_assert
.LBB22_3:
	.loc	1 2129 5                        @ ../../libraries/sdk/drives/fsl_flexcan.c:2129:5
	ldr	r0, [sp, #28]
	movw	r1, #4608
	movt	r1, #122
	cmp	r0, r1
	bhi	.LBB22_5
	b	.LBB22_4
.LBB22_4:
	b	.LBB22_6
.LBB22_5:
	movw	r0, :lower16:.L.str.13
	movt	r0, :upper16:.L.str.13
	movw	r1, :lower16:.L.str.1
	movt	r1, :upper16:.L.str.1
	movw	r2, #2129
	bl	__aeabi_assert
.LBB22_6:
	ldr	r1, [sp, #28]
	.loc	1 2131 5                        @ ../../libraries/sdk/drives/fsl_flexcan.c:2131:5
	ldr	r0, [sp, #32]
	cmp	r0, r1
	bhi	.LBB22_8
	b	.LBB22_7
.LBB22_7:
	b	.LBB22_9
.LBB22_8:
	movw	r0, :lower16:.L.str.14
	movt	r0, :upper16:.L.str.14
	movw	r1, :lower16:.L.str.1
	movt	r1, :upper16:.L.str.1
	movw	r2, #2131
	bl	__aeabi_assert
.LBB22_9:
	.loc	1 0 5 is_stmt 0                 @ ../../libraries/sdk/drives/fsl_flexcan.c:0:5
	movs	r0, #0
	.loc	1 2135 10 is_stmt 1             @ ../../libraries/sdk/drives/fsl_flexcan.c:2135:10
	strb.w	r0, [sp, #7]
	movs	r0, #48
	.loc	1 2143 12                       @ ../../libraries/sdk/drives/fsl_flexcan.c:2143:12
	str	r0, [sp, #8]
	movs	r0, #5
	.loc	1 2144 11                       @ ../../libraries/sdk/drives/fsl_flexcan.c:2144:11
	str	r0, [sp, #16]
	movw	r0, #1023
	.loc	1 2145 13                       @ ../../libraries/sdk/drives/fsl_flexcan.c:2145:13
	str	r0, [sp, #12]
.Ltmp201:
	.loc	1 2148 9                        @ ../../libraries/sdk/drives/fsl_flexcan.c:2148:9
	ldr	r0, [sp, #32]
	.loc	1 2148 20 is_stmt 0             @ ../../libraries/sdk/drives/fsl_flexcan.c:2148:20
	ldr	r1, [sp, #28]
.Ltmp202:
	.loc	1 2148 9                        @ ../../libraries/sdk/drives/fsl_flexcan.c:2148:9
	cmp	r0, r1
	beq	.LBB22_24
	b	.LBB22_10
.LBB22_10:
.Ltmp203:
	.loc	1 2152 9 is_stmt 1              @ ../../libraries/sdk/drives/fsl_flexcan.c:2152:9
	b	.LBB22_11
.LBB22_11:                              @ =>This Inner Loop Header: Depth=1
.Ltmp204:
	.loc	1 2154 19                       @ ../../libraries/sdk/drives/fsl_flexcan.c:2154:19
	ldr	r0, [sp, #28]
	.loc	1 2154 31 is_stmt 0             @ ../../libraries/sdk/drives/fsl_flexcan.c:2154:31
	ldr	r1, [sp, #8]
	.loc	1 2154 29                       @ ../../libraries/sdk/drives/fsl_flexcan.c:2154:29
	muls	r0, r1, r0
	.loc	1 2154 17                       @ ../../libraries/sdk/drives/fsl_flexcan.c:2154:17
	str	r0, [sp, #20]
.Ltmp205:
	.loc	1 2155 17 is_stmt 1             @ ../../libraries/sdk/drives/fsl_flexcan.c:2155:17
	ldr	r0, [sp, #20]
	.loc	1 2155 23 is_stmt 0             @ ../../libraries/sdk/drives/fsl_flexcan.c:2155:23
	ldr	r1, [sp, #24]
.Ltmp206:
	.loc	1 2155 17                       @ ../../libraries/sdk/drives/fsl_flexcan.c:2155:17
	cmp	r0, r1
	bls	.LBB22_13
	b	.LBB22_12
.LBB22_12:                              @   in Loop: Header=BB22_11 Depth=1
.Ltmp207:
	.loc	1 2157 17 is_stmt 1             @ ../../libraries/sdk/drives/fsl_flexcan.c:2157:17
	b	.LBB22_22
.Ltmp208:
.LBB22_13:                              @   in Loop: Header=BB22_11 Depth=1
	.loc	1 2160 18                       @ ../../libraries/sdk/drives/fsl_flexcan.c:2160:18
	ldr	r1, [sp, #24]
	.loc	1 2160 35 is_stmt 0             @ ../../libraries/sdk/drives/fsl_flexcan.c:2160:35
	ldr	r2, [sp, #20]
	.loc	1 2160 33                       @ ../../libraries/sdk/drives/fsl_flexcan.c:2160:33
	udiv	r0, r1, r2
	.loc	1 2160 39                       @ ../../libraries/sdk/drives/fsl_flexcan.c:2160:39
	muls	r0, r2, r0
.Ltmp209:
	.loc	1 2160 17                       @ ../../libraries/sdk/drives/fsl_flexcan.c:2160:17
	cmp	r0, r1
	beq	.LBB22_15
	b	.LBB22_14
.LBB22_14:                              @   in Loop: Header=BB22_11 Depth=1
.Ltmp210:
	.loc	1 2162 17 is_stmt 1             @ ../../libraries/sdk/drives/fsl_flexcan.c:2162:17
	b	.LBB22_22
.Ltmp211:
.LBB22_15:                              @   in Loop: Header=BB22_11 Depth=1
	.loc	1 2165 53                       @ ../../libraries/sdk/drives/fsl_flexcan.c:2165:53
	ldr	r0, [sp, #24]
	.loc	1 2165 70 is_stmt 0             @ ../../libraries/sdk/drives/fsl_flexcan.c:2165:70
	ldr	r1, [sp, #20]
	.loc	1 2165 68                       @ ../../libraries/sdk/drives/fsl_flexcan.c:2165:68
	udiv	r0, r0, r1
	.loc	1 2165 75                       @ ../../libraries/sdk/drives/fsl_flexcan.c:2165:75
	subs	r0, #1
	.loc	1 2165 13                       @ ../../libraries/sdk/drives/fsl_flexcan.c:2165:13
	ldr	r1, [sp, #48]
	.loc	1 2165 40                       @ ../../libraries/sdk/drives/fsl_flexcan.c:2165:40
	strh	r0, [r1, #6]
.Ltmp212:
	.loc	1 2167 17 is_stmt 1             @ ../../libraries/sdk/drives/fsl_flexcan.c:2167:17
	ldr	r0, [sp, #48]
	.loc	1 2167 32 is_stmt 0             @ ../../libraries/sdk/drives/fsl_flexcan.c:2167:32
	ldrh	r0, [r0, #6]
	.loc	1 2167 46                       @ ../../libraries/sdk/drives/fsl_flexcan.c:2167:46
	ldr	r1, [sp, #12]
.Ltmp213:
	.loc	1 2167 17                       @ ../../libraries/sdk/drives/fsl_flexcan.c:2167:17
	cmp	r0, r1
	bls	.LBB22_17
	b	.LBB22_16
.LBB22_16:
.Ltmp214:
	.loc	1 2169 17 is_stmt 1             @ ../../libraries/sdk/drives/fsl_flexcan.c:2169:17
	b	.LBB22_23
.Ltmp215:
.LBB22_17:                              @   in Loop: Header=BB22_11 Depth=1
	.loc	1 2174 35                       @ ../../libraries/sdk/drives/fsl_flexcan.c:2174:35
	ldr	r0, [sp, #28]
	.loc	1 2174 46 is_stmt 0             @ ../../libraries/sdk/drives/fsl_flexcan.c:2174:46
	ldr	r1, [sp, #8]
	.loc	1 2174 54                       @ ../../libraries/sdk/drives/fsl_flexcan.c:2174:54
	ldr	r2, [sp, #48]
	.loc	1 2174 13                       @ ../../libraries/sdk/drives/fsl_flexcan.c:2174:13
	bl	FLEXCAN_FDGetSegments
.Ltmp216:
	.loc	1 2177 21 is_stmt 1             @ ../../libraries/sdk/drives/fsl_flexcan.c:2177:21
	ldr	r0, [sp, #32]
	.loc	1 2177 30 is_stmt 0             @ ../../libraries/sdk/drives/fsl_flexcan.c:2177:30
	ldr	r1, [sp, #24]
	.loc	1 2177 58                       @ ../../libraries/sdk/drives/fsl_flexcan.c:2177:58
	ldr	r2, [sp, #48]
	.loc	1 2177 73                       @ ../../libraries/sdk/drives/fsl_flexcan.c:2177:73
	ldrh	r3, [r2, #6]
	.loc	1 2177 85                       @ ../../libraries/sdk/drives/fsl_flexcan.c:2177:85
	adds	r3, #1
	.loc	1 2177 45                       @ ../../libraries/sdk/drives/fsl_flexcan.c:2177:45
	udiv	r1, r1, r3
	.loc	1 2176 17 is_stmt 1             @ ../../libraries/sdk/drives/fsl_flexcan.c:2176:17
	bl	FLEXCAN_CalculateImprovedNominalTimingValues
.Ltmp217:
	.loc	1 2176 17 is_stmt 0             @ ../../libraries/sdk/drives/fsl_flexcan.c:2176:17
	cbz	r0, .LBB22_21
	b	.LBB22_18
.LBB22_18:                              @   in Loop: Header=BB22_11 Depth=1
	.loc	1 0 17                          @ ../../libraries/sdk/drives/fsl_flexcan.c:0:17
	movs	r0, #1
.Ltmp218:
	.loc	1 2179 23 is_stmt 1             @ ../../libraries/sdk/drives/fsl_flexcan.c:2179:23
	strb.w	r0, [sp, #7]
.Ltmp219:
	.loc	1 2180 21                       @ ../../libraries/sdk/drives/fsl_flexcan.c:2180:21
	ldr	r0, [sp, #48]
	.loc	1 2180 36 is_stmt 0             @ ../../libraries/sdk/drives/fsl_flexcan.c:2180:36
	ldrh	r0, [r0]
.Ltmp220:
	.loc	1 2180 21                       @ ../../libraries/sdk/drives/fsl_flexcan.c:2180:21
	cbnz	r0, .LBB22_20
	b	.LBB22_19
.LBB22_19:
.Ltmp221:
	.loc	1 2182 49 is_stmt 1             @ ../../libraries/sdk/drives/fsl_flexcan.c:2182:49
	ldr	r1, [sp, #48]
	.loc	1 2182 64 is_stmt 0             @ ../../libraries/sdk/drives/fsl_flexcan.c:2182:64
	ldrh	r0, [r1, #6]
	.loc	1 2182 47                       @ ../../libraries/sdk/drives/fsl_flexcan.c:2182:47
	strh	r0, [r1]
	.loc	1 2183 21 is_stmt 1             @ ../../libraries/sdk/drives/fsl_flexcan.c:2183:21
	b	.LBB22_23
.Ltmp222:
.LBB22_20:                              @   in Loop: Header=BB22_11 Depth=1
	.loc	1 2188 26                       @ ../../libraries/sdk/drives/fsl_flexcan.c:2188:26
	ldr	r1, [sp, #48]
	ldrh	r0, [r1]
	.loc	1 2188 52 is_stmt 0             @ ../../libraries/sdk/drives/fsl_flexcan.c:2188:52
	adds	r0, #1
	.loc	1 2188 61                       @ ../../libraries/sdk/drives/fsl_flexcan.c:2188:61
	ldrh	r2, [r1, #6]
	.loc	1 2188 88                       @ ../../libraries/sdk/drives/fsl_flexcan.c:2188:88
	adds	r2, #1
	.loc	1 2188 58                       @ ../../libraries/sdk/drives/fsl_flexcan.c:2188:58
	muls	r0, r2, r0
	.loc	1 2188 94                       @ ../../libraries/sdk/drives/fsl_flexcan.c:2188:94
	subs	r0, #1
	.loc	1 2187 47 is_stmt 1             @ ../../libraries/sdk/drives/fsl_flexcan.c:2187:47
	strh	r0, [r1]
	.loc	1 2189 21                       @ ../../libraries/sdk/drives/fsl_flexcan.c:2189:21
	b	.LBB22_22
.Ltmp223:
.LBB22_21:                              @   in Loop: Header=BB22_11 Depth=1
	.loc	1 2192 9                        @ ../../libraries/sdk/drives/fsl_flexcan.c:2192:9
	b	.LBB22_22
.Ltmp224:
.LBB22_22:                              @   in Loop: Header=BB22_11 Depth=1
	.loc	1 2192 18 is_stmt 0             @ ../../libraries/sdk/drives/fsl_flexcan.c:2192:18
	ldr	r0, [sp, #8]
	subs	r0, #1
	str	r0, [sp, #8]
	.loc	1 2192 30                       @ ../../libraries/sdk/drives/fsl_flexcan.c:2192:30
	ldr	r1, [sp, #16]
.Ltmp225:
	.loc	1 2192 9                        @ ../../libraries/sdk/drives/fsl_flexcan.c:2192:9
	cmp	r0, r1
	bhs	.LBB22_11
	b	.LBB22_23
.Ltmp226:
.LBB22_23:
	.loc	1 2193 5 is_stmt 1              @ ../../libraries/sdk/drives/fsl_flexcan.c:2193:5
	b	.LBB22_27
.Ltmp227:
.LBB22_24:
	.loc	1 2196 58                       @ ../../libraries/sdk/drives/fsl_flexcan.c:2196:58
	ldr	r0, [sp, #32]
	.loc	1 2196 67 is_stmt 0             @ ../../libraries/sdk/drives/fsl_flexcan.c:2196:67
	ldr	r1, [sp, #24]
	.loc	1 2196 83                       @ ../../libraries/sdk/drives/fsl_flexcan.c:2196:83
	ldr	r2, [sp, #48]
	.loc	1 2196 13                       @ ../../libraries/sdk/drives/fsl_flexcan.c:2196:13
	bl	FLEXCAN_CalculateImprovedNominalTimingValues
.Ltmp228:
	.loc	1 2196 13                       @ ../../libraries/sdk/drives/fsl_flexcan.c:2196:13
	cbz	r0, .LBB22_26
	b	.LBB22_25
.LBB22_25:
.Ltmp229:
	.loc	1 2200 13 is_stmt 1             @ ../../libraries/sdk/drives/fsl_flexcan.c:2200:13
	ldr	r1, [sp, #48]
	movs	r0, #0
	.loc	1 2200 40 is_stmt 0             @ ../../libraries/sdk/drives/fsl_flexcan.c:2200:40
	strh	r0, [r1, #6]
	.loc	1 2201 13 is_stmt 1             @ ../../libraries/sdk/drives/fsl_flexcan.c:2201:13
	ldr	r1, [sp, #48]
	.loc	1 2201 40 is_stmt 0             @ ../../libraries/sdk/drives/fsl_flexcan.c:2201:40
	strb	r0, [r1, #8]
	.loc	1 2202 13 is_stmt 1             @ ../../libraries/sdk/drives/fsl_flexcan.c:2202:13
	ldr	r1, [sp, #48]
	.loc	1 2202 40 is_stmt 0             @ ../../libraries/sdk/drives/fsl_flexcan.c:2202:40
	strb	r0, [r1, #9]
	.loc	1 2203 13 is_stmt 1             @ ../../libraries/sdk/drives/fsl_flexcan.c:2203:13
	ldr	r1, [sp, #48]
	.loc	1 2203 40 is_stmt 0             @ ../../libraries/sdk/drives/fsl_flexcan.c:2203:40
	strb	r0, [r1, #10]
	.loc	1 2204 13 is_stmt 1             @ ../../libraries/sdk/drives/fsl_flexcan.c:2204:13
	ldr	r1, [sp, #48]
	.loc	1 2204 40 is_stmt 0             @ ../../libraries/sdk/drives/fsl_flexcan.c:2204:40
	strb	r0, [r1, #11]
	movs	r0, #1
	.loc	1 2205 40 is_stmt 1             @ ../../libraries/sdk/drives/fsl_flexcan.c:2205:40
	strb.w	r0, [sp, #7]
	.loc	1 2206 9                        @ ../../libraries/sdk/drives/fsl_flexcan.c:2206:9
	b	.LBB22_26
.Ltmp230:
.LBB22_26:
	.loc	1 0 9 is_stmt 0                 @ ../../libraries/sdk/drives/fsl_flexcan.c:0:9
	b	.LBB22_27
.LBB22_27:
	.loc	1 2208 5 is_stmt 1              @ ../../libraries/sdk/drives/fsl_flexcan.c:2208:5
	ldrb.w	r0, [sp, #7]
	and	r0, r0, #1
	add	sp, #40
	pop	{r7, pc}
.Ltmp231:
.Lfunc_end22:
	.size	FLEXCAN_FDCalculateImprovedTimingValues, .Lfunc_end22-FLEXCAN_FDCalculateImprovedTimingValues
	.cfi_endproc
	.cantunwind
	.fnend
                                        @ -- End function
	.section	.text.FLEXCAN_FDGetSegments,"ax",%progbits
	.p2align	3                               @ -- Begin function FLEXCAN_FDGetSegments
	.type	FLEXCAN_FDGetSegments,%function
	.code	16                              @ @FLEXCAN_FDGetSegments
	.thumb_func
FLEXCAN_FDGetSegments:
.Lfunc_begin23:
	.loc	1 1887 0                        @ ../../libraries/sdk/drives/fsl_flexcan.c:1887:0
	.fnstart
	.cfi_startproc
@ %bb.0:
	.pad	#40
	sub	sp, #40
	.cfi_def_cfa_offset 40
	str	r0, [sp, #36]
	str	r1, [sp, #32]
	str	r2, [sp, #28]
	movs	r0, #8
.Ltmp232:
	.loc	1 1899 13 prologue_end          @ ../../libraries/sdk/drives/fsl_flexcan.c:1899:13
	str	r0, [sp, #20]
	movs	r1, #31
	.loc	1 1900 15                       @ ../../libraries/sdk/drives/fsl_flexcan.c:1900:15
	str	r1, [sp, #16]
	.loc	1 1901 13                       @ ../../libraries/sdk/drives/fsl_flexcan.c:1901:13
	str	r0, [sp, #12]
	.loc	1 1902 12                       @ ../../libraries/sdk/drives/fsl_flexcan.c:1902:12
	str	r0, [sp, #8]
.Ltmp233:
	.loc	1 1906 9                        @ ../../libraries/sdk/drives/fsl_flexcan.c:1906:9
	ldr	r0, [sp, #36]
	movw	r1, #16960
	movt	r1, #15
.Ltmp234:
	.loc	1 1906 9 is_stmt 0              @ ../../libraries/sdk/drives/fsl_flexcan.c:1906:9
	cmp	r0, r1
	bhi	.LBB23_2
	b	.LBB23_1
.LBB23_1:
	.loc	1 0 9                           @ ../../libraries/sdk/drives/fsl_flexcan.c:0:9
	mov.w	r0, #800
.Ltmp235:
	.loc	1 1908 18 is_stmt 1             @ ../../libraries/sdk/drives/fsl_flexcan.c:1908:18
	str	r0, [sp, #24]
	.loc	1 1909 5                        @ ../../libraries/sdk/drives/fsl_flexcan.c:1909:5
	b	.LBB23_9
.Ltmp236:
.LBB23_2:
	.loc	1 1910 14                       @ ../../libraries/sdk/drives/fsl_flexcan.c:1910:14
	ldr	r0, [sp, #36]
	movw	r1, #33920
	movt	r1, #30
.Ltmp237:
	.loc	1 1910 14 is_stmt 0             @ ../../libraries/sdk/drives/fsl_flexcan.c:1910:14
	cmp	r0, r1
	bhi	.LBB23_4
	b	.LBB23_3
.LBB23_3:
	.loc	1 0 14                          @ ../../libraries/sdk/drives/fsl_flexcan.c:0:14
	movw	r0, #750
.Ltmp238:
	.loc	1 1912 18 is_stmt 1             @ ../../libraries/sdk/drives/fsl_flexcan.c:1912:18
	str	r0, [sp, #24]
	.loc	1 1913 5                        @ ../../libraries/sdk/drives/fsl_flexcan.c:1913:5
	b	.LBB23_8
.Ltmp239:
.LBB23_4:
	.loc	1 1914 14                       @ ../../libraries/sdk/drives/fsl_flexcan.c:1914:14
	ldr	r0, [sp, #36]
	movw	r1, #2304
	movt	r1, #61
.Ltmp240:
	.loc	1 1914 14 is_stmt 0             @ ../../libraries/sdk/drives/fsl_flexcan.c:1914:14
	cmp	r0, r1
	bhi	.LBB23_6
	b	.LBB23_5
.LBB23_5:
	.loc	1 0 14                          @ ../../libraries/sdk/drives/fsl_flexcan.c:0:14
	mov.w	r0, #700
.Ltmp241:
	.loc	1 1916 18 is_stmt 1             @ ../../libraries/sdk/drives/fsl_flexcan.c:1916:18
	str	r0, [sp, #24]
	.loc	1 1917 5                        @ ../../libraries/sdk/drives/fsl_flexcan.c:1917:5
	b	.LBB23_7
.Ltmp242:
.LBB23_6:
	.loc	1 0 5 is_stmt 0                 @ ../../libraries/sdk/drives/fsl_flexcan.c:0:5
	movw	r0, #625
.Ltmp243:
	.loc	1 1920 18 is_stmt 1             @ ../../libraries/sdk/drives/fsl_flexcan.c:1920:18
	str	r0, [sp, #24]
	b	.LBB23_7
.Ltmp244:
.LBB23_7:
	.loc	1 0 18 is_stmt 0                @ ../../libraries/sdk/drives/fsl_flexcan.c:0:18
	b	.LBB23_8
.LBB23_8:
	b	.LBB23_9
.LBB23_9:
	.loc	1 1924 43 is_stmt 1             @ ../../libraries/sdk/drives/fsl_flexcan.c:1924:43
	ldr	r0, [sp, #32]
	.loc	1 1924 60 is_stmt 0             @ ../../libraries/sdk/drives/fsl_flexcan.c:1924:60
	ldr	r1, [sp, #24]
	.loc	1 1924 58                       @ ../../libraries/sdk/drives/fsl_flexcan.c:1924:58
	muls	r1, r0, r1
	movw	r2, #19923
	movt	r2, #4194
	.loc	1 1924 70                       @ ../../libraries/sdk/drives/fsl_flexcan.c:1924:70
	umull	r2, r1, r1, r2
	.loc	1 1924 49                       @ ../../libraries/sdk/drives/fsl_flexcan.c:1924:49
	sub.w	r0, r0, r1, lsr #6
	.loc	1 1924 5                        @ ../../libraries/sdk/drives/fsl_flexcan.c:1924:5
	ldr	r1, [sp, #28]
	.loc	1 1924 31                       @ ../../libraries/sdk/drives/fsl_flexcan.c:1924:31
	strb	r0, [r1, #10]
.Ltmp245:
	.loc	1 1925 9 is_stmt 1              @ ../../libraries/sdk/drives/fsl_flexcan.c:1925:9
	ldr	r0, [sp, #28]
	.loc	1 1925 24 is_stmt 0             @ ../../libraries/sdk/drives/fsl_flexcan.c:1925:24
	ldrb	r0, [r0, #10]
.Ltmp246:
	.loc	1 1925 9                        @ ../../libraries/sdk/drives/fsl_flexcan.c:1925:9
	cmp	r0, #1
	bhi	.LBB23_11
	b	.LBB23_10
.LBB23_10:
.Ltmp247:
	.loc	1 1927 9 is_stmt 1              @ ../../libraries/sdk/drives/fsl_flexcan.c:1927:9
	ldr	r1, [sp, #28]
	movs	r0, #2
	.loc	1 1927 35 is_stmt 0             @ ../../libraries/sdk/drives/fsl_flexcan.c:1927:35
	strb	r0, [r1, #10]
	.loc	1 1928 5 is_stmt 1              @ ../../libraries/sdk/drives/fsl_flexcan.c:1928:5
	b	.LBB23_15
.Ltmp248:
.LBB23_11:
	.loc	1 1929 14                       @ ../../libraries/sdk/drives/fsl_flexcan.c:1929:14
	ldr	r0, [sp, #28]
	.loc	1 1929 29 is_stmt 0             @ ../../libraries/sdk/drives/fsl_flexcan.c:1929:29
	ldrb	r0, [r0, #10]
	.loc	1 1929 42                       @ ../../libraries/sdk/drives/fsl_flexcan.c:1929:42
	ldr	r1, [sp, #12]
.Ltmp249:
	.loc	1 1929 14                       @ ../../libraries/sdk/drives/fsl_flexcan.c:1929:14
	cmp	r0, r1
	bls	.LBB23_13
	b	.LBB23_12
.LBB23_12:
.Ltmp250:
	.loc	1 1931 46 is_stmt 1             @ ../../libraries/sdk/drives/fsl_flexcan.c:1931:46
	ldr	r0, [sp, #12]
	.loc	1 1931 9 is_stmt 0              @ ../../libraries/sdk/drives/fsl_flexcan.c:1931:9
	ldr	r1, [sp, #28]
	.loc	1 1931 35                       @ ../../libraries/sdk/drives/fsl_flexcan.c:1931:35
	strb	r0, [r1, #10]
	.loc	1 1932 5 is_stmt 1              @ ../../libraries/sdk/drives/fsl_flexcan.c:1932:5
	b	.LBB23_14
.Ltmp251:
.LBB23_13:
	.loc	1 0 5 is_stmt 0                 @ ../../libraries/sdk/drives/fsl_flexcan.c:0:5
	b	.LBB23_14
.LBB23_14:
	b	.LBB23_15
.LBB23_15:
.Ltmp252:
	.loc	1 1939 10 is_stmt 1             @ ../../libraries/sdk/drives/fsl_flexcan.c:1939:10
	ldr	r1, [sp, #32]
	.loc	1 1939 18 is_stmt 0             @ ../../libraries/sdk/drives/fsl_flexcan.c:1939:18
	ldr	r0, [sp, #28]
	.loc	1 1939 33                       @ ../../libraries/sdk/drives/fsl_flexcan.c:1939:33
	ldrb	r0, [r0, #10]
	.loc	1 1939 44                       @ ../../libraries/sdk/drives/fsl_flexcan.c:1939:44
	mvns	r0, r0
	add	r0, r1
	.loc	1 1939 53                       @ ../../libraries/sdk/drives/fsl_flexcan.c:1939:53
	ldr	r1, [sp, #20]
	.loc	1 1939 63                       @ ../../libraries/sdk/drives/fsl_flexcan.c:1939:63
	ldr	r2, [sp, #16]
	.loc	1 1939 61                       @ ../../libraries/sdk/drives/fsl_flexcan.c:1939:61
	add	r1, r2
.Ltmp253:
	.loc	1 1939 9                        @ ../../libraries/sdk/drives/fsl_flexcan.c:1939:9
	cmp	r0, r1
	bls	.LBB23_17
	b	.LBB23_16
.LBB23_16:
.Ltmp254:
	.loc	1 1941 37 is_stmt 1             @ ../../libraries/sdk/drives/fsl_flexcan.c:1941:37
	ldr	r0, [sp, #20]
	.loc	1 1941 47 is_stmt 0             @ ../../libraries/sdk/drives/fsl_flexcan.c:1941:47
	ldr	r1, [sp, #16]
	.loc	1 1941 45                       @ ../../libraries/sdk/drives/fsl_flexcan.c:1941:45
	add	r0, r1
	.loc	1 1941 35                       @ ../../libraries/sdk/drives/fsl_flexcan.c:1941:35
	str	r0, [sp, #4]
	.loc	1 1942 47 is_stmt 1             @ ../../libraries/sdk/drives/fsl_flexcan.c:1942:47
	ldr	r1, [sp, #32]
	.loc	1 1942 60 is_stmt 0             @ ../../libraries/sdk/drives/fsl_flexcan.c:1942:60
	ldr	r0, [sp, #4]
	.loc	1 1942 58                       @ ../../libraries/sdk/drives/fsl_flexcan.c:1942:58
	mvns	r0, r0
	add	r0, r1
	.loc	1 1942 9                        @ ../../libraries/sdk/drives/fsl_flexcan.c:1942:9
	ldr	r1, [sp, #28]
	.loc	1 1942 35                       @ ../../libraries/sdk/drives/fsl_flexcan.c:1942:35
	strb	r0, [r1, #10]
	.loc	1 1943 5 is_stmt 1              @ ../../libraries/sdk/drives/fsl_flexcan.c:1943:5
	b	.LBB23_18
.Ltmp255:
.LBB23_17:
	.loc	1 1946 20                       @ ../../libraries/sdk/drives/fsl_flexcan.c:1946:20
	ldr	r1, [sp, #32]
	.loc	1 1946 28 is_stmt 0             @ ../../libraries/sdk/drives/fsl_flexcan.c:1946:28
	ldr	r0, [sp, #28]
	.loc	1 1946 43                       @ ../../libraries/sdk/drives/fsl_flexcan.c:1946:43
	ldrb	r0, [r0, #10]
	.loc	1 1946 54                       @ ../../libraries/sdk/drives/fsl_flexcan.c:1946:54
	mvns	r0, r0
	add	r0, r1
	.loc	1 1946 18                       @ ../../libraries/sdk/drives/fsl_flexcan.c:1946:18
	str	r0, [sp, #4]
	b	.LBB23_18
.Ltmp256:
.LBB23_18:
	.loc	1 1948 9 is_stmt 1              @ ../../libraries/sdk/drives/fsl_flexcan.c:1948:9
	ldr	r0, [sp, #4]
	.loc	1 1948 21 is_stmt 0             @ ../../libraries/sdk/drives/fsl_flexcan.c:1948:21
	ldr	r1, [sp, #28]
	.loc	1 1948 36                       @ ../../libraries/sdk/drives/fsl_flexcan.c:1948:36
	ldrb	r1, [r1, #10]
	.loc	1 1948 49                       @ ../../libraries/sdk/drives/fsl_flexcan.c:1948:49
	ldr	r2, [sp, #16]
	.loc	1 1948 47                       @ ../../libraries/sdk/drives/fsl_flexcan.c:1948:47
	add	r1, r2
.Ltmp257:
	.loc	1 1948 9                        @ ../../libraries/sdk/drives/fsl_flexcan.c:1948:9
	cmp	r0, r1
	bls	.LBB23_20
	b	.LBB23_19
.LBB23_19:
.Ltmp258:
	.loc	1 1950 46 is_stmt 1             @ ../../libraries/sdk/drives/fsl_flexcan.c:1950:46
	ldr	r0, [sp, #16]
	.loc	1 1950 9 is_stmt 0              @ ../../libraries/sdk/drives/fsl_flexcan.c:1950:9
	ldr	r1, [sp, #28]
	.loc	1 1950 35                       @ ../../libraries/sdk/drives/fsl_flexcan.c:1950:35
	strb	r0, [r1, #11]
	.loc	1 1951 47 is_stmt 1             @ ../../libraries/sdk/drives/fsl_flexcan.c:1951:47
	ldr	r0, [sp, #4]
	.loc	1 1951 58 is_stmt 0             @ ../../libraries/sdk/drives/fsl_flexcan.c:1951:58
	ldr	r1, [sp, #16]
	.loc	1 1951 56                       @ ../../libraries/sdk/drives/fsl_flexcan.c:1951:56
	subs	r0, r0, r1
	.loc	1 1951 9                        @ ../../libraries/sdk/drives/fsl_flexcan.c:1951:9
	ldr	r1, [sp, #28]
	.loc	1 1951 35                       @ ../../libraries/sdk/drives/fsl_flexcan.c:1951:35
	strb	r0, [r1, #9]
	.loc	1 1952 5 is_stmt 1              @ ../../libraries/sdk/drives/fsl_flexcan.c:1952:5
	b	.LBB23_24
.Ltmp259:
.LBB23_20:
	.loc	1 1953 14                       @ ../../libraries/sdk/drives/fsl_flexcan.c:1953:14
	ldr	r0, [sp, #4]
	.loc	1 1953 25 is_stmt 0             @ ../../libraries/sdk/drives/fsl_flexcan.c:1953:25
	ldr	r1, [sp, #28]
	.loc	1 1953 40                       @ ../../libraries/sdk/drives/fsl_flexcan.c:1953:40
	ldrb	r1, [r1, #10]
.Ltmp260:
	.loc	1 1953 14                       @ ../../libraries/sdk/drives/fsl_flexcan.c:1953:14
	cmp	r0, r1
	bls	.LBB23_22
	b	.LBB23_21
.LBB23_21:
.Ltmp261:
	.loc	1 1955 47 is_stmt 1             @ ../../libraries/sdk/drives/fsl_flexcan.c:1955:47
	ldr	r0, [sp, #4]
	.loc	1 1955 58 is_stmt 0             @ ../../libraries/sdk/drives/fsl_flexcan.c:1955:58
	ldr	r1, [sp, #28]
	ldrb	r2, [r1, #10]
	.loc	1 1955 56                       @ ../../libraries/sdk/drives/fsl_flexcan.c:1955:56
	subs	r0, r0, r2
	.loc	1 1955 35                       @ ../../libraries/sdk/drives/fsl_flexcan.c:1955:35
	strb	r0, [r1, #11]
	.loc	1 1956 37 is_stmt 1             @ ../../libraries/sdk/drives/fsl_flexcan.c:1956:37
	ldr	r1, [sp, #28]
	.loc	1 1956 52 is_stmt 0             @ ../../libraries/sdk/drives/fsl_flexcan.c:1956:52
	ldrb	r0, [r1, #10]
	.loc	1 1956 35                       @ ../../libraries/sdk/drives/fsl_flexcan.c:1956:35
	strb	r0, [r1, #9]
	.loc	1 1957 5 is_stmt 1              @ ../../libraries/sdk/drives/fsl_flexcan.c:1957:5
	b	.LBB23_23
.Ltmp262:
.LBB23_22:
	.loc	1 1960 9                        @ ../../libraries/sdk/drives/fsl_flexcan.c:1960:9
	ldr	r1, [sp, #28]
	movs	r0, #0
	.loc	1 1960 35 is_stmt 0             @ ../../libraries/sdk/drives/fsl_flexcan.c:1960:35
	strb	r0, [r1, #11]
	.loc	1 1961 46 is_stmt 1             @ ../../libraries/sdk/drives/fsl_flexcan.c:1961:46
	ldr	r0, [sp, #4]
	.loc	1 1961 9 is_stmt 0              @ ../../libraries/sdk/drives/fsl_flexcan.c:1961:9
	ldr	r1, [sp, #28]
	.loc	1 1961 35                       @ ../../libraries/sdk/drives/fsl_flexcan.c:1961:35
	strb	r0, [r1, #9]
	b	.LBB23_23
.Ltmp263:
.LBB23_23:
	.loc	1 0 35                          @ ../../libraries/sdk/drives/fsl_flexcan.c:0:35
	b	.LBB23_24
.LBB23_24:
	.loc	1 1966 10 is_stmt 1             @ ../../libraries/sdk/drives/fsl_flexcan.c:1966:10
	ldr	r1, [sp, #28]
	.loc	1 1966 25 is_stmt 0             @ ../../libraries/sdk/drives/fsl_flexcan.c:1966:25
	ldrb	r0, [r1, #9]
	.loc	1 1966 53                       @ ../../libraries/sdk/drives/fsl_flexcan.c:1966:53
	ldrb	r1, [r1, #10]
	.loc	1 1966 9                        @ ../../libraries/sdk/drives/fsl_flexcan.c:1966:9
	cmp	r0, r1
	ble	.LBB23_26
	b	.LBB23_25
.LBB23_25:
	.loc	1 1966 67                       @ ../../libraries/sdk/drives/fsl_flexcan.c:1966:67
	ldr	r0, [sp, #28]
	.loc	1 1966 82                       @ ../../libraries/sdk/drives/fsl_flexcan.c:1966:82
	ldrb	r0, [r0, #10]
	.loc	1 1966 9                        @ ../../libraries/sdk/drives/fsl_flexcan.c:1966:9
	str	r0, [sp]                        @ 4-byte Spill
	b	.LBB23_27
.LBB23_26:
	.loc	1 1966 95                       @ ../../libraries/sdk/drives/fsl_flexcan.c:1966:95
	ldr	r0, [sp, #28]
	.loc	1 1966 110                      @ ../../libraries/sdk/drives/fsl_flexcan.c:1966:110
	ldrb	r0, [r0, #9]
	.loc	1 1966 9                        @ ../../libraries/sdk/drives/fsl_flexcan.c:1966:9
	str	r0, [sp]                        @ 4-byte Spill
	b	.LBB23_27
.LBB23_27:
	ldr	r0, [sp]                        @ 4-byte Reload
	.loc	1 1965 5 is_stmt 1              @ ../../libraries/sdk/drives/fsl_flexcan.c:1965:5
	ldr	r1, [sp, #28]
	.loc	1 1965 32 is_stmt 0             @ ../../libraries/sdk/drives/fsl_flexcan.c:1965:32
	strb	r0, [r1, #8]
.Ltmp264:
	.loc	1 1967 9 is_stmt 1              @ ../../libraries/sdk/drives/fsl_flexcan.c:1967:9
	ldr	r0, [sp, #28]
	.loc	1 1967 24 is_stmt 0             @ ../../libraries/sdk/drives/fsl_flexcan.c:1967:24
	ldrb	r0, [r0, #8]
	.loc	1 1967 38                       @ ../../libraries/sdk/drives/fsl_flexcan.c:1967:38
	ldr	r1, [sp, #8]
.Ltmp265:
	.loc	1 1967 9                        @ ../../libraries/sdk/drives/fsl_flexcan.c:1967:9
	cmp	r0, r1
	bls	.LBB23_29
	b	.LBB23_28
.LBB23_28:
.Ltmp266:
	.loc	1 1969 47 is_stmt 1             @ ../../libraries/sdk/drives/fsl_flexcan.c:1969:47
	ldr	r0, [sp, #8]
	.loc	1 1969 9 is_stmt 0              @ ../../libraries/sdk/drives/fsl_flexcan.c:1969:9
	ldr	r1, [sp, #28]
	.loc	1 1969 36                       @ ../../libraries/sdk/drives/fsl_flexcan.c:1969:36
	strb	r0, [r1, #8]
	.loc	1 1970 5 is_stmt 1              @ ../../libraries/sdk/drives/fsl_flexcan.c:1970:5
	b	.LBB23_29
.Ltmp267:
.LBB23_29:
	.loc	1 1972 5                        @ ../../libraries/sdk/drives/fsl_flexcan.c:1972:5
	ldr	r1, [sp, #28]
	.loc	1 1972 31 is_stmt 0             @ ../../libraries/sdk/drives/fsl_flexcan.c:1972:31
	ldrb	r0, [r1, #9]
	subs	r0, #1
	strb	r0, [r1, #9]
	.loc	1 1973 5 is_stmt 1              @ ../../libraries/sdk/drives/fsl_flexcan.c:1973:5
	ldr	r1, [sp, #28]
	.loc	1 1973 31 is_stmt 0             @ ../../libraries/sdk/drives/fsl_flexcan.c:1973:31
	ldrb	r0, [r1, #10]
	subs	r0, #1
	strb	r0, [r1, #10]
	.loc	1 1974 5 is_stmt 1              @ ../../libraries/sdk/drives/fsl_flexcan.c:1974:5
	ldr	r1, [sp, #28]
	.loc	1 1974 32 is_stmt 0             @ ../../libraries/sdk/drives/fsl_flexcan.c:1974:32
	ldrb	r0, [r1, #8]
	subs	r0, #1
	strb	r0, [r1, #8]
	.loc	1 1975 1 is_stmt 1              @ ../../libraries/sdk/drives/fsl_flexcan.c:1975:1
	add	sp, #40
	bx	lr
.Ltmp268:
.Lfunc_end23:
	.size	FLEXCAN_FDGetSegments, .Lfunc_end23-FLEXCAN_FDGetSegments
	.cfi_endproc
	.cantunwind
	.fnend
                                        @ -- End function
	.section	.text.FLEXCAN_CalculateImprovedNominalTimingValues,"ax",%progbits
	.p2align	3                               @ -- Begin function FLEXCAN_CalculateImprovedNominalTimingValues
	.type	FLEXCAN_CalculateImprovedNominalTimingValues,%function
	.code	16                              @ @FLEXCAN_CalculateImprovedNominalTimingValues
	.thumb_func
FLEXCAN_CalculateImprovedNominalTimingValues:
.Lfunc_begin24:
	.loc	1 1993 0                        @ ../../libraries/sdk/drives/fsl_flexcan.c:1993:0
	.fnstart
	.cfi_startproc
@ %bb.0:
	.pad	#72
	sub	sp, #72
	.cfi_def_cfa_offset 72
	str	r0, [sp, #68]
	str	r1, [sp, #64]
	str	r2, [sp, #60]
.Ltmp269:
	.loc	1 1995 5 prologue_end           @ ../../libraries/sdk/drives/fsl_flexcan.c:1995:5
	ldr	r0, [sp, #68]
	movw	r1, #16960
	movt	r1, #15
	cmp	r0, r1
	bhi	.LBB24_2
	b	.LBB24_1
.LBB24_1:
	b	.LBB24_3
.LBB24_2:
	movw	r0, :lower16:.L.str.11
	movt	r0, :upper16:.L.str.11
	movw	r1, :lower16:.L.str.1
	movt	r1, :upper16:.L.str.1
	movw	r2, #1995
	bl	__aeabi_assert
.LBB24_3:
	.loc	1 0 5 is_stmt 0                 @ ../../libraries/sdk/drives/fsl_flexcan.c:0:5
	mov.w	r0, #1000
	.loc	1 1999 14 is_stmt 1             @ ../../libraries/sdk/drives/fsl_flexcan.c:1999:14
	str	r0, [sp, #20]
	movs	r0, #0
	.loc	1 2000 29                       @ ../../libraries/sdk/drives/fsl_flexcan.c:2000:29
	str	r0, [sp, #16]
	str	r0, [sp, #12]
	str	r0, [sp, #8]
	.loc	1 2001 10                       @ ../../libraries/sdk/drives/fsl_flexcan.c:2001:10
	strb.w	r0, [sp, #7]
	movs	r0, #129
	.loc	1 2014 11                       @ ../../libraries/sdk/drives/fsl_flexcan.c:2014:11
	str	r0, [sp, #52]
	movs	r0, #8
	.loc	1 2015 11                       @ ../../libraries/sdk/drives/fsl_flexcan.c:2015:11
	str	r0, [sp, #48]
	movs	r0, #255
	.loc	1 2016 13                       @ ../../libraries/sdk/drives/fsl_flexcan.c:2016:13
	str	r0, [sp, #44]
	movs	r0, #32
	.loc	1 2017 13                       @ ../../libraries/sdk/drives/fsl_flexcan.c:2017:13
	str	r0, [sp, #40]
	movs	r1, #64
	.loc	1 2018 15                       @ ../../libraries/sdk/drives/fsl_flexcan.c:2018:15
	str	r1, [sp, #36]
	.loc	1 2019 13                       @ ../../libraries/sdk/drives/fsl_flexcan.c:2019:13
	str	r0, [sp, #32]
	.loc	1 2020 12                       @ ../../libraries/sdk/drives/fsl_flexcan.c:2020:12
	str	r0, [sp, #28]
	.loc	1 2023 5                        @ ../../libraries/sdk/drives/fsl_flexcan.c:2023:5
	b	.LBB24_4
.LBB24_4:                               @ =>This Inner Loop Header: Depth=1
.Ltmp270:
	.loc	1 2025 15                       @ ../../libraries/sdk/drives/fsl_flexcan.c:2025:15
	ldr	r0, [sp, #68]
	.loc	1 2025 25 is_stmt 0             @ ../../libraries/sdk/drives/fsl_flexcan.c:2025:25
	ldr	r1, [sp, #52]
	.loc	1 2025 23                       @ ../../libraries/sdk/drives/fsl_flexcan.c:2025:23
	muls	r0, r1, r0
	.loc	1 2025 13                       @ ../../libraries/sdk/drives/fsl_flexcan.c:2025:13
	str	r0, [sp, #56]
.Ltmp271:
	.loc	1 2026 13 is_stmt 1             @ ../../libraries/sdk/drives/fsl_flexcan.c:2026:13
	ldr	r0, [sp, #56]
	.loc	1 2026 19 is_stmt 0             @ ../../libraries/sdk/drives/fsl_flexcan.c:2026:19
	ldr	r1, [sp, #64]
.Ltmp272:
	.loc	1 2026 13                       @ ../../libraries/sdk/drives/fsl_flexcan.c:2026:13
	cmp	r0, r1
	bls	.LBB24_6
	b	.LBB24_5
.LBB24_5:                               @   in Loop: Header=BB24_4 Depth=1
.Ltmp273:
	.loc	1 2028 13 is_stmt 1             @ ../../libraries/sdk/drives/fsl_flexcan.c:2028:13
	b	.LBB24_30
.Ltmp274:
.LBB24_6:                               @   in Loop: Header=BB24_4 Depth=1
	.loc	1 2031 14                       @ ../../libraries/sdk/drives/fsl_flexcan.c:2031:14
	ldr	r1, [sp, #64]
	.loc	1 2031 31 is_stmt 0             @ ../../libraries/sdk/drives/fsl_flexcan.c:2031:31
	ldr	r2, [sp, #56]
	.loc	1 2031 29                       @ ../../libraries/sdk/drives/fsl_flexcan.c:2031:29
	udiv	r0, r1, r2
	.loc	1 2031 35                       @ ../../libraries/sdk/drives/fsl_flexcan.c:2031:35
	muls	r0, r2, r0
.Ltmp275:
	.loc	1 2031 13                       @ ../../libraries/sdk/drives/fsl_flexcan.c:2031:13
	cmp	r0, r1
	beq	.LBB24_8
	b	.LBB24_7
.LBB24_7:                               @   in Loop: Header=BB24_4 Depth=1
.Ltmp276:
	.loc	1 2033 13 is_stmt 1             @ ../../libraries/sdk/drives/fsl_flexcan.c:2033:13
	b	.LBB24_30
.Ltmp277:
.LBB24_8:                               @   in Loop: Header=BB24_4 Depth=1
	.loc	1 2037 44                       @ ../../libraries/sdk/drives/fsl_flexcan.c:2037:44
	ldr	r0, [sp, #64]
	.loc	1 2037 61 is_stmt 0             @ ../../libraries/sdk/drives/fsl_flexcan.c:2037:61
	ldr	r1, [sp, #56]
	.loc	1 2037 59                       @ ../../libraries/sdk/drives/fsl_flexcan.c:2037:59
	udiv	r0, r0, r1
	.loc	1 2037 66                       @ ../../libraries/sdk/drives/fsl_flexcan.c:2037:66
	subs	r0, #1
	.loc	1 2037 31                       @ ../../libraries/sdk/drives/fsl_flexcan.c:2037:31
	strh.w	r0, [sp, #8]
.Ltmp278:
	.loc	1 2038 24 is_stmt 1             @ ../../libraries/sdk/drives/fsl_flexcan.c:2038:24
	ldrh.w	r0, [sp, #8]
	.loc	1 2038 37 is_stmt 0             @ ../../libraries/sdk/drives/fsl_flexcan.c:2038:37
	ldr	r1, [sp, #44]
.Ltmp279:
	.loc	1 2038 13                       @ ../../libraries/sdk/drives/fsl_flexcan.c:2038:13
	cmp	r0, r1
	bls	.LBB24_10
	b	.LBB24_9
.LBB24_9:
.Ltmp280:
	.loc	1 2040 13 is_stmt 1             @ ../../libraries/sdk/drives/fsl_flexcan.c:2040:13
	b	.LBB24_31
.Ltmp281:
.LBB24_10:                              @   in Loop: Header=BB24_4 Depth=1
	.loc	1 2045 42                       @ ../../libraries/sdk/drives/fsl_flexcan.c:2045:42
	ldr	r0, [sp, #52]
	mov.w	r1, #800
	.loc	1 2045 57 is_stmt 0             @ ../../libraries/sdk/drives/fsl_flexcan.c:2045:57
	muls	r1, r0, r1
	movw	r2, #19923
	movt	r2, #4194
	.loc	1 2045 77                       @ ../../libraries/sdk/drives/fsl_flexcan.c:2045:77
	umull	r2, r1, r1, r2
	.loc	1 2045 48                       @ ../../libraries/sdk/drives/fsl_flexcan.c:2045:48
	sub.w	r0, r0, r1, lsr #6
	.loc	1 2045 30                       @ ../../libraries/sdk/drives/fsl_flexcan.c:2045:30
	strb.w	r0, [sp, #12]
.Ltmp282:
	.loc	1 2046 24 is_stmt 1             @ ../../libraries/sdk/drives/fsl_flexcan.c:2046:24
	ldrb.w	r0, [sp, #12]
.Ltmp283:
	.loc	1 2046 13 is_stmt 0             @ ../../libraries/sdk/drives/fsl_flexcan.c:2046:13
	cmp	r0, #1
	bhi	.LBB24_12
	b	.LBB24_11
.LBB24_11:                              @   in Loop: Header=BB24_4 Depth=1
	.loc	1 0 13                          @ ../../libraries/sdk/drives/fsl_flexcan.c:0:13
	movs	r0, #2
.Ltmp284:
	.loc	1 2048 34 is_stmt 1             @ ../../libraries/sdk/drives/fsl_flexcan.c:2048:34
	strb.w	r0, [sp, #12]
	.loc	1 2049 9                        @ ../../libraries/sdk/drives/fsl_flexcan.c:2049:9
	b	.LBB24_16
.Ltmp285:
.LBB24_12:                              @   in Loop: Header=BB24_4 Depth=1
	.loc	1 2050 29                       @ ../../libraries/sdk/drives/fsl_flexcan.c:2050:29
	ldrb.w	r0, [sp, #12]
	.loc	1 2050 41 is_stmt 0             @ ../../libraries/sdk/drives/fsl_flexcan.c:2050:41
	ldr	r1, [sp, #32]
.Ltmp286:
	.loc	1 2050 18                       @ ../../libraries/sdk/drives/fsl_flexcan.c:2050:18
	cmp	r0, r1
	bls	.LBB24_14
	b	.LBB24_13
.LBB24_13:                              @   in Loop: Header=BB24_4 Depth=1
.Ltmp287:
	.loc	1 2052 45 is_stmt 1             @ ../../libraries/sdk/drives/fsl_flexcan.c:2052:45
	ldr	r0, [sp, #32]
	.loc	1 2052 34 is_stmt 0             @ ../../libraries/sdk/drives/fsl_flexcan.c:2052:34
	strb.w	r0, [sp, #12]
	.loc	1 2053 9 is_stmt 1              @ ../../libraries/sdk/drives/fsl_flexcan.c:2053:9
	b	.LBB24_15
.Ltmp288:
.LBB24_14:                              @   in Loop: Header=BB24_4 Depth=1
	.loc	1 0 9 is_stmt 0                 @ ../../libraries/sdk/drives/fsl_flexcan.c:0:9
	b	.LBB24_15
.LBB24_15:                              @   in Loop: Header=BB24_4 Depth=1
	b	.LBB24_16
.LBB24_16:                              @   in Loop: Header=BB24_4 Depth=1
.Ltmp289:
	.loc	1 2060 14 is_stmt 1             @ ../../libraries/sdk/drives/fsl_flexcan.c:2060:14
	ldr	r1, [sp, #52]
	.loc	1 2060 33 is_stmt 0             @ ../../libraries/sdk/drives/fsl_flexcan.c:2060:33
	ldrb.w	r0, [sp, #12]
	.loc	1 2060 43                       @ ../../libraries/sdk/drives/fsl_flexcan.c:2060:43
	mvns	r0, r0
	add	r0, r1
	.loc	1 2060 52                       @ ../../libraries/sdk/drives/fsl_flexcan.c:2060:52
	ldr	r1, [sp, #40]
	.loc	1 2060 62                       @ ../../libraries/sdk/drives/fsl_flexcan.c:2060:62
	ldr	r2, [sp, #36]
	.loc	1 2060 60                       @ ../../libraries/sdk/drives/fsl_flexcan.c:2060:60
	add	r1, r2
.Ltmp290:
	.loc	1 2060 13                       @ ../../libraries/sdk/drives/fsl_flexcan.c:2060:13
	cmp	r0, r1
	bls	.LBB24_18
	b	.LBB24_17
.LBB24_17:                              @   in Loop: Header=BB24_4 Depth=1
.Ltmp291:
	.loc	1 2062 36 is_stmt 1             @ ../../libraries/sdk/drives/fsl_flexcan.c:2062:36
	ldr	r0, [sp, #40]
	.loc	1 2062 46 is_stmt 0             @ ../../libraries/sdk/drives/fsl_flexcan.c:2062:46
	ldr	r1, [sp, #36]
	.loc	1 2062 44                       @ ../../libraries/sdk/drives/fsl_flexcan.c:2062:44
	add	r0, r1
	.loc	1 2062 34                       @ ../../libraries/sdk/drives/fsl_flexcan.c:2062:34
	str	r0, [sp, #24]
	.loc	1 2063 46 is_stmt 1             @ ../../libraries/sdk/drives/fsl_flexcan.c:2063:46
	ldr	r1, [sp, #52]
	.loc	1 2063 59 is_stmt 0             @ ../../libraries/sdk/drives/fsl_flexcan.c:2063:59
	ldr	r0, [sp, #24]
	.loc	1 2063 57                       @ ../../libraries/sdk/drives/fsl_flexcan.c:2063:57
	mvns	r0, r0
	add	r0, r1
	.loc	1 2063 34                       @ ../../libraries/sdk/drives/fsl_flexcan.c:2063:34
	strb.w	r0, [sp, #12]
	.loc	1 2064 9 is_stmt 1              @ ../../libraries/sdk/drives/fsl_flexcan.c:2064:9
	b	.LBB24_19
.Ltmp292:
.LBB24_18:                              @   in Loop: Header=BB24_4 Depth=1
	.loc	1 2067 24                       @ ../../libraries/sdk/drives/fsl_flexcan.c:2067:24
	ldr	r1, [sp, #52]
	.loc	1 2067 43 is_stmt 0             @ ../../libraries/sdk/drives/fsl_flexcan.c:2067:43
	ldrb.w	r0, [sp, #12]
	.loc	1 2067 53                       @ ../../libraries/sdk/drives/fsl_flexcan.c:2067:53
	mvns	r0, r0
	add	r0, r1
	.loc	1 2067 22                       @ ../../libraries/sdk/drives/fsl_flexcan.c:2067:22
	str	r0, [sp, #24]
	b	.LBB24_19
.Ltmp293:
.LBB24_19:                              @   in Loop: Header=BB24_4 Depth=1
	.loc	1 2069 13 is_stmt 1             @ ../../libraries/sdk/drives/fsl_flexcan.c:2069:13
	ldr	r0, [sp, #24]
	.loc	1 2069 36 is_stmt 0             @ ../../libraries/sdk/drives/fsl_flexcan.c:2069:36
	ldrb.w	r1, [sp, #12]
	.loc	1 2069 48                       @ ../../libraries/sdk/drives/fsl_flexcan.c:2069:48
	ldr	r2, [sp, #36]
	.loc	1 2069 46                       @ ../../libraries/sdk/drives/fsl_flexcan.c:2069:46
	add	r1, r2
.Ltmp294:
	.loc	1 2069 13                       @ ../../libraries/sdk/drives/fsl_flexcan.c:2069:13
	cmp	r0, r1
	bls	.LBB24_21
	b	.LBB24_20
.LBB24_20:                              @   in Loop: Header=BB24_4 Depth=1
.Ltmp295:
	.loc	1 2071 45 is_stmt 1             @ ../../libraries/sdk/drives/fsl_flexcan.c:2071:45
	ldr	r0, [sp, #36]
	.loc	1 2071 34 is_stmt 0             @ ../../libraries/sdk/drives/fsl_flexcan.c:2071:34
	strb.w	r0, [sp, #13]
	.loc	1 2072 46 is_stmt 1             @ ../../libraries/sdk/drives/fsl_flexcan.c:2072:46
	ldr	r0, [sp, #24]
	.loc	1 2072 57 is_stmt 0             @ ../../libraries/sdk/drives/fsl_flexcan.c:2072:57
	ldr	r1, [sp, #36]
	.loc	1 2072 55                       @ ../../libraries/sdk/drives/fsl_flexcan.c:2072:55
	subs	r0, r0, r1
	.loc	1 2072 34                       @ ../../libraries/sdk/drives/fsl_flexcan.c:2072:34
	strb.w	r0, [sp, #11]
	.loc	1 2073 9 is_stmt 1              @ ../../libraries/sdk/drives/fsl_flexcan.c:2073:9
	b	.LBB24_22
.Ltmp296:
.LBB24_21:                              @   in Loop: Header=BB24_4 Depth=1
	.loc	1 2076 46                       @ ../../libraries/sdk/drives/fsl_flexcan.c:2076:46
	ldr	r0, [sp, #24]
	.loc	1 2076 57 is_stmt 0             @ ../../libraries/sdk/drives/fsl_flexcan.c:2076:57
	ldrb.w	r1, [sp, #12]
	.loc	1 2076 55                       @ ../../libraries/sdk/drives/fsl_flexcan.c:2076:55
	subs	r0, r0, r1
	.loc	1 2076 34                       @ ../../libraries/sdk/drives/fsl_flexcan.c:2076:34
	strb.w	r0, [sp, #13]
	.loc	1 2077 47 is_stmt 1             @ ../../libraries/sdk/drives/fsl_flexcan.c:2077:47
	ldrb.w	r0, [sp, #12]
	.loc	1 2077 34 is_stmt 0             @ ../../libraries/sdk/drives/fsl_flexcan.c:2077:34
	strb.w	r0, [sp, #11]
	b	.LBB24_22
.Ltmp297:
.LBB24_22:                              @   in Loop: Header=BB24_4 Depth=1
	.loc	1 2082 25 is_stmt 1             @ ../../libraries/sdk/drives/fsl_flexcan.c:2082:25
	ldrb.w	r0, [sp, #11]
	.loc	1 2082 48 is_stmt 0             @ ../../libraries/sdk/drives/fsl_flexcan.c:2082:48
	ldrb.w	r1, [sp, #12]
	.loc	1 2082 13                       @ ../../libraries/sdk/drives/fsl_flexcan.c:2082:13
	cmp	r0, r1
	ble	.LBB24_24
	b	.LBB24_23
.LBB24_23:                              @   in Loop: Header=BB24_4 Depth=1
	.loc	1 2082 72                       @ ../../libraries/sdk/drives/fsl_flexcan.c:2082:72
	ldrb.w	r0, [sp, #12]
	.loc	1 2082 13                       @ ../../libraries/sdk/drives/fsl_flexcan.c:2082:13
	str	r0, [sp]                        @ 4-byte Spill
	b	.LBB24_25
.LBB24_24:                              @   in Loop: Header=BB24_4 Depth=1
	.loc	1 2082 95                       @ ../../libraries/sdk/drives/fsl_flexcan.c:2082:95
	ldrb.w	r0, [sp, #11]
	.loc	1 2082 13                       @ ../../libraries/sdk/drives/fsl_flexcan.c:2082:13
	str	r0, [sp]                        @ 4-byte Spill
	b	.LBB24_25
.LBB24_25:                              @   in Loop: Header=BB24_4 Depth=1
	ldr	r0, [sp]                        @ 4-byte Reload
	.loc	1 2081 31 is_stmt 1             @ ../../libraries/sdk/drives/fsl_flexcan.c:2081:31
	strb.w	r0, [sp, #10]
.Ltmp298:
	.loc	1 2083 24                       @ ../../libraries/sdk/drives/fsl_flexcan.c:2083:24
	ldrb.w	r0, [sp, #10]
	.loc	1 2083 37 is_stmt 0             @ ../../libraries/sdk/drives/fsl_flexcan.c:2083:37
	ldr	r1, [sp, #28]
.Ltmp299:
	.loc	1 2083 13                       @ ../../libraries/sdk/drives/fsl_flexcan.c:2083:13
	cmp	r0, r1
	bls	.LBB24_27
	b	.LBB24_26
.LBB24_26:                              @   in Loop: Header=BB24_4 Depth=1
.Ltmp300:
	.loc	1 2085 46 is_stmt 1             @ ../../libraries/sdk/drives/fsl_flexcan.c:2085:46
	ldr	r0, [sp, #28]
	.loc	1 2085 35 is_stmt 0             @ ../../libraries/sdk/drives/fsl_flexcan.c:2085:35
	strb.w	r0, [sp, #10]
	.loc	1 2086 9 is_stmt 1              @ ../../libraries/sdk/drives/fsl_flexcan.c:2086:9
	b	.LBB24_27
.Ltmp301:
.LBB24_27:                              @   in Loop: Header=BB24_4 Depth=1
	.loc	1 2087 30                       @ ../../libraries/sdk/drives/fsl_flexcan.c:2087:30
	ldrb.w	r0, [sp, #11]
	subs	r0, #1
	strb.w	r0, [sp, #11]
	.loc	1 2088 30                       @ ../../libraries/sdk/drives/fsl_flexcan.c:2088:30
	ldrb.w	r0, [sp, #12]
	subs	r0, #1
	strb.w	r0, [sp, #12]
	.loc	1 2089 28                       @ ../../libraries/sdk/drives/fsl_flexcan.c:2089:28
	ldrb.w	r0, [sp, #13]
	subs	r0, #1
	strb.w	r0, [sp, #13]
	.loc	1 2090 31                       @ ../../libraries/sdk/drives/fsl_flexcan.c:2090:31
	ldrb.w	r0, [sp, #10]
	subs	r0, #1
	strb.w	r0, [sp, #10]
.Ltmp302:
	.loc	1 2092 37                       @ ../../libraries/sdk/drives/fsl_flexcan.c:2092:37
	ldrb.w	r0, [sp, #12]
	mov.w	r1, #1000
	.loc	1 2092 53 is_stmt 0             @ ../../libraries/sdk/drives/fsl_flexcan.c:2092:53
	smlabb	r0, r0, r1, r1
	.loc	1 2092 64                       @ ../../libraries/sdk/drives/fsl_flexcan.c:2092:64
	ldr	r1, [sp, #52]
	.loc	1 2092 62                       @ ../../libraries/sdk/drives/fsl_flexcan.c:2092:62
	udiv	r0, r0, r1
	.loc	1 2092 73                       @ ../../libraries/sdk/drives/fsl_flexcan.c:2092:73
	ldr	r1, [sp, #20]
.Ltmp303:
	.loc	1 2092 13                       @ ../../libraries/sdk/drives/fsl_flexcan.c:2092:13
	cmp	r0, r1
	bhs	.LBB24_29
	b	.LBB24_28
.LBB24_28:                              @   in Loop: Header=BB24_4 Depth=1
.Ltmp304:
	.loc	1 2094 64 is_stmt 1             @ ../../libraries/sdk/drives/fsl_flexcan.c:2094:64
	ldrb.w	r0, [sp, #12]
	mov.w	r1, #1000
	.loc	1 2094 80 is_stmt 0             @ ../../libraries/sdk/drives/fsl_flexcan.c:2094:80
	smlabb	r0, r0, r1, r1
	.loc	1 2094 91                       @ ../../libraries/sdk/drives/fsl_flexcan.c:2094:91
	ldr	r1, [sp, #52]
	.loc	1 2094 89                       @ ../../libraries/sdk/drives/fsl_flexcan.c:2094:89
	udiv	r0, r0, r1
	.loc	1 2094 39                       @ ../../libraries/sdk/drives/fsl_flexcan.c:2094:39
	str	r0, [sp, #20]
	.loc	1 2095 52 is_stmt 1             @ ../../libraries/sdk/drives/fsl_flexcan.c:2095:52
	ldrh.w	r0, [sp, #8]
	.loc	1 2095 13 is_stmt 0             @ ../../libraries/sdk/drives/fsl_flexcan.c:2095:13
	ldr	r1, [sp, #60]
	.loc	1 2095 39                       @ ../../libraries/sdk/drives/fsl_flexcan.c:2095:39
	strh	r0, [r1]
	.loc	1 2096 52 is_stmt 1             @ ../../libraries/sdk/drives/fsl_flexcan.c:2096:52
	ldrb.w	r0, [sp, #10]
	.loc	1 2096 13 is_stmt 0             @ ../../libraries/sdk/drives/fsl_flexcan.c:2096:13
	ldr	r1, [sp, #60]
	.loc	1 2096 39                       @ ../../libraries/sdk/drives/fsl_flexcan.c:2096:39
	strb	r0, [r1, #2]
	.loc	1 2097 52 is_stmt 1             @ ../../libraries/sdk/drives/fsl_flexcan.c:2097:52
	ldrb.w	r0, [sp, #11]
	.loc	1 2097 13 is_stmt 0             @ ../../libraries/sdk/drives/fsl_flexcan.c:2097:13
	ldr	r1, [sp, #60]
	.loc	1 2097 39                       @ ../../libraries/sdk/drives/fsl_flexcan.c:2097:39
	strb	r0, [r1, #3]
	.loc	1 2098 52 is_stmt 1             @ ../../libraries/sdk/drives/fsl_flexcan.c:2098:52
	ldrb.w	r0, [sp, #12]
	.loc	1 2098 13 is_stmt 0             @ ../../libraries/sdk/drives/fsl_flexcan.c:2098:13
	ldr	r1, [sp, #60]
	.loc	1 2098 39                       @ ../../libraries/sdk/drives/fsl_flexcan.c:2098:39
	strb	r0, [r1, #4]
	.loc	1 2099 52 is_stmt 1             @ ../../libraries/sdk/drives/fsl_flexcan.c:2099:52
	ldrb.w	r0, [sp, #13]
	.loc	1 2099 13 is_stmt 0             @ ../../libraries/sdk/drives/fsl_flexcan.c:2099:13
	ldr	r1, [sp, #60]
	.loc	1 2099 39                       @ ../../libraries/sdk/drives/fsl_flexcan.c:2099:39
	strb	r0, [r1, #5]
	.loc	1 2100 9 is_stmt 1              @ ../../libraries/sdk/drives/fsl_flexcan.c:2100:9
	b	.LBB24_29
.Ltmp305:
.LBB24_29:                              @   in Loop: Header=BB24_4 Depth=1
	.loc	1 0 9 is_stmt 0                 @ ../../libraries/sdk/drives/fsl_flexcan.c:0:9
	movs	r0, #1
	.loc	1 2101 15 is_stmt 1             @ ../../libraries/sdk/drives/fsl_flexcan.c:2101:15
	strb.w	r0, [sp, #7]
	.loc	1 2102 5                        @ ../../libraries/sdk/drives/fsl_flexcan.c:2102:5
	b	.LBB24_30
.Ltmp306:
.LBB24_30:                              @   in Loop: Header=BB24_4 Depth=1
	.loc	1 2102 14 is_stmt 0             @ ../../libraries/sdk/drives/fsl_flexcan.c:2102:14
	ldr	r0, [sp, #52]
	subs	r0, #1
	str	r0, [sp, #52]
	.loc	1 2102 25                       @ ../../libraries/sdk/drives/fsl_flexcan.c:2102:25
	ldr	r1, [sp, #48]
.Ltmp307:
	.loc	1 2102 5                        @ ../../libraries/sdk/drives/fsl_flexcan.c:2102:5
	cmp	r0, r1
	bhs.w	.LBB24_4
	b	.LBB24_31
.Ltmp308:
.LBB24_31:
	.loc	1 2104 5 is_stmt 1              @ ../../libraries/sdk/drives/fsl_flexcan.c:2104:5
	ldrb.w	r0, [sp, #7]
	and	r0, r0, #1
	add	sp, #72
	bx	lr
.Ltmp309:
.Lfunc_end24:
	.size	FLEXCAN_CalculateImprovedNominalTimingValues, .Lfunc_end24-FLEXCAN_CalculateImprovedNominalTimingValues
	.cfi_endproc
	.cantunwind
	.fnend
                                        @ -- End function
	.section	.text.FLEXCAN_SetFDTxMbConfig,"ax",%progbits
	.hidden	FLEXCAN_SetFDTxMbConfig         @ -- Begin function FLEXCAN_SetFDTxMbConfig
	.globl	FLEXCAN_SetFDTxMbConfig
	.p2align	3
	.type	FLEXCAN_SetFDTxMbConfig,%function
	.code	16                              @ @FLEXCAN_SetFDTxMbConfig
	.thumb_func
FLEXCAN_SetFDTxMbConfig:
.Lfunc_begin25:
	.loc	1 2224 0                        @ ../../libraries/sdk/drives/fsl_flexcan.c:2224:0
	.fnstart
	.cfi_startproc
@ %bb.0:
	.save	{r7, lr}
	push	{r7, lr}
	.cfi_def_cfa_offset 8
	.cfi_offset lr, -4
	.cfi_offset r7, -8
	.pad	#32
	sub	sp, #32
	.cfi_def_cfa_offset 40
                                        @ kill: def $r3 killed $r2
                                        @ kill: def $r3 killed $r1
	str	r0, [sp, #28]
	strb.w	r1, [sp, #27]
	strb.w	r2, [sp, #26]
.Ltmp310:
	.loc	1 2226 5 prologue_end           @ ../../libraries/sdk/drives/fsl_flexcan.c:2226:5
	ldrb.w	r0, [sp, #27]
	ldr	r1, [sp, #28]
	ldr	r1, [r1]
	and	r1, r1, #127
	cmp	r0, r1
	bhi	.LBB25_2
	b	.LBB25_1
.LBB25_1:
	b	.LBB25_3
.LBB25_2:
	movw	r0, :lower16:.L.str.9
	movt	r0, :upper16:.L.str.9
	movw	r1, :lower16:.L.str.1
	movt	r1, :upper16:.L.str.1
	movw	r2, #2226
	bl	__aeabi_assert
.LBB25_3:
	.loc	1 2228 5                        @ ../../libraries/sdk/drives/fsl_flexcan.c:2228:5
	ldr	r0, [sp, #28]
	ldrb.w	r1, [sp, #27]
	bl	FLEXCAN_IsMbOccupied
	cbnz	r0, .LBB25_5
	b	.LBB25_4
.LBB25_4:
	b	.LBB25_6
.LBB25_5:
	movw	r0, :lower16:.L.str.10
	movt	r0, :upper16:.L.str.10
	movw	r1, :lower16:.L.str.1
	movt	r1, :upper16:.L.str.1
	movw	r2, #2228
	bl	__aeabi_assert
.LBB25_6:
	.loc	1 0 5 is_stmt 0                 @ ../../libraries/sdk/drives/fsl_flexcan.c:0:5
	movs	r0, #0
	.loc	1 2231 13 is_stmt 1             @ ../../libraries/sdk/drives/fsl_flexcan.c:2231:13
	strb.w	r0, [sp, #25]
	movs	r0, #1
	.loc	1 2232 13                       @ ../../libraries/sdk/drives/fsl_flexcan.c:2232:13
	strb.w	r0, [sp, #24]
	.loc	1 2234 34                       @ ../../libraries/sdk/drives/fsl_flexcan.c:2234:34
	ldr	r0, [sp, #28]
	.loc	1 2234 40 is_stmt 0             @ ../../libraries/sdk/drives/fsl_flexcan.c:2234:40
	ldr.w	r0, [r0, #3072]
	.loc	1 2234 73                       @ ../../libraries/sdk/drives/fsl_flexcan.c:2234:73
	ubfx	r0, r0, #16, #2
	.loc	1 2234 31                       @ ../../libraries/sdk/drives/fsl_flexcan.c:2234:31
	str	r0, [sp, #20]
	.loc	1 2235 35 is_stmt 1             @ ../../libraries/sdk/drives/fsl_flexcan.c:2235:35
	ldr	r0, [sp, #28]
	.loc	1 2235 41 is_stmt 0             @ ../../libraries/sdk/drives/fsl_flexcan.c:2235:41
	adds	r0, #128
	.loc	1 2235 24                       @ ../../libraries/sdk/drives/fsl_flexcan.c:2235:24
	str	r0, [sp, #16]
	.loc	1 2236 60 is_stmt 1             @ ../../libraries/sdk/drives/fsl_flexcan.c:2236:60
	ldr	r0, [sp, #28]
	.loc	1 2236 66 is_stmt 0             @ ../../libraries/sdk/drives/fsl_flexcan.c:2236:66
	ldrb.w	r1, [sp, #27]
	.loc	1 2236 33                       @ ../../libraries/sdk/drives/fsl_flexcan.c:2236:33
	bl	FLEXCAN_GetFDMailboxOffset
	.loc	1 2236 14                       @ ../../libraries/sdk/drives/fsl_flexcan.c:2236:14
	str	r0, [sp, #12]
	.loc	1 2239 55 is_stmt 1             @ ../../libraries/sdk/drives/fsl_flexcan.c:2239:55
	ldr	r0, [sp, #28]
	.loc	1 2239 61 is_stmt 0             @ ../../libraries/sdk/drives/fsl_flexcan.c:2239:61
	str	r0, [sp, #4]                    @ 4-byte Spill
	bl	FLEXCAN_GetFirstValidMb
	mov	r1, r0
	.loc	1 2239 28                       @ ../../libraries/sdk/drives/fsl_flexcan.c:2239:28
	ldr	r0, [sp, #4]                    @ 4-byte Reload
	bl	FLEXCAN_GetFDMailboxOffset
	.loc	1 2239 14                       @ ../../libraries/sdk/drives/fsl_flexcan.c:2239:14
	str	r0, [sp, #8]
.Ltmp311:
	.loc	1 2243 9 is_stmt 1              @ ../../libraries/sdk/drives/fsl_flexcan.c:2243:9
	ldrb.w	r0, [sp, #26]
.Ltmp312:
	.loc	1 2243 9 is_stmt 0              @ ../../libraries/sdk/drives/fsl_flexcan.c:2243:9
	lsls	r0, r0, #31
	cbz	r0, .LBB25_8
	b	.LBB25_7
.LBB25_7:
.Ltmp313:
	.loc	1 2246 9 is_stmt 1              @ ../../libraries/sdk/drives/fsl_flexcan.c:2246:9
	ldr	r1, [sp, #16]
	.loc	1 2246 16 is_stmt 0             @ ../../libraries/sdk/drives/fsl_flexcan.c:2246:16
	ldr	r2, [sp, #12]
	mov.w	r0, #134217728
	.loc	1 2246 24                       @ ../../libraries/sdk/drives/fsl_flexcan.c:2246:24
	str.w	r0, [r1, r2, lsl #2]
	.loc	1 2247 5 is_stmt 1              @ ../../libraries/sdk/drives/fsl_flexcan.c:2247:5
	b	.LBB25_9
.Ltmp314:
.LBB25_8:
	.loc	1 2250 9                        @ ../../libraries/sdk/drives/fsl_flexcan.c:2250:9
	ldr	r1, [sp, #16]
	.loc	1 2250 16 is_stmt 0             @ ../../libraries/sdk/drives/fsl_flexcan.c:2250:16
	ldr	r2, [sp, #12]
	movs	r0, #0
	.loc	1 2250 24                       @ ../../libraries/sdk/drives/fsl_flexcan.c:2250:24
	str.w	r0, [r1, r2, lsl #2]
	b	.LBB25_9
.Ltmp315:
.LBB25_9:
	.loc	1 0 24                          @ ../../libraries/sdk/drives/fsl_flexcan.c:0:24
	movs	r0, #0
.Ltmp316:
	.loc	1 2255 14 is_stmt 1             @ ../../libraries/sdk/drives/fsl_flexcan.c:2255:14
	strb.w	r0, [sp, #25]
	.loc	1 2255 10 is_stmt 0             @ ../../libraries/sdk/drives/fsl_flexcan.c:2255:10
	b	.LBB25_10
.LBB25_10:                              @ =>This Inner Loop Header: Depth=1
.Ltmp317:
	.loc	1 2255 19                       @ ../../libraries/sdk/drives/fsl_flexcan.c:2255:19
	ldrb.w	r0, [sp, #25]
	.loc	1 2255 26                       @ ../../libraries/sdk/drives/fsl_flexcan.c:2255:26
	ldr	r1, [sp, #20]
	.loc	1 2255 35                       @ ../../libraries/sdk/drives/fsl_flexcan.c:2255:35
	adds	r1, #1
.Ltmp318:
	.loc	1 2255 5                        @ ../../libraries/sdk/drives/fsl_flexcan.c:2255:5
	cmp	r0, r1
	bhs	.LBB25_13
	b	.LBB25_11
.LBB25_11:                              @   in Loop: Header=BB25_10 Depth=1
.Ltmp319:
	.loc	1 2257 23 is_stmt 1             @ ../../libraries/sdk/drives/fsl_flexcan.c:2257:23
	ldrb.w	r0, [sp, #24]
	lsls	r0, r0, #1
	strb.w	r0, [sp, #24]
	.loc	1 2258 5                        @ ../../libraries/sdk/drives/fsl_flexcan.c:2258:5
	b	.LBB25_12
.Ltmp320:
.LBB25_12:                              @   in Loop: Header=BB25_10 Depth=1
	.loc	1 2255 45                       @ ../../libraries/sdk/drives/fsl_flexcan.c:2255:45
	ldrb.w	r0, [sp, #25]
	adds	r0, #1
	strb.w	r0, [sp, #25]
	.loc	1 2255 5 is_stmt 0              @ ../../libraries/sdk/drives/fsl_flexcan.c:2255:5
	b	.LBB25_10
.Ltmp321:
.LBB25_13:
	.loc	1 2261 5 is_stmt 1              @ ../../libraries/sdk/drives/fsl_flexcan.c:2261:5
	ldr	r0, [sp, #16]
	.loc	1 2261 12 is_stmt 0             @ ../../libraries/sdk/drives/fsl_flexcan.c:2261:12
	ldr	r1, [sp, #12]
	.loc	1 2261 5                        @ ../../libraries/sdk/drives/fsl_flexcan.c:2261:5
	add.w	r1, r0, r1, lsl #2
	movs	r0, #0
	.loc	1 2261 25                       @ ../../libraries/sdk/drives/fsl_flexcan.c:2261:25
	str	r0, [r1, #4]
.Ltmp322:
	.loc	1 2263 14 is_stmt 1             @ ../../libraries/sdk/drives/fsl_flexcan.c:2263:14
	strb.w	r0, [sp, #25]
	.loc	1 2263 10 is_stmt 0             @ ../../libraries/sdk/drives/fsl_flexcan.c:2263:10
	b	.LBB25_14
.LBB25_14:                              @ =>This Inner Loop Header: Depth=1
.Ltmp323:
	.loc	1 2263 19                       @ ../../libraries/sdk/drives/fsl_flexcan.c:2263:19
	ldrb.w	r0, [sp, #25]
	.loc	1 2263 25                       @ ../../libraries/sdk/drives/fsl_flexcan.c:2263:25
	ldrb.w	r1, [sp, #24]
.Ltmp324:
	.loc	1 2263 5                        @ ../../libraries/sdk/drives/fsl_flexcan.c:2263:5
	cmp	r0, r1
	bge	.LBB25_17
	b	.LBB25_15
.LBB25_15:                              @   in Loop: Header=BB25_14 Depth=1
.Ltmp325:
	.loc	1 2265 9 is_stmt 1              @ ../../libraries/sdk/drives/fsl_flexcan.c:2265:9
	ldr	r0, [sp, #16]
	.loc	1 2265 16 is_stmt 0             @ ../../libraries/sdk/drives/fsl_flexcan.c:2265:16
	ldr	r1, [sp, #12]
	.loc	1 2265 30                       @ ../../libraries/sdk/drives/fsl_flexcan.c:2265:30
	ldrb.w	r2, [sp, #25]
	.loc	1 2265 23                       @ ../../libraries/sdk/drives/fsl_flexcan.c:2265:23
	add	r1, r2
	.loc	1 2265 9                        @ ../../libraries/sdk/drives/fsl_flexcan.c:2265:9
	add.w	r1, r0, r1, lsl #2
	movs	r0, #0
	.loc	1 2265 35                       @ ../../libraries/sdk/drives/fsl_flexcan.c:2265:35
	str	r0, [r1, #8]
	.loc	1 2266 5 is_stmt 1              @ ../../libraries/sdk/drives/fsl_flexcan.c:2266:5
	b	.LBB25_16
.Ltmp326:
.LBB25_16:                              @   in Loop: Header=BB25_14 Depth=1
	.loc	1 2263 43                       @ ../../libraries/sdk/drives/fsl_flexcan.c:2263:43
	ldrb.w	r0, [sp, #25]
	adds	r0, #1
	strb.w	r0, [sp, #25]
	.loc	1 2263 5 is_stmt 0              @ ../../libraries/sdk/drives/fsl_flexcan.c:2263:5
	b	.LBB25_14
.Ltmp327:
.LBB25_17:
	.loc	1 2270 5 is_stmt 1              @ ../../libraries/sdk/drives/fsl_flexcan.c:2270:5
	ldr	r1, [sp, #16]
	.loc	1 2270 12 is_stmt 0             @ ../../libraries/sdk/drives/fsl_flexcan.c:2270:12
	ldr	r2, [sp, #8]
	mov.w	r0, #134217728
	.loc	1 2270 25                       @ ../../libraries/sdk/drives/fsl_flexcan.c:2270:25
	str.w	r0, [r1, r2, lsl #2]
	.loc	1 2272 1 is_stmt 1              @ ../../libraries/sdk/drives/fsl_flexcan.c:2272:1
	add	sp, #32
	pop	{r7, pc}
.Ltmp328:
.Lfunc_end25:
	.size	FLEXCAN_SetFDTxMbConfig, .Lfunc_end25-FLEXCAN_SetFDTxMbConfig
	.cfi_endproc
	.cantunwind
	.fnend
                                        @ -- End function
	.section	.text.FLEXCAN_GetFDMailboxOffset,"ax",%progbits
	.p2align	3                               @ -- Begin function FLEXCAN_GetFDMailboxOffset
	.type	FLEXCAN_GetFDMailboxOffset,%function
	.code	16                              @ @FLEXCAN_GetFDMailboxOffset
	.thumb_func
FLEXCAN_GetFDMailboxOffset:
.Lfunc_begin26:
	.loc	1 1849 0                        @ ../../libraries/sdk/drives/fsl_flexcan.c:1849:0
	.fnstart
	.cfi_startproc
@ %bb.0:
	.pad	#24
	sub	sp, #24
	.cfi_def_cfa_offset 24
                                        @ kill: def $r2 killed $r1
	str	r0, [sp, #20]
	strb.w	r1, [sp, #19]
	movs	r0, #0
.Ltmp329:
	.loc	1 1850 14 prologue_end          @ ../../libraries/sdk/drives/fsl_flexcan.c:1850:14
	str	r0, [sp, #12]
	.loc	1 1851 26                       @ ../../libraries/sdk/drives/fsl_flexcan.c:1851:26
	ldr	r0, [sp, #20]
	.loc	1 1851 32 is_stmt 0             @ ../../libraries/sdk/drives/fsl_flexcan.c:1851:32
	ldr.w	r0, [r0, #3072]
	.loc	1 1851 65                       @ ../../libraries/sdk/drives/fsl_flexcan.c:1851:65
	ubfx	r0, r0, #16, #2
	.loc	1 1851 14                       @ ../../libraries/sdk/drives/fsl_flexcan.c:1851:14
	str	r0, [sp, #8]
	.loc	1 1852 13 is_stmt 1             @ ../../libraries/sdk/drives/fsl_flexcan.c:1852:13
	ldr	r0, [sp, #8]
	.loc	1 1852 5 is_stmt 0              @ ../../libraries/sdk/drives/fsl_flexcan.c:1852:5
	str	r0, [sp, #4]                    @ 4-byte Spill
	cmp	r0, #3
	bhi	.LBB26_7
@ %bb.1:
	.loc	1 0 5                           @ ../../libraries/sdk/drives/fsl_flexcan.c:0:5
	ldr	r1, [sp, #4]                    @ 4-byte Reload
.LCPI26_0:
	tbb	[pc, r1]
@ %bb.2:
.LJTI26_0:
	.byte	(.LBB26_3-(.LCPI26_0+4))/2
	.byte	(.LBB26_4-(.LCPI26_0+4))/2
	.byte	(.LBB26_5-(.LCPI26_0+4))/2
	.byte	(.LBB26_6-(.LCPI26_0+4))/2
	.p2align	1
.LBB26_3:
.Ltmp330:
	.loc	1 1855 34 is_stmt 1             @ ../../libraries/sdk/drives/fsl_flexcan.c:1855:34
	ldrb.w	r1, [sp, #19]
	mov.w	r0, #3584
	.loc	1 1855 47 is_stmt 0             @ ../../libraries/sdk/drives/fsl_flexcan.c:1855:47
	and.w	r0, r0, r1, lsl #4
	.loc	1 1855 73                       @ ../../libraries/sdk/drives/fsl_flexcan.c:1855:73
	and	r1, r1, #31
	.loc	1 1855 54                       @ ../../libraries/sdk/drives/fsl_flexcan.c:1855:54
	orr.w	r0, r0, r1, lsl #4
	.loc	1 1855 20                       @ ../../libraries/sdk/drives/fsl_flexcan.c:1855:20
	str	r0, [sp, #12]
	.loc	1 1856 13 is_stmt 1             @ ../../libraries/sdk/drives/fsl_flexcan.c:1856:13
	b	.LBB26_8
.LBB26_4:
	.loc	1 1858 34                       @ ../../libraries/sdk/drives/fsl_flexcan.c:1858:34
	ldrb.w	r3, [sp, #19]
	movw	r0, #24967
	movt	r0, #34328
	.loc	1 1858 73 is_stmt 0             @ ../../libraries/sdk/drives/fsl_flexcan.c:1858:73
	umull	r1, r0, r3, r0
	subs	r1, r3, r0
	add.w	r0, r0, r1, lsr #1
	lsrs	r1, r0, #4
	.loc	1 1858 47                       @ ../../libraries/sdk/drives/fsl_flexcan.c:1858:47
	lsls	r0, r1, #9
	movs	r2, #21
	.loc	1 1858 73                       @ ../../libraries/sdk/drives/fsl_flexcan.c:1858:73
	mls	r1, r1, r2, r3
	.loc	1 1858 80                       @ ../../libraries/sdk/drives/fsl_flexcan.c:1858:80
	add.w	r1, r1, r1, lsl #1
	.loc	1 1858 54                       @ ../../libraries/sdk/drives/fsl_flexcan.c:1858:54
	add.w	r0, r0, r1, lsl #3
	.loc	1 1858 20                       @ ../../libraries/sdk/drives/fsl_flexcan.c:1858:20
	str	r0, [sp, #12]
	.loc	1 1859 13 is_stmt 1             @ ../../libraries/sdk/drives/fsl_flexcan.c:1859:13
	b	.LBB26_8
.LBB26_5:
	.loc	1 1861 34                       @ ../../libraries/sdk/drives/fsl_flexcan.c:1861:34
	ldrb.w	r1, [sp, #19]
	movw	r0, #43691
	movt	r0, #43690
	.loc	1 1861 73 is_stmt 0             @ ../../libraries/sdk/drives/fsl_flexcan.c:1861:73
	umull	r2, r0, r1, r0
	lsrs	r2, r0, #3
	.loc	1 1861 47                       @ ../../libraries/sdk/drives/fsl_flexcan.c:1861:47
	lsls	r0, r2, #9
	.loc	1 1861 73                       @ ../../libraries/sdk/drives/fsl_flexcan.c:1861:73
	add.w	r2, r2, r2, lsl #1
	sub.w	r1, r1, r2, lsl #2
	.loc	1 1861 80                       @ ../../libraries/sdk/drives/fsl_flexcan.c:1861:80
	add.w	r1, r1, r1, lsl #2
	.loc	1 1861 54                       @ ../../libraries/sdk/drives/fsl_flexcan.c:1861:54
	add.w	r0, r0, r1, lsl #3
	.loc	1 1861 20                       @ ../../libraries/sdk/drives/fsl_flexcan.c:1861:20
	str	r0, [sp, #12]
	.loc	1 1862 13 is_stmt 1             @ ../../libraries/sdk/drives/fsl_flexcan.c:1862:13
	b	.LBB26_8
.LBB26_6:
	.loc	1 1864 34                       @ ../../libraries/sdk/drives/fsl_flexcan.c:1864:34
	ldrb.w	r1, [sp, #19]
	movw	r0, #18725
	movt	r0, #9362
	.loc	1 1864 72 is_stmt 0             @ ../../libraries/sdk/drives/fsl_flexcan.c:1864:72
	umull	r2, r0, r1, r0
	subs	r2, r1, r0
	add.w	r3, r0, r2, lsr #1
	lsrs	r2, r3, #2
	.loc	1 1864 46                       @ ../../libraries/sdk/drives/fsl_flexcan.c:1864:46
	lsls	r0, r2, #9
	.loc	1 1864 72                       @ ../../libraries/sdk/drives/fsl_flexcan.c:1864:72
	lsls	r2, r2, #3
	sub.w	r2, r2, r3, lsr #2
	subs	r1, r1, r2
	.loc	1 1864 78                       @ ../../libraries/sdk/drives/fsl_flexcan.c:1864:78
	add.w	r1, r1, r1, lsl #3
	.loc	1 1864 53                       @ ../../libraries/sdk/drives/fsl_flexcan.c:1864:53
	orr.w	r0, r0, r1, lsl #3
	.loc	1 1864 20                       @ ../../libraries/sdk/drives/fsl_flexcan.c:1864:20
	str	r0, [sp, #12]
	.loc	1 1865 13 is_stmt 1             @ ../../libraries/sdk/drives/fsl_flexcan.c:1865:13
	b	.LBB26_8
.LBB26_7:
	.loc	1 1868 13                       @ ../../libraries/sdk/drives/fsl_flexcan.c:1868:13
	movw	r0, :lower16:.L.str.19
	movt	r0, :upper16:.L.str.19
	movw	r1, :lower16:.L.str.1
	movt	r1, :upper16:.L.str.1
	movw	r2, #1868
	bl	__aeabi_assert
.Ltmp331:
.LBB26_8:
	.loc	1 1872 14                       @ ../../libraries/sdk/drives/fsl_flexcan.c:1872:14
	ldr	r0, [sp, #12]
	.loc	1 1872 21 is_stmt 0             @ ../../libraries/sdk/drives/fsl_flexcan.c:1872:21
	lsrs	r0, r0, #2
	.loc	1 1872 12                       @ ../../libraries/sdk/drives/fsl_flexcan.c:1872:12
	str	r0, [sp, #12]
	.loc	1 1873 12 is_stmt 1             @ ../../libraries/sdk/drives/fsl_flexcan.c:1873:12
	ldr	r0, [sp, #12]
	.loc	1 1873 5 is_stmt 0              @ ../../libraries/sdk/drives/fsl_flexcan.c:1873:5
	add	sp, #24
	bx	lr
.Ltmp332:
.Lfunc_end26:
	.size	FLEXCAN_GetFDMailboxOffset, .Lfunc_end26-FLEXCAN_GetFDMailboxOffset
	.cfi_endproc
	.cantunwind
	.fnend
                                        @ -- End function
	.section	.text.FLEXCAN_GetFirstValidMb,"ax",%progbits
	.p2align	3                               @ -- Begin function FLEXCAN_GetFirstValidMb
	.type	FLEXCAN_GetFirstValidMb,%function
	.code	16                              @ @FLEXCAN_GetFirstValidMb
	.thumb_func
FLEXCAN_GetFirstValidMb:
.Lfunc_begin27:
	.loc	1 646 0 is_stmt 1               @ ../../libraries/sdk/drives/fsl_flexcan.c:646:0
	.fnstart
	.cfi_startproc
@ %bb.0:
	.pad	#8
	sub	sp, #8
	.cfi_def_cfa_offset 8
	str	r0, [sp, #4]
.Ltmp333:
	.loc	1 649 16 prologue_end           @ ../../libraries/sdk/drives/fsl_flexcan.c:649:16
	ldr	r0, [sp, #4]
	.loc	1 649 22 is_stmt 0              @ ../../libraries/sdk/drives/fsl_flexcan.c:649:22
	ldr	r0, [r0]
.Ltmp334:
	.loc	1 649 9                         @ ../../libraries/sdk/drives/fsl_flexcan.c:649:9
	lsls	r0, r0, #2
	cmp	r0, #0
	bpl	.LBB27_2
	b	.LBB27_1
.LBB27_1:
.Ltmp335:
	.loc	1 651 38 is_stmt 1              @ ../../libraries/sdk/drives/fsl_flexcan.c:651:38
	ldr	r0, [sp, #4]
	.loc	1 651 44 is_stmt 0              @ ../../libraries/sdk/drives/fsl_flexcan.c:651:44
	ldr	r0, [r0, #52]
	.loc	1 651 73                        @ ../../libraries/sdk/drives/fsl_flexcan.c:651:73
	ubfx	r0, r0, #24, #4
	.loc	1 651 25                        @ ../../libraries/sdk/drives/fsl_flexcan.c:651:25
	strb.w	r0, [sp, #3]
	.loc	1 652 29 is_stmt 1              @ ../../libraries/sdk/drives/fsl_flexcan.c:652:29
	ldrb.w	r1, [sp, #3]
	movs	r0, #8
	.loc	1 652 57 is_stmt 0              @ ../../libraries/sdk/drives/fsl_flexcan.c:652:57
	add.w	r0, r0, r1, lsl #1
	.loc	1 652 25                        @ ../../libraries/sdk/drives/fsl_flexcan.c:652:25
	strb.w	r0, [sp, #3]
	.loc	1 653 5 is_stmt 1               @ ../../libraries/sdk/drives/fsl_flexcan.c:653:5
	b	.LBB27_3
.Ltmp336:
.LBB27_2:
	.loc	1 0 5 is_stmt 0                 @ ../../libraries/sdk/drives/fsl_flexcan.c:0:5
	movs	r0, #0
.Ltmp337:
	.loc	1 656 25 is_stmt 1              @ ../../libraries/sdk/drives/fsl_flexcan.c:656:25
	strb.w	r0, [sp, #3]
	b	.LBB27_3
.Ltmp338:
.LBB27_3:
	.loc	1 659 12                        @ ../../libraries/sdk/drives/fsl_flexcan.c:659:12
	ldrb.w	r0, [sp, #3]
	.loc	1 659 5 is_stmt 0               @ ../../libraries/sdk/drives/fsl_flexcan.c:659:5
	add	sp, #8
	bx	lr
.Ltmp339:
.Lfunc_end27:
	.size	FLEXCAN_GetFirstValidMb, .Lfunc_end27-FLEXCAN_GetFirstValidMb
	.cfi_endproc
	.cantunwind
	.fnend
                                        @ -- End function
	.section	.text.FLEXCAN_SetRxMbConfig,"ax",%progbits
	.hidden	FLEXCAN_SetRxMbConfig           @ -- Begin function FLEXCAN_SetRxMbConfig
	.globl	FLEXCAN_SetRxMbConfig
	.p2align	3
	.type	FLEXCAN_SetRxMbConfig,%function
	.code	16                              @ @FLEXCAN_SetRxMbConfig
	.thumb_func
FLEXCAN_SetRxMbConfig:
.Lfunc_begin28:
	.loc	1 2289 0 is_stmt 1              @ ../../libraries/sdk/drives/fsl_flexcan.c:2289:0
	.fnstart
	.cfi_startproc
@ %bb.0:
	.save	{r7, lr}
	push	{r7, lr}
	.cfi_def_cfa_offset 8
	.cfi_offset lr, -4
	.cfi_offset r7, -8
	.pad	#24
	sub	sp, #24
	.cfi_def_cfa_offset 32
                                        @ kill: def $r12 killed $r3
                                        @ kill: def $r12 killed $r1
	str	r0, [sp, #20]
	strb.w	r1, [sp, #19]
	str	r2, [sp, #12]
	strb.w	r3, [sp, #11]
.Ltmp340:
	.loc	1 2291 5 prologue_end           @ ../../libraries/sdk/drives/fsl_flexcan.c:2291:5
	ldrb.w	r0, [sp, #19]
	ldr	r1, [sp, #20]
	ldr	r1, [r1]
	and	r1, r1, #127
	cmp	r0, r1
	bhi	.LBB28_2
	b	.LBB28_1
.LBB28_1:
	b	.LBB28_3
.LBB28_2:
	movw	r0, :lower16:.L.str.9
	movt	r0, :upper16:.L.str.9
	movw	r1, :lower16:.L.str.1
	movt	r1, :upper16:.L.str.1
	movw	r2, #2291
	bl	__aeabi_assert
.LBB28_3:
	.loc	1 2292 5                        @ ../../libraries/sdk/drives/fsl_flexcan.c:2292:5
	ldr	r0, [sp, #12]
	cbnz	r0, .LBB28_5
	b	.LBB28_4
.LBB28_4:
	ldrb.w	r0, [sp, #11]
	lsls	r0, r0, #31
	cbnz	r0, .LBB28_6
	b	.LBB28_5
.LBB28_5:
	b	.LBB28_7
.LBB28_6:
	movw	r0, :lower16:.L.str.15
	movt	r0, :upper16:.L.str.15
	movw	r1, :lower16:.L.str.1
	movt	r1, :upper16:.L.str.1
	movw	r2, #2292
	bl	__aeabi_assert
.LBB28_7:
	ldr	r1, [sp, #12]
	movs	r0, #1
	str	r0, [sp]                        @ 4-byte Spill
	cbnz	r1, .LBB28_9
	b	.LBB28_8
.LBB28_8:
	ldrb.w	r1, [sp, #11]
	movs	r0, #1
	bics	r0, r1
	str	r0, [sp]                        @ 4-byte Spill
	b	.LBB28_9
.LBB28_9:
	.loc	1 0 5 is_stmt 0                 @ ../../libraries/sdk/drives/fsl_flexcan.c:0:5
	ldr	r0, [sp]                        @ 4-byte Reload
	.loc	1 2294 5 is_stmt 1              @ ../../libraries/sdk/drives/fsl_flexcan.c:2294:5
	ldr	r0, [sp, #20]
	ldrb.w	r1, [sp, #19]
	bl	FLEXCAN_IsMbOccupied
	cbnz	r0, .LBB28_11
	b	.LBB28_10
.LBB28_10:
	b	.LBB28_12
.LBB28_11:
	movw	r0, :lower16:.L.str.10
	movt	r0, :upper16:.L.str.10
	movw	r1, :lower16:.L.str.1
	movt	r1, :upper16:.L.str.1
	movw	r2, #2294
	bl	__aeabi_assert
.LBB28_12:
	.loc	1 0 5 is_stmt 0                 @ ../../libraries/sdk/drives/fsl_flexcan.c:0:5
	movs	r0, #0
	.loc	1 2297 14 is_stmt 1             @ ../../libraries/sdk/drives/fsl_flexcan.c:2297:14
	str	r0, [sp, #4]
	.loc	1 2300 5                        @ ../../libraries/sdk/drives/fsl_flexcan.c:2300:5
	ldr	r1, [sp, #20]
	.loc	1 2300 14 is_stmt 0             @ ../../libraries/sdk/drives/fsl_flexcan.c:2300:14
	ldrb.w	r2, [sp, #19]
	.loc	1 2300 11                       @ ../../libraries/sdk/drives/fsl_flexcan.c:2300:11
	add.w	r1, r1, r2, lsl #4
	.loc	1 2300 24                       @ ../../libraries/sdk/drives/fsl_flexcan.c:2300:24
	str.w	r0, [r1, #128]
	.loc	1 2303 5 is_stmt 1              @ ../../libraries/sdk/drives/fsl_flexcan.c:2303:5
	ldr	r1, [sp, #20]
	.loc	1 2303 14 is_stmt 0             @ ../../libraries/sdk/drives/fsl_flexcan.c:2303:14
	ldrb.w	r2, [sp, #19]
	.loc	1 2303 11                       @ ../../libraries/sdk/drives/fsl_flexcan.c:2303:11
	add.w	r1, r1, r2, lsl #4
	.loc	1 2303 27                       @ ../../libraries/sdk/drives/fsl_flexcan.c:2303:27
	str.w	r0, [r1, #132]
	.loc	1 2304 5 is_stmt 1              @ ../../libraries/sdk/drives/fsl_flexcan.c:2304:5
	ldr	r1, [sp, #20]
	.loc	1 2304 14 is_stmt 0             @ ../../libraries/sdk/drives/fsl_flexcan.c:2304:14
	ldrb.w	r2, [sp, #19]
	.loc	1 2304 11                       @ ../../libraries/sdk/drives/fsl_flexcan.c:2304:11
	add.w	r1, r1, r2, lsl #4
	.loc	1 2304 27                       @ ../../libraries/sdk/drives/fsl_flexcan.c:2304:27
	str.w	r0, [r1, #136]
	.loc	1 2305 5 is_stmt 1              @ ../../libraries/sdk/drives/fsl_flexcan.c:2305:5
	ldr	r1, [sp, #20]
	.loc	1 2305 14 is_stmt 0             @ ../../libraries/sdk/drives/fsl_flexcan.c:2305:14
	ldrb.w	r2, [sp, #19]
	.loc	1 2305 11                       @ ../../libraries/sdk/drives/fsl_flexcan.c:2305:11
	add.w	r1, r1, r2, lsl #4
	.loc	1 2305 27                       @ ../../libraries/sdk/drives/fsl_flexcan.c:2305:27
	str.w	r0, [r1, #140]
.Ltmp341:
	.loc	1 2307 9 is_stmt 1              @ ../../libraries/sdk/drives/fsl_flexcan.c:2307:9
	ldrb.w	r0, [sp, #11]
.Ltmp342:
	.loc	1 2307 9 is_stmt 0              @ ../../libraries/sdk/drives/fsl_flexcan.c:2307:9
	lsls	r0, r0, #31
	cbz	r0, .LBB28_18
	b	.LBB28_13
.LBB28_13:
.Ltmp343:
	.loc	1 2310 30 is_stmt 1             @ ../../libraries/sdk/drives/fsl_flexcan.c:2310:30
	ldr	r0, [sp, #12]
	.loc	1 2310 43 is_stmt 0             @ ../../libraries/sdk/drives/fsl_flexcan.c:2310:43
	ldr	r0, [r0]
	.loc	1 2310 9                        @ ../../libraries/sdk/drives/fsl_flexcan.c:2310:9
	ldr	r1, [sp, #20]
	.loc	1 2310 18                       @ ../../libraries/sdk/drives/fsl_flexcan.c:2310:18
	ldrb.w	r2, [sp, #19]
	.loc	1 2310 15                       @ ../../libraries/sdk/drives/fsl_flexcan.c:2310:15
	add.w	r1, r1, r2, lsl #4
	.loc	1 2310 28                       @ ../../libraries/sdk/drives/fsl_flexcan.c:2310:28
	str.w	r0, [r1, #132]
.Ltmp344:
	.loc	1 2313 43 is_stmt 1             @ ../../libraries/sdk/drives/fsl_flexcan.c:2313:43
	ldr	r0, [sp, #12]
	.loc	1 2313 56 is_stmt 0             @ ../../libraries/sdk/drives/fsl_flexcan.c:2313:56
	ldrb	r0, [r0, #4]
.Ltmp345:
	.loc	1 2313 13                       @ ../../libraries/sdk/drives/fsl_flexcan.c:2313:13
	cmp	r0, #1
	bne	.LBB28_15
	b	.LBB28_14
.LBB28_14:
.Ltmp346:
	.loc	1 2315 21 is_stmt 1             @ ../../libraries/sdk/drives/fsl_flexcan.c:2315:21
	ldr	r0, [sp, #4]
	orr	r0, r0, #2097152
	str	r0, [sp, #4]
	.loc	1 2316 9                        @ ../../libraries/sdk/drives/fsl_flexcan.c:2316:9
	b	.LBB28_15
.Ltmp347:
.LBB28_15:
	.loc	1 2319 41                       @ ../../libraries/sdk/drives/fsl_flexcan.c:2319:41
	ldr	r0, [sp, #12]
	.loc	1 2319 54 is_stmt 0             @ ../../libraries/sdk/drives/fsl_flexcan.c:2319:54
	ldrb	r0, [r0, #5]
.Ltmp348:
	.loc	1 2319 13                       @ ../../libraries/sdk/drives/fsl_flexcan.c:2319:13
	cmp	r0, #1
	bne	.LBB28_17
	b	.LBB28_16
.LBB28_16:
.Ltmp349:
	.loc	1 2321 21 is_stmt 1             @ ../../libraries/sdk/drives/fsl_flexcan.c:2321:21
	ldr	r0, [sp, #4]
	orr	r0, r0, #1048576
	str	r0, [sp, #4]
	.loc	1 2322 9                        @ ../../libraries/sdk/drives/fsl_flexcan.c:2322:9
	b	.LBB28_17
.Ltmp350:
.LBB28_17:
	.loc	1 2325 17                       @ ../../libraries/sdk/drives/fsl_flexcan.c:2325:17
	ldr	r0, [sp, #4]
	orr	r0, r0, #67108864
	str	r0, [sp, #4]
	.loc	1 2326 30                       @ ../../libraries/sdk/drives/fsl_flexcan.c:2326:30
	ldr	r0, [sp, #4]
	.loc	1 2326 9 is_stmt 0              @ ../../libraries/sdk/drives/fsl_flexcan.c:2326:9
	ldr	r1, [sp, #20]
	.loc	1 2326 18                       @ ../../libraries/sdk/drives/fsl_flexcan.c:2326:18
	ldrb.w	r2, [sp, #19]
	.loc	1 2326 15                       @ ../../libraries/sdk/drives/fsl_flexcan.c:2326:15
	add.w	r1, r1, r2, lsl #4
	.loc	1 2326 28                       @ ../../libraries/sdk/drives/fsl_flexcan.c:2326:28
	str.w	r0, [r1, #128]
	.loc	1 2327 5 is_stmt 1              @ ../../libraries/sdk/drives/fsl_flexcan.c:2327:5
	b	.LBB28_18
.Ltmp351:
.LBB28_18:
	.loc	1 2328 1                        @ ../../libraries/sdk/drives/fsl_flexcan.c:2328:1
	add	sp, #24
	pop	{r7, pc}
.Ltmp352:
.Lfunc_end28:
	.size	FLEXCAN_SetRxMbConfig, .Lfunc_end28-FLEXCAN_SetRxMbConfig
	.cfi_endproc
	.cantunwind
	.fnend
                                        @ -- End function
	.section	.text.FLEXCAN_SetFDRxMbConfig,"ax",%progbits
	.hidden	FLEXCAN_SetFDRxMbConfig         @ -- Begin function FLEXCAN_SetFDRxMbConfig
	.globl	FLEXCAN_SetFDRxMbConfig
	.p2align	3
	.type	FLEXCAN_SetFDRxMbConfig,%function
	.code	16                              @ @FLEXCAN_SetFDRxMbConfig
	.thumb_func
FLEXCAN_SetFDRxMbConfig:
.Lfunc_begin29:
	.loc	1 2345 0                        @ ../../libraries/sdk/drives/fsl_flexcan.c:2345:0
	.fnstart
	.cfi_startproc
@ %bb.0:
	.save	{r7, lr}
	push	{r7, lr}
	.cfi_def_cfa_offset 8
	.cfi_offset lr, -4
	.cfi_offset r7, -8
	.pad	#48
	sub	sp, #48
	.cfi_def_cfa_offset 56
                                        @ kill: def $r12 killed $r3
                                        @ kill: def $r12 killed $r1
	str	r0, [sp, #44]
	strb.w	r1, [sp, #43]
	str	r2, [sp, #36]
	strb.w	r3, [sp, #35]
.Ltmp353:
	.loc	1 2347 5 prologue_end           @ ../../libraries/sdk/drives/fsl_flexcan.c:2347:5
	ldrb.w	r0, [sp, #43]
	ldr	r1, [sp, #44]
	ldr	r1, [r1]
	and	r1, r1, #127
	cmp	r0, r1
	bhi	.LBB29_2
	b	.LBB29_1
.LBB29_1:
	b	.LBB29_3
.LBB29_2:
	movw	r0, :lower16:.L.str.9
	movt	r0, :upper16:.L.str.9
	movw	r1, :lower16:.L.str.1
	movt	r1, :upper16:.L.str.1
	movw	r2, #2347
	bl	__aeabi_assert
.LBB29_3:
	.loc	1 2348 5                        @ ../../libraries/sdk/drives/fsl_flexcan.c:2348:5
	ldr	r0, [sp, #36]
	cbnz	r0, .LBB29_5
	b	.LBB29_4
.LBB29_4:
	ldrb.w	r0, [sp, #35]
	lsls	r0, r0, #31
	cbnz	r0, .LBB29_6
	b	.LBB29_5
.LBB29_5:
	b	.LBB29_7
.LBB29_6:
	movw	r0, :lower16:.L.str.15
	movt	r0, :upper16:.L.str.15
	movw	r1, :lower16:.L.str.1
	movt	r1, :upper16:.L.str.1
	movw	r2, #2348
	bl	__aeabi_assert
.LBB29_7:
	ldr	r1, [sp, #36]
	movs	r0, #1
	str	r0, [sp, #4]                    @ 4-byte Spill
	cbnz	r1, .LBB29_9
	b	.LBB29_8
.LBB29_8:
	ldrb.w	r1, [sp, #35]
	movs	r0, #1
	bics	r0, r1
	str	r0, [sp, #4]                    @ 4-byte Spill
	b	.LBB29_9
.LBB29_9:
	.loc	1 0 5 is_stmt 0                 @ ../../libraries/sdk/drives/fsl_flexcan.c:0:5
	ldr	r0, [sp, #4]                    @ 4-byte Reload
	.loc	1 2350 5 is_stmt 1              @ ../../libraries/sdk/drives/fsl_flexcan.c:2350:5
	ldr	r0, [sp, #44]
	ldrb.w	r1, [sp, #43]
	bl	FLEXCAN_IsMbOccupied
	cbnz	r0, .LBB29_11
	b	.LBB29_10
.LBB29_10:
	b	.LBB29_12
.LBB29_11:
	movw	r0, :lower16:.L.str.10
	movt	r0, :upper16:.L.str.10
	movw	r1, :lower16:.L.str.1
	movt	r1, :upper16:.L.str.1
	movw	r2, #2350
	bl	__aeabi_assert
.LBB29_12:
	.loc	1 0 5 is_stmt 0                 @ ../../libraries/sdk/drives/fsl_flexcan.c:0:5
	movs	r0, #0
	.loc	1 2353 14 is_stmt 1             @ ../../libraries/sdk/drives/fsl_flexcan.c:2353:14
	str	r0, [sp]                        @ 4-byte Spill
	str	r0, [sp, #28]
	.loc	1 2354 13                       @ ../../libraries/sdk/drives/fsl_flexcan.c:2354:13
	strb.w	r0, [sp, #27]
	.loc	1 2355 35                       @ ../../libraries/sdk/drives/fsl_flexcan.c:2355:35
	ldr	r0, [sp, #44]
	.loc	1 2355 41 is_stmt 0             @ ../../libraries/sdk/drives/fsl_flexcan.c:2355:41
	adds	r0, #128
	.loc	1 2355 24                       @ ../../libraries/sdk/drives/fsl_flexcan.c:2355:24
	str	r0, [sp, #20]
	.loc	1 2356 60 is_stmt 1             @ ../../libraries/sdk/drives/fsl_flexcan.c:2356:60
	ldr	r0, [sp, #44]
	.loc	1 2356 66 is_stmt 0             @ ../../libraries/sdk/drives/fsl_flexcan.c:2356:66
	ldrb.w	r1, [sp, #43]
	.loc	1 2356 33                       @ ../../libraries/sdk/drives/fsl_flexcan.c:2356:33
	bl	FLEXCAN_GetFDMailboxOffset
	mov	r1, r0
	.loc	1 2356 14                       @ ../../libraries/sdk/drives/fsl_flexcan.c:2356:14
	ldr	r0, [sp]                        @ 4-byte Reload
	str	r1, [sp, #16]
	.loc	1 2358 26 is_stmt 1             @ ../../libraries/sdk/drives/fsl_flexcan.c:2358:26
	ldr	r1, [sp, #44]
	.loc	1 2358 32 is_stmt 0             @ ../../libraries/sdk/drives/fsl_flexcan.c:2358:32
	ldr.w	r1, [r1, #3072]
	.loc	1 2358 65                       @ ../../libraries/sdk/drives/fsl_flexcan.c:2358:65
	ubfx	r1, r1, #16, #2
	.loc	1 2358 14                       @ ../../libraries/sdk/drives/fsl_flexcan.c:2358:14
	str	r1, [sp, #8]
	.loc	1 2361 5 is_stmt 1              @ ../../libraries/sdk/drives/fsl_flexcan.c:2361:5
	ldr	r1, [sp, #20]
	.loc	1 2361 12 is_stmt 0             @ ../../libraries/sdk/drives/fsl_flexcan.c:2361:12
	ldr	r2, [sp, #16]
	.loc	1 2361 20                       @ ../../libraries/sdk/drives/fsl_flexcan.c:2361:20
	str.w	r0, [r1, r2, lsl #2]
	.loc	1 2364 5 is_stmt 1              @ ../../libraries/sdk/drives/fsl_flexcan.c:2364:5
	ldr	r1, [sp, #20]
	.loc	1 2364 12 is_stmt 0             @ ../../libraries/sdk/drives/fsl_flexcan.c:2364:12
	ldr	r2, [sp, #16]
	.loc	1 2364 5                        @ ../../libraries/sdk/drives/fsl_flexcan.c:2364:5
	add.w	r1, r1, r2, lsl #2
	.loc	1 2364 25                       @ ../../libraries/sdk/drives/fsl_flexcan.c:2364:25
	str	r0, [r1, #4]
	.loc	1 2367 28 is_stmt 1             @ ../../libraries/sdk/drives/fsl_flexcan.c:2367:28
	ldr	r2, [sp, #8]
	movs	r1, #2
	.loc	1 2367 25 is_stmt 0             @ ../../libraries/sdk/drives/fsl_flexcan.c:2367:25
	lsls	r1, r2
	.loc	1 2367 19                       @ ../../libraries/sdk/drives/fsl_flexcan.c:2367:19
	strb.w	r1, [sp, #15]
.Ltmp354:
	.loc	1 2368 14 is_stmt 1             @ ../../libraries/sdk/drives/fsl_flexcan.c:2368:14
	strb.w	r0, [sp, #27]
	.loc	1 2368 10 is_stmt 0             @ ../../libraries/sdk/drives/fsl_flexcan.c:2368:10
	b	.LBB29_13
.LBB29_13:                              @ =>This Inner Loop Header: Depth=1
.Ltmp355:
	.loc	1 2368 19                       @ ../../libraries/sdk/drives/fsl_flexcan.c:2368:19
	ldrb.w	r0, [sp, #27]
	.loc	1 2368 25                       @ ../../libraries/sdk/drives/fsl_flexcan.c:2368:25
	ldrb.w	r1, [sp, #15]
.Ltmp356:
	.loc	1 2368 5                        @ ../../libraries/sdk/drives/fsl_flexcan.c:2368:5
	cmp	r0, r1
	bge	.LBB29_16
	b	.LBB29_14
.LBB29_14:                              @   in Loop: Header=BB29_13 Depth=1
.Ltmp357:
	.loc	1 2370 9 is_stmt 1              @ ../../libraries/sdk/drives/fsl_flexcan.c:2370:9
	ldr	r0, [sp, #20]
	.loc	1 2370 16 is_stmt 0             @ ../../libraries/sdk/drives/fsl_flexcan.c:2370:16
	ldr	r1, [sp, #16]
	.loc	1 2370 30                       @ ../../libraries/sdk/drives/fsl_flexcan.c:2370:30
	ldrb.w	r2, [sp, #27]
	.loc	1 2370 23                       @ ../../libraries/sdk/drives/fsl_flexcan.c:2370:23
	add	r1, r2
	.loc	1 2370 9                        @ ../../libraries/sdk/drives/fsl_flexcan.c:2370:9
	add.w	r1, r0, r1, lsl #2
	movs	r0, #0
	.loc	1 2370 35                       @ ../../libraries/sdk/drives/fsl_flexcan.c:2370:35
	str	r0, [r1, #8]
	.loc	1 2371 5 is_stmt 1              @ ../../libraries/sdk/drives/fsl_flexcan.c:2371:5
	b	.LBB29_15
.Ltmp358:
.LBB29_15:                              @   in Loop: Header=BB29_13 Depth=1
	.loc	1 2368 43                       @ ../../libraries/sdk/drives/fsl_flexcan.c:2368:43
	ldrb.w	r0, [sp, #27]
	adds	r0, #1
	strb.w	r0, [sp, #27]
	.loc	1 2368 5 is_stmt 0              @ ../../libraries/sdk/drives/fsl_flexcan.c:2368:5
	b	.LBB29_13
.Ltmp359:
.LBB29_16:
	.loc	1 2373 9 is_stmt 1              @ ../../libraries/sdk/drives/fsl_flexcan.c:2373:9
	ldrb.w	r0, [sp, #35]
.Ltmp360:
	.loc	1 2373 9 is_stmt 0              @ ../../libraries/sdk/drives/fsl_flexcan.c:2373:9
	lsls	r0, r0, #31
	cbz	r0, .LBB29_22
	b	.LBB29_17
.LBB29_17:
.Ltmp361:
	.loc	1 2376 31 is_stmt 1             @ ../../libraries/sdk/drives/fsl_flexcan.c:2376:31
	ldr	r0, [sp, #36]
	.loc	1 2376 44 is_stmt 0             @ ../../libraries/sdk/drives/fsl_flexcan.c:2376:44
	ldr	r0, [r0]
	.loc	1 2376 9                        @ ../../libraries/sdk/drives/fsl_flexcan.c:2376:9
	ldr	r1, [sp, #20]
	.loc	1 2376 16                       @ ../../libraries/sdk/drives/fsl_flexcan.c:2376:16
	ldr	r2, [sp, #16]
	.loc	1 2376 9                        @ ../../libraries/sdk/drives/fsl_flexcan.c:2376:9
	add.w	r1, r1, r2, lsl #2
	.loc	1 2376 29                       @ ../../libraries/sdk/drives/fsl_flexcan.c:2376:29
	str	r0, [r1, #4]
.Ltmp362:
	.loc	1 2379 43 is_stmt 1             @ ../../libraries/sdk/drives/fsl_flexcan.c:2379:43
	ldr	r0, [sp, #36]
	.loc	1 2379 56 is_stmt 0             @ ../../libraries/sdk/drives/fsl_flexcan.c:2379:56
	ldrb	r0, [r0, #4]
.Ltmp363:
	.loc	1 2379 13                       @ ../../libraries/sdk/drives/fsl_flexcan.c:2379:13
	cmp	r0, #1
	bne	.LBB29_19
	b	.LBB29_18
.LBB29_18:
.Ltmp364:
	.loc	1 2381 21 is_stmt 1             @ ../../libraries/sdk/drives/fsl_flexcan.c:2381:21
	ldr	r0, [sp, #28]
	orr	r0, r0, #2097152
	str	r0, [sp, #28]
	.loc	1 2382 9                        @ ../../libraries/sdk/drives/fsl_flexcan.c:2382:9
	b	.LBB29_19
.Ltmp365:
.LBB29_19:
	.loc	1 2385 41                       @ ../../libraries/sdk/drives/fsl_flexcan.c:2385:41
	ldr	r0, [sp, #36]
	.loc	1 2385 54 is_stmt 0             @ ../../libraries/sdk/drives/fsl_flexcan.c:2385:54
	ldrb	r0, [r0, #5]
.Ltmp366:
	.loc	1 2385 13                       @ ../../libraries/sdk/drives/fsl_flexcan.c:2385:13
	cmp	r0, #1
	bne	.LBB29_21
	b	.LBB29_20
.LBB29_20:
.Ltmp367:
	.loc	1 2387 21 is_stmt 1             @ ../../libraries/sdk/drives/fsl_flexcan.c:2387:21
	ldr	r0, [sp, #28]
	orr	r0, r0, #1048576
	str	r0, [sp, #28]
	.loc	1 2388 9                        @ ../../libraries/sdk/drives/fsl_flexcan.c:2388:9
	b	.LBB29_21
.Ltmp368:
.LBB29_21:
	.loc	1 2391 17                       @ ../../libraries/sdk/drives/fsl_flexcan.c:2391:17
	ldr	r0, [sp, #28]
	orr	r0, r0, #67108864
	str	r0, [sp, #28]
	.loc	1 2392 26                       @ ../../libraries/sdk/drives/fsl_flexcan.c:2392:26
	ldr	r0, [sp, #28]
	.loc	1 2392 9 is_stmt 0              @ ../../libraries/sdk/drives/fsl_flexcan.c:2392:9
	ldr	r1, [sp, #20]
	.loc	1 2392 16                       @ ../../libraries/sdk/drives/fsl_flexcan.c:2392:16
	ldr	r2, [sp, #16]
	.loc	1 2392 24                       @ ../../libraries/sdk/drives/fsl_flexcan.c:2392:24
	str.w	r0, [r1, r2, lsl #2]
	.loc	1 2393 5 is_stmt 1              @ ../../libraries/sdk/drives/fsl_flexcan.c:2393:5
	b	.LBB29_22
.Ltmp369:
.LBB29_22:
	.loc	1 2394 1                        @ ../../libraries/sdk/drives/fsl_flexcan.c:2394:1
	add	sp, #48
	pop	{r7, pc}
.Ltmp370:
.Lfunc_end29:
	.size	FLEXCAN_SetFDRxMbConfig, .Lfunc_end29-FLEXCAN_SetFDRxMbConfig
	.cfi_endproc
	.cantunwind
	.fnend
                                        @ -- End function
	.section	.text.FLEXCAN_SetRxFifoConfig,"ax",%progbits
	.hidden	FLEXCAN_SetRxFifoConfig         @ -- Begin function FLEXCAN_SetRxFifoConfig
	.globl	FLEXCAN_SetRxFifoConfig
	.p2align	3
	.type	FLEXCAN_SetRxFifoConfig,%function
	.code	16                              @ @FLEXCAN_SetRxFifoConfig
	.thumb_func
FLEXCAN_SetRxFifoConfig:
.Lfunc_begin30:
	.loc	1 2411 0                        @ ../../libraries/sdk/drives/fsl_flexcan.c:2411:0
	.fnstart
	.cfi_startproc
@ %bb.0:
	.save	{r7, lr}
	push	{r7, lr}
	.cfi_def_cfa_offset 8
	.cfi_offset lr, -4
	.cfi_offset r7, -8
	.pad	#48
	sub	sp, #48
	.cfi_def_cfa_offset 56
                                        @ kill: def $r3 killed $r2
	str	r0, [sp, #44]
	str	r1, [sp, #40]
	strb.w	r2, [sp, #39]
.Ltmp371:
	.loc	1 2413 5 prologue_end           @ ../../libraries/sdk/drives/fsl_flexcan.c:2413:5
	ldr	r0, [sp, #40]
	cbnz	r0, .LBB30_2
	b	.LBB30_1
.LBB30_1:
	ldrb.w	r0, [sp, #39]
	lsls	r0, r0, #31
	cbnz	r0, .LBB30_3
	b	.LBB30_2
.LBB30_2:
	b	.LBB30_4
.LBB30_3:
	movw	r0, :lower16:.L.str.16
	movt	r0, :upper16:.L.str.16
	movw	r1, :lower16:.L.str.1
	movt	r1, :upper16:.L.str.1
	movw	r2, #2413
	bl	__aeabi_assert
.LBB30_4:
	ldr	r1, [sp, #40]
	movs	r0, #1
	str	r0, [sp, #16]                   @ 4-byte Spill
	cbnz	r1, .LBB30_6
	b	.LBB30_5
.LBB30_5:
	ldrb.w	r1, [sp, #39]
	movs	r0, #1
	bics	r0, r1
	str	r0, [sp, #16]                   @ 4-byte Spill
	b	.LBB30_6
.LBB30_6:
	.loc	1 0 5 is_stmt 0                 @ ../../libraries/sdk/drives/fsl_flexcan.c:0:5
	ldr	r0, [sp, #16]                   @ 4-byte Reload
	movs	r0, #0
	.loc	1 2416 22 is_stmt 1             @ ../../libraries/sdk/drives/fsl_flexcan.c:2416:22
	strb.w	r0, [sp, #28]
	.loc	1 2417 14                       @ ../../libraries/sdk/drives/fsl_flexcan.c:2417:14
	str	r0, [sp, #20]
	.loc	1 2420 29                       @ ../../libraries/sdk/drives/fsl_flexcan.c:2420:29
	ldr	r0, [sp, #44]
	.loc	1 2420 5 is_stmt 0              @ ../../libraries/sdk/drives/fsl_flexcan.c:2420:5
	bl	FLEXCAN_EnterFreezeMode
.Ltmp372:
	.loc	1 2422 9 is_stmt 1              @ ../../libraries/sdk/drives/fsl_flexcan.c:2422:9
	ldrb.w	r0, [sp, #39]
.Ltmp373:
	.loc	1 2422 9 is_stmt 0              @ ../../libraries/sdk/drives/fsl_flexcan.c:2422:9
	lsls	r0, r0, #31
	cmp	r0, #0
	beq.w	.LBB30_45
	b	.LBB30_7
.LBB30_7:
.Ltmp374:
	.loc	1 2424 9 is_stmt 1              @ ../../libraries/sdk/drives/fsl_flexcan.c:2424:9
	ldr	r0, [sp, #40]
	ldrb	r0, [r0, #4]
	cmp	r0, #128
	bhi	.LBB30_9
	b	.LBB30_8
.LBB30_8:
	b	.LBB30_10
.LBB30_9:
	movw	r0, :lower16:.L.str.17
	movt	r0, :upper16:.L.str.17
	movw	r1, :lower16:.L.str.1
	movt	r1, :upper16:.L.str.1
	movw	r2, #2424
	bl	__aeabi_assert
.LBB30_10:
	.loc	1 2431 31                       @ ../../libraries/sdk/drives/fsl_flexcan.c:2431:31
	ldr	r0, [sp, #44]
	.loc	1 2431 37 is_stmt 0             @ ../../libraries/sdk/drives/fsl_flexcan.c:2431:37
	ldr	r0, [r0]
	.loc	1 2431 41                       @ ../../libraries/sdk/drives/fsl_flexcan.c:2431:41
	and	r0, r0, #127
	.loc	1 2431 18                       @ ../../libraries/sdk/drives/fsl_flexcan.c:2431:18
	str	r0, [sp, #20]
	.loc	1 2432 21 is_stmt 1             @ ../../libraries/sdk/drives/fsl_flexcan.c:2432:21
	ldr	r0, [sp, #20]
	.loc	1 2432 20 is_stmt 0             @ ../../libraries/sdk/drives/fsl_flexcan.c:2432:20
	cmp	r0, #63
	bhi	.LBB30_12
	b	.LBB30_11
.LBB30_11:
	.loc	1 2433 24 is_stmt 1             @ ../../libraries/sdk/drives/fsl_flexcan.c:2433:24
	ldr	r0, [sp, #20]
	.loc	1 2432 20                       @ ../../libraries/sdk/drives/fsl_flexcan.c:2432:20
	str	r0, [sp, #12]                   @ 4-byte Spill
	b	.LBB30_13
.LBB30_12:
	.loc	1 0 20 is_stmt 0                @ ../../libraries/sdk/drives/fsl_flexcan.c:0:20
	movs	r0, #64
	.loc	1 2432 20                       @ ../../libraries/sdk/drives/fsl_flexcan.c:2432:20
	str	r0, [sp, #12]                   @ 4-byte Spill
	b	.LBB30_13
.LBB30_13:
	ldr	r0, [sp, #12]                   @ 4-byte Reload
	.loc	1 2432 18                       @ ../../libraries/sdk/drives/fsl_flexcan.c:2432:18
	str	r0, [sp, #20]
	movs	r0, #0
.Ltmp375:
	.loc	1 2437 16 is_stmt 1             @ ../../libraries/sdk/drives/fsl_flexcan.c:2437:16
	strb.w	r0, [sp, #31]
	.loc	1 2437 14 is_stmt 0             @ ../../libraries/sdk/drives/fsl_flexcan.c:2437:14
	b	.LBB30_14
.LBB30_14:                              @ =>This Inner Loop Header: Depth=1
.Ltmp376:
	.loc	1 2437 21                       @ ../../libraries/sdk/drives/fsl_flexcan.c:2437:21
	ldrb.w	r0, [sp, #31]
.Ltmp377:
	.loc	1 2437 9                        @ ../../libraries/sdk/drives/fsl_flexcan.c:2437:9
	cmp	r0, #15
	bhi	.LBB30_22
	b	.LBB30_15
.LBB30_15:                              @   in Loop: Header=BB30_14 Depth=1
.Ltmp378:
	.loc	1 2439 24 is_stmt 1             @ ../../libraries/sdk/drives/fsl_flexcan.c:2439:24
	ldrb.w	r0, [sp, #31]
	.loc	1 2439 21 is_stmt 0             @ ../../libraries/sdk/drives/fsl_flexcan.c:2439:21
	adds	r0, #1
	lsls	r0, r0, #3
	.loc	1 2439 36                       @ ../../libraries/sdk/drives/fsl_flexcan.c:2439:36
	ldr	r1, [sp, #40]
	.loc	1 2439 51                       @ ../../libraries/sdk/drives/fsl_flexcan.c:2439:51
	ldrb	r1, [r1, #4]
.Ltmp379:
	.loc	1 2439 17                       @ ../../libraries/sdk/drives/fsl_flexcan.c:2439:17
	cmp	r0, r1
	blo	.LBB30_20
	b	.LBB30_16
.LBB30_16:
.Ltmp380:
	.loc	1 2441 24 is_stmt 1             @ ../../libraries/sdk/drives/fsl_flexcan.c:2441:24
	ldrb.w	r0, [sp, #31]
	.loc	1 2441 22 is_stmt 0             @ ../../libraries/sdk/drives/fsl_flexcan.c:2441:22
	strb.w	r0, [sp, #28]
	.loc	1 2442 17 is_stmt 1             @ ../../libraries/sdk/drives/fsl_flexcan.c:2442:17
	ldr	r0, [sp, #20]
	ldrb.w	r1, [sp, #28]
	sub.w	r0, r0, r1, lsl #1
	cmp	r0, #8
	beq	.LBB30_18
	b	.LBB30_17
.LBB30_17:
	b	.LBB30_19
.LBB30_18:
	movw	r0, :lower16:.L.str.18
	movt	r0, :upper16:.L.str.18
	movw	r1, :lower16:.L.str.1
	movt	r1, :upper16:.L.str.1
	movw	r2, #2442
	bl	__aeabi_assert
.LBB30_19:
	.loc	1 2444 32                       @ ../../libraries/sdk/drives/fsl_flexcan.c:2444:32
	ldr	r0, [sp, #44]
	.loc	1 2444 38 is_stmt 0             @ ../../libraries/sdk/drives/fsl_flexcan.c:2444:38
	ldr	r0, [r0, #52]
	.loc	1 2444 70                       @ ../../libraries/sdk/drives/fsl_flexcan.c:2444:70
	ldrb.w	r1, [sp, #28]
	.loc	1 2444 68                       @ ../../libraries/sdk/drives/fsl_flexcan.c:2444:68
	bfi	r0, r1, #24, #4
	.loc	1 2444 17                       @ ../../libraries/sdk/drives/fsl_flexcan.c:2444:17
	ldr	r1, [sp, #44]
	.loc	1 2444 29                       @ ../../libraries/sdk/drives/fsl_flexcan.c:2444:29
	str	r0, [r1, #52]
	.loc	1 2445 17 is_stmt 1             @ ../../libraries/sdk/drives/fsl_flexcan.c:2445:17
	b	.LBB30_22
.Ltmp381:
.LBB30_20:                              @   in Loop: Header=BB30_14 Depth=1
	.loc	1 2447 9                        @ ../../libraries/sdk/drives/fsl_flexcan.c:2447:9
	b	.LBB30_21
.Ltmp382:
.LBB30_21:                              @   in Loop: Header=BB30_14 Depth=1
	.loc	1 2437 33                       @ ../../libraries/sdk/drives/fsl_flexcan.c:2437:33
	ldrb.w	r0, [sp, #31]
	adds	r0, #1
	strb.w	r0, [sp, #31]
	.loc	1 2437 9 is_stmt 0              @ ../../libraries/sdk/drives/fsl_flexcan.c:2437:9
	b	.LBB30_14
.Ltmp383:
.LBB30_22:
	.loc	1 2450 29 is_stmt 1             @ ../../libraries/sdk/drives/fsl_flexcan.c:2450:29
	ldrb.w	r1, [sp, #28]
	movs	r0, #8
	.loc	1 2450 26 is_stmt 0             @ ../../libraries/sdk/drives/fsl_flexcan.c:2450:26
	add.w	r0, r0, r1, lsl #1
	.loc	1 2450 21                       @ ../../libraries/sdk/drives/fsl_flexcan.c:2450:21
	strb.w	r0, [sp, #27]
	movs	r0, #0
	.loc	1 2453 11 is_stmt 1             @ ../../libraries/sdk/drives/fsl_flexcan.c:2453:11
	strb.w	r0, [sp, #30]
	movs	r0, #6
.Ltmp384:
	.loc	1 2454 16                       @ ../../libraries/sdk/drives/fsl_flexcan.c:2454:16
	strb.w	r0, [sp, #31]
	.loc	1 2454 14 is_stmt 0             @ ../../libraries/sdk/drives/fsl_flexcan.c:2454:14
	b	.LBB30_23
.LBB30_23:                              @ =>This Loop Header: Depth=1
                                        @     Child Loop BB30_25 Depth 2
.Ltmp385:
	.loc	1 2454 22                       @ ../../libraries/sdk/drives/fsl_flexcan.c:2454:22
	ldrb.w	r0, [sp, #31]
	.loc	1 2454 26                       @ ../../libraries/sdk/drives/fsl_flexcan.c:2454:26
	ldrb.w	r1, [sp, #27]
.Ltmp386:
	.loc	1 2454 9                        @ ../../libraries/sdk/drives/fsl_flexcan.c:2454:9
	cmp	r0, r1
	bge	.LBB30_33
	b	.LBB30_24
.LBB30_24:                              @   in Loop: Header=BB30_23 Depth=1
.Ltmp387:
	.loc	1 2457 24 is_stmt 1             @ ../../libraries/sdk/drives/fsl_flexcan.c:2457:24
	ldr	r0, [sp, #44]
	.loc	1 2457 33 is_stmt 0             @ ../../libraries/sdk/drives/fsl_flexcan.c:2457:33
	ldrb.w	r1, [sp, #31]
	.loc	1 2457 30                       @ ../../libraries/sdk/drives/fsl_flexcan.c:2457:30
	add.w	r0, r0, r1, lsl #4
	.loc	1 2457 24                       @ ../../libraries/sdk/drives/fsl_flexcan.c:2457:24
	adds	r0, #128
	.loc	1 2457 20                       @ ../../libraries/sdk/drives/fsl_flexcan.c:2457:20
	str	r0, [sp, #32]
	movs	r0, #0
.Ltmp388:
	.loc	1 2460 20 is_stmt 1             @ ../../libraries/sdk/drives/fsl_flexcan.c:2460:20
	strb.w	r0, [sp, #29]
	.loc	1 2460 18 is_stmt 0             @ ../../libraries/sdk/drives/fsl_flexcan.c:2460:18
	b	.LBB30_25
.LBB30_25:                              @   Parent Loop BB30_23 Depth=1
                                        @ =>  This Inner Loop Header: Depth=2
.Ltmp389:
	.loc	1 2460 25                       @ ../../libraries/sdk/drives/fsl_flexcan.c:2460:25
	ldrb.w	r0, [sp, #29]
.Ltmp390:
	.loc	1 2460 13                       @ ../../libraries/sdk/drives/fsl_flexcan.c:2460:13
	cmp	r0, #3
	bhi	.LBB30_31
	b	.LBB30_26
.LBB30_26:                              @   in Loop: Header=BB30_25 Depth=2
.Ltmp391:
	.loc	1 2466 30 is_stmt 1             @ ../../libraries/sdk/drives/fsl_flexcan.c:2466:30
	ldrb.w	r0, [sp, #30]
	.loc	1 2466 34 is_stmt 0             @ ../../libraries/sdk/drives/fsl_flexcan.c:2466:34
	ldr	r1, [sp, #40]
	.loc	1 2466 49                       @ ../../libraries/sdk/drives/fsl_flexcan.c:2466:49
	ldrb	r1, [r1, #4]
	.loc	1 2466 29                       @ ../../libraries/sdk/drives/fsl_flexcan.c:2466:29
	cmp	r0, r1
	bge	.LBB30_28
	b	.LBB30_27
.LBB30_27:                              @   in Loop: Header=BB30_25 Depth=2
	.loc	1 2466 65                       @ ../../libraries/sdk/drives/fsl_flexcan.c:2466:65
	ldr	r0, [sp, #40]
	.loc	1 2466 80                       @ ../../libraries/sdk/drives/fsl_flexcan.c:2466:80
	ldr	r0, [r0]
	.loc	1 2466 94                       @ ../../libraries/sdk/drives/fsl_flexcan.c:2466:94
	ldrb.w	r1, [sp, #30]
	.loc	1 2466 65                       @ ../../libraries/sdk/drives/fsl_flexcan.c:2466:65
	ldr.w	r0, [r0, r1, lsl #2]
	.loc	1 2466 29                       @ ../../libraries/sdk/drives/fsl_flexcan.c:2466:29
	str	r0, [sp, #8]                    @ 4-byte Spill
	b	.LBB30_29
.LBB30_28:                              @   in Loop: Header=BB30_25 Depth=2
	.loc	1 0 29                          @ ../../libraries/sdk/drives/fsl_flexcan.c:0:29
	mov.w	r0, #-1
	.loc	1 2466 29                       @ ../../libraries/sdk/drives/fsl_flexcan.c:2466:29
	str	r0, [sp, #8]                    @ 4-byte Spill
	b	.LBB30_29
.LBB30_29:                              @   in Loop: Header=BB30_25 Depth=2
	ldr	r0, [sp, #8]                    @ 4-byte Reload
	.loc	1 2466 17                       @ ../../libraries/sdk/drives/fsl_flexcan.c:2466:17
	ldr	r1, [sp, #32]
	.loc	1 2466 24                       @ ../../libraries/sdk/drives/fsl_flexcan.c:2466:24
	ldrb.w	r2, [sp, #29]
	.loc	1 2466 27                       @ ../../libraries/sdk/drives/fsl_flexcan.c:2466:27
	str.w	r0, [r1, r2, lsl #2]
	.loc	1 2469 18 is_stmt 1             @ ../../libraries/sdk/drives/fsl_flexcan.c:2469:18
	ldrb.w	r0, [sp, #30]
	adds	r0, #1
	strb.w	r0, [sp, #30]
	.loc	1 2470 13                       @ ../../libraries/sdk/drives/fsl_flexcan.c:2470:13
	b	.LBB30_30
.Ltmp392:
.LBB30_30:                              @   in Loop: Header=BB30_25 Depth=2
	.loc	1 2460 34                       @ ../../libraries/sdk/drives/fsl_flexcan.c:2460:34
	ldrb.w	r0, [sp, #29]
	adds	r0, #1
	strb.w	r0, [sp, #29]
	.loc	1 2460 13 is_stmt 0             @ ../../libraries/sdk/drives/fsl_flexcan.c:2460:13
	b	.LBB30_25
.Ltmp393:
.LBB30_31:                              @   in Loop: Header=BB30_23 Depth=1
	.loc	1 2471 9 is_stmt 1              @ ../../libraries/sdk/drives/fsl_flexcan.c:2471:9
	b	.LBB30_32
.Ltmp394:
.LBB30_32:                              @   in Loop: Header=BB30_23 Depth=1
	.loc	1 2454 40                       @ ../../libraries/sdk/drives/fsl_flexcan.c:2454:40
	ldrb.w	r0, [sp, #31]
	adds	r0, #1
	strb.w	r0, [sp, #31]
	.loc	1 2454 9 is_stmt 0              @ ../../libraries/sdk/drives/fsl_flexcan.c:2454:9
	b	.LBB30_23
.Ltmp395:
.LBB30_33:
	.loc	1 2474 17 is_stmt 1             @ ../../libraries/sdk/drives/fsl_flexcan.c:2474:17
	ldr	r0, [sp, #40]
	.loc	1 2474 32 is_stmt 0             @ ../../libraries/sdk/drives/fsl_flexcan.c:2474:32
	ldrb	r0, [r0, #5]
	.loc	1 2474 9                        @ ../../libraries/sdk/drives/fsl_flexcan.c:2474:9
	mov	r1, r0
	str	r1, [sp, #4]                    @ 4-byte Spill
	cmp	r0, #3
	bhi	.LBB30_40
@ %bb.34:
	.loc	1 0 9                           @ ../../libraries/sdk/drives/fsl_flexcan.c:0:9
	ldr	r1, [sp, #4]                    @ 4-byte Reload
.LCPI30_0:
	tbb	[pc, r1]
@ %bb.35:
.LJTI30_0:
	.byte	(.LBB30_36-(.LCPI30_0+4))/2
	.byte	(.LBB30_37-(.LCPI30_0+4))/2
	.byte	(.LBB30_38-(.LCPI30_0+4))/2
	.byte	(.LBB30_39-(.LCPI30_0+4))/2
	.p2align	1
.LBB30_36:
.Ltmp396:
	.loc	1 2477 30 is_stmt 1             @ ../../libraries/sdk/drives/fsl_flexcan.c:2477:30
	ldr	r0, [sp, #44]
	.loc	1 2477 36 is_stmt 0             @ ../../libraries/sdk/drives/fsl_flexcan.c:2477:36
	ldr	r0, [r0]
	.loc	1 2477 40                       @ ../../libraries/sdk/drives/fsl_flexcan.c:2477:40
	bic	r0, r0, #768
	.loc	1 2477 17                       @ ../../libraries/sdk/drives/fsl_flexcan.c:2477:17
	ldr	r1, [sp, #44]
	.loc	1 2477 27                       @ ../../libraries/sdk/drives/fsl_flexcan.c:2477:27
	str	r0, [r1]
	.loc	1 2478 17 is_stmt 1             @ ../../libraries/sdk/drives/fsl_flexcan.c:2478:17
	b	.LBB30_41
.LBB30_37:
	.loc	1 2480 30                       @ ../../libraries/sdk/drives/fsl_flexcan.c:2480:30
	ldr	r0, [sp, #44]
	.loc	1 2480 36 is_stmt 0             @ ../../libraries/sdk/drives/fsl_flexcan.c:2480:36
	ldr	r0, [r0]
	movs	r1, #1
	.loc	1 2480 62                       @ ../../libraries/sdk/drives/fsl_flexcan.c:2480:62
	bfi	r0, r1, #8, #2
	.loc	1 2480 17                       @ ../../libraries/sdk/drives/fsl_flexcan.c:2480:17
	ldr	r1, [sp, #44]
	.loc	1 2480 27                       @ ../../libraries/sdk/drives/fsl_flexcan.c:2480:27
	str	r0, [r1]
	.loc	1 2481 17 is_stmt 1             @ ../../libraries/sdk/drives/fsl_flexcan.c:2481:17
	b	.LBB30_41
.LBB30_38:
	.loc	1 2483 30                       @ ../../libraries/sdk/drives/fsl_flexcan.c:2483:30
	ldr	r0, [sp, #44]
	.loc	1 2483 36 is_stmt 0             @ ../../libraries/sdk/drives/fsl_flexcan.c:2483:36
	ldr	r0, [r0]
	movs	r1, #2
	.loc	1 2483 62                       @ ../../libraries/sdk/drives/fsl_flexcan.c:2483:62
	bfi	r0, r1, #8, #2
	.loc	1 2483 17                       @ ../../libraries/sdk/drives/fsl_flexcan.c:2483:17
	ldr	r1, [sp, #44]
	.loc	1 2483 27                       @ ../../libraries/sdk/drives/fsl_flexcan.c:2483:27
	str	r0, [r1]
	.loc	1 2484 17 is_stmt 1             @ ../../libraries/sdk/drives/fsl_flexcan.c:2484:17
	b	.LBB30_41
.LBB30_39:
	.loc	1 2487 30                       @ ../../libraries/sdk/drives/fsl_flexcan.c:2487:30
	ldr	r0, [sp, #44]
	.loc	1 2487 36 is_stmt 0             @ ../../libraries/sdk/drives/fsl_flexcan.c:2487:36
	ldr	r0, [r0]
	.loc	1 2487 62                       @ ../../libraries/sdk/drives/fsl_flexcan.c:2487:62
	orr	r0, r0, #768
	.loc	1 2487 17                       @ ../../libraries/sdk/drives/fsl_flexcan.c:2487:17
	ldr	r1, [sp, #44]
	.loc	1 2487 27                       @ ../../libraries/sdk/drives/fsl_flexcan.c:2487:27
	str	r0, [r1]
	.loc	1 2488 17 is_stmt 1             @ ../../libraries/sdk/drives/fsl_flexcan.c:2488:17
	b	.LBB30_41
.LBB30_40:
	.loc	1 2491 17                       @ ../../libraries/sdk/drives/fsl_flexcan.c:2491:17
	movw	r0, :lower16:.L.str.19
	movt	r0, :upper16:.L.str.19
	movw	r1, :lower16:.L.str.1
	movt	r1, :upper16:.L.str.1
	movw	r2, #2491
	bl	__aeabi_assert
.Ltmp397:
.LBB30_41:
	.loc	1 2496 24                       @ ../../libraries/sdk/drives/fsl_flexcan.c:2496:24
	ldr	r0, [sp, #40]
	.loc	1 2496 39 is_stmt 0             @ ../../libraries/sdk/drives/fsl_flexcan.c:2496:39
	ldrb	r0, [r0, #6]
	.loc	1 2496 23                       @ ../../libraries/sdk/drives/fsl_flexcan.c:2496:23
	cmp	r0, #1
	bne	.LBB30_43
	b	.LBB30_42
.LBB30_42:
	.loc	1 2496 79                       @ ../../libraries/sdk/drives/fsl_flexcan.c:2496:79
	ldr	r0, [sp, #44]
	.loc	1 2496 85                       @ ../../libraries/sdk/drives/fsl_flexcan.c:2496:85
	ldr	r0, [r0, #52]
	.loc	1 2496 91                       @ ../../libraries/sdk/drives/fsl_flexcan.c:2496:91
	bic	r0, r0, #262144
	.loc	1 2496 23                       @ ../../libraries/sdk/drives/fsl_flexcan.c:2496:23
	str	r0, [sp]                        @ 4-byte Spill
	b	.LBB30_44
.LBB30_43:
	.loc	1 2497 79 is_stmt 1             @ ../../libraries/sdk/drives/fsl_flexcan.c:2497:79
	ldr	r0, [sp, #44]
	.loc	1 2497 85 is_stmt 0             @ ../../libraries/sdk/drives/fsl_flexcan.c:2497:85
	ldr	r0, [r0, #52]
	.loc	1 2497 91                       @ ../../libraries/sdk/drives/fsl_flexcan.c:2497:91
	orr	r0, r0, #262144
	.loc	1 2496 23 is_stmt 1             @ ../../libraries/sdk/drives/fsl_flexcan.c:2496:23
	str	r0, [sp]                        @ 4-byte Spill
	b	.LBB30_44
.LBB30_44:
	ldr	r0, [sp]                        @ 4-byte Reload
	.loc	1 2496 9 is_stmt 0              @ ../../libraries/sdk/drives/fsl_flexcan.c:2496:9
	ldr	r1, [sp, #44]
	.loc	1 2496 21                       @ ../../libraries/sdk/drives/fsl_flexcan.c:2496:21
	str	r0, [r1, #52]
	.loc	1 2500 9 is_stmt 1              @ ../../libraries/sdk/drives/fsl_flexcan.c:2500:9
	ldr	r1, [sp, #44]
	.loc	1 2500 19 is_stmt 0             @ ../../libraries/sdk/drives/fsl_flexcan.c:2500:19
	ldr	r0, [r1]
	orr	r0, r0, #536870912
	str	r0, [r1]
	.loc	1 2501 5 is_stmt 1              @ ../../libraries/sdk/drives/fsl_flexcan.c:2501:5
	b	.LBB30_50
.Ltmp398:
.LBB30_45:
	.loc	1 2504 27                       @ ../../libraries/sdk/drives/fsl_flexcan.c:2504:27
	ldr	r0, [sp, #44]
	.loc	1 2504 33 is_stmt 0             @ ../../libraries/sdk/drives/fsl_flexcan.c:2504:33
	ldr	r0, [r0, #52]
	.loc	1 2504 62                       @ ../../libraries/sdk/drives/fsl_flexcan.c:2504:62
	ubfx	r0, r0, #24, #4
	.loc	1 2504 14                       @ ../../libraries/sdk/drives/fsl_flexcan.c:2504:14
	strb.w	r0, [sp, #28]
	.loc	1 2506 29 is_stmt 1             @ ../../libraries/sdk/drives/fsl_flexcan.c:2506:29
	ldrb.w	r1, [sp, #28]
	movs	r0, #8
	.loc	1 2506 26 is_stmt 0             @ ../../libraries/sdk/drives/fsl_flexcan.c:2506:26
	add.w	r0, r0, r1, lsl #1
	.loc	1 2506 21                       @ ../../libraries/sdk/drives/fsl_flexcan.c:2506:21
	strb.w	r0, [sp, #27]
	.loc	1 2509 9 is_stmt 1              @ ../../libraries/sdk/drives/fsl_flexcan.c:2509:9
	ldr	r1, [sp, #44]
	.loc	1 2509 19 is_stmt 0             @ ../../libraries/sdk/drives/fsl_flexcan.c:2509:19
	ldr	r0, [r1]
	bic	r0, r0, #536870912
	str	r0, [r1]
	movs	r0, #0
.Ltmp399:
	.loc	1 2513 16 is_stmt 1             @ ../../libraries/sdk/drives/fsl_flexcan.c:2513:16
	strb.w	r0, [sp, #31]
	.loc	1 2513 14 is_stmt 0             @ ../../libraries/sdk/drives/fsl_flexcan.c:2513:14
	b	.LBB30_46
.LBB30_46:                              @ =>This Inner Loop Header: Depth=1
.Ltmp400:
	.loc	1 2513 21                       @ ../../libraries/sdk/drives/fsl_flexcan.c:2513:21
	ldrb.w	r0, [sp, #31]
	.loc	1 2513 25                       @ ../../libraries/sdk/drives/fsl_flexcan.c:2513:25
	ldrb.w	r1, [sp, #27]
.Ltmp401:
	.loc	1 2513 9                        @ ../../libraries/sdk/drives/fsl_flexcan.c:2513:9
	cmp	r0, r1
	bge	.LBB30_49
	b	.LBB30_47
.LBB30_47:                              @   in Loop: Header=BB30_46 Depth=1
.Ltmp402:
	.loc	1 2515 35 is_stmt 1             @ ../../libraries/sdk/drives/fsl_flexcan.c:2515:35
	ldr	r0, [sp, #44]
	.loc	1 2515 41 is_stmt 0             @ ../../libraries/sdk/drives/fsl_flexcan.c:2515:41
	ldrb.w	r1, [sp, #31]
	movs	r3, #0
	.loc	1 2515 13                       @ ../../libraries/sdk/drives/fsl_flexcan.c:2515:13
	mov	r2, r3
	bl	FLEXCAN_SetRxMbConfig
	.loc	1 2516 9 is_stmt 1              @ ../../libraries/sdk/drives/fsl_flexcan.c:2516:9
	b	.LBB30_48
.Ltmp403:
.LBB30_48:                              @   in Loop: Header=BB30_46 Depth=1
	.loc	1 2513 39                       @ ../../libraries/sdk/drives/fsl_flexcan.c:2513:39
	ldrb.w	r0, [sp, #31]
	adds	r0, #1
	strb.w	r0, [sp, #31]
	.loc	1 2513 9 is_stmt 0              @ ../../libraries/sdk/drives/fsl_flexcan.c:2513:9
	b	.LBB30_46
.Ltmp404:
.LBB30_49:
	.loc	1 0 9                           @ ../../libraries/sdk/drives/fsl_flexcan.c:0:9
	b	.LBB30_50
.LBB30_50:
	.loc	1 2520 28 is_stmt 1             @ ../../libraries/sdk/drives/fsl_flexcan.c:2520:28
	ldr	r0, [sp, #44]
	.loc	1 2520 5 is_stmt 0              @ ../../libraries/sdk/drives/fsl_flexcan.c:2520:5
	bl	FLEXCAN_ExitFreezeMode
	.loc	1 2521 1 is_stmt 1              @ ../../libraries/sdk/drives/fsl_flexcan.c:2521:1
	add	sp, #48
	pop	{r7, pc}
.Ltmp405:
.Lfunc_end30:
	.size	FLEXCAN_SetRxFifoConfig, .Lfunc_end30-FLEXCAN_SetRxFifoConfig
	.cfi_endproc
	.cantunwind
	.fnend
                                        @ -- End function
	.section	.text.FLEXCAN_EnableRxFifoDMA,"ax",%progbits
	.hidden	FLEXCAN_EnableRxFifoDMA         @ -- Begin function FLEXCAN_EnableRxFifoDMA
	.globl	FLEXCAN_EnableRxFifoDMA
	.p2align	3
	.type	FLEXCAN_EnableRxFifoDMA,%function
	.code	16                              @ @FLEXCAN_EnableRxFifoDMA
	.thumb_func
FLEXCAN_EnableRxFifoDMA:
.Lfunc_begin31:
	.loc	1 2603 0                        @ ../../libraries/sdk/drives/fsl_flexcan.c:2603:0
	.fnstart
	.cfi_startproc
@ %bb.0:
	.save	{r7, lr}
	push	{r7, lr}
	.cfi_def_cfa_offset 8
	.cfi_offset lr, -4
	.cfi_offset r7, -8
	.pad	#8
	sub	sp, #8
	.cfi_def_cfa_offset 16
                                        @ kill: def $r2 killed $r1
	str	r0, [sp, #4]
	strb.w	r1, [sp, #3]
.Ltmp406:
	.loc	1 2604 9 prologue_end           @ ../../libraries/sdk/drives/fsl_flexcan.c:2604:9
	ldrb.w	r0, [sp, #3]
.Ltmp407:
	.loc	1 2604 9 is_stmt 0              @ ../../libraries/sdk/drives/fsl_flexcan.c:2604:9
	lsls	r0, r0, #31
	cbz	r0, .LBB31_2
	b	.LBB31_1
.LBB31_1:
.Ltmp408:
	.loc	1 2607 33 is_stmt 1             @ ../../libraries/sdk/drives/fsl_flexcan.c:2607:33
	ldr	r0, [sp, #4]
	.loc	1 2607 9 is_stmt 0              @ ../../libraries/sdk/drives/fsl_flexcan.c:2607:9
	bl	FLEXCAN_EnterFreezeMode
	.loc	1 2610 9 is_stmt 1              @ ../../libraries/sdk/drives/fsl_flexcan.c:2610:9
	ldr	r1, [sp, #4]
	.loc	1 2610 19 is_stmt 0             @ ../../libraries/sdk/drives/fsl_flexcan.c:2610:19
	ldr	r0, [r1]
	orr	r0, r0, #32768
	str	r0, [r1]
	.loc	1 2613 32 is_stmt 1             @ ../../libraries/sdk/drives/fsl_flexcan.c:2613:32
	ldr	r0, [sp, #4]
	.loc	1 2613 9 is_stmt 0              @ ../../libraries/sdk/drives/fsl_flexcan.c:2613:9
	bl	FLEXCAN_ExitFreezeMode
	.loc	1 2614 5 is_stmt 1              @ ../../libraries/sdk/drives/fsl_flexcan.c:2614:5
	b	.LBB31_3
.Ltmp409:
.LBB31_2:
	.loc	1 2618 33                       @ ../../libraries/sdk/drives/fsl_flexcan.c:2618:33
	ldr	r0, [sp, #4]
	.loc	1 2618 9 is_stmt 0              @ ../../libraries/sdk/drives/fsl_flexcan.c:2618:9
	bl	FLEXCAN_EnterFreezeMode
	.loc	1 2621 9 is_stmt 1              @ ../../libraries/sdk/drives/fsl_flexcan.c:2621:9
	ldr	r1, [sp, #4]
	.loc	1 2621 19 is_stmt 0             @ ../../libraries/sdk/drives/fsl_flexcan.c:2621:19
	ldr	r0, [r1]
	bic	r0, r0, #32768
	str	r0, [r1]
	.loc	1 2624 32 is_stmt 1             @ ../../libraries/sdk/drives/fsl_flexcan.c:2624:32
	ldr	r0, [sp, #4]
	.loc	1 2624 9 is_stmt 0              @ ../../libraries/sdk/drives/fsl_flexcan.c:2624:9
	bl	FLEXCAN_ExitFreezeMode
	b	.LBB31_3
.Ltmp410:
.LBB31_3:
	.loc	1 2626 1 is_stmt 1              @ ../../libraries/sdk/drives/fsl_flexcan.c:2626:1
	add	sp, #8
	pop	{r7, pc}
.Ltmp411:
.Lfunc_end31:
	.size	FLEXCAN_EnableRxFifoDMA, .Lfunc_end31-FLEXCAN_EnableRxFifoDMA
	.cfi_endproc
	.cantunwind
	.fnend
                                        @ -- End function
	.section	.text.FLEXCAN_WriteTxMb,"ax",%progbits
	.hidden	FLEXCAN_WriteTxMb               @ -- Begin function FLEXCAN_WriteTxMb
	.globl	FLEXCAN_WriteTxMb
	.p2align	3
	.type	FLEXCAN_WriteTxMb,%function
	.code	16                              @ @FLEXCAN_WriteTxMb
	.thumb_func
FLEXCAN_WriteTxMb:
.Lfunc_begin32:
	.loc	1 2776 0                        @ ../../libraries/sdk/drives/fsl_flexcan.c:2776:0
	.fnstart
	.cfi_startproc
@ %bb.0:
	.save	{r7, lr}
	push	{r7, lr}
	.cfi_def_cfa_offset 8
	.cfi_offset lr, -4
	.cfi_offset r7, -8
	.pad	#32
	sub	sp, #32
	.cfi_def_cfa_offset 40
                                        @ kill: def $r3 killed $r1
	str	r0, [sp, #28]
	strb.w	r1, [sp, #27]
	str	r2, [sp, #20]
.Ltmp412:
	.loc	1 2778 5 prologue_end           @ ../../libraries/sdk/drives/fsl_flexcan.c:2778:5
	ldrb.w	r0, [sp, #27]
	ldr	r1, [sp, #28]
	ldr	r1, [r1]
	and	r1, r1, #127
	cmp	r0, r1
	bhi	.LBB32_2
	b	.LBB32_1
.LBB32_1:
	b	.LBB32_3
.LBB32_2:
	movw	r0, :lower16:.L.str.9
	movt	r0, :upper16:.L.str.9
	movw	r1, :lower16:.L.str.1
	movt	r1, :upper16:.L.str.1
	movw	r2, #2778
	bl	__aeabi_assert
.LBB32_3:
	.loc	1 2779 5                        @ ../../libraries/sdk/drives/fsl_flexcan.c:2779:5
	ldr	r0, [sp, #20]
	cbz	r0, .LBB32_5
	b	.LBB32_4
.LBB32_4:
	b	.LBB32_6
.LBB32_5:
	movw	r0, :lower16:.L.str.20
	movt	r0, :upper16:.L.str.20
	movw	r1, :lower16:.L.str.1
	movt	r1, :upper16:.L.str.1
	movw	r2, #2779
	bl	__aeabi_assert
.LBB32_6:
	ldr	r0, [sp, #20]
	.loc	1 2780 5                        @ ../../libraries/sdk/drives/fsl_flexcan.c:2780:5
	ldrh	r0, [r0, #2]
	and	r0, r0, #15
	cmp	r0, #8
	bhi	.LBB32_8
	b	.LBB32_7
.LBB32_7:
	b	.LBB32_9
.LBB32_8:
	movw	r0, :lower16:.L.str.21
	movt	r0, :upper16:.L.str.21
	movw	r1, :lower16:.L.str.1
	movt	r1, :upper16:.L.str.1
	movw	r2, #2780
	bl	__aeabi_assert
.LBB32_9:
	.loc	1 2782 5                        @ ../../libraries/sdk/drives/fsl_flexcan.c:2782:5
	ldr	r0, [sp, #28]
	ldrb.w	r1, [sp, #27]
	bl	FLEXCAN_IsMbOccupied
	cbnz	r0, .LBB32_11
	b	.LBB32_10
.LBB32_10:
	b	.LBB32_12
.LBB32_11:
	movw	r0, :lower16:.L.str.10
	movt	r0, :upper16:.L.str.10
	movw	r1, :lower16:.L.str.1
	movt	r1, :upper16:.L.str.1
	movw	r2, #2782
	bl	__aeabi_assert
.LBB32_12:
	.loc	1 0 5 is_stmt 0                 @ ../../libraries/sdk/drives/fsl_flexcan.c:0:5
	movs	r0, #0
	.loc	1 2785 14 is_stmt 1             @ ../../libraries/sdk/drives/fsl_flexcan.c:2785:14
	str	r0, [sp, #16]
.Ltmp413:
	.loc	1 2789 52                       @ ../../libraries/sdk/drives/fsl_flexcan.c:2789:52
	ldr	r0, [sp, #28]
	.loc	1 2789 61 is_stmt 0             @ ../../libraries/sdk/drives/fsl_flexcan.c:2789:61
	ldrb.w	r1, [sp, #27]
	.loc	1 2789 58                       @ ../../libraries/sdk/drives/fsl_flexcan.c:2789:58
	add.w	r0, r0, r1, lsl #4
	.loc	1 2789 68                       @ ../../libraries/sdk/drives/fsl_flexcan.c:2789:68
	ldr.w	r0, [r0, #128]
	.loc	1 2789 71                       @ ../../libraries/sdk/drives/fsl_flexcan.c:2789:71
	and	r0, r0, #251658240
.Ltmp414:
	.loc	1 2789 9                        @ ../../libraries/sdk/drives/fsl_flexcan.c:2789:9
	cmp.w	r0, #201326592
	beq	.LBB32_18
	b	.LBB32_13
.LBB32_13:
.Ltmp415:
	.loc	1 2792 29 is_stmt 1             @ ../../libraries/sdk/drives/fsl_flexcan.c:2792:29
	ldr	r0, [sp, #28]
	.loc	1 2792 46 is_stmt 0             @ ../../libraries/sdk/drives/fsl_flexcan.c:2792:46
	ldrb.w	r1, [sp, #27]
	.loc	1 2792 43                       @ ../../libraries/sdk/drives/fsl_flexcan.c:2792:43
	add.w	r1, r0, r1, lsl #4
	.loc	1 2792 37                       @ ../../libraries/sdk/drives/fsl_flexcan.c:2792:37
	adds	r1, #128
	.loc	1 2792 9                        @ ../../libraries/sdk/drives/fsl_flexcan.c:2792:9
	bl	FLEXCAN_ERRATA_6032
	.loc	1 2795 31 is_stmt 1             @ ../../libraries/sdk/drives/fsl_flexcan.c:2795:31
	ldr	r0, [sp, #28]
	.loc	1 2795 40 is_stmt 0             @ ../../libraries/sdk/drives/fsl_flexcan.c:2795:40
	ldrb.w	r1, [sp, #27]
	.loc	1 2795 37                       @ ../../libraries/sdk/drives/fsl_flexcan.c:2795:37
	add.w	r0, r0, r1, lsl #4
	.loc	1 2795 47                       @ ../../libraries/sdk/drives/fsl_flexcan.c:2795:47
	ldr.w	r0, [r0, #128]
	movs	r1, #8
	.loc	1 2795 71                       @ ../../libraries/sdk/drives/fsl_flexcan.c:2795:71
	bfi	r0, r1, #24, #4
	.loc	1 2795 9                        @ ../../libraries/sdk/drives/fsl_flexcan.c:2795:9
	ldr	r1, [sp, #28]
	.loc	1 2795 18                       @ ../../libraries/sdk/drives/fsl_flexcan.c:2795:18
	ldrb.w	r2, [sp, #27]
	.loc	1 2795 15                       @ ../../libraries/sdk/drives/fsl_flexcan.c:2795:15
	add.w	r1, r1, r2, lsl #4
	.loc	1 2795 28                       @ ../../libraries/sdk/drives/fsl_flexcan.c:2795:28
	str.w	r0, [r1, #128]
	.loc	1 2798 30 is_stmt 1             @ ../../libraries/sdk/drives/fsl_flexcan.c:2798:30
	ldr	r0, [sp, #20]
	.loc	1 2798 40 is_stmt 0             @ ../../libraries/sdk/drives/fsl_flexcan.c:2798:40
	ldr	r0, [r0, #4]
	bic	r0, r0, #-536870912
	.loc	1 2798 9                        @ ../../libraries/sdk/drives/fsl_flexcan.c:2798:9
	ldr	r1, [sp, #28]
	.loc	1 2798 18                       @ ../../libraries/sdk/drives/fsl_flexcan.c:2798:18
	ldrb.w	r2, [sp, #27]
	.loc	1 2798 15                       @ ../../libraries/sdk/drives/fsl_flexcan.c:2798:15
	add.w	r1, r1, r2, lsl #4
	.loc	1 2798 28                       @ ../../libraries/sdk/drives/fsl_flexcan.c:2798:28
	str.w	r0, [r1, #132]
.Ltmp416:
	.loc	1 2801 53 is_stmt 1             @ ../../libraries/sdk/drives/fsl_flexcan.c:2801:53
	ldr	r0, [sp, #20]
	.loc	1 2801 63 is_stmt 0             @ ../../libraries/sdk/drives/fsl_flexcan.c:2801:63
	ldrh	r0, [r0, #2]
	lsrs	r0, r0, #5
.Ltmp417:
	.loc	1 2801 13                       @ ../../libraries/sdk/drives/fsl_flexcan.c:2801:13
	lsls	r0, r0, #31
	cbz	r0, .LBB32_15
	b	.LBB32_14
.LBB32_14:
.Ltmp418:
	.loc	1 2803 21 is_stmt 1             @ ../../libraries/sdk/drives/fsl_flexcan.c:2803:21
	ldr	r0, [sp, #16]
	orr	r0, r0, #6291456
	str	r0, [sp, #16]
	.loc	1 2804 9                        @ ../../libraries/sdk/drives/fsl_flexcan.c:2804:9
	b	.LBB32_15
.Ltmp419:
.LBB32_15:
	.loc	1 2807 51                       @ ../../libraries/sdk/drives/fsl_flexcan.c:2807:51
	ldr	r0, [sp, #20]
	.loc	1 2807 61 is_stmt 0             @ ../../libraries/sdk/drives/fsl_flexcan.c:2807:61
	ldrh	r0, [r0, #2]
	lsrs	r0, r0, #4
.Ltmp420:
	.loc	1 2807 13                       @ ../../libraries/sdk/drives/fsl_flexcan.c:2807:13
	lsls	r0, r0, #31
	cbz	r0, .LBB32_17
	b	.LBB32_16
.LBB32_16:
.Ltmp421:
	.loc	1 2809 21 is_stmt 1             @ ../../libraries/sdk/drives/fsl_flexcan.c:2809:21
	ldr	r0, [sp, #16]
	orr	r0, r0, #1048576
	str	r0, [sp, #16]
	.loc	1 2810 9                        @ ../../libraries/sdk/drives/fsl_flexcan.c:2810:9
	b	.LBB32_17
.Ltmp422:
.LBB32_17:
	.loc	1 2812 61                       @ ../../libraries/sdk/drives/fsl_flexcan.c:2812:61
	ldr	r0, [sp, #20]
	ldrh	r0, [r0, #2]
	and	r1, r0, #15
	.loc	1 2812 17 is_stmt 0             @ ../../libraries/sdk/drives/fsl_flexcan.c:2812:17
	ldr	r0, [sp, #16]
	.loc	1 2812 59                       @ ../../libraries/sdk/drives/fsl_flexcan.c:2812:59
	orr.w	r0, r0, r1, lsl #16
	.loc	1 2812 17                       @ ../../libraries/sdk/drives/fsl_flexcan.c:2812:17
	orr	r0, r0, #201326592
	str	r0, [sp, #16]
	.loc	1 2815 33 is_stmt 1             @ ../../libraries/sdk/drives/fsl_flexcan.c:2815:33
	ldr	r0, [sp, #20]
	.loc	1 2815 43 is_stmt 0             @ ../../libraries/sdk/drives/fsl_flexcan.c:2815:43
	ldr	r0, [r0, #8]
	.loc	1 2815 9                        @ ../../libraries/sdk/drives/fsl_flexcan.c:2815:9
	ldr	r1, [sp, #28]
	.loc	1 2815 18                       @ ../../libraries/sdk/drives/fsl_flexcan.c:2815:18
	ldrb.w	r2, [sp, #27]
	.loc	1 2815 15                       @ ../../libraries/sdk/drives/fsl_flexcan.c:2815:15
	add.w	r1, r1, r2, lsl #4
	.loc	1 2815 31                       @ ../../libraries/sdk/drives/fsl_flexcan.c:2815:31
	str.w	r0, [r1, #136]
	.loc	1 2816 33 is_stmt 1             @ ../../libraries/sdk/drives/fsl_flexcan.c:2816:33
	ldr	r0, [sp, #20]
	.loc	1 2816 43 is_stmt 0             @ ../../libraries/sdk/drives/fsl_flexcan.c:2816:43
	ldr	r0, [r0, #12]
	.loc	1 2816 9                        @ ../../libraries/sdk/drives/fsl_flexcan.c:2816:9
	ldr	r1, [sp, #28]
	.loc	1 2816 18                       @ ../../libraries/sdk/drives/fsl_flexcan.c:2816:18
	ldrb.w	r2, [sp, #27]
	.loc	1 2816 15                       @ ../../libraries/sdk/drives/fsl_flexcan.c:2816:15
	add.w	r1, r1, r2, lsl #4
	.loc	1 2816 31                       @ ../../libraries/sdk/drives/fsl_flexcan.c:2816:31
	str.w	r0, [r1, #140]
	.loc	1 2819 30 is_stmt 1             @ ../../libraries/sdk/drives/fsl_flexcan.c:2819:30
	ldr	r0, [sp, #16]
	.loc	1 2819 9 is_stmt 0              @ ../../libraries/sdk/drives/fsl_flexcan.c:2819:9
	ldr	r1, [sp, #28]
	.loc	1 2819 18                       @ ../../libraries/sdk/drives/fsl_flexcan.c:2819:18
	ldrb.w	r2, [sp, #27]
	.loc	1 2819 15                       @ ../../libraries/sdk/drives/fsl_flexcan.c:2819:15
	add.w	r1, r1, r2, lsl #4
	.loc	1 2819 28                       @ ../../libraries/sdk/drives/fsl_flexcan.c:2819:28
	str.w	r0, [r1, #128]
	.loc	1 2823 9 is_stmt 1              @ ../../libraries/sdk/drives/fsl_flexcan.c:2823:9
	ldr	r0, [sp, #28]
	.loc	1 2823 18 is_stmt 0             @ ../../libraries/sdk/drives/fsl_flexcan.c:2823:18
	str	r0, [sp]                        @ 4-byte Spill
	bl	FLEXCAN_GetFirstValidMb
	mov	r1, r0
	.loc	1 2823 15                       @ ../../libraries/sdk/drives/fsl_flexcan.c:2823:15
	ldr	r0, [sp]                        @ 4-byte Reload
	add.w	r1, r0, r1, lsl #4
	mov.w	r0, #134217728
	.loc	1 2823 52                       @ ../../libraries/sdk/drives/fsl_flexcan.c:2823:52
	str	r0, [sp, #8]                    @ 4-byte Spill
	str.w	r0, [r1, #128]
	.loc	1 2824 9 is_stmt 1              @ ../../libraries/sdk/drives/fsl_flexcan.c:2824:9
	ldr	r0, [sp, #28]
	.loc	1 2824 18 is_stmt 0             @ ../../libraries/sdk/drives/fsl_flexcan.c:2824:18
	str	r0, [sp, #4]                    @ 4-byte Spill
	bl	FLEXCAN_GetFirstValidMb
	ldr	r1, [sp, #4]                    @ 4-byte Reload
	mov	r2, r0
	.loc	1 2824 15                       @ ../../libraries/sdk/drives/fsl_flexcan.c:2824:15
	ldr	r0, [sp, #8]                    @ 4-byte Reload
	add.w	r1, r1, r2, lsl #4
	.loc	1 2824 52                       @ ../../libraries/sdk/drives/fsl_flexcan.c:2824:52
	str.w	r0, [r1, #128]
	movs	r0, #0
	.loc	1 2827 16 is_stmt 1             @ ../../libraries/sdk/drives/fsl_flexcan.c:2827:16
	str	r0, [sp, #12]
	.loc	1 2828 5                        @ ../../libraries/sdk/drives/fsl_flexcan.c:2828:5
	b	.LBB32_19
.Ltmp423:
.LBB32_18:
	.loc	1 0 5 is_stmt 0                 @ ../../libraries/sdk/drives/fsl_flexcan.c:0:5
	movs	r0, #1
.Ltmp424:
	.loc	1 2832 16 is_stmt 1             @ ../../libraries/sdk/drives/fsl_flexcan.c:2832:16
	str	r0, [sp, #12]
	b	.LBB32_19
.Ltmp425:
.LBB32_19:
	.loc	1 2835 12                       @ ../../libraries/sdk/drives/fsl_flexcan.c:2835:12
	ldr	r0, [sp, #12]
	.loc	1 2835 5 is_stmt 0              @ ../../libraries/sdk/drives/fsl_flexcan.c:2835:5
	add	sp, #32
	pop	{r7, pc}
.Ltmp426:
.Lfunc_end32:
	.size	FLEXCAN_WriteTxMb, .Lfunc_end32-FLEXCAN_WriteTxMb
	.cfi_endproc
	.cantunwind
	.fnend
                                        @ -- End function
	.section	.text.FLEXCAN_ERRATA_6032,"ax",%progbits
	.p2align	3                               @ -- Begin function FLEXCAN_ERRATA_6032
	.type	FLEXCAN_ERRATA_6032,%function
	.code	16                              @ @FLEXCAN_ERRATA_6032
	.thumb_func
FLEXCAN_ERRATA_6032:
.Lfunc_begin33:
	.loc	1 2711 0 is_stmt 1              @ ../../libraries/sdk/drives/fsl_flexcan.c:2711:0
	.fnstart
	.cfi_startproc
@ %bb.0:
	.save	{r7, lr}
	push	{r7, lr}
	.cfi_def_cfa_offset 8
	.cfi_offset lr, -4
	.cfi_offset r7, -8
	.pad	#32
	sub	sp, #32
	.cfi_def_cfa_offset 40
	str	r0, [sp, #28]
	str	r1, [sp, #24]
	movs	r0, #0
.Ltmp427:
	.loc	1 2712 14 prologue_end          @ ../../libraries/sdk/drives/fsl_flexcan.c:2712:14
	str	r0, [sp, #20]
	.loc	1 2713 14                       @ ../../libraries/sdk/drives/fsl_flexcan.c:2713:14
	str	r0, [sp, #16]
	movs	r0, #200
	.loc	1 2714 14                       @ ../../libraries/sdk/drives/fsl_flexcan.c:2714:14
	str	r0, [sp, #12]
	.loc	1 2716 24                       @ ../../libraries/sdk/drives/fsl_flexcan.c:2716:24
	bl	DisableGlobalIRQ
	.loc	1 2716 14 is_stmt 0             @ ../../libraries/sdk/drives/fsl_flexcan.c:2716:14
	str	r0, [sp, #8]
	.loc	1 2717 35 is_stmt 1             @ ../../libraries/sdk/drives/fsl_flexcan.c:2717:35
	ldr	r0, [sp, #28]
	.loc	1 2717 41 is_stmt 0             @ ../../libraries/sdk/drives/fsl_flexcan.c:2717:41
	ldr	r0, [r0, #88]
	.loc	1 2717 22                       @ ../../libraries/sdk/drives/fsl_flexcan.c:2717:22
	str	r0, [sp, #20]
	.loc	1 2718 13 is_stmt 1             @ ../../libraries/sdk/drives/fsl_flexcan.c:2718:13
	ldr	r0, [sp, #20]
	.loc	1 2718 22 is_stmt 0             @ ../../libraries/sdk/drives/fsl_flexcan.c:2718:22
	and	r0, r0, #63
	.loc	1 2718 5                        @ ../../libraries/sdk/drives/fsl_flexcan.c:2718:5
	mov	r1, r0
	str	r1, [sp, #4]                    @ 4-byte Spill
	cmp	r0, #20
	beq	.LBB33_8
	b	.LBB33_1
.LBB33_1:
	ldr	r0, [sp, #4]                    @ 4-byte Reload
	cmp	r0, #47
	bne	.LBB33_14
	b	.LBB33_2
.LBB33_2:
.Ltmp428:
	.loc	1 2721 32 is_stmt 1             @ ../../libraries/sdk/drives/fsl_flexcan.c:2721:32
	ldr	r0, [sp, #20]
	.loc	1 2721 41 is_stmt 0             @ ../../libraries/sdk/drives/fsl_flexcan.c:2721:41
	and	r0, r0, #520093696
.Ltmp429:
	.loc	1 2721 17                       @ ../../libraries/sdk/drives/fsl_flexcan.c:2721:17
	cmp.w	r0, #50331648
	bne	.LBB33_7
	b	.LBB33_3
.LBB33_3:
.Ltmp430:
	.loc	1 2724 17 is_stmt 1             @ ../../libraries/sdk/drives/fsl_flexcan.c:2724:17
	b	.LBB33_4
.LBB33_4:                               @ =>This Inner Loop Header: Depth=1
	.loc	1 2724 43 is_stmt 0             @ ../../libraries/sdk/drives/fsl_flexcan.c:2724:43
	ldr	r0, [sp, #28]
	.loc	1 2724 49                       @ ../../libraries/sdk/drives/fsl_flexcan.c:2724:49
	ldr	r0, [r0, #88]
	.loc	1 2724 54                       @ ../../libraries/sdk/drives/fsl_flexcan.c:2724:54
	and	r0, r0, #63
	.loc	1 2724 17                       @ ../../libraries/sdk/drives/fsl_flexcan.c:2724:17
	cmp	r0, #47
	bne	.LBB33_6
	b	.LBB33_5
.LBB33_5:                               @   in Loop: Header=BB33_4 Depth=1
.Ltmp431:
	.loc	1 2726 21 is_stmt 1             @ ../../libraries/sdk/drives/fsl_flexcan.c:2726:21
	nop
.Ltmp432:
	.loc	1 2724 17                       @ ../../libraries/sdk/drives/fsl_flexcan.c:2724:17
	b	.LBB33_4
.LBB33_6:
	.loc	1 2728 13                       @ ../../libraries/sdk/drives/fsl_flexcan.c:2728:13
	b	.LBB33_7
.Ltmp433:
.LBB33_7:
	.loc	1 2729 13                       @ ../../libraries/sdk/drives/fsl_flexcan.c:2729:13
	b	.LBB33_15
.LBB33_8:
.Ltmp434:
	.loc	1 2731 32                       @ ../../libraries/sdk/drives/fsl_flexcan.c:2731:32
	ldr	r0, [sp, #20]
	.loc	1 2731 41 is_stmt 0             @ ../../libraries/sdk/drives/fsl_flexcan.c:2731:41
	and	r0, r0, #520093696
.Ltmp435:
	.loc	1 2731 17                       @ ../../libraries/sdk/drives/fsl_flexcan.c:2731:17
	cmp.w	r0, #50331648
	bne	.LBB33_13
	b	.LBB33_9
.LBB33_9:
.Ltmp436:
	.loc	1 2734 17 is_stmt 1             @ ../../libraries/sdk/drives/fsl_flexcan.c:2734:17
	b	.LBB33_10
.LBB33_10:                              @ =>This Inner Loop Header: Depth=1
	.loc	1 2734 43 is_stmt 0             @ ../../libraries/sdk/drives/fsl_flexcan.c:2734:43
	ldr	r0, [sp, #28]
	.loc	1 2734 49                       @ ../../libraries/sdk/drives/fsl_flexcan.c:2734:49
	ldr	r0, [r0, #88]
	.loc	1 2734 54                       @ ../../libraries/sdk/drives/fsl_flexcan.c:2734:54
	and	r0, r0, #63
	.loc	1 2734 17                       @ ../../libraries/sdk/drives/fsl_flexcan.c:2734:17
	cmp	r0, #20
	bne	.LBB33_12
	b	.LBB33_11
.LBB33_11:                              @   in Loop: Header=BB33_10 Depth=1
.Ltmp437:
	.loc	1 2736 21 is_stmt 1             @ ../../libraries/sdk/drives/fsl_flexcan.c:2736:21
	nop
.Ltmp438:
	.loc	1 2734 17                       @ ../../libraries/sdk/drives/fsl_flexcan.c:2734:17
	b	.LBB33_10
.LBB33_12:
	.loc	1 2738 13                       @ ../../libraries/sdk/drives/fsl_flexcan.c:2738:13
	b	.LBB33_13
.Ltmp439:
.LBB33_13:
	.loc	1 2739 13                       @ ../../libraries/sdk/drives/fsl_flexcan.c:2739:13
	b	.LBB33_15
.LBB33_14:
	.loc	1 2742 13                       @ ../../libraries/sdk/drives/fsl_flexcan.c:2742:13
	b	.LBB33_15
.Ltmp440:
.LBB33_15:
	.loc	1 2745 21                       @ ../../libraries/sdk/drives/fsl_flexcan.c:2745:21
	ldr	r0, [sp, #28]
	.loc	1 2745 27 is_stmt 0             @ ../../libraries/sdk/drives/fsl_flexcan.c:2745:27
	ldr	r0, [r0, #88]
	.loc	1 2745 32                       @ ../../libraries/sdk/drives/fsl_flexcan.c:2745:32
	and	r0, r0, #63
.Ltmp441:
	.loc	1 2745 9                        @ ../../libraries/sdk/drives/fsl_flexcan.c:2745:9
	cmp	r0, #2
	bne	.LBB33_20
	b	.LBB33_16
.LBB33_16:
.Ltmp442:
	.loc	1 2747 9 is_stmt 1              @ ../../libraries/sdk/drives/fsl_flexcan.c:2747:9
	b	.LBB33_17
.LBB33_17:                              @ =>This Inner Loop Header: Depth=1
	.loc	1 2747 26 is_stmt 0             @ ../../libraries/sdk/drives/fsl_flexcan.c:2747:26
	ldr	r0, [sp, #12]
	subs	r1, r0, #1
	str	r1, [sp, #12]
	.loc	1 2747 9                        @ ../../libraries/sdk/drives/fsl_flexcan.c:2747:9
	cbz	r0, .LBB33_19
	b	.LBB33_18
.LBB33_18:                              @   in Loop: Header=BB33_17 Depth=1
.Ltmp443:
	.loc	1 2749 13 is_stmt 1             @ ../../libraries/sdk/drives/fsl_flexcan.c:2749:13
	nop
.Ltmp444:
	.loc	1 2747 9                        @ ../../libraries/sdk/drives/fsl_flexcan.c:2747:9
	b	.LBB33_17
.LBB33_19:
	.loc	1 2753 33                       @ ../../libraries/sdk/drives/fsl_flexcan.c:2753:33
	ldr	r0, [sp, #24]
	.loc	1 2753 32 is_stmt 0             @ ../../libraries/sdk/drives/fsl_flexcan.c:2753:32
	ldr	r0, [r0]
	.loc	1 2753 19                       @ ../../libraries/sdk/drives/fsl_flexcan.c:2753:19
	str	r0, [sp, #16]
	.loc	1 2754 19 is_stmt 1             @ ../../libraries/sdk/drives/fsl_flexcan.c:2754:19
	ldr	r0, [sp, #16]
	bic	r0, r0, #251658240
	str	r0, [sp, #16]
	.loc	1 2755 21                       @ ../../libraries/sdk/drives/fsl_flexcan.c:2755:21
	ldr	r0, [sp, #16]
	.loc	1 2755 10 is_stmt 0             @ ../../libraries/sdk/drives/fsl_flexcan.c:2755:10
	ldr	r1, [sp, #24]
	.loc	1 2755 19                       @ ../../libraries/sdk/drives/fsl_flexcan.c:2755:19
	str	r0, [r1]
	.loc	1 2756 5 is_stmt 1              @ ../../libraries/sdk/drives/fsl_flexcan.c:2756:5
	b	.LBB33_20
.Ltmp445:
.LBB33_20:
	.loc	1 2758 21                       @ ../../libraries/sdk/drives/fsl_flexcan.c:2758:21
	ldr	r0, [sp, #8]
	.loc	1 2758 5 is_stmt 0              @ ../../libraries/sdk/drives/fsl_flexcan.c:2758:5
	bl	EnableGlobalIRQ
	.loc	1 2759 1 is_stmt 1              @ ../../libraries/sdk/drives/fsl_flexcan.c:2759:1
	add	sp, #32
	pop	{r7, pc}
.Ltmp446:
.Lfunc_end33:
	.size	FLEXCAN_ERRATA_6032, .Lfunc_end33-FLEXCAN_ERRATA_6032
	.cfi_endproc
	.cantunwind
	.fnend
                                        @ -- End function
	.section	.text.FLEXCAN_WriteFDTxMb,"ax",%progbits
	.hidden	FLEXCAN_WriteFDTxMb             @ -- Begin function FLEXCAN_WriteFDTxMb
	.globl	FLEXCAN_WriteFDTxMb
	.p2align	3
	.type	FLEXCAN_WriteFDTxMb,%function
	.code	16                              @ @FLEXCAN_WriteFDTxMb
	.thumb_func
FLEXCAN_WriteFDTxMb:
.Lfunc_begin34:
	.loc	1 2853 0                        @ ../../libraries/sdk/drives/fsl_flexcan.c:2853:0
	.fnstart
	.cfi_startproc
@ %bb.0:
	.save	{r7, lr}
	push	{r7, lr}
	.cfi_def_cfa_offset 8
	.cfi_offset lr, -4
	.cfi_offset r7, -8
	.pad	#56
	sub	sp, #56
	.cfi_def_cfa_offset 64
                                        @ kill: def $r3 killed $r1
	str	r0, [sp, #52]
	strb.w	r1, [sp, #51]
	str	r2, [sp, #44]
.Ltmp447:
	.loc	1 2855 5 prologue_end           @ ../../libraries/sdk/drives/fsl_flexcan.c:2855:5
	ldrb.w	r0, [sp, #51]
	ldr	r1, [sp, #52]
	ldr	r1, [r1]
	and	r1, r1, #127
	cmp	r0, r1
	bhi	.LBB34_2
	b	.LBB34_1
.LBB34_1:
	b	.LBB34_3
.LBB34_2:
	movw	r0, :lower16:.L.str.9
	movt	r0, :upper16:.L.str.9
	movw	r1, :lower16:.L.str.1
	movt	r1, :upper16:.L.str.1
	movw	r2, #2855
	bl	__aeabi_assert
.LBB34_3:
	.loc	1 2856 5                        @ ../../libraries/sdk/drives/fsl_flexcan.c:2856:5
	ldr	r0, [sp, #44]
	cbz	r0, .LBB34_5
	b	.LBB34_4
.LBB34_4:
	b	.LBB34_6
.LBB34_5:
	movw	r0, :lower16:.L.str.20
	movt	r0, :upper16:.L.str.20
	movw	r1, :lower16:.L.str.1
	movt	r1, :upper16:.L.str.1
	movw	r2, #2856
	bl	__aeabi_assert
.LBB34_6:
	.loc	1 2858 5                        @ ../../libraries/sdk/drives/fsl_flexcan.c:2858:5
	ldr	r0, [sp, #52]
	ldrb.w	r1, [sp, #51]
	bl	FLEXCAN_IsMbOccupied
	cbnz	r0, .LBB34_8
	b	.LBB34_7
.LBB34_7:
	b	.LBB34_9
.LBB34_8:
	movw	r0, :lower16:.L.str.10
	movt	r0, :upper16:.L.str.10
	movw	r1, :lower16:.L.str.1
	movt	r1, :upper16:.L.str.1
	movw	r2, #2858
	bl	__aeabi_assert
.LBB34_9:
	.loc	1 0 5 is_stmt 0                 @ ../../libraries/sdk/drives/fsl_flexcan.c:0:5
	movs	r0, #0
	.loc	1 2862 14 is_stmt 1             @ ../../libraries/sdk/drives/fsl_flexcan.c:2862:14
	str	r0, [sp, #36]
	.loc	1 2863 13                       @ ../../libraries/sdk/drives/fsl_flexcan.c:2863:13
	strb.w	r0, [sp, #35]
	.loc	1 2864 14                       @ ../../libraries/sdk/drives/fsl_flexcan.c:2864:14
	str	r0, [sp, #28]
	movs	r0, #1
	.loc	1 2865 13                       @ ../../libraries/sdk/drives/fsl_flexcan.c:2865:13
	strb.w	r0, [sp, #27]
	.loc	1 2866 30                       @ ../../libraries/sdk/drives/fsl_flexcan.c:2866:30
	ldr	r0, [sp, #52]
	.loc	1 2866 36 is_stmt 0             @ ../../libraries/sdk/drives/fsl_flexcan.c:2866:36
	ldr.w	r0, [r0, #3072]
	.loc	1 2866 69                       @ ../../libraries/sdk/drives/fsl_flexcan.c:2866:69
	ubfx	r0, r0, #16, #2
	.loc	1 2866 14                       @ ../../libraries/sdk/drives/fsl_flexcan.c:2866:14
	str	r0, [sp, #20]
	.loc	1 2869 55 is_stmt 1             @ ../../libraries/sdk/drives/fsl_flexcan.c:2869:55
	ldr	r0, [sp, #52]
	.loc	1 2869 61 is_stmt 0             @ ../../libraries/sdk/drives/fsl_flexcan.c:2869:61
	str	r0, [sp, #4]                    @ 4-byte Spill
	bl	FLEXCAN_GetFirstValidMb
	mov	r1, r0
	.loc	1 2869 28                       @ ../../libraries/sdk/drives/fsl_flexcan.c:2869:28
	ldr	r0, [sp, #4]                    @ 4-byte Reload
	bl	FLEXCAN_GetFDMailboxOffset
	.loc	1 2869 14                       @ ../../libraries/sdk/drives/fsl_flexcan.c:2869:14
	str	r0, [sp, #16]
	.loc	1 2871 35 is_stmt 1             @ ../../libraries/sdk/drives/fsl_flexcan.c:2871:35
	ldr	r0, [sp, #52]
	.loc	1 2871 41 is_stmt 0             @ ../../libraries/sdk/drives/fsl_flexcan.c:2871:41
	adds	r0, #128
	.loc	1 2871 24                       @ ../../libraries/sdk/drives/fsl_flexcan.c:2871:24
	str	r0, [sp, #12]
	.loc	1 2872 60 is_stmt 1             @ ../../libraries/sdk/drives/fsl_flexcan.c:2872:60
	ldr	r0, [sp, #52]
	.loc	1 2872 66 is_stmt 0             @ ../../libraries/sdk/drives/fsl_flexcan.c:2872:66
	ldrb.w	r1, [sp, #51]
	.loc	1 2872 33                       @ ../../libraries/sdk/drives/fsl_flexcan.c:2872:33
	bl	FLEXCAN_GetFDMailboxOffset
	.loc	1 2872 14                       @ ../../libraries/sdk/drives/fsl_flexcan.c:2872:14
	str	r0, [sp, #8]
	.loc	1 2874 14 is_stmt 1             @ ../../libraries/sdk/drives/fsl_flexcan.c:2874:14
	ldr	r0, [sp, #12]
	.loc	1 2874 21 is_stmt 0             @ ../../libraries/sdk/drives/fsl_flexcan.c:2874:21
	ldr	r1, [sp, #8]
	.loc	1 2874 14                       @ ../../libraries/sdk/drives/fsl_flexcan.c:2874:14
	ldr.w	r0, [r0, r1, lsl #2]
	.loc	1 2874 12                       @ ../../libraries/sdk/drives/fsl_flexcan.c:2874:12
	str	r0, [sp, #28]
.Ltmp448:
	.loc	1 2876 52 is_stmt 1             @ ../../libraries/sdk/drives/fsl_flexcan.c:2876:52
	ldr	r0, [sp, #28]
	.loc	1 2876 59 is_stmt 0             @ ../../libraries/sdk/drives/fsl_flexcan.c:2876:59
	and	r0, r0, #251658240
.Ltmp449:
	.loc	1 2876 9                        @ ../../libraries/sdk/drives/fsl_flexcan.c:2876:9
	cmp.w	r0, #201326592
	beq.w	.LBB34_23
	b	.LBB34_10
.LBB34_10:
.Ltmp450:
	.loc	1 2879 29 is_stmt 1             @ ../../libraries/sdk/drives/fsl_flexcan.c:2879:29
	ldr	r0, [sp, #52]
	.loc	1 2879 37 is_stmt 0             @ ../../libraries/sdk/drives/fsl_flexcan.c:2879:37
	ldr	r1, [sp, #12]
	.loc	1 2879 44                       @ ../../libraries/sdk/drives/fsl_flexcan.c:2879:44
	ldr	r2, [sp, #8]
	.loc	1 2879 37                       @ ../../libraries/sdk/drives/fsl_flexcan.c:2879:37
	add.w	r1, r1, r2, lsl #2
	.loc	1 2879 9                        @ ../../libraries/sdk/drives/fsl_flexcan.c:2879:9
	bl	FLEXCAN_ERRATA_6032
	.loc	1 2882 32 is_stmt 1             @ ../../libraries/sdk/drives/fsl_flexcan.c:2882:32
	ldr	r0, [sp, #28]
	movs	r1, #8
	.loc	1 2882 60 is_stmt 0             @ ../../libraries/sdk/drives/fsl_flexcan.c:2882:60
	bfi	r0, r1, #24, #4
	.loc	1 2882 9                        @ ../../libraries/sdk/drives/fsl_flexcan.c:2882:9
	ldr	r1, [sp, #12]
	.loc	1 2882 16                       @ ../../libraries/sdk/drives/fsl_flexcan.c:2882:16
	ldr	r2, [sp, #8]
	.loc	1 2882 29                       @ ../../libraries/sdk/drives/fsl_flexcan.c:2882:29
	str.w	r0, [r1, r2, lsl #2]
	.loc	1 2883 31 is_stmt 1             @ ../../libraries/sdk/drives/fsl_flexcan.c:2883:31
	ldr	r0, [sp, #44]
	.loc	1 2883 41 is_stmt 0             @ ../../libraries/sdk/drives/fsl_flexcan.c:2883:41
	ldr	r0, [r0, #4]
	bic	r0, r0, #-536870912
	.loc	1 2883 9                        @ ../../libraries/sdk/drives/fsl_flexcan.c:2883:9
	ldr	r1, [sp, #12]
	.loc	1 2883 16                       @ ../../libraries/sdk/drives/fsl_flexcan.c:2883:16
	ldr	r2, [sp, #8]
	.loc	1 2883 9                        @ ../../libraries/sdk/drives/fsl_flexcan.c:2883:9
	add.w	r1, r1, r2, lsl #2
	.loc	1 2883 29                       @ ../../libraries/sdk/drives/fsl_flexcan.c:2883:29
	str	r0, [r1, #4]
.Ltmp451:
	.loc	1 2886 53 is_stmt 1             @ ../../libraries/sdk/drives/fsl_flexcan.c:2886:53
	ldr	r0, [sp, #44]
	.loc	1 2886 63 is_stmt 0             @ ../../libraries/sdk/drives/fsl_flexcan.c:2886:63
	ldrh	r0, [r0, #2]
	lsrs	r0, r0, #5
.Ltmp452:
	.loc	1 2886 13                       @ ../../libraries/sdk/drives/fsl_flexcan.c:2886:13
	lsls	r0, r0, #31
	cbz	r0, .LBB34_12
	b	.LBB34_11
.LBB34_11:
.Ltmp453:
	.loc	1 2888 21 is_stmt 1             @ ../../libraries/sdk/drives/fsl_flexcan.c:2888:21
	ldr	r0, [sp, #36]
	orr	r0, r0, #6291456
	str	r0, [sp, #36]
	.loc	1 2889 9                        @ ../../libraries/sdk/drives/fsl_flexcan.c:2889:9
	b	.LBB34_12
.Ltmp454:
.LBB34_12:
	.loc	1 2892 51                       @ ../../libraries/sdk/drives/fsl_flexcan.c:2892:51
	ldr	r0, [sp, #44]
	.loc	1 2892 61 is_stmt 0             @ ../../libraries/sdk/drives/fsl_flexcan.c:2892:61
	ldrh	r0, [r0, #2]
	lsrs	r0, r0, #4
.Ltmp455:
	.loc	1 2892 13                       @ ../../libraries/sdk/drives/fsl_flexcan.c:2892:13
	lsls	r0, r0, #31
	cbz	r0, .LBB34_14
	b	.LBB34_13
.LBB34_13:
.Ltmp456:
	.loc	1 2894 21 is_stmt 1             @ ../../libraries/sdk/drives/fsl_flexcan.c:2894:21
	ldr	r0, [sp, #36]
	orr	r0, r0, #1048576
	str	r0, [sp, #36]
	.loc	1 2895 9                        @ ../../libraries/sdk/drives/fsl_flexcan.c:2895:9
	b	.LBB34_14
.Ltmp457:
.LBB34_14:
	.loc	1 2897 61                       @ ../../libraries/sdk/drives/fsl_flexcan.c:2897:61
	ldr	r0, [sp, #44]
	ldrh	r2, [r0, #2]
	and	r1, r2, #15
	mov.w	r0, #1073741824
	.loc	1 2898 20                       @ ../../libraries/sdk/drives/fsl_flexcan.c:2898:20
	and.w	r0, r0, r2, lsl #16
	.loc	1 2897 59                       @ ../../libraries/sdk/drives/fsl_flexcan.c:2897:59
	orr.w	r0, r0, r1, lsl #16
	.loc	1 2897 17 is_stmt 0             @ ../../libraries/sdk/drives/fsl_flexcan.c:2897:17
	ldr	r1, [sp, #36]
	.loc	1 2897 90                       @ ../../libraries/sdk/drives/fsl_flexcan.c:2897:90
	orrs	r0, r1
	.loc	1 2897 17                       @ ../../libraries/sdk/drives/fsl_flexcan.c:2897:17
	orr	r0, r0, #-1946157056
	str	r0, [sp, #36]
	movs	r0, #0
.Ltmp458:
	.loc	1 2902 18 is_stmt 1             @ ../../libraries/sdk/drives/fsl_flexcan.c:2902:18
	strb.w	r0, [sp, #35]
	.loc	1 2902 14 is_stmt 0             @ ../../libraries/sdk/drives/fsl_flexcan.c:2902:14
	b	.LBB34_15
.LBB34_15:                              @ =>This Inner Loop Header: Depth=1
.Ltmp459:
	.loc	1 2902 23                       @ ../../libraries/sdk/drives/fsl_flexcan.c:2902:23
	ldrb.w	r0, [sp, #35]
	.loc	1 2902 30                       @ ../../libraries/sdk/drives/fsl_flexcan.c:2902:30
	ldr	r1, [sp, #20]
	.loc	1 2902 39                       @ ../../libraries/sdk/drives/fsl_flexcan.c:2902:39
	adds	r1, #1
.Ltmp460:
	.loc	1 2902 9                        @ ../../libraries/sdk/drives/fsl_flexcan.c:2902:9
	cmp	r0, r1
	bhs	.LBB34_18
	b	.LBB34_16
.LBB34_16:                              @   in Loop: Header=BB34_15 Depth=1
.Ltmp461:
	.loc	1 2904 27 is_stmt 1             @ ../../libraries/sdk/drives/fsl_flexcan.c:2904:27
	ldrb.w	r0, [sp, #27]
	lsls	r0, r0, #1
	strb.w	r0, [sp, #27]
	.loc	1 2905 9                        @ ../../libraries/sdk/drives/fsl_flexcan.c:2905:9
	b	.LBB34_17
.Ltmp462:
.LBB34_17:                              @   in Loop: Header=BB34_15 Depth=1
	.loc	1 2902 49                       @ ../../libraries/sdk/drives/fsl_flexcan.c:2902:49
	ldrb.w	r0, [sp, #35]
	adds	r0, #1
	strb.w	r0, [sp, #35]
	.loc	1 2902 9 is_stmt 0              @ ../../libraries/sdk/drives/fsl_flexcan.c:2902:9
	b	.LBB34_15
.Ltmp463:
.LBB34_18:
	.loc	1 0 9                           @ ../../libraries/sdk/drives/fsl_flexcan.c:0:9
	movs	r0, #0
.Ltmp464:
	.loc	1 2908 18 is_stmt 1             @ ../../libraries/sdk/drives/fsl_flexcan.c:2908:18
	strb.w	r0, [sp, #35]
	.loc	1 2908 14 is_stmt 0             @ ../../libraries/sdk/drives/fsl_flexcan.c:2908:14
	b	.LBB34_19
.LBB34_19:                              @ =>This Inner Loop Header: Depth=1
.Ltmp465:
	.loc	1 2908 23                       @ ../../libraries/sdk/drives/fsl_flexcan.c:2908:23
	ldrb.w	r0, [sp, #35]
	.loc	1 2908 29                       @ ../../libraries/sdk/drives/fsl_flexcan.c:2908:29
	ldrb.w	r1, [sp, #27]
.Ltmp466:
	.loc	1 2908 9                        @ ../../libraries/sdk/drives/fsl_flexcan.c:2908:9
	cmp	r0, r1
	bge	.LBB34_22
	b	.LBB34_20
.LBB34_20:                              @   in Loop: Header=BB34_19 Depth=1
.Ltmp467:
	.loc	1 2910 41 is_stmt 1             @ ../../libraries/sdk/drives/fsl_flexcan.c:2910:41
	ldr	r0, [sp, #44]
	.loc	1 2910 60 is_stmt 0             @ ../../libraries/sdk/drives/fsl_flexcan.c:2910:60
	ldrb.w	r3, [sp, #35]
	.loc	1 2910 51                       @ ../../libraries/sdk/drives/fsl_flexcan.c:2910:51
	add.w	r0, r0, r3, lsl #2
	.loc	1 2910 41                       @ ../../libraries/sdk/drives/fsl_flexcan.c:2910:41
	ldr	r0, [r0, #8]
	.loc	1 2910 13                       @ ../../libraries/sdk/drives/fsl_flexcan.c:2910:13
	ldr	r1, [sp, #12]
	.loc	1 2910 20                       @ ../../libraries/sdk/drives/fsl_flexcan.c:2910:20
	ldr	r2, [sp, #8]
	.loc	1 2910 27                       @ ../../libraries/sdk/drives/fsl_flexcan.c:2910:27
	add	r2, r3
	.loc	1 2910 13                       @ ../../libraries/sdk/drives/fsl_flexcan.c:2910:13
	add.w	r1, r1, r2, lsl #2
	.loc	1 2910 39                       @ ../../libraries/sdk/drives/fsl_flexcan.c:2910:39
	str	r0, [r1, #8]
	.loc	1 2911 9 is_stmt 1              @ ../../libraries/sdk/drives/fsl_flexcan.c:2911:9
	b	.LBB34_21
.Ltmp468:
.LBB34_21:                              @   in Loop: Header=BB34_19 Depth=1
	.loc	1 2908 47                       @ ../../libraries/sdk/drives/fsl_flexcan.c:2908:47
	ldrb.w	r0, [sp, #35]
	adds	r0, #1
	strb.w	r0, [sp, #35]
	.loc	1 2908 9 is_stmt 0              @ ../../libraries/sdk/drives/fsl_flexcan.c:2908:9
	b	.LBB34_19
.Ltmp469:
.LBB34_22:
	.loc	1 2912 26 is_stmt 1             @ ../../libraries/sdk/drives/fsl_flexcan.c:2912:26
	ldr	r0, [sp, #36]
	.loc	1 2912 9 is_stmt 0              @ ../../libraries/sdk/drives/fsl_flexcan.c:2912:9
	ldr	r1, [sp, #12]
	.loc	1 2912 16                       @ ../../libraries/sdk/drives/fsl_flexcan.c:2912:16
	ldr	r2, [sp, #8]
	.loc	1 2912 24                       @ ../../libraries/sdk/drives/fsl_flexcan.c:2912:24
	str.w	r0, [r1, r2, lsl #2]
	.loc	1 2916 9 is_stmt 1              @ ../../libraries/sdk/drives/fsl_flexcan.c:2916:9
	ldr	r1, [sp, #12]
	.loc	1 2916 16 is_stmt 0             @ ../../libraries/sdk/drives/fsl_flexcan.c:2916:16
	ldr	r2, [sp, #16]
	mov.w	r0, #134217728
	.loc	1 2916 29                       @ ../../libraries/sdk/drives/fsl_flexcan.c:2916:29
	str.w	r0, [r1, r2, lsl #2]
	.loc	1 2917 9 is_stmt 1              @ ../../libraries/sdk/drives/fsl_flexcan.c:2917:9
	ldr	r1, [sp, #12]
	.loc	1 2917 16 is_stmt 0             @ ../../libraries/sdk/drives/fsl_flexcan.c:2917:16
	ldr	r2, [sp, #16]
	.loc	1 2917 29                       @ ../../libraries/sdk/drives/fsl_flexcan.c:2917:29
	str.w	r0, [r1, r2, lsl #2]
	movs	r0, #0
	.loc	1 2920 16 is_stmt 1             @ ../../libraries/sdk/drives/fsl_flexcan.c:2920:16
	str	r0, [sp, #40]
	.loc	1 2921 5                        @ ../../libraries/sdk/drives/fsl_flexcan.c:2921:5
	b	.LBB34_24
.Ltmp470:
.LBB34_23:
	.loc	1 0 5 is_stmt 0                 @ ../../libraries/sdk/drives/fsl_flexcan.c:0:5
	movs	r0, #1
.Ltmp471:
	.loc	1 2925 16 is_stmt 1             @ ../../libraries/sdk/drives/fsl_flexcan.c:2925:16
	str	r0, [sp, #40]
	b	.LBB34_24
.Ltmp472:
.LBB34_24:
	.loc	1 2928 12                       @ ../../libraries/sdk/drives/fsl_flexcan.c:2928:12
	ldr	r0, [sp, #40]
	.loc	1 2928 5 is_stmt 0              @ ../../libraries/sdk/drives/fsl_flexcan.c:2928:5
	add	sp, #56
	pop	{r7, pc}
.Ltmp473:
.Lfunc_end34:
	.size	FLEXCAN_WriteFDTxMb, .Lfunc_end34-FLEXCAN_WriteFDTxMb
	.cfi_endproc
	.cantunwind
	.fnend
                                        @ -- End function
	.section	.text.FLEXCAN_ReadRxMb,"ax",%progbits
	.hidden	FLEXCAN_ReadRxMb                @ -- Begin function FLEXCAN_ReadRxMb
	.globl	FLEXCAN_ReadRxMb
	.p2align	3
	.type	FLEXCAN_ReadRxMb,%function
	.code	16                              @ @FLEXCAN_ReadRxMb
	.thumb_func
FLEXCAN_ReadRxMb:
.Lfunc_begin35:
	.loc	1 2948 0 is_stmt 1              @ ../../libraries/sdk/drives/fsl_flexcan.c:2948:0
	.fnstart
	.cfi_startproc
@ %bb.0:
	.save	{r7, lr}
	push	{r7, lr}
	.cfi_def_cfa_offset 8
	.cfi_offset lr, -4
	.cfi_offset r7, -8
	.pad	#24
	sub	sp, #24
	.cfi_def_cfa_offset 32
                                        @ kill: def $r3 killed $r1
	str	r0, [sp, #20]
	strb.w	r1, [sp, #19]
	str	r2, [sp, #12]
.Ltmp474:
	.loc	1 2950 5 prologue_end           @ ../../libraries/sdk/drives/fsl_flexcan.c:2950:5
	ldrb.w	r0, [sp, #19]
	ldr	r1, [sp, #20]
	ldr	r1, [r1]
	and	r1, r1, #127
	cmp	r0, r1
	bhi	.LBB35_2
	b	.LBB35_1
.LBB35_1:
	b	.LBB35_3
.LBB35_2:
	movw	r0, :lower16:.L.str.9
	movt	r0, :upper16:.L.str.9
	movw	r1, :lower16:.L.str.1
	movt	r1, :upper16:.L.str.1
	movw	r2, #2950
	bl	__aeabi_assert
.LBB35_3:
	.loc	1 2951 5                        @ ../../libraries/sdk/drives/fsl_flexcan.c:2951:5
	ldr	r0, [sp, #12]
	cbz	r0, .LBB35_5
	b	.LBB35_4
.LBB35_4:
	b	.LBB35_6
.LBB35_5:
	movw	r0, :lower16:.L.str.22
	movt	r0, :upper16:.L.str.22
	movw	r1, :lower16:.L.str.1
	movt	r1, :upper16:.L.str.1
	movw	r2, #2951
	bl	__aeabi_assert
.LBB35_6:
	.loc	1 2953 5                        @ ../../libraries/sdk/drives/fsl_flexcan.c:2953:5
	ldr	r0, [sp, #20]
	ldrb.w	r1, [sp, #19]
	bl	FLEXCAN_IsMbOccupied
	cbnz	r0, .LBB35_8
	b	.LBB35_7
.LBB35_7:
	b	.LBB35_9
.LBB35_8:
	movw	r0, :lower16:.L.str.10
	movt	r0, :upper16:.L.str.10
	movw	r1, :lower16:.L.str.1
	movt	r1, :upper16:.L.str.1
	movw	r2, #2953
	bl	__aeabi_assert
.LBB35_9:
	.loc	1 2961 15                       @ ../../libraries/sdk/drives/fsl_flexcan.c:2961:15
	ldr	r0, [sp, #20]
	.loc	1 2961 24 is_stmt 0             @ ../../libraries/sdk/drives/fsl_flexcan.c:2961:24
	ldrb.w	r1, [sp, #19]
	.loc	1 2961 21                       @ ../../libraries/sdk/drives/fsl_flexcan.c:2961:21
	add.w	r0, r0, r1, lsl #4
	.loc	1 2961 31                       @ ../../libraries/sdk/drives/fsl_flexcan.c:2961:31
	ldr.w	r0, [r0, #128]
	.loc	1 2961 13                       @ ../../libraries/sdk/drives/fsl_flexcan.c:2961:13
	str	r0, [sp, #8]
	.loc	1 2963 16 is_stmt 1             @ ../../libraries/sdk/drives/fsl_flexcan.c:2963:16
	ldr	r0, [sp, #8]
	.loc	1 2963 44 is_stmt 0             @ ../../libraries/sdk/drives/fsl_flexcan.c:2963:44
	ubfx	r0, r0, #24, #4
	.loc	1 2963 13                       @ ../../libraries/sdk/drives/fsl_flexcan.c:2963:13
	str	r0, [sp, #4]
.Ltmp475:
	.loc	1 2966 41 is_stmt 1             @ ../../libraries/sdk/drives/fsl_flexcan.c:2966:41
	ldr	r0, [sp, #4]
	.loc	1 2966 50 is_stmt 0             @ ../../libraries/sdk/drives/fsl_flexcan.c:2966:50
	cmp	r0, #2
	beq	.LBB35_11
	b	.LBB35_10
.LBB35_10:
	.loc	1 2966 88                       @ ../../libraries/sdk/drives/fsl_flexcan.c:2966:88
	ldr	r0, [sp, #4]
.Ltmp476:
	.loc	1 2966 9                        @ ../../libraries/sdk/drives/fsl_flexcan.c:2966:9
	cmp	r0, #6
	bne	.LBB35_15
	b	.LBB35_11
.LBB35_11:
.Ltmp477:
	.loc	1 2969 24 is_stmt 1             @ ../../libraries/sdk/drives/fsl_flexcan.c:2969:24
	ldr	r0, [sp, #20]
	.loc	1 2969 33 is_stmt 0             @ ../../libraries/sdk/drives/fsl_flexcan.c:2969:33
	ldrb.w	r1, [sp, #19]
	.loc	1 2969 30                       @ ../../libraries/sdk/drives/fsl_flexcan.c:2969:30
	add.w	r0, r0, r1, lsl #4
	.loc	1 2969 40                       @ ../../libraries/sdk/drives/fsl_flexcan.c:2969:40
	ldr.w	r2, [r0, #132]
	.loc	1 2969 9                        @ ../../libraries/sdk/drives/fsl_flexcan.c:2969:9
	ldr	r1, [sp, #12]
	.loc	1 2969 22                       @ ../../libraries/sdk/drives/fsl_flexcan.c:2969:22
	ldr	r0, [r1, #4]
	bfi	r0, r2, #0, #29
	str	r0, [r1, #4]
	.loc	1 2972 29 is_stmt 1             @ ../../libraries/sdk/drives/fsl_flexcan.c:2972:29
	ldr	r0, [sp, #8]
	.loc	1 2972 37 is_stmt 0             @ ../../libraries/sdk/drives/fsl_flexcan.c:2972:37
	and	r2, r0, #2097152
	.loc	1 2972 9                        @ ../../libraries/sdk/drives/fsl_flexcan.c:2972:9
	ldr	r1, [sp, #12]
	.loc	1 2972 26                       @ ../../libraries/sdk/drives/fsl_flexcan.c:2972:26
	ldrh	r0, [r1, #2]
	bic	r0, r0, #32
	orr.w	r0, r0, r2, lsr #16
	strh	r0, [r1, #2]
	.loc	1 2977 14 is_stmt 1             @ ../../libraries/sdk/drives/fsl_flexcan.c:2977:14
	ldr	r0, [sp, #8]
	.loc	1 2977 22 is_stmt 0             @ ../../libraries/sdk/drives/fsl_flexcan.c:2977:22
	and	r2, r0, #1048576
	.loc	1 2976 9 is_stmt 1              @ ../../libraries/sdk/drives/fsl_flexcan.c:2976:9
	ldr	r1, [sp, #12]
	.loc	1 2976 24 is_stmt 0             @ ../../libraries/sdk/drives/fsl_flexcan.c:2976:24
	ldrh	r0, [r1, #2]
	bic	r0, r0, #16
	orr.w	r0, r0, r2, lsr #16
	strh	r0, [r1, #2]
	.loc	1 2980 39 is_stmt 1             @ ../../libraries/sdk/drives/fsl_flexcan.c:2980:39
	ldr	r0, [sp, #8]
	.loc	1 2980 47 is_stmt 0             @ ../../libraries/sdk/drives/fsl_flexcan.c:2980:47
	and	r2, r0, #983040
	.loc	1 2980 9                        @ ../../libraries/sdk/drives/fsl_flexcan.c:2980:9
	ldr	r1, [sp, #12]
	.loc	1 2980 26                       @ ../../libraries/sdk/drives/fsl_flexcan.c:2980:26
	ldrh	r0, [r1, #2]
	bic	r0, r0, #15
	orr.w	r0, r0, r2, lsr #16
	strh	r0, [r1, #2]
	.loc	1 2983 43 is_stmt 1             @ ../../libraries/sdk/drives/fsl_flexcan.c:2983:43
	ldr	r0, [sp, #8]
	.loc	1 2983 9 is_stmt 0              @ ../../libraries/sdk/drives/fsl_flexcan.c:2983:9
	ldr	r1, [sp, #12]
	.loc	1 2983 29                       @ ../../libraries/sdk/drives/fsl_flexcan.c:2983:29
	strh	r0, [r1]
	.loc	1 2986 31 is_stmt 1             @ ../../libraries/sdk/drives/fsl_flexcan.c:2986:31
	ldr	r0, [sp, #20]
	.loc	1 2986 40 is_stmt 0             @ ../../libraries/sdk/drives/fsl_flexcan.c:2986:40
	ldrb.w	r1, [sp, #19]
	.loc	1 2986 37                       @ ../../libraries/sdk/drives/fsl_flexcan.c:2986:37
	add.w	r0, r0, r1, lsl #4
	.loc	1 2986 47                       @ ../../libraries/sdk/drives/fsl_flexcan.c:2986:47
	ldr.w	r0, [r0, #136]
	.loc	1 2986 9                        @ ../../libraries/sdk/drives/fsl_flexcan.c:2986:9
	ldr	r1, [sp, #12]
	.loc	1 2986 29                       @ ../../libraries/sdk/drives/fsl_flexcan.c:2986:29
	str	r0, [r1, #8]
	.loc	1 2987 31 is_stmt 1             @ ../../libraries/sdk/drives/fsl_flexcan.c:2987:31
	ldr	r0, [sp, #20]
	.loc	1 2987 40 is_stmt 0             @ ../../libraries/sdk/drives/fsl_flexcan.c:2987:40
	ldrb.w	r1, [sp, #19]
	.loc	1 2987 37                       @ ../../libraries/sdk/drives/fsl_flexcan.c:2987:37
	add.w	r0, r0, r1, lsl #4
	.loc	1 2987 47                       @ ../../libraries/sdk/drives/fsl_flexcan.c:2987:47
	ldr.w	r0, [r0, #140]
	.loc	1 2987 9                        @ ../../libraries/sdk/drives/fsl_flexcan.c:2987:9
	ldr	r1, [sp, #12]
	.loc	1 2987 29                       @ ../../libraries/sdk/drives/fsl_flexcan.c:2987:29
	str	r0, [r1, #12]
	.loc	1 2990 15 is_stmt 1             @ ../../libraries/sdk/drives/fsl_flexcan.c:2990:15
	ldr	r0, [sp, #20]
	.loc	1 2990 21 is_stmt 0             @ ../../libraries/sdk/drives/fsl_flexcan.c:2990:21
	ldr	r0, [r0, #8]
.Ltmp478:
	.loc	1 2992 44 is_stmt 1             @ ../../libraries/sdk/drives/fsl_flexcan.c:2992:44
	ldr	r0, [sp, #4]
.Ltmp479:
	.loc	1 2992 13 is_stmt 0             @ ../../libraries/sdk/drives/fsl_flexcan.c:2992:13
	cmp	r0, #2
	bne	.LBB35_13
	b	.LBB35_12
.LBB35_12:
	.loc	1 0 13                          @ ../../libraries/sdk/drives/fsl_flexcan.c:0:13
	movs	r0, #0
.Ltmp480:
	.loc	1 2994 20 is_stmt 1             @ ../../libraries/sdk/drives/fsl_flexcan.c:2994:20
	str	r0, [sp]
	.loc	1 2995 9                        @ ../../libraries/sdk/drives/fsl_flexcan.c:2995:9
	b	.LBB35_14
.Ltmp481:
.LBB35_13:
	.loc	1 0 9 is_stmt 0                 @ ../../libraries/sdk/drives/fsl_flexcan.c:0:9
	movw	r0, #5305
.Ltmp482:
	.loc	1 2998 20 is_stmt 1             @ ../../libraries/sdk/drives/fsl_flexcan.c:2998:20
	str	r0, [sp]
	b	.LBB35_14
.Ltmp483:
.LBB35_14:
	.loc	1 3000 5                        @ ../../libraries/sdk/drives/fsl_flexcan.c:3000:5
	b	.LBB35_16
.Ltmp484:
.LBB35_15:
	.loc	1 3004 15                       @ ../../libraries/sdk/drives/fsl_flexcan.c:3004:15
	ldr	r0, [sp, #20]
	.loc	1 3004 21 is_stmt 0             @ ../../libraries/sdk/drives/fsl_flexcan.c:3004:21
	ldr	r0, [r0, #8]
	movs	r0, #1
	.loc	1 3006 16 is_stmt 1             @ ../../libraries/sdk/drives/fsl_flexcan.c:3006:16
	str	r0, [sp]
	b	.LBB35_16
.Ltmp485:
.LBB35_16:
	.loc	1 3009 12                       @ ../../libraries/sdk/drives/fsl_flexcan.c:3009:12
	ldr	r0, [sp]
	.loc	1 3009 5 is_stmt 0              @ ../../libraries/sdk/drives/fsl_flexcan.c:3009:5
	add	sp, #24
	pop	{r7, pc}
.Ltmp486:
.Lfunc_end35:
	.size	FLEXCAN_ReadRxMb, .Lfunc_end35-FLEXCAN_ReadRxMb
	.cfi_endproc
	.cantunwind
	.fnend
                                        @ -- End function
	.section	.text.FLEXCAN_ReadFDRxMb,"ax",%progbits
	.hidden	FLEXCAN_ReadFDRxMb              @ -- Begin function FLEXCAN_ReadFDRxMb
	.globl	FLEXCAN_ReadFDRxMb
	.p2align	3
	.type	FLEXCAN_ReadFDRxMb,%function
	.code	16                              @ @FLEXCAN_ReadFDRxMb
	.thumb_func
FLEXCAN_ReadFDRxMb:
.Lfunc_begin36:
	.loc	1 3029 0 is_stmt 1              @ ../../libraries/sdk/drives/fsl_flexcan.c:3029:0
	.fnstart
	.cfi_startproc
@ %bb.0:
	.save	{r7, lr}
	push	{r7, lr}
	.cfi_def_cfa_offset 8
	.cfi_offset lr, -4
	.cfi_offset r7, -8
	.pad	#48
	sub	sp, #48
	.cfi_def_cfa_offset 56
                                        @ kill: def $r3 killed $r1
	str	r0, [sp, #44]
	strb.w	r1, [sp, #43]
	str	r2, [sp, #36]
.Ltmp487:
	.loc	1 3031 5 prologue_end           @ ../../libraries/sdk/drives/fsl_flexcan.c:3031:5
	ldrb.w	r0, [sp, #43]
	ldr	r1, [sp, #44]
	ldr	r1, [r1]
	and	r1, r1, #127
	cmp	r0, r1
	bhi	.LBB36_2
	b	.LBB36_1
.LBB36_1:
	b	.LBB36_3
.LBB36_2:
	movw	r0, :lower16:.L.str.9
	movt	r0, :upper16:.L.str.9
	movw	r1, :lower16:.L.str.1
	movt	r1, :upper16:.L.str.1
	movw	r2, #3031
	bl	__aeabi_assert
.LBB36_3:
	.loc	1 3032 5                        @ ../../libraries/sdk/drives/fsl_flexcan.c:3032:5
	ldr	r0, [sp, #36]
	cbz	r0, .LBB36_5
	b	.LBB36_4
.LBB36_4:
	b	.LBB36_6
.LBB36_5:
	movw	r0, :lower16:.L.str.22
	movt	r0, :upper16:.L.str.22
	movw	r1, :lower16:.L.str.1
	movt	r1, :upper16:.L.str.1
	movw	r2, #3032
	bl	__aeabi_assert
.LBB36_6:
	.loc	1 3034 5                        @ ../../libraries/sdk/drives/fsl_flexcan.c:3034:5
	ldr	r0, [sp, #44]
	ldrb.w	r1, [sp, #43]
	bl	FLEXCAN_IsMbOccupied
	cbnz	r0, .LBB36_8
	b	.LBB36_7
.LBB36_7:
	b	.LBB36_9
.LBB36_8:
	movw	r0, :lower16:.L.str.10
	movt	r0, :upper16:.L.str.10
	movw	r1, :lower16:.L.str.1
	movt	r1, :upper16:.L.str.1
	movw	r2, #3034
	bl	__aeabi_assert
.LBB36_9:
	.loc	1 0 5 is_stmt 0                 @ ../../libraries/sdk/drives/fsl_flexcan.c:0:5
	movs	r0, #0
	.loc	1 3040 13 is_stmt 1             @ ../../libraries/sdk/drives/fsl_flexcan.c:3040:13
	strb.w	r0, [sp, #26]
	.loc	1 3041 14                       @ ../../libraries/sdk/drives/fsl_flexcan.c:3041:14
	str	r0, [sp, #20]
	.loc	1 3043 34                       @ ../../libraries/sdk/drives/fsl_flexcan.c:3043:34
	ldr	r0, [sp, #44]
	.loc	1 3043 40 is_stmt 0             @ ../../libraries/sdk/drives/fsl_flexcan.c:3043:40
	ldr.w	r0, [r0, #3072]
	.loc	1 3043 73                       @ ../../libraries/sdk/drives/fsl_flexcan.c:3043:73
	ubfx	r0, r0, #16, #2
	.loc	1 3043 31                       @ ../../libraries/sdk/drives/fsl_flexcan.c:3043:31
	str	r0, [sp, #16]
	movs	r0, #1
	.loc	1 3044 13 is_stmt 1             @ ../../libraries/sdk/drives/fsl_flexcan.c:3044:13
	strb.w	r0, [sp, #15]
	.loc	1 3045 35                       @ ../../libraries/sdk/drives/fsl_flexcan.c:3045:35
	ldr	r0, [sp, #44]
	.loc	1 3045 41 is_stmt 0             @ ../../libraries/sdk/drives/fsl_flexcan.c:3045:41
	adds	r0, #128
	.loc	1 3045 24                       @ ../../libraries/sdk/drives/fsl_flexcan.c:3045:24
	str	r0, [sp, #8]
	.loc	1 3046 60 is_stmt 1             @ ../../libraries/sdk/drives/fsl_flexcan.c:3046:60
	ldr	r0, [sp, #44]
	.loc	1 3046 66 is_stmt 0             @ ../../libraries/sdk/drives/fsl_flexcan.c:3046:66
	ldrb.w	r1, [sp, #43]
	.loc	1 3046 33                       @ ../../libraries/sdk/drives/fsl_flexcan.c:3046:33
	bl	FLEXCAN_GetFDMailboxOffset
	.loc	1 3046 14                       @ ../../libraries/sdk/drives/fsl_flexcan.c:3046:14
	str	r0, [sp, #4]
	.loc	1 3049 15 is_stmt 1             @ ../../libraries/sdk/drives/fsl_flexcan.c:3049:15
	ldr	r0, [sp, #8]
	.loc	1 3049 22 is_stmt 0             @ ../../libraries/sdk/drives/fsl_flexcan.c:3049:22
	ldr	r1, [sp, #4]
	.loc	1 3049 15                       @ ../../libraries/sdk/drives/fsl_flexcan.c:3049:15
	ldr.w	r0, [r0, r1, lsl #2]
	.loc	1 3049 13                       @ ../../libraries/sdk/drives/fsl_flexcan.c:3049:13
	str	r0, [sp, #28]
	.loc	1 3050 15 is_stmt 1             @ ../../libraries/sdk/drives/fsl_flexcan.c:3050:15
	ldr	r0, [sp, #8]
	.loc	1 3050 22 is_stmt 0             @ ../../libraries/sdk/drives/fsl_flexcan.c:3050:22
	ldr	r1, [sp, #4]
	.loc	1 3050 15                       @ ../../libraries/sdk/drives/fsl_flexcan.c:3050:15
	add.w	r0, r0, r1, lsl #2
	ldr	r0, [r0, #4]
	.loc	1 3050 13                       @ ../../libraries/sdk/drives/fsl_flexcan.c:3050:13
	str	r0, [sp, #20]
	.loc	1 3053 26 is_stmt 1             @ ../../libraries/sdk/drives/fsl_flexcan.c:3053:26
	ldr	r0, [sp, #28]
	.loc	1 3053 54 is_stmt 0             @ ../../libraries/sdk/drives/fsl_flexcan.c:3053:54
	ubfx	r0, r0, #24, #4
	.loc	1 3053 13                       @ ../../libraries/sdk/drives/fsl_flexcan.c:3053:13
	strb.w	r0, [sp, #27]
.Ltmp488:
	.loc	1 3056 40 is_stmt 1             @ ../../libraries/sdk/drives/fsl_flexcan.c:3056:40
	ldrb.w	r0, [sp, #27]
	.loc	1 3056 49 is_stmt 0             @ ../../libraries/sdk/drives/fsl_flexcan.c:3056:49
	cmp	r0, #2
	beq	.LBB36_11
	b	.LBB36_10
.LBB36_10:
	.loc	1 3056 86                       @ ../../libraries/sdk/drives/fsl_flexcan.c:3056:86
	ldrb.w	r0, [sp, #27]
.Ltmp489:
	.loc	1 3056 9                        @ ../../libraries/sdk/drives/fsl_flexcan.c:3056:9
	cmp	r0, #6
	bne	.LBB36_23
	b	.LBB36_11
.LBB36_11:
.Ltmp490:
	.loc	1 3059 24 is_stmt 1             @ ../../libraries/sdk/drives/fsl_flexcan.c:3059:24
	ldr	r2, [sp, #20]
	.loc	1 3059 9 is_stmt 0              @ ../../libraries/sdk/drives/fsl_flexcan.c:3059:9
	ldr	r1, [sp, #36]
	.loc	1 3059 22                       @ ../../libraries/sdk/drives/fsl_flexcan.c:3059:22
	ldr	r0, [r1, #4]
	bfi	r0, r2, #0, #29
	str	r0, [r1, #4]
	.loc	1 3062 29 is_stmt 1             @ ../../libraries/sdk/drives/fsl_flexcan.c:3062:29
	ldr	r0, [sp, #28]
	.loc	1 3062 37 is_stmt 0             @ ../../libraries/sdk/drives/fsl_flexcan.c:3062:37
	and	r2, r0, #2097152
	.loc	1 3062 9                        @ ../../libraries/sdk/drives/fsl_flexcan.c:3062:9
	ldr	r1, [sp, #36]
	.loc	1 3062 26                       @ ../../libraries/sdk/drives/fsl_flexcan.c:3062:26
	ldrh	r0, [r1, #2]
	bic	r0, r0, #32
	orr.w	r0, r0, r2, lsr #16
	strh	r0, [r1, #2]
	.loc	1 3067 14 is_stmt 1             @ ../../libraries/sdk/drives/fsl_flexcan.c:3067:14
	ldr	r0, [sp, #28]
	.loc	1 3067 22 is_stmt 0             @ ../../libraries/sdk/drives/fsl_flexcan.c:3067:22
	and	r2, r0, #1048576
	.loc	1 3066 9 is_stmt 1              @ ../../libraries/sdk/drives/fsl_flexcan.c:3066:9
	ldr	r1, [sp, #36]
	.loc	1 3066 24 is_stmt 0             @ ../../libraries/sdk/drives/fsl_flexcan.c:3066:24
	ldrh	r0, [r1, #2]
	bic	r0, r0, #16
	orr.w	r0, r0, r2, lsr #16
	strh	r0, [r1, #2]
	.loc	1 3070 39 is_stmt 1             @ ../../libraries/sdk/drives/fsl_flexcan.c:3070:39
	ldr	r0, [sp, #28]
	.loc	1 3070 47 is_stmt 0             @ ../../libraries/sdk/drives/fsl_flexcan.c:3070:47
	and	r2, r0, #983040
	.loc	1 3070 9                        @ ../../libraries/sdk/drives/fsl_flexcan.c:3070:9
	ldr	r1, [sp, #36]
	.loc	1 3070 26                       @ ../../libraries/sdk/drives/fsl_flexcan.c:3070:26
	ldrh	r0, [r1, #2]
	bic	r0, r0, #15
	orr.w	r0, r0, r2, lsr #16
	strh	r0, [r1, #2]
	.loc	1 3073 43 is_stmt 1             @ ../../libraries/sdk/drives/fsl_flexcan.c:3073:43
	ldr	r0, [sp, #28]
	.loc	1 3073 9 is_stmt 0              @ ../../libraries/sdk/drives/fsl_flexcan.c:3073:9
	ldr	r1, [sp, #36]
	.loc	1 3073 29                       @ ../../libraries/sdk/drives/fsl_flexcan.c:3073:29
	strh	r0, [r1]
	movs	r0, #0
.Ltmp491:
	.loc	1 3077 18 is_stmt 1             @ ../../libraries/sdk/drives/fsl_flexcan.c:3077:18
	strb.w	r0, [sp, #26]
	.loc	1 3077 14 is_stmt 0             @ ../../libraries/sdk/drives/fsl_flexcan.c:3077:14
	b	.LBB36_12
.LBB36_12:                              @ =>This Inner Loop Header: Depth=1
.Ltmp492:
	.loc	1 3077 23                       @ ../../libraries/sdk/drives/fsl_flexcan.c:3077:23
	ldrb.w	r0, [sp, #26]
	.loc	1 3077 30                       @ ../../libraries/sdk/drives/fsl_flexcan.c:3077:30
	ldr	r1, [sp, #16]
	.loc	1 3077 39                       @ ../../libraries/sdk/drives/fsl_flexcan.c:3077:39
	adds	r1, #1
.Ltmp493:
	.loc	1 3077 9                        @ ../../libraries/sdk/drives/fsl_flexcan.c:3077:9
	cmp	r0, r1
	bhs	.LBB36_15
	b	.LBB36_13
.LBB36_13:                              @   in Loop: Header=BB36_12 Depth=1
.Ltmp494:
	.loc	1 3079 27 is_stmt 1             @ ../../libraries/sdk/drives/fsl_flexcan.c:3079:27
	ldrb.w	r0, [sp, #15]
	lsls	r0, r0, #1
	strb.w	r0, [sp, #15]
	.loc	1 3080 9                        @ ../../libraries/sdk/drives/fsl_flexcan.c:3080:9
	b	.LBB36_14
.Ltmp495:
.LBB36_14:                              @   in Loop: Header=BB36_12 Depth=1
	.loc	1 3077 49                       @ ../../libraries/sdk/drives/fsl_flexcan.c:3077:49
	ldrb.w	r0, [sp, #26]
	adds	r0, #1
	strb.w	r0, [sp, #26]
	.loc	1 3077 9 is_stmt 0              @ ../../libraries/sdk/drives/fsl_flexcan.c:3077:9
	b	.LBB36_12
.Ltmp496:
.LBB36_15:
	.loc	1 0 9                           @ ../../libraries/sdk/drives/fsl_flexcan.c:0:9
	movs	r0, #0
.Ltmp497:
	.loc	1 3083 18 is_stmt 1             @ ../../libraries/sdk/drives/fsl_flexcan.c:3083:18
	strb.w	r0, [sp, #26]
	.loc	1 3083 14 is_stmt 0             @ ../../libraries/sdk/drives/fsl_flexcan.c:3083:14
	b	.LBB36_16
.LBB36_16:                              @ =>This Inner Loop Header: Depth=1
.Ltmp498:
	.loc	1 3083 23                       @ ../../libraries/sdk/drives/fsl_flexcan.c:3083:23
	ldrb.w	r0, [sp, #26]
	.loc	1 3083 29                       @ ../../libraries/sdk/drives/fsl_flexcan.c:3083:29
	ldrb.w	r1, [sp, #15]
.Ltmp499:
	.loc	1 3083 9                        @ ../../libraries/sdk/drives/fsl_flexcan.c:3083:9
	cmp	r0, r1
	bge	.LBB36_19
	b	.LBB36_17
.LBB36_17:                              @   in Loop: Header=BB36_16 Depth=1
.Ltmp500:
	.loc	1 3085 39 is_stmt 1             @ ../../libraries/sdk/drives/fsl_flexcan.c:3085:39
	ldr	r0, [sp, #8]
	.loc	1 3085 46 is_stmt 0             @ ../../libraries/sdk/drives/fsl_flexcan.c:3085:46
	ldr	r1, [sp, #4]
	.loc	1 3085 60                       @ ../../libraries/sdk/drives/fsl_flexcan.c:3085:60
	ldrb.w	r2, [sp, #26]
	.loc	1 3085 53                       @ ../../libraries/sdk/drives/fsl_flexcan.c:3085:53
	add	r1, r2
	.loc	1 3085 39                       @ ../../libraries/sdk/drives/fsl_flexcan.c:3085:39
	add.w	r0, r0, r1, lsl #2
	ldr	r0, [r0, #8]
	.loc	1 3085 13                       @ ../../libraries/sdk/drives/fsl_flexcan.c:3085:13
	ldr	r1, [sp, #36]
	.loc	1 3085 32                       @ ../../libraries/sdk/drives/fsl_flexcan.c:3085:32
	ldrb.w	r2, [sp, #26]
	.loc	1 3085 23                       @ ../../libraries/sdk/drives/fsl_flexcan.c:3085:23
	add.w	r1, r1, r2, lsl #2
	.loc	1 3085 37                       @ ../../libraries/sdk/drives/fsl_flexcan.c:3085:37
	str	r0, [r1, #8]
	.loc	1 3086 9 is_stmt 1              @ ../../libraries/sdk/drives/fsl_flexcan.c:3086:9
	b	.LBB36_18
.Ltmp501:
.LBB36_18:                              @   in Loop: Header=BB36_16 Depth=1
	.loc	1 3083 47                       @ ../../libraries/sdk/drives/fsl_flexcan.c:3083:47
	ldrb.w	r0, [sp, #26]
	adds	r0, #1
	strb.w	r0, [sp, #26]
	.loc	1 3083 9 is_stmt 0              @ ../../libraries/sdk/drives/fsl_flexcan.c:3083:9
	b	.LBB36_16
.Ltmp502:
.LBB36_19:
	.loc	1 3089 15 is_stmt 1             @ ../../libraries/sdk/drives/fsl_flexcan.c:3089:15
	ldr	r0, [sp, #44]
	.loc	1 3089 21 is_stmt 0             @ ../../libraries/sdk/drives/fsl_flexcan.c:3089:21
	ldr	r0, [r0, #8]
.Ltmp503:
	.loc	1 3091 44 is_stmt 1             @ ../../libraries/sdk/drives/fsl_flexcan.c:3091:44
	ldrb.w	r0, [sp, #27]
.Ltmp504:
	.loc	1 3091 13 is_stmt 0             @ ../../libraries/sdk/drives/fsl_flexcan.c:3091:13
	cmp	r0, #2
	bne	.LBB36_21
	b	.LBB36_20
.LBB36_20:
	.loc	1 0 13                          @ ../../libraries/sdk/drives/fsl_flexcan.c:0:13
	movs	r0, #0
.Ltmp505:
	.loc	1 3093 20 is_stmt 1             @ ../../libraries/sdk/drives/fsl_flexcan.c:3093:20
	str	r0, [sp, #32]
	.loc	1 3094 9                        @ ../../libraries/sdk/drives/fsl_flexcan.c:3094:9
	b	.LBB36_22
.Ltmp506:
.LBB36_21:
	.loc	1 0 9 is_stmt 0                 @ ../../libraries/sdk/drives/fsl_flexcan.c:0:9
	movw	r0, #5305
.Ltmp507:
	.loc	1 3097 20 is_stmt 1             @ ../../libraries/sdk/drives/fsl_flexcan.c:3097:20
	str	r0, [sp, #32]
	b	.LBB36_22
.Ltmp508:
.LBB36_22:
	.loc	1 3099 5                        @ ../../libraries/sdk/drives/fsl_flexcan.c:3099:5
	b	.LBB36_24
.Ltmp509:
.LBB36_23:
	.loc	1 3103 15                       @ ../../libraries/sdk/drives/fsl_flexcan.c:3103:15
	ldr	r0, [sp, #44]
	.loc	1 3103 21 is_stmt 0             @ ../../libraries/sdk/drives/fsl_flexcan.c:3103:21
	ldr	r0, [r0, #8]
	movs	r0, #1
	.loc	1 3105 16 is_stmt 1             @ ../../libraries/sdk/drives/fsl_flexcan.c:3105:16
	str	r0, [sp, #32]
	b	.LBB36_24
.Ltmp510:
.LBB36_24:
	.loc	1 3108 12                       @ ../../libraries/sdk/drives/fsl_flexcan.c:3108:12
	ldr	r0, [sp, #32]
	.loc	1 3108 5 is_stmt 0              @ ../../libraries/sdk/drives/fsl_flexcan.c:3108:5
	add	sp, #48
	pop	{r7, pc}
.Ltmp511:
.Lfunc_end36:
	.size	FLEXCAN_ReadFDRxMb, .Lfunc_end36-FLEXCAN_ReadFDRxMb
	.cfi_endproc
	.cantunwind
	.fnend
                                        @ -- End function
	.section	.text.FLEXCAN_ReadRxFifo,"ax",%progbits
	.hidden	FLEXCAN_ReadRxFifo              @ -- Begin function FLEXCAN_ReadRxFifo
	.globl	FLEXCAN_ReadRxFifo
	.p2align	3
	.type	FLEXCAN_ReadRxFifo,%function
	.code	16                              @ @FLEXCAN_ReadRxFifo
	.thumb_func
FLEXCAN_ReadRxFifo:
.Lfunc_begin37:
	.loc	1 3123 0 is_stmt 1              @ ../../libraries/sdk/drives/fsl_flexcan.c:3123:0
	.fnstart
	.cfi_startproc
@ %bb.0:
	.pad	#16
	sub	sp, #16
	.cfi_def_cfa_offset 16
	str	r0, [sp, #12]
	str	r1, [sp, #8]
.Ltmp512:
	.loc	1 3125 5 prologue_end           @ ../../libraries/sdk/drives/fsl_flexcan.c:3125:5
	ldr	r0, [sp, #8]
	cbz	r0, .LBB37_2
	b	.LBB37_1
.LBB37_1:
	b	.LBB37_3
.LBB37_2:
	movw	r0, :lower16:.L.str.22
	movt	r0, :upper16:.L.str.22
	movw	r1, :lower16:.L.str.1
	movt	r1, :upper16:.L.str.1
	movw	r2, #3125
	bl	__aeabi_assert
.LBB37_3:
.Ltmp513:
	.loc	1 3131 16                       @ ../../libraries/sdk/drives/fsl_flexcan.c:3131:16
	ldr	r0, [sp, #12]
	.loc	1 3131 22 is_stmt 0             @ ../../libraries/sdk/drives/fsl_flexcan.c:3131:22
	ldr	r0, [r0]
.Ltmp514:
	.loc	1 3131 9                        @ ../../libraries/sdk/drives/fsl_flexcan.c:3131:9
	lsls	r0, r0, #2
	cmp	r0, #0
	bpl	.LBB37_5
	b	.LBB37_4
.LBB37_4:
.Ltmp515:
	.loc	1 3134 19 is_stmt 1             @ ../../libraries/sdk/drives/fsl_flexcan.c:3134:19
	ldr	r0, [sp, #12]
	.loc	1 3134 31 is_stmt 0             @ ../../libraries/sdk/drives/fsl_flexcan.c:3134:31
	ldr.w	r0, [r0, #128]
	.loc	1 3134 17                       @ ../../libraries/sdk/drives/fsl_flexcan.c:3134:17
	str	r0, [sp, #4]
	.loc	1 3138 24 is_stmt 1             @ ../../libraries/sdk/drives/fsl_flexcan.c:3138:24
	ldr	r0, [sp, #12]
	.loc	1 3138 36 is_stmt 0             @ ../../libraries/sdk/drives/fsl_flexcan.c:3138:36
	ldr.w	r2, [r0, #132]
	.loc	1 3138 9                        @ ../../libraries/sdk/drives/fsl_flexcan.c:3138:9
	ldr	r1, [sp, #8]
	.loc	1 3138 22                       @ ../../libraries/sdk/drives/fsl_flexcan.c:3138:22
	ldr	r0, [r1, #4]
	bfi	r0, r2, #0, #29
	str	r0, [r1, #4]
	.loc	1 3141 29 is_stmt 1             @ ../../libraries/sdk/drives/fsl_flexcan.c:3141:29
	ldr	r0, [sp, #4]
	.loc	1 3141 37 is_stmt 0             @ ../../libraries/sdk/drives/fsl_flexcan.c:3141:37
	and	r2, r0, #2097152
	.loc	1 3141 9                        @ ../../libraries/sdk/drives/fsl_flexcan.c:3141:9
	ldr	r1, [sp, #8]
	.loc	1 3141 26                       @ ../../libraries/sdk/drives/fsl_flexcan.c:3141:26
	ldrh	r0, [r1, #2]
	bic	r0, r0, #32
	orr.w	r0, r0, r2, lsr #16
	strh	r0, [r1, #2]
	.loc	1 3146 14 is_stmt 1             @ ../../libraries/sdk/drives/fsl_flexcan.c:3146:14
	ldr	r0, [sp, #4]
	.loc	1 3146 22 is_stmt 0             @ ../../libraries/sdk/drives/fsl_flexcan.c:3146:22
	and	r2, r0, #1048576
	.loc	1 3145 9 is_stmt 1              @ ../../libraries/sdk/drives/fsl_flexcan.c:3145:9
	ldr	r1, [sp, #8]
	.loc	1 3145 24 is_stmt 0             @ ../../libraries/sdk/drives/fsl_flexcan.c:3145:24
	ldrh	r0, [r1, #2]
	bic	r0, r0, #16
	orr.w	r0, r0, r2, lsr #16
	strh	r0, [r1, #2]
	.loc	1 3149 39 is_stmt 1             @ ../../libraries/sdk/drives/fsl_flexcan.c:3149:39
	ldr	r0, [sp, #4]
	.loc	1 3149 47 is_stmt 0             @ ../../libraries/sdk/drives/fsl_flexcan.c:3149:47
	and	r2, r0, #983040
	.loc	1 3149 9                        @ ../../libraries/sdk/drives/fsl_flexcan.c:3149:9
	ldr	r1, [sp, #8]
	.loc	1 3149 26                       @ ../../libraries/sdk/drives/fsl_flexcan.c:3149:26
	ldrh	r0, [r1, #2]
	bic	r0, r0, #15
	orr.w	r0, r0, r2, lsr #16
	strh	r0, [r1, #2]
	.loc	1 3152 43 is_stmt 1             @ ../../libraries/sdk/drives/fsl_flexcan.c:3152:43
	ldr	r0, [sp, #4]
	.loc	1 3152 9 is_stmt 0              @ ../../libraries/sdk/drives/fsl_flexcan.c:3152:9
	ldr	r1, [sp, #8]
	.loc	1 3152 29                       @ ../../libraries/sdk/drives/fsl_flexcan.c:3152:29
	strh	r0, [r1]
	.loc	1 3155 31 is_stmt 1             @ ../../libraries/sdk/drives/fsl_flexcan.c:3155:31
	ldr	r0, [sp, #12]
	.loc	1 3155 43 is_stmt 0             @ ../../libraries/sdk/drives/fsl_flexcan.c:3155:43
	ldr.w	r0, [r0, #136]
	.loc	1 3155 9                        @ ../../libraries/sdk/drives/fsl_flexcan.c:3155:9
	ldr	r1, [sp, #8]
	.loc	1 3155 29                       @ ../../libraries/sdk/drives/fsl_flexcan.c:3155:29
	str	r0, [r1, #8]
	.loc	1 3156 31 is_stmt 1             @ ../../libraries/sdk/drives/fsl_flexcan.c:3156:31
	ldr	r0, [sp, #12]
	.loc	1 3156 43 is_stmt 0             @ ../../libraries/sdk/drives/fsl_flexcan.c:3156:43
	ldr.w	r0, [r0, #140]
	.loc	1 3156 9                        @ ../../libraries/sdk/drives/fsl_flexcan.c:3156:9
	ldr	r1, [sp, #8]
	.loc	1 3156 29                       @ ../../libraries/sdk/drives/fsl_flexcan.c:3156:29
	str	r0, [r1, #12]
	.loc	1 3159 38 is_stmt 1             @ ../../libraries/sdk/drives/fsl_flexcan.c:3159:38
	ldr	r0, [sp, #12]
	.loc	1 3159 44 is_stmt 0             @ ../../libraries/sdk/drives/fsl_flexcan.c:3159:44
	ldr	r2, [r0, #76]
	.loc	1 3159 9                        @ ../../libraries/sdk/drives/fsl_flexcan.c:3159:9
	ldr	r1, [sp, #8]
	.loc	1 3159 25                       @ ../../libraries/sdk/drives/fsl_flexcan.c:3159:25
	ldrh	r0, [r1, #2]
	and	r0, r0, #127
	orr.w	r0, r0, r2, lsl #7
	strh	r0, [r1, #2]
	.loc	1 3162 15 is_stmt 1             @ ../../libraries/sdk/drives/fsl_flexcan.c:3162:15
	ldr	r0, [sp, #12]
	.loc	1 3162 21 is_stmt 0             @ ../../libraries/sdk/drives/fsl_flexcan.c:3162:21
	ldr	r0, [r0, #8]
	movs	r0, #0
	.loc	1 3164 16 is_stmt 1             @ ../../libraries/sdk/drives/fsl_flexcan.c:3164:16
	str	r0, [sp]
	.loc	1 3165 5                        @ ../../libraries/sdk/drives/fsl_flexcan.c:3165:5
	b	.LBB37_6
.Ltmp516:
.LBB37_5:
	.loc	1 0 5 is_stmt 0                 @ ../../libraries/sdk/drives/fsl_flexcan.c:0:5
	movs	r0, #1
.Ltmp517:
	.loc	1 3168 16 is_stmt 1             @ ../../libraries/sdk/drives/fsl_flexcan.c:3168:16
	str	r0, [sp]
	b	.LBB37_6
.Ltmp518:
.LBB37_6:
	.loc	1 3171 12                       @ ../../libraries/sdk/drives/fsl_flexcan.c:3171:12
	ldr	r0, [sp]
	.loc	1 3171 5 is_stmt 0              @ ../../libraries/sdk/drives/fsl_flexcan.c:3171:5
	add	sp, #16
	bx	lr
.Ltmp519:
.Lfunc_end37:
	.size	FLEXCAN_ReadRxFifo, .Lfunc_end37-FLEXCAN_ReadRxFifo
	.cfi_endproc
	.cantunwind
	.fnend
                                        @ -- End function
	.section	.text.FLEXCAN_TransferSendBlocking,"ax",%progbits
	.hidden	FLEXCAN_TransferSendBlocking    @ -- Begin function FLEXCAN_TransferSendBlocking
	.globl	FLEXCAN_TransferSendBlocking
	.p2align	3
	.type	FLEXCAN_TransferSendBlocking,%function
	.code	16                              @ @FLEXCAN_TransferSendBlocking
	.thumb_func
FLEXCAN_TransferSendBlocking:
.Lfunc_begin38:
	.loc	1 3233 0 is_stmt 1              @ ../../libraries/sdk/drives/fsl_flexcan.c:3233:0
	.fnstart
	.cfi_startproc
@ %bb.0:
	.save	{r7, lr}
	push	{r7, lr}
	.cfi_def_cfa_offset 8
	.cfi_offset lr, -4
	.cfi_offset r7, -8
	.pad	#24
	sub	sp, #24
	.cfi_def_cfa_offset 32
                                        @ kill: def $r3 killed $r1
	str	r0, [sp, #20]
	strb.w	r1, [sp, #19]
	str	r2, [sp, #12]
.Ltmp520:
	.loc	1 3237 46 prologue_end          @ ../../libraries/sdk/drives/fsl_flexcan.c:3237:46
	ldr	r0, [sp, #20]
	.loc	1 3237 52 is_stmt 0             @ ../../libraries/sdk/drives/fsl_flexcan.c:3237:52
	ldrb.w	r1, [sp, #19]
	.loc	1 3237 95                       @ ../../libraries/sdk/drives/fsl_flexcan.c:3237:95
	ldr	r2, [sp, #12]
	.loc	1 3237 28                       @ ../../libraries/sdk/drives/fsl_flexcan.c:3237:28
	bl	FLEXCAN_WriteTxMb
.Ltmp521:
	.loc	1 3237 9                        @ ../../libraries/sdk/drives/fsl_flexcan.c:3237:9
	cmp	r0, #0
	bne	.LBB38_5
	b	.LBB38_1
.LBB38_1:
	.loc	1 0 9                           @ ../../libraries/sdk/drives/fsl_flexcan.c:0:9
	movs	r0, #0
.Ltmp522:
	.loc	1 3241 18 is_stmt 1             @ ../../libraries/sdk/drives/fsl_flexcan.c:3241:18
	str	r0, [sp, #4]
	movs	r0, #1
	str	r0, [sp]
	.loc	1 3242 9                        @ ../../libraries/sdk/drives/fsl_flexcan.c:3242:9
	b	.LBB38_2
.LBB38_2:                               @ =>This Inner Loop Header: Depth=1
	.loc	1 3242 47 is_stmt 0             @ ../../libraries/sdk/drives/fsl_flexcan.c:3242:47
	ldr	r0, [sp, #20]
	.loc	1 3242 53                       @ ../../libraries/sdk/drives/fsl_flexcan.c:3242:53
	ldr	r2, [sp]
	ldr	r1, [sp, #4]
	.loc	1 3242 64                       @ ../../libraries/sdk/drives/fsl_flexcan.c:3242:64
	ldrb.w	r12, [sp, #19]
	.loc	1 3242 61                       @ ../../libraries/sdk/drives/fsl_flexcan.c:3242:61
	lsl.w	r3, r1, r12
	rsb.w	r1, r12, #32
	lsr.w	r1, r2, r1
	orrs	r3, r1
	sub.w	r1, r12, #32
	lsl.w	lr, r2, r1
	cmp	r1, #0
	it	pl
	movpl	r3, lr
	lsl.w	r2, r2, r12
	cmp	r1, #0
	it	pl
	movpl	r2, #0
	.loc	1 3242 22                       @ ../../libraries/sdk/drives/fsl_flexcan.c:3242:22
	bl	FLEXCAN_GetMbStatusFlags
	.loc	1 3242 19                       @ ../../libraries/sdk/drives/fsl_flexcan.c:3242:19
	orrs	r0, r1
	.loc	1 3242 9                        @ ../../libraries/sdk/drives/fsl_flexcan.c:3242:9
	cbnz	r0, .LBB38_4
	b	.LBB38_3
.LBB38_3:                               @   in Loop: Header=BB38_2 Depth=1
	b	.LBB38_2
.LBB38_4:
	.loc	1 3252 36 is_stmt 1             @ ../../libraries/sdk/drives/fsl_flexcan.c:3252:36
	ldr	r0, [sp, #20]
	.loc	1 3252 42 is_stmt 0             @ ../../libraries/sdk/drives/fsl_flexcan.c:3252:42
	ldr	r2, [sp]
	ldr	r1, [sp, #4]
	.loc	1 3252 53                       @ ../../libraries/sdk/drives/fsl_flexcan.c:3252:53
	ldrb.w	r12, [sp, #19]
	.loc	1 3252 50                       @ ../../libraries/sdk/drives/fsl_flexcan.c:3252:50
	lsl.w	r3, r1, r12
	rsb.w	r1, r12, #32
	lsr.w	r1, r2, r1
	orrs	r3, r1
	sub.w	r1, r12, #32
	lsl.w	lr, r2, r1
	cmp	r1, #0
	it	pl
	movpl	r3, lr
	lsl.w	r2, r2, r12
	cmp	r1, #0
	it	pl
	movpl	r2, #0
	.loc	1 3252 9                        @ ../../libraries/sdk/drives/fsl_flexcan.c:3252:9
	bl	FLEXCAN_ClearMbStatusFlags
	.loc	1 3257 43 is_stmt 1             @ ../../libraries/sdk/drives/fsl_flexcan.c:3257:43
	ldr	r0, [sp, #20]
	.loc	1 3257 52 is_stmt 0             @ ../../libraries/sdk/drives/fsl_flexcan.c:3257:52
	ldrb.w	r1, [sp, #19]
	.loc	1 3257 49                       @ ../../libraries/sdk/drives/fsl_flexcan.c:3257:49
	add.w	r0, r0, r1, lsl #4
	.loc	1 3257 59                       @ ../../libraries/sdk/drives/fsl_flexcan.c:3257:59
	ldr.w	r0, [r0, #128]
	.loc	1 3257 9                        @ ../../libraries/sdk/drives/fsl_flexcan.c:3257:9
	ldr	r1, [sp, #12]
	.loc	1 3257 29                       @ ../../libraries/sdk/drives/fsl_flexcan.c:3257:29
	strh	r0, [r1]
	movs	r0, #0
	.loc	1 3259 16 is_stmt 1             @ ../../libraries/sdk/drives/fsl_flexcan.c:3259:16
	str	r0, [sp, #8]
	.loc	1 3260 5                        @ ../../libraries/sdk/drives/fsl_flexcan.c:3260:5
	b	.LBB38_6
.Ltmp523:
.LBB38_5:
	.loc	1 0 5 is_stmt 0                 @ ../../libraries/sdk/drives/fsl_flexcan.c:0:5
	movs	r0, #1
.Ltmp524:
	.loc	1 3263 16 is_stmt 1             @ ../../libraries/sdk/drives/fsl_flexcan.c:3263:16
	str	r0, [sp, #8]
	b	.LBB38_6
.Ltmp525:
.LBB38_6:
	.loc	1 3266 12                       @ ../../libraries/sdk/drives/fsl_flexcan.c:3266:12
	ldr	r0, [sp, #8]
	.loc	1 3266 5 is_stmt 0              @ ../../libraries/sdk/drives/fsl_flexcan.c:3266:5
	add	sp, #24
	pop	{r7, pc}
.Ltmp526:
.Lfunc_end38:
	.size	FLEXCAN_TransferSendBlocking, .Lfunc_end38-FLEXCAN_TransferSendBlocking
	.cfi_endproc
	.cantunwind
	.fnend
                                        @ -- End function
	.section	.text.FLEXCAN_GetMbStatusFlags,"ax",%progbits
	.p2align	3                               @ -- Begin function FLEXCAN_GetMbStatusFlags
	.type	FLEXCAN_GetMbStatusFlags,%function
	.code	16                              @ @FLEXCAN_GetMbStatusFlags
	.thumb_func
FLEXCAN_GetMbStatusFlags:
.Lfunc_begin39:
	.loc	5 1484 0 is_stmt 1              @ ../../libraries/sdk/drives/fsl_flexcan.h:1484:0
	.fnstart
	.cfi_startproc
@ %bb.0:
	.pad	#24
	sub	sp, #24
	.cfi_def_cfa_offset 24
                                        @ kill: def $r1 killed $r3
                                        @ kill: def $r1 killed $r2
	str	r0, [sp, #20]
	str	r3, [sp, #12]
	str	r2, [sp, #8]
.Ltmp527:
	.loc	5 1486 35 prologue_end          @ ../../libraries/sdk/drives/fsl_flexcan.h:1486:35
	ldr	r0, [sp, #20]
	.loc	5 1486 41 is_stmt 0             @ ../../libraries/sdk/drives/fsl_flexcan.h:1486:41
	ldr	r0, [r0, #48]
	movs	r1, #0
	.loc	5 1486 14                       @ ../../libraries/sdk/drives/fsl_flexcan.h:1486:14
	str	r1, [sp, #4]
	str	r0, [sp]
	.loc	5 1487 13 is_stmt 1             @ ../../libraries/sdk/drives/fsl_flexcan.h:1487:13
	ldr	r0, [sp]
	ldr	r1, [sp, #4]
	.loc	5 1487 36 is_stmt 0             @ ../../libraries/sdk/drives/fsl_flexcan.h:1487:36
	ldr	r2, [sp, #20]
	.loc	5 1487 26                       @ ../../libraries/sdk/drives/fsl_flexcan.h:1487:26
	ldr	r2, [r2, #44]
	.loc	5 1487 22                       @ ../../libraries/sdk/drives/fsl_flexcan.h:1487:22
	orrs	r1, r2
	.loc	5 1487 60                       @ ../../libraries/sdk/drives/fsl_flexcan.h:1487:60
	ldr	r3, [sp, #8]
	ldr	r2, [sp, #12]
	.loc	5 1487 58                       @ ../../libraries/sdk/drives/fsl_flexcan.h:1487:58
	ands	r0, r3
	ands	r1, r2
	.loc	5 1487 5                        @ ../../libraries/sdk/drives/fsl_flexcan.h:1487:5
	add	sp, #24
	bx	lr
.Ltmp528:
.Lfunc_end39:
	.size	FLEXCAN_GetMbStatusFlags, .Lfunc_end39-FLEXCAN_GetMbStatusFlags
	.cfi_endproc
	.cantunwind
	.fnend
                                        @ -- End function
	.section	.text.FLEXCAN_ClearMbStatusFlags,"ax",%progbits
	.p2align	3                               @ -- Begin function FLEXCAN_ClearMbStatusFlags
	.type	FLEXCAN_ClearMbStatusFlags,%function
	.code	16                              @ @FLEXCAN_ClearMbStatusFlags
	.thumb_func
FLEXCAN_ClearMbStatusFlags:
.Lfunc_begin40:
	.loc	5 1506 0 is_stmt 1              @ ../../libraries/sdk/drives/fsl_flexcan.h:1506:0
	.fnstart
	.cfi_startproc
@ %bb.0:
	.pad	#16
	sub	sp, #16
	.cfi_def_cfa_offset 16
                                        @ kill: def $r1 killed $r3
                                        @ kill: def $r1 killed $r2
	str	r0, [sp, #12]
	str	r3, [sp, #4]
	str	r2, [sp]
.Ltmp529:
	.loc	5 1508 31 prologue_end          @ ../../libraries/sdk/drives/fsl_flexcan.h:1508:31
	ldr	r0, [sp]
	.loc	5 1508 5 is_stmt 0              @ ../../libraries/sdk/drives/fsl_flexcan.h:1508:5
	ldr	r1, [sp, #12]
	.loc	5 1508 18                       @ ../../libraries/sdk/drives/fsl_flexcan.h:1508:18
	str	r0, [r1, #48]
	.loc	5 1509 31 is_stmt 1             @ ../../libraries/sdk/drives/fsl_flexcan.h:1509:31
	ldr	r0, [sp, #4]
	.loc	5 1509 5 is_stmt 0              @ ../../libraries/sdk/drives/fsl_flexcan.h:1509:5
	ldr	r1, [sp, #12]
	.loc	5 1509 18                       @ ../../libraries/sdk/drives/fsl_flexcan.h:1509:18
	str	r0, [r1, #44]
	.loc	5 1513 1 is_stmt 1              @ ../../libraries/sdk/drives/fsl_flexcan.h:1513:1
	add	sp, #16
	bx	lr
.Ltmp530:
.Lfunc_end40:
	.size	FLEXCAN_ClearMbStatusFlags, .Lfunc_end40-FLEXCAN_ClearMbStatusFlags
	.cfi_endproc
	.cantunwind
	.fnend
                                        @ -- End function
	.section	.text.FLEXCAN_TransferReceiveBlocking,"ax",%progbits
	.hidden	FLEXCAN_TransferReceiveBlocking @ -- Begin function FLEXCAN_TransferReceiveBlocking
	.globl	FLEXCAN_TransferReceiveBlocking
	.p2align	3
	.type	FLEXCAN_TransferReceiveBlocking,%function
	.code	16                              @ @FLEXCAN_TransferReceiveBlocking
	.thumb_func
FLEXCAN_TransferReceiveBlocking:
.Lfunc_begin41:
	.loc	1 3282 0                        @ ../../libraries/sdk/drives/fsl_flexcan.c:3282:0
	.fnstart
	.cfi_startproc
@ %bb.0:
	.save	{r7, lr}
	push	{r7, lr}
	.cfi_def_cfa_offset 8
	.cfi_offset lr, -4
	.cfi_offset r7, -8
	.pad	#24
	sub	sp, #24
	.cfi_def_cfa_offset 32
                                        @ kill: def $r3 killed $r1
	str	r0, [sp, #20]
	strb.w	r1, [sp, #19]
	str	r2, [sp, #12]
	movs	r0, #0
.Ltmp531:
	.loc	1 3285 14 prologue_end          @ ../../libraries/sdk/drives/fsl_flexcan.c:3285:14
	str	r0, [sp, #4]
	movs	r0, #1
	str	r0, [sp]
	.loc	1 3286 5                        @ ../../libraries/sdk/drives/fsl_flexcan.c:3286:5
	b	.LBB41_1
.LBB41_1:                               @ =>This Inner Loop Header: Depth=1
	.loc	1 3286 43 is_stmt 0             @ ../../libraries/sdk/drives/fsl_flexcan.c:3286:43
	ldr	r0, [sp, #20]
	.loc	1 3286 49                       @ ../../libraries/sdk/drives/fsl_flexcan.c:3286:49
	ldr	r2, [sp]
	ldr	r1, [sp, #4]
	.loc	1 3286 60                       @ ../../libraries/sdk/drives/fsl_flexcan.c:3286:60
	ldrb.w	r12, [sp, #19]
	.loc	1 3286 57                       @ ../../libraries/sdk/drives/fsl_flexcan.c:3286:57
	lsl.w	r3, r1, r12
	rsb.w	r1, r12, #32
	lsr.w	r1, r2, r1
	orrs	r3, r1
	sub.w	r1, r12, #32
	lsl.w	lr, r2, r1
	cmp	r1, #0
	it	pl
	movpl	r3, lr
	lsl.w	r2, r2, r12
	cmp	r1, #0
	it	pl
	movpl	r2, #0
	.loc	1 3286 18                       @ ../../libraries/sdk/drives/fsl_flexcan.c:3286:18
	bl	FLEXCAN_GetMbStatusFlags
	.loc	1 3286 15                       @ ../../libraries/sdk/drives/fsl_flexcan.c:3286:15
	orrs	r0, r1
	.loc	1 3286 5                        @ ../../libraries/sdk/drives/fsl_flexcan.c:3286:5
	cbnz	r0, .LBB41_3
	b	.LBB41_2
.LBB41_2:                               @   in Loop: Header=BB41_1 Depth=1
	b	.LBB41_1
.LBB41_3:
	.loc	1 3296 32 is_stmt 1             @ ../../libraries/sdk/drives/fsl_flexcan.c:3296:32
	ldr	r0, [sp, #20]
	.loc	1 3296 38 is_stmt 0             @ ../../libraries/sdk/drives/fsl_flexcan.c:3296:38
	ldr	r2, [sp]
	ldr	r1, [sp, #4]
	.loc	1 3296 49                       @ ../../libraries/sdk/drives/fsl_flexcan.c:3296:49
	ldrb.w	r12, [sp, #19]
	.loc	1 3296 46                       @ ../../libraries/sdk/drives/fsl_flexcan.c:3296:46
	lsl.w	r3, r1, r12
	rsb.w	r1, r12, #32
	lsr.w	r1, r2, r1
	orrs	r3, r1
	sub.w	r1, r12, #32
	lsl.w	lr, r2, r1
	cmp	r1, #0
	it	pl
	movpl	r3, lr
	lsl.w	r2, r2, r12
	cmp	r1, #0
	it	pl
	movpl	r2, #0
	.loc	1 3296 5                        @ ../../libraries/sdk/drives/fsl_flexcan.c:3296:5
	bl	FLEXCAN_ClearMbStatusFlags
	.loc	1 3302 29 is_stmt 1             @ ../../libraries/sdk/drives/fsl_flexcan.c:3302:29
	ldr	r0, [sp, #20]
	.loc	1 3302 35 is_stmt 0             @ ../../libraries/sdk/drives/fsl_flexcan.c:3302:35
	ldrb.w	r1, [sp, #19]
	.loc	1 3302 42                       @ ../../libraries/sdk/drives/fsl_flexcan.c:3302:42
	ldr	r2, [sp, #12]
	.loc	1 3302 12                       @ ../../libraries/sdk/drives/fsl_flexcan.c:3302:12
	bl	FLEXCAN_ReadRxMb
	.loc	1 3302 5                        @ ../../libraries/sdk/drives/fsl_flexcan.c:3302:5
	add	sp, #24
	pop	{r7, pc}
.Ltmp532:
.Lfunc_end41:
	.size	FLEXCAN_TransferReceiveBlocking, .Lfunc_end41-FLEXCAN_TransferReceiveBlocking
	.cfi_endproc
	.cantunwind
	.fnend
                                        @ -- End function
	.section	.text.FLEXCAN_TransferFDSendBlocking,"ax",%progbits
	.hidden	FLEXCAN_TransferFDSendBlocking  @ -- Begin function FLEXCAN_TransferFDSendBlocking
	.globl	FLEXCAN_TransferFDSendBlocking
	.p2align	3
	.type	FLEXCAN_TransferFDSendBlocking,%function
	.code	16                              @ @FLEXCAN_TransferFDSendBlocking
	.thumb_func
FLEXCAN_TransferFDSendBlocking:
.Lfunc_begin42:
	.loc	1 3318 0 is_stmt 1              @ ../../libraries/sdk/drives/fsl_flexcan.c:3318:0
	.fnstart
	.cfi_startproc
@ %bb.0:
	.save	{r7, lr}
	push	{r7, lr}
	.cfi_def_cfa_offset 8
	.cfi_offset lr, -4
	.cfi_offset r7, -8
	.pad	#32
	sub	sp, #32
	.cfi_def_cfa_offset 40
                                        @ kill: def $r3 killed $r1
	str	r0, [sp, #28]
	strb.w	r1, [sp, #27]
	str	r2, [sp, #20]
.Ltmp533:
	.loc	1 3322 48 prologue_end          @ ../../libraries/sdk/drives/fsl_flexcan.c:3322:48
	ldr	r0, [sp, #28]
	.loc	1 3322 54 is_stmt 0             @ ../../libraries/sdk/drives/fsl_flexcan.c:3322:54
	ldrb.w	r1, [sp, #27]
	.loc	1 3322 100                      @ ../../libraries/sdk/drives/fsl_flexcan.c:3322:100
	ldr	r2, [sp, #20]
	.loc	1 3322 28                       @ ../../libraries/sdk/drives/fsl_flexcan.c:3322:28
	bl	FLEXCAN_WriteFDTxMb
.Ltmp534:
	.loc	1 3322 9                        @ ../../libraries/sdk/drives/fsl_flexcan.c:3322:9
	cmp	r0, #0
	bne	.LBB42_5
	b	.LBB42_1
.LBB42_1:
	.loc	1 0 9                           @ ../../libraries/sdk/drives/fsl_flexcan.c:0:9
	movs	r0, #0
.Ltmp535:
	.loc	1 3326 18 is_stmt 1             @ ../../libraries/sdk/drives/fsl_flexcan.c:3326:18
	str	r0, [sp, #12]
	movs	r0, #1
	str	r0, [sp, #8]
	.loc	1 3327 9                        @ ../../libraries/sdk/drives/fsl_flexcan.c:3327:9
	b	.LBB42_2
.LBB42_2:                               @ =>This Inner Loop Header: Depth=1
	.loc	1 3327 47 is_stmt 0             @ ../../libraries/sdk/drives/fsl_flexcan.c:3327:47
	ldr	r0, [sp, #28]
	.loc	1 3327 53                       @ ../../libraries/sdk/drives/fsl_flexcan.c:3327:53
	ldr	r2, [sp, #8]
	ldr	r1, [sp, #12]
	.loc	1 3327 64                       @ ../../libraries/sdk/drives/fsl_flexcan.c:3327:64
	ldrb.w	r12, [sp, #27]
	.loc	1 3327 61                       @ ../../libraries/sdk/drives/fsl_flexcan.c:3327:61
	lsl.w	r3, r1, r12
	rsb.w	r1, r12, #32
	lsr.w	r1, r2, r1
	orrs	r3, r1
	sub.w	r1, r12, #32
	lsl.w	lr, r2, r1
	cmp	r1, #0
	it	pl
	movpl	r3, lr
	lsl.w	r2, r2, r12
	cmp	r1, #0
	it	pl
	movpl	r2, #0
	.loc	1 3327 22                       @ ../../libraries/sdk/drives/fsl_flexcan.c:3327:22
	bl	FLEXCAN_GetMbStatusFlags
	.loc	1 3327 19                       @ ../../libraries/sdk/drives/fsl_flexcan.c:3327:19
	orrs	r0, r1
	.loc	1 3327 9                        @ ../../libraries/sdk/drives/fsl_flexcan.c:3327:9
	cbnz	r0, .LBB42_4
	b	.LBB42_3
.LBB42_3:                               @   in Loop: Header=BB42_2 Depth=1
	b	.LBB42_2
.LBB42_4:
	.loc	1 3337 36 is_stmt 1             @ ../../libraries/sdk/drives/fsl_flexcan.c:3337:36
	ldr	r0, [sp, #28]
	.loc	1 3337 42 is_stmt 0             @ ../../libraries/sdk/drives/fsl_flexcan.c:3337:42
	ldr	r2, [sp, #8]
	ldr	r1, [sp, #12]
	.loc	1 3337 53                       @ ../../libraries/sdk/drives/fsl_flexcan.c:3337:53
	ldrb.w	r12, [sp, #27]
	.loc	1 3337 50                       @ ../../libraries/sdk/drives/fsl_flexcan.c:3337:50
	lsl.w	r3, r1, r12
	rsb.w	r1, r12, #32
	lsr.w	r1, r2, r1
	orrs	r3, r1
	sub.w	r1, r12, #32
	lsl.w	lr, r2, r1
	cmp	r1, #0
	it	pl
	movpl	r3, lr
	lsl.w	r2, r2, r12
	cmp	r1, #0
	it	pl
	movpl	r2, #0
	.loc	1 3337 9                        @ ../../libraries/sdk/drives/fsl_flexcan.c:3337:9
	bl	FLEXCAN_ClearMbStatusFlags
	.loc	1 3342 39 is_stmt 1             @ ../../libraries/sdk/drives/fsl_flexcan.c:3342:39
	ldr	r0, [sp, #28]
	.loc	1 3342 45 is_stmt 0             @ ../../libraries/sdk/drives/fsl_flexcan.c:3342:45
	adds	r0, #128
	.loc	1 3342 28                       @ ../../libraries/sdk/drives/fsl_flexcan.c:3342:28
	str	r0, [sp, #4]
	.loc	1 3343 64 is_stmt 1             @ ../../libraries/sdk/drives/fsl_flexcan.c:3343:64
	ldr	r0, [sp, #28]
	.loc	1 3343 70 is_stmt 0             @ ../../libraries/sdk/drives/fsl_flexcan.c:3343:70
	ldrb.w	r1, [sp, #27]
	.loc	1 3343 37                       @ ../../libraries/sdk/drives/fsl_flexcan.c:3343:37
	bl	FLEXCAN_GetFDMailboxOffset
	.loc	1 3343 18                       @ ../../libraries/sdk/drives/fsl_flexcan.c:3343:18
	str	r0, [sp]
	.loc	1 3344 49 is_stmt 1             @ ../../libraries/sdk/drives/fsl_flexcan.c:3344:49
	ldr	r0, [sp, #4]
	.loc	1 3344 56 is_stmt 0             @ ../../libraries/sdk/drives/fsl_flexcan.c:3344:56
	ldr	r1, [sp]
	.loc	1 3344 49                       @ ../../libraries/sdk/drives/fsl_flexcan.c:3344:49
	ldr.w	r0, [r0, r1, lsl #2]
	.loc	1 3344 9                        @ ../../libraries/sdk/drives/fsl_flexcan.c:3344:9
	ldr	r1, [sp, #20]
	.loc	1 3344 35                       @ ../../libraries/sdk/drives/fsl_flexcan.c:3344:35
	strh	r0, [r1]
	movs	r0, #0
	.loc	1 3346 16 is_stmt 1             @ ../../libraries/sdk/drives/fsl_flexcan.c:3346:16
	str	r0, [sp, #16]
	.loc	1 3347 5                        @ ../../libraries/sdk/drives/fsl_flexcan.c:3347:5
	b	.LBB42_6
.Ltmp536:
.LBB42_5:
	.loc	1 0 5 is_stmt 0                 @ ../../libraries/sdk/drives/fsl_flexcan.c:0:5
	movs	r0, #1
.Ltmp537:
	.loc	1 3350 16 is_stmt 1             @ ../../libraries/sdk/drives/fsl_flexcan.c:3350:16
	str	r0, [sp, #16]
	b	.LBB42_6
.Ltmp538:
.LBB42_6:
	.loc	1 3353 12                       @ ../../libraries/sdk/drives/fsl_flexcan.c:3353:12
	ldr	r0, [sp, #16]
	.loc	1 3353 5 is_stmt 0              @ ../../libraries/sdk/drives/fsl_flexcan.c:3353:5
	add	sp, #32
	pop	{r7, pc}
.Ltmp539:
.Lfunc_end42:
	.size	FLEXCAN_TransferFDSendBlocking, .Lfunc_end42-FLEXCAN_TransferFDSendBlocking
	.cfi_endproc
	.cantunwind
	.fnend
                                        @ -- End function
	.section	.text.FLEXCAN_TransferFDReceiveBlocking,"ax",%progbits
	.hidden	FLEXCAN_TransferFDReceiveBlocking @ -- Begin function FLEXCAN_TransferFDReceiveBlocking
	.globl	FLEXCAN_TransferFDReceiveBlocking
	.p2align	3
	.type	FLEXCAN_TransferFDReceiveBlocking,%function
	.code	16                              @ @FLEXCAN_TransferFDReceiveBlocking
	.thumb_func
FLEXCAN_TransferFDReceiveBlocking:
.Lfunc_begin43:
	.loc	1 3369 0 is_stmt 1              @ ../../libraries/sdk/drives/fsl_flexcan.c:3369:0
	.fnstart
	.cfi_startproc
@ %bb.0:
	.save	{r7, lr}
	push	{r7, lr}
	.cfi_def_cfa_offset 8
	.cfi_offset lr, -4
	.cfi_offset r7, -8
	.pad	#24
	sub	sp, #24
	.cfi_def_cfa_offset 32
                                        @ kill: def $r3 killed $r1
	str	r0, [sp, #20]
	strb.w	r1, [sp, #19]
	str	r2, [sp, #12]
	movs	r0, #0
.Ltmp540:
	.loc	1 3372 14 prologue_end          @ ../../libraries/sdk/drives/fsl_flexcan.c:3372:14
	str	r0, [sp, #4]
	movs	r0, #1
	str	r0, [sp]
	.loc	1 3373 5                        @ ../../libraries/sdk/drives/fsl_flexcan.c:3373:5
	b	.LBB43_1
.LBB43_1:                               @ =>This Inner Loop Header: Depth=1
	.loc	1 3373 43 is_stmt 0             @ ../../libraries/sdk/drives/fsl_flexcan.c:3373:43
	ldr	r0, [sp, #20]
	.loc	1 3373 49                       @ ../../libraries/sdk/drives/fsl_flexcan.c:3373:49
	ldr	r2, [sp]
	ldr	r1, [sp, #4]
	.loc	1 3373 60                       @ ../../libraries/sdk/drives/fsl_flexcan.c:3373:60
	ldrb.w	r12, [sp, #19]
	.loc	1 3373 57                       @ ../../libraries/sdk/drives/fsl_flexcan.c:3373:57
	lsl.w	r3, r1, r12
	rsb.w	r1, r12, #32
	lsr.w	r1, r2, r1
	orrs	r3, r1
	sub.w	r1, r12, #32
	lsl.w	lr, r2, r1
	cmp	r1, #0
	it	pl
	movpl	r3, lr
	lsl.w	r2, r2, r12
	cmp	r1, #0
	it	pl
	movpl	r2, #0
	.loc	1 3373 18                       @ ../../libraries/sdk/drives/fsl_flexcan.c:3373:18
	bl	FLEXCAN_GetMbStatusFlags
	.loc	1 3373 15                       @ ../../libraries/sdk/drives/fsl_flexcan.c:3373:15
	orrs	r0, r1
	.loc	1 3373 5                        @ ../../libraries/sdk/drives/fsl_flexcan.c:3373:5
	cbnz	r0, .LBB43_3
	b	.LBB43_2
.LBB43_2:                               @   in Loop: Header=BB43_1 Depth=1
	b	.LBB43_1
.LBB43_3:
	.loc	1 3383 32 is_stmt 1             @ ../../libraries/sdk/drives/fsl_flexcan.c:3383:32
	ldr	r0, [sp, #20]
	.loc	1 3383 38 is_stmt 0             @ ../../libraries/sdk/drives/fsl_flexcan.c:3383:38
	ldr	r2, [sp]
	ldr	r1, [sp, #4]
	.loc	1 3383 49                       @ ../../libraries/sdk/drives/fsl_flexcan.c:3383:49
	ldrb.w	r12, [sp, #19]
	.loc	1 3383 46                       @ ../../libraries/sdk/drives/fsl_flexcan.c:3383:46
	lsl.w	r3, r1, r12
	rsb.w	r1, r12, #32
	lsr.w	r1, r2, r1
	orrs	r3, r1
	sub.w	r1, r12, #32
	lsl.w	lr, r2, r1
	cmp	r1, #0
	it	pl
	movpl	r3, lr
	lsl.w	r2, r2, r12
	cmp	r1, #0
	it	pl
	movpl	r2, #0
	.loc	1 3383 5                        @ ../../libraries/sdk/drives/fsl_flexcan.c:3383:5
	bl	FLEXCAN_ClearMbStatusFlags
	.loc	1 3389 31 is_stmt 1             @ ../../libraries/sdk/drives/fsl_flexcan.c:3389:31
	ldr	r0, [sp, #20]
	.loc	1 3389 37 is_stmt 0             @ ../../libraries/sdk/drives/fsl_flexcan.c:3389:37
	ldrb.w	r1, [sp, #19]
	.loc	1 3389 44                       @ ../../libraries/sdk/drives/fsl_flexcan.c:3389:44
	ldr	r2, [sp, #12]
	.loc	1 3389 12                       @ ../../libraries/sdk/drives/fsl_flexcan.c:3389:12
	bl	FLEXCAN_ReadFDRxMb
	.loc	1 3389 5                        @ ../../libraries/sdk/drives/fsl_flexcan.c:3389:5
	add	sp, #24
	pop	{r7, pc}
.Ltmp541:
.Lfunc_end43:
	.size	FLEXCAN_TransferFDReceiveBlocking, .Lfunc_end43-FLEXCAN_TransferFDReceiveBlocking
	.cfi_endproc
	.cantunwind
	.fnend
                                        @ -- End function
	.section	.text.FLEXCAN_TransferReceiveFifoBlocking,"ax",%progbits
	.hidden	FLEXCAN_TransferReceiveFifoBlocking @ -- Begin function FLEXCAN_TransferReceiveFifoBlocking
	.globl	FLEXCAN_TransferReceiveFifoBlocking
	.p2align	3
	.type	FLEXCAN_TransferReceiveFifoBlocking,%function
	.code	16                              @ @FLEXCAN_TransferReceiveFifoBlocking
	.thumb_func
FLEXCAN_TransferReceiveFifoBlocking:
.Lfunc_begin44:
	.loc	1 3404 0 is_stmt 1              @ ../../libraries/sdk/drives/fsl_flexcan.c:3404:0
	.fnstart
	.cfi_startproc
@ %bb.0:
	.save	{r7, lr}
	push	{r7, lr}
	.cfi_def_cfa_offset 8
	.cfi_offset lr, -4
	.cfi_offset r7, -8
	.pad	#16
	sub	sp, #16
	.cfi_def_cfa_offset 24
	str	r0, [sp, #12]
	str	r1, [sp, #8]
.Ltmp542:
	.loc	1 3408 5 prologue_end           @ ../../libraries/sdk/drives/fsl_flexcan.c:3408:5
	b	.LBB44_1
.LBB44_1:                               @ =>This Inner Loop Header: Depth=1
	.loc	1 3408 43 is_stmt 0             @ ../../libraries/sdk/drives/fsl_flexcan.c:3408:43
	ldr	r0, [sp, #12]
	movs	r2, #32
	movs	r3, #0
	.loc	1 3408 18                       @ ../../libraries/sdk/drives/fsl_flexcan.c:3408:18
	bl	FLEXCAN_GetMbStatusFlags
	.loc	1 3408 15                       @ ../../libraries/sdk/drives/fsl_flexcan.c:3408:15
	orrs	r0, r1
	.loc	1 3408 5                        @ ../../libraries/sdk/drives/fsl_flexcan.c:3408:5
	cbnz	r0, .LBB44_3
	b	.LBB44_2
.LBB44_2:                               @   in Loop: Header=BB44_1 Depth=1
	b	.LBB44_1
.LBB44_3:
	.loc	1 3413 39 is_stmt 1             @ ../../libraries/sdk/drives/fsl_flexcan.c:3413:39
	ldr	r0, [sp, #12]
	.loc	1 3413 45 is_stmt 0             @ ../../libraries/sdk/drives/fsl_flexcan.c:3413:45
	ldr	r1, [sp, #8]
	.loc	1 3413 20                       @ ../../libraries/sdk/drives/fsl_flexcan.c:3413:20
	bl	FLEXCAN_ReadRxFifo
	.loc	1 3413 18                       @ ../../libraries/sdk/drives/fsl_flexcan.c:3413:18
	str	r0, [sp, #4]
	.loc	1 3416 32 is_stmt 1             @ ../../libraries/sdk/drives/fsl_flexcan.c:3416:32
	ldr	r0, [sp, #12]
	movs	r2, #32
	movs	r3, #0
	.loc	1 3416 5 is_stmt 0              @ ../../libraries/sdk/drives/fsl_flexcan.c:3416:5
	bl	FLEXCAN_ClearMbStatusFlags
	.loc	1 3418 12 is_stmt 1             @ ../../libraries/sdk/drives/fsl_flexcan.c:3418:12
	ldr	r0, [sp, #4]
	.loc	1 3418 5 is_stmt 0              @ ../../libraries/sdk/drives/fsl_flexcan.c:3418:5
	add	sp, #16
	pop	{r7, pc}
.Ltmp543:
.Lfunc_end44:
	.size	FLEXCAN_TransferReceiveFifoBlocking, .Lfunc_end44-FLEXCAN_TransferReceiveFifoBlocking
	.cfi_endproc
	.cantunwind
	.fnend
                                        @ -- End function
	.section	.text.FLEXCAN_TransferCreateHandle,"ax",%progbits
	.hidden	FLEXCAN_TransferCreateHandle    @ -- Begin function FLEXCAN_TransferCreateHandle
	.globl	FLEXCAN_TransferCreateHandle
	.p2align	3
	.type	FLEXCAN_TransferCreateHandle,%function
	.code	16                              @ @FLEXCAN_TransferCreateHandle
	.thumb_func
FLEXCAN_TransferCreateHandle:
.Lfunc_begin45:
	.loc	1 3467 0 is_stmt 1              @ ../../libraries/sdk/drives/fsl_flexcan.c:3467:0
	.fnstart
	.cfi_startproc
@ %bb.0:
	.save	{r7, lr}
	push	{r7, lr}
	.cfi_def_cfa_offset 8
	.cfi_offset lr, -4
	.cfi_offset r7, -8
	.pad	#24
	sub	sp, #24
	.cfi_def_cfa_offset 32
	str	r0, [sp, #20]
	str	r1, [sp, #16]
	str	r2, [sp, #12]
	str	r3, [sp, #8]
.Ltmp544:
	.loc	1 3468 5 prologue_end           @ ../../libraries/sdk/drives/fsl_flexcan.c:3468:5
	ldr	r0, [sp, #16]
	cbz	r0, .LBB45_2
	b	.LBB45_1
.LBB45_1:
	b	.LBB45_3
.LBB45_2:
	movw	r0, :lower16:.L.str.23
	movt	r0, :upper16:.L.str.23
	movw	r1, :lower16:.L.str.1
	movt	r1, :upper16:.L.str.1
	movw	r2, #3468
	bl	__aeabi_assert
.LBB45_3:
	ldr	r0, [sp, #16]
	movs	r1, #0
	mov.w	r2, #848
	.loc	1 3473 11                       @ ../../libraries/sdk/drives/fsl_flexcan.c:3473:11
	bl	memset
	.loc	1 3476 45                       @ ../../libraries/sdk/drives/fsl_flexcan.c:3476:45
	ldr	r0, [sp, #20]
	.loc	1 3476 25 is_stmt 0             @ ../../libraries/sdk/drives/fsl_flexcan.c:3476:25
	bl	FLEXCAN_GetInstance
	.loc	1 3476 14                       @ ../../libraries/sdk/drives/fsl_flexcan.c:3476:14
	strb.w	r0, [sp, #7]
	.loc	1 3479 33 is_stmt 1             @ ../../libraries/sdk/drives/fsl_flexcan.c:3479:33
	ldr	r0, [sp, #16]
	.loc	1 3479 21 is_stmt 0             @ ../../libraries/sdk/drives/fsl_flexcan.c:3479:21
	ldrb.w	r2, [sp, #7]
	.loc	1 3479 5                        @ ../../libraries/sdk/drives/fsl_flexcan.c:3479:5
	movw	r1, :lower16:s_flexcanHandle
	movt	r1, :upper16:s_flexcanHandle
	.loc	1 3479 31                       @ ../../libraries/sdk/drives/fsl_flexcan.c:3479:31
	str.w	r0, [r1, r2, lsl #2]
	.loc	1 3482 24 is_stmt 1             @ ../../libraries/sdk/drives/fsl_flexcan.c:3482:24
	ldr	r0, [sp, #12]
	.loc	1 3482 5 is_stmt 0              @ ../../libraries/sdk/drives/fsl_flexcan.c:3482:5
	ldr	r1, [sp, #16]
	.loc	1 3482 22                       @ ../../libraries/sdk/drives/fsl_flexcan.c:3482:22
	str	r0, [r1]
	.loc	1 3483 24 is_stmt 1             @ ../../libraries/sdk/drives/fsl_flexcan.c:3483:24
	ldr	r0, [sp, #8]
	.loc	1 3483 5 is_stmt 0              @ ../../libraries/sdk/drives/fsl_flexcan.c:3483:5
	ldr	r1, [sp, #16]
	.loc	1 3483 22                       @ ../../libraries/sdk/drives/fsl_flexcan.c:3483:22
	str	r0, [r1, #4]
	.loc	1 3485 18 is_stmt 1             @ ../../libraries/sdk/drives/fsl_flexcan.c:3485:18
	movw	r1, :lower16:s_flexcanIsr
	movt	r1, :upper16:s_flexcanIsr
	movw	r0, :lower16:FLEXCAN_TransferHandleIRQ
	movt	r0, :upper16:FLEXCAN_TransferHandleIRQ
	str	r0, [r1]
.Ltmp545:
	.loc	1 3491 9                        @ ../../libraries/sdk/drives/fsl_flexcan.c:3491:9
	ldr	r0, [sp, #16]
	.loc	1 3491 17 is_stmt 0             @ ../../libraries/sdk/drives/fsl_flexcan.c:3491:17
	ldr	r0, [r0]
.Ltmp546:
	.loc	1 3491 9                        @ ../../libraries/sdk/drives/fsl_flexcan.c:3491:9
	cbz	r0, .LBB45_5
	b	.LBB45_4
.LBB45_4:
.Ltmp547:
	.loc	1 3494 13 is_stmt 1             @ ../../libraries/sdk/drives/fsl_flexcan.c:3494:13
	ldr	r0, [sp, #20]
	movw	r1, #52224
	movt	r1, #1024
	.loc	1 3493 9                        @ ../../libraries/sdk/drives/fsl_flexcan.c:3493:9
	bl	FLEXCAN_EnableInterrupts
	.loc	1 3507 5                        @ ../../libraries/sdk/drives/fsl_flexcan.c:3507:5
	b	.LBB45_6
.Ltmp548:
.LBB45_5:
	.loc	1 3511 13                       @ ../../libraries/sdk/drives/fsl_flexcan.c:3511:13
	ldr	r0, [sp, #20]
	movw	r1, #52224
	movt	r1, #1024
	.loc	1 3510 9                        @ ../../libraries/sdk/drives/fsl_flexcan.c:3510:9
	bl	FLEXCAN_DisableInterrupts
	b	.LBB45_6
.Ltmp549:
.LBB45_6:
	.loc	1 3527 55                       @ ../../libraries/sdk/drives/fsl_flexcan.c:3527:55
	ldrb.w	r1, [sp, #7]
	.loc	1 3527 33 is_stmt 0             @ ../../libraries/sdk/drives/fsl_flexcan.c:3527:33
	movw	r0, :lower16:s_flexcanRxWarningIRQ
	movt	r0, :upper16:s_flexcanRxWarningIRQ
	ldrsh.w	r0, [r0, r1, lsl #1]
	.loc	1 3527 11                       @ ../../libraries/sdk/drives/fsl_flexcan.c:3527:11
	bl	EnableIRQ
	.loc	1 3528 55 is_stmt 1             @ ../../libraries/sdk/drives/fsl_flexcan.c:3528:55
	ldrb.w	r1, [sp, #7]
	.loc	1 3528 33 is_stmt 0             @ ../../libraries/sdk/drives/fsl_flexcan.c:3528:33
	movw	r0, :lower16:s_flexcanTxWarningIRQ
	movt	r0, :upper16:s_flexcanTxWarningIRQ
	ldrsh.w	r0, [r0, r1, lsl #1]
	.loc	1 3528 11                       @ ../../libraries/sdk/drives/fsl_flexcan.c:3528:11
	bl	EnableIRQ
	.loc	1 3529 52 is_stmt 1             @ ../../libraries/sdk/drives/fsl_flexcan.c:3529:52
	ldrb.w	r1, [sp, #7]
	.loc	1 3529 33 is_stmt 0             @ ../../libraries/sdk/drives/fsl_flexcan.c:3529:33
	movw	r0, :lower16:s_flexcanWakeUpIRQ
	movt	r0, :upper16:s_flexcanWakeUpIRQ
	ldrsh.w	r0, [r0, r1, lsl #1]
	.loc	1 3529 11                       @ ../../libraries/sdk/drives/fsl_flexcan.c:3529:11
	bl	EnableIRQ
	.loc	1 3530 51 is_stmt 1             @ ../../libraries/sdk/drives/fsl_flexcan.c:3530:51
	ldrb.w	r1, [sp, #7]
	.loc	1 3530 33 is_stmt 0             @ ../../libraries/sdk/drives/fsl_flexcan.c:3530:33
	movw	r0, :lower16:s_flexcanErrorIRQ
	movt	r0, :upper16:s_flexcanErrorIRQ
	ldrsh.w	r0, [r0, r1, lsl #1]
	.loc	1 3530 11                       @ ../../libraries/sdk/drives/fsl_flexcan.c:3530:11
	bl	EnableIRQ
	.loc	1 3531 52 is_stmt 1             @ ../../libraries/sdk/drives/fsl_flexcan.c:3531:52
	ldrb.w	r1, [sp, #7]
	.loc	1 3531 33 is_stmt 0             @ ../../libraries/sdk/drives/fsl_flexcan.c:3531:33
	movw	r0, :lower16:s_flexcanBusOffIRQ
	movt	r0, :upper16:s_flexcanBusOffIRQ
	ldrsh.w	r0, [r0, r1, lsl #1]
	.loc	1 3531 11                       @ ../../libraries/sdk/drives/fsl_flexcan.c:3531:11
	bl	EnableIRQ
	.loc	1 3532 48 is_stmt 1             @ ../../libraries/sdk/drives/fsl_flexcan.c:3532:48
	ldrb.w	r1, [sp, #7]
	.loc	1 3532 33 is_stmt 0             @ ../../libraries/sdk/drives/fsl_flexcan.c:3532:33
	movw	r0, :lower16:s_flexcanMbIRQ
	movt	r0, :upper16:s_flexcanMbIRQ
	ldrsh.w	r0, [r0, r1, lsl #1]
	.loc	1 3532 11                       @ ../../libraries/sdk/drives/fsl_flexcan.c:3532:11
	bl	EnableIRQ
	.loc	1 3533 1 is_stmt 1              @ ../../libraries/sdk/drives/fsl_flexcan.c:3533:1
	add	sp, #24
	pop	{r7, pc}
.Ltmp550:
.Lfunc_end45:
	.size	FLEXCAN_TransferCreateHandle, .Lfunc_end45-FLEXCAN_TransferCreateHandle
	.cfi_endproc
	.cantunwind
	.fnend
                                        @ -- End function
	.section	.text.FLEXCAN_TransferHandleIRQ,"ax",%progbits
	.hidden	FLEXCAN_TransferHandleIRQ       @ -- Begin function FLEXCAN_TransferHandleIRQ
	.globl	FLEXCAN_TransferHandleIRQ
	.p2align	3
	.type	FLEXCAN_TransferHandleIRQ,%function
	.code	16                              @ @FLEXCAN_TransferHandleIRQ
	.thumb_func
FLEXCAN_TransferHandleIRQ:
.Lfunc_begin46:
	.loc	1 4458 0                        @ ../../libraries/sdk/drives/fsl_flexcan.c:4458:0
	.fnstart
	.cfi_startproc
@ %bb.0:
	.save	{r4, lr}
	push	{r4, lr}
	.cfi_def_cfa_offset 8
	.cfi_offset lr, -4
	.cfi_offset r4, -8
	.pad	#24
	sub	sp, #24
	.cfi_def_cfa_offset 32
	str	r0, [sp, #20]
	str	r1, [sp, #16]
.Ltmp551:
	.loc	1 4460 5 prologue_end           @ ../../libraries/sdk/drives/fsl_flexcan.c:4460:5
	ldr	r0, [sp, #16]
	cbz	r0, .LBB46_2
	b	.LBB46_1
.LBB46_1:
	b	.LBB46_3
.LBB46_2:
	movw	r0, :lower16:.L.str.23
	movt	r0, :upper16:.L.str.23
	movw	r1, :lower16:.L.str.1
	movt	r1, :upper16:.L.str.1
	movw	r2, #4460
	bl	__aeabi_assert
.LBB46_3:
	.loc	1 0 5 is_stmt 0                 @ ../../libraries/sdk/drives/fsl_flexcan.c:0:5
	movs	r0, #255
	.loc	1 4463 14 is_stmt 1             @ ../../libraries/sdk/drives/fsl_flexcan.c:4463:14
	str	r0, [sp, #8]
	movs	r0, #0
	.loc	1 4469 14                       @ ../../libraries/sdk/drives/fsl_flexcan.c:4469:14
	str	r0, [sp, #4]
	.loc	1 4471 5                        @ ../../libraries/sdk/drives/fsl_flexcan.c:4471:5
	b	.LBB46_4
.LBB46_4:                               @ =>This Inner Loop Header: Depth=1
.Ltmp552:
	.loc	1 4474 41                       @ ../../libraries/sdk/drives/fsl_flexcan.c:4474:41
	ldr	r0, [sp, #20]
	.loc	1 4474 18 is_stmt 0             @ ../../libraries/sdk/drives/fsl_flexcan.c:4474:18
	bl	FLEXCAN_GetStatusFlags
	.loc	1 4474 16                       @ ../../libraries/sdk/drives/fsl_flexcan.c:4474:16
	str	r0, [sp, #4]
.Ltmp553:
	.loc	1 4477 20 is_stmt 1             @ ../../libraries/sdk/drives/fsl_flexcan.c:4477:20
	ldr	r0, [sp, #4]
	movs	r1, #6
	movt	r1, #59
.Ltmp554:
	.loc	1 4477 13 is_stmt 0             @ ../../libraries/sdk/drives/fsl_flexcan.c:4477:13
	tst	r0, r1
	beq	.LBB46_6
	b	.LBB46_5
.LBB46_5:                               @   in Loop: Header=BB46_4 Depth=1
	.loc	1 0 13                          @ ../../libraries/sdk/drives/fsl_flexcan.c:0:13
	movw	r0, #5310
.Ltmp555:
	.loc	1 4479 20 is_stmt 1             @ ../../libraries/sdk/drives/fsl_flexcan.c:4479:20
	str	r0, [sp, #12]
	.loc	1 4481 38                       @ ../../libraries/sdk/drives/fsl_flexcan.c:4481:38
	ldr	r0, [sp, #20]
	movs	r1, #6
	movt	r1, #59
	.loc	1 4481 13 is_stmt 0             @ ../../libraries/sdk/drives/fsl_flexcan.c:4481:13
	bl	FLEXCAN_ClearStatusFlags
	.loc	1 4482 9 is_stmt 1              @ ../../libraries/sdk/drives/fsl_flexcan.c:4482:9
	b	.LBB46_10
.Ltmp556:
.LBB46_6:                               @   in Loop: Header=BB46_4 Depth=1
	.loc	1 4483 18                       @ ../../libraries/sdk/drives/fsl_flexcan.c:4483:18
	ldrb.w	r0, [sp, #4]
	lsls	r0, r0, #31
	cbz	r0, .LBB46_8
	b	.LBB46_7
.LBB46_7:                               @   in Loop: Header=BB46_4 Depth=1
	.loc	1 0 18 is_stmt 0                @ ../../libraries/sdk/drives/fsl_flexcan.c:0:18
	movw	r0, #5311
.Ltmp557:
	.loc	1 4485 20 is_stmt 1             @ ../../libraries/sdk/drives/fsl_flexcan.c:4485:20
	str	r0, [sp, #12]
	.loc	1 4486 38                       @ ../../libraries/sdk/drives/fsl_flexcan.c:4486:38
	ldr	r0, [sp, #20]
	movs	r1, #1
	.loc	1 4486 13 is_stmt 0             @ ../../libraries/sdk/drives/fsl_flexcan.c:4486:13
	bl	FLEXCAN_ClearStatusFlags
	.loc	1 4487 9 is_stmt 1              @ ../../libraries/sdk/drives/fsl_flexcan.c:4487:9
	b	.LBB46_9
.Ltmp558:
.LBB46_8:                               @   in Loop: Header=BB46_4 Depth=1
	.loc	1 4498 58                       @ ../../libraries/sdk/drives/fsl_flexcan.c:4498:58
	ldr	r0, [sp, #20]
	.loc	1 4498 64 is_stmt 0             @ ../../libraries/sdk/drives/fsl_flexcan.c:4498:64
	ldr	r1, [sp, #16]
	add	r2, sp, #8
	.loc	1 4498 22                       @ ../../libraries/sdk/drives/fsl_flexcan.c:4498:22
	bl	FLEXCAN_SubHandlerForDataTransfered
	.loc	1 4498 20                       @ ../../libraries/sdk/drives/fsl_flexcan.c:4498:20
	str	r0, [sp, #12]
	.loc	1 4499 22 is_stmt 1             @ ../../libraries/sdk/drives/fsl_flexcan.c:4499:22
	ldr	r0, [sp, #8]
	.loc	1 4499 20 is_stmt 0             @ ../../libraries/sdk/drives/fsl_flexcan.c:4499:20
	str	r0, [sp, #4]
	b	.LBB46_9
.Ltmp559:
.LBB46_9:                               @   in Loop: Header=BB46_4 Depth=1
	.loc	1 0 20                          @ ../../libraries/sdk/drives/fsl_flexcan.c:0:20
	b	.LBB46_10
.LBB46_10:                              @   in Loop: Header=BB46_4 Depth=1
.Ltmp560:
	.loc	1 4503 13 is_stmt 1             @ ../../libraries/sdk/drives/fsl_flexcan.c:4503:13
	ldr	r0, [sp, #16]
	.loc	1 4503 21 is_stmt 0             @ ../../libraries/sdk/drives/fsl_flexcan.c:4503:21
	ldr	r0, [r0]
.Ltmp561:
	.loc	1 4503 13                       @ ../../libraries/sdk/drives/fsl_flexcan.c:4503:13
	cbz	r0, .LBB46_12
	b	.LBB46_11
.LBB46_11:                              @   in Loop: Header=BB46_4 Depth=1
.Ltmp562:
	.loc	1 4505 13 is_stmt 1             @ ../../libraries/sdk/drives/fsl_flexcan.c:4505:13
	ldr	r1, [sp, #16]
	.loc	1 4505 30 is_stmt 0             @ ../../libraries/sdk/drives/fsl_flexcan.c:4505:30
	ldr	r0, [sp, #20]
	.loc	1 4505 44                       @ ../../libraries/sdk/drives/fsl_flexcan.c:4505:44
	ldr	r2, [sp, #12]
	.loc	1 4505 52                       @ ../../libraries/sdk/drives/fsl_flexcan.c:4505:52
	ldr	r3, [sp, #4]
	.loc	1 4505 21                       @ ../../libraries/sdk/drives/fsl_flexcan.c:4505:21
	ldr.w	r12, [r1]
	.loc	1 4505 68                       @ ../../libraries/sdk/drives/fsl_flexcan.c:4505:68
	ldr.w	lr, [r1, #4]
	.loc	1 4505 13                       @ ../../libraries/sdk/drives/fsl_flexcan.c:4505:13
	mov	r4, sp
	str.w	lr, [r4]
	blx	r12
	.loc	1 4506 9 is_stmt 1              @ ../../libraries/sdk/drives/fsl_flexcan.c:4506:9
	b	.LBB46_12
.Ltmp563:
.LBB46_12:                              @   in Loop: Header=BB46_4 Depth=1
	.loc	1 4507 5                        @ ../../libraries/sdk/drives/fsl_flexcan.c:4507:5
	b	.LBB46_13
.Ltmp564:
.LBB46_13:                              @   in Loop: Header=BB46_4 Depth=1
	.loc	1 4507 51 is_stmt 0             @ ../../libraries/sdk/drives/fsl_flexcan.c:4507:51
	ldr	r0, [sp, #20]
	.loc	1 4507 14                       @ ../../libraries/sdk/drives/fsl_flexcan.c:4507:14
	bl	FLEXCAN_CheckUnhandleInterruptEvents
.Ltmp565:
	.loc	1 4507 5                        @ ../../libraries/sdk/drives/fsl_flexcan.c:4507:5
	cmp	r0, #0
	bne	.LBB46_4
	b	.LBB46_14
.Ltmp566:
.LBB46_14:
	.loc	1 4508 1 is_stmt 1              @ ../../libraries/sdk/drives/fsl_flexcan.c:4508:1
	add	sp, #24
	pop	{r4, pc}
.Ltmp567:
.Lfunc_end46:
	.size	FLEXCAN_TransferHandleIRQ, .Lfunc_end46-FLEXCAN_TransferHandleIRQ
	.cfi_endproc
	.cantunwind
	.fnend
                                        @ -- End function
	.section	.text.FLEXCAN_EnableInterrupts,"ax",%progbits
	.p2align	3                               @ -- Begin function FLEXCAN_EnableInterrupts
	.type	FLEXCAN_EnableInterrupts,%function
	.code	16                              @ @FLEXCAN_EnableInterrupts
	.thumb_func
FLEXCAN_EnableInterrupts:
.Lfunc_begin47:
	.loc	5 1580 0                        @ ../../libraries/sdk/drives/fsl_flexcan.h:1580:0
	.fnstart
	.cfi_startproc
@ %bb.0:
	.pad	#16
	sub	sp, #16
	.cfi_def_cfa_offset 16
	str	r0, [sp, #12]
	str	r1, [sp, #8]
.Ltmp568:
	.loc	5 1582 29 prologue_end          @ ../../libraries/sdk/drives/fsl_flexcan.h:1582:29
	ldr	r0, [sp, #8]
	.loc	5 1582 34 is_stmt 0             @ ../../libraries/sdk/drives/fsl_flexcan.h:1582:34
	and	r2, r0, #67108864
	.loc	5 1582 5                        @ ../../libraries/sdk/drives/fsl_flexcan.h:1582:5
	ldr	r1, [sp, #12]
	.loc	5 1582 15                       @ ../../libraries/sdk/drives/fsl_flexcan.h:1582:15
	ldr	r0, [r1]
	orrs	r0, r2
	str	r0, [r1]
.Ltmp569:
	.loc	5 1585 14 is_stmt 1             @ ../../libraries/sdk/drives/fsl_flexcan.h:1585:14
	ldr	r0, [sp, #12]
	movs	r1, #0
	movt	r1, #16413
	cmp	r0, r1
	bne	.LBB47_2
	b	.LBB47_1
.LBB47_1:
	.loc	5 0 14 is_stmt 0                @ ../../libraries/sdk/drives/fsl_flexcan.h:0:14
	movs	r0, #0
	.loc	5 1585 14                       @ ../../libraries/sdk/drives/fsl_flexcan.h:1585:14
	str	r0, [sp, #4]                    @ 4-byte Spill
	b	.LBB47_6
.LBB47_2:
	ldr	r0, [sp, #12]
	movw	r1, #16384
	movt	r1, #16413
	cmp	r0, r1
	bne	.LBB47_4
	b	.LBB47_3
.LBB47_3:
	.loc	5 0 14                          @ ../../libraries/sdk/drives/fsl_flexcan.h:0:14
	movs	r0, #0
	.loc	5 1585 14                       @ ../../libraries/sdk/drives/fsl_flexcan.h:1585:14
	str	r0, [sp]                        @ 4-byte Spill
	b	.LBB47_5
.LBB47_4:
	ldr	r1, [sp, #12]
	movw	r2, #32768
	movt	r2, #16413
	mov.w	r0, #-1
	cmp	r1, r2
	it	eq
	moveq	r0, #1
	str	r0, [sp]                        @ 4-byte Spill
	b	.LBB47_5
.LBB47_5:
	ldr	r0, [sp]                        @ 4-byte Reload
	str	r0, [sp, #4]                    @ 4-byte Spill
	b	.LBB47_6
.LBB47_6:
	ldr	r0, [sp, #4]                    @ 4-byte Reload
.Ltmp570:
	.loc	5 1585 9                        @ ../../libraries/sdk/drives/fsl_flexcan.h:1585:9
	cbz	r0, .LBB47_8
	b	.LBB47_7
.LBB47_7:
.Ltmp571:
	.loc	5 1588 35 is_stmt 1             @ ../../libraries/sdk/drives/fsl_flexcan.h:1588:35
	ldr	r0, [sp, #8]
	.loc	5 1588 40 is_stmt 0             @ ../../libraries/sdk/drives/fsl_flexcan.h:1588:40
	and	r2, r0, #-2147483648
	.loc	5 1588 9                        @ ../../libraries/sdk/drives/fsl_flexcan.h:1588:9
	ldr	r1, [sp, #12]
	.loc	5 1588 21                       @ ../../libraries/sdk/drives/fsl_flexcan.h:1588:21
	ldr	r0, [r1, #52]
	orrs	r0, r2
	str	r0, [r1, #52]
	.loc	5 1589 5 is_stmt 1              @ ../../libraries/sdk/drives/fsl_flexcan.h:1589:5
	b	.LBB47_8
.Ltmp572:
.LBB47_8:
	.loc	5 1609 20                       @ ../../libraries/sdk/drives/fsl_flexcan.h:1609:20
	ldr	r0, [sp, #8]
	.loc	5 1609 25 is_stmt 0             @ ../../libraries/sdk/drives/fsl_flexcan.h:1609:25
	and	r2, r0, #52224
	.loc	5 1608 5 is_stmt 1              @ ../../libraries/sdk/drives/fsl_flexcan.h:1608:5
	ldr	r1, [sp, #12]
	.loc	5 1608 17 is_stmt 0             @ ../../libraries/sdk/drives/fsl_flexcan.h:1608:17
	ldr	r0, [r1, #4]
	orrs	r0, r2
	str	r0, [r1, #4]
	.loc	5 1611 1 is_stmt 1              @ ../../libraries/sdk/drives/fsl_flexcan.h:1611:1
	add	sp, #16
	bx	lr
.Ltmp573:
.Lfunc_end47:
	.size	FLEXCAN_EnableInterrupts, .Lfunc_end47-FLEXCAN_EnableInterrupts
	.cfi_endproc
	.cantunwind
	.fnend
                                        @ -- End function
	.section	.text.FLEXCAN_DisableInterrupts,"ax",%progbits
	.p2align	3                               @ -- Begin function FLEXCAN_DisableInterrupts
	.type	FLEXCAN_DisableInterrupts,%function
	.code	16                              @ @FLEXCAN_DisableInterrupts
	.thumb_func
FLEXCAN_DisableInterrupts:
.Lfunc_begin48:
	.loc	5 1628 0                        @ ../../libraries/sdk/drives/fsl_flexcan.h:1628:0
	.fnstart
	.cfi_startproc
@ %bb.0:
	.pad	#16
	sub	sp, #16
	.cfi_def_cfa_offset 16
	str	r0, [sp, #12]
	str	r1, [sp, #8]
.Ltmp574:
	.loc	5 1630 30 prologue_end          @ ../../libraries/sdk/drives/fsl_flexcan.h:1630:30
	ldr	r1, [sp, #8]
	mvn	r0, #67108864
	.loc	5 1630 18 is_stmt 0             @ ../../libraries/sdk/drives/fsl_flexcan.h:1630:18
	orn	r2, r0, r1
	.loc	5 1630 5                        @ ../../libraries/sdk/drives/fsl_flexcan.h:1630:5
	ldr	r1, [sp, #12]
	.loc	5 1630 15                       @ ../../libraries/sdk/drives/fsl_flexcan.h:1630:15
	ldr	r0, [r1]
	ands	r0, r2
	str	r0, [r1]
.Ltmp575:
	.loc	5 1633 14 is_stmt 1             @ ../../libraries/sdk/drives/fsl_flexcan.h:1633:14
	ldr	r0, [sp, #12]
	movs	r1, #0
	movt	r1, #16413
	cmp	r0, r1
	bne	.LBB48_2
	b	.LBB48_1
.LBB48_1:
	.loc	5 0 14 is_stmt 0                @ ../../libraries/sdk/drives/fsl_flexcan.h:0:14
	movs	r0, #0
	.loc	5 1633 14                       @ ../../libraries/sdk/drives/fsl_flexcan.h:1633:14
	str	r0, [sp, #4]                    @ 4-byte Spill
	b	.LBB48_6
.LBB48_2:
	ldr	r0, [sp, #12]
	movw	r1, #16384
	movt	r1, #16413
	cmp	r0, r1
	bne	.LBB48_4
	b	.LBB48_3
.LBB48_3:
	.loc	5 0 14                          @ ../../libraries/sdk/drives/fsl_flexcan.h:0:14
	movs	r0, #0
	.loc	5 1633 14                       @ ../../libraries/sdk/drives/fsl_flexcan.h:1633:14
	str	r0, [sp]                        @ 4-byte Spill
	b	.LBB48_5
.LBB48_4:
	ldr	r1, [sp, #12]
	movw	r2, #32768
	movt	r2, #16413
	mov.w	r0, #-1
	cmp	r1, r2
	it	eq
	moveq	r0, #1
	str	r0, [sp]                        @ 4-byte Spill
	b	.LBB48_5
.LBB48_5:
	ldr	r0, [sp]                        @ 4-byte Reload
	str	r0, [sp, #4]                    @ 4-byte Spill
	b	.LBB48_6
.LBB48_6:
	ldr	r0, [sp, #4]                    @ 4-byte Reload
.Ltmp576:
	.loc	5 1633 9                        @ ../../libraries/sdk/drives/fsl_flexcan.h:1633:9
	cbz	r0, .LBB48_8
	b	.LBB48_7
.LBB48_7:
.Ltmp577:
	.loc	5 1636 36 is_stmt 1             @ ../../libraries/sdk/drives/fsl_flexcan.h:1636:36
	ldr	r1, [sp, #8]
	mvn	r0, #-2147483648
	.loc	5 1636 24 is_stmt 0             @ ../../libraries/sdk/drives/fsl_flexcan.h:1636:24
	orn	r2, r0, r1
	.loc	5 1636 9                        @ ../../libraries/sdk/drives/fsl_flexcan.h:1636:9
	ldr	r1, [sp, #12]
	.loc	5 1636 21                       @ ../../libraries/sdk/drives/fsl_flexcan.h:1636:21
	ldr	r0, [r1, #52]
	ands	r0, r2
	str	r0, [r1, #52]
	.loc	5 1637 5 is_stmt 1              @ ../../libraries/sdk/drives/fsl_flexcan.h:1637:5
	b	.LBB48_8
.Ltmp578:
.LBB48_8:
	.loc	5 1657 21                       @ ../../libraries/sdk/drives/fsl_flexcan.h:1657:21
	ldr	r1, [sp, #8]
	mvn	r0, #52224
	.loc	5 1657 9 is_stmt 0              @ ../../libraries/sdk/drives/fsl_flexcan.h:1657:9
	orn	r2, r0, r1
	.loc	5 1656 5 is_stmt 1              @ ../../libraries/sdk/drives/fsl_flexcan.h:1656:5
	ldr	r1, [sp, #12]
	.loc	5 1656 17 is_stmt 0             @ ../../libraries/sdk/drives/fsl_flexcan.h:1656:17
	ldr	r0, [r1, #4]
	ands	r0, r2
	str	r0, [r1, #4]
	.loc	5 1659 1 is_stmt 1              @ ../../libraries/sdk/drives/fsl_flexcan.h:1659:1
	add	sp, #16
	bx	lr
.Ltmp579:
.Lfunc_end48:
	.size	FLEXCAN_DisableInterrupts, .Lfunc_end48-FLEXCAN_DisableInterrupts
	.cfi_endproc
	.cantunwind
	.fnend
                                        @ -- End function
	.section	.text.EnableIRQ,"ax",%progbits
	.p2align	3                               @ -- Begin function EnableIRQ
	.type	EnableIRQ,%function
	.code	16                              @ @EnableIRQ
	.thumb_func
EnableIRQ:
.Lfunc_begin49:
	.file	9 "E:\\FILE_SMART_CAR\\\346\231\272\350\203\275\350\247\206\350\247\211\\RT1064_Library-master\\RT1064_Library-master\\SeekFree_RT1064_Opensource_Library\\project\\mdk" "../../libraries/sdk/drives/fsl_common_arm.h"
	.loc	9 500 0                         @ ../../libraries/sdk/drives/fsl_common_arm.h:500:0
	.fnstart
	.cfi_startproc
@ %bb.0:
	.save	{r7, lr}
	push	{r7, lr}
	.cfi_def_cfa_offset 8
	.cfi_offset lr, -4
	.cfi_offset r7, -8
	.pad	#8
	sub	sp, #8
	.cfi_def_cfa_offset 16
                                        @ kill: def $r1 killed $r0
	strh.w	r0, [sp, #6]
	movs	r0, #0
.Ltmp580:
	.loc	9 501 14 prologue_end           @ ../../libraries/sdk/drives/fsl_common_arm.h:501:14
	str	r0, [sp]
.Ltmp581:
	.loc	9 503 26                        @ ../../libraries/sdk/drives/fsl_common_arm.h:503:26
	ldrsh.w	r0, [sp, #6]
.Ltmp582:
	.loc	9 503 9 is_stmt 0               @ ../../libraries/sdk/drives/fsl_common_arm.h:503:9
	adds	r0, #128
	cbnz	r0, .LBB49_2
	b	.LBB49_1
.LBB49_1:
	.loc	9 0 9                           @ ../../libraries/sdk/drives/fsl_common_arm.h:0:9
	movs	r0, #1
.Ltmp583:
	.loc	9 505 16 is_stmt 1              @ ../../libraries/sdk/drives/fsl_common_arm.h:505:16
	str	r0, [sp]
	.loc	9 506 5                         @ ../../libraries/sdk/drives/fsl_common_arm.h:506:5
	b	.LBB49_3
.Ltmp584:
.LBB49_2:
	.loc	9 520 24                        @ ../../libraries/sdk/drives/fsl_common_arm.h:520:24
	ldrsh.w	r0, [sp, #6]
	.loc	9 520 9 is_stmt 0               @ ../../libraries/sdk/drives/fsl_common_arm.h:520:9
	bl	__NVIC_EnableIRQ
	b	.LBB49_3
.Ltmp585:
.LBB49_3:
	.loc	9 524 12 is_stmt 1              @ ../../libraries/sdk/drives/fsl_common_arm.h:524:12
	ldr	r0, [sp]
	.loc	9 524 5 is_stmt 0               @ ../../libraries/sdk/drives/fsl_common_arm.h:524:5
	add	sp, #8
	pop	{r7, pc}
.Ltmp586:
.Lfunc_end49:
	.size	EnableIRQ, .Lfunc_end49-EnableIRQ
	.cfi_endproc
	.cantunwind
	.fnend
                                        @ -- End function
	.section	.text.FLEXCAN_TransferSendNonBlocking,"ax",%progbits
	.hidden	FLEXCAN_TransferSendNonBlocking @ -- Begin function FLEXCAN_TransferSendNonBlocking
	.globl	FLEXCAN_TransferSendNonBlocking
	.p2align	3
	.type	FLEXCAN_TransferSendNonBlocking,%function
	.code	16                              @ @FLEXCAN_TransferSendNonBlocking
	.thumb_func
FLEXCAN_TransferSendNonBlocking:
.Lfunc_begin50:
	.loc	1 3549 0 is_stmt 1              @ ../../libraries/sdk/drives/fsl_flexcan.c:3549:0
	.fnstart
	.cfi_startproc
@ %bb.0:
	.save	{r7, lr}
	push	{r7, lr}
	.cfi_def_cfa_offset 8
	.cfi_offset lr, -4
	.cfi_offset r7, -8
	.pad	#32
	sub	sp, #32
	.cfi_def_cfa_offset 40
	str	r0, [sp, #28]
	str	r1, [sp, #24]
	str	r2, [sp, #20]
.Ltmp587:
	.loc	1 3551 5 prologue_end           @ ../../libraries/sdk/drives/fsl_flexcan.c:3551:5
	ldr	r0, [sp, #24]
	cbz	r0, .LBB50_2
	b	.LBB50_1
.LBB50_1:
	b	.LBB50_3
.LBB50_2:
	movw	r0, :lower16:.L.str.23
	movt	r0, :upper16:.L.str.23
	movw	r1, :lower16:.L.str.1
	movt	r1, :upper16:.L.str.1
	movw	r2, #3551
	bl	__aeabi_assert
.LBB50_3:
	.loc	1 3552 5                        @ ../../libraries/sdk/drives/fsl_flexcan.c:3552:5
	ldr	r0, [sp, #20]
	cbz	r0, .LBB50_5
	b	.LBB50_4
.LBB50_4:
	b	.LBB50_6
.LBB50_5:
	movw	r0, :lower16:.L.str.24
	movt	r0, :upper16:.L.str.24
	movw	r1, :lower16:.L.str.1
	movt	r1, :upper16:.L.str.1
	mov.w	r2, #3552
	bl	__aeabi_assert
.LBB50_6:
	ldr	r0, [sp, #20]
	.loc	1 3553 5                        @ ../../libraries/sdk/drives/fsl_flexcan.c:3553:5
	ldrb	r0, [r0, #8]
	ldr	r1, [sp, #28]
	ldr	r1, [r1]
	and	r1, r1, #127
	cmp	r0, r1
	bhi	.LBB50_8
	b	.LBB50_7
.LBB50_7:
	b	.LBB50_9
.LBB50_8:
	movw	r0, :lower16:.L.str.25
	movt	r0, :upper16:.L.str.25
	movw	r1, :lower16:.L.str.1
	movt	r1, :upper16:.L.str.1
	movw	r2, #3553
	bl	__aeabi_assert
.LBB50_9:
	.loc	1 3555 5                        @ ../../libraries/sdk/drives/fsl_flexcan.c:3555:5
	ldr	r0, [sp, #28]
	ldr	r1, [sp, #20]
	ldrb	r1, [r1, #8]
	bl	FLEXCAN_IsMbOccupied
	cbnz	r0, .LBB50_11
	b	.LBB50_10
.LBB50_10:
	b	.LBB50_12
.LBB50_11:
	movw	r0, :lower16:.L.str.26
	movt	r0, :upper16:.L.str.26
	movw	r1, :lower16:.L.str.1
	movt	r1, :upper16:.L.str.1
	movw	r2, #3555
	bl	__aeabi_assert
.LBB50_12:
.Ltmp588:
	.loc	1 3561 40                       @ ../../libraries/sdk/drives/fsl_flexcan.c:3561:40
	ldr	r0, [sp, #24]
	.loc	1 3561 56 is_stmt 0             @ ../../libraries/sdk/drives/fsl_flexcan.c:3561:56
	ldr	r1, [sp, #20]
	.loc	1 3561 65                       @ ../../libraries/sdk/drives/fsl_flexcan.c:3561:65
	ldrb	r1, [r1, #8]
	.loc	1 3561 48                       @ ../../libraries/sdk/drives/fsl_flexcan.c:3561:48
	add	r0, r1
	.loc	1 3561 40                       @ ../../libraries/sdk/drives/fsl_flexcan.c:3561:40
	ldrb.w	r0, [r0, #524]
.Ltmp589:
	.loc	1 3561 9                        @ ../../libraries/sdk/drives/fsl_flexcan.c:3561:9
	cmp	r0, #0
	bne	.LBB50_20
	b	.LBB50_13
.LBB50_13:
.Ltmp590:
	.loc	1 3564 51 is_stmt 1             @ ../../libraries/sdk/drives/fsl_flexcan.c:3564:51
	ldr	r0, [sp, #20]
	.loc	1 3564 60 is_stmt 0             @ ../../libraries/sdk/drives/fsl_flexcan.c:3564:60
	ldr	r0, [r0, #4]
	.loc	1 3564 67                       @ ../../libraries/sdk/drives/fsl_flexcan.c:3564:67
	ldrh	r0, [r0, #2]
	lsrs	r0, r0, #4
.Ltmp591:
	.loc	1 3564 13                       @ ../../libraries/sdk/drives/fsl_flexcan.c:3564:13
	lsls	r0, r0, #31
	cbz	r0, .LBB50_15
	b	.LBB50_14
.LBB50_14:
.Ltmp592:
	.loc	1 3566 13 is_stmt 1             @ ../../libraries/sdk/drives/fsl_flexcan.c:3566:13
	ldr	r0, [sp, #24]
	.loc	1 3566 29 is_stmt 0             @ ../../libraries/sdk/drives/fsl_flexcan.c:3566:29
	ldr	r1, [sp, #20]
	.loc	1 3566 38                       @ ../../libraries/sdk/drives/fsl_flexcan.c:3566:38
	ldrb	r1, [r1, #8]
	.loc	1 3566 21                       @ ../../libraries/sdk/drives/fsl_flexcan.c:3566:21
	add	r1, r0
	movs	r0, #4
	.loc	1 3566 45                       @ ../../libraries/sdk/drives/fsl_flexcan.c:3566:45
	strb.w	r0, [r1, #524]
	.loc	1 3567 9 is_stmt 1              @ ../../libraries/sdk/drives/fsl_flexcan.c:3567:9
	b	.LBB50_16
.Ltmp593:
.LBB50_15:
	.loc	1 3570 13                       @ ../../libraries/sdk/drives/fsl_flexcan.c:3570:13
	ldr	r0, [sp, #24]
	.loc	1 3570 29 is_stmt 0             @ ../../libraries/sdk/drives/fsl_flexcan.c:3570:29
	ldr	r1, [sp, #20]
	.loc	1 3570 38                       @ ../../libraries/sdk/drives/fsl_flexcan.c:3570:38
	ldrb	r1, [r1, #8]
	.loc	1 3570 21                       @ ../../libraries/sdk/drives/fsl_flexcan.c:3570:21
	add	r1, r0
	movs	r0, #3
	.loc	1 3570 45                       @ ../../libraries/sdk/drives/fsl_flexcan.c:3570:45
	strb.w	r0, [r1, #524]
	b	.LBB50_16
.Ltmp594:
.LBB50_16:
	.loc	1 3574 31 is_stmt 1             @ ../../libraries/sdk/drives/fsl_flexcan.c:3574:31
	ldr	r0, [sp, #28]
	.loc	1 3574 37 is_stmt 0             @ ../../libraries/sdk/drives/fsl_flexcan.c:3574:37
	ldr	r2, [sp, #20]
	.loc	1 3574 46                       @ ../../libraries/sdk/drives/fsl_flexcan.c:3574:46
	ldrb	r1, [r2, #8]
	.loc	1 3574 98                       @ ../../libraries/sdk/drives/fsl_flexcan.c:3574:98
	ldr	r2, [r2, #4]
	.loc	1 3574 13                       @ ../../libraries/sdk/drives/fsl_flexcan.c:3574:13
	bl	FLEXCAN_WriteTxMb
.Ltmp595:
	.loc	1 3573 13 is_stmt 1             @ ../../libraries/sdk/drives/fsl_flexcan.c:3573:13
	cbnz	r0, .LBB50_18
	b	.LBB50_17
.LBB50_17:
	.loc	1 0 13 is_stmt 0                @ ../../libraries/sdk/drives/fsl_flexcan.c:0:13
	movs	r0, #0
.Ltmp596:
	.loc	1 3578 22 is_stmt 1             @ ../../libraries/sdk/drives/fsl_flexcan.c:3578:22
	str	r0, [sp, #4]                    @ 4-byte Spill
	str	r0, [sp, #12]
	movs	r0, #1
	str	r0, [sp, #8]
	.loc	1 3579 40                       @ ../../libraries/sdk/drives/fsl_flexcan.c:3579:40
	ldr	r0, [sp, #28]
	.loc	1 3579 46 is_stmt 0             @ ../../libraries/sdk/drives/fsl_flexcan.c:3579:46
	ldr	r2, [sp, #8]
	ldr	r1, [sp, #12]
	.loc	1 3579 57                       @ ../../libraries/sdk/drives/fsl_flexcan.c:3579:57
	ldr	r3, [sp, #20]
	.loc	1 3579 66                       @ ../../libraries/sdk/drives/fsl_flexcan.c:3579:66
	ldrb.w	r12, [r3, #8]
	.loc	1 3579 54                       @ ../../libraries/sdk/drives/fsl_flexcan.c:3579:54
	lsl.w	r3, r1, r12
	rsb.w	r1, r12, #32
	lsr.w	r1, r2, r1
	orrs	r3, r1
	sub.w	r1, r12, #32
	lsl.w	lr, r2, r1
	cmp	r1, #0
	it	pl
	movpl	r3, lr
	lsl.w	r2, r2, r12
	cmp	r1, #0
	it	pl
	movpl	r2, #0
	.loc	1 3579 13                       @ ../../libraries/sdk/drives/fsl_flexcan.c:3579:13
	bl	FLEXCAN_EnableMbInterrupts
	ldr	r0, [sp, #4]                    @ 4-byte Reload
	.loc	1 3584 20 is_stmt 1             @ ../../libraries/sdk/drives/fsl_flexcan.c:3584:20
	str	r0, [sp, #16]
	.loc	1 3585 9                        @ ../../libraries/sdk/drives/fsl_flexcan.c:3585:9
	b	.LBB50_19
.Ltmp597:
.LBB50_18:
	.loc	1 3588 13                       @ ../../libraries/sdk/drives/fsl_flexcan.c:3588:13
	ldr	r0, [sp, #24]
	.loc	1 3588 29 is_stmt 0             @ ../../libraries/sdk/drives/fsl_flexcan.c:3588:29
	ldr	r1, [sp, #20]
	.loc	1 3588 38                       @ ../../libraries/sdk/drives/fsl_flexcan.c:3588:38
	ldrb	r1, [r1, #8]
	.loc	1 3588 21                       @ ../../libraries/sdk/drives/fsl_flexcan.c:3588:21
	add	r1, r0
	movs	r0, #0
	.loc	1 3588 45                       @ ../../libraries/sdk/drives/fsl_flexcan.c:3588:45
	strb.w	r0, [r1, #524]
	movs	r0, #1
	.loc	1 3589 45 is_stmt 1             @ ../../libraries/sdk/drives/fsl_flexcan.c:3589:45
	str	r0, [sp, #16]
	b	.LBB50_19
.Ltmp598:
.LBB50_19:
	.loc	1 3591 5                        @ ../../libraries/sdk/drives/fsl_flexcan.c:3591:5
	b	.LBB50_21
.Ltmp599:
.LBB50_20:
	.loc	1 0 5 is_stmt 0                 @ ../../libraries/sdk/drives/fsl_flexcan.c:0:5
	movw	r0, #5300
.Ltmp600:
	.loc	1 3594 16 is_stmt 1             @ ../../libraries/sdk/drives/fsl_flexcan.c:3594:16
	str	r0, [sp, #16]
	b	.LBB50_21
.Ltmp601:
.LBB50_21:
	.loc	1 3597 12                       @ ../../libraries/sdk/drives/fsl_flexcan.c:3597:12
	ldr	r0, [sp, #16]
	.loc	1 3597 5 is_stmt 0              @ ../../libraries/sdk/drives/fsl_flexcan.c:3597:5
	add	sp, #32
	pop	{r7, pc}
.Ltmp602:
.Lfunc_end50:
	.size	FLEXCAN_TransferSendNonBlocking, .Lfunc_end50-FLEXCAN_TransferSendNonBlocking
	.cfi_endproc
	.cantunwind
	.fnend
                                        @ -- End function
	.section	.text.FLEXCAN_EnableMbInterrupts,"ax",%progbits
	.p2align	3                               @ -- Begin function FLEXCAN_EnableMbInterrupts
	.type	FLEXCAN_EnableMbInterrupts,%function
	.code	16                              @ @FLEXCAN_EnableMbInterrupts
	.thumb_func
FLEXCAN_EnableMbInterrupts:
.Lfunc_begin51:
	.loc	5 1674 0 is_stmt 1              @ ../../libraries/sdk/drives/fsl_flexcan.h:1674:0
	.fnstart
	.cfi_startproc
@ %bb.0:
	.pad	#16
	sub	sp, #16
	.cfi_def_cfa_offset 16
                                        @ kill: def $r1 killed $r3
                                        @ kill: def $r1 killed $r2
	str	r0, [sp, #12]
	str	r3, [sp, #4]
	str	r2, [sp]
.Ltmp603:
	.loc	5 1676 32 prologue_end          @ ../../libraries/sdk/drives/fsl_flexcan.h:1676:32
	ldr	r2, [sp]
	.loc	5 1676 5 is_stmt 0              @ ../../libraries/sdk/drives/fsl_flexcan.h:1676:5
	ldr	r1, [sp, #12]
	.loc	5 1676 18                       @ ../../libraries/sdk/drives/fsl_flexcan.h:1676:18
	ldr	r0, [r1, #40]
	orrs	r0, r2
	str	r0, [r1, #40]
	.loc	5 1677 32 is_stmt 1             @ ../../libraries/sdk/drives/fsl_flexcan.h:1677:32
	ldr	r2, [sp, #4]
	.loc	5 1677 5 is_stmt 0              @ ../../libraries/sdk/drives/fsl_flexcan.h:1677:5
	ldr	r1, [sp, #12]
	.loc	5 1677 18                       @ ../../libraries/sdk/drives/fsl_flexcan.h:1677:18
	ldr	r0, [r1, #36]
	orrs	r0, r2
	str	r0, [r1, #36]
	.loc	5 1681 1 is_stmt 1              @ ../../libraries/sdk/drives/fsl_flexcan.h:1681:1
	add	sp, #16
	bx	lr
.Ltmp604:
.Lfunc_end51:
	.size	FLEXCAN_EnableMbInterrupts, .Lfunc_end51-FLEXCAN_EnableMbInterrupts
	.cfi_endproc
	.cantunwind
	.fnend
                                        @ -- End function
	.section	.text.FLEXCAN_TransferReceiveNonBlocking,"ax",%progbits
	.hidden	FLEXCAN_TransferReceiveNonBlocking @ -- Begin function FLEXCAN_TransferReceiveNonBlocking
	.globl	FLEXCAN_TransferReceiveNonBlocking
	.p2align	3
	.type	FLEXCAN_TransferReceiveNonBlocking,%function
	.code	16                              @ @FLEXCAN_TransferReceiveNonBlocking
	.thumb_func
FLEXCAN_TransferReceiveNonBlocking:
.Lfunc_begin52:
	.loc	1 3613 0                        @ ../../libraries/sdk/drives/fsl_flexcan.c:3613:0
	.fnstart
	.cfi_startproc
@ %bb.0:
	.save	{r7, lr}
	push	{r7, lr}
	.cfi_def_cfa_offset 8
	.cfi_offset lr, -4
	.cfi_offset r7, -8
	.pad	#32
	sub	sp, #32
	.cfi_def_cfa_offset 40
	str	r0, [sp, #28]
	str	r1, [sp, #24]
	str	r2, [sp, #20]
.Ltmp605:
	.loc	1 3617 5 prologue_end           @ ../../libraries/sdk/drives/fsl_flexcan.c:3617:5
	ldr	r0, [sp, #24]
	cbz	r0, .LBB52_2
	b	.LBB52_1
.LBB52_1:
	b	.LBB52_3
.LBB52_2:
	movw	r0, :lower16:.L.str.23
	movt	r0, :upper16:.L.str.23
	movw	r1, :lower16:.L.str.1
	movt	r1, :upper16:.L.str.1
	movw	r2, #3617
	bl	__aeabi_assert
.LBB52_3:
	.loc	1 3618 5                        @ ../../libraries/sdk/drives/fsl_flexcan.c:3618:5
	ldr	r0, [sp, #20]
	cbz	r0, .LBB52_5
	b	.LBB52_4
.LBB52_4:
	b	.LBB52_6
.LBB52_5:
	movw	r0, :lower16:.L.str.24
	movt	r0, :upper16:.L.str.24
	movw	r1, :lower16:.L.str.1
	movt	r1, :upper16:.L.str.1
	movw	r2, #3618
	bl	__aeabi_assert
.LBB52_6:
	ldr	r0, [sp, #20]
	.loc	1 3619 5                        @ ../../libraries/sdk/drives/fsl_flexcan.c:3619:5
	ldrb	r0, [r0, #8]
	ldr	r1, [sp, #28]
	ldr	r1, [r1]
	and	r1, r1, #127
	cmp	r0, r1
	bhi	.LBB52_8
	b	.LBB52_7
.LBB52_7:
	b	.LBB52_9
.LBB52_8:
	movw	r0, :lower16:.L.str.25
	movt	r0, :upper16:.L.str.25
	movw	r1, :lower16:.L.str.1
	movt	r1, :upper16:.L.str.1
	movw	r2, #3619
	bl	__aeabi_assert
.LBB52_9:
	.loc	1 3621 5                        @ ../../libraries/sdk/drives/fsl_flexcan.c:3621:5
	ldr	r0, [sp, #28]
	ldr	r1, [sp, #20]
	ldrb	r1, [r1, #8]
	bl	FLEXCAN_IsMbOccupied
	cbnz	r0, .LBB52_11
	b	.LBB52_10
.LBB52_10:
	b	.LBB52_12
.LBB52_11:
	movw	r0, :lower16:.L.str.26
	movt	r0, :upper16:.L.str.26
	movw	r1, :lower16:.L.str.1
	movt	r1, :upper16:.L.str.1
	movw	r2, #3621
	bl	__aeabi_assert
.LBB52_12:
.Ltmp606:
	.loc	1 3625 40                       @ ../../libraries/sdk/drives/fsl_flexcan.c:3625:40
	ldr	r0, [sp, #24]
	.loc	1 3625 56 is_stmt 0             @ ../../libraries/sdk/drives/fsl_flexcan.c:3625:56
	ldr	r1, [sp, #20]
	.loc	1 3625 65                       @ ../../libraries/sdk/drives/fsl_flexcan.c:3625:65
	ldrb	r1, [r1, #8]
	.loc	1 3625 48                       @ ../../libraries/sdk/drives/fsl_flexcan.c:3625:48
	add	r0, r1
	.loc	1 3625 40                       @ ../../libraries/sdk/drives/fsl_flexcan.c:3625:40
	ldrb.w	r0, [r0, #524]
.Ltmp607:
	.loc	1 3625 9                        @ ../../libraries/sdk/drives/fsl_flexcan.c:3625:9
	cbnz	r0, .LBB52_14
	b	.LBB52_13
.LBB52_13:
.Ltmp608:
	.loc	1 3627 9 is_stmt 1              @ ../../libraries/sdk/drives/fsl_flexcan.c:3627:9
	ldr	r0, [sp, #24]
	.loc	1 3627 25 is_stmt 0             @ ../../libraries/sdk/drives/fsl_flexcan.c:3627:25
	ldr	r1, [sp, #20]
	.loc	1 3627 34                       @ ../../libraries/sdk/drives/fsl_flexcan.c:3627:34
	ldrb	r1, [r1, #8]
	.loc	1 3627 17                       @ ../../libraries/sdk/drives/fsl_flexcan.c:3627:17
	add	r1, r0
	movs	r0, #1
	.loc	1 3627 41                       @ ../../libraries/sdk/drives/fsl_flexcan.c:3627:41
	strb.w	r0, [r1, #524]
	.loc	1 3630 46 is_stmt 1             @ ../../libraries/sdk/drives/fsl_flexcan.c:3630:46
	ldr	r3, [sp, #20]
	.loc	1 3630 55 is_stmt 0             @ ../../libraries/sdk/drives/fsl_flexcan.c:3630:55
	ldr	r1, [r3, #4]
	.loc	1 3630 9                        @ ../../libraries/sdk/drives/fsl_flexcan.c:3630:9
	ldr	r2, [sp, #24]
	.loc	1 3630 37                       @ ../../libraries/sdk/drives/fsl_flexcan.c:3630:37
	ldrb	r3, [r3, #8]
	.loc	1 3630 17                       @ ../../libraries/sdk/drives/fsl_flexcan.c:3630:17
	add.w	r2, r2, r3, lsl #2
	.loc	1 3630 44                       @ ../../libraries/sdk/drives/fsl_flexcan.c:3630:44
	str	r1, [r2, #8]
	movs	r1, #0
	.loc	1 3634 18 is_stmt 1             @ ../../libraries/sdk/drives/fsl_flexcan.c:3634:18
	str	r1, [sp, #4]                    @ 4-byte Spill
	str	r1, [sp, #12]
	str	r0, [sp, #8]
	.loc	1 3635 36                       @ ../../libraries/sdk/drives/fsl_flexcan.c:3635:36
	ldr	r0, [sp, #28]
	.loc	1 3635 42 is_stmt 0             @ ../../libraries/sdk/drives/fsl_flexcan.c:3635:42
	ldr	r2, [sp, #8]
	ldr	r1, [sp, #12]
	.loc	1 3635 53                       @ ../../libraries/sdk/drives/fsl_flexcan.c:3635:53
	ldr	r3, [sp, #20]
	.loc	1 3635 62                       @ ../../libraries/sdk/drives/fsl_flexcan.c:3635:62
	ldrb.w	r12, [r3, #8]
	.loc	1 3635 50                       @ ../../libraries/sdk/drives/fsl_flexcan.c:3635:50
	lsl.w	r3, r1, r12
	rsb.w	r1, r12, #32
	lsr.w	r1, r2, r1
	orrs	r3, r1
	sub.w	r1, r12, #32
	lsl.w	lr, r2, r1
	cmp	r1, #0
	it	pl
	movpl	r3, lr
	lsl.w	r2, r2, r12
	cmp	r1, #0
	it	pl
	movpl	r2, #0
	.loc	1 3635 9                        @ ../../libraries/sdk/drives/fsl_flexcan.c:3635:9
	bl	FLEXCAN_EnableMbInterrupts
	ldr	r0, [sp, #4]                    @ 4-byte Reload
	.loc	1 3641 16 is_stmt 1             @ ../../libraries/sdk/drives/fsl_flexcan.c:3641:16
	str	r0, [sp, #16]
	.loc	1 3642 5                        @ ../../libraries/sdk/drives/fsl_flexcan.c:3642:5
	b	.LBB52_15
.Ltmp609:
.LBB52_14:
	.loc	1 0 5 is_stmt 0                 @ ../../libraries/sdk/drives/fsl_flexcan.c:0:5
	movw	r0, #5303
.Ltmp610:
	.loc	1 3645 16 is_stmt 1             @ ../../libraries/sdk/drives/fsl_flexcan.c:3645:16
	str	r0, [sp, #16]
	b	.LBB52_15
.Ltmp611:
.LBB52_15:
	.loc	1 3648 12                       @ ../../libraries/sdk/drives/fsl_flexcan.c:3648:12
	ldr	r0, [sp, #16]
	.loc	1 3648 5 is_stmt 0              @ ../../libraries/sdk/drives/fsl_flexcan.c:3648:5
	add	sp, #32
	pop	{r7, pc}
.Ltmp612:
.Lfunc_end52:
	.size	FLEXCAN_TransferReceiveNonBlocking, .Lfunc_end52-FLEXCAN_TransferReceiveNonBlocking
	.cfi_endproc
	.cantunwind
	.fnend
                                        @ -- End function
	.section	.text.FLEXCAN_TransferFDSendNonBlocking,"ax",%progbits
	.hidden	FLEXCAN_TransferFDSendNonBlocking @ -- Begin function FLEXCAN_TransferFDSendNonBlocking
	.globl	FLEXCAN_TransferFDSendNonBlocking
	.p2align	3
	.type	FLEXCAN_TransferFDSendNonBlocking,%function
	.code	16                              @ @FLEXCAN_TransferFDSendNonBlocking
	.thumb_func
FLEXCAN_TransferFDSendNonBlocking:
.Lfunc_begin53:
	.loc	1 3666 0 is_stmt 1              @ ../../libraries/sdk/drives/fsl_flexcan.c:3666:0
	.fnstart
	.cfi_startproc
@ %bb.0:
	.save	{r7, lr}
	push	{r7, lr}
	.cfi_def_cfa_offset 8
	.cfi_offset lr, -4
	.cfi_offset r7, -8
	.pad	#32
	sub	sp, #32
	.cfi_def_cfa_offset 40
	str	r0, [sp, #28]
	str	r1, [sp, #24]
	str	r2, [sp, #20]
.Ltmp613:
	.loc	1 3668 5 prologue_end           @ ../../libraries/sdk/drives/fsl_flexcan.c:3668:5
	ldr	r0, [sp, #24]
	cbz	r0, .LBB53_2
	b	.LBB53_1
.LBB53_1:
	b	.LBB53_3
.LBB53_2:
	movw	r0, :lower16:.L.str.23
	movt	r0, :upper16:.L.str.23
	movw	r1, :lower16:.L.str.1
	movt	r1, :upper16:.L.str.1
	movw	r2, #3668
	bl	__aeabi_assert
.LBB53_3:
	.loc	1 3669 5                        @ ../../libraries/sdk/drives/fsl_flexcan.c:3669:5
	ldr	r0, [sp, #20]
	cbz	r0, .LBB53_5
	b	.LBB53_4
.LBB53_4:
	b	.LBB53_6
.LBB53_5:
	movw	r0, :lower16:.L.str.24
	movt	r0, :upper16:.L.str.24
	movw	r1, :lower16:.L.str.1
	movt	r1, :upper16:.L.str.1
	movw	r2, #3669
	bl	__aeabi_assert
.LBB53_6:
	ldr	r0, [sp, #20]
	.loc	1 3670 5                        @ ../../libraries/sdk/drives/fsl_flexcan.c:3670:5
	ldrb	r0, [r0, #8]
	ldr	r1, [sp, #28]
	ldr	r1, [r1]
	and	r1, r1, #127
	cmp	r0, r1
	bhi	.LBB53_8
	b	.LBB53_7
.LBB53_7:
	b	.LBB53_9
.LBB53_8:
	movw	r0, :lower16:.L.str.25
	movt	r0, :upper16:.L.str.25
	movw	r1, :lower16:.L.str.1
	movt	r1, :upper16:.L.str.1
	movw	r2, #3670
	bl	__aeabi_assert
.LBB53_9:
	.loc	1 3672 5                        @ ../../libraries/sdk/drives/fsl_flexcan.c:3672:5
	ldr	r0, [sp, #28]
	ldr	r1, [sp, #20]
	ldrb	r1, [r1, #8]
	bl	FLEXCAN_IsMbOccupied
	cbnz	r0, .LBB53_11
	b	.LBB53_10
.LBB53_10:
	b	.LBB53_12
.LBB53_11:
	movw	r0, :lower16:.L.str.26
	movt	r0, :upper16:.L.str.26
	movw	r1, :lower16:.L.str.1
	movt	r1, :upper16:.L.str.1
	movw	r2, #3672
	bl	__aeabi_assert
.LBB53_12:
.Ltmp614:
	.loc	1 3678 40                       @ ../../libraries/sdk/drives/fsl_flexcan.c:3678:40
	ldr	r0, [sp, #24]
	.loc	1 3678 56 is_stmt 0             @ ../../libraries/sdk/drives/fsl_flexcan.c:3678:56
	ldr	r1, [sp, #20]
	.loc	1 3678 65                       @ ../../libraries/sdk/drives/fsl_flexcan.c:3678:65
	ldrb	r1, [r1, #8]
	.loc	1 3678 48                       @ ../../libraries/sdk/drives/fsl_flexcan.c:3678:48
	add	r0, r1
	.loc	1 3678 40                       @ ../../libraries/sdk/drives/fsl_flexcan.c:3678:40
	ldrb.w	r0, [r0, #524]
.Ltmp615:
	.loc	1 3678 9                        @ ../../libraries/sdk/drives/fsl_flexcan.c:3678:9
	cmp	r0, #0
	bne	.LBB53_20
	b	.LBB53_13
.LBB53_13:
.Ltmp616:
	.loc	1 3681 51 is_stmt 1             @ ../../libraries/sdk/drives/fsl_flexcan.c:3681:51
	ldr	r0, [sp, #20]
	.loc	1 3681 60 is_stmt 0             @ ../../libraries/sdk/drives/fsl_flexcan.c:3681:60
	ldr	r0, [r0]
	.loc	1 3681 69                       @ ../../libraries/sdk/drives/fsl_flexcan.c:3681:69
	ldrh	r0, [r0, #2]
	lsrs	r0, r0, #4
.Ltmp617:
	.loc	1 3681 13                       @ ../../libraries/sdk/drives/fsl_flexcan.c:3681:13
	lsls	r0, r0, #31
	cbz	r0, .LBB53_15
	b	.LBB53_14
.LBB53_14:
.Ltmp618:
	.loc	1 3683 13 is_stmt 1             @ ../../libraries/sdk/drives/fsl_flexcan.c:3683:13
	ldr	r0, [sp, #24]
	.loc	1 3683 29 is_stmt 0             @ ../../libraries/sdk/drives/fsl_flexcan.c:3683:29
	ldr	r1, [sp, #20]
	.loc	1 3683 38                       @ ../../libraries/sdk/drives/fsl_flexcan.c:3683:38
	ldrb	r1, [r1, #8]
	.loc	1 3683 21                       @ ../../libraries/sdk/drives/fsl_flexcan.c:3683:21
	add	r1, r0
	movs	r0, #4
	.loc	1 3683 45                       @ ../../libraries/sdk/drives/fsl_flexcan.c:3683:45
	strb.w	r0, [r1, #524]
	.loc	1 3684 9 is_stmt 1              @ ../../libraries/sdk/drives/fsl_flexcan.c:3684:9
	b	.LBB53_16
.Ltmp619:
.LBB53_15:
	.loc	1 3687 13                       @ ../../libraries/sdk/drives/fsl_flexcan.c:3687:13
	ldr	r0, [sp, #24]
	.loc	1 3687 29 is_stmt 0             @ ../../libraries/sdk/drives/fsl_flexcan.c:3687:29
	ldr	r1, [sp, #20]
	.loc	1 3687 38                       @ ../../libraries/sdk/drives/fsl_flexcan.c:3687:38
	ldrb	r1, [r1, #8]
	.loc	1 3687 21                       @ ../../libraries/sdk/drives/fsl_flexcan.c:3687:21
	add	r1, r0
	movs	r0, #3
	.loc	1 3687 45                       @ ../../libraries/sdk/drives/fsl_flexcan.c:3687:45
	strb.w	r0, [r1, #524]
	b	.LBB53_16
.Ltmp620:
.LBB53_16:
	.loc	1 3691 33 is_stmt 1             @ ../../libraries/sdk/drives/fsl_flexcan.c:3691:33
	ldr	r0, [sp, #28]
	.loc	1 3691 39 is_stmt 0             @ ../../libraries/sdk/drives/fsl_flexcan.c:3691:39
	ldr	r2, [sp, #20]
	.loc	1 3691 48                       @ ../../libraries/sdk/drives/fsl_flexcan.c:3691:48
	ldrb	r1, [r2, #8]
	.loc	1 3691 103                      @ ../../libraries/sdk/drives/fsl_flexcan.c:3691:103
	ldr	r2, [r2]
	.loc	1 3691 13                       @ ../../libraries/sdk/drives/fsl_flexcan.c:3691:13
	bl	FLEXCAN_WriteFDTxMb
.Ltmp621:
	.loc	1 3690 13 is_stmt 1             @ ../../libraries/sdk/drives/fsl_flexcan.c:3690:13
	cbnz	r0, .LBB53_18
	b	.LBB53_17
.LBB53_17:
	.loc	1 0 13 is_stmt 0                @ ../../libraries/sdk/drives/fsl_flexcan.c:0:13
	movs	r0, #0
.Ltmp622:
	.loc	1 3695 22 is_stmt 1             @ ../../libraries/sdk/drives/fsl_flexcan.c:3695:22
	str	r0, [sp, #4]                    @ 4-byte Spill
	str	r0, [sp, #12]
	movs	r0, #1
	str	r0, [sp, #8]
	.loc	1 3696 40                       @ ../../libraries/sdk/drives/fsl_flexcan.c:3696:40
	ldr	r0, [sp, #28]
	.loc	1 3696 46 is_stmt 0             @ ../../libraries/sdk/drives/fsl_flexcan.c:3696:46
	ldr	r2, [sp, #8]
	ldr	r1, [sp, #12]
	.loc	1 3696 57                       @ ../../libraries/sdk/drives/fsl_flexcan.c:3696:57
	ldr	r3, [sp, #20]
	.loc	1 3696 66                       @ ../../libraries/sdk/drives/fsl_flexcan.c:3696:66
	ldrb.w	r12, [r3, #8]
	.loc	1 3696 54                       @ ../../libraries/sdk/drives/fsl_flexcan.c:3696:54
	lsl.w	r3, r1, r12
	rsb.w	r1, r12, #32
	lsr.w	r1, r2, r1
	orrs	r3, r1
	sub.w	r1, r12, #32
	lsl.w	lr, r2, r1
	cmp	r1, #0
	it	pl
	movpl	r3, lr
	lsl.w	r2, r2, r12
	cmp	r1, #0
	it	pl
	movpl	r2, #0
	.loc	1 3696 13                       @ ../../libraries/sdk/drives/fsl_flexcan.c:3696:13
	bl	FLEXCAN_EnableMbInterrupts
	ldr	r0, [sp, #4]                    @ 4-byte Reload
	.loc	1 3702 20 is_stmt 1             @ ../../libraries/sdk/drives/fsl_flexcan.c:3702:20
	str	r0, [sp, #16]
	.loc	1 3703 9                        @ ../../libraries/sdk/drives/fsl_flexcan.c:3703:9
	b	.LBB53_19
.Ltmp623:
.LBB53_18:
	.loc	1 3706 13                       @ ../../libraries/sdk/drives/fsl_flexcan.c:3706:13
	ldr	r0, [sp, #24]
	.loc	1 3706 29 is_stmt 0             @ ../../libraries/sdk/drives/fsl_flexcan.c:3706:29
	ldr	r1, [sp, #20]
	.loc	1 3706 38                       @ ../../libraries/sdk/drives/fsl_flexcan.c:3706:38
	ldrb	r1, [r1, #8]
	.loc	1 3706 21                       @ ../../libraries/sdk/drives/fsl_flexcan.c:3706:21
	add	r1, r0
	movs	r0, #0
	.loc	1 3706 45                       @ ../../libraries/sdk/drives/fsl_flexcan.c:3706:45
	strb.w	r0, [r1, #524]
	movs	r0, #1
	.loc	1 3707 45 is_stmt 1             @ ../../libraries/sdk/drives/fsl_flexcan.c:3707:45
	str	r0, [sp, #16]
	b	.LBB53_19
.Ltmp624:
.LBB53_19:
	.loc	1 3709 5                        @ ../../libraries/sdk/drives/fsl_flexcan.c:3709:5
	b	.LBB53_21
.Ltmp625:
.LBB53_20:
	.loc	1 0 5 is_stmt 0                 @ ../../libraries/sdk/drives/fsl_flexcan.c:0:5
	movw	r0, #5300
.Ltmp626:
	.loc	1 3712 16 is_stmt 1             @ ../../libraries/sdk/drives/fsl_flexcan.c:3712:16
	str	r0, [sp, #16]
	b	.LBB53_21
.Ltmp627:
.LBB53_21:
	.loc	1 3715 12                       @ ../../libraries/sdk/drives/fsl_flexcan.c:3715:12
	ldr	r0, [sp, #16]
	.loc	1 3715 5 is_stmt 0              @ ../../libraries/sdk/drives/fsl_flexcan.c:3715:5
	add	sp, #32
	pop	{r7, pc}
.Ltmp628:
.Lfunc_end53:
	.size	FLEXCAN_TransferFDSendNonBlocking, .Lfunc_end53-FLEXCAN_TransferFDSendNonBlocking
	.cfi_endproc
	.cantunwind
	.fnend
                                        @ -- End function
	.section	.text.FLEXCAN_TransferFDReceiveNonBlocking,"ax",%progbits
	.hidden	FLEXCAN_TransferFDReceiveNonBlocking @ -- Begin function FLEXCAN_TransferFDReceiveNonBlocking
	.globl	FLEXCAN_TransferFDReceiveNonBlocking
	.p2align	3
	.type	FLEXCAN_TransferFDReceiveNonBlocking,%function
	.code	16                              @ @FLEXCAN_TransferFDReceiveNonBlocking
	.thumb_func
FLEXCAN_TransferFDReceiveNonBlocking:
.Lfunc_begin54:
	.loc	1 3731 0 is_stmt 1              @ ../../libraries/sdk/drives/fsl_flexcan.c:3731:0
	.fnstart
	.cfi_startproc
@ %bb.0:
	.save	{r7, lr}
	push	{r7, lr}
	.cfi_def_cfa_offset 8
	.cfi_offset lr, -4
	.cfi_offset r7, -8
	.pad	#32
	sub	sp, #32
	.cfi_def_cfa_offset 40
	str	r0, [sp, #28]
	str	r1, [sp, #24]
	str	r2, [sp, #20]
.Ltmp629:
	.loc	1 3733 5 prologue_end           @ ../../libraries/sdk/drives/fsl_flexcan.c:3733:5
	ldr	r0, [sp, #24]
	cbz	r0, .LBB54_2
	b	.LBB54_1
.LBB54_1:
	b	.LBB54_3
.LBB54_2:
	movw	r0, :lower16:.L.str.23
	movt	r0, :upper16:.L.str.23
	movw	r1, :lower16:.L.str.1
	movt	r1, :upper16:.L.str.1
	movw	r2, #3733
	bl	__aeabi_assert
.LBB54_3:
	.loc	1 3734 5                        @ ../../libraries/sdk/drives/fsl_flexcan.c:3734:5
	ldr	r0, [sp, #20]
	cbz	r0, .LBB54_5
	b	.LBB54_4
.LBB54_4:
	b	.LBB54_6
.LBB54_5:
	movw	r0, :lower16:.L.str.24
	movt	r0, :upper16:.L.str.24
	movw	r1, :lower16:.L.str.1
	movt	r1, :upper16:.L.str.1
	movw	r2, #3734
	bl	__aeabi_assert
.LBB54_6:
	ldr	r0, [sp, #20]
	.loc	1 3735 5                        @ ../../libraries/sdk/drives/fsl_flexcan.c:3735:5
	ldrb	r0, [r0, #8]
	ldr	r1, [sp, #28]
	ldr	r1, [r1]
	and	r1, r1, #127
	cmp	r0, r1
	bhi	.LBB54_8
	b	.LBB54_7
.LBB54_7:
	b	.LBB54_9
.LBB54_8:
	movw	r0, :lower16:.L.str.25
	movt	r0, :upper16:.L.str.25
	movw	r1, :lower16:.L.str.1
	movt	r1, :upper16:.L.str.1
	movw	r2, #3735
	bl	__aeabi_assert
.LBB54_9:
	.loc	1 3737 5                        @ ../../libraries/sdk/drives/fsl_flexcan.c:3737:5
	ldr	r0, [sp, #28]
	ldr	r1, [sp, #20]
	ldrb	r1, [r1, #8]
	bl	FLEXCAN_IsMbOccupied
	cbnz	r0, .LBB54_11
	b	.LBB54_10
.LBB54_10:
	b	.LBB54_12
.LBB54_11:
	movw	r0, :lower16:.L.str.26
	movt	r0, :upper16:.L.str.26
	movw	r1, :lower16:.L.str.1
	movt	r1, :upper16:.L.str.1
	movw	r2, #3737
	bl	__aeabi_assert
.LBB54_12:
.Ltmp630:
	.loc	1 3743 40                       @ ../../libraries/sdk/drives/fsl_flexcan.c:3743:40
	ldr	r0, [sp, #24]
	.loc	1 3743 56 is_stmt 0             @ ../../libraries/sdk/drives/fsl_flexcan.c:3743:56
	ldr	r1, [sp, #20]
	.loc	1 3743 65                       @ ../../libraries/sdk/drives/fsl_flexcan.c:3743:65
	ldrb	r1, [r1, #8]
	.loc	1 3743 48                       @ ../../libraries/sdk/drives/fsl_flexcan.c:3743:48
	add	r0, r1
	.loc	1 3743 40                       @ ../../libraries/sdk/drives/fsl_flexcan.c:3743:40
	ldrb.w	r0, [r0, #524]
.Ltmp631:
	.loc	1 3743 9                        @ ../../libraries/sdk/drives/fsl_flexcan.c:3743:9
	cbnz	r0, .LBB54_14
	b	.LBB54_13
.LBB54_13:
.Ltmp632:
	.loc	1 3745 9 is_stmt 1              @ ../../libraries/sdk/drives/fsl_flexcan.c:3745:9
	ldr	r0, [sp, #24]
	.loc	1 3745 25 is_stmt 0             @ ../../libraries/sdk/drives/fsl_flexcan.c:3745:25
	ldr	r1, [sp, #20]
	.loc	1 3745 34                       @ ../../libraries/sdk/drives/fsl_flexcan.c:3745:34
	ldrb	r1, [r1, #8]
	.loc	1 3745 17                       @ ../../libraries/sdk/drives/fsl_flexcan.c:3745:17
	add	r1, r0
	movs	r0, #1
	.loc	1 3745 41                       @ ../../libraries/sdk/drives/fsl_flexcan.c:3745:41
	strb.w	r0, [r1, #524]
	.loc	1 3748 48 is_stmt 1             @ ../../libraries/sdk/drives/fsl_flexcan.c:3748:48
	ldr	r3, [sp, #20]
	.loc	1 3748 57 is_stmt 0             @ ../../libraries/sdk/drives/fsl_flexcan.c:3748:57
	ldr	r1, [r3]
	.loc	1 3748 9                        @ ../../libraries/sdk/drives/fsl_flexcan.c:3748:9
	ldr	r2, [sp, #24]
	.loc	1 3748 39                       @ ../../libraries/sdk/drives/fsl_flexcan.c:3748:39
	ldrb	r3, [r3, #8]
	.loc	1 3748 17                       @ ../../libraries/sdk/drives/fsl_flexcan.c:3748:17
	add.w	r2, r2, r3, lsl #2
	.loc	1 3748 46                       @ ../../libraries/sdk/drives/fsl_flexcan.c:3748:46
	str.w	r1, [r2, #264]
	movs	r1, #0
	.loc	1 3752 18 is_stmt 1             @ ../../libraries/sdk/drives/fsl_flexcan.c:3752:18
	str	r1, [sp, #4]                    @ 4-byte Spill
	str	r1, [sp, #12]
	str	r0, [sp, #8]
	.loc	1 3753 36                       @ ../../libraries/sdk/drives/fsl_flexcan.c:3753:36
	ldr	r0, [sp, #28]
	.loc	1 3753 42 is_stmt 0             @ ../../libraries/sdk/drives/fsl_flexcan.c:3753:42
	ldr	r2, [sp, #8]
	ldr	r1, [sp, #12]
	.loc	1 3753 53                       @ ../../libraries/sdk/drives/fsl_flexcan.c:3753:53
	ldr	r3, [sp, #20]
	.loc	1 3753 62                       @ ../../libraries/sdk/drives/fsl_flexcan.c:3753:62
	ldrb.w	r12, [r3, #8]
	.loc	1 3753 50                       @ ../../libraries/sdk/drives/fsl_flexcan.c:3753:50
	lsl.w	r3, r1, r12
	rsb.w	r1, r12, #32
	lsr.w	r1, r2, r1
	orrs	r3, r1
	sub.w	r1, r12, #32
	lsl.w	lr, r2, r1
	cmp	r1, #0
	it	pl
	movpl	r3, lr
	lsl.w	r2, r2, r12
	cmp	r1, #0
	it	pl
	movpl	r2, #0
	.loc	1 3753 9                        @ ../../libraries/sdk/drives/fsl_flexcan.c:3753:9
	bl	FLEXCAN_EnableMbInterrupts
	ldr	r0, [sp, #4]                    @ 4-byte Reload
	.loc	1 3759 16 is_stmt 1             @ ../../libraries/sdk/drives/fsl_flexcan.c:3759:16
	str	r0, [sp, #16]
	.loc	1 3760 5                        @ ../../libraries/sdk/drives/fsl_flexcan.c:3760:5
	b	.LBB54_15
.Ltmp633:
.LBB54_14:
	.loc	1 0 5 is_stmt 0                 @ ../../libraries/sdk/drives/fsl_flexcan.c:0:5
	movw	r0, #5303
.Ltmp634:
	.loc	1 3763 16 is_stmt 1             @ ../../libraries/sdk/drives/fsl_flexcan.c:3763:16
	str	r0, [sp, #16]
	b	.LBB54_15
.Ltmp635:
.LBB54_15:
	.loc	1 3766 12                       @ ../../libraries/sdk/drives/fsl_flexcan.c:3766:12
	ldr	r0, [sp, #16]
	.loc	1 3766 5 is_stmt 0              @ ../../libraries/sdk/drives/fsl_flexcan.c:3766:5
	add	sp, #32
	pop	{r7, pc}
.Ltmp636:
.Lfunc_end54:
	.size	FLEXCAN_TransferFDReceiveNonBlocking, .Lfunc_end54-FLEXCAN_TransferFDReceiveNonBlocking
	.cfi_endproc
	.cantunwind
	.fnend
                                        @ -- End function
	.section	.text.FLEXCAN_TransferReceiveFifoNonBlocking,"ax",%progbits
	.hidden	FLEXCAN_TransferReceiveFifoNonBlocking @ -- Begin function FLEXCAN_TransferReceiveFifoNonBlocking
	.globl	FLEXCAN_TransferReceiveFifoNonBlocking
	.p2align	3
	.type	FLEXCAN_TransferReceiveFifoNonBlocking,%function
	.code	16                              @ @FLEXCAN_TransferReceiveFifoNonBlocking
	.thumb_func
FLEXCAN_TransferReceiveFifoNonBlocking:
.Lfunc_begin55:
	.loc	1 3785 0 is_stmt 1              @ ../../libraries/sdk/drives/fsl_flexcan.c:3785:0
	.fnstart
	.cfi_startproc
@ %bb.0:
	.save	{r7, lr}
	push	{r7, lr}
	.cfi_def_cfa_offset 8
	.cfi_offset lr, -4
	.cfi_offset r7, -8
	.pad	#24
	sub	sp, #24
	.cfi_def_cfa_offset 32
	str	r0, [sp, #20]
	str	r1, [sp, #16]
	str	r2, [sp, #12]
.Ltmp637:
	.loc	1 3787 5 prologue_end           @ ../../libraries/sdk/drives/fsl_flexcan.c:3787:5
	ldr	r0, [sp, #16]
	cbz	r0, .LBB55_2
	b	.LBB55_1
.LBB55_1:
	b	.LBB55_3
.LBB55_2:
	movw	r0, :lower16:.L.str.23
	movt	r0, :upper16:.L.str.23
	movw	r1, :lower16:.L.str.1
	movt	r1, :upper16:.L.str.1
	movw	r2, #3787
	bl	__aeabi_assert
.LBB55_3:
	.loc	1 3788 5                        @ ../../libraries/sdk/drives/fsl_flexcan.c:3788:5
	ldr	r0, [sp, #12]
	cbz	r0, .LBB55_5
	b	.LBB55_4
.LBB55_4:
	b	.LBB55_6
.LBB55_5:
	movw	r0, :lower16:.L.str.27
	movt	r0, :upper16:.L.str.27
	movw	r1, :lower16:.L.str.1
	movt	r1, :upper16:.L.str.1
	movw	r2, #3788
	bl	__aeabi_assert
.LBB55_6:
.Ltmp638:
	.loc	1 3793 40                       @ ../../libraries/sdk/drives/fsl_flexcan.c:3793:40
	ldr	r0, [sp, #16]
	.loc	1 3793 48 is_stmt 0             @ ../../libraries/sdk/drives/fsl_flexcan.c:3793:48
	ldrb.w	r0, [r0, #588]
.Ltmp639:
	.loc	1 3793 9                        @ ../../libraries/sdk/drives/fsl_flexcan.c:3793:9
	cbnz	r0, .LBB55_8
	b	.LBB55_7
.LBB55_7:
.Ltmp640:
	.loc	1 3795 9 is_stmt 1              @ ../../libraries/sdk/drives/fsl_flexcan.c:3795:9
	ldr	r1, [sp, #16]
	movs	r0, #5
	.loc	1 3795 29 is_stmt 0             @ ../../libraries/sdk/drives/fsl_flexcan.c:3795:29
	strb.w	r0, [r1, #588]
	.loc	1 3798 34 is_stmt 1             @ ../../libraries/sdk/drives/fsl_flexcan.c:3798:34
	ldr	r0, [sp, #12]
	.loc	1 3798 45 is_stmt 0             @ ../../libraries/sdk/drives/fsl_flexcan.c:3798:45
	ldr	r0, [r0]
	.loc	1 3798 9                        @ ../../libraries/sdk/drives/fsl_flexcan.c:3798:9
	ldr	r1, [sp, #16]
	.loc	1 3798 32                       @ ../../libraries/sdk/drives/fsl_flexcan.c:3798:32
	str.w	r0, [r1, #520]
	.loc	1 3801 36 is_stmt 1             @ ../../libraries/sdk/drives/fsl_flexcan.c:3801:36
	ldr	r0, [sp, #20]
	movs	r2, #224
	movs	r3, #0
	.loc	1 3801 9 is_stmt 0              @ ../../libraries/sdk/drives/fsl_flexcan.c:3801:9
	str	r3, [sp, #4]                    @ 4-byte Spill
	bl	FLEXCAN_EnableMbInterrupts
	ldr	r0, [sp, #4]                    @ 4-byte Reload
	.loc	1 3804 16 is_stmt 1             @ ../../libraries/sdk/drives/fsl_flexcan.c:3804:16
	str	r0, [sp, #8]
	.loc	1 3805 5                        @ ../../libraries/sdk/drives/fsl_flexcan.c:3805:5
	b	.LBB55_9
.Ltmp641:
.LBB55_8:
	.loc	1 0 5 is_stmt 0                 @ ../../libraries/sdk/drives/fsl_flexcan.c:0:5
	movw	r0, #5306
.Ltmp642:
	.loc	1 3808 16 is_stmt 1             @ ../../libraries/sdk/drives/fsl_flexcan.c:3808:16
	str	r0, [sp, #8]
	b	.LBB55_9
.Ltmp643:
.LBB55_9:
	.loc	1 3811 12                       @ ../../libraries/sdk/drives/fsl_flexcan.c:3811:12
	ldr	r0, [sp, #8]
	.loc	1 3811 5 is_stmt 0              @ ../../libraries/sdk/drives/fsl_flexcan.c:3811:5
	add	sp, #24
	pop	{r7, pc}
.Ltmp644:
.Lfunc_end55:
	.size	FLEXCAN_TransferReceiveFifoNonBlocking, .Lfunc_end55-FLEXCAN_TransferReceiveFifoNonBlocking
	.cfi_endproc
	.cantunwind
	.fnend
                                        @ -- End function
	.section	.text.FLEXCAN_TransferAbortSend,"ax",%progbits
	.hidden	FLEXCAN_TransferAbortSend       @ -- Begin function FLEXCAN_TransferAbortSend
	.globl	FLEXCAN_TransferAbortSend
	.p2align	3
	.type	FLEXCAN_TransferAbortSend,%function
	.code	16                              @ @FLEXCAN_TransferAbortSend
	.thumb_func
FLEXCAN_TransferAbortSend:
.Lfunc_begin56:
	.loc	1 3911 0 is_stmt 1              @ ../../libraries/sdk/drives/fsl_flexcan.c:3911:0
	.fnstart
	.cfi_startproc
@ %bb.0:
	.save	{r7, lr}
	push	{r7, lr}
	.cfi_def_cfa_offset 8
	.cfi_offset lr, -4
	.cfi_offset r7, -8
	.pad	#32
	sub	sp, #32
	.cfi_def_cfa_offset 40
                                        @ kill: def $r3 killed $r2
	str	r0, [sp, #28]
	str	r1, [sp, #24]
	strb.w	r2, [sp, #23]
.Ltmp645:
	.loc	1 3915 5 prologue_end           @ ../../libraries/sdk/drives/fsl_flexcan.c:3915:5
	ldr	r0, [sp, #24]
	cbz	r0, .LBB56_2
	b	.LBB56_1
.LBB56_1:
	b	.LBB56_3
.LBB56_2:
	movw	r0, :lower16:.L.str.23
	movt	r0, :upper16:.L.str.23
	movw	r1, :lower16:.L.str.1
	movt	r1, :upper16:.L.str.1
	movw	r2, #3915
	bl	__aeabi_assert
.LBB56_3:
	.loc	1 3916 5                        @ ../../libraries/sdk/drives/fsl_flexcan.c:3916:5
	ldrb.w	r0, [sp, #23]
	ldr	r1, [sp, #28]
	ldr	r1, [r1]
	and	r1, r1, #127
	cmp	r0, r1
	bhi	.LBB56_5
	b	.LBB56_4
.LBB56_4:
	b	.LBB56_6
.LBB56_5:
	movw	r0, :lower16:.L.str.9
	movt	r0, :upper16:.L.str.9
	movw	r1, :lower16:.L.str.1
	movt	r1, :upper16:.L.str.1
	movw	r2, #3916
	bl	__aeabi_assert
.LBB56_6:
	.loc	1 3918 5                        @ ../../libraries/sdk/drives/fsl_flexcan.c:3918:5
	ldr	r0, [sp, #28]
	ldrb.w	r1, [sp, #23]
	bl	FLEXCAN_IsMbOccupied
	cbnz	r0, .LBB56_8
	b	.LBB56_7
.LBB56_7:
	b	.LBB56_9
.LBB56_8:
	movw	r0, :lower16:.L.str.10
	movt	r0, :upper16:.L.str.10
	movw	r1, :lower16:.L.str.1
	movt	r1, :upper16:.L.str.1
	movw	r2, #3918
	bl	__aeabi_assert
.LBB56_9:
	.loc	1 0 5 is_stmt 0                 @ ../../libraries/sdk/drives/fsl_flexcan.c:0:5
	movs	r0, #0
	.loc	1 3923 14 is_stmt 1             @ ../../libraries/sdk/drives/fsl_flexcan.c:3923:14
	str	r0, [sp, #4]                    @ 4-byte Spill
	str	r0, [sp, #12]
	movs	r0, #1
	str	r0, [sp]                        @ 4-byte Spill
	str	r0, [sp, #8]
	.loc	1 3924 33                       @ ../../libraries/sdk/drives/fsl_flexcan.c:3924:33
	ldr	r0, [sp, #28]
	.loc	1 3924 39 is_stmt 0             @ ../../libraries/sdk/drives/fsl_flexcan.c:3924:39
	ldr	r2, [sp, #8]
	ldr	r1, [sp, #12]
	.loc	1 3924 50                       @ ../../libraries/sdk/drives/fsl_flexcan.c:3924:50
	ldrb.w	r12, [sp, #23]
	.loc	1 3924 47                       @ ../../libraries/sdk/drives/fsl_flexcan.c:3924:47
	lsl.w	r3, r1, r12
	rsb.w	r1, r12, #32
	lsr.w	r1, r2, r1
	orrs	r3, r1
	sub.w	r1, r12, #32
	lsl.w	lr, r2, r1
	cmp	r1, #0
	it	pl
	movpl	r3, lr
	lsl.w	r2, r2, r12
	cmp	r1, #0
	it	pl
	movpl	r2, #0
	.loc	1 3924 5                        @ ../../libraries/sdk/drives/fsl_flexcan.c:3924:5
	bl	FLEXCAN_DisableMbInterrupts
	ldr	r2, [sp]                        @ 4-byte Reload
	.loc	1 3931 44 is_stmt 1             @ ../../libraries/sdk/drives/fsl_flexcan.c:3931:44
	ldr	r0, [sp, #28]
	.loc	1 3931 53 is_stmt 0             @ ../../libraries/sdk/drives/fsl_flexcan.c:3931:53
	ldrb.w	r1, [sp, #23]
	.loc	1 3931 50                       @ ../../libraries/sdk/drives/fsl_flexcan.c:3931:50
	add.w	r0, r0, r1, lsl #4
	.loc	1 3931 60                       @ ../../libraries/sdk/drives/fsl_flexcan.c:3931:60
	ldr.w	r0, [r0, #128]
	.loc	1 3931 30                       @ ../../libraries/sdk/drives/fsl_flexcan.c:3931:30
	strh.w	r0, [sp, #20]
	.loc	1 3932 32 is_stmt 1             @ ../../libraries/sdk/drives/fsl_flexcan.c:3932:32
	ldrh.w	r0, [sp, #20]
	.loc	1 3932 5 is_stmt 0              @ ../../libraries/sdk/drives/fsl_flexcan.c:3932:5
	ldr	r1, [sp, #24]
	.loc	1 3932 23                       @ ../../libraries/sdk/drives/fsl_flexcan.c:3932:23
	ldrb.w	r3, [sp, #23]
	.loc	1 3932 13                       @ ../../libraries/sdk/drives/fsl_flexcan.c:3932:13
	add.w	r1, r1, r3, lsl #2
	.loc	1 3932 30                       @ ../../libraries/sdk/drives/fsl_flexcan.c:3932:30
	str.w	r0, [r1, #592]
	.loc	1 3935 27 is_stmt 1             @ ../../libraries/sdk/drives/fsl_flexcan.c:3935:27
	ldr	r0, [sp, #28]
	.loc	1 3935 33 is_stmt 0             @ ../../libraries/sdk/drives/fsl_flexcan.c:3935:33
	ldrb.w	r1, [sp, #23]
	.loc	1 3935 5                        @ ../../libraries/sdk/drives/fsl_flexcan.c:3935:5
	bl	FLEXCAN_SetTxMbConfig
	ldr	r0, [sp, #4]                    @ 4-byte Reload
	.loc	1 3937 5 is_stmt 1              @ ../../libraries/sdk/drives/fsl_flexcan.c:3937:5
	ldr	r1, [sp, #24]
	.loc	1 3937 21 is_stmt 0             @ ../../libraries/sdk/drives/fsl_flexcan.c:3937:21
	ldrb.w	r2, [sp, #23]
	.loc	1 3937 13                       @ ../../libraries/sdk/drives/fsl_flexcan.c:3937:13
	add	r1, r2
	.loc	1 3937 28                       @ ../../libraries/sdk/drives/fsl_flexcan.c:3937:28
	strb.w	r0, [r1, #524]
	.loc	1 3938 1 is_stmt 1              @ ../../libraries/sdk/drives/fsl_flexcan.c:3938:1
	add	sp, #32
	pop	{r7, pc}
.Ltmp646:
.Lfunc_end56:
	.size	FLEXCAN_TransferAbortSend, .Lfunc_end56-FLEXCAN_TransferAbortSend
	.cfi_endproc
	.cantunwind
	.fnend
                                        @ -- End function
	.section	.text.FLEXCAN_DisableMbInterrupts,"ax",%progbits
	.p2align	3                               @ -- Begin function FLEXCAN_DisableMbInterrupts
	.type	FLEXCAN_DisableMbInterrupts,%function
	.code	16                              @ @FLEXCAN_DisableMbInterrupts
	.thumb_func
FLEXCAN_DisableMbInterrupts:
.Lfunc_begin57:
	.loc	5 1696 0                        @ ../../libraries/sdk/drives/fsl_flexcan.h:1696:0
	.fnstart
	.cfi_startproc
@ %bb.0:
	.pad	#16
	sub	sp, #16
	.cfi_def_cfa_offset 16
                                        @ kill: def $r1 killed $r3
                                        @ kill: def $r1 killed $r2
	str	r0, [sp, #12]
	str	r3, [sp, #4]
	str	r2, [sp]
.Ltmp647:
	.loc	5 1698 34 prologue_end          @ ../../libraries/sdk/drives/fsl_flexcan.h:1698:34
	ldr	r2, [sp]
	.loc	5 1698 5 is_stmt 0              @ ../../libraries/sdk/drives/fsl_flexcan.h:1698:5
	ldr	r1, [sp, #12]
	.loc	5 1698 18                       @ ../../libraries/sdk/drives/fsl_flexcan.h:1698:18
	ldr	r0, [r1, #40]
	bics	r0, r2
	str	r0, [r1, #40]
	.loc	5 1699 34 is_stmt 1             @ ../../libraries/sdk/drives/fsl_flexcan.h:1699:34
	ldr	r2, [sp, #4]
	.loc	5 1699 5 is_stmt 0              @ ../../libraries/sdk/drives/fsl_flexcan.h:1699:5
	ldr	r1, [sp, #12]
	.loc	5 1699 18                       @ ../../libraries/sdk/drives/fsl_flexcan.h:1699:18
	ldr	r0, [r1, #36]
	bics	r0, r2
	str	r0, [r1, #36]
	.loc	5 1703 1 is_stmt 1              @ ../../libraries/sdk/drives/fsl_flexcan.h:1703:1
	add	sp, #16
	bx	lr
.Ltmp648:
.Lfunc_end57:
	.size	FLEXCAN_DisableMbInterrupts, .Lfunc_end57-FLEXCAN_DisableMbInterrupts
	.cfi_endproc
	.cantunwind
	.fnend
                                        @ -- End function
	.section	.text.FLEXCAN_TransferFDAbortSend,"ax",%progbits
	.hidden	FLEXCAN_TransferFDAbortSend     @ -- Begin function FLEXCAN_TransferFDAbortSend
	.globl	FLEXCAN_TransferFDAbortSend
	.p2align	3
	.type	FLEXCAN_TransferFDAbortSend,%function
	.code	16                              @ @FLEXCAN_TransferFDAbortSend
	.thumb_func
FLEXCAN_TransferFDAbortSend:
.Lfunc_begin58:
	.loc	1 3951 0                        @ ../../libraries/sdk/drives/fsl_flexcan.c:3951:0
	.fnstart
	.cfi_startproc
@ %bb.0:
	.save	{r7, lr}
	push	{r7, lr}
	.cfi_def_cfa_offset 8
	.cfi_offset lr, -4
	.cfi_offset r7, -8
	.pad	#40
	sub	sp, #40
	.cfi_def_cfa_offset 48
                                        @ kill: def $r3 killed $r2
	str	r0, [sp, #36]
	str	r1, [sp, #32]
	strb.w	r2, [sp, #31]
.Ltmp649:
	.loc	1 3957 5 prologue_end           @ ../../libraries/sdk/drives/fsl_flexcan.c:3957:5
	ldr	r0, [sp, #32]
	cbz	r0, .LBB58_2
	b	.LBB58_1
.LBB58_1:
	b	.LBB58_3
.LBB58_2:
	movw	r0, :lower16:.L.str.23
	movt	r0, :upper16:.L.str.23
	movw	r1, :lower16:.L.str.1
	movt	r1, :upper16:.L.str.1
	movw	r2, #3957
	bl	__aeabi_assert
.LBB58_3:
	.loc	1 3958 5                        @ ../../libraries/sdk/drives/fsl_flexcan.c:3958:5
	ldrb.w	r0, [sp, #31]
	ldr	r1, [sp, #36]
	ldr	r1, [r1]
	and	r1, r1, #127
	cmp	r0, r1
	bhi	.LBB58_5
	b	.LBB58_4
.LBB58_4:
	b	.LBB58_6
.LBB58_5:
	movw	r0, :lower16:.L.str.9
	movt	r0, :upper16:.L.str.9
	movw	r1, :lower16:.L.str.1
	movt	r1, :upper16:.L.str.1
	movw	r2, #3958
	bl	__aeabi_assert
.LBB58_6:
	.loc	1 3960 5                        @ ../../libraries/sdk/drives/fsl_flexcan.c:3960:5
	ldr	r0, [sp, #36]
	ldrb.w	r1, [sp, #31]
	bl	FLEXCAN_IsMbOccupied
	cbnz	r0, .LBB58_8
	b	.LBB58_7
.LBB58_7:
	b	.LBB58_9
.LBB58_8:
	movw	r0, :lower16:.L.str.10
	movt	r0, :upper16:.L.str.10
	movw	r1, :lower16:.L.str.1
	movt	r1, :upper16:.L.str.1
	movw	r2, #3960
	bl	__aeabi_assert
.LBB58_9:
	.loc	1 0 5 is_stmt 0                 @ ../../libraries/sdk/drives/fsl_flexcan.c:0:5
	movs	r0, #0
	.loc	1 3965 14 is_stmt 1             @ ../../libraries/sdk/drives/fsl_flexcan.c:3965:14
	str	r0, [sp, #4]                    @ 4-byte Spill
	str	r0, [sp, #12]
	movs	r0, #1
	str	r0, [sp]                        @ 4-byte Spill
	str	r0, [sp, #8]
	.loc	1 3966 33                       @ ../../libraries/sdk/drives/fsl_flexcan.c:3966:33
	ldr	r0, [sp, #36]
	.loc	1 3966 39 is_stmt 0             @ ../../libraries/sdk/drives/fsl_flexcan.c:3966:39
	ldr	r2, [sp, #8]
	ldr	r1, [sp, #12]
	.loc	1 3966 50                       @ ../../libraries/sdk/drives/fsl_flexcan.c:3966:50
	ldrb.w	r12, [sp, #31]
	.loc	1 3966 47                       @ ../../libraries/sdk/drives/fsl_flexcan.c:3966:47
	lsl.w	r3, r1, r12
	rsb.w	r1, r12, #32
	lsr.w	r1, r2, r1
	orrs	r3, r1
	sub.w	r1, r12, #32
	lsl.w	lr, r2, r1
	cmp	r1, #0
	it	pl
	movpl	r3, lr
	lsl.w	r2, r2, r12
	cmp	r1, #0
	it	pl
	movpl	r2, #0
	.loc	1 3966 5                        @ ../../libraries/sdk/drives/fsl_flexcan.c:3966:5
	bl	FLEXCAN_DisableMbInterrupts
	.loc	1 3973 34 is_stmt 1             @ ../../libraries/sdk/drives/fsl_flexcan.c:3973:34
	ldr	r0, [sp, #36]
	.loc	1 3973 40 is_stmt 0             @ ../../libraries/sdk/drives/fsl_flexcan.c:3973:40
	adds	r0, #128
	.loc	1 3973 30                       @ ../../libraries/sdk/drives/fsl_flexcan.c:3973:30
	str	r0, [sp, #24]
	.loc	1 3974 59 is_stmt 1             @ ../../libraries/sdk/drives/fsl_flexcan.c:3974:59
	ldr	r0, [sp, #36]
	.loc	1 3974 65 is_stmt 0             @ ../../libraries/sdk/drives/fsl_flexcan.c:3974:65
	ldrb.w	r1, [sp, #31]
	.loc	1 3974 32                       @ ../../libraries/sdk/drives/fsl_flexcan.c:3974:32
	bl	FLEXCAN_GetFDMailboxOffset
	ldr	r2, [sp]                        @ 4-byte Reload
	.loc	1 3974 30                       @ ../../libraries/sdk/drives/fsl_flexcan.c:3974:30
	str	r0, [sp, #20]
	.loc	1 3975 44 is_stmt 1             @ ../../libraries/sdk/drives/fsl_flexcan.c:3975:44
	ldr	r0, [sp, #24]
	.loc	1 3975 51 is_stmt 0             @ ../../libraries/sdk/drives/fsl_flexcan.c:3975:51
	ldr	r1, [sp, #20]
	.loc	1 3975 44                       @ ../../libraries/sdk/drives/fsl_flexcan.c:3975:44
	ldr.w	r0, [r0, r1, lsl #2]
	.loc	1 3975 30                       @ ../../libraries/sdk/drives/fsl_flexcan.c:3975:30
	strh.w	r0, [sp, #18]
	.loc	1 3976 32 is_stmt 1             @ ../../libraries/sdk/drives/fsl_flexcan.c:3976:32
	ldrh.w	r0, [sp, #18]
	.loc	1 3976 5 is_stmt 0              @ ../../libraries/sdk/drives/fsl_flexcan.c:3976:5
	ldr	r1, [sp, #32]
	.loc	1 3976 23                       @ ../../libraries/sdk/drives/fsl_flexcan.c:3976:23
	ldrb.w	r3, [sp, #31]
	.loc	1 3976 13                       @ ../../libraries/sdk/drives/fsl_flexcan.c:3976:13
	add.w	r1, r1, r3, lsl #2
	.loc	1 3976 30                       @ ../../libraries/sdk/drives/fsl_flexcan.c:3976:30
	str.w	r0, [r1, #592]
	.loc	1 3979 29 is_stmt 1             @ ../../libraries/sdk/drives/fsl_flexcan.c:3979:29
	ldr	r0, [sp, #36]
	.loc	1 3979 35 is_stmt 0             @ ../../libraries/sdk/drives/fsl_flexcan.c:3979:35
	ldrb.w	r1, [sp, #31]
	.loc	1 3979 5                        @ ../../libraries/sdk/drives/fsl_flexcan.c:3979:5
	bl	FLEXCAN_SetFDTxMbConfig
	ldr	r0, [sp, #4]                    @ 4-byte Reload
	.loc	1 3981 5 is_stmt 1              @ ../../libraries/sdk/drives/fsl_flexcan.c:3981:5
	ldr	r1, [sp, #32]
	.loc	1 3981 21 is_stmt 0             @ ../../libraries/sdk/drives/fsl_flexcan.c:3981:21
	ldrb.w	r2, [sp, #31]
	.loc	1 3981 13                       @ ../../libraries/sdk/drives/fsl_flexcan.c:3981:13
	add	r1, r2
	.loc	1 3981 28                       @ ../../libraries/sdk/drives/fsl_flexcan.c:3981:28
	strb.w	r0, [r1, #524]
	.loc	1 3982 1 is_stmt 1              @ ../../libraries/sdk/drives/fsl_flexcan.c:3982:1
	add	sp, #40
	pop	{r7, pc}
.Ltmp650:
.Lfunc_end58:
	.size	FLEXCAN_TransferFDAbortSend, .Lfunc_end58-FLEXCAN_TransferFDAbortSend
	.cfi_endproc
	.cantunwind
	.fnend
                                        @ -- End function
	.section	.text.FLEXCAN_TransferFDAbortReceive,"ax",%progbits
	.hidden	FLEXCAN_TransferFDAbortReceive  @ -- Begin function FLEXCAN_TransferFDAbortReceive
	.globl	FLEXCAN_TransferFDAbortReceive
	.p2align	3
	.type	FLEXCAN_TransferFDAbortReceive,%function
	.code	16                              @ @FLEXCAN_TransferFDAbortReceive
	.thumb_func
FLEXCAN_TransferFDAbortReceive:
.Lfunc_begin59:
	.loc	1 3994 0                        @ ../../libraries/sdk/drives/fsl_flexcan.c:3994:0
	.fnstart
	.cfi_startproc
@ %bb.0:
	.save	{r7, lr}
	push	{r7, lr}
	.cfi_def_cfa_offset 8
	.cfi_offset lr, -4
	.cfi_offset r7, -8
	.pad	#32
	sub	sp, #32
	.cfi_def_cfa_offset 40
                                        @ kill: def $r3 killed $r2
	str	r0, [sp, #28]
	str	r1, [sp, #24]
	strb.w	r2, [sp, #23]
.Ltmp651:
	.loc	1 3996 5 prologue_end           @ ../../libraries/sdk/drives/fsl_flexcan.c:3996:5
	ldr	r0, [sp, #24]
	cbz	r0, .LBB59_2
	b	.LBB59_1
.LBB59_1:
	b	.LBB59_3
.LBB59_2:
	movw	r0, :lower16:.L.str.23
	movt	r0, :upper16:.L.str.23
	movw	r1, :lower16:.L.str.1
	movt	r1, :upper16:.L.str.1
	movw	r2, #3996
	bl	__aeabi_assert
.LBB59_3:
	.loc	1 3997 5                        @ ../../libraries/sdk/drives/fsl_flexcan.c:3997:5
	ldrb.w	r0, [sp, #23]
	ldr	r1, [sp, #28]
	ldr	r1, [r1]
	and	r1, r1, #127
	cmp	r0, r1
	bhi	.LBB59_5
	b	.LBB59_4
.LBB59_4:
	b	.LBB59_6
.LBB59_5:
	movw	r0, :lower16:.L.str.9
	movt	r0, :upper16:.L.str.9
	movw	r1, :lower16:.L.str.1
	movt	r1, :upper16:.L.str.1
	movw	r2, #3997
	bl	__aeabi_assert
.LBB59_6:
	.loc	1 3999 5                        @ ../../libraries/sdk/drives/fsl_flexcan.c:3999:5
	ldr	r0, [sp, #28]
	ldrb.w	r1, [sp, #23]
	bl	FLEXCAN_IsMbOccupied
	cbnz	r0, .LBB59_8
	b	.LBB59_7
.LBB59_7:
	b	.LBB59_9
.LBB59_8:
	movw	r0, :lower16:.L.str.10
	movt	r0, :upper16:.L.str.10
	movw	r1, :lower16:.L.str.1
	movt	r1, :upper16:.L.str.1
	movw	r2, #3999
	bl	__aeabi_assert
.LBB59_9:
	.loc	1 0 5 is_stmt 0                 @ ../../libraries/sdk/drives/fsl_flexcan.c:0:5
	movs	r0, #0
	.loc	1 4004 14 is_stmt 1             @ ../../libraries/sdk/drives/fsl_flexcan.c:4004:14
	str	r0, [sp, #4]                    @ 4-byte Spill
	str	r0, [sp, #12]
	movs	r0, #1
	str	r0, [sp, #8]
	.loc	1 4005 33                       @ ../../libraries/sdk/drives/fsl_flexcan.c:4005:33
	ldr	r0, [sp, #28]
	.loc	1 4005 39 is_stmt 0             @ ../../libraries/sdk/drives/fsl_flexcan.c:4005:39
	ldr	r2, [sp, #8]
	ldr	r1, [sp, #12]
	.loc	1 4005 50                       @ ../../libraries/sdk/drives/fsl_flexcan.c:4005:50
	ldrb.w	r12, [sp, #23]
	.loc	1 4005 47                       @ ../../libraries/sdk/drives/fsl_flexcan.c:4005:47
	lsl.w	r3, r1, r12
	rsb.w	r1, r12, #32
	lsr.w	r1, r2, r1
	orrs	r3, r1
	sub.w	r1, r12, #32
	lsl.w	lr, r2, r1
	cmp	r1, #0
	it	pl
	movpl	r3, lr
	lsl.w	r2, r2, r12
	cmp	r1, #0
	it	pl
	movpl	r2, #0
	.loc	1 4005 5                        @ ../../libraries/sdk/drives/fsl_flexcan.c:4005:5
	bl	FLEXCAN_DisableMbInterrupts
	ldr	r0, [sp, #4]                    @ 4-byte Reload
	.loc	1 4012 5 is_stmt 1              @ ../../libraries/sdk/drives/fsl_flexcan.c:4012:5
	ldr	r1, [sp, #24]
	.loc	1 4012 26 is_stmt 0             @ ../../libraries/sdk/drives/fsl_flexcan.c:4012:26
	ldrb.w	r2, [sp, #23]
	.loc	1 4012 13                       @ ../../libraries/sdk/drives/fsl_flexcan.c:4012:13
	add.w	r1, r1, r2, lsl #2
	.loc	1 4012 33                       @ ../../libraries/sdk/drives/fsl_flexcan.c:4012:33
	str.w	r0, [r1, #264]
	.loc	1 4013 5 is_stmt 1              @ ../../libraries/sdk/drives/fsl_flexcan.c:4013:5
	ldr	r1, [sp, #24]
	.loc	1 4013 21 is_stmt 0             @ ../../libraries/sdk/drives/fsl_flexcan.c:4013:21
	ldrb.w	r2, [sp, #23]
	.loc	1 4013 13                       @ ../../libraries/sdk/drives/fsl_flexcan.c:4013:13
	add	r1, r2
	.loc	1 4013 33                       @ ../../libraries/sdk/drives/fsl_flexcan.c:4013:33
	strb.w	r0, [r1, #524]
	.loc	1 4014 1 is_stmt 1              @ ../../libraries/sdk/drives/fsl_flexcan.c:4014:1
	add	sp, #32
	pop	{r7, pc}
.Ltmp652:
.Lfunc_end59:
	.size	FLEXCAN_TransferFDAbortReceive, .Lfunc_end59-FLEXCAN_TransferFDAbortReceive
	.cfi_endproc
	.cantunwind
	.fnend
                                        @ -- End function
	.section	.text.FLEXCAN_TransferAbortReceive,"ax",%progbits
	.hidden	FLEXCAN_TransferAbortReceive    @ -- Begin function FLEXCAN_TransferAbortReceive
	.globl	FLEXCAN_TransferAbortReceive
	.p2align	3
	.type	FLEXCAN_TransferAbortReceive,%function
	.code	16                              @ @FLEXCAN_TransferAbortReceive
	.thumb_func
FLEXCAN_TransferAbortReceive:
.Lfunc_begin60:
	.loc	1 4027 0                        @ ../../libraries/sdk/drives/fsl_flexcan.c:4027:0
	.fnstart
	.cfi_startproc
@ %bb.0:
	.save	{r7, lr}
	push	{r7, lr}
	.cfi_def_cfa_offset 8
	.cfi_offset lr, -4
	.cfi_offset r7, -8
	.pad	#32
	sub	sp, #32
	.cfi_def_cfa_offset 40
                                        @ kill: def $r3 killed $r2
	str	r0, [sp, #28]
	str	r1, [sp, #24]
	strb.w	r2, [sp, #23]
.Ltmp653:
	.loc	1 4029 5 prologue_end           @ ../../libraries/sdk/drives/fsl_flexcan.c:4029:5
	ldr	r0, [sp, #24]
	cbz	r0, .LBB60_2
	b	.LBB60_1
.LBB60_1:
	b	.LBB60_3
.LBB60_2:
	movw	r0, :lower16:.L.str.23
	movt	r0, :upper16:.L.str.23
	movw	r1, :lower16:.L.str.1
	movt	r1, :upper16:.L.str.1
	movw	r2, #4029
	bl	__aeabi_assert
.LBB60_3:
	.loc	1 4030 5                        @ ../../libraries/sdk/drives/fsl_flexcan.c:4030:5
	ldrb.w	r0, [sp, #23]
	ldr	r1, [sp, #28]
	ldr	r1, [r1]
	and	r1, r1, #127
	cmp	r0, r1
	bhi	.LBB60_5
	b	.LBB60_4
.LBB60_4:
	b	.LBB60_6
.LBB60_5:
	movw	r0, :lower16:.L.str.9
	movt	r0, :upper16:.L.str.9
	movw	r1, :lower16:.L.str.1
	movt	r1, :upper16:.L.str.1
	movw	r2, #4030
	bl	__aeabi_assert
.LBB60_6:
	.loc	1 4032 5                        @ ../../libraries/sdk/drives/fsl_flexcan.c:4032:5
	ldr	r0, [sp, #28]
	ldrb.w	r1, [sp, #23]
	bl	FLEXCAN_IsMbOccupied
	cbnz	r0, .LBB60_8
	b	.LBB60_7
.LBB60_7:
	b	.LBB60_9
.LBB60_8:
	movw	r0, :lower16:.L.str.10
	movt	r0, :upper16:.L.str.10
	movw	r1, :lower16:.L.str.1
	movt	r1, :upper16:.L.str.1
	mov.w	r2, #4032
	bl	__aeabi_assert
.LBB60_9:
	.loc	1 0 5 is_stmt 0                 @ ../../libraries/sdk/drives/fsl_flexcan.c:0:5
	movs	r0, #0
	.loc	1 4037 14 is_stmt 1             @ ../../libraries/sdk/drives/fsl_flexcan.c:4037:14
	str	r0, [sp, #4]                    @ 4-byte Spill
	str	r0, [sp, #12]
	movs	r0, #1
	str	r0, [sp, #8]
	.loc	1 4038 33                       @ ../../libraries/sdk/drives/fsl_flexcan.c:4038:33
	ldr	r0, [sp, #28]
	.loc	1 4038 40 is_stmt 0             @ ../../libraries/sdk/drives/fsl_flexcan.c:4038:40
	ldr	r2, [sp, #8]
	ldr	r1, [sp, #12]
	.loc	1 4038 51                       @ ../../libraries/sdk/drives/fsl_flexcan.c:4038:51
	ldrb.w	r12, [sp, #23]
	.loc	1 4038 48                       @ ../../libraries/sdk/drives/fsl_flexcan.c:4038:48
	lsl.w	r3, r1, r12
	rsb.w	r1, r12, #32
	lsr.w	r1, r2, r1
	orrs	r3, r1
	sub.w	r1, r12, #32
	lsl.w	lr, r2, r1
	cmp	r1, #0
	it	pl
	movpl	r3, lr
	lsl.w	r2, r2, r12
	cmp	r1, #0
	it	pl
	movpl	r2, #0
	.loc	1 4038 5                        @ ../../libraries/sdk/drives/fsl_flexcan.c:4038:5
	bl	FLEXCAN_DisableMbInterrupts
	ldr	r0, [sp, #4]                    @ 4-byte Reload
	.loc	1 4045 5 is_stmt 1              @ ../../libraries/sdk/drives/fsl_flexcan.c:4045:5
	ldr	r1, [sp, #24]
	.loc	1 4045 24 is_stmt 0             @ ../../libraries/sdk/drives/fsl_flexcan.c:4045:24
	ldrb.w	r2, [sp, #23]
	.loc	1 4045 13                       @ ../../libraries/sdk/drives/fsl_flexcan.c:4045:13
	add.w	r1, r1, r2, lsl #2
	.loc	1 4045 31                       @ ../../libraries/sdk/drives/fsl_flexcan.c:4045:31
	str	r0, [r1, #8]
	.loc	1 4046 5 is_stmt 1              @ ../../libraries/sdk/drives/fsl_flexcan.c:4046:5
	ldr	r1, [sp, #24]
	.loc	1 4046 21 is_stmt 0             @ ../../libraries/sdk/drives/fsl_flexcan.c:4046:21
	ldrb.w	r2, [sp, #23]
	.loc	1 4046 13                       @ ../../libraries/sdk/drives/fsl_flexcan.c:4046:13
	add	r1, r2
	.loc	1 4046 31                       @ ../../libraries/sdk/drives/fsl_flexcan.c:4046:31
	strb.w	r0, [r1, #524]
	.loc	1 4047 1 is_stmt 1              @ ../../libraries/sdk/drives/fsl_flexcan.c:4047:1
	add	sp, #32
	pop	{r7, pc}
.Ltmp654:
.Lfunc_end60:
	.size	FLEXCAN_TransferAbortReceive, .Lfunc_end60-FLEXCAN_TransferAbortReceive
	.cfi_endproc
	.cantunwind
	.fnend
                                        @ -- End function
	.section	.text.FLEXCAN_TransferAbortReceiveFifo,"ax",%progbits
	.hidden	FLEXCAN_TransferAbortReceiveFifo @ -- Begin function FLEXCAN_TransferAbortReceiveFifo
	.globl	FLEXCAN_TransferAbortReceiveFifo
	.p2align	3
	.type	FLEXCAN_TransferAbortReceiveFifo,%function
	.code	16                              @ @FLEXCAN_TransferAbortReceiveFifo
	.thumb_func
FLEXCAN_TransferAbortReceiveFifo:
.Lfunc_begin61:
	.loc	1 4058 0                        @ ../../libraries/sdk/drives/fsl_flexcan.c:4058:0
	.fnstart
	.cfi_startproc
@ %bb.0:
	.save	{r7, lr}
	push	{r7, lr}
	.cfi_def_cfa_offset 8
	.cfi_offset lr, -4
	.cfi_offset r7, -8
	.pad	#16
	sub	sp, #16
	.cfi_def_cfa_offset 24
	str	r0, [sp, #12]
	str	r1, [sp, #8]
.Ltmp655:
	.loc	1 4060 5 prologue_end           @ ../../libraries/sdk/drives/fsl_flexcan.c:4060:5
	ldr	r0, [sp, #8]
	cbz	r0, .LBB61_2
	b	.LBB61_1
.LBB61_1:
	b	.LBB61_3
.LBB61_2:
	movw	r0, :lower16:.L.str.23
	movt	r0, :upper16:.L.str.23
	movw	r1, :lower16:.L.str.1
	movt	r1, :upper16:.L.str.1
	movw	r2, #4060
	bl	__aeabi_assert
.LBB61_3:
.Ltmp656:
	.loc	1 4063 16                       @ ../../libraries/sdk/drives/fsl_flexcan.c:4063:16
	ldr	r0, [sp, #12]
	.loc	1 4063 22 is_stmt 0             @ ../../libraries/sdk/drives/fsl_flexcan.c:4063:22
	ldr	r0, [r0]
.Ltmp657:
	.loc	1 4063 9                        @ ../../libraries/sdk/drives/fsl_flexcan.c:4063:9
	lsls	r0, r0, #2
	cmp	r0, #0
	bpl	.LBB61_5
	b	.LBB61_4
.LBB61_4:
.Ltmp658:
	.loc	1 4066 37 is_stmt 1             @ ../../libraries/sdk/drives/fsl_flexcan.c:4066:37
	ldr	r0, [sp, #12]
	movs	r2, #224
	movs	r3, #0
	.loc	1 4066 9 is_stmt 0              @ ../../libraries/sdk/drives/fsl_flexcan.c:4066:9
	str	r3, [sp, #4]                    @ 4-byte Spill
	bl	FLEXCAN_DisableMbInterrupts
	ldr	r0, [sp, #4]                    @ 4-byte Reload
	.loc	1 4070 9 is_stmt 1              @ ../../libraries/sdk/drives/fsl_flexcan.c:4070:9
	ldr	r1, [sp, #8]
	.loc	1 4070 32 is_stmt 0             @ ../../libraries/sdk/drives/fsl_flexcan.c:4070:32
	str.w	r0, [r1, #520]
	.loc	1 4071 5 is_stmt 1              @ ../../libraries/sdk/drives/fsl_flexcan.c:4071:5
	b	.LBB61_5
.Ltmp659:
.LBB61_5:
	.loc	1 4073 5                        @ ../../libraries/sdk/drives/fsl_flexcan.c:4073:5
	ldr	r1, [sp, #8]
	movs	r0, #0
	.loc	1 4073 25 is_stmt 0             @ ../../libraries/sdk/drives/fsl_flexcan.c:4073:25
	strb.w	r0, [r1, #588]
	.loc	1 4074 1 is_stmt 1              @ ../../libraries/sdk/drives/fsl_flexcan.c:4074:1
	add	sp, #16
	pop	{r7, pc}
.Ltmp660:
.Lfunc_end61:
	.size	FLEXCAN_TransferAbortReceiveFifo, .Lfunc_end61-FLEXCAN_TransferAbortReceiveFifo
	.cfi_endproc
	.cantunwind
	.fnend
                                        @ -- End function
	.section	.text.FLEXCAN_GetTimeStamp,"ax",%progbits
	.hidden	FLEXCAN_GetTimeStamp            @ -- Begin function FLEXCAN_GetTimeStamp
	.globl	FLEXCAN_GetTimeStamp
	.p2align	3
	.type	FLEXCAN_GetTimeStamp,%function
	.code	16                              @ @FLEXCAN_GetTimeStamp
	.thumb_func
FLEXCAN_GetTimeStamp:
.Lfunc_begin62:
	.loc	1 4129 0                        @ ../../libraries/sdk/drives/fsl_flexcan.c:4129:0
	.fnstart
	.cfi_startproc
@ %bb.0:
	.pad	#8
	sub	sp, #8
	.cfi_def_cfa_offset 8
                                        @ kill: def $r2 killed $r1
	str	r0, [sp, #4]
	strb.w	r1, [sp, #3]
.Ltmp661:
	.loc	1 4131 5 prologue_end           @ ../../libraries/sdk/drives/fsl_flexcan.c:4131:5
	ldr	r0, [sp, #4]
	cbz	r0, .LBB62_2
	b	.LBB62_1
.LBB62_1:
	b	.LBB62_3
.LBB62_2:
	movw	r0, :lower16:.L.str.23
	movt	r0, :upper16:.L.str.23
	movw	r1, :lower16:.L.str.1
	movt	r1, :upper16:.L.str.1
	movw	r2, #4131
	bl	__aeabi_assert
.LBB62_3:
	ldr	r0, [sp, #4]
	.loc	1 4133 41                       @ ../../libraries/sdk/drives/fsl_flexcan.c:4133:41
	ldrb.w	r1, [sp, #3]
	.loc	1 4133 31 is_stmt 0             @ ../../libraries/sdk/drives/fsl_flexcan.c:4133:31
	add.w	r0, r0, r1, lsl #2
	.loc	1 4133 23                       @ ../../libraries/sdk/drives/fsl_flexcan.c:4133:23
	ldr.w	r0, [r0, #592]
	.loc	1 4133 5                        @ ../../libraries/sdk/drives/fsl_flexcan.c:4133:5
	add	sp, #8
	bx	lr
.Ltmp662:
.Lfunc_end62:
	.size	FLEXCAN_GetTimeStamp, .Lfunc_end62-FLEXCAN_GetTimeStamp
	.cfi_endproc
	.cantunwind
	.fnend
                                        @ -- End function
	.section	.text.FLEXCAN_GetStatusFlags,"ax",%progbits
	.p2align	3                               @ -- Begin function FLEXCAN_GetStatusFlags
	.type	FLEXCAN_GetStatusFlags,%function
	.code	16                              @ @FLEXCAN_GetStatusFlags
	.thumb_func
FLEXCAN_GetStatusFlags:
.Lfunc_begin63:
	.loc	5 1408 0 is_stmt 1              @ ../../libraries/sdk/drives/fsl_flexcan.h:1408:0
	.fnstart
	.cfi_startproc
@ %bb.0:
	.pad	#4
	sub	sp, #4
	.cfi_def_cfa_offset 4
	str	r0, [sp]
.Ltmp663:
	.loc	5 1409 12 prologue_end          @ ../../libraries/sdk/drives/fsl_flexcan.h:1409:12
	ldr	r0, [sp]
	.loc	5 1409 18 is_stmt 0             @ ../../libraries/sdk/drives/fsl_flexcan.h:1409:18
	ldr	r0, [r0, #32]
	.loc	5 1409 5                        @ ../../libraries/sdk/drives/fsl_flexcan.h:1409:5
	add	sp, #4
	bx	lr
.Ltmp664:
.Lfunc_end63:
	.size	FLEXCAN_GetStatusFlags, .Lfunc_end63-FLEXCAN_GetStatusFlags
	.cfi_endproc
	.cantunwind
	.fnend
                                        @ -- End function
	.section	.text.FLEXCAN_ClearStatusFlags,"ax",%progbits
	.p2align	3                               @ -- Begin function FLEXCAN_ClearStatusFlags
	.type	FLEXCAN_ClearStatusFlags,%function
	.code	16                              @ @FLEXCAN_ClearStatusFlags
	.thumb_func
FLEXCAN_ClearStatusFlags:
.Lfunc_begin64:
	.loc	5 1442 0 is_stmt 1              @ ../../libraries/sdk/drives/fsl_flexcan.h:1442:0
	.fnstart
	.cfi_startproc
@ %bb.0:
	.pad	#8
	sub	sp, #8
	.cfi_def_cfa_offset 8
	str	r0, [sp, #4]
	str	r1, [sp]
.Ltmp665:
	.loc	5 1444 18 prologue_end          @ ../../libraries/sdk/drives/fsl_flexcan.h:1444:18
	ldr	r0, [sp]
	.loc	5 1444 5 is_stmt 0              @ ../../libraries/sdk/drives/fsl_flexcan.h:1444:5
	ldr	r1, [sp, #4]
	.loc	5 1444 16                       @ ../../libraries/sdk/drives/fsl_flexcan.h:1444:16
	str	r0, [r1, #32]
	.loc	5 1445 1 is_stmt 1              @ ../../libraries/sdk/drives/fsl_flexcan.h:1445:1
	add	sp, #8
	bx	lr
.Ltmp666:
.Lfunc_end64:
	.size	FLEXCAN_ClearStatusFlags, .Lfunc_end64-FLEXCAN_ClearStatusFlags
	.cfi_endproc
	.cantunwind
	.fnend
                                        @ -- End function
	.section	.text.FLEXCAN_SubHandlerForDataTransfered,"ax",%progbits
	.p2align	3                               @ -- Begin function FLEXCAN_SubHandlerForDataTransfered
	.type	FLEXCAN_SubHandlerForDataTransfered,%function
	.code	16                              @ @FLEXCAN_SubHandlerForDataTransfered
	.thumb_func
FLEXCAN_SubHandlerForDataTransfered:
.Lfunc_begin65:
	.loc	1 4188 0                        @ ../../libraries/sdk/drives/fsl_flexcan.c:4188:0
	.fnstart
	.cfi_startproc
@ %bb.0:
	.save	{r7, lr}
	push	{r7, lr}
	.cfi_def_cfa_offset 8
	.cfi_offset lr, -4
	.cfi_offset r7, -8
	.pad	#56
	sub	sp, #56
	.cfi_def_cfa_offset 64
	str	r0, [sp, #52]
	str	r1, [sp, #48]
	str	r2, [sp, #44]
	mov.w	r0, #5312
.Ltmp667:
	.loc	1 4189 14 prologue_end          @ ../../libraries/sdk/drives/fsl_flexcan.c:4189:14
	str	r0, [sp, #40]
	movs	r0, #255
	.loc	1 4190 14                       @ ../../libraries/sdk/drives/fsl_flexcan.c:4190:14
	str	r0, [sp, #36]
	movs	r0, #0
.Ltmp668:
	.loc	1 4193 17                       @ ../../libraries/sdk/drives/fsl_flexcan.c:4193:17
	str	r0, [sp, #36]
	.loc	1 4193 10 is_stmt 0             @ ../../libraries/sdk/drives/fsl_flexcan.c:4193:10
	b	.LBB65_1
.LBB65_1:                               @ =>This Inner Loop Header: Depth=1
.Ltmp669:
	.loc	1 4193 23                       @ ../../libraries/sdk/drives/fsl_flexcan.c:4193:23
	ldr	r0, [sp, #36]
.Ltmp670:
	.loc	1 4193 5                        @ ../../libraries/sdk/drives/fsl_flexcan.c:4193:5
	cmp	r0, #63
	bhi	.LBB65_8
	b	.LBB65_2
.LBB65_2:                               @   in Loop: Header=BB65_1 Depth=1
	.loc	1 0 5                           @ ../../libraries/sdk/drives/fsl_flexcan.c:0:5
	movs	r0, #0
.Ltmp671:
	.loc	1 4197 18 is_stmt 1             @ ../../libraries/sdk/drives/fsl_flexcan.c:4197:18
	str	r0, [sp, #28]
	movs	r0, #1
	str	r0, [sp, #24]
.Ltmp672:
	.loc	1 4198 44                       @ ../../libraries/sdk/drives/fsl_flexcan.c:4198:44
	ldr	r0, [sp, #52]
	.loc	1 4198 50 is_stmt 0             @ ../../libraries/sdk/drives/fsl_flexcan.c:4198:50
	ldr	r2, [sp, #24]
	ldr	r1, [sp, #28]
	.loc	1 4198 61                       @ ../../libraries/sdk/drives/fsl_flexcan.c:4198:61
	ldr.w	r12, [sp, #36]
	.loc	1 4198 58                       @ ../../libraries/sdk/drives/fsl_flexcan.c:4198:58
	lsl.w	r3, r1, r12
	rsb.w	r1, r12, #32
	lsr.w	r1, r2, r1
	orrs	r3, r1
	sub.w	r1, r12, #32
	lsl.w	lr, r2, r1
	cmp	r1, #0
	it	pl
	movpl	r3, lr
	lsl.w	r2, r2, r12
	cmp	r1, #0
	it	pl
	movpl	r2, #0
	.loc	1 4198 19                       @ ../../libraries/sdk/drives/fsl_flexcan.c:4198:19
	bl	FLEXCAN_GetMbStatusFlags
	.loc	1 4198 16                       @ ../../libraries/sdk/drives/fsl_flexcan.c:4198:16
	orrs	r0, r1
.Ltmp673:
	.loc	1 4198 13                       @ ../../libraries/sdk/drives/fsl_flexcan.c:4198:13
	cbz	r0, .LBB65_6
	b	.LBB65_3
.LBB65_3:                               @   in Loop: Header=BB65_1 Depth=1
.Ltmp674:
	.loc	1 4204 40 is_stmt 1             @ ../../libraries/sdk/drives/fsl_flexcan.c:4204:40
	ldr	r0, [sp, #52]
	.loc	1 4204 55 is_stmt 0             @ ../../libraries/sdk/drives/fsl_flexcan.c:4204:55
	ldrb.w	r1, [sp, #36]
	.loc	1 4204 17                       @ ../../libraries/sdk/drives/fsl_flexcan.c:4204:17
	bl	FLEXCAN_IsMbIntEnabled
.Ltmp675:
	.loc	1 4204 17                       @ ../../libraries/sdk/drives/fsl_flexcan.c:4204:17
	cbz	r0, .LBB65_5
	b	.LBB65_4
.LBB65_4:
.Ltmp676:
	.loc	1 4206 17 is_stmt 1             @ ../../libraries/sdk/drives/fsl_flexcan.c:4206:17
	b	.LBB65_8
.Ltmp677:
.LBB65_5:                               @   in Loop: Header=BB65_1 Depth=1
	.loc	1 4208 9                        @ ../../libraries/sdk/drives/fsl_flexcan.c:4208:9
	b	.LBB65_6
.Ltmp678:
.LBB65_6:                               @   in Loop: Header=BB65_1 Depth=1
	.loc	1 4209 5                        @ ../../libraries/sdk/drives/fsl_flexcan.c:4209:5
	b	.LBB65_7
.Ltmp679:
.LBB65_7:                               @   in Loop: Header=BB65_1 Depth=1
	.loc	1 4193 106                      @ ../../libraries/sdk/drives/fsl_flexcan.c:4193:106
	ldr	r0, [sp, #36]
	adds	r0, #1
	str	r0, [sp, #36]
	.loc	1 4193 5 is_stmt 0              @ ../../libraries/sdk/drives/fsl_flexcan.c:4193:5
	b	.LBB65_1
.Ltmp680:
.LBB65_8:
	.loc	1 4212 9 is_stmt 1              @ ../../libraries/sdk/drives/fsl_flexcan.c:4212:9
	ldr	r0, [sp, #36]
.Ltmp681:
	.loc	1 4212 9 is_stmt 0              @ ../../libraries/sdk/drives/fsl_flexcan.c:4212:9
	cmp	r0, #63
	bhi.w	.LBB65_48
	b	.LBB65_9
.LBB65_9:
.Ltmp682:
	.loc	1 4215 45 is_stmt 1             @ ../../libraries/sdk/drives/fsl_flexcan.c:4215:45
	ldr	r0, [sp, #48]
	.loc	1 4215 53 is_stmt 0             @ ../../libraries/sdk/drives/fsl_flexcan.c:4215:53
	ldrb.w	r0, [r0, #588]
	.loc	1 4215 66                       @ ../../libraries/sdk/drives/fsl_flexcan.c:4215:66
	cmp	r0, #0
	beq	.LBB65_22
	b	.LBB65_10
.LBB65_10:
	.loc	1 4215 70                       @ ../../libraries/sdk/drives/fsl_flexcan.c:4215:70
	ldr	r0, [sp, #36]
	.loc	1 4215 114                      @ ../../libraries/sdk/drives/fsl_flexcan.c:4215:114
	cmp	r0, #7
	bhi	.LBB65_22
	b	.LBB65_11
.LBB65_11:
	.loc	1 4216 15 is_stmt 1             @ ../../libraries/sdk/drives/fsl_flexcan.c:4216:15
	ldr	r0, [sp, #52]
	.loc	1 4216 21 is_stmt 0             @ ../../libraries/sdk/drives/fsl_flexcan.c:4216:21
	ldr	r0, [r0]
.Ltmp683:
	.loc	1 4215 13 is_stmt 1             @ ../../libraries/sdk/drives/fsl_flexcan.c:4215:13
	lsls	r0, r0, #2
	cmp	r0, #0
	bpl	.LBB65_22
	b	.LBB65_12
.LBB65_12:
	.loc	1 0 13 is_stmt 0                @ ../../libraries/sdk/drives/fsl_flexcan.c:0:13
	movs	r0, #1
.Ltmp684:
	.loc	1 4218 22 is_stmt 1             @ ../../libraries/sdk/drives/fsl_flexcan.c:4218:22
	str	r0, [sp, #20]
	.loc	1 4219 21                       @ ../../libraries/sdk/drives/fsl_flexcan.c:4219:21
	ldr	r0, [sp, #20]
	.loc	1 4219 32 is_stmt 0             @ ../../libraries/sdk/drives/fsl_flexcan.c:4219:32
	ldr	r1, [sp, #36]
	.loc	1 4219 29                       @ ../../libraries/sdk/drives/fsl_flexcan.c:4219:29
	lsls	r0, r1
	.loc	1 4219 13                       @ ../../libraries/sdk/drives/fsl_flexcan.c:4219:13
	mov	r1, r0
	str	r1, [sp, #4]                    @ 4-byte Spill
	cmp	r0, #32
	beq	.LBB65_17
	b	.LBB65_13
.LBB65_13:
	ldr	r0, [sp, #4]                    @ 4-byte Reload
	cmp	r0, #64
	beq	.LBB65_16
	b	.LBB65_14
.LBB65_14:
	ldr	r0, [sp, #4]                    @ 4-byte Reload
	cmp	r0, #128
	bne	.LBB65_20
	b	.LBB65_15
.LBB65_15:
	.loc	1 0 13                          @ ../../libraries/sdk/drives/fsl_flexcan.c:0:13
	movw	r0, #5308
.Ltmp685:
	.loc	1 4222 28 is_stmt 1             @ ../../libraries/sdk/drives/fsl_flexcan.c:4222:28
	str	r0, [sp, #40]
	.loc	1 4223 21                       @ ../../libraries/sdk/drives/fsl_flexcan.c:4223:21
	b	.LBB65_21
.LBB65_16:
	.loc	1 0 21 is_stmt 0                @ ../../libraries/sdk/drives/fsl_flexcan.c:0:21
	movw	r0, #5309
	.loc	1 4226 28 is_stmt 1             @ ../../libraries/sdk/drives/fsl_flexcan.c:4226:28
	str	r0, [sp, #40]
	.loc	1 4227 21                       @ ../../libraries/sdk/drives/fsl_flexcan.c:4227:21
	b	.LBB65_21
.LBB65_17:
	.loc	1 4230 49                       @ ../../libraries/sdk/drives/fsl_flexcan.c:4230:49
	ldr	r0, [sp, #52]
	.loc	1 4230 55 is_stmt 0             @ ../../libraries/sdk/drives/fsl_flexcan.c:4230:55
	ldr	r1, [sp, #48]
	.loc	1 4230 63                       @ ../../libraries/sdk/drives/fsl_flexcan.c:4230:63
	ldr.w	r1, [r1, #520]
	.loc	1 4230 30                       @ ../../libraries/sdk/drives/fsl_flexcan.c:4230:30
	bl	FLEXCAN_ReadRxFifo
	.loc	1 4230 28                       @ ../../libraries/sdk/drives/fsl_flexcan.c:4230:28
	str	r0, [sp, #40]
.Ltmp686:
	.loc	1 4231 44 is_stmt 1             @ ../../libraries/sdk/drives/fsl_flexcan.c:4231:44
	ldr	r0, [sp, #40]
.Ltmp687:
	.loc	1 4231 25 is_stmt 0             @ ../../libraries/sdk/drives/fsl_flexcan.c:4231:25
	cbnz	r0, .LBB65_19
	b	.LBB65_18
.LBB65_18:
.Ltmp688:
	.loc	1 4234 48 is_stmt 1             @ ../../libraries/sdk/drives/fsl_flexcan.c:4234:48
	ldr	r0, [sp, #48]
	.loc	1 4234 56 is_stmt 0             @ ../../libraries/sdk/drives/fsl_flexcan.c:4234:56
	ldr.w	r0, [r0, #520]
	.loc	1 4234 72                       @ ../../libraries/sdk/drives/fsl_flexcan.c:4234:72
	ldrh	r0, [r0]
	.loc	1 4234 25                       @ ../../libraries/sdk/drives/fsl_flexcan.c:4234:25
	ldr	r1, [sp, #48]
	.loc	1 4234 46                       @ ../../libraries/sdk/drives/fsl_flexcan.c:4234:46
	str.w	r0, [r1, #592]
	movw	r0, #5307
	.loc	1 4235 46 is_stmt 1             @ ../../libraries/sdk/drives/fsl_flexcan.c:4235:46
	str	r0, [sp, #40]
	.loc	1 4236 21                       @ ../../libraries/sdk/drives/fsl_flexcan.c:4236:21
	b	.LBB65_19
.Ltmp689:
.LBB65_19:
	.loc	1 4237 54                       @ ../../libraries/sdk/drives/fsl_flexcan.c:4237:54
	ldr	r0, [sp, #52]
	.loc	1 4237 60 is_stmt 0             @ ../../libraries/sdk/drives/fsl_flexcan.c:4237:60
	ldr	r1, [sp, #48]
	.loc	1 4237 21                       @ ../../libraries/sdk/drives/fsl_flexcan.c:4237:21
	bl	FLEXCAN_TransferAbortReceiveFifo
	.loc	1 4238 21 is_stmt 1             @ ../../libraries/sdk/drives/fsl_flexcan.c:4238:21
	b	.LBB65_21
.LBB65_20:
	.loc	1 0 21 is_stmt 0                @ ../../libraries/sdk/drives/fsl_flexcan.c:0:21
	mov.w	r0, #5312
	.loc	1 4241 28 is_stmt 1             @ ../../libraries/sdk/drives/fsl_flexcan.c:4241:28
	str	r0, [sp, #40]
	.loc	1 4242 21                       @ ../../libraries/sdk/drives/fsl_flexcan.c:4242:21
	b	.LBB65_21
.Ltmp690:
.LBB65_21:
	.loc	1 4244 9                        @ ../../libraries/sdk/drives/fsl_flexcan.c:4244:9
	b	.LBB65_47
.Ltmp691:
.LBB65_22:
	.loc	1 4248 21                       @ ../../libraries/sdk/drives/fsl_flexcan.c:4248:21
	ldr	r0, [sp, #48]
	.loc	1 4248 37 is_stmt 0             @ ../../libraries/sdk/drives/fsl_flexcan.c:4248:37
	ldr	r1, [sp, #36]
	.loc	1 4248 29                       @ ../../libraries/sdk/drives/fsl_flexcan.c:4248:29
	add	r0, r1
	.loc	1 4248 21                       @ ../../libraries/sdk/drives/fsl_flexcan.c:4248:21
	ldrb.w	r0, [r0, #524]
	.loc	1 4248 13                       @ ../../libraries/sdk/drives/fsl_flexcan.c:4248:13
	subs	r0, #1
	mov	r1, r0
	str	r1, [sp]                        @ 4-byte Spill
	cmp	r0, #3
	bhi.w	.LBB65_45
@ %bb.23:
	.loc	1 0 13                          @ ../../libraries/sdk/drives/fsl_flexcan.c:0:13
	ldr	r1, [sp]                        @ 4-byte Reload
.LCPI65_0:
	tbb	[pc, r1]
@ %bb.24:
.LJTI65_0:
	.byte	(.LBB65_25-(.LCPI65_0+4))/2
	.byte	(.LBB65_36-(.LCPI65_0+4))/2
	.byte	(.LBB65_40-(.LCPI65_0+4))/2
	.byte	(.LBB65_44-(.LCPI65_0+4))/2
	.p2align	1
.LBB65_25:
.Ltmp692:
	.loc	1 4253 32 is_stmt 1             @ ../../libraries/sdk/drives/fsl_flexcan.c:4253:32
	ldr	r0, [sp, #52]
	.loc	1 4253 38 is_stmt 0             @ ../../libraries/sdk/drives/fsl_flexcan.c:4253:38
	ldr	r0, [r0]
.Ltmp693:
	.loc	1 4253 25                       @ ../../libraries/sdk/drives/fsl_flexcan.c:4253:25
	lsls	r0, r0, #20
	cmp	r0, #0
	bpl	.LBB65_29
	b	.LBB65_26
.LBB65_26:
.Ltmp694:
	.loc	1 4255 53 is_stmt 1             @ ../../libraries/sdk/drives/fsl_flexcan.c:4255:53
	ldr	r0, [sp, #52]
	.loc	1 4255 68 is_stmt 0             @ ../../libraries/sdk/drives/fsl_flexcan.c:4255:68
	ldr	r1, [sp, #36]
	.loc	1 4255 76                       @ ../../libraries/sdk/drives/fsl_flexcan.c:4255:76
	ldr	r2, [sp, #48]
	.loc	1 4255 84                       @ ../../libraries/sdk/drives/fsl_flexcan.c:4255:84
	add.w	r2, r2, r1, lsl #2
	.loc	1 4255 76                       @ ../../libraries/sdk/drives/fsl_flexcan.c:4255:76
	ldr.w	r2, [r2, #264]
	.loc	1 4255 34                       @ ../../libraries/sdk/drives/fsl_flexcan.c:4255:34
	uxtb	r1, r1
	bl	FLEXCAN_ReadFDRxMb
	.loc	1 4255 32                       @ ../../libraries/sdk/drives/fsl_flexcan.c:4255:32
	str	r0, [sp, #40]
.Ltmp695:
	.loc	1 4256 48 is_stmt 1             @ ../../libraries/sdk/drives/fsl_flexcan.c:4256:48
	ldr	r0, [sp, #40]
.Ltmp696:
	.loc	1 4256 29 is_stmt 0             @ ../../libraries/sdk/drives/fsl_flexcan.c:4256:29
	cbnz	r0, .LBB65_28
	b	.LBB65_27
.LBB65_27:
.Ltmp697:
	.loc	1 4259 57 is_stmt 1             @ ../../libraries/sdk/drives/fsl_flexcan.c:4259:57
	ldr	r0, [sp, #48]
	.loc	1 4259 78 is_stmt 0             @ ../../libraries/sdk/drives/fsl_flexcan.c:4259:78
	ldr	r1, [sp, #36]
	.loc	1 4259 65                       @ ../../libraries/sdk/drives/fsl_flexcan.c:4259:65
	add.w	r0, r0, r1, lsl #2
	.loc	1 4259 57                       @ ../../libraries/sdk/drives/fsl_flexcan.c:4259:57
	ldr.w	r0, [r0, #264]
	.loc	1 4259 87                       @ ../../libraries/sdk/drives/fsl_flexcan.c:4259:87
	ldrh	r0, [r0]
	.loc	1 4259 29                       @ ../../libraries/sdk/drives/fsl_flexcan.c:4259:29
	ldr	r1, [sp, #48]
	.loc	1 4259 47                       @ ../../libraries/sdk/drives/fsl_flexcan.c:4259:47
	ldr	r2, [sp, #36]
	.loc	1 4259 37                       @ ../../libraries/sdk/drives/fsl_flexcan.c:4259:37
	add.w	r1, r1, r2, lsl #2
	.loc	1 4259 55                       @ ../../libraries/sdk/drives/fsl_flexcan.c:4259:55
	str.w	r0, [r1, #592]
	movw	r0, #5304
	.loc	1 4260 55 is_stmt 1             @ ../../libraries/sdk/drives/fsl_flexcan.c:4260:55
	str	r0, [sp, #40]
	.loc	1 4261 25                       @ ../../libraries/sdk/drives/fsl_flexcan.c:4261:25
	b	.LBB65_28
.Ltmp698:
.LBB65_28:
	.loc	1 4262 21                       @ ../../libraries/sdk/drives/fsl_flexcan.c:4262:21
	b	.LBB65_32
.Ltmp699:
.LBB65_29:
	.loc	1 4266 51                       @ ../../libraries/sdk/drives/fsl_flexcan.c:4266:51
	ldr	r0, [sp, #52]
	.loc	1 4266 66 is_stmt 0             @ ../../libraries/sdk/drives/fsl_flexcan.c:4266:66
	ldr	r1, [sp, #36]
	.loc	1 4266 74                       @ ../../libraries/sdk/drives/fsl_flexcan.c:4266:74
	ldr	r2, [sp, #48]
	.loc	1 4266 82                       @ ../../libraries/sdk/drives/fsl_flexcan.c:4266:82
	add.w	r2, r2, r1, lsl #2
	.loc	1 4266 74                       @ ../../libraries/sdk/drives/fsl_flexcan.c:4266:74
	ldr	r2, [r2, #8]
	.loc	1 4266 34                       @ ../../libraries/sdk/drives/fsl_flexcan.c:4266:34
	uxtb	r1, r1
	bl	FLEXCAN_ReadRxMb
	.loc	1 4266 32                       @ ../../libraries/sdk/drives/fsl_flexcan.c:4266:32
	str	r0, [sp, #40]
.Ltmp700:
	.loc	1 4267 48 is_stmt 1             @ ../../libraries/sdk/drives/fsl_flexcan.c:4267:48
	ldr	r0, [sp, #40]
.Ltmp701:
	.loc	1 4267 29 is_stmt 0             @ ../../libraries/sdk/drives/fsl_flexcan.c:4267:29
	cbnz	r0, .LBB65_31
	b	.LBB65_30
.LBB65_30:
.Ltmp702:
	.loc	1 4270 57 is_stmt 1             @ ../../libraries/sdk/drives/fsl_flexcan.c:4270:57
	ldr	r0, [sp, #48]
	.loc	1 4270 76 is_stmt 0             @ ../../libraries/sdk/drives/fsl_flexcan.c:4270:76
	ldr	r1, [sp, #36]
	.loc	1 4270 65                       @ ../../libraries/sdk/drives/fsl_flexcan.c:4270:65
	add.w	r0, r0, r1, lsl #2
	.loc	1 4270 57                       @ ../../libraries/sdk/drives/fsl_flexcan.c:4270:57
	ldr	r0, [r0, #8]
	.loc	1 4270 85                       @ ../../libraries/sdk/drives/fsl_flexcan.c:4270:85
	ldrh	r0, [r0]
	.loc	1 4270 29                       @ ../../libraries/sdk/drives/fsl_flexcan.c:4270:29
	ldr	r1, [sp, #48]
	.loc	1 4270 47                       @ ../../libraries/sdk/drives/fsl_flexcan.c:4270:47
	ldr	r2, [sp, #36]
	.loc	1 4270 37                       @ ../../libraries/sdk/drives/fsl_flexcan.c:4270:37
	add.w	r1, r1, r2, lsl #2
	.loc	1 4270 55                       @ ../../libraries/sdk/drives/fsl_flexcan.c:4270:55
	str.w	r0, [r1, #592]
	movw	r0, #5304
	.loc	1 4271 55 is_stmt 1             @ ../../libraries/sdk/drives/fsl_flexcan.c:4271:55
	str	r0, [sp, #40]
	.loc	1 4272 25                       @ ../../libraries/sdk/drives/fsl_flexcan.c:4272:25
	b	.LBB65_31
.Ltmp703:
.LBB65_31:
	.loc	1 0 25 is_stmt 0                @ ../../libraries/sdk/drives/fsl_flexcan.c:0:25
	b	.LBB65_32
.LBB65_32:
.Ltmp704:
	.loc	1 4275 32 is_stmt 1             @ ../../libraries/sdk/drives/fsl_flexcan.c:4275:32
	ldr	r0, [sp, #52]
	.loc	1 4275 38 is_stmt 0             @ ../../libraries/sdk/drives/fsl_flexcan.c:4275:38
	ldr	r0, [r0]
.Ltmp705:
	.loc	1 4275 25                       @ ../../libraries/sdk/drives/fsl_flexcan.c:4275:25
	lsls	r0, r0, #20
	cmp	r0, #0
	bpl	.LBB65_34
	b	.LBB65_33
.LBB65_33:
.Ltmp706:
	.loc	1 4277 56 is_stmt 1             @ ../../libraries/sdk/drives/fsl_flexcan.c:4277:56
	ldr	r0, [sp, #52]
	.loc	1 4277 62 is_stmt 0             @ ../../libraries/sdk/drives/fsl_flexcan.c:4277:62
	ldr	r1, [sp, #48]
	.loc	1 4277 79                       @ ../../libraries/sdk/drives/fsl_flexcan.c:4277:79
	ldrb.w	r2, [sp, #36]
	.loc	1 4277 25                       @ ../../libraries/sdk/drives/fsl_flexcan.c:4277:25
	bl	FLEXCAN_TransferFDAbortReceive
	.loc	1 4278 21 is_stmt 1             @ ../../libraries/sdk/drives/fsl_flexcan.c:4278:21
	b	.LBB65_35
.Ltmp707:
.LBB65_34:
	.loc	1 4282 54                       @ ../../libraries/sdk/drives/fsl_flexcan.c:4282:54
	ldr	r0, [sp, #52]
	.loc	1 4282 60 is_stmt 0             @ ../../libraries/sdk/drives/fsl_flexcan.c:4282:60
	ldr	r1, [sp, #48]
	.loc	1 4282 77                       @ ../../libraries/sdk/drives/fsl_flexcan.c:4282:77
	ldrb.w	r2, [sp, #36]
	.loc	1 4282 25                       @ ../../libraries/sdk/drives/fsl_flexcan.c:4282:25
	bl	FLEXCAN_TransferAbortReceive
	b	.LBB65_35
.Ltmp708:
.LBB65_35:
	.loc	1 4284 21 is_stmt 1             @ ../../libraries/sdk/drives/fsl_flexcan.c:4284:21
	b	.LBB65_46
.LBB65_36:
	.loc	1 0 21 is_stmt 0                @ ../../libraries/sdk/drives/fsl_flexcan.c:0:21
	movw	r0, #5313
	.loc	1 4288 28 is_stmt 1             @ ../../libraries/sdk/drives/fsl_flexcan.c:4288:28
	str	r0, [sp, #40]
.Ltmp709:
	.loc	1 4290 32                       @ ../../libraries/sdk/drives/fsl_flexcan.c:4290:32
	ldr	r0, [sp, #52]
	.loc	1 4290 38 is_stmt 0             @ ../../libraries/sdk/drives/fsl_flexcan.c:4290:38
	ldr	r0, [r0]
.Ltmp710:
	.loc	1 4290 25                       @ ../../libraries/sdk/drives/fsl_flexcan.c:4290:25
	lsls	r0, r0, #20
	cmp	r0, #0
	bpl	.LBB65_38
	b	.LBB65_37
.LBB65_37:
.Ltmp711:
	.loc	1 4292 56 is_stmt 1             @ ../../libraries/sdk/drives/fsl_flexcan.c:4292:56
	ldr	r0, [sp, #52]
	.loc	1 4292 62 is_stmt 0             @ ../../libraries/sdk/drives/fsl_flexcan.c:4292:62
	ldr	r1, [sp, #48]
	.loc	1 4292 79                       @ ../../libraries/sdk/drives/fsl_flexcan.c:4292:79
	ldrb.w	r2, [sp, #36]
	.loc	1 4292 25                       @ ../../libraries/sdk/drives/fsl_flexcan.c:4292:25
	bl	FLEXCAN_TransferFDAbortReceive
	.loc	1 4293 21 is_stmt 1             @ ../../libraries/sdk/drives/fsl_flexcan.c:4293:21
	b	.LBB65_39
.Ltmp712:
.LBB65_38:
	.loc	1 4297 54                       @ ../../libraries/sdk/drives/fsl_flexcan.c:4297:54
	ldr	r0, [sp, #52]
	.loc	1 4297 60 is_stmt 0             @ ../../libraries/sdk/drives/fsl_flexcan.c:4297:60
	ldr	r1, [sp, #48]
	.loc	1 4297 77                       @ ../../libraries/sdk/drives/fsl_flexcan.c:4297:77
	ldrb.w	r2, [sp, #36]
	.loc	1 4297 25                       @ ../../libraries/sdk/drives/fsl_flexcan.c:4297:25
	bl	FLEXCAN_TransferAbortReceive
	b	.LBB65_39
.Ltmp713:
.LBB65_39:
	.loc	1 4299 21 is_stmt 1             @ ../../libraries/sdk/drives/fsl_flexcan.c:4299:21
	b	.LBB65_46
.LBB65_40:
	.loc	1 0 21 is_stmt 0                @ ../../libraries/sdk/drives/fsl_flexcan.c:0:21
	movw	r0, #5301
	.loc	1 4303 28 is_stmt 1             @ ../../libraries/sdk/drives/fsl_flexcan.c:4303:28
	str	r0, [sp, #40]
.Ltmp714:
	.loc	1 4305 32                       @ ../../libraries/sdk/drives/fsl_flexcan.c:4305:32
	ldr	r0, [sp, #52]
	.loc	1 4305 38 is_stmt 0             @ ../../libraries/sdk/drives/fsl_flexcan.c:4305:38
	ldr	r0, [r0]
.Ltmp715:
	.loc	1 4305 25                       @ ../../libraries/sdk/drives/fsl_flexcan.c:4305:25
	lsls	r0, r0, #20
	cmp	r0, #0
	bpl	.LBB65_42
	b	.LBB65_41
.LBB65_41:
.Ltmp716:
	.loc	1 4307 53 is_stmt 1             @ ../../libraries/sdk/drives/fsl_flexcan.c:4307:53
	ldr	r0, [sp, #52]
	.loc	1 4307 59 is_stmt 0             @ ../../libraries/sdk/drives/fsl_flexcan.c:4307:59
	ldr	r1, [sp, #48]
	.loc	1 4307 76                       @ ../../libraries/sdk/drives/fsl_flexcan.c:4307:76
	ldrb.w	r2, [sp, #36]
	.loc	1 4307 25                       @ ../../libraries/sdk/drives/fsl_flexcan.c:4307:25
	bl	FLEXCAN_TransferFDAbortSend
	.loc	1 4308 21 is_stmt 1             @ ../../libraries/sdk/drives/fsl_flexcan.c:4308:21
	b	.LBB65_43
.Ltmp717:
.LBB65_42:
	.loc	1 4312 51                       @ ../../libraries/sdk/drives/fsl_flexcan.c:4312:51
	ldr	r0, [sp, #52]
	.loc	1 4312 57 is_stmt 0             @ ../../libraries/sdk/drives/fsl_flexcan.c:4312:57
	ldr	r1, [sp, #48]
	.loc	1 4312 74                       @ ../../libraries/sdk/drives/fsl_flexcan.c:4312:74
	ldrb.w	r2, [sp, #36]
	.loc	1 4312 25                       @ ../../libraries/sdk/drives/fsl_flexcan.c:4312:25
	bl	FLEXCAN_TransferAbortSend
	b	.LBB65_43
.Ltmp718:
.LBB65_43:
	.loc	1 4314 21 is_stmt 1             @ ../../libraries/sdk/drives/fsl_flexcan.c:4314:21
	b	.LBB65_46
.LBB65_44:
	.loc	1 4318 21                       @ ../../libraries/sdk/drives/fsl_flexcan.c:4318:21
	ldr	r0, [sp, #48]
	.loc	1 4318 37 is_stmt 0             @ ../../libraries/sdk/drives/fsl_flexcan.c:4318:37
	ldr	r1, [sp, #36]
	.loc	1 4318 29                       @ ../../libraries/sdk/drives/fsl_flexcan.c:4318:29
	add	r1, r0
	movs	r0, #2
	.loc	1 4318 45                       @ ../../libraries/sdk/drives/fsl_flexcan.c:4318:45
	strb.w	r0, [r1, #524]
	movw	r0, #5302
	.loc	1 4319 45 is_stmt 1             @ ../../libraries/sdk/drives/fsl_flexcan.c:4319:45
	str	r0, [sp, #40]
	.loc	1 4320 21                       @ ../../libraries/sdk/drives/fsl_flexcan.c:4320:21
	b	.LBB65_46
.LBB65_45:
	.loc	1 0 21 is_stmt 0                @ ../../libraries/sdk/drives/fsl_flexcan.c:0:21
	mov.w	r0, #5312
	.loc	1 4323 28 is_stmt 1             @ ../../libraries/sdk/drives/fsl_flexcan.c:4323:28
	str	r0, [sp, #40]
	.loc	1 4324 21                       @ ../../libraries/sdk/drives/fsl_flexcan.c:4324:21
	b	.LBB65_46
.Ltmp719:
.LBB65_46:
	.loc	1 0 21 is_stmt 0                @ ../../libraries/sdk/drives/fsl_flexcan.c:0:21
	b	.LBB65_47
.LBB65_47:
	movs	r0, #0
	.loc	1 4330 18 is_stmt 1             @ ../../libraries/sdk/drives/fsl_flexcan.c:4330:18
	str	r0, [sp, #12]
	movs	r0, #1
	str	r0, [sp, #8]
	.loc	1 4331 36                       @ ../../libraries/sdk/drives/fsl_flexcan.c:4331:36
	ldr	r0, [sp, #52]
	.loc	1 4331 42 is_stmt 0             @ ../../libraries/sdk/drives/fsl_flexcan.c:4331:42
	ldr	r2, [sp, #8]
	ldr	r1, [sp, #12]
	.loc	1 4331 53                       @ ../../libraries/sdk/drives/fsl_flexcan.c:4331:53
	ldr.w	r12, [sp, #36]
	.loc	1 4331 50                       @ ../../libraries/sdk/drives/fsl_flexcan.c:4331:50
	lsl.w	r3, r1, r12
	rsb.w	r1, r12, #32
	lsr.w	r1, r2, r1
	orrs	r3, r1
	sub.w	r1, r12, #32
	lsl.w	lr, r2, r1
	cmp	r1, #0
	it	pl
	movpl	r3, lr
	lsl.w	r2, r2, r12
	cmp	r1, #0
	it	pl
	movpl	r2, #0
	.loc	1 4331 9                        @ ../../libraries/sdk/drives/fsl_flexcan.c:4331:9
	bl	FLEXCAN_ClearMbStatusFlags
	.loc	1 4336 5 is_stmt 1              @ ../../libraries/sdk/drives/fsl_flexcan.c:4336:5
	b	.LBB65_48
.Ltmp720:
.LBB65_48:
	.loc	1 4338 16                       @ ../../libraries/sdk/drives/fsl_flexcan.c:4338:16
	ldr	r0, [sp, #36]
	.loc	1 4338 6 is_stmt 0              @ ../../libraries/sdk/drives/fsl_flexcan.c:4338:6
	ldr	r1, [sp, #44]
	.loc	1 4338 14                       @ ../../libraries/sdk/drives/fsl_flexcan.c:4338:14
	str	r0, [r1]
	.loc	1 4340 12 is_stmt 1             @ ../../libraries/sdk/drives/fsl_flexcan.c:4340:12
	ldr	r0, [sp, #40]
	.loc	1 4340 5 is_stmt 0              @ ../../libraries/sdk/drives/fsl_flexcan.c:4340:5
	add	sp, #56
	pop	{r7, pc}
.Ltmp721:
.Lfunc_end65:
	.size	FLEXCAN_SubHandlerForDataTransfered, .Lfunc_end65-FLEXCAN_SubHandlerForDataTransfered
	.cfi_endproc
	.cantunwind
	.fnend
                                        @ -- End function
	.section	.text.FLEXCAN_CheckUnhandleInterruptEvents,"ax",%progbits
	.p2align	3                               @ -- Begin function FLEXCAN_CheckUnhandleInterruptEvents
	.type	FLEXCAN_CheckUnhandleInterruptEvents,%function
	.code	16                              @ @FLEXCAN_CheckUnhandleInterruptEvents
	.thumb_func
FLEXCAN_CheckUnhandleInterruptEvents:
.Lfunc_begin66:
	.loc	1 4143 0 is_stmt 1              @ ../../libraries/sdk/drives/fsl_flexcan.c:4143:0
	.fnstart
	.cfi_startproc
@ %bb.0:
	.save	{r7, lr}
	push	{r7, lr}
	.cfi_def_cfa_offset 8
	.cfi_offset lr, -4
	.cfi_offset r7, -8
	.pad	#32
	sub	sp, #32
	.cfi_def_cfa_offset 40
	str	r0, [sp, #28]
	movs	r0, #0
.Ltmp722:
	.loc	1 4146 10 prologue_end          @ ../../libraries/sdk/drives/fsl_flexcan.c:4146:10
	strb.w	r0, [sp, #7]
.Ltmp723:
	.loc	1 4149 39                       @ ../../libraries/sdk/drives/fsl_flexcan.c:4149:39
	ldr	r0, [sp, #28]
	.loc	1 4149 16 is_stmt 0             @ ../../libraries/sdk/drives/fsl_flexcan.c:4149:16
	bl	FLEXCAN_GetStatusFlags
	movs	r1, #7
	movt	r1, #59
.Ltmp724:
	.loc	1 4149 9                        @ ../../libraries/sdk/drives/fsl_flexcan.c:4149:9
	tst	r0, r1
	bne	.LBB66_2
	b	.LBB66_1
.LBB66_1:
.Ltmp725:
	.loc	1 4151 30 is_stmt 1             @ ../../libraries/sdk/drives/fsl_flexcan.c:4151:30
	ldr	r0, [sp, #28]
	.loc	1 4151 36 is_stmt 0             @ ../../libraries/sdk/drives/fsl_flexcan.c:4151:36
	ldr	r0, [r0, #40]
	movs	r1, #0
	.loc	1 4151 18                       @ ../../libraries/sdk/drives/fsl_flexcan.c:4151:18
	str	r1, [sp, #20]
	str	r0, [sp, #16]
	.loc	1 4152 30 is_stmt 1             @ ../../libraries/sdk/drives/fsl_flexcan.c:4152:30
	ldr	r0, [sp, #28]
	.loc	1 4152 36 is_stmt 0             @ ../../libraries/sdk/drives/fsl_flexcan.c:4152:36
	ldr	r0, [r0, #48]
	.loc	1 4152 18                       @ ../../libraries/sdk/drives/fsl_flexcan.c:4152:18
	str	r1, [sp, #12]
	str	r0, [sp, #8]
	.loc	1 4156 32 is_stmt 1             @ ../../libraries/sdk/drives/fsl_flexcan.c:4156:32
	ldr	r0, [sp, #28]
	.loc	1 4156 22 is_stmt 0             @ ../../libraries/sdk/drives/fsl_flexcan.c:4156:22
	ldr	r1, [r0, #36]
	.loc	1 4156 18                       @ ../../libraries/sdk/drives/fsl_flexcan.c:4156:18
	ldr	r0, [sp, #20]
	orrs	r0, r1
	str	r0, [sp, #20]
	.loc	1 4157 32 is_stmt 1             @ ../../libraries/sdk/drives/fsl_flexcan.c:4157:32
	ldr	r0, [sp, #28]
	.loc	1 4157 22 is_stmt 0             @ ../../libraries/sdk/drives/fsl_flexcan.c:4157:22
	ldr	r1, [r0, #44]
	.loc	1 4157 18                       @ ../../libraries/sdk/drives/fsl_flexcan.c:4157:18
	ldr	r0, [sp, #12]
	orrs	r0, r1
	str	r0, [sp, #12]
	.loc	1 4159 25 is_stmt 1             @ ../../libraries/sdk/drives/fsl_flexcan.c:4159:25
	ldr	r0, [sp, #16]
	ldr	r1, [sp, #20]
	.loc	1 4159 36 is_stmt 0             @ ../../libraries/sdk/drives/fsl_flexcan.c:4159:36
	ldr	r2, [sp, #8]
	ldr	r3, [sp, #12]
	.loc	1 4159 34                       @ ../../libraries/sdk/drives/fsl_flexcan.c:4159:34
	ands	r1, r3
	ands	r0, r2
	.loc	1 4159 21                       @ ../../libraries/sdk/drives/fsl_flexcan.c:4159:21
	orrs	r0, r1
	cmp	r0, #0
	it	ne
	movne	r0, #1
	.loc	1 4159 15                       @ ../../libraries/sdk/drives/fsl_flexcan.c:4159:15
	strb.w	r0, [sp, #7]
	.loc	1 4160 5 is_stmt 1              @ ../../libraries/sdk/drives/fsl_flexcan.c:4160:5
	b	.LBB66_3
.Ltmp726:
.LBB66_2:
	.loc	1 0 5 is_stmt 0                 @ ../../libraries/sdk/drives/fsl_flexcan.c:0:5
	movs	r0, #1
.Ltmp727:
	.loc	1 4172 15 is_stmt 1             @ ../../libraries/sdk/drives/fsl_flexcan.c:4172:15
	strb.w	r0, [sp, #7]
	b	.LBB66_3
.Ltmp728:
.LBB66_3:
	.loc	1 4175 5                        @ ../../libraries/sdk/drives/fsl_flexcan.c:4175:5
	ldrb.w	r0, [sp, #7]
	and	r0, r0, #1
	add	sp, #32
	pop	{r7, pc}
.Ltmp729:
.Lfunc_end66:
	.size	FLEXCAN_CheckUnhandleInterruptEvents, .Lfunc_end66-FLEXCAN_CheckUnhandleInterruptEvents
	.cfi_endproc
	.cantunwind
	.fnend
                                        @ -- End function
	.section	.text.CAN1_DriverIRQHandler,"ax",%progbits
	.hidden	CAN1_DriverIRQHandler           @ -- Begin function CAN1_DriverIRQHandler
	.globl	CAN1_DriverIRQHandler
	.p2align	3
	.type	CAN1_DriverIRQHandler,%function
	.code	16                              @ @CAN1_DriverIRQHandler
	.thumb_func
CAN1_DriverIRQHandler:
.Lfunc_begin67:
	.loc	1 4524 0                        @ ../../libraries/sdk/drives/fsl_flexcan.c:4524:0
	.fnstart
	.cfi_startproc
@ %bb.0:
	.save	{r7, lr}
	push	{r7, lr}
	.cfi_def_cfa_offset 8
	.cfi_offset lr, -4
	.cfi_offset r7, -8
.Ltmp730:
	.loc	1 4525 5 prologue_end           @ ../../libraries/sdk/drives/fsl_flexcan.c:4525:5
	movw	r0, :lower16:s_flexcanHandle
	movt	r0, :upper16:s_flexcanHandle
	ldr	r0, [r0, #4]
	cbz	r0, .LBB67_2
	b	.LBB67_1
.LBB67_1:
	b	.LBB67_3
.LBB67_2:
	movw	r0, :lower16:.L.str.28
	movt	r0, :upper16:.L.str.28
	movw	r1, :lower16:.L.str.1
	movt	r1, :upper16:.L.str.1
	movw	r2, #4525
	bl	__aeabi_assert
.LBB67_3:
	movw	r0, :lower16:s_flexcanHandle
	movt	r0, :upper16:s_flexcanHandle
	ldr	r1, [r0, #4]
	.loc	1 4527 5                        @ ../../libraries/sdk/drives/fsl_flexcan.c:4527:5
	movw	r0, :lower16:s_flexcanIsr
	movt	r0, :upper16:s_flexcanIsr
	ldr	r2, [r0]
	movs	r0, #0
	movt	r0, #16413
	blx	r2
	.loc	1 4528 5                        @ ../../libraries/sdk/drives/fsl_flexcan.c:4528:5
	dsb	sy
	.loc	1 4529 1                        @ ../../libraries/sdk/drives/fsl_flexcan.c:4529:1
	pop	{r7, pc}
.Ltmp731:
.Lfunc_end67:
	.size	CAN1_DriverIRQHandler, .Lfunc_end67-CAN1_DriverIRQHandler
	.cfi_endproc
	.cantunwind
	.fnend
                                        @ -- End function
	.section	.text.CAN2_DriverIRQHandler,"ax",%progbits
	.hidden	CAN2_DriverIRQHandler           @ -- Begin function CAN2_DriverIRQHandler
	.globl	CAN2_DriverIRQHandler
	.p2align	3
	.type	CAN2_DriverIRQHandler,%function
	.code	16                              @ @CAN2_DriverIRQHandler
	.thumb_func
CAN2_DriverIRQHandler:
.Lfunc_begin68:
	.loc	1 4535 0                        @ ../../libraries/sdk/drives/fsl_flexcan.c:4535:0
	.fnstart
	.cfi_startproc
@ %bb.0:
	.save	{r7, lr}
	push	{r7, lr}
	.cfi_def_cfa_offset 8
	.cfi_offset lr, -4
	.cfi_offset r7, -8
.Ltmp732:
	.loc	1 4536 5 prologue_end           @ ../../libraries/sdk/drives/fsl_flexcan.c:4536:5
	movw	r0, :lower16:s_flexcanHandle
	movt	r0, :upper16:s_flexcanHandle
	ldr	r0, [r0, #8]
	cbz	r0, .LBB68_2
	b	.LBB68_1
.LBB68_1:
	b	.LBB68_3
.LBB68_2:
	movw	r0, :lower16:.L.str.29
	movt	r0, :upper16:.L.str.29
	movw	r1, :lower16:.L.str.1
	movt	r1, :upper16:.L.str.1
	movw	r2, #4536
	bl	__aeabi_assert
.LBB68_3:
	movw	r0, :lower16:s_flexcanHandle
	movt	r0, :upper16:s_flexcanHandle
	ldr	r1, [r0, #8]
	.loc	1 4538 5                        @ ../../libraries/sdk/drives/fsl_flexcan.c:4538:5
	movw	r0, :lower16:s_flexcanIsr
	movt	r0, :upper16:s_flexcanIsr
	ldr	r2, [r0]
	movw	r0, #16384
	movt	r0, #16413
	blx	r2
	.loc	1 4539 5                        @ ../../libraries/sdk/drives/fsl_flexcan.c:4539:5
	dsb	sy
	.loc	1 4540 1                        @ ../../libraries/sdk/drives/fsl_flexcan.c:4540:1
	pop	{r7, pc}
.Ltmp733:
.Lfunc_end68:
	.size	CAN2_DriverIRQHandler, .Lfunc_end68-CAN2_DriverIRQHandler
	.cfi_endproc
	.cantunwind
	.fnend
                                        @ -- End function
	.section	.text.CAN3_DriverIRQHandler,"ax",%progbits
	.hidden	CAN3_DriverIRQHandler           @ -- Begin function CAN3_DriverIRQHandler
	.globl	CAN3_DriverIRQHandler
	.p2align	3
	.type	CAN3_DriverIRQHandler,%function
	.code	16                              @ @CAN3_DriverIRQHandler
	.thumb_func
CAN3_DriverIRQHandler:
.Lfunc_begin69:
	.loc	1 4546 0                        @ ../../libraries/sdk/drives/fsl_flexcan.c:4546:0
	.fnstart
	.cfi_startproc
@ %bb.0:
	.save	{r7, lr}
	push	{r7, lr}
	.cfi_def_cfa_offset 8
	.cfi_offset lr, -4
	.cfi_offset r7, -8
.Ltmp734:
	.loc	1 4547 5 prologue_end           @ ../../libraries/sdk/drives/fsl_flexcan.c:4547:5
	movw	r0, :lower16:s_flexcanHandle
	movt	r0, :upper16:s_flexcanHandle
	ldr	r0, [r0, #12]
	cbz	r0, .LBB69_2
	b	.LBB69_1
.LBB69_1:
	b	.LBB69_3
.LBB69_2:
	movw	r0, :lower16:.L.str.30
	movt	r0, :upper16:.L.str.30
	movw	r1, :lower16:.L.str.1
	movt	r1, :upper16:.L.str.1
	movw	r2, #4547
	bl	__aeabi_assert
.LBB69_3:
	movw	r0, :lower16:s_flexcanHandle
	movt	r0, :upper16:s_flexcanHandle
	ldr	r1, [r0, #12]
	.loc	1 4549 5                        @ ../../libraries/sdk/drives/fsl_flexcan.c:4549:5
	movw	r0, :lower16:s_flexcanIsr
	movt	r0, :upper16:s_flexcanIsr
	ldr	r2, [r0]
	movw	r0, #32768
	movt	r0, #16413
	blx	r2
	.loc	1 4550 5                        @ ../../libraries/sdk/drives/fsl_flexcan.c:4550:5
	dsb	sy
	.loc	1 4551 1                        @ ../../libraries/sdk/drives/fsl_flexcan.c:4551:1
	pop	{r7, pc}
.Ltmp735:
.Lfunc_end69:
	.size	CAN3_DriverIRQHandler, .Lfunc_end69-CAN3_DriverIRQHandler
	.cfi_endproc
	.cantunwind
	.fnend
                                        @ -- End function
	.section	.text.CLOCK_ControlGate,"ax",%progbits
	.p2align	3                               @ -- Begin function CLOCK_ControlGate
	.type	CLOCK_ControlGate,%function
	.code	16                              @ @CLOCK_ControlGate
	.thumb_func
CLOCK_ControlGate:
.Lfunc_begin70:
	.loc	6 1498 0                        @ ../../libraries/sdk/drives/fsl_clock.h:1498:0
	.fnstart
	.cfi_startproc
@ %bb.0:
	.save	{r7, lr}
	push	{r7, lr}
	.cfi_def_cfa_offset 8
	.cfi_offset lr, -4
	.cfi_offset r7, -8
	.pad	#16
	sub	sp, #16
	.cfi_def_cfa_offset 24
                                        @ kill: def $r2 killed $r1
                                        @ kill: def $r2 killed $r0
	strh.w	r0, [sp, #14]
	strb.w	r1, [sp, #13]
.Ltmp736:
	.loc	6 1499 33 prologue_end          @ ../../libraries/sdk/drives/fsl_clock.h:1499:33
	ldrsh.w	r0, [sp, #14]
	.loc	6 1499 39 is_stmt 0             @ ../../libraries/sdk/drives/fsl_clock.h:1499:39
	lsrs	r0, r0, #8
	.loc	6 1499 14                       @ ../../libraries/sdk/drives/fsl_clock.h:1499:14
	str	r0, [sp, #8]
	.loc	6 1500 23 is_stmt 1             @ ../../libraries/sdk/drives/fsl_clock.h:1500:23
	ldrh.w	r0, [sp, #14]
	.loc	6 1500 39 is_stmt 0             @ ../../libraries/sdk/drives/fsl_clock.h:1500:39
	and	r0, r0, #31
	.loc	6 1500 14                       @ ../../libraries/sdk/drives/fsl_clock.h:1500:14
	str	r0, [sp, #4]
	.loc	6 1503 5 is_stmt 1              @ ../../libraries/sdk/drives/fsl_clock.h:1503:5
	ldr	r0, [sp, #8]
	cmp	r0, #7
	bhi	.LBB70_2
	b	.LBB70_1
.LBB70_1:
	b	.LBB70_3
.LBB70_2:
	movw	r0, :lower16:.L.str.31
	movt	r0, :upper16:.L.str.31
	movw	r1, :lower16:.L.str.32
	movt	r1, :upper16:.L.str.32
	movw	r2, #1503
	bl	__aeabi_assert
.LBB70_3:
	ldr	r1, [sp, #8]
	movw	r0, #49256
	movt	r0, #16399
	.loc	6 1505 35                       @ ../../libraries/sdk/drives/fsl_clock.h:1505:35
	add.w	r0, r0, r1, lsl #2
	.loc	6 1505 9 is_stmt 0              @ ../../libraries/sdk/drives/fsl_clock.h:1505:9
	str	r0, [sp]
	.loc	6 1506 5 is_stmt 1              @ ../../libraries/sdk/drives/fsl_clock.h:1506:5
	ldr	r0, [sp]
	ldr	r3, [sp, #4]
	movs	r1, #3
	lsls	r1, r3
	ldrb.w	r2, [sp, #13]
	lsls	r2, r3
	bl	_SDK_AtomicLocalClearAndSet4Byte
	.loc	6 1507 1                        @ ../../libraries/sdk/drives/fsl_clock.h:1507:1
	add	sp, #16
	pop	{r7, pc}
.Ltmp737:
.Lfunc_end70:
	.size	CLOCK_ControlGate, .Lfunc_end70-CLOCK_ControlGate
	.cfi_endproc
	.cantunwind
	.fnend
                                        @ -- End function
	.section	.text._SDK_AtomicLocalClearAndSet4Byte,"ax",%progbits
	.p2align	3                               @ -- Begin function _SDK_AtomicLocalClearAndSet4Byte
	.type	_SDK_AtomicLocalClearAndSet4Byte,%function
	.code	16                              @ @_SDK_AtomicLocalClearAndSet4Byte
	.thumb_func
_SDK_AtomicLocalClearAndSet4Byte:
.Lfunc_begin71:
	.loc	9 211 0                         @ ../../libraries/sdk/drives/fsl_common_arm.h:211:0
	.fnstart
	.cfi_startproc
@ %bb.0:
	.pad	#16
	sub	sp, #16
	.cfi_def_cfa_offset 16
	str	r0, [sp, #12]
	str	r1, [sp, #8]
	str	r2, [sp, #4]
.Ltmp738:
	.loc	9 214 5 prologue_end            @ ../../libraries/sdk/drives/fsl_common_arm.h:214:5
	b	.LBB71_1
.LBB71_1:                               @ =>This Inner Loop Header: Depth=1
.Ltmp739:
	.loc	9 214 5 is_stmt 0               @ ../../libraries/sdk/drives/fsl_common_arm.h:214:5
	ldr	r0, [sp, #12]
	ldrex	r0, [r0]
	str	r0, [sp]
	ldr	r0, [sp]
	ldr	r1, [sp, #8]
	bics	r0, r1
	ldr	r1, [sp, #4]
	orrs	r0, r1
	str	r0, [sp]
	b	.LBB71_2
.Ltmp740:
.LBB71_2:                               @   in Loop: Header=BB71_1 Depth=1
	.loc	9 214 5                         @ ../../libraries/sdk/drives/fsl_common_arm.h:214:5
	ldr	r1, [sp]
	ldr	r2, [sp, #12]
	strex	r0, r1, [r2]
.Ltmp741:
	.loc	9 214 5                         @ ../../libraries/sdk/drives/fsl_common_arm.h:214:5
	cmp	r0, #0
	bne	.LBB71_1
	b	.LBB71_3
.Ltmp742:
.LBB71_3:
	.loc	9 215 1 is_stmt 1               @ ../../libraries/sdk/drives/fsl_common_arm.h:215:1
	add	sp, #16
	bx	lr
.Ltmp743:
.Lfunc_end71:
	.size	_SDK_AtomicLocalClearAndSet4Byte, .Lfunc_end71-_SDK_AtomicLocalClearAndSet4Byte
	.cfi_endproc
	.cantunwind
	.fnend
                                        @ -- End function
	.section	.text.flexcan_memset,"ax",%progbits
	.p2align	3                               @ -- Begin function flexcan_memset
	.type	flexcan_memset,%function
	.code	16                              @ @flexcan_memset
	.thumb_func
flexcan_memset:
.Lfunc_begin72:
	.loc	1 373 0                         @ ../../libraries/sdk/drives/fsl_flexcan.c:373:0
	.fnstart
	.cfi_startproc
@ %bb.0:
	.pad	#20
	sub	sp, #20
	.cfi_def_cfa_offset 20
	str	r0, [sp, #16]
	str	r1, [sp, #12]
	str	r2, [sp, #8]
.Ltmp744:
	.loc	1 375 21 prologue_end           @ ../../libraries/sdk/drives/fsl_flexcan.c:375:21
	ldr	r0, [sp, #16]
	.loc	1 375 15 is_stmt 0              @ ../../libraries/sdk/drives/fsl_flexcan.c:375:15
	str	r0, [sp]
	.loc	1 377 9 is_stmt 1               @ ../../libraries/sdk/drives/fsl_flexcan.c:377:9
	ldr	r0, [sp, #8]
	.loc	1 377 11 is_stmt 0              @ ../../libraries/sdk/drives/fsl_flexcan.c:377:11
	lsrs	r0, r0, #2
	.loc	1 377 7                         @ ../../libraries/sdk/drives/fsl_flexcan.c:377:7
	str	r0, [sp, #4]
	.loc	1 379 5 is_stmt 1               @ ../../libraries/sdk/drives/fsl_flexcan.c:379:5
	b	.LBB72_1
.LBB72_1:                               @ =>This Inner Loop Header: Depth=1
	.loc	1 379 14 is_stmt 0              @ ../../libraries/sdk/drives/fsl_flexcan.c:379:14
	ldr	r0, [sp, #4]
	subs	r1, r0, #1
	str	r1, [sp, #4]
	.loc	1 379 5                         @ ../../libraries/sdk/drives/fsl_flexcan.c:379:5
	cbz	r0, .LBB72_3
	b	.LBB72_2
.LBB72_2:                               @   in Loop: Header=BB72_1 Depth=1
.Ltmp745:
	.loc	1 381 18 is_stmt 1              @ ../../libraries/sdk/drives/fsl_flexcan.c:381:18
	ldr	r0, [sp, #12]
	.loc	1 381 13 is_stmt 0              @ ../../libraries/sdk/drives/fsl_flexcan.c:381:13
	ldr	r1, [sp]
	adds	r2, r1, #4
	str	r2, [sp]
	.loc	1 381 16                        @ ../../libraries/sdk/drives/fsl_flexcan.c:381:16
	str	r0, [r1]
.Ltmp746:
	.loc	1 379 5 is_stmt 1               @ ../../libraries/sdk/drives/fsl_flexcan.c:379:5
	b	.LBB72_1
.LBB72_3:
	.loc	1 383 1                         @ ../../libraries/sdk/drives/fsl_flexcan.c:383:1
	add	sp, #20
	bx	lr
.Ltmp747:
.Lfunc_end72:
	.size	flexcan_memset, .Lfunc_end72-flexcan_memset
	.cfi_endproc
	.cantunwind
	.fnend
                                        @ -- End function
	.section	.text.DisableGlobalIRQ,"ax",%progbits
	.p2align	3                               @ -- Begin function DisableGlobalIRQ
	.type	DisableGlobalIRQ,%function
	.code	16                              @ @DisableGlobalIRQ
	.thumb_func
DisableGlobalIRQ:
.Lfunc_begin73:
	.loc	9 580 0                         @ ../../libraries/sdk/drives/fsl_common_arm.h:580:0
	.fnstart
	.cfi_startproc
@ %bb.0:
	.pad	#12
	sub	sp, #12
	.cfi_def_cfa_offset 12
.Ltmp748:
	.file	10 "E:\\FILE_SMART_CAR\\\346\231\272\350\203\275\350\247\206\350\247\211\\RT1064_Library-master\\RT1064_Library-master\\SeekFree_RT1064_Opensource_Library\\project\\mdk" "../../libraries/sdk/CMSIS/Include/cmsis_armclang.h"
	.loc	10 377 3 prologue_end           @ ../../libraries/sdk/CMSIS/Include/cmsis_armclang.h:377:3
	@APP
	mrs	r0, primask
	@NO_APP
	str	r0, [sp, #4]
	.loc	10 378 10                       @ ../../libraries/sdk/CMSIS/Include/cmsis_armclang.h:378:10
	ldr	r0, [sp, #4]
.Ltmp749:
	.loc	9 588 14                        @ ../../libraries/sdk/drives/fsl_common_arm.h:588:14
	str	r0, [sp]
	.loc	9 590 5                         @ ../../libraries/sdk/drives/fsl_common_arm.h:590:5
	@APP
	mrs	r0, primask
	cpsid i

	@NO_APP
	str	r0, [sp, #8]
	.loc	9 592 12                        @ ../../libraries/sdk/drives/fsl_common_arm.h:592:12
	ldr	r0, [sp]
	.loc	9 592 5 is_stmt 0               @ ../../libraries/sdk/drives/fsl_common_arm.h:592:5
	add	sp, #12
	bx	lr
.Ltmp750:
.Lfunc_end73:
	.size	DisableGlobalIRQ, .Lfunc_end73-DisableGlobalIRQ
	.cfi_endproc
	.cantunwind
	.fnend
                                        @ -- End function
	.section	.text.EnableGlobalIRQ,"ax",%progbits
	.p2align	3                               @ -- Begin function EnableGlobalIRQ
	.type	EnableGlobalIRQ,%function
	.code	16                              @ @EnableGlobalIRQ
	.thumb_func
EnableGlobalIRQ:
.Lfunc_begin74:
	.loc	9 607 0 is_stmt 1               @ ../../libraries/sdk/drives/fsl_common_arm.h:607:0
	.fnstart
	.cfi_startproc
@ %bb.0:
	.pad	#8
	sub	sp, #8
	.cfi_def_cfa_offset 8
	str	r0, [sp]
.Ltmp751:
	.loc	9 611 19 prologue_end           @ ../../libraries/sdk/drives/fsl_common_arm.h:611:19
	ldr	r0, [sp]
	str	r0, [sp, #4]
.Ltmp752:
	.loc	10 405 46                       @ ../../libraries/sdk/CMSIS/Include/cmsis_armclang.h:405:46
	ldr	r0, [sp, #4]
	.loc	10 405 3 is_stmt 0              @ ../../libraries/sdk/CMSIS/Include/cmsis_armclang.h:405:3
	@APP
	msr	primask, r0
	@NO_APP
.Ltmp753:
	.loc	9 613 1 is_stmt 1               @ ../../libraries/sdk/drives/fsl_common_arm.h:613:1
	add	sp, #8
	bx	lr
.Ltmp754:
.Lfunc_end74:
	.size	EnableGlobalIRQ, .Lfunc_end74-EnableGlobalIRQ
	.cfi_endproc
	.cantunwind
	.fnend
                                        @ -- End function
	.section	.text.__NVIC_EnableIRQ,"ax",%progbits
	.p2align	3                               @ -- Begin function __NVIC_EnableIRQ
	.type	__NVIC_EnableIRQ,%function
	.code	16                              @ @__NVIC_EnableIRQ
	.thumb_func
__NVIC_EnableIRQ:
.Lfunc_begin75:
	.loc	8 1903 0                        @ ../../libraries/sdk/CMSIS/Include\core_cm7.h:1903:0
	.fnstart
	.cfi_startproc
@ %bb.0:
	.pad	#4
	sub	sp, #4
	.cfi_def_cfa_offset 4
                                        @ kill: def $r1 killed $r0
	strh.w	r0, [sp, #2]
.Ltmp755:
	.loc	8 1904 17 prologue_end          @ ../../libraries/sdk/CMSIS/Include\core_cm7.h:1904:17
	ldrsh.w	r0, [sp, #2]
.Ltmp756:
	.loc	8 1904 7 is_stmt 0              @ ../../libraries/sdk/CMSIS/Include\core_cm7.h:1904:7
	cmp	r0, #0
	bmi	.LBB75_2
	b	.LBB75_1
.LBB75_1:
.Ltmp757:
	.loc	8 1906 75 is_stmt 1             @ ../../libraries/sdk/CMSIS/Include\core_cm7.h:1906:75
	ldrsh.w	r1, [sp, #2]
	.loc	8 1906 81 is_stmt 0             @ ../../libraries/sdk/CMSIS/Include\core_cm7.h:1906:81
	and	r2, r1, #31
	movs	r0, #1
	.loc	8 1906 60                       @ ../../libraries/sdk/CMSIS/Include\core_cm7.h:1906:60
	lsls	r0, r2
	.loc	8 1906 5                        @ ../../libraries/sdk/CMSIS/Include\core_cm7.h:1906:5
	lsrs	r2, r1, #5
	movw	r1, #57600
	movt	r1, #57344
	.loc	8 1906 43                       @ ../../libraries/sdk/CMSIS/Include\core_cm7.h:1906:43
	str.w	r0, [r1, r2, lsl #2]
	.loc	8 1907 3 is_stmt 1              @ ../../libraries/sdk/CMSIS/Include\core_cm7.h:1907:3
	b	.LBB75_2
.Ltmp758:
.LBB75_2:
	.loc	8 1908 1                        @ ../../libraries/sdk/CMSIS/Include\core_cm7.h:1908:1
	add	sp, #4
	bx	lr
.Ltmp759:
.Lfunc_end75:
	.size	__NVIC_EnableIRQ, .Lfunc_end75-__NVIC_EnableIRQ
	.cfi_endproc
	.cantunwind
	.fnend
                                        @ -- End function
	.section	.text.FLEXCAN_IsMbIntEnabled,"ax",%progbits
	.p2align	3                               @ -- Begin function FLEXCAN_IsMbIntEnabled
	.type	FLEXCAN_IsMbIntEnabled,%function
	.code	16                              @ @FLEXCAN_IsMbIntEnabled
	.thumb_func
FLEXCAN_IsMbIntEnabled:
.Lfunc_begin76:
	.loc	1 674 0                         @ ../../libraries/sdk/drives/fsl_flexcan.c:674:0
	.fnstart
	.cfi_startproc
@ %bb.0:
	.pad	#16
	sub	sp, #16
	.cfi_def_cfa_offset 16
                                        @ kill: def $r2 killed $r1
	str	r0, [sp, #12]
	strb.w	r1, [sp, #11]
.Ltmp760:
	.loc	1 676 5 prologue_end            @ ../../libraries/sdk/drives/fsl_flexcan.c:676:5
	ldrb.w	r0, [sp, #11]
	cmp	r0, #63
	bgt	.LBB76_2
	b	.LBB76_1
.LBB76_1:
	b	.LBB76_3
.LBB76_2:
	movw	r0, :lower16:.L.str.41
	movt	r0, :upper16:.L.str.41
	movw	r1, :lower16:.L.str.1
	movt	r1, :upper16:.L.str.1
	mov.w	r2, #676
	bl	__aeabi_assert
.LBB76_3:
	.loc	1 0 5 is_stmt 0                 @ ../../libraries/sdk/drives/fsl_flexcan.c:0:5
	movs	r0, #1
	.loc	1 678 14 is_stmt 1              @ ../../libraries/sdk/drives/fsl_flexcan.c:678:14
	str	r0, [sp, #4]
	movs	r0, #0
	.loc	1 679 10                        @ ../../libraries/sdk/drives/fsl_flexcan.c:679:10
	strb.w	r0, [sp, #3]
.Ltmp761:
	.loc	1 682 9                         @ ../../libraries/sdk/drives/fsl_flexcan.c:682:9
	ldrb.w	r0, [sp, #11]
.Ltmp762:
	.loc	1 682 9 is_stmt 0               @ ../../libraries/sdk/drives/fsl_flexcan.c:682:9
	cmp	r0, #32
	blo	.LBB76_5
	b	.LBB76_4
.LBB76_4:
.Ltmp763:
	.loc	1 684 25 is_stmt 1              @ ../../libraries/sdk/drives/fsl_flexcan.c:684:25
	ldr	r0, [sp, #12]
	.loc	1 684 31 is_stmt 0              @ ../../libraries/sdk/drives/fsl_flexcan.c:684:31
	ldr	r0, [r0, #36]
	.loc	1 684 41                        @ ../../libraries/sdk/drives/fsl_flexcan.c:684:41
	ldr	r1, [sp, #4]
	.loc	1 684 50                        @ ../../libraries/sdk/drives/fsl_flexcan.c:684:50
	ldrb.w	r2, [sp, #11]
	.loc	1 684 56                        @ ../../libraries/sdk/drives/fsl_flexcan.c:684:56
	subs	r2, #32
	.loc	1 684 46                        @ ../../libraries/sdk/drives/fsl_flexcan.c:684:46
	lsls	r1, r2
	.loc	1 684 38                        @ ../../libraries/sdk/drives/fsl_flexcan.c:684:38
	ands	r0, r1
	.loc	1 684 21                        @ ../../libraries/sdk/drives/fsl_flexcan.c:684:21
	cmp	r0, #0
	it	ne
	movne	r0, #1
	.loc	1 684 15                        @ ../../libraries/sdk/drives/fsl_flexcan.c:684:15
	strb.w	r0, [sp, #3]
	.loc	1 685 5 is_stmt 1               @ ../../libraries/sdk/drives/fsl_flexcan.c:685:5
	b	.LBB76_6
.Ltmp764:
.LBB76_5:
	.loc	1 689 25                        @ ../../libraries/sdk/drives/fsl_flexcan.c:689:25
	ldr	r0, [sp, #12]
	.loc	1 689 31 is_stmt 0              @ ../../libraries/sdk/drives/fsl_flexcan.c:689:31
	ldr	r0, [r0, #40]
	.loc	1 689 41                        @ ../../libraries/sdk/drives/fsl_flexcan.c:689:41
	ldr	r1, [sp, #4]
	.loc	1 689 49                        @ ../../libraries/sdk/drives/fsl_flexcan.c:689:49
	ldrb.w	r2, [sp, #11]
	.loc	1 689 46                        @ ../../libraries/sdk/drives/fsl_flexcan.c:689:46
	lsls	r1, r2
	.loc	1 689 38                        @ ../../libraries/sdk/drives/fsl_flexcan.c:689:38
	ands	r0, r1
	.loc	1 689 21                        @ ../../libraries/sdk/drives/fsl_flexcan.c:689:21
	cmp	r0, #0
	it	ne
	movne	r0, #1
	.loc	1 689 15                        @ ../../libraries/sdk/drives/fsl_flexcan.c:689:15
	strb.w	r0, [sp, #3]
	b	.LBB76_6
.Ltmp765:
.LBB76_6:
	.loc	1 692 5 is_stmt 1               @ ../../libraries/sdk/drives/fsl_flexcan.c:692:5
	ldrb.w	r0, [sp, #3]
	and	r0, r0, #1
	add	sp, #16
	bx	lr
.Ltmp766:
.Lfunc_end76:
	.size	FLEXCAN_IsMbIntEnabled, .Lfunc_end76-FLEXCAN_IsMbIntEnabled
	.cfi_endproc
	.cantunwind
	.fnend
                                        @ -- End function
	.type	s_flexcanBases,%object          @ @s_flexcanBases
	.section	.rodata.s_flexcanBases,"a",%progbits
	.p2align	2, 0x0
s_flexcanBases:
	.long	0
	.long	1075642368
	.long	1075658752
	.long	1075675136
	.size	s_flexcanBases, 16

	.type	.L.str,%object                  @ @.str
	.section	.rodata.str1.1,"aMS",%progbits,1
.L.str:
	.asciz	"instance < ARRAY_SIZE(s_flexcanBases)"
	.size	.L.str, 38

	.type	.L.str.1,%object                @ @.str.1
.L.str.1:
	.asciz	"../../libraries/sdk/drives/fsl_flexcan.c"
	.size	.L.str.1, 41

	.type	.L.str.2,%object                @ @.str.2
.L.str.2:
	.asciz	"NULL != pConfig"
	.size	.L.str.2, 16

	.type	.L.str.3,%object                @ @.str.3
.L.str.3:
	.asciz	"(pConfig->maxMbNum > 0U) && (pConfig->maxMbNum <= (uint8_t)FSL_FEATURE_FLEXCAN_HAS_MESSAGE_BUFFER_MAX_NUMBERn(base))"
	.size	.L.str.3, 117

	.type	.L.str.4,%object                @ @.str.4
.L.str.4:
	.asciz	"pConfig->bitRate > 0U"
	.size	.L.str.4, 22

	.type	s_flexcanClock,%object          @ @s_flexcanClock
	.section	.rodata.s_flexcanClock,"a",%progbits
	.p2align	1, 0x0
s_flexcanClock:
	.short	65535                           @ 0xffff
	.short	14                              @ 0xe
	.short	18                              @ 0x12
	.short	1798                            @ 0x706
	.size	s_flexcanClock, 8

	.type	.L.str.5,%object                @ @.str.5
	.section	.rodata.str1.1,"aMS",%progbits,1
.L.str.5:
	.asciz	"CAN_CLOCK_CHECK_NO_AFFECTS"
	.size	.L.str.5, 27

	.type	s_flexcanPeriphClock,%object    @ @s_flexcanPeriphClock
	.section	.rodata.s_flexcanPeriphClock,"a",%progbits
	.p2align	1, 0x0
s_flexcanPeriphClock:
	.short	65535                           @ 0xffff
	.short	16                              @ 0x10
	.short	20                              @ 0x14
	.short	1800                            @ 0x708
	.size	s_flexcanPeriphClock, 8

	.type	.L.str.6,%object                @ @.str.6
	.section	.rodata.str1.1,"aMS",%progbits,1
.L.str.6:
	.asciz	"(uint32_t)dataSize <= 3U"
	.size	.L.str.6, 25

	.type	.L.str.7,%object                @ @.str.7
.L.str.7:
	.asciz	"((pConfig->bitRate < pConfig->bitRateFD) && brs) || ((pConfig->bitRate == pConfig->bitRateFD) && (!brs))"
	.size	.L.str.7, 105

	.type	.L.str.8,%object                @ @.str.8
.L.str.8:
	.asciz	"maskIdx <= (base->MCR & CAN_MCR_MAXMB_MASK)"
	.size	.L.str.8, 44

	.type	.L.str.9,%object                @ @.str.9
.L.str.9:
	.asciz	"mbIdx <= (base->MCR & CAN_MCR_MAXMB_MASK)"
	.size	.L.str.9, 42

	.type	.L.str.10,%object               @ @.str.10
.L.str.10:
	.asciz	"!FLEXCAN_IsMbOccupied(base, mbIdx)"
	.size	.L.str.10, 35

	.type	.L.str.11,%object               @ @.str.11
.L.str.11:
	.asciz	"bitRate <= MAX_CAN_BITRATE"
	.size	.L.str.11, 27

	.type	.L.str.12,%object               @ @.str.12
.L.str.12:
	.asciz	"bitRate <= MAX_CANFD_BITRATE"
	.size	.L.str.12, 29

	.type	.L.str.13,%object               @ @.str.13
.L.str.13:
	.asciz	"bitRateFD <= MAX_CANFD_BITRATE"
	.size	.L.str.13, 31

	.type	.L.str.14,%object               @ @.str.14
.L.str.14:
	.asciz	"bitRate <= bitRateFD"
	.size	.L.str.14, 21

	.type	.L.str.15,%object               @ @.str.15
.L.str.15:
	.asciz	"((NULL != pRxMbConfig) || (false == enable))"
	.size	.L.str.15, 45

	.type	.L.str.16,%object               @ @.str.16
.L.str.16:
	.asciz	"(NULL != pRxFifoConfig) || (false == enable)"
	.size	.L.str.16, 45

	.type	.L.str.17,%object               @ @.str.17
.L.str.17:
	.asciz	"pRxFifoConfig->idFilterNum <= 128U"
	.size	.L.str.17, 35

	.type	.L.str.18,%object               @ @.str.18
.L.str.18:
	.asciz	"((setup_mb - 8U) - (2U * rffn)) > 0U"
	.size	.L.str.18, 37

	.type	.L.str.19,%object               @ @.str.19
.L.str.19:
	.asciz	"false"
	.size	.L.str.19, 6

	.type	.L.str.20,%object               @ @.str.20
.L.str.20:
	.asciz	"NULL != pTxFrame"
	.size	.L.str.20, 17

	.type	.L.str.21,%object               @ @.str.21
.L.str.21:
	.asciz	"pTxFrame->length <= 8U"
	.size	.L.str.21, 23

	.type	.L.str.22,%object               @ @.str.22
.L.str.22:
	.asciz	"NULL != pRxFrame"
	.size	.L.str.22, 17

	.type	.L.str.23,%object               @ @.str.23
.L.str.23:
	.asciz	"NULL != handle"
	.size	.L.str.23, 15

	.type	s_flexcanHandle,%object         @ @s_flexcanHandle
	.section	.bss.s_flexcanHandle,"aw",%nobits
	.p2align	2, 0x0
s_flexcanHandle:
	.zero	16
	.size	s_flexcanHandle, 16

	.type	s_flexcanIsr,%object            @ @s_flexcanIsr
	.section	.data.s_flexcanIsr,"aw",%progbits
	.p2align	2, 0x0
s_flexcanIsr:
	.long	DefaultISR
	.size	s_flexcanIsr, 4

	.type	s_flexcanRxWarningIRQ,%object   @ @s_flexcanRxWarningIRQ
	.section	.rodata.s_flexcanRxWarningIRQ,"a",%progbits
	.p2align	1, 0x0
s_flexcanRxWarningIRQ:
	.short	65408                           @ 0xff80
	.short	36                              @ 0x24
	.short	37                              @ 0x25
	.short	154                             @ 0x9a
	.size	s_flexcanRxWarningIRQ, 8

	.type	s_flexcanTxWarningIRQ,%object   @ @s_flexcanTxWarningIRQ
	.section	.rodata.s_flexcanTxWarningIRQ,"a",%progbits
	.p2align	1, 0x0
s_flexcanTxWarningIRQ:
	.short	65408                           @ 0xff80
	.short	36                              @ 0x24
	.short	37                              @ 0x25
	.short	154                             @ 0x9a
	.size	s_flexcanTxWarningIRQ, 8

	.type	s_flexcanWakeUpIRQ,%object      @ @s_flexcanWakeUpIRQ
	.section	.rodata.s_flexcanWakeUpIRQ,"a",%progbits
	.p2align	1, 0x0
s_flexcanWakeUpIRQ:
	.short	65408                           @ 0xff80
	.short	36                              @ 0x24
	.short	37                              @ 0x25
	.short	154                             @ 0x9a
	.size	s_flexcanWakeUpIRQ, 8

	.type	s_flexcanErrorIRQ,%object       @ @s_flexcanErrorIRQ
	.section	.rodata.s_flexcanErrorIRQ,"a",%progbits
	.p2align	1, 0x0
s_flexcanErrorIRQ:
	.short	65408                           @ 0xff80
	.short	36                              @ 0x24
	.short	37                              @ 0x25
	.short	154                             @ 0x9a
	.size	s_flexcanErrorIRQ, 8

	.type	s_flexcanBusOffIRQ,%object      @ @s_flexcanBusOffIRQ
	.section	.rodata.s_flexcanBusOffIRQ,"a",%progbits
	.p2align	1, 0x0
s_flexcanBusOffIRQ:
	.short	65408                           @ 0xff80
	.short	36                              @ 0x24
	.short	37                              @ 0x25
	.short	154                             @ 0x9a
	.size	s_flexcanBusOffIRQ, 8

	.type	s_flexcanMbIRQ,%object          @ @s_flexcanMbIRQ
	.section	.rodata.s_flexcanMbIRQ,"a",%progbits
	.p2align	1, 0x0
s_flexcanMbIRQ:
	.short	65408                           @ 0xff80
	.short	36                              @ 0x24
	.short	37                              @ 0x25
	.short	154                             @ 0x9a
	.size	s_flexcanMbIRQ, 8

	.type	.L.str.24,%object               @ @.str.24
	.section	.rodata.str1.1,"aMS",%progbits,1
.L.str.24:
	.asciz	"NULL != pMbXfer"
	.size	.L.str.24, 16

	.type	.L.str.25,%object               @ @.str.25
.L.str.25:
	.asciz	"pMbXfer->mbIdx <= (base->MCR & CAN_MCR_MAXMB_MASK)"
	.size	.L.str.25, 51

	.type	.L.str.26,%object               @ @.str.26
.L.str.26:
	.asciz	"!FLEXCAN_IsMbOccupied(base, pMbXfer->mbIdx)"
	.size	.L.str.26, 44

	.type	.L.str.27,%object               @ @.str.27
.L.str.27:
	.asciz	"NULL != pFifoXfer"
	.size	.L.str.27, 18

	.type	.L.str.28,%object               @ @.str.28
.L.str.28:
	.asciz	"NULL != s_flexcanHandle[1]"
	.size	.L.str.28, 27

	.type	.L.str.29,%object               @ @.str.29
.L.str.29:
	.asciz	"NULL != s_flexcanHandle[2]"
	.size	.L.str.29, 27

	.type	.L.str.30,%object               @ @.str.30
.L.str.30:
	.asciz	"NULL != s_flexcanHandle[3]"
	.size	.L.str.30, 27

	.type	.L.str.31,%object               @ @.str.31
.L.str.31:
	.asciz	"index <= 7UL"
	.size	.L.str.31, 13

	.type	.L.str.32,%object               @ @.str.32
.L.str.32:
	.asciz	"../../libraries/sdk/drives/fsl_clock.h"
	.size	.L.str.32, 39

	.type	.L.str.33,%object               @ @.str.33
.L.str.33:
	.asciz	"0U == (base->MCR & CAN_MCR_MDIS_MASK)"
	.size	.L.str.33, 38

	.type	.L.str.34,%object               @ @.str.34
.L.str.34:
	.asciz	"bitRate_Bps <= 1000000U"
	.size	.L.str.34, 24

	.type	.L.str.35,%object               @ @.str.35
.L.str.35:
	.asciz	"(bitRate_Bps * quantum) <= sourceClock_Hz"
	.size	.L.str.35, 42

	.type	.L.str.36,%object               @ @.str.36
.L.str.36:
	.asciz	"(bitRate_Bps * quantum * MAX_EPRESDIV) >= sourceClock_Hz"
	.size	.L.str.36, 57

	.type	.L.str.37,%object               @ @.str.37
.L.str.37:
	.asciz	"(bitRate_Bps * quantum * MAX_PRESDIV) >= sourceClock_Hz"
	.size	.L.str.37, 56

	.type	.L.str.38,%object               @ @.str.38
.L.str.38:
	.asciz	"bitRateFD_Bps <= 8000000U"
	.size	.L.str.38, 26

	.type	.L.str.39,%object               @ @.str.39
.L.str.39:
	.asciz	"(bitRateFD_Bps * quantum) <= sourceClock_Hz"
	.size	.L.str.39, 44

	.type	.L.str.40,%object               @ @.str.40
.L.str.40:
	.asciz	"(bitRateFD_Bps * quantum * MAX_FPRESDIV) >= sourceClock_Hz"
	.size	.L.str.40, 59

	.type	.L.str.41,%object               @ @.str.41
.L.str.41:
	.asciz	"mbIdx < (uint8_t)FSL_FEATURE_FLEXCAN_HAS_MESSAGE_BUFFER_MAX_NUMBERn(base)"
	.size	.L.str.41, 74

	.section	.debug_abbrev,"",%progbits
	.byte	1                               @ Abbreviation Code
	.byte	17                              @ DW_TAG_compile_unit
	.byte	1                               @ DW_CHILDREN_yes
	.byte	37                              @ DW_AT_producer
	.byte	14                              @ DW_FORM_strp
	.byte	19                              @ DW_AT_language
	.byte	5                               @ DW_FORM_data2
	.byte	3                               @ DW_AT_name
	.byte	14                              @ DW_FORM_strp
	.byte	16                              @ DW_AT_stmt_list
	.byte	23                              @ DW_FORM_sec_offset
	.byte	27                              @ DW_AT_comp_dir
	.byte	14                              @ DW_FORM_strp
	.byte	17                              @ DW_AT_low_pc
	.byte	1                               @ DW_FORM_addr
	.byte	85                              @ DW_AT_ranges
	.byte	23                              @ DW_FORM_sec_offset
	.byte	0                               @ EOM(1)
	.byte	0                               @ EOM(2)
	.byte	2                               @ Abbreviation Code
	.byte	52                              @ DW_TAG_variable
	.byte	0                               @ DW_CHILDREN_no
	.byte	73                              @ DW_AT_type
	.byte	19                              @ DW_FORM_ref4
	.byte	58                              @ DW_AT_decl_file
	.byte	11                              @ DW_FORM_data1
	.byte	59                              @ DW_AT_decl_line
	.byte	5                               @ DW_FORM_data2
	.byte	2                               @ DW_AT_location
	.byte	24                              @ DW_FORM_exprloc
	.byte	0                               @ EOM(1)
	.byte	0                               @ EOM(2)
	.byte	3                               @ Abbreviation Code
	.byte	1                               @ DW_TAG_array_type
	.byte	1                               @ DW_CHILDREN_yes
	.byte	73                              @ DW_AT_type
	.byte	19                              @ DW_FORM_ref4
	.byte	0                               @ EOM(1)
	.byte	0                               @ EOM(2)
	.byte	4                               @ Abbreviation Code
	.byte	33                              @ DW_TAG_subrange_type
	.byte	0                               @ DW_CHILDREN_no
	.byte	73                              @ DW_AT_type
	.byte	19                              @ DW_FORM_ref4
	.byte	55                              @ DW_AT_count
	.byte	11                              @ DW_FORM_data1
	.byte	0                               @ EOM(1)
	.byte	0                               @ EOM(2)
	.byte	5                               @ Abbreviation Code
	.byte	36                              @ DW_TAG_base_type
	.byte	0                               @ DW_CHILDREN_no
	.byte	3                               @ DW_AT_name
	.byte	14                              @ DW_FORM_strp
	.byte	62                              @ DW_AT_encoding
	.byte	11                              @ DW_FORM_data1
	.byte	11                              @ DW_AT_byte_size
	.byte	11                              @ DW_FORM_data1
	.byte	0                               @ EOM(1)
	.byte	0                               @ EOM(2)
	.byte	6                               @ Abbreviation Code
	.byte	36                              @ DW_TAG_base_type
	.byte	0                               @ DW_CHILDREN_no
	.byte	3                               @ DW_AT_name
	.byte	14                              @ DW_FORM_strp
	.byte	11                              @ DW_AT_byte_size
	.byte	11                              @ DW_FORM_data1
	.byte	62                              @ DW_AT_encoding
	.byte	11                              @ DW_FORM_data1
	.byte	0                               @ EOM(1)
	.byte	0                               @ EOM(2)
	.byte	7                               @ Abbreviation Code
	.byte	52                              @ DW_TAG_variable
	.byte	0                               @ DW_CHILDREN_no
	.byte	3                               @ DW_AT_name
	.byte	14                              @ DW_FORM_strp
	.byte	73                              @ DW_AT_type
	.byte	19                              @ DW_FORM_ref4
	.byte	58                              @ DW_AT_decl_file
	.byte	11                              @ DW_FORM_data1
	.byte	59                              @ DW_AT_decl_line
	.byte	5                               @ DW_FORM_data2
	.byte	2                               @ DW_AT_location
	.byte	24                              @ DW_FORM_exprloc
	.byte	0                               @ EOM(1)
	.byte	0                               @ EOM(2)
	.byte	8                               @ Abbreviation Code
	.byte	15                              @ DW_TAG_pointer_type
	.byte	0                               @ DW_CHILDREN_no
	.byte	73                              @ DW_AT_type
	.byte	19                              @ DW_FORM_ref4
	.byte	0                               @ EOM(1)
	.byte	0                               @ EOM(2)
	.byte	9                               @ Abbreviation Code
	.byte	22                              @ DW_TAG_typedef
	.byte	0                               @ DW_CHILDREN_no
	.byte	73                              @ DW_AT_type
	.byte	19                              @ DW_FORM_ref4
	.byte	3                               @ DW_AT_name
	.byte	14                              @ DW_FORM_strp
	.byte	58                              @ DW_AT_decl_file
	.byte	11                              @ DW_FORM_data1
	.byte	59                              @ DW_AT_decl_line
	.byte	5                               @ DW_FORM_data2
	.byte	0                               @ EOM(1)
	.byte	0                               @ EOM(2)
	.byte	10                              @ Abbreviation Code
	.byte	19                              @ DW_TAG_structure_type
	.byte	1                               @ DW_CHILDREN_yes
	.byte	3                               @ DW_AT_name
	.byte	14                              @ DW_FORM_strp
	.byte	11                              @ DW_AT_byte_size
	.byte	5                               @ DW_FORM_data2
	.byte	58                              @ DW_AT_decl_file
	.byte	11                              @ DW_FORM_data1
	.byte	59                              @ DW_AT_decl_line
	.byte	5                               @ DW_FORM_data2
	.byte	0                               @ EOM(1)
	.byte	0                               @ EOM(2)
	.byte	11                              @ Abbreviation Code
	.byte	13                              @ DW_TAG_member
	.byte	0                               @ DW_CHILDREN_no
	.byte	3                               @ DW_AT_name
	.byte	14                              @ DW_FORM_strp
	.byte	73                              @ DW_AT_type
	.byte	19                              @ DW_FORM_ref4
	.byte	58                              @ DW_AT_decl_file
	.byte	11                              @ DW_FORM_data1
	.byte	59                              @ DW_AT_decl_line
	.byte	5                               @ DW_FORM_data2
	.byte	56                              @ DW_AT_data_member_location
	.byte	11                              @ DW_FORM_data1
	.byte	0                               @ EOM(1)
	.byte	0                               @ EOM(2)
	.byte	12                              @ Abbreviation Code
	.byte	13                              @ DW_TAG_member
	.byte	0                               @ DW_CHILDREN_no
	.byte	3                               @ DW_AT_name
	.byte	14                              @ DW_FORM_strp
	.byte	73                              @ DW_AT_type
	.byte	19                              @ DW_FORM_ref4
	.byte	58                              @ DW_AT_decl_file
	.byte	11                              @ DW_FORM_data1
	.byte	59                              @ DW_AT_decl_line
	.byte	5                               @ DW_FORM_data2
	.byte	56                              @ DW_AT_data_member_location
	.byte	5                               @ DW_FORM_data2
	.byte	0                               @ EOM(1)
	.byte	0                               @ EOM(2)
	.byte	13                              @ Abbreviation Code
	.byte	21                              @ DW_TAG_subroutine_type
	.byte	1                               @ DW_CHILDREN_yes
	.byte	39                              @ DW_AT_prototyped
	.byte	25                              @ DW_FORM_flag_present
	.byte	0                               @ EOM(1)
	.byte	0                               @ EOM(2)
	.byte	14                              @ Abbreviation Code
	.byte	5                               @ DW_TAG_formal_parameter
	.byte	0                               @ DW_CHILDREN_no
	.byte	73                              @ DW_AT_type
	.byte	19                              @ DW_FORM_ref4
	.byte	0                               @ EOM(1)
	.byte	0                               @ EOM(2)
	.byte	15                              @ Abbreviation Code
	.byte	19                              @ DW_TAG_structure_type
	.byte	1                               @ DW_CHILDREN_yes
	.byte	11                              @ DW_AT_byte_size
	.byte	5                               @ DW_FORM_data2
	.byte	58                              @ DW_AT_decl_file
	.byte	11                              @ DW_FORM_data1
	.byte	59                              @ DW_AT_decl_line
	.byte	5                               @ DW_FORM_data2
	.byte	0                               @ EOM(1)
	.byte	0                               @ EOM(2)
	.byte	16                              @ Abbreviation Code
	.byte	13                              @ DW_TAG_member
	.byte	0                               @ DW_CHILDREN_no
	.byte	73                              @ DW_AT_type
	.byte	19                              @ DW_FORM_ref4
	.byte	58                              @ DW_AT_decl_file
	.byte	11                              @ DW_FORM_data1
	.byte	59                              @ DW_AT_decl_line
	.byte	5                               @ DW_FORM_data2
	.byte	56                              @ DW_AT_data_member_location
	.byte	11                              @ DW_FORM_data1
	.byte	0                               @ EOM(1)
	.byte	0                               @ EOM(2)
	.byte	17                              @ Abbreviation Code
	.byte	23                              @ DW_TAG_union_type
	.byte	1                               @ DW_CHILDREN_yes
	.byte	11                              @ DW_AT_byte_size
	.byte	5                               @ DW_FORM_data2
	.byte	58                              @ DW_AT_decl_file
	.byte	11                              @ DW_FORM_data1
	.byte	59                              @ DW_AT_decl_line
	.byte	5                               @ DW_FORM_data2
	.byte	0                               @ EOM(1)
	.byte	0                               @ EOM(2)
	.byte	18                              @ Abbreviation Code
	.byte	19                              @ DW_TAG_structure_type
	.byte	1                               @ DW_CHILDREN_yes
	.byte	11                              @ DW_AT_byte_size
	.byte	11                              @ DW_FORM_data1
	.byte	58                              @ DW_AT_decl_file
	.byte	11                              @ DW_FORM_data1
	.byte	59                              @ DW_AT_decl_line
	.byte	5                               @ DW_FORM_data2
	.byte	0                               @ EOM(1)
	.byte	0                               @ EOM(2)
	.byte	19                              @ Abbreviation Code
	.byte	53                              @ DW_TAG_volatile_type
	.byte	0                               @ DW_CHILDREN_no
	.byte	73                              @ DW_AT_type
	.byte	19                              @ DW_FORM_ref4
	.byte	0                               @ EOM(1)
	.byte	0                               @ EOM(2)
	.byte	20                              @ Abbreviation Code
	.byte	22                              @ DW_TAG_typedef
	.byte	0                               @ DW_CHILDREN_no
	.byte	73                              @ DW_AT_type
	.byte	19                              @ DW_FORM_ref4
	.byte	3                               @ DW_AT_name
	.byte	14                              @ DW_FORM_strp
	.byte	58                              @ DW_AT_decl_file
	.byte	11                              @ DW_FORM_data1
	.byte	59                              @ DW_AT_decl_line
	.byte	11                              @ DW_FORM_data1
	.byte	0                               @ EOM(1)
	.byte	0                               @ EOM(2)
	.byte	21                              @ Abbreviation Code
	.byte	38                              @ DW_TAG_const_type
	.byte	0                               @ DW_CHILDREN_no
	.byte	73                              @ DW_AT_type
	.byte	19                              @ DW_FORM_ref4
	.byte	0                               @ EOM(1)
	.byte	0                               @ EOM(2)
	.byte	22                              @ Abbreviation Code
	.byte	33                              @ DW_TAG_subrange_type
	.byte	0                               @ DW_CHILDREN_no
	.byte	73                              @ DW_AT_type
	.byte	19                              @ DW_FORM_ref4
	.byte	55                              @ DW_AT_count
	.byte	5                               @ DW_FORM_data2
	.byte	0                               @ EOM(1)
	.byte	0                               @ EOM(2)
	.byte	23                              @ Abbreviation Code
	.byte	15                              @ DW_TAG_pointer_type
	.byte	0                               @ DW_CHILDREN_no
	.byte	0                               @ EOM(1)
	.byte	0                               @ EOM(2)
	.byte	24                              @ Abbreviation Code
	.byte	19                              @ DW_TAG_structure_type
	.byte	1                               @ DW_CHILDREN_yes
	.byte	3                               @ DW_AT_name
	.byte	14                              @ DW_FORM_strp
	.byte	11                              @ DW_AT_byte_size
	.byte	11                              @ DW_FORM_data1
	.byte	58                              @ DW_AT_decl_file
	.byte	11                              @ DW_FORM_data1
	.byte	59                              @ DW_AT_decl_line
	.byte	5                               @ DW_FORM_data2
	.byte	0                               @ EOM(1)
	.byte	0                               @ EOM(2)
	.byte	25                              @ Abbreviation Code
	.byte	13                              @ DW_TAG_member
	.byte	0                               @ DW_CHILDREN_no
	.byte	3                               @ DW_AT_name
	.byte	14                              @ DW_FORM_strp
	.byte	73                              @ DW_AT_type
	.byte	19                              @ DW_FORM_ref4
	.byte	58                              @ DW_AT_decl_file
	.byte	11                              @ DW_FORM_data1
	.byte	59                              @ DW_AT_decl_line
	.byte	5                               @ DW_FORM_data2
	.byte	11                              @ DW_AT_byte_size
	.byte	11                              @ DW_FORM_data1
	.byte	13                              @ DW_AT_bit_size
	.byte	11                              @ DW_FORM_data1
	.byte	12                              @ DW_AT_bit_offset
	.byte	11                              @ DW_FORM_data1
	.byte	56                              @ DW_AT_data_member_location
	.byte	11                              @ DW_FORM_data1
	.byte	0                               @ EOM(1)
	.byte	0                               @ EOM(2)
	.byte	26                              @ Abbreviation Code
	.byte	23                              @ DW_TAG_union_type
	.byte	1                               @ DW_CHILDREN_yes
	.byte	11                              @ DW_AT_byte_size
	.byte	11                              @ DW_FORM_data1
	.byte	58                              @ DW_AT_decl_file
	.byte	11                              @ DW_FORM_data1
	.byte	59                              @ DW_AT_decl_line
	.byte	5                               @ DW_FORM_data2
	.byte	0                               @ EOM(1)
	.byte	0                               @ EOM(2)
	.byte	27                              @ Abbreviation Code
	.byte	4                               @ DW_TAG_enumeration_type
	.byte	1                               @ DW_CHILDREN_yes
	.byte	73                              @ DW_AT_type
	.byte	19                              @ DW_FORM_ref4
	.byte	3                               @ DW_AT_name
	.byte	14                              @ DW_FORM_strp
	.byte	11                              @ DW_AT_byte_size
	.byte	11                              @ DW_FORM_data1
	.byte	58                              @ DW_AT_decl_file
	.byte	11                              @ DW_FORM_data1
	.byte	59                              @ DW_AT_decl_line
	.byte	5                               @ DW_FORM_data2
	.byte	0                               @ EOM(1)
	.byte	0                               @ EOM(2)
	.byte	28                              @ Abbreviation Code
	.byte	40                              @ DW_TAG_enumerator
	.byte	0                               @ DW_CHILDREN_no
	.byte	3                               @ DW_AT_name
	.byte	14                              @ DW_FORM_strp
	.byte	28                              @ DW_AT_const_value
	.byte	13                              @ DW_FORM_sdata
	.byte	0                               @ EOM(1)
	.byte	0                               @ EOM(2)
	.byte	29                              @ Abbreviation Code
	.byte	4                               @ DW_TAG_enumeration_type
	.byte	1                               @ DW_CHILDREN_yes
	.byte	73                              @ DW_AT_type
	.byte	19                              @ DW_FORM_ref4
	.byte	3                               @ DW_AT_name
	.byte	14                              @ DW_FORM_strp
	.byte	11                              @ DW_AT_byte_size
	.byte	11                              @ DW_FORM_data1
	.byte	58                              @ DW_AT_decl_file
	.byte	11                              @ DW_FORM_data1
	.byte	59                              @ DW_AT_decl_line
	.byte	11                              @ DW_FORM_data1
	.byte	0                               @ EOM(1)
	.byte	0                               @ EOM(2)
	.byte	30                              @ Abbreviation Code
	.byte	40                              @ DW_TAG_enumerator
	.byte	0                               @ DW_CHILDREN_no
	.byte	3                               @ DW_AT_name
	.byte	14                              @ DW_FORM_strp
	.byte	28                              @ DW_AT_const_value
	.byte	15                              @ DW_FORM_udata
	.byte	0                               @ EOM(1)
	.byte	0                               @ EOM(2)
	.byte	31                              @ Abbreviation Code
	.byte	4                               @ DW_TAG_enumeration_type
	.byte	1                               @ DW_CHILDREN_yes
	.byte	73                              @ DW_AT_type
	.byte	19                              @ DW_FORM_ref4
	.byte	11                              @ DW_AT_byte_size
	.byte	11                              @ DW_FORM_data1
	.byte	58                              @ DW_AT_decl_file
	.byte	11                              @ DW_FORM_data1
	.byte	59                              @ DW_AT_decl_line
	.byte	11                              @ DW_FORM_data1
	.byte	0                               @ EOM(1)
	.byte	0                               @ EOM(2)
	.byte	32                              @ Abbreviation Code
	.byte	4                               @ DW_TAG_enumeration_type
	.byte	1                               @ DW_CHILDREN_yes
	.byte	73                              @ DW_AT_type
	.byte	19                              @ DW_FORM_ref4
	.byte	11                              @ DW_AT_byte_size
	.byte	11                              @ DW_FORM_data1
	.byte	58                              @ DW_AT_decl_file
	.byte	11                              @ DW_FORM_data1
	.byte	59                              @ DW_AT_decl_line
	.byte	5                               @ DW_FORM_data2
	.byte	0                               @ EOM(1)
	.byte	0                               @ EOM(2)
	.byte	33                              @ Abbreviation Code
	.byte	53                              @ DW_TAG_volatile_type
	.byte	0                               @ DW_CHILDREN_no
	.byte	0                               @ EOM(1)
	.byte	0                               @ EOM(2)
	.byte	34                              @ Abbreviation Code
	.byte	46                              @ DW_TAG_subprogram
	.byte	1                               @ DW_CHILDREN_yes
	.byte	17                              @ DW_AT_low_pc
	.byte	1                               @ DW_FORM_addr
	.byte	18                              @ DW_AT_high_pc
	.byte	6                               @ DW_FORM_data4
	.byte	64                              @ DW_AT_frame_base
	.byte	24                              @ DW_FORM_exprloc
	.byte	3                               @ DW_AT_name
	.byte	14                              @ DW_FORM_strp
	.byte	58                              @ DW_AT_decl_file
	.byte	11                              @ DW_FORM_data1
	.byte	59                              @ DW_AT_decl_line
	.byte	5                               @ DW_FORM_data2
	.byte	39                              @ DW_AT_prototyped
	.byte	25                              @ DW_FORM_flag_present
	.byte	73                              @ DW_AT_type
	.byte	19                              @ DW_FORM_ref4
	.byte	63                              @ DW_AT_external
	.byte	25                              @ DW_FORM_flag_present
	.byte	0                               @ EOM(1)
	.byte	0                               @ EOM(2)
	.byte	35                              @ Abbreviation Code
	.byte	5                               @ DW_TAG_formal_parameter
	.byte	0                               @ DW_CHILDREN_no
	.byte	2                               @ DW_AT_location
	.byte	24                              @ DW_FORM_exprloc
	.byte	3                               @ DW_AT_name
	.byte	14                              @ DW_FORM_strp
	.byte	58                              @ DW_AT_decl_file
	.byte	11                              @ DW_FORM_data1
	.byte	59                              @ DW_AT_decl_line
	.byte	5                               @ DW_FORM_data2
	.byte	73                              @ DW_AT_type
	.byte	19                              @ DW_FORM_ref4
	.byte	0                               @ EOM(1)
	.byte	0                               @ EOM(2)
	.byte	36                              @ Abbreviation Code
	.byte	52                              @ DW_TAG_variable
	.byte	0                               @ DW_CHILDREN_no
	.byte	2                               @ DW_AT_location
	.byte	24                              @ DW_FORM_exprloc
	.byte	3                               @ DW_AT_name
	.byte	14                              @ DW_FORM_strp
	.byte	58                              @ DW_AT_decl_file
	.byte	11                              @ DW_FORM_data1
	.byte	59                              @ DW_AT_decl_line
	.byte	5                               @ DW_FORM_data2
	.byte	73                              @ DW_AT_type
	.byte	19                              @ DW_FORM_ref4
	.byte	0                               @ EOM(1)
	.byte	0                               @ EOM(2)
	.byte	37                              @ Abbreviation Code
	.byte	46                              @ DW_TAG_subprogram
	.byte	1                               @ DW_CHILDREN_yes
	.byte	17                              @ DW_AT_low_pc
	.byte	1                               @ DW_FORM_addr
	.byte	18                              @ DW_AT_high_pc
	.byte	6                               @ DW_FORM_data4
	.byte	64                              @ DW_AT_frame_base
	.byte	24                              @ DW_FORM_exprloc
	.byte	3                               @ DW_AT_name
	.byte	14                              @ DW_FORM_strp
	.byte	58                              @ DW_AT_decl_file
	.byte	11                              @ DW_FORM_data1
	.byte	59                              @ DW_AT_decl_line
	.byte	5                               @ DW_FORM_data2
	.byte	39                              @ DW_AT_prototyped
	.byte	25                              @ DW_FORM_flag_present
	.byte	63                              @ DW_AT_external
	.byte	25                              @ DW_FORM_flag_present
	.byte	0                               @ EOM(1)
	.byte	0                               @ EOM(2)
	.byte	38                              @ Abbreviation Code
	.byte	46                              @ DW_TAG_subprogram
	.byte	1                               @ DW_CHILDREN_yes
	.byte	17                              @ DW_AT_low_pc
	.byte	1                               @ DW_FORM_addr
	.byte	18                              @ DW_AT_high_pc
	.byte	6                               @ DW_FORM_data4
	.byte	64                              @ DW_AT_frame_base
	.byte	24                              @ DW_FORM_exprloc
	.byte	3                               @ DW_AT_name
	.byte	14                              @ DW_FORM_strp
	.byte	58                              @ DW_AT_decl_file
	.byte	11                              @ DW_FORM_data1
	.byte	59                              @ DW_AT_decl_line
	.byte	5                               @ DW_FORM_data2
	.byte	39                              @ DW_AT_prototyped
	.byte	25                              @ DW_FORM_flag_present
	.byte	0                               @ EOM(1)
	.byte	0                               @ EOM(2)
	.byte	39                              @ Abbreviation Code
	.byte	46                              @ DW_TAG_subprogram
	.byte	1                               @ DW_CHILDREN_yes
	.byte	17                              @ DW_AT_low_pc
	.byte	1                               @ DW_FORM_addr
	.byte	18                              @ DW_AT_high_pc
	.byte	6                               @ DW_FORM_data4
	.byte	64                              @ DW_AT_frame_base
	.byte	24                              @ DW_FORM_exprloc
	.byte	3                               @ DW_AT_name
	.byte	14                              @ DW_FORM_strp
	.byte	58                              @ DW_AT_decl_file
	.byte	11                              @ DW_FORM_data1
	.byte	59                              @ DW_AT_decl_line
	.byte	5                               @ DW_FORM_data2
	.byte	39                              @ DW_AT_prototyped
	.byte	25                              @ DW_FORM_flag_present
	.byte	73                              @ DW_AT_type
	.byte	19                              @ DW_FORM_ref4
	.byte	0                               @ EOM(1)
	.byte	0                               @ EOM(2)
	.byte	40                              @ Abbreviation Code
	.byte	11                              @ DW_TAG_lexical_block
	.byte	1                               @ DW_CHILDREN_yes
	.byte	17                              @ DW_AT_low_pc
	.byte	1                               @ DW_FORM_addr
	.byte	18                              @ DW_AT_high_pc
	.byte	6                               @ DW_FORM_data4
	.byte	0                               @ EOM(1)
	.byte	0                               @ EOM(2)
	.byte	41                              @ Abbreviation Code
	.byte	46                              @ DW_TAG_subprogram
	.byte	0                               @ DW_CHILDREN_no
	.byte	17                              @ DW_AT_low_pc
	.byte	1                               @ DW_FORM_addr
	.byte	18                              @ DW_AT_high_pc
	.byte	6                               @ DW_FORM_data4
	.byte	64                              @ DW_AT_frame_base
	.byte	24                              @ DW_FORM_exprloc
	.byte	3                               @ DW_AT_name
	.byte	14                              @ DW_FORM_strp
	.byte	58                              @ DW_AT_decl_file
	.byte	11                              @ DW_FORM_data1
	.byte	59                              @ DW_AT_decl_line
	.byte	5                               @ DW_FORM_data2
	.byte	39                              @ DW_AT_prototyped
	.byte	25                              @ DW_FORM_flag_present
	.byte	63                              @ DW_AT_external
	.byte	25                              @ DW_FORM_flag_present
	.byte	0                               @ EOM(1)
	.byte	0                               @ EOM(2)
	.byte	42                              @ Abbreviation Code
	.byte	46                              @ DW_TAG_subprogram
	.byte	1                               @ DW_CHILDREN_yes
	.byte	17                              @ DW_AT_low_pc
	.byte	1                               @ DW_FORM_addr
	.byte	18                              @ DW_AT_high_pc
	.byte	6                               @ DW_FORM_data4
	.byte	64                              @ DW_AT_frame_base
	.byte	24                              @ DW_FORM_exprloc
	.byte	3                               @ DW_AT_name
	.byte	14                              @ DW_FORM_strp
	.byte	58                              @ DW_AT_decl_file
	.byte	11                              @ DW_FORM_data1
	.byte	59                              @ DW_AT_decl_line
	.byte	11                              @ DW_FORM_data1
	.byte	39                              @ DW_AT_prototyped
	.byte	25                              @ DW_FORM_flag_present
	.byte	0                               @ EOM(1)
	.byte	0                               @ EOM(2)
	.byte	43                              @ Abbreviation Code
	.byte	5                               @ DW_TAG_formal_parameter
	.byte	0                               @ DW_CHILDREN_no
	.byte	2                               @ DW_AT_location
	.byte	24                              @ DW_FORM_exprloc
	.byte	3                               @ DW_AT_name
	.byte	14                              @ DW_FORM_strp
	.byte	58                              @ DW_AT_decl_file
	.byte	11                              @ DW_FORM_data1
	.byte	59                              @ DW_AT_decl_line
	.byte	11                              @ DW_FORM_data1
	.byte	73                              @ DW_AT_type
	.byte	19                              @ DW_FORM_ref4
	.byte	0                               @ EOM(1)
	.byte	0                               @ EOM(2)
	.byte	44                              @ Abbreviation Code
	.byte	52                              @ DW_TAG_variable
	.byte	0                               @ DW_CHILDREN_no
	.byte	2                               @ DW_AT_location
	.byte	24                              @ DW_FORM_exprloc
	.byte	3                               @ DW_AT_name
	.byte	14                              @ DW_FORM_strp
	.byte	58                              @ DW_AT_decl_file
	.byte	11                              @ DW_FORM_data1
	.byte	59                              @ DW_AT_decl_line
	.byte	11                              @ DW_FORM_data1
	.byte	73                              @ DW_AT_type
	.byte	19                              @ DW_FORM_ref4
	.byte	0                               @ EOM(1)
	.byte	0                               @ EOM(2)
	.byte	45                              @ Abbreviation Code
	.byte	46                              @ DW_TAG_subprogram
	.byte	1                               @ DW_CHILDREN_yes
	.byte	3                               @ DW_AT_name
	.byte	14                              @ DW_FORM_strp
	.byte	58                              @ DW_AT_decl_file
	.byte	11                              @ DW_FORM_data1
	.byte	59                              @ DW_AT_decl_line
	.byte	5                               @ DW_FORM_data2
	.byte	39                              @ DW_AT_prototyped
	.byte	25                              @ DW_FORM_flag_present
	.byte	73                              @ DW_AT_type
	.byte	19                              @ DW_FORM_ref4
	.byte	32                              @ DW_AT_inline
	.byte	11                              @ DW_FORM_data1
	.byte	0                               @ EOM(1)
	.byte	0                               @ EOM(2)
	.byte	46                              @ Abbreviation Code
	.byte	52                              @ DW_TAG_variable
	.byte	0                               @ DW_CHILDREN_no
	.byte	3                               @ DW_AT_name
	.byte	14                              @ DW_FORM_strp
	.byte	58                              @ DW_AT_decl_file
	.byte	11                              @ DW_FORM_data1
	.byte	59                              @ DW_AT_decl_line
	.byte	5                               @ DW_FORM_data2
	.byte	73                              @ DW_AT_type
	.byte	19                              @ DW_FORM_ref4
	.byte	0                               @ EOM(1)
	.byte	0                               @ EOM(2)
	.byte	47                              @ Abbreviation Code
	.byte	29                              @ DW_TAG_inlined_subroutine
	.byte	1                               @ DW_CHILDREN_yes
	.byte	49                              @ DW_AT_abstract_origin
	.byte	19                              @ DW_FORM_ref4
	.byte	17                              @ DW_AT_low_pc
	.byte	1                               @ DW_FORM_addr
	.byte	18                              @ DW_AT_high_pc
	.byte	6                               @ DW_FORM_data4
	.byte	88                              @ DW_AT_call_file
	.byte	11                              @ DW_FORM_data1
	.byte	89                              @ DW_AT_call_line
	.byte	5                               @ DW_FORM_data2
	.byte	87                              @ DW_AT_call_column
	.byte	11                              @ DW_FORM_data1
	.byte	0                               @ EOM(1)
	.byte	0                               @ EOM(2)
	.byte	48                              @ Abbreviation Code
	.byte	52                              @ DW_TAG_variable
	.byte	0                               @ DW_CHILDREN_no
	.byte	2                               @ DW_AT_location
	.byte	24                              @ DW_FORM_exprloc
	.byte	49                              @ DW_AT_abstract_origin
	.byte	19                              @ DW_FORM_ref4
	.byte	0                               @ EOM(1)
	.byte	0                               @ EOM(2)
	.byte	49                              @ Abbreviation Code
	.byte	46                              @ DW_TAG_subprogram
	.byte	1                               @ DW_CHILDREN_yes
	.byte	3                               @ DW_AT_name
	.byte	14                              @ DW_FORM_strp
	.byte	58                              @ DW_AT_decl_file
	.byte	11                              @ DW_FORM_data1
	.byte	59                              @ DW_AT_decl_line
	.byte	5                               @ DW_FORM_data2
	.byte	39                              @ DW_AT_prototyped
	.byte	25                              @ DW_FORM_flag_present
	.byte	32                              @ DW_AT_inline
	.byte	11                              @ DW_FORM_data1
	.byte	0                               @ EOM(1)
	.byte	0                               @ EOM(2)
	.byte	50                              @ Abbreviation Code
	.byte	5                               @ DW_TAG_formal_parameter
	.byte	0                               @ DW_CHILDREN_no
	.byte	3                               @ DW_AT_name
	.byte	14                              @ DW_FORM_strp
	.byte	58                              @ DW_AT_decl_file
	.byte	11                              @ DW_FORM_data1
	.byte	59                              @ DW_AT_decl_line
	.byte	5                               @ DW_FORM_data2
	.byte	73                              @ DW_AT_type
	.byte	19                              @ DW_FORM_ref4
	.byte	0                               @ EOM(1)
	.byte	0                               @ EOM(2)
	.byte	51                              @ Abbreviation Code
	.byte	5                               @ DW_TAG_formal_parameter
	.byte	0                               @ DW_CHILDREN_no
	.byte	2                               @ DW_AT_location
	.byte	24                              @ DW_FORM_exprloc
	.byte	49                              @ DW_AT_abstract_origin
	.byte	19                              @ DW_FORM_ref4
	.byte	0                               @ EOM(1)
	.byte	0                               @ EOM(2)
	.byte	0                               @ EOM(3)
	.section	.debug_info,"",%progbits
.Lcu_begin0:
	.long	.Ldebug_info_end0-.Ldebug_info_start0 @ Length of Unit
.Ldebug_info_start0:
	.short	4                               @ DWARF version number
	.long	.debug_abbrev                   @ Offset Into Abbrev. Section
	.byte	4                               @ Address Size (in bytes)
	.byte	1                               @ Abbrev [1] 0xb:0x3956 DW_TAG_compile_unit
	.long	.Linfo_string0                  @ DW_AT_producer
	.short	12                              @ DW_AT_language
	.long	.Linfo_string1                  @ DW_AT_name
	.long	.Lline_table_start0             @ DW_AT_stmt_list
	.long	.Linfo_string2                  @ DW_AT_comp_dir
	.long	0                               @ DW_AT_low_pc
	.long	.Ldebug_ranges0                 @ DW_AT_ranges
	.byte	2                               @ Abbrev [2] 0x26:0xe DW_TAG_variable
	.long	52                              @ DW_AT_type
	.byte	1                               @ DW_AT_decl_file
	.short	407                             @ DW_AT_decl_line
	.byte	5                               @ DW_AT_location
	.byte	3
	.long	.L.str
	.byte	3                               @ Abbrev [3] 0x34:0xc DW_TAG_array_type
	.long	64                              @ DW_AT_type
	.byte	4                               @ Abbrev [4] 0x39:0x6 DW_TAG_subrange_type
	.long	71                              @ DW_AT_type
	.byte	38                              @ DW_AT_count
	.byte	0                               @ End Of Children Mark
	.byte	5                               @ Abbrev [5] 0x40:0x7 DW_TAG_base_type
	.long	.Linfo_string3                  @ DW_AT_name
	.byte	6                               @ DW_AT_encoding
	.byte	1                               @ DW_AT_byte_size
	.byte	6                               @ Abbrev [6] 0x47:0x7 DW_TAG_base_type
	.long	.Linfo_string4                  @ DW_AT_name
	.byte	8                               @ DW_AT_byte_size
	.byte	7                               @ DW_AT_encoding
	.byte	2                               @ Abbrev [2] 0x4e:0xe DW_TAG_variable
	.long	92                              @ DW_AT_type
	.byte	1                               @ DW_AT_decl_file
	.short	407                             @ DW_AT_decl_line
	.byte	5                               @ DW_AT_location
	.byte	3
	.long	.L.str.1
	.byte	3                               @ Abbrev [3] 0x5c:0xc DW_TAG_array_type
	.long	64                              @ DW_AT_type
	.byte	4                               @ Abbrev [4] 0x61:0x6 DW_TAG_subrange_type
	.long	71                              @ DW_AT_type
	.byte	41                              @ DW_AT_count
	.byte	0                               @ End Of Children Mark
	.byte	2                               @ Abbrev [2] 0x68:0xe DW_TAG_variable
	.long	118                             @ DW_AT_type
	.byte	1                               @ DW_AT_decl_file
	.short	921                             @ DW_AT_decl_line
	.byte	5                               @ DW_AT_location
	.byte	3
	.long	.L.str.2
	.byte	3                               @ Abbrev [3] 0x76:0xc DW_TAG_array_type
	.long	64                              @ DW_AT_type
	.byte	4                               @ Abbrev [4] 0x7b:0x6 DW_TAG_subrange_type
	.long	71                              @ DW_AT_type
	.byte	16                              @ DW_AT_count
	.byte	0                               @ End Of Children Mark
	.byte	2                               @ Abbrev [2] 0x82:0xe DW_TAG_variable
	.long	144                             @ DW_AT_type
	.byte	1                               @ DW_AT_decl_file
	.short	922                             @ DW_AT_decl_line
	.byte	5                               @ DW_AT_location
	.byte	3
	.long	.L.str.3
	.byte	3                               @ Abbrev [3] 0x90:0xc DW_TAG_array_type
	.long	64                              @ DW_AT_type
	.byte	4                               @ Abbrev [4] 0x95:0x6 DW_TAG_subrange_type
	.long	71                              @ DW_AT_type
	.byte	117                             @ DW_AT_count
	.byte	0                               @ End Of Children Mark
	.byte	2                               @ Abbrev [2] 0x9c:0xe DW_TAG_variable
	.long	170                             @ DW_AT_type
	.byte	1                               @ DW_AT_decl_file
	.short	924                             @ DW_AT_decl_line
	.byte	5                               @ DW_AT_location
	.byte	3
	.long	.L.str.4
	.byte	3                               @ Abbrev [3] 0xaa:0xc DW_TAG_array_type
	.long	64                              @ DW_AT_type
	.byte	4                               @ Abbrev [4] 0xaf:0x6 DW_TAG_subrange_type
	.long	71                              @ DW_AT_type
	.byte	22                              @ DW_AT_count
	.byte	0                               @ End Of Children Mark
	.byte	2                               @ Abbrev [2] 0xb6:0xe DW_TAG_variable
	.long	196                             @ DW_AT_type
	.byte	1                               @ DW_AT_decl_file
	.short	942                             @ DW_AT_decl_line
	.byte	5                               @ DW_AT_location
	.byte	3
	.long	.L.str.5
	.byte	3                               @ Abbrev [3] 0xc4:0xc DW_TAG_array_type
	.long	64                              @ DW_AT_type
	.byte	4                               @ Abbrev [4] 0xc9:0x6 DW_TAG_subrange_type
	.long	71                              @ DW_AT_type
	.byte	27                              @ DW_AT_count
	.byte	0                               @ End Of Children Mark
	.byte	2                               @ Abbrev [2] 0xd0:0xe DW_TAG_variable
	.long	222                             @ DW_AT_type
	.byte	1                               @ DW_AT_decl_file
	.short	1077                            @ DW_AT_decl_line
	.byte	5                               @ DW_AT_location
	.byte	3
	.long	.L.str.6
	.byte	3                               @ Abbrev [3] 0xde:0xc DW_TAG_array_type
	.long	64                              @ DW_AT_type
	.byte	4                               @ Abbrev [4] 0xe3:0x6 DW_TAG_subrange_type
	.long	71                              @ DW_AT_type
	.byte	25                              @ DW_AT_count
	.byte	0                               @ End Of Children Mark
	.byte	2                               @ Abbrev [2] 0xea:0xe DW_TAG_variable
	.long	248                             @ DW_AT_type
	.byte	1                               @ DW_AT_decl_file
	.short	1078                            @ DW_AT_decl_line
	.byte	5                               @ DW_AT_location
	.byte	3
	.long	.L.str.7
	.byte	3                               @ Abbrev [3] 0xf8:0xc DW_TAG_array_type
	.long	64                              @ DW_AT_type
	.byte	4                               @ Abbrev [4] 0xfd:0x6 DW_TAG_subrange_type
	.long	71                              @ DW_AT_type
	.byte	105                             @ DW_AT_count
	.byte	0                               @ End Of Children Mark
	.byte	2                               @ Abbrev [2] 0x104:0xe DW_TAG_variable
	.long	274                             @ DW_AT_type
	.byte	1                               @ DW_AT_decl_file
	.short	1573                            @ DW_AT_decl_line
	.byte	5                               @ DW_AT_location
	.byte	3
	.long	.L.str.8
	.byte	3                               @ Abbrev [3] 0x112:0xc DW_TAG_array_type
	.long	64                              @ DW_AT_type
	.byte	4                               @ Abbrev [4] 0x117:0x6 DW_TAG_subrange_type
	.long	71                              @ DW_AT_type
	.byte	44                              @ DW_AT_count
	.byte	0                               @ End Of Children Mark
	.byte	2                               @ Abbrev [2] 0x11e:0xe DW_TAG_variable
	.long	300                             @ DW_AT_type
	.byte	1                               @ DW_AT_decl_file
	.short	1600                            @ DW_AT_decl_line
	.byte	5                               @ DW_AT_location
	.byte	3
	.long	.L.str.9
	.byte	3                               @ Abbrev [3] 0x12c:0xc DW_TAG_array_type
	.long	64                              @ DW_AT_type
	.byte	4                               @ Abbrev [4] 0x131:0x6 DW_TAG_subrange_type
	.long	71                              @ DW_AT_type
	.byte	42                              @ DW_AT_count
	.byte	0                               @ End Of Children Mark
	.byte	2                               @ Abbrev [2] 0x138:0xe DW_TAG_variable
	.long	326                             @ DW_AT_type
	.byte	1                               @ DW_AT_decl_file
	.short	1602                            @ DW_AT_decl_line
	.byte	5                               @ DW_AT_location
	.byte	3
	.long	.L.str.10
	.byte	3                               @ Abbrev [3] 0x146:0xc DW_TAG_array_type
	.long	64                              @ DW_AT_type
	.byte	4                               @ Abbrev [4] 0x14b:0x6 DW_TAG_subrange_type
	.long	71                              @ DW_AT_type
	.byte	35                              @ DW_AT_count
	.byte	0                               @ End Of Children Mark
	.byte	2                               @ Abbrev [2] 0x152:0xe DW_TAG_variable
	.long	196                             @ DW_AT_type
	.byte	1                               @ DW_AT_decl_file
	.short	1760                            @ DW_AT_decl_line
	.byte	5                               @ DW_AT_location
	.byte	3
	.long	.L.str.11
	.byte	2                               @ Abbrev [2] 0x160:0xe DW_TAG_variable
	.long	366                             @ DW_AT_type
	.byte	1                               @ DW_AT_decl_file
	.short	2128                            @ DW_AT_decl_line
	.byte	5                               @ DW_AT_location
	.byte	3
	.long	.L.str.12
	.byte	3                               @ Abbrev [3] 0x16e:0xc DW_TAG_array_type
	.long	64                              @ DW_AT_type
	.byte	4                               @ Abbrev [4] 0x173:0x6 DW_TAG_subrange_type
	.long	71                              @ DW_AT_type
	.byte	29                              @ DW_AT_count
	.byte	0                               @ End Of Children Mark
	.byte	2                               @ Abbrev [2] 0x17a:0xe DW_TAG_variable
	.long	392                             @ DW_AT_type
	.byte	1                               @ DW_AT_decl_file
	.short	2129                            @ DW_AT_decl_line
	.byte	5                               @ DW_AT_location
	.byte	3
	.long	.L.str.13
	.byte	3                               @ Abbrev [3] 0x188:0xc DW_TAG_array_type
	.long	64                              @ DW_AT_type
	.byte	4                               @ Abbrev [4] 0x18d:0x6 DW_TAG_subrange_type
	.long	71                              @ DW_AT_type
	.byte	31                              @ DW_AT_count
	.byte	0                               @ End Of Children Mark
	.byte	2                               @ Abbrev [2] 0x194:0xe DW_TAG_variable
	.long	418                             @ DW_AT_type
	.byte	1                               @ DW_AT_decl_file
	.short	2131                            @ DW_AT_decl_line
	.byte	5                               @ DW_AT_location
	.byte	3
	.long	.L.str.14
	.byte	3                               @ Abbrev [3] 0x1a2:0xc DW_TAG_array_type
	.long	64                              @ DW_AT_type
	.byte	4                               @ Abbrev [4] 0x1a7:0x6 DW_TAG_subrange_type
	.long	71                              @ DW_AT_type
	.byte	21                              @ DW_AT_count
	.byte	0                               @ End Of Children Mark
	.byte	2                               @ Abbrev [2] 0x1ae:0xe DW_TAG_variable
	.long	444                             @ DW_AT_type
	.byte	1                               @ DW_AT_decl_file
	.short	2292                            @ DW_AT_decl_line
	.byte	5                               @ DW_AT_location
	.byte	3
	.long	.L.str.15
	.byte	3                               @ Abbrev [3] 0x1bc:0xc DW_TAG_array_type
	.long	64                              @ DW_AT_type
	.byte	4                               @ Abbrev [4] 0x1c1:0x6 DW_TAG_subrange_type
	.long	71                              @ DW_AT_type
	.byte	45                              @ DW_AT_count
	.byte	0                               @ End Of Children Mark
	.byte	2                               @ Abbrev [2] 0x1c8:0xe DW_TAG_variable
	.long	444                             @ DW_AT_type
	.byte	1                               @ DW_AT_decl_file
	.short	2413                            @ DW_AT_decl_line
	.byte	5                               @ DW_AT_location
	.byte	3
	.long	.L.str.16
	.byte	2                               @ Abbrev [2] 0x1d6:0xe DW_TAG_variable
	.long	326                             @ DW_AT_type
	.byte	1                               @ DW_AT_decl_file
	.short	2424                            @ DW_AT_decl_line
	.byte	5                               @ DW_AT_location
	.byte	3
	.long	.L.str.17
	.byte	2                               @ Abbrev [2] 0x1e4:0xe DW_TAG_variable
	.long	498                             @ DW_AT_type
	.byte	1                               @ DW_AT_decl_file
	.short	2442                            @ DW_AT_decl_line
	.byte	5                               @ DW_AT_location
	.byte	3
	.long	.L.str.18
	.byte	3                               @ Abbrev [3] 0x1f2:0xc DW_TAG_array_type
	.long	64                              @ DW_AT_type
	.byte	4                               @ Abbrev [4] 0x1f7:0x6 DW_TAG_subrange_type
	.long	71                              @ DW_AT_type
	.byte	37                              @ DW_AT_count
	.byte	0                               @ End Of Children Mark
	.byte	2                               @ Abbrev [2] 0x1fe:0xe DW_TAG_variable
	.long	524                             @ DW_AT_type
	.byte	1                               @ DW_AT_decl_file
	.short	2491                            @ DW_AT_decl_line
	.byte	5                               @ DW_AT_location
	.byte	3
	.long	.L.str.19
	.byte	3                               @ Abbrev [3] 0x20c:0xc DW_TAG_array_type
	.long	64                              @ DW_AT_type
	.byte	4                               @ Abbrev [4] 0x211:0x6 DW_TAG_subrange_type
	.long	71                              @ DW_AT_type
	.byte	6                               @ DW_AT_count
	.byte	0                               @ End Of Children Mark
	.byte	2                               @ Abbrev [2] 0x218:0xe DW_TAG_variable
	.long	550                             @ DW_AT_type
	.byte	1                               @ DW_AT_decl_file
	.short	2779                            @ DW_AT_decl_line
	.byte	5                               @ DW_AT_location
	.byte	3
	.long	.L.str.20
	.byte	3                               @ Abbrev [3] 0x226:0xc DW_TAG_array_type
	.long	64                              @ DW_AT_type
	.byte	4                               @ Abbrev [4] 0x22b:0x6 DW_TAG_subrange_type
	.long	71                              @ DW_AT_type
	.byte	17                              @ DW_AT_count
	.byte	0                               @ End Of Children Mark
	.byte	2                               @ Abbrev [2] 0x232:0xe DW_TAG_variable
	.long	576                             @ DW_AT_type
	.byte	1                               @ DW_AT_decl_file
	.short	2780                            @ DW_AT_decl_line
	.byte	5                               @ DW_AT_location
	.byte	3
	.long	.L.str.21
	.byte	3                               @ Abbrev [3] 0x240:0xc DW_TAG_array_type
	.long	64                              @ DW_AT_type
	.byte	4                               @ Abbrev [4] 0x245:0x6 DW_TAG_subrange_type
	.long	71                              @ DW_AT_type
	.byte	23                              @ DW_AT_count
	.byte	0                               @ End Of Children Mark
	.byte	2                               @ Abbrev [2] 0x24c:0xe DW_TAG_variable
	.long	550                             @ DW_AT_type
	.byte	1                               @ DW_AT_decl_file
	.short	2951                            @ DW_AT_decl_line
	.byte	5                               @ DW_AT_location
	.byte	3
	.long	.L.str.22
	.byte	2                               @ Abbrev [2] 0x25a:0xe DW_TAG_variable
	.long	616                             @ DW_AT_type
	.byte	1                               @ DW_AT_decl_file
	.short	3468                            @ DW_AT_decl_line
	.byte	5                               @ DW_AT_location
	.byte	3
	.long	.L.str.23
	.byte	3                               @ Abbrev [3] 0x268:0xc DW_TAG_array_type
	.long	64                              @ DW_AT_type
	.byte	4                               @ Abbrev [4] 0x26d:0x6 DW_TAG_subrange_type
	.long	71                              @ DW_AT_type
	.byte	15                              @ DW_AT_count
	.byte	0                               @ End Of Children Mark
	.byte	2                               @ Abbrev [2] 0x274:0xe DW_TAG_variable
	.long	118                             @ DW_AT_type
	.byte	1                               @ DW_AT_decl_file
	.short	3552                            @ DW_AT_decl_line
	.byte	5                               @ DW_AT_location
	.byte	3
	.long	.L.str.24
	.byte	2                               @ Abbrev [2] 0x282:0xe DW_TAG_variable
	.long	656                             @ DW_AT_type
	.byte	1                               @ DW_AT_decl_file
	.short	3553                            @ DW_AT_decl_line
	.byte	5                               @ DW_AT_location
	.byte	3
	.long	.L.str.25
	.byte	3                               @ Abbrev [3] 0x290:0xc DW_TAG_array_type
	.long	64                              @ DW_AT_type
	.byte	4                               @ Abbrev [4] 0x295:0x6 DW_TAG_subrange_type
	.long	71                              @ DW_AT_type
	.byte	51                              @ DW_AT_count
	.byte	0                               @ End Of Children Mark
	.byte	2                               @ Abbrev [2] 0x29c:0xe DW_TAG_variable
	.long	274                             @ DW_AT_type
	.byte	1                               @ DW_AT_decl_file
	.short	3555                            @ DW_AT_decl_line
	.byte	5                               @ DW_AT_location
	.byte	3
	.long	.L.str.26
	.byte	2                               @ Abbrev [2] 0x2aa:0xe DW_TAG_variable
	.long	696                             @ DW_AT_type
	.byte	1                               @ DW_AT_decl_file
	.short	3788                            @ DW_AT_decl_line
	.byte	5                               @ DW_AT_location
	.byte	3
	.long	.L.str.27
	.byte	3                               @ Abbrev [3] 0x2b8:0xc DW_TAG_array_type
	.long	64                              @ DW_AT_type
	.byte	4                               @ Abbrev [4] 0x2bd:0x6 DW_TAG_subrange_type
	.long	71                              @ DW_AT_type
	.byte	18                              @ DW_AT_count
	.byte	0                               @ End Of Children Mark
	.byte	2                               @ Abbrev [2] 0x2c4:0xe DW_TAG_variable
	.long	196                             @ DW_AT_type
	.byte	1                               @ DW_AT_decl_file
	.short	4525                            @ DW_AT_decl_line
	.byte	5                               @ DW_AT_location
	.byte	3
	.long	.L.str.28
	.byte	2                               @ Abbrev [2] 0x2d2:0xe DW_TAG_variable
	.long	196                             @ DW_AT_type
	.byte	1                               @ DW_AT_decl_file
	.short	4536                            @ DW_AT_decl_line
	.byte	5                               @ DW_AT_location
	.byte	3
	.long	.L.str.29
	.byte	2                               @ Abbrev [2] 0x2e0:0xe DW_TAG_variable
	.long	196                             @ DW_AT_type
	.byte	1                               @ DW_AT_decl_file
	.short	4547                            @ DW_AT_decl_line
	.byte	5                               @ DW_AT_location
	.byte	3
	.long	.L.str.30
	.byte	7                               @ Abbrev [7] 0x2ee:0x12 DW_TAG_variable
	.long	.Linfo_string5                  @ DW_AT_name
	.long	768                             @ DW_AT_type
	.byte	1                               @ DW_AT_decl_file
	.short	350                             @ DW_AT_decl_line
	.byte	5                               @ DW_AT_location
	.byte	3
	.long	s_flexcanHandle
	.byte	3                               @ Abbrev [3] 0x300:0xc DW_TAG_array_type
	.long	780                             @ DW_AT_type
	.byte	4                               @ Abbrev [4] 0x305:0x6 DW_TAG_subrange_type
	.long	71                              @ DW_AT_type
	.byte	4                               @ DW_AT_count
	.byte	0                               @ End Of Children Mark
	.byte	8                               @ Abbrev [8] 0x30c:0x5 DW_TAG_pointer_type
	.long	785                             @ DW_AT_type
	.byte	9                               @ Abbrev [9] 0x311:0xc DW_TAG_typedef
	.long	797                             @ DW_AT_type
	.long	.Linfo_string96                 @ DW_AT_name
	.byte	5                               @ DW_AT_decl_file
	.short	967                             @ DW_AT_decl_line
	.byte	10                              @ Abbrev [10] 0x31d:0x78 DW_TAG_structure_type
	.long	.Linfo_string95                 @ DW_AT_name
	.short	848                             @ DW_AT_byte_size
	.byte	5                               @ DW_AT_decl_file
	.short	993                             @ DW_AT_decl_line
	.byte	11                              @ Abbrev [11] 0x327:0xd DW_TAG_member
	.long	.Linfo_string6                  @ DW_AT_name
	.long	917                             @ DW_AT_type
	.byte	5                               @ DW_AT_decl_file
	.short	995                             @ DW_AT_decl_line
	.byte	0                               @ DW_AT_data_member_location
	.byte	11                              @ Abbrev [11] 0x334:0xd DW_TAG_member
	.long	.Linfo_string64                 @ DW_AT_name
	.long	2312                            @ DW_AT_type
	.byte	5                               @ DW_AT_decl_file
	.short	996                             @ DW_AT_decl_line
	.byte	4                               @ DW_AT_data_member_location
	.byte	11                              @ Abbrev [11] 0x341:0xd DW_TAG_member
	.long	.Linfo_string65                 @ DW_AT_name
	.long	2313                            @ DW_AT_type
	.byte	5                               @ DW_AT_decl_file
	.short	998                             @ DW_AT_decl_line
	.byte	8                               @ DW_AT_data_member_location
	.byte	12                              @ Abbrev [12] 0x34e:0xe DW_TAG_member
	.long	.Linfo_string84                 @ DW_AT_name
	.long	2658                            @ DW_AT_type
	.byte	5                               @ DW_AT_decl_file
	.short	1001                            @ DW_AT_decl_line
	.short	264                             @ DW_AT_data_member_location
	.byte	12                              @ Abbrev [12] 0x35c:0xe DW_TAG_member
	.long	.Linfo_string92                 @ DW_AT_name
	.long	2325                            @ DW_AT_type
	.byte	5                               @ DW_AT_decl_file
	.short	1003                            @ DW_AT_decl_line
	.short	520                             @ DW_AT_data_member_location
	.byte	12                              @ Abbrev [12] 0x36a:0xe DW_TAG_member
	.long	.Linfo_string93                 @ DW_AT_name
	.long	3050                            @ DW_AT_type
	.byte	5                               @ DW_AT_decl_file
	.short	1009                            @ DW_AT_decl_line
	.short	524                             @ DW_AT_data_member_location
	.byte	12                              @ Abbrev [12] 0x378:0xe DW_TAG_member
	.long	.Linfo_string94                 @ DW_AT_name
	.long	3062                            @ DW_AT_type
	.byte	5                               @ DW_AT_decl_file
	.short	1010                            @ DW_AT_decl_line
	.short	588                             @ DW_AT_data_member_location
	.byte	12                              @ Abbrev [12] 0x386:0xe DW_TAG_member
	.long	.Linfo_string66                 @ DW_AT_name
	.long	2246                            @ DW_AT_type
	.byte	5                               @ DW_AT_decl_file
	.short	1011                            @ DW_AT_decl_line
	.short	592                             @ DW_AT_data_member_location
	.byte	0                               @ End Of Children Mark
	.byte	9                               @ Abbrev [9] 0x395:0xc DW_TAG_typedef
	.long	929                             @ DW_AT_type
	.long	.Linfo_string63                 @ DW_AT_name
	.byte	5                               @ DW_AT_decl_file
	.short	988                             @ DW_AT_decl_line
	.byte	8                               @ Abbrev [8] 0x3a1:0x5 DW_TAG_pointer_type
	.long	934                             @ DW_AT_type
	.byte	13                              @ Abbrev [13] 0x3a6:0x1b DW_TAG_subroutine_type
                                        @ DW_AT_prototyped
	.byte	14                              @ Abbrev [14] 0x3a7:0x5 DW_TAG_formal_parameter
	.long	961                             @ DW_AT_type
	.byte	14                              @ Abbrev [14] 0x3ac:0x5 DW_TAG_formal_parameter
	.long	780                             @ DW_AT_type
	.byte	14                              @ Abbrev [14] 0x3b1:0x5 DW_TAG_formal_parameter
	.long	2283                            @ DW_AT_type
	.byte	14                              @ Abbrev [14] 0x3b6:0x5 DW_TAG_formal_parameter
	.long	2012                            @ DW_AT_type
	.byte	14                              @ Abbrev [14] 0x3bb:0x5 DW_TAG_formal_parameter
	.long	2312                            @ DW_AT_type
	.byte	0                               @ End Of Children Mark
	.byte	8                               @ Abbrev [8] 0x3c1:0x5 DW_TAG_pointer_type
	.long	966                             @ DW_AT_type
	.byte	9                               @ Abbrev [9] 0x3c6:0xc DW_TAG_typedef
	.long	978                             @ DW_AT_type
	.long	.Linfo_string59                 @ DW_AT_name
	.byte	3                               @ DW_AT_decl_file
	.short	4327                            @ DW_AT_decl_line
	.byte	15                              @ Abbrev [15] 0x3d2:0x405 DW_TAG_structure_type
	.short	3084                            @ DW_AT_byte_size
	.byte	3                               @ DW_AT_decl_file
	.short	4242                            @ DW_AT_decl_line
	.byte	11                              @ Abbrev [11] 0x3d8:0xd DW_TAG_member
	.long	.Linfo_string7                  @ DW_AT_name
	.long	2007                            @ DW_AT_type
	.byte	3                               @ DW_AT_decl_file
	.short	4243                            @ DW_AT_decl_line
	.byte	0                               @ DW_AT_data_member_location
	.byte	11                              @ Abbrev [11] 0x3e5:0xd DW_TAG_member
	.long	.Linfo_string10                 @ DW_AT_name
	.long	2007                            @ DW_AT_type
	.byte	3                               @ DW_AT_decl_file
	.short	4244                            @ DW_AT_decl_line
	.byte	4                               @ DW_AT_data_member_location
	.byte	11                              @ Abbrev [11] 0x3f2:0xd DW_TAG_member
	.long	.Linfo_string11                 @ DW_AT_name
	.long	2007                            @ DW_AT_type
	.byte	3                               @ DW_AT_decl_file
	.short	4245                            @ DW_AT_decl_line
	.byte	8                               @ DW_AT_data_member_location
	.byte	11                              @ Abbrev [11] 0x3ff:0xd DW_TAG_member
	.long	.Linfo_string12                 @ DW_AT_name
	.long	2030                            @ DW_AT_type
	.byte	3                               @ DW_AT_decl_file
	.short	4246                            @ DW_AT_decl_line
	.byte	12                              @ DW_AT_data_member_location
	.byte	11                              @ Abbrev [11] 0x40c:0xd DW_TAG_member
	.long	.Linfo_string15                 @ DW_AT_name
	.long	2007                            @ DW_AT_type
	.byte	3                               @ DW_AT_decl_file
	.short	4247                            @ DW_AT_decl_line
	.byte	16                              @ DW_AT_data_member_location
	.byte	11                              @ Abbrev [11] 0x419:0xd DW_TAG_member
	.long	.Linfo_string16                 @ DW_AT_name
	.long	2007                            @ DW_AT_type
	.byte	3                               @ DW_AT_decl_file
	.short	4248                            @ DW_AT_decl_line
	.byte	20                              @ DW_AT_data_member_location
	.byte	11                              @ Abbrev [11] 0x426:0xd DW_TAG_member
	.long	.Linfo_string17                 @ DW_AT_name
	.long	2007                            @ DW_AT_type
	.byte	3                               @ DW_AT_decl_file
	.short	4249                            @ DW_AT_decl_line
	.byte	24                              @ DW_AT_data_member_location
	.byte	11                              @ Abbrev [11] 0x433:0xd DW_TAG_member
	.long	.Linfo_string18                 @ DW_AT_name
	.long	2007                            @ DW_AT_type
	.byte	3                               @ DW_AT_decl_file
	.short	4250                            @ DW_AT_decl_line
	.byte	28                              @ DW_AT_data_member_location
	.byte	11                              @ Abbrev [11] 0x440:0xd DW_TAG_member
	.long	.Linfo_string19                 @ DW_AT_name
	.long	2007                            @ DW_AT_type
	.byte	3                               @ DW_AT_decl_file
	.short	4251                            @ DW_AT_decl_line
	.byte	32                              @ DW_AT_data_member_location
	.byte	11                              @ Abbrev [11] 0x44d:0xd DW_TAG_member
	.long	.Linfo_string20                 @ DW_AT_name
	.long	2007                            @ DW_AT_type
	.byte	3                               @ DW_AT_decl_file
	.short	4252                            @ DW_AT_decl_line
	.byte	36                              @ DW_AT_data_member_location
	.byte	11                              @ Abbrev [11] 0x45a:0xd DW_TAG_member
	.long	.Linfo_string21                 @ DW_AT_name
	.long	2007                            @ DW_AT_type
	.byte	3                               @ DW_AT_decl_file
	.short	4253                            @ DW_AT_decl_line
	.byte	40                              @ DW_AT_data_member_location
	.byte	11                              @ Abbrev [11] 0x467:0xd DW_TAG_member
	.long	.Linfo_string22                 @ DW_AT_name
	.long	2007                            @ DW_AT_type
	.byte	3                               @ DW_AT_decl_file
	.short	4254                            @ DW_AT_decl_line
	.byte	44                              @ DW_AT_data_member_location
	.byte	11                              @ Abbrev [11] 0x474:0xd DW_TAG_member
	.long	.Linfo_string23                 @ DW_AT_name
	.long	2007                            @ DW_AT_type
	.byte	3                               @ DW_AT_decl_file
	.short	4255                            @ DW_AT_decl_line
	.byte	48                              @ DW_AT_data_member_location
	.byte	11                              @ Abbrev [11] 0x481:0xd DW_TAG_member
	.long	.Linfo_string24                 @ DW_AT_name
	.long	2007                            @ DW_AT_type
	.byte	3                               @ DW_AT_decl_file
	.short	4256                            @ DW_AT_decl_line
	.byte	52                              @ DW_AT_data_member_location
	.byte	11                              @ Abbrev [11] 0x48e:0xd DW_TAG_member
	.long	.Linfo_string25                 @ DW_AT_name
	.long	2060                            @ DW_AT_type
	.byte	3                               @ DW_AT_decl_file
	.short	4257                            @ DW_AT_decl_line
	.byte	56                              @ DW_AT_data_member_location
	.byte	11                              @ Abbrev [11] 0x49b:0xd DW_TAG_member
	.long	.Linfo_string26                 @ DW_AT_name
	.long	2065                            @ DW_AT_type
	.byte	3                               @ DW_AT_decl_file
	.short	4258                            @ DW_AT_decl_line
	.byte	60                              @ DW_AT_data_member_location
	.byte	11                              @ Abbrev [11] 0x4a8:0xd DW_TAG_member
	.long	.Linfo_string27                 @ DW_AT_name
	.long	2060                            @ DW_AT_type
	.byte	3                               @ DW_AT_decl_file
	.short	4259                            @ DW_AT_decl_line
	.byte	68                              @ DW_AT_data_member_location
	.byte	11                              @ Abbrev [11] 0x4b5:0xd DW_TAG_member
	.long	.Linfo_string28                 @ DW_AT_name
	.long	2007                            @ DW_AT_type
	.byte	3                               @ DW_AT_decl_file
	.short	4260                            @ DW_AT_decl_line
	.byte	72                              @ DW_AT_data_member_location
	.byte	11                              @ Abbrev [11] 0x4c2:0xd DW_TAG_member
	.long	.Linfo_string29                 @ DW_AT_name
	.long	2060                            @ DW_AT_type
	.byte	3                               @ DW_AT_decl_file
	.short	4261                            @ DW_AT_decl_line
	.byte	76                              @ DW_AT_data_member_location
	.byte	11                              @ Abbrev [11] 0x4cf:0xd DW_TAG_member
	.long	.Linfo_string30                 @ DW_AT_name
	.long	2007                            @ DW_AT_type
	.byte	3                               @ DW_AT_decl_file
	.short	4262                            @ DW_AT_decl_line
	.byte	80                              @ DW_AT_data_member_location
	.byte	11                              @ Abbrev [11] 0x4dc:0xd DW_TAG_member
	.long	.Linfo_string31                 @ DW_AT_name
	.long	2030                            @ DW_AT_type
	.byte	3                               @ DW_AT_decl_file
	.short	4263                            @ DW_AT_decl_line
	.byte	84                              @ DW_AT_data_member_location
	.byte	11                              @ Abbrev [11] 0x4e9:0xd DW_TAG_member
	.long	.Linfo_string32                 @ DW_AT_name
	.long	2060                            @ DW_AT_type
	.byte	3                               @ DW_AT_decl_file
	.short	4264                            @ DW_AT_decl_line
	.byte	88                              @ DW_AT_data_member_location
	.byte	11                              @ Abbrev [11] 0x4f6:0xd DW_TAG_member
	.long	.Linfo_string33                 @ DW_AT_name
	.long	2060                            @ DW_AT_type
	.byte	3                               @ DW_AT_decl_file
	.short	4265                            @ DW_AT_decl_line
	.byte	92                              @ DW_AT_data_member_location
	.byte	11                              @ Abbrev [11] 0x503:0xd DW_TAG_member
	.long	.Linfo_string34                 @ DW_AT_name
	.long	2077                            @ DW_AT_type
	.byte	3                               @ DW_AT_decl_file
	.short	4266                            @ DW_AT_decl_line
	.byte	96                              @ DW_AT_data_member_location
	.byte	16                              @ Abbrev [16] 0x510:0x9 DW_TAG_member
	.long	1305                            @ DW_AT_type
	.byte	3                               @ DW_AT_decl_file
	.short	4267                            @ DW_AT_decl_line
	.byte	128                             @ DW_AT_data_member_location
	.byte	17                              @ Abbrev [17] 0x519:0x24d DW_TAG_union_type
	.short	1024                            @ DW_AT_byte_size
	.byte	3                               @ DW_AT_decl_file
	.short	4267                            @ DW_AT_decl_line
	.byte	11                              @ Abbrev [11] 0x51f:0xd DW_TAG_member
	.long	.Linfo_string35                 @ DW_AT_name
	.long	2089                            @ DW_AT_type
	.byte	3                               @ DW_AT_decl_file
	.short	4272                            @ DW_AT_decl_line
	.byte	0                               @ DW_AT_data_member_location
	.byte	18                              @ Abbrev [18] 0x52c:0x2d DW_TAG_structure_type
	.byte	16                              @ DW_AT_byte_size
	.byte	3                               @ DW_AT_decl_file
	.short	4268                            @ DW_AT_decl_line
	.byte	11                              @ Abbrev [11] 0x531:0xd DW_TAG_member
	.long	.Linfo_string36                 @ DW_AT_name
	.long	2007                            @ DW_AT_type
	.byte	3                               @ DW_AT_decl_file
	.short	4269                            @ DW_AT_decl_line
	.byte	0                               @ DW_AT_data_member_location
	.byte	11                              @ Abbrev [11] 0x53e:0xd DW_TAG_member
	.long	.Linfo_string37                 @ DW_AT_name
	.long	2007                            @ DW_AT_type
	.byte	3                               @ DW_AT_decl_file
	.short	4270                            @ DW_AT_decl_line
	.byte	4                               @ DW_AT_data_member_location
	.byte	11                              @ Abbrev [11] 0x54b:0xd DW_TAG_member
	.long	.Linfo_string38                 @ DW_AT_name
	.long	2101                            @ DW_AT_type
	.byte	3                               @ DW_AT_decl_file
	.short	4271                            @ DW_AT_decl_line
	.byte	8                               @ DW_AT_data_member_location
	.byte	0                               @ End Of Children Mark
	.byte	11                              @ Abbrev [11] 0x559:0xd DW_TAG_member
	.long	.Linfo_string39                 @ DW_AT_name
	.long	1382                            @ DW_AT_type
	.byte	3                               @ DW_AT_decl_file
	.short	4285                            @ DW_AT_decl_line
	.byte	0                               @ DW_AT_data_member_location
	.byte	15                              @ Abbrev [15] 0x566:0x8a DW_TAG_structure_type
	.short	1016                            @ DW_AT_byte_size
	.byte	3                               @ DW_AT_decl_file
	.short	4273                            @ DW_AT_decl_line
	.byte	11                              @ Abbrev [11] 0x56c:0xd DW_TAG_member
	.long	.Linfo_string40                 @ DW_AT_name
	.long	2113                            @ DW_AT_type
	.byte	3                               @ DW_AT_decl_file
	.short	4278                            @ DW_AT_decl_line
	.byte	0                               @ DW_AT_data_member_location
	.byte	18                              @ Abbrev [18] 0x579:0x2d DW_TAG_structure_type
	.byte	24                              @ DW_AT_byte_size
	.byte	3                               @ DW_AT_decl_file
	.short	4274                            @ DW_AT_decl_line
	.byte	11                              @ Abbrev [11] 0x57e:0xd DW_TAG_member
	.long	.Linfo_string36                 @ DW_AT_name
	.long	2007                            @ DW_AT_type
	.byte	3                               @ DW_AT_decl_file
	.short	4275                            @ DW_AT_decl_line
	.byte	0                               @ DW_AT_data_member_location
	.byte	11                              @ Abbrev [11] 0x58b:0xd DW_TAG_member
	.long	.Linfo_string37                 @ DW_AT_name
	.long	2007                            @ DW_AT_type
	.byte	3                               @ DW_AT_decl_file
	.short	4276                            @ DW_AT_decl_line
	.byte	4                               @ DW_AT_data_member_location
	.byte	11                              @ Abbrev [11] 0x598:0xd DW_TAG_member
	.long	.Linfo_string38                 @ DW_AT_name
	.long	2125                            @ DW_AT_type
	.byte	3                               @ DW_AT_decl_file
	.short	4277                            @ DW_AT_decl_line
	.byte	8                               @ DW_AT_data_member_location
	.byte	0                               @ End Of Children Mark
	.byte	12                              @ Abbrev [12] 0x5a6:0xe DW_TAG_member
	.long	.Linfo_string12                 @ DW_AT_name
	.long	2065                            @ DW_AT_type
	.byte	3                               @ DW_AT_decl_file
	.short	4279                            @ DW_AT_decl_line
	.short	504                             @ DW_AT_data_member_location
	.byte	12                              @ Abbrev [12] 0x5b4:0xe DW_TAG_member
	.long	.Linfo_string41                 @ DW_AT_name
	.long	2137                            @ DW_AT_type
	.byte	3                               @ DW_AT_decl_file
	.short	4284                            @ DW_AT_decl_line
	.short	512                             @ DW_AT_data_member_location
	.byte	18                              @ Abbrev [18] 0x5c2:0x2d DW_TAG_structure_type
	.byte	24                              @ DW_AT_byte_size
	.byte	3                               @ DW_AT_decl_file
	.short	4280                            @ DW_AT_decl_line
	.byte	11                              @ Abbrev [11] 0x5c7:0xd DW_TAG_member
	.long	.Linfo_string36                 @ DW_AT_name
	.long	2007                            @ DW_AT_type
	.byte	3                               @ DW_AT_decl_file
	.short	4281                            @ DW_AT_decl_line
	.byte	0                               @ DW_AT_data_member_location
	.byte	11                              @ Abbrev [11] 0x5d4:0xd DW_TAG_member
	.long	.Linfo_string37                 @ DW_AT_name
	.long	2007                            @ DW_AT_type
	.byte	3                               @ DW_AT_decl_file
	.short	4282                            @ DW_AT_decl_line
	.byte	4                               @ DW_AT_data_member_location
	.byte	11                              @ Abbrev [11] 0x5e1:0xd DW_TAG_member
	.long	.Linfo_string38                 @ DW_AT_name
	.long	2125                            @ DW_AT_type
	.byte	3                               @ DW_AT_decl_file
	.short	4283                            @ DW_AT_decl_line
	.byte	8                               @ DW_AT_data_member_location
	.byte	0                               @ End Of Children Mark
	.byte	0                               @ End Of Children Mark
	.byte	11                              @ Abbrev [11] 0x5f0:0xd DW_TAG_member
	.long	.Linfo_string42                 @ DW_AT_name
	.long	1533                            @ DW_AT_type
	.byte	3                               @ DW_AT_decl_file
	.short	4298                            @ DW_AT_decl_line
	.byte	0                               @ DW_AT_data_member_location
	.byte	15                              @ Abbrev [15] 0x5fd:0x8a DW_TAG_structure_type
	.short	992                             @ DW_AT_byte_size
	.byte	3                               @ DW_AT_decl_file
	.short	4286                            @ DW_AT_decl_line
	.byte	11                              @ Abbrev [11] 0x603:0xd DW_TAG_member
	.long	.Linfo_string43                 @ DW_AT_name
	.long	2149                            @ DW_AT_type
	.byte	3                               @ DW_AT_decl_file
	.short	4291                            @ DW_AT_decl_line
	.byte	0                               @ DW_AT_data_member_location
	.byte	18                              @ Abbrev [18] 0x610:0x2d DW_TAG_structure_type
	.byte	40                              @ DW_AT_byte_size
	.byte	3                               @ DW_AT_decl_file
	.short	4287                            @ DW_AT_decl_line
	.byte	11                              @ Abbrev [11] 0x615:0xd DW_TAG_member
	.long	.Linfo_string36                 @ DW_AT_name
	.long	2007                            @ DW_AT_type
	.byte	3                               @ DW_AT_decl_file
	.short	4288                            @ DW_AT_decl_line
	.byte	0                               @ DW_AT_data_member_location
	.byte	11                              @ Abbrev [11] 0x622:0xd DW_TAG_member
	.long	.Linfo_string37                 @ DW_AT_name
	.long	2007                            @ DW_AT_type
	.byte	3                               @ DW_AT_decl_file
	.short	4289                            @ DW_AT_decl_line
	.byte	4                               @ DW_AT_data_member_location
	.byte	11                              @ Abbrev [11] 0x62f:0xd DW_TAG_member
	.long	.Linfo_string38                 @ DW_AT_name
	.long	2161                            @ DW_AT_type
	.byte	3                               @ DW_AT_decl_file
	.short	4290                            @ DW_AT_decl_line
	.byte	8                               @ DW_AT_data_member_location
	.byte	0                               @ End Of Children Mark
	.byte	12                              @ Abbrev [12] 0x63d:0xe DW_TAG_member
	.long	.Linfo_string12                 @ DW_AT_name
	.long	2077                            @ DW_AT_type
	.byte	3                               @ DW_AT_decl_file
	.short	4292                            @ DW_AT_decl_line
	.short	480                             @ DW_AT_data_member_location
	.byte	12                              @ Abbrev [12] 0x64b:0xe DW_TAG_member
	.long	.Linfo_string44                 @ DW_AT_name
	.long	2173                            @ DW_AT_type
	.byte	3                               @ DW_AT_decl_file
	.short	4297                            @ DW_AT_decl_line
	.short	512                             @ DW_AT_data_member_location
	.byte	18                              @ Abbrev [18] 0x659:0x2d DW_TAG_structure_type
	.byte	40                              @ DW_AT_byte_size
	.byte	3                               @ DW_AT_decl_file
	.short	4293                            @ DW_AT_decl_line
	.byte	11                              @ Abbrev [11] 0x65e:0xd DW_TAG_member
	.long	.Linfo_string36                 @ DW_AT_name
	.long	2007                            @ DW_AT_type
	.byte	3                               @ DW_AT_decl_file
	.short	4294                            @ DW_AT_decl_line
	.byte	0                               @ DW_AT_data_member_location
	.byte	11                              @ Abbrev [11] 0x66b:0xd DW_TAG_member
	.long	.Linfo_string37                 @ DW_AT_name
	.long	2007                            @ DW_AT_type
	.byte	3                               @ DW_AT_decl_file
	.short	4295                            @ DW_AT_decl_line
	.byte	4                               @ DW_AT_data_member_location
	.byte	11                              @ Abbrev [11] 0x678:0xd DW_TAG_member
	.long	.Linfo_string38                 @ DW_AT_name
	.long	2161                            @ DW_AT_type
	.byte	3                               @ DW_AT_decl_file
	.short	4296                            @ DW_AT_decl_line
	.byte	8                               @ DW_AT_data_member_location
	.byte	0                               @ End Of Children Mark
	.byte	0                               @ End Of Children Mark
	.byte	11                              @ Abbrev [11] 0x687:0xd DW_TAG_member
	.long	.Linfo_string45                 @ DW_AT_name
	.long	1684                            @ DW_AT_type
	.byte	3                               @ DW_AT_decl_file
	.short	4311                            @ DW_AT_decl_line
	.byte	0                               @ DW_AT_data_member_location
	.byte	15                              @ Abbrev [15] 0x694:0x8a DW_TAG_structure_type
	.short	1016                            @ DW_AT_byte_size
	.byte	3                               @ DW_AT_decl_file
	.short	4299                            @ DW_AT_decl_line
	.byte	11                              @ Abbrev [11] 0x69a:0xd DW_TAG_member
	.long	.Linfo_string46                 @ DW_AT_name
	.long	2185                            @ DW_AT_type
	.byte	3                               @ DW_AT_decl_file
	.short	4304                            @ DW_AT_decl_line
	.byte	0                               @ DW_AT_data_member_location
	.byte	18                              @ Abbrev [18] 0x6a7:0x2d DW_TAG_structure_type
	.byte	72                              @ DW_AT_byte_size
	.byte	3                               @ DW_AT_decl_file
	.short	4300                            @ DW_AT_decl_line
	.byte	11                              @ Abbrev [11] 0x6ac:0xd DW_TAG_member
	.long	.Linfo_string36                 @ DW_AT_name
	.long	2007                            @ DW_AT_type
	.byte	3                               @ DW_AT_decl_file
	.short	4301                            @ DW_AT_decl_line
	.byte	0                               @ DW_AT_data_member_location
	.byte	11                              @ Abbrev [11] 0x6b9:0xd DW_TAG_member
	.long	.Linfo_string37                 @ DW_AT_name
	.long	2007                            @ DW_AT_type
	.byte	3                               @ DW_AT_decl_file
	.short	4302                            @ DW_AT_decl_line
	.byte	4                               @ DW_AT_data_member_location
	.byte	11                              @ Abbrev [11] 0x6c6:0xd DW_TAG_member
	.long	.Linfo_string38                 @ DW_AT_name
	.long	2197                            @ DW_AT_type
	.byte	3                               @ DW_AT_decl_file
	.short	4303                            @ DW_AT_decl_line
	.byte	8                               @ DW_AT_data_member_location
	.byte	0                               @ End Of Children Mark
	.byte	12                              @ Abbrev [12] 0x6d4:0xe DW_TAG_member
	.long	.Linfo_string12                 @ DW_AT_name
	.long	2065                            @ DW_AT_type
	.byte	3                               @ DW_AT_decl_file
	.short	4305                            @ DW_AT_decl_line
	.short	504                             @ DW_AT_data_member_location
	.byte	12                              @ Abbrev [12] 0x6e2:0xe DW_TAG_member
	.long	.Linfo_string47                 @ DW_AT_name
	.long	2209                            @ DW_AT_type
	.byte	3                               @ DW_AT_decl_file
	.short	4310                            @ DW_AT_decl_line
	.short	512                             @ DW_AT_data_member_location
	.byte	18                              @ Abbrev [18] 0x6f0:0x2d DW_TAG_structure_type
	.byte	72                              @ DW_AT_byte_size
	.byte	3                               @ DW_AT_decl_file
	.short	4306                            @ DW_AT_decl_line
	.byte	11                              @ Abbrev [11] 0x6f5:0xd DW_TAG_member
	.long	.Linfo_string36                 @ DW_AT_name
	.long	2007                            @ DW_AT_type
	.byte	3                               @ DW_AT_decl_file
	.short	4307                            @ DW_AT_decl_line
	.byte	0                               @ DW_AT_data_member_location
	.byte	11                              @ Abbrev [11] 0x702:0xd DW_TAG_member
	.long	.Linfo_string37                 @ DW_AT_name
	.long	2007                            @ DW_AT_type
	.byte	3                               @ DW_AT_decl_file
	.short	4308                            @ DW_AT_decl_line
	.byte	4                               @ DW_AT_data_member_location
	.byte	11                              @ Abbrev [11] 0x70f:0xd DW_TAG_member
	.long	.Linfo_string38                 @ DW_AT_name
	.long	2197                            @ DW_AT_type
	.byte	3                               @ DW_AT_decl_file
	.short	4309                            @ DW_AT_decl_line
	.byte	8                               @ DW_AT_data_member_location
	.byte	0                               @ End Of Children Mark
	.byte	0                               @ End Of Children Mark
	.byte	11                              @ Abbrev [11] 0x71e:0xd DW_TAG_member
	.long	.Linfo_string48                 @ DW_AT_name
	.long	2221                            @ DW_AT_type
	.byte	3                               @ DW_AT_decl_file
	.short	4317                            @ DW_AT_decl_line
	.byte	0                               @ DW_AT_data_member_location
	.byte	18                              @ Abbrev [18] 0x72b:0x3a DW_TAG_structure_type
	.byte	16                              @ DW_AT_byte_size
	.byte	3                               @ DW_AT_decl_file
	.short	4312                            @ DW_AT_decl_line
	.byte	11                              @ Abbrev [11] 0x730:0xd DW_TAG_member
	.long	.Linfo_string36                 @ DW_AT_name
	.long	2007                            @ DW_AT_type
	.byte	3                               @ DW_AT_decl_file
	.short	4313                            @ DW_AT_decl_line
	.byte	0                               @ DW_AT_data_member_location
	.byte	11                              @ Abbrev [11] 0x73d:0xd DW_TAG_member
	.long	.Linfo_string37                 @ DW_AT_name
	.long	2007                            @ DW_AT_type
	.byte	3                               @ DW_AT_decl_file
	.short	4314                            @ DW_AT_decl_line
	.byte	4                               @ DW_AT_data_member_location
	.byte	11                              @ Abbrev [11] 0x74a:0xd DW_TAG_member
	.long	.Linfo_string49                 @ DW_AT_name
	.long	2007                            @ DW_AT_type
	.byte	3                               @ DW_AT_decl_file
	.short	4315                            @ DW_AT_decl_line
	.byte	8                               @ DW_AT_data_member_location
	.byte	11                              @ Abbrev [11] 0x757:0xd DW_TAG_member
	.long	.Linfo_string50                 @ DW_AT_name
	.long	2007                            @ DW_AT_type
	.byte	3                               @ DW_AT_decl_file
	.short	4316                            @ DW_AT_decl_line
	.byte	12                              @ DW_AT_data_member_location
	.byte	0                               @ End Of Children Mark
	.byte	0                               @ End Of Children Mark
	.byte	12                              @ Abbrev [12] 0x766:0xe DW_TAG_member
	.long	.Linfo_string51                 @ DW_AT_name
	.long	2233                            @ DW_AT_type
	.byte	3                               @ DW_AT_decl_file
	.short	4319                            @ DW_AT_decl_line
	.short	1152                            @ DW_AT_data_member_location
	.byte	12                              @ Abbrev [12] 0x774:0xe DW_TAG_member
	.long	.Linfo_string52                 @ DW_AT_name
	.long	2246                            @ DW_AT_type
	.byte	3                               @ DW_AT_decl_file
	.short	4320                            @ DW_AT_decl_line
	.short	2176                            @ DW_AT_data_member_location
	.byte	12                              @ Abbrev [12] 0x782:0xe DW_TAG_member
	.long	.Linfo_string53                 @ DW_AT_name
	.long	2258                            @ DW_AT_type
	.byte	3                               @ DW_AT_decl_file
	.short	4321                            @ DW_AT_decl_line
	.short	2432                            @ DW_AT_data_member_location
	.byte	12                              @ Abbrev [12] 0x790:0xe DW_TAG_member
	.long	.Linfo_string54                 @ DW_AT_name
	.long	2007                            @ DW_AT_type
	.byte	3                               @ DW_AT_decl_file
	.short	4322                            @ DW_AT_decl_line
	.short	2528                            @ DW_AT_data_member_location
	.byte	12                              @ Abbrev [12] 0x79e:0xe DW_TAG_member
	.long	.Linfo_string55                 @ DW_AT_name
	.long	2270                            @ DW_AT_type
	.byte	3                               @ DW_AT_decl_file
	.short	4323                            @ DW_AT_decl_line
	.short	2532                            @ DW_AT_data_member_location
	.byte	12                              @ Abbrev [12] 0x7ac:0xe DW_TAG_member
	.long	.Linfo_string56                 @ DW_AT_name
	.long	2007                            @ DW_AT_type
	.byte	3                               @ DW_AT_decl_file
	.short	4324                            @ DW_AT_decl_line
	.short	3072                            @ DW_AT_data_member_location
	.byte	12                              @ Abbrev [12] 0x7ba:0xe DW_TAG_member
	.long	.Linfo_string57                 @ DW_AT_name
	.long	2007                            @ DW_AT_type
	.byte	3                               @ DW_AT_decl_file
	.short	4325                            @ DW_AT_decl_line
	.short	3076                            @ DW_AT_data_member_location
	.byte	12                              @ Abbrev [12] 0x7c8:0xe DW_TAG_member
	.long	.Linfo_string58                 @ DW_AT_name
	.long	2060                            @ DW_AT_type
	.byte	3                               @ DW_AT_decl_file
	.short	4326                            @ DW_AT_decl_line
	.short	3080                            @ DW_AT_data_member_location
	.byte	0                               @ End Of Children Mark
	.byte	19                              @ Abbrev [19] 0x7d7:0x5 DW_TAG_volatile_type
	.long	2012                            @ DW_AT_type
	.byte	20                              @ Abbrev [20] 0x7dc:0xb DW_TAG_typedef
	.long	2023                            @ DW_AT_type
	.long	.Linfo_string9                  @ DW_AT_name
	.byte	2                               @ DW_AT_decl_file
	.byte	64                              @ DW_AT_decl_line
	.byte	5                               @ Abbrev [5] 0x7e7:0x7 DW_TAG_base_type
	.long	.Linfo_string8                  @ DW_AT_name
	.byte	7                               @ DW_AT_encoding
	.byte	4                               @ DW_AT_byte_size
	.byte	3                               @ Abbrev [3] 0x7ee:0xc DW_TAG_array_type
	.long	2042                            @ DW_AT_type
	.byte	4                               @ Abbrev [4] 0x7f3:0x6 DW_TAG_subrange_type
	.long	71                              @ DW_AT_type
	.byte	4                               @ DW_AT_count
	.byte	0                               @ End Of Children Mark
	.byte	20                              @ Abbrev [20] 0x7fa:0xb DW_TAG_typedef
	.long	2053                            @ DW_AT_type
	.long	.Linfo_string14                 @ DW_AT_name
	.byte	2                               @ DW_AT_decl_file
	.byte	62                              @ DW_AT_decl_line
	.byte	5                               @ Abbrev [5] 0x805:0x7 DW_TAG_base_type
	.long	.Linfo_string13                 @ DW_AT_name
	.byte	8                               @ DW_AT_encoding
	.byte	1                               @ DW_AT_byte_size
	.byte	21                              @ Abbrev [21] 0x80c:0x5 DW_TAG_const_type
	.long	2007                            @ DW_AT_type
	.byte	3                               @ Abbrev [3] 0x811:0xc DW_TAG_array_type
	.long	2042                            @ DW_AT_type
	.byte	4                               @ Abbrev [4] 0x816:0x6 DW_TAG_subrange_type
	.long	71                              @ DW_AT_type
	.byte	8                               @ DW_AT_count
	.byte	0                               @ End Of Children Mark
	.byte	3                               @ Abbrev [3] 0x81d:0xc DW_TAG_array_type
	.long	2042                            @ DW_AT_type
	.byte	4                               @ Abbrev [4] 0x822:0x6 DW_TAG_subrange_type
	.long	71                              @ DW_AT_type
	.byte	32                              @ DW_AT_count
	.byte	0                               @ End Of Children Mark
	.byte	3                               @ Abbrev [3] 0x829:0xc DW_TAG_array_type
	.long	1324                            @ DW_AT_type
	.byte	4                               @ Abbrev [4] 0x82e:0x6 DW_TAG_subrange_type
	.long	71                              @ DW_AT_type
	.byte	64                              @ DW_AT_count
	.byte	0                               @ End Of Children Mark
	.byte	3                               @ Abbrev [3] 0x835:0xc DW_TAG_array_type
	.long	2007                            @ DW_AT_type
	.byte	4                               @ Abbrev [4] 0x83a:0x6 DW_TAG_subrange_type
	.long	71                              @ DW_AT_type
	.byte	2                               @ DW_AT_count
	.byte	0                               @ End Of Children Mark
	.byte	3                               @ Abbrev [3] 0x841:0xc DW_TAG_array_type
	.long	1401                            @ DW_AT_type
	.byte	4                               @ Abbrev [4] 0x846:0x6 DW_TAG_subrange_type
	.long	71                              @ DW_AT_type
	.byte	21                              @ DW_AT_count
	.byte	0                               @ End Of Children Mark
	.byte	3                               @ Abbrev [3] 0x84d:0xc DW_TAG_array_type
	.long	2007                            @ DW_AT_type
	.byte	4                               @ Abbrev [4] 0x852:0x6 DW_TAG_subrange_type
	.long	71                              @ DW_AT_type
	.byte	4                               @ DW_AT_count
	.byte	0                               @ End Of Children Mark
	.byte	3                               @ Abbrev [3] 0x859:0xc DW_TAG_array_type
	.long	1474                            @ DW_AT_type
	.byte	4                               @ Abbrev [4] 0x85e:0x6 DW_TAG_subrange_type
	.long	71                              @ DW_AT_type
	.byte	21                              @ DW_AT_count
	.byte	0                               @ End Of Children Mark
	.byte	3                               @ Abbrev [3] 0x865:0xc DW_TAG_array_type
	.long	1552                            @ DW_AT_type
	.byte	4                               @ Abbrev [4] 0x86a:0x6 DW_TAG_subrange_type
	.long	71                              @ DW_AT_type
	.byte	12                              @ DW_AT_count
	.byte	0                               @ End Of Children Mark
	.byte	3                               @ Abbrev [3] 0x871:0xc DW_TAG_array_type
	.long	2007                            @ DW_AT_type
	.byte	4                               @ Abbrev [4] 0x876:0x6 DW_TAG_subrange_type
	.long	71                              @ DW_AT_type
	.byte	8                               @ DW_AT_count
	.byte	0                               @ End Of Children Mark
	.byte	3                               @ Abbrev [3] 0x87d:0xc DW_TAG_array_type
	.long	1625                            @ DW_AT_type
	.byte	4                               @ Abbrev [4] 0x882:0x6 DW_TAG_subrange_type
	.long	71                              @ DW_AT_type
	.byte	12                              @ DW_AT_count
	.byte	0                               @ End Of Children Mark
	.byte	3                               @ Abbrev [3] 0x889:0xc DW_TAG_array_type
	.long	1703                            @ DW_AT_type
	.byte	4                               @ Abbrev [4] 0x88e:0x6 DW_TAG_subrange_type
	.long	71                              @ DW_AT_type
	.byte	7                               @ DW_AT_count
	.byte	0                               @ End Of Children Mark
	.byte	3                               @ Abbrev [3] 0x895:0xc DW_TAG_array_type
	.long	2007                            @ DW_AT_type
	.byte	4                               @ Abbrev [4] 0x89a:0x6 DW_TAG_subrange_type
	.long	71                              @ DW_AT_type
	.byte	16                              @ DW_AT_count
	.byte	0                               @ End Of Children Mark
	.byte	3                               @ Abbrev [3] 0x8a1:0xc DW_TAG_array_type
	.long	1776                            @ DW_AT_type
	.byte	4                               @ Abbrev [4] 0x8a6:0x6 DW_TAG_subrange_type
	.long	71                              @ DW_AT_type
	.byte	7                               @ DW_AT_count
	.byte	0                               @ End Of Children Mark
	.byte	3                               @ Abbrev [3] 0x8ad:0xc DW_TAG_array_type
	.long	1835                            @ DW_AT_type
	.byte	4                               @ Abbrev [4] 0x8b2:0x6 DW_TAG_subrange_type
	.long	71                              @ DW_AT_type
	.byte	64                              @ DW_AT_count
	.byte	0                               @ End Of Children Mark
	.byte	3                               @ Abbrev [3] 0x8b9:0xd DW_TAG_array_type
	.long	2042                            @ DW_AT_type
	.byte	22                              @ Abbrev [22] 0x8be:0x7 DW_TAG_subrange_type
	.long	71                              @ DW_AT_type
	.short	1024                            @ DW_AT_count
	.byte	0                               @ End Of Children Mark
	.byte	3                               @ Abbrev [3] 0x8c6:0xc DW_TAG_array_type
	.long	2007                            @ DW_AT_type
	.byte	4                               @ Abbrev [4] 0x8cb:0x6 DW_TAG_subrange_type
	.long	71                              @ DW_AT_type
	.byte	64                              @ DW_AT_count
	.byte	0                               @ End Of Children Mark
	.byte	3                               @ Abbrev [3] 0x8d2:0xc DW_TAG_array_type
	.long	2042                            @ DW_AT_type
	.byte	4                               @ Abbrev [4] 0x8d7:0x6 DW_TAG_subrange_type
	.long	71                              @ DW_AT_type
	.byte	96                              @ DW_AT_count
	.byte	0                               @ End Of Children Mark
	.byte	3                               @ Abbrev [3] 0x8de:0xd DW_TAG_array_type
	.long	2042                            @ DW_AT_type
	.byte	22                              @ Abbrev [22] 0x8e3:0x7 DW_TAG_subrange_type
	.long	71                              @ DW_AT_type
	.short	540                             @ DW_AT_count
	.byte	0                               @ End Of Children Mark
	.byte	20                              @ Abbrev [20] 0x8eb:0xb DW_TAG_typedef
	.long	2294                            @ DW_AT_type
	.long	.Linfo_string62                 @ DW_AT_name
	.byte	4                               @ DW_AT_decl_file
	.byte	219                             @ DW_AT_decl_line
	.byte	20                              @ Abbrev [20] 0x8f6:0xb DW_TAG_typedef
	.long	2305                            @ DW_AT_type
	.long	.Linfo_string61                 @ DW_AT_name
	.byte	2                               @ DW_AT_decl_file
	.byte	58                              @ DW_AT_decl_line
	.byte	5                               @ Abbrev [5] 0x901:0x7 DW_TAG_base_type
	.long	.Linfo_string60                 @ DW_AT_name
	.byte	5                               @ DW_AT_encoding
	.byte	4                               @ DW_AT_byte_size
	.byte	23                              @ Abbrev [23] 0x908:0x1 DW_TAG_pointer_type
	.byte	3                               @ Abbrev [3] 0x909:0xc DW_TAG_array_type
	.long	2325                            @ DW_AT_type
	.byte	4                               @ Abbrev [4] 0x90e:0x6 DW_TAG_subrange_type
	.long	71                              @ DW_AT_type
	.byte	64                              @ DW_AT_count
	.byte	0                               @ End Of Children Mark
	.byte	19                              @ Abbrev [19] 0x915:0x5 DW_TAG_volatile_type
	.long	2330                            @ DW_AT_type
	.byte	8                               @ Abbrev [8] 0x91a:0x5 DW_TAG_pointer_type
	.long	2335                            @ DW_AT_type
	.byte	9                               @ Abbrev [9] 0x91f:0xc DW_TAG_typedef
	.long	2347                            @ DW_AT_type
	.long	.Linfo_string83                 @ DW_AT_name
	.byte	5                               @ DW_AT_decl_file
	.short	646                             @ DW_AT_decl_line
	.byte	24                              @ Abbrev [24] 0x92b:0x137 DW_TAG_structure_type
	.long	.Linfo_string82                 @ DW_AT_name
	.byte	16                              @ DW_AT_byte_size
	.byte	5                               @ DW_AT_decl_file
	.short	611                             @ DW_AT_decl_line
	.byte	16                              @ Abbrev [16] 0x934:0x9 DW_TAG_member
	.long	2365                            @ DW_AT_type
	.byte	5                               @ DW_AT_decl_file
	.short	613                             @ DW_AT_decl_line
	.byte	0                               @ DW_AT_data_member_location
	.byte	18                              @ Abbrev [18] 0x93d:0x56 DW_TAG_structure_type
	.byte	4                               @ DW_AT_byte_size
	.byte	5                               @ DW_AT_decl_file
	.short	613                             @ DW_AT_decl_line
	.byte	25                              @ Abbrev [25] 0x942:0x10 DW_TAG_member
	.long	.Linfo_string66                 @ DW_AT_name
	.long	2012                            @ DW_AT_type
	.byte	5                               @ DW_AT_decl_file
	.short	615                             @ DW_AT_decl_line
	.byte	4                               @ DW_AT_byte_size
	.byte	16                              @ DW_AT_bit_size
	.byte	16                              @ DW_AT_bit_offset
	.byte	0                               @ DW_AT_data_member_location
	.byte	25                              @ Abbrev [25] 0x952:0x10 DW_TAG_member
	.long	.Linfo_string67                 @ DW_AT_name
	.long	2012                            @ DW_AT_type
	.byte	5                               @ DW_AT_decl_file
	.short	616                             @ DW_AT_decl_line
	.byte	4                               @ DW_AT_byte_size
	.byte	4                               @ DW_AT_bit_size
	.byte	12                              @ DW_AT_bit_offset
	.byte	0                               @ DW_AT_data_member_location
	.byte	25                              @ Abbrev [25] 0x962:0x10 DW_TAG_member
	.long	.Linfo_string68                 @ DW_AT_name
	.long	2012                            @ DW_AT_type
	.byte	5                               @ DW_AT_decl_file
	.short	617                             @ DW_AT_decl_line
	.byte	4                               @ DW_AT_byte_size
	.byte	1                               @ DW_AT_bit_size
	.byte	11                              @ DW_AT_bit_offset
	.byte	0                               @ DW_AT_data_member_location
	.byte	25                              @ Abbrev [25] 0x972:0x10 DW_TAG_member
	.long	.Linfo_string69                 @ DW_AT_name
	.long	2012                            @ DW_AT_type
	.byte	5                               @ DW_AT_decl_file
	.short	618                             @ DW_AT_decl_line
	.byte	4                               @ DW_AT_byte_size
	.byte	1                               @ DW_AT_bit_size
	.byte	10                              @ DW_AT_bit_offset
	.byte	0                               @ DW_AT_data_member_location
	.byte	25                              @ Abbrev [25] 0x982:0x10 DW_TAG_member
	.long	.Linfo_string70                 @ DW_AT_name
	.long	2012                            @ DW_AT_type
	.byte	5                               @ DW_AT_decl_file
	.short	620                             @ DW_AT_decl_line
	.byte	4                               @ DW_AT_byte_size
	.byte	9                               @ DW_AT_bit_size
	.byte	0                               @ DW_AT_bit_offset
	.byte	0                               @ DW_AT_data_member_location
	.byte	0                               @ End Of Children Mark
	.byte	16                              @ Abbrev [16] 0x993:0x9 DW_TAG_member
	.long	2460                            @ DW_AT_type
	.byte	5                               @ DW_AT_decl_file
	.short	622                             @ DW_AT_decl_line
	.byte	4                               @ DW_AT_data_member_location
	.byte	18                              @ Abbrev [18] 0x99c:0x16 DW_TAG_structure_type
	.byte	4                               @ DW_AT_byte_size
	.byte	5                               @ DW_AT_decl_file
	.short	622                             @ DW_AT_decl_line
	.byte	25                              @ Abbrev [25] 0x9a1:0x10 DW_TAG_member
	.long	.Linfo_string71                 @ DW_AT_name
	.long	2012                            @ DW_AT_type
	.byte	5                               @ DW_AT_decl_file
	.short	624                             @ DW_AT_decl_line
	.byte	4                               @ DW_AT_byte_size
	.byte	29                              @ DW_AT_bit_size
	.byte	3                               @ DW_AT_bit_offset
	.byte	0                               @ DW_AT_data_member_location
	.byte	0                               @ End Of Children Mark
	.byte	16                              @ Abbrev [16] 0x9b2:0x9 DW_TAG_member
	.long	2491                            @ DW_AT_type
	.byte	5                               @ DW_AT_decl_file
	.short	627                             @ DW_AT_decl_line
	.byte	8                               @ DW_AT_data_member_location
	.byte	26                              @ Abbrev [26] 0x9bb:0xa6 DW_TAG_union_type
	.byte	8                               @ DW_AT_byte_size
	.byte	5                               @ DW_AT_decl_file
	.short	627                             @ DW_AT_decl_line
	.byte	16                              @ Abbrev [16] 0x9c0:0x9 DW_TAG_member
	.long	2505                            @ DW_AT_type
	.byte	5                               @ DW_AT_decl_file
	.short	629                             @ DW_AT_decl_line
	.byte	0                               @ DW_AT_data_member_location
	.byte	18                              @ Abbrev [18] 0x9c9:0x20 DW_TAG_structure_type
	.byte	8                               @ DW_AT_byte_size
	.byte	5                               @ DW_AT_decl_file
	.short	629                             @ DW_AT_decl_line
	.byte	11                              @ Abbrev [11] 0x9ce:0xd DW_TAG_member
	.long	.Linfo_string72                 @ DW_AT_name
	.long	2012                            @ DW_AT_type
	.byte	5                               @ DW_AT_decl_file
	.short	631                             @ DW_AT_decl_line
	.byte	0                               @ DW_AT_data_member_location
	.byte	11                              @ Abbrev [11] 0x9db:0xd DW_TAG_member
	.long	.Linfo_string73                 @ DW_AT_name
	.long	2012                            @ DW_AT_type
	.byte	5                               @ DW_AT_decl_file
	.short	632                             @ DW_AT_decl_line
	.byte	4                               @ DW_AT_data_member_location
	.byte	0                               @ End Of Children Mark
	.byte	16                              @ Abbrev [16] 0x9e9:0x9 DW_TAG_member
	.long	2546                            @ DW_AT_type
	.byte	5                               @ DW_AT_decl_file
	.short	634                             @ DW_AT_decl_line
	.byte	0                               @ DW_AT_data_member_location
	.byte	18                              @ Abbrev [18] 0x9f2:0x6e DW_TAG_structure_type
	.byte	8                               @ DW_AT_byte_size
	.byte	5                               @ DW_AT_decl_file
	.short	634                             @ DW_AT_decl_line
	.byte	11                              @ Abbrev [11] 0x9f7:0xd DW_TAG_member
	.long	.Linfo_string74                 @ DW_AT_name
	.long	2042                            @ DW_AT_type
	.byte	5                               @ DW_AT_decl_file
	.short	636                             @ DW_AT_decl_line
	.byte	0                               @ DW_AT_data_member_location
	.byte	11                              @ Abbrev [11] 0xa04:0xd DW_TAG_member
	.long	.Linfo_string75                 @ DW_AT_name
	.long	2042                            @ DW_AT_type
	.byte	5                               @ DW_AT_decl_file
	.short	637                             @ DW_AT_decl_line
	.byte	1                               @ DW_AT_data_member_location
	.byte	11                              @ Abbrev [11] 0xa11:0xd DW_TAG_member
	.long	.Linfo_string76                 @ DW_AT_name
	.long	2042                            @ DW_AT_type
	.byte	5                               @ DW_AT_decl_file
	.short	638                             @ DW_AT_decl_line
	.byte	2                               @ DW_AT_data_member_location
	.byte	11                              @ Abbrev [11] 0xa1e:0xd DW_TAG_member
	.long	.Linfo_string77                 @ DW_AT_name
	.long	2042                            @ DW_AT_type
	.byte	5                               @ DW_AT_decl_file
	.short	639                             @ DW_AT_decl_line
	.byte	3                               @ DW_AT_data_member_location
	.byte	11                              @ Abbrev [11] 0xa2b:0xd DW_TAG_member
	.long	.Linfo_string78                 @ DW_AT_name
	.long	2042                            @ DW_AT_type
	.byte	5                               @ DW_AT_decl_file
	.short	640                             @ DW_AT_decl_line
	.byte	4                               @ DW_AT_data_member_location
	.byte	11                              @ Abbrev [11] 0xa38:0xd DW_TAG_member
	.long	.Linfo_string79                 @ DW_AT_name
	.long	2042                            @ DW_AT_type
	.byte	5                               @ DW_AT_decl_file
	.short	641                             @ DW_AT_decl_line
	.byte	5                               @ DW_AT_data_member_location
	.byte	11                              @ Abbrev [11] 0xa45:0xd DW_TAG_member
	.long	.Linfo_string80                 @ DW_AT_name
	.long	2042                            @ DW_AT_type
	.byte	5                               @ DW_AT_decl_file
	.short	642                             @ DW_AT_decl_line
	.byte	6                               @ DW_AT_data_member_location
	.byte	11                              @ Abbrev [11] 0xa52:0xd DW_TAG_member
	.long	.Linfo_string81                 @ DW_AT_name
	.long	2042                            @ DW_AT_type
	.byte	5                               @ DW_AT_decl_file
	.short	643                             @ DW_AT_decl_line
	.byte	7                               @ DW_AT_data_member_location
	.byte	0                               @ End Of Children Mark
	.byte	0                               @ End Of Children Mark
	.byte	0                               @ End Of Children Mark
	.byte	3                               @ Abbrev [3] 0xa62:0xc DW_TAG_array_type
	.long	2670                            @ DW_AT_type
	.byte	4                               @ Abbrev [4] 0xa67:0x6 DW_TAG_subrange_type
	.long	71                              @ DW_AT_type
	.byte	64                              @ DW_AT_count
	.byte	0                               @ End Of Children Mark
	.byte	19                              @ Abbrev [19] 0xa6e:0x5 DW_TAG_volatile_type
	.long	2675                            @ DW_AT_type
	.byte	8                               @ Abbrev [8] 0xa73:0x5 DW_TAG_pointer_type
	.long	2680                            @ DW_AT_type
	.byte	9                               @ Abbrev [9] 0xa78:0xc DW_TAG_typedef
	.long	2692                            @ DW_AT_type
	.long	.Linfo_string91                 @ DW_AT_name
	.byte	5                               @ DW_AT_decl_file
	.short	703                             @ DW_AT_decl_line
	.byte	24                              @ Abbrev [24] 0xa84:0x15a DW_TAG_structure_type
	.long	.Linfo_string90                 @ DW_AT_name
	.byte	72                              @ DW_AT_byte_size
	.byte	5                               @ DW_AT_decl_file
	.short	654                             @ DW_AT_decl_line
	.byte	16                              @ Abbrev [16] 0xa8d:0x9 DW_TAG_member
	.long	2710                            @ DW_AT_type
	.byte	5                               @ DW_AT_decl_file
	.short	656                             @ DW_AT_decl_line
	.byte	0                               @ DW_AT_data_member_location
	.byte	18                              @ Abbrev [18] 0xa96:0x86 DW_TAG_structure_type
	.byte	4                               @ DW_AT_byte_size
	.byte	5                               @ DW_AT_decl_file
	.short	656                             @ DW_AT_decl_line
	.byte	25                              @ Abbrev [25] 0xa9b:0x10 DW_TAG_member
	.long	.Linfo_string66                 @ DW_AT_name
	.long	2012                            @ DW_AT_type
	.byte	5                               @ DW_AT_decl_file
	.short	658                             @ DW_AT_decl_line
	.byte	4                               @ DW_AT_byte_size
	.byte	16                              @ DW_AT_bit_size
	.byte	16                              @ DW_AT_bit_offset
	.byte	0                               @ DW_AT_data_member_location
	.byte	25                              @ Abbrev [25] 0xaab:0x10 DW_TAG_member
	.long	.Linfo_string67                 @ DW_AT_name
	.long	2012                            @ DW_AT_type
	.byte	5                               @ DW_AT_decl_file
	.short	659                             @ DW_AT_decl_line
	.byte	4                               @ DW_AT_byte_size
	.byte	4                               @ DW_AT_bit_size
	.byte	12                              @ DW_AT_bit_offset
	.byte	0                               @ DW_AT_data_member_location
	.byte	25                              @ Abbrev [25] 0xabb:0x10 DW_TAG_member
	.long	.Linfo_string68                 @ DW_AT_name
	.long	2012                            @ DW_AT_type
	.byte	5                               @ DW_AT_decl_file
	.short	663                             @ DW_AT_decl_line
	.byte	4                               @ DW_AT_byte_size
	.byte	1                               @ DW_AT_bit_size
	.byte	11                              @ DW_AT_bit_offset
	.byte	0                               @ DW_AT_data_member_location
	.byte	25                              @ Abbrev [25] 0xacb:0x10 DW_TAG_member
	.long	.Linfo_string69                 @ DW_AT_name
	.long	2012                            @ DW_AT_type
	.byte	5                               @ DW_AT_decl_file
	.short	664                             @ DW_AT_decl_line
	.byte	4                               @ DW_AT_byte_size
	.byte	1                               @ DW_AT_bit_size
	.byte	10                              @ DW_AT_bit_offset
	.byte	0                               @ DW_AT_data_member_location
	.byte	25                              @ Abbrev [25] 0xadb:0x10 DW_TAG_member
	.long	.Linfo_string85                 @ DW_AT_name
	.long	2012                            @ DW_AT_type
	.byte	5                               @ DW_AT_decl_file
	.short	665                             @ DW_AT_decl_line
	.byte	4                               @ DW_AT_byte_size
	.byte	1                               @ DW_AT_bit_size
	.byte	9                               @ DW_AT_bit_offset
	.byte	0                               @ DW_AT_data_member_location
	.byte	25                              @ Abbrev [25] 0xaeb:0x10 DW_TAG_member
	.long	.Linfo_string86                 @ DW_AT_name
	.long	2012                            @ DW_AT_type
	.byte	5                               @ DW_AT_decl_file
	.short	667                             @ DW_AT_decl_line
	.byte	4                               @ DW_AT_byte_size
	.byte	1                               @ DW_AT_bit_size
	.byte	2                               @ DW_AT_bit_offset
	.byte	0                               @ DW_AT_data_member_location
	.byte	25                              @ Abbrev [25] 0xafb:0x10 DW_TAG_member
	.long	.Linfo_string87                 @ DW_AT_name
	.long	2012                            @ DW_AT_type
	.byte	5                               @ DW_AT_decl_file
	.short	668                             @ DW_AT_decl_line
	.byte	4                               @ DW_AT_byte_size
	.byte	1                               @ DW_AT_bit_size
	.byte	1                               @ DW_AT_bit_offset
	.byte	0                               @ DW_AT_data_member_location
	.byte	25                              @ Abbrev [25] 0xb0b:0x10 DW_TAG_member
	.long	.Linfo_string88                 @ DW_AT_name
	.long	2012                            @ DW_AT_type
	.byte	5                               @ DW_AT_decl_file
	.short	669                             @ DW_AT_decl_line
	.byte	4                               @ DW_AT_byte_size
	.byte	1                               @ DW_AT_bit_size
	.byte	0                               @ DW_AT_bit_offset
	.byte	0                               @ DW_AT_data_member_location
	.byte	0                               @ End Of Children Mark
	.byte	16                              @ Abbrev [16] 0xb1c:0x9 DW_TAG_member
	.long	2853                            @ DW_AT_type
	.byte	5                               @ DW_AT_decl_file
	.short	671                             @ DW_AT_decl_line
	.byte	4                               @ DW_AT_data_member_location
	.byte	18                              @ Abbrev [18] 0xb25:0x16 DW_TAG_structure_type
	.byte	4                               @ DW_AT_byte_size
	.byte	5                               @ DW_AT_decl_file
	.short	671                             @ DW_AT_decl_line
	.byte	25                              @ Abbrev [25] 0xb2a:0x10 DW_TAG_member
	.long	.Linfo_string71                 @ DW_AT_name
	.long	2012                            @ DW_AT_type
	.byte	5                               @ DW_AT_decl_file
	.short	673                             @ DW_AT_decl_line
	.byte	4                               @ DW_AT_byte_size
	.byte	29                              @ DW_AT_bit_size
	.byte	3                               @ DW_AT_bit_offset
	.byte	0                               @ DW_AT_data_member_location
	.byte	0                               @ End Of Children Mark
	.byte	16                              @ Abbrev [16] 0xb3b:0x9 DW_TAG_member
	.long	2884                            @ DW_AT_type
	.byte	5                               @ DW_AT_decl_file
	.short	676                             @ DW_AT_decl_line
	.byte	8                               @ DW_AT_data_member_location
	.byte	26                              @ Abbrev [26] 0xb44:0x99 DW_TAG_union_type
	.byte	64                              @ DW_AT_byte_size
	.byte	5                               @ DW_AT_decl_file
	.short	676                             @ DW_AT_decl_line
	.byte	16                              @ Abbrev [16] 0xb49:0x9 DW_TAG_member
	.long	2898                            @ DW_AT_type
	.byte	5                               @ DW_AT_decl_file
	.short	678                             @ DW_AT_decl_line
	.byte	0                               @ DW_AT_data_member_location
	.byte	18                              @ Abbrev [18] 0xb52:0x13 DW_TAG_structure_type
	.byte	64                              @ DW_AT_byte_size
	.byte	5                               @ DW_AT_decl_file
	.short	678                             @ DW_AT_decl_line
	.byte	11                              @ Abbrev [11] 0xb57:0xd DW_TAG_member
	.long	.Linfo_string89                 @ DW_AT_name
	.long	3038                            @ DW_AT_type
	.byte	5                               @ DW_AT_decl_file
	.short	680                             @ DW_AT_decl_line
	.byte	0                               @ DW_AT_data_member_location
	.byte	0                               @ End Of Children Mark
	.byte	16                              @ Abbrev [16] 0xb65:0x9 DW_TAG_member
	.long	2926                            @ DW_AT_type
	.byte	5                               @ DW_AT_decl_file
	.short	684                             @ DW_AT_decl_line
	.byte	0                               @ DW_AT_data_member_location
	.byte	18                              @ Abbrev [18] 0xb6e:0x6e DW_TAG_structure_type
	.byte	8                               @ DW_AT_byte_size
	.byte	5                               @ DW_AT_decl_file
	.short	684                             @ DW_AT_decl_line
	.byte	11                              @ Abbrev [11] 0xb73:0xd DW_TAG_member
	.long	.Linfo_string74                 @ DW_AT_name
	.long	2042                            @ DW_AT_type
	.byte	5                               @ DW_AT_decl_file
	.short	686                             @ DW_AT_decl_line
	.byte	0                               @ DW_AT_data_member_location
	.byte	11                              @ Abbrev [11] 0xb80:0xd DW_TAG_member
	.long	.Linfo_string75                 @ DW_AT_name
	.long	2042                            @ DW_AT_type
	.byte	5                               @ DW_AT_decl_file
	.short	687                             @ DW_AT_decl_line
	.byte	1                               @ DW_AT_data_member_location
	.byte	11                              @ Abbrev [11] 0xb8d:0xd DW_TAG_member
	.long	.Linfo_string76                 @ DW_AT_name
	.long	2042                            @ DW_AT_type
	.byte	5                               @ DW_AT_decl_file
	.short	688                             @ DW_AT_decl_line
	.byte	2                               @ DW_AT_data_member_location
	.byte	11                              @ Abbrev [11] 0xb9a:0xd DW_TAG_member
	.long	.Linfo_string77                 @ DW_AT_name
	.long	2042                            @ DW_AT_type
	.byte	5                               @ DW_AT_decl_file
	.short	689                             @ DW_AT_decl_line
	.byte	3                               @ DW_AT_data_member_location
	.byte	11                              @ Abbrev [11] 0xba7:0xd DW_TAG_member
	.long	.Linfo_string78                 @ DW_AT_name
	.long	2042                            @ DW_AT_type
	.byte	5                               @ DW_AT_decl_file
	.short	690                             @ DW_AT_decl_line
	.byte	4                               @ DW_AT_data_member_location
	.byte	11                              @ Abbrev [11] 0xbb4:0xd DW_TAG_member
	.long	.Linfo_string79                 @ DW_AT_name
	.long	2042                            @ DW_AT_type
	.byte	5                               @ DW_AT_decl_file
	.short	691                             @ DW_AT_decl_line
	.byte	5                               @ DW_AT_data_member_location
	.byte	11                              @ Abbrev [11] 0xbc1:0xd DW_TAG_member
	.long	.Linfo_string80                 @ DW_AT_name
	.long	2042                            @ DW_AT_type
	.byte	5                               @ DW_AT_decl_file
	.short	692                             @ DW_AT_decl_line
	.byte	6                               @ DW_AT_data_member_location
	.byte	11                              @ Abbrev [11] 0xbce:0xd DW_TAG_member
	.long	.Linfo_string81                 @ DW_AT_name
	.long	2042                            @ DW_AT_type
	.byte	5                               @ DW_AT_decl_file
	.short	693                             @ DW_AT_decl_line
	.byte	7                               @ DW_AT_data_member_location
	.byte	0                               @ End Of Children Mark
	.byte	0                               @ End Of Children Mark
	.byte	0                               @ End Of Children Mark
	.byte	3                               @ Abbrev [3] 0xbde:0xc DW_TAG_array_type
	.long	2012                            @ DW_AT_type
	.byte	4                               @ Abbrev [4] 0xbe3:0x6 DW_TAG_subrange_type
	.long	71                              @ DW_AT_type
	.byte	16                              @ DW_AT_count
	.byte	0                               @ End Of Children Mark
	.byte	3                               @ Abbrev [3] 0xbea:0xc DW_TAG_array_type
	.long	3062                            @ DW_AT_type
	.byte	4                               @ Abbrev [4] 0xbef:0x6 DW_TAG_subrange_type
	.long	71                              @ DW_AT_type
	.byte	64                              @ DW_AT_count
	.byte	0                               @ End Of Children Mark
	.byte	19                              @ Abbrev [19] 0xbf6:0x5 DW_TAG_volatile_type
	.long	2042                            @ DW_AT_type
	.byte	7                               @ Abbrev [7] 0xbfb:0x12 DW_TAG_variable
	.long	.Linfo_string97                 @ DW_AT_name
	.long	3085                            @ DW_AT_type
	.byte	1                               @ DW_AT_decl_file
	.short	339                             @ DW_AT_decl_line
	.byte	5                               @ DW_AT_location
	.byte	3
	.long	s_flexcanBases
	.byte	3                               @ Abbrev [3] 0xc0d:0xc DW_TAG_array_type
	.long	3097                            @ DW_AT_type
	.byte	4                               @ Abbrev [4] 0xc12:0x6 DW_TAG_subrange_type
	.long	71                              @ DW_AT_type
	.byte	4                               @ DW_AT_count
	.byte	0                               @ End Of Children Mark
	.byte	21                              @ Abbrev [21] 0xc19:0x5 DW_TAG_const_type
	.long	961                             @ DW_AT_type
	.byte	2                               @ Abbrev [2] 0xc1e:0xe DW_TAG_variable
	.long	3116                            @ DW_AT_type
	.byte	6                               @ DW_AT_decl_file
	.short	1503                            @ DW_AT_decl_line
	.byte	5                               @ DW_AT_location
	.byte	3
	.long	.L.str.31
	.byte	3                               @ Abbrev [3] 0xc2c:0xc DW_TAG_array_type
	.long	64                              @ DW_AT_type
	.byte	4                               @ Abbrev [4] 0xc31:0x6 DW_TAG_subrange_type
	.long	71                              @ DW_AT_type
	.byte	13                              @ DW_AT_count
	.byte	0                               @ End Of Children Mark
	.byte	2                               @ Abbrev [2] 0xc38:0xe DW_TAG_variable
	.long	3142                            @ DW_AT_type
	.byte	6                               @ DW_AT_decl_file
	.short	1503                            @ DW_AT_decl_line
	.byte	5                               @ DW_AT_location
	.byte	3
	.long	.L.str.32
	.byte	3                               @ Abbrev [3] 0xc46:0xc DW_TAG_array_type
	.long	64                              @ DW_AT_type
	.byte	4                               @ Abbrev [4] 0xc4b:0x6 DW_TAG_subrange_type
	.long	71                              @ DW_AT_type
	.byte	39                              @ DW_AT_count
	.byte	0                               @ End Of Children Mark
	.byte	7                               @ Abbrev [7] 0xc52:0x12 DW_TAG_variable
	.long	.Linfo_string98                 @ DW_AT_name
	.long	3172                            @ DW_AT_type
	.byte	1                               @ DW_AT_decl_file
	.short	354                             @ DW_AT_decl_line
	.byte	5                               @ DW_AT_location
	.byte	3
	.long	s_flexcanClock
	.byte	3                               @ Abbrev [3] 0xc64:0xc DW_TAG_array_type
	.long	3184                            @ DW_AT_type
	.byte	4                               @ Abbrev [4] 0xc69:0x6 DW_TAG_subrange_type
	.long	71                              @ DW_AT_type
	.byte	4                               @ DW_AT_count
	.byte	0                               @ End Of Children Mark
	.byte	21                              @ Abbrev [21] 0xc70:0x5 DW_TAG_const_type
	.long	3189                            @ DW_AT_type
	.byte	9                               @ Abbrev [9] 0xc75:0xc DW_TAG_typedef
	.long	3201                            @ DW_AT_type
	.long	.Linfo_string221                @ DW_AT_name
	.byte	6                               @ DW_AT_decl_file
	.short	652                             @ DW_AT_decl_line
	.byte	27                              @ Abbrev [27] 0xc81:0x345 DW_TAG_enumeration_type
	.long	4038                            @ DW_AT_type
	.long	.Linfo_string220                @ DW_AT_name
	.byte	2                               @ DW_AT_byte_size
	.byte	6                               @ DW_AT_decl_file
	.short	513                             @ DW_AT_decl_line
	.byte	28                              @ Abbrev [28] 0xc8e:0x6 DW_TAG_enumerator
	.long	.Linfo_string100                @ DW_AT_name
	.byte	127                             @ DW_AT_const_value
	.byte	28                              @ Abbrev [28] 0xc94:0x6 DW_TAG_enumerator
	.long	.Linfo_string101                @ DW_AT_name
	.byte	0                               @ DW_AT_const_value
	.byte	28                              @ Abbrev [28] 0xc9a:0x6 DW_TAG_enumerator
	.long	.Linfo_string102                @ DW_AT_name
	.byte	2                               @ DW_AT_const_value
	.byte	28                              @ Abbrev [28] 0xca0:0x6 DW_TAG_enumerator
	.long	.Linfo_string103                @ DW_AT_name
	.byte	4                               @ DW_AT_const_value
	.byte	28                              @ Abbrev [28] 0xca6:0x6 DW_TAG_enumerator
	.long	.Linfo_string104                @ DW_AT_name
	.byte	6                               @ DW_AT_const_value
	.byte	28                              @ Abbrev [28] 0xcac:0x6 DW_TAG_enumerator
	.long	.Linfo_string105                @ DW_AT_name
	.byte	8                               @ DW_AT_const_value
	.byte	28                              @ Abbrev [28] 0xcb2:0x6 DW_TAG_enumerator
	.long	.Linfo_string106                @ DW_AT_name
	.byte	10                              @ DW_AT_const_value
	.byte	28                              @ Abbrev [28] 0xcb8:0x6 DW_TAG_enumerator
	.long	.Linfo_string107                @ DW_AT_name
	.byte	12                              @ DW_AT_const_value
	.byte	28                              @ Abbrev [28] 0xcbe:0x6 DW_TAG_enumerator
	.long	.Linfo_string108                @ DW_AT_name
	.byte	14                              @ DW_AT_const_value
	.byte	28                              @ Abbrev [28] 0xcc4:0x6 DW_TAG_enumerator
	.long	.Linfo_string109                @ DW_AT_name
	.byte	16                              @ DW_AT_const_value
	.byte	28                              @ Abbrev [28] 0xcca:0x6 DW_TAG_enumerator
	.long	.Linfo_string110                @ DW_AT_name
	.byte	18                              @ DW_AT_const_value
	.byte	28                              @ Abbrev [28] 0xcd0:0x6 DW_TAG_enumerator
	.long	.Linfo_string111                @ DW_AT_name
	.byte	20                              @ DW_AT_const_value
	.byte	28                              @ Abbrev [28] 0xcd6:0x6 DW_TAG_enumerator
	.long	.Linfo_string112                @ DW_AT_name
	.byte	22                              @ DW_AT_const_value
	.byte	28                              @ Abbrev [28] 0xcdc:0x6 DW_TAG_enumerator
	.long	.Linfo_string113                @ DW_AT_name
	.byte	24                              @ DW_AT_const_value
	.byte	28                              @ Abbrev [28] 0xce2:0x6 DW_TAG_enumerator
	.long	.Linfo_string114                @ DW_AT_name
	.byte	26                              @ DW_AT_const_value
	.byte	28                              @ Abbrev [28] 0xce8:0x6 DW_TAG_enumerator
	.long	.Linfo_string115                @ DW_AT_name
	.byte	28                              @ DW_AT_const_value
	.byte	28                              @ Abbrev [28] 0xcee:0x6 DW_TAG_enumerator
	.long	.Linfo_string116                @ DW_AT_name
	.byte	30                              @ DW_AT_const_value
	.byte	28                              @ Abbrev [28] 0xcf4:0x7 DW_TAG_enumerator
	.long	.Linfo_string117                @ DW_AT_name
	.ascii	"\200\002"                      @ DW_AT_const_value
	.byte	28                              @ Abbrev [28] 0xcfb:0x7 DW_TAG_enumerator
	.long	.Linfo_string118                @ DW_AT_name
	.ascii	"\202\002"                      @ DW_AT_const_value
	.byte	28                              @ Abbrev [28] 0xd02:0x7 DW_TAG_enumerator
	.long	.Linfo_string119                @ DW_AT_name
	.ascii	"\204\002"                      @ DW_AT_const_value
	.byte	28                              @ Abbrev [28] 0xd09:0x7 DW_TAG_enumerator
	.long	.Linfo_string120                @ DW_AT_name
	.ascii	"\206\002"                      @ DW_AT_const_value
	.byte	28                              @ Abbrev [28] 0xd10:0x7 DW_TAG_enumerator
	.long	.Linfo_string121                @ DW_AT_name
	.ascii	"\210\002"                      @ DW_AT_const_value
	.byte	28                              @ Abbrev [28] 0xd17:0x7 DW_TAG_enumerator
	.long	.Linfo_string122                @ DW_AT_name
	.ascii	"\212\002"                      @ DW_AT_const_value
	.byte	28                              @ Abbrev [28] 0xd1e:0x7 DW_TAG_enumerator
	.long	.Linfo_string123                @ DW_AT_name
	.ascii	"\214\002"                      @ DW_AT_const_value
	.byte	28                              @ Abbrev [28] 0xd25:0x7 DW_TAG_enumerator
	.long	.Linfo_string124                @ DW_AT_name
	.ascii	"\216\002"                      @ DW_AT_const_value
	.byte	28                              @ Abbrev [28] 0xd2c:0x7 DW_TAG_enumerator
	.long	.Linfo_string125                @ DW_AT_name
	.ascii	"\220\002"                      @ DW_AT_const_value
	.byte	28                              @ Abbrev [28] 0xd33:0x7 DW_TAG_enumerator
	.long	.Linfo_string126                @ DW_AT_name
	.ascii	"\222\002"                      @ DW_AT_const_value
	.byte	28                              @ Abbrev [28] 0xd3a:0x7 DW_TAG_enumerator
	.long	.Linfo_string127                @ DW_AT_name
	.ascii	"\224\002"                      @ DW_AT_const_value
	.byte	28                              @ Abbrev [28] 0xd41:0x7 DW_TAG_enumerator
	.long	.Linfo_string128                @ DW_AT_name
	.ascii	"\226\002"                      @ DW_AT_const_value
	.byte	28                              @ Abbrev [28] 0xd48:0x7 DW_TAG_enumerator
	.long	.Linfo_string129                @ DW_AT_name
	.ascii	"\230\002"                      @ DW_AT_const_value
	.byte	28                              @ Abbrev [28] 0xd4f:0x7 DW_TAG_enumerator
	.long	.Linfo_string130                @ DW_AT_name
	.ascii	"\232\002"                      @ DW_AT_const_value
	.byte	28                              @ Abbrev [28] 0xd56:0x7 DW_TAG_enumerator
	.long	.Linfo_string131                @ DW_AT_name
	.ascii	"\234\002"                      @ DW_AT_const_value
	.byte	28                              @ Abbrev [28] 0xd5d:0x7 DW_TAG_enumerator
	.long	.Linfo_string132                @ DW_AT_name
	.ascii	"\236\002"                      @ DW_AT_const_value
	.byte	28                              @ Abbrev [28] 0xd64:0x7 DW_TAG_enumerator
	.long	.Linfo_string133                @ DW_AT_name
	.ascii	"\200\004"                      @ DW_AT_const_value
	.byte	28                              @ Abbrev [28] 0xd6b:0x7 DW_TAG_enumerator
	.long	.Linfo_string134                @ DW_AT_name
	.ascii	"\202\004"                      @ DW_AT_const_value
	.byte	28                              @ Abbrev [28] 0xd72:0x7 DW_TAG_enumerator
	.long	.Linfo_string135                @ DW_AT_name
	.ascii	"\204\004"                      @ DW_AT_const_value
	.byte	28                              @ Abbrev [28] 0xd79:0x7 DW_TAG_enumerator
	.long	.Linfo_string136                @ DW_AT_name
	.ascii	"\206\004"                      @ DW_AT_const_value
	.byte	28                              @ Abbrev [28] 0xd80:0x7 DW_TAG_enumerator
	.long	.Linfo_string137                @ DW_AT_name
	.ascii	"\210\004"                      @ DW_AT_const_value
	.byte	28                              @ Abbrev [28] 0xd87:0x7 DW_TAG_enumerator
	.long	.Linfo_string138                @ DW_AT_name
	.ascii	"\212\004"                      @ DW_AT_const_value
	.byte	28                              @ Abbrev [28] 0xd8e:0x7 DW_TAG_enumerator
	.long	.Linfo_string139                @ DW_AT_name
	.ascii	"\214\004"                      @ DW_AT_const_value
	.byte	28                              @ Abbrev [28] 0xd95:0x7 DW_TAG_enumerator
	.long	.Linfo_string140                @ DW_AT_name
	.ascii	"\216\004"                      @ DW_AT_const_value
	.byte	28                              @ Abbrev [28] 0xd9c:0x7 DW_TAG_enumerator
	.long	.Linfo_string141                @ DW_AT_name
	.ascii	"\220\004"                      @ DW_AT_const_value
	.byte	28                              @ Abbrev [28] 0xda3:0x7 DW_TAG_enumerator
	.long	.Linfo_string142                @ DW_AT_name
	.ascii	"\222\004"                      @ DW_AT_const_value
	.byte	28                              @ Abbrev [28] 0xdaa:0x7 DW_TAG_enumerator
	.long	.Linfo_string143                @ DW_AT_name
	.ascii	"\224\004"                      @ DW_AT_const_value
	.byte	28                              @ Abbrev [28] 0xdb1:0x7 DW_TAG_enumerator
	.long	.Linfo_string144                @ DW_AT_name
	.ascii	"\226\004"                      @ DW_AT_const_value
	.byte	28                              @ Abbrev [28] 0xdb8:0x7 DW_TAG_enumerator
	.long	.Linfo_string145                @ DW_AT_name
	.ascii	"\230\004"                      @ DW_AT_const_value
	.byte	28                              @ Abbrev [28] 0xdbf:0x7 DW_TAG_enumerator
	.long	.Linfo_string146                @ DW_AT_name
	.ascii	"\232\004"                      @ DW_AT_const_value
	.byte	28                              @ Abbrev [28] 0xdc6:0x7 DW_TAG_enumerator
	.long	.Linfo_string147                @ DW_AT_name
	.ascii	"\234\004"                      @ DW_AT_const_value
	.byte	28                              @ Abbrev [28] 0xdcd:0x7 DW_TAG_enumerator
	.long	.Linfo_string148                @ DW_AT_name
	.ascii	"\236\004"                      @ DW_AT_const_value
	.byte	28                              @ Abbrev [28] 0xdd4:0x7 DW_TAG_enumerator
	.long	.Linfo_string149                @ DW_AT_name
	.ascii	"\200\006"                      @ DW_AT_const_value
	.byte	28                              @ Abbrev [28] 0xddb:0x7 DW_TAG_enumerator
	.long	.Linfo_string150                @ DW_AT_name
	.ascii	"\202\006"                      @ DW_AT_const_value
	.byte	28                              @ Abbrev [28] 0xde2:0x7 DW_TAG_enumerator
	.long	.Linfo_string151                @ DW_AT_name
	.ascii	"\204\006"                      @ DW_AT_const_value
	.byte	28                              @ Abbrev [28] 0xde9:0x7 DW_TAG_enumerator
	.long	.Linfo_string152                @ DW_AT_name
	.ascii	"\206\006"                      @ DW_AT_const_value
	.byte	28                              @ Abbrev [28] 0xdf0:0x7 DW_TAG_enumerator
	.long	.Linfo_string153                @ DW_AT_name
	.ascii	"\210\006"                      @ DW_AT_const_value
	.byte	28                              @ Abbrev [28] 0xdf7:0x7 DW_TAG_enumerator
	.long	.Linfo_string154                @ DW_AT_name
	.ascii	"\212\006"                      @ DW_AT_const_value
	.byte	28                              @ Abbrev [28] 0xdfe:0x7 DW_TAG_enumerator
	.long	.Linfo_string155                @ DW_AT_name
	.ascii	"\214\006"                      @ DW_AT_const_value
	.byte	28                              @ Abbrev [28] 0xe05:0x7 DW_TAG_enumerator
	.long	.Linfo_string156                @ DW_AT_name
	.ascii	"\216\006"                      @ DW_AT_const_value
	.byte	28                              @ Abbrev [28] 0xe0c:0x7 DW_TAG_enumerator
	.long	.Linfo_string157                @ DW_AT_name
	.ascii	"\220\006"                      @ DW_AT_const_value
	.byte	28                              @ Abbrev [28] 0xe13:0x7 DW_TAG_enumerator
	.long	.Linfo_string158                @ DW_AT_name
	.ascii	"\222\006"                      @ DW_AT_const_value
	.byte	28                              @ Abbrev [28] 0xe1a:0x7 DW_TAG_enumerator
	.long	.Linfo_string159                @ DW_AT_name
	.ascii	"\224\006"                      @ DW_AT_const_value
	.byte	28                              @ Abbrev [28] 0xe21:0x7 DW_TAG_enumerator
	.long	.Linfo_string160                @ DW_AT_name
	.ascii	"\226\006"                      @ DW_AT_const_value
	.byte	28                              @ Abbrev [28] 0xe28:0x7 DW_TAG_enumerator
	.long	.Linfo_string161                @ DW_AT_name
	.ascii	"\230\006"                      @ DW_AT_const_value
	.byte	28                              @ Abbrev [28] 0xe2f:0x7 DW_TAG_enumerator
	.long	.Linfo_string162                @ DW_AT_name
	.ascii	"\232\006"                      @ DW_AT_const_value
	.byte	28                              @ Abbrev [28] 0xe36:0x7 DW_TAG_enumerator
	.long	.Linfo_string163                @ DW_AT_name
	.ascii	"\234\006"                      @ DW_AT_const_value
	.byte	28                              @ Abbrev [28] 0xe3d:0x7 DW_TAG_enumerator
	.long	.Linfo_string164                @ DW_AT_name
	.ascii	"\236\006"                      @ DW_AT_const_value
	.byte	28                              @ Abbrev [28] 0xe44:0x7 DW_TAG_enumerator
	.long	.Linfo_string165                @ DW_AT_name
	.ascii	"\200\b"                        @ DW_AT_const_value
	.byte	28                              @ Abbrev [28] 0xe4b:0x7 DW_TAG_enumerator
	.long	.Linfo_string166                @ DW_AT_name
	.ascii	"\202\b"                        @ DW_AT_const_value
	.byte	28                              @ Abbrev [28] 0xe52:0x7 DW_TAG_enumerator
	.long	.Linfo_string167                @ DW_AT_name
	.ascii	"\204\b"                        @ DW_AT_const_value
	.byte	28                              @ Abbrev [28] 0xe59:0x7 DW_TAG_enumerator
	.long	.Linfo_string168                @ DW_AT_name
	.ascii	"\206\b"                        @ DW_AT_const_value
	.byte	28                              @ Abbrev [28] 0xe60:0x7 DW_TAG_enumerator
	.long	.Linfo_string169                @ DW_AT_name
	.ascii	"\210\b"                        @ DW_AT_const_value
	.byte	28                              @ Abbrev [28] 0xe67:0x7 DW_TAG_enumerator
	.long	.Linfo_string170                @ DW_AT_name
	.ascii	"\212\b"                        @ DW_AT_const_value
	.byte	28                              @ Abbrev [28] 0xe6e:0x7 DW_TAG_enumerator
	.long	.Linfo_string171                @ DW_AT_name
	.ascii	"\214\b"                        @ DW_AT_const_value
	.byte	28                              @ Abbrev [28] 0xe75:0x7 DW_TAG_enumerator
	.long	.Linfo_string172                @ DW_AT_name
	.ascii	"\216\b"                        @ DW_AT_const_value
	.byte	28                              @ Abbrev [28] 0xe7c:0x7 DW_TAG_enumerator
	.long	.Linfo_string173                @ DW_AT_name
	.ascii	"\220\b"                        @ DW_AT_const_value
	.byte	28                              @ Abbrev [28] 0xe83:0x7 DW_TAG_enumerator
	.long	.Linfo_string174                @ DW_AT_name
	.ascii	"\222\b"                        @ DW_AT_const_value
	.byte	28                              @ Abbrev [28] 0xe8a:0x7 DW_TAG_enumerator
	.long	.Linfo_string175                @ DW_AT_name
	.ascii	"\224\b"                        @ DW_AT_const_value
	.byte	28                              @ Abbrev [28] 0xe91:0x7 DW_TAG_enumerator
	.long	.Linfo_string176                @ DW_AT_name
	.ascii	"\226\b"                        @ DW_AT_const_value
	.byte	28                              @ Abbrev [28] 0xe98:0x7 DW_TAG_enumerator
	.long	.Linfo_string177                @ DW_AT_name
	.ascii	"\230\b"                        @ DW_AT_const_value
	.byte	28                              @ Abbrev [28] 0xe9f:0x7 DW_TAG_enumerator
	.long	.Linfo_string178                @ DW_AT_name
	.ascii	"\232\b"                        @ DW_AT_const_value
	.byte	28                              @ Abbrev [28] 0xea6:0x7 DW_TAG_enumerator
	.long	.Linfo_string179                @ DW_AT_name
	.ascii	"\234\b"                        @ DW_AT_const_value
	.byte	28                              @ Abbrev [28] 0xead:0x7 DW_TAG_enumerator
	.long	.Linfo_string180                @ DW_AT_name
	.ascii	"\236\b"                        @ DW_AT_const_value
	.byte	28                              @ Abbrev [28] 0xeb4:0x7 DW_TAG_enumerator
	.long	.Linfo_string181                @ DW_AT_name
	.ascii	"\200\n"                        @ DW_AT_const_value
	.byte	28                              @ Abbrev [28] 0xebb:0x7 DW_TAG_enumerator
	.long	.Linfo_string182                @ DW_AT_name
	.ascii	"\202\n"                        @ DW_AT_const_value
	.byte	28                              @ Abbrev [28] 0xec2:0x7 DW_TAG_enumerator
	.long	.Linfo_string183                @ DW_AT_name
	.ascii	"\204\n"                        @ DW_AT_const_value
	.byte	28                              @ Abbrev [28] 0xec9:0x7 DW_TAG_enumerator
	.long	.Linfo_string184                @ DW_AT_name
	.ascii	"\206\n"                        @ DW_AT_const_value
	.byte	28                              @ Abbrev [28] 0xed0:0x7 DW_TAG_enumerator
	.long	.Linfo_string185                @ DW_AT_name
	.ascii	"\210\n"                        @ DW_AT_const_value
	.byte	28                              @ Abbrev [28] 0xed7:0x7 DW_TAG_enumerator
	.long	.Linfo_string186                @ DW_AT_name
	.ascii	"\212\n"                        @ DW_AT_const_value
	.byte	28                              @ Abbrev [28] 0xede:0x7 DW_TAG_enumerator
	.long	.Linfo_string187                @ DW_AT_name
	.ascii	"\214\n"                        @ DW_AT_const_value
	.byte	28                              @ Abbrev [28] 0xee5:0x7 DW_TAG_enumerator
	.long	.Linfo_string188                @ DW_AT_name
	.ascii	"\216\n"                        @ DW_AT_const_value
	.byte	28                              @ Abbrev [28] 0xeec:0x7 DW_TAG_enumerator
	.long	.Linfo_string189                @ DW_AT_name
	.ascii	"\220\n"                        @ DW_AT_const_value
	.byte	28                              @ Abbrev [28] 0xef3:0x7 DW_TAG_enumerator
	.long	.Linfo_string190                @ DW_AT_name
	.ascii	"\222\n"                        @ DW_AT_const_value
	.byte	28                              @ Abbrev [28] 0xefa:0x7 DW_TAG_enumerator
	.long	.Linfo_string191                @ DW_AT_name
	.ascii	"\224\n"                        @ DW_AT_const_value
	.byte	28                              @ Abbrev [28] 0xf01:0x7 DW_TAG_enumerator
	.long	.Linfo_string192                @ DW_AT_name
	.ascii	"\226\n"                        @ DW_AT_const_value
	.byte	28                              @ Abbrev [28] 0xf08:0x7 DW_TAG_enumerator
	.long	.Linfo_string193                @ DW_AT_name
	.ascii	"\230\n"                        @ DW_AT_const_value
	.byte	28                              @ Abbrev [28] 0xf0f:0x7 DW_TAG_enumerator
	.long	.Linfo_string194                @ DW_AT_name
	.ascii	"\232\n"                        @ DW_AT_const_value
	.byte	28                              @ Abbrev [28] 0xf16:0x7 DW_TAG_enumerator
	.long	.Linfo_string195                @ DW_AT_name
	.ascii	"\234\n"                        @ DW_AT_const_value
	.byte	28                              @ Abbrev [28] 0xf1d:0x7 DW_TAG_enumerator
	.long	.Linfo_string196                @ DW_AT_name
	.ascii	"\236\n"                        @ DW_AT_const_value
	.byte	28                              @ Abbrev [28] 0xf24:0x7 DW_TAG_enumerator
	.long	.Linfo_string197                @ DW_AT_name
	.ascii	"\200\f"                        @ DW_AT_const_value
	.byte	28                              @ Abbrev [28] 0xf2b:0x7 DW_TAG_enumerator
	.long	.Linfo_string198                @ DW_AT_name
	.ascii	"\202\f"                        @ DW_AT_const_value
	.byte	28                              @ Abbrev [28] 0xf32:0x7 DW_TAG_enumerator
	.long	.Linfo_string199                @ DW_AT_name
	.ascii	"\204\f"                        @ DW_AT_const_value
	.byte	28                              @ Abbrev [28] 0xf39:0x7 DW_TAG_enumerator
	.long	.Linfo_string200                @ DW_AT_name
	.ascii	"\206\f"                        @ DW_AT_const_value
	.byte	28                              @ Abbrev [28] 0xf40:0x7 DW_TAG_enumerator
	.long	.Linfo_string201                @ DW_AT_name
	.ascii	"\210\f"                        @ DW_AT_const_value
	.byte	28                              @ Abbrev [28] 0xf47:0x7 DW_TAG_enumerator
	.long	.Linfo_string202                @ DW_AT_name
	.ascii	"\212\f"                        @ DW_AT_const_value
	.byte	28                              @ Abbrev [28] 0xf4e:0x7 DW_TAG_enumerator
	.long	.Linfo_string203                @ DW_AT_name
	.ascii	"\214\f"                        @ DW_AT_const_value
	.byte	28                              @ Abbrev [28] 0xf55:0x7 DW_TAG_enumerator
	.long	.Linfo_string204                @ DW_AT_name
	.ascii	"\216\f"                        @ DW_AT_const_value
	.byte	28                              @ Abbrev [28] 0xf5c:0x7 DW_TAG_enumerator
	.long	.Linfo_string205                @ DW_AT_name
	.ascii	"\220\f"                        @ DW_AT_const_value
	.byte	28                              @ Abbrev [28] 0xf63:0x7 DW_TAG_enumerator
	.long	.Linfo_string206                @ DW_AT_name
	.ascii	"\222\f"                        @ DW_AT_const_value
	.byte	28                              @ Abbrev [28] 0xf6a:0x7 DW_TAG_enumerator
	.long	.Linfo_string207                @ DW_AT_name
	.ascii	"\224\f"                        @ DW_AT_const_value
	.byte	28                              @ Abbrev [28] 0xf71:0x7 DW_TAG_enumerator
	.long	.Linfo_string208                @ DW_AT_name
	.ascii	"\226\f"                        @ DW_AT_const_value
	.byte	28                              @ Abbrev [28] 0xf78:0x7 DW_TAG_enumerator
	.long	.Linfo_string209                @ DW_AT_name
	.ascii	"\230\f"                        @ DW_AT_const_value
	.byte	28                              @ Abbrev [28] 0xf7f:0x7 DW_TAG_enumerator
	.long	.Linfo_string210                @ DW_AT_name
	.ascii	"\232\f"                        @ DW_AT_const_value
	.byte	28                              @ Abbrev [28] 0xf86:0x7 DW_TAG_enumerator
	.long	.Linfo_string211                @ DW_AT_name
	.ascii	"\234\f"                        @ DW_AT_const_value
	.byte	28                              @ Abbrev [28] 0xf8d:0x7 DW_TAG_enumerator
	.long	.Linfo_string212                @ DW_AT_name
	.ascii	"\236\f"                        @ DW_AT_const_value
	.byte	28                              @ Abbrev [28] 0xf94:0x7 DW_TAG_enumerator
	.long	.Linfo_string213                @ DW_AT_name
	.ascii	"\200\016"                      @ DW_AT_const_value
	.byte	28                              @ Abbrev [28] 0xf9b:0x7 DW_TAG_enumerator
	.long	.Linfo_string214                @ DW_AT_name
	.ascii	"\202\016"                      @ DW_AT_const_value
	.byte	28                              @ Abbrev [28] 0xfa2:0x7 DW_TAG_enumerator
	.long	.Linfo_string215                @ DW_AT_name
	.ascii	"\204\016"                      @ DW_AT_const_value
	.byte	28                              @ Abbrev [28] 0xfa9:0x7 DW_TAG_enumerator
	.long	.Linfo_string216                @ DW_AT_name
	.ascii	"\206\016"                      @ DW_AT_const_value
	.byte	28                              @ Abbrev [28] 0xfb0:0x7 DW_TAG_enumerator
	.long	.Linfo_string217                @ DW_AT_name
	.ascii	"\210\016"                      @ DW_AT_const_value
	.byte	28                              @ Abbrev [28] 0xfb7:0x7 DW_TAG_enumerator
	.long	.Linfo_string218                @ DW_AT_name
	.ascii	"\212\016"                      @ DW_AT_const_value
	.byte	28                              @ Abbrev [28] 0xfbe:0x7 DW_TAG_enumerator
	.long	.Linfo_string219                @ DW_AT_name
	.ascii	"\214\016"                      @ DW_AT_const_value
	.byte	0                               @ End Of Children Mark
	.byte	5                               @ Abbrev [5] 0xfc6:0x7 DW_TAG_base_type
	.long	.Linfo_string99                 @ DW_AT_name
	.byte	5                               @ DW_AT_encoding
	.byte	2                               @ DW_AT_byte_size
	.byte	7                               @ Abbrev [7] 0xfcd:0x12 DW_TAG_variable
	.long	.Linfo_string222                @ DW_AT_name
	.long	3172                            @ DW_AT_type
	.byte	1                               @ DW_AT_decl_file
	.short	357                             @ DW_AT_decl_line
	.byte	5                               @ DW_AT_location
	.byte	3
	.long	s_flexcanPeriphClock
	.byte	2                               @ Abbrev [2] 0xfdf:0xe DW_TAG_variable
	.long	52                              @ DW_AT_type
	.byte	1                               @ DW_AT_decl_file
	.short	709                             @ DW_AT_decl_line
	.byte	5                               @ DW_AT_location
	.byte	3
	.long	.L.str.33
	.byte	2                               @ Abbrev [2] 0xfed:0xe DW_TAG_variable
	.long	4091                            @ DW_AT_type
	.byte	1                               @ DW_AT_decl_file
	.short	806                             @ DW_AT_decl_line
	.byte	5                               @ DW_AT_location
	.byte	3
	.long	.L.str.34
	.byte	3                               @ Abbrev [3] 0xffb:0xc DW_TAG_array_type
	.long	64                              @ DW_AT_type
	.byte	4                               @ Abbrev [4] 0x1000:0x6 DW_TAG_subrange_type
	.long	71                              @ DW_AT_type
	.byte	24                              @ DW_AT_count
	.byte	0                               @ End Of Children Mark
	.byte	2                               @ Abbrev [2] 0x1007:0xe DW_TAG_variable
	.long	300                             @ DW_AT_type
	.byte	1                               @ DW_AT_decl_file
	.short	808                             @ DW_AT_decl_line
	.byte	5                               @ DW_AT_location
	.byte	3
	.long	.L.str.35
	.byte	2                               @ Abbrev [2] 0x1015:0xe DW_TAG_variable
	.long	4131                            @ DW_AT_type
	.byte	1                               @ DW_AT_decl_file
	.short	817                             @ DW_AT_decl_line
	.byte	5                               @ DW_AT_location
	.byte	3
	.long	.L.str.36
	.byte	3                               @ Abbrev [3] 0x1023:0xc DW_TAG_array_type
	.long	64                              @ DW_AT_type
	.byte	4                               @ Abbrev [4] 0x1028:0x6 DW_TAG_subrange_type
	.long	71                              @ DW_AT_type
	.byte	57                              @ DW_AT_count
	.byte	0                               @ End Of Children Mark
	.byte	2                               @ Abbrev [2] 0x102f:0xe DW_TAG_variable
	.long	4157                            @ DW_AT_type
	.byte	1                               @ DW_AT_decl_file
	.short	822                             @ DW_AT_decl_line
	.byte	5                               @ DW_AT_location
	.byte	3
	.long	.L.str.37
	.byte	3                               @ Abbrev [3] 0x103d:0xc DW_TAG_array_type
	.long	64                              @ DW_AT_type
	.byte	4                               @ Abbrev [4] 0x1042:0x6 DW_TAG_subrange_type
	.long	71                              @ DW_AT_type
	.byte	56                              @ DW_AT_count
	.byte	0                               @ End Of Children Mark
	.byte	2                               @ Abbrev [2] 0x1049:0xe DW_TAG_variable
	.long	4183                            @ DW_AT_type
	.byte	1                               @ DW_AT_decl_file
	.short	868                             @ DW_AT_decl_line
	.byte	5                               @ DW_AT_location
	.byte	3
	.long	.L.str.38
	.byte	3                               @ Abbrev [3] 0x1057:0xc DW_TAG_array_type
	.long	64                              @ DW_AT_type
	.byte	4                               @ Abbrev [4] 0x105c:0x6 DW_TAG_subrange_type
	.long	71                              @ DW_AT_type
	.byte	26                              @ DW_AT_count
	.byte	0                               @ End Of Children Mark
	.byte	2                               @ Abbrev [2] 0x1063:0xe DW_TAG_variable
	.long	274                             @ DW_AT_type
	.byte	1                               @ DW_AT_decl_file
	.short	870                             @ DW_AT_decl_line
	.byte	5                               @ DW_AT_location
	.byte	3
	.long	.L.str.39
	.byte	2                               @ Abbrev [2] 0x1071:0xe DW_TAG_variable
	.long	4223                            @ DW_AT_type
	.byte	1                               @ DW_AT_decl_file
	.short	876                             @ DW_AT_decl_line
	.byte	5                               @ DW_AT_location
	.byte	3
	.long	.L.str.40
	.byte	3                               @ Abbrev [3] 0x107f:0xc DW_TAG_array_type
	.long	64                              @ DW_AT_type
	.byte	4                               @ Abbrev [4] 0x1084:0x6 DW_TAG_subrange_type
	.long	71                              @ DW_AT_type
	.byte	59                              @ DW_AT_count
	.byte	0                               @ End Of Children Mark
	.byte	7                               @ Abbrev [7] 0x108b:0x12 DW_TAG_variable
	.long	.Linfo_string223                @ DW_AT_name
	.long	4253                            @ DW_AT_type
	.byte	1                               @ DW_AT_decl_file
	.short	363                             @ DW_AT_decl_line
	.byte	5                               @ DW_AT_location
	.byte	3
	.long	s_flexcanIsr
	.byte	20                              @ Abbrev [20] 0x109d:0xb DW_TAG_typedef
	.long	4264                            @ DW_AT_type
	.long	.Linfo_string224                @ DW_AT_name
	.byte	1                               @ DW_AT_decl_file
	.byte	149                             @ DW_AT_decl_line
	.byte	8                               @ Abbrev [8] 0x10a8:0x5 DW_TAG_pointer_type
	.long	4269                            @ DW_AT_type
	.byte	13                              @ Abbrev [13] 0x10ad:0xc DW_TAG_subroutine_type
                                        @ DW_AT_prototyped
	.byte	14                              @ Abbrev [14] 0x10ae:0x5 DW_TAG_formal_parameter
	.long	961                             @ DW_AT_type
	.byte	14                              @ Abbrev [14] 0x10b3:0x5 DW_TAG_formal_parameter
	.long	780                             @ DW_AT_type
	.byte	0                               @ End Of Children Mark
	.byte	7                               @ Abbrev [7] 0x10b9:0x12 DW_TAG_variable
	.long	.Linfo_string225                @ DW_AT_name
	.long	4299                            @ DW_AT_type
	.byte	1                               @ DW_AT_decl_file
	.short	342                             @ DW_AT_decl_line
	.byte	5                               @ DW_AT_location
	.byte	3
	.long	s_flexcanRxWarningIRQ
	.byte	3                               @ Abbrev [3] 0x10cb:0xc DW_TAG_array_type
	.long	4311                            @ DW_AT_type
	.byte	4                               @ Abbrev [4] 0x10d0:0x6 DW_TAG_subrange_type
	.long	71                              @ DW_AT_type
	.byte	4                               @ DW_AT_count
	.byte	0                               @ End Of Children Mark
	.byte	21                              @ Abbrev [21] 0x10d7:0x5 DW_TAG_const_type
	.long	4316                            @ DW_AT_type
	.byte	20                              @ Abbrev [20] 0x10dc:0xb DW_TAG_typedef
	.long	4327                            @ DW_AT_type
	.long	.Linfo_string395                @ DW_AT_name
	.byte	3                               @ DW_AT_decl_file
	.byte	250                             @ DW_AT_decl_line
	.byte	29                              @ Abbrev [29] 0x10e7:0x45c DW_TAG_enumeration_type
	.long	4038                            @ DW_AT_type
	.long	.Linfo_string394                @ DW_AT_name
	.byte	2                               @ DW_AT_byte_size
	.byte	3                               @ DW_AT_decl_file
	.byte	76                              @ DW_AT_decl_line
	.byte	28                              @ Abbrev [28] 0x10f3:0x7 DW_TAG_enumerator
	.long	.Linfo_string226                @ DW_AT_name
	.ascii	"\200\177"                      @ DW_AT_const_value
	.byte	28                              @ Abbrev [28] 0x10fa:0x6 DW_TAG_enumerator
	.long	.Linfo_string227                @ DW_AT_name
	.byte	114                             @ DW_AT_const_value
	.byte	28                              @ Abbrev [28] 0x1100:0x6 DW_TAG_enumerator
	.long	.Linfo_string228                @ DW_AT_name
	.byte	115                             @ DW_AT_const_value
	.byte	28                              @ Abbrev [28] 0x1106:0x6 DW_TAG_enumerator
	.long	.Linfo_string229                @ DW_AT_name
	.byte	116                             @ DW_AT_const_value
	.byte	28                              @ Abbrev [28] 0x110c:0x6 DW_TAG_enumerator
	.long	.Linfo_string230                @ DW_AT_name
	.byte	117                             @ DW_AT_const_value
	.byte	28                              @ Abbrev [28] 0x1112:0x6 DW_TAG_enumerator
	.long	.Linfo_string231                @ DW_AT_name
	.byte	118                             @ DW_AT_const_value
	.byte	28                              @ Abbrev [28] 0x1118:0x6 DW_TAG_enumerator
	.long	.Linfo_string232                @ DW_AT_name
	.byte	123                             @ DW_AT_const_value
	.byte	28                              @ Abbrev [28] 0x111e:0x6 DW_TAG_enumerator
	.long	.Linfo_string233                @ DW_AT_name
	.byte	124                             @ DW_AT_const_value
	.byte	28                              @ Abbrev [28] 0x1124:0x6 DW_TAG_enumerator
	.long	.Linfo_string234                @ DW_AT_name
	.byte	126                             @ DW_AT_const_value
	.byte	28                              @ Abbrev [28] 0x112a:0x6 DW_TAG_enumerator
	.long	.Linfo_string235                @ DW_AT_name
	.byte	127                             @ DW_AT_const_value
	.byte	28                              @ Abbrev [28] 0x1130:0x6 DW_TAG_enumerator
	.long	.Linfo_string236                @ DW_AT_name
	.byte	0                               @ DW_AT_const_value
	.byte	28                              @ Abbrev [28] 0x1136:0x6 DW_TAG_enumerator
	.long	.Linfo_string237                @ DW_AT_name
	.byte	1                               @ DW_AT_const_value
	.byte	28                              @ Abbrev [28] 0x113c:0x6 DW_TAG_enumerator
	.long	.Linfo_string238                @ DW_AT_name
	.byte	2                               @ DW_AT_const_value
	.byte	28                              @ Abbrev [28] 0x1142:0x6 DW_TAG_enumerator
	.long	.Linfo_string239                @ DW_AT_name
	.byte	3                               @ DW_AT_const_value
	.byte	28                              @ Abbrev [28] 0x1148:0x6 DW_TAG_enumerator
	.long	.Linfo_string240                @ DW_AT_name
	.byte	4                               @ DW_AT_const_value
	.byte	28                              @ Abbrev [28] 0x114e:0x6 DW_TAG_enumerator
	.long	.Linfo_string241                @ DW_AT_name
	.byte	5                               @ DW_AT_const_value
	.byte	28                              @ Abbrev [28] 0x1154:0x6 DW_TAG_enumerator
	.long	.Linfo_string242                @ DW_AT_name
	.byte	6                               @ DW_AT_const_value
	.byte	28                              @ Abbrev [28] 0x115a:0x6 DW_TAG_enumerator
	.long	.Linfo_string243                @ DW_AT_name
	.byte	7                               @ DW_AT_const_value
	.byte	28                              @ Abbrev [28] 0x1160:0x6 DW_TAG_enumerator
	.long	.Linfo_string244                @ DW_AT_name
	.byte	8                               @ DW_AT_const_value
	.byte	28                              @ Abbrev [28] 0x1166:0x6 DW_TAG_enumerator
	.long	.Linfo_string245                @ DW_AT_name
	.byte	9                               @ DW_AT_const_value
	.byte	28                              @ Abbrev [28] 0x116c:0x6 DW_TAG_enumerator
	.long	.Linfo_string246                @ DW_AT_name
	.byte	10                              @ DW_AT_const_value
	.byte	28                              @ Abbrev [28] 0x1172:0x6 DW_TAG_enumerator
	.long	.Linfo_string247                @ DW_AT_name
	.byte	11                              @ DW_AT_const_value
	.byte	28                              @ Abbrev [28] 0x1178:0x6 DW_TAG_enumerator
	.long	.Linfo_string248                @ DW_AT_name
	.byte	12                              @ DW_AT_const_value
	.byte	28                              @ Abbrev [28] 0x117e:0x6 DW_TAG_enumerator
	.long	.Linfo_string249                @ DW_AT_name
	.byte	13                              @ DW_AT_const_value
	.byte	28                              @ Abbrev [28] 0x1184:0x6 DW_TAG_enumerator
	.long	.Linfo_string250                @ DW_AT_name
	.byte	14                              @ DW_AT_const_value
	.byte	28                              @ Abbrev [28] 0x118a:0x6 DW_TAG_enumerator
	.long	.Linfo_string251                @ DW_AT_name
	.byte	15                              @ DW_AT_const_value
	.byte	28                              @ Abbrev [28] 0x1190:0x6 DW_TAG_enumerator
	.long	.Linfo_string252                @ DW_AT_name
	.byte	16                              @ DW_AT_const_value
	.byte	28                              @ Abbrev [28] 0x1196:0x6 DW_TAG_enumerator
	.long	.Linfo_string253                @ DW_AT_name
	.byte	17                              @ DW_AT_const_value
	.byte	28                              @ Abbrev [28] 0x119c:0x6 DW_TAG_enumerator
	.long	.Linfo_string254                @ DW_AT_name
	.byte	18                              @ DW_AT_const_value
	.byte	28                              @ Abbrev [28] 0x11a2:0x6 DW_TAG_enumerator
	.long	.Linfo_string255                @ DW_AT_name
	.byte	19                              @ DW_AT_const_value
	.byte	28                              @ Abbrev [28] 0x11a8:0x6 DW_TAG_enumerator
	.long	.Linfo_string256                @ DW_AT_name
	.byte	20                              @ DW_AT_const_value
	.byte	28                              @ Abbrev [28] 0x11ae:0x6 DW_TAG_enumerator
	.long	.Linfo_string257                @ DW_AT_name
	.byte	21                              @ DW_AT_const_value
	.byte	28                              @ Abbrev [28] 0x11b4:0x6 DW_TAG_enumerator
	.long	.Linfo_string258                @ DW_AT_name
	.byte	22                              @ DW_AT_const_value
	.byte	28                              @ Abbrev [28] 0x11ba:0x6 DW_TAG_enumerator
	.long	.Linfo_string259                @ DW_AT_name
	.byte	23                              @ DW_AT_const_value
	.byte	28                              @ Abbrev [28] 0x11c0:0x6 DW_TAG_enumerator
	.long	.Linfo_string260                @ DW_AT_name
	.byte	24                              @ DW_AT_const_value
	.byte	28                              @ Abbrev [28] 0x11c6:0x6 DW_TAG_enumerator
	.long	.Linfo_string261                @ DW_AT_name
	.byte	25                              @ DW_AT_const_value
	.byte	28                              @ Abbrev [28] 0x11cc:0x6 DW_TAG_enumerator
	.long	.Linfo_string262                @ DW_AT_name
	.byte	26                              @ DW_AT_const_value
	.byte	28                              @ Abbrev [28] 0x11d2:0x6 DW_TAG_enumerator
	.long	.Linfo_string263                @ DW_AT_name
	.byte	27                              @ DW_AT_const_value
	.byte	28                              @ Abbrev [28] 0x11d8:0x6 DW_TAG_enumerator
	.long	.Linfo_string264                @ DW_AT_name
	.byte	28                              @ DW_AT_const_value
	.byte	28                              @ Abbrev [28] 0x11de:0x6 DW_TAG_enumerator
	.long	.Linfo_string265                @ DW_AT_name
	.byte	29                              @ DW_AT_const_value
	.byte	28                              @ Abbrev [28] 0x11e4:0x6 DW_TAG_enumerator
	.long	.Linfo_string266                @ DW_AT_name
	.byte	30                              @ DW_AT_const_value
	.byte	28                              @ Abbrev [28] 0x11ea:0x6 DW_TAG_enumerator
	.long	.Linfo_string267                @ DW_AT_name
	.byte	31                              @ DW_AT_const_value
	.byte	28                              @ Abbrev [28] 0x11f0:0x6 DW_TAG_enumerator
	.long	.Linfo_string268                @ DW_AT_name
	.byte	32                              @ DW_AT_const_value
	.byte	28                              @ Abbrev [28] 0x11f6:0x6 DW_TAG_enumerator
	.long	.Linfo_string269                @ DW_AT_name
	.byte	33                              @ DW_AT_const_value
	.byte	28                              @ Abbrev [28] 0x11fc:0x6 DW_TAG_enumerator
	.long	.Linfo_string270                @ DW_AT_name
	.byte	34                              @ DW_AT_const_value
	.byte	28                              @ Abbrev [28] 0x1202:0x6 DW_TAG_enumerator
	.long	.Linfo_string271                @ DW_AT_name
	.byte	35                              @ DW_AT_const_value
	.byte	28                              @ Abbrev [28] 0x1208:0x6 DW_TAG_enumerator
	.long	.Linfo_string272                @ DW_AT_name
	.byte	36                              @ DW_AT_const_value
	.byte	28                              @ Abbrev [28] 0x120e:0x6 DW_TAG_enumerator
	.long	.Linfo_string273                @ DW_AT_name
	.byte	37                              @ DW_AT_const_value
	.byte	28                              @ Abbrev [28] 0x1214:0x6 DW_TAG_enumerator
	.long	.Linfo_string274                @ DW_AT_name
	.byte	38                              @ DW_AT_const_value
	.byte	28                              @ Abbrev [28] 0x121a:0x6 DW_TAG_enumerator
	.long	.Linfo_string275                @ DW_AT_name
	.byte	39                              @ DW_AT_const_value
	.byte	28                              @ Abbrev [28] 0x1220:0x6 DW_TAG_enumerator
	.long	.Linfo_string276                @ DW_AT_name
	.byte	40                              @ DW_AT_const_value
	.byte	28                              @ Abbrev [28] 0x1226:0x6 DW_TAG_enumerator
	.long	.Linfo_string277                @ DW_AT_name
	.byte	41                              @ DW_AT_const_value
	.byte	28                              @ Abbrev [28] 0x122c:0x6 DW_TAG_enumerator
	.long	.Linfo_string278                @ DW_AT_name
	.byte	42                              @ DW_AT_const_value
	.byte	28                              @ Abbrev [28] 0x1232:0x6 DW_TAG_enumerator
	.long	.Linfo_string279                @ DW_AT_name
	.byte	43                              @ DW_AT_const_value
	.byte	28                              @ Abbrev [28] 0x1238:0x6 DW_TAG_enumerator
	.long	.Linfo_string280                @ DW_AT_name
	.byte	44                              @ DW_AT_const_value
	.byte	28                              @ Abbrev [28] 0x123e:0x6 DW_TAG_enumerator
	.long	.Linfo_string281                @ DW_AT_name
	.byte	45                              @ DW_AT_const_value
	.byte	28                              @ Abbrev [28] 0x1244:0x6 DW_TAG_enumerator
	.long	.Linfo_string282                @ DW_AT_name
	.byte	46                              @ DW_AT_const_value
	.byte	28                              @ Abbrev [28] 0x124a:0x6 DW_TAG_enumerator
	.long	.Linfo_string283                @ DW_AT_name
	.byte	47                              @ DW_AT_const_value
	.byte	28                              @ Abbrev [28] 0x1250:0x6 DW_TAG_enumerator
	.long	.Linfo_string284                @ DW_AT_name
	.byte	48                              @ DW_AT_const_value
	.byte	28                              @ Abbrev [28] 0x1256:0x6 DW_TAG_enumerator
	.long	.Linfo_string285                @ DW_AT_name
	.byte	49                              @ DW_AT_const_value
	.byte	28                              @ Abbrev [28] 0x125c:0x6 DW_TAG_enumerator
	.long	.Linfo_string286                @ DW_AT_name
	.byte	50                              @ DW_AT_const_value
	.byte	28                              @ Abbrev [28] 0x1262:0x6 DW_TAG_enumerator
	.long	.Linfo_string287                @ DW_AT_name
	.byte	51                              @ DW_AT_const_value
	.byte	28                              @ Abbrev [28] 0x1268:0x6 DW_TAG_enumerator
	.long	.Linfo_string288                @ DW_AT_name
	.byte	52                              @ DW_AT_const_value
	.byte	28                              @ Abbrev [28] 0x126e:0x6 DW_TAG_enumerator
	.long	.Linfo_string289                @ DW_AT_name
	.byte	53                              @ DW_AT_const_value
	.byte	28                              @ Abbrev [28] 0x1274:0x6 DW_TAG_enumerator
	.long	.Linfo_string290                @ DW_AT_name
	.byte	54                              @ DW_AT_const_value
	.byte	28                              @ Abbrev [28] 0x127a:0x6 DW_TAG_enumerator
	.long	.Linfo_string291                @ DW_AT_name
	.byte	55                              @ DW_AT_const_value
	.byte	28                              @ Abbrev [28] 0x1280:0x6 DW_TAG_enumerator
	.long	.Linfo_string292                @ DW_AT_name
	.byte	56                              @ DW_AT_const_value
	.byte	28                              @ Abbrev [28] 0x1286:0x6 DW_TAG_enumerator
	.long	.Linfo_string293                @ DW_AT_name
	.byte	57                              @ DW_AT_const_value
	.byte	28                              @ Abbrev [28] 0x128c:0x6 DW_TAG_enumerator
	.long	.Linfo_string294                @ DW_AT_name
	.byte	58                              @ DW_AT_const_value
	.byte	28                              @ Abbrev [28] 0x1292:0x6 DW_TAG_enumerator
	.long	.Linfo_string295                @ DW_AT_name
	.byte	59                              @ DW_AT_const_value
	.byte	28                              @ Abbrev [28] 0x1298:0x6 DW_TAG_enumerator
	.long	.Linfo_string296                @ DW_AT_name
	.byte	60                              @ DW_AT_const_value
	.byte	28                              @ Abbrev [28] 0x129e:0x6 DW_TAG_enumerator
	.long	.Linfo_string297                @ DW_AT_name
	.byte	61                              @ DW_AT_const_value
	.byte	28                              @ Abbrev [28] 0x12a4:0x6 DW_TAG_enumerator
	.long	.Linfo_string298                @ DW_AT_name
	.byte	62                              @ DW_AT_const_value
	.byte	28                              @ Abbrev [28] 0x12aa:0x6 DW_TAG_enumerator
	.long	.Linfo_string299                @ DW_AT_name
	.byte	63                              @ DW_AT_const_value
	.byte	28                              @ Abbrev [28] 0x12b0:0x7 DW_TAG_enumerator
	.long	.Linfo_string300                @ DW_AT_name
	.asciz	"\300"                          @ DW_AT_const_value
	.byte	28                              @ Abbrev [28] 0x12b7:0x7 DW_TAG_enumerator
	.long	.Linfo_string301                @ DW_AT_name
	.asciz	"\301"                          @ DW_AT_const_value
	.byte	28                              @ Abbrev [28] 0x12be:0x7 DW_TAG_enumerator
	.long	.Linfo_string302                @ DW_AT_name
	.asciz	"\302"                          @ DW_AT_const_value
	.byte	28                              @ Abbrev [28] 0x12c5:0x7 DW_TAG_enumerator
	.long	.Linfo_string303                @ DW_AT_name
	.asciz	"\303"                          @ DW_AT_const_value
	.byte	28                              @ Abbrev [28] 0x12cc:0x7 DW_TAG_enumerator
	.long	.Linfo_string304                @ DW_AT_name
	.asciz	"\304"                          @ DW_AT_const_value
	.byte	28                              @ Abbrev [28] 0x12d3:0x7 DW_TAG_enumerator
	.long	.Linfo_string305                @ DW_AT_name
	.asciz	"\305"                          @ DW_AT_const_value
	.byte	28                              @ Abbrev [28] 0x12da:0x7 DW_TAG_enumerator
	.long	.Linfo_string306                @ DW_AT_name
	.asciz	"\306"                          @ DW_AT_const_value
	.byte	28                              @ Abbrev [28] 0x12e1:0x7 DW_TAG_enumerator
	.long	.Linfo_string307                @ DW_AT_name
	.asciz	"\307"                          @ DW_AT_const_value
	.byte	28                              @ Abbrev [28] 0x12e8:0x7 DW_TAG_enumerator
	.long	.Linfo_string308                @ DW_AT_name
	.asciz	"\310"                          @ DW_AT_const_value
	.byte	28                              @ Abbrev [28] 0x12ef:0x7 DW_TAG_enumerator
	.long	.Linfo_string309                @ DW_AT_name
	.asciz	"\311"                          @ DW_AT_const_value
	.byte	28                              @ Abbrev [28] 0x12f6:0x7 DW_TAG_enumerator
	.long	.Linfo_string310                @ DW_AT_name
	.asciz	"\312"                          @ DW_AT_const_value
	.byte	28                              @ Abbrev [28] 0x12fd:0x7 DW_TAG_enumerator
	.long	.Linfo_string311                @ DW_AT_name
	.asciz	"\313"                          @ DW_AT_const_value
	.byte	28                              @ Abbrev [28] 0x1304:0x7 DW_TAG_enumerator
	.long	.Linfo_string312                @ DW_AT_name
	.asciz	"\314"                          @ DW_AT_const_value
	.byte	28                              @ Abbrev [28] 0x130b:0x7 DW_TAG_enumerator
	.long	.Linfo_string313                @ DW_AT_name
	.asciz	"\315"                          @ DW_AT_const_value
	.byte	28                              @ Abbrev [28] 0x1312:0x7 DW_TAG_enumerator
	.long	.Linfo_string314                @ DW_AT_name
	.asciz	"\316"                          @ DW_AT_const_value
	.byte	28                              @ Abbrev [28] 0x1319:0x7 DW_TAG_enumerator
	.long	.Linfo_string315                @ DW_AT_name
	.asciz	"\317"                          @ DW_AT_const_value
	.byte	28                              @ Abbrev [28] 0x1320:0x7 DW_TAG_enumerator
	.long	.Linfo_string316                @ DW_AT_name
	.asciz	"\320"                          @ DW_AT_const_value
	.byte	28                              @ Abbrev [28] 0x1327:0x7 DW_TAG_enumerator
	.long	.Linfo_string317                @ DW_AT_name
	.asciz	"\321"                          @ DW_AT_const_value
	.byte	28                              @ Abbrev [28] 0x132e:0x7 DW_TAG_enumerator
	.long	.Linfo_string318                @ DW_AT_name
	.asciz	"\322"                          @ DW_AT_const_value
	.byte	28                              @ Abbrev [28] 0x1335:0x7 DW_TAG_enumerator
	.long	.Linfo_string319                @ DW_AT_name
	.asciz	"\323"                          @ DW_AT_const_value
	.byte	28                              @ Abbrev [28] 0x133c:0x7 DW_TAG_enumerator
	.long	.Linfo_string320                @ DW_AT_name
	.asciz	"\324"                          @ DW_AT_const_value
	.byte	28                              @ Abbrev [28] 0x1343:0x7 DW_TAG_enumerator
	.long	.Linfo_string321                @ DW_AT_name
	.asciz	"\325"                          @ DW_AT_const_value
	.byte	28                              @ Abbrev [28] 0x134a:0x7 DW_TAG_enumerator
	.long	.Linfo_string322                @ DW_AT_name
	.asciz	"\326"                          @ DW_AT_const_value
	.byte	28                              @ Abbrev [28] 0x1351:0x7 DW_TAG_enumerator
	.long	.Linfo_string323                @ DW_AT_name
	.asciz	"\327"                          @ DW_AT_const_value
	.byte	28                              @ Abbrev [28] 0x1358:0x7 DW_TAG_enumerator
	.long	.Linfo_string324                @ DW_AT_name
	.asciz	"\330"                          @ DW_AT_const_value
	.byte	28                              @ Abbrev [28] 0x135f:0x7 DW_TAG_enumerator
	.long	.Linfo_string325                @ DW_AT_name
	.asciz	"\331"                          @ DW_AT_const_value
	.byte	28                              @ Abbrev [28] 0x1366:0x7 DW_TAG_enumerator
	.long	.Linfo_string326                @ DW_AT_name
	.asciz	"\332"                          @ DW_AT_const_value
	.byte	28                              @ Abbrev [28] 0x136d:0x7 DW_TAG_enumerator
	.long	.Linfo_string327                @ DW_AT_name
	.asciz	"\333"                          @ DW_AT_const_value
	.byte	28                              @ Abbrev [28] 0x1374:0x7 DW_TAG_enumerator
	.long	.Linfo_string328                @ DW_AT_name
	.asciz	"\334"                          @ DW_AT_const_value
	.byte	28                              @ Abbrev [28] 0x137b:0x7 DW_TAG_enumerator
	.long	.Linfo_string329                @ DW_AT_name
	.asciz	"\335"                          @ DW_AT_const_value
	.byte	28                              @ Abbrev [28] 0x1382:0x7 DW_TAG_enumerator
	.long	.Linfo_string330                @ DW_AT_name
	.asciz	"\336"                          @ DW_AT_const_value
	.byte	28                              @ Abbrev [28] 0x1389:0x7 DW_TAG_enumerator
	.long	.Linfo_string331                @ DW_AT_name
	.asciz	"\337"                          @ DW_AT_const_value
	.byte	28                              @ Abbrev [28] 0x1390:0x7 DW_TAG_enumerator
	.long	.Linfo_string332                @ DW_AT_name
	.asciz	"\340"                          @ DW_AT_const_value
	.byte	28                              @ Abbrev [28] 0x1397:0x7 DW_TAG_enumerator
	.long	.Linfo_string333                @ DW_AT_name
	.asciz	"\341"                          @ DW_AT_const_value
	.byte	28                              @ Abbrev [28] 0x139e:0x7 DW_TAG_enumerator
	.long	.Linfo_string334                @ DW_AT_name
	.asciz	"\342"                          @ DW_AT_const_value
	.byte	28                              @ Abbrev [28] 0x13a5:0x7 DW_TAG_enumerator
	.long	.Linfo_string335                @ DW_AT_name
	.asciz	"\343"                          @ DW_AT_const_value
	.byte	28                              @ Abbrev [28] 0x13ac:0x7 DW_TAG_enumerator
	.long	.Linfo_string336                @ DW_AT_name
	.asciz	"\344"                          @ DW_AT_const_value
	.byte	28                              @ Abbrev [28] 0x13b3:0x7 DW_TAG_enumerator
	.long	.Linfo_string337                @ DW_AT_name
	.asciz	"\345"                          @ DW_AT_const_value
	.byte	28                              @ Abbrev [28] 0x13ba:0x7 DW_TAG_enumerator
	.long	.Linfo_string338                @ DW_AT_name
	.asciz	"\346"                          @ DW_AT_const_value
	.byte	28                              @ Abbrev [28] 0x13c1:0x7 DW_TAG_enumerator
	.long	.Linfo_string339                @ DW_AT_name
	.asciz	"\347"                          @ DW_AT_const_value
	.byte	28                              @ Abbrev [28] 0x13c8:0x7 DW_TAG_enumerator
	.long	.Linfo_string340                @ DW_AT_name
	.asciz	"\350"                          @ DW_AT_const_value
	.byte	28                              @ Abbrev [28] 0x13cf:0x7 DW_TAG_enumerator
	.long	.Linfo_string341                @ DW_AT_name
	.asciz	"\351"                          @ DW_AT_const_value
	.byte	28                              @ Abbrev [28] 0x13d6:0x7 DW_TAG_enumerator
	.long	.Linfo_string342                @ DW_AT_name
	.asciz	"\352"                          @ DW_AT_const_value
	.byte	28                              @ Abbrev [28] 0x13dd:0x7 DW_TAG_enumerator
	.long	.Linfo_string343                @ DW_AT_name
	.asciz	"\353"                          @ DW_AT_const_value
	.byte	28                              @ Abbrev [28] 0x13e4:0x7 DW_TAG_enumerator
	.long	.Linfo_string344                @ DW_AT_name
	.asciz	"\354"                          @ DW_AT_const_value
	.byte	28                              @ Abbrev [28] 0x13eb:0x7 DW_TAG_enumerator
	.long	.Linfo_string345                @ DW_AT_name
	.asciz	"\355"                          @ DW_AT_const_value
	.byte	28                              @ Abbrev [28] 0x13f2:0x7 DW_TAG_enumerator
	.long	.Linfo_string346                @ DW_AT_name
	.asciz	"\356"                          @ DW_AT_const_value
	.byte	28                              @ Abbrev [28] 0x13f9:0x7 DW_TAG_enumerator
	.long	.Linfo_string347                @ DW_AT_name
	.asciz	"\357"                          @ DW_AT_const_value
	.byte	28                              @ Abbrev [28] 0x1400:0x7 DW_TAG_enumerator
	.long	.Linfo_string348                @ DW_AT_name
	.asciz	"\360"                          @ DW_AT_const_value
	.byte	28                              @ Abbrev [28] 0x1407:0x7 DW_TAG_enumerator
	.long	.Linfo_string349                @ DW_AT_name
	.asciz	"\361"                          @ DW_AT_const_value
	.byte	28                              @ Abbrev [28] 0x140e:0x7 DW_TAG_enumerator
	.long	.Linfo_string350                @ DW_AT_name
	.asciz	"\362"                          @ DW_AT_const_value
	.byte	28                              @ Abbrev [28] 0x1415:0x7 DW_TAG_enumerator
	.long	.Linfo_string351                @ DW_AT_name
	.asciz	"\363"                          @ DW_AT_const_value
	.byte	28                              @ Abbrev [28] 0x141c:0x7 DW_TAG_enumerator
	.long	.Linfo_string352                @ DW_AT_name
	.asciz	"\364"                          @ DW_AT_const_value
	.byte	28                              @ Abbrev [28] 0x1423:0x7 DW_TAG_enumerator
	.long	.Linfo_string353                @ DW_AT_name
	.asciz	"\365"                          @ DW_AT_const_value
	.byte	28                              @ Abbrev [28] 0x142a:0x7 DW_TAG_enumerator
	.long	.Linfo_string354                @ DW_AT_name
	.asciz	"\366"                          @ DW_AT_const_value
	.byte	28                              @ Abbrev [28] 0x1431:0x7 DW_TAG_enumerator
	.long	.Linfo_string355                @ DW_AT_name
	.asciz	"\367"                          @ DW_AT_const_value
	.byte	28                              @ Abbrev [28] 0x1438:0x7 DW_TAG_enumerator
	.long	.Linfo_string356                @ DW_AT_name
	.asciz	"\370"                          @ DW_AT_const_value
	.byte	28                              @ Abbrev [28] 0x143f:0x7 DW_TAG_enumerator
	.long	.Linfo_string357                @ DW_AT_name
	.asciz	"\371"                          @ DW_AT_const_value
	.byte	28                              @ Abbrev [28] 0x1446:0x7 DW_TAG_enumerator
	.long	.Linfo_string358                @ DW_AT_name
	.asciz	"\372"                          @ DW_AT_const_value
	.byte	28                              @ Abbrev [28] 0x144d:0x7 DW_TAG_enumerator
	.long	.Linfo_string359                @ DW_AT_name
	.asciz	"\373"                          @ DW_AT_const_value
	.byte	28                              @ Abbrev [28] 0x1454:0x7 DW_TAG_enumerator
	.long	.Linfo_string360                @ DW_AT_name
	.asciz	"\374"                          @ DW_AT_const_value
	.byte	28                              @ Abbrev [28] 0x145b:0x7 DW_TAG_enumerator
	.long	.Linfo_string361                @ DW_AT_name
	.asciz	"\375"                          @ DW_AT_const_value
	.byte	28                              @ Abbrev [28] 0x1462:0x7 DW_TAG_enumerator
	.long	.Linfo_string362                @ DW_AT_name
	.asciz	"\376"                          @ DW_AT_const_value
	.byte	28                              @ Abbrev [28] 0x1469:0x7 DW_TAG_enumerator
	.long	.Linfo_string363                @ DW_AT_name
	.asciz	"\377"                          @ DW_AT_const_value
	.byte	28                              @ Abbrev [28] 0x1470:0x7 DW_TAG_enumerator
	.long	.Linfo_string364                @ DW_AT_name
	.ascii	"\200\001"                      @ DW_AT_const_value
	.byte	28                              @ Abbrev [28] 0x1477:0x7 DW_TAG_enumerator
	.long	.Linfo_string365                @ DW_AT_name
	.ascii	"\201\001"                      @ DW_AT_const_value
	.byte	28                              @ Abbrev [28] 0x147e:0x7 DW_TAG_enumerator
	.long	.Linfo_string366                @ DW_AT_name
	.ascii	"\202\001"                      @ DW_AT_const_value
	.byte	28                              @ Abbrev [28] 0x1485:0x7 DW_TAG_enumerator
	.long	.Linfo_string367                @ DW_AT_name
	.ascii	"\203\001"                      @ DW_AT_const_value
	.byte	28                              @ Abbrev [28] 0x148c:0x7 DW_TAG_enumerator
	.long	.Linfo_string368                @ DW_AT_name
	.ascii	"\204\001"                      @ DW_AT_const_value
	.byte	28                              @ Abbrev [28] 0x1493:0x7 DW_TAG_enumerator
	.long	.Linfo_string369                @ DW_AT_name
	.ascii	"\205\001"                      @ DW_AT_const_value
	.byte	28                              @ Abbrev [28] 0x149a:0x7 DW_TAG_enumerator
	.long	.Linfo_string370                @ DW_AT_name
	.ascii	"\206\001"                      @ DW_AT_const_value
	.byte	28                              @ Abbrev [28] 0x14a1:0x7 DW_TAG_enumerator
	.long	.Linfo_string371                @ DW_AT_name
	.ascii	"\207\001"                      @ DW_AT_const_value
	.byte	28                              @ Abbrev [28] 0x14a8:0x7 DW_TAG_enumerator
	.long	.Linfo_string372                @ DW_AT_name
	.ascii	"\210\001"                      @ DW_AT_const_value
	.byte	28                              @ Abbrev [28] 0x14af:0x7 DW_TAG_enumerator
	.long	.Linfo_string373                @ DW_AT_name
	.ascii	"\211\001"                      @ DW_AT_const_value
	.byte	28                              @ Abbrev [28] 0x14b6:0x7 DW_TAG_enumerator
	.long	.Linfo_string374                @ DW_AT_name
	.ascii	"\212\001"                      @ DW_AT_const_value
	.byte	28                              @ Abbrev [28] 0x14bd:0x7 DW_TAG_enumerator
	.long	.Linfo_string375                @ DW_AT_name
	.ascii	"\213\001"                      @ DW_AT_const_value
	.byte	28                              @ Abbrev [28] 0x14c4:0x7 DW_TAG_enumerator
	.long	.Linfo_string376                @ DW_AT_name
	.ascii	"\214\001"                      @ DW_AT_const_value
	.byte	28                              @ Abbrev [28] 0x14cb:0x7 DW_TAG_enumerator
	.long	.Linfo_string377                @ DW_AT_name
	.ascii	"\215\001"                      @ DW_AT_const_value
	.byte	28                              @ Abbrev [28] 0x14d2:0x7 DW_TAG_enumerator
	.long	.Linfo_string378                @ DW_AT_name
	.ascii	"\216\001"                      @ DW_AT_const_value
	.byte	28                              @ Abbrev [28] 0x14d9:0x7 DW_TAG_enumerator
	.long	.Linfo_string379                @ DW_AT_name
	.ascii	"\217\001"                      @ DW_AT_const_value
	.byte	28                              @ Abbrev [28] 0x14e0:0x7 DW_TAG_enumerator
	.long	.Linfo_string380                @ DW_AT_name
	.ascii	"\220\001"                      @ DW_AT_const_value
	.byte	28                              @ Abbrev [28] 0x14e7:0x7 DW_TAG_enumerator
	.long	.Linfo_string381                @ DW_AT_name
	.ascii	"\221\001"                      @ DW_AT_const_value
	.byte	28                              @ Abbrev [28] 0x14ee:0x7 DW_TAG_enumerator
	.long	.Linfo_string382                @ DW_AT_name
	.ascii	"\222\001"                      @ DW_AT_const_value
	.byte	28                              @ Abbrev [28] 0x14f5:0x7 DW_TAG_enumerator
	.long	.Linfo_string383                @ DW_AT_name
	.ascii	"\223\001"                      @ DW_AT_const_value
	.byte	28                              @ Abbrev [28] 0x14fc:0x7 DW_TAG_enumerator
	.long	.Linfo_string384                @ DW_AT_name
	.ascii	"\224\001"                      @ DW_AT_const_value
	.byte	28                              @ Abbrev [28] 0x1503:0x7 DW_TAG_enumerator
	.long	.Linfo_string385                @ DW_AT_name
	.ascii	"\225\001"                      @ DW_AT_const_value
	.byte	28                              @ Abbrev [28] 0x150a:0x7 DW_TAG_enumerator
	.long	.Linfo_string386                @ DW_AT_name
	.ascii	"\226\001"                      @ DW_AT_const_value
	.byte	28                              @ Abbrev [28] 0x1511:0x7 DW_TAG_enumerator
	.long	.Linfo_string387                @ DW_AT_name
	.ascii	"\227\001"                      @ DW_AT_const_value
	.byte	28                              @ Abbrev [28] 0x1518:0x7 DW_TAG_enumerator
	.long	.Linfo_string388                @ DW_AT_name
	.ascii	"\230\001"                      @ DW_AT_const_value
	.byte	28                              @ Abbrev [28] 0x151f:0x7 DW_TAG_enumerator
	.long	.Linfo_string389                @ DW_AT_name
	.ascii	"\231\001"                      @ DW_AT_const_value
	.byte	28                              @ Abbrev [28] 0x1526:0x7 DW_TAG_enumerator
	.long	.Linfo_string390                @ DW_AT_name
	.ascii	"\232\001"                      @ DW_AT_const_value
	.byte	28                              @ Abbrev [28] 0x152d:0x7 DW_TAG_enumerator
	.long	.Linfo_string391                @ DW_AT_name
	.ascii	"\233\001"                      @ DW_AT_const_value
	.byte	28                              @ Abbrev [28] 0x1534:0x7 DW_TAG_enumerator
	.long	.Linfo_string392                @ DW_AT_name
	.ascii	"\234\001"                      @ DW_AT_const_value
	.byte	28                              @ Abbrev [28] 0x153b:0x7 DW_TAG_enumerator
	.long	.Linfo_string393                @ DW_AT_name
	.ascii	"\235\001"                      @ DW_AT_const_value
	.byte	0                               @ End Of Children Mark
	.byte	7                               @ Abbrev [7] 0x1543:0x12 DW_TAG_variable
	.long	.Linfo_string396                @ DW_AT_name
	.long	4299                            @ DW_AT_type
	.byte	1                               @ DW_AT_decl_file
	.short	343                             @ DW_AT_decl_line
	.byte	5                               @ DW_AT_location
	.byte	3
	.long	s_flexcanTxWarningIRQ
	.byte	7                               @ Abbrev [7] 0x1555:0x12 DW_TAG_variable
	.long	.Linfo_string397                @ DW_AT_name
	.long	4299                            @ DW_AT_type
	.byte	1                               @ DW_AT_decl_file
	.short	344                             @ DW_AT_decl_line
	.byte	5                               @ DW_AT_location
	.byte	3
	.long	s_flexcanWakeUpIRQ
	.byte	7                               @ Abbrev [7] 0x1567:0x12 DW_TAG_variable
	.long	.Linfo_string398                @ DW_AT_name
	.long	4299                            @ DW_AT_type
	.byte	1                               @ DW_AT_decl_file
	.short	345                             @ DW_AT_decl_line
	.byte	5                               @ DW_AT_location
	.byte	3
	.long	s_flexcanErrorIRQ
	.byte	7                               @ Abbrev [7] 0x1579:0x12 DW_TAG_variable
	.long	.Linfo_string399                @ DW_AT_name
	.long	4299                            @ DW_AT_type
	.byte	1                               @ DW_AT_decl_file
	.short	346                             @ DW_AT_decl_line
	.byte	5                               @ DW_AT_location
	.byte	3
	.long	s_flexcanBusOffIRQ
	.byte	7                               @ Abbrev [7] 0x158b:0x12 DW_TAG_variable
	.long	.Linfo_string400                @ DW_AT_name
	.long	4299                            @ DW_AT_type
	.byte	1                               @ DW_AT_decl_file
	.short	347                             @ DW_AT_decl_line
	.byte	5                               @ DW_AT_location
	.byte	3
	.long	s_flexcanMbIRQ
	.byte	2                               @ Abbrev [2] 0x159d:0xe DW_TAG_variable
	.long	5547                            @ DW_AT_type
	.byte	1                               @ DW_AT_decl_file
	.short	676                             @ DW_AT_decl_line
	.byte	5                               @ DW_AT_location
	.byte	3
	.long	.L.str.41
	.byte	3                               @ Abbrev [3] 0x15ab:0xc DW_TAG_array_type
	.long	64                              @ DW_AT_type
	.byte	4                               @ Abbrev [4] 0x15b0:0x6 DW_TAG_subrange_type
	.long	71                              @ DW_AT_type
	.byte	74                              @ DW_AT_count
	.byte	0                               @ End Of Children Mark
	.byte	27                              @ Abbrev [27] 0x15b7:0x26 DW_TAG_enumeration_type
	.long	2053                            @ DW_AT_type
	.long	.Linfo_string405                @ DW_AT_name
	.byte	1                               @ DW_AT_byte_size
	.byte	5                               @ DW_AT_decl_file
	.short	281                             @ DW_AT_decl_line
	.byte	30                              @ Abbrev [30] 0x15c4:0x6 DW_TAG_enumerator
	.long	.Linfo_string401                @ DW_AT_name
	.byte	0                               @ DW_AT_const_value
	.byte	30                              @ Abbrev [30] 0x15ca:0x6 DW_TAG_enumerator
	.long	.Linfo_string402                @ DW_AT_name
	.byte	1                               @ DW_AT_const_value
	.byte	30                              @ Abbrev [30] 0x15d0:0x6 DW_TAG_enumerator
	.long	.Linfo_string403                @ DW_AT_name
	.byte	0                               @ DW_AT_const_value
	.byte	30                              @ Abbrev [30] 0x15d6:0x6 DW_TAG_enumerator
	.long	.Linfo_string404                @ DW_AT_name
	.byte	1                               @ DW_AT_const_value
	.byte	0                               @ End Of Children Mark
	.byte	27                              @ Abbrev [27] 0x15dd:0x1a DW_TAG_enumeration_type
	.long	2053                            @ DW_AT_type
	.long	.Linfo_string408                @ DW_AT_name
	.byte	1                               @ DW_AT_byte_size
	.byte	5                               @ DW_AT_decl_file
	.short	290                             @ DW_AT_decl_line
	.byte	30                              @ Abbrev [30] 0x15ea:0x6 DW_TAG_enumerator
	.long	.Linfo_string406                @ DW_AT_name
	.byte	0                               @ DW_AT_const_value
	.byte	30                              @ Abbrev [30] 0x15f0:0x6 DW_TAG_enumerator
	.long	.Linfo_string407                @ DW_AT_name
	.byte	1                               @ DW_AT_const_value
	.byte	0                               @ End Of Children Mark
	.byte	27                              @ Abbrev [27] 0x15f7:0x26 DW_TAG_enumeration_type
	.long	2053                            @ DW_AT_type
	.long	.Linfo_string413                @ DW_AT_name
	.byte	1                               @ DW_AT_byte_size
	.byte	5                               @ DW_AT_decl_file
	.short	311                             @ DW_AT_decl_line
	.byte	30                              @ Abbrev [30] 0x1604:0x6 DW_TAG_enumerator
	.long	.Linfo_string409                @ DW_AT_name
	.byte	0                               @ DW_AT_const_value
	.byte	30                              @ Abbrev [30] 0x160a:0x6 DW_TAG_enumerator
	.long	.Linfo_string410                @ DW_AT_name
	.byte	1                               @ DW_AT_const_value
	.byte	30                              @ Abbrev [30] 0x1610:0x6 DW_TAG_enumerator
	.long	.Linfo_string411                @ DW_AT_name
	.byte	2                               @ DW_AT_const_value
	.byte	30                              @ Abbrev [30] 0x1616:0x6 DW_TAG_enumerator
	.long	.Linfo_string412                @ DW_AT_name
	.byte	3                               @ DW_AT_const_value
	.byte	0                               @ End Of Children Mark
	.byte	29                              @ Abbrev [29] 0x161d:0x2b DW_TAG_enumeration_type
	.long	2053                            @ DW_AT_type
	.long	.Linfo_string419                @ DW_AT_name
	.byte	1                               @ DW_AT_byte_size
	.byte	1                               @ DW_AT_decl_file
	.byte	138                             @ DW_AT_decl_line
	.byte	30                              @ Abbrev [30] 0x1629:0x6 DW_TAG_enumerator
	.long	.Linfo_string414                @ DW_AT_name
	.byte	8                               @ DW_AT_const_value
	.byte	30                              @ Abbrev [30] 0x162f:0x6 DW_TAG_enumerator
	.long	.Linfo_string415                @ DW_AT_name
	.byte	9                               @ DW_AT_const_value
	.byte	30                              @ Abbrev [30] 0x1635:0x6 DW_TAG_enumerator
	.long	.Linfo_string416                @ DW_AT_name
	.byte	12                              @ DW_AT_const_value
	.byte	30                              @ Abbrev [30] 0x163b:0x6 DW_TAG_enumerator
	.long	.Linfo_string417                @ DW_AT_name
	.byte	14                              @ DW_AT_const_value
	.byte	30                              @ Abbrev [30] 0x1641:0x6 DW_TAG_enumerator
	.long	.Linfo_string418                @ DW_AT_name
	.byte	15                              @ DW_AT_const_value
	.byte	0                               @ End Of Children Mark
	.byte	27                              @ Abbrev [27] 0x1648:0x1a DW_TAG_enumeration_type
	.long	2053                            @ DW_AT_type
	.long	.Linfo_string422                @ DW_AT_name
	.byte	1                               @ DW_AT_byte_size
	.byte	5                               @ DW_AT_decl_file
	.short	264                             @ DW_AT_decl_line
	.byte	30                              @ Abbrev [30] 0x1655:0x6 DW_TAG_enumerator
	.long	.Linfo_string420                @ DW_AT_name
	.byte	0                               @ DW_AT_const_value
	.byte	30                              @ Abbrev [30] 0x165b:0x6 DW_TAG_enumerator
	.long	.Linfo_string421                @ DW_AT_name
	.byte	1                               @ DW_AT_const_value
	.byte	0                               @ End Of Children Mark
	.byte	27                              @ Abbrev [27] 0x1662:0x1a DW_TAG_enumeration_type
	.long	2053                            @ DW_AT_type
	.long	.Linfo_string425                @ DW_AT_name
	.byte	1                               @ DW_AT_byte_size
	.byte	5                               @ DW_AT_decl_file
	.short	271                             @ DW_AT_decl_line
	.byte	30                              @ Abbrev [30] 0x166f:0x6 DW_TAG_enumerator
	.long	.Linfo_string423                @ DW_AT_name
	.byte	0                               @ DW_AT_const_value
	.byte	30                              @ Abbrev [30] 0x1675:0x6 DW_TAG_enumerator
	.long	.Linfo_string424                @ DW_AT_name
	.byte	1                               @ DW_AT_const_value
	.byte	0                               @ End Of Children Mark
	.byte	29                              @ Abbrev [29] 0x167c:0x37 DW_TAG_enumeration_type
	.long	2053                            @ DW_AT_type
	.long	.Linfo_string433                @ DW_AT_name
	.byte	1                               @ DW_AT_byte_size
	.byte	1                               @ DW_AT_decl_file
	.byte	125                             @ DW_AT_decl_line
	.byte	30                              @ Abbrev [30] 0x1688:0x6 DW_TAG_enumerator
	.long	.Linfo_string426                @ DW_AT_name
	.byte	0                               @ DW_AT_const_value
	.byte	30                              @ Abbrev [30] 0x168e:0x6 DW_TAG_enumerator
	.long	.Linfo_string427                @ DW_AT_name
	.byte	2                               @ DW_AT_const_value
	.byte	30                              @ Abbrev [30] 0x1694:0x6 DW_TAG_enumerator
	.long	.Linfo_string428                @ DW_AT_name
	.byte	4                               @ DW_AT_const_value
	.byte	30                              @ Abbrev [30] 0x169a:0x6 DW_TAG_enumerator
	.long	.Linfo_string429                @ DW_AT_name
	.byte	6                               @ DW_AT_const_value
	.byte	30                              @ Abbrev [30] 0x16a0:0x6 DW_TAG_enumerator
	.long	.Linfo_string430                @ DW_AT_name
	.byte	8                               @ DW_AT_const_value
	.byte	30                              @ Abbrev [30] 0x16a6:0x6 DW_TAG_enumerator
	.long	.Linfo_string431                @ DW_AT_name
	.byte	10                              @ DW_AT_const_value
	.byte	30                              @ Abbrev [30] 0x16ac:0x6 DW_TAG_enumerator
	.long	.Linfo_string432                @ DW_AT_name
	.byte	15                              @ DW_AT_const_value
	.byte	0                               @ End Of Children Mark
	.byte	27                              @ Abbrev [27] 0x16b3:0x26 DW_TAG_enumeration_type
	.long	2053                            @ DW_AT_type
	.long	.Linfo_string438                @ DW_AT_name
	.byte	1                               @ DW_AT_byte_size
	.byte	5                               @ DW_AT_decl_file
	.short	297                             @ DW_AT_decl_line
	.byte	30                              @ Abbrev [30] 0x16c0:0x6 DW_TAG_enumerator
	.long	.Linfo_string434                @ DW_AT_name
	.byte	0                               @ DW_AT_const_value
	.byte	30                              @ Abbrev [30] 0x16c6:0x6 DW_TAG_enumerator
	.long	.Linfo_string435                @ DW_AT_name
	.byte	1                               @ DW_AT_const_value
	.byte	30                              @ Abbrev [30] 0x16cc:0x6 DW_TAG_enumerator
	.long	.Linfo_string436                @ DW_AT_name
	.byte	2                               @ DW_AT_const_value
	.byte	30                              @ Abbrev [30] 0x16d2:0x6 DW_TAG_enumerator
	.long	.Linfo_string437                @ DW_AT_name
	.byte	3                               @ DW_AT_const_value
	.byte	0                               @ End Of Children Mark
	.byte	27                              @ Abbrev [27] 0x16d9:0x1a DW_TAG_enumeration_type
	.long	2053                            @ DW_AT_type
	.long	.Linfo_string441                @ DW_AT_name
	.byte	1                               @ DW_AT_byte_size
	.byte	5                               @ DW_AT_decl_file
	.short	381                             @ DW_AT_decl_line
	.byte	30                              @ Abbrev [30] 0x16e6:0x6 DW_TAG_enumerator
	.long	.Linfo_string439                @ DW_AT_name
	.byte	0                               @ DW_AT_const_value
	.byte	30                              @ Abbrev [30] 0x16ec:0x6 DW_TAG_enumerator
	.long	.Linfo_string440                @ DW_AT_name
	.byte	1                               @ DW_AT_const_value
	.byte	0                               @ End Of Children Mark
	.byte	31                              @ Abbrev [31] 0x16f3:0x3f DW_TAG_enumeration_type
	.long	2053                            @ DW_AT_type
	.byte	1                               @ DW_AT_byte_size
	.byte	4                               @ DW_AT_decl_file
	.byte	203                             @ DW_AT_decl_line
	.byte	30                              @ Abbrev [30] 0x16fb:0x6 DW_TAG_enumerator
	.long	.Linfo_string442                @ DW_AT_name
	.byte	0                               @ DW_AT_const_value
	.byte	30                              @ Abbrev [30] 0x1701:0x6 DW_TAG_enumerator
	.long	.Linfo_string443                @ DW_AT_name
	.byte	1                               @ DW_AT_const_value
	.byte	30                              @ Abbrev [30] 0x1707:0x6 DW_TAG_enumerator
	.long	.Linfo_string444                @ DW_AT_name
	.byte	2                               @ DW_AT_const_value
	.byte	30                              @ Abbrev [30] 0x170d:0x6 DW_TAG_enumerator
	.long	.Linfo_string445                @ DW_AT_name
	.byte	3                               @ DW_AT_const_value
	.byte	30                              @ Abbrev [30] 0x1713:0x6 DW_TAG_enumerator
	.long	.Linfo_string446                @ DW_AT_name
	.byte	4                               @ DW_AT_const_value
	.byte	30                              @ Abbrev [30] 0x1719:0x6 DW_TAG_enumerator
	.long	.Linfo_string447                @ DW_AT_name
	.byte	5                               @ DW_AT_const_value
	.byte	30                              @ Abbrev [30] 0x171f:0x6 DW_TAG_enumerator
	.long	.Linfo_string448                @ DW_AT_name
	.byte	6                               @ DW_AT_const_value
	.byte	30                              @ Abbrev [30] 0x1725:0x6 DW_TAG_enumerator
	.long	.Linfo_string449                @ DW_AT_name
	.byte	7                               @ DW_AT_const_value
	.byte	30                              @ Abbrev [30] 0x172b:0x6 DW_TAG_enumerator
	.long	.Linfo_string450                @ DW_AT_name
	.byte	8                               @ DW_AT_const_value
	.byte	0                               @ End Of Children Mark
	.byte	31                              @ Abbrev [31] 0x1732:0x6b DW_TAG_enumeration_type
	.long	6045                            @ DW_AT_type
	.byte	2                               @ DW_AT_byte_size
	.byte	5                               @ DW_AT_decl_file
	.byte	240                             @ DW_AT_decl_line
	.byte	30                              @ Abbrev [30] 0x173a:0x7 DW_TAG_enumerator
	.long	.Linfo_string452                @ DW_AT_name
	.ascii	"\264)"                         @ DW_AT_const_value
	.byte	30                              @ Abbrev [30] 0x1741:0x7 DW_TAG_enumerator
	.long	.Linfo_string453                @ DW_AT_name
	.ascii	"\265)"                         @ DW_AT_const_value
	.byte	30                              @ Abbrev [30] 0x1748:0x7 DW_TAG_enumerator
	.long	.Linfo_string454                @ DW_AT_name
	.ascii	"\266)"                         @ DW_AT_const_value
	.byte	30                              @ Abbrev [30] 0x174f:0x7 DW_TAG_enumerator
	.long	.Linfo_string455                @ DW_AT_name
	.ascii	"\267)"                         @ DW_AT_const_value
	.byte	30                              @ Abbrev [30] 0x1756:0x7 DW_TAG_enumerator
	.long	.Linfo_string456                @ DW_AT_name
	.ascii	"\270)"                         @ DW_AT_const_value
	.byte	30                              @ Abbrev [30] 0x175d:0x7 DW_TAG_enumerator
	.long	.Linfo_string457                @ DW_AT_name
	.ascii	"\271)"                         @ DW_AT_const_value
	.byte	30                              @ Abbrev [30] 0x1764:0x7 DW_TAG_enumerator
	.long	.Linfo_string458                @ DW_AT_name
	.ascii	"\272)"                         @ DW_AT_const_value
	.byte	30                              @ Abbrev [30] 0x176b:0x7 DW_TAG_enumerator
	.long	.Linfo_string459                @ DW_AT_name
	.ascii	"\273)"                         @ DW_AT_const_value
	.byte	30                              @ Abbrev [30] 0x1772:0x7 DW_TAG_enumerator
	.long	.Linfo_string460                @ DW_AT_name
	.ascii	"\274)"                         @ DW_AT_const_value
	.byte	30                              @ Abbrev [30] 0x1779:0x7 DW_TAG_enumerator
	.long	.Linfo_string461                @ DW_AT_name
	.ascii	"\275)"                         @ DW_AT_const_value
	.byte	30                              @ Abbrev [30] 0x1780:0x7 DW_TAG_enumerator
	.long	.Linfo_string462                @ DW_AT_name
	.ascii	"\276)"                         @ DW_AT_const_value
	.byte	30                              @ Abbrev [30] 0x1787:0x7 DW_TAG_enumerator
	.long	.Linfo_string463                @ DW_AT_name
	.ascii	"\277)"                         @ DW_AT_const_value
	.byte	30                              @ Abbrev [30] 0x178e:0x7 DW_TAG_enumerator
	.long	.Linfo_string464                @ DW_AT_name
	.ascii	"\300)"                         @ DW_AT_const_value
	.byte	30                              @ Abbrev [30] 0x1795:0x7 DW_TAG_enumerator
	.long	.Linfo_string465                @ DW_AT_name
	.ascii	"\301)"                         @ DW_AT_const_value
	.byte	0                               @ End Of Children Mark
	.byte	5                               @ Abbrev [5] 0x179d:0x7 DW_TAG_base_type
	.long	.Linfo_string451                @ DW_AT_name
	.byte	7                               @ DW_AT_encoding
	.byte	2                               @ DW_AT_byte_size
	.byte	32                              @ Abbrev [32] 0x17a4:0x1d DW_TAG_enumeration_type
	.long	2053                            @ DW_AT_type
	.byte	1                               @ DW_AT_byte_size
	.byte	5                               @ DW_AT_decl_file
	.short	532                             @ DW_AT_decl_line
	.byte	30                              @ Abbrev [30] 0x17ad:0x7 DW_TAG_enumerator
	.long	.Linfo_string466                @ DW_AT_name
	.ascii	"\200\001"                      @ DW_AT_const_value
	.byte	30                              @ Abbrev [30] 0x17b4:0x6 DW_TAG_enumerator
	.long	.Linfo_string467                @ DW_AT_name
	.byte	64                              @ DW_AT_const_value
	.byte	30                              @ Abbrev [30] 0x17ba:0x6 DW_TAG_enumerator
	.long	.Linfo_string468                @ DW_AT_name
	.byte	32                              @ DW_AT_const_value
	.byte	0                               @ End Of Children Mark
	.byte	27                              @ Abbrev [27] 0x17c1:0x3f DW_TAG_enumeration_type
	.long	2023                            @ DW_AT_type
	.long	.Linfo_string475                @ DW_AT_name
	.byte	4                               @ DW_AT_byte_size
	.byte	5                               @ DW_AT_decl_file
	.short	393                             @ DW_AT_decl_line
	.byte	30                              @ Abbrev [30] 0x17ce:0x8 DW_TAG_enumerator
	.long	.Linfo_string469                @ DW_AT_name
	.ascii	"\200\200\002"                  @ DW_AT_const_value
	.byte	30                              @ Abbrev [30] 0x17d6:0x8 DW_TAG_enumerator
	.long	.Linfo_string470                @ DW_AT_name
	.ascii	"\200\200\001"                  @ DW_AT_const_value
	.byte	30                              @ Abbrev [30] 0x17de:0x7 DW_TAG_enumerator
	.long	.Linfo_string471                @ DW_AT_name
	.ascii	"\200\020"                      @ DW_AT_const_value
	.byte	30                              @ Abbrev [30] 0x17e5:0x7 DW_TAG_enumerator
	.long	.Linfo_string472                @ DW_AT_name
	.ascii	"\200\b"                        @ DW_AT_const_value
	.byte	30                              @ Abbrev [30] 0x17ec:0x9 DW_TAG_enumerator
	.long	.Linfo_string473                @ DW_AT_name
	.ascii	"\200\200\200 "                 @ DW_AT_const_value
	.byte	30                              @ Abbrev [30] 0x17f5:0xa DW_TAG_enumerator
	.long	.Linfo_string474                @ DW_AT_name
	.ascii	"\200\200\200\200\b"            @ DW_AT_const_value
	.byte	0                               @ End Of Children Mark
	.byte	29                              @ Abbrev [29] 0x1800:0x31 DW_TAG_enumeration_type
	.long	2053                            @ DW_AT_type
	.long	.Linfo_string482                @ DW_AT_name
	.byte	1                               @ DW_AT_byte_size
	.byte	1                               @ DW_AT_decl_file
	.byte	114                             @ DW_AT_decl_line
	.byte	30                              @ Abbrev [30] 0x180c:0x6 DW_TAG_enumerator
	.long	.Linfo_string476                @ DW_AT_name
	.byte	0                               @ DW_AT_const_value
	.byte	30                              @ Abbrev [30] 0x1812:0x6 DW_TAG_enumerator
	.long	.Linfo_string477                @ DW_AT_name
	.byte	1                               @ DW_AT_const_value
	.byte	30                              @ Abbrev [30] 0x1818:0x6 DW_TAG_enumerator
	.long	.Linfo_string478                @ DW_AT_name
	.byte	2                               @ DW_AT_const_value
	.byte	30                              @ Abbrev [30] 0x181e:0x6 DW_TAG_enumerator
	.long	.Linfo_string479                @ DW_AT_name
	.byte	3                               @ DW_AT_const_value
	.byte	30                              @ Abbrev [30] 0x1824:0x6 DW_TAG_enumerator
	.long	.Linfo_string480                @ DW_AT_name
	.byte	4                               @ DW_AT_const_value
	.byte	30                              @ Abbrev [30] 0x182a:0x6 DW_TAG_enumerator
	.long	.Linfo_string481                @ DW_AT_name
	.byte	5                               @ DW_AT_const_value
	.byte	0                               @ End Of Children Mark
	.byte	27                              @ Abbrev [27] 0x1831:0x74 DW_TAG_enumeration_type
	.long	2023                            @ DW_AT_type
	.long	.Linfo_string497                @ DW_AT_name
	.byte	4                               @ DW_AT_byte_size
	.byte	5                               @ DW_AT_decl_file
	.short	436                             @ DW_AT_decl_line
	.byte	30                              @ Abbrev [30] 0x183e:0x9 DW_TAG_enumerator
	.long	.Linfo_string483                @ DW_AT_name
	.ascii	"\200\200\200\001"              @ DW_AT_const_value
	.byte	30                              @ Abbrev [30] 0x1847:0x8 DW_TAG_enumerator
	.long	.Linfo_string484                @ DW_AT_name
	.ascii	"\200\200@"                     @ DW_AT_const_value
	.byte	30                              @ Abbrev [30] 0x184f:0x8 DW_TAG_enumerator
	.long	.Linfo_string485                @ DW_AT_name
	.ascii	"\200\200 "                     @ DW_AT_const_value
	.byte	30                              @ Abbrev [30] 0x1857:0x8 DW_TAG_enumerator
	.long	.Linfo_string486                @ DW_AT_name
	.ascii	"\200\200\020"                  @ DW_AT_const_value
	.byte	30                              @ Abbrev [30] 0x185f:0x8 DW_TAG_enumerator
	.long	.Linfo_string487                @ DW_AT_name
	.ascii	"\200\200\b"                    @ DW_AT_const_value
	.byte	30                              @ Abbrev [30] 0x1867:0x8 DW_TAG_enumerator
	.long	.Linfo_string488                @ DW_AT_name
	.ascii	"\200\200\004"                  @ DW_AT_const_value
	.byte	30                              @ Abbrev [30] 0x186f:0x7 DW_TAG_enumerator
	.long	.Linfo_string489                @ DW_AT_name
	.ascii	"\200\001"                      @ DW_AT_const_value
	.byte	30                              @ Abbrev [30] 0x1876:0x6 DW_TAG_enumerator
	.long	.Linfo_string490                @ DW_AT_name
	.byte	48                              @ DW_AT_const_value
	.byte	30                              @ Abbrev [30] 0x187c:0x6 DW_TAG_enumerator
	.long	.Linfo_string491                @ DW_AT_name
	.byte	64                              @ DW_AT_const_value
	.byte	30                              @ Abbrev [30] 0x1882:0x6 DW_TAG_enumerator
	.long	.Linfo_string492                @ DW_AT_name
	.byte	8                               @ DW_AT_const_value
	.byte	30                              @ Abbrev [30] 0x1888:0x6 DW_TAG_enumerator
	.long	.Linfo_string493                @ DW_AT_name
	.byte	4                               @ DW_AT_const_value
	.byte	30                              @ Abbrev [30] 0x188e:0x6 DW_TAG_enumerator
	.long	.Linfo_string494                @ DW_AT_name
	.byte	2                               @ DW_AT_const_value
	.byte	30                              @ Abbrev [30] 0x1894:0x6 DW_TAG_enumerator
	.long	.Linfo_string495                @ DW_AT_name
	.byte	1                               @ DW_AT_const_value
	.byte	30                              @ Abbrev [30] 0x189a:0xa DW_TAG_enumerator
	.long	.Linfo_string496                @ DW_AT_name
	.ascii	"\200\376\203\341\r"            @ DW_AT_const_value
	.byte	0                               @ End Of Children Mark
	.byte	27                              @ Abbrev [27] 0x18a5:0x20 DW_TAG_enumeration_type
	.long	2053                            @ DW_AT_type
	.long	.Linfo_string501                @ DW_AT_name
	.byte	1                               @ DW_AT_byte_size
	.byte	6                               @ DW_AT_decl_file
	.short	662                             @ DW_AT_decl_line
	.byte	30                              @ Abbrev [30] 0x18b2:0x6 DW_TAG_enumerator
	.long	.Linfo_string498                @ DW_AT_name
	.byte	0                               @ DW_AT_const_value
	.byte	30                              @ Abbrev [30] 0x18b8:0x6 DW_TAG_enumerator
	.long	.Linfo_string499                @ DW_AT_name
	.byte	1                               @ DW_AT_const_value
	.byte	30                              @ Abbrev [30] 0x18be:0x6 DW_TAG_enumerator
	.long	.Linfo_string500                @ DW_AT_name
	.byte	3                               @ DW_AT_const_value
	.byte	0                               @ End Of Children Mark
	.byte	8                               @ Abbrev [8] 0x18c5:0x5 DW_TAG_pointer_type
	.long	6346                            @ DW_AT_type
	.byte	9                               @ Abbrev [9] 0x18ca:0xc DW_TAG_typedef
	.long	6358                            @ DW_AT_type
	.long	.Linfo_string531                @ DW_AT_name
	.byte	3                               @ DW_AT_decl_file
	.short	6609                            @ DW_AT_decl_line
	.byte	18                              @ Abbrev [18] 0x18d6:0x1b3 DW_TAG_structure_type
	.byte	140                             @ DW_AT_byte_size
	.byte	3                               @ DW_AT_decl_file
	.short	6575                            @ DW_AT_decl_line
	.byte	11                              @ Abbrev [11] 0x18db:0xd DW_TAG_member
	.long	.Linfo_string502                @ DW_AT_name
	.long	2007                            @ DW_AT_type
	.byte	3                               @ DW_AT_decl_file
	.short	6576                            @ DW_AT_decl_line
	.byte	0                               @ DW_AT_data_member_location
	.byte	11                              @ Abbrev [11] 0x18e8:0xd DW_TAG_member
	.long	.Linfo_string12                 @ DW_AT_name
	.long	2030                            @ DW_AT_type
	.byte	3                               @ DW_AT_decl_file
	.short	6577                            @ DW_AT_decl_line
	.byte	4                               @ DW_AT_data_member_location
	.byte	11                              @ Abbrev [11] 0x18f5:0xd DW_TAG_member
	.long	.Linfo_string503                @ DW_AT_name
	.long	2060                            @ DW_AT_type
	.byte	3                               @ DW_AT_decl_file
	.short	6578                            @ DW_AT_decl_line
	.byte	8                               @ DW_AT_data_member_location
	.byte	11                              @ Abbrev [11] 0x1902:0xd DW_TAG_member
	.long	.Linfo_string504                @ DW_AT_name
	.long	2007                            @ DW_AT_type
	.byte	3                               @ DW_AT_decl_file
	.short	6579                            @ DW_AT_decl_line
	.byte	12                              @ DW_AT_data_member_location
	.byte	11                              @ Abbrev [11] 0x190f:0xd DW_TAG_member
	.long	.Linfo_string505                @ DW_AT_name
	.long	2007                            @ DW_AT_type
	.byte	3                               @ DW_AT_decl_file
	.short	6580                            @ DW_AT_decl_line
	.byte	16                              @ DW_AT_data_member_location
	.byte	11                              @ Abbrev [11] 0x191c:0xd DW_TAG_member
	.long	.Linfo_string506                @ DW_AT_name
	.long	2007                            @ DW_AT_type
	.byte	3                               @ DW_AT_decl_file
	.short	6581                            @ DW_AT_decl_line
	.byte	20                              @ DW_AT_data_member_location
	.byte	11                              @ Abbrev [11] 0x1929:0xd DW_TAG_member
	.long	.Linfo_string507                @ DW_AT_name
	.long	2007                            @ DW_AT_type
	.byte	3                               @ DW_AT_decl_file
	.short	6582                            @ DW_AT_decl_line
	.byte	24                              @ DW_AT_data_member_location
	.byte	11                              @ Abbrev [11] 0x1936:0xd DW_TAG_member
	.long	.Linfo_string508                @ DW_AT_name
	.long	2007                            @ DW_AT_type
	.byte	3                               @ DW_AT_decl_file
	.short	6583                            @ DW_AT_decl_line
	.byte	28                              @ DW_AT_data_member_location
	.byte	11                              @ Abbrev [11] 0x1943:0xd DW_TAG_member
	.long	.Linfo_string509                @ DW_AT_name
	.long	2007                            @ DW_AT_type
	.byte	3                               @ DW_AT_decl_file
	.short	6584                            @ DW_AT_decl_line
	.byte	32                              @ DW_AT_data_member_location
	.byte	11                              @ Abbrev [11] 0x1950:0xd DW_TAG_member
	.long	.Linfo_string510                @ DW_AT_name
	.long	2007                            @ DW_AT_type
	.byte	3                               @ DW_AT_decl_file
	.short	6585                            @ DW_AT_decl_line
	.byte	36                              @ DW_AT_data_member_location
	.byte	11                              @ Abbrev [11] 0x195d:0xd DW_TAG_member
	.long	.Linfo_string511                @ DW_AT_name
	.long	2007                            @ DW_AT_type
	.byte	3                               @ DW_AT_decl_file
	.short	6586                            @ DW_AT_decl_line
	.byte	40                              @ DW_AT_data_member_location
	.byte	11                              @ Abbrev [11] 0x196a:0xd DW_TAG_member
	.long	.Linfo_string512                @ DW_AT_name
	.long	2007                            @ DW_AT_type
	.byte	3                               @ DW_AT_decl_file
	.short	6587                            @ DW_AT_decl_line
	.byte	44                              @ DW_AT_data_member_location
	.byte	11                              @ Abbrev [11] 0x1977:0xd DW_TAG_member
	.long	.Linfo_string513                @ DW_AT_name
	.long	2007                            @ DW_AT_type
	.byte	3                               @ DW_AT_decl_file
	.short	6588                            @ DW_AT_decl_line
	.byte	48                              @ DW_AT_data_member_location
	.byte	11                              @ Abbrev [11] 0x1984:0xd DW_TAG_member
	.long	.Linfo_string26                 @ DW_AT_name
	.long	2030                            @ DW_AT_type
	.byte	3                               @ DW_AT_decl_file
	.short	6589                            @ DW_AT_decl_line
	.byte	52                              @ DW_AT_data_member_location
	.byte	11                              @ Abbrev [11] 0x1991:0xd DW_TAG_member
	.long	.Linfo_string514                @ DW_AT_name
	.long	2007                            @ DW_AT_type
	.byte	3                               @ DW_AT_decl_file
	.short	6590                            @ DW_AT_decl_line
	.byte	56                              @ DW_AT_data_member_location
	.byte	11                              @ Abbrev [11] 0x199e:0xd DW_TAG_member
	.long	.Linfo_string515                @ DW_AT_name
	.long	2007                            @ DW_AT_type
	.byte	3                               @ DW_AT_decl_file
	.short	6591                            @ DW_AT_decl_line
	.byte	60                              @ DW_AT_data_member_location
	.byte	11                              @ Abbrev [11] 0x19ab:0xd DW_TAG_member
	.long	.Linfo_string31                 @ DW_AT_name
	.long	2065                            @ DW_AT_type
	.byte	3                               @ DW_AT_decl_file
	.short	6592                            @ DW_AT_decl_line
	.byte	64                              @ DW_AT_data_member_location
	.byte	11                              @ Abbrev [11] 0x19b8:0xd DW_TAG_member
	.long	.Linfo_string516                @ DW_AT_name
	.long	2060                            @ DW_AT_type
	.byte	3                               @ DW_AT_decl_file
	.short	6593                            @ DW_AT_decl_line
	.byte	72                              @ DW_AT_data_member_location
	.byte	11                              @ Abbrev [11] 0x19c5:0xd DW_TAG_member
	.long	.Linfo_string34                 @ DW_AT_name
	.long	2065                            @ DW_AT_type
	.byte	3                               @ DW_AT_decl_file
	.short	6594                            @ DW_AT_decl_line
	.byte	76                              @ DW_AT_data_member_location
	.byte	11                              @ Abbrev [11] 0x19d2:0xd DW_TAG_member
	.long	.Linfo_string517                @ DW_AT_name
	.long	2007                            @ DW_AT_type
	.byte	3                               @ DW_AT_decl_file
	.short	6595                            @ DW_AT_decl_line
	.byte	84                              @ DW_AT_data_member_location
	.byte	11                              @ Abbrev [11] 0x19df:0xd DW_TAG_member
	.long	.Linfo_string518                @ DW_AT_name
	.long	2007                            @ DW_AT_type
	.byte	3                               @ DW_AT_decl_file
	.short	6596                            @ DW_AT_decl_line
	.byte	88                              @ DW_AT_data_member_location
	.byte	11                              @ Abbrev [11] 0x19ec:0xd DW_TAG_member
	.long	.Linfo_string519                @ DW_AT_name
	.long	2007                            @ DW_AT_type
	.byte	3                               @ DW_AT_decl_file
	.short	6597                            @ DW_AT_decl_line
	.byte	92                              @ DW_AT_data_member_location
	.byte	11                              @ Abbrev [11] 0x19f9:0xd DW_TAG_member
	.long	.Linfo_string520                @ DW_AT_name
	.long	2007                            @ DW_AT_type
	.byte	3                               @ DW_AT_decl_file
	.short	6598                            @ DW_AT_decl_line
	.byte	96                              @ DW_AT_data_member_location
	.byte	11                              @ Abbrev [11] 0x1a06:0xd DW_TAG_member
	.long	.Linfo_string521                @ DW_AT_name
	.long	2007                            @ DW_AT_type
	.byte	3                               @ DW_AT_decl_file
	.short	6599                            @ DW_AT_decl_line
	.byte	100                             @ DW_AT_data_member_location
	.byte	11                              @ Abbrev [11] 0x1a13:0xd DW_TAG_member
	.long	.Linfo_string522                @ DW_AT_name
	.long	2007                            @ DW_AT_type
	.byte	3                               @ DW_AT_decl_file
	.short	6600                            @ DW_AT_decl_line
	.byte	104                             @ DW_AT_data_member_location
	.byte	11                              @ Abbrev [11] 0x1a20:0xd DW_TAG_member
	.long	.Linfo_string523                @ DW_AT_name
	.long	2007                            @ DW_AT_type
	.byte	3                               @ DW_AT_decl_file
	.short	6601                            @ DW_AT_decl_line
	.byte	108                             @ DW_AT_data_member_location
	.byte	11                              @ Abbrev [11] 0x1a2d:0xd DW_TAG_member
	.long	.Linfo_string524                @ DW_AT_name
	.long	2007                            @ DW_AT_type
	.byte	3                               @ DW_AT_decl_file
	.short	6602                            @ DW_AT_decl_line
	.byte	112                             @ DW_AT_data_member_location
	.byte	11                              @ Abbrev [11] 0x1a3a:0xd DW_TAG_member
	.long	.Linfo_string525                @ DW_AT_name
	.long	2007                            @ DW_AT_type
	.byte	3                               @ DW_AT_decl_file
	.short	6603                            @ DW_AT_decl_line
	.byte	116                             @ DW_AT_data_member_location
	.byte	11                              @ Abbrev [11] 0x1a47:0xd DW_TAG_member
	.long	.Linfo_string526                @ DW_AT_name
	.long	2007                            @ DW_AT_type
	.byte	3                               @ DW_AT_decl_file
	.short	6604                            @ DW_AT_decl_line
	.byte	120                             @ DW_AT_data_member_location
	.byte	11                              @ Abbrev [11] 0x1a54:0xd DW_TAG_member
	.long	.Linfo_string527                @ DW_AT_name
	.long	2007                            @ DW_AT_type
	.byte	3                               @ DW_AT_decl_file
	.short	6605                            @ DW_AT_decl_line
	.byte	124                             @ DW_AT_data_member_location
	.byte	11                              @ Abbrev [11] 0x1a61:0xd DW_TAG_member
	.long	.Linfo_string528                @ DW_AT_name
	.long	2007                            @ DW_AT_type
	.byte	3                               @ DW_AT_decl_file
	.short	6606                            @ DW_AT_decl_line
	.byte	128                             @ DW_AT_data_member_location
	.byte	11                              @ Abbrev [11] 0x1a6e:0xd DW_TAG_member
	.long	.Linfo_string529                @ DW_AT_name
	.long	2007                            @ DW_AT_type
	.byte	3                               @ DW_AT_decl_file
	.short	6607                            @ DW_AT_decl_line
	.byte	132                             @ DW_AT_data_member_location
	.byte	11                              @ Abbrev [11] 0x1a7b:0xd DW_TAG_member
	.long	.Linfo_string530                @ DW_AT_name
	.long	2007                            @ DW_AT_type
	.byte	3                               @ DW_AT_decl_file
	.short	6608                            @ DW_AT_decl_line
	.byte	136                             @ DW_AT_data_member_location
	.byte	0                               @ End Of Children Mark
	.byte	20                              @ Abbrev [20] 0x1a89:0xb DW_TAG_typedef
	.long	6045                            @ DW_AT_type
	.long	.Linfo_string532                @ DW_AT_name
	.byte	2                               @ DW_AT_decl_file
	.byte	63                              @ DW_AT_decl_line
	.byte	8                               @ Abbrev [8] 0x1a94:0x5 DW_TAG_pointer_type
	.long	6809                            @ DW_AT_type
	.byte	21                              @ Abbrev [21] 0x1a99:0x5 DW_TAG_const_type
	.long	2335                            @ DW_AT_type
	.byte	20                              @ Abbrev [20] 0x1a9e:0xb DW_TAG_typedef
	.long	2023                            @ DW_AT_type
	.long	.Linfo_string533                @ DW_AT_name
	.byte	2                               @ DW_AT_decl_file
	.byte	102                             @ DW_AT_decl_line
	.byte	8                               @ Abbrev [8] 0x1aa9:0x5 DW_TAG_pointer_type
	.long	6830                            @ DW_AT_type
	.byte	21                              @ Abbrev [21] 0x1aae:0x5 DW_TAG_const_type
	.long	2680                            @ DW_AT_type
	.byte	8                               @ Abbrev [8] 0x1ab3:0x5 DW_TAG_pointer_type
	.long	2007                            @ DW_AT_type
	.byte	8                               @ Abbrev [8] 0x1ab8:0x5 DW_TAG_pointer_type
	.long	6845                            @ DW_AT_type
	.byte	33                              @ Abbrev [33] 0x1abd:0x1 DW_TAG_volatile_type
	.byte	20                              @ Abbrev [20] 0x1abe:0xb DW_TAG_typedef
	.long	2023                            @ DW_AT_type
	.long	.Linfo_string534                @ DW_AT_name
	.byte	7                               @ DW_AT_decl_file
	.byte	51                              @ DW_AT_decl_line
	.byte	8                               @ Abbrev [8] 0x1ac9:0x5 DW_TAG_pointer_type
	.long	6862                            @ DW_AT_type
	.byte	21                              @ Abbrev [21] 0x1ace:0x5 DW_TAG_const_type
	.long	6867                            @ DW_AT_type
	.byte	9                               @ Abbrev [9] 0x1ad3:0xc DW_TAG_typedef
	.long	6879                            @ DW_AT_type
	.long	.Linfo_string546                @ DW_AT_name
	.byte	5                               @ DW_AT_decl_file
	.short	721                             @ DW_AT_decl_line
	.byte	24                              @ Abbrev [24] 0x1adf:0x8c DW_TAG_structure_type
	.long	.Linfo_string545                @ DW_AT_name
	.byte	12                              @ DW_AT_byte_size
	.byte	5                               @ DW_AT_decl_file
	.short	707                             @ DW_AT_decl_line
	.byte	11                              @ Abbrev [11] 0x1ae8:0xd DW_TAG_member
	.long	.Linfo_string535                @ DW_AT_name
	.long	6793                            @ DW_AT_type
	.byte	5                               @ DW_AT_decl_file
	.short	709                             @ DW_AT_decl_line
	.byte	0                               @ DW_AT_data_member_location
	.byte	11                              @ Abbrev [11] 0x1af5:0xd DW_TAG_member
	.long	.Linfo_string536                @ DW_AT_name
	.long	2042                            @ DW_AT_type
	.byte	5                               @ DW_AT_decl_file
	.short	710                             @ DW_AT_decl_line
	.byte	2                               @ DW_AT_data_member_location
	.byte	11                              @ Abbrev [11] 0x1b02:0xd DW_TAG_member
	.long	.Linfo_string537                @ DW_AT_name
	.long	2042                            @ DW_AT_type
	.byte	5                               @ DW_AT_decl_file
	.short	711                             @ DW_AT_decl_line
	.byte	3                               @ DW_AT_data_member_location
	.byte	11                              @ Abbrev [11] 0x1b0f:0xd DW_TAG_member
	.long	.Linfo_string538                @ DW_AT_name
	.long	2042                            @ DW_AT_type
	.byte	5                               @ DW_AT_decl_file
	.short	712                             @ DW_AT_decl_line
	.byte	4                               @ DW_AT_data_member_location
	.byte	11                              @ Abbrev [11] 0x1b1c:0xd DW_TAG_member
	.long	.Linfo_string539                @ DW_AT_name
	.long	2042                            @ DW_AT_type
	.byte	5                               @ DW_AT_decl_file
	.short	713                             @ DW_AT_decl_line
	.byte	5                               @ DW_AT_data_member_location
	.byte	11                              @ Abbrev [11] 0x1b29:0xd DW_TAG_member
	.long	.Linfo_string540                @ DW_AT_name
	.long	6793                            @ DW_AT_type
	.byte	5                               @ DW_AT_decl_file
	.short	715                             @ DW_AT_decl_line
	.byte	6                               @ DW_AT_data_member_location
	.byte	11                              @ Abbrev [11] 0x1b36:0xd DW_TAG_member
	.long	.Linfo_string541                @ DW_AT_name
	.long	2042                            @ DW_AT_type
	.byte	5                               @ DW_AT_decl_file
	.short	716                             @ DW_AT_decl_line
	.byte	8                               @ DW_AT_data_member_location
	.byte	11                              @ Abbrev [11] 0x1b43:0xd DW_TAG_member
	.long	.Linfo_string542                @ DW_AT_name
	.long	2042                            @ DW_AT_type
	.byte	5                               @ DW_AT_decl_file
	.short	717                             @ DW_AT_decl_line
	.byte	9                               @ DW_AT_data_member_location
	.byte	11                              @ Abbrev [11] 0x1b50:0xd DW_TAG_member
	.long	.Linfo_string543                @ DW_AT_name
	.long	2042                            @ DW_AT_type
	.byte	5                               @ DW_AT_decl_file
	.short	718                             @ DW_AT_decl_line
	.byte	10                              @ DW_AT_data_member_location
	.byte	11                              @ Abbrev [11] 0x1b5d:0xd DW_TAG_member
	.long	.Linfo_string544                @ DW_AT_name
	.long	2042                            @ DW_AT_type
	.byte	5                               @ DW_AT_decl_file
	.short	719                             @ DW_AT_decl_line
	.byte	11                              @ DW_AT_data_member_location
	.byte	0                               @ End Of Children Mark
	.byte	20                              @ Abbrev [20] 0x1b6b:0xb DW_TAG_typedef
	.long	7030                            @ DW_AT_type
	.long	.Linfo_string548                @ DW_AT_name
	.byte	2                               @ DW_AT_decl_file
	.byte	65                              @ DW_AT_decl_line
	.byte	5                               @ Abbrev [5] 0x1b76:0x7 DW_TAG_base_type
	.long	.Linfo_string547                @ DW_AT_name
	.byte	7                               @ DW_AT_encoding
	.byte	8                               @ DW_AT_byte_size
	.byte	8                               @ Abbrev [8] 0x1b7d:0x5 DW_TAG_pointer_type
	.long	7042                            @ DW_AT_type
	.byte	9                               @ Abbrev [9] 0x1b82:0xc DW_TAG_typedef
	.long	7054                            @ DW_AT_type
	.long	.Linfo_string562                @ DW_AT_name
	.byte	8                               @ DW_AT_decl_file
	.short	436                             @ DW_AT_decl_line
	.byte	15                              @ Abbrev [15] 0x1b8e:0xb9 DW_TAG_structure_type
	.short	3588                            @ DW_AT_byte_size
	.byte	8                               @ DW_AT_decl_file
	.short	421                             @ DW_AT_decl_line
	.byte	11                              @ Abbrev [11] 0x1b94:0xd DW_TAG_member
	.long	.Linfo_string549                @ DW_AT_name
	.long	2161                            @ DW_AT_type
	.byte	8                               @ DW_AT_decl_file
	.short	423                             @ DW_AT_decl_line
	.byte	0                               @ DW_AT_data_member_location
	.byte	11                              @ Abbrev [11] 0x1ba1:0xd DW_TAG_member
	.long	.Linfo_string550                @ DW_AT_name
	.long	7239                            @ DW_AT_type
	.byte	8                               @ DW_AT_decl_file
	.short	424                             @ DW_AT_decl_line
	.byte	32                              @ DW_AT_data_member_location
	.byte	11                              @ Abbrev [11] 0x1bae:0xd DW_TAG_member
	.long	.Linfo_string551                @ DW_AT_name
	.long	2161                            @ DW_AT_type
	.byte	8                               @ DW_AT_decl_file
	.short	425                             @ DW_AT_decl_line
	.byte	128                             @ DW_AT_data_member_location
	.byte	11                              @ Abbrev [11] 0x1bbb:0xd DW_TAG_member
	.long	.Linfo_string552                @ DW_AT_name
	.long	7239                            @ DW_AT_type
	.byte	8                               @ DW_AT_decl_file
	.short	426                             @ DW_AT_decl_line
	.byte	160                             @ DW_AT_data_member_location
	.byte	12                              @ Abbrev [12] 0x1bc8:0xe DW_TAG_member
	.long	.Linfo_string553                @ DW_AT_name
	.long	2161                            @ DW_AT_type
	.byte	8                               @ DW_AT_decl_file
	.short	427                             @ DW_AT_decl_line
	.short	256                             @ DW_AT_data_member_location
	.byte	12                              @ Abbrev [12] 0x1bd6:0xe DW_TAG_member
	.long	.Linfo_string554                @ DW_AT_name
	.long	7239                            @ DW_AT_type
	.byte	8                               @ DW_AT_decl_file
	.short	428                             @ DW_AT_decl_line
	.short	288                             @ DW_AT_data_member_location
	.byte	12                              @ Abbrev [12] 0x1be4:0xe DW_TAG_member
	.long	.Linfo_string555                @ DW_AT_name
	.long	2161                            @ DW_AT_type
	.byte	8                               @ DW_AT_decl_file
	.short	429                             @ DW_AT_decl_line
	.short	384                             @ DW_AT_data_member_location
	.byte	12                              @ Abbrev [12] 0x1bf2:0xe DW_TAG_member
	.long	.Linfo_string556                @ DW_AT_name
	.long	7239                            @ DW_AT_type
	.byte	8                               @ DW_AT_decl_file
	.short	430                             @ DW_AT_decl_line
	.short	416                             @ DW_AT_data_member_location
	.byte	12                              @ Abbrev [12] 0x1c00:0xe DW_TAG_member
	.long	.Linfo_string557                @ DW_AT_name
	.long	2161                            @ DW_AT_type
	.byte	8                               @ DW_AT_decl_file
	.short	431                             @ DW_AT_decl_line
	.short	512                             @ DW_AT_data_member_location
	.byte	12                              @ Abbrev [12] 0x1c0e:0xe DW_TAG_member
	.long	.Linfo_string558                @ DW_AT_name
	.long	7251                            @ DW_AT_type
	.byte	8                               @ DW_AT_decl_file
	.short	432                             @ DW_AT_decl_line
	.short	544                             @ DW_AT_data_member_location
	.byte	12                              @ Abbrev [12] 0x1c1c:0xe DW_TAG_member
	.long	.Linfo_string559                @ DW_AT_name
	.long	7263                            @ DW_AT_type
	.byte	8                               @ DW_AT_decl_file
	.short	433                             @ DW_AT_decl_line
	.short	768                             @ DW_AT_data_member_location
	.byte	12                              @ Abbrev [12] 0x1c2a:0xe DW_TAG_member
	.long	.Linfo_string560                @ DW_AT_name
	.long	7275                            @ DW_AT_type
	.byte	8                               @ DW_AT_decl_file
	.short	434                             @ DW_AT_decl_line
	.short	1008                            @ DW_AT_data_member_location
	.byte	12                              @ Abbrev [12] 0x1c38:0xe DW_TAG_member
	.long	.Linfo_string561                @ DW_AT_name
	.long	2007                            @ DW_AT_type
	.byte	8                               @ DW_AT_decl_file
	.short	435                             @ DW_AT_decl_line
	.short	3584                            @ DW_AT_data_member_location
	.byte	0                               @ End Of Children Mark
	.byte	3                               @ Abbrev [3] 0x1c47:0xc DW_TAG_array_type
	.long	2012                            @ DW_AT_type
	.byte	4                               @ Abbrev [4] 0x1c4c:0x6 DW_TAG_subrange_type
	.long	71                              @ DW_AT_type
	.byte	24                              @ DW_AT_count
	.byte	0                               @ End Of Children Mark
	.byte	3                               @ Abbrev [3] 0x1c53:0xc DW_TAG_array_type
	.long	2012                            @ DW_AT_type
	.byte	4                               @ Abbrev [4] 0x1c58:0x6 DW_TAG_subrange_type
	.long	71                              @ DW_AT_type
	.byte	56                              @ DW_AT_count
	.byte	0                               @ End Of Children Mark
	.byte	3                               @ Abbrev [3] 0x1c5f:0xc DW_TAG_array_type
	.long	3062                            @ DW_AT_type
	.byte	4                               @ Abbrev [4] 0x1c64:0x6 DW_TAG_subrange_type
	.long	71                              @ DW_AT_type
	.byte	240                             @ DW_AT_count
	.byte	0                               @ End Of Children Mark
	.byte	3                               @ Abbrev [3] 0x1c6b:0xd DW_TAG_array_type
	.long	2012                            @ DW_AT_type
	.byte	22                              @ Abbrev [22] 0x1c70:0x7 DW_TAG_subrange_type
	.long	71                              @ DW_AT_type
	.short	644                             @ DW_AT_count
	.byte	0                               @ End Of Children Mark
	.byte	34                              @ Abbrev [34] 0x1c78:0x35 DW_TAG_subprogram
	.long	.Lfunc_begin0                   @ DW_AT_low_pc
	.long	.Lfunc_end0-.Lfunc_begin0       @ DW_AT_high_pc
	.byte	1                               @ DW_AT_frame_base
	.byte	93
	.long	.Linfo_string567                @ DW_AT_name
	.byte	1                               @ DW_AT_decl_file
	.short	394                             @ DW_AT_decl_line
                                        @ DW_AT_prototyped
	.long	2012                            @ DW_AT_type
                                        @ DW_AT_external
	.byte	35                              @ Abbrev [35] 0x1c8e:0xf DW_TAG_formal_parameter
	.byte	2                               @ DW_AT_location
	.byte	145
	.byte	4
	.long	.Linfo_string645                @ DW_AT_name
	.byte	1                               @ DW_AT_decl_file
	.short	394                             @ DW_AT_decl_line
	.long	961                             @ DW_AT_type
	.byte	36                              @ Abbrev [36] 0x1c9d:0xf DW_TAG_variable
	.byte	2                               @ DW_AT_location
	.byte	145
	.byte	0
	.long	.Linfo_string646                @ DW_AT_name
	.byte	1                               @ DW_AT_decl_file
	.short	396                             @ DW_AT_decl_line
	.long	2012                            @ DW_AT_type
	.byte	0                               @ End Of Children Mark
	.byte	37                              @ Abbrev [37] 0x1cad:0x5e DW_TAG_subprogram
	.long	.Lfunc_begin1                   @ DW_AT_low_pc
	.long	.Lfunc_end1-.Lfunc_begin1       @ DW_AT_high_pc
	.byte	1                               @ DW_AT_frame_base
	.byte	93
	.long	.Linfo_string568                @ DW_AT_name
	.byte	1                               @ DW_AT_decl_file
	.short	420                             @ DW_AT_decl_line
                                        @ DW_AT_prototyped
                                        @ DW_AT_external
	.byte	35                              @ Abbrev [35] 0x1cbf:0xf DW_TAG_formal_parameter
	.byte	2                               @ DW_AT_location
	.byte	145
	.byte	32
	.long	.Linfo_string645                @ DW_AT_name
	.byte	1                               @ DW_AT_decl_file
	.short	420                             @ DW_AT_decl_line
	.long	961                             @ DW_AT_type
	.byte	36                              @ Abbrev [36] 0x1cce:0xf DW_TAG_variable
	.byte	2                               @ DW_AT_location
	.byte	145
	.byte	28
	.long	.Linfo_string647                @ DW_AT_name
	.byte	1                               @ DW_AT_decl_file
	.short	422                             @ DW_AT_decl_line
	.long	2012                            @ DW_AT_type
	.byte	36                              @ Abbrev [36] 0x1cdd:0xf DW_TAG_variable
	.byte	2                               @ DW_AT_location
	.byte	145
	.byte	24
	.long	.Linfo_string648                @ DW_AT_name
	.byte	1                               @ DW_AT_decl_file
	.short	423                             @ DW_AT_decl_line
	.long	2012                            @ DW_AT_type
	.byte	36                              @ Abbrev [36] 0x1cec:0xf DW_TAG_variable
	.byte	2                               @ DW_AT_location
	.byte	145
	.byte	20
	.long	.Linfo_string649                @ DW_AT_name
	.byte	1                               @ DW_AT_decl_file
	.short	424                             @ DW_AT_decl_line
	.long	2012                            @ DW_AT_type
	.byte	36                              @ Abbrev [36] 0x1cfb:0xf DW_TAG_variable
	.byte	2                               @ DW_AT_location
	.byte	145
	.byte	16
	.long	.Linfo_string650                @ DW_AT_name
	.byte	1                               @ DW_AT_decl_file
	.short	426                             @ DW_AT_decl_line
	.long	2012                            @ DW_AT_type
	.byte	0                               @ End Of Children Mark
	.byte	37                              @ Abbrev [37] 0x1d0b:0x22 DW_TAG_subprogram
	.long	.Lfunc_begin2                   @ DW_AT_low_pc
	.long	.Lfunc_end2-.Lfunc_begin2       @ DW_AT_high_pc
	.byte	1                               @ DW_AT_frame_base
	.byte	93
	.long	.Linfo_string569                @ DW_AT_name
	.byte	1                               @ DW_AT_decl_file
	.short	568                             @ DW_AT_decl_line
                                        @ DW_AT_prototyped
                                        @ DW_AT_external
	.byte	35                              @ Abbrev [35] 0x1d1d:0xf DW_TAG_formal_parameter
	.byte	2                               @ DW_AT_location
	.byte	145
	.byte	0
	.long	.Linfo_string645                @ DW_AT_name
	.byte	1                               @ DW_AT_decl_file
	.short	568                             @ DW_AT_decl_line
	.long	961                             @ DW_AT_type
	.byte	0                               @ End Of Children Mark
	.byte	37                              @ Abbrev [37] 0x1d2d:0x71 DW_TAG_subprogram
	.long	.Lfunc_begin3                   @ DW_AT_low_pc
	.long	.Lfunc_end3-.Lfunc_begin3       @ DW_AT_high_pc
	.byte	1                               @ DW_AT_frame_base
	.byte	93
	.long	.Linfo_string570                @ DW_AT_name
	.byte	1                               @ DW_AT_decl_file
	.short	918                             @ DW_AT_decl_line
                                        @ DW_AT_prototyped
                                        @ DW_AT_external
	.byte	35                              @ Abbrev [35] 0x1d3f:0x10 DW_TAG_formal_parameter
	.byte	3                               @ DW_AT_location
	.byte	145
	.asciz	"\314"
	.long	.Linfo_string645                @ DW_AT_name
	.byte	1                               @ DW_AT_decl_file
	.short	918                             @ DW_AT_decl_line
	.long	961                             @ DW_AT_type
	.byte	35                              @ Abbrev [35] 0x1d4f:0x10 DW_TAG_formal_parameter
	.byte	3                               @ DW_AT_location
	.byte	145
	.asciz	"\310"
	.long	.Linfo_string651                @ DW_AT_name
	.byte	1                               @ DW_AT_decl_file
	.short	918                             @ DW_AT_decl_line
	.long	14031                           @ DW_AT_type
	.byte	35                              @ Abbrev [35] 0x1d5f:0x10 DW_TAG_formal_parameter
	.byte	3                               @ DW_AT_location
	.byte	145
	.asciz	"\304"
	.long	.Linfo_string672                @ DW_AT_name
	.byte	1                               @ DW_AT_decl_file
	.short	918                             @ DW_AT_decl_line
	.long	2012                            @ DW_AT_type
	.byte	36                              @ Abbrev [36] 0x1d6f:0x10 DW_TAG_variable
	.byte	3                               @ DW_AT_location
	.byte	145
	.asciz	"\300"
	.long	.Linfo_string673                @ DW_AT_name
	.byte	1                               @ DW_AT_decl_file
	.short	926                             @ DW_AT_decl_line
	.long	2012                            @ DW_AT_type
	.byte	36                              @ Abbrev [36] 0x1d7f:0xf DW_TAG_variable
	.byte	2                               @ DW_AT_location
	.byte	145
	.byte	60
	.long	.Linfo_string674                @ DW_AT_name
	.byte	1                               @ DW_AT_decl_file
	.short	927                             @ DW_AT_decl_line
	.long	2012                            @ DW_AT_type
	.byte	36                              @ Abbrev [36] 0x1d8e:0xf DW_TAG_variable
	.byte	2                               @ DW_AT_location
	.byte	145
	.byte	56
	.long	.Linfo_string646                @ DW_AT_name
	.byte	1                               @ DW_AT_decl_file
	.short	929                             @ DW_AT_decl_line
	.long	2012                            @ DW_AT_type
	.byte	0                               @ End Of Children Mark
	.byte	38                              @ Abbrev [38] 0x1d9e:0x22 DW_TAG_subprogram
	.long	.Lfunc_begin4                   @ DW_AT_low_pc
	.long	.Lfunc_end4-.Lfunc_begin4       @ DW_AT_high_pc
	.byte	1                               @ DW_AT_frame_base
	.byte	93
	.long	.Linfo_string571                @ DW_AT_name
	.byte	6                               @ DW_AT_decl_file
	.short	1514                            @ DW_AT_decl_line
                                        @ DW_AT_prototyped
	.byte	35                              @ Abbrev [35] 0x1db0:0xf DW_TAG_formal_parameter
	.byte	2                               @ DW_AT_location
	.byte	145
	.byte	6
	.long	.Linfo_string675                @ DW_AT_name
	.byte	6                               @ DW_AT_decl_file
	.short	1514                            @ DW_AT_decl_line
	.long	3189                            @ DW_AT_type
	.byte	0                               @ End Of Children Mark
	.byte	38                              @ Abbrev [38] 0x1dc0:0x31 DW_TAG_subprogram
	.long	.Lfunc_begin5                   @ DW_AT_low_pc
	.long	.Lfunc_end5-.Lfunc_begin5       @ DW_AT_high_pc
	.byte	1                               @ DW_AT_frame_base
	.byte	93
	.long	.Linfo_string572                @ DW_AT_name
	.byte	5                               @ DW_AT_decl_file
	.short	1752                            @ DW_AT_decl_line
                                        @ DW_AT_prototyped
	.byte	35                              @ Abbrev [35] 0x1dd2:0xf DW_TAG_formal_parameter
	.byte	2                               @ DW_AT_location
	.byte	145
	.byte	4
	.long	.Linfo_string645                @ DW_AT_name
	.byte	5                               @ DW_AT_decl_file
	.short	1752                            @ DW_AT_decl_line
	.long	961                             @ DW_AT_type
	.byte	35                              @ Abbrev [35] 0x1de1:0xf DW_TAG_formal_parameter
	.byte	2                               @ DW_AT_location
	.byte	145
	.byte	3
	.long	.Linfo_string676                @ DW_AT_name
	.byte	5                               @ DW_AT_decl_file
	.short	1752                            @ DW_AT_decl_line
	.long	14024                           @ DW_AT_type
	.byte	0                               @ End Of Children Mark
	.byte	38                              @ Abbrev [38] 0x1df1:0x31 DW_TAG_subprogram
	.long	.Lfunc_begin6                   @ DW_AT_low_pc
	.long	.Lfunc_end6-.Lfunc_begin6       @ DW_AT_high_pc
	.byte	1                               @ DW_AT_frame_base
	.byte	93
	.long	.Linfo_string573                @ DW_AT_name
	.byte	1                               @ DW_AT_decl_file
	.short	704                             @ DW_AT_decl_line
                                        @ DW_AT_prototyped
	.byte	35                              @ Abbrev [35] 0x1e03:0xf DW_TAG_formal_parameter
	.byte	2                               @ DW_AT_location
	.byte	145
	.byte	20
	.long	.Linfo_string645                @ DW_AT_name
	.byte	1                               @ DW_AT_decl_file
	.short	704                             @ DW_AT_decl_line
	.long	961                             @ DW_AT_type
	.byte	36                              @ Abbrev [36] 0x1e12:0xf DW_TAG_variable
	.byte	2                               @ DW_AT_location
	.byte	145
	.byte	19
	.long	.Linfo_string677                @ DW_AT_name
	.byte	1                               @ DW_AT_decl_file
	.short	711                             @ DW_AT_decl_line
	.long	2042                            @ DW_AT_type
	.byte	0                               @ End Of Children Mark
	.byte	38                              @ Abbrev [38] 0x1e22:0x5e DW_TAG_subprogram
	.long	.Lfunc_begin7                   @ DW_AT_low_pc
	.long	.Lfunc_end7-.Lfunc_begin7       @ DW_AT_high_pc
	.byte	1                               @ DW_AT_frame_base
	.byte	93
	.long	.Linfo_string574                @ DW_AT_name
	.byte	1                               @ DW_AT_decl_file
	.short	794                             @ DW_AT_decl_line
                                        @ DW_AT_prototyped
	.byte	35                              @ Abbrev [35] 0x1e34:0xf DW_TAG_formal_parameter
	.byte	2                               @ DW_AT_location
	.byte	145
	.byte	24
	.long	.Linfo_string645                @ DW_AT_name
	.byte	1                               @ DW_AT_decl_file
	.short	794                             @ DW_AT_decl_line
	.long	961                             @ DW_AT_type
	.byte	35                              @ Abbrev [35] 0x1e43:0xf DW_TAG_formal_parameter
	.byte	2                               @ DW_AT_location
	.byte	145
	.byte	20
	.long	.Linfo_string672                @ DW_AT_name
	.byte	1                               @ DW_AT_decl_file
	.short	795                             @ DW_AT_decl_line
	.long	2012                            @ DW_AT_type
	.byte	35                              @ Abbrev [35] 0x1e52:0xf DW_TAG_formal_parameter
	.byte	2                               @ DW_AT_location
	.byte	145
	.byte	16
	.long	.Linfo_string678                @ DW_AT_name
	.byte	1                               @ DW_AT_decl_file
	.short	796                             @ DW_AT_decl_line
	.long	2012                            @ DW_AT_type
	.byte	35                              @ Abbrev [35] 0x1e61:0xf DW_TAG_formal_parameter
	.byte	2                               @ DW_AT_location
	.byte	145
	.byte	28
	.long	.Linfo_string669                @ DW_AT_name
	.byte	1                               @ DW_AT_decl_file
	.short	797                             @ DW_AT_decl_line
	.long	6867                            @ DW_AT_type
	.byte	36                              @ Abbrev [36] 0x1e70:0xf DW_TAG_variable
	.byte	2                               @ DW_AT_location
	.byte	145
	.byte	12
	.long	.Linfo_string679                @ DW_AT_name
	.byte	1                               @ DW_AT_decl_file
	.short	802                             @ DW_AT_decl_line
	.long	2012                            @ DW_AT_type
	.byte	0                               @ End Of Children Mark
	.byte	37                              @ Abbrev [37] 0x1e80:0x6d DW_TAG_subprogram
	.long	.Lfunc_begin8                   @ DW_AT_low_pc
	.long	.Lfunc_end8-.Lfunc_begin8       @ DW_AT_high_pc
	.byte	1                               @ DW_AT_frame_base
	.byte	93
	.long	.Linfo_string575                @ DW_AT_name
	.byte	1                               @ DW_AT_decl_file
	.short	1074                            @ DW_AT_decl_line
                                        @ DW_AT_prototyped
                                        @ DW_AT_external
	.byte	35                              @ Abbrev [35] 0x1e92:0xf DW_TAG_formal_parameter
	.byte	2                               @ DW_AT_location
	.byte	145
	.byte	36
	.long	.Linfo_string645                @ DW_AT_name
	.byte	1                               @ DW_AT_decl_file
	.short	1075                            @ DW_AT_decl_line
	.long	961                             @ DW_AT_type
	.byte	35                              @ Abbrev [35] 0x1ea1:0xf DW_TAG_formal_parameter
	.byte	2                               @ DW_AT_location
	.byte	145
	.byte	32
	.long	.Linfo_string651                @ DW_AT_name
	.byte	1                               @ DW_AT_decl_file
	.short	1075                            @ DW_AT_decl_line
	.long	14031                           @ DW_AT_type
	.byte	35                              @ Abbrev [35] 0x1eb0:0xf DW_TAG_formal_parameter
	.byte	2                               @ DW_AT_location
	.byte	145
	.byte	28
	.long	.Linfo_string672                @ DW_AT_name
	.byte	1                               @ DW_AT_decl_file
	.short	1075                            @ DW_AT_decl_line
	.long	2012                            @ DW_AT_type
	.byte	35                              @ Abbrev [35] 0x1ebf:0xf DW_TAG_formal_parameter
	.byte	2                               @ DW_AT_location
	.byte	145
	.byte	27
	.long	.Linfo_string680                @ DW_AT_name
	.byte	1                               @ DW_AT_decl_file
	.short	1075                            @ DW_AT_decl_line
	.long	14340                           @ DW_AT_type
	.byte	35                              @ Abbrev [35] 0x1ece:0xf DW_TAG_formal_parameter
	.byte	2                               @ DW_AT_location
	.byte	145
	.byte	26
	.long	.Linfo_string87                 @ DW_AT_name
	.byte	1                               @ DW_AT_decl_file
	.short	1075                            @ DW_AT_decl_line
	.long	14024                           @ DW_AT_type
	.byte	36                              @ Abbrev [36] 0x1edd:0xf DW_TAG_variable
	.byte	2                               @ DW_AT_location
	.byte	145
	.byte	20
	.long	.Linfo_string682                @ DW_AT_name
	.byte	1                               @ DW_AT_decl_file
	.short	1080                            @ DW_AT_decl_line
	.long	2012                            @ DW_AT_type
	.byte	0                               @ End Of Children Mark
	.byte	38                              @ Abbrev [38] 0x1eed:0x5e DW_TAG_subprogram
	.long	.Lfunc_begin9                   @ DW_AT_low_pc
	.long	.Lfunc_end9-.Lfunc_begin9       @ DW_AT_high_pc
	.byte	1                               @ DW_AT_frame_base
	.byte	93
	.long	.Linfo_string576                @ DW_AT_name
	.byte	1                               @ DW_AT_decl_file
	.short	856                             @ DW_AT_decl_line
                                        @ DW_AT_prototyped
	.byte	35                              @ Abbrev [35] 0x1eff:0xf DW_TAG_formal_parameter
	.byte	2                               @ DW_AT_location
	.byte	145
	.byte	16
	.long	.Linfo_string645                @ DW_AT_name
	.byte	1                               @ DW_AT_decl_file
	.short	856                             @ DW_AT_decl_line
	.long	961                             @ DW_AT_type
	.byte	35                              @ Abbrev [35] 0x1f0e:0xf DW_TAG_formal_parameter
	.byte	2                               @ DW_AT_location
	.byte	145
	.byte	12
	.long	.Linfo_string672                @ DW_AT_name
	.byte	1                               @ DW_AT_decl_file
	.short	857                             @ DW_AT_decl_line
	.long	2012                            @ DW_AT_type
	.byte	35                              @ Abbrev [35] 0x1f1d:0xf DW_TAG_formal_parameter
	.byte	2                               @ DW_AT_location
	.byte	145
	.byte	8
	.long	.Linfo_string683                @ DW_AT_name
	.byte	1                               @ DW_AT_decl_file
	.short	858                             @ DW_AT_decl_line
	.long	2012                            @ DW_AT_type
	.byte	35                              @ Abbrev [35] 0x1f2c:0xf DW_TAG_formal_parameter
	.byte	2                               @ DW_AT_location
	.byte	145
	.byte	20
	.long	.Linfo_string669                @ DW_AT_name
	.byte	1                               @ DW_AT_decl_file
	.short	859                             @ DW_AT_decl_line
	.long	6867                            @ DW_AT_type
	.byte	36                              @ Abbrev [36] 0x1f3b:0xf DW_TAG_variable
	.byte	2                               @ DW_AT_location
	.byte	145
	.byte	4
	.long	.Linfo_string679                @ DW_AT_name
	.byte	1                               @ DW_AT_decl_file
	.short	864                             @ DW_AT_decl_line
	.long	2012                            @ DW_AT_type
	.byte	0                               @ End Of Children Mark
	.byte	37                              @ Abbrev [37] 0x1f4b:0x31 DW_TAG_subprogram
	.long	.Lfunc_begin10                  @ DW_AT_low_pc
	.long	.Lfunc_end10-.Lfunc_begin10     @ DW_AT_high_pc
	.byte	1                               @ DW_AT_frame_base
	.byte	93
	.long	.Linfo_string577                @ DW_AT_name
	.byte	1                               @ DW_AT_decl_file
	.short	1179                            @ DW_AT_decl_line
                                        @ DW_AT_prototyped
                                        @ DW_AT_external
	.byte	35                              @ Abbrev [35] 0x1f5d:0xf DW_TAG_formal_parameter
	.byte	2                               @ DW_AT_location
	.byte	145
	.byte	4
	.long	.Linfo_string645                @ DW_AT_name
	.byte	1                               @ DW_AT_decl_file
	.short	1179                            @ DW_AT_decl_line
	.long	961                             @ DW_AT_type
	.byte	36                              @ Abbrev [36] 0x1f6c:0xf DW_TAG_variable
	.byte	2                               @ DW_AT_location
	.byte	145
	.byte	0
	.long	.Linfo_string646                @ DW_AT_name
	.byte	1                               @ DW_AT_decl_file
	.short	1182                            @ DW_AT_decl_line
	.long	2012                            @ DW_AT_type
	.byte	0                               @ End Of Children Mark
	.byte	38                              @ Abbrev [38] 0x1f7c:0x22 DW_TAG_subprogram
	.long	.Lfunc_begin11                  @ DW_AT_low_pc
	.long	.Lfunc_end11-.Lfunc_begin11     @ DW_AT_high_pc
	.byte	1                               @ DW_AT_frame_base
	.byte	93
	.long	.Linfo_string578                @ DW_AT_name
	.byte	6                               @ DW_AT_decl_file
	.short	1524                            @ DW_AT_decl_line
                                        @ DW_AT_prototyped
	.byte	35                              @ Abbrev [35] 0x1f8e:0xf DW_TAG_formal_parameter
	.byte	2                               @ DW_AT_location
	.byte	145
	.byte	6
	.long	.Linfo_string675                @ DW_AT_name
	.byte	6                               @ DW_AT_decl_file
	.short	1524                            @ DW_AT_decl_line
	.long	3189                            @ DW_AT_type
	.byte	0                               @ End Of Children Mark
	.byte	37                              @ Abbrev [37] 0x1f9e:0x22 DW_TAG_subprogram
	.long	.Lfunc_begin12                  @ DW_AT_low_pc
	.long	.Lfunc_end12-.Lfunc_begin12     @ DW_AT_high_pc
	.byte	1                               @ DW_AT_frame_base
	.byte	93
	.long	.Linfo_string579                @ DW_AT_name
	.byte	1                               @ DW_AT_decl_file
	.short	1224                            @ DW_AT_decl_line
                                        @ DW_AT_prototyped
                                        @ DW_AT_external
	.byte	35                              @ Abbrev [35] 0x1fb0:0xf DW_TAG_formal_parameter
	.byte	2                               @ DW_AT_location
	.byte	145
	.byte	4
	.long	.Linfo_string651                @ DW_AT_name
	.byte	1                               @ DW_AT_decl_file
	.short	1224                            @ DW_AT_decl_line
	.long	14352                           @ DW_AT_type
	.byte	0                               @ End Of Children Mark
	.byte	37                              @ Abbrev [37] 0x1fc0:0x31 DW_TAG_subprogram
	.long	.Lfunc_begin13                  @ DW_AT_low_pc
	.long	.Lfunc_end13-.Lfunc_begin13     @ DW_AT_high_pc
	.byte	1                               @ DW_AT_frame_base
	.byte	93
	.long	.Linfo_string580                @ DW_AT_name
	.byte	1                               @ DW_AT_decl_file
	.short	1397                            @ DW_AT_decl_line
                                        @ DW_AT_prototyped
                                        @ DW_AT_external
	.byte	35                              @ Abbrev [35] 0x1fd2:0xf DW_TAG_formal_parameter
	.byte	2                               @ DW_AT_location
	.byte	145
	.byte	12
	.long	.Linfo_string645                @ DW_AT_name
	.byte	1                               @ DW_AT_decl_file
	.short	1397                            @ DW_AT_decl_line
	.long	961                             @ DW_AT_type
	.byte	35                              @ Abbrev [35] 0x1fe1:0xf DW_TAG_formal_parameter
	.byte	2                               @ DW_AT_location
	.byte	145
	.byte	8
	.long	.Linfo_string651                @ DW_AT_name
	.byte	1                               @ DW_AT_decl_file
	.short	1397                            @ DW_AT_decl_line
	.long	6857                            @ DW_AT_type
	.byte	0                               @ End Of Children Mark
	.byte	37                              @ Abbrev [37] 0x1ff1:0x31 DW_TAG_subprogram
	.long	.Lfunc_begin14                  @ DW_AT_low_pc
	.long	.Lfunc_end14-.Lfunc_begin14     @ DW_AT_high_pc
	.byte	1                               @ DW_AT_frame_base
	.byte	93
	.long	.Linfo_string581                @ DW_AT_name
	.byte	1                               @ DW_AT_decl_file
	.short	1476                            @ DW_AT_decl_line
                                        @ DW_AT_prototyped
                                        @ DW_AT_external
	.byte	35                              @ Abbrev [35] 0x2003:0xf DW_TAG_formal_parameter
	.byte	2                               @ DW_AT_location
	.byte	145
	.byte	4
	.long	.Linfo_string645                @ DW_AT_name
	.byte	1                               @ DW_AT_decl_file
	.short	1476                            @ DW_AT_decl_line
	.long	961                             @ DW_AT_type
	.byte	35                              @ Abbrev [35] 0x2012:0xf DW_TAG_formal_parameter
	.byte	2                               @ DW_AT_location
	.byte	145
	.byte	0
	.long	.Linfo_string651                @ DW_AT_name
	.byte	1                               @ DW_AT_decl_file
	.short	1476                            @ DW_AT_decl_line
	.long	6857                            @ DW_AT_type
	.byte	0                               @ End Of Children Mark
	.byte	37                              @ Abbrev [37] 0x2022:0x31 DW_TAG_subprogram
	.long	.Lfunc_begin15                  @ DW_AT_low_pc
	.long	.Lfunc_end15-.Lfunc_begin15     @ DW_AT_high_pc
	.byte	1                               @ DW_AT_frame_base
	.byte	93
	.long	.Linfo_string582                @ DW_AT_name
	.byte	1                               @ DW_AT_decl_file
	.short	1523                            @ DW_AT_decl_line
                                        @ DW_AT_prototyped
                                        @ DW_AT_external
	.byte	35                              @ Abbrev [35] 0x2034:0xf DW_TAG_formal_parameter
	.byte	2                               @ DW_AT_location
	.byte	145
	.byte	4
	.long	.Linfo_string645                @ DW_AT_name
	.byte	1                               @ DW_AT_decl_file
	.short	1523                            @ DW_AT_decl_line
	.long	961                             @ DW_AT_type
	.byte	35                              @ Abbrev [35] 0x2043:0xf DW_TAG_formal_parameter
	.byte	2                               @ DW_AT_location
	.byte	145
	.byte	0
	.long	.Linfo_string684                @ DW_AT_name
	.byte	1                               @ DW_AT_decl_file
	.short	1523                            @ DW_AT_decl_line
	.long	2012                            @ DW_AT_type
	.byte	0                               @ End Of Children Mark
	.byte	37                              @ Abbrev [37] 0x2053:0x31 DW_TAG_subprogram
	.long	.Lfunc_begin16                  @ DW_AT_low_pc
	.long	.Lfunc_end16-.Lfunc_begin16     @ DW_AT_high_pc
	.byte	1                               @ DW_AT_frame_base
	.byte	93
	.long	.Linfo_string583                @ DW_AT_name
	.byte	1                               @ DW_AT_decl_file
	.short	1545                            @ DW_AT_decl_line
                                        @ DW_AT_prototyped
                                        @ DW_AT_external
	.byte	35                              @ Abbrev [35] 0x2065:0xf DW_TAG_formal_parameter
	.byte	2                               @ DW_AT_location
	.byte	145
	.byte	4
	.long	.Linfo_string645                @ DW_AT_name
	.byte	1                               @ DW_AT_decl_file
	.short	1545                            @ DW_AT_decl_line
	.long	961                             @ DW_AT_type
	.byte	35                              @ Abbrev [35] 0x2074:0xf DW_TAG_formal_parameter
	.byte	2                               @ DW_AT_location
	.byte	145
	.byte	0
	.long	.Linfo_string684                @ DW_AT_name
	.byte	1                               @ DW_AT_decl_file
	.short	1545                            @ DW_AT_decl_line
	.long	2012                            @ DW_AT_type
	.byte	0                               @ End Of Children Mark
	.byte	37                              @ Abbrev [37] 0x2084:0x40 DW_TAG_subprogram
	.long	.Lfunc_begin17                  @ DW_AT_low_pc
	.long	.Lfunc_end17-.Lfunc_begin17     @ DW_AT_high_pc
	.byte	1                               @ DW_AT_frame_base
	.byte	93
	.long	.Linfo_string584                @ DW_AT_name
	.byte	1                               @ DW_AT_decl_file
	.short	1571                            @ DW_AT_decl_line
                                        @ DW_AT_prototyped
                                        @ DW_AT_external
	.byte	35                              @ Abbrev [35] 0x2096:0xf DW_TAG_formal_parameter
	.byte	2                               @ DW_AT_location
	.byte	145
	.byte	12
	.long	.Linfo_string645                @ DW_AT_name
	.byte	1                               @ DW_AT_decl_file
	.short	1571                            @ DW_AT_decl_line
	.long	961                             @ DW_AT_type
	.byte	35                              @ Abbrev [35] 0x20a5:0xf DW_TAG_formal_parameter
	.byte	2                               @ DW_AT_location
	.byte	145
	.byte	11
	.long	.Linfo_string685                @ DW_AT_name
	.byte	1                               @ DW_AT_decl_file
	.short	1571                            @ DW_AT_decl_line
	.long	2042                            @ DW_AT_type
	.byte	35                              @ Abbrev [35] 0x20b4:0xf DW_TAG_formal_parameter
	.byte	2                               @ DW_AT_location
	.byte	145
	.byte	4
	.long	.Linfo_string684                @ DW_AT_name
	.byte	1                               @ DW_AT_decl_file
	.short	1571                            @ DW_AT_decl_line
	.long	2012                            @ DW_AT_type
	.byte	0                               @ End Of Children Mark
	.byte	37                              @ Abbrev [37] 0x20c4:0x40 DW_TAG_subprogram
	.long	.Lfunc_begin18                  @ DW_AT_low_pc
	.long	.Lfunc_end18-.Lfunc_begin18     @ DW_AT_high_pc
	.byte	1                               @ DW_AT_frame_base
	.byte	93
	.long	.Linfo_string585                @ DW_AT_name
	.byte	1                               @ DW_AT_decl_file
	.short	1597                            @ DW_AT_decl_line
                                        @ DW_AT_prototyped
                                        @ DW_AT_external
	.byte	35                              @ Abbrev [35] 0x20d6:0xf DW_TAG_formal_parameter
	.byte	2                               @ DW_AT_location
	.byte	145
	.byte	4
	.long	.Linfo_string645                @ DW_AT_name
	.byte	1                               @ DW_AT_decl_file
	.short	1597                            @ DW_AT_decl_line
	.long	961                             @ DW_AT_type
	.byte	35                              @ Abbrev [35] 0x20e5:0xf DW_TAG_formal_parameter
	.byte	2                               @ DW_AT_location
	.byte	145
	.byte	3
	.long	.Linfo_string686                @ DW_AT_name
	.byte	1                               @ DW_AT_decl_file
	.short	1597                            @ DW_AT_decl_line
	.long	2042                            @ DW_AT_type
	.byte	35                              @ Abbrev [35] 0x20f4:0xf DW_TAG_formal_parameter
	.byte	2                               @ DW_AT_location
	.byte	145
	.byte	2
	.long	.Linfo_string676                @ DW_AT_name
	.byte	1                               @ DW_AT_decl_file
	.short	1597                            @ DW_AT_decl_line
	.long	14024                           @ DW_AT_type
	.byte	0                               @ End Of Children Mark
	.byte	39                              @ Abbrev [39] 0x2104:0x53 DW_TAG_subprogram
	.long	.Lfunc_begin19                  @ DW_AT_low_pc
	.long	.Lfunc_end19-.Lfunc_begin19     @ DW_AT_high_pc
	.byte	1                               @ DW_AT_frame_base
	.byte	93
	.long	.Linfo_string586                @ DW_AT_name
	.byte	1                               @ DW_AT_decl_file
	.short	596                             @ DW_AT_decl_line
                                        @ DW_AT_prototyped
	.long	14024                           @ DW_AT_type
	.byte	35                              @ Abbrev [35] 0x211a:0xf DW_TAG_formal_parameter
	.byte	2                               @ DW_AT_location
	.byte	145
	.byte	4
	.long	.Linfo_string645                @ DW_AT_name
	.byte	1                               @ DW_AT_decl_file
	.short	596                             @ DW_AT_decl_line
	.long	961                             @ DW_AT_type
	.byte	35                              @ Abbrev [35] 0x2129:0xf DW_TAG_formal_parameter
	.byte	2                               @ DW_AT_location
	.byte	145
	.byte	3
	.long	.Linfo_string686                @ DW_AT_name
	.byte	1                               @ DW_AT_decl_file
	.short	596                             @ DW_AT_decl_line
	.long	2042                            @ DW_AT_type
	.byte	36                              @ Abbrev [36] 0x2138:0xf DW_TAG_variable
	.byte	2                               @ DW_AT_location
	.byte	145
	.byte	2
	.long	.Linfo_string687                @ DW_AT_name
	.byte	1                               @ DW_AT_decl_file
	.short	598                             @ DW_AT_decl_line
	.long	2042                            @ DW_AT_type
	.byte	36                              @ Abbrev [36] 0x2147:0xf DW_TAG_variable
	.byte	2                               @ DW_AT_location
	.byte	145
	.byte	1
	.long	.Linfo_string688                @ DW_AT_name
	.byte	1                               @ DW_AT_decl_file
	.short	599                             @ DW_AT_decl_line
	.long	14024                           @ DW_AT_type
	.byte	0                               @ End Of Children Mark
	.byte	34                              @ Abbrev [34] 0x2157:0xbc DW_TAG_subprogram
	.long	.Lfunc_begin20                  @ DW_AT_low_pc
	.long	.Lfunc_end20-.Lfunc_begin20     @ DW_AT_high_pc
	.byte	1                               @ DW_AT_frame_base
	.byte	93
	.long	.Linfo_string588                @ DW_AT_name
	.byte	1                               @ DW_AT_decl_file
	.short	1754                            @ DW_AT_decl_line
                                        @ DW_AT_prototyped
	.long	14024                           @ DW_AT_type
                                        @ DW_AT_external
	.byte	35                              @ Abbrev [35] 0x216d:0xf DW_TAG_formal_parameter
	.byte	2                               @ DW_AT_location
	.byte	145
	.byte	60
	.long	.Linfo_string645                @ DW_AT_name
	.byte	1                               @ DW_AT_decl_file
	.short	1754                            @ DW_AT_decl_line
	.long	961                             @ DW_AT_type
	.byte	35                              @ Abbrev [35] 0x217c:0xf DW_TAG_formal_parameter
	.byte	2                               @ DW_AT_location
	.byte	145
	.byte	56
	.long	.Linfo_string654                @ DW_AT_name
	.byte	1                               @ DW_AT_decl_file
	.short	1755                            @ DW_AT_decl_line
	.long	2012                            @ DW_AT_type
	.byte	35                              @ Abbrev [35] 0x218b:0xf DW_TAG_formal_parameter
	.byte	2                               @ DW_AT_location
	.byte	145
	.byte	52
	.long	.Linfo_string672                @ DW_AT_name
	.byte	1                               @ DW_AT_decl_file
	.short	1756                            @ DW_AT_decl_line
	.long	2012                            @ DW_AT_type
	.byte	35                              @ Abbrev [35] 0x219a:0xf DW_TAG_formal_parameter
	.byte	2                               @ DW_AT_location
	.byte	145
	.byte	48
	.long	.Linfo_string689                @ DW_AT_name
	.byte	1                               @ DW_AT_decl_file
	.short	1757                            @ DW_AT_decl_line
	.long	14357                           @ DW_AT_type
	.byte	36                              @ Abbrev [36] 0x21a9:0xf DW_TAG_variable
	.byte	2                               @ DW_AT_location
	.byte	145
	.byte	44
	.long	.Linfo_string690                @ DW_AT_name
	.byte	1                               @ DW_AT_decl_file
	.short	1762                            @ DW_AT_decl_line
	.long	2012                            @ DW_AT_type
	.byte	36                              @ Abbrev [36] 0x21b8:0xf DW_TAG_variable
	.byte	2                               @ DW_AT_location
	.byte	145
	.byte	40
	.long	.Linfo_string691                @ DW_AT_name
	.byte	1                               @ DW_AT_decl_file
	.short	1763                            @ DW_AT_decl_line
	.long	2012                            @ DW_AT_type
	.byte	36                              @ Abbrev [36] 0x21c7:0xf DW_TAG_variable
	.byte	2                               @ DW_AT_location
	.byte	145
	.byte	36
	.long	.Linfo_string692                @ DW_AT_name
	.byte	1                               @ DW_AT_decl_file
	.short	1763                            @ DW_AT_decl_line
	.long	2012                            @ DW_AT_type
	.byte	36                              @ Abbrev [36] 0x21d6:0xf DW_TAG_variable
	.byte	2                               @ DW_AT_location
	.byte	145
	.byte	32
	.long	.Linfo_string693                @ DW_AT_name
	.byte	1                               @ DW_AT_decl_file
	.short	1763                            @ DW_AT_decl_line
	.long	2012                            @ DW_AT_type
	.byte	36                              @ Abbrev [36] 0x21e5:0xf DW_TAG_variable
	.byte	2                               @ DW_AT_location
	.byte	145
	.byte	28
	.long	.Linfo_string694                @ DW_AT_name
	.byte	1                               @ DW_AT_decl_file
	.short	1764                            @ DW_AT_decl_line
	.long	2012                            @ DW_AT_type
	.byte	36                              @ Abbrev [36] 0x21f4:0xf DW_TAG_variable
	.byte	2                               @ DW_AT_location
	.byte	145
	.byte	16
	.long	.Linfo_string695                @ DW_AT_name
	.byte	1                               @ DW_AT_decl_file
	.short	1765                            @ DW_AT_decl_line
	.long	6867                            @ DW_AT_type
	.byte	36                              @ Abbrev [36] 0x2203:0xf DW_TAG_variable
	.byte	2                               @ DW_AT_location
	.byte	145
	.byte	15
	.long	.Linfo_string688                @ DW_AT_name
	.byte	1                               @ DW_AT_decl_file
	.short	1766                            @ DW_AT_decl_line
	.long	14024                           @ DW_AT_type
	.byte	0                               @ End Of Children Mark
	.byte	38                              @ Abbrev [38] 0x2213:0xa9 DW_TAG_subprogram
	.long	.Lfunc_begin21                  @ DW_AT_low_pc
	.long	.Lfunc_end21-.Lfunc_begin21     @ DW_AT_high_pc
	.byte	1                               @ DW_AT_frame_base
	.byte	93
	.long	.Linfo_string589                @ DW_AT_name
	.byte	1                               @ DW_AT_decl_file
	.short	1631                            @ DW_AT_decl_line
                                        @ DW_AT_prototyped
	.byte	35                              @ Abbrev [35] 0x2225:0xf DW_TAG_formal_parameter
	.byte	2                               @ DW_AT_location
	.byte	145
	.byte	48
	.long	.Linfo_string645                @ DW_AT_name
	.byte	1                               @ DW_AT_decl_file
	.short	1631                            @ DW_AT_decl_line
	.long	961                             @ DW_AT_type
	.byte	35                              @ Abbrev [35] 0x2234:0xf DW_TAG_formal_parameter
	.byte	2                               @ DW_AT_location
	.byte	145
	.byte	44
	.long	.Linfo_string654                @ DW_AT_name
	.byte	1                               @ DW_AT_decl_file
	.short	1632                            @ DW_AT_decl_line
	.long	2012                            @ DW_AT_type
	.byte	35                              @ Abbrev [35] 0x2243:0xf DW_TAG_formal_parameter
	.byte	2                               @ DW_AT_location
	.byte	145
	.byte	40
	.long	.Linfo_string691                @ DW_AT_name
	.byte	1                               @ DW_AT_decl_file
	.short	1633                            @ DW_AT_decl_line
	.long	2012                            @ DW_AT_type
	.byte	35                              @ Abbrev [35] 0x2252:0xf DW_TAG_formal_parameter
	.byte	2                               @ DW_AT_location
	.byte	145
	.byte	36
	.long	.Linfo_string689                @ DW_AT_name
	.byte	1                               @ DW_AT_decl_file
	.short	1634                            @ DW_AT_decl_line
	.long	14357                           @ DW_AT_type
	.byte	36                              @ Abbrev [36] 0x2261:0xf DW_TAG_variable
	.byte	2                               @ DW_AT_location
	.byte	145
	.byte	32
	.long	.Linfo_string696                @ DW_AT_name
	.byte	1                               @ DW_AT_decl_file
	.short	1636                            @ DW_AT_decl_line
	.long	2012                            @ DW_AT_type
	.byte	36                              @ Abbrev [36] 0x2270:0xf DW_TAG_variable
	.byte	2                               @ DW_AT_location
	.byte	145
	.byte	28
	.long	.Linfo_string697                @ DW_AT_name
	.byte	1                               @ DW_AT_decl_file
	.short	1637                            @ DW_AT_decl_line
	.long	2012                            @ DW_AT_type
	.byte	36                              @ Abbrev [36] 0x227f:0xf DW_TAG_variable
	.byte	2                               @ DW_AT_location
	.byte	145
	.byte	24
	.long	.Linfo_string698                @ DW_AT_name
	.byte	1                               @ DW_AT_decl_file
	.short	1637                            @ DW_AT_decl_line
	.long	2012                            @ DW_AT_type
	.byte	36                              @ Abbrev [36] 0x228e:0xf DW_TAG_variable
	.byte	2                               @ DW_AT_location
	.byte	145
	.byte	20
	.long	.Linfo_string699                @ DW_AT_name
	.byte	1                               @ DW_AT_decl_file
	.short	1637                            @ DW_AT_decl_line
	.long	2012                            @ DW_AT_type
	.byte	36                              @ Abbrev [36] 0x229d:0xf DW_TAG_variable
	.byte	2                               @ DW_AT_location
	.byte	145
	.byte	16
	.long	.Linfo_string700                @ DW_AT_name
	.byte	1                               @ DW_AT_decl_file
	.short	1637                            @ DW_AT_decl_line
	.long	2012                            @ DW_AT_type
	.byte	36                              @ Abbrev [36] 0x22ac:0xf DW_TAG_variable
	.byte	2                               @ DW_AT_location
	.byte	145
	.byte	12
	.long	.Linfo_string701                @ DW_AT_name
	.byte	1                               @ DW_AT_decl_file
	.short	1638                            @ DW_AT_decl_line
	.long	2012                            @ DW_AT_type
	.byte	0                               @ End Of Children Mark
	.byte	34                              @ Abbrev [34] 0x22bc:0xad DW_TAG_subprogram
	.long	.Lfunc_begin22                  @ DW_AT_low_pc
	.long	.Lfunc_end22-.Lfunc_begin22     @ DW_AT_high_pc
	.byte	1                               @ DW_AT_frame_base
	.byte	93
	.long	.Linfo_string590                @ DW_AT_name
	.byte	1                               @ DW_AT_decl_file
	.short	2121                            @ DW_AT_decl_line
                                        @ DW_AT_prototyped
	.long	14024                           @ DW_AT_type
                                        @ DW_AT_external
	.byte	35                              @ Abbrev [35] 0x22d2:0xf DW_TAG_formal_parameter
	.byte	2                               @ DW_AT_location
	.byte	145
	.byte	36
	.long	.Linfo_string645                @ DW_AT_name
	.byte	1                               @ DW_AT_decl_file
	.short	2121                            @ DW_AT_decl_line
	.long	961                             @ DW_AT_type
	.byte	35                              @ Abbrev [35] 0x22e1:0xf DW_TAG_formal_parameter
	.byte	2                               @ DW_AT_location
	.byte	145
	.byte	32
	.long	.Linfo_string654                @ DW_AT_name
	.byte	1                               @ DW_AT_decl_file
	.short	2122                            @ DW_AT_decl_line
	.long	2012                            @ DW_AT_type
	.byte	35                              @ Abbrev [35] 0x22f0:0xf DW_TAG_formal_parameter
	.byte	2                               @ DW_AT_location
	.byte	145
	.byte	28
	.long	.Linfo_string655                @ DW_AT_name
	.byte	1                               @ DW_AT_decl_file
	.short	2123                            @ DW_AT_decl_line
	.long	2012                            @ DW_AT_type
	.byte	35                              @ Abbrev [35] 0x22ff:0xf DW_TAG_formal_parameter
	.byte	2                               @ DW_AT_location
	.byte	145
	.byte	24
	.long	.Linfo_string672                @ DW_AT_name
	.byte	1                               @ DW_AT_decl_file
	.short	2124                            @ DW_AT_decl_line
	.long	2012                            @ DW_AT_type
	.byte	35                              @ Abbrev [35] 0x230e:0xf DW_TAG_formal_parameter
	.byte	2                               @ DW_AT_location
	.byte	145
	.byte	48
	.long	.Linfo_string689                @ DW_AT_name
	.byte	1                               @ DW_AT_decl_file
	.short	2125                            @ DW_AT_decl_line
	.long	14357                           @ DW_AT_type
	.byte	36                              @ Abbrev [36] 0x231d:0xf DW_TAG_variable
	.byte	2                               @ DW_AT_location
	.byte	145
	.byte	20
	.long	.Linfo_string690                @ DW_AT_name
	.byte	1                               @ DW_AT_decl_file
	.short	2133                            @ DW_AT_decl_line
	.long	2012                            @ DW_AT_type
	.byte	36                              @ Abbrev [36] 0x232c:0xf DW_TAG_variable
	.byte	2                               @ DW_AT_location
	.byte	145
	.byte	16
	.long	.Linfo_string692                @ DW_AT_name
	.byte	1                               @ DW_AT_decl_file
	.short	2134                            @ DW_AT_decl_line
	.long	2012                            @ DW_AT_type
	.byte	36                              @ Abbrev [36] 0x233b:0xf DW_TAG_variable
	.byte	2                               @ DW_AT_location
	.byte	145
	.byte	12
	.long	.Linfo_string693                @ DW_AT_name
	.byte	1                               @ DW_AT_decl_file
	.short	2134                            @ DW_AT_decl_line
	.long	2012                            @ DW_AT_type
	.byte	36                              @ Abbrev [36] 0x234a:0xf DW_TAG_variable
	.byte	2                               @ DW_AT_location
	.byte	145
	.byte	8
	.long	.Linfo_string702                @ DW_AT_name
	.byte	1                               @ DW_AT_decl_file
	.short	2134                            @ DW_AT_decl_line
	.long	2012                            @ DW_AT_type
	.byte	36                              @ Abbrev [36] 0x2359:0xf DW_TAG_variable
	.byte	2                               @ DW_AT_location
	.byte	145
	.byte	7
	.long	.Linfo_string688                @ DW_AT_name
	.byte	1                               @ DW_AT_decl_file
	.short	2135                            @ DW_AT_decl_line
	.long	14024                           @ DW_AT_type
	.byte	0                               @ End Of Children Mark
	.byte	38                              @ Abbrev [38] 0x2369:0x9a DW_TAG_subprogram
	.long	.Lfunc_begin23                  @ DW_AT_low_pc
	.long	.Lfunc_end23-.Lfunc_begin23     @ DW_AT_high_pc
	.byte	1                               @ DW_AT_frame_base
	.byte	93
	.long	.Linfo_string591                @ DW_AT_name
	.byte	1                               @ DW_AT_decl_file
	.short	1886                            @ DW_AT_decl_line
                                        @ DW_AT_prototyped
	.byte	35                              @ Abbrev [35] 0x237b:0xf DW_TAG_formal_parameter
	.byte	2                               @ DW_AT_location
	.byte	145
	.byte	36
	.long	.Linfo_string655                @ DW_AT_name
	.byte	1                               @ DW_AT_decl_file
	.short	1886                            @ DW_AT_decl_line
	.long	2012                            @ DW_AT_type
	.byte	35                              @ Abbrev [35] 0x238a:0xf DW_TAG_formal_parameter
	.byte	2                               @ DW_AT_location
	.byte	145
	.byte	32
	.long	.Linfo_string691                @ DW_AT_name
	.byte	1                               @ DW_AT_decl_file
	.short	1886                            @ DW_AT_decl_line
	.long	2012                            @ DW_AT_type
	.byte	35                              @ Abbrev [35] 0x2399:0xf DW_TAG_formal_parameter
	.byte	2                               @ DW_AT_location
	.byte	145
	.byte	28
	.long	.Linfo_string689                @ DW_AT_name
	.byte	1                               @ DW_AT_decl_file
	.short	1886                            @ DW_AT_decl_line
	.long	14357                           @ DW_AT_type
	.byte	36                              @ Abbrev [36] 0x23a8:0xf DW_TAG_variable
	.byte	2                               @ DW_AT_location
	.byte	145
	.byte	24
	.long	.Linfo_string696                @ DW_AT_name
	.byte	1                               @ DW_AT_decl_file
	.short	1888                            @ DW_AT_decl_line
	.long	2012                            @ DW_AT_type
	.byte	36                              @ Abbrev [36] 0x23b7:0xf DW_TAG_variable
	.byte	2                               @ DW_AT_location
	.byte	145
	.byte	20
	.long	.Linfo_string697                @ DW_AT_name
	.byte	1                               @ DW_AT_decl_file
	.short	1889                            @ DW_AT_decl_line
	.long	2012                            @ DW_AT_type
	.byte	36                              @ Abbrev [36] 0x23c6:0xf DW_TAG_variable
	.byte	2                               @ DW_AT_location
	.byte	145
	.byte	16
	.long	.Linfo_string699                @ DW_AT_name
	.byte	1                               @ DW_AT_decl_file
	.short	1889                            @ DW_AT_decl_line
	.long	2012                            @ DW_AT_type
	.byte	36                              @ Abbrev [36] 0x23d5:0xf DW_TAG_variable
	.byte	2                               @ DW_AT_location
	.byte	145
	.byte	12
	.long	.Linfo_string698                @ DW_AT_name
	.byte	1                               @ DW_AT_decl_file
	.short	1889                            @ DW_AT_decl_line
	.long	2012                            @ DW_AT_type
	.byte	36                              @ Abbrev [36] 0x23e4:0xf DW_TAG_variable
	.byte	2                               @ DW_AT_location
	.byte	145
	.byte	8
	.long	.Linfo_string700                @ DW_AT_name
	.byte	1                               @ DW_AT_decl_file
	.short	1889                            @ DW_AT_decl_line
	.long	2012                            @ DW_AT_type
	.byte	36                              @ Abbrev [36] 0x23f3:0xf DW_TAG_variable
	.byte	2                               @ DW_AT_location
	.byte	145
	.byte	4
	.long	.Linfo_string701                @ DW_AT_name
	.byte	1                               @ DW_AT_decl_file
	.short	1890                            @ DW_AT_decl_line
	.long	2012                            @ DW_AT_type
	.byte	0                               @ End Of Children Mark
	.byte	39                              @ Abbrev [39] 0x2403:0xfa DW_TAG_subprogram
	.long	.Lfunc_begin24                  @ DW_AT_low_pc
	.long	.Lfunc_end24-.Lfunc_begin24     @ DW_AT_high_pc
	.byte	1                               @ DW_AT_frame_base
	.byte	93
	.long	.Linfo_string592                @ DW_AT_name
	.byte	1                               @ DW_AT_decl_file
	.short	1990                            @ DW_AT_decl_line
                                        @ DW_AT_prototyped
	.long	14024                           @ DW_AT_type
	.byte	35                              @ Abbrev [35] 0x2419:0x10 DW_TAG_formal_parameter
	.byte	3                               @ DW_AT_location
	.byte	145
	.asciz	"\304"
	.long	.Linfo_string654                @ DW_AT_name
	.byte	1                               @ DW_AT_decl_file
	.short	1990                            @ DW_AT_decl_line
	.long	2012                            @ DW_AT_type
	.byte	35                              @ Abbrev [35] 0x2429:0x10 DW_TAG_formal_parameter
	.byte	3                               @ DW_AT_location
	.byte	145
	.asciz	"\300"
	.long	.Linfo_string672                @ DW_AT_name
	.byte	1                               @ DW_AT_decl_file
	.short	1991                            @ DW_AT_decl_line
	.long	2012                            @ DW_AT_type
	.byte	35                              @ Abbrev [35] 0x2439:0xf DW_TAG_formal_parameter
	.byte	2                               @ DW_AT_location
	.byte	145
	.byte	60
	.long	.Linfo_string689                @ DW_AT_name
	.byte	1                               @ DW_AT_decl_file
	.short	1992                            @ DW_AT_decl_line
	.long	14357                           @ DW_AT_type
	.byte	36                              @ Abbrev [36] 0x2448:0xf DW_TAG_variable
	.byte	2                               @ DW_AT_location
	.byte	145
	.byte	56
	.long	.Linfo_string690                @ DW_AT_name
	.byte	1                               @ DW_AT_decl_file
	.short	1997                            @ DW_AT_decl_line
	.long	2012                            @ DW_AT_type
	.byte	36                              @ Abbrev [36] 0x2457:0xf DW_TAG_variable
	.byte	2                               @ DW_AT_location
	.byte	145
	.byte	52
	.long	.Linfo_string691                @ DW_AT_name
	.byte	1                               @ DW_AT_decl_file
	.short	1998                            @ DW_AT_decl_line
	.long	2012                            @ DW_AT_type
	.byte	36                              @ Abbrev [36] 0x2466:0xf DW_TAG_variable
	.byte	2                               @ DW_AT_location
	.byte	145
	.byte	48
	.long	.Linfo_string692                @ DW_AT_name
	.byte	1                               @ DW_AT_decl_file
	.short	1998                            @ DW_AT_decl_line
	.long	2012                            @ DW_AT_type
	.byte	36                              @ Abbrev [36] 0x2475:0xf DW_TAG_variable
	.byte	2                               @ DW_AT_location
	.byte	145
	.byte	44
	.long	.Linfo_string693                @ DW_AT_name
	.byte	1                               @ DW_AT_decl_file
	.short	1998                            @ DW_AT_decl_line
	.long	2012                            @ DW_AT_type
	.byte	36                              @ Abbrev [36] 0x2484:0xf DW_TAG_variable
	.byte	2                               @ DW_AT_location
	.byte	145
	.byte	40
	.long	.Linfo_string697                @ DW_AT_name
	.byte	1                               @ DW_AT_decl_file
	.short	1998                            @ DW_AT_decl_line
	.long	2012                            @ DW_AT_type
	.byte	36                              @ Abbrev [36] 0x2493:0xf DW_TAG_variable
	.byte	2                               @ DW_AT_location
	.byte	145
	.byte	36
	.long	.Linfo_string699                @ DW_AT_name
	.byte	1                               @ DW_AT_decl_file
	.short	1998                            @ DW_AT_decl_line
	.long	2012                            @ DW_AT_type
	.byte	36                              @ Abbrev [36] 0x24a2:0xf DW_TAG_variable
	.byte	2                               @ DW_AT_location
	.byte	145
	.byte	32
	.long	.Linfo_string698                @ DW_AT_name
	.byte	1                               @ DW_AT_decl_file
	.short	1998                            @ DW_AT_decl_line
	.long	2012                            @ DW_AT_type
	.byte	36                              @ Abbrev [36] 0x24b1:0xf DW_TAG_variable
	.byte	2                               @ DW_AT_location
	.byte	145
	.byte	28
	.long	.Linfo_string700                @ DW_AT_name
	.byte	1                               @ DW_AT_decl_file
	.short	1998                            @ DW_AT_decl_line
	.long	2012                            @ DW_AT_type
	.byte	36                              @ Abbrev [36] 0x24c0:0xf DW_TAG_variable
	.byte	2                               @ DW_AT_location
	.byte	145
	.byte	24
	.long	.Linfo_string701                @ DW_AT_name
	.byte	1                               @ DW_AT_decl_file
	.short	1998                            @ DW_AT_decl_line
	.long	2012                            @ DW_AT_type
	.byte	36                              @ Abbrev [36] 0x24cf:0xf DW_TAG_variable
	.byte	2                               @ DW_AT_location
	.byte	145
	.byte	20
	.long	.Linfo_string694                @ DW_AT_name
	.byte	1                               @ DW_AT_decl_file
	.short	1999                            @ DW_AT_decl_line
	.long	2012                            @ DW_AT_type
	.byte	36                              @ Abbrev [36] 0x24de:0xf DW_TAG_variable
	.byte	2                               @ DW_AT_location
	.byte	145
	.byte	8
	.long	.Linfo_string695                @ DW_AT_name
	.byte	1                               @ DW_AT_decl_file
	.short	2000                            @ DW_AT_decl_line
	.long	6867                            @ DW_AT_type
	.byte	36                              @ Abbrev [36] 0x24ed:0xf DW_TAG_variable
	.byte	2                               @ DW_AT_location
	.byte	145
	.byte	7
	.long	.Linfo_string688                @ DW_AT_name
	.byte	1                               @ DW_AT_decl_file
	.short	2001                            @ DW_AT_decl_line
	.long	14024                           @ DW_AT_type
	.byte	0                               @ End Of Children Mark
	.byte	37                              @ Abbrev [37] 0x24fd:0x9a DW_TAG_subprogram
	.long	.Lfunc_begin25                  @ DW_AT_low_pc
	.long	.Lfunc_end25-.Lfunc_begin25     @ DW_AT_high_pc
	.byte	1                               @ DW_AT_frame_base
	.byte	93
	.long	.Linfo_string593                @ DW_AT_name
	.byte	1                               @ DW_AT_decl_file
	.short	2223                            @ DW_AT_decl_line
                                        @ DW_AT_prototyped
                                        @ DW_AT_external
	.byte	35                              @ Abbrev [35] 0x250f:0xf DW_TAG_formal_parameter
	.byte	2                               @ DW_AT_location
	.byte	145
	.byte	28
	.long	.Linfo_string645                @ DW_AT_name
	.byte	1                               @ DW_AT_decl_file
	.short	2223                            @ DW_AT_decl_line
	.long	961                             @ DW_AT_type
	.byte	35                              @ Abbrev [35] 0x251e:0xf DW_TAG_formal_parameter
	.byte	2                               @ DW_AT_location
	.byte	145
	.byte	27
	.long	.Linfo_string686                @ DW_AT_name
	.byte	1                               @ DW_AT_decl_file
	.short	2223                            @ DW_AT_decl_line
	.long	2042                            @ DW_AT_type
	.byte	35                              @ Abbrev [35] 0x252d:0xf DW_TAG_formal_parameter
	.byte	2                               @ DW_AT_location
	.byte	145
	.byte	26
	.long	.Linfo_string676                @ DW_AT_name
	.byte	1                               @ DW_AT_decl_file
	.short	2223                            @ DW_AT_decl_line
	.long	14024                           @ DW_AT_type
	.byte	36                              @ Abbrev [36] 0x253c:0xf DW_TAG_variable
	.byte	2                               @ DW_AT_location
	.byte	145
	.byte	25
	.long	.Linfo_string703                @ DW_AT_name
	.byte	1                               @ DW_AT_decl_file
	.short	2231                            @ DW_AT_decl_line
	.long	2042                            @ DW_AT_type
	.byte	36                              @ Abbrev [36] 0x254b:0xf DW_TAG_variable
	.byte	2                               @ DW_AT_location
	.byte	145
	.byte	24
	.long	.Linfo_string704                @ DW_AT_name
	.byte	1                               @ DW_AT_decl_file
	.short	2232                            @ DW_AT_decl_line
	.long	2042                            @ DW_AT_type
	.byte	36                              @ Abbrev [36] 0x255a:0xf DW_TAG_variable
	.byte	2                               @ DW_AT_location
	.byte	145
	.byte	20
	.long	.Linfo_string680                @ DW_AT_name
	.byte	1                               @ DW_AT_decl_file
	.short	2233                            @ DW_AT_decl_line
	.long	2012                            @ DW_AT_type
	.byte	36                              @ Abbrev [36] 0x2569:0xf DW_TAG_variable
	.byte	2                               @ DW_AT_location
	.byte	145
	.byte	16
	.long	.Linfo_string705                @ DW_AT_name
	.byte	1                               @ DW_AT_decl_file
	.short	2235                            @ DW_AT_decl_line
	.long	6835                            @ DW_AT_type
	.byte	36                              @ Abbrev [36] 0x2578:0xf DW_TAG_variable
	.byte	2                               @ DW_AT_location
	.byte	145
	.byte	12
	.long	.Linfo_string706                @ DW_AT_name
	.byte	1                               @ DW_AT_decl_file
	.short	2236                            @ DW_AT_decl_line
	.long	2012                            @ DW_AT_type
	.byte	36                              @ Abbrev [36] 0x2587:0xf DW_TAG_variable
	.byte	2                               @ DW_AT_location
	.byte	145
	.byte	8
	.long	.Linfo_string707                @ DW_AT_name
	.byte	1                               @ DW_AT_decl_file
	.short	2239                            @ DW_AT_decl_line
	.long	2012                            @ DW_AT_type
	.byte	0                               @ End Of Children Mark
	.byte	39                              @ Abbrev [39] 0x2597:0x53 DW_TAG_subprogram
	.long	.Lfunc_begin26                  @ DW_AT_low_pc
	.long	.Lfunc_end26-.Lfunc_begin26     @ DW_AT_high_pc
	.byte	1                               @ DW_AT_frame_base
	.byte	93
	.long	.Linfo_string594                @ DW_AT_name
	.byte	1                               @ DW_AT_decl_file
	.short	1848                            @ DW_AT_decl_line
                                        @ DW_AT_prototyped
	.long	2012                            @ DW_AT_type
	.byte	35                              @ Abbrev [35] 0x25ad:0xf DW_TAG_formal_parameter
	.byte	2                               @ DW_AT_location
	.byte	145
	.byte	20
	.long	.Linfo_string645                @ DW_AT_name
	.byte	1                               @ DW_AT_decl_file
	.short	1848                            @ DW_AT_decl_line
	.long	961                             @ DW_AT_type
	.byte	35                              @ Abbrev [35] 0x25bc:0xf DW_TAG_formal_parameter
	.byte	2                               @ DW_AT_location
	.byte	145
	.byte	19
	.long	.Linfo_string686                @ DW_AT_name
	.byte	1                               @ DW_AT_decl_file
	.short	1848                            @ DW_AT_decl_line
	.long	2042                            @ DW_AT_type
	.byte	36                              @ Abbrev [36] 0x25cb:0xf DW_TAG_variable
	.byte	2                               @ DW_AT_location
	.byte	145
	.byte	12
	.long	.Linfo_string706                @ DW_AT_name
	.byte	1                               @ DW_AT_decl_file
	.short	1850                            @ DW_AT_decl_line
	.long	2012                            @ DW_AT_type
	.byte	36                              @ Abbrev [36] 0x25da:0xf DW_TAG_variable
	.byte	2                               @ DW_AT_location
	.byte	145
	.byte	8
	.long	.Linfo_string680                @ DW_AT_name
	.byte	1                               @ DW_AT_decl_file
	.short	1851                            @ DW_AT_decl_line
	.long	2012                            @ DW_AT_type
	.byte	0                               @ End Of Children Mark
	.byte	39                              @ Abbrev [39] 0x25ea:0x35 DW_TAG_subprogram
	.long	.Lfunc_begin27                  @ DW_AT_low_pc
	.long	.Lfunc_end27-.Lfunc_begin27     @ DW_AT_high_pc
	.byte	1                               @ DW_AT_frame_base
	.byte	93
	.long	.Linfo_string595                @ DW_AT_name
	.byte	1                               @ DW_AT_decl_file
	.short	645                             @ DW_AT_decl_line
                                        @ DW_AT_prototyped
	.long	2042                            @ DW_AT_type
	.byte	35                              @ Abbrev [35] 0x2600:0xf DW_TAG_formal_parameter
	.byte	2                               @ DW_AT_location
	.byte	145
	.byte	4
	.long	.Linfo_string645                @ DW_AT_name
	.byte	1                               @ DW_AT_decl_file
	.short	645                             @ DW_AT_decl_line
	.long	961                             @ DW_AT_type
	.byte	36                              @ Abbrev [36] 0x260f:0xf DW_TAG_variable
	.byte	2                               @ DW_AT_location
	.byte	145
	.byte	3
	.long	.Linfo_string708                @ DW_AT_name
	.byte	1                               @ DW_AT_decl_file
	.short	647                             @ DW_AT_decl_line
	.long	2042                            @ DW_AT_type
	.byte	0                               @ End Of Children Mark
	.byte	37                              @ Abbrev [37] 0x261f:0x5e DW_TAG_subprogram
	.long	.Lfunc_begin28                  @ DW_AT_low_pc
	.long	.Lfunc_end28-.Lfunc_begin28     @ DW_AT_high_pc
	.byte	1                               @ DW_AT_frame_base
	.byte	93
	.long	.Linfo_string596                @ DW_AT_name
	.byte	1                               @ DW_AT_decl_file
	.short	2288                            @ DW_AT_decl_line
                                        @ DW_AT_prototyped
                                        @ DW_AT_external
	.byte	35                              @ Abbrev [35] 0x2631:0xf DW_TAG_formal_parameter
	.byte	2                               @ DW_AT_location
	.byte	145
	.byte	20
	.long	.Linfo_string645                @ DW_AT_name
	.byte	1                               @ DW_AT_decl_file
	.short	2288                            @ DW_AT_decl_line
	.long	961                             @ DW_AT_type
	.byte	35                              @ Abbrev [35] 0x2640:0xf DW_TAG_formal_parameter
	.byte	2                               @ DW_AT_location
	.byte	145
	.byte	19
	.long	.Linfo_string686                @ DW_AT_name
	.byte	1                               @ DW_AT_decl_file
	.short	2288                            @ DW_AT_decl_line
	.long	2042                            @ DW_AT_type
	.byte	35                              @ Abbrev [35] 0x264f:0xf DW_TAG_formal_parameter
	.byte	2                               @ DW_AT_location
	.byte	145
	.byte	12
	.long	.Linfo_string709                @ DW_AT_name
	.byte	1                               @ DW_AT_decl_file
	.short	2288                            @ DW_AT_decl_line
	.long	14362                           @ DW_AT_type
	.byte	35                              @ Abbrev [35] 0x265e:0xf DW_TAG_formal_parameter
	.byte	2                               @ DW_AT_location
	.byte	145
	.byte	11
	.long	.Linfo_string676                @ DW_AT_name
	.byte	1                               @ DW_AT_decl_file
	.short	2288                            @ DW_AT_decl_line
	.long	14024                           @ DW_AT_type
	.byte	36                              @ Abbrev [36] 0x266d:0xf DW_TAG_variable
	.byte	2                               @ DW_AT_location
	.byte	145
	.byte	4
	.long	.Linfo_string714                @ DW_AT_name
	.byte	1                               @ DW_AT_decl_file
	.short	2297                            @ DW_AT_decl_line
	.long	2012                            @ DW_AT_type
	.byte	0                               @ End Of Children Mark
	.byte	37                              @ Abbrev [37] 0x267d:0xa9 DW_TAG_subprogram
	.long	.Lfunc_begin29                  @ DW_AT_low_pc
	.long	.Lfunc_end29-.Lfunc_begin29     @ DW_AT_high_pc
	.byte	1                               @ DW_AT_frame_base
	.byte	93
	.long	.Linfo_string597                @ DW_AT_name
	.byte	1                               @ DW_AT_decl_file
	.short	2344                            @ DW_AT_decl_line
                                        @ DW_AT_prototyped
                                        @ DW_AT_external
	.byte	35                              @ Abbrev [35] 0x268f:0xf DW_TAG_formal_parameter
	.byte	2                               @ DW_AT_location
	.byte	145
	.byte	44
	.long	.Linfo_string645                @ DW_AT_name
	.byte	1                               @ DW_AT_decl_file
	.short	2344                            @ DW_AT_decl_line
	.long	961                             @ DW_AT_type
	.byte	35                              @ Abbrev [35] 0x269e:0xf DW_TAG_formal_parameter
	.byte	2                               @ DW_AT_location
	.byte	145
	.byte	43
	.long	.Linfo_string686                @ DW_AT_name
	.byte	1                               @ DW_AT_decl_file
	.short	2344                            @ DW_AT_decl_line
	.long	2042                            @ DW_AT_type
	.byte	35                              @ Abbrev [35] 0x26ad:0xf DW_TAG_formal_parameter
	.byte	2                               @ DW_AT_location
	.byte	145
	.byte	36
	.long	.Linfo_string709                @ DW_AT_name
	.byte	1                               @ DW_AT_decl_file
	.short	2344                            @ DW_AT_decl_line
	.long	14362                           @ DW_AT_type
	.byte	35                              @ Abbrev [35] 0x26bc:0xf DW_TAG_formal_parameter
	.byte	2                               @ DW_AT_location
	.byte	145
	.byte	35
	.long	.Linfo_string676                @ DW_AT_name
	.byte	1                               @ DW_AT_decl_file
	.short	2344                            @ DW_AT_decl_line
	.long	14024                           @ DW_AT_type
	.byte	36                              @ Abbrev [36] 0x26cb:0xf DW_TAG_variable
	.byte	2                               @ DW_AT_location
	.byte	145
	.byte	28
	.long	.Linfo_string714                @ DW_AT_name
	.byte	1                               @ DW_AT_decl_file
	.short	2353                            @ DW_AT_decl_line
	.long	2012                            @ DW_AT_type
	.byte	36                              @ Abbrev [36] 0x26da:0xf DW_TAG_variable
	.byte	2                               @ DW_AT_location
	.byte	145
	.byte	27
	.long	.Linfo_string703                @ DW_AT_name
	.byte	1                               @ DW_AT_decl_file
	.short	2354                            @ DW_AT_decl_line
	.long	2042                            @ DW_AT_type
	.byte	36                              @ Abbrev [36] 0x26e9:0xf DW_TAG_variable
	.byte	2                               @ DW_AT_location
	.byte	145
	.byte	20
	.long	.Linfo_string705                @ DW_AT_name
	.byte	1                               @ DW_AT_decl_file
	.short	2355                            @ DW_AT_decl_line
	.long	6835                            @ DW_AT_type
	.byte	36                              @ Abbrev [36] 0x26f8:0xf DW_TAG_variable
	.byte	2                               @ DW_AT_location
	.byte	145
	.byte	16
	.long	.Linfo_string706                @ DW_AT_name
	.byte	1                               @ DW_AT_decl_file
	.short	2356                            @ DW_AT_decl_line
	.long	2012                            @ DW_AT_type
	.byte	36                              @ Abbrev [36] 0x2707:0xf DW_TAG_variable
	.byte	2                               @ DW_AT_location
	.byte	145
	.byte	15
	.long	.Linfo_string704                @ DW_AT_name
	.byte	1                               @ DW_AT_decl_file
	.short	2357                            @ DW_AT_decl_line
	.long	2042                            @ DW_AT_type
	.byte	36                              @ Abbrev [36] 0x2716:0xf DW_TAG_variable
	.byte	2                               @ DW_AT_location
	.byte	145
	.byte	8
	.long	.Linfo_string680                @ DW_AT_name
	.byte	1                               @ DW_AT_decl_file
	.short	2358                            @ DW_AT_decl_line
	.long	2012                            @ DW_AT_type
	.byte	0                               @ End Of Children Mark
	.byte	37                              @ Abbrev [37] 0x2726:0xa9 DW_TAG_subprogram
	.long	.Lfunc_begin30                  @ DW_AT_low_pc
	.long	.Lfunc_end30-.Lfunc_begin30     @ DW_AT_high_pc
	.byte	1                               @ DW_AT_frame_base
	.byte	93
	.long	.Linfo_string598                @ DW_AT_name
	.byte	1                               @ DW_AT_decl_file
	.short	2410                            @ DW_AT_decl_line
                                        @ DW_AT_prototyped
                                        @ DW_AT_external
	.byte	35                              @ Abbrev [35] 0x2738:0xf DW_TAG_formal_parameter
	.byte	2                               @ DW_AT_location
	.byte	145
	.byte	44
	.long	.Linfo_string645                @ DW_AT_name
	.byte	1                               @ DW_AT_decl_file
	.short	2410                            @ DW_AT_decl_line
	.long	961                             @ DW_AT_type
	.byte	35                              @ Abbrev [35] 0x2747:0xf DW_TAG_formal_parameter
	.byte	2                               @ DW_AT_location
	.byte	145
	.byte	40
	.long	.Linfo_string715                @ DW_AT_name
	.byte	1                               @ DW_AT_decl_file
	.short	2410                            @ DW_AT_decl_line
	.long	14457                           @ DW_AT_type
	.byte	35                              @ Abbrev [35] 0x2756:0xf DW_TAG_formal_parameter
	.byte	2                               @ DW_AT_location
	.byte	145
	.byte	39
	.long	.Linfo_string676                @ DW_AT_name
	.byte	1                               @ DW_AT_decl_file
	.short	2410                            @ DW_AT_decl_line
	.long	14024                           @ DW_AT_type
	.byte	36                              @ Abbrev [36] 0x2765:0xf DW_TAG_variable
	.byte	2                               @ DW_AT_location
	.byte	145
	.byte	32
	.long	.Linfo_string705                @ DW_AT_name
	.byte	1                               @ DW_AT_decl_file
	.short	2415                            @ DW_AT_decl_line
	.long	6835                            @ DW_AT_type
	.byte	36                              @ Abbrev [36] 0x2774:0xf DW_TAG_variable
	.byte	2                               @ DW_AT_location
	.byte	145
	.byte	31
	.long	.Linfo_string677                @ DW_AT_name
	.byte	1                               @ DW_AT_decl_file
	.short	2416                            @ DW_AT_decl_line
	.long	2042                            @ DW_AT_type
	.byte	36                              @ Abbrev [36] 0x2783:0xf DW_TAG_variable
	.byte	2                               @ DW_AT_location
	.byte	145
	.byte	30
	.long	.Linfo_string724                @ DW_AT_name
	.byte	1                               @ DW_AT_decl_file
	.short	2416                            @ DW_AT_decl_line
	.long	2042                            @ DW_AT_type
	.byte	36                              @ Abbrev [36] 0x2792:0xf DW_TAG_variable
	.byte	2                               @ DW_AT_location
	.byte	145
	.byte	29
	.long	.Linfo_string725                @ DW_AT_name
	.byte	1                               @ DW_AT_decl_file
	.short	2416                            @ DW_AT_decl_line
	.long	2042                            @ DW_AT_type
	.byte	36                              @ Abbrev [36] 0x27a1:0xf DW_TAG_variable
	.byte	2                               @ DW_AT_location
	.byte	145
	.byte	28
	.long	.Linfo_string726                @ DW_AT_name
	.byte	1                               @ DW_AT_decl_file
	.short	2416                            @ DW_AT_decl_line
	.long	2042                            @ DW_AT_type
	.byte	36                              @ Abbrev [36] 0x27b0:0xf DW_TAG_variable
	.byte	2                               @ DW_AT_location
	.byte	145
	.byte	27
	.long	.Linfo_string727                @ DW_AT_name
	.byte	1                               @ DW_AT_decl_file
	.short	2416                            @ DW_AT_decl_line
	.long	2042                            @ DW_AT_type
	.byte	36                              @ Abbrev [36] 0x27bf:0xf DW_TAG_variable
	.byte	2                               @ DW_AT_location
	.byte	145
	.byte	20
	.long	.Linfo_string728                @ DW_AT_name
	.byte	1                               @ DW_AT_decl_file
	.short	2417                            @ DW_AT_decl_line
	.long	2012                            @ DW_AT_type
	.byte	0                               @ End Of Children Mark
	.byte	37                              @ Abbrev [37] 0x27cf:0x31 DW_TAG_subprogram
	.long	.Lfunc_begin31                  @ DW_AT_low_pc
	.long	.Lfunc_end31-.Lfunc_begin31     @ DW_AT_high_pc
	.byte	1                               @ DW_AT_frame_base
	.byte	93
	.long	.Linfo_string599                @ DW_AT_name
	.byte	1                               @ DW_AT_decl_file
	.short	2602                            @ DW_AT_decl_line
                                        @ DW_AT_prototyped
                                        @ DW_AT_external
	.byte	35                              @ Abbrev [35] 0x27e1:0xf DW_TAG_formal_parameter
	.byte	2                               @ DW_AT_location
	.byte	145
	.byte	4
	.long	.Linfo_string645                @ DW_AT_name
	.byte	1                               @ DW_AT_decl_file
	.short	2602                            @ DW_AT_decl_line
	.long	961                             @ DW_AT_type
	.byte	35                              @ Abbrev [35] 0x27f0:0xf DW_TAG_formal_parameter
	.byte	2                               @ DW_AT_location
	.byte	145
	.byte	3
	.long	.Linfo_string676                @ DW_AT_name
	.byte	1                               @ DW_AT_decl_file
	.short	2602                            @ DW_AT_decl_line
	.long	14024                           @ DW_AT_type
	.byte	0                               @ End Of Children Mark
	.byte	34                              @ Abbrev [34] 0x2800:0x62 DW_TAG_subprogram
	.long	.Lfunc_begin32                  @ DW_AT_low_pc
	.long	.Lfunc_end32-.Lfunc_begin32     @ DW_AT_high_pc
	.byte	1                               @ DW_AT_frame_base
	.byte	93
	.long	.Linfo_string600                @ DW_AT_name
	.byte	1                               @ DW_AT_decl_file
	.short	2775                            @ DW_AT_decl_line
                                        @ DW_AT_prototyped
	.long	2283                            @ DW_AT_type
                                        @ DW_AT_external
	.byte	35                              @ Abbrev [35] 0x2816:0xf DW_TAG_formal_parameter
	.byte	2                               @ DW_AT_location
	.byte	145
	.byte	28
	.long	.Linfo_string645                @ DW_AT_name
	.byte	1                               @ DW_AT_decl_file
	.short	2775                            @ DW_AT_decl_line
	.long	961                             @ DW_AT_type
	.byte	35                              @ Abbrev [35] 0x2825:0xf DW_TAG_formal_parameter
	.byte	2                               @ DW_AT_location
	.byte	145
	.byte	27
	.long	.Linfo_string686                @ DW_AT_name
	.byte	1                               @ DW_AT_decl_file
	.short	2775                            @ DW_AT_decl_line
	.long	2042                            @ DW_AT_type
	.byte	35                              @ Abbrev [35] 0x2834:0xf DW_TAG_formal_parameter
	.byte	2                               @ DW_AT_location
	.byte	145
	.byte	20
	.long	.Linfo_string729                @ DW_AT_name
	.byte	1                               @ DW_AT_decl_file
	.short	2775                            @ DW_AT_decl_line
	.long	6804                            @ DW_AT_type
	.byte	36                              @ Abbrev [36] 0x2843:0xf DW_TAG_variable
	.byte	2                               @ DW_AT_location
	.byte	145
	.byte	16
	.long	.Linfo_string714                @ DW_AT_name
	.byte	1                               @ DW_AT_decl_file
	.short	2785                            @ DW_AT_decl_line
	.long	2012                            @ DW_AT_type
	.byte	36                              @ Abbrev [36] 0x2852:0xf DW_TAG_variable
	.byte	2                               @ DW_AT_location
	.byte	145
	.byte	12
	.long	.Linfo_string730                @ DW_AT_name
	.byte	1                               @ DW_AT_decl_file
	.short	2786                            @ DW_AT_decl_line
	.long	2283                            @ DW_AT_type
	.byte	0                               @ End Of Children Mark
	.byte	38                              @ Abbrev [38] 0x2862:0x6d DW_TAG_subprogram
	.long	.Lfunc_begin33                  @ DW_AT_low_pc
	.long	.Lfunc_end33-.Lfunc_begin33     @ DW_AT_high_pc
	.byte	1                               @ DW_AT_frame_base
	.byte	93
	.long	.Linfo_string601                @ DW_AT_name
	.byte	1                               @ DW_AT_decl_file
	.short	2710                            @ DW_AT_decl_line
                                        @ DW_AT_prototyped
	.byte	35                              @ Abbrev [35] 0x2874:0xf DW_TAG_formal_parameter
	.byte	2                               @ DW_AT_location
	.byte	145
	.byte	28
	.long	.Linfo_string645                @ DW_AT_name
	.byte	1                               @ DW_AT_decl_file
	.short	2710                            @ DW_AT_decl_line
	.long	961                             @ DW_AT_type
	.byte	35                              @ Abbrev [35] 0x2883:0xf DW_TAG_formal_parameter
	.byte	2                               @ DW_AT_location
	.byte	145
	.byte	24
	.long	.Linfo_string731                @ DW_AT_name
	.byte	1                               @ DW_AT_decl_file
	.short	2710                            @ DW_AT_decl_line
	.long	6835                            @ DW_AT_type
	.byte	36                              @ Abbrev [36] 0x2892:0xf DW_TAG_variable
	.byte	2                               @ DW_AT_location
	.byte	145
	.byte	20
	.long	.Linfo_string732                @ DW_AT_name
	.byte	1                               @ DW_AT_decl_file
	.short	2712                            @ DW_AT_decl_line
	.long	2012                            @ DW_AT_type
	.byte	36                              @ Abbrev [36] 0x28a1:0xf DW_TAG_variable
	.byte	2                               @ DW_AT_location
	.byte	145
	.byte	16
	.long	.Linfo_string733                @ DW_AT_name
	.byte	1                               @ DW_AT_decl_file
	.short	2713                            @ DW_AT_decl_line
	.long	2012                            @ DW_AT_type
	.byte	36                              @ Abbrev [36] 0x28b0:0xf DW_TAG_variable
	.byte	2                               @ DW_AT_location
	.byte	145
	.byte	12
	.long	.Linfo_string734                @ DW_AT_name
	.byte	1                               @ DW_AT_decl_file
	.short	2714                            @ DW_AT_decl_line
	.long	2012                            @ DW_AT_type
	.byte	36                              @ Abbrev [36] 0x28bf:0xf DW_TAG_variable
	.byte	2                               @ DW_AT_location
	.byte	145
	.byte	8
	.long	.Linfo_string735                @ DW_AT_name
	.byte	1                               @ DW_AT_decl_file
	.short	2716                            @ DW_AT_decl_line
	.long	2012                            @ DW_AT_type
	.byte	0                               @ End Of Children Mark
	.byte	34                              @ Abbrev [34] 0x28cf:0xcb DW_TAG_subprogram
	.long	.Lfunc_begin34                  @ DW_AT_low_pc
	.long	.Lfunc_end34-.Lfunc_begin34     @ DW_AT_high_pc
	.byte	1                               @ DW_AT_frame_base
	.byte	93
	.long	.Linfo_string602                @ DW_AT_name
	.byte	1                               @ DW_AT_decl_file
	.short	2852                            @ DW_AT_decl_line
                                        @ DW_AT_prototyped
	.long	2283                            @ DW_AT_type
                                        @ DW_AT_external
	.byte	35                              @ Abbrev [35] 0x28e5:0xf DW_TAG_formal_parameter
	.byte	2                               @ DW_AT_location
	.byte	145
	.byte	52
	.long	.Linfo_string645                @ DW_AT_name
	.byte	1                               @ DW_AT_decl_file
	.short	2852                            @ DW_AT_decl_line
	.long	961                             @ DW_AT_type
	.byte	35                              @ Abbrev [35] 0x28f4:0xf DW_TAG_formal_parameter
	.byte	2                               @ DW_AT_location
	.byte	145
	.byte	51
	.long	.Linfo_string686                @ DW_AT_name
	.byte	1                               @ DW_AT_decl_file
	.short	2852                            @ DW_AT_decl_line
	.long	2042                            @ DW_AT_type
	.byte	35                              @ Abbrev [35] 0x2903:0xf DW_TAG_formal_parameter
	.byte	2                               @ DW_AT_location
	.byte	145
	.byte	44
	.long	.Linfo_string729                @ DW_AT_name
	.byte	1                               @ DW_AT_decl_file
	.short	2852                            @ DW_AT_decl_line
	.long	6825                            @ DW_AT_type
	.byte	36                              @ Abbrev [36] 0x2912:0xf DW_TAG_variable
	.byte	2                               @ DW_AT_location
	.byte	145
	.byte	40
	.long	.Linfo_string730                @ DW_AT_name
	.byte	1                               @ DW_AT_decl_file
	.short	2861                            @ DW_AT_decl_line
	.long	2283                            @ DW_AT_type
	.byte	36                              @ Abbrev [36] 0x2921:0xf DW_TAG_variable
	.byte	2                               @ DW_AT_location
	.byte	145
	.byte	36
	.long	.Linfo_string714                @ DW_AT_name
	.byte	1                               @ DW_AT_decl_file
	.short	2862                            @ DW_AT_decl_line
	.long	2012                            @ DW_AT_type
	.byte	36                              @ Abbrev [36] 0x2930:0xf DW_TAG_variable
	.byte	2                               @ DW_AT_location
	.byte	145
	.byte	35
	.long	.Linfo_string703                @ DW_AT_name
	.byte	1                               @ DW_AT_decl_file
	.short	2863                            @ DW_AT_decl_line
	.long	2042                            @ DW_AT_type
	.byte	36                              @ Abbrev [36] 0x293f:0xf DW_TAG_variable
	.byte	2                               @ DW_AT_location
	.byte	145
	.byte	28
	.long	.Linfo_string736                @ DW_AT_name
	.byte	1                               @ DW_AT_decl_file
	.short	2864                            @ DW_AT_decl_line
	.long	2012                            @ DW_AT_type
	.byte	36                              @ Abbrev [36] 0x294e:0xf DW_TAG_variable
	.byte	2                               @ DW_AT_location
	.byte	145
	.byte	27
	.long	.Linfo_string704                @ DW_AT_name
	.byte	1                               @ DW_AT_decl_file
	.short	2865                            @ DW_AT_decl_line
	.long	2042                            @ DW_AT_type
	.byte	36                              @ Abbrev [36] 0x295d:0xf DW_TAG_variable
	.byte	2                               @ DW_AT_location
	.byte	145
	.byte	20
	.long	.Linfo_string680                @ DW_AT_name
	.byte	1                               @ DW_AT_decl_file
	.short	2866                            @ DW_AT_decl_line
	.long	2012                            @ DW_AT_type
	.byte	36                              @ Abbrev [36] 0x296c:0xf DW_TAG_variable
	.byte	2                               @ DW_AT_location
	.byte	145
	.byte	16
	.long	.Linfo_string707                @ DW_AT_name
	.byte	1                               @ DW_AT_decl_file
	.short	2869                            @ DW_AT_decl_line
	.long	2012                            @ DW_AT_type
	.byte	36                              @ Abbrev [36] 0x297b:0xf DW_TAG_variable
	.byte	2                               @ DW_AT_location
	.byte	145
	.byte	12
	.long	.Linfo_string705                @ DW_AT_name
	.byte	1                               @ DW_AT_decl_file
	.short	2871                            @ DW_AT_decl_line
	.long	6835                            @ DW_AT_type
	.byte	36                              @ Abbrev [36] 0x298a:0xf DW_TAG_variable
	.byte	2                               @ DW_AT_location
	.byte	145
	.byte	8
	.long	.Linfo_string706                @ DW_AT_name
	.byte	1                               @ DW_AT_decl_file
	.short	2872                            @ DW_AT_decl_line
	.long	2012                            @ DW_AT_type
	.byte	0                               @ End Of Children Mark
	.byte	34                              @ Abbrev [34] 0x299a:0x71 DW_TAG_subprogram
	.long	.Lfunc_begin35                  @ DW_AT_low_pc
	.long	.Lfunc_end35-.Lfunc_begin35     @ DW_AT_high_pc
	.byte	1                               @ DW_AT_frame_base
	.byte	93
	.long	.Linfo_string603                @ DW_AT_name
	.byte	1                               @ DW_AT_decl_file
	.short	2947                            @ DW_AT_decl_line
                                        @ DW_AT_prototyped
	.long	2283                            @ DW_AT_type
                                        @ DW_AT_external
	.byte	35                              @ Abbrev [35] 0x29b0:0xf DW_TAG_formal_parameter
	.byte	2                               @ DW_AT_location
	.byte	145
	.byte	20
	.long	.Linfo_string645                @ DW_AT_name
	.byte	1                               @ DW_AT_decl_file
	.short	2947                            @ DW_AT_decl_line
	.long	961                             @ DW_AT_type
	.byte	35                              @ Abbrev [35] 0x29bf:0xf DW_TAG_formal_parameter
	.byte	2                               @ DW_AT_location
	.byte	145
	.byte	19
	.long	.Linfo_string686                @ DW_AT_name
	.byte	1                               @ DW_AT_decl_file
	.short	2947                            @ DW_AT_decl_line
	.long	2042                            @ DW_AT_type
	.byte	35                              @ Abbrev [35] 0x29ce:0xf DW_TAG_formal_parameter
	.byte	2                               @ DW_AT_location
	.byte	145
	.byte	12
	.long	.Linfo_string737                @ DW_AT_name
	.byte	1                               @ DW_AT_decl_file
	.short	2947                            @ DW_AT_decl_line
	.long	2330                            @ DW_AT_type
	.byte	36                              @ Abbrev [36] 0x29dd:0xf DW_TAG_variable
	.byte	2                               @ DW_AT_location
	.byte	145
	.byte	8
	.long	.Linfo_string714                @ DW_AT_name
	.byte	1                               @ DW_AT_decl_file
	.short	2956                            @ DW_AT_decl_line
	.long	2012                            @ DW_AT_type
	.byte	36                              @ Abbrev [36] 0x29ec:0xf DW_TAG_variable
	.byte	2                               @ DW_AT_location
	.byte	145
	.byte	4
	.long	.Linfo_string738                @ DW_AT_name
	.byte	1                               @ DW_AT_decl_file
	.short	2957                            @ DW_AT_decl_line
	.long	2012                            @ DW_AT_type
	.byte	36                              @ Abbrev [36] 0x29fb:0xf DW_TAG_variable
	.byte	2                               @ DW_AT_location
	.byte	145
	.byte	0
	.long	.Linfo_string730                @ DW_AT_name
	.byte	1                               @ DW_AT_decl_file
	.short	2958                            @ DW_AT_decl_line
	.long	2283                            @ DW_AT_type
	.byte	0                               @ End Of Children Mark
	.byte	34                              @ Abbrev [34] 0x2a0b:0xcb DW_TAG_subprogram
	.long	.Lfunc_begin36                  @ DW_AT_low_pc
	.long	.Lfunc_end36-.Lfunc_begin36     @ DW_AT_high_pc
	.byte	1                               @ DW_AT_frame_base
	.byte	93
	.long	.Linfo_string604                @ DW_AT_name
	.byte	1                               @ DW_AT_decl_file
	.short	3028                            @ DW_AT_decl_line
                                        @ DW_AT_prototyped
	.long	2283                            @ DW_AT_type
                                        @ DW_AT_external
	.byte	35                              @ Abbrev [35] 0x2a21:0xf DW_TAG_formal_parameter
	.byte	2                               @ DW_AT_location
	.byte	145
	.byte	44
	.long	.Linfo_string645                @ DW_AT_name
	.byte	1                               @ DW_AT_decl_file
	.short	3028                            @ DW_AT_decl_line
	.long	961                             @ DW_AT_type
	.byte	35                              @ Abbrev [35] 0x2a30:0xf DW_TAG_formal_parameter
	.byte	2                               @ DW_AT_location
	.byte	145
	.byte	43
	.long	.Linfo_string686                @ DW_AT_name
	.byte	1                               @ DW_AT_decl_file
	.short	3028                            @ DW_AT_decl_line
	.long	2042                            @ DW_AT_type
	.byte	35                              @ Abbrev [35] 0x2a3f:0xf DW_TAG_formal_parameter
	.byte	2                               @ DW_AT_location
	.byte	145
	.byte	36
	.long	.Linfo_string737                @ DW_AT_name
	.byte	1                               @ DW_AT_decl_file
	.short	3028                            @ DW_AT_decl_line
	.long	2675                            @ DW_AT_type
	.byte	36                              @ Abbrev [36] 0x2a4e:0xf DW_TAG_variable
	.byte	2                               @ DW_AT_location
	.byte	145
	.byte	32
	.long	.Linfo_string730                @ DW_AT_name
	.byte	1                               @ DW_AT_decl_file
	.short	3037                            @ DW_AT_decl_line
	.long	2283                            @ DW_AT_type
	.byte	36                              @ Abbrev [36] 0x2a5d:0xf DW_TAG_variable
	.byte	2                               @ DW_AT_location
	.byte	145
	.byte	28
	.long	.Linfo_string714                @ DW_AT_name
	.byte	1                               @ DW_AT_decl_file
	.short	3038                            @ DW_AT_decl_line
	.long	2012                            @ DW_AT_type
	.byte	36                              @ Abbrev [36] 0x2a6c:0xf DW_TAG_variable
	.byte	2                               @ DW_AT_location
	.byte	145
	.byte	27
	.long	.Linfo_string738                @ DW_AT_name
	.byte	1                               @ DW_AT_decl_file
	.short	3039                            @ DW_AT_decl_line
	.long	2042                            @ DW_AT_type
	.byte	36                              @ Abbrev [36] 0x2a7b:0xf DW_TAG_variable
	.byte	2                               @ DW_AT_location
	.byte	145
	.byte	26
	.long	.Linfo_string703                @ DW_AT_name
	.byte	1                               @ DW_AT_decl_file
	.short	3040                            @ DW_AT_decl_line
	.long	2042                            @ DW_AT_type
	.byte	36                              @ Abbrev [36] 0x2a8a:0xf DW_TAG_variable
	.byte	2                               @ DW_AT_location
	.byte	145
	.byte	20
	.long	.Linfo_string739                @ DW_AT_name
	.byte	1                               @ DW_AT_decl_file
	.short	3041                            @ DW_AT_decl_line
	.long	2012                            @ DW_AT_type
	.byte	36                              @ Abbrev [36] 0x2a99:0xf DW_TAG_variable
	.byte	2                               @ DW_AT_location
	.byte	145
	.byte	16
	.long	.Linfo_string680                @ DW_AT_name
	.byte	1                               @ DW_AT_decl_file
	.short	3042                            @ DW_AT_decl_line
	.long	2012                            @ DW_AT_type
	.byte	36                              @ Abbrev [36] 0x2aa8:0xf DW_TAG_variable
	.byte	2                               @ DW_AT_location
	.byte	145
	.byte	15
	.long	.Linfo_string704                @ DW_AT_name
	.byte	1                               @ DW_AT_decl_file
	.short	3044                            @ DW_AT_decl_line
	.long	2042                            @ DW_AT_type
	.byte	36                              @ Abbrev [36] 0x2ab7:0xf DW_TAG_variable
	.byte	2                               @ DW_AT_location
	.byte	145
	.byte	8
	.long	.Linfo_string705                @ DW_AT_name
	.byte	1                               @ DW_AT_decl_file
	.short	3045                            @ DW_AT_decl_line
	.long	6835                            @ DW_AT_type
	.byte	36                              @ Abbrev [36] 0x2ac6:0xf DW_TAG_variable
	.byte	2                               @ DW_AT_location
	.byte	145
	.byte	4
	.long	.Linfo_string706                @ DW_AT_name
	.byte	1                               @ DW_AT_decl_file
	.short	3046                            @ DW_AT_decl_line
	.long	2012                            @ DW_AT_type
	.byte	0                               @ End Of Children Mark
	.byte	34                              @ Abbrev [34] 0x2ad6:0x53 DW_TAG_subprogram
	.long	.Lfunc_begin37                  @ DW_AT_low_pc
	.long	.Lfunc_end37-.Lfunc_begin37     @ DW_AT_high_pc
	.byte	1                               @ DW_AT_frame_base
	.byte	93
	.long	.Linfo_string605                @ DW_AT_name
	.byte	1                               @ DW_AT_decl_file
	.short	3122                            @ DW_AT_decl_line
                                        @ DW_AT_prototyped
	.long	2283                            @ DW_AT_type
                                        @ DW_AT_external
	.byte	35                              @ Abbrev [35] 0x2aec:0xf DW_TAG_formal_parameter
	.byte	2                               @ DW_AT_location
	.byte	145
	.byte	12
	.long	.Linfo_string645                @ DW_AT_name
	.byte	1                               @ DW_AT_decl_file
	.short	3122                            @ DW_AT_decl_line
	.long	961                             @ DW_AT_type
	.byte	35                              @ Abbrev [35] 0x2afb:0xf DW_TAG_formal_parameter
	.byte	2                               @ DW_AT_location
	.byte	145
	.byte	8
	.long	.Linfo_string737                @ DW_AT_name
	.byte	1                               @ DW_AT_decl_file
	.short	3122                            @ DW_AT_decl_line
	.long	2330                            @ DW_AT_type
	.byte	36                              @ Abbrev [36] 0x2b0a:0xf DW_TAG_variable
	.byte	2                               @ DW_AT_location
	.byte	145
	.byte	4
	.long	.Linfo_string714                @ DW_AT_name
	.byte	1                               @ DW_AT_decl_file
	.short	3127                            @ DW_AT_decl_line
	.long	2012                            @ DW_AT_type
	.byte	36                              @ Abbrev [36] 0x2b19:0xf DW_TAG_variable
	.byte	2                               @ DW_AT_location
	.byte	145
	.byte	0
	.long	.Linfo_string730                @ DW_AT_name
	.byte	1                               @ DW_AT_decl_file
	.short	3128                            @ DW_AT_decl_line
	.long	2283                            @ DW_AT_type
	.byte	0                               @ End Of Children Mark
	.byte	34                              @ Abbrev [34] 0x2b29:0x6c DW_TAG_subprogram
	.long	.Lfunc_begin38                  @ DW_AT_low_pc
	.long	.Lfunc_end38-.Lfunc_begin38     @ DW_AT_high_pc
	.byte	1                               @ DW_AT_frame_base
	.byte	93
	.long	.Linfo_string606                @ DW_AT_name
	.byte	1                               @ DW_AT_decl_file
	.short	3232                            @ DW_AT_decl_line
                                        @ DW_AT_prototyped
	.long	2283                            @ DW_AT_type
                                        @ DW_AT_external
	.byte	35                              @ Abbrev [35] 0x2b3f:0xf DW_TAG_formal_parameter
	.byte	2                               @ DW_AT_location
	.byte	145
	.byte	20
	.long	.Linfo_string645                @ DW_AT_name
	.byte	1                               @ DW_AT_decl_file
	.short	3232                            @ DW_AT_decl_line
	.long	961                             @ DW_AT_type
	.byte	35                              @ Abbrev [35] 0x2b4e:0xf DW_TAG_formal_parameter
	.byte	2                               @ DW_AT_location
	.byte	145
	.byte	19
	.long	.Linfo_string686                @ DW_AT_name
	.byte	1                               @ DW_AT_decl_file
	.short	3232                            @ DW_AT_decl_line
	.long	2042                            @ DW_AT_type
	.byte	35                              @ Abbrev [35] 0x2b5d:0xf DW_TAG_formal_parameter
	.byte	2                               @ DW_AT_location
	.byte	145
	.byte	12
	.long	.Linfo_string729                @ DW_AT_name
	.byte	1                               @ DW_AT_decl_file
	.short	3232                            @ DW_AT_decl_line
	.long	2330                            @ DW_AT_type
	.byte	36                              @ Abbrev [36] 0x2b6c:0xf DW_TAG_variable
	.byte	2                               @ DW_AT_location
	.byte	145
	.byte	8
	.long	.Linfo_string730                @ DW_AT_name
	.byte	1                               @ DW_AT_decl_file
	.short	3234                            @ DW_AT_decl_line
	.long	2283                            @ DW_AT_type
	.byte	40                              @ Abbrev [40] 0x2b7b:0x19 DW_TAG_lexical_block
	.long	.Ltmp522                        @ DW_AT_low_pc
	.long	.Ltmp523-.Ltmp522               @ DW_AT_high_pc
	.byte	36                              @ Abbrev [36] 0x2b84:0xf DW_TAG_variable
	.byte	2                               @ DW_AT_location
	.byte	145
	.byte	0
	.long	.Linfo_string740                @ DW_AT_name
	.byte	1                               @ DW_AT_decl_file
	.short	3241                            @ DW_AT_decl_line
	.long	7019                            @ DW_AT_type
	.byte	0                               @ End Of Children Mark
	.byte	0                               @ End Of Children Mark
	.byte	39                              @ Abbrev [39] 0x2b95:0x44 DW_TAG_subprogram
	.long	.Lfunc_begin39                  @ DW_AT_low_pc
	.long	.Lfunc_end39-.Lfunc_begin39     @ DW_AT_high_pc
	.byte	1                               @ DW_AT_frame_base
	.byte	93
	.long	.Linfo_string607                @ DW_AT_name
	.byte	5                               @ DW_AT_decl_file
	.short	1480                            @ DW_AT_decl_line
                                        @ DW_AT_prototyped
	.long	7019                            @ DW_AT_type
	.byte	35                              @ Abbrev [35] 0x2bab:0xf DW_TAG_formal_parameter
	.byte	2                               @ DW_AT_location
	.byte	145
	.byte	20
	.long	.Linfo_string645                @ DW_AT_name
	.byte	5                               @ DW_AT_decl_file
	.short	1480                            @ DW_AT_decl_line
	.long	961                             @ DW_AT_type
	.byte	35                              @ Abbrev [35] 0x2bba:0xf DW_TAG_formal_parameter
	.byte	2                               @ DW_AT_location
	.byte	145
	.byte	8
	.long	.Linfo_string684                @ DW_AT_name
	.byte	5                               @ DW_AT_decl_file
	.short	1480                            @ DW_AT_decl_line
	.long	7019                            @ DW_AT_type
	.byte	36                              @ Abbrev [36] 0x2bc9:0xf DW_TAG_variable
	.byte	2                               @ DW_AT_location
	.byte	145
	.byte	0
	.long	.Linfo_string741                @ DW_AT_name
	.byte	5                               @ DW_AT_decl_file
	.short	1486                            @ DW_AT_decl_line
	.long	7019                            @ DW_AT_type
	.byte	0                               @ End Of Children Mark
	.byte	38                              @ Abbrev [38] 0x2bd9:0x31 DW_TAG_subprogram
	.long	.Lfunc_begin40                  @ DW_AT_low_pc
	.long	.Lfunc_end40-.Lfunc_begin40     @ DW_AT_high_pc
	.byte	1                               @ DW_AT_frame_base
	.byte	93
	.long	.Linfo_string608                @ DW_AT_name
	.byte	5                               @ DW_AT_decl_file
	.short	1502                            @ DW_AT_decl_line
                                        @ DW_AT_prototyped
	.byte	35                              @ Abbrev [35] 0x2beb:0xf DW_TAG_formal_parameter
	.byte	2                               @ DW_AT_location
	.byte	145
	.byte	12
	.long	.Linfo_string645                @ DW_AT_name
	.byte	5                               @ DW_AT_decl_file
	.short	1502                            @ DW_AT_decl_line
	.long	961                             @ DW_AT_type
	.byte	35                              @ Abbrev [35] 0x2bfa:0xf DW_TAG_formal_parameter
	.byte	2                               @ DW_AT_location
	.byte	145
	.byte	0
	.long	.Linfo_string684                @ DW_AT_name
	.byte	5                               @ DW_AT_decl_file
	.short	1502                            @ DW_AT_decl_line
	.long	7019                            @ DW_AT_type
	.byte	0                               @ End Of Children Mark
	.byte	34                              @ Abbrev [34] 0x2c0a:0x53 DW_TAG_subprogram
	.long	.Lfunc_begin41                  @ DW_AT_low_pc
	.long	.Lfunc_end41-.Lfunc_begin41     @ DW_AT_high_pc
	.byte	1                               @ DW_AT_frame_base
	.byte	93
	.long	.Linfo_string609                @ DW_AT_name
	.byte	1                               @ DW_AT_decl_file
	.short	3281                            @ DW_AT_decl_line
                                        @ DW_AT_prototyped
	.long	2283                            @ DW_AT_type
                                        @ DW_AT_external
	.byte	35                              @ Abbrev [35] 0x2c20:0xf DW_TAG_formal_parameter
	.byte	2                               @ DW_AT_location
	.byte	145
	.byte	20
	.long	.Linfo_string645                @ DW_AT_name
	.byte	1                               @ DW_AT_decl_file
	.short	3281                            @ DW_AT_decl_line
	.long	961                             @ DW_AT_type
	.byte	35                              @ Abbrev [35] 0x2c2f:0xf DW_TAG_formal_parameter
	.byte	2                               @ DW_AT_location
	.byte	145
	.byte	19
	.long	.Linfo_string686                @ DW_AT_name
	.byte	1                               @ DW_AT_decl_file
	.short	3281                            @ DW_AT_decl_line
	.long	2042                            @ DW_AT_type
	.byte	35                              @ Abbrev [35] 0x2c3e:0xf DW_TAG_formal_parameter
	.byte	2                               @ DW_AT_location
	.byte	145
	.byte	12
	.long	.Linfo_string737                @ DW_AT_name
	.byte	1                               @ DW_AT_decl_file
	.short	3281                            @ DW_AT_decl_line
	.long	2330                            @ DW_AT_type
	.byte	36                              @ Abbrev [36] 0x2c4d:0xf DW_TAG_variable
	.byte	2                               @ DW_AT_location
	.byte	145
	.byte	0
	.long	.Linfo_string740                @ DW_AT_name
	.byte	1                               @ DW_AT_decl_file
	.short	3285                            @ DW_AT_decl_line
	.long	7019                            @ DW_AT_type
	.byte	0                               @ End Of Children Mark
	.byte	34                              @ Abbrev [34] 0x2c5d:0x8a DW_TAG_subprogram
	.long	.Lfunc_begin42                  @ DW_AT_low_pc
	.long	.Lfunc_end42-.Lfunc_begin42     @ DW_AT_high_pc
	.byte	1                               @ DW_AT_frame_base
	.byte	93
	.long	.Linfo_string610                @ DW_AT_name
	.byte	1                               @ DW_AT_decl_file
	.short	3317                            @ DW_AT_decl_line
                                        @ DW_AT_prototyped
	.long	2283                            @ DW_AT_type
                                        @ DW_AT_external
	.byte	35                              @ Abbrev [35] 0x2c73:0xf DW_TAG_formal_parameter
	.byte	2                               @ DW_AT_location
	.byte	145
	.byte	28
	.long	.Linfo_string645                @ DW_AT_name
	.byte	1                               @ DW_AT_decl_file
	.short	3317                            @ DW_AT_decl_line
	.long	961                             @ DW_AT_type
	.byte	35                              @ Abbrev [35] 0x2c82:0xf DW_TAG_formal_parameter
	.byte	2                               @ DW_AT_location
	.byte	145
	.byte	27
	.long	.Linfo_string686                @ DW_AT_name
	.byte	1                               @ DW_AT_decl_file
	.short	3317                            @ DW_AT_decl_line
	.long	2042                            @ DW_AT_type
	.byte	35                              @ Abbrev [35] 0x2c91:0xf DW_TAG_formal_parameter
	.byte	2                               @ DW_AT_location
	.byte	145
	.byte	20
	.long	.Linfo_string729                @ DW_AT_name
	.byte	1                               @ DW_AT_decl_file
	.short	3317                            @ DW_AT_decl_line
	.long	2675                            @ DW_AT_type
	.byte	36                              @ Abbrev [36] 0x2ca0:0xf DW_TAG_variable
	.byte	2                               @ DW_AT_location
	.byte	145
	.byte	16
	.long	.Linfo_string730                @ DW_AT_name
	.byte	1                               @ DW_AT_decl_file
	.short	3319                            @ DW_AT_decl_line
	.long	2283                            @ DW_AT_type
	.byte	40                              @ Abbrev [40] 0x2caf:0x37 DW_TAG_lexical_block
	.long	.Ltmp535                        @ DW_AT_low_pc
	.long	.Ltmp536-.Ltmp535               @ DW_AT_high_pc
	.byte	36                              @ Abbrev [36] 0x2cb8:0xf DW_TAG_variable
	.byte	2                               @ DW_AT_location
	.byte	145
	.byte	8
	.long	.Linfo_string740                @ DW_AT_name
	.byte	1                               @ DW_AT_decl_file
	.short	3326                            @ DW_AT_decl_line
	.long	7019                            @ DW_AT_type
	.byte	36                              @ Abbrev [36] 0x2cc7:0xf DW_TAG_variable
	.byte	2                               @ DW_AT_location
	.byte	145
	.byte	4
	.long	.Linfo_string705                @ DW_AT_name
	.byte	1                               @ DW_AT_decl_file
	.short	3342                            @ DW_AT_decl_line
	.long	6835                            @ DW_AT_type
	.byte	36                              @ Abbrev [36] 0x2cd6:0xf DW_TAG_variable
	.byte	2                               @ DW_AT_location
	.byte	145
	.byte	0
	.long	.Linfo_string706                @ DW_AT_name
	.byte	1                               @ DW_AT_decl_file
	.short	3343                            @ DW_AT_decl_line
	.long	2012                            @ DW_AT_type
	.byte	0                               @ End Of Children Mark
	.byte	0                               @ End Of Children Mark
	.byte	34                              @ Abbrev [34] 0x2ce7:0x53 DW_TAG_subprogram
	.long	.Lfunc_begin43                  @ DW_AT_low_pc
	.long	.Lfunc_end43-.Lfunc_begin43     @ DW_AT_high_pc
	.byte	1                               @ DW_AT_frame_base
	.byte	93
	.long	.Linfo_string611                @ DW_AT_name
	.byte	1                               @ DW_AT_decl_file
	.short	3368                            @ DW_AT_decl_line
                                        @ DW_AT_prototyped
	.long	2283                            @ DW_AT_type
                                        @ DW_AT_external
	.byte	35                              @ Abbrev [35] 0x2cfd:0xf DW_TAG_formal_parameter
	.byte	2                               @ DW_AT_location
	.byte	145
	.byte	20
	.long	.Linfo_string645                @ DW_AT_name
	.byte	1                               @ DW_AT_decl_file
	.short	3368                            @ DW_AT_decl_line
	.long	961                             @ DW_AT_type
	.byte	35                              @ Abbrev [35] 0x2d0c:0xf DW_TAG_formal_parameter
	.byte	2                               @ DW_AT_location
	.byte	145
	.byte	19
	.long	.Linfo_string686                @ DW_AT_name
	.byte	1                               @ DW_AT_decl_file
	.short	3368                            @ DW_AT_decl_line
	.long	2042                            @ DW_AT_type
	.byte	35                              @ Abbrev [35] 0x2d1b:0xf DW_TAG_formal_parameter
	.byte	2                               @ DW_AT_location
	.byte	145
	.byte	12
	.long	.Linfo_string737                @ DW_AT_name
	.byte	1                               @ DW_AT_decl_file
	.short	3368                            @ DW_AT_decl_line
	.long	2675                            @ DW_AT_type
	.byte	36                              @ Abbrev [36] 0x2d2a:0xf DW_TAG_variable
	.byte	2                               @ DW_AT_location
	.byte	145
	.byte	0
	.long	.Linfo_string740                @ DW_AT_name
	.byte	1                               @ DW_AT_decl_file
	.short	3372                            @ DW_AT_decl_line
	.long	7019                            @ DW_AT_type
	.byte	0                               @ End Of Children Mark
	.byte	34                              @ Abbrev [34] 0x2d3a:0x44 DW_TAG_subprogram
	.long	.Lfunc_begin44                  @ DW_AT_low_pc
	.long	.Lfunc_end44-.Lfunc_begin44     @ DW_AT_high_pc
	.byte	1                               @ DW_AT_frame_base
	.byte	93
	.long	.Linfo_string612                @ DW_AT_name
	.byte	1                               @ DW_AT_decl_file
	.short	3403                            @ DW_AT_decl_line
                                        @ DW_AT_prototyped
	.long	2283                            @ DW_AT_type
                                        @ DW_AT_external
	.byte	35                              @ Abbrev [35] 0x2d50:0xf DW_TAG_formal_parameter
	.byte	2                               @ DW_AT_location
	.byte	145
	.byte	12
	.long	.Linfo_string645                @ DW_AT_name
	.byte	1                               @ DW_AT_decl_file
	.short	3403                            @ DW_AT_decl_line
	.long	961                             @ DW_AT_type
	.byte	35                              @ Abbrev [35] 0x2d5f:0xf DW_TAG_formal_parameter
	.byte	2                               @ DW_AT_location
	.byte	145
	.byte	8
	.long	.Linfo_string737                @ DW_AT_name
	.byte	1                               @ DW_AT_decl_file
	.short	3403                            @ DW_AT_decl_line
	.long	2330                            @ DW_AT_type
	.byte	36                              @ Abbrev [36] 0x2d6e:0xf DW_TAG_variable
	.byte	2                               @ DW_AT_location
	.byte	145
	.byte	4
	.long	.Linfo_string742                @ DW_AT_name
	.byte	1                               @ DW_AT_decl_file
	.short	3405                            @ DW_AT_decl_line
	.long	2283                            @ DW_AT_type
	.byte	0                               @ End Of Children Mark
	.byte	37                              @ Abbrev [37] 0x2d7e:0x5e DW_TAG_subprogram
	.long	.Lfunc_begin45                  @ DW_AT_low_pc
	.long	.Lfunc_end45-.Lfunc_begin45     @ DW_AT_high_pc
	.byte	1                               @ DW_AT_frame_base
	.byte	93
	.long	.Linfo_string613                @ DW_AT_name
	.byte	1                               @ DW_AT_decl_file
	.short	3463                            @ DW_AT_decl_line
                                        @ DW_AT_prototyped
                                        @ DW_AT_external
	.byte	35                              @ Abbrev [35] 0x2d90:0xf DW_TAG_formal_parameter
	.byte	2                               @ DW_AT_location
	.byte	145
	.byte	20
	.long	.Linfo_string645                @ DW_AT_name
	.byte	1                               @ DW_AT_decl_file
	.short	3463                            @ DW_AT_decl_line
	.long	961                             @ DW_AT_type
	.byte	35                              @ Abbrev [35] 0x2d9f:0xf DW_TAG_formal_parameter
	.byte	2                               @ DW_AT_location
	.byte	145
	.byte	16
	.long	.Linfo_string743                @ DW_AT_name
	.byte	1                               @ DW_AT_decl_file
	.short	3464                            @ DW_AT_decl_line
	.long	780                             @ DW_AT_type
	.byte	35                              @ Abbrev [35] 0x2dae:0xf DW_TAG_formal_parameter
	.byte	2                               @ DW_AT_location
	.byte	145
	.byte	12
	.long	.Linfo_string6                  @ DW_AT_name
	.byte	1                               @ DW_AT_decl_file
	.short	3465                            @ DW_AT_decl_line
	.long	917                             @ DW_AT_type
	.byte	35                              @ Abbrev [35] 0x2dbd:0xf DW_TAG_formal_parameter
	.byte	2                               @ DW_AT_location
	.byte	145
	.byte	8
	.long	.Linfo_string64                 @ DW_AT_name
	.byte	1                               @ DW_AT_decl_file
	.short	3466                            @ DW_AT_decl_line
	.long	2312                            @ DW_AT_type
	.byte	36                              @ Abbrev [36] 0x2dcc:0xf DW_TAG_variable
	.byte	2                               @ DW_AT_location
	.byte	145
	.byte	7
	.long	.Linfo_string646                @ DW_AT_name
	.byte	1                               @ DW_AT_decl_file
	.short	3470                            @ DW_AT_decl_line
	.long	2042                            @ DW_AT_type
	.byte	0                               @ End Of Children Mark
	.byte	37                              @ Abbrev [37] 0x2ddc:0x5e DW_TAG_subprogram
	.long	.Lfunc_begin46                  @ DW_AT_low_pc
	.long	.Lfunc_end46-.Lfunc_begin46     @ DW_AT_high_pc
	.byte	1                               @ DW_AT_frame_base
	.byte	93
	.long	.Linfo_string614                @ DW_AT_name
	.byte	1                               @ DW_AT_decl_file
	.short	4457                            @ DW_AT_decl_line
                                        @ DW_AT_prototyped
                                        @ DW_AT_external
	.byte	35                              @ Abbrev [35] 0x2dee:0xf DW_TAG_formal_parameter
	.byte	2                               @ DW_AT_location
	.byte	145
	.byte	20
	.long	.Linfo_string645                @ DW_AT_name
	.byte	1                               @ DW_AT_decl_file
	.short	4457                            @ DW_AT_decl_line
	.long	961                             @ DW_AT_type
	.byte	35                              @ Abbrev [35] 0x2dfd:0xf DW_TAG_formal_parameter
	.byte	2                               @ DW_AT_location
	.byte	145
	.byte	16
	.long	.Linfo_string743                @ DW_AT_name
	.byte	1                               @ DW_AT_decl_file
	.short	4457                            @ DW_AT_decl_line
	.long	780                             @ DW_AT_type
	.byte	36                              @ Abbrev [36] 0x2e0c:0xf DW_TAG_variable
	.byte	2                               @ DW_AT_location
	.byte	145
	.byte	12
	.long	.Linfo_string730                @ DW_AT_name
	.byte	1                               @ DW_AT_decl_file
	.short	4462                            @ DW_AT_decl_line
	.long	2283                            @ DW_AT_type
	.byte	36                              @ Abbrev [36] 0x2e1b:0xf DW_TAG_variable
	.byte	2                               @ DW_AT_location
	.byte	145
	.byte	8
	.long	.Linfo_string744                @ DW_AT_name
	.byte	1                               @ DW_AT_decl_file
	.short	4463                            @ DW_AT_decl_line
	.long	2012                            @ DW_AT_type
	.byte	36                              @ Abbrev [36] 0x2e2a:0xf DW_TAG_variable
	.byte	2                               @ DW_AT_location
	.byte	145
	.byte	4
	.long	.Linfo_string564                @ DW_AT_name
	.byte	1                               @ DW_AT_decl_file
	.short	4469                            @ DW_AT_decl_line
	.long	2012                            @ DW_AT_type
	.byte	0                               @ End Of Children Mark
	.byte	38                              @ Abbrev [38] 0x2e3a:0x31 DW_TAG_subprogram
	.long	.Lfunc_begin47                  @ DW_AT_low_pc
	.long	.Lfunc_end47-.Lfunc_begin47     @ DW_AT_high_pc
	.byte	1                               @ DW_AT_frame_base
	.byte	93
	.long	.Linfo_string615                @ DW_AT_name
	.byte	5                               @ DW_AT_decl_file
	.short	1578                            @ DW_AT_decl_line
                                        @ DW_AT_prototyped
	.byte	35                              @ Abbrev [35] 0x2e4c:0xf DW_TAG_formal_parameter
	.byte	2                               @ DW_AT_location
	.byte	145
	.byte	12
	.long	.Linfo_string645                @ DW_AT_name
	.byte	5                               @ DW_AT_decl_file
	.short	1578                            @ DW_AT_decl_line
	.long	961                             @ DW_AT_type
	.byte	35                              @ Abbrev [35] 0x2e5b:0xf DW_TAG_formal_parameter
	.byte	2                               @ DW_AT_location
	.byte	145
	.byte	8
	.long	.Linfo_string684                @ DW_AT_name
	.byte	5                               @ DW_AT_decl_file
	.short	1578                            @ DW_AT_decl_line
	.long	2012                            @ DW_AT_type
	.byte	0                               @ End Of Children Mark
	.byte	38                              @ Abbrev [38] 0x2e6b:0x31 DW_TAG_subprogram
	.long	.Lfunc_begin48                  @ DW_AT_low_pc
	.long	.Lfunc_end48-.Lfunc_begin48     @ DW_AT_high_pc
	.byte	1                               @ DW_AT_frame_base
	.byte	93
	.long	.Linfo_string616                @ DW_AT_name
	.byte	5                               @ DW_AT_decl_file
	.short	1626                            @ DW_AT_decl_line
                                        @ DW_AT_prototyped
	.byte	35                              @ Abbrev [35] 0x2e7d:0xf DW_TAG_formal_parameter
	.byte	2                               @ DW_AT_location
	.byte	145
	.byte	12
	.long	.Linfo_string645                @ DW_AT_name
	.byte	5                               @ DW_AT_decl_file
	.short	1626                            @ DW_AT_decl_line
	.long	961                             @ DW_AT_type
	.byte	35                              @ Abbrev [35] 0x2e8c:0xf DW_TAG_formal_parameter
	.byte	2                               @ DW_AT_location
	.byte	145
	.byte	8
	.long	.Linfo_string684                @ DW_AT_name
	.byte	5                               @ DW_AT_decl_file
	.short	1626                            @ DW_AT_decl_line
	.long	2012                            @ DW_AT_type
	.byte	0                               @ End Of Children Mark
	.byte	39                              @ Abbrev [39] 0x2e9c:0x35 DW_TAG_subprogram
	.long	.Lfunc_begin49                  @ DW_AT_low_pc
	.long	.Lfunc_end49-.Lfunc_begin49     @ DW_AT_high_pc
	.byte	1                               @ DW_AT_frame_base
	.byte	93
	.long	.Linfo_string617                @ DW_AT_name
	.byte	9                               @ DW_AT_decl_file
	.short	499                             @ DW_AT_decl_line
                                        @ DW_AT_prototyped
	.long	2283                            @ DW_AT_type
	.byte	35                              @ Abbrev [35] 0x2eb2:0xf DW_TAG_formal_parameter
	.byte	2                               @ DW_AT_location
	.byte	145
	.byte	6
	.long	.Linfo_string745                @ DW_AT_name
	.byte	9                               @ DW_AT_decl_file
	.short	499                             @ DW_AT_decl_line
	.long	4316                            @ DW_AT_type
	.byte	36                              @ Abbrev [36] 0x2ec1:0xf DW_TAG_variable
	.byte	2                               @ DW_AT_location
	.byte	145
	.byte	0
	.long	.Linfo_string730                @ DW_AT_name
	.byte	9                               @ DW_AT_decl_file
	.short	501                             @ DW_AT_decl_line
	.long	2283                            @ DW_AT_type
	.byte	0                               @ End Of Children Mark
	.byte	34                              @ Abbrev [34] 0x2ed1:0x6c DW_TAG_subprogram
	.long	.Lfunc_begin50                  @ DW_AT_low_pc
	.long	.Lfunc_end50-.Lfunc_begin50     @ DW_AT_high_pc
	.byte	1                               @ DW_AT_frame_base
	.byte	93
	.long	.Linfo_string618                @ DW_AT_name
	.byte	1                               @ DW_AT_decl_file
	.short	3548                            @ DW_AT_decl_line
                                        @ DW_AT_prototyped
	.long	2283                            @ DW_AT_type
                                        @ DW_AT_external
	.byte	35                              @ Abbrev [35] 0x2ee7:0xf DW_TAG_formal_parameter
	.byte	2                               @ DW_AT_location
	.byte	145
	.byte	28
	.long	.Linfo_string645                @ DW_AT_name
	.byte	1                               @ DW_AT_decl_file
	.short	3548                            @ DW_AT_decl_line
	.long	961                             @ DW_AT_type
	.byte	35                              @ Abbrev [35] 0x2ef6:0xf DW_TAG_formal_parameter
	.byte	2                               @ DW_AT_location
	.byte	145
	.byte	24
	.long	.Linfo_string743                @ DW_AT_name
	.byte	1                               @ DW_AT_decl_file
	.short	3548                            @ DW_AT_decl_line
	.long	780                             @ DW_AT_type
	.byte	35                              @ Abbrev [35] 0x2f05:0xf DW_TAG_formal_parameter
	.byte	2                               @ DW_AT_location
	.byte	145
	.byte	20
	.long	.Linfo_string746                @ DW_AT_name
	.byte	1                               @ DW_AT_decl_file
	.short	3548                            @ DW_AT_decl_line
	.long	14570                           @ DW_AT_type
	.byte	36                              @ Abbrev [36] 0x2f14:0xf DW_TAG_variable
	.byte	2                               @ DW_AT_location
	.byte	145
	.byte	16
	.long	.Linfo_string730                @ DW_AT_name
	.byte	1                               @ DW_AT_decl_file
	.short	3558                            @ DW_AT_decl_line
	.long	2283                            @ DW_AT_type
	.byte	40                              @ Abbrev [40] 0x2f23:0x19 DW_TAG_lexical_block
	.long	.Ltmp596                        @ DW_AT_low_pc
	.long	.Ltmp597-.Ltmp596               @ DW_AT_high_pc
	.byte	36                              @ Abbrev [36] 0x2f2c:0xf DW_TAG_variable
	.byte	2                               @ DW_AT_location
	.byte	145
	.byte	8
	.long	.Linfo_string751                @ DW_AT_name
	.byte	1                               @ DW_AT_decl_file
	.short	3578                            @ DW_AT_decl_line
	.long	7019                            @ DW_AT_type
	.byte	0                               @ End Of Children Mark
	.byte	0                               @ End Of Children Mark
	.byte	38                              @ Abbrev [38] 0x2f3d:0x31 DW_TAG_subprogram
	.long	.Lfunc_begin51                  @ DW_AT_low_pc
	.long	.Lfunc_end51-.Lfunc_begin51     @ DW_AT_high_pc
	.byte	1                               @ DW_AT_frame_base
	.byte	93
	.long	.Linfo_string619                @ DW_AT_name
	.byte	5                               @ DW_AT_decl_file
	.short	1670                            @ DW_AT_decl_line
                                        @ DW_AT_prototyped
	.byte	35                              @ Abbrev [35] 0x2f4f:0xf DW_TAG_formal_parameter
	.byte	2                               @ DW_AT_location
	.byte	145
	.byte	12
	.long	.Linfo_string645                @ DW_AT_name
	.byte	5                               @ DW_AT_decl_file
	.short	1670                            @ DW_AT_decl_line
	.long	961                             @ DW_AT_type
	.byte	35                              @ Abbrev [35] 0x2f5e:0xf DW_TAG_formal_parameter
	.byte	2                               @ DW_AT_location
	.byte	145
	.byte	0
	.long	.Linfo_string684                @ DW_AT_name
	.byte	5                               @ DW_AT_decl_file
	.short	1670                            @ DW_AT_decl_line
	.long	7019                            @ DW_AT_type
	.byte	0                               @ End Of Children Mark
	.byte	34                              @ Abbrev [34] 0x2f6e:0x6c DW_TAG_subprogram
	.long	.Lfunc_begin52                  @ DW_AT_low_pc
	.long	.Lfunc_end52-.Lfunc_begin52     @ DW_AT_high_pc
	.byte	1                               @ DW_AT_frame_base
	.byte	93
	.long	.Linfo_string620                @ DW_AT_name
	.byte	1                               @ DW_AT_decl_file
	.short	3612                            @ DW_AT_decl_line
                                        @ DW_AT_prototyped
	.long	2283                            @ DW_AT_type
                                        @ DW_AT_external
	.byte	35                              @ Abbrev [35] 0x2f84:0xf DW_TAG_formal_parameter
	.byte	2                               @ DW_AT_location
	.byte	145
	.byte	28
	.long	.Linfo_string645                @ DW_AT_name
	.byte	1                               @ DW_AT_decl_file
	.short	3612                            @ DW_AT_decl_line
	.long	961                             @ DW_AT_type
	.byte	35                              @ Abbrev [35] 0x2f93:0xf DW_TAG_formal_parameter
	.byte	2                               @ DW_AT_location
	.byte	145
	.byte	24
	.long	.Linfo_string743                @ DW_AT_name
	.byte	1                               @ DW_AT_decl_file
	.short	3612                            @ DW_AT_decl_line
	.long	780                             @ DW_AT_type
	.byte	35                              @ Abbrev [35] 0x2fa2:0xf DW_TAG_formal_parameter
	.byte	2                               @ DW_AT_location
	.byte	145
	.byte	20
	.long	.Linfo_string746                @ DW_AT_name
	.byte	1                               @ DW_AT_decl_file
	.short	3612                            @ DW_AT_decl_line
	.long	14570                           @ DW_AT_type
	.byte	36                              @ Abbrev [36] 0x2fb1:0xf DW_TAG_variable
	.byte	2                               @ DW_AT_location
	.byte	145
	.byte	16
	.long	.Linfo_string730                @ DW_AT_name
	.byte	1                               @ DW_AT_decl_file
	.short	3614                            @ DW_AT_decl_line
	.long	2283                            @ DW_AT_type
	.byte	40                              @ Abbrev [40] 0x2fc0:0x19 DW_TAG_lexical_block
	.long	.Ltmp608                        @ DW_AT_low_pc
	.long	.Ltmp609-.Ltmp608               @ DW_AT_high_pc
	.byte	36                              @ Abbrev [36] 0x2fc9:0xf DW_TAG_variable
	.byte	2                               @ DW_AT_location
	.byte	145
	.byte	8
	.long	.Linfo_string751                @ DW_AT_name
	.byte	1                               @ DW_AT_decl_file
	.short	3634                            @ DW_AT_decl_line
	.long	7019                            @ DW_AT_type
	.byte	0                               @ End Of Children Mark
	.byte	0                               @ End Of Children Mark
	.byte	34                              @ Abbrev [34] 0x2fda:0x6c DW_TAG_subprogram
	.long	.Lfunc_begin53                  @ DW_AT_low_pc
	.long	.Lfunc_end53-.Lfunc_begin53     @ DW_AT_high_pc
	.byte	1                               @ DW_AT_frame_base
	.byte	93
	.long	.Linfo_string621                @ DW_AT_name
	.byte	1                               @ DW_AT_decl_file
	.short	3665                            @ DW_AT_decl_line
                                        @ DW_AT_prototyped
	.long	2283                            @ DW_AT_type
                                        @ DW_AT_external
	.byte	35                              @ Abbrev [35] 0x2ff0:0xf DW_TAG_formal_parameter
	.byte	2                               @ DW_AT_location
	.byte	145
	.byte	28
	.long	.Linfo_string645                @ DW_AT_name
	.byte	1                               @ DW_AT_decl_file
	.short	3665                            @ DW_AT_decl_line
	.long	961                             @ DW_AT_type
	.byte	35                              @ Abbrev [35] 0x2fff:0xf DW_TAG_formal_parameter
	.byte	2                               @ DW_AT_location
	.byte	145
	.byte	24
	.long	.Linfo_string743                @ DW_AT_name
	.byte	1                               @ DW_AT_decl_file
	.short	3665                            @ DW_AT_decl_line
	.long	780                             @ DW_AT_type
	.byte	35                              @ Abbrev [35] 0x300e:0xf DW_TAG_formal_parameter
	.byte	2                               @ DW_AT_location
	.byte	145
	.byte	20
	.long	.Linfo_string746                @ DW_AT_name
	.byte	1                               @ DW_AT_decl_file
	.short	3665                            @ DW_AT_decl_line
	.long	14570                           @ DW_AT_type
	.byte	36                              @ Abbrev [36] 0x301d:0xf DW_TAG_variable
	.byte	2                               @ DW_AT_location
	.byte	145
	.byte	16
	.long	.Linfo_string730                @ DW_AT_name
	.byte	1                               @ DW_AT_decl_file
	.short	3675                            @ DW_AT_decl_line
	.long	2283                            @ DW_AT_type
	.byte	40                              @ Abbrev [40] 0x302c:0x19 DW_TAG_lexical_block
	.long	.Ltmp622                        @ DW_AT_low_pc
	.long	.Ltmp623-.Ltmp622               @ DW_AT_high_pc
	.byte	36                              @ Abbrev [36] 0x3035:0xf DW_TAG_variable
	.byte	2                               @ DW_AT_location
	.byte	145
	.byte	8
	.long	.Linfo_string751                @ DW_AT_name
	.byte	1                               @ DW_AT_decl_file
	.short	3695                            @ DW_AT_decl_line
	.long	7019                            @ DW_AT_type
	.byte	0                               @ End Of Children Mark
	.byte	0                               @ End Of Children Mark
	.byte	34                              @ Abbrev [34] 0x3046:0x6c DW_TAG_subprogram
	.long	.Lfunc_begin54                  @ DW_AT_low_pc
	.long	.Lfunc_end54-.Lfunc_begin54     @ DW_AT_high_pc
	.byte	1                               @ DW_AT_frame_base
	.byte	93
	.long	.Linfo_string622                @ DW_AT_name
	.byte	1                               @ DW_AT_decl_file
	.short	3730                            @ DW_AT_decl_line
                                        @ DW_AT_prototyped
	.long	2283                            @ DW_AT_type
                                        @ DW_AT_external
	.byte	35                              @ Abbrev [35] 0x305c:0xf DW_TAG_formal_parameter
	.byte	2                               @ DW_AT_location
	.byte	145
	.byte	28
	.long	.Linfo_string645                @ DW_AT_name
	.byte	1                               @ DW_AT_decl_file
	.short	3730                            @ DW_AT_decl_line
	.long	961                             @ DW_AT_type
	.byte	35                              @ Abbrev [35] 0x306b:0xf DW_TAG_formal_parameter
	.byte	2                               @ DW_AT_location
	.byte	145
	.byte	24
	.long	.Linfo_string743                @ DW_AT_name
	.byte	1                               @ DW_AT_decl_file
	.short	3730                            @ DW_AT_decl_line
	.long	780                             @ DW_AT_type
	.byte	35                              @ Abbrev [35] 0x307a:0xf DW_TAG_formal_parameter
	.byte	2                               @ DW_AT_location
	.byte	145
	.byte	20
	.long	.Linfo_string746                @ DW_AT_name
	.byte	1                               @ DW_AT_decl_file
	.short	3730                            @ DW_AT_decl_line
	.long	14570                           @ DW_AT_type
	.byte	36                              @ Abbrev [36] 0x3089:0xf DW_TAG_variable
	.byte	2                               @ DW_AT_location
	.byte	145
	.byte	16
	.long	.Linfo_string730                @ DW_AT_name
	.byte	1                               @ DW_AT_decl_file
	.short	3740                            @ DW_AT_decl_line
	.long	2283                            @ DW_AT_type
	.byte	40                              @ Abbrev [40] 0x3098:0x19 DW_TAG_lexical_block
	.long	.Ltmp632                        @ DW_AT_low_pc
	.long	.Ltmp633-.Ltmp632               @ DW_AT_high_pc
	.byte	36                              @ Abbrev [36] 0x30a1:0xf DW_TAG_variable
	.byte	2                               @ DW_AT_location
	.byte	145
	.byte	8
	.long	.Linfo_string751                @ DW_AT_name
	.byte	1                               @ DW_AT_decl_file
	.short	3752                            @ DW_AT_decl_line
	.long	7019                            @ DW_AT_type
	.byte	0                               @ End Of Children Mark
	.byte	0                               @ End Of Children Mark
	.byte	34                              @ Abbrev [34] 0x30b2:0x53 DW_TAG_subprogram
	.long	.Lfunc_begin55                  @ DW_AT_low_pc
	.long	.Lfunc_end55-.Lfunc_begin55     @ DW_AT_high_pc
	.byte	1                               @ DW_AT_frame_base
	.byte	93
	.long	.Linfo_string623                @ DW_AT_name
	.byte	1                               @ DW_AT_decl_file
	.short	3782                            @ DW_AT_decl_line
                                        @ DW_AT_prototyped
	.long	2283                            @ DW_AT_type
                                        @ DW_AT_external
	.byte	35                              @ Abbrev [35] 0x30c8:0xf DW_TAG_formal_parameter
	.byte	2                               @ DW_AT_location
	.byte	145
	.byte	20
	.long	.Linfo_string645                @ DW_AT_name
	.byte	1                               @ DW_AT_decl_file
	.short	3782                            @ DW_AT_decl_line
	.long	961                             @ DW_AT_type
	.byte	35                              @ Abbrev [35] 0x30d7:0xf DW_TAG_formal_parameter
	.byte	2                               @ DW_AT_location
	.byte	145
	.byte	16
	.long	.Linfo_string743                @ DW_AT_name
	.byte	1                               @ DW_AT_decl_file
	.short	3783                            @ DW_AT_decl_line
	.long	780                             @ DW_AT_type
	.byte	35                              @ Abbrev [35] 0x30e6:0xf DW_TAG_formal_parameter
	.byte	2                               @ DW_AT_location
	.byte	145
	.byte	12
	.long	.Linfo_string752                @ DW_AT_name
	.byte	1                               @ DW_AT_decl_file
	.short	3784                            @ DW_AT_decl_line
	.long	14636                           @ DW_AT_type
	.byte	36                              @ Abbrev [36] 0x30f5:0xf DW_TAG_variable
	.byte	2                               @ DW_AT_location
	.byte	145
	.byte	8
	.long	.Linfo_string730                @ DW_AT_name
	.byte	1                               @ DW_AT_decl_file
	.short	3790                            @ DW_AT_decl_line
	.long	2283                            @ DW_AT_type
	.byte	0                               @ End Of Children Mark
	.byte	37                              @ Abbrev [37] 0x3105:0x5e DW_TAG_subprogram
	.long	.Lfunc_begin56                  @ DW_AT_low_pc
	.long	.Lfunc_end56-.Lfunc_begin56     @ DW_AT_high_pc
	.byte	1                               @ DW_AT_frame_base
	.byte	93
	.long	.Linfo_string624                @ DW_AT_name
	.byte	1                               @ DW_AT_decl_file
	.short	3910                            @ DW_AT_decl_line
                                        @ DW_AT_prototyped
                                        @ DW_AT_external
	.byte	35                              @ Abbrev [35] 0x3117:0xf DW_TAG_formal_parameter
	.byte	2                               @ DW_AT_location
	.byte	145
	.byte	28
	.long	.Linfo_string645                @ DW_AT_name
	.byte	1                               @ DW_AT_decl_file
	.short	3910                            @ DW_AT_decl_line
	.long	961                             @ DW_AT_type
	.byte	35                              @ Abbrev [35] 0x3126:0xf DW_TAG_formal_parameter
	.byte	2                               @ DW_AT_location
	.byte	145
	.byte	24
	.long	.Linfo_string743                @ DW_AT_name
	.byte	1                               @ DW_AT_decl_file
	.short	3910                            @ DW_AT_decl_line
	.long	780                             @ DW_AT_type
	.byte	35                              @ Abbrev [35] 0x3135:0xf DW_TAG_formal_parameter
	.byte	2                               @ DW_AT_location
	.byte	145
	.byte	23
	.long	.Linfo_string686                @ DW_AT_name
	.byte	1                               @ DW_AT_decl_file
	.short	3910                            @ DW_AT_decl_line
	.long	2042                            @ DW_AT_type
	.byte	36                              @ Abbrev [36] 0x3144:0xf DW_TAG_variable
	.byte	2                               @ DW_AT_location
	.byte	145
	.byte	20
	.long	.Linfo_string66                 @ DW_AT_name
	.byte	1                               @ DW_AT_decl_file
	.short	3912                            @ DW_AT_decl_line
	.long	6793                            @ DW_AT_type
	.byte	36                              @ Abbrev [36] 0x3153:0xf DW_TAG_variable
	.byte	2                               @ DW_AT_location
	.byte	145
	.byte	8
	.long	.Linfo_string751                @ DW_AT_name
	.byte	1                               @ DW_AT_decl_file
	.short	3923                            @ DW_AT_decl_line
	.long	7019                            @ DW_AT_type
	.byte	0                               @ End Of Children Mark
	.byte	38                              @ Abbrev [38] 0x3163:0x31 DW_TAG_subprogram
	.long	.Lfunc_begin57                  @ DW_AT_low_pc
	.long	.Lfunc_end57-.Lfunc_begin57     @ DW_AT_high_pc
	.byte	1                               @ DW_AT_frame_base
	.byte	93
	.long	.Linfo_string625                @ DW_AT_name
	.byte	5                               @ DW_AT_decl_file
	.short	1692                            @ DW_AT_decl_line
                                        @ DW_AT_prototyped
	.byte	35                              @ Abbrev [35] 0x3175:0xf DW_TAG_formal_parameter
	.byte	2                               @ DW_AT_location
	.byte	145
	.byte	12
	.long	.Linfo_string645                @ DW_AT_name
	.byte	5                               @ DW_AT_decl_file
	.short	1692                            @ DW_AT_decl_line
	.long	961                             @ DW_AT_type
	.byte	35                              @ Abbrev [35] 0x3184:0xf DW_TAG_formal_parameter
	.byte	2                               @ DW_AT_location
	.byte	145
	.byte	0
	.long	.Linfo_string684                @ DW_AT_name
	.byte	5                               @ DW_AT_decl_file
	.short	1692                            @ DW_AT_decl_line
	.long	7019                            @ DW_AT_type
	.byte	0                               @ End Of Children Mark
	.byte	37                              @ Abbrev [37] 0x3194:0x7c DW_TAG_subprogram
	.long	.Lfunc_begin58                  @ DW_AT_low_pc
	.long	.Lfunc_end58-.Lfunc_begin58     @ DW_AT_high_pc
	.byte	1                               @ DW_AT_frame_base
	.byte	93
	.long	.Linfo_string626                @ DW_AT_name
	.byte	1                               @ DW_AT_decl_file
	.short	3950                            @ DW_AT_decl_line
                                        @ DW_AT_prototyped
                                        @ DW_AT_external
	.byte	35                              @ Abbrev [35] 0x31a6:0xf DW_TAG_formal_parameter
	.byte	2                               @ DW_AT_location
	.byte	145
	.byte	36
	.long	.Linfo_string645                @ DW_AT_name
	.byte	1                               @ DW_AT_decl_file
	.short	3950                            @ DW_AT_decl_line
	.long	961                             @ DW_AT_type
	.byte	35                              @ Abbrev [35] 0x31b5:0xf DW_TAG_formal_parameter
	.byte	2                               @ DW_AT_location
	.byte	145
	.byte	32
	.long	.Linfo_string743                @ DW_AT_name
	.byte	1                               @ DW_AT_decl_file
	.short	3950                            @ DW_AT_decl_line
	.long	780                             @ DW_AT_type
	.byte	35                              @ Abbrev [35] 0x31c4:0xf DW_TAG_formal_parameter
	.byte	2                               @ DW_AT_location
	.byte	145
	.byte	31
	.long	.Linfo_string686                @ DW_AT_name
	.byte	1                               @ DW_AT_decl_file
	.short	3950                            @ DW_AT_decl_line
	.long	2042                            @ DW_AT_type
	.byte	36                              @ Abbrev [36] 0x31d3:0xf DW_TAG_variable
	.byte	2                               @ DW_AT_location
	.byte	145
	.byte	24
	.long	.Linfo_string705                @ DW_AT_name
	.byte	1                               @ DW_AT_decl_file
	.short	3952                            @ DW_AT_decl_line
	.long	6835                            @ DW_AT_type
	.byte	36                              @ Abbrev [36] 0x31e2:0xf DW_TAG_variable
	.byte	2                               @ DW_AT_location
	.byte	145
	.byte	20
	.long	.Linfo_string706                @ DW_AT_name
	.byte	1                               @ DW_AT_decl_file
	.short	3953                            @ DW_AT_decl_line
	.long	2012                            @ DW_AT_type
	.byte	36                              @ Abbrev [36] 0x31f1:0xf DW_TAG_variable
	.byte	2                               @ DW_AT_location
	.byte	145
	.byte	18
	.long	.Linfo_string66                 @ DW_AT_name
	.byte	1                               @ DW_AT_decl_file
	.short	3954                            @ DW_AT_decl_line
	.long	6793                            @ DW_AT_type
	.byte	36                              @ Abbrev [36] 0x3200:0xf DW_TAG_variable
	.byte	2                               @ DW_AT_location
	.byte	145
	.byte	8
	.long	.Linfo_string751                @ DW_AT_name
	.byte	1                               @ DW_AT_decl_file
	.short	3965                            @ DW_AT_decl_line
	.long	7019                            @ DW_AT_type
	.byte	0                               @ End Of Children Mark
	.byte	37                              @ Abbrev [37] 0x3210:0x4f DW_TAG_subprogram
	.long	.Lfunc_begin59                  @ DW_AT_low_pc
	.long	.Lfunc_end59-.Lfunc_begin59     @ DW_AT_high_pc
	.byte	1                               @ DW_AT_frame_base
	.byte	93
	.long	.Linfo_string627                @ DW_AT_name
	.byte	1                               @ DW_AT_decl_file
	.short	3993                            @ DW_AT_decl_line
                                        @ DW_AT_prototyped
                                        @ DW_AT_external
	.byte	35                              @ Abbrev [35] 0x3222:0xf DW_TAG_formal_parameter
	.byte	2                               @ DW_AT_location
	.byte	145
	.byte	28
	.long	.Linfo_string645                @ DW_AT_name
	.byte	1                               @ DW_AT_decl_file
	.short	3993                            @ DW_AT_decl_line
	.long	961                             @ DW_AT_type
	.byte	35                              @ Abbrev [35] 0x3231:0xf DW_TAG_formal_parameter
	.byte	2                               @ DW_AT_location
	.byte	145
	.byte	24
	.long	.Linfo_string743                @ DW_AT_name
	.byte	1                               @ DW_AT_decl_file
	.short	3993                            @ DW_AT_decl_line
	.long	780                             @ DW_AT_type
	.byte	35                              @ Abbrev [35] 0x3240:0xf DW_TAG_formal_parameter
	.byte	2                               @ DW_AT_location
	.byte	145
	.byte	23
	.long	.Linfo_string686                @ DW_AT_name
	.byte	1                               @ DW_AT_decl_file
	.short	3993                            @ DW_AT_decl_line
	.long	2042                            @ DW_AT_type
	.byte	36                              @ Abbrev [36] 0x324f:0xf DW_TAG_variable
	.byte	2                               @ DW_AT_location
	.byte	145
	.byte	8
	.long	.Linfo_string751                @ DW_AT_name
	.byte	1                               @ DW_AT_decl_file
	.short	4004                            @ DW_AT_decl_line
	.long	7019                            @ DW_AT_type
	.byte	0                               @ End Of Children Mark
	.byte	37                              @ Abbrev [37] 0x325f:0x4f DW_TAG_subprogram
	.long	.Lfunc_begin60                  @ DW_AT_low_pc
	.long	.Lfunc_end60-.Lfunc_begin60     @ DW_AT_high_pc
	.byte	1                               @ DW_AT_frame_base
	.byte	93
	.long	.Linfo_string628                @ DW_AT_name
	.byte	1                               @ DW_AT_decl_file
	.short	4026                            @ DW_AT_decl_line
                                        @ DW_AT_prototyped
                                        @ DW_AT_external
	.byte	35                              @ Abbrev [35] 0x3271:0xf DW_TAG_formal_parameter
	.byte	2                               @ DW_AT_location
	.byte	145
	.byte	28
	.long	.Linfo_string645                @ DW_AT_name
	.byte	1                               @ DW_AT_decl_file
	.short	4026                            @ DW_AT_decl_line
	.long	961                             @ DW_AT_type
	.byte	35                              @ Abbrev [35] 0x3280:0xf DW_TAG_formal_parameter
	.byte	2                               @ DW_AT_location
	.byte	145
	.byte	24
	.long	.Linfo_string743                @ DW_AT_name
	.byte	1                               @ DW_AT_decl_file
	.short	4026                            @ DW_AT_decl_line
	.long	780                             @ DW_AT_type
	.byte	35                              @ Abbrev [35] 0x328f:0xf DW_TAG_formal_parameter
	.byte	2                               @ DW_AT_location
	.byte	145
	.byte	23
	.long	.Linfo_string686                @ DW_AT_name
	.byte	1                               @ DW_AT_decl_file
	.short	4026                            @ DW_AT_decl_line
	.long	2042                            @ DW_AT_type
	.byte	36                              @ Abbrev [36] 0x329e:0xf DW_TAG_variable
	.byte	2                               @ DW_AT_location
	.byte	145
	.byte	8
	.long	.Linfo_string751                @ DW_AT_name
	.byte	1                               @ DW_AT_decl_file
	.short	4037                            @ DW_AT_decl_line
	.long	7019                            @ DW_AT_type
	.byte	0                               @ End Of Children Mark
	.byte	37                              @ Abbrev [37] 0x32ae:0x31 DW_TAG_subprogram
	.long	.Lfunc_begin61                  @ DW_AT_low_pc
	.long	.Lfunc_end61-.Lfunc_begin61     @ DW_AT_high_pc
	.byte	1                               @ DW_AT_frame_base
	.byte	93
	.long	.Linfo_string629                @ DW_AT_name
	.byte	1                               @ DW_AT_decl_file
	.short	4057                            @ DW_AT_decl_line
                                        @ DW_AT_prototyped
                                        @ DW_AT_external
	.byte	35                              @ Abbrev [35] 0x32c0:0xf DW_TAG_formal_parameter
	.byte	2                               @ DW_AT_location
	.byte	145
	.byte	12
	.long	.Linfo_string645                @ DW_AT_name
	.byte	1                               @ DW_AT_decl_file
	.short	4057                            @ DW_AT_decl_line
	.long	961                             @ DW_AT_type
	.byte	35                              @ Abbrev [35] 0x32cf:0xf DW_TAG_formal_parameter
	.byte	2                               @ DW_AT_location
	.byte	145
	.byte	8
	.long	.Linfo_string743                @ DW_AT_name
	.byte	1                               @ DW_AT_decl_file
	.short	4057                            @ DW_AT_decl_line
	.long	780                             @ DW_AT_type
	.byte	0                               @ End Of Children Mark
	.byte	34                              @ Abbrev [34] 0x32df:0x35 DW_TAG_subprogram
	.long	.Lfunc_begin62                  @ DW_AT_low_pc
	.long	.Lfunc_end62-.Lfunc_begin62     @ DW_AT_high_pc
	.byte	1                               @ DW_AT_frame_base
	.byte	93
	.long	.Linfo_string630                @ DW_AT_name
	.byte	1                               @ DW_AT_decl_file
	.short	4128                            @ DW_AT_decl_line
                                        @ DW_AT_prototyped
	.long	2012                            @ DW_AT_type
                                        @ DW_AT_external
	.byte	35                              @ Abbrev [35] 0x32f5:0xf DW_TAG_formal_parameter
	.byte	2                               @ DW_AT_location
	.byte	145
	.byte	4
	.long	.Linfo_string743                @ DW_AT_name
	.byte	1                               @ DW_AT_decl_file
	.short	4128                            @ DW_AT_decl_line
	.long	780                             @ DW_AT_type
	.byte	35                              @ Abbrev [35] 0x3304:0xf DW_TAG_formal_parameter
	.byte	2                               @ DW_AT_location
	.byte	145
	.byte	3
	.long	.Linfo_string686                @ DW_AT_name
	.byte	1                               @ DW_AT_decl_file
	.short	4128                            @ DW_AT_decl_line
	.long	2042                            @ DW_AT_type
	.byte	0                               @ End Of Children Mark
	.byte	39                              @ Abbrev [39] 0x3314:0x26 DW_TAG_subprogram
	.long	.Lfunc_begin63                  @ DW_AT_low_pc
	.long	.Lfunc_end63-.Lfunc_begin63     @ DW_AT_high_pc
	.byte	1                               @ DW_AT_frame_base
	.byte	93
	.long	.Linfo_string631                @ DW_AT_name
	.byte	5                               @ DW_AT_decl_file
	.short	1407                            @ DW_AT_decl_line
                                        @ DW_AT_prototyped
	.long	2012                            @ DW_AT_type
	.byte	35                              @ Abbrev [35] 0x332a:0xf DW_TAG_formal_parameter
	.byte	2                               @ DW_AT_location
	.byte	145
	.byte	0
	.long	.Linfo_string645                @ DW_AT_name
	.byte	5                               @ DW_AT_decl_file
	.short	1407                            @ DW_AT_decl_line
	.long	961                             @ DW_AT_type
	.byte	0                               @ End Of Children Mark
	.byte	38                              @ Abbrev [38] 0x333a:0x31 DW_TAG_subprogram
	.long	.Lfunc_begin64                  @ DW_AT_low_pc
	.long	.Lfunc_end64-.Lfunc_begin64     @ DW_AT_high_pc
	.byte	1                               @ DW_AT_frame_base
	.byte	93
	.long	.Linfo_string632                @ DW_AT_name
	.byte	5                               @ DW_AT_decl_file
	.short	1441                            @ DW_AT_decl_line
                                        @ DW_AT_prototyped
	.byte	35                              @ Abbrev [35] 0x334c:0xf DW_TAG_formal_parameter
	.byte	2                               @ DW_AT_location
	.byte	145
	.byte	4
	.long	.Linfo_string645                @ DW_AT_name
	.byte	5                               @ DW_AT_decl_file
	.short	1441                            @ DW_AT_decl_line
	.long	961                             @ DW_AT_type
	.byte	35                              @ Abbrev [35] 0x335b:0xf DW_TAG_formal_parameter
	.byte	2                               @ DW_AT_location
	.byte	145
	.byte	0
	.long	.Linfo_string684                @ DW_AT_name
	.byte	5                               @ DW_AT_decl_file
	.short	1441                            @ DW_AT_decl_line
	.long	2012                            @ DW_AT_type
	.byte	0                               @ End Of Children Mark
	.byte	39                              @ Abbrev [39] 0x336b:0xad DW_TAG_subprogram
	.long	.Lfunc_begin65                  @ DW_AT_low_pc
	.long	.Lfunc_end65-.Lfunc_begin65     @ DW_AT_high_pc
	.byte	1                               @ DW_AT_frame_base
	.byte	93
	.long	.Linfo_string633                @ DW_AT_name
	.byte	1                               @ DW_AT_decl_file
	.short	4187                            @ DW_AT_decl_line
                                        @ DW_AT_prototyped
	.long	2283                            @ DW_AT_type
	.byte	35                              @ Abbrev [35] 0x3381:0xf DW_TAG_formal_parameter
	.byte	2                               @ DW_AT_location
	.byte	145
	.byte	52
	.long	.Linfo_string645                @ DW_AT_name
	.byte	1                               @ DW_AT_decl_file
	.short	4187                            @ DW_AT_decl_line
	.long	961                             @ DW_AT_type
	.byte	35                              @ Abbrev [35] 0x3390:0xf DW_TAG_formal_parameter
	.byte	2                               @ DW_AT_location
	.byte	145
	.byte	48
	.long	.Linfo_string743                @ DW_AT_name
	.byte	1                               @ DW_AT_decl_file
	.short	4187                            @ DW_AT_decl_line
	.long	780                             @ DW_AT_type
	.byte	35                              @ Abbrev [35] 0x339f:0xf DW_TAG_formal_parameter
	.byte	2                               @ DW_AT_location
	.byte	145
	.byte	44
	.long	.Linfo_string755                @ DW_AT_name
	.byte	1                               @ DW_AT_decl_file
	.short	4187                            @ DW_AT_decl_line
	.long	14541                           @ DW_AT_type
	.byte	36                              @ Abbrev [36] 0x33ae:0xf DW_TAG_variable
	.byte	2                               @ DW_AT_location
	.byte	145
	.byte	40
	.long	.Linfo_string730                @ DW_AT_name
	.byte	1                               @ DW_AT_decl_file
	.short	4189                            @ DW_AT_decl_line
	.long	2283                            @ DW_AT_type
	.byte	36                              @ Abbrev [36] 0x33bd:0xf DW_TAG_variable
	.byte	2                               @ DW_AT_location
	.byte	145
	.byte	36
	.long	.Linfo_string564                @ DW_AT_name
	.byte	1                               @ DW_AT_decl_file
	.short	4190                            @ DW_AT_decl_line
	.long	2012                            @ DW_AT_type
	.byte	40                              @ Abbrev [40] 0x33cc:0x19 DW_TAG_lexical_block
	.long	.Ltmp671                        @ DW_AT_low_pc
	.long	.Ltmp679-.Ltmp671               @ DW_AT_high_pc
	.byte	36                              @ Abbrev [36] 0x33d5:0xf DW_TAG_variable
	.byte	2                               @ DW_AT_location
	.byte	145
	.byte	24
	.long	.Linfo_string740                @ DW_AT_name
	.byte	1                               @ DW_AT_decl_file
	.short	4197                            @ DW_AT_decl_line
	.long	7019                            @ DW_AT_type
	.byte	0                               @ End Of Children Mark
	.byte	40                              @ Abbrev [40] 0x33e5:0x32 DW_TAG_lexical_block
	.long	.Ltmp682                        @ DW_AT_low_pc
	.long	.Ltmp720-.Ltmp682               @ DW_AT_high_pc
	.byte	36                              @ Abbrev [36] 0x33ee:0xf DW_TAG_variable
	.byte	2                               @ DW_AT_location
	.byte	145
	.byte	8
	.long	.Linfo_string740                @ DW_AT_name
	.byte	1                               @ DW_AT_decl_file
	.short	4330                            @ DW_AT_decl_line
	.long	7019                            @ DW_AT_type
	.byte	40                              @ Abbrev [40] 0x33fd:0x19 DW_TAG_lexical_block
	.long	.Ltmp684                        @ DW_AT_low_pc
	.long	.Ltmp691-.Ltmp684               @ DW_AT_high_pc
	.byte	36                              @ Abbrev [36] 0x3406:0xf DW_TAG_variable
	.byte	2                               @ DW_AT_location
	.byte	145
	.byte	20
	.long	.Linfo_string756                @ DW_AT_name
	.byte	1                               @ DW_AT_decl_file
	.short	4218                            @ DW_AT_decl_line
	.long	2012                            @ DW_AT_type
	.byte	0                               @ End Of Children Mark
	.byte	0                               @ End Of Children Mark
	.byte	0                               @ End Of Children Mark
	.byte	39                              @ Abbrev [39] 0x3418:0x53 DW_TAG_subprogram
	.long	.Lfunc_begin66                  @ DW_AT_low_pc
	.long	.Lfunc_end66-.Lfunc_begin66     @ DW_AT_high_pc
	.byte	1                               @ DW_AT_frame_base
	.byte	93
	.long	.Linfo_string634                @ DW_AT_name
	.byte	1                               @ DW_AT_decl_file
	.short	4142                            @ DW_AT_decl_line
                                        @ DW_AT_prototyped
	.long	14024                           @ DW_AT_type
	.byte	35                              @ Abbrev [35] 0x342e:0xf DW_TAG_formal_parameter
	.byte	2                               @ DW_AT_location
	.byte	145
	.byte	28
	.long	.Linfo_string645                @ DW_AT_name
	.byte	1                               @ DW_AT_decl_file
	.short	4142                            @ DW_AT_decl_line
	.long	961                             @ DW_AT_type
	.byte	36                              @ Abbrev [36] 0x343d:0xf DW_TAG_variable
	.byte	2                               @ DW_AT_location
	.byte	145
	.byte	16
	.long	.Linfo_string757                @ DW_AT_name
	.byte	1                               @ DW_AT_decl_file
	.short	4144                            @ DW_AT_decl_line
	.long	7019                            @ DW_AT_type
	.byte	36                              @ Abbrev [36] 0x344c:0xf DW_TAG_variable
	.byte	2                               @ DW_AT_location
	.byte	145
	.byte	8
	.long	.Linfo_string741                @ DW_AT_name
	.byte	1                               @ DW_AT_decl_file
	.short	4145                            @ DW_AT_decl_line
	.long	7019                            @ DW_AT_type
	.byte	36                              @ Abbrev [36] 0x345b:0xf DW_TAG_variable
	.byte	2                               @ DW_AT_location
	.byte	145
	.byte	7
	.long	.Linfo_string688                @ DW_AT_name
	.byte	1                               @ DW_AT_decl_file
	.short	4146                            @ DW_AT_decl_line
	.long	14024                           @ DW_AT_type
	.byte	0                               @ End Of Children Mark
	.byte	41                              @ Abbrev [41] 0x346b:0x12 DW_TAG_subprogram
	.long	.Lfunc_begin67                  @ DW_AT_low_pc
	.long	.Lfunc_end67-.Lfunc_begin67     @ DW_AT_high_pc
	.byte	1                               @ DW_AT_frame_base
	.byte	93
	.long	.Linfo_string635                @ DW_AT_name
	.byte	1                               @ DW_AT_decl_file
	.short	4523                            @ DW_AT_decl_line
                                        @ DW_AT_prototyped
                                        @ DW_AT_external
	.byte	41                              @ Abbrev [41] 0x347d:0x12 DW_TAG_subprogram
	.long	.Lfunc_begin68                  @ DW_AT_low_pc
	.long	.Lfunc_end68-.Lfunc_begin68     @ DW_AT_high_pc
	.byte	1                               @ DW_AT_frame_base
	.byte	93
	.long	.Linfo_string636                @ DW_AT_name
	.byte	1                               @ DW_AT_decl_file
	.short	4534                            @ DW_AT_decl_line
                                        @ DW_AT_prototyped
                                        @ DW_AT_external
	.byte	41                              @ Abbrev [41] 0x348f:0x12 DW_TAG_subprogram
	.long	.Lfunc_begin69                  @ DW_AT_low_pc
	.long	.Lfunc_end69-.Lfunc_begin69     @ DW_AT_high_pc
	.byte	1                               @ DW_AT_frame_base
	.byte	93
	.long	.Linfo_string637                @ DW_AT_name
	.byte	1                               @ DW_AT_decl_file
	.short	4545                            @ DW_AT_decl_line
                                        @ DW_AT_prototyped
                                        @ DW_AT_external
	.byte	38                              @ Abbrev [38] 0x34a1:0x5e DW_TAG_subprogram
	.long	.Lfunc_begin70                  @ DW_AT_low_pc
	.long	.Lfunc_end70-.Lfunc_begin70     @ DW_AT_high_pc
	.byte	1                               @ DW_AT_frame_base
	.byte	93
	.long	.Linfo_string638                @ DW_AT_name
	.byte	6                               @ DW_AT_decl_file
	.short	1497                            @ DW_AT_decl_line
                                        @ DW_AT_prototyped
	.byte	35                              @ Abbrev [35] 0x34b3:0xf DW_TAG_formal_parameter
	.byte	2                               @ DW_AT_location
	.byte	145
	.byte	14
	.long	.Linfo_string675                @ DW_AT_name
	.byte	6                               @ DW_AT_decl_file
	.short	1497                            @ DW_AT_decl_line
	.long	3189                            @ DW_AT_type
	.byte	35                              @ Abbrev [35] 0x34c2:0xf DW_TAG_formal_parameter
	.byte	2                               @ DW_AT_location
	.byte	145
	.byte	13
	.long	.Linfo_string758                @ DW_AT_name
	.byte	6                               @ DW_AT_decl_file
	.short	1497                            @ DW_AT_decl_line
	.long	14676                           @ DW_AT_type
	.byte	36                              @ Abbrev [36] 0x34d1:0xf DW_TAG_variable
	.byte	2                               @ DW_AT_location
	.byte	145
	.byte	8
	.long	.Linfo_string760                @ DW_AT_name
	.byte	6                               @ DW_AT_decl_file
	.short	1499                            @ DW_AT_decl_line
	.long	2012                            @ DW_AT_type
	.byte	36                              @ Abbrev [36] 0x34e0:0xf DW_TAG_variable
	.byte	2                               @ DW_AT_location
	.byte	145
	.byte	4
	.long	.Linfo_string761                @ DW_AT_name
	.byte	6                               @ DW_AT_decl_file
	.short	1500                            @ DW_AT_decl_line
	.long	2012                            @ DW_AT_type
	.byte	36                              @ Abbrev [36] 0x34ef:0xf DW_TAG_variable
	.byte	2                               @ DW_AT_location
	.byte	145
	.byte	0
	.long	.Linfo_string762                @ DW_AT_name
	.byte	6                               @ DW_AT_decl_file
	.short	1501                            @ DW_AT_decl_line
	.long	6835                            @ DW_AT_type
	.byte	0                               @ End Of Children Mark
	.byte	42                              @ Abbrev [42] 0x34ff:0x4a DW_TAG_subprogram
	.long	.Lfunc_begin71                  @ DW_AT_low_pc
	.long	.Lfunc_end71-.Lfunc_begin71     @ DW_AT_high_pc
	.byte	1                               @ DW_AT_frame_base
	.byte	93
	.long	.Linfo_string639                @ DW_AT_name
	.byte	9                               @ DW_AT_decl_file
	.byte	210                             @ DW_AT_decl_line
                                        @ DW_AT_prototyped
	.byte	43                              @ Abbrev [43] 0x3510:0xe DW_TAG_formal_parameter
	.byte	2                               @ DW_AT_location
	.byte	145
	.byte	12
	.long	.Linfo_string763                @ DW_AT_name
	.byte	9                               @ DW_AT_decl_file
	.byte	210                             @ DW_AT_decl_line
	.long	6835                            @ DW_AT_type
	.byte	43                              @ Abbrev [43] 0x351e:0xe DW_TAG_formal_parameter
	.byte	2                               @ DW_AT_location
	.byte	145
	.byte	8
	.long	.Linfo_string764                @ DW_AT_name
	.byte	9                               @ DW_AT_decl_file
	.byte	210                             @ DW_AT_decl_line
	.long	2012                            @ DW_AT_type
	.byte	43                              @ Abbrev [43] 0x352c:0xe DW_TAG_formal_parameter
	.byte	2                               @ DW_AT_location
	.byte	145
	.byte	4
	.long	.Linfo_string765                @ DW_AT_name
	.byte	9                               @ DW_AT_decl_file
	.byte	210                             @ DW_AT_decl_line
	.long	2012                            @ DW_AT_type
	.byte	44                              @ Abbrev [44] 0x353a:0xe DW_TAG_variable
	.byte	2                               @ DW_AT_location
	.byte	145
	.byte	0
	.long	.Linfo_string766                @ DW_AT_name
	.byte	9                               @ DW_AT_decl_file
	.byte	212                             @ DW_AT_decl_line
	.long	2012                            @ DW_AT_type
	.byte	0                               @ End Of Children Mark
	.byte	38                              @ Abbrev [38] 0x3549:0x5e DW_TAG_subprogram
	.long	.Lfunc_begin72                  @ DW_AT_low_pc
	.long	.Lfunc_end72-.Lfunc_begin72     @ DW_AT_high_pc
	.byte	1                               @ DW_AT_frame_base
	.byte	93
	.long	.Linfo_string640                @ DW_AT_name
	.byte	1                               @ DW_AT_decl_file
	.short	372                             @ DW_AT_decl_line
                                        @ DW_AT_prototyped
	.byte	35                              @ Abbrev [35] 0x355b:0xf DW_TAG_formal_parameter
	.byte	2                               @ DW_AT_location
	.byte	145
	.byte	16
	.long	.Linfo_string767                @ DW_AT_name
	.byte	1                               @ DW_AT_decl_file
	.short	372                             @ DW_AT_decl_line
	.long	2312                            @ DW_AT_type
	.byte	35                              @ Abbrev [35] 0x356a:0xf DW_TAG_formal_parameter
	.byte	2                               @ DW_AT_location
	.byte	145
	.byte	12
	.long	.Linfo_string768                @ DW_AT_name
	.byte	1                               @ DW_AT_decl_file
	.short	372                             @ DW_AT_decl_line
	.long	2012                            @ DW_AT_type
	.byte	35                              @ Abbrev [35] 0x3579:0xf DW_TAG_formal_parameter
	.byte	2                               @ DW_AT_location
	.byte	145
	.byte	8
	.long	.Linfo_string769                @ DW_AT_name
	.byte	1                               @ DW_AT_decl_file
	.short	372                             @ DW_AT_decl_line
	.long	6846                            @ DW_AT_type
	.byte	36                              @ Abbrev [36] 0x3588:0xf DW_TAG_variable
	.byte	2                               @ DW_AT_location
	.byte	145
	.byte	4
	.long	.Linfo_string770                @ DW_AT_name
	.byte	1                               @ DW_AT_decl_file
	.short	374                             @ DW_AT_decl_line
	.long	6846                            @ DW_AT_type
	.byte	36                              @ Abbrev [36] 0x3597:0xf DW_TAG_variable
	.byte	2                               @ DW_AT_location
	.byte	145
	.byte	0
	.long	.Linfo_string771                @ DW_AT_name
	.byte	1                               @ DW_AT_decl_file
	.short	375                             @ DW_AT_decl_line
	.long	14541                           @ DW_AT_type
	.byte	0                               @ End Of Children Mark
	.byte	45                              @ Abbrev [45] 0x35a7:0x1a DW_TAG_subprogram
	.long	.Linfo_string563                @ DW_AT_name
	.byte	10                              @ DW_AT_decl_file
	.short	373                             @ DW_AT_decl_line
                                        @ DW_AT_prototyped
	.long	2012                            @ DW_AT_type
	.byte	1                               @ DW_AT_inline
	.byte	46                              @ Abbrev [46] 0x35b4:0xc DW_TAG_variable
	.long	.Linfo_string564                @ DW_AT_name
	.byte	10                              @ DW_AT_decl_file
	.short	375                             @ DW_AT_decl_line
	.long	2012                            @ DW_AT_type
	.byte	0                               @ End Of Children Mark
	.byte	39                              @ Abbrev [39] 0x35c1:0x40 DW_TAG_subprogram
	.long	.Lfunc_begin73                  @ DW_AT_low_pc
	.long	.Lfunc_end73-.Lfunc_begin73     @ DW_AT_high_pc
	.byte	1                               @ DW_AT_frame_base
	.byte	93
	.long	.Linfo_string641                @ DW_AT_name
	.byte	9                               @ DW_AT_decl_file
	.short	579                             @ DW_AT_decl_line
                                        @ DW_AT_prototyped
	.long	2012                            @ DW_AT_type
	.byte	36                              @ Abbrev [36] 0x35d7:0xf DW_TAG_variable
	.byte	2                               @ DW_AT_location
	.byte	145
	.byte	0
	.long	.Linfo_string772                @ DW_AT_name
	.byte	9                               @ DW_AT_decl_file
	.short	588                             @ DW_AT_decl_line
	.long	2012                            @ DW_AT_type
	.byte	47                              @ Abbrev [47] 0x35e6:0x1a DW_TAG_inlined_subroutine
	.long	13735                           @ DW_AT_abstract_origin
	.long	.Ltmp748                        @ DW_AT_low_pc
	.long	.Ltmp749-.Ltmp748               @ DW_AT_high_pc
	.byte	9                               @ DW_AT_call_file
	.short	588                             @ DW_AT_call_line
	.byte	27                              @ DW_AT_call_column
	.byte	48                              @ Abbrev [48] 0x35f7:0x8 DW_TAG_variable
	.byte	2                               @ DW_AT_location
	.byte	145
	.byte	4
	.long	13748                           @ DW_AT_abstract_origin
	.byte	0                               @ End Of Children Mark
	.byte	0                               @ End Of Children Mark
	.byte	49                              @ Abbrev [49] 0x3601:0x16 DW_TAG_subprogram
	.long	.Linfo_string565                @ DW_AT_name
	.byte	10                              @ DW_AT_decl_file
	.short	403                             @ DW_AT_decl_line
                                        @ DW_AT_prototyped
	.byte	1                               @ DW_AT_inline
	.byte	50                              @ Abbrev [50] 0x360a:0xc DW_TAG_formal_parameter
	.long	.Linfo_string566                @ DW_AT_name
	.byte	10                              @ DW_AT_decl_file
	.short	403                             @ DW_AT_decl_line
	.long	2012                            @ DW_AT_type
	.byte	0                               @ End Of Children Mark
	.byte	38                              @ Abbrev [38] 0x3617:0x3c DW_TAG_subprogram
	.long	.Lfunc_begin74                  @ DW_AT_low_pc
	.long	.Lfunc_end74-.Lfunc_begin74     @ DW_AT_high_pc
	.byte	1                               @ DW_AT_frame_base
	.byte	93
	.long	.Linfo_string642                @ DW_AT_name
	.byte	9                               @ DW_AT_decl_file
	.short	606                             @ DW_AT_decl_line
                                        @ DW_AT_prototyped
	.byte	35                              @ Abbrev [35] 0x3629:0xf DW_TAG_formal_parameter
	.byte	2                               @ DW_AT_location
	.byte	145
	.byte	0
	.long	.Linfo_string773                @ DW_AT_name
	.byte	9                               @ DW_AT_decl_file
	.short	606                             @ DW_AT_decl_line
	.long	2012                            @ DW_AT_type
	.byte	47                              @ Abbrev [47] 0x3638:0x1a DW_TAG_inlined_subroutine
	.long	13825                           @ DW_AT_abstract_origin
	.long	.Ltmp752                        @ DW_AT_low_pc
	.long	.Ltmp753-.Ltmp752               @ DW_AT_high_pc
	.byte	9                               @ DW_AT_call_file
	.short	611                             @ DW_AT_call_line
	.byte	5                               @ DW_AT_call_column
	.byte	51                              @ Abbrev [51] 0x3649:0x8 DW_TAG_formal_parameter
	.byte	2                               @ DW_AT_location
	.byte	145
	.byte	4
	.long	13834                           @ DW_AT_abstract_origin
	.byte	0                               @ End Of Children Mark
	.byte	0                               @ End Of Children Mark
	.byte	38                              @ Abbrev [38] 0x3653:0x22 DW_TAG_subprogram
	.long	.Lfunc_begin75                  @ DW_AT_low_pc
	.long	.Lfunc_end75-.Lfunc_begin75     @ DW_AT_high_pc
	.byte	1                               @ DW_AT_frame_base
	.byte	93
	.long	.Linfo_string643                @ DW_AT_name
	.byte	8                               @ DW_AT_decl_file
	.short	1902                            @ DW_AT_decl_line
                                        @ DW_AT_prototyped
	.byte	35                              @ Abbrev [35] 0x3665:0xf DW_TAG_formal_parameter
	.byte	2                               @ DW_AT_location
	.byte	145
	.byte	2
	.long	.Linfo_string394                @ DW_AT_name
	.byte	8                               @ DW_AT_decl_file
	.short	1902                            @ DW_AT_decl_line
	.long	4316                            @ DW_AT_type
	.byte	0                               @ End Of Children Mark
	.byte	39                              @ Abbrev [39] 0x3675:0x53 DW_TAG_subprogram
	.long	.Lfunc_begin76                  @ DW_AT_low_pc
	.long	.Lfunc_end76-.Lfunc_begin76     @ DW_AT_high_pc
	.byte	1                               @ DW_AT_frame_base
	.byte	93
	.long	.Linfo_string644                @ DW_AT_name
	.byte	1                               @ DW_AT_decl_file
	.short	673                             @ DW_AT_decl_line
                                        @ DW_AT_prototyped
	.long	14024                           @ DW_AT_type
	.byte	35                              @ Abbrev [35] 0x368b:0xf DW_TAG_formal_parameter
	.byte	2                               @ DW_AT_location
	.byte	145
	.byte	12
	.long	.Linfo_string645                @ DW_AT_name
	.byte	1                               @ DW_AT_decl_file
	.short	673                             @ DW_AT_decl_line
	.long	961                             @ DW_AT_type
	.byte	35                              @ Abbrev [35] 0x369a:0xf DW_TAG_formal_parameter
	.byte	2                               @ DW_AT_location
	.byte	145
	.byte	11
	.long	.Linfo_string686                @ DW_AT_name
	.byte	1                               @ DW_AT_decl_file
	.short	673                             @ DW_AT_decl_line
	.long	2042                            @ DW_AT_type
	.byte	36                              @ Abbrev [36] 0x36a9:0xf DW_TAG_variable
	.byte	2                               @ DW_AT_location
	.byte	145
	.byte	4
	.long	.Linfo_string774                @ DW_AT_name
	.byte	1                               @ DW_AT_decl_file
	.short	678                             @ DW_AT_decl_line
	.long	2012                            @ DW_AT_type
	.byte	36                              @ Abbrev [36] 0x36b8:0xf DW_TAG_variable
	.byte	2                               @ DW_AT_location
	.byte	145
	.byte	3
	.long	.Linfo_string688                @ DW_AT_name
	.byte	1                               @ DW_AT_decl_file
	.short	679                             @ DW_AT_decl_line
	.long	14024                           @ DW_AT_type
	.byte	0                               @ End Of Children Mark
	.byte	5                               @ Abbrev [5] 0x36c8:0x7 DW_TAG_base_type
	.long	.Linfo_string587                @ DW_AT_name
	.byte	2                               @ DW_AT_encoding
	.byte	1                               @ DW_AT_byte_size
	.byte	8                               @ Abbrev [8] 0x36cf:0x5 DW_TAG_pointer_type
	.long	14036                           @ DW_AT_type
	.byte	21                              @ Abbrev [21] 0x36d4:0x5 DW_TAG_const_type
	.long	14041                           @ DW_AT_type
	.byte	9                               @ Abbrev [9] 0x36d9:0xc DW_TAG_typedef
	.long	14053                           @ DW_AT_type
	.long	.Linfo_string671                @ DW_AT_name
	.byte	5                               @ DW_AT_decl_file
	.short	776                             @ DW_AT_decl_line
	.byte	24                              @ Abbrev [24] 0x36e5:0x107 DW_TAG_structure_type
	.long	.Linfo_string670                @ DW_AT_name
	.byte	32                              @ DW_AT_byte_size
	.byte	5                               @ DW_AT_decl_file
	.short	727                             @ DW_AT_decl_line
	.byte	16                              @ Abbrev [16] 0x36ee:0x9 DW_TAG_member
	.long	14071                           @ DW_AT_type
	.byte	5                               @ DW_AT_decl_file
	.short	729                             @ DW_AT_decl_line
	.byte	0                               @ DW_AT_data_member_location
	.byte	26                              @ Abbrev [26] 0x36f7:0x58 DW_TAG_union_type
	.byte	8                               @ DW_AT_byte_size
	.byte	5                               @ DW_AT_decl_file
	.short	729                             @ DW_AT_decl_line
	.byte	16                              @ Abbrev [16] 0x36fc:0x9 DW_TAG_member
	.long	14085                           @ DW_AT_type
	.byte	5                               @ DW_AT_decl_file
	.short	731                             @ DW_AT_decl_line
	.byte	0                               @ DW_AT_data_member_location
	.byte	18                              @ Abbrev [18] 0x3705:0x20 DW_TAG_structure_type
	.byte	8                               @ DW_AT_byte_size
	.byte	5                               @ DW_AT_decl_file
	.short	731                             @ DW_AT_decl_line
	.byte	11                              @ Abbrev [11] 0x370a:0xd DW_TAG_member
	.long	.Linfo_string652                @ DW_AT_name
	.long	2012                            @ DW_AT_type
	.byte	5                               @ DW_AT_decl_file
	.short	733                             @ DW_AT_decl_line
	.byte	0                               @ DW_AT_data_member_location
	.byte	11                              @ Abbrev [11] 0x3717:0xd DW_TAG_member
	.long	.Linfo_string653                @ DW_AT_name
	.long	2012                            @ DW_AT_type
	.byte	5                               @ DW_AT_decl_file
	.short	735                             @ DW_AT_decl_line
	.byte	4                               @ DW_AT_data_member_location
	.byte	0                               @ End Of Children Mark
	.byte	16                              @ Abbrev [16] 0x3725:0x9 DW_TAG_member
	.long	14126                           @ DW_AT_type
	.byte	5                               @ DW_AT_decl_file
	.short	738                             @ DW_AT_decl_line
	.byte	0                               @ DW_AT_data_member_location
	.byte	18                              @ Abbrev [18] 0x372e:0x20 DW_TAG_structure_type
	.byte	8                               @ DW_AT_byte_size
	.byte	5                               @ DW_AT_decl_file
	.short	738                             @ DW_AT_decl_line
	.byte	11                              @ Abbrev [11] 0x3733:0xd DW_TAG_member
	.long	.Linfo_string654                @ DW_AT_name
	.long	2012                            @ DW_AT_type
	.byte	5                               @ DW_AT_decl_file
	.short	740                             @ DW_AT_decl_line
	.byte	0                               @ DW_AT_data_member_location
	.byte	11                              @ Abbrev [11] 0x3740:0xd DW_TAG_member
	.long	.Linfo_string655                @ DW_AT_name
	.long	2012                            @ DW_AT_type
	.byte	5                               @ DW_AT_decl_file
	.short	742                             @ DW_AT_decl_line
	.byte	4                               @ DW_AT_data_member_location
	.byte	0                               @ End Of Children Mark
	.byte	0                               @ End Of Children Mark
	.byte	11                              @ Abbrev [11] 0x374f:0xd DW_TAG_member
	.long	.Linfo_string656                @ DW_AT_name
	.long	14316                           @ DW_AT_type
	.byte	5                               @ DW_AT_decl_file
	.short	746                             @ DW_AT_decl_line
	.byte	8                               @ DW_AT_data_member_location
	.byte	11                              @ Abbrev [11] 0x375c:0xd DW_TAG_member
	.long	.Linfo_string658                @ DW_AT_name
	.long	14328                           @ DW_AT_type
	.byte	5                               @ DW_AT_decl_file
	.short	747                             @ DW_AT_decl_line
	.byte	9                               @ DW_AT_data_member_location
	.byte	11                              @ Abbrev [11] 0x3769:0xd DW_TAG_member
	.long	.Linfo_string660                @ DW_AT_name
	.long	2042                            @ DW_AT_type
	.byte	5                               @ DW_AT_decl_file
	.short	748                             @ DW_AT_decl_line
	.byte	10                              @ DW_AT_data_member_location
	.byte	11                              @ Abbrev [11] 0x3776:0xd DW_TAG_member
	.long	.Linfo_string661                @ DW_AT_name
	.long	14024                           @ DW_AT_type
	.byte	5                               @ DW_AT_decl_file
	.short	749                             @ DW_AT_decl_line
	.byte	11                              @ DW_AT_data_member_location
	.byte	11                              @ Abbrev [11] 0x3783:0xd DW_TAG_member
	.long	.Linfo_string662                @ DW_AT_name
	.long	14024                           @ DW_AT_type
	.byte	5                               @ DW_AT_decl_file
	.short	750                             @ DW_AT_decl_line
	.byte	12                              @ DW_AT_data_member_location
	.byte	11                              @ Abbrev [11] 0x3790:0xd DW_TAG_member
	.long	.Linfo_string663                @ DW_AT_name
	.long	14024                           @ DW_AT_type
	.byte	5                               @ DW_AT_decl_file
	.short	751                             @ DW_AT_decl_line
	.byte	13                              @ DW_AT_data_member_location
	.byte	11                              @ Abbrev [11] 0x379d:0xd DW_TAG_member
	.long	.Linfo_string664                @ DW_AT_name
	.long	14024                           @ DW_AT_type
	.byte	5                               @ DW_AT_decl_file
	.short	752                             @ DW_AT_decl_line
	.byte	14                              @ DW_AT_data_member_location
	.byte	11                              @ Abbrev [11] 0x37aa:0xd DW_TAG_member
	.long	.Linfo_string665                @ DW_AT_name
	.long	14024                           @ DW_AT_type
	.byte	5                               @ DW_AT_decl_file
	.short	753                             @ DW_AT_decl_line
	.byte	15                              @ DW_AT_data_member_location
	.byte	11                              @ Abbrev [11] 0x37b7:0xd DW_TAG_member
	.long	.Linfo_string666                @ DW_AT_name
	.long	14024                           @ DW_AT_type
	.byte	5                               @ DW_AT_decl_file
	.short	754                             @ DW_AT_decl_line
	.byte	16                              @ DW_AT_data_member_location
	.byte	11                              @ Abbrev [11] 0x37c4:0xd DW_TAG_member
	.long	.Linfo_string667                @ DW_AT_name
	.long	14024                           @ DW_AT_type
	.byte	5                               @ DW_AT_decl_file
	.short	756                             @ DW_AT_decl_line
	.byte	17                              @ DW_AT_data_member_location
	.byte	11                              @ Abbrev [11] 0x37d1:0xd DW_TAG_member
	.long	.Linfo_string668                @ DW_AT_name
	.long	14024                           @ DW_AT_type
	.byte	5                               @ DW_AT_decl_file
	.short	760                             @ DW_AT_decl_line
	.byte	18                              @ DW_AT_data_member_location
	.byte	11                              @ Abbrev [11] 0x37de:0xd DW_TAG_member
	.long	.Linfo_string669                @ DW_AT_name
	.long	6867                            @ DW_AT_type
	.byte	5                               @ DW_AT_decl_file
	.short	775                             @ DW_AT_decl_line
	.byte	20                              @ DW_AT_data_member_location
	.byte	0                               @ End Of Children Mark
	.byte	9                               @ Abbrev [9] 0x37ec:0xc DW_TAG_typedef
	.long	5559                            @ DW_AT_type
	.long	.Linfo_string657                @ DW_AT_name
	.byte	5                               @ DW_AT_decl_file
	.short	287                             @ DW_AT_decl_line
	.byte	9                               @ Abbrev [9] 0x37f8:0xc DW_TAG_typedef
	.long	5597                            @ DW_AT_type
	.long	.Linfo_string659                @ DW_AT_name
	.byte	5                               @ DW_AT_decl_file
	.short	294                             @ DW_AT_decl_line
	.byte	9                               @ Abbrev [9] 0x3804:0xc DW_TAG_typedef
	.long	5623                            @ DW_AT_type
	.long	.Linfo_string681                @ DW_AT_name
	.byte	5                               @ DW_AT_decl_file
	.short	317                             @ DW_AT_decl_line
	.byte	8                               @ Abbrev [8] 0x3810:0x5 DW_TAG_pointer_type
	.long	14041                           @ DW_AT_type
	.byte	8                               @ Abbrev [8] 0x3815:0x5 DW_TAG_pointer_type
	.long	6867                            @ DW_AT_type
	.byte	8                               @ Abbrev [8] 0x381a:0x5 DW_TAG_pointer_type
	.long	14367                           @ DW_AT_type
	.byte	21                              @ Abbrev [21] 0x381f:0x5 DW_TAG_const_type
	.long	14372                           @ DW_AT_type
	.byte	9                               @ Abbrev [9] 0x3824:0xc DW_TAG_typedef
	.long	14384                           @ DW_AT_type
	.long	.Linfo_string713                @ DW_AT_name
	.byte	5                               @ DW_AT_decl_file
	.short	793                             @ DW_AT_decl_line
	.byte	24                              @ Abbrev [24] 0x3830:0x31 DW_TAG_structure_type
	.long	.Linfo_string712                @ DW_AT_name
	.byte	8                               @ DW_AT_byte_size
	.byte	5                               @ DW_AT_decl_file
	.short	787                             @ DW_AT_decl_line
	.byte	11                              @ Abbrev [11] 0x3839:0xd DW_TAG_member
	.long	.Linfo_string71                 @ DW_AT_name
	.long	2012                            @ DW_AT_type
	.byte	5                               @ DW_AT_decl_file
	.short	789                             @ DW_AT_decl_line
	.byte	0                               @ DW_AT_data_member_location
	.byte	11                              @ Abbrev [11] 0x3846:0xd DW_TAG_member
	.long	.Linfo_string69                 @ DW_AT_name
	.long	14433                           @ DW_AT_type
	.byte	5                               @ DW_AT_decl_file
	.short	791                             @ DW_AT_decl_line
	.byte	4                               @ DW_AT_data_member_location
	.byte	11                              @ Abbrev [11] 0x3853:0xd DW_TAG_member
	.long	.Linfo_string68                 @ DW_AT_name
	.long	14445                           @ DW_AT_type
	.byte	5                               @ DW_AT_decl_file
	.short	792                             @ DW_AT_decl_line
	.byte	5                               @ DW_AT_data_member_location
	.byte	0                               @ End Of Children Mark
	.byte	9                               @ Abbrev [9] 0x3861:0xc DW_TAG_typedef
	.long	5704                            @ DW_AT_type
	.long	.Linfo_string710                @ DW_AT_name
	.byte	5                               @ DW_AT_decl_file
	.short	268                             @ DW_AT_decl_line
	.byte	9                               @ Abbrev [9] 0x386d:0xc DW_TAG_typedef
	.long	5730                            @ DW_AT_type
	.long	.Linfo_string711                @ DW_AT_name
	.byte	5                               @ DW_AT_decl_file
	.short	275                             @ DW_AT_decl_line
	.byte	8                               @ Abbrev [8] 0x3879:0x5 DW_TAG_pointer_type
	.long	14462                           @ DW_AT_type
	.byte	21                              @ Abbrev [21] 0x387e:0x5 DW_TAG_const_type
	.long	14467                           @ DW_AT_type
	.byte	9                               @ Abbrev [9] 0x3883:0xc DW_TAG_typedef
	.long	14479                           @ DW_AT_type
	.long	.Linfo_string723                @ DW_AT_name
	.byte	5                               @ DW_AT_decl_file
	.short	893                             @ DW_AT_decl_line
	.byte	24                              @ Abbrev [24] 0x388f:0x3e DW_TAG_structure_type
	.long	.Linfo_string722                @ DW_AT_name
	.byte	8                               @ DW_AT_byte_size
	.byte	5                               @ DW_AT_decl_file
	.short	887                             @ DW_AT_decl_line
	.byte	11                              @ Abbrev [11] 0x3898:0xd DW_TAG_member
	.long	.Linfo_string716                @ DW_AT_name
	.long	14541                           @ DW_AT_type
	.byte	5                               @ DW_AT_decl_file
	.short	889                             @ DW_AT_decl_line
	.byte	0                               @ DW_AT_data_member_location
	.byte	11                              @ Abbrev [11] 0x38a5:0xd DW_TAG_member
	.long	.Linfo_string717                @ DW_AT_name
	.long	2042                            @ DW_AT_type
	.byte	5                               @ DW_AT_decl_file
	.short	890                             @ DW_AT_decl_line
	.byte	4                               @ DW_AT_data_member_location
	.byte	11                              @ Abbrev [11] 0x38b2:0xd DW_TAG_member
	.long	.Linfo_string718                @ DW_AT_name
	.long	14546                           @ DW_AT_type
	.byte	5                               @ DW_AT_decl_file
	.short	891                             @ DW_AT_decl_line
	.byte	5                               @ DW_AT_data_member_location
	.byte	11                              @ Abbrev [11] 0x38bf:0xd DW_TAG_member
	.long	.Linfo_string720                @ DW_AT_name
	.long	14558                           @ DW_AT_type
	.byte	5                               @ DW_AT_decl_file
	.short	892                             @ DW_AT_decl_line
	.byte	6                               @ DW_AT_data_member_location
	.byte	0                               @ End Of Children Mark
	.byte	8                               @ Abbrev [8] 0x38cd:0x5 DW_TAG_pointer_type
	.long	2012                            @ DW_AT_type
	.byte	9                               @ Abbrev [9] 0x38d2:0xc DW_TAG_typedef
	.long	5811                            @ DW_AT_type
	.long	.Linfo_string719                @ DW_AT_name
	.byte	5                               @ DW_AT_decl_file
	.short	305                             @ DW_AT_decl_line
	.byte	9                               @ Abbrev [9] 0x38de:0xc DW_TAG_typedef
	.long	5849                            @ DW_AT_type
	.long	.Linfo_string721                @ DW_AT_name
	.byte	5                               @ DW_AT_decl_file
	.short	385                             @ DW_AT_decl_line
	.byte	8                               @ Abbrev [8] 0x38ea:0x5 DW_TAG_pointer_type
	.long	14575                           @ DW_AT_type
	.byte	9                               @ Abbrev [9] 0x38ef:0xc DW_TAG_typedef
	.long	14587                           @ DW_AT_type
	.long	.Linfo_string750                @ DW_AT_name
	.byte	5                               @ DW_AT_decl_file
	.short	954                             @ DW_AT_decl_line
	.byte	24                              @ Abbrev [24] 0x38fb:0x31 DW_TAG_structure_type
	.long	.Linfo_string749                @ DW_AT_name
	.byte	12                              @ DW_AT_byte_size
	.byte	5                               @ DW_AT_decl_file
	.short	947                             @ DW_AT_decl_line
	.byte	11                              @ Abbrev [11] 0x3904:0xd DW_TAG_member
	.long	.Linfo_string747                @ DW_AT_name
	.long	2675                            @ DW_AT_type
	.byte	5                               @ DW_AT_decl_file
	.short	950                             @ DW_AT_decl_line
	.byte	0                               @ DW_AT_data_member_location
	.byte	11                              @ Abbrev [11] 0x3911:0xd DW_TAG_member
	.long	.Linfo_string748                @ DW_AT_name
	.long	2330                            @ DW_AT_type
	.byte	5                               @ DW_AT_decl_file
	.short	952                             @ DW_AT_decl_line
	.byte	4                               @ DW_AT_data_member_location
	.byte	11                              @ Abbrev [11] 0x391e:0xd DW_TAG_member
	.long	.Linfo_string686                @ DW_AT_name
	.long	2042                            @ DW_AT_type
	.byte	5                               @ DW_AT_decl_file
	.short	953                             @ DW_AT_decl_line
	.byte	8                               @ DW_AT_data_member_location
	.byte	0                               @ End Of Children Mark
	.byte	8                               @ Abbrev [8] 0x392c:0x5 DW_TAG_pointer_type
	.long	14641                           @ DW_AT_type
	.byte	9                               @ Abbrev [9] 0x3931:0xc DW_TAG_typedef
	.long	14653                           @ DW_AT_type
	.long	.Linfo_string754                @ DW_AT_name
	.byte	5                               @ DW_AT_decl_file
	.short	964                             @ DW_AT_decl_line
	.byte	24                              @ Abbrev [24] 0x393d:0x17 DW_TAG_structure_type
	.long	.Linfo_string753                @ DW_AT_name
	.byte	4                               @ DW_AT_byte_size
	.byte	5                               @ DW_AT_decl_file
	.short	957                             @ DW_AT_decl_line
	.byte	11                              @ Abbrev [11] 0x3946:0xd DW_TAG_member
	.long	.Linfo_string748                @ DW_AT_name
	.long	2330                            @ DW_AT_type
	.byte	5                               @ DW_AT_decl_file
	.short	963                             @ DW_AT_decl_line
	.byte	0                               @ DW_AT_data_member_location
	.byte	0                               @ End Of Children Mark
	.byte	9                               @ Abbrev [9] 0x3954:0xc DW_TAG_typedef
	.long	6309                            @ DW_AT_type
	.long	.Linfo_string759                @ DW_AT_name
	.byte	6                               @ DW_AT_decl_file
	.short	667                             @ DW_AT_decl_line
	.byte	0                               @ End Of Children Mark
.Ldebug_info_end0:
	.section	.debug_ranges,"",%progbits
.Ldebug_ranges0:
	.long	.Lfunc_begin0
	.long	.Lfunc_end0
	.long	.Lfunc_begin1
	.long	.Lfunc_end1
	.long	.Lfunc_begin2
	.long	.Lfunc_end2
	.long	.Lfunc_begin3
	.long	.Lfunc_end3
	.long	.Lfunc_begin4
	.long	.Lfunc_end4
	.long	.Lfunc_begin5
	.long	.Lfunc_end5
	.long	.Lfunc_begin6
	.long	.Lfunc_end6
	.long	.Lfunc_begin7
	.long	.Lfunc_end7
	.long	.Lfunc_begin8
	.long	.Lfunc_end8
	.long	.Lfunc_begin9
	.long	.Lfunc_end9
	.long	.Lfunc_begin10
	.long	.Lfunc_end10
	.long	.Lfunc_begin11
	.long	.Lfunc_end11
	.long	.Lfunc_begin12
	.long	.Lfunc_end12
	.long	.Lfunc_begin13
	.long	.Lfunc_end13
	.long	.Lfunc_begin14
	.long	.Lfunc_end14
	.long	.Lfunc_begin15
	.long	.Lfunc_end15
	.long	.Lfunc_begin16
	.long	.Lfunc_end16
	.long	.Lfunc_begin17
	.long	.Lfunc_end17
	.long	.Lfunc_begin18
	.long	.Lfunc_end18
	.long	.Lfunc_begin19
	.long	.Lfunc_end19
	.long	.Lfunc_begin20
	.long	.Lfunc_end20
	.long	.Lfunc_begin21
	.long	.Lfunc_end21
	.long	.Lfunc_begin22
	.long	.Lfunc_end22
	.long	.Lfunc_begin23
	.long	.Lfunc_end23
	.long	.Lfunc_begin24
	.long	.Lfunc_end24
	.long	.Lfunc_begin25
	.long	.Lfunc_end25
	.long	.Lfunc_begin26
	.long	.Lfunc_end26
	.long	.Lfunc_begin27
	.long	.Lfunc_end27
	.long	.Lfunc_begin28
	.long	.Lfunc_end28
	.long	.Lfunc_begin29
	.long	.Lfunc_end29
	.long	.Lfunc_begin30
	.long	.Lfunc_end30
	.long	.Lfunc_begin31
	.long	.Lfunc_end31
	.long	.Lfunc_begin32
	.long	.Lfunc_end32
	.long	.Lfunc_begin33
	.long	.Lfunc_end33
	.long	.Lfunc_begin34
	.long	.Lfunc_end34
	.long	.Lfunc_begin35
	.long	.Lfunc_end35
	.long	.Lfunc_begin36
	.long	.Lfunc_end36
	.long	.Lfunc_begin37
	.long	.Lfunc_end37
	.long	.Lfunc_begin38
	.long	.Lfunc_end38
	.long	.Lfunc_begin39
	.long	.Lfunc_end39
	.long	.Lfunc_begin40
	.long	.Lfunc_end40
	.long	.Lfunc_begin41
	.long	.Lfunc_end41
	.long	.Lfunc_begin42
	.long	.Lfunc_end42
	.long	.Lfunc_begin43
	.long	.Lfunc_end43
	.long	.Lfunc_begin44
	.long	.Lfunc_end44
	.long	.Lfunc_begin45
	.long	.Lfunc_end45
	.long	.Lfunc_begin46
	.long	.Lfunc_end46
	.long	.Lfunc_begin47
	.long	.Lfunc_end47
	.long	.Lfunc_begin48
	.long	.Lfunc_end48
	.long	.Lfunc_begin49
	.long	.Lfunc_end49
	.long	.Lfunc_begin50
	.long	.Lfunc_end50
	.long	.Lfunc_begin51
	.long	.Lfunc_end51
	.long	.Lfunc_begin52
	.long	.Lfunc_end52
	.long	.Lfunc_begin53
	.long	.Lfunc_end53
	.long	.Lfunc_begin54
	.long	.Lfunc_end54
	.long	.Lfunc_begin55
	.long	.Lfunc_end55
	.long	.Lfunc_begin56
	.long	.Lfunc_end56
	.long	.Lfunc_begin57
	.long	.Lfunc_end57
	.long	.Lfunc_begin58
	.long	.Lfunc_end58
	.long	.Lfunc_begin59
	.long	.Lfunc_end59
	.long	.Lfunc_begin60
	.long	.Lfunc_end60
	.long	.Lfunc_begin61
	.long	.Lfunc_end61
	.long	.Lfunc_begin62
	.long	.Lfunc_end62
	.long	.Lfunc_begin63
	.long	.Lfunc_end63
	.long	.Lfunc_begin64
	.long	.Lfunc_end64
	.long	.Lfunc_begin65
	.long	.Lfunc_end65
	.long	.Lfunc_begin66
	.long	.Lfunc_end66
	.long	.Lfunc_begin67
	.long	.Lfunc_end67
	.long	.Lfunc_begin68
	.long	.Lfunc_end68
	.long	.Lfunc_begin69
	.long	.Lfunc_end69
	.long	.Lfunc_begin70
	.long	.Lfunc_end70
	.long	.Lfunc_begin71
	.long	.Lfunc_end71
	.long	.Lfunc_begin72
	.long	.Lfunc_end72
	.long	.Lfunc_begin73
	.long	.Lfunc_end73
	.long	.Lfunc_begin74
	.long	.Lfunc_end74
	.long	.Lfunc_begin75
	.long	.Lfunc_end75
	.long	.Lfunc_begin76
	.long	.Lfunc_end76
	.long	0
	.long	0
	.section	.debug_str,"MS",%progbits,1
.Linfo_string0:
	.asciz	"Component: Arm Compiler for Embedded 6.19 Tool: armclang [5e73cb00]" @ string offset=0
.Linfo_string1:
	.asciz	"../../libraries/sdk/drives\\fsl_flexcan.c" @ string offset=68
.Linfo_string2:
	.asciz	"E:\\FILE_SMART_CAR\\\346\231\272\350\203\275\350\247\206\350\247\211\\RT1064_Library-master\\RT1064_Library-master\\SeekFree_RT1064_Opensource_Library\\project\\mdk" @ string offset=109
.Linfo_string3:
	.asciz	"char"                          @ string offset=231
.Linfo_string4:
	.asciz	"__ARRAY_SIZE_TYPE__"           @ string offset=236
.Linfo_string5:
	.asciz	"s_flexcanHandle"               @ string offset=256
.Linfo_string6:
	.asciz	"callback"                      @ string offset=272
.Linfo_string7:
	.asciz	"MCR"                           @ string offset=281
.Linfo_string8:
	.asciz	"unsigned int"                  @ string offset=285
.Linfo_string9:
	.asciz	"uint32_t"                      @ string offset=298
.Linfo_string10:
	.asciz	"CTRL1"                         @ string offset=307
.Linfo_string11:
	.asciz	"TIMER"                         @ string offset=313
.Linfo_string12:
	.asciz	"RESERVED_0"                    @ string offset=319
.Linfo_string13:
	.asciz	"unsigned char"                 @ string offset=330
.Linfo_string14:
	.asciz	"uint8_t"                       @ string offset=344
.Linfo_string15:
	.asciz	"RXMGMASK"                      @ string offset=352
.Linfo_string16:
	.asciz	"RX14MASK"                      @ string offset=361
.Linfo_string17:
	.asciz	"RX15MASK"                      @ string offset=370
.Linfo_string18:
	.asciz	"ECR"                           @ string offset=379
.Linfo_string19:
	.asciz	"ESR1"                          @ string offset=383
.Linfo_string20:
	.asciz	"IMASK2"                        @ string offset=388
.Linfo_string21:
	.asciz	"IMASK1"                        @ string offset=395
.Linfo_string22:
	.asciz	"IFLAG2"                        @ string offset=402
.Linfo_string23:
	.asciz	"IFLAG1"                        @ string offset=409
.Linfo_string24:
	.asciz	"CTRL2"                         @ string offset=416
.Linfo_string25:
	.asciz	"ESR2"                          @ string offset=422
.Linfo_string26:
	.asciz	"RESERVED_1"                    @ string offset=427
.Linfo_string27:
	.asciz	"CRCR"                          @ string offset=438
.Linfo_string28:
	.asciz	"RXFGMASK"                      @ string offset=443
.Linfo_string29:
	.asciz	"RXFIR"                         @ string offset=452
.Linfo_string30:
	.asciz	"CBT"                           @ string offset=458
.Linfo_string31:
	.asciz	"RESERVED_2"                    @ string offset=462
.Linfo_string32:
	.asciz	"DBG1"                          @ string offset=473
.Linfo_string33:
	.asciz	"DBG2"                          @ string offset=478
.Linfo_string34:
	.asciz	"RESERVED_3"                    @ string offset=483
.Linfo_string35:
	.asciz	"MB_8B"                         @ string offset=494
.Linfo_string36:
	.asciz	"CS"                            @ string offset=500
.Linfo_string37:
	.asciz	"ID"                            @ string offset=503
.Linfo_string38:
	.asciz	"WORD"                          @ string offset=506
.Linfo_string39:
	.asciz	"MB_16B"                        @ string offset=511
.Linfo_string40:
	.asciz	"MB_16B_L"                      @ string offset=518
.Linfo_string41:
	.asciz	"MB_16B_H"                      @ string offset=527
.Linfo_string42:
	.asciz	"MB_32B"                        @ string offset=536
.Linfo_string43:
	.asciz	"MB_32B_L"                      @ string offset=543
.Linfo_string44:
	.asciz	"MB_32B_H"                      @ string offset=552
.Linfo_string45:
	.asciz	"MB_64B"                        @ string offset=561
.Linfo_string46:
	.asciz	"MB_64B_L"                      @ string offset=568
.Linfo_string47:
	.asciz	"MB_64B_H"                      @ string offset=577
.Linfo_string48:
	.asciz	"MB"                            @ string offset=586
.Linfo_string49:
	.asciz	"WORD0"                         @ string offset=589
.Linfo_string50:
	.asciz	"WORD1"                         @ string offset=595
.Linfo_string51:
	.asciz	"RESERVED_4"                    @ string offset=601
.Linfo_string52:
	.asciz	"RXIMR"                         @ string offset=612
.Linfo_string53:
	.asciz	"RESERVED_5"                    @ string offset=618
.Linfo_string54:
	.asciz	"GFWR"                          @ string offset=629
.Linfo_string55:
	.asciz	"RESERVED_6"                    @ string offset=634
.Linfo_string56:
	.asciz	"FDCTRL"                        @ string offset=645
.Linfo_string57:
	.asciz	"FDCBT"                         @ string offset=652
.Linfo_string58:
	.asciz	"FDCRC"                         @ string offset=658
.Linfo_string59:
	.asciz	"CAN_Type"                      @ string offset=664
.Linfo_string60:
	.asciz	"int"                           @ string offset=673
.Linfo_string61:
	.asciz	"int32_t"                       @ string offset=677
.Linfo_string62:
	.asciz	"status_t"                      @ string offset=685
.Linfo_string63:
	.asciz	"flexcan_transfer_callback_t"   @ string offset=694
.Linfo_string64:
	.asciz	"userData"                      @ string offset=722
.Linfo_string65:
	.asciz	"mbFrameBuf"                    @ string offset=731
.Linfo_string66:
	.asciz	"timestamp"                     @ string offset=742
.Linfo_string67:
	.asciz	"length"                        @ string offset=752
.Linfo_string68:
	.asciz	"type"                          @ string offset=759
.Linfo_string69:
	.asciz	"format"                        @ string offset=764
.Linfo_string70:
	.asciz	"idhit"                         @ string offset=771
.Linfo_string71:
	.asciz	"id"                            @ string offset=777
.Linfo_string72:
	.asciz	"dataWord0"                     @ string offset=780
.Linfo_string73:
	.asciz	"dataWord1"                     @ string offset=790
.Linfo_string74:
	.asciz	"dataByte3"                     @ string offset=800
.Linfo_string75:
	.asciz	"dataByte2"                     @ string offset=810
.Linfo_string76:
	.asciz	"dataByte1"                     @ string offset=820
.Linfo_string77:
	.asciz	"dataByte0"                     @ string offset=830
.Linfo_string78:
	.asciz	"dataByte7"                     @ string offset=840
.Linfo_string79:
	.asciz	"dataByte6"                     @ string offset=850
.Linfo_string80:
	.asciz	"dataByte5"                     @ string offset=860
.Linfo_string81:
	.asciz	"dataByte4"                     @ string offset=870
.Linfo_string82:
	.asciz	"_flexcan_frame"                @ string offset=880
.Linfo_string83:
	.asciz	"flexcan_frame_t"               @ string offset=895
.Linfo_string84:
	.asciz	"mbFDFrameBuf"                  @ string offset=911
.Linfo_string85:
	.asciz	"srr"                           @ string offset=924
.Linfo_string86:
	.asciz	"esi"                           @ string offset=928
.Linfo_string87:
	.asciz	"brs"                           @ string offset=932
.Linfo_string88:
	.asciz	"edl"                           @ string offset=936
.Linfo_string89:
	.asciz	"dataWord"                      @ string offset=940
.Linfo_string90:
	.asciz	"_flexcan_fd_frame"             @ string offset=949
.Linfo_string91:
	.asciz	"flexcan_fd_frame_t"            @ string offset=967
.Linfo_string92:
	.asciz	"rxFifoFrameBuf"                @ string offset=986
.Linfo_string93:
	.asciz	"mbState"                       @ string offset=1001
.Linfo_string94:
	.asciz	"rxFifoState"                   @ string offset=1009
.Linfo_string95:
	.asciz	"_flexcan_handle"               @ string offset=1021
.Linfo_string96:
	.asciz	"flexcan_handle_t"              @ string offset=1037
.Linfo_string97:
	.asciz	"s_flexcanBases"                @ string offset=1054
.Linfo_string98:
	.asciz	"s_flexcanClock"                @ string offset=1069
.Linfo_string99:
	.asciz	"short"                         @ string offset=1084
.Linfo_string100:
	.asciz	"kCLOCK_IpInvalid"              @ string offset=1090
.Linfo_string101:
	.asciz	"kCLOCK_Aips_tz1"               @ string offset=1107
.Linfo_string102:
	.asciz	"kCLOCK_Aips_tz2"               @ string offset=1123
.Linfo_string103:
	.asciz	"kCLOCK_Mqs"                    @ string offset=1139
.Linfo_string104:
	.asciz	"kCLOCK_FlexSpiExsc"            @ string offset=1150
.Linfo_string105:
	.asciz	"kCLOCK_Sim_M_Main"             @ string offset=1169
.Linfo_string106:
	.asciz	"kCLOCK_Dcp"                    @ string offset=1187
.Linfo_string107:
	.asciz	"kCLOCK_Lpuart3"                @ string offset=1198
.Linfo_string108:
	.asciz	"kCLOCK_Can1"                   @ string offset=1213
.Linfo_string109:
	.asciz	"kCLOCK_Can1S"                  @ string offset=1225
.Linfo_string110:
	.asciz	"kCLOCK_Can2"                   @ string offset=1238
.Linfo_string111:
	.asciz	"kCLOCK_Can2S"                  @ string offset=1250
.Linfo_string112:
	.asciz	"kCLOCK_Trace"                  @ string offset=1263
.Linfo_string113:
	.asciz	"kCLOCK_Gpt2"                   @ string offset=1276
.Linfo_string114:
	.asciz	"kCLOCK_Gpt2S"                  @ string offset=1288
.Linfo_string115:
	.asciz	"kCLOCK_Lpuart2"                @ string offset=1301
.Linfo_string116:
	.asciz	"kCLOCK_Gpio2"                  @ string offset=1316
.Linfo_string117:
	.asciz	"kCLOCK_Lpspi1"                 @ string offset=1329
.Linfo_string118:
	.asciz	"kCLOCK_Lpspi2"                 @ string offset=1343
.Linfo_string119:
	.asciz	"kCLOCK_Lpspi3"                 @ string offset=1357
.Linfo_string120:
	.asciz	"kCLOCK_Lpspi4"                 @ string offset=1371
.Linfo_string121:
	.asciz	"kCLOCK_Adc2"                   @ string offset=1385
.Linfo_string122:
	.asciz	"kCLOCK_Enet"                   @ string offset=1397
.Linfo_string123:
	.asciz	"kCLOCK_Pit"                    @ string offset=1409
.Linfo_string124:
	.asciz	"kCLOCK_Aoi2"                   @ string offset=1420
.Linfo_string125:
	.asciz	"kCLOCK_Adc1"                   @ string offset=1432
.Linfo_string126:
	.asciz	"kCLOCK_SemcExsc"               @ string offset=1444
.Linfo_string127:
	.asciz	"kCLOCK_Gpt1"                   @ string offset=1460
.Linfo_string128:
	.asciz	"kCLOCK_Gpt1S"                  @ string offset=1472
.Linfo_string129:
	.asciz	"kCLOCK_Lpuart4"                @ string offset=1485
.Linfo_string130:
	.asciz	"kCLOCK_Gpio1"                  @ string offset=1500
.Linfo_string131:
	.asciz	"kCLOCK_Csu"                    @ string offset=1513
.Linfo_string132:
	.asciz	"kCLOCK_Gpio5"                  @ string offset=1524
.Linfo_string133:
	.asciz	"kCLOCK_OcramExsc"              @ string offset=1537
.Linfo_string134:
	.asciz	"kCLOCK_Csi"                    @ string offset=1554
.Linfo_string135:
	.asciz	"kCLOCK_IomuxcSnvs"             @ string offset=1565
.Linfo_string136:
	.asciz	"kCLOCK_Lpi2c1"                 @ string offset=1583
.Linfo_string137:
	.asciz	"kCLOCK_Lpi2c2"                 @ string offset=1597
.Linfo_string138:
	.asciz	"kCLOCK_Lpi2c3"                 @ string offset=1611
.Linfo_string139:
	.asciz	"kCLOCK_Ocotp"                  @ string offset=1625
.Linfo_string140:
	.asciz	"kCLOCK_Xbar3"                  @ string offset=1638
.Linfo_string141:
	.asciz	"kCLOCK_Ipmux1"                 @ string offset=1651
.Linfo_string142:
	.asciz	"kCLOCK_Ipmux2"                 @ string offset=1665
.Linfo_string143:
	.asciz	"kCLOCK_Ipmux3"                 @ string offset=1679
.Linfo_string144:
	.asciz	"kCLOCK_Xbar1"                  @ string offset=1693
.Linfo_string145:
	.asciz	"kCLOCK_Xbar2"                  @ string offset=1706
.Linfo_string146:
	.asciz	"kCLOCK_Gpio3"                  @ string offset=1719
.Linfo_string147:
	.asciz	"kCLOCK_Lcd"                    @ string offset=1732
.Linfo_string148:
	.asciz	"kCLOCK_Pxp"                    @ string offset=1743
.Linfo_string149:
	.asciz	"kCLOCK_Flexio2"                @ string offset=1754
.Linfo_string150:
	.asciz	"kCLOCK_Lpuart5"                @ string offset=1769
.Linfo_string151:
	.asciz	"kCLOCK_Semc"                   @ string offset=1784
.Linfo_string152:
	.asciz	"kCLOCK_Lpuart6"                @ string offset=1796
.Linfo_string153:
	.asciz	"kCLOCK_Aoi1"                   @ string offset=1811
.Linfo_string154:
	.asciz	"kCLOCK_LcdPixel"               @ string offset=1823
.Linfo_string155:
	.asciz	"kCLOCK_Gpio4"                  @ string offset=1839
.Linfo_string156:
	.asciz	"kCLOCK_Ewm0"                   @ string offset=1852
.Linfo_string157:
	.asciz	"kCLOCK_Wdog1"                  @ string offset=1864
.Linfo_string158:
	.asciz	"kCLOCK_FlexRam"                @ string offset=1877
.Linfo_string159:
	.asciz	"kCLOCK_Acmp1"                  @ string offset=1892
.Linfo_string160:
	.asciz	"kCLOCK_Acmp2"                  @ string offset=1905
.Linfo_string161:
	.asciz	"kCLOCK_Acmp3"                  @ string offset=1918
.Linfo_string162:
	.asciz	"kCLOCK_Acmp4"                  @ string offset=1931
.Linfo_string163:
	.asciz	"kCLOCK_Ocram"                  @ string offset=1944
.Linfo_string164:
	.asciz	"kCLOCK_IomuxcSnvsGpr"          @ string offset=1957
.Linfo_string165:
	.asciz	"kCLOCK_Sim_m7_clk_r"           @ string offset=1978
.Linfo_string166:
	.asciz	"kCLOCK_Iomuxc"                 @ string offset=1998
.Linfo_string167:
	.asciz	"kCLOCK_IomuxcGpr"              @ string offset=2012
.Linfo_string168:
	.asciz	"kCLOCK_Bee"                    @ string offset=2029
.Linfo_string169:
	.asciz	"kCLOCK_SimM7"                  @ string offset=2040
.Linfo_string170:
	.asciz	"kCLOCK_Tsc"                    @ string offset=2053
.Linfo_string171:
	.asciz	"kCLOCK_SimM"                   @ string offset=2064
.Linfo_string172:
	.asciz	"kCLOCK_SimEms"                 @ string offset=2076
.Linfo_string173:
	.asciz	"kCLOCK_Pwm1"                   @ string offset=2090
.Linfo_string174:
	.asciz	"kCLOCK_Pwm2"                   @ string offset=2102
.Linfo_string175:
	.asciz	"kCLOCK_Pwm3"                   @ string offset=2114
.Linfo_string176:
	.asciz	"kCLOCK_Pwm4"                   @ string offset=2126
.Linfo_string177:
	.asciz	"kCLOCK_Enc1"                   @ string offset=2138
.Linfo_string178:
	.asciz	"kCLOCK_Enc2"                   @ string offset=2150
.Linfo_string179:
	.asciz	"kCLOCK_Enc3"                   @ string offset=2162
.Linfo_string180:
	.asciz	"kCLOCK_Enc4"                   @ string offset=2174
.Linfo_string181:
	.asciz	"kCLOCK_Rom"                    @ string offset=2186
.Linfo_string182:
	.asciz	"kCLOCK_Flexio1"                @ string offset=2197
.Linfo_string183:
	.asciz	"kCLOCK_Wdog3"                  @ string offset=2212
.Linfo_string184:
	.asciz	"kCLOCK_Dma"                    @ string offset=2225
.Linfo_string185:
	.asciz	"kCLOCK_Kpp"                    @ string offset=2236
.Linfo_string186:
	.asciz	"kCLOCK_Wdog2"                  @ string offset=2247
.Linfo_string187:
	.asciz	"kCLOCK_Aips_tz4"               @ string offset=2260
.Linfo_string188:
	.asciz	"kCLOCK_Spdif"                  @ string offset=2276
.Linfo_string189:
	.asciz	"kCLOCK_SimMain"                @ string offset=2289
.Linfo_string190:
	.asciz	"kCLOCK_Sai1"                   @ string offset=2304
.Linfo_string191:
	.asciz	"kCLOCK_Sai2"                   @ string offset=2316
.Linfo_string192:
	.asciz	"kCLOCK_Sai3"                   @ string offset=2328
.Linfo_string193:
	.asciz	"kCLOCK_Lpuart1"                @ string offset=2340
.Linfo_string194:
	.asciz	"kCLOCK_Lpuart7"                @ string offset=2355
.Linfo_string195:
	.asciz	"kCLOCK_SnvsHp"                 @ string offset=2370
.Linfo_string196:
	.asciz	"kCLOCK_SnvsLp"                 @ string offset=2384
.Linfo_string197:
	.asciz	"kCLOCK_UsbOh3"                 @ string offset=2398
.Linfo_string198:
	.asciz	"kCLOCK_Usdhc1"                 @ string offset=2412
.Linfo_string199:
	.asciz	"kCLOCK_Usdhc2"                 @ string offset=2426
.Linfo_string200:
	.asciz	"kCLOCK_Dcdc"                   @ string offset=2440
.Linfo_string201:
	.asciz	"kCLOCK_Ipmux4"                 @ string offset=2452
.Linfo_string202:
	.asciz	"kCLOCK_FlexSpi"                @ string offset=2466
.Linfo_string203:
	.asciz	"kCLOCK_Trng"                   @ string offset=2481
.Linfo_string204:
	.asciz	"kCLOCK_Lpuart8"                @ string offset=2493
.Linfo_string205:
	.asciz	"kCLOCK_Timer4"                 @ string offset=2508
.Linfo_string206:
	.asciz	"kCLOCK_Aips_tz3"               @ string offset=2522
.Linfo_string207:
	.asciz	"kCLOCK_SimPer"                 @ string offset=2538
.Linfo_string208:
	.asciz	"kCLOCK_Anadig"                 @ string offset=2552
.Linfo_string209:
	.asciz	"kCLOCK_Lpi2c4"                 @ string offset=2566
.Linfo_string210:
	.asciz	"kCLOCK_Timer1"                 @ string offset=2580
.Linfo_string211:
	.asciz	"kCLOCK_Timer2"                 @ string offset=2594
.Linfo_string212:
	.asciz	"kCLOCK_Timer3"                 @ string offset=2608
.Linfo_string213:
	.asciz	"kCLOCK_Enet2"                  @ string offset=2622
.Linfo_string214:
	.asciz	"kCLOCK_FlexSpi2"               @ string offset=2635
.Linfo_string215:
	.asciz	"kCLOCK_Axbs_l"                 @ string offset=2651
.Linfo_string216:
	.asciz	"kCLOCK_Can3"                   @ string offset=2665
.Linfo_string217:
	.asciz	"kCLOCK_Can3S"                  @ string offset=2677
.Linfo_string218:
	.asciz	"kCLOCK_Aips_lite"              @ string offset=2690
.Linfo_string219:
	.asciz	"kCLOCK_Flexio3"                @ string offset=2707
.Linfo_string220:
	.asciz	"_clock_ip_name"                @ string offset=2722
.Linfo_string221:
	.asciz	"clock_ip_name_t"               @ string offset=2737
.Linfo_string222:
	.asciz	"s_flexcanPeriphClock"          @ string offset=2753
.Linfo_string223:
	.asciz	"s_flexcanIsr"                  @ string offset=2774
.Linfo_string224:
	.asciz	"flexcan_isr_t"                 @ string offset=2787
.Linfo_string225:
	.asciz	"s_flexcanRxWarningIRQ"         @ string offset=2801
.Linfo_string226:
	.asciz	"NotAvail_IRQn"                 @ string offset=2823
.Linfo_string227:
	.asciz	"NonMaskableInt_IRQn"           @ string offset=2837
.Linfo_string228:
	.asciz	"HardFault_IRQn"                @ string offset=2857
.Linfo_string229:
	.asciz	"MemoryManagement_IRQn"         @ string offset=2872
.Linfo_string230:
	.asciz	"BusFault_IRQn"                 @ string offset=2894
.Linfo_string231:
	.asciz	"UsageFault_IRQn"               @ string offset=2908
.Linfo_string232:
	.asciz	"SVCall_IRQn"                   @ string offset=2924
.Linfo_string233:
	.asciz	"DebugMonitor_IRQn"             @ string offset=2936
.Linfo_string234:
	.asciz	"PendSV_IRQn"                   @ string offset=2954
.Linfo_string235:
	.asciz	"SysTick_IRQn"                  @ string offset=2966
.Linfo_string236:
	.asciz	"DMA0_DMA16_IRQn"               @ string offset=2979
.Linfo_string237:
	.asciz	"DMA1_DMA17_IRQn"               @ string offset=2995
.Linfo_string238:
	.asciz	"DMA2_DMA18_IRQn"               @ string offset=3011
.Linfo_string239:
	.asciz	"DMA3_DMA19_IRQn"               @ string offset=3027
.Linfo_string240:
	.asciz	"DMA4_DMA20_IRQn"               @ string offset=3043
.Linfo_string241:
	.asciz	"DMA5_DMA21_IRQn"               @ string offset=3059
.Linfo_string242:
	.asciz	"DMA6_DMA22_IRQn"               @ string offset=3075
.Linfo_string243:
	.asciz	"DMA7_DMA23_IRQn"               @ string offset=3091
.Linfo_string244:
	.asciz	"DMA8_DMA24_IRQn"               @ string offset=3107
.Linfo_string245:
	.asciz	"DMA9_DMA25_IRQn"               @ string offset=3123
.Linfo_string246:
	.asciz	"DMA10_DMA26_IRQn"              @ string offset=3139
.Linfo_string247:
	.asciz	"DMA11_DMA27_IRQn"              @ string offset=3156
.Linfo_string248:
	.asciz	"DMA12_DMA28_IRQn"              @ string offset=3173
.Linfo_string249:
	.asciz	"DMA13_DMA29_IRQn"              @ string offset=3190
.Linfo_string250:
	.asciz	"DMA14_DMA30_IRQn"              @ string offset=3207
.Linfo_string251:
	.asciz	"DMA15_DMA31_IRQn"              @ string offset=3224
.Linfo_string252:
	.asciz	"DMA_ERROR_IRQn"                @ string offset=3241
.Linfo_string253:
	.asciz	"CTI0_ERROR_IRQn"               @ string offset=3256
.Linfo_string254:
	.asciz	"CTI1_ERROR_IRQn"               @ string offset=3272
.Linfo_string255:
	.asciz	"CORE_IRQn"                     @ string offset=3288
.Linfo_string256:
	.asciz	"LPUART1_IRQn"                  @ string offset=3298
.Linfo_string257:
	.asciz	"LPUART2_IRQn"                  @ string offset=3311
.Linfo_string258:
	.asciz	"LPUART3_IRQn"                  @ string offset=3324
.Linfo_string259:
	.asciz	"LPUART4_IRQn"                  @ string offset=3337
.Linfo_string260:
	.asciz	"LPUART5_IRQn"                  @ string offset=3350
.Linfo_string261:
	.asciz	"LPUART6_IRQn"                  @ string offset=3363
.Linfo_string262:
	.asciz	"LPUART7_IRQn"                  @ string offset=3376
.Linfo_string263:
	.asciz	"LPUART8_IRQn"                  @ string offset=3389
.Linfo_string264:
	.asciz	"LPI2C1_IRQn"                   @ string offset=3402
.Linfo_string265:
	.asciz	"LPI2C2_IRQn"                   @ string offset=3414
.Linfo_string266:
	.asciz	"LPI2C3_IRQn"                   @ string offset=3426
.Linfo_string267:
	.asciz	"LPI2C4_IRQn"                   @ string offset=3438
.Linfo_string268:
	.asciz	"LPSPI1_IRQn"                   @ string offset=3450
.Linfo_string269:
	.asciz	"LPSPI2_IRQn"                   @ string offset=3462
.Linfo_string270:
	.asciz	"LPSPI3_IRQn"                   @ string offset=3474
.Linfo_string271:
	.asciz	"LPSPI4_IRQn"                   @ string offset=3486
.Linfo_string272:
	.asciz	"CAN1_IRQn"                     @ string offset=3498
.Linfo_string273:
	.asciz	"CAN2_IRQn"                     @ string offset=3508
.Linfo_string274:
	.asciz	"FLEXRAM_IRQn"                  @ string offset=3518
.Linfo_string275:
	.asciz	"KPP_IRQn"                      @ string offset=3531
.Linfo_string276:
	.asciz	"TSC_DIG_IRQn"                  @ string offset=3540
.Linfo_string277:
	.asciz	"GPR_IRQ_IRQn"                  @ string offset=3553
.Linfo_string278:
	.asciz	"LCDIF_IRQn"                    @ string offset=3566
.Linfo_string279:
	.asciz	"CSI_IRQn"                      @ string offset=3577
.Linfo_string280:
	.asciz	"PXP_IRQn"                      @ string offset=3586
.Linfo_string281:
	.asciz	"WDOG2_IRQn"                    @ string offset=3595
.Linfo_string282:
	.asciz	"SNVS_HP_WRAPPER_IRQn"          @ string offset=3606
.Linfo_string283:
	.asciz	"SNVS_HP_WRAPPER_TZ_IRQn"       @ string offset=3627
.Linfo_string284:
	.asciz	"SNVS_LP_WRAPPER_IRQn"          @ string offset=3651
.Linfo_string285:
	.asciz	"CSU_IRQn"                      @ string offset=3672
.Linfo_string286:
	.asciz	"DCP_IRQn"                      @ string offset=3681
.Linfo_string287:
	.asciz	"DCP_VMI_IRQn"                  @ string offset=3690
.Linfo_string288:
	.asciz	"Reserved68_IRQn"               @ string offset=3703
.Linfo_string289:
	.asciz	"TRNG_IRQn"                     @ string offset=3719
.Linfo_string290:
	.asciz	"SJC_IRQn"                      @ string offset=3729
.Linfo_string291:
	.asciz	"BEE_IRQn"                      @ string offset=3738
.Linfo_string292:
	.asciz	"SAI1_IRQn"                     @ string offset=3747
.Linfo_string293:
	.asciz	"SAI2_IRQn"                     @ string offset=3757
.Linfo_string294:
	.asciz	"SAI3_RX_IRQn"                  @ string offset=3767
.Linfo_string295:
	.asciz	"SAI3_TX_IRQn"                  @ string offset=3780
.Linfo_string296:
	.asciz	"SPDIF_IRQn"                    @ string offset=3793
.Linfo_string297:
	.asciz	"PMU_EVENT_IRQn"                @ string offset=3804
.Linfo_string298:
	.asciz	"Reserved78_IRQn"               @ string offset=3819
.Linfo_string299:
	.asciz	"TEMP_LOW_HIGH_IRQn"            @ string offset=3835
.Linfo_string300:
	.asciz	"TEMP_PANIC_IRQn"               @ string offset=3854
.Linfo_string301:
	.asciz	"USB_PHY1_IRQn"                 @ string offset=3870
.Linfo_string302:
	.asciz	"USB_PHY2_IRQn"                 @ string offset=3884
.Linfo_string303:
	.asciz	"ADC1_IRQn"                     @ string offset=3898
.Linfo_string304:
	.asciz	"ADC2_IRQn"                     @ string offset=3908
.Linfo_string305:
	.asciz	"DCDC_IRQn"                     @ string offset=3918
.Linfo_string306:
	.asciz	"Reserved86_IRQn"               @ string offset=3928
.Linfo_string307:
	.asciz	"GPIO10_IRQn"                   @ string offset=3944
.Linfo_string308:
	.asciz	"GPIO1_INT0_IRQn"               @ string offset=3956
.Linfo_string309:
	.asciz	"GPIO1_INT1_IRQn"               @ string offset=3972
.Linfo_string310:
	.asciz	"GPIO1_INT2_IRQn"               @ string offset=3988
.Linfo_string311:
	.asciz	"GPIO1_INT3_IRQn"               @ string offset=4004
.Linfo_string312:
	.asciz	"GPIO1_INT4_IRQn"               @ string offset=4020
.Linfo_string313:
	.asciz	"GPIO1_INT5_IRQn"               @ string offset=4036
.Linfo_string314:
	.asciz	"GPIO1_INT6_IRQn"               @ string offset=4052
.Linfo_string315:
	.asciz	"GPIO1_INT7_IRQn"               @ string offset=4068
.Linfo_string316:
	.asciz	"GPIO1_Combined_0_15_IRQn"      @ string offset=4084
.Linfo_string317:
	.asciz	"GPIO1_Combined_16_31_IRQn"     @ string offset=4109
.Linfo_string318:
	.asciz	"GPIO2_Combined_0_15_IRQn"      @ string offset=4135
.Linfo_string319:
	.asciz	"GPIO2_Combined_16_31_IRQn"     @ string offset=4160
.Linfo_string320:
	.asciz	"GPIO3_Combined_0_15_IRQn"      @ string offset=4186
.Linfo_string321:
	.asciz	"GPIO3_Combined_16_31_IRQn"     @ string offset=4211
.Linfo_string322:
	.asciz	"GPIO4_Combined_0_15_IRQn"      @ string offset=4237
.Linfo_string323:
	.asciz	"GPIO4_Combined_16_31_IRQn"     @ string offset=4262
.Linfo_string324:
	.asciz	"GPIO5_Combined_0_15_IRQn"      @ string offset=4288
.Linfo_string325:
	.asciz	"GPIO5_Combined_16_31_IRQn"     @ string offset=4313
.Linfo_string326:
	.asciz	"FLEXIO1_IRQn"                  @ string offset=4339
.Linfo_string327:
	.asciz	"FLEXIO2_IRQn"                  @ string offset=4352
.Linfo_string328:
	.asciz	"WDOG1_IRQn"                    @ string offset=4365
.Linfo_string329:
	.asciz	"RTWDOG_IRQn"                   @ string offset=4376
.Linfo_string330:
	.asciz	"EWM_IRQn"                      @ string offset=4388
.Linfo_string331:
	.asciz	"CCM_1_IRQn"                    @ string offset=4397
.Linfo_string332:
	.asciz	"CCM_2_IRQn"                    @ string offset=4408
.Linfo_string333:
	.asciz	"GPC_IRQn"                      @ string offset=4419
.Linfo_string334:
	.asciz	"SRC_IRQn"                      @ string offset=4428
.Linfo_string335:
	.asciz	"Reserved115_IRQn"              @ string offset=4437
.Linfo_string336:
	.asciz	"GPT1_IRQn"                     @ string offset=4454
.Linfo_string337:
	.asciz	"GPT2_IRQn"                     @ string offset=4464
.Linfo_string338:
	.asciz	"PWM1_0_IRQn"                   @ string offset=4474
.Linfo_string339:
	.asciz	"PWM1_1_IRQn"                   @ string offset=4486
.Linfo_string340:
	.asciz	"PWM1_2_IRQn"                   @ string offset=4498
.Linfo_string341:
	.asciz	"PWM1_3_IRQn"                   @ string offset=4510
.Linfo_string342:
	.asciz	"PWM1_FAULT_IRQn"               @ string offset=4522
.Linfo_string343:
	.asciz	"FLEXSPI2_IRQn"                 @ string offset=4538
.Linfo_string344:
	.asciz	"FLEXSPI_IRQn"                  @ string offset=4552
.Linfo_string345:
	.asciz	"SEMC_IRQn"                     @ string offset=4565
.Linfo_string346:
	.asciz	"USDHC1_IRQn"                   @ string offset=4575
.Linfo_string347:
	.asciz	"USDHC2_IRQn"                   @ string offset=4587
.Linfo_string348:
	.asciz	"USB_OTG2_IRQn"                 @ string offset=4599
.Linfo_string349:
	.asciz	"USB_OTG1_IRQn"                 @ string offset=4613
.Linfo_string350:
	.asciz	"ENET_IRQn"                     @ string offset=4627
.Linfo_string351:
	.asciz	"ENET_1588_Timer_IRQn"          @ string offset=4637
.Linfo_string352:
	.asciz	"XBAR1_IRQ_0_1_IRQn"            @ string offset=4658
.Linfo_string353:
	.asciz	"XBAR1_IRQ_2_3_IRQn"            @ string offset=4677
.Linfo_string354:
	.asciz	"ADC_ETC_IRQ0_IRQn"             @ string offset=4696
.Linfo_string355:
	.asciz	"ADC_ETC_IRQ1_IRQn"             @ string offset=4714
.Linfo_string356:
	.asciz	"ADC_ETC_IRQ2_IRQn"             @ string offset=4732
.Linfo_string357:
	.asciz	"ADC_ETC_ERROR_IRQ_IRQn"        @ string offset=4750
.Linfo_string358:
	.asciz	"PIT_IRQn"                      @ string offset=4773
.Linfo_string359:
	.asciz	"ACMP1_IRQn"                    @ string offset=4782
.Linfo_string360:
	.asciz	"ACMP2_IRQn"                    @ string offset=4793
.Linfo_string361:
	.asciz	"ACMP3_IRQn"                    @ string offset=4804
.Linfo_string362:
	.asciz	"ACMP4_IRQn"                    @ string offset=4815
.Linfo_string363:
	.asciz	"Reserved143_IRQn"              @ string offset=4826
.Linfo_string364:
	.asciz	"Reserved144_IRQn"              @ string offset=4843
.Linfo_string365:
	.asciz	"ENC1_IRQn"                     @ string offset=4860
.Linfo_string366:
	.asciz	"ENC2_IRQn"                     @ string offset=4870
.Linfo_string367:
	.asciz	"ENC3_IRQn"                     @ string offset=4880
.Linfo_string368:
	.asciz	"ENC4_IRQn"                     @ string offset=4890
.Linfo_string369:
	.asciz	"TMR1_IRQn"                     @ string offset=4900
.Linfo_string370:
	.asciz	"TMR2_IRQn"                     @ string offset=4910
.Linfo_string371:
	.asciz	"TMR3_IRQn"                     @ string offset=4920
.Linfo_string372:
	.asciz	"TMR4_IRQn"                     @ string offset=4930
.Linfo_string373:
	.asciz	"PWM2_0_IRQn"                   @ string offset=4940
.Linfo_string374:
	.asciz	"PWM2_1_IRQn"                   @ string offset=4952
.Linfo_string375:
	.asciz	"PWM2_2_IRQn"                   @ string offset=4964
.Linfo_string376:
	.asciz	"PWM2_3_IRQn"                   @ string offset=4976
.Linfo_string377:
	.asciz	"PWM2_FAULT_IRQn"               @ string offset=4988
.Linfo_string378:
	.asciz	"PWM3_0_IRQn"                   @ string offset=5004
.Linfo_string379:
	.asciz	"PWM3_1_IRQn"                   @ string offset=5016
.Linfo_string380:
	.asciz	"PWM3_2_IRQn"                   @ string offset=5028
.Linfo_string381:
	.asciz	"PWM3_3_IRQn"                   @ string offset=5040
.Linfo_string382:
	.asciz	"PWM3_FAULT_IRQn"               @ string offset=5052
.Linfo_string383:
	.asciz	"PWM4_0_IRQn"                   @ string offset=5068
.Linfo_string384:
	.asciz	"PWM4_1_IRQn"                   @ string offset=5080
.Linfo_string385:
	.asciz	"PWM4_2_IRQn"                   @ string offset=5092
.Linfo_string386:
	.asciz	"PWM4_3_IRQn"                   @ string offset=5104
.Linfo_string387:
	.asciz	"PWM4_FAULT_IRQn"               @ string offset=5116
.Linfo_string388:
	.asciz	"ENET2_IRQn"                    @ string offset=5132
.Linfo_string389:
	.asciz	"ENET2_1588_Timer_IRQn"         @ string offset=5143
.Linfo_string390:
	.asciz	"CAN3_IRQn"                     @ string offset=5165
.Linfo_string391:
	.asciz	"Reserved171_IRQn"              @ string offset=5175
.Linfo_string392:
	.asciz	"FLEXIO3_IRQn"                  @ string offset=5192
.Linfo_string393:
	.asciz	"GPIO6_7_8_9_IRQn"              @ string offset=5205
.Linfo_string394:
	.asciz	"IRQn"                          @ string offset=5222
.Linfo_string395:
	.asciz	"IRQn_Type"                     @ string offset=5227
.Linfo_string396:
	.asciz	"s_flexcanTxWarningIRQ"         @ string offset=5237
.Linfo_string397:
	.asciz	"s_flexcanWakeUpIRQ"            @ string offset=5259
.Linfo_string398:
	.asciz	"s_flexcanErrorIRQ"             @ string offset=5278
.Linfo_string399:
	.asciz	"s_flexcanBusOffIRQ"            @ string offset=5296
.Linfo_string400:
	.asciz	"s_flexcanMbIRQ"                @ string offset=5315
.Linfo_string401:
	.asciz	"kFLEXCAN_ClkSrcOsc"            @ string offset=5330
.Linfo_string402:
	.asciz	"kFLEXCAN_ClkSrcPeri"           @ string offset=5349
.Linfo_string403:
	.asciz	"kFLEXCAN_ClkSrc0"              @ string offset=5369
.Linfo_string404:
	.asciz	"kFLEXCAN_ClkSrc1"              @ string offset=5386
.Linfo_string405:
	.asciz	"_flexcan_clock_source"         @ string offset=5403
.Linfo_string406:
	.asciz	"kFLEXCAN_WakeupSrcUnfiltered"  @ string offset=5425
.Linfo_string407:
	.asciz	"kFLEXCAN_WakeupSrcFiltered"    @ string offset=5454
.Linfo_string408:
	.asciz	"_flexcan_wake_up_source"       @ string offset=5481
.Linfo_string409:
	.asciz	"kFLEXCAN_8BperMB"              @ string offset=5505
.Linfo_string410:
	.asciz	"kFLEXCAN_16BperMB"             @ string offset=5522
.Linfo_string411:
	.asciz	"kFLEXCAN_32BperMB"             @ string offset=5540
.Linfo_string412:
	.asciz	"kFLEXCAN_64BperMB"             @ string offset=5558
.Linfo_string413:
	.asciz	"_flexcan_mb_size"              @ string offset=5576
.Linfo_string414:
	.asciz	"kFLEXCAN_TxMbInactive"         @ string offset=5593
.Linfo_string415:
	.asciz	"kFLEXCAN_TxMbAbort"            @ string offset=5615
.Linfo_string416:
	.asciz	"kFLEXCAN_TxMbDataOrRemote"     @ string offset=5634
.Linfo_string417:
	.asciz	"kFLEXCAN_TxMbTanswer"          @ string offset=5660
.Linfo_string418:
	.asciz	"kFLEXCAN_TxMbNotUsed"          @ string offset=5681
.Linfo_string419:
	.asciz	"_flexcan_mb_code_tx"           @ string offset=5702
.Linfo_string420:
	.asciz	"kFLEXCAN_FrameFormatStandard"  @ string offset=5722
.Linfo_string421:
	.asciz	"kFLEXCAN_FrameFormatExtend"    @ string offset=5751
.Linfo_string422:
	.asciz	"_flexcan_frame_format"         @ string offset=5778
.Linfo_string423:
	.asciz	"kFLEXCAN_FrameTypeData"        @ string offset=5800
.Linfo_string424:
	.asciz	"kFLEXCAN_FrameTypeRemote"      @ string offset=5823
.Linfo_string425:
	.asciz	"_flexcan_frame_type"           @ string offset=5848
.Linfo_string426:
	.asciz	"kFLEXCAN_RxMbInactive"         @ string offset=5868
.Linfo_string427:
	.asciz	"kFLEXCAN_RxMbFull"             @ string offset=5890
.Linfo_string428:
	.asciz	"kFLEXCAN_RxMbEmpty"            @ string offset=5908
.Linfo_string429:
	.asciz	"kFLEXCAN_RxMbOverrun"          @ string offset=5927
.Linfo_string430:
	.asciz	"kFLEXCAN_RxMbBusy"             @ string offset=5948
.Linfo_string431:
	.asciz	"kFLEXCAN_RxMbRanswer"          @ string offset=5966
.Linfo_string432:
	.asciz	"kFLEXCAN_RxMbNotUsed"          @ string offset=5987
.Linfo_string433:
	.asciz	"_flexcan_mb_code_rx"           @ string offset=6008
.Linfo_string434:
	.asciz	"kFLEXCAN_RxFifoFilterTypeA"    @ string offset=6028
.Linfo_string435:
	.asciz	"kFLEXCAN_RxFifoFilterTypeB"    @ string offset=6055
.Linfo_string436:
	.asciz	"kFLEXCAN_RxFifoFilterTypeC"    @ string offset=6082
.Linfo_string437:
	.asciz	"kFLEXCAN_RxFifoFilterTypeD"    @ string offset=6109
.Linfo_string438:
	.asciz	"_flexcan_rx_fifo_filter_type"  @ string offset=6136
.Linfo_string439:
	.asciz	"kFLEXCAN_RxFifoPrioLow"        @ string offset=6165
.Linfo_string440:
	.asciz	"kFLEXCAN_RxFifoPrioHigh"       @ string offset=6188
.Linfo_string441:
	.asciz	"_flexcan_rx_fifo_priority"     @ string offset=6212
.Linfo_string442:
	.asciz	"kStatus_Success"               @ string offset=6238
.Linfo_string443:
	.asciz	"kStatus_Fail"                  @ string offset=6254
.Linfo_string444:
	.asciz	"kStatus_ReadOnly"              @ string offset=6267
.Linfo_string445:
	.asciz	"kStatus_OutOfRange"            @ string offset=6284
.Linfo_string446:
	.asciz	"kStatus_InvalidArgument"       @ string offset=6303
.Linfo_string447:
	.asciz	"kStatus_Timeout"               @ string offset=6327
.Linfo_string448:
	.asciz	"kStatus_NoTransferInProgress"  @ string offset=6343
.Linfo_string449:
	.asciz	"kStatus_Busy"                  @ string offset=6372
.Linfo_string450:
	.asciz	"kStatus_NoData"                @ string offset=6385
.Linfo_string451:
	.asciz	"unsigned short"                @ string offset=6400
.Linfo_string452:
	.asciz	"kStatus_FLEXCAN_TxBusy"        @ string offset=6415
.Linfo_string453:
	.asciz	"kStatus_FLEXCAN_TxIdle"        @ string offset=6438
.Linfo_string454:
	.asciz	"kStatus_FLEXCAN_TxSwitchToRx"  @ string offset=6461
.Linfo_string455:
	.asciz	"kStatus_FLEXCAN_RxBusy"        @ string offset=6490
.Linfo_string456:
	.asciz	"kStatus_FLEXCAN_RxIdle"        @ string offset=6513
.Linfo_string457:
	.asciz	"kStatus_FLEXCAN_RxOverflow"    @ string offset=6536
.Linfo_string458:
	.asciz	"kStatus_FLEXCAN_RxFifoBusy"    @ string offset=6563
.Linfo_string459:
	.asciz	"kStatus_FLEXCAN_RxFifoIdle"    @ string offset=6590
.Linfo_string460:
	.asciz	"kStatus_FLEXCAN_RxFifoOverflow" @ string offset=6617
.Linfo_string461:
	.asciz	"kStatus_FLEXCAN_RxFifoWarning" @ string offset=6648
.Linfo_string462:
	.asciz	"kStatus_FLEXCAN_ErrorStatus"   @ string offset=6678
.Linfo_string463:
	.asciz	"kStatus_FLEXCAN_WakeUp"        @ string offset=6706
.Linfo_string464:
	.asciz	"kStatus_FLEXCAN_UnHandled"     @ string offset=6729
.Linfo_string465:
	.asciz	"kStatus_FLEXCAN_RxRemote"      @ string offset=6755
.Linfo_string466:
	.asciz	"kFLEXCAN_RxFifoOverflowFlag"   @ string offset=6780
.Linfo_string467:
	.asciz	"kFLEXCAN_RxFifoWarningFlag"    @ string offset=6808
.Linfo_string468:
	.asciz	"kFLEXCAN_RxFifoFrameAvlFlag"   @ string offset=6835
.Linfo_string469:
	.asciz	"kFLEXCAN_BusOffInterruptEnable" @ string offset=6863
.Linfo_string470:
	.asciz	"kFLEXCAN_ErrorInterruptEnable" @ string offset=6894
.Linfo_string471:
	.asciz	"kFLEXCAN_TxWarningInterruptEnable" @ string offset=6924
.Linfo_string472:
	.asciz	"kFLEXCAN_RxWarningInterruptEnable" @ string offset=6958
.Linfo_string473:
	.asciz	"kFLEXCAN_WakeUpInterruptEnable" @ string offset=6992
.Linfo_string474:
	.asciz	"kFLEXCAN_FDErrorInterruptEnable" @ string offset=7023
.Linfo_string475:
	.asciz	"_flexcan_interrupt_enable"     @ string offset=7055
.Linfo_string476:
	.asciz	"kFLEXCAN_StateIdle"            @ string offset=7081
.Linfo_string477:
	.asciz	"kFLEXCAN_StateRxData"          @ string offset=7100
.Linfo_string478:
	.asciz	"kFLEXCAN_StateRxRemote"        @ string offset=7121
.Linfo_string479:
	.asciz	"kFLEXCAN_StateTxData"          @ string offset=7144
.Linfo_string480:
	.asciz	"kFLEXCAN_StateTxRemote"        @ string offset=7165
.Linfo_string481:
	.asciz	"kFLEXCAN_StateRxFifo"          @ string offset=7188
.Linfo_string482:
	.asciz	"_flexcan_state"                @ string offset=7209
.Linfo_string483:
	.asciz	"kFLEXCAN_ErrorOverrunFlag"     @ string offset=7224
.Linfo_string484:
	.asciz	"kFLEXCAN_FDErrorIntFlag"       @ string offset=7250
.Linfo_string485:
	.asciz	"kFLEXCAN_BusoffDoneIntFlag"    @ string offset=7274
.Linfo_string486:
	.asciz	"kFLEXCAN_SynchFlag"            @ string offset=7301
.Linfo_string487:
	.asciz	"kFLEXCAN_TxWarningIntFlag"     @ string offset=7320
.Linfo_string488:
	.asciz	"kFLEXCAN_RxWarningIntFlag"     @ string offset=7346
.Linfo_string489:
	.asciz	"kFLEXCAN_IdleFlag"             @ string offset=7372
.Linfo_string490:
	.asciz	"kFLEXCAN_FaultConfinementFlag" @ string offset=7390
.Linfo_string491:
	.asciz	"kFLEXCAN_TransmittingFlag"     @ string offset=7420
.Linfo_string492:
	.asciz	"kFLEXCAN_ReceivingFlag"        @ string offset=7446
.Linfo_string493:
	.asciz	"kFLEXCAN_BusOffIntFlag"        @ string offset=7469
.Linfo_string494:
	.asciz	"kFLEXCAN_ErrorIntFlag"         @ string offset=7492
.Linfo_string495:
	.asciz	"kFLEXCAN_WakeUpIntFlag"        @ string offset=7514
.Linfo_string496:
	.asciz	"kFLEXCAN_ErrorFlag"            @ string offset=7537
.Linfo_string497:
	.asciz	"_flexcan_flags"                @ string offset=7556
.Linfo_string498:
	.asciz	"kCLOCK_ClockNotNeeded"         @ string offset=7571
.Linfo_string499:
	.asciz	"kCLOCK_ClockNeededRun"         @ string offset=7593
.Linfo_string500:
	.asciz	"kCLOCK_ClockNeededRunWait"     @ string offset=7615
.Linfo_string501:
	.asciz	"_clock_gate_value"             @ string offset=7641
.Linfo_string502:
	.asciz	"CCR"                           @ string offset=7659
.Linfo_string503:
	.asciz	"CSR"                           @ string offset=7663
.Linfo_string504:
	.asciz	"CCSR"                          @ string offset=7667
.Linfo_string505:
	.asciz	"CACRR"                         @ string offset=7672
.Linfo_string506:
	.asciz	"CBCDR"                         @ string offset=7678
.Linfo_string507:
	.asciz	"CBCMR"                         @ string offset=7684
.Linfo_string508:
	.asciz	"CSCMR1"                        @ string offset=7690
.Linfo_string509:
	.asciz	"CSCMR2"                        @ string offset=7697
.Linfo_string510:
	.asciz	"CSCDR1"                        @ string offset=7704
.Linfo_string511:
	.asciz	"CS1CDR"                        @ string offset=7711
.Linfo_string512:
	.asciz	"CS2CDR"                        @ string offset=7718
.Linfo_string513:
	.asciz	"CDCDR"                         @ string offset=7725
.Linfo_string514:
	.asciz	"CSCDR2"                        @ string offset=7731
.Linfo_string515:
	.asciz	"CSCDR3"                        @ string offset=7738
.Linfo_string516:
	.asciz	"CDHIPR"                        @ string offset=7745
.Linfo_string517:
	.asciz	"CLPCR"                         @ string offset=7752
.Linfo_string518:
	.asciz	"CISR"                          @ string offset=7758
.Linfo_string519:
	.asciz	"CIMR"                          @ string offset=7763
.Linfo_string520:
	.asciz	"CCOSR"                         @ string offset=7768
.Linfo_string521:
	.asciz	"CGPR"                          @ string offset=7774
.Linfo_string522:
	.asciz	"CCGR0"                         @ string offset=7779
.Linfo_string523:
	.asciz	"CCGR1"                         @ string offset=7785
.Linfo_string524:
	.asciz	"CCGR2"                         @ string offset=7791
.Linfo_string525:
	.asciz	"CCGR3"                         @ string offset=7797
.Linfo_string526:
	.asciz	"CCGR4"                         @ string offset=7803
.Linfo_string527:
	.asciz	"CCGR5"                         @ string offset=7809
.Linfo_string528:
	.asciz	"CCGR6"                         @ string offset=7815
.Linfo_string529:
	.asciz	"CCGR7"                         @ string offset=7821
.Linfo_string530:
	.asciz	"CMEOR"                         @ string offset=7827
.Linfo_string531:
	.asciz	"CCM_Type"                      @ string offset=7833
.Linfo_string532:
	.asciz	"uint16_t"                      @ string offset=7842
.Linfo_string533:
	.asciz	"uintptr_t"                     @ string offset=7851
.Linfo_string534:
	.asciz	"size_t"                        @ string offset=7861
.Linfo_string535:
	.asciz	"preDivider"                    @ string offset=7868
.Linfo_string536:
	.asciz	"rJumpwidth"                    @ string offset=7879
.Linfo_string537:
	.asciz	"phaseSeg1"                     @ string offset=7890
.Linfo_string538:
	.asciz	"phaseSeg2"                     @ string offset=7900
.Linfo_string539:
	.asciz	"propSeg"                       @ string offset=7910
.Linfo_string540:
	.asciz	"fpreDivider"                   @ string offset=7918
.Linfo_string541:
	.asciz	"frJumpwidth"                   @ string offset=7930
.Linfo_string542:
	.asciz	"fphaseSeg1"                    @ string offset=7942
.Linfo_string543:
	.asciz	"fphaseSeg2"                    @ string offset=7953
.Linfo_string544:
	.asciz	"fpropSeg"                      @ string offset=7964
.Linfo_string545:
	.asciz	"_flexcan_timing_config"        @ string offset=7973
.Linfo_string546:
	.asciz	"flexcan_timing_config_t"       @ string offset=7996
.Linfo_string547:
	.asciz	"unsigned long long"            @ string offset=8020
.Linfo_string548:
	.asciz	"uint64_t"                      @ string offset=8039
.Linfo_string549:
	.asciz	"ISER"                          @ string offset=8048
.Linfo_string550:
	.asciz	"RESERVED0"                     @ string offset=8053
.Linfo_string551:
	.asciz	"ICER"                          @ string offset=8063
.Linfo_string552:
	.asciz	"RESERVED1"                     @ string offset=8068
.Linfo_string553:
	.asciz	"ISPR"                          @ string offset=8078
.Linfo_string554:
	.asciz	"RESERVED2"                     @ string offset=8083
.Linfo_string555:
	.asciz	"ICPR"                          @ string offset=8093
.Linfo_string556:
	.asciz	"RESERVED3"                     @ string offset=8098
.Linfo_string557:
	.asciz	"IABR"                          @ string offset=8108
.Linfo_string558:
	.asciz	"RESERVED4"                     @ string offset=8113
.Linfo_string559:
	.asciz	"IP"                            @ string offset=8123
.Linfo_string560:
	.asciz	"RESERVED5"                     @ string offset=8126
.Linfo_string561:
	.asciz	"STIR"                          @ string offset=8136
.Linfo_string562:
	.asciz	"NVIC_Type"                     @ string offset=8141
.Linfo_string563:
	.asciz	"__get_PRIMASK"                 @ string offset=8151
.Linfo_string564:
	.asciz	"result"                        @ string offset=8165
.Linfo_string565:
	.asciz	"__set_PRIMASK"                 @ string offset=8172
.Linfo_string566:
	.asciz	"priMask"                       @ string offset=8186
.Linfo_string567:
	.asciz	"FLEXCAN_GetInstance"           @ string offset=8194
.Linfo_string568:
	.asciz	"FLEXCAN_EnterFreezeMode"       @ string offset=8214
.Linfo_string569:
	.asciz	"FLEXCAN_ExitFreezeMode"        @ string offset=8238
.Linfo_string570:
	.asciz	"FLEXCAN_Init"                  @ string offset=8261
.Linfo_string571:
	.asciz	"CLOCK_EnableClock"             @ string offset=8274
.Linfo_string572:
	.asciz	"FLEXCAN_Enable"                @ string offset=8292
.Linfo_string573:
	.asciz	"FLEXCAN_Reset"                 @ string offset=8307
.Linfo_string574:
	.asciz	"FLEXCAN_SetBitRate"            @ string offset=8321
.Linfo_string575:
	.asciz	"FLEXCAN_FDInit"                @ string offset=8340
.Linfo_string576:
	.asciz	"FLEXCAN_SetFDBitRate"          @ string offset=8355
.Linfo_string577:
	.asciz	"FLEXCAN_Deinit"                @ string offset=8376
.Linfo_string578:
	.asciz	"CLOCK_DisableClock"            @ string offset=8391
.Linfo_string579:
	.asciz	"FLEXCAN_GetDefaultConfig"      @ string offset=8410
.Linfo_string580:
	.asciz	"FLEXCAN_SetTimingConfig"       @ string offset=8435
.Linfo_string581:
	.asciz	"FLEXCAN_SetFDTimingConfig"     @ string offset=8459
.Linfo_string582:
	.asciz	"FLEXCAN_SetRxMbGlobalMask"     @ string offset=8485
.Linfo_string583:
	.asciz	"FLEXCAN_SetRxFifoGlobalMask"   @ string offset=8511
.Linfo_string584:
	.asciz	"FLEXCAN_SetRxIndividualMask"   @ string offset=8539
.Linfo_string585:
	.asciz	"FLEXCAN_SetTxMbConfig"         @ string offset=8567
.Linfo_string586:
	.asciz	"FLEXCAN_IsMbOccupied"          @ string offset=8589
.Linfo_string587:
	.asciz	"_Bool"                         @ string offset=8610
.Linfo_string588:
	.asciz	"FLEXCAN_CalculateImprovedTimingValues" @ string offset=8616
.Linfo_string589:
	.asciz	"FLEXCAN_GetSegments"           @ string offset=8654
.Linfo_string590:
	.asciz	"FLEXCAN_FDCalculateImprovedTimingValues" @ string offset=8674
.Linfo_string591:
	.asciz	"FLEXCAN_FDGetSegments"         @ string offset=8714
.Linfo_string592:
	.asciz	"FLEXCAN_CalculateImprovedNominalTimingValues" @ string offset=8736
.Linfo_string593:
	.asciz	"FLEXCAN_SetFDTxMbConfig"       @ string offset=8781
.Linfo_string594:
	.asciz	"FLEXCAN_GetFDMailboxOffset"    @ string offset=8805
.Linfo_string595:
	.asciz	"FLEXCAN_GetFirstValidMb"       @ string offset=8832
.Linfo_string596:
	.asciz	"FLEXCAN_SetRxMbConfig"         @ string offset=8856
.Linfo_string597:
	.asciz	"FLEXCAN_SetFDRxMbConfig"       @ string offset=8878
.Linfo_string598:
	.asciz	"FLEXCAN_SetRxFifoConfig"       @ string offset=8902
.Linfo_string599:
	.asciz	"FLEXCAN_EnableRxFifoDMA"       @ string offset=8926
.Linfo_string600:
	.asciz	"FLEXCAN_WriteTxMb"             @ string offset=8950
.Linfo_string601:
	.asciz	"FLEXCAN_ERRATA_6032"           @ string offset=8968
.Linfo_string602:
	.asciz	"FLEXCAN_WriteFDTxMb"           @ string offset=8988
.Linfo_string603:
	.asciz	"FLEXCAN_ReadRxMb"              @ string offset=9008
.Linfo_string604:
	.asciz	"FLEXCAN_ReadFDRxMb"            @ string offset=9025
.Linfo_string605:
	.asciz	"FLEXCAN_ReadRxFifo"            @ string offset=9044
.Linfo_string606:
	.asciz	"FLEXCAN_TransferSendBlocking"  @ string offset=9063
.Linfo_string607:
	.asciz	"FLEXCAN_GetMbStatusFlags"      @ string offset=9092
.Linfo_string608:
	.asciz	"FLEXCAN_ClearMbStatusFlags"    @ string offset=9117
.Linfo_string609:
	.asciz	"FLEXCAN_TransferReceiveBlocking" @ string offset=9144
.Linfo_string610:
	.asciz	"FLEXCAN_TransferFDSendBlocking" @ string offset=9176
.Linfo_string611:
	.asciz	"FLEXCAN_TransferFDReceiveBlocking" @ string offset=9207
.Linfo_string612:
	.asciz	"FLEXCAN_TransferReceiveFifoBlocking" @ string offset=9241
.Linfo_string613:
	.asciz	"FLEXCAN_TransferCreateHandle"  @ string offset=9277
.Linfo_string614:
	.asciz	"FLEXCAN_TransferHandleIRQ"     @ string offset=9306
.Linfo_string615:
	.asciz	"FLEXCAN_EnableInterrupts"      @ string offset=9332
.Linfo_string616:
	.asciz	"FLEXCAN_DisableInterrupts"     @ string offset=9357
.Linfo_string617:
	.asciz	"EnableIRQ"                     @ string offset=9383
.Linfo_string618:
	.asciz	"FLEXCAN_TransferSendNonBlocking" @ string offset=9393
.Linfo_string619:
	.asciz	"FLEXCAN_EnableMbInterrupts"    @ string offset=9425
.Linfo_string620:
	.asciz	"FLEXCAN_TransferReceiveNonBlocking" @ string offset=9452
.Linfo_string621:
	.asciz	"FLEXCAN_TransferFDSendNonBlocking" @ string offset=9487
.Linfo_string622:
	.asciz	"FLEXCAN_TransferFDReceiveNonBlocking" @ string offset=9521
.Linfo_string623:
	.asciz	"FLEXCAN_TransferReceiveFifoNonBlocking" @ string offset=9558
.Linfo_string624:
	.asciz	"FLEXCAN_TransferAbortSend"     @ string offset=9597
.Linfo_string625:
	.asciz	"FLEXCAN_DisableMbInterrupts"   @ string offset=9623
.Linfo_string626:
	.asciz	"FLEXCAN_TransferFDAbortSend"   @ string offset=9651
.Linfo_string627:
	.asciz	"FLEXCAN_TransferFDAbortReceive" @ string offset=9679
.Linfo_string628:
	.asciz	"FLEXCAN_TransferAbortReceive"  @ string offset=9710
.Linfo_string629:
	.asciz	"FLEXCAN_TransferAbortReceiveFifo" @ string offset=9739
.Linfo_string630:
	.asciz	"FLEXCAN_GetTimeStamp"          @ string offset=9772
.Linfo_string631:
	.asciz	"FLEXCAN_GetStatusFlags"        @ string offset=9793
.Linfo_string632:
	.asciz	"FLEXCAN_ClearStatusFlags"      @ string offset=9816
.Linfo_string633:
	.asciz	"FLEXCAN_SubHandlerForDataTransfered" @ string offset=9841
.Linfo_string634:
	.asciz	"FLEXCAN_CheckUnhandleInterruptEvents" @ string offset=9877
.Linfo_string635:
	.asciz	"CAN1_DriverIRQHandler"         @ string offset=9914
.Linfo_string636:
	.asciz	"CAN2_DriverIRQHandler"         @ string offset=9936
.Linfo_string637:
	.asciz	"CAN3_DriverIRQHandler"         @ string offset=9958
.Linfo_string638:
	.asciz	"CLOCK_ControlGate"             @ string offset=9980
.Linfo_string639:
	.asciz	"_SDK_AtomicLocalClearAndSet4Byte" @ string offset=9998
.Linfo_string640:
	.asciz	"flexcan_memset"                @ string offset=10031
.Linfo_string641:
	.asciz	"DisableGlobalIRQ"              @ string offset=10046
.Linfo_string642:
	.asciz	"EnableGlobalIRQ"               @ string offset=10063
.Linfo_string643:
	.asciz	"__NVIC_EnableIRQ"              @ string offset=10079
.Linfo_string644:
	.asciz	"FLEXCAN_IsMbIntEnabled"        @ string offset=10096
.Linfo_string645:
	.asciz	"base"                          @ string offset=10119
.Linfo_string646:
	.asciz	"instance"                      @ string offset=10124
.Linfo_string647:
	.asciz	"u32TimeoutCount"               @ string offset=10133
.Linfo_string648:
	.asciz	"u32TempMCR"                    @ string offset=10149
.Linfo_string649:
	.asciz	"u32TempIMASK1"                 @ string offset=10160
.Linfo_string650:
	.asciz	"u32TempIMASK2"                 @ string offset=10174
.Linfo_string651:
	.asciz	"pConfig"                       @ string offset=10188
.Linfo_string652:
	.asciz	"baudRate"                      @ string offset=10196
.Linfo_string653:
	.asciz	"baudRateFD"                    @ string offset=10205
.Linfo_string654:
	.asciz	"bitRate"                       @ string offset=10216
.Linfo_string655:
	.asciz	"bitRateFD"                     @ string offset=10224
.Linfo_string656:
	.asciz	"clkSrc"                        @ string offset=10234
.Linfo_string657:
	.asciz	"flexcan_clock_source_t"        @ string offset=10241
.Linfo_string658:
	.asciz	"wakeupSrc"                     @ string offset=10264
.Linfo_string659:
	.asciz	"flexcan_wake_up_source_t"      @ string offset=10274
.Linfo_string660:
	.asciz	"maxMbNum"                      @ string offset=10299
.Linfo_string661:
	.asciz	"enableLoopBack"                @ string offset=10308
.Linfo_string662:
	.asciz	"enableTimerSync"               @ string offset=10323
.Linfo_string663:
	.asciz	"enableSelfWakeup"              @ string offset=10339
.Linfo_string664:
	.asciz	"enableIndividMask"             @ string offset=10356
.Linfo_string665:
	.asciz	"disableSelfReception"          @ string offset=10374
.Linfo_string666:
	.asciz	"enableListenOnlyMode"          @ string offset=10395
.Linfo_string667:
	.asciz	"enableSupervisorMode"          @ string offset=10416
.Linfo_string668:
	.asciz	"enableDoze"                    @ string offset=10437
.Linfo_string669:
	.asciz	"timingConfig"                  @ string offset=10448
.Linfo_string670:
	.asciz	"_flexcan_config"               @ string offset=10461
.Linfo_string671:
	.asciz	"flexcan_config_t"              @ string offset=10477
.Linfo_string672:
	.asciz	"sourceClock_Hz"                @ string offset=10494
.Linfo_string673:
	.asciz	"mcrTemp"                       @ string offset=10509
.Linfo_string674:
	.asciz	"ctrl1Temp"                     @ string offset=10517
.Linfo_string675:
	.asciz	"name"                          @ string offset=10527
.Linfo_string676:
	.asciz	"enable"                        @ string offset=10532
.Linfo_string677:
	.asciz	"i"                             @ string offset=10539
.Linfo_string678:
	.asciz	"bitRate_Bps"                   @ string offset=10541
.Linfo_string679:
	.asciz	"quantum"                       @ string offset=10553
.Linfo_string680:
	.asciz	"dataSize"                      @ string offset=10561
.Linfo_string681:
	.asciz	"flexcan_mb_size_t"             @ string offset=10570
.Linfo_string682:
	.asciz	"fdctrl"                        @ string offset=10588
.Linfo_string683:
	.asciz	"bitRateFD_Bps"                 @ string offset=10595
.Linfo_string684:
	.asciz	"mask"                          @ string offset=10609
.Linfo_string685:
	.asciz	"maskIdx"                       @ string offset=10614
.Linfo_string686:
	.asciz	"mbIdx"                         @ string offset=10622
.Linfo_string687:
	.asciz	"lastOccupiedMb"                @ string offset=10628
.Linfo_string688:
	.asciz	"fgRet"                         @ string offset=10643
.Linfo_string689:
	.asciz	"pTimingConfig"                 @ string offset=10649
.Linfo_string690:
	.asciz	"clk"                           @ string offset=10663
.Linfo_string691:
	.asciz	"tqNum"                         @ string offset=10667
.Linfo_string692:
	.asciz	"tqMin"                         @ string offset=10673
.Linfo_string693:
	.asciz	"pdivMAX"                       @ string offset=10679
.Linfo_string694:
	.asciz	"spTemp"                        @ string offset=10687
.Linfo_string695:
	.asciz	"configTemp"                    @ string offset=10694
.Linfo_string696:
	.asciz	"ideal_sp"                      @ string offset=10705
.Linfo_string697:
	.asciz	"seg1Max"                       @ string offset=10714
.Linfo_string698:
	.asciz	"seg2Max"                       @ string offset=10722
.Linfo_string699:
	.asciz	"proSegMax"                     @ string offset=10730
.Linfo_string700:
	.asciz	"sjwMAX"                        @ string offset=10740
.Linfo_string701:
	.asciz	"seg1Temp"                      @ string offset=10747
.Linfo_string702:
	.asciz	"tqTemp"                        @ string offset=10756
.Linfo_string703:
	.asciz	"cnt"                           @ string offset=10763
.Linfo_string704:
	.asciz	"payload_dword"                 @ string offset=10767
.Linfo_string705:
	.asciz	"mbAddr"                        @ string offset=10781
.Linfo_string706:
	.asciz	"offset"                        @ string offset=10788
.Linfo_string707:
	.asciz	"availoffset"                   @ string offset=10795
.Linfo_string708:
	.asciz	"firstValidMbNum"               @ string offset=10807
.Linfo_string709:
	.asciz	"pRxMbConfig"                   @ string offset=10823
.Linfo_string710:
	.asciz	"flexcan_frame_format_t"        @ string offset=10835
.Linfo_string711:
	.asciz	"flexcan_frame_type_t"          @ string offset=10858
.Linfo_string712:
	.asciz	"_flexcan_rx_mb_config"         @ string offset=10879
.Linfo_string713:
	.asciz	"flexcan_rx_mb_config_t"        @ string offset=10901
.Linfo_string714:
	.asciz	"cs_temp"                       @ string offset=10924
.Linfo_string715:
	.asciz	"pRxFifoConfig"                 @ string offset=10932
.Linfo_string716:
	.asciz	"idFilterTable"                 @ string offset=10946
.Linfo_string717:
	.asciz	"idFilterNum"                   @ string offset=10960
.Linfo_string718:
	.asciz	"idFilterType"                  @ string offset=10972
.Linfo_string719:
	.asciz	"flexcan_rx_fifo_filter_type_t" @ string offset=10985
.Linfo_string720:
	.asciz	"priority"                      @ string offset=11015
.Linfo_string721:
	.asciz	"flexcan_rx_fifo_priority_t"    @ string offset=11024
.Linfo_string722:
	.asciz	"_flexcan_rx_fifo_config"       @ string offset=11051
.Linfo_string723:
	.asciz	"flexcan_rx_fifo_config_t"      @ string offset=11075
.Linfo_string724:
	.asciz	"j"                             @ string offset=11100
.Linfo_string725:
	.asciz	"k"                             @ string offset=11102
.Linfo_string726:
	.asciz	"rffn"                          @ string offset=11104
.Linfo_string727:
	.asciz	"numMbOccupy"                   @ string offset=11109
.Linfo_string728:
	.asciz	"setup_mb"                      @ string offset=11121
.Linfo_string729:
	.asciz	"pTxFrame"                      @ string offset=11130
.Linfo_string730:
	.asciz	"status"                        @ string offset=11139
.Linfo_string731:
	.asciz	"mbCSAddr"                      @ string offset=11146
.Linfo_string732:
	.asciz	"dbg_temp"                      @ string offset=11155
.Linfo_string733:
	.asciz	"u32TempCS"                     @ string offset=11164
.Linfo_string734:
	.asciz	"u32Timeout"                    @ string offset=11174
.Linfo_string735:
	.asciz	"irqMask"                       @ string offset=11185
.Linfo_string736:
	.asciz	"can_cs"                        @ string offset=11193
.Linfo_string737:
	.asciz	"pRxFrame"                      @ string offset=11200
.Linfo_string738:
	.asciz	"rx_code"                       @ string offset=11209
.Linfo_string739:
	.asciz	"can_id"                        @ string offset=11217
.Linfo_string740:
	.asciz	"u64flag"                       @ string offset=11224
.Linfo_string741:
	.asciz	"tempflag"                      @ string offset=11232
.Linfo_string742:
	.asciz	"rxFifoStatus"                  @ string offset=11241
.Linfo_string743:
	.asciz	"handle"                        @ string offset=11254
.Linfo_string744:
	.asciz	"mbNum"                         @ string offset=11261
.Linfo_string745:
	.asciz	"interrupt"                     @ string offset=11267
.Linfo_string746:
	.asciz	"pMbXfer"                       @ string offset=11277
.Linfo_string747:
	.asciz	"framefd"                       @ string offset=11285
.Linfo_string748:
	.asciz	"frame"                         @ string offset=11293
.Linfo_string749:
	.asciz	"_flexcan_mb_transfer"          @ string offset=11299
.Linfo_string750:
	.asciz	"flexcan_mb_transfer_t"         @ string offset=11320
.Linfo_string751:
	.asciz	"u64mask"                       @ string offset=11342
.Linfo_string752:
	.asciz	"pFifoXfer"                     @ string offset=11350
.Linfo_string753:
	.asciz	"_flexcan_fifo_transfer"        @ string offset=11360
.Linfo_string754:
	.asciz	"flexcan_fifo_transfer_t"       @ string offset=11383
.Linfo_string755:
	.asciz	"pResult"                       @ string offset=11407
.Linfo_string756:
	.asciz	"u32mask"                       @ string offset=11415
.Linfo_string757:
	.asciz	"tempmask"                      @ string offset=11423
.Linfo_string758:
	.asciz	"value"                         @ string offset=11432
.Linfo_string759:
	.asciz	"clock_gate_value_t"            @ string offset=11438
.Linfo_string760:
	.asciz	"index"                         @ string offset=11457
.Linfo_string761:
	.asciz	"shift"                         @ string offset=11463
.Linfo_string762:
	.asciz	"reg"                           @ string offset=11469
.Linfo_string763:
	.asciz	"addr"                          @ string offset=11473
.Linfo_string764:
	.asciz	"clearBits"                     @ string offset=11478
.Linfo_string765:
	.asciz	"setBits"                       @ string offset=11488
.Linfo_string766:
	.asciz	"s_val"                         @ string offset=11496
.Linfo_string767:
	.asciz	"s"                             @ string offset=11502
.Linfo_string768:
	.asciz	"c"                             @ string offset=11504
.Linfo_string769:
	.asciz	"n"                             @ string offset=11506
.Linfo_string770:
	.asciz	"m"                             @ string offset=11508
.Linfo_string771:
	.asciz	"ptr"                           @ string offset=11510
.Linfo_string772:
	.asciz	"regPrimask"                    @ string offset=11514
.Linfo_string773:
	.asciz	"primask"                       @ string offset=11525
.Linfo_string774:
	.asciz	"flag"                          @ string offset=11533
	.ident	"Component: Arm Compiler for Embedded 6.19 Tool: armclang [5e73cb00]"
	.section	".note.GNU-stack","",%progbits
	.eabi_attribute	30, 6	@ Tag_ABI_optimization_goals
	.ARM_attribute	16, 1	@ Tag_AV_eba
	.section	.debug_line,"",%progbits
.Lline_table_start0:
