	.text
	.syntax unified
	.eabi_attribute	67, "2.09"	@ Tag_conformance
	.cpu	cortex-m7
	.eabi_attribute	6, 13	@ Tag_CPU_arch
	.eabi_attribute	7, 77	@ Tag_CPU_arch_profile
	.eabi_attribute	8, 0	@ Tag_ARM_ISA_use
	.eabi_attribute	9, 2	@ Tag_THUMB_ISA_use
	.fpu	fpv5-d16
	.eabi_attribute	36, 1	@ Tag_FP_HP_extension
	.eabi_attribute	34, 1	@ Tag_CPU_unaligned_access
	.eabi_attribute	17, 1	@ Tag_ABI_PCS_GOT_use
	.eabi_attribute	20, 2	@ Tag_ABI_FP_denormal
	.eabi_attribute	21, 0	@ Tag_ABI_FP_exceptions
	.eabi_attribute	23, 1	@ Tag_ABI_FP_number_model
	.eabi_attribute	24, 1	@ Tag_ABI_align_needed
	.eabi_attribute	25, 1	@ Tag_ABI_align_preserved
	.eabi_attribute	28, 1	@ Tag_ABI_VFP_args
	.eabi_attribute	38, 1	@ Tag_ABI_FP_16bit_format
	.eabi_attribute	18, 2	@ Tag_ABI_PCS_wchar_t
	.eabi_attribute	26, 1	@ Tag_ABI_enum_size
	.eabi_attribute	14, 0	@ Tag_ABI_PCS_R9_use
	.file	"fsl_snvs_hp.c"
	.file	1 "E:\\FILE_SMART_CAR\\\346\231\272\350\203\275\350\247\206\350\247\211\\RT1064_Library-master\\RT1064_Library-master\\SeekFree_RT1064_Opensource_Library\\project\\mdk" "../../libraries/sdk/drives/fsl_snvs_hp.c"
	.file	2 "E:\\FILE_SMART_CAR\\\346\231\272\350\203\275\350\247\206\350\247\211\\RT1064_Library-master\\RT1064_Library-master\\SeekFree_RT1064_Opensource_Library\\project\\mdk" "../../libraries/sdk/drives/fsl_common.h"
	.file	3 "E:\\FILE_SMART_CAR\\\346\231\272\350\203\275\350\247\206\350\247\211\\RT1064_Library-master\\RT1064_Library-master\\SeekFree_RT1064_Opensource_Library\\project\\mdk" "../../libraries/sdk/drives/fsl_snvs_hp.h"
	.file	4 "D:\\KEIL\\ARM\\ARMCLANG\\Bin\\..\\include" "stdint.h"
	.section	.text.SNVS_HP_Init,"ax",%progbits
	.hidden	SNVS_HP_Init                    @ -- Begin function SNVS_HP_Init
	.globl	SNVS_HP_Init
	.p2align	3
	.type	SNVS_HP_Init,%function
	.code	16                              @ @SNVS_HP_Init
	.thumb_func
SNVS_HP_Init:
.Lfunc_begin0:
	.loc	1 247 0                         @ ../../libraries/sdk/drives/fsl_snvs_hp.c:247:0
	.fnstart
	.cfi_sections .debug_frame
	.cfi_startproc
@ %bb.0:
	.pad	#4
	sub	sp, #4
	.cfi_def_cfa_offset 4
	str	r0, [sp]
.Ltmp0:
	.loc	1 253 1 prologue_end            @ ../../libraries/sdk/drives/fsl_snvs_hp.c:253:1
	add	sp, #4
	bx	lr
.Ltmp1:
.Lfunc_end0:
	.size	SNVS_HP_Init, .Lfunc_end0-SNVS_HP_Init
	.cfi_endproc
	.cantunwind
	.fnend
                                        @ -- End function
	.section	.text.SNVS_HP_Deinit,"ax",%progbits
	.hidden	SNVS_HP_Deinit                  @ -- Begin function SNVS_HP_Deinit
	.globl	SNVS_HP_Deinit
	.p2align	3
	.type	SNVS_HP_Deinit,%function
	.code	16                              @ @SNVS_HP_Deinit
	.thumb_func
SNVS_HP_Deinit:
.Lfunc_begin1:
	.loc	1 261 0                         @ ../../libraries/sdk/drives/fsl_snvs_hp.c:261:0
	.fnstart
	.cfi_startproc
@ %bb.0:
	.pad	#4
	sub	sp, #4
	.cfi_def_cfa_offset 4
	str	r0, [sp]
.Ltmp2:
	.loc	1 267 1 prologue_end            @ ../../libraries/sdk/drives/fsl_snvs_hp.c:267:1
	add	sp, #4
	bx	lr
.Ltmp3:
.Lfunc_end1:
	.size	SNVS_HP_Deinit, .Lfunc_end1-SNVS_HP_Deinit
	.cfi_endproc
	.cantunwind
	.fnend
                                        @ -- End function
	.section	.text.SNVS_HP_RTC_Init,"ax",%progbits
	.hidden	SNVS_HP_RTC_Init                @ -- Begin function SNVS_HP_RTC_Init
	.globl	SNVS_HP_RTC_Init
	.p2align	3
	.type	SNVS_HP_RTC_Init,%function
	.code	16                              @ @SNVS_HP_RTC_Init
	.thumb_func
SNVS_HP_RTC_Init:
.Lfunc_begin2:
	.loc	1 278 0                         @ ../../libraries/sdk/drives/fsl_snvs_hp.c:278:0
	.fnstart
	.cfi_startproc
@ %bb.0:
	.save	{r7, lr}
	push	{r7, lr}
	.cfi_def_cfa_offset 8
	.cfi_offset lr, -4
	.cfi_offset r7, -8
	.pad	#8
	sub	sp, #8
	.cfi_def_cfa_offset 16
	str	r0, [sp, #4]
	str	r1, [sp]
.Ltmp4:
	.loc	1 279 5 prologue_end            @ ../../libraries/sdk/drives/fsl_snvs_hp.c:279:5
	ldr	r0, [sp]
	cbz	r0, .LBB2_2
	b	.LBB2_1
.LBB2_1:
	b	.LBB2_3
.LBB2_2:
	movw	r0, :lower16:.L.str
	movt	r0, :upper16:.L.str
	movw	r1, :lower16:.L.str.1
	movt	r1, :upper16:.L.str.1
	movw	r2, #279
	bl	__aeabi_assert
.LBB2_3:
	.loc	1 281 18                        @ ../../libraries/sdk/drives/fsl_snvs_hp.c:281:18
	ldr	r0, [sp, #4]
	.loc	1 281 5 is_stmt 0               @ ../../libraries/sdk/drives/fsl_snvs_hp.c:281:5
	bl	SNVS_HP_Init
	.loc	1 283 5 is_stmt 1               @ ../../libraries/sdk/drives/fsl_snvs_hp.c:283:5
	ldr	r1, [sp, #4]
	.loc	1 283 18 is_stmt 0              @ ../../libraries/sdk/drives/fsl_snvs_hp.c:283:18
	ldr	r0, [r1, #4]
	orr	r0, r0, #-2147483648
	str	r0, [r1, #4]
	.loc	1 285 19 is_stmt 1              @ ../../libraries/sdk/drives/fsl_snvs_hp.c:285:19
	ldr	r0, [sp, #4]
	.loc	1 285 25 is_stmt 0              @ ../../libraries/sdk/drives/fsl_snvs_hp.c:285:25
	ldr	r0, [r0, #8]
	.loc	1 285 59                        @ ../../libraries/sdk/drives/fsl_snvs_hp.c:285:59
	ldr	r1, [sp]
	ldr	r1, [r1, #8]
	.loc	1 285 57                        @ ../../libraries/sdk/drives/fsl_snvs_hp.c:285:57
	bfi	r0, r1, #4, #4
	.loc	1 285 5                         @ ../../libraries/sdk/drives/fsl_snvs_hp.c:285:5
	ldr	r1, [sp, #4]
	.loc	1 285 16                        @ ../../libraries/sdk/drives/fsl_snvs_hp.c:285:16
	str	r0, [r1, #8]
.Ltmp5:
	.loc	1 287 9 is_stmt 1               @ ../../libraries/sdk/drives/fsl_snvs_hp.c:287:9
	ldr	r0, [sp]
	.loc	1 287 17 is_stmt 0              @ ../../libraries/sdk/drives/fsl_snvs_hp.c:287:17
	ldrb	r0, [r0]
.Ltmp6:
	.loc	1 287 9                         @ ../../libraries/sdk/drives/fsl_snvs_hp.c:287:9
	lsls	r0, r0, #31
	cbz	r0, .LBB2_5
	b	.LBB2_4
.LBB2_4:
.Ltmp7:
	.loc	1 289 23 is_stmt 1              @ ../../libraries/sdk/drives/fsl_snvs_hp.c:289:23
	ldr	r0, [sp, #4]
	.loc	1 289 29 is_stmt 0              @ ../../libraries/sdk/drives/fsl_snvs_hp.c:289:29
	ldr	r0, [r0, #8]
	.loc	1 289 66                        @ ../../libraries/sdk/drives/fsl_snvs_hp.c:289:66
	ldr	r1, [sp]
	ldr	r1, [r1, #4]
	.loc	1 289 64                        @ ../../libraries/sdk/drives/fsl_snvs_hp.c:289:64
	bfi	r0, r1, #10, #5
	.loc	1 289 9                         @ ../../libraries/sdk/drives/fsl_snvs_hp.c:289:9
	ldr	r1, [sp, #4]
	.loc	1 289 20                        @ ../../libraries/sdk/drives/fsl_snvs_hp.c:289:20
	str	r0, [r1, #8]
	.loc	1 290 9 is_stmt 1               @ ../../libraries/sdk/drives/fsl_snvs_hp.c:290:9
	ldr	r1, [sp, #4]
	.loc	1 290 20 is_stmt 0              @ ../../libraries/sdk/drives/fsl_snvs_hp.c:290:20
	ldr	r0, [r1, #8]
	orr	r0, r0, #256
	str	r0, [r1, #8]
	.loc	1 291 5 is_stmt 1               @ ../../libraries/sdk/drives/fsl_snvs_hp.c:291:5
	b	.LBB2_5
.Ltmp8:
.LBB2_5:
	.loc	1 292 1                         @ ../../libraries/sdk/drives/fsl_snvs_hp.c:292:1
	add	sp, #8
	pop	{r7, pc}
.Ltmp9:
.Lfunc_end2:
	.size	SNVS_HP_RTC_Init, .Lfunc_end2-SNVS_HP_RTC_Init
	.cfi_endproc
	.cantunwind
	.fnend
                                        @ -- End function
	.section	.text.SNVS_HP_RTC_Deinit,"ax",%progbits
	.hidden	SNVS_HP_RTC_Deinit              @ -- Begin function SNVS_HP_RTC_Deinit
	.globl	SNVS_HP_RTC_Deinit
	.p2align	3
	.type	SNVS_HP_RTC_Deinit,%function
	.code	16                              @ @SNVS_HP_RTC_Deinit
	.thumb_func
SNVS_HP_RTC_Deinit:
.Lfunc_begin3:
	.loc	1 300 0                         @ ../../libraries/sdk/drives/fsl_snvs_hp.c:300:0
	.fnstart
	.cfi_startproc
@ %bb.0:
	.save	{r7, lr}
	push	{r7, lr}
	.cfi_def_cfa_offset 8
	.cfi_offset lr, -4
	.cfi_offset r7, -8
	.pad	#8
	sub	sp, #8
	.cfi_def_cfa_offset 16
	str	r0, [sp, #4]
.Ltmp10:
	.loc	1 301 5 prologue_end            @ ../../libraries/sdk/drives/fsl_snvs_hp.c:301:5
	ldr	r1, [sp, #4]
	.loc	1 301 16 is_stmt 0              @ ../../libraries/sdk/drives/fsl_snvs_hp.c:301:16
	ldr	r0, [r1, #8]
	bic	r0, r0, #1
	str	r0, [r1, #8]
	.loc	1 303 20 is_stmt 1              @ ../../libraries/sdk/drives/fsl_snvs_hp.c:303:20
	ldr	r0, [sp, #4]
	.loc	1 303 5 is_stmt 0               @ ../../libraries/sdk/drives/fsl_snvs_hp.c:303:5
	bl	SNVS_HP_Deinit
	.loc	1 304 1 is_stmt 1               @ ../../libraries/sdk/drives/fsl_snvs_hp.c:304:1
	add	sp, #8
	pop	{r7, pc}
.Ltmp11:
.Lfunc_end3:
	.size	SNVS_HP_RTC_Deinit, .Lfunc_end3-SNVS_HP_RTC_Deinit
	.cfi_endproc
	.cantunwind
	.fnend
                                        @ -- End function
	.section	.text.SNVS_HP_RTC_GetDefaultConfig,"ax",%progbits
	.hidden	SNVS_HP_RTC_GetDefaultConfig    @ -- Begin function SNVS_HP_RTC_GetDefaultConfig
	.globl	SNVS_HP_RTC_GetDefaultConfig
	.p2align	3
	.type	SNVS_HP_RTC_GetDefaultConfig,%function
	.code	16                              @ @SNVS_HP_RTC_GetDefaultConfig
	.thumb_func
SNVS_HP_RTC_GetDefaultConfig:
.Lfunc_begin4:
	.loc	1 318 0                         @ ../../libraries/sdk/drives/fsl_snvs_hp.c:318:0
	.fnstart
	.cfi_startproc
@ %bb.0:
	.save	{r7, lr}
	push	{r7, lr}
	.cfi_def_cfa_offset 8
	.cfi_offset lr, -4
	.cfi_offset r7, -8
	.pad	#8
	sub	sp, #8
	.cfi_def_cfa_offset 16
	str	r0, [sp, #4]
.Ltmp12:
	.loc	1 319 5 prologue_end            @ ../../libraries/sdk/drives/fsl_snvs_hp.c:319:5
	ldr	r0, [sp, #4]
	cbz	r0, .LBB4_2
	b	.LBB4_1
.LBB4_1:
	b	.LBB4_3
.LBB4_2:
	movw	r0, :lower16:.L.str
	movt	r0, :upper16:.L.str
	movw	r1, :lower16:.L.str.1
	movt	r1, :upper16:.L.str.1
	movw	r2, #319
	bl	__aeabi_assert
.LBB4_3:
	ldr	r0, [sp, #4]
	movs	r1, #0
	str	r1, [sp]                        @ 4-byte Spill
	movs	r2, #12
	.loc	1 322 11                        @ ../../libraries/sdk/drives/fsl_snvs_hp.c:322:11
	bl	memset
                                        @ kill: def $r1 killed $r0
	.loc	1 324 5                         @ ../../libraries/sdk/drives/fsl_snvs_hp.c:324:5
	ldr	r0, [sp]                        @ 4-byte Reload
	ldr	r1, [sp, #4]
	.loc	1 324 35 is_stmt 0              @ ../../libraries/sdk/drives/fsl_snvs_hp.c:324:35
	strb	r0, [r1]
	.loc	1 325 5 is_stmt 1               @ ../../libraries/sdk/drives/fsl_snvs_hp.c:325:5
	ldr	r1, [sp, #4]
	.loc	1 325 35 is_stmt 0              @ ../../libraries/sdk/drives/fsl_snvs_hp.c:325:35
	str	r0, [r1, #4]
	.loc	1 326 5 is_stmt 1               @ ../../libraries/sdk/drives/fsl_snvs_hp.c:326:5
	ldr	r1, [sp, #4]
	.loc	1 326 35 is_stmt 0              @ ../../libraries/sdk/drives/fsl_snvs_hp.c:326:35
	str	r0, [r1, #8]
	.loc	1 327 1 is_stmt 1               @ ../../libraries/sdk/drives/fsl_snvs_hp.c:327:1
	add	sp, #8
	pop	{r7, pc}
.Ltmp13:
.Lfunc_end4:
	.size	SNVS_HP_RTC_GetDefaultConfig, .Lfunc_end4-SNVS_HP_RTC_GetDefaultConfig
	.cfi_endproc
	.cantunwind
	.fnend
                                        @ -- End function
	.section	.text.SNVS_HP_RTC_SetDatetime,"ax",%progbits
	.hidden	SNVS_HP_RTC_SetDatetime         @ -- Begin function SNVS_HP_RTC_SetDatetime
	.globl	SNVS_HP_RTC_SetDatetime
	.p2align	3
	.type	SNVS_HP_RTC_SetDatetime,%function
	.code	16                              @ @SNVS_HP_RTC_SetDatetime
	.thumb_func
SNVS_HP_RTC_SetDatetime:
.Lfunc_begin5:
	.loc	1 355 0                         @ ../../libraries/sdk/drives/fsl_snvs_hp.c:355:0
	.fnstart
	.cfi_startproc
@ %bb.0:
	.save	{r7, lr}
	push	{r7, lr}
	.cfi_def_cfa_offset 8
	.cfi_offset lr, -4
	.cfi_offset r7, -8
	.pad	#24
	sub	sp, #24
	.cfi_def_cfa_offset 32
	str	r0, [sp, #16]
	str	r1, [sp, #12]
.Ltmp14:
	.loc	1 356 5 prologue_end            @ ../../libraries/sdk/drives/fsl_snvs_hp.c:356:5
	ldr	r0, [sp, #12]
	cbz	r0, .LBB5_2
	b	.LBB5_1
.LBB5_1:
	b	.LBB5_3
.LBB5_2:
	movw	r0, :lower16:.L.str.2
	movt	r0, :upper16:.L.str.2
	movw	r1, :lower16:.L.str.1
	movt	r1, :upper16:.L.str.1
	mov.w	r2, #356
	bl	__aeabi_assert
.LBB5_3:
	.loc	1 0 5 is_stmt 0                 @ ../../libraries/sdk/drives/fsl_snvs_hp.c:0:5
	movs	r0, #0
	.loc	1 358 14 is_stmt 1              @ ../../libraries/sdk/drives/fsl_snvs_hp.c:358:14
	str	r0, [sp, #8]
	.loc	1 359 24                        @ ../../libraries/sdk/drives/fsl_snvs_hp.c:359:24
	ldr	r0, [sp, #16]
	.loc	1 359 30 is_stmt 0              @ ../../libraries/sdk/drives/fsl_snvs_hp.c:359:30
	ldr	r0, [r0, #8]
	.loc	1 359 14                        @ ../../libraries/sdk/drives/fsl_snvs_hp.c:359:14
	str	r0, [sp, #4]
	.loc	1 362 27 is_stmt 1              @ ../../libraries/sdk/drives/fsl_snvs_hp.c:362:27
	ldr	r0, [sp, #16]
	.loc	1 362 5 is_stmt 0               @ ../../libraries/sdk/drives/fsl_snvs_hp.c:362:5
	bl	SNVS_HP_RTC_StopTimer
.Ltmp15:
	.loc	1 365 39 is_stmt 1              @ ../../libraries/sdk/drives/fsl_snvs_hp.c:365:39
	ldr	r0, [sp, #12]
	.loc	1 365 11 is_stmt 0              @ ../../libraries/sdk/drives/fsl_snvs_hp.c:365:11
	bl	SNVS_HP_CheckDatetimeFormat
.Ltmp16:
	.loc	1 365 9                         @ ../../libraries/sdk/drives/fsl_snvs_hp.c:365:9
	cbnz	r0, .LBB5_5
	b	.LBB5_4
.LBB5_4:
	.loc	1 0 9                           @ ../../libraries/sdk/drives/fsl_snvs_hp.c:0:9
	movs	r0, #4
.Ltmp17:
	.loc	1 367 9 is_stmt 1               @ ../../libraries/sdk/drives/fsl_snvs_hp.c:367:9
	str	r0, [sp, #20]
	b	.LBB5_8
.Ltmp18:
.LBB5_5:
	.loc	1 371 48                        @ ../../libraries/sdk/drives/fsl_snvs_hp.c:371:48
	ldr	r0, [sp, #12]
	.loc	1 371 15 is_stmt 0              @ ../../libraries/sdk/drives/fsl_snvs_hp.c:371:15
	bl	SNVS_HP_ConvertDatetimeToSeconds
	.loc	1 371 13                        @ ../../libraries/sdk/drives/fsl_snvs_hp.c:371:13
	str	r0, [sp, #8]
	.loc	1 373 32 is_stmt 1              @ ../../libraries/sdk/drives/fsl_snvs_hp.c:373:32
	ldr	r0, [sp, #8]
	.loc	1 373 40 is_stmt 0              @ ../../libraries/sdk/drives/fsl_snvs_hp.c:373:40
	lsrs	r0, r0, #17
	.loc	1 373 5                         @ ../../libraries/sdk/drives/fsl_snvs_hp.c:373:5
	ldr	r1, [sp, #16]
	.loc	1 373 19                        @ ../../libraries/sdk/drives/fsl_snvs_hp.c:373:19
	str	r0, [r1, #36]
	.loc	1 374 32 is_stmt 1              @ ../../libraries/sdk/drives/fsl_snvs_hp.c:374:32
	ldr	r0, [sp, #8]
	.loc	1 374 40 is_stmt 0              @ ../../libraries/sdk/drives/fsl_snvs_hp.c:374:40
	lsls	r0, r0, #15
	.loc	1 374 5                         @ ../../libraries/sdk/drives/fsl_snvs_hp.c:374:5
	ldr	r1, [sp, #16]
	.loc	1 374 19                        @ ../../libraries/sdk/drives/fsl_snvs_hp.c:374:19
	str	r0, [r1, #40]
	.loc	1 377 9 is_stmt 1               @ ../../libraries/sdk/drives/fsl_snvs_hp.c:377:9
	ldrb.w	r0, [sp, #4]
	lsls	r0, r0, #31
	cbz	r0, .LBB5_7
	b	.LBB5_6
.LBB5_6:
.Ltmp19:
	.loc	1 379 32                        @ ../../libraries/sdk/drives/fsl_snvs_hp.c:379:32
	ldr	r0, [sp, #16]
	.loc	1 379 9 is_stmt 0               @ ../../libraries/sdk/drives/fsl_snvs_hp.c:379:9
	bl	SNVS_HP_RTC_StartTimer
	.loc	1 380 5 is_stmt 1               @ ../../libraries/sdk/drives/fsl_snvs_hp.c:380:5
	b	.LBB5_7
.Ltmp20:
.LBB5_7:
	.loc	1 0 5 is_stmt 0                 @ ../../libraries/sdk/drives/fsl_snvs_hp.c:0:5
	movs	r0, #0
	.loc	1 382 5 is_stmt 1               @ ../../libraries/sdk/drives/fsl_snvs_hp.c:382:5
	str	r0, [sp, #20]
	b	.LBB5_8
.LBB5_8:
	.loc	1 383 1                         @ ../../libraries/sdk/drives/fsl_snvs_hp.c:383:1
	ldr	r0, [sp, #20]
	add	sp, #24
	pop	{r7, pc}
.Ltmp21:
.Lfunc_end5:
	.size	SNVS_HP_RTC_SetDatetime, .Lfunc_end5-SNVS_HP_RTC_SetDatetime
	.cfi_endproc
	.cantunwind
	.fnend
                                        @ -- End function
	.section	.text.SNVS_HP_RTC_StopTimer,"ax",%progbits
	.p2align	3                               @ -- Begin function SNVS_HP_RTC_StopTimer
	.type	SNVS_HP_RTC_StopTimer,%function
	.code	16                              @ @SNVS_HP_RTC_StopTimer
	.thumb_func
SNVS_HP_RTC_StopTimer:
.Lfunc_begin6:
	.loc	3 349 0                         @ ../../libraries/sdk/drives/fsl_snvs_hp.h:349:0
	.fnstart
	.cfi_startproc
@ %bb.0:
	.pad	#4
	sub	sp, #4
	.cfi_def_cfa_offset 4
	str	r0, [sp]
.Ltmp22:
	.loc	3 350 5 prologue_end            @ ../../libraries/sdk/drives/fsl_snvs_hp.h:350:5
	ldr	r1, [sp]
	.loc	3 350 16 is_stmt 0              @ ../../libraries/sdk/drives/fsl_snvs_hp.h:350:16
	ldr	r0, [r1, #8]
	bic	r0, r0, #1
	str	r0, [r1, #8]
	.loc	3 351 5 is_stmt 1               @ ../../libraries/sdk/drives/fsl_snvs_hp.h:351:5
	b	.LBB6_1
.LBB6_1:                                @ =>This Inner Loop Header: Depth=1
	.loc	3 351 13 is_stmt 0              @ ../../libraries/sdk/drives/fsl_snvs_hp.h:351:13
	ldr	r0, [sp]
	.loc	3 351 19                        @ ../../libraries/sdk/drives/fsl_snvs_hp.h:351:19
	ldr	r0, [r0, #8]
	.loc	3 351 5                         @ ../../libraries/sdk/drives/fsl_snvs_hp.h:351:5
	lsls	r0, r0, #31
	cbz	r0, .LBB6_3
	b	.LBB6_2
.LBB6_2:                                @   in Loop: Header=BB6_1 Depth=1
	b	.LBB6_1
.LBB6_3:
	.loc	3 354 1 is_stmt 1               @ ../../libraries/sdk/drives/fsl_snvs_hp.h:354:1
	add	sp, #4
	bx	lr
.Ltmp23:
.Lfunc_end6:
	.size	SNVS_HP_RTC_StopTimer, .Lfunc_end6-SNVS_HP_RTC_StopTimer
	.cfi_endproc
	.cantunwind
	.fnend
                                        @ -- End function
	.section	.text.SNVS_HP_CheckDatetimeFormat,"ax",%progbits
	.p2align	3                               @ -- Begin function SNVS_HP_CheckDatetimeFormat
	.type	SNVS_HP_CheckDatetimeFormat,%function
	.code	16                              @ @SNVS_HP_CheckDatetimeFormat
	.thumb_func
SNVS_HP_CheckDatetimeFormat:
.Lfunc_begin7:
	.loc	1 99 0                          @ ../../libraries/sdk/drives/fsl_snvs_hp.c:99:0
	.fnstart
	.cfi_startproc
@ %bb.0:
	.pad	#24
	sub	sp, #24
	.cfi_def_cfa_offset 24
	str	r0, [sp, #16]
.Ltmp24:
	.loc	1 100 5 prologue_end            @ ../../libraries/sdk/drives/fsl_snvs_hp.c:100:5
	ldr	r0, [sp, #16]
	cbz	r0, .LBB7_2
	b	.LBB7_1
.LBB7_1:
	b	.LBB7_3
.LBB7_2:
	movw	r0, :lower16:.L.str.2
	movt	r0, :upper16:.L.str.2
	movw	r1, :lower16:.L.str.1
	movt	r1, :upper16:.L.str.1
	movs	r2, #100
	bl	__aeabi_assert
.LBB7_3:
	.loc	1 0 5 is_stmt 0                 @ ../../libraries/sdk/drives/fsl_snvs_hp.c:0:5
	movs	r0, #31
	.loc	1 105 13 is_stmt 1              @ ../../libraries/sdk/drives/fsl_snvs_hp.c:105:13
	strb.w	r0, [sp, #12]
	movw	r0, #7711
	movt	r0, #7711
	str	r0, [sp, #8]
	movw	r0, #7966
	movt	r0, #7966
	str	r0, [sp, #4]
	movw	r0, #7936
	movt	r0, #7964
	str	r0, [sp]
.Ltmp25:
	.loc	1 108 10                        @ ../../libraries/sdk/drives/fsl_snvs_hp.c:108:10
	ldr	r0, [sp, #16]
	.loc	1 108 20 is_stmt 0              @ ../../libraries/sdk/drives/fsl_snvs_hp.c:108:20
	ldrh	r0, [r0]
	movw	r1, #1970
	.loc	1 108 45                        @ ../../libraries/sdk/drives/fsl_snvs_hp.c:108:45
	cmp	r0, r1
	blo	.LBB7_10
	b	.LBB7_4
.LBB7_4:
	.loc	1 108 49                        @ ../../libraries/sdk/drives/fsl_snvs_hp.c:108:49
	ldr	r0, [sp, #16]
	.loc	1 108 59                        @ ../../libraries/sdk/drives/fsl_snvs_hp.c:108:59
	ldrh	r0, [r0]
	movw	r1, #2099
	.loc	1 108 82                        @ ../../libraries/sdk/drives/fsl_snvs_hp.c:108:82
	cmp	r0, r1
	bhi	.LBB7_10
	b	.LBB7_5
.LBB7_5:
	.loc	1 108 86                        @ ../../libraries/sdk/drives/fsl_snvs_hp.c:108:86
	ldr	r0, [sp, #16]
	.loc	1 108 96                        @ ../../libraries/sdk/drives/fsl_snvs_hp.c:108:96
	ldrb	r0, [r0, #2]
	.loc	1 108 109                       @ ../../libraries/sdk/drives/fsl_snvs_hp.c:108:109
	cmp	r0, #12
	bhi	.LBB7_10
	b	.LBB7_6
.LBB7_6:
	.loc	1 109 10 is_stmt 1              @ ../../libraries/sdk/drives/fsl_snvs_hp.c:109:10
	ldr	r0, [sp, #16]
	.loc	1 109 20 is_stmt 0              @ ../../libraries/sdk/drives/fsl_snvs_hp.c:109:20
	ldrb	r0, [r0, #2]
	.loc	1 109 32                        @ ../../libraries/sdk/drives/fsl_snvs_hp.c:109:32
	cbz	r0, .LBB7_10
	b	.LBB7_7
.LBB7_7:
	.loc	1 109 36                        @ ../../libraries/sdk/drives/fsl_snvs_hp.c:109:36
	ldr	r0, [sp, #16]
	.loc	1 109 46                        @ ../../libraries/sdk/drives/fsl_snvs_hp.c:109:46
	ldrb	r0, [r0, #4]
	.loc	1 109 59                        @ ../../libraries/sdk/drives/fsl_snvs_hp.c:109:59
	cmp	r0, #23
	bhi	.LBB7_10
	b	.LBB7_8
.LBB7_8:
	.loc	1 109 63                        @ ../../libraries/sdk/drives/fsl_snvs_hp.c:109:63
	ldr	r0, [sp, #16]
	.loc	1 109 73                        @ ../../libraries/sdk/drives/fsl_snvs_hp.c:109:73
	ldrb	r0, [r0, #5]
	.loc	1 109 88                        @ ../../libraries/sdk/drives/fsl_snvs_hp.c:109:88
	cmp	r0, #59
	bhi	.LBB7_10
	b	.LBB7_9
.LBB7_9:
	.loc	1 109 92                        @ ../../libraries/sdk/drives/fsl_snvs_hp.c:109:92
	ldr	r0, [sp, #16]
	.loc	1 109 102                       @ ../../libraries/sdk/drives/fsl_snvs_hp.c:109:102
	ldrb	r0, [r0, #6]
.Ltmp26:
	.loc	1 108 9 is_stmt 1               @ ../../libraries/sdk/drives/fsl_snvs_hp.c:108:9
	cmp	r0, #60
	blo	.LBB7_11
	b	.LBB7_10
.LBB7_10:
	.loc	1 0 9 is_stmt 0                 @ ../../libraries/sdk/drives/fsl_snvs_hp.c:0:9
	movs	r0, #0
.Ltmp27:
	.loc	1 112 9 is_stmt 1               @ ../../libraries/sdk/drives/fsl_snvs_hp.c:112:9
	strb.w	r0, [sp, #23]
	b	.LBB7_19
.Ltmp28:
.LBB7_11:
	.loc	1 116 12                        @ ../../libraries/sdk/drives/fsl_snvs_hp.c:116:12
	ldr	r0, [sp, #16]
	ldrh	r0, [r0]
	.loc	1 116 40 is_stmt 0              @ ../../libraries/sdk/drives/fsl_snvs_hp.c:116:40
	lsls	r0, r0, #30
	cbnz	r0, .LBB7_13
	b	.LBB7_12
.LBB7_12:
	.loc	1 116 44                        @ ../../libraries/sdk/drives/fsl_snvs_hp.c:116:44
	ldr	r0, [sp, #16]
	.loc	1 116 54                        @ ../../libraries/sdk/drives/fsl_snvs_hp.c:116:54
	ldrh	r0, [r0]
	movw	r1, #23593
	movt	r1, #49807
	.loc	1 116 74                        @ ../../libraries/sdk/drives/fsl_snvs_hp.c:116:74
	muls	r0, r1, r0
	ror.w	r0, r0, #2
	movw	r1, #23592
	movt	r1, #655
	cmp	r0, r1
	bhi	.LBB7_14
	b	.LBB7_13
.LBB7_13:
	.loc	1 116 78                        @ ../../libraries/sdk/drives/fsl_snvs_hp.c:116:78
	ldr	r0, [sp, #16]
	.loc	1 116 88                        @ ../../libraries/sdk/drives/fsl_snvs_hp.c:116:88
	ldrh	r0, [r0]
	movw	r1, #23593
	movt	r1, #49807
.Ltmp29:
	.loc	1 116 9                         @ ../../libraries/sdk/drives/fsl_snvs_hp.c:116:9
	muls	r0, r1, r0
	ror.w	r0, r0, #4
	movw	r1, #55050
	movt	r1, #163
	cmp	r0, r1
	bhi	.LBB7_15
	b	.LBB7_14
.LBB7_14:
	.loc	1 0 9                           @ ../../libraries/sdk/drives/fsl_snvs_hp.c:0:9
	movs	r0, #29
.Ltmp30:
	.loc	1 118 25 is_stmt 1              @ ../../libraries/sdk/drives/fsl_snvs_hp.c:118:25
	strb.w	r0, [sp, #2]
	.loc	1 119 5                         @ ../../libraries/sdk/drives/fsl_snvs_hp.c:119:5
	b	.LBB7_15
.Ltmp31:
.LBB7_15:
	.loc	1 122 10                        @ ../../libraries/sdk/drives/fsl_snvs_hp.c:122:10
	ldr	r0, [sp, #16]
	.loc	1 122 49 is_stmt 0              @ ../../libraries/sdk/drives/fsl_snvs_hp.c:122:49
	ldrb	r2, [r0, #2]
	.loc	1 122 20                        @ ../../libraries/sdk/drives/fsl_snvs_hp.c:122:20
	ldrb	r0, [r0, #3]
	mov	r1, sp
	.loc	1 122 26                        @ ../../libraries/sdk/drives/fsl_snvs_hp.c:122:26
	ldrb	r1, [r1, r2]
	.loc	1 122 57                        @ ../../libraries/sdk/drives/fsl_snvs_hp.c:122:57
	cmp	r0, r1
	bgt	.LBB7_17
	b	.LBB7_16
.LBB7_16:
	.loc	1 122 61                        @ ../../libraries/sdk/drives/fsl_snvs_hp.c:122:61
	ldr	r0, [sp, #16]
	.loc	1 122 71                        @ ../../libraries/sdk/drives/fsl_snvs_hp.c:122:71
	ldrb	r0, [r0, #3]
.Ltmp32:
	.loc	1 122 9                         @ ../../libraries/sdk/drives/fsl_snvs_hp.c:122:9
	cbnz	r0, .LBB7_18
	b	.LBB7_17
.LBB7_17:
	.loc	1 0 9                           @ ../../libraries/sdk/drives/fsl_snvs_hp.c:0:9
	movs	r0, #0
.Ltmp33:
	.loc	1 124 9 is_stmt 1               @ ../../libraries/sdk/drives/fsl_snvs_hp.c:124:9
	strb.w	r0, [sp, #23]
	b	.LBB7_19
.Ltmp34:
.LBB7_18:
	.loc	1 0 9 is_stmt 0                 @ ../../libraries/sdk/drives/fsl_snvs_hp.c:0:9
	movs	r0, #1
	.loc	1 127 5 is_stmt 1               @ ../../libraries/sdk/drives/fsl_snvs_hp.c:127:5
	strb.w	r0, [sp, #23]
	b	.LBB7_19
.LBB7_19:
	.loc	1 128 1                         @ ../../libraries/sdk/drives/fsl_snvs_hp.c:128:1
	ldrb.w	r0, [sp, #23]
	add	sp, #24
	bx	lr
.Ltmp35:
.Lfunc_end7:
	.size	SNVS_HP_CheckDatetimeFormat, .Lfunc_end7-SNVS_HP_CheckDatetimeFormat
	.cfi_endproc
	.cantunwind
	.fnend
                                        @ -- End function
	.section	.text.SNVS_HP_ConvertDatetimeToSeconds,"ax",%progbits
	.p2align	3                               @ -- Begin function SNVS_HP_ConvertDatetimeToSeconds
	.type	SNVS_HP_ConvertDatetimeToSeconds,%function
	.code	16                              @ @SNVS_HP_ConvertDatetimeToSeconds
	.thumb_func
SNVS_HP_ConvertDatetimeToSeconds:
.Lfunc_begin8:
	.loc	1 131 0                         @ ../../libraries/sdk/drives/fsl_snvs_hp.c:131:0
	.fnstart
	.cfi_startproc
@ %bb.0:
	.save	{r7, lr}
	push	{r7, lr}
	.cfi_def_cfa_offset 8
	.cfi_offset lr, -4
	.cfi_offset r7, -8
	.pad	#40
	sub	sp, #40
	.cfi_def_cfa_offset 48
	str	r0, [sp, #36]
.Ltmp36:
	.loc	1 132 5 prologue_end            @ ../../libraries/sdk/drives/fsl_snvs_hp.c:132:5
	ldr	r0, [sp, #36]
	cbz	r0, .LBB8_2
	b	.LBB8_1
.LBB8_1:
	b	.LBB8_3
.LBB8_2:
	movw	r0, :lower16:.L.str.2
	movt	r0, :upper16:.L.str.2
	movw	r1, :lower16:.L.str.1
	movt	r1, :upper16:.L.str.1
	movs	r2, #132
	bl	__aeabi_assert
.LBB8_3:
	.loc	1 136 14                        @ ../../libraries/sdk/drives/fsl_snvs_hp.c:136:14
	movw	r1, :lower16:.L__const.SNVS_HP_ConvertDatetimeToSeconds.monthDays
	movt	r1, :upper16:.L__const.SNVS_HP_ConvertDatetimeToSeconds.monthDays
	add.w	r0, sp, #10
	str	r0, [sp]                        @ 4-byte Spill
	movs	r2, #26
	bl	__aeabi_memcpy
                                        @ kill: def $r1 killed $r0
	.loc	1 140 27                        @ ../../libraries/sdk/drives/fsl_snvs_hp.c:140:27
	ldr	r0, [sp]                        @ 4-byte Reload
	ldr	r1, [sp, #36]
	.loc	1 140 37 is_stmt 0              @ ../../libraries/sdk/drives/fsl_snvs_hp.c:140:37
	ldrh	r1, [r1]
	movw	r3, #1846
	movt	r3, #65525
	movw	r2, #365
	.loc	1 140 51                        @ ../../libraries/sdk/drives/fsl_snvs_hp.c:140:51
	mla	r1, r1, r2, r3
	.loc	1 140 13                        @ ../../libraries/sdk/drives/fsl_snvs_hp.c:140:13
	str	r1, [sp, #4]
	.loc	1 142 28 is_stmt 1              @ ../../libraries/sdk/drives/fsl_snvs_hp.c:142:28
	ldr	r1, [sp, #36]
	.loc	1 142 38 is_stmt 0              @ ../../libraries/sdk/drives/fsl_snvs_hp.c:142:38
	ldrh	r2, [r1]
	.loc	1 142 13                        @ ../../libraries/sdk/drives/fsl_snvs_hp.c:142:13
	ldr	r1, [sp, #4]
	add.w	r1, r1, r2, lsr #2
	sub.w	r1, r1, #492
	str	r1, [sp, #4]
	.loc	1 144 26 is_stmt 1              @ ../../libraries/sdk/drives/fsl_snvs_hp.c:144:26
	ldr	r1, [sp, #36]
	.loc	1 144 36 is_stmt 0              @ ../../libraries/sdk/drives/fsl_snvs_hp.c:144:36
	ldrb	r1, [r1, #2]
	.loc	1 144 16                        @ ../../libraries/sdk/drives/fsl_snvs_hp.c:144:16
	ldrh.w	r1, [r0, r1, lsl #1]
	.loc	1 144 13                        @ ../../libraries/sdk/drives/fsl_snvs_hp.c:144:13
	ldr	r0, [sp, #4]
	add	r0, r1
	str	r0, [sp, #4]
	.loc	1 147 27 is_stmt 1              @ ../../libraries/sdk/drives/fsl_snvs_hp.c:147:27
	ldr	r0, [sp, #36]
	.loc	1 147 37 is_stmt 0              @ ../../libraries/sdk/drives/fsl_snvs_hp.c:147:37
	ldrb	r0, [r0, #3]
	.loc	1 147 13                        @ ../../libraries/sdk/drives/fsl_snvs_hp.c:147:13
	ldr	r1, [sp, #4]
	add	r0, r1
	subs	r0, #1
	str	r0, [sp, #4]
.Ltmp37:
	.loc	1 149 17 is_stmt 1              @ ../../libraries/sdk/drives/fsl_snvs_hp.c:149:17
	ldr	r0, [sp, #36]
	ldrh	r0, [r0]
	.loc	1 149 39 is_stmt 0              @ ../../libraries/sdk/drives/fsl_snvs_hp.c:149:39
	lsls	r0, r0, #30
	cbnz	r0, .LBB8_6
	b	.LBB8_4
.LBB8_4:
	.loc	1 149 43                        @ ../../libraries/sdk/drives/fsl_snvs_hp.c:149:43
	ldr	r0, [sp, #36]
	.loc	1 149 53                        @ ../../libraries/sdk/drives/fsl_snvs_hp.c:149:53
	ldrb	r0, [r0, #2]
.Ltmp38:
	.loc	1 149 9                         @ ../../libraries/sdk/drives/fsl_snvs_hp.c:149:9
	cmp	r0, #2
	bhi	.LBB8_6
	b	.LBB8_5
.LBB8_5:
.Ltmp39:
	.loc	1 151 16 is_stmt 1              @ ../../libraries/sdk/drives/fsl_snvs_hp.c:151:16
	ldr	r0, [sp, #4]
	subs	r0, #1
	str	r0, [sp, #4]
	.loc	1 152 5                         @ ../../libraries/sdk/drives/fsl_snvs_hp.c:152:5
	b	.LBB8_6
.Ltmp40:
.LBB8_6:
	.loc	1 154 16                        @ ../../libraries/sdk/drives/fsl_snvs_hp.c:154:16
	ldr	r0, [sp, #4]
	movw	r1, #675
	.loc	1 154 24 is_stmt 0              @ ../../libraries/sdk/drives/fsl_snvs_hp.c:154:24
	mul	r3, r0, r1
	.loc	1 154 47                        @ ../../libraries/sdk/drives/fsl_snvs_hp.c:154:47
	ldr	r1, [sp, #36]
	.loc	1 154 57                        @ ../../libraries/sdk/drives/fsl_snvs_hp.c:154:57
	ldrb	r0, [r1, #4]
	.loc	1 155 26 is_stmt 1              @ ../../libraries/sdk/drives/fsl_snvs_hp.c:155:26
	ldrb	r2, [r1, #5]
	.loc	1 155 68 is_stmt 0              @ ../../libraries/sdk/drives/fsl_snvs_hp.c:155:68
	ldrb	r1, [r1, #6]
	mov.w	r12, #3600
	.loc	1 154 62 is_stmt 1              @ ../../libraries/sdk/drives/fsl_snvs_hp.c:154:62
	mul	r0, r0, r12
	.loc	1 154 44 is_stmt 0              @ ../../libraries/sdk/drives/fsl_snvs_hp.c:154:44
	add.w	r0, r0, r3, lsl #7
	.loc	1 155 33 is_stmt 1              @ ../../libraries/sdk/drives/fsl_snvs_hp.c:155:33
	rsb	r2, r2, r2, lsl #4
	.loc	1 154 83                        @ ../../libraries/sdk/drives/fsl_snvs_hp.c:154:83
	add.w	r0, r0, r2, lsl #2
	.loc	1 155 56                        @ ../../libraries/sdk/drives/fsl_snvs_hp.c:155:56
	add	r0, r1
	.loc	1 154 13                        @ ../../libraries/sdk/drives/fsl_snvs_hp.c:154:13
	str	r0, [sp, #4]
	.loc	1 157 12                        @ ../../libraries/sdk/drives/fsl_snvs_hp.c:157:12
	ldr	r0, [sp, #4]
	.loc	1 157 5 is_stmt 0               @ ../../libraries/sdk/drives/fsl_snvs_hp.c:157:5
	add	sp, #40
	pop	{r7, pc}
.Ltmp41:
.Lfunc_end8:
	.size	SNVS_HP_ConvertDatetimeToSeconds, .Lfunc_end8-SNVS_HP_ConvertDatetimeToSeconds
	.cfi_endproc
	.cantunwind
	.fnend
                                        @ -- End function
	.section	.text.SNVS_HP_RTC_StartTimer,"ax",%progbits
	.p2align	3                               @ -- Begin function SNVS_HP_RTC_StartTimer
	.type	SNVS_HP_RTC_StartTimer,%function
	.code	16                              @ @SNVS_HP_RTC_StartTimer
	.thumb_func
SNVS_HP_RTC_StartTimer:
.Lfunc_begin9:
	.loc	3 336 0 is_stmt 1               @ ../../libraries/sdk/drives/fsl_snvs_hp.h:336:0
	.fnstart
	.cfi_startproc
@ %bb.0:
	.pad	#4
	sub	sp, #4
	.cfi_def_cfa_offset 4
	str	r0, [sp]
.Ltmp42:
	.loc	3 337 5 prologue_end            @ ../../libraries/sdk/drives/fsl_snvs_hp.h:337:5
	ldr	r1, [sp]
	.loc	3 337 16 is_stmt 0              @ ../../libraries/sdk/drives/fsl_snvs_hp.h:337:16
	ldr	r0, [r1, #8]
	orr	r0, r0, #1
	str	r0, [r1, #8]
	.loc	3 338 5 is_stmt 1               @ ../../libraries/sdk/drives/fsl_snvs_hp.h:338:5
	b	.LBB9_1
.LBB9_1:                                @ =>This Inner Loop Header: Depth=1
	.loc	3 338 19 is_stmt 0              @ ../../libraries/sdk/drives/fsl_snvs_hp.h:338:19
	ldr	r0, [sp]
	.loc	3 338 25                        @ ../../libraries/sdk/drives/fsl_snvs_hp.h:338:25
	ldr	r0, [r0, #8]
	.loc	3 338 5                         @ ../../libraries/sdk/drives/fsl_snvs_hp.h:338:5
	lsls	r0, r0, #31
	cbnz	r0, .LBB9_3
	b	.LBB9_2
.LBB9_2:                                @   in Loop: Header=BB9_1 Depth=1
	b	.LBB9_1
.LBB9_3:
	.loc	3 341 1 is_stmt 1               @ ../../libraries/sdk/drives/fsl_snvs_hp.h:341:1
	add	sp, #4
	bx	lr
.Ltmp43:
.Lfunc_end9:
	.size	SNVS_HP_RTC_StartTimer, .Lfunc_end9-SNVS_HP_RTC_StartTimer
	.cfi_endproc
	.cantunwind
	.fnend
                                        @ -- End function
	.section	.text.SNVS_HP_RTC_GetDatetime,"ax",%progbits
	.hidden	SNVS_HP_RTC_GetDatetime         @ -- Begin function SNVS_HP_RTC_GetDatetime
	.globl	SNVS_HP_RTC_GetDatetime
	.p2align	3
	.type	SNVS_HP_RTC_GetDatetime,%function
	.code	16                              @ @SNVS_HP_RTC_GetDatetime
	.thumb_func
SNVS_HP_RTC_GetDatetime:
.Lfunc_begin10:
	.loc	1 392 0                         @ ../../libraries/sdk/drives/fsl_snvs_hp.c:392:0
	.fnstart
	.cfi_startproc
@ %bb.0:
	.save	{r7, lr}
	push	{r7, lr}
	.cfi_def_cfa_offset 8
	.cfi_offset lr, -4
	.cfi_offset r7, -8
	.pad	#8
	sub	sp, #8
	.cfi_def_cfa_offset 16
	str	r0, [sp, #4]
	str	r1, [sp]
.Ltmp44:
	.loc	1 393 5 prologue_end            @ ../../libraries/sdk/drives/fsl_snvs_hp.c:393:5
	ldr	r0, [sp]
	cbz	r0, .LBB10_2
	b	.LBB10_1
.LBB10_1:
	b	.LBB10_3
.LBB10_2:
	movw	r0, :lower16:.L.str.2
	movt	r0, :upper16:.L.str.2
	movw	r1, :lower16:.L.str.1
	movt	r1, :upper16:.L.str.1
	movw	r2, #393
	bl	__aeabi_assert
.LBB10_3:
	.loc	1 395 61                        @ ../../libraries/sdk/drives/fsl_snvs_hp.c:395:61
	ldr	r0, [sp, #4]
	.loc	1 395 38 is_stmt 0              @ ../../libraries/sdk/drives/fsl_snvs_hp.c:395:38
	bl	SNVS_HP_RTC_GetSeconds
	.loc	1 395 68                        @ ../../libraries/sdk/drives/fsl_snvs_hp.c:395:68
	ldr	r1, [sp]
	.loc	1 395 5                         @ ../../libraries/sdk/drives/fsl_snvs_hp.c:395:5
	bl	SNVS_HP_ConvertSecondsToDatetime
	.loc	1 396 1 is_stmt 1               @ ../../libraries/sdk/drives/fsl_snvs_hp.c:396:1
	add	sp, #8
	pop	{r7, pc}
.Ltmp45:
.Lfunc_end10:
	.size	SNVS_HP_RTC_GetDatetime, .Lfunc_end10-SNVS_HP_RTC_GetDatetime
	.cfi_endproc
	.cantunwind
	.fnend
                                        @ -- End function
	.section	.text.SNVS_HP_ConvertSecondsToDatetime,"ax",%progbits
	.p2align	3                               @ -- Begin function SNVS_HP_ConvertSecondsToDatetime
	.type	SNVS_HP_ConvertSecondsToDatetime,%function
	.code	16                              @ @SNVS_HP_ConvertSecondsToDatetime
	.thumb_func
SNVS_HP_ConvertSecondsToDatetime:
.Lfunc_begin11:
	.loc	1 161 0                         @ ../../libraries/sdk/drives/fsl_snvs_hp.c:161:0
	.fnstart
	.cfi_startproc
@ %bb.0:
	.pad	#40
	sub	sp, #40
	.cfi_def_cfa_offset 40
	str	r0, [sp, #36]
	str	r1, [sp, #32]
.Ltmp46:
	.loc	1 162 5 prologue_end            @ ../../libraries/sdk/drives/fsl_snvs_hp.c:162:5
	ldr	r0, [sp, #32]
	cbz	r0, .LBB11_2
	b	.LBB11_1
.LBB11_1:
	b	.LBB11_3
.LBB11_2:
	movw	r0, :lower16:.L.str.2
	movt	r0, :upper16:.L.str.2
	movw	r1, :lower16:.L.str.1
	movt	r1, :upper16:.L.str.1
	movs	r2, #162
	bl	__aeabi_assert
.LBB11_3:
	.loc	1 0 5 is_stmt 0                 @ ../../libraries/sdk/drives/fsl_snvs_hp.c:0:5
	movs	r0, #31
	.loc	1 170 13 is_stmt 1              @ ../../libraries/sdk/drives/fsl_snvs_hp.c:170:13
	strb.w	r0, [sp, #16]
	movw	r0, #7711
	movt	r0, #7711
	str	r0, [sp, #12]
	movw	r0, #7966
	movt	r0, #7966
	str	r0, [sp, #8]
	movw	r0, #7936
	movt	r0, #7964
	str	r0, [sp, #4]
	.loc	1 173 24                        @ ../../libraries/sdk/drives/fsl_snvs_hp.c:173:24
	ldr	r0, [sp, #36]
	.loc	1 173 22 is_stmt 0              @ ../../libraries/sdk/drives/fsl_snvs_hp.c:173:22
	str	r0, [sp, #24]
	.loc	1 178 12 is_stmt 1              @ ../../libraries/sdk/drives/fsl_snvs_hp.c:178:12
	ldr	r0, [sp, #24]
	movw	r1, #17671
	movt	r1, #49710
	.loc	1 178 29 is_stmt 0              @ ../../libraries/sdk/drives/fsl_snvs_hp.c:178:29
	umull	r0, r2, r0, r1
	movs	r0, #1
	.loc	1 178 48                        @ ../../libraries/sdk/drives/fsl_snvs_hp.c:178:48
	add.w	r0, r0, r2, lsr #16
	.loc	1 178 10                        @ ../../libraries/sdk/drives/fsl_snvs_hp.c:178:10
	str	r0, [sp, #20]
	.loc	1 181 24 is_stmt 1              @ ../../libraries/sdk/drives/fsl_snvs_hp.c:181:24
	ldr	r0, [sp, #24]
	.loc	1 181 41 is_stmt 0              @ ../../libraries/sdk/drives/fsl_snvs_hp.c:181:41
	umull	r2, r1, r0, r1
	lsrs	r1, r1, #16
	movw	r2, #675
	muls	r1, r2, r1
	sub.w	r0, r0, r1, lsl #7
	.loc	1 181 22                        @ ../../libraries/sdk/drives/fsl_snvs_hp.c:181:22
	str	r0, [sp, #24]
	.loc	1 184 34 is_stmt 1              @ ../../libraries/sdk/drives/fsl_snvs_hp.c:184:34
	ldr	r1, [sp, #24]
	movw	r0, #46021
	movt	r0, #37282
	.loc	1 184 51 is_stmt 0              @ ../../libraries/sdk/drives/fsl_snvs_hp.c:184:51
	umull	r2, r1, r1, r0
	lsrs	r1, r1, #11
	.loc	1 184 5                         @ ../../libraries/sdk/drives/fsl_snvs_hp.c:184:5
	ldr	r2, [sp, #32]
	.loc	1 184 22                        @ ../../libraries/sdk/drives/fsl_snvs_hp.c:184:22
	strb	r1, [r2, #4]
	.loc	1 185 24 is_stmt 1              @ ../../libraries/sdk/drives/fsl_snvs_hp.c:185:24
	ldr	r2, [sp, #24]
	.loc	1 185 41 is_stmt 0              @ ../../libraries/sdk/drives/fsl_snvs_hp.c:185:41
	umull	r1, r0, r2, r0
	lsrs	r0, r0, #11
	mov.w	r1, #3600
	mls	r0, r0, r1, r2
	.loc	1 185 22                        @ ../../libraries/sdk/drives/fsl_snvs_hp.c:185:22
	str	r0, [sp, #24]
	.loc	1 186 34 is_stmt 1              @ ../../libraries/sdk/drives/fsl_snvs_hp.c:186:34
	ldr	r0, [sp, #24]
	movw	r1, #34953
	movt	r1, #34952
	.loc	1 186 51 is_stmt 0              @ ../../libraries/sdk/drives/fsl_snvs_hp.c:186:51
	umull	r2, r0, r0, r1
	lsrs	r0, r0, #5
	.loc	1 186 5                         @ ../../libraries/sdk/drives/fsl_snvs_hp.c:186:5
	ldr	r2, [sp, #32]
	.loc	1 186 22                        @ ../../libraries/sdk/drives/fsl_snvs_hp.c:186:22
	strb	r0, [r2, #5]
	.loc	1 187 34 is_stmt 1              @ ../../libraries/sdk/drives/fsl_snvs_hp.c:187:34
	ldr	r0, [sp, #24]
	.loc	1 187 51 is_stmt 0              @ ../../libraries/sdk/drives/fsl_snvs_hp.c:187:51
	umull	r1, r2, r0, r1
	lsrs	r1, r2, #5
	lsls	r1, r1, #4
	sub.w	r1, r1, r2, lsr #5
	sub.w	r0, r0, r1, lsl #2
	.loc	1 187 5                         @ ../../libraries/sdk/drives/fsl_snvs_hp.c:187:5
	ldr	r1, [sp, #32]
	.loc	1 187 22                        @ ../../libraries/sdk/drives/fsl_snvs_hp.c:187:22
	strb	r0, [r1, #6]
	movw	r0, #365
	.loc	1 190 20 is_stmt 1              @ ../../libraries/sdk/drives/fsl_snvs_hp.c:190:20
	strh.w	r0, [sp, #18]
	.loc	1 191 5                         @ ../../libraries/sdk/drives/fsl_snvs_hp.c:191:5
	ldr	r1, [sp, #32]
	movw	r0, #1970
	.loc	1 191 20 is_stmt 0              @ ../../libraries/sdk/drives/fsl_snvs_hp.c:191:20
	strh	r0, [r1]
	.loc	1 192 5 is_stmt 1               @ ../../libraries/sdk/drives/fsl_snvs_hp.c:192:5
	b	.LBB11_4
.LBB11_4:                               @ =>This Inner Loop Header: Depth=1
	.loc	1 192 12 is_stmt 0              @ ../../libraries/sdk/drives/fsl_snvs_hp.c:192:12
	ldr	r0, [sp, #20]
	.loc	1 192 19                        @ ../../libraries/sdk/drives/fsl_snvs_hp.c:192:19
	ldrh.w	r1, [sp, #18]
	.loc	1 192 5                         @ ../../libraries/sdk/drives/fsl_snvs_hp.c:192:5
	cmp	r0, r1
	bls	.LBB11_9
	b	.LBB11_5
.LBB11_5:                               @   in Loop: Header=BB11_4 Depth=1
.Ltmp47:
	.loc	1 195 17 is_stmt 1              @ ../../libraries/sdk/drives/fsl_snvs_hp.c:195:17
	ldrh.w	r1, [sp, #18]
	.loc	1 195 14 is_stmt 0              @ ../../libraries/sdk/drives/fsl_snvs_hp.c:195:14
	ldr	r0, [sp, #20]
	subs	r0, r0, r1
	str	r0, [sp, #20]
	.loc	1 196 9 is_stmt 1               @ ../../libraries/sdk/drives/fsl_snvs_hp.c:196:9
	ldr	r1, [sp, #32]
	.loc	1 196 23 is_stmt 0              @ ../../libraries/sdk/drives/fsl_snvs_hp.c:196:23
	ldrh	r0, [r1]
	adds	r0, #1
	strh	r0, [r1]
.Ltmp48:
	.loc	1 199 14 is_stmt 1              @ ../../libraries/sdk/drives/fsl_snvs_hp.c:199:14
	ldr	r0, [sp, #32]
	ldrh	r0, [r0]
.Ltmp49:
	.loc	1 199 13 is_stmt 0              @ ../../libraries/sdk/drives/fsl_snvs_hp.c:199:13
	lsls	r0, r0, #30
	cbz	r0, .LBB11_7
	b	.LBB11_6
.LBB11_6:                               @   in Loop: Header=BB11_4 Depth=1
	.loc	1 0 13                          @ ../../libraries/sdk/drives/fsl_snvs_hp.c:0:13
	movw	r0, #365
.Ltmp50:
	.loc	1 201 24 is_stmt 1              @ ../../libraries/sdk/drives/fsl_snvs_hp.c:201:24
	strh.w	r0, [sp, #18]
	.loc	1 202 9                         @ ../../libraries/sdk/drives/fsl_snvs_hp.c:202:9
	b	.LBB11_8
.Ltmp51:
.LBB11_7:                               @   in Loop: Header=BB11_4 Depth=1
	.loc	1 0 9 is_stmt 0                 @ ../../libraries/sdk/drives/fsl_snvs_hp.c:0:9
	mov.w	r0, #366
.Ltmp52:
	.loc	1 205 24 is_stmt 1              @ ../../libraries/sdk/drives/fsl_snvs_hp.c:205:24
	strh.w	r0, [sp, #18]
	b	.LBB11_8
.Ltmp53:
.LBB11_8:                               @   in Loop: Header=BB11_4 Depth=1
	.loc	1 192 5                         @ ../../libraries/sdk/drives/fsl_snvs_hp.c:192:5
	b	.LBB11_4
.LBB11_9:
.Ltmp54:
	.loc	1 210 16                        @ ../../libraries/sdk/drives/fsl_snvs_hp.c:210:16
	ldr	r0, [sp, #32]
	ldrh	r0, [r0]
.Ltmp55:
	.loc	1 210 9 is_stmt 0               @ ../../libraries/sdk/drives/fsl_snvs_hp.c:210:9
	lsls	r0, r0, #30
	cbnz	r0, .LBB11_11
	b	.LBB11_10
.LBB11_10:
	.loc	1 0 9                           @ ../../libraries/sdk/drives/fsl_snvs_hp.c:0:9
	movs	r0, #29
.Ltmp56:
	.loc	1 212 25 is_stmt 1              @ ../../libraries/sdk/drives/fsl_snvs_hp.c:212:25
	strb.w	r0, [sp, #6]
	.loc	1 213 5                         @ ../../libraries/sdk/drives/fsl_snvs_hp.c:213:5
	b	.LBB11_11
.Ltmp57:
.LBB11_11:
	.loc	1 0 5 is_stmt 0                 @ ../../libraries/sdk/drives/fsl_snvs_hp.c:0:5
	movs	r0, #1
.Ltmp58:
	.loc	1 215 12 is_stmt 1              @ ../../libraries/sdk/drives/fsl_snvs_hp.c:215:12
	str	r0, [sp, #28]
	.loc	1 215 10 is_stmt 0              @ ../../libraries/sdk/drives/fsl_snvs_hp.c:215:10
	b	.LBB11_12
.LBB11_12:                              @ =>This Inner Loop Header: Depth=1
.Ltmp59:
	.loc	1 215 18                        @ ../../libraries/sdk/drives/fsl_snvs_hp.c:215:18
	ldr	r0, [sp, #28]
.Ltmp60:
	.loc	1 215 5                         @ ../../libraries/sdk/drives/fsl_snvs_hp.c:215:5
	cmp	r0, #12
	bhi	.LBB11_18
	b	.LBB11_13
.LBB11_13:                              @   in Loop: Header=BB11_12 Depth=1
.Ltmp61:
	.loc	1 217 13 is_stmt 1              @ ../../libraries/sdk/drives/fsl_snvs_hp.c:217:13
	ldr	r0, [sp, #20]
	.loc	1 217 34 is_stmt 0              @ ../../libraries/sdk/drives/fsl_snvs_hp.c:217:34
	ldr	r2, [sp, #28]
	add	r1, sp, #4
	.loc	1 217 21                        @ ../../libraries/sdk/drives/fsl_snvs_hp.c:217:21
	ldrb	r1, [r1, r2]
.Ltmp62:
	.loc	1 217 13                        @ ../../libraries/sdk/drives/fsl_snvs_hp.c:217:13
	cmp	r0, r1
	bhi	.LBB11_15
	b	.LBB11_14
.LBB11_14:
.Ltmp63:
	.loc	1 219 40 is_stmt 1              @ ../../libraries/sdk/drives/fsl_snvs_hp.c:219:40
	ldr	r0, [sp, #28]
	.loc	1 219 13 is_stmt 0              @ ../../libraries/sdk/drives/fsl_snvs_hp.c:219:13
	ldr	r1, [sp, #32]
	.loc	1 219 29                        @ ../../libraries/sdk/drives/fsl_snvs_hp.c:219:29
	strb	r0, [r1, #2]
	.loc	1 220 13 is_stmt 1              @ ../../libraries/sdk/drives/fsl_snvs_hp.c:220:13
	b	.LBB11_18
.Ltmp64:
.LBB11_15:                              @   in Loop: Header=BB11_12 Depth=1
	.loc	1 224 34                        @ ../../libraries/sdk/drives/fsl_snvs_hp.c:224:34
	ldr	r1, [sp, #28]
	add	r0, sp, #4
	.loc	1 224 21 is_stmt 0              @ ../../libraries/sdk/drives/fsl_snvs_hp.c:224:21
	ldrb	r1, [r0, r1]
	.loc	1 224 18                        @ ../../libraries/sdk/drives/fsl_snvs_hp.c:224:18
	ldr	r0, [sp, #20]
	subs	r0, r0, r1
	str	r0, [sp, #20]
	b	.LBB11_16
.Ltmp65:
.LBB11_16:                              @   in Loop: Header=BB11_12 Depth=1
	.loc	1 226 5 is_stmt 1               @ ../../libraries/sdk/drives/fsl_snvs_hp.c:226:5
	b	.LBB11_17
.Ltmp66:
.LBB11_17:                              @   in Loop: Header=BB11_12 Depth=1
	.loc	1 215 29                        @ ../../libraries/sdk/drives/fsl_snvs_hp.c:215:29
	ldr	r0, [sp, #28]
	adds	r0, #1
	str	r0, [sp, #28]
	.loc	1 215 5 is_stmt 0               @ ../../libraries/sdk/drives/fsl_snvs_hp.c:215:5
	b	.LBB11_12
.Ltmp67:
.LBB11_18:
	.loc	1 228 30 is_stmt 1              @ ../../libraries/sdk/drives/fsl_snvs_hp.c:228:30
	ldr	r0, [sp, #20]
	.loc	1 228 5 is_stmt 0               @ ../../libraries/sdk/drives/fsl_snvs_hp.c:228:5
	ldr	r1, [sp, #32]
	.loc	1 228 19                        @ ../../libraries/sdk/drives/fsl_snvs_hp.c:228:19
	strb	r0, [r1, #3]
	.loc	1 229 1 is_stmt 1               @ ../../libraries/sdk/drives/fsl_snvs_hp.c:229:1
	add	sp, #40
	bx	lr
.Ltmp68:
.Lfunc_end11:
	.size	SNVS_HP_ConvertSecondsToDatetime, .Lfunc_end11-SNVS_HP_ConvertSecondsToDatetime
	.cfi_endproc
	.cantunwind
	.fnend
                                        @ -- End function
	.section	.text.SNVS_HP_RTC_GetSeconds,"ax",%progbits
	.p2align	3                               @ -- Begin function SNVS_HP_RTC_GetSeconds
	.type	SNVS_HP_RTC_GetSeconds,%function
	.code	16                              @ @SNVS_HP_RTC_GetSeconds
	.thumb_func
SNVS_HP_RTC_GetSeconds:
.Lfunc_begin12:
	.loc	1 330 0                         @ ../../libraries/sdk/drives/fsl_snvs_hp.c:330:0
	.fnstart
	.cfi_startproc
@ %bb.0:
	.pad	#12
	sub	sp, #12
	.cfi_def_cfa_offset 12
	str	r0, [sp, #8]
	movs	r0, #0
.Ltmp69:
	.loc	1 331 14 prologue_end           @ ../../libraries/sdk/drives/fsl_snvs_hp.c:331:14
	str	r0, [sp, #4]
	.loc	1 332 14                        @ ../../libraries/sdk/drives/fsl_snvs_hp.c:332:14
	str	r0, [sp]
	.loc	1 335 5                         @ ../../libraries/sdk/drives/fsl_snvs_hp.c:335:5
	b	.LBB12_1
.LBB12_1:                               @ =>This Inner Loop Header: Depth=1
.Ltmp70:
	.loc	1 337 19                        @ ../../libraries/sdk/drives/fsl_snvs_hp.c:337:19
	ldr	r0, [sp]
	.loc	1 337 17 is_stmt 0              @ ../../libraries/sdk/drives/fsl_snvs_hp.c:337:17
	str	r0, [sp, #4]
	.loc	1 338 20 is_stmt 1              @ ../../libraries/sdk/drives/fsl_snvs_hp.c:338:20
	ldr	r0, [sp, #8]
	.loc	1 338 26 is_stmt 0              @ ../../libraries/sdk/drives/fsl_snvs_hp.c:338:26
	ldr	r0, [r0, #36]
	.loc	1 338 34                        @ ../../libraries/sdk/drives/fsl_snvs_hp.c:338:34
	lsls	r0, r0, #17
	.loc	1 338 17                        @ ../../libraries/sdk/drives/fsl_snvs_hp.c:338:17
	str	r0, [sp]
	.loc	1 339 17 is_stmt 1              @ ../../libraries/sdk/drives/fsl_snvs_hp.c:339:17
	ldr	r0, [sp, #8]
	.loc	1 339 23 is_stmt 0              @ ../../libraries/sdk/drives/fsl_snvs_hp.c:339:23
	ldr	r1, [r0, #40]
	.loc	1 339 13                        @ ../../libraries/sdk/drives/fsl_snvs_hp.c:339:13
	ldr	r0, [sp]
	orr.w	r0, r0, r1, lsr #15
	str	r0, [sp]
	.loc	1 340 5 is_stmt 1               @ ../../libraries/sdk/drives/fsl_snvs_hp.c:340:5
	b	.LBB12_2
.Ltmp71:
.LBB12_2:                               @   in Loop: Header=BB12_1 Depth=1
	.loc	1 340 14 is_stmt 0              @ ../../libraries/sdk/drives/fsl_snvs_hp.c:340:14
	ldr	r0, [sp]
	.loc	1 340 21                        @ ../../libraries/sdk/drives/fsl_snvs_hp.c:340:21
	ldr	r1, [sp, #4]
.Ltmp72:
	.loc	1 340 5                         @ ../../libraries/sdk/drives/fsl_snvs_hp.c:340:5
	cmp	r0, r1
	bne	.LBB12_1
	b	.LBB12_3
.Ltmp73:
.LBB12_3:
	.loc	1 342 12 is_stmt 1              @ ../../libraries/sdk/drives/fsl_snvs_hp.c:342:12
	ldr	r0, [sp, #4]
	.loc	1 342 5 is_stmt 0               @ ../../libraries/sdk/drives/fsl_snvs_hp.c:342:5
	add	sp, #12
	bx	lr
.Ltmp74:
.Lfunc_end12:
	.size	SNVS_HP_RTC_GetSeconds, .Lfunc_end12-SNVS_HP_RTC_GetSeconds
	.cfi_endproc
	.cantunwind
	.fnend
                                        @ -- End function
	.section	.text.SNVS_HP_RTC_SetAlarm,"ax",%progbits
	.hidden	SNVS_HP_RTC_SetAlarm            @ -- Begin function SNVS_HP_RTC_SetAlarm
	.globl	SNVS_HP_RTC_SetAlarm
	.p2align	3
	.type	SNVS_HP_RTC_SetAlarm,%function
	.code	16                              @ @SNVS_HP_RTC_SetAlarm
	.thumb_func
SNVS_HP_RTC_SetAlarm:
.Lfunc_begin13:
	.loc	1 413 0 is_stmt 1               @ ../../libraries/sdk/drives/fsl_snvs_hp.c:413:0
	.fnstart
	.cfi_startproc
@ %bb.0:
	.save	{r7, lr}
	push	{r7, lr}
	.cfi_def_cfa_offset 8
	.cfi_offset lr, -4
	.cfi_offset r7, -8
	.pad	#24
	sub	sp, #24
	.cfi_def_cfa_offset 32
	str	r0, [sp, #16]
	str	r1, [sp, #12]
.Ltmp75:
	.loc	1 414 5 prologue_end            @ ../../libraries/sdk/drives/fsl_snvs_hp.c:414:5
	ldr	r0, [sp, #12]
	cbz	r0, .LBB13_2
	b	.LBB13_1
.LBB13_1:
	b	.LBB13_3
.LBB13_2:
	movw	r0, :lower16:.L.str.3
	movt	r0, :upper16:.L.str.3
	movw	r1, :lower16:.L.str.1
	movt	r1, :upper16:.L.str.1
	mov.w	r2, #414
	bl	__aeabi_assert
.LBB13_3:
	.loc	1 0 5 is_stmt 0                 @ ../../libraries/sdk/drives/fsl_snvs_hp.c:0:5
	movs	r0, #0
	.loc	1 416 14 is_stmt 1              @ ../../libraries/sdk/drives/fsl_snvs_hp.c:416:14
	str	r0, [sp, #8]
	.loc	1 417 14                        @ ../../libraries/sdk/drives/fsl_snvs_hp.c:417:14
	str	r0, [sp, #4]
	.loc	1 418 29                        @ ../../libraries/sdk/drives/fsl_snvs_hp.c:418:29
	ldr	r0, [sp, #16]
	.loc	1 418 35 is_stmt 0              @ ../../libraries/sdk/drives/fsl_snvs_hp.c:418:35
	ldr	r0, [r0, #8]
	.loc	1 418 14                        @ ../../libraries/sdk/drives/fsl_snvs_hp.c:418:14
	str	r0, [sp]
.Ltmp76:
	.loc	1 421 39 is_stmt 1              @ ../../libraries/sdk/drives/fsl_snvs_hp.c:421:39
	ldr	r0, [sp, #12]
	.loc	1 421 11 is_stmt 0              @ ../../libraries/sdk/drives/fsl_snvs_hp.c:421:11
	bl	SNVS_HP_CheckDatetimeFormat
.Ltmp77:
	.loc	1 421 9                         @ ../../libraries/sdk/drives/fsl_snvs_hp.c:421:9
	cbnz	r0, .LBB13_5
	b	.LBB13_4
.LBB13_4:
	.loc	1 0 9                           @ ../../libraries/sdk/drives/fsl_snvs_hp.c:0:9
	movs	r0, #4
.Ltmp78:
	.loc	1 423 9 is_stmt 1               @ ../../libraries/sdk/drives/fsl_snvs_hp.c:423:9
	str	r0, [sp, #20]
	b	.LBB13_11
.Ltmp79:
.LBB13_5:
	.loc	1 426 53                        @ ../../libraries/sdk/drives/fsl_snvs_hp.c:426:53
	ldr	r0, [sp, #12]
	.loc	1 426 20 is_stmt 0              @ ../../libraries/sdk/drives/fsl_snvs_hp.c:426:20
	bl	SNVS_HP_ConvertDatetimeToSeconds
	.loc	1 426 18                        @ ../../libraries/sdk/drives/fsl_snvs_hp.c:426:18
	str	r0, [sp, #8]
	.loc	1 427 43 is_stmt 1              @ ../../libraries/sdk/drives/fsl_snvs_hp.c:427:43
	ldr	r0, [sp, #16]
	.loc	1 427 20 is_stmt 0              @ ../../libraries/sdk/drives/fsl_snvs_hp.c:427:20
	bl	SNVS_HP_RTC_GetSeconds
	.loc	1 427 18                        @ ../../libraries/sdk/drives/fsl_snvs_hp.c:427:18
	str	r0, [sp, #4]
.Ltmp80:
	.loc	1 430 9 is_stmt 1               @ ../../libraries/sdk/drives/fsl_snvs_hp.c:430:9
	ldr	r0, [sp, #8]
	.loc	1 430 24 is_stmt 0              @ ../../libraries/sdk/drives/fsl_snvs_hp.c:430:24
	ldr	r1, [sp, #4]
.Ltmp81:
	.loc	1 430 9                         @ ../../libraries/sdk/drives/fsl_snvs_hp.c:430:9
	cmp	r0, r1
	bhs	.LBB13_7
	b	.LBB13_6
.LBB13_6:
	.loc	1 0 9                           @ ../../libraries/sdk/drives/fsl_snvs_hp.c:0:9
	movs	r0, #1
.Ltmp82:
	.loc	1 432 9 is_stmt 1               @ ../../libraries/sdk/drives/fsl_snvs_hp.c:432:9
	str	r0, [sp, #20]
	b	.LBB13_11
.Ltmp83:
.LBB13_7:
	.loc	1 436 5                         @ ../../libraries/sdk/drives/fsl_snvs_hp.c:436:5
	ldr	r1, [sp, #16]
	.loc	1 436 16 is_stmt 0              @ ../../libraries/sdk/drives/fsl_snvs_hp.c:436:16
	ldr	r0, [r1, #8]
	bic	r0, r0, #2
	str	r0, [r1, #8]
	.loc	1 437 5 is_stmt 1               @ ../../libraries/sdk/drives/fsl_snvs_hp.c:437:5
	b	.LBB13_8
.LBB13_8:                               @ =>This Inner Loop Header: Depth=1
	.loc	1 437 13 is_stmt 0              @ ../../libraries/sdk/drives/fsl_snvs_hp.c:437:13
	ldr	r0, [sp, #16]
	.loc	1 437 19                        @ ../../libraries/sdk/drives/fsl_snvs_hp.c:437:19
	ldr	r0, [r0, #8]
	.loc	1 437 5                         @ ../../libraries/sdk/drives/fsl_snvs_hp.c:437:5
	lsls	r0, r0, #30
	cmp	r0, #0
	bpl	.LBB13_10
	b	.LBB13_9
.LBB13_9:                               @   in Loop: Header=BB13_8 Depth=1
	b	.LBB13_8
.LBB13_10:
	.loc	1 442 31 is_stmt 1              @ ../../libraries/sdk/drives/fsl_snvs_hp.c:442:31
	ldr	r0, [sp, #8]
	.loc	1 442 44 is_stmt 0              @ ../../libraries/sdk/drives/fsl_snvs_hp.c:442:44
	lsrs	r0, r0, #17
	.loc	1 442 5                         @ ../../libraries/sdk/drives/fsl_snvs_hp.c:442:5
	ldr	r1, [sp, #16]
	.loc	1 442 18                        @ ../../libraries/sdk/drives/fsl_snvs_hp.c:442:18
	str	r0, [r1, #44]
	.loc	1 443 31 is_stmt 1              @ ../../libraries/sdk/drives/fsl_snvs_hp.c:443:31
	ldr	r0, [sp, #8]
	.loc	1 443 44 is_stmt 0              @ ../../libraries/sdk/drives/fsl_snvs_hp.c:443:44
	lsls	r0, r0, #15
	.loc	1 443 5                         @ ../../libraries/sdk/drives/fsl_snvs_hp.c:443:5
	ldr	r1, [sp, #16]
	.loc	1 443 18                        @ ../../libraries/sdk/drives/fsl_snvs_hp.c:443:18
	str	r0, [r1, #48]
	.loc	1 446 18 is_stmt 1              @ ../../libraries/sdk/drives/fsl_snvs_hp.c:446:18
	ldr	r0, [sp]
	.loc	1 446 5 is_stmt 0               @ ../../libraries/sdk/drives/fsl_snvs_hp.c:446:5
	ldr	r1, [sp, #16]
	.loc	1 446 16                        @ ../../libraries/sdk/drives/fsl_snvs_hp.c:446:16
	str	r0, [r1, #8]
	movs	r0, #0
	.loc	1 448 5 is_stmt 1               @ ../../libraries/sdk/drives/fsl_snvs_hp.c:448:5
	str	r0, [sp, #20]
	b	.LBB13_11
.LBB13_11:
	.loc	1 449 1                         @ ../../libraries/sdk/drives/fsl_snvs_hp.c:449:1
	ldr	r0, [sp, #20]
	add	sp, #24
	pop	{r7, pc}
.Ltmp84:
.Lfunc_end13:
	.size	SNVS_HP_RTC_SetAlarm, .Lfunc_end13-SNVS_HP_RTC_SetAlarm
	.cfi_endproc
	.cantunwind
	.fnend
                                        @ -- End function
	.section	.text.SNVS_HP_RTC_GetAlarm,"ax",%progbits
	.hidden	SNVS_HP_RTC_GetAlarm            @ -- Begin function SNVS_HP_RTC_GetAlarm
	.globl	SNVS_HP_RTC_GetAlarm
	.p2align	3
	.type	SNVS_HP_RTC_GetAlarm,%function
	.code	16                              @ @SNVS_HP_RTC_GetAlarm
	.thumb_func
SNVS_HP_RTC_GetAlarm:
.Lfunc_begin14:
	.loc	1 458 0                         @ ../../libraries/sdk/drives/fsl_snvs_hp.c:458:0
	.fnstart
	.cfi_startproc
@ %bb.0:
	.save	{r7, lr}
	push	{r7, lr}
	.cfi_def_cfa_offset 8
	.cfi_offset lr, -4
	.cfi_offset r7, -8
	.pad	#16
	sub	sp, #16
	.cfi_def_cfa_offset 24
	str	r0, [sp, #12]
	str	r1, [sp, #8]
.Ltmp85:
	.loc	1 459 5 prologue_end            @ ../../libraries/sdk/drives/fsl_snvs_hp.c:459:5
	ldr	r0, [sp, #8]
	cbz	r0, .LBB14_2
	b	.LBB14_1
.LBB14_1:
	b	.LBB14_3
.LBB14_2:
	movw	r0, :lower16:.L.str.2
	movt	r0, :upper16:.L.str.2
	movw	r1, :lower16:.L.str.1
	movt	r1, :upper16:.L.str.1
	movw	r2, #459
	bl	__aeabi_assert
.LBB14_3:
	.loc	1 0 5 is_stmt 0                 @ ../../libraries/sdk/drives/fsl_snvs_hp.c:0:5
	movs	r0, #0
	.loc	1 461 14 is_stmt 1              @ ../../libraries/sdk/drives/fsl_snvs_hp.c:461:14
	str	r0, [sp, #4]
	.loc	1 464 21                        @ ../../libraries/sdk/drives/fsl_snvs_hp.c:464:21
	ldr	r0, [sp, #12]
	.loc	1 464 27 is_stmt 0              @ ../../libraries/sdk/drives/fsl_snvs_hp.c:464:27
	ldr	r0, [r0, #44]
	.loc	1 464 34                        @ ../../libraries/sdk/drives/fsl_snvs_hp.c:464:34
	lsls	r0, r0, #17
	.loc	1 464 18                        @ ../../libraries/sdk/drives/fsl_snvs_hp.c:464:18
	str	r0, [sp, #4]
	.loc	1 465 22 is_stmt 1              @ ../../libraries/sdk/drives/fsl_snvs_hp.c:465:22
	ldr	r0, [sp, #12]
	.loc	1 465 28 is_stmt 0              @ ../../libraries/sdk/drives/fsl_snvs_hp.c:465:28
	ldr	r1, [r0, #48]
	.loc	1 465 18                        @ ../../libraries/sdk/drives/fsl_snvs_hp.c:465:18
	ldr	r0, [sp, #4]
	orr.w	r0, r0, r1, lsr #15
	str	r0, [sp, #4]
	.loc	1 467 38 is_stmt 1              @ ../../libraries/sdk/drives/fsl_snvs_hp.c:467:38
	ldr	r0, [sp, #4]
	.loc	1 467 52 is_stmt 0              @ ../../libraries/sdk/drives/fsl_snvs_hp.c:467:52
	ldr	r1, [sp, #8]
	.loc	1 467 5                         @ ../../libraries/sdk/drives/fsl_snvs_hp.c:467:5
	bl	SNVS_HP_ConvertSecondsToDatetime
	.loc	1 468 1 is_stmt 1               @ ../../libraries/sdk/drives/fsl_snvs_hp.c:468:1
	add	sp, #16
	pop	{r7, pc}
.Ltmp86:
.Lfunc_end14:
	.size	SNVS_HP_RTC_GetAlarm, .Lfunc_end14-SNVS_HP_RTC_GetAlarm
	.cfi_endproc
	.cantunwind
	.fnend
                                        @ -- End function
	.section	.text.SNVS_HP_RTC_TimeSynchronize,"ax",%progbits
	.hidden	SNVS_HP_RTC_TimeSynchronize     @ -- Begin function SNVS_HP_RTC_TimeSynchronize
	.globl	SNVS_HP_RTC_TimeSynchronize
	.p2align	3
	.type	SNVS_HP_RTC_TimeSynchronize,%function
	.code	16                              @ @SNVS_HP_RTC_TimeSynchronize
	.thumb_func
SNVS_HP_RTC_TimeSynchronize:
.Lfunc_begin15:
	.loc	1 477 0                         @ ../../libraries/sdk/drives/fsl_snvs_hp.c:477:0
	.fnstart
	.cfi_startproc
@ %bb.0:
	.save	{r7, lr}
	push	{r7, lr}
	.cfi_def_cfa_offset 8
	.cfi_offset lr, -4
	.cfi_offset r7, -8
	.pad	#8
	sub	sp, #8
	.cfi_def_cfa_offset 16
	str	r0, [sp, #4]
.Ltmp87:
	.loc	1 478 20 prologue_end           @ ../../libraries/sdk/drives/fsl_snvs_hp.c:478:20
	ldr	r0, [sp, #4]
	.loc	1 478 26 is_stmt 0              @ ../../libraries/sdk/drives/fsl_snvs_hp.c:478:26
	ldr	r0, [r0, #8]
	.loc	1 478 14                        @ ../../libraries/sdk/drives/fsl_snvs_hp.c:478:14
	str	r0, [sp]
	.loc	1 481 27 is_stmt 1              @ ../../libraries/sdk/drives/fsl_snvs_hp.c:481:27
	ldr	r0, [sp, #4]
	.loc	1 481 5 is_stmt 0               @ ../../libraries/sdk/drives/fsl_snvs_hp.c:481:5
	bl	SNVS_HP_RTC_StopTimer
	.loc	1 483 5 is_stmt 1               @ ../../libraries/sdk/drives/fsl_snvs_hp.c:483:5
	ldr	r1, [sp, #4]
	.loc	1 483 16 is_stmt 0              @ ../../libraries/sdk/drives/fsl_snvs_hp.c:483:16
	ldr	r0, [r1, #8]
	orr	r0, r0, #65536
	str	r0, [r1, #8]
	.loc	1 486 9 is_stmt 1               @ ../../libraries/sdk/drives/fsl_snvs_hp.c:486:9
	ldrb.w	r0, [sp]
	lsls	r0, r0, #31
	cbz	r0, .LBB15_2
	b	.LBB15_1
.LBB15_1:
.Ltmp88:
	.loc	1 488 32                        @ ../../libraries/sdk/drives/fsl_snvs_hp.c:488:32
	ldr	r0, [sp, #4]
	.loc	1 488 9 is_stmt 0               @ ../../libraries/sdk/drives/fsl_snvs_hp.c:488:9
	bl	SNVS_HP_RTC_StartTimer
	.loc	1 489 5 is_stmt 1               @ ../../libraries/sdk/drives/fsl_snvs_hp.c:489:5
	b	.LBB15_2
.Ltmp89:
.LBB15_2:
	.loc	1 490 1                         @ ../../libraries/sdk/drives/fsl_snvs_hp.c:490:1
	add	sp, #8
	pop	{r7, pc}
.Ltmp90:
.Lfunc_end15:
	.size	SNVS_HP_RTC_TimeSynchronize, .Lfunc_end15-SNVS_HP_RTC_TimeSynchronize
	.cfi_endproc
	.cantunwind
	.fnend
                                        @ -- End function
	.section	.text.SNVS_HP_RTC_GetStatusFlags,"ax",%progbits
	.hidden	SNVS_HP_RTC_GetStatusFlags      @ -- Begin function SNVS_HP_RTC_GetStatusFlags
	.globl	SNVS_HP_RTC_GetStatusFlags
	.p2align	3
	.type	SNVS_HP_RTC_GetStatusFlags,%function
	.code	16                              @ @SNVS_HP_RTC_GetStatusFlags
	.thumb_func
SNVS_HP_RTC_GetStatusFlags:
.Lfunc_begin16:
	.loc	1 502 0                         @ ../../libraries/sdk/drives/fsl_snvs_hp.c:502:0
	.fnstart
	.cfi_startproc
@ %bb.0:
	.pad	#8
	sub	sp, #8
	.cfi_def_cfa_offset 8
	str	r0, [sp, #4]
	movs	r0, #0
.Ltmp91:
	.loc	1 503 14 prologue_end           @ ../../libraries/sdk/drives/fsl_snvs_hp.c:503:14
	str	r0, [sp]
.Ltmp92:
	.loc	1 505 10                        @ ../../libraries/sdk/drives/fsl_snvs_hp.c:505:10
	ldr	r0, [sp, #4]
	.loc	1 505 16 is_stmt 0              @ ../../libraries/sdk/drives/fsl_snvs_hp.c:505:16
	ldr	r0, [r0, #20]
.Ltmp93:
	.loc	1 505 9                         @ ../../libraries/sdk/drives/fsl_snvs_hp.c:505:9
	lsls	r0, r0, #30
	cmp	r0, #0
	bpl	.LBB16_2
	b	.LBB16_1
.LBB16_1:
.Ltmp94:
	.loc	1 507 15 is_stmt 1              @ ../../libraries/sdk/drives/fsl_snvs_hp.c:507:15
	ldr	r0, [sp]
	orr	r0, r0, #2
	str	r0, [sp]
	.loc	1 508 5                         @ ../../libraries/sdk/drives/fsl_snvs_hp.c:508:5
	b	.LBB16_2
.Ltmp95:
.LBB16_2:
	.loc	1 510 10                        @ ../../libraries/sdk/drives/fsl_snvs_hp.c:510:10
	ldr	r0, [sp, #4]
	.loc	1 510 16 is_stmt 0              @ ../../libraries/sdk/drives/fsl_snvs_hp.c:510:16
	ldr	r0, [r0, #20]
.Ltmp96:
	.loc	1 510 9                         @ ../../libraries/sdk/drives/fsl_snvs_hp.c:510:9
	lsls	r0, r0, #31
	cbz	r0, .LBB16_4
	b	.LBB16_3
.LBB16_3:
.Ltmp97:
	.loc	1 512 15 is_stmt 1              @ ../../libraries/sdk/drives/fsl_snvs_hp.c:512:15
	ldr	r0, [sp]
	orr	r0, r0, #1
	str	r0, [sp]
	.loc	1 513 5                         @ ../../libraries/sdk/drives/fsl_snvs_hp.c:513:5
	b	.LBB16_4
.Ltmp98:
.LBB16_4:
	.loc	1 515 12                        @ ../../libraries/sdk/drives/fsl_snvs_hp.c:515:12
	ldr	r0, [sp]
	.loc	1 515 5 is_stmt 0               @ ../../libraries/sdk/drives/fsl_snvs_hp.c:515:5
	add	sp, #8
	bx	lr
.Ltmp99:
.Lfunc_end16:
	.size	SNVS_HP_RTC_GetStatusFlags, .Lfunc_end16-SNVS_HP_RTC_GetStatusFlags
	.cfi_endproc
	.cantunwind
	.fnend
                                        @ -- End function
	.section	.text.SNVS_HP_RTC_GetEnabledInterrupts,"ax",%progbits
	.hidden	SNVS_HP_RTC_GetEnabledInterrupts @ -- Begin function SNVS_HP_RTC_GetEnabledInterrupts
	.globl	SNVS_HP_RTC_GetEnabledInterrupts
	.p2align	3
	.type	SNVS_HP_RTC_GetEnabledInterrupts,%function
	.code	16                              @ @SNVS_HP_RTC_GetEnabledInterrupts
	.thumb_func
SNVS_HP_RTC_GetEnabledInterrupts:
.Lfunc_begin17:
	.loc	1 527 0 is_stmt 1               @ ../../libraries/sdk/drives/fsl_snvs_hp.c:527:0
	.fnstart
	.cfi_startproc
@ %bb.0:
	.pad	#8
	sub	sp, #8
	.cfi_def_cfa_offset 8
	str	r0, [sp, #4]
	movs	r0, #0
.Ltmp100:
	.loc	1 528 14 prologue_end           @ ../../libraries/sdk/drives/fsl_snvs_hp.c:528:14
	str	r0, [sp]
.Ltmp101:
	.loc	1 530 10                        @ ../../libraries/sdk/drives/fsl_snvs_hp.c:530:10
	ldr	r0, [sp, #4]
	.loc	1 530 16 is_stmt 0              @ ../../libraries/sdk/drives/fsl_snvs_hp.c:530:16
	ldr	r0, [r0, #8]
.Ltmp102:
	.loc	1 530 9                         @ ../../libraries/sdk/drives/fsl_snvs_hp.c:530:9
	lsls	r0, r0, #28
	cmp	r0, #0
	bpl	.LBB17_2
	b	.LBB17_1
.LBB17_1:
.Ltmp103:
	.loc	1 532 13 is_stmt 1              @ ../../libraries/sdk/drives/fsl_snvs_hp.c:532:13
	ldr	r0, [sp]
	orr	r0, r0, #8
	str	r0, [sp]
	.loc	1 533 5                         @ ../../libraries/sdk/drives/fsl_snvs_hp.c:533:5
	b	.LBB17_2
.Ltmp104:
.LBB17_2:
	.loc	1 535 10                        @ ../../libraries/sdk/drives/fsl_snvs_hp.c:535:10
	ldr	r0, [sp, #4]
	.loc	1 535 16 is_stmt 0              @ ../../libraries/sdk/drives/fsl_snvs_hp.c:535:16
	ldr	r0, [r0, #8]
.Ltmp105:
	.loc	1 535 9                         @ ../../libraries/sdk/drives/fsl_snvs_hp.c:535:9
	lsls	r0, r0, #30
	cmp	r0, #0
	bpl	.LBB17_4
	b	.LBB17_3
.LBB17_3:
.Ltmp106:
	.loc	1 537 13 is_stmt 1              @ ../../libraries/sdk/drives/fsl_snvs_hp.c:537:13
	ldr	r0, [sp]
	orr	r0, r0, #2
	str	r0, [sp]
	.loc	1 538 5                         @ ../../libraries/sdk/drives/fsl_snvs_hp.c:538:5
	b	.LBB17_4
.Ltmp107:
.LBB17_4:
	.loc	1 540 12                        @ ../../libraries/sdk/drives/fsl_snvs_hp.c:540:12
	ldr	r0, [sp]
	.loc	1 540 5 is_stmt 0               @ ../../libraries/sdk/drives/fsl_snvs_hp.c:540:5
	add	sp, #8
	bx	lr
.Ltmp108:
.Lfunc_end17:
	.size	SNVS_HP_RTC_GetEnabledInterrupts, .Lfunc_end17-SNVS_HP_RTC_GetEnabledInterrupts
	.cfi_endproc
	.cantunwind
	.fnend
                                        @ -- End function
	.type	.L.str,%object                  @ @.str
	.section	.rodata.str1.1,"aMS",%progbits,1
.L.str:
	.asciz	"config != NULL"
	.size	.L.str, 15

	.type	.L.str.1,%object                @ @.str.1
.L.str.1:
	.asciz	"../../libraries/sdk/drives/fsl_snvs_hp.c"
	.size	.L.str.1, 41

	.type	.L.str.2,%object                @ @.str.2
.L.str.2:
	.asciz	"datetime != NULL"
	.size	.L.str.2, 17

	.type	.L.str.3,%object                @ @.str.3
.L.str.3:
	.asciz	"alarmTime != NULL"
	.size	.L.str.3, 18

	.type	.L__const.SNVS_HP_CheckDatetimeFormat.daysPerMonth,%object @ @__const.SNVS_HP_CheckDatetimeFormat.daysPerMonth
	.section	.rodata..L__const.SNVS_HP_CheckDatetimeFormat.daysPerMonth,"a",%progbits
.L__const.SNVS_HP_CheckDatetimeFormat.daysPerMonth:
	.ascii	"\000\037\034\037\036\037\036\037\037\036\037\036\037"
	.size	.L__const.SNVS_HP_CheckDatetimeFormat.daysPerMonth, 13

	.type	.L__const.SNVS_HP_ConvertDatetimeToSeconds.monthDays,%object @ @__const.SNVS_HP_ConvertDatetimeToSeconds.monthDays
	.section	.rodata..L__const.SNVS_HP_ConvertDatetimeToSeconds.monthDays,"a",%progbits
	.p2align	1, 0x0
.L__const.SNVS_HP_ConvertDatetimeToSeconds.monthDays:
	.short	0                               @ 0x0
	.short	0                               @ 0x0
	.short	31                              @ 0x1f
	.short	59                              @ 0x3b
	.short	90                              @ 0x5a
	.short	120                             @ 0x78
	.short	151                             @ 0x97
	.short	181                             @ 0xb5
	.short	212                             @ 0xd4
	.short	243                             @ 0xf3
	.short	273                             @ 0x111
	.short	304                             @ 0x130
	.short	334                             @ 0x14e
	.size	.L__const.SNVS_HP_ConvertDatetimeToSeconds.monthDays, 26

	.type	.L__const.SNVS_HP_ConvertSecondsToDatetime.daysPerMonth,%object @ @__const.SNVS_HP_ConvertSecondsToDatetime.daysPerMonth
	.section	.rodata..L__const.SNVS_HP_ConvertSecondsToDatetime.daysPerMonth,"a",%progbits
.L__const.SNVS_HP_ConvertSecondsToDatetime.daysPerMonth:
	.ascii	"\000\037\034\037\036\037\036\037\037\036\037\036\037"
	.size	.L__const.SNVS_HP_ConvertSecondsToDatetime.daysPerMonth, 13

	.file	5 "E:\\FILE_SMART_CAR\\\346\231\272\350\203\275\350\247\206\350\247\211\\RT1064_Library-master\\RT1064_Library-master\\SeekFree_RT1064_Opensource_Library\\project\\mdk" "../../libraries/sdk/deceive/MIMXRT1064.h"
	.section	.debug_abbrev,"",%progbits
	.byte	1                               @ Abbreviation Code
	.byte	17                              @ DW_TAG_compile_unit
	.byte	1                               @ DW_CHILDREN_yes
	.byte	37                              @ DW_AT_producer
	.byte	14                              @ DW_FORM_strp
	.byte	19                              @ DW_AT_language
	.byte	5                               @ DW_FORM_data2
	.byte	3                               @ DW_AT_name
	.byte	14                              @ DW_FORM_strp
	.byte	16                              @ DW_AT_stmt_list
	.byte	23                              @ DW_FORM_sec_offset
	.byte	27                              @ DW_AT_comp_dir
	.byte	14                              @ DW_FORM_strp
	.byte	17                              @ DW_AT_low_pc
	.byte	1                               @ DW_FORM_addr
	.byte	85                              @ DW_AT_ranges
	.byte	23                              @ DW_FORM_sec_offset
	.byte	0                               @ EOM(1)
	.byte	0                               @ EOM(2)
	.byte	2                               @ Abbreviation Code
	.byte	52                              @ DW_TAG_variable
	.byte	0                               @ DW_CHILDREN_no
	.byte	73                              @ DW_AT_type
	.byte	19                              @ DW_FORM_ref4
	.byte	58                              @ DW_AT_decl_file
	.byte	11                              @ DW_FORM_data1
	.byte	59                              @ DW_AT_decl_line
	.byte	5                               @ DW_FORM_data2
	.byte	2                               @ DW_AT_location
	.byte	24                              @ DW_FORM_exprloc
	.byte	0                               @ EOM(1)
	.byte	0                               @ EOM(2)
	.byte	3                               @ Abbreviation Code
	.byte	1                               @ DW_TAG_array_type
	.byte	1                               @ DW_CHILDREN_yes
	.byte	73                              @ DW_AT_type
	.byte	19                              @ DW_FORM_ref4
	.byte	0                               @ EOM(1)
	.byte	0                               @ EOM(2)
	.byte	4                               @ Abbreviation Code
	.byte	33                              @ DW_TAG_subrange_type
	.byte	0                               @ DW_CHILDREN_no
	.byte	73                              @ DW_AT_type
	.byte	19                              @ DW_FORM_ref4
	.byte	55                              @ DW_AT_count
	.byte	11                              @ DW_FORM_data1
	.byte	0                               @ EOM(1)
	.byte	0                               @ EOM(2)
	.byte	5                               @ Abbreviation Code
	.byte	36                              @ DW_TAG_base_type
	.byte	0                               @ DW_CHILDREN_no
	.byte	3                               @ DW_AT_name
	.byte	14                              @ DW_FORM_strp
	.byte	62                              @ DW_AT_encoding
	.byte	11                              @ DW_FORM_data1
	.byte	11                              @ DW_AT_byte_size
	.byte	11                              @ DW_FORM_data1
	.byte	0                               @ EOM(1)
	.byte	0                               @ EOM(2)
	.byte	6                               @ Abbreviation Code
	.byte	36                              @ DW_TAG_base_type
	.byte	0                               @ DW_CHILDREN_no
	.byte	3                               @ DW_AT_name
	.byte	14                              @ DW_FORM_strp
	.byte	11                              @ DW_AT_byte_size
	.byte	11                              @ DW_FORM_data1
	.byte	62                              @ DW_AT_encoding
	.byte	11                              @ DW_FORM_data1
	.byte	0                               @ EOM(1)
	.byte	0                               @ EOM(2)
	.byte	7                               @ Abbreviation Code
	.byte	4                               @ DW_TAG_enumeration_type
	.byte	1                               @ DW_CHILDREN_yes
	.byte	73                              @ DW_AT_type
	.byte	19                              @ DW_FORM_ref4
	.byte	11                              @ DW_AT_byte_size
	.byte	11                              @ DW_FORM_data1
	.byte	58                              @ DW_AT_decl_file
	.byte	11                              @ DW_FORM_data1
	.byte	59                              @ DW_AT_decl_line
	.byte	11                              @ DW_FORM_data1
	.byte	0                               @ EOM(1)
	.byte	0                               @ EOM(2)
	.byte	8                               @ Abbreviation Code
	.byte	40                              @ DW_TAG_enumerator
	.byte	0                               @ DW_CHILDREN_no
	.byte	3                               @ DW_AT_name
	.byte	14                              @ DW_FORM_strp
	.byte	28                              @ DW_AT_const_value
	.byte	15                              @ DW_FORM_udata
	.byte	0                               @ EOM(1)
	.byte	0                               @ EOM(2)
	.byte	9                               @ Abbreviation Code
	.byte	4                               @ DW_TAG_enumeration_type
	.byte	1                               @ DW_CHILDREN_yes
	.byte	73                              @ DW_AT_type
	.byte	19                              @ DW_FORM_ref4
	.byte	3                               @ DW_AT_name
	.byte	14                              @ DW_FORM_strp
	.byte	11                              @ DW_AT_byte_size
	.byte	11                              @ DW_FORM_data1
	.byte	58                              @ DW_AT_decl_file
	.byte	11                              @ DW_FORM_data1
	.byte	59                              @ DW_AT_decl_line
	.byte	11                              @ DW_FORM_data1
	.byte	0                               @ EOM(1)
	.byte	0                               @ EOM(2)
	.byte	10                              @ Abbreviation Code
	.byte	40                              @ DW_TAG_enumerator
	.byte	0                               @ DW_CHILDREN_no
	.byte	3                               @ DW_AT_name
	.byte	14                              @ DW_FORM_strp
	.byte	28                              @ DW_AT_const_value
	.byte	13                              @ DW_FORM_sdata
	.byte	0                               @ EOM(1)
	.byte	0                               @ EOM(2)
	.byte	11                              @ Abbreviation Code
	.byte	22                              @ DW_TAG_typedef
	.byte	0                               @ DW_CHILDREN_no
	.byte	73                              @ DW_AT_type
	.byte	19                              @ DW_FORM_ref4
	.byte	3                               @ DW_AT_name
	.byte	14                              @ DW_FORM_strp
	.byte	58                              @ DW_AT_decl_file
	.byte	11                              @ DW_FORM_data1
	.byte	59                              @ DW_AT_decl_line
	.byte	11                              @ DW_FORM_data1
	.byte	0                               @ EOM(1)
	.byte	0                               @ EOM(2)
	.byte	12                              @ Abbreviation Code
	.byte	46                              @ DW_TAG_subprogram
	.byte	1                               @ DW_CHILDREN_yes
	.byte	17                              @ DW_AT_low_pc
	.byte	1                               @ DW_FORM_addr
	.byte	18                              @ DW_AT_high_pc
	.byte	6                               @ DW_FORM_data4
	.byte	64                              @ DW_AT_frame_base
	.byte	24                              @ DW_FORM_exprloc
	.byte	3                               @ DW_AT_name
	.byte	14                              @ DW_FORM_strp
	.byte	58                              @ DW_AT_decl_file
	.byte	11                              @ DW_FORM_data1
	.byte	59                              @ DW_AT_decl_line
	.byte	11                              @ DW_FORM_data1
	.byte	39                              @ DW_AT_prototyped
	.byte	25                              @ DW_FORM_flag_present
	.byte	63                              @ DW_AT_external
	.byte	25                              @ DW_FORM_flag_present
	.byte	0                               @ EOM(1)
	.byte	0                               @ EOM(2)
	.byte	13                              @ Abbreviation Code
	.byte	5                               @ DW_TAG_formal_parameter
	.byte	0                               @ DW_CHILDREN_no
	.byte	2                               @ DW_AT_location
	.byte	24                              @ DW_FORM_exprloc
	.byte	3                               @ DW_AT_name
	.byte	14                              @ DW_FORM_strp
	.byte	58                              @ DW_AT_decl_file
	.byte	11                              @ DW_FORM_data1
	.byte	59                              @ DW_AT_decl_line
	.byte	11                              @ DW_FORM_data1
	.byte	73                              @ DW_AT_type
	.byte	19                              @ DW_FORM_ref4
	.byte	0                               @ EOM(1)
	.byte	0                               @ EOM(2)
	.byte	14                              @ Abbreviation Code
	.byte	46                              @ DW_TAG_subprogram
	.byte	1                               @ DW_CHILDREN_yes
	.byte	17                              @ DW_AT_low_pc
	.byte	1                               @ DW_FORM_addr
	.byte	18                              @ DW_AT_high_pc
	.byte	6                               @ DW_FORM_data4
	.byte	64                              @ DW_AT_frame_base
	.byte	24                              @ DW_FORM_exprloc
	.byte	3                               @ DW_AT_name
	.byte	14                              @ DW_FORM_strp
	.byte	58                              @ DW_AT_decl_file
	.byte	11                              @ DW_FORM_data1
	.byte	59                              @ DW_AT_decl_line
	.byte	5                               @ DW_FORM_data2
	.byte	39                              @ DW_AT_prototyped
	.byte	25                              @ DW_FORM_flag_present
	.byte	63                              @ DW_AT_external
	.byte	25                              @ DW_FORM_flag_present
	.byte	0                               @ EOM(1)
	.byte	0                               @ EOM(2)
	.byte	15                              @ Abbreviation Code
	.byte	5                               @ DW_TAG_formal_parameter
	.byte	0                               @ DW_CHILDREN_no
	.byte	2                               @ DW_AT_location
	.byte	24                              @ DW_FORM_exprloc
	.byte	3                               @ DW_AT_name
	.byte	14                              @ DW_FORM_strp
	.byte	58                              @ DW_AT_decl_file
	.byte	11                              @ DW_FORM_data1
	.byte	59                              @ DW_AT_decl_line
	.byte	5                               @ DW_FORM_data2
	.byte	73                              @ DW_AT_type
	.byte	19                              @ DW_FORM_ref4
	.byte	0                               @ EOM(1)
	.byte	0                               @ EOM(2)
	.byte	16                              @ Abbreviation Code
	.byte	46                              @ DW_TAG_subprogram
	.byte	1                               @ DW_CHILDREN_yes
	.byte	17                              @ DW_AT_low_pc
	.byte	1                               @ DW_FORM_addr
	.byte	18                              @ DW_AT_high_pc
	.byte	6                               @ DW_FORM_data4
	.byte	64                              @ DW_AT_frame_base
	.byte	24                              @ DW_FORM_exprloc
	.byte	3                               @ DW_AT_name
	.byte	14                              @ DW_FORM_strp
	.byte	58                              @ DW_AT_decl_file
	.byte	11                              @ DW_FORM_data1
	.byte	59                              @ DW_AT_decl_line
	.byte	5                               @ DW_FORM_data2
	.byte	39                              @ DW_AT_prototyped
	.byte	25                              @ DW_FORM_flag_present
	.byte	73                              @ DW_AT_type
	.byte	19                              @ DW_FORM_ref4
	.byte	63                              @ DW_AT_external
	.byte	25                              @ DW_FORM_flag_present
	.byte	0                               @ EOM(1)
	.byte	0                               @ EOM(2)
	.byte	17                              @ Abbreviation Code
	.byte	52                              @ DW_TAG_variable
	.byte	0                               @ DW_CHILDREN_no
	.byte	2                               @ DW_AT_location
	.byte	24                              @ DW_FORM_exprloc
	.byte	3                               @ DW_AT_name
	.byte	14                              @ DW_FORM_strp
	.byte	58                              @ DW_AT_decl_file
	.byte	11                              @ DW_FORM_data1
	.byte	59                              @ DW_AT_decl_line
	.byte	5                               @ DW_FORM_data2
	.byte	73                              @ DW_AT_type
	.byte	19                              @ DW_FORM_ref4
	.byte	0                               @ EOM(1)
	.byte	0                               @ EOM(2)
	.byte	18                              @ Abbreviation Code
	.byte	46                              @ DW_TAG_subprogram
	.byte	1                               @ DW_CHILDREN_yes
	.byte	17                              @ DW_AT_low_pc
	.byte	1                               @ DW_FORM_addr
	.byte	18                              @ DW_AT_high_pc
	.byte	6                               @ DW_FORM_data4
	.byte	64                              @ DW_AT_frame_base
	.byte	24                              @ DW_FORM_exprloc
	.byte	3                               @ DW_AT_name
	.byte	14                              @ DW_FORM_strp
	.byte	58                              @ DW_AT_decl_file
	.byte	11                              @ DW_FORM_data1
	.byte	59                              @ DW_AT_decl_line
	.byte	5                               @ DW_FORM_data2
	.byte	39                              @ DW_AT_prototyped
	.byte	25                              @ DW_FORM_flag_present
	.byte	0                               @ EOM(1)
	.byte	0                               @ EOM(2)
	.byte	19                              @ Abbreviation Code
	.byte	46                              @ DW_TAG_subprogram
	.byte	1                               @ DW_CHILDREN_yes
	.byte	17                              @ DW_AT_low_pc
	.byte	1                               @ DW_FORM_addr
	.byte	18                              @ DW_AT_high_pc
	.byte	6                               @ DW_FORM_data4
	.byte	64                              @ DW_AT_frame_base
	.byte	24                              @ DW_FORM_exprloc
	.byte	3                               @ DW_AT_name
	.byte	14                              @ DW_FORM_strp
	.byte	58                              @ DW_AT_decl_file
	.byte	11                              @ DW_FORM_data1
	.byte	59                              @ DW_AT_decl_line
	.byte	11                              @ DW_FORM_data1
	.byte	39                              @ DW_AT_prototyped
	.byte	25                              @ DW_FORM_flag_present
	.byte	73                              @ DW_AT_type
	.byte	19                              @ DW_FORM_ref4
	.byte	0                               @ EOM(1)
	.byte	0                               @ EOM(2)
	.byte	20                              @ Abbreviation Code
	.byte	52                              @ DW_TAG_variable
	.byte	0                               @ DW_CHILDREN_no
	.byte	2                               @ DW_AT_location
	.byte	24                              @ DW_FORM_exprloc
	.byte	3                               @ DW_AT_name
	.byte	14                              @ DW_FORM_strp
	.byte	58                              @ DW_AT_decl_file
	.byte	11                              @ DW_FORM_data1
	.byte	59                              @ DW_AT_decl_line
	.byte	11                              @ DW_FORM_data1
	.byte	73                              @ DW_AT_type
	.byte	19                              @ DW_FORM_ref4
	.byte	0                               @ EOM(1)
	.byte	0                               @ EOM(2)
	.byte	21                              @ Abbreviation Code
	.byte	46                              @ DW_TAG_subprogram
	.byte	1                               @ DW_CHILDREN_yes
	.byte	17                              @ DW_AT_low_pc
	.byte	1                               @ DW_FORM_addr
	.byte	18                              @ DW_AT_high_pc
	.byte	6                               @ DW_FORM_data4
	.byte	64                              @ DW_AT_frame_base
	.byte	24                              @ DW_FORM_exprloc
	.byte	3                               @ DW_AT_name
	.byte	14                              @ DW_FORM_strp
	.byte	58                              @ DW_AT_decl_file
	.byte	11                              @ DW_FORM_data1
	.byte	59                              @ DW_AT_decl_line
	.byte	11                              @ DW_FORM_data1
	.byte	39                              @ DW_AT_prototyped
	.byte	25                              @ DW_FORM_flag_present
	.byte	0                               @ EOM(1)
	.byte	0                               @ EOM(2)
	.byte	22                              @ Abbreviation Code
	.byte	46                              @ DW_TAG_subprogram
	.byte	1                               @ DW_CHILDREN_yes
	.byte	17                              @ DW_AT_low_pc
	.byte	1                               @ DW_FORM_addr
	.byte	18                              @ DW_AT_high_pc
	.byte	6                               @ DW_FORM_data4
	.byte	64                              @ DW_AT_frame_base
	.byte	24                              @ DW_FORM_exprloc
	.byte	3                               @ DW_AT_name
	.byte	14                              @ DW_FORM_strp
	.byte	58                              @ DW_AT_decl_file
	.byte	11                              @ DW_FORM_data1
	.byte	59                              @ DW_AT_decl_line
	.byte	5                               @ DW_FORM_data2
	.byte	39                              @ DW_AT_prototyped
	.byte	25                              @ DW_FORM_flag_present
	.byte	73                              @ DW_AT_type
	.byte	19                              @ DW_FORM_ref4
	.byte	0                               @ EOM(1)
	.byte	0                               @ EOM(2)
	.byte	23                              @ Abbreviation Code
	.byte	15                              @ DW_TAG_pointer_type
	.byte	0                               @ DW_CHILDREN_no
	.byte	73                              @ DW_AT_type
	.byte	19                              @ DW_FORM_ref4
	.byte	0                               @ EOM(1)
	.byte	0                               @ EOM(2)
	.byte	24                              @ Abbreviation Code
	.byte	22                              @ DW_TAG_typedef
	.byte	0                               @ DW_CHILDREN_no
	.byte	73                              @ DW_AT_type
	.byte	19                              @ DW_FORM_ref4
	.byte	3                               @ DW_AT_name
	.byte	14                              @ DW_FORM_strp
	.byte	58                              @ DW_AT_decl_file
	.byte	11                              @ DW_FORM_data1
	.byte	59                              @ DW_AT_decl_line
	.byte	5                               @ DW_FORM_data2
	.byte	0                               @ EOM(1)
	.byte	0                               @ EOM(2)
	.byte	25                              @ Abbreviation Code
	.byte	19                              @ DW_TAG_structure_type
	.byte	1                               @ DW_CHILDREN_yes
	.byte	11                              @ DW_AT_byte_size
	.byte	5                               @ DW_FORM_data2
	.byte	58                              @ DW_AT_decl_file
	.byte	11                              @ DW_FORM_data1
	.byte	59                              @ DW_AT_decl_line
	.byte	5                               @ DW_FORM_data2
	.byte	0                               @ EOM(1)
	.byte	0                               @ EOM(2)
	.byte	26                              @ Abbreviation Code
	.byte	13                              @ DW_TAG_member
	.byte	0                               @ DW_CHILDREN_no
	.byte	3                               @ DW_AT_name
	.byte	14                              @ DW_FORM_strp
	.byte	73                              @ DW_AT_type
	.byte	19                              @ DW_FORM_ref4
	.byte	58                              @ DW_AT_decl_file
	.byte	11                              @ DW_FORM_data1
	.byte	59                              @ DW_AT_decl_line
	.byte	5                               @ DW_FORM_data2
	.byte	56                              @ DW_AT_data_member_location
	.byte	11                              @ DW_FORM_data1
	.byte	0                               @ EOM(1)
	.byte	0                               @ EOM(2)
	.byte	27                              @ Abbreviation Code
	.byte	13                              @ DW_TAG_member
	.byte	0                               @ DW_CHILDREN_no
	.byte	3                               @ DW_AT_name
	.byte	14                              @ DW_FORM_strp
	.byte	73                              @ DW_AT_type
	.byte	19                              @ DW_FORM_ref4
	.byte	58                              @ DW_AT_decl_file
	.byte	11                              @ DW_FORM_data1
	.byte	59                              @ DW_AT_decl_line
	.byte	5                               @ DW_FORM_data2
	.byte	56                              @ DW_AT_data_member_location
	.byte	5                               @ DW_FORM_data2
	.byte	0                               @ EOM(1)
	.byte	0                               @ EOM(2)
	.byte	28                              @ Abbreviation Code
	.byte	53                              @ DW_TAG_volatile_type
	.byte	0                               @ DW_CHILDREN_no
	.byte	73                              @ DW_AT_type
	.byte	19                              @ DW_FORM_ref4
	.byte	0                               @ EOM(1)
	.byte	0                               @ EOM(2)
	.byte	29                              @ Abbreviation Code
	.byte	38                              @ DW_TAG_const_type
	.byte	0                               @ DW_CHILDREN_no
	.byte	73                              @ DW_AT_type
	.byte	19                              @ DW_FORM_ref4
	.byte	0                               @ EOM(1)
	.byte	0                               @ EOM(2)
	.byte	30                              @ Abbreviation Code
	.byte	33                              @ DW_TAG_subrange_type
	.byte	0                               @ DW_CHILDREN_no
	.byte	73                              @ DW_AT_type
	.byte	19                              @ DW_FORM_ref4
	.byte	55                              @ DW_AT_count
	.byte	5                               @ DW_FORM_data2
	.byte	0                               @ EOM(1)
	.byte	0                               @ EOM(2)
	.byte	31                              @ Abbreviation Code
	.byte	19                              @ DW_TAG_structure_type
	.byte	1                               @ DW_CHILDREN_yes
	.byte	3                               @ DW_AT_name
	.byte	14                              @ DW_FORM_strp
	.byte	11                              @ DW_AT_byte_size
	.byte	11                              @ DW_FORM_data1
	.byte	58                              @ DW_AT_decl_file
	.byte	11                              @ DW_FORM_data1
	.byte	59                              @ DW_AT_decl_line
	.byte	11                              @ DW_FORM_data1
	.byte	0                               @ EOM(1)
	.byte	0                               @ EOM(2)
	.byte	32                              @ Abbreviation Code
	.byte	13                              @ DW_TAG_member
	.byte	0                               @ DW_CHILDREN_no
	.byte	3                               @ DW_AT_name
	.byte	14                              @ DW_FORM_strp
	.byte	73                              @ DW_AT_type
	.byte	19                              @ DW_FORM_ref4
	.byte	58                              @ DW_AT_decl_file
	.byte	11                              @ DW_FORM_data1
	.byte	59                              @ DW_AT_decl_line
	.byte	11                              @ DW_FORM_data1
	.byte	56                              @ DW_AT_data_member_location
	.byte	11                              @ DW_FORM_data1
	.byte	0                               @ EOM(1)
	.byte	0                               @ EOM(2)
	.byte	0                               @ EOM(3)
	.section	.debug_info,"",%progbits
.Lcu_begin0:
	.long	.Ldebug_info_end0-.Ldebug_info_start0 @ Length of Unit
.Ldebug_info_start0:
	.short	4                               @ DWARF version number
	.long	.debug_abbrev                   @ Offset Into Abbrev. Section
	.byte	4                               @ Address Size (in bytes)
	.byte	1                               @ Abbrev [1] 0xb:0x84b DW_TAG_compile_unit
	.long	.Linfo_string0                  @ DW_AT_producer
	.short	12                              @ DW_AT_language
	.long	.Linfo_string1                  @ DW_AT_name
	.long	.Lline_table_start0             @ DW_AT_stmt_list
	.long	.Linfo_string2                  @ DW_AT_comp_dir
	.long	0                               @ DW_AT_low_pc
	.long	.Ldebug_ranges0                 @ DW_AT_ranges
	.byte	2                               @ Abbrev [2] 0x26:0xe DW_TAG_variable
	.long	52                              @ DW_AT_type
	.byte	1                               @ DW_AT_decl_file
	.short	279                             @ DW_AT_decl_line
	.byte	5                               @ DW_AT_location
	.byte	3
	.long	.L.str
	.byte	3                               @ Abbrev [3] 0x34:0xc DW_TAG_array_type
	.long	64                              @ DW_AT_type
	.byte	4                               @ Abbrev [4] 0x39:0x6 DW_TAG_subrange_type
	.long	71                              @ DW_AT_type
	.byte	15                              @ DW_AT_count
	.byte	0                               @ End Of Children Mark
	.byte	5                               @ Abbrev [5] 0x40:0x7 DW_TAG_base_type
	.long	.Linfo_string3                  @ DW_AT_name
	.byte	6                               @ DW_AT_encoding
	.byte	1                               @ DW_AT_byte_size
	.byte	6                               @ Abbrev [6] 0x47:0x7 DW_TAG_base_type
	.long	.Linfo_string4                  @ DW_AT_name
	.byte	8                               @ DW_AT_byte_size
	.byte	7                               @ DW_AT_encoding
	.byte	2                               @ Abbrev [2] 0x4e:0xe DW_TAG_variable
	.long	92                              @ DW_AT_type
	.byte	1                               @ DW_AT_decl_file
	.short	279                             @ DW_AT_decl_line
	.byte	5                               @ DW_AT_location
	.byte	3
	.long	.L.str.1
	.byte	3                               @ Abbrev [3] 0x5c:0xc DW_TAG_array_type
	.long	64                              @ DW_AT_type
	.byte	4                               @ Abbrev [4] 0x61:0x6 DW_TAG_subrange_type
	.long	71                              @ DW_AT_type
	.byte	41                              @ DW_AT_count
	.byte	0                               @ End Of Children Mark
	.byte	2                               @ Abbrev [2] 0x68:0xe DW_TAG_variable
	.long	118                             @ DW_AT_type
	.byte	1                               @ DW_AT_decl_file
	.short	356                             @ DW_AT_decl_line
	.byte	5                               @ DW_AT_location
	.byte	3
	.long	.L.str.2
	.byte	3                               @ Abbrev [3] 0x76:0xc DW_TAG_array_type
	.long	64                              @ DW_AT_type
	.byte	4                               @ Abbrev [4] 0x7b:0x6 DW_TAG_subrange_type
	.long	71                              @ DW_AT_type
	.byte	17                              @ DW_AT_count
	.byte	0                               @ End Of Children Mark
	.byte	2                               @ Abbrev [2] 0x82:0xe DW_TAG_variable
	.long	144                             @ DW_AT_type
	.byte	1                               @ DW_AT_decl_file
	.short	414                             @ DW_AT_decl_line
	.byte	5                               @ DW_AT_location
	.byte	3
	.long	.L.str.3
	.byte	3                               @ Abbrev [3] 0x90:0xc DW_TAG_array_type
	.long	64                              @ DW_AT_type
	.byte	4                               @ Abbrev [4] 0x95:0x6 DW_TAG_subrange_type
	.long	71                              @ DW_AT_type
	.byte	18                              @ DW_AT_count
	.byte	0                               @ End Of Children Mark
	.byte	7                               @ Abbrev [7] 0x9c:0x3f DW_TAG_enumeration_type
	.long	219                             @ DW_AT_type
	.byte	1                               @ DW_AT_byte_size
	.byte	2                               @ DW_AT_decl_file
	.byte	203                             @ DW_AT_decl_line
	.byte	8                               @ Abbrev [8] 0xa4:0x6 DW_TAG_enumerator
	.long	.Linfo_string6                  @ DW_AT_name
	.byte	0                               @ DW_AT_const_value
	.byte	8                               @ Abbrev [8] 0xaa:0x6 DW_TAG_enumerator
	.long	.Linfo_string7                  @ DW_AT_name
	.byte	1                               @ DW_AT_const_value
	.byte	8                               @ Abbrev [8] 0xb0:0x6 DW_TAG_enumerator
	.long	.Linfo_string8                  @ DW_AT_name
	.byte	2                               @ DW_AT_const_value
	.byte	8                               @ Abbrev [8] 0xb6:0x6 DW_TAG_enumerator
	.long	.Linfo_string9                  @ DW_AT_name
	.byte	3                               @ DW_AT_const_value
	.byte	8                               @ Abbrev [8] 0xbc:0x6 DW_TAG_enumerator
	.long	.Linfo_string10                 @ DW_AT_name
	.byte	4                               @ DW_AT_const_value
	.byte	8                               @ Abbrev [8] 0xc2:0x6 DW_TAG_enumerator
	.long	.Linfo_string11                 @ DW_AT_name
	.byte	5                               @ DW_AT_const_value
	.byte	8                               @ Abbrev [8] 0xc8:0x6 DW_TAG_enumerator
	.long	.Linfo_string12                 @ DW_AT_name
	.byte	6                               @ DW_AT_const_value
	.byte	8                               @ Abbrev [8] 0xce:0x6 DW_TAG_enumerator
	.long	.Linfo_string13                 @ DW_AT_name
	.byte	7                               @ DW_AT_const_value
	.byte	8                               @ Abbrev [8] 0xd4:0x6 DW_TAG_enumerator
	.long	.Linfo_string14                 @ DW_AT_name
	.byte	8                               @ DW_AT_const_value
	.byte	0                               @ End Of Children Mark
	.byte	5                               @ Abbrev [5] 0xdb:0x7 DW_TAG_base_type
	.long	.Linfo_string5                  @ DW_AT_name
	.byte	8                               @ DW_AT_encoding
	.byte	1                               @ DW_AT_byte_size
	.byte	9                               @ Abbrev [9] 0xe2:0x2d DW_TAG_enumeration_type
	.long	271                             @ DW_AT_type
	.long	.Linfo_string20                 @ DW_AT_name
	.byte	4                               @ DW_AT_byte_size
	.byte	3                               @ DW_AT_decl_file
	.byte	36                              @ DW_AT_decl_line
	.byte	10                              @ Abbrev [10] 0xee:0x6 DW_TAG_enumerator
	.long	.Linfo_string16                 @ DW_AT_name
	.byte	1                               @ DW_AT_const_value
	.byte	10                              @ Abbrev [10] 0xf4:0x6 DW_TAG_enumerator
	.long	.Linfo_string17                 @ DW_AT_name
	.byte	2                               @ DW_AT_const_value
	.byte	10                              @ Abbrev [10] 0xfa:0xa DW_TAG_enumerator
	.long	.Linfo_string18                 @ DW_AT_name
	.ascii	"\200\200\200\200x"             @ DW_AT_const_value
	.byte	10                              @ Abbrev [10] 0x104:0xa DW_TAG_enumerator
	.long	.Linfo_string19                 @ DW_AT_name
	.asciz	"\200\200\200\300"              @ DW_AT_const_value
	.byte	0                               @ End Of Children Mark
	.byte	5                               @ Abbrev [5] 0x10f:0x7 DW_TAG_base_type
	.long	.Linfo_string15                 @ DW_AT_name
	.byte	5                               @ DW_AT_encoding
	.byte	4                               @ DW_AT_byte_size
	.byte	9                               @ Abbrev [9] 0x116:0x19 DW_TAG_enumeration_type
	.long	219                             @ DW_AT_type
	.long	.Linfo_string23                 @ DW_AT_name
	.byte	1                               @ DW_AT_byte_size
	.byte	3                               @ DW_AT_decl_file
	.byte	29                              @ DW_AT_decl_line
	.byte	8                               @ Abbrev [8] 0x122:0x6 DW_TAG_enumerator
	.long	.Linfo_string21                 @ DW_AT_name
	.byte	2                               @ DW_AT_const_value
	.byte	8                               @ Abbrev [8] 0x128:0x6 DW_TAG_enumerator
	.long	.Linfo_string22                 @ DW_AT_name
	.byte	8                               @ DW_AT_const_value
	.byte	0                               @ End Of Children Mark
	.byte	11                              @ Abbrev [11] 0x12f:0xb DW_TAG_typedef
	.long	314                             @ DW_AT_type
	.long	.Linfo_string25                 @ DW_AT_name
	.byte	4                               @ DW_AT_decl_file
	.byte	64                              @ DW_AT_decl_line
	.byte	5                               @ Abbrev [5] 0x13a:0x7 DW_TAG_base_type
	.long	.Linfo_string24                 @ DW_AT_name
	.byte	7                               @ DW_AT_encoding
	.byte	4                               @ DW_AT_byte_size
	.byte	11                              @ Abbrev [11] 0x141:0xb DW_TAG_typedef
	.long	219                             @ DW_AT_type
	.long	.Linfo_string26                 @ DW_AT_name
	.byte	4                               @ DW_AT_decl_file
	.byte	62                              @ DW_AT_decl_line
	.byte	12                              @ Abbrev [12] 0x14c:0x20 DW_TAG_subprogram
	.long	.Lfunc_begin0                   @ DW_AT_low_pc
	.long	.Lfunc_end0-.Lfunc_begin0       @ DW_AT_high_pc
	.byte	1                               @ DW_AT_frame_base
	.byte	93
	.long	.Linfo_string27                 @ DW_AT_name
	.byte	1                               @ DW_AT_decl_file
	.byte	246                             @ DW_AT_decl_line
                                        @ DW_AT_prototyped
                                        @ DW_AT_external
	.byte	13                              @ Abbrev [13] 0x15d:0xe DW_TAG_formal_parameter
	.byte	2                               @ DW_AT_location
	.byte	145
	.byte	0
	.long	.Linfo_string48                 @ DW_AT_name
	.byte	1                               @ DW_AT_decl_file
	.byte	246                             @ DW_AT_decl_line
	.long	1359                            @ DW_AT_type
	.byte	0                               @ End Of Children Mark
	.byte	14                              @ Abbrev [14] 0x16c:0x22 DW_TAG_subprogram
	.long	.Lfunc_begin1                   @ DW_AT_low_pc
	.long	.Lfunc_end1-.Lfunc_begin1       @ DW_AT_high_pc
	.byte	1                               @ DW_AT_frame_base
	.byte	93
	.long	.Linfo_string28                 @ DW_AT_name
	.byte	1                               @ DW_AT_decl_file
	.short	260                             @ DW_AT_decl_line
                                        @ DW_AT_prototyped
                                        @ DW_AT_external
	.byte	15                              @ Abbrev [15] 0x17e:0xf DW_TAG_formal_parameter
	.byte	2                               @ DW_AT_location
	.byte	145
	.byte	0
	.long	.Linfo_string48                 @ DW_AT_name
	.byte	1                               @ DW_AT_decl_file
	.short	260                             @ DW_AT_decl_line
	.long	1359                            @ DW_AT_type
	.byte	0                               @ End Of Children Mark
	.byte	14                              @ Abbrev [14] 0x18e:0x31 DW_TAG_subprogram
	.long	.Lfunc_begin2                   @ DW_AT_low_pc
	.long	.Lfunc_end2-.Lfunc_begin2       @ DW_AT_high_pc
	.byte	1                               @ DW_AT_frame_base
	.byte	93
	.long	.Linfo_string29                 @ DW_AT_name
	.byte	1                               @ DW_AT_decl_file
	.short	277                             @ DW_AT_decl_line
                                        @ DW_AT_prototyped
                                        @ DW_AT_external
	.byte	15                              @ Abbrev [15] 0x1a0:0xf DW_TAG_formal_parameter
	.byte	2                               @ DW_AT_location
	.byte	145
	.byte	4
	.long	.Linfo_string48                 @ DW_AT_name
	.byte	1                               @ DW_AT_decl_file
	.short	277                             @ DW_AT_decl_line
	.long	1359                            @ DW_AT_type
	.byte	15                              @ Abbrev [15] 0x1af:0xf DW_TAG_formal_parameter
	.byte	2                               @ DW_AT_location
	.byte	145
	.byte	0
	.long	.Linfo_string85                 @ DW_AT_name
	.byte	1                               @ DW_AT_decl_file
	.short	277                             @ DW_AT_decl_line
	.long	1913                            @ DW_AT_type
	.byte	0                               @ End Of Children Mark
	.byte	14                              @ Abbrev [14] 0x1bf:0x22 DW_TAG_subprogram
	.long	.Lfunc_begin3                   @ DW_AT_low_pc
	.long	.Lfunc_end3-.Lfunc_begin3       @ DW_AT_high_pc
	.byte	1                               @ DW_AT_frame_base
	.byte	93
	.long	.Linfo_string30                 @ DW_AT_name
	.byte	1                               @ DW_AT_decl_file
	.short	299                             @ DW_AT_decl_line
                                        @ DW_AT_prototyped
                                        @ DW_AT_external
	.byte	15                              @ Abbrev [15] 0x1d1:0xf DW_TAG_formal_parameter
	.byte	2                               @ DW_AT_location
	.byte	145
	.byte	4
	.long	.Linfo_string48                 @ DW_AT_name
	.byte	1                               @ DW_AT_decl_file
	.short	299                             @ DW_AT_decl_line
	.long	1359                            @ DW_AT_type
	.byte	0                               @ End Of Children Mark
	.byte	14                              @ Abbrev [14] 0x1e1:0x22 DW_TAG_subprogram
	.long	.Lfunc_begin4                   @ DW_AT_low_pc
	.long	.Lfunc_end4-.Lfunc_begin4       @ DW_AT_high_pc
	.byte	1                               @ DW_AT_frame_base
	.byte	93
	.long	.Linfo_string31                 @ DW_AT_name
	.byte	1                               @ DW_AT_decl_file
	.short	317                             @ DW_AT_decl_line
                                        @ DW_AT_prototyped
                                        @ DW_AT_external
	.byte	15                              @ Abbrev [15] 0x1f3:0xf DW_TAG_formal_parameter
	.byte	2                               @ DW_AT_location
	.byte	145
	.byte	4
	.long	.Linfo_string85                 @ DW_AT_name
	.byte	1                               @ DW_AT_decl_file
	.short	317                             @ DW_AT_decl_line
	.long	1979                            @ DW_AT_type
	.byte	0                               @ End Of Children Mark
	.byte	16                              @ Abbrev [16] 0x203:0x53 DW_TAG_subprogram
	.long	.Lfunc_begin5                   @ DW_AT_low_pc
	.long	.Lfunc_end5-.Lfunc_begin5       @ DW_AT_high_pc
	.byte	1                               @ DW_AT_frame_base
	.byte	93
	.long	.Linfo_string32                 @ DW_AT_name
	.byte	1                               @ DW_AT_decl_file
	.short	354                             @ DW_AT_decl_line
                                        @ DW_AT_prototyped
	.long	1330                            @ DW_AT_type
                                        @ DW_AT_external
	.byte	15                              @ Abbrev [15] 0x219:0xf DW_TAG_formal_parameter
	.byte	2                               @ DW_AT_location
	.byte	145
	.byte	16
	.long	.Linfo_string48                 @ DW_AT_name
	.byte	1                               @ DW_AT_decl_file
	.short	354                             @ DW_AT_decl_line
	.long	1359                            @ DW_AT_type
	.byte	15                              @ Abbrev [15] 0x228:0xf DW_TAG_formal_parameter
	.byte	2                               @ DW_AT_location
	.byte	145
	.byte	12
	.long	.Linfo_string91                 @ DW_AT_name
	.byte	1                               @ DW_AT_decl_file
	.short	354                             @ DW_AT_decl_line
	.long	1984                            @ DW_AT_type
	.byte	17                              @ Abbrev [17] 0x237:0xf DW_TAG_variable
	.byte	2                               @ DW_AT_location
	.byte	145
	.byte	8
	.long	.Linfo_string102                @ DW_AT_name
	.byte	1                               @ DW_AT_decl_file
	.short	358                             @ DW_AT_decl_line
	.long	303                             @ DW_AT_type
	.byte	17                              @ Abbrev [17] 0x246:0xf DW_TAG_variable
	.byte	2                               @ DW_AT_location
	.byte	145
	.byte	4
	.long	.Linfo_string103                @ DW_AT_name
	.byte	1                               @ DW_AT_decl_file
	.short	359                             @ DW_AT_decl_line
	.long	303                             @ DW_AT_type
	.byte	0                               @ End Of Children Mark
	.byte	18                              @ Abbrev [18] 0x256:0x22 DW_TAG_subprogram
	.long	.Lfunc_begin6                   @ DW_AT_low_pc
	.long	.Lfunc_end6-.Lfunc_begin6       @ DW_AT_high_pc
	.byte	1                               @ DW_AT_frame_base
	.byte	93
	.long	.Linfo_string35                 @ DW_AT_name
	.byte	3                               @ DW_AT_decl_file
	.short	348                             @ DW_AT_decl_line
                                        @ DW_AT_prototyped
	.byte	15                              @ Abbrev [15] 0x268:0xf DW_TAG_formal_parameter
	.byte	2                               @ DW_AT_location
	.byte	145
	.byte	0
	.long	.Linfo_string48                 @ DW_AT_name
	.byte	3                               @ DW_AT_decl_file
	.short	348                             @ DW_AT_decl_line
	.long	1359                            @ DW_AT_type
	.byte	0                               @ End Of Children Mark
	.byte	19                              @ Abbrev [19] 0x278:0x32 DW_TAG_subprogram
	.long	.Lfunc_begin7                   @ DW_AT_low_pc
	.long	.Lfunc_end7-.Lfunc_begin7       @ DW_AT_high_pc
	.byte	1                               @ DW_AT_frame_base
	.byte	93
	.long	.Linfo_string36                 @ DW_AT_name
	.byte	1                               @ DW_AT_decl_file
	.byte	98                              @ DW_AT_decl_line
                                        @ DW_AT_prototyped
	.long	1352                            @ DW_AT_type
	.byte	13                              @ Abbrev [13] 0x28d:0xe DW_TAG_formal_parameter
	.byte	2                               @ DW_AT_location
	.byte	145
	.byte	16
	.long	.Linfo_string91                 @ DW_AT_name
	.byte	1                               @ DW_AT_decl_file
	.byte	98                              @ DW_AT_decl_line
	.long	1984                            @ DW_AT_type
	.byte	20                              @ Abbrev [20] 0x29b:0xe DW_TAG_variable
	.byte	2                               @ DW_AT_location
	.byte	145
	.byte	0
	.long	.Linfo_string104                @ DW_AT_name
	.byte	1                               @ DW_AT_decl_file
	.byte	105                             @ DW_AT_decl_line
	.long	2104                            @ DW_AT_type
	.byte	0                               @ End Of Children Mark
	.byte	19                              @ Abbrev [19] 0x2aa:0x40 DW_TAG_subprogram
	.long	.Lfunc_begin8                   @ DW_AT_low_pc
	.long	.Lfunc_end8-.Lfunc_begin8       @ DW_AT_high_pc
	.byte	1                               @ DW_AT_frame_base
	.byte	93
	.long	.Linfo_string38                 @ DW_AT_name
	.byte	1                               @ DW_AT_decl_file
	.byte	130                             @ DW_AT_decl_line
                                        @ DW_AT_prototyped
	.long	303                             @ DW_AT_type
	.byte	13                              @ Abbrev [13] 0x2bf:0xe DW_TAG_formal_parameter
	.byte	2                               @ DW_AT_location
	.byte	145
	.byte	36
	.long	.Linfo_string91                 @ DW_AT_name
	.byte	1                               @ DW_AT_decl_file
	.byte	130                             @ DW_AT_decl_line
	.long	1984                            @ DW_AT_type
	.byte	20                              @ Abbrev [20] 0x2cd:0xe DW_TAG_variable
	.byte	2                               @ DW_AT_location
	.byte	145
	.byte	10
	.long	.Linfo_string105                @ DW_AT_name
	.byte	1                               @ DW_AT_decl_file
	.byte	136                             @ DW_AT_decl_line
	.long	2116                            @ DW_AT_type
	.byte	20                              @ Abbrev [20] 0x2db:0xe DW_TAG_variable
	.byte	2                               @ DW_AT_location
	.byte	145
	.byte	4
	.long	.Linfo_string102                @ DW_AT_name
	.byte	1                               @ DW_AT_decl_file
	.byte	137                             @ DW_AT_decl_line
	.long	303                             @ DW_AT_type
	.byte	0                               @ End Of Children Mark
	.byte	18                              @ Abbrev [18] 0x2ea:0x22 DW_TAG_subprogram
	.long	.Lfunc_begin9                   @ DW_AT_low_pc
	.long	.Lfunc_end9-.Lfunc_begin9       @ DW_AT_high_pc
	.byte	1                               @ DW_AT_frame_base
	.byte	93
	.long	.Linfo_string39                 @ DW_AT_name
	.byte	3                               @ DW_AT_decl_file
	.short	335                             @ DW_AT_decl_line
                                        @ DW_AT_prototyped
	.byte	15                              @ Abbrev [15] 0x2fc:0xf DW_TAG_formal_parameter
	.byte	2                               @ DW_AT_location
	.byte	145
	.byte	0
	.long	.Linfo_string48                 @ DW_AT_name
	.byte	3                               @ DW_AT_decl_file
	.short	335                             @ DW_AT_decl_line
	.long	1359                            @ DW_AT_type
	.byte	0                               @ End Of Children Mark
	.byte	14                              @ Abbrev [14] 0x30c:0x31 DW_TAG_subprogram
	.long	.Lfunc_begin10                  @ DW_AT_low_pc
	.long	.Lfunc_end10-.Lfunc_begin10     @ DW_AT_high_pc
	.byte	1                               @ DW_AT_frame_base
	.byte	93
	.long	.Linfo_string40                 @ DW_AT_name
	.byte	1                               @ DW_AT_decl_file
	.short	391                             @ DW_AT_decl_line
                                        @ DW_AT_prototyped
                                        @ DW_AT_external
	.byte	15                              @ Abbrev [15] 0x31e:0xf DW_TAG_formal_parameter
	.byte	2                               @ DW_AT_location
	.byte	145
	.byte	4
	.long	.Linfo_string48                 @ DW_AT_name
	.byte	1                               @ DW_AT_decl_file
	.short	391                             @ DW_AT_decl_line
	.long	1359                            @ DW_AT_type
	.byte	15                              @ Abbrev [15] 0x32d:0xf DW_TAG_formal_parameter
	.byte	2                               @ DW_AT_location
	.byte	145
	.byte	0
	.long	.Linfo_string91                 @ DW_AT_name
	.byte	1                               @ DW_AT_decl_file
	.short	391                             @ DW_AT_decl_line
	.long	2128                            @ DW_AT_type
	.byte	0                               @ End Of Children Mark
	.byte	21                              @ Abbrev [21] 0x33d:0x74 DW_TAG_subprogram
	.long	.Lfunc_begin11                  @ DW_AT_low_pc
	.long	.Lfunc_end11-.Lfunc_begin11     @ DW_AT_high_pc
	.byte	1                               @ DW_AT_frame_base
	.byte	93
	.long	.Linfo_string41                 @ DW_AT_name
	.byte	1                               @ DW_AT_decl_file
	.byte	160                             @ DW_AT_decl_line
                                        @ DW_AT_prototyped
	.byte	13                              @ Abbrev [13] 0x34e:0xe DW_TAG_formal_parameter
	.byte	2                               @ DW_AT_location
	.byte	145
	.byte	36
	.long	.Linfo_string102                @ DW_AT_name
	.byte	1                               @ DW_AT_decl_file
	.byte	160                             @ DW_AT_decl_line
	.long	303                             @ DW_AT_type
	.byte	13                              @ Abbrev [13] 0x35c:0xe DW_TAG_formal_parameter
	.byte	2                               @ DW_AT_location
	.byte	145
	.byte	32
	.long	.Linfo_string91                 @ DW_AT_name
	.byte	1                               @ DW_AT_decl_file
	.byte	160                             @ DW_AT_decl_line
	.long	2128                            @ DW_AT_type
	.byte	20                              @ Abbrev [20] 0x36a:0xe DW_TAG_variable
	.byte	2                               @ DW_AT_location
	.byte	145
	.byte	28
	.long	.Linfo_string106                @ DW_AT_name
	.byte	1                               @ DW_AT_decl_file
	.byte	164                             @ DW_AT_decl_line
	.long	303                             @ DW_AT_type
	.byte	20                              @ Abbrev [20] 0x378:0xe DW_TAG_variable
	.byte	2                               @ DW_AT_location
	.byte	145
	.byte	24
	.long	.Linfo_string107                @ DW_AT_name
	.byte	1                               @ DW_AT_decl_file
	.byte	165                             @ DW_AT_decl_line
	.long	303                             @ DW_AT_type
	.byte	20                              @ Abbrev [20] 0x386:0xe DW_TAG_variable
	.byte	2                               @ DW_AT_location
	.byte	145
	.byte	20
	.long	.Linfo_string108                @ DW_AT_name
	.byte	1                               @ DW_AT_decl_file
	.byte	165                             @ DW_AT_decl_line
	.long	303                             @ DW_AT_type
	.byte	20                              @ Abbrev [20] 0x394:0xe DW_TAG_variable
	.byte	2                               @ DW_AT_location
	.byte	145
	.byte	18
	.long	.Linfo_string109                @ DW_AT_name
	.byte	1                               @ DW_AT_decl_file
	.byte	166                             @ DW_AT_decl_line
	.long	2086                            @ DW_AT_type
	.byte	20                              @ Abbrev [20] 0x3a2:0xe DW_TAG_variable
	.byte	2                               @ DW_AT_location
	.byte	145
	.byte	4
	.long	.Linfo_string104                @ DW_AT_name
	.byte	1                               @ DW_AT_decl_file
	.byte	170                             @ DW_AT_decl_line
	.long	2104                            @ DW_AT_type
	.byte	0                               @ End Of Children Mark
	.byte	22                              @ Abbrev [22] 0x3b1:0x44 DW_TAG_subprogram
	.long	.Lfunc_begin12                  @ DW_AT_low_pc
	.long	.Lfunc_end12-.Lfunc_begin12     @ DW_AT_high_pc
	.byte	1                               @ DW_AT_frame_base
	.byte	93
	.long	.Linfo_string42                 @ DW_AT_name
	.byte	1                               @ DW_AT_decl_file
	.short	329                             @ DW_AT_decl_line
                                        @ DW_AT_prototyped
	.long	303                             @ DW_AT_type
	.byte	15                              @ Abbrev [15] 0x3c7:0xf DW_TAG_formal_parameter
	.byte	2                               @ DW_AT_location
	.byte	145
	.byte	8
	.long	.Linfo_string48                 @ DW_AT_name
	.byte	1                               @ DW_AT_decl_file
	.short	329                             @ DW_AT_decl_line
	.long	1359                            @ DW_AT_type
	.byte	17                              @ Abbrev [17] 0x3d6:0xf DW_TAG_variable
	.byte	2                               @ DW_AT_location
	.byte	145
	.byte	4
	.long	.Linfo_string102                @ DW_AT_name
	.byte	1                               @ DW_AT_decl_file
	.short	331                             @ DW_AT_decl_line
	.long	303                             @ DW_AT_type
	.byte	17                              @ Abbrev [17] 0x3e5:0xf DW_TAG_variable
	.byte	2                               @ DW_AT_location
	.byte	145
	.byte	0
	.long	.Linfo_string103                @ DW_AT_name
	.byte	1                               @ DW_AT_decl_file
	.short	332                             @ DW_AT_decl_line
	.long	303                             @ DW_AT_type
	.byte	0                               @ End Of Children Mark
	.byte	16                              @ Abbrev [16] 0x3f5:0x62 DW_TAG_subprogram
	.long	.Lfunc_begin13                  @ DW_AT_low_pc
	.long	.Lfunc_end13-.Lfunc_begin13     @ DW_AT_high_pc
	.byte	1                               @ DW_AT_frame_base
	.byte	93
	.long	.Linfo_string43                 @ DW_AT_name
	.byte	1                               @ DW_AT_decl_file
	.short	412                             @ DW_AT_decl_line
                                        @ DW_AT_prototyped
	.long	1330                            @ DW_AT_type
                                        @ DW_AT_external
	.byte	15                              @ Abbrev [15] 0x40b:0xf DW_TAG_formal_parameter
	.byte	2                               @ DW_AT_location
	.byte	145
	.byte	16
	.long	.Linfo_string48                 @ DW_AT_name
	.byte	1                               @ DW_AT_decl_file
	.short	412                             @ DW_AT_decl_line
	.long	1359                            @ DW_AT_type
	.byte	15                              @ Abbrev [15] 0x41a:0xf DW_TAG_formal_parameter
	.byte	2                               @ DW_AT_location
	.byte	145
	.byte	12
	.long	.Linfo_string110                @ DW_AT_name
	.byte	1                               @ DW_AT_decl_file
	.short	412                             @ DW_AT_decl_line
	.long	1984                            @ DW_AT_type
	.byte	17                              @ Abbrev [17] 0x429:0xf DW_TAG_variable
	.byte	2                               @ DW_AT_location
	.byte	145
	.byte	8
	.long	.Linfo_string111                @ DW_AT_name
	.byte	1                               @ DW_AT_decl_file
	.short	416                             @ DW_AT_decl_line
	.long	303                             @ DW_AT_type
	.byte	17                              @ Abbrev [17] 0x438:0xf DW_TAG_variable
	.byte	2                               @ DW_AT_location
	.byte	145
	.byte	4
	.long	.Linfo_string112                @ DW_AT_name
	.byte	1                               @ DW_AT_decl_file
	.short	417                             @ DW_AT_decl_line
	.long	303                             @ DW_AT_type
	.byte	17                              @ Abbrev [17] 0x447:0xf DW_TAG_variable
	.byte	2                               @ DW_AT_location
	.byte	145
	.byte	0
	.long	.Linfo_string103                @ DW_AT_name
	.byte	1                               @ DW_AT_decl_file
	.short	418                             @ DW_AT_decl_line
	.long	303                             @ DW_AT_type
	.byte	0                               @ End Of Children Mark
	.byte	14                              @ Abbrev [14] 0x457:0x40 DW_TAG_subprogram
	.long	.Lfunc_begin14                  @ DW_AT_low_pc
	.long	.Lfunc_end14-.Lfunc_begin14     @ DW_AT_high_pc
	.byte	1                               @ DW_AT_frame_base
	.byte	93
	.long	.Linfo_string44                 @ DW_AT_name
	.byte	1                               @ DW_AT_decl_file
	.short	457                             @ DW_AT_decl_line
                                        @ DW_AT_prototyped
                                        @ DW_AT_external
	.byte	15                              @ Abbrev [15] 0x469:0xf DW_TAG_formal_parameter
	.byte	2                               @ DW_AT_location
	.byte	145
	.byte	12
	.long	.Linfo_string48                 @ DW_AT_name
	.byte	1                               @ DW_AT_decl_file
	.short	457                             @ DW_AT_decl_line
	.long	1359                            @ DW_AT_type
	.byte	15                              @ Abbrev [15] 0x478:0xf DW_TAG_formal_parameter
	.byte	2                               @ DW_AT_location
	.byte	145
	.byte	8
	.long	.Linfo_string91                 @ DW_AT_name
	.byte	1                               @ DW_AT_decl_file
	.short	457                             @ DW_AT_decl_line
	.long	2128                            @ DW_AT_type
	.byte	17                              @ Abbrev [17] 0x487:0xf DW_TAG_variable
	.byte	2                               @ DW_AT_location
	.byte	145
	.byte	4
	.long	.Linfo_string111                @ DW_AT_name
	.byte	1                               @ DW_AT_decl_file
	.short	461                             @ DW_AT_decl_line
	.long	303                             @ DW_AT_type
	.byte	0                               @ End Of Children Mark
	.byte	14                              @ Abbrev [14] 0x497:0x31 DW_TAG_subprogram
	.long	.Lfunc_begin15                  @ DW_AT_low_pc
	.long	.Lfunc_end15-.Lfunc_begin15     @ DW_AT_high_pc
	.byte	1                               @ DW_AT_frame_base
	.byte	93
	.long	.Linfo_string45                 @ DW_AT_name
	.byte	1                               @ DW_AT_decl_file
	.short	476                             @ DW_AT_decl_line
                                        @ DW_AT_prototyped
                                        @ DW_AT_external
	.byte	15                              @ Abbrev [15] 0x4a9:0xf DW_TAG_formal_parameter
	.byte	2                               @ DW_AT_location
	.byte	145
	.byte	4
	.long	.Linfo_string48                 @ DW_AT_name
	.byte	1                               @ DW_AT_decl_file
	.short	476                             @ DW_AT_decl_line
	.long	1359                            @ DW_AT_type
	.byte	17                              @ Abbrev [17] 0x4b8:0xf DW_TAG_variable
	.byte	2                               @ DW_AT_location
	.byte	145
	.byte	0
	.long	.Linfo_string103                @ DW_AT_name
	.byte	1                               @ DW_AT_decl_file
	.short	478                             @ DW_AT_decl_line
	.long	303                             @ DW_AT_type
	.byte	0                               @ End Of Children Mark
	.byte	16                              @ Abbrev [16] 0x4c8:0x35 DW_TAG_subprogram
	.long	.Lfunc_begin16                  @ DW_AT_low_pc
	.long	.Lfunc_end16-.Lfunc_begin16     @ DW_AT_high_pc
	.byte	1                               @ DW_AT_frame_base
	.byte	93
	.long	.Linfo_string46                 @ DW_AT_name
	.byte	1                               @ DW_AT_decl_file
	.short	501                             @ DW_AT_decl_line
                                        @ DW_AT_prototyped
	.long	303                             @ DW_AT_type
                                        @ DW_AT_external
	.byte	15                              @ Abbrev [15] 0x4de:0xf DW_TAG_formal_parameter
	.byte	2                               @ DW_AT_location
	.byte	145
	.byte	4
	.long	.Linfo_string48                 @ DW_AT_name
	.byte	1                               @ DW_AT_decl_file
	.short	501                             @ DW_AT_decl_line
	.long	1359                            @ DW_AT_type
	.byte	17                              @ Abbrev [17] 0x4ed:0xf DW_TAG_variable
	.byte	2                               @ DW_AT_location
	.byte	145
	.byte	0
	.long	.Linfo_string113                @ DW_AT_name
	.byte	1                               @ DW_AT_decl_file
	.short	503                             @ DW_AT_decl_line
	.long	303                             @ DW_AT_type
	.byte	0                               @ End Of Children Mark
	.byte	16                              @ Abbrev [16] 0x4fd:0x35 DW_TAG_subprogram
	.long	.Lfunc_begin17                  @ DW_AT_low_pc
	.long	.Lfunc_end17-.Lfunc_begin17     @ DW_AT_high_pc
	.byte	1                               @ DW_AT_frame_base
	.byte	93
	.long	.Linfo_string47                 @ DW_AT_name
	.byte	1                               @ DW_AT_decl_file
	.short	526                             @ DW_AT_decl_line
                                        @ DW_AT_prototyped
	.long	303                             @ DW_AT_type
                                        @ DW_AT_external
	.byte	15                              @ Abbrev [15] 0x513:0xf DW_TAG_formal_parameter
	.byte	2                               @ DW_AT_location
	.byte	145
	.byte	4
	.long	.Linfo_string48                 @ DW_AT_name
	.byte	1                               @ DW_AT_decl_file
	.short	526                             @ DW_AT_decl_line
	.long	1359                            @ DW_AT_type
	.byte	17                              @ Abbrev [17] 0x522:0xf DW_TAG_variable
	.byte	2                               @ DW_AT_location
	.byte	145
	.byte	0
	.long	.Linfo_string114                @ DW_AT_name
	.byte	1                               @ DW_AT_decl_file
	.short	528                             @ DW_AT_decl_line
	.long	303                             @ DW_AT_type
	.byte	0                               @ End Of Children Mark
	.byte	11                              @ Abbrev [11] 0x532:0xb DW_TAG_typedef
	.long	1341                            @ DW_AT_type
	.long	.Linfo_string34                 @ DW_AT_name
	.byte	2                               @ DW_AT_decl_file
	.byte	219                             @ DW_AT_decl_line
	.byte	11                              @ Abbrev [11] 0x53d:0xb DW_TAG_typedef
	.long	271                             @ DW_AT_type
	.long	.Linfo_string33                 @ DW_AT_name
	.byte	4                               @ DW_AT_decl_file
	.byte	58                              @ DW_AT_decl_line
	.byte	5                               @ Abbrev [5] 0x548:0x7 DW_TAG_base_type
	.long	.Linfo_string37                 @ DW_AT_name
	.byte	2                               @ DW_AT_encoding
	.byte	1                               @ DW_AT_byte_size
	.byte	23                              @ Abbrev [23] 0x54f:0x5 DW_TAG_pointer_type
	.long	1364                            @ DW_AT_type
	.byte	24                              @ Abbrev [24] 0x554:0xc DW_TAG_typedef
	.long	1376                            @ DW_AT_type
	.long	.Linfo_string84                 @ DW_AT_name
	.byte	5                               @ DW_AT_decl_file
	.short	43507                           @ DW_AT_decl_line
	.byte	25                              @ Abbrev [25] 0x560:0x1d2 DW_TAG_structure_type
	.short	3072                            @ DW_AT_byte_size
	.byte	5                               @ DW_AT_decl_file
	.short	43471                           @ DW_AT_decl_line
	.byte	26                              @ Abbrev [26] 0x566:0xd DW_TAG_member
	.long	.Linfo_string49                 @ DW_AT_name
	.long	1842                            @ DW_AT_type
	.byte	5                               @ DW_AT_decl_file
	.short	43472                           @ DW_AT_decl_line
	.byte	0                               @ DW_AT_data_member_location
	.byte	26                              @ Abbrev [26] 0x573:0xd DW_TAG_member
	.long	.Linfo_string50                 @ DW_AT_name
	.long	1842                            @ DW_AT_type
	.byte	5                               @ DW_AT_decl_file
	.short	43473                           @ DW_AT_decl_line
	.byte	4                               @ DW_AT_data_member_location
	.byte	26                              @ Abbrev [26] 0x580:0xd DW_TAG_member
	.long	.Linfo_string51                 @ DW_AT_name
	.long	1842                            @ DW_AT_type
	.byte	5                               @ DW_AT_decl_file
	.short	43474                           @ DW_AT_decl_line
	.byte	8                               @ DW_AT_data_member_location
	.byte	26                              @ Abbrev [26] 0x58d:0xd DW_TAG_member
	.long	.Linfo_string52                 @ DW_AT_name
	.long	1842                            @ DW_AT_type
	.byte	5                               @ DW_AT_decl_file
	.short	43475                           @ DW_AT_decl_line
	.byte	12                              @ DW_AT_data_member_location
	.byte	26                              @ Abbrev [26] 0x59a:0xd DW_TAG_member
	.long	.Linfo_string53                 @ DW_AT_name
	.long	1842                            @ DW_AT_type
	.byte	5                               @ DW_AT_decl_file
	.short	43476                           @ DW_AT_decl_line
	.byte	16                              @ DW_AT_data_member_location
	.byte	26                              @ Abbrev [26] 0x5a7:0xd DW_TAG_member
	.long	.Linfo_string54                 @ DW_AT_name
	.long	1842                            @ DW_AT_type
	.byte	5                               @ DW_AT_decl_file
	.short	43477                           @ DW_AT_decl_line
	.byte	20                              @ DW_AT_data_member_location
	.byte	26                              @ Abbrev [26] 0x5b4:0xd DW_TAG_member
	.long	.Linfo_string55                 @ DW_AT_name
	.long	1842                            @ DW_AT_type
	.byte	5                               @ DW_AT_decl_file
	.short	43478                           @ DW_AT_decl_line
	.byte	24                              @ DW_AT_data_member_location
	.byte	26                              @ Abbrev [26] 0x5c1:0xd DW_TAG_member
	.long	.Linfo_string56                 @ DW_AT_name
	.long	1842                            @ DW_AT_type
	.byte	5                               @ DW_AT_decl_file
	.short	43479                           @ DW_AT_decl_line
	.byte	28                              @ DW_AT_data_member_location
	.byte	26                              @ Abbrev [26] 0x5ce:0xd DW_TAG_member
	.long	.Linfo_string57                 @ DW_AT_name
	.long	1847                            @ DW_AT_type
	.byte	5                               @ DW_AT_decl_file
	.short	43480                           @ DW_AT_decl_line
	.byte	32                              @ DW_AT_data_member_location
	.byte	26                              @ Abbrev [26] 0x5db:0xd DW_TAG_member
	.long	.Linfo_string58                 @ DW_AT_name
	.long	1842                            @ DW_AT_type
	.byte	5                               @ DW_AT_decl_file
	.short	43481                           @ DW_AT_decl_line
	.byte	36                              @ DW_AT_data_member_location
	.byte	26                              @ Abbrev [26] 0x5e8:0xd DW_TAG_member
	.long	.Linfo_string59                 @ DW_AT_name
	.long	1842                            @ DW_AT_type
	.byte	5                               @ DW_AT_decl_file
	.short	43482                           @ DW_AT_decl_line
	.byte	40                              @ DW_AT_data_member_location
	.byte	26                              @ Abbrev [26] 0x5f5:0xd DW_TAG_member
	.long	.Linfo_string60                 @ DW_AT_name
	.long	1842                            @ DW_AT_type
	.byte	5                               @ DW_AT_decl_file
	.short	43483                           @ DW_AT_decl_line
	.byte	44                              @ DW_AT_data_member_location
	.byte	26                              @ Abbrev [26] 0x602:0xd DW_TAG_member
	.long	.Linfo_string61                 @ DW_AT_name
	.long	1842                            @ DW_AT_type
	.byte	5                               @ DW_AT_decl_file
	.short	43484                           @ DW_AT_decl_line
	.byte	48                              @ DW_AT_data_member_location
	.byte	26                              @ Abbrev [26] 0x60f:0xd DW_TAG_member
	.long	.Linfo_string62                 @ DW_AT_name
	.long	1842                            @ DW_AT_type
	.byte	5                               @ DW_AT_decl_file
	.short	43485                           @ DW_AT_decl_line
	.byte	52                              @ DW_AT_data_member_location
	.byte	26                              @ Abbrev [26] 0x61c:0xd DW_TAG_member
	.long	.Linfo_string63                 @ DW_AT_name
	.long	1842                            @ DW_AT_type
	.byte	5                               @ DW_AT_decl_file
	.short	43486                           @ DW_AT_decl_line
	.byte	56                              @ DW_AT_data_member_location
	.byte	26                              @ Abbrev [26] 0x629:0xd DW_TAG_member
	.long	.Linfo_string64                 @ DW_AT_name
	.long	1842                            @ DW_AT_type
	.byte	5                               @ DW_AT_decl_file
	.short	43487                           @ DW_AT_decl_line
	.byte	60                              @ DW_AT_data_member_location
	.byte	26                              @ Abbrev [26] 0x636:0xd DW_TAG_member
	.long	.Linfo_string65                 @ DW_AT_name
	.long	1842                            @ DW_AT_type
	.byte	5                               @ DW_AT_decl_file
	.short	43488                           @ DW_AT_decl_line
	.byte	64                              @ DW_AT_data_member_location
	.byte	26                              @ Abbrev [26] 0x643:0xd DW_TAG_member
	.long	.Linfo_string66                 @ DW_AT_name
	.long	1852                            @ DW_AT_type
	.byte	5                               @ DW_AT_decl_file
	.short	43489                           @ DW_AT_decl_line
	.byte	68                              @ DW_AT_data_member_location
	.byte	26                              @ Abbrev [26] 0x650:0xd DW_TAG_member
	.long	.Linfo_string67                 @ DW_AT_name
	.long	1842                            @ DW_AT_type
	.byte	5                               @ DW_AT_decl_file
	.short	43490                           @ DW_AT_decl_line
	.byte	72                              @ DW_AT_data_member_location
	.byte	26                              @ Abbrev [26] 0x65d:0xd DW_TAG_member
	.long	.Linfo_string68                 @ DW_AT_name
	.long	1842                            @ DW_AT_type
	.byte	5                               @ DW_AT_decl_file
	.short	43491                           @ DW_AT_decl_line
	.byte	76                              @ DW_AT_data_member_location
	.byte	26                              @ Abbrev [26] 0x66a:0xd DW_TAG_member
	.long	.Linfo_string69                 @ DW_AT_name
	.long	1842                            @ DW_AT_type
	.byte	5                               @ DW_AT_decl_file
	.short	43492                           @ DW_AT_decl_line
	.byte	80                              @ DW_AT_data_member_location
	.byte	26                              @ Abbrev [26] 0x677:0xd DW_TAG_member
	.long	.Linfo_string70                 @ DW_AT_name
	.long	1842                            @ DW_AT_type
	.byte	5                               @ DW_AT_decl_file
	.short	43493                           @ DW_AT_decl_line
	.byte	84                              @ DW_AT_data_member_location
	.byte	26                              @ Abbrev [26] 0x684:0xd DW_TAG_member
	.long	.Linfo_string71                 @ DW_AT_name
	.long	1842                            @ DW_AT_type
	.byte	5                               @ DW_AT_decl_file
	.short	43494                           @ DW_AT_decl_line
	.byte	88                              @ DW_AT_data_member_location
	.byte	26                              @ Abbrev [26] 0x691:0xd DW_TAG_member
	.long	.Linfo_string72                 @ DW_AT_name
	.long	1842                            @ DW_AT_type
	.byte	5                               @ DW_AT_decl_file
	.short	43495                           @ DW_AT_decl_line
	.byte	92                              @ DW_AT_data_member_location
	.byte	26                              @ Abbrev [26] 0x69e:0xd DW_TAG_member
	.long	.Linfo_string73                 @ DW_AT_name
	.long	1842                            @ DW_AT_type
	.byte	5                               @ DW_AT_decl_file
	.short	43496                           @ DW_AT_decl_line
	.byte	96                              @ DW_AT_data_member_location
	.byte	26                              @ Abbrev [26] 0x6ab:0xd DW_TAG_member
	.long	.Linfo_string74                 @ DW_AT_name
	.long	1842                            @ DW_AT_type
	.byte	5                               @ DW_AT_decl_file
	.short	43497                           @ DW_AT_decl_line
	.byte	100                             @ DW_AT_data_member_location
	.byte	26                              @ Abbrev [26] 0x6b8:0xd DW_TAG_member
	.long	.Linfo_string75                 @ DW_AT_name
	.long	1842                            @ DW_AT_type
	.byte	5                               @ DW_AT_decl_file
	.short	43498                           @ DW_AT_decl_line
	.byte	104                             @ DW_AT_data_member_location
	.byte	26                              @ Abbrev [26] 0x6c5:0xd DW_TAG_member
	.long	.Linfo_string76                 @ DW_AT_name
	.long	1864                            @ DW_AT_type
	.byte	5                               @ DW_AT_decl_file
	.short	43499                           @ DW_AT_decl_line
	.byte	108                             @ DW_AT_data_member_location
	.byte	26                              @ Abbrev [26] 0x6d2:0xd DW_TAG_member
	.long	.Linfo_string77                 @ DW_AT_name
	.long	1852                            @ DW_AT_type
	.byte	5                               @ DW_AT_decl_file
	.short	43500                           @ DW_AT_decl_line
	.byte	140                             @ DW_AT_data_member_location
	.byte	26                              @ Abbrev [26] 0x6df:0xd DW_TAG_member
	.long	.Linfo_string78                 @ DW_AT_name
	.long	1876                            @ DW_AT_type
	.byte	5                               @ DW_AT_decl_file
	.short	43501                           @ DW_AT_decl_line
	.byte	144                             @ DW_AT_data_member_location
	.byte	26                              @ Abbrev [26] 0x6ec:0xd DW_TAG_member
	.long	.Linfo_string79                 @ DW_AT_name
	.long	1888                            @ DW_AT_type
	.byte	5                               @ DW_AT_decl_file
	.short	43502                           @ DW_AT_decl_line
	.byte	160                             @ DW_AT_data_member_location
	.byte	27                              @ Abbrev [27] 0x6f9:0xe DW_TAG_member
	.long	.Linfo_string80                 @ DW_AT_name
	.long	1864                            @ DW_AT_type
	.byte	5                               @ DW_AT_decl_file
	.short	43503                           @ DW_AT_decl_line
	.short	256                             @ DW_AT_data_member_location
	.byte	27                              @ Abbrev [27] 0x707:0xe DW_TAG_member
	.long	.Linfo_string81                 @ DW_AT_name
	.long	1900                            @ DW_AT_type
	.byte	5                               @ DW_AT_decl_file
	.short	43504                           @ DW_AT_decl_line
	.short	288                             @ DW_AT_data_member_location
	.byte	27                              @ Abbrev [27] 0x715:0xe DW_TAG_member
	.long	.Linfo_string82                 @ DW_AT_name
	.long	1847                            @ DW_AT_type
	.byte	5                               @ DW_AT_decl_file
	.short	43505                           @ DW_AT_decl_line
	.short	3064                            @ DW_AT_data_member_location
	.byte	27                              @ Abbrev [27] 0x723:0xe DW_TAG_member
	.long	.Linfo_string83                 @ DW_AT_name
	.long	1847                            @ DW_AT_type
	.byte	5                               @ DW_AT_decl_file
	.short	43506                           @ DW_AT_decl_line
	.short	3068                            @ DW_AT_data_member_location
	.byte	0                               @ End Of Children Mark
	.byte	28                              @ Abbrev [28] 0x732:0x5 DW_TAG_volatile_type
	.long	303                             @ DW_AT_type
	.byte	29                              @ Abbrev [29] 0x737:0x5 DW_TAG_const_type
	.long	1842                            @ DW_AT_type
	.byte	3                               @ Abbrev [3] 0x73c:0xc DW_TAG_array_type
	.long	321                             @ DW_AT_type
	.byte	4                               @ Abbrev [4] 0x741:0x6 DW_TAG_subrange_type
	.long	71                              @ DW_AT_type
	.byte	4                               @ DW_AT_count
	.byte	0                               @ End Of Children Mark
	.byte	3                               @ Abbrev [3] 0x748:0xc DW_TAG_array_type
	.long	1842                            @ DW_AT_type
	.byte	4                               @ Abbrev [4] 0x74d:0x6 DW_TAG_subrange_type
	.long	71                              @ DW_AT_type
	.byte	8                               @ DW_AT_count
	.byte	0                               @ End Of Children Mark
	.byte	3                               @ Abbrev [3] 0x754:0xc DW_TAG_array_type
	.long	1842                            @ DW_AT_type
	.byte	4                               @ Abbrev [4] 0x759:0x6 DW_TAG_subrange_type
	.long	71                              @ DW_AT_type
	.byte	4                               @ DW_AT_count
	.byte	0                               @ End Of Children Mark
	.byte	3                               @ Abbrev [3] 0x760:0xc DW_TAG_array_type
	.long	321                             @ DW_AT_type
	.byte	4                               @ Abbrev [4] 0x765:0x6 DW_TAG_subrange_type
	.long	71                              @ DW_AT_type
	.byte	96                              @ DW_AT_count
	.byte	0                               @ End Of Children Mark
	.byte	3                               @ Abbrev [3] 0x76c:0xd DW_TAG_array_type
	.long	321                             @ DW_AT_type
	.byte	30                              @ Abbrev [30] 0x771:0x7 DW_TAG_subrange_type
	.long	71                              @ DW_AT_type
	.short	2776                            @ DW_AT_count
	.byte	0                               @ End Of Children Mark
	.byte	23                              @ Abbrev [23] 0x779:0x5 DW_TAG_pointer_type
	.long	1918                            @ DW_AT_type
	.byte	29                              @ Abbrev [29] 0x77e:0x5 DW_TAG_const_type
	.long	1923                            @ DW_AT_type
	.byte	11                              @ Abbrev [11] 0x783:0xb DW_TAG_typedef
	.long	1934                            @ DW_AT_type
	.long	.Linfo_string90                 @ DW_AT_name
	.byte	3                               @ DW_AT_decl_file
	.byte	120                             @ DW_AT_decl_line
	.byte	31                              @ Abbrev [31] 0x78e:0x2d DW_TAG_structure_type
	.long	.Linfo_string89                 @ DW_AT_name
	.byte	12                              @ DW_AT_byte_size
	.byte	3                               @ DW_AT_decl_file
	.byte	112                             @ DW_AT_decl_line
	.byte	32                              @ Abbrev [32] 0x796:0xc DW_TAG_member
	.long	.Linfo_string86                 @ DW_AT_name
	.long	1352                            @ DW_AT_type
	.byte	3                               @ DW_AT_decl_file
	.byte	114                             @ DW_AT_decl_line
	.byte	0                               @ DW_AT_data_member_location
	.byte	32                              @ Abbrev [32] 0x7a2:0xc DW_TAG_member
	.long	.Linfo_string87                 @ DW_AT_name
	.long	303                             @ DW_AT_type
	.byte	3                               @ DW_AT_decl_file
	.byte	116                             @ DW_AT_decl_line
	.byte	4                               @ DW_AT_data_member_location
	.byte	32                              @ Abbrev [32] 0x7ae:0xc DW_TAG_member
	.long	.Linfo_string88                 @ DW_AT_name
	.long	303                             @ DW_AT_type
	.byte	3                               @ DW_AT_decl_file
	.byte	118                             @ DW_AT_decl_line
	.byte	8                               @ DW_AT_data_member_location
	.byte	0                               @ End Of Children Mark
	.byte	23                              @ Abbrev [23] 0x7bb:0x5 DW_TAG_pointer_type
	.long	1923                            @ DW_AT_type
	.byte	23                              @ Abbrev [23] 0x7c0:0x5 DW_TAG_pointer_type
	.long	1989                            @ DW_AT_type
	.byte	29                              @ Abbrev [29] 0x7c5:0x5 DW_TAG_const_type
	.long	1994                            @ DW_AT_type
	.byte	11                              @ Abbrev [11] 0x7ca:0xb DW_TAG_typedef
	.long	2005                            @ DW_AT_type
	.long	.Linfo_string101                @ DW_AT_name
	.byte	3                               @ DW_AT_decl_file
	.byte	101                             @ DW_AT_decl_line
	.byte	31                              @ Abbrev [31] 0x7d5:0x51 DW_TAG_structure_type
	.long	.Linfo_string100                @ DW_AT_name
	.byte	8                               @ DW_AT_byte_size
	.byte	3                               @ DW_AT_decl_file
	.byte	93                              @ DW_AT_decl_line
	.byte	32                              @ Abbrev [32] 0x7dd:0xc DW_TAG_member
	.long	.Linfo_string92                 @ DW_AT_name
	.long	2086                            @ DW_AT_type
	.byte	3                               @ DW_AT_decl_file
	.byte	95                              @ DW_AT_decl_line
	.byte	0                               @ DW_AT_data_member_location
	.byte	32                              @ Abbrev [32] 0x7e9:0xc DW_TAG_member
	.long	.Linfo_string95                 @ DW_AT_name
	.long	321                             @ DW_AT_type
	.byte	3                               @ DW_AT_decl_file
	.byte	96                              @ DW_AT_decl_line
	.byte	2                               @ DW_AT_data_member_location
	.byte	32                              @ Abbrev [32] 0x7f5:0xc DW_TAG_member
	.long	.Linfo_string96                 @ DW_AT_name
	.long	321                             @ DW_AT_type
	.byte	3                               @ DW_AT_decl_file
	.byte	97                              @ DW_AT_decl_line
	.byte	3                               @ DW_AT_data_member_location
	.byte	32                              @ Abbrev [32] 0x801:0xc DW_TAG_member
	.long	.Linfo_string97                 @ DW_AT_name
	.long	321                             @ DW_AT_type
	.byte	3                               @ DW_AT_decl_file
	.byte	98                              @ DW_AT_decl_line
	.byte	4                               @ DW_AT_data_member_location
	.byte	32                              @ Abbrev [32] 0x80d:0xc DW_TAG_member
	.long	.Linfo_string98                 @ DW_AT_name
	.long	321                             @ DW_AT_type
	.byte	3                               @ DW_AT_decl_file
	.byte	99                              @ DW_AT_decl_line
	.byte	5                               @ DW_AT_data_member_location
	.byte	32                              @ Abbrev [32] 0x819:0xc DW_TAG_member
	.long	.Linfo_string99                 @ DW_AT_name
	.long	321                             @ DW_AT_type
	.byte	3                               @ DW_AT_decl_file
	.byte	100                             @ DW_AT_decl_line
	.byte	6                               @ DW_AT_data_member_location
	.byte	0                               @ End Of Children Mark
	.byte	11                              @ Abbrev [11] 0x826:0xb DW_TAG_typedef
	.long	2097                            @ DW_AT_type
	.long	.Linfo_string94                 @ DW_AT_name
	.byte	4                               @ DW_AT_decl_file
	.byte	63                              @ DW_AT_decl_line
	.byte	5                               @ Abbrev [5] 0x831:0x7 DW_TAG_base_type
	.long	.Linfo_string93                 @ DW_AT_name
	.byte	7                               @ DW_AT_encoding
	.byte	2                               @ DW_AT_byte_size
	.byte	3                               @ Abbrev [3] 0x838:0xc DW_TAG_array_type
	.long	321                             @ DW_AT_type
	.byte	4                               @ Abbrev [4] 0x83d:0x6 DW_TAG_subrange_type
	.long	71                              @ DW_AT_type
	.byte	13                              @ DW_AT_count
	.byte	0                               @ End Of Children Mark
	.byte	3                               @ Abbrev [3] 0x844:0xc DW_TAG_array_type
	.long	2086                            @ DW_AT_type
	.byte	4                               @ Abbrev [4] 0x849:0x6 DW_TAG_subrange_type
	.long	71                              @ DW_AT_type
	.byte	13                              @ DW_AT_count
	.byte	0                               @ End Of Children Mark
	.byte	23                              @ Abbrev [23] 0x850:0x5 DW_TAG_pointer_type
	.long	1994                            @ DW_AT_type
	.byte	0                               @ End Of Children Mark
.Ldebug_info_end0:
	.section	.debug_ranges,"",%progbits
.Ldebug_ranges0:
	.long	.Lfunc_begin0
	.long	.Lfunc_end0
	.long	.Lfunc_begin1
	.long	.Lfunc_end1
	.long	.Lfunc_begin2
	.long	.Lfunc_end2
	.long	.Lfunc_begin3
	.long	.Lfunc_end3
	.long	.Lfunc_begin4
	.long	.Lfunc_end4
	.long	.Lfunc_begin5
	.long	.Lfunc_end5
	.long	.Lfunc_begin6
	.long	.Lfunc_end6
	.long	.Lfunc_begin7
	.long	.Lfunc_end7
	.long	.Lfunc_begin8
	.long	.Lfunc_end8
	.long	.Lfunc_begin9
	.long	.Lfunc_end9
	.long	.Lfunc_begin10
	.long	.Lfunc_end10
	.long	.Lfunc_begin11
	.long	.Lfunc_end11
	.long	.Lfunc_begin12
	.long	.Lfunc_end12
	.long	.Lfunc_begin13
	.long	.Lfunc_end13
	.long	.Lfunc_begin14
	.long	.Lfunc_end14
	.long	.Lfunc_begin15
	.long	.Lfunc_end15
	.long	.Lfunc_begin16
	.long	.Lfunc_end16
	.long	.Lfunc_begin17
	.long	.Lfunc_end17
	.long	0
	.long	0
	.section	.debug_str,"MS",%progbits,1
.Linfo_string0:
	.asciz	"Component: Arm Compiler for Embedded 6.19 Tool: armclang [5e73cb00]" @ string offset=0
.Linfo_string1:
	.asciz	"../../libraries/sdk/drives\\fsl_snvs_hp.c" @ string offset=68
.Linfo_string2:
	.asciz	"E:\\FILE_SMART_CAR\\\346\231\272\350\203\275\350\247\206\350\247\211\\RT1064_Library-master\\RT1064_Library-master\\SeekFree_RT1064_Opensource_Library\\project\\mdk" @ string offset=109
.Linfo_string3:
	.asciz	"char"                          @ string offset=231
.Linfo_string4:
	.asciz	"__ARRAY_SIZE_TYPE__"           @ string offset=236
.Linfo_string5:
	.asciz	"unsigned char"                 @ string offset=256
.Linfo_string6:
	.asciz	"kStatus_Success"               @ string offset=270
.Linfo_string7:
	.asciz	"kStatus_Fail"                  @ string offset=286
.Linfo_string8:
	.asciz	"kStatus_ReadOnly"              @ string offset=299
.Linfo_string9:
	.asciz	"kStatus_OutOfRange"            @ string offset=316
.Linfo_string10:
	.asciz	"kStatus_InvalidArgument"       @ string offset=335
.Linfo_string11:
	.asciz	"kStatus_Timeout"               @ string offset=359
.Linfo_string12:
	.asciz	"kStatus_NoTransferInProgress"  @ string offset=375
.Linfo_string13:
	.asciz	"kStatus_Busy"                  @ string offset=404
.Linfo_string14:
	.asciz	"kStatus_NoData"                @ string offset=417
.Linfo_string15:
	.asciz	"int"                           @ string offset=432
.Linfo_string16:
	.asciz	"kSNVS_RTC_AlarmInterruptFlag"  @ string offset=436
.Linfo_string17:
	.asciz	"kSNVS_RTC_PeriodicInterruptFlag" @ string offset=465
.Linfo_string18:
	.asciz	"kSNVS_ZMK_ZeroFlag"            @ string offset=497
.Linfo_string19:
	.asciz	"kSNVS_OTPMK_ZeroFlag"          @ string offset=516
.Linfo_string20:
	.asciz	"_snvs_hp_status_flags"         @ string offset=537
.Linfo_string21:
	.asciz	"kSNVS_RTC_AlarmInterrupt"      @ string offset=559
.Linfo_string22:
	.asciz	"kSNVS_RTC_PeriodicInterrupt"   @ string offset=584
.Linfo_string23:
	.asciz	"_snvs_hp_interrupts"           @ string offset=612
.Linfo_string24:
	.asciz	"unsigned int"                  @ string offset=632
.Linfo_string25:
	.asciz	"uint32_t"                      @ string offset=645
.Linfo_string26:
	.asciz	"uint8_t"                       @ string offset=654
.Linfo_string27:
	.asciz	"SNVS_HP_Init"                  @ string offset=662
.Linfo_string28:
	.asciz	"SNVS_HP_Deinit"                @ string offset=675
.Linfo_string29:
	.asciz	"SNVS_HP_RTC_Init"              @ string offset=690
.Linfo_string30:
	.asciz	"SNVS_HP_RTC_Deinit"            @ string offset=707
.Linfo_string31:
	.asciz	"SNVS_HP_RTC_GetDefaultConfig"  @ string offset=726
.Linfo_string32:
	.asciz	"SNVS_HP_RTC_SetDatetime"       @ string offset=755
.Linfo_string33:
	.asciz	"int32_t"                       @ string offset=779
.Linfo_string34:
	.asciz	"status_t"                      @ string offset=787
.Linfo_string35:
	.asciz	"SNVS_HP_RTC_StopTimer"         @ string offset=796
.Linfo_string36:
	.asciz	"SNVS_HP_CheckDatetimeFormat"   @ string offset=818
.Linfo_string37:
	.asciz	"_Bool"                         @ string offset=846
.Linfo_string38:
	.asciz	"SNVS_HP_ConvertDatetimeToSeconds" @ string offset=852
.Linfo_string39:
	.asciz	"SNVS_HP_RTC_StartTimer"        @ string offset=885
.Linfo_string40:
	.asciz	"SNVS_HP_RTC_GetDatetime"       @ string offset=908
.Linfo_string41:
	.asciz	"SNVS_HP_ConvertSecondsToDatetime" @ string offset=932
.Linfo_string42:
	.asciz	"SNVS_HP_RTC_GetSeconds"        @ string offset=965
.Linfo_string43:
	.asciz	"SNVS_HP_RTC_SetAlarm"          @ string offset=988
.Linfo_string44:
	.asciz	"SNVS_HP_RTC_GetAlarm"          @ string offset=1009
.Linfo_string45:
	.asciz	"SNVS_HP_RTC_TimeSynchronize"   @ string offset=1030
.Linfo_string46:
	.asciz	"SNVS_HP_RTC_GetStatusFlags"    @ string offset=1058
.Linfo_string47:
	.asciz	"SNVS_HP_RTC_GetEnabledInterrupts" @ string offset=1085
.Linfo_string48:
	.asciz	"base"                          @ string offset=1118
.Linfo_string49:
	.asciz	"HPLR"                          @ string offset=1123
.Linfo_string50:
	.asciz	"HPCOMR"                        @ string offset=1128
.Linfo_string51:
	.asciz	"HPCR"                          @ string offset=1135
.Linfo_string52:
	.asciz	"HPSICR"                        @ string offset=1140
.Linfo_string53:
	.asciz	"HPSVCR"                        @ string offset=1147
.Linfo_string54:
	.asciz	"HPSR"                          @ string offset=1154
.Linfo_string55:
	.asciz	"HPSVSR"                        @ string offset=1159
.Linfo_string56:
	.asciz	"HPHACIVR"                      @ string offset=1166
.Linfo_string57:
	.asciz	"HPHACR"                        @ string offset=1175
.Linfo_string58:
	.asciz	"HPRTCMR"                       @ string offset=1182
.Linfo_string59:
	.asciz	"HPRTCLR"                       @ string offset=1190
.Linfo_string60:
	.asciz	"HPTAMR"                        @ string offset=1198
.Linfo_string61:
	.asciz	"HPTALR"                        @ string offset=1205
.Linfo_string62:
	.asciz	"LPLR"                          @ string offset=1212
.Linfo_string63:
	.asciz	"LPCR"                          @ string offset=1217
.Linfo_string64:
	.asciz	"LPMKCR"                        @ string offset=1222
.Linfo_string65:
	.asciz	"LPSVCR"                        @ string offset=1229
.Linfo_string66:
	.asciz	"RESERVED_0"                    @ string offset=1236
.Linfo_string67:
	.asciz	"LPSECR"                        @ string offset=1247
.Linfo_string68:
	.asciz	"LPSR"                          @ string offset=1254
.Linfo_string69:
	.asciz	"LPSRTCMR"                      @ string offset=1259
.Linfo_string70:
	.asciz	"LPSRTCLR"                      @ string offset=1268
.Linfo_string71:
	.asciz	"LPTAR"                         @ string offset=1277
.Linfo_string72:
	.asciz	"LPSMCMR"                       @ string offset=1283
.Linfo_string73:
	.asciz	"LPSMCLR"                       @ string offset=1291
.Linfo_string74:
	.asciz	"LPLVDR"                        @ string offset=1299
.Linfo_string75:
	.asciz	"LPGPR0_LEGACY_ALIAS"           @ string offset=1306
.Linfo_string76:
	.asciz	"LPZMKR"                        @ string offset=1326
.Linfo_string77:
	.asciz	"RESERVED_1"                    @ string offset=1333
.Linfo_string78:
	.asciz	"LPGPR_ALIAS"                   @ string offset=1344
.Linfo_string79:
	.asciz	"RESERVED_2"                    @ string offset=1356
.Linfo_string80:
	.asciz	"LPGPR"                         @ string offset=1367
.Linfo_string81:
	.asciz	"RESERVED_3"                    @ string offset=1373
.Linfo_string82:
	.asciz	"HPVIDR1"                       @ string offset=1384
.Linfo_string83:
	.asciz	"HPVIDR2"                       @ string offset=1392
.Linfo_string84:
	.asciz	"SNVS_Type"                     @ string offset=1400
.Linfo_string85:
	.asciz	"config"                        @ string offset=1410
.Linfo_string86:
	.asciz	"rtcCalEnable"                  @ string offset=1417
.Linfo_string87:
	.asciz	"rtcCalValue"                   @ string offset=1430
.Linfo_string88:
	.asciz	"periodicInterruptFreq"         @ string offset=1442
.Linfo_string89:
	.asciz	"_snvs_hp_rtc_config"           @ string offset=1464
.Linfo_string90:
	.asciz	"snvs_hp_rtc_config_t"          @ string offset=1484
.Linfo_string91:
	.asciz	"datetime"                      @ string offset=1505
.Linfo_string92:
	.asciz	"year"                          @ string offset=1514
.Linfo_string93:
	.asciz	"unsigned short"                @ string offset=1519
.Linfo_string94:
	.asciz	"uint16_t"                      @ string offset=1534
.Linfo_string95:
	.asciz	"month"                         @ string offset=1543
.Linfo_string96:
	.asciz	"day"                           @ string offset=1549
.Linfo_string97:
	.asciz	"hour"                          @ string offset=1553
.Linfo_string98:
	.asciz	"minute"                        @ string offset=1558
.Linfo_string99:
	.asciz	"second"                        @ string offset=1565
.Linfo_string100:
	.asciz	"_snvs_hp_rtc_datetime"         @ string offset=1572
.Linfo_string101:
	.asciz	"snvs_hp_rtc_datetime_t"        @ string offset=1594
.Linfo_string102:
	.asciz	"seconds"                       @ string offset=1617
.Linfo_string103:
	.asciz	"tmp"                           @ string offset=1625
.Linfo_string104:
	.asciz	"daysPerMonth"                  @ string offset=1629
.Linfo_string105:
	.asciz	"monthDays"                     @ string offset=1642
.Linfo_string106:
	.asciz	"x"                             @ string offset=1652
.Linfo_string107:
	.asciz	"secondsRemaining"              @ string offset=1654
.Linfo_string108:
	.asciz	"days"                          @ string offset=1671
.Linfo_string109:
	.asciz	"daysInYear"                    @ string offset=1676
.Linfo_string110:
	.asciz	"alarmTime"                     @ string offset=1687
.Linfo_string111:
	.asciz	"alarmSeconds"                  @ string offset=1697
.Linfo_string112:
	.asciz	"currSeconds"                   @ string offset=1710
.Linfo_string113:
	.asciz	"flags"                         @ string offset=1722
.Linfo_string114:
	.asciz	"val"                           @ string offset=1728
	.ident	"Component: Arm Compiler for Embedded 6.19 Tool: armclang [5e73cb00]"
	.section	".note.GNU-stack","",%progbits
	.eabi_attribute	30, 6	@ Tag_ABI_optimization_goals
	.ARM_attribute	16, 1	@ Tag_AV_eba
	.section	.debug_line,"",%progbits
.Lline_table_start0:
