	.text
	.syntax unified
	.eabi_attribute	67, "2.09"	@ Tag_conformance
	.cpu	cortex-m7
	.eabi_attribute	6, 13	@ Tag_CPU_arch
	.eabi_attribute	7, 77	@ Tag_CPU_arch_profile
	.eabi_attribute	8, 0	@ Tag_ARM_ISA_use
	.eabi_attribute	9, 2	@ Tag_THUMB_ISA_use
	.fpu	fpv5-d16
	.eabi_attribute	36, 1	@ Tag_FP_HP_extension
	.eabi_attribute	34, 1	@ Tag_CPU_unaligned_access
	.eabi_attribute	17, 1	@ Tag_ABI_PCS_GOT_use
	.eabi_attribute	20, 2	@ Tag_ABI_FP_denormal
	.eabi_attribute	21, 0	@ Tag_ABI_FP_exceptions
	.eabi_attribute	23, 1	@ Tag_ABI_FP_number_model
	.eabi_attribute	24, 1	@ Tag_ABI_align_needed
	.eabi_attribute	25, 1	@ Tag_ABI_align_preserved
	.eabi_attribute	28, 1	@ Tag_ABI_VFP_args
	.eabi_attribute	38, 1	@ Tag_ABI_FP_16bit_format
	.eabi_attribute	18, 2	@ Tag_ABI_PCS_wchar_t
	.eabi_attribute	26, 1	@ Tag_ABI_enum_size
	.eabi_attribute	14, 0	@ Tag_ABI_PCS_R9_use
	.file	"zf_driver_pit.c"
	.file	1 "E:\\FILE_SMART_CAR\\\346\231\272\350\203\275\350\247\206\350\247\211\\RT1064_Library-master\\RT1064_Library-master\\SeekFree_RT1064_Opensource_Library\\project\\mdk" "../../libraries/zf_common\\zf_common_typedef.h"
	.file	2 "E:\\FILE_SMART_CAR\\\346\231\272\350\203\275\350\247\206\350\247\211\\RT1064_Library-master\\RT1064_Library-master\\SeekFree_RT1064_Opensource_Library\\project\\mdk" "../../libraries/zf_driver/zf_driver_pit.c"
	.file	3 "E:\\FILE_SMART_CAR\\\346\231\272\350\203\275\350\247\206\350\247\211\\RT1064_Library-master\\RT1064_Library-master\\SeekFree_RT1064_Opensource_Library\\project\\mdk" "../../libraries/sdk/drives\\fsl_pit.h"
	.file	4 "E:\\FILE_SMART_CAR\\\346\231\272\350\203\275\350\247\206\350\247\211\\RT1064_Library-master\\RT1064_Library-master\\SeekFree_RT1064_Opensource_Library\\project\\mdk" "../../libraries/zf_driver/zf_driver_pit.h"
	.file	5 "E:\\FILE_SMART_CAR\\\346\231\272\350\203\275\350\247\206\350\247\211\\RT1064_Library-master\\RT1064_Library-master\\SeekFree_RT1064_Opensource_Library\\project\\mdk" "../../libraries/sdk/deceive\\MIMXRT1064.h"
	.file	6 "E:\\FILE_SMART_CAR\\\346\231\272\350\203\275\350\247\206\350\247\211\\RT1064_Library-master\\RT1064_Library-master\\SeekFree_RT1064_Opensource_Library\\project\\mdk" "../../libraries/sdk/drives/fsl_common.h"
	.file	7 "D:\\KEIL\\ARM\\ARMCLANG\\Bin\\..\\include" "stdint.h"
	.file	8 "E:\\FILE_SMART_CAR\\\346\231\272\350\203\275\350\247\206\350\247\211\\RT1064_Library-master\\RT1064_Library-master\\SeekFree_RT1064_Opensource_Library\\project\\mdk" "../../libraries/sdk/CMSIS/Include\\core_cm7.h"
	.section	.text.pit_enable,"ax",%progbits
	.hidden	pit_enable                      @ -- Begin function pit_enable
	.globl	pit_enable
	.p2align	3
	.type	pit_enable,%function
	.code	16                              @ @pit_enable
	.thumb_func
pit_enable:
.Lfunc_begin0:
	.loc	2 51 0                          @ ../../libraries/zf_driver/zf_driver_pit.c:51:0
	.fnstart
	.cfi_sections .debug_frame
	.cfi_startproc
@ %bb.0:
	.save	{r7, lr}
	push	{r7, lr}
	.cfi_def_cfa_offset 8
	.cfi_offset lr, -4
	.cfi_offset r7, -8
	.pad	#8
	sub	sp, #8
	.cfi_def_cfa_offset 16
                                        @ kill: def $r1 killed $r0
	strb.w	r0, [sp, #7]
.Ltmp0:
	.loc	2 52 37 prologue_end            @ ../../libraries/zf_driver/zf_driver_pit.c:52:37
	ldrb.w	r1, [sp, #7]
	movw	r0, #16384
	movt	r0, #16392
	.loc	2 52 5 is_stmt 0                @ ../../libraries/zf_driver/zf_driver_pit.c:52:5
	bl	PIT_StartTimer
	.loc	2 53 1 is_stmt 1                @ ../../libraries/zf_driver/zf_driver_pit.c:53:1
	add	sp, #8
	pop	{r7, pc}
.Ltmp1:
.Lfunc_end0:
	.size	pit_enable, .Lfunc_end0-pit_enable
	.cfi_endproc
	.cantunwind
	.fnend
                                        @ -- End function
	.section	.text.PIT_StartTimer,"ax",%progbits
	.p2align	3                               @ -- Begin function PIT_StartTimer
	.type	PIT_StartTimer,%function
	.code	16                              @ @PIT_StartTimer
	.thumb_func
PIT_StartTimer:
.Lfunc_begin1:
	.loc	3 289 0                         @ ../../libraries/sdk/drives\fsl_pit.h:289:0
	.fnstart
	.cfi_startproc
@ %bb.0:
	.pad	#8
	sub	sp, #8
	.cfi_def_cfa_offset 8
                                        @ kill: def $r2 killed $r1
	str	r0, [sp, #4]
	strb.w	r1, [sp, #3]
.Ltmp2:
	.loc	3 290 5 prologue_end            @ ../../libraries/sdk/drives\fsl_pit.h:290:5
	ldr	r0, [sp, #4]
	.loc	3 290 19 is_stmt 0              @ ../../libraries/sdk/drives\fsl_pit.h:290:19
	ldrb.w	r1, [sp, #3]
	.loc	3 290 11                        @ ../../libraries/sdk/drives\fsl_pit.h:290:11
	add.w	r1, r0, r1, lsl #4
	.loc	3 290 34                        @ ../../libraries/sdk/drives\fsl_pit.h:290:34
	ldr.w	r0, [r1, #264]
	orr	r0, r0, #1
	str.w	r0, [r1, #264]
	.loc	3 291 1 is_stmt 1               @ ../../libraries/sdk/drives\fsl_pit.h:291:1
	add	sp, #8
	bx	lr
.Ltmp3:
.Lfunc_end1:
	.size	PIT_StartTimer, .Lfunc_end1-PIT_StartTimer
	.cfi_endproc
	.cantunwind
	.fnend
                                        @ -- End function
	.section	.text.pit_disable,"ax",%progbits
	.hidden	pit_disable                     @ -- Begin function pit_disable
	.globl	pit_disable
	.p2align	3
	.type	pit_disable,%function
	.code	16                              @ @pit_disable
	.thumb_func
pit_disable:
.Lfunc_begin2:
	.loc	2 63 0                          @ ../../libraries/zf_driver/zf_driver_pit.c:63:0
	.fnstart
	.cfi_startproc
@ %bb.0:
	.save	{r7, lr}
	push	{r7, lr}
	.cfi_def_cfa_offset 8
	.cfi_offset lr, -4
	.cfi_offset r7, -8
	.pad	#8
	sub	sp, #8
	.cfi_def_cfa_offset 16
                                        @ kill: def $r1 killed $r0
	strb.w	r0, [sp, #7]
.Ltmp4:
	.loc	2 64 36 prologue_end            @ ../../libraries/zf_driver/zf_driver_pit.c:64:36
	ldrb.w	r1, [sp, #7]
	movw	r0, #16384
	movt	r0, #16392
	.loc	2 64 5 is_stmt 0                @ ../../libraries/zf_driver/zf_driver_pit.c:64:5
	bl	PIT_StopTimer
	.loc	2 65 1 is_stmt 1                @ ../../libraries/zf_driver/zf_driver_pit.c:65:1
	add	sp, #8
	pop	{r7, pc}
.Ltmp5:
.Lfunc_end2:
	.size	pit_disable, .Lfunc_end2-pit_disable
	.cfi_endproc
	.cantunwind
	.fnend
                                        @ -- End function
	.section	.text.PIT_StopTimer,"ax",%progbits
	.p2align	3                               @ -- Begin function PIT_StopTimer
	.type	PIT_StopTimer,%function
	.code	16                              @ @PIT_StopTimer
	.thumb_func
PIT_StopTimer:
.Lfunc_begin3:
	.loc	3 303 0                         @ ../../libraries/sdk/drives\fsl_pit.h:303:0
	.fnstart
	.cfi_startproc
@ %bb.0:
	.pad	#8
	sub	sp, #8
	.cfi_def_cfa_offset 8
                                        @ kill: def $r2 killed $r1
	str	r0, [sp, #4]
	strb.w	r1, [sp, #3]
.Ltmp6:
	.loc	3 304 5 prologue_end            @ ../../libraries/sdk/drives\fsl_pit.h:304:5
	ldr	r0, [sp, #4]
	.loc	3 304 19 is_stmt 0              @ ../../libraries/sdk/drives\fsl_pit.h:304:19
	ldrb.w	r1, [sp, #3]
	.loc	3 304 11                        @ ../../libraries/sdk/drives\fsl_pit.h:304:11
	add.w	r1, r0, r1, lsl #4
	.loc	3 304 34                        @ ../../libraries/sdk/drives\fsl_pit.h:304:34
	ldr.w	r0, [r1, #264]
	bic	r0, r0, #1
	str.w	r0, [r1, #264]
	.loc	3 305 1 is_stmt 1               @ ../../libraries/sdk/drives\fsl_pit.h:305:1
	add	sp, #8
	bx	lr
.Ltmp7:
.Lfunc_end3:
	.size	PIT_StopTimer, .Lfunc_end3-PIT_StopTimer
	.cfi_endproc
	.cantunwind
	.fnend
                                        @ -- End function
	.section	.text.pit_init,"ax",%progbits
	.hidden	pit_init                        @ -- Begin function pit_init
	.globl	pit_init
	.p2align	3
	.type	pit_init,%function
	.code	16                              @ @pit_init
	.thumb_func
pit_init:
.Lfunc_begin4:
	.loc	2 76 0                          @ ../../libraries/zf_driver/zf_driver_pit.c:76:0
	.fnstart
	.cfi_startproc
@ %bb.0:
	.save	{r7, lr}
	push	{r7, lr}
	.cfi_def_cfa_offset 8
	.cfi_offset lr, -4
	.cfi_offset r7, -8
	.pad	#24
	sub	sp, #24
	.cfi_def_cfa_offset 32
                                        @ kill: def $r2 killed $r0
	strb.w	r0, [sp, #23]
	str	r1, [sp, #16]
.Ltmp8:
	.loc	2 79 13 prologue_end            @ ../../libraries/zf_driver/zf_driver_pit.c:79:13
	movw	r0, :lower16:pit_init.init_flag
	movt	r0, :upper16:pit_init.init_flag
	ldrb	r0, [r0]
.Ltmp9:
	.loc	2 79 8 is_stmt 0                @ ../../libraries/zf_driver/zf_driver_pit.c:79:8
	cbnz	r0, .LBB4_2
	b	.LBB4_1
.LBB4_1:
.Ltmp10:
	.loc	2 81 19 is_stmt 1               @ ../../libraries/zf_driver/zf_driver_pit.c:81:19
	movw	r1, :lower16:pit_init.init_flag
	movt	r1, :upper16:pit_init.init_flag
	movs	r0, #1
	strb	r0, [r1]
	add	r0, sp, #12
	.loc	2 84 9                          @ ../../libraries/zf_driver/zf_driver_pit.c:84:9
	str	r0, [sp, #8]                    @ 4-byte Spill
	bl	PIT_GetDefaultConfig
	ldr	r1, [sp, #8]                    @ 4-byte Reload
	movw	r0, #16384
	movt	r0, #16392
	.loc	2 86 9                          @ ../../libraries/zf_driver/zf_driver_pit.c:86:9
	str	r0, [sp, #4]                    @ 4-byte Spill
	bl	PIT_Init
	ldr	r0, [sp, #4]                    @ 4-byte Reload
	.loc	2 87 9                          @ ../../libraries/zf_driver/zf_driver_pit.c:87:9
	bl	PIT_Deinit
	ldr	r0, [sp, #4]                    @ 4-byte Reload
	ldr	r1, [sp, #8]                    @ 4-byte Reload
	.loc	2 88 9                          @ ../../libraries/zf_driver/zf_driver_pit.c:88:9
	bl	PIT_Init
	.loc	2 89 5                          @ ../../libraries/zf_driver/zf_driver_pit.c:89:5
	b	.LBB4_2
.Ltmp11:
.LBB4_2:
	.loc	2 92 41                         @ ../../libraries/zf_driver/zf_driver_pit.c:92:41
	ldrb.w	r1, [sp, #23]
	.loc	2 92 50 is_stmt 0               @ ../../libraries/zf_driver/zf_driver_pit.c:92:50
	ldr	r2, [sp, #16]
	movw	r0, #16384
	movt	r0, #16392
	.loc	2 92 5                          @ ../../libraries/zf_driver/zf_driver_pit.c:92:5
	str	r0, [sp]                        @ 4-byte Spill
	bl	PIT_SetTimerPeriod
	ldr	r0, [sp]                        @ 4-byte Reload
	.loc	2 93 43 is_stmt 1               @ ../../libraries/zf_driver/zf_driver_pit.c:93:43
	ldrb.w	r1, [sp, #23]
	movs	r2, #2
	.loc	2 93 5 is_stmt 0                @ ../../libraries/zf_driver/zf_driver_pit.c:93:5
	bl	PIT_EnableInterrupts
	ldr	r0, [sp]                        @ 4-byte Reload
	.loc	2 94 41 is_stmt 1               @ ../../libraries/zf_driver/zf_driver_pit.c:94:41
	ldrb.w	r1, [sp, #23]
	movs	r2, #0
	.loc	2 94 2 is_stmt 0                @ ../../libraries/zf_driver/zf_driver_pit.c:94:2
	bl	PIT_SetTimerChainMode
	ldr	r0, [sp]                        @ 4-byte Reload
	.loc	2 95 37 is_stmt 1               @ ../../libraries/zf_driver/zf_driver_pit.c:95:37
	ldrb.w	r1, [sp, #23]
	.loc	2 95 5 is_stmt 0                @ ../../libraries/zf_driver/zf_driver_pit.c:95:5
	bl	PIT_StartTimer
	movs	r0, #122
	.loc	2 96 5 is_stmt 1                @ ../../libraries/zf_driver/zf_driver_pit.c:96:5
	bl	EnableIRQ
	.loc	2 97 1                          @ ../../libraries/zf_driver/zf_driver_pit.c:97:1
	add	sp, #24
	pop	{r7, pc}
.Ltmp12:
.Lfunc_end4:
	.size	pit_init, .Lfunc_end4-pit_init
	.cfi_endproc
	.cantunwind
	.fnend
                                        @ -- End function
	.section	.text.PIT_GetDefaultConfig,"ax",%progbits
	.p2align	3                               @ -- Begin function PIT_GetDefaultConfig
	.type	PIT_GetDefaultConfig,%function
	.code	16                              @ @PIT_GetDefaultConfig
	.thumb_func
PIT_GetDefaultConfig:
.Lfunc_begin5:
	.loc	3 106 0                         @ ../../libraries/sdk/drives\fsl_pit.h:106:0
	.fnstart
	.cfi_startproc
@ %bb.0:
	.pad	#8
	sub	sp, #8
	.cfi_def_cfa_offset 8
	str	r0, [sp, #4]
.Ltmp13:
	.loc	3 107 5 prologue_end            @ ../../libraries/sdk/drives\fsl_pit.h:107:5
	ldr	r0, [sp, #4]
	cbz	r0, .LBB5_2
	b	.LBB5_1
.LBB5_1:
	b	.LBB5_3
.LBB5_2:
	movw	r0, :lower16:.L.str
	movt	r0, :upper16:.L.str
	movw	r1, :lower16:.L.str.1
	movt	r1, :upper16:.L.str.1
	movs	r2, #107
	bl	__aeabi_assert
.LBB5_3:
	ldr	r1, [sp, #4]
	movs	r0, #0
	.loc	3 110 30                        @ ../../libraries/sdk/drives\fsl_pit.h:110:30
	strb	r0, [r1]
	.loc	3 111 1                         @ ../../libraries/sdk/drives\fsl_pit.h:111:1
	add	sp, #8
	bx	lr
.Ltmp14:
.Lfunc_end5:
	.size	PIT_GetDefaultConfig, .Lfunc_end5-PIT_GetDefaultConfig
	.cfi_endproc
	.cantunwind
	.fnend
                                        @ -- End function
	.section	.text.PIT_SetTimerPeriod,"ax",%progbits
	.p2align	3                               @ -- Begin function PIT_SetTimerPeriod
	.type	PIT_SetTimerPeriod,%function
	.code	16                              @ @PIT_SetTimerPeriod
	.thumb_func
PIT_SetTimerPeriod:
.Lfunc_begin6:
	.loc	3 247 0                         @ ../../libraries/sdk/drives\fsl_pit.h:247:0
	.fnstart
	.cfi_startproc
@ %bb.0:
	.pad	#16
	sub	sp, #16
	.cfi_def_cfa_offset 16
                                        @ kill: def $r3 killed $r1
	str	r0, [sp, #12]
	strb.w	r1, [sp, #11]
	str	r2, [sp, #4]
.Ltmp15:
	.loc	3 248 5 prologue_end            @ ../../libraries/sdk/drives\fsl_pit.h:248:5
	ldr	r0, [sp, #4]
	cbz	r0, .LBB6_2
	b	.LBB6_1
.LBB6_1:
	b	.LBB6_3
.LBB6_2:
	movw	r0, :lower16:.L.str.2
	movt	r0, :upper16:.L.str.2
	movw	r1, :lower16:.L.str.1
	movt	r1, :upper16:.L.str.1
	movs	r2, #248
	bl	__aeabi_assert
.LBB6_3:
	ldr	r0, [sp, #4]
	.loc	3 250 42                        @ ../../libraries/sdk/drives\fsl_pit.h:250:42
	subs	r0, #1
	.loc	3 250 5 is_stmt 0               @ ../../libraries/sdk/drives\fsl_pit.h:250:5
	ldr	r1, [sp, #12]
	.loc	3 250 19                        @ ../../libraries/sdk/drives\fsl_pit.h:250:19
	ldrb.w	r2, [sp, #11]
	.loc	3 250 11                        @ ../../libraries/sdk/drives\fsl_pit.h:250:11
	add.w	r1, r1, r2, lsl #4
	.loc	3 250 34                        @ ../../libraries/sdk/drives\fsl_pit.h:250:34
	str.w	r0, [r1, #256]
	.loc	3 251 1 is_stmt 1               @ ../../libraries/sdk/drives\fsl_pit.h:251:1
	add	sp, #16
	bx	lr
.Ltmp16:
.Lfunc_end6:
	.size	PIT_SetTimerPeriod, .Lfunc_end6-PIT_SetTimerPeriod
	.cfi_endproc
	.cantunwind
	.fnend
                                        @ -- End function
	.section	.text.PIT_EnableInterrupts,"ax",%progbits
	.p2align	3                               @ -- Begin function PIT_EnableInterrupts
	.type	PIT_EnableInterrupts,%function
	.code	16                              @ @PIT_EnableInterrupts
	.thumb_func
PIT_EnableInterrupts:
.Lfunc_begin7:
	.loc	3 160 0                         @ ../../libraries/sdk/drives\fsl_pit.h:160:0
	.fnstart
	.cfi_startproc
@ %bb.0:
	.pad	#12
	sub	sp, #12
	.cfi_def_cfa_offset 12
                                        @ kill: def $r3 killed $r1
	str	r0, [sp, #8]
	strb.w	r1, [sp, #7]
	str	r2, [sp]
.Ltmp17:
	.loc	3 161 37 prologue_end           @ ../../libraries/sdk/drives\fsl_pit.h:161:37
	ldr	r2, [sp]
	.loc	3 161 5 is_stmt 0               @ ../../libraries/sdk/drives\fsl_pit.h:161:5
	ldr	r0, [sp, #8]
	.loc	3 161 19                        @ ../../libraries/sdk/drives\fsl_pit.h:161:19
	ldrb.w	r1, [sp, #7]
	.loc	3 161 11                        @ ../../libraries/sdk/drives\fsl_pit.h:161:11
	add.w	r1, r0, r1, lsl #4
	.loc	3 161 34                        @ ../../libraries/sdk/drives\fsl_pit.h:161:34
	ldr.w	r0, [r1, #264]
	orrs	r0, r2
	str.w	r0, [r1, #264]
	.loc	3 162 1 is_stmt 1               @ ../../libraries/sdk/drives\fsl_pit.h:162:1
	add	sp, #12
	bx	lr
.Ltmp18:
.Lfunc_end7:
	.size	PIT_EnableInterrupts, .Lfunc_end7-PIT_EnableInterrupts
	.cfi_endproc
	.cantunwind
	.fnend
                                        @ -- End function
	.section	.text.PIT_SetTimerChainMode,"ax",%progbits
	.p2align	3                               @ -- Begin function PIT_SetTimerChainMode
	.type	PIT_SetTimerChainMode,%function
	.code	16                              @ @PIT_SetTimerChainMode
	.thumb_func
PIT_SetTimerChainMode:
.Lfunc_begin8:
	.loc	3 131 0                         @ ../../libraries/sdk/drives\fsl_pit.h:131:0
	.fnstart
	.cfi_startproc
@ %bb.0:
	.pad	#8
	sub	sp, #8
	.cfi_def_cfa_offset 8
                                        @ kill: def $r3 killed $r2
                                        @ kill: def $r3 killed $r1
	str	r0, [sp, #4]
	strb.w	r1, [sp, #3]
	strb.w	r2, [sp, #2]
.Ltmp19:
	.loc	3 132 9 prologue_end            @ ../../libraries/sdk/drives\fsl_pit.h:132:9
	ldrb.w	r0, [sp, #2]
.Ltmp20:
	.loc	3 132 9 is_stmt 0               @ ../../libraries/sdk/drives\fsl_pit.h:132:9
	lsls	r0, r0, #31
	cbz	r0, .LBB8_2
	b	.LBB8_1
.LBB8_1:
.Ltmp21:
	.loc	3 134 9 is_stmt 1               @ ../../libraries/sdk/drives\fsl_pit.h:134:9
	ldr	r0, [sp, #4]
	.loc	3 134 23 is_stmt 0              @ ../../libraries/sdk/drives\fsl_pit.h:134:23
	ldrb.w	r1, [sp, #3]
	.loc	3 134 15                        @ ../../libraries/sdk/drives\fsl_pit.h:134:15
	add.w	r1, r0, r1, lsl #4
	.loc	3 134 38                        @ ../../libraries/sdk/drives\fsl_pit.h:134:38
	ldr.w	r0, [r1, #264]
	orr	r0, r0, #4
	str.w	r0, [r1, #264]
	.loc	3 135 5 is_stmt 1               @ ../../libraries/sdk/drives\fsl_pit.h:135:5
	b	.LBB8_3
.Ltmp22:
.LBB8_2:
	.loc	3 138 9                         @ ../../libraries/sdk/drives\fsl_pit.h:138:9
	ldr	r0, [sp, #4]
	.loc	3 138 23 is_stmt 0              @ ../../libraries/sdk/drives\fsl_pit.h:138:23
	ldrb.w	r1, [sp, #3]
	.loc	3 138 15                        @ ../../libraries/sdk/drives\fsl_pit.h:138:15
	add.w	r1, r0, r1, lsl #4
	.loc	3 138 38                        @ ../../libraries/sdk/drives\fsl_pit.h:138:38
	ldr.w	r0, [r1, #264]
	bic	r0, r0, #4
	str.w	r0, [r1, #264]
	b	.LBB8_3
.Ltmp23:
.LBB8_3:
	.loc	3 140 1 is_stmt 1               @ ../../libraries/sdk/drives\fsl_pit.h:140:1
	add	sp, #8
	bx	lr
.Ltmp24:
.Lfunc_end8:
	.size	PIT_SetTimerChainMode, .Lfunc_end8-PIT_SetTimerChainMode
	.cfi_endproc
	.cantunwind
	.fnend
                                        @ -- End function
	.section	.text.EnableIRQ,"ax",%progbits
	.p2align	3                               @ -- Begin function EnableIRQ
	.type	EnableIRQ,%function
	.code	16                              @ @EnableIRQ
	.thumb_func
EnableIRQ:
.Lfunc_begin9:
	.file	9 "E:\\FILE_SMART_CAR\\\346\231\272\350\203\275\350\247\206\350\247\211\\RT1064_Library-master\\RT1064_Library-master\\SeekFree_RT1064_Opensource_Library\\project\\mdk" "../../libraries/sdk/drives\\fsl_common_arm.h"
	.loc	9 500 0                         @ ../../libraries/sdk/drives\fsl_common_arm.h:500:0
	.fnstart
	.cfi_startproc
@ %bb.0:
	.save	{r7, lr}
	push	{r7, lr}
	.cfi_def_cfa_offset 8
	.cfi_offset lr, -4
	.cfi_offset r7, -8
	.pad	#8
	sub	sp, #8
	.cfi_def_cfa_offset 16
                                        @ kill: def $r1 killed $r0
	strh.w	r0, [sp, #6]
	movs	r0, #0
.Ltmp25:
	.loc	9 501 14 prologue_end           @ ../../libraries/sdk/drives\fsl_common_arm.h:501:14
	str	r0, [sp]
.Ltmp26:
	.loc	9 503 26                        @ ../../libraries/sdk/drives\fsl_common_arm.h:503:26
	ldrsh.w	r0, [sp, #6]
.Ltmp27:
	.loc	9 503 9 is_stmt 0               @ ../../libraries/sdk/drives\fsl_common_arm.h:503:9
	adds	r0, #128
	cbnz	r0, .LBB9_2
	b	.LBB9_1
.LBB9_1:
	.loc	9 0 9                           @ ../../libraries/sdk/drives\fsl_common_arm.h:0:9
	movs	r0, #1
.Ltmp28:
	.loc	9 505 16 is_stmt 1              @ ../../libraries/sdk/drives\fsl_common_arm.h:505:16
	str	r0, [sp]
	.loc	9 506 5                         @ ../../libraries/sdk/drives\fsl_common_arm.h:506:5
	b	.LBB9_3
.Ltmp29:
.LBB9_2:
	.loc	9 520 24                        @ ../../libraries/sdk/drives\fsl_common_arm.h:520:24
	ldrsh.w	r0, [sp, #6]
	.loc	9 520 9 is_stmt 0               @ ../../libraries/sdk/drives\fsl_common_arm.h:520:9
	bl	__NVIC_EnableIRQ
	b	.LBB9_3
.Ltmp30:
.LBB9_3:
	.loc	9 524 12 is_stmt 1              @ ../../libraries/sdk/drives\fsl_common_arm.h:524:12
	ldr	r0, [sp]
	.loc	9 524 5 is_stmt 0               @ ../../libraries/sdk/drives\fsl_common_arm.h:524:5
	add	sp, #8
	pop	{r7, pc}
.Ltmp31:
.Lfunc_end9:
	.size	EnableIRQ, .Lfunc_end9-EnableIRQ
	.cfi_endproc
	.cantunwind
	.fnend
                                        @ -- End function
	.section	.text.__NVIC_EnableIRQ,"ax",%progbits
	.p2align	3                               @ -- Begin function __NVIC_EnableIRQ
	.type	__NVIC_EnableIRQ,%function
	.code	16                              @ @__NVIC_EnableIRQ
	.thumb_func
__NVIC_EnableIRQ:
.Lfunc_begin10:
	.loc	8 1903 0 is_stmt 1              @ ../../libraries/sdk/CMSIS/Include\core_cm7.h:1903:0
	.fnstart
	.cfi_startproc
@ %bb.0:
	.pad	#4
	sub	sp, #4
	.cfi_def_cfa_offset 4
                                        @ kill: def $r1 killed $r0
	strh.w	r0, [sp, #2]
.Ltmp32:
	.loc	8 1904 17 prologue_end          @ ../../libraries/sdk/CMSIS/Include\core_cm7.h:1904:17
	ldrsh.w	r0, [sp, #2]
.Ltmp33:
	.loc	8 1904 7 is_stmt 0              @ ../../libraries/sdk/CMSIS/Include\core_cm7.h:1904:7
	cmp	r0, #0
	bmi	.LBB10_2
	b	.LBB10_1
.LBB10_1:
.Ltmp34:
	.loc	8 1906 75 is_stmt 1             @ ../../libraries/sdk/CMSIS/Include\core_cm7.h:1906:75
	ldrsh.w	r1, [sp, #2]
	.loc	8 1906 81 is_stmt 0             @ ../../libraries/sdk/CMSIS/Include\core_cm7.h:1906:81
	and	r2, r1, #31
	movs	r0, #1
	.loc	8 1906 60                       @ ../../libraries/sdk/CMSIS/Include\core_cm7.h:1906:60
	lsls	r0, r2
	.loc	8 1906 5                        @ ../../libraries/sdk/CMSIS/Include\core_cm7.h:1906:5
	lsrs	r2, r1, #5
	movw	r1, #57600
	movt	r1, #57344
	.loc	8 1906 43                       @ ../../libraries/sdk/CMSIS/Include\core_cm7.h:1906:43
	str.w	r0, [r1, r2, lsl #2]
	.loc	8 1907 3 is_stmt 1              @ ../../libraries/sdk/CMSIS/Include\core_cm7.h:1907:3
	b	.LBB10_2
.Ltmp35:
.LBB10_2:
	.loc	8 1908 1                        @ ../../libraries/sdk/CMSIS/Include\core_cm7.h:1908:1
	add	sp, #4
	bx	lr
.Ltmp36:
.Lfunc_end10:
	.size	__NVIC_EnableIRQ, .Lfunc_end10-__NVIC_EnableIRQ
	.cfi_endproc
	.cantunwind
	.fnend
                                        @ -- End function
	.type	pit_init.init_flag,%object      @ @pit_init.init_flag
	.section	.bss.pit_init.init_flag,"aw",%nobits
pit_init.init_flag:
	.byte	0                               @ 0x0
	.size	pit_init.init_flag, 1

	.type	.L.str,%object                  @ @.str
	.section	.rodata.str1.1,"aMS",%progbits,1
.L.str:
	.asciz	"NULL != config"
	.size	.L.str, 15

	.type	.L.str.1,%object                @ @.str.1
.L.str.1:
	.asciz	"../../libraries/sdk/drives\\fsl_pit.h"
	.size	.L.str.1, 37

	.type	.L.str.2,%object                @ @.str.2
.L.str.2:
	.asciz	"count != 0U"
	.size	.L.str.2, 12

	.section	.debug_abbrev,"",%progbits
	.byte	1                               @ Abbreviation Code
	.byte	17                              @ DW_TAG_compile_unit
	.byte	1                               @ DW_CHILDREN_yes
	.byte	37                              @ DW_AT_producer
	.byte	14                              @ DW_FORM_strp
	.byte	19                              @ DW_AT_language
	.byte	5                               @ DW_FORM_data2
	.byte	3                               @ DW_AT_name
	.byte	14                              @ DW_FORM_strp
	.byte	16                              @ DW_AT_stmt_list
	.byte	23                              @ DW_FORM_sec_offset
	.byte	27                              @ DW_AT_comp_dir
	.byte	14                              @ DW_FORM_strp
	.byte	17                              @ DW_AT_low_pc
	.byte	1                               @ DW_FORM_addr
	.byte	85                              @ DW_AT_ranges
	.byte	23                              @ DW_FORM_sec_offset
	.byte	0                               @ EOM(1)
	.byte	0                               @ EOM(2)
	.byte	2                               @ Abbreviation Code
	.byte	46                              @ DW_TAG_subprogram
	.byte	1                               @ DW_CHILDREN_yes
	.byte	17                              @ DW_AT_low_pc
	.byte	1                               @ DW_FORM_addr
	.byte	18                              @ DW_AT_high_pc
	.byte	6                               @ DW_FORM_data4
	.byte	64                              @ DW_AT_frame_base
	.byte	24                              @ DW_FORM_exprloc
	.byte	3                               @ DW_AT_name
	.byte	14                              @ DW_FORM_strp
	.byte	58                              @ DW_AT_decl_file
	.byte	11                              @ DW_FORM_data1
	.byte	59                              @ DW_AT_decl_line
	.byte	11                              @ DW_FORM_data1
	.byte	39                              @ DW_AT_prototyped
	.byte	25                              @ DW_FORM_flag_present
	.byte	63                              @ DW_AT_external
	.byte	25                              @ DW_FORM_flag_present
	.byte	0                               @ EOM(1)
	.byte	0                               @ EOM(2)
	.byte	3                               @ Abbreviation Code
	.byte	52                              @ DW_TAG_variable
	.byte	0                               @ DW_CHILDREN_no
	.byte	3                               @ DW_AT_name
	.byte	14                              @ DW_FORM_strp
	.byte	73                              @ DW_AT_type
	.byte	19                              @ DW_FORM_ref4
	.byte	58                              @ DW_AT_decl_file
	.byte	11                              @ DW_FORM_data1
	.byte	59                              @ DW_AT_decl_line
	.byte	11                              @ DW_FORM_data1
	.byte	2                               @ DW_AT_location
	.byte	24                              @ DW_FORM_exprloc
	.byte	0                               @ EOM(1)
	.byte	0                               @ EOM(2)
	.byte	4                               @ Abbreviation Code
	.byte	5                               @ DW_TAG_formal_parameter
	.byte	0                               @ DW_CHILDREN_no
	.byte	2                               @ DW_AT_location
	.byte	24                              @ DW_FORM_exprloc
	.byte	3                               @ DW_AT_name
	.byte	14                              @ DW_FORM_strp
	.byte	58                              @ DW_AT_decl_file
	.byte	11                              @ DW_FORM_data1
	.byte	59                              @ DW_AT_decl_line
	.byte	11                              @ DW_FORM_data1
	.byte	73                              @ DW_AT_type
	.byte	19                              @ DW_FORM_ref4
	.byte	0                               @ EOM(1)
	.byte	0                               @ EOM(2)
	.byte	5                               @ Abbreviation Code
	.byte	11                              @ DW_TAG_lexical_block
	.byte	1                               @ DW_CHILDREN_yes
	.byte	17                              @ DW_AT_low_pc
	.byte	1                               @ DW_FORM_addr
	.byte	18                              @ DW_AT_high_pc
	.byte	6                               @ DW_FORM_data4
	.byte	0                               @ EOM(1)
	.byte	0                               @ EOM(2)
	.byte	6                               @ Abbreviation Code
	.byte	52                              @ DW_TAG_variable
	.byte	0                               @ DW_CHILDREN_no
	.byte	2                               @ DW_AT_location
	.byte	24                              @ DW_FORM_exprloc
	.byte	3                               @ DW_AT_name
	.byte	14                              @ DW_FORM_strp
	.byte	58                              @ DW_AT_decl_file
	.byte	11                              @ DW_FORM_data1
	.byte	59                              @ DW_AT_decl_line
	.byte	11                              @ DW_FORM_data1
	.byte	73                              @ DW_AT_type
	.byte	19                              @ DW_FORM_ref4
	.byte	0                               @ EOM(1)
	.byte	0                               @ EOM(2)
	.byte	7                               @ Abbreviation Code
	.byte	22                              @ DW_TAG_typedef
	.byte	0                               @ DW_CHILDREN_no
	.byte	73                              @ DW_AT_type
	.byte	19                              @ DW_FORM_ref4
	.byte	3                               @ DW_AT_name
	.byte	14                              @ DW_FORM_strp
	.byte	58                              @ DW_AT_decl_file
	.byte	11                              @ DW_FORM_data1
	.byte	59                              @ DW_AT_decl_line
	.byte	11                              @ DW_FORM_data1
	.byte	0                               @ EOM(1)
	.byte	0                               @ EOM(2)
	.byte	8                               @ Abbreviation Code
	.byte	36                              @ DW_TAG_base_type
	.byte	0                               @ DW_CHILDREN_no
	.byte	3                               @ DW_AT_name
	.byte	14                              @ DW_FORM_strp
	.byte	62                              @ DW_AT_encoding
	.byte	11                              @ DW_FORM_data1
	.byte	11                              @ DW_AT_byte_size
	.byte	11                              @ DW_FORM_data1
	.byte	0                               @ EOM(1)
	.byte	0                               @ EOM(2)
	.byte	9                               @ Abbreviation Code
	.byte	52                              @ DW_TAG_variable
	.byte	0                               @ DW_CHILDREN_no
	.byte	73                              @ DW_AT_type
	.byte	19                              @ DW_FORM_ref4
	.byte	58                              @ DW_AT_decl_file
	.byte	11                              @ DW_FORM_data1
	.byte	59                              @ DW_AT_decl_line
	.byte	11                              @ DW_FORM_data1
	.byte	2                               @ DW_AT_location
	.byte	24                              @ DW_FORM_exprloc
	.byte	0                               @ EOM(1)
	.byte	0                               @ EOM(2)
	.byte	10                              @ Abbreviation Code
	.byte	1                               @ DW_TAG_array_type
	.byte	1                               @ DW_CHILDREN_yes
	.byte	73                              @ DW_AT_type
	.byte	19                              @ DW_FORM_ref4
	.byte	0                               @ EOM(1)
	.byte	0                               @ EOM(2)
	.byte	11                              @ Abbreviation Code
	.byte	33                              @ DW_TAG_subrange_type
	.byte	0                               @ DW_CHILDREN_no
	.byte	73                              @ DW_AT_type
	.byte	19                              @ DW_FORM_ref4
	.byte	55                              @ DW_AT_count
	.byte	11                              @ DW_FORM_data1
	.byte	0                               @ EOM(1)
	.byte	0                               @ EOM(2)
	.byte	12                              @ Abbreviation Code
	.byte	36                              @ DW_TAG_base_type
	.byte	0                               @ DW_CHILDREN_no
	.byte	3                               @ DW_AT_name
	.byte	14                              @ DW_FORM_strp
	.byte	11                              @ DW_AT_byte_size
	.byte	11                              @ DW_FORM_data1
	.byte	62                              @ DW_AT_encoding
	.byte	11                              @ DW_FORM_data1
	.byte	0                               @ EOM(1)
	.byte	0                               @ EOM(2)
	.byte	13                              @ Abbreviation Code
	.byte	4                               @ DW_TAG_enumeration_type
	.byte	1                               @ DW_CHILDREN_yes
	.byte	73                              @ DW_AT_type
	.byte	19                              @ DW_FORM_ref4
	.byte	11                              @ DW_AT_byte_size
	.byte	11                              @ DW_FORM_data1
	.byte	58                              @ DW_AT_decl_file
	.byte	11                              @ DW_FORM_data1
	.byte	59                              @ DW_AT_decl_line
	.byte	11                              @ DW_FORM_data1
	.byte	0                               @ EOM(1)
	.byte	0                               @ EOM(2)
	.byte	14                              @ Abbreviation Code
	.byte	40                              @ DW_TAG_enumerator
	.byte	0                               @ DW_CHILDREN_no
	.byte	3                               @ DW_AT_name
	.byte	14                              @ DW_FORM_strp
	.byte	28                              @ DW_AT_const_value
	.byte	15                              @ DW_FORM_udata
	.byte	0                               @ EOM(1)
	.byte	0                               @ EOM(2)
	.byte	15                              @ Abbreviation Code
	.byte	4                               @ DW_TAG_enumeration_type
	.byte	1                               @ DW_CHILDREN_yes
	.byte	73                              @ DW_AT_type
	.byte	19                              @ DW_FORM_ref4
	.byte	3                               @ DW_AT_name
	.byte	14                              @ DW_FORM_strp
	.byte	11                              @ DW_AT_byte_size
	.byte	11                              @ DW_FORM_data1
	.byte	58                              @ DW_AT_decl_file
	.byte	11                              @ DW_FORM_data1
	.byte	59                              @ DW_AT_decl_line
	.byte	11                              @ DW_FORM_data1
	.byte	0                               @ EOM(1)
	.byte	0                               @ EOM(2)
	.byte	16                              @ Abbreviation Code
	.byte	40                              @ DW_TAG_enumerator
	.byte	0                               @ DW_CHILDREN_no
	.byte	3                               @ DW_AT_name
	.byte	14                              @ DW_FORM_strp
	.byte	28                              @ DW_AT_const_value
	.byte	13                              @ DW_FORM_sdata
	.byte	0                               @ EOM(1)
	.byte	0                               @ EOM(2)
	.byte	17                              @ Abbreviation Code
	.byte	15                              @ DW_TAG_pointer_type
	.byte	0                               @ DW_CHILDREN_no
	.byte	73                              @ DW_AT_type
	.byte	19                              @ DW_FORM_ref4
	.byte	0                               @ EOM(1)
	.byte	0                               @ EOM(2)
	.byte	18                              @ Abbreviation Code
	.byte	22                              @ DW_TAG_typedef
	.byte	0                               @ DW_CHILDREN_no
	.byte	73                              @ DW_AT_type
	.byte	19                              @ DW_FORM_ref4
	.byte	3                               @ DW_AT_name
	.byte	14                              @ DW_FORM_strp
	.byte	58                              @ DW_AT_decl_file
	.byte	11                              @ DW_FORM_data1
	.byte	59                              @ DW_AT_decl_line
	.byte	5                               @ DW_FORM_data2
	.byte	0                               @ EOM(1)
	.byte	0                               @ EOM(2)
	.byte	19                              @ Abbreviation Code
	.byte	19                              @ DW_TAG_structure_type
	.byte	1                               @ DW_CHILDREN_yes
	.byte	11                              @ DW_AT_byte_size
	.byte	5                               @ DW_FORM_data2
	.byte	58                              @ DW_AT_decl_file
	.byte	11                              @ DW_FORM_data1
	.byte	59                              @ DW_AT_decl_line
	.byte	5                               @ DW_FORM_data2
	.byte	0                               @ EOM(1)
	.byte	0                               @ EOM(2)
	.byte	20                              @ Abbreviation Code
	.byte	13                              @ DW_TAG_member
	.byte	0                               @ DW_CHILDREN_no
	.byte	3                               @ DW_AT_name
	.byte	14                              @ DW_FORM_strp
	.byte	73                              @ DW_AT_type
	.byte	19                              @ DW_FORM_ref4
	.byte	58                              @ DW_AT_decl_file
	.byte	11                              @ DW_FORM_data1
	.byte	59                              @ DW_AT_decl_line
	.byte	5                               @ DW_FORM_data2
	.byte	56                              @ DW_AT_data_member_location
	.byte	11                              @ DW_FORM_data1
	.byte	0                               @ EOM(1)
	.byte	0                               @ EOM(2)
	.byte	21                              @ Abbreviation Code
	.byte	13                              @ DW_TAG_member
	.byte	0                               @ DW_CHILDREN_no
	.byte	3                               @ DW_AT_name
	.byte	14                              @ DW_FORM_strp
	.byte	73                              @ DW_AT_type
	.byte	19                              @ DW_FORM_ref4
	.byte	58                              @ DW_AT_decl_file
	.byte	11                              @ DW_FORM_data1
	.byte	59                              @ DW_AT_decl_line
	.byte	5                               @ DW_FORM_data2
	.byte	56                              @ DW_AT_data_member_location
	.byte	5                               @ DW_FORM_data2
	.byte	0                               @ EOM(1)
	.byte	0                               @ EOM(2)
	.byte	22                              @ Abbreviation Code
	.byte	19                              @ DW_TAG_structure_type
	.byte	1                               @ DW_CHILDREN_yes
	.byte	11                              @ DW_AT_byte_size
	.byte	11                              @ DW_FORM_data1
	.byte	58                              @ DW_AT_decl_file
	.byte	11                              @ DW_FORM_data1
	.byte	59                              @ DW_AT_decl_line
	.byte	5                               @ DW_FORM_data2
	.byte	0                               @ EOM(1)
	.byte	0                               @ EOM(2)
	.byte	23                              @ Abbreviation Code
	.byte	53                              @ DW_TAG_volatile_type
	.byte	0                               @ DW_CHILDREN_no
	.byte	73                              @ DW_AT_type
	.byte	19                              @ DW_FORM_ref4
	.byte	0                               @ EOM(1)
	.byte	0                               @ EOM(2)
	.byte	24                              @ Abbreviation Code
	.byte	38                              @ DW_TAG_const_type
	.byte	0                               @ DW_CHILDREN_no
	.byte	73                              @ DW_AT_type
	.byte	19                              @ DW_FORM_ref4
	.byte	0                               @ EOM(1)
	.byte	0                               @ EOM(2)
	.byte	25                              @ Abbreviation Code
	.byte	33                              @ DW_TAG_subrange_type
	.byte	0                               @ DW_CHILDREN_no
	.byte	73                              @ DW_AT_type
	.byte	19                              @ DW_FORM_ref4
	.byte	55                              @ DW_AT_count
	.byte	5                               @ DW_FORM_data2
	.byte	0                               @ EOM(1)
	.byte	0                               @ EOM(2)
	.byte	26                              @ Abbreviation Code
	.byte	46                              @ DW_TAG_subprogram
	.byte	1                               @ DW_CHILDREN_yes
	.byte	17                              @ DW_AT_low_pc
	.byte	1                               @ DW_FORM_addr
	.byte	18                              @ DW_AT_high_pc
	.byte	6                               @ DW_FORM_data4
	.byte	64                              @ DW_AT_frame_base
	.byte	24                              @ DW_FORM_exprloc
	.byte	3                               @ DW_AT_name
	.byte	14                              @ DW_FORM_strp
	.byte	58                              @ DW_AT_decl_file
	.byte	11                              @ DW_FORM_data1
	.byte	59                              @ DW_AT_decl_line
	.byte	5                               @ DW_FORM_data2
	.byte	39                              @ DW_AT_prototyped
	.byte	25                              @ DW_FORM_flag_present
	.byte	0                               @ EOM(1)
	.byte	0                               @ EOM(2)
	.byte	27                              @ Abbreviation Code
	.byte	5                               @ DW_TAG_formal_parameter
	.byte	0                               @ DW_CHILDREN_no
	.byte	2                               @ DW_AT_location
	.byte	24                              @ DW_FORM_exprloc
	.byte	3                               @ DW_AT_name
	.byte	14                              @ DW_FORM_strp
	.byte	58                              @ DW_AT_decl_file
	.byte	11                              @ DW_FORM_data1
	.byte	59                              @ DW_AT_decl_line
	.byte	5                               @ DW_FORM_data2
	.byte	73                              @ DW_AT_type
	.byte	19                              @ DW_FORM_ref4
	.byte	0                               @ EOM(1)
	.byte	0                               @ EOM(2)
	.byte	28                              @ Abbreviation Code
	.byte	46                              @ DW_TAG_subprogram
	.byte	1                               @ DW_CHILDREN_yes
	.byte	17                              @ DW_AT_low_pc
	.byte	1                               @ DW_FORM_addr
	.byte	18                              @ DW_AT_high_pc
	.byte	6                               @ DW_FORM_data4
	.byte	64                              @ DW_AT_frame_base
	.byte	24                              @ DW_FORM_exprloc
	.byte	3                               @ DW_AT_name
	.byte	14                              @ DW_FORM_strp
	.byte	58                              @ DW_AT_decl_file
	.byte	11                              @ DW_FORM_data1
	.byte	59                              @ DW_AT_decl_line
	.byte	11                              @ DW_FORM_data1
	.byte	39                              @ DW_AT_prototyped
	.byte	25                              @ DW_FORM_flag_present
	.byte	0                               @ EOM(1)
	.byte	0                               @ EOM(2)
	.byte	29                              @ Abbreviation Code
	.byte	46                              @ DW_TAG_subprogram
	.byte	1                               @ DW_CHILDREN_yes
	.byte	17                              @ DW_AT_low_pc
	.byte	1                               @ DW_FORM_addr
	.byte	18                              @ DW_AT_high_pc
	.byte	6                               @ DW_FORM_data4
	.byte	64                              @ DW_AT_frame_base
	.byte	24                              @ DW_FORM_exprloc
	.byte	3                               @ DW_AT_name
	.byte	14                              @ DW_FORM_strp
	.byte	58                              @ DW_AT_decl_file
	.byte	11                              @ DW_FORM_data1
	.byte	59                              @ DW_AT_decl_line
	.byte	5                               @ DW_FORM_data2
	.byte	39                              @ DW_AT_prototyped
	.byte	25                              @ DW_FORM_flag_present
	.byte	73                              @ DW_AT_type
	.byte	19                              @ DW_FORM_ref4
	.byte	0                               @ EOM(1)
	.byte	0                               @ EOM(2)
	.byte	30                              @ Abbreviation Code
	.byte	52                              @ DW_TAG_variable
	.byte	0                               @ DW_CHILDREN_no
	.byte	2                               @ DW_AT_location
	.byte	24                              @ DW_FORM_exprloc
	.byte	3                               @ DW_AT_name
	.byte	14                              @ DW_FORM_strp
	.byte	58                              @ DW_AT_decl_file
	.byte	11                              @ DW_FORM_data1
	.byte	59                              @ DW_AT_decl_line
	.byte	5                               @ DW_FORM_data2
	.byte	73                              @ DW_AT_type
	.byte	19                              @ DW_FORM_ref4
	.byte	0                               @ EOM(1)
	.byte	0                               @ EOM(2)
	.byte	31                              @ Abbreviation Code
	.byte	19                              @ DW_TAG_structure_type
	.byte	1                               @ DW_CHILDREN_yes
	.byte	3                               @ DW_AT_name
	.byte	14                              @ DW_FORM_strp
	.byte	11                              @ DW_AT_byte_size
	.byte	11                              @ DW_FORM_data1
	.byte	58                              @ DW_AT_decl_file
	.byte	11                              @ DW_FORM_data1
	.byte	59                              @ DW_AT_decl_line
	.byte	11                              @ DW_FORM_data1
	.byte	0                               @ EOM(1)
	.byte	0                               @ EOM(2)
	.byte	32                              @ Abbreviation Code
	.byte	13                              @ DW_TAG_member
	.byte	0                               @ DW_CHILDREN_no
	.byte	3                               @ DW_AT_name
	.byte	14                              @ DW_FORM_strp
	.byte	73                              @ DW_AT_type
	.byte	19                              @ DW_FORM_ref4
	.byte	58                              @ DW_AT_decl_file
	.byte	11                              @ DW_FORM_data1
	.byte	59                              @ DW_AT_decl_line
	.byte	11                              @ DW_FORM_data1
	.byte	56                              @ DW_AT_data_member_location
	.byte	11                              @ DW_FORM_data1
	.byte	0                               @ EOM(1)
	.byte	0                               @ EOM(2)
	.byte	0                               @ EOM(3)
	.section	.debug_info,"",%progbits
.Lcu_begin0:
	.long	.Ldebug_info_end0-.Ldebug_info_start0 @ Length of Unit
.Ldebug_info_start0:
	.short	4                               @ DWARF version number
	.long	.debug_abbrev                   @ Offset Into Abbrev. Section
	.byte	4                               @ Address Size (in bytes)
	.byte	1                               @ Abbrev [1] 0xb:0xa19 DW_TAG_compile_unit
	.long	.Linfo_string0                  @ DW_AT_producer
	.short	12                              @ DW_AT_language
	.long	.Linfo_string1                  @ DW_AT_name
	.long	.Lline_table_start0             @ DW_AT_stmt_list
	.long	.Linfo_string2                  @ DW_AT_comp_dir
	.long	0                               @ DW_AT_low_pc
	.long	.Ldebug_ranges0                 @ DW_AT_ranges
	.byte	2                               @ Abbrev [2] 0x26:0x57 DW_TAG_subprogram
	.long	.Lfunc_begin4                   @ DW_AT_low_pc
	.long	.Lfunc_end4-.Lfunc_begin4       @ DW_AT_high_pc
	.byte	1                               @ DW_AT_frame_base
	.byte	93
	.long	.Linfo_string234                @ DW_AT_name
	.byte	2                               @ DW_AT_decl_file
	.byte	75                              @ DW_AT_decl_line
                                        @ DW_AT_prototyped
                                        @ DW_AT_external
	.byte	3                               @ Abbrev [3] 0x37:0x11 DW_TAG_variable
	.long	.Linfo_string3                  @ DW_AT_name
	.long	125                             @ DW_AT_type
	.byte	2                               @ DW_AT_decl_file
	.byte	77                              @ DW_AT_decl_line
	.byte	5                               @ DW_AT_location
	.byte	3
	.long	pit_init.init_flag
	.byte	4                               @ Abbrev [4] 0x48:0xe DW_TAG_formal_parameter
	.byte	2                               @ DW_AT_location
	.byte	145
	.byte	23
	.long	.Linfo_string242                @ DW_AT_name
	.byte	2                               @ DW_AT_decl_file
	.byte	75                              @ DW_AT_decl_line
	.long	2518                            @ DW_AT_type
	.byte	4                               @ Abbrev [4] 0x56:0xe DW_TAG_formal_parameter
	.byte	2                               @ DW_AT_location
	.byte	145
	.byte	16
	.long	.Linfo_string246                @ DW_AT_name
	.byte	2                               @ DW_AT_decl_file
	.byte	75                              @ DW_AT_decl_line
	.long	2529                            @ DW_AT_type
	.byte	5                               @ Abbrev [5] 0x64:0x18 DW_TAG_lexical_block
	.long	.Ltmp10                         @ DW_AT_low_pc
	.long	.Ltmp11-.Ltmp10                 @ DW_AT_high_pc
	.byte	6                               @ Abbrev [6] 0x6d:0xe DW_TAG_variable
	.byte	2                               @ DW_AT_location
	.byte	145
	.byte	12
	.long	.Linfo_string248                @ DW_AT_name
	.byte	2                               @ DW_AT_decl_file
	.byte	82                              @ DW_AT_decl_line
	.long	2540                            @ DW_AT_type
	.byte	0                               @ End Of Children Mark
	.byte	0                               @ End Of Children Mark
	.byte	7                               @ Abbrev [7] 0x7d:0xb DW_TAG_typedef
	.long	136                             @ DW_AT_type
	.long	.Linfo_string5                  @ DW_AT_name
	.byte	1                               @ DW_AT_decl_file
	.byte	55                              @ DW_AT_decl_line
	.byte	8                               @ Abbrev [8] 0x88:0x7 DW_TAG_base_type
	.long	.Linfo_string4                  @ DW_AT_name
	.byte	8                               @ DW_AT_encoding
	.byte	1                               @ DW_AT_byte_size
	.byte	9                               @ Abbrev [9] 0x8f:0xd DW_TAG_variable
	.long	156                             @ DW_AT_type
	.byte	3                               @ DW_AT_decl_file
	.byte	107                             @ DW_AT_decl_line
	.byte	5                               @ DW_AT_location
	.byte	3
	.long	.L.str
	.byte	10                              @ Abbrev [10] 0x9c:0xc DW_TAG_array_type
	.long	168                             @ DW_AT_type
	.byte	11                              @ Abbrev [11] 0xa1:0x6 DW_TAG_subrange_type
	.long	175                             @ DW_AT_type
	.byte	15                              @ DW_AT_count
	.byte	0                               @ End Of Children Mark
	.byte	8                               @ Abbrev [8] 0xa8:0x7 DW_TAG_base_type
	.long	.Linfo_string6                  @ DW_AT_name
	.byte	6                               @ DW_AT_encoding
	.byte	1                               @ DW_AT_byte_size
	.byte	12                              @ Abbrev [12] 0xaf:0x7 DW_TAG_base_type
	.long	.Linfo_string7                  @ DW_AT_name
	.byte	8                               @ DW_AT_byte_size
	.byte	7                               @ DW_AT_encoding
	.byte	9                               @ Abbrev [9] 0xb6:0xd DW_TAG_variable
	.long	195                             @ DW_AT_type
	.byte	3                               @ DW_AT_decl_file
	.byte	107                             @ DW_AT_decl_line
	.byte	5                               @ DW_AT_location
	.byte	3
	.long	.L.str.1
	.byte	10                              @ Abbrev [10] 0xc3:0xc DW_TAG_array_type
	.long	168                             @ DW_AT_type
	.byte	11                              @ Abbrev [11] 0xc8:0x6 DW_TAG_subrange_type
	.long	175                             @ DW_AT_type
	.byte	37                              @ DW_AT_count
	.byte	0                               @ End Of Children Mark
	.byte	9                               @ Abbrev [9] 0xcf:0xd DW_TAG_variable
	.long	220                             @ DW_AT_type
	.byte	3                               @ DW_AT_decl_file
	.byte	248                             @ DW_AT_decl_line
	.byte	5                               @ DW_AT_location
	.byte	3
	.long	.L.str.2
	.byte	10                              @ Abbrev [10] 0xdc:0xc DW_TAG_array_type
	.long	168                             @ DW_AT_type
	.byte	11                              @ Abbrev [11] 0xe1:0x6 DW_TAG_subrange_type
	.long	175                             @ DW_AT_type
	.byte	12                              @ DW_AT_count
	.byte	0                               @ End Of Children Mark
	.byte	13                              @ Abbrev [13] 0xe8:0x27 DW_TAG_enumeration_type
	.long	136                             @ DW_AT_type
	.byte	1                               @ DW_AT_byte_size
	.byte	4                               @ DW_AT_decl_file
	.byte	42                              @ DW_AT_decl_line
	.byte	14                              @ Abbrev [14] 0xf0:0x6 DW_TAG_enumerator
	.long	.Linfo_string8                  @ DW_AT_name
	.byte	0                               @ DW_AT_const_value
	.byte	14                              @ Abbrev [14] 0xf6:0x6 DW_TAG_enumerator
	.long	.Linfo_string9                  @ DW_AT_name
	.byte	1                               @ DW_AT_const_value
	.byte	14                              @ Abbrev [14] 0xfc:0x6 DW_TAG_enumerator
	.long	.Linfo_string10                 @ DW_AT_name
	.byte	2                               @ DW_AT_const_value
	.byte	14                              @ Abbrev [14] 0x102:0x6 DW_TAG_enumerator
	.long	.Linfo_string11                 @ DW_AT_name
	.byte	3                               @ DW_AT_const_value
	.byte	14                              @ Abbrev [14] 0x108:0x6 DW_TAG_enumerator
	.long	.Linfo_string12                 @ DW_AT_name
	.byte	4                               @ DW_AT_const_value
	.byte	0                               @ End Of Children Mark
	.byte	15                              @ Abbrev [15] 0x10f:0x25 DW_TAG_enumeration_type
	.long	136                             @ DW_AT_type
	.long	.Linfo_string17                 @ DW_AT_name
	.byte	1                               @ DW_AT_byte_size
	.byte	3                               @ DW_AT_decl_file
	.byte	32                              @ DW_AT_decl_line
	.byte	14                              @ Abbrev [14] 0x11b:0x6 DW_TAG_enumerator
	.long	.Linfo_string13                 @ DW_AT_name
	.byte	0                               @ DW_AT_const_value
	.byte	14                              @ Abbrev [14] 0x121:0x6 DW_TAG_enumerator
	.long	.Linfo_string14                 @ DW_AT_name
	.byte	1                               @ DW_AT_const_value
	.byte	14                              @ Abbrev [14] 0x127:0x6 DW_TAG_enumerator
	.long	.Linfo_string15                 @ DW_AT_name
	.byte	2                               @ DW_AT_const_value
	.byte	14                              @ Abbrev [14] 0x12d:0x6 DW_TAG_enumerator
	.long	.Linfo_string16                 @ DW_AT_name
	.byte	3                               @ DW_AT_const_value
	.byte	0                               @ End Of Children Mark
	.byte	15                              @ Abbrev [15] 0x134:0x13 DW_TAG_enumeration_type
	.long	136                             @ DW_AT_type
	.long	.Linfo_string19                 @ DW_AT_name
	.byte	1                               @ DW_AT_byte_size
	.byte	3                               @ DW_AT_decl_file
	.byte	41                              @ DW_AT_decl_line
	.byte	14                              @ Abbrev [14] 0x140:0x6 DW_TAG_enumerator
	.long	.Linfo_string18                 @ DW_AT_name
	.byte	2                               @ DW_AT_const_value
	.byte	0                               @ End Of Children Mark
	.byte	15                              @ Abbrev [15] 0x147:0x45c DW_TAG_enumeration_type
	.long	1443                            @ DW_AT_type
	.long	.Linfo_string189                @ DW_AT_name
	.byte	2                               @ DW_AT_byte_size
	.byte	5                               @ DW_AT_decl_file
	.byte	76                              @ DW_AT_decl_line
	.byte	16                              @ Abbrev [16] 0x153:0x7 DW_TAG_enumerator
	.long	.Linfo_string21                 @ DW_AT_name
	.ascii	"\200\177"                      @ DW_AT_const_value
	.byte	16                              @ Abbrev [16] 0x15a:0x6 DW_TAG_enumerator
	.long	.Linfo_string22                 @ DW_AT_name
	.byte	114                             @ DW_AT_const_value
	.byte	16                              @ Abbrev [16] 0x160:0x6 DW_TAG_enumerator
	.long	.Linfo_string23                 @ DW_AT_name
	.byte	115                             @ DW_AT_const_value
	.byte	16                              @ Abbrev [16] 0x166:0x6 DW_TAG_enumerator
	.long	.Linfo_string24                 @ DW_AT_name
	.byte	116                             @ DW_AT_const_value
	.byte	16                              @ Abbrev [16] 0x16c:0x6 DW_TAG_enumerator
	.long	.Linfo_string25                 @ DW_AT_name
	.byte	117                             @ DW_AT_const_value
	.byte	16                              @ Abbrev [16] 0x172:0x6 DW_TAG_enumerator
	.long	.Linfo_string26                 @ DW_AT_name
	.byte	118                             @ DW_AT_const_value
	.byte	16                              @ Abbrev [16] 0x178:0x6 DW_TAG_enumerator
	.long	.Linfo_string27                 @ DW_AT_name
	.byte	123                             @ DW_AT_const_value
	.byte	16                              @ Abbrev [16] 0x17e:0x6 DW_TAG_enumerator
	.long	.Linfo_string28                 @ DW_AT_name
	.byte	124                             @ DW_AT_const_value
	.byte	16                              @ Abbrev [16] 0x184:0x6 DW_TAG_enumerator
	.long	.Linfo_string29                 @ DW_AT_name
	.byte	126                             @ DW_AT_const_value
	.byte	16                              @ Abbrev [16] 0x18a:0x6 DW_TAG_enumerator
	.long	.Linfo_string30                 @ DW_AT_name
	.byte	127                             @ DW_AT_const_value
	.byte	16                              @ Abbrev [16] 0x190:0x6 DW_TAG_enumerator
	.long	.Linfo_string31                 @ DW_AT_name
	.byte	0                               @ DW_AT_const_value
	.byte	16                              @ Abbrev [16] 0x196:0x6 DW_TAG_enumerator
	.long	.Linfo_string32                 @ DW_AT_name
	.byte	1                               @ DW_AT_const_value
	.byte	16                              @ Abbrev [16] 0x19c:0x6 DW_TAG_enumerator
	.long	.Linfo_string33                 @ DW_AT_name
	.byte	2                               @ DW_AT_const_value
	.byte	16                              @ Abbrev [16] 0x1a2:0x6 DW_TAG_enumerator
	.long	.Linfo_string34                 @ DW_AT_name
	.byte	3                               @ DW_AT_const_value
	.byte	16                              @ Abbrev [16] 0x1a8:0x6 DW_TAG_enumerator
	.long	.Linfo_string35                 @ DW_AT_name
	.byte	4                               @ DW_AT_const_value
	.byte	16                              @ Abbrev [16] 0x1ae:0x6 DW_TAG_enumerator
	.long	.Linfo_string36                 @ DW_AT_name
	.byte	5                               @ DW_AT_const_value
	.byte	16                              @ Abbrev [16] 0x1b4:0x6 DW_TAG_enumerator
	.long	.Linfo_string37                 @ DW_AT_name
	.byte	6                               @ DW_AT_const_value
	.byte	16                              @ Abbrev [16] 0x1ba:0x6 DW_TAG_enumerator
	.long	.Linfo_string38                 @ DW_AT_name
	.byte	7                               @ DW_AT_const_value
	.byte	16                              @ Abbrev [16] 0x1c0:0x6 DW_TAG_enumerator
	.long	.Linfo_string39                 @ DW_AT_name
	.byte	8                               @ DW_AT_const_value
	.byte	16                              @ Abbrev [16] 0x1c6:0x6 DW_TAG_enumerator
	.long	.Linfo_string40                 @ DW_AT_name
	.byte	9                               @ DW_AT_const_value
	.byte	16                              @ Abbrev [16] 0x1cc:0x6 DW_TAG_enumerator
	.long	.Linfo_string41                 @ DW_AT_name
	.byte	10                              @ DW_AT_const_value
	.byte	16                              @ Abbrev [16] 0x1d2:0x6 DW_TAG_enumerator
	.long	.Linfo_string42                 @ DW_AT_name
	.byte	11                              @ DW_AT_const_value
	.byte	16                              @ Abbrev [16] 0x1d8:0x6 DW_TAG_enumerator
	.long	.Linfo_string43                 @ DW_AT_name
	.byte	12                              @ DW_AT_const_value
	.byte	16                              @ Abbrev [16] 0x1de:0x6 DW_TAG_enumerator
	.long	.Linfo_string44                 @ DW_AT_name
	.byte	13                              @ DW_AT_const_value
	.byte	16                              @ Abbrev [16] 0x1e4:0x6 DW_TAG_enumerator
	.long	.Linfo_string45                 @ DW_AT_name
	.byte	14                              @ DW_AT_const_value
	.byte	16                              @ Abbrev [16] 0x1ea:0x6 DW_TAG_enumerator
	.long	.Linfo_string46                 @ DW_AT_name
	.byte	15                              @ DW_AT_const_value
	.byte	16                              @ Abbrev [16] 0x1f0:0x6 DW_TAG_enumerator
	.long	.Linfo_string47                 @ DW_AT_name
	.byte	16                              @ DW_AT_const_value
	.byte	16                              @ Abbrev [16] 0x1f6:0x6 DW_TAG_enumerator
	.long	.Linfo_string48                 @ DW_AT_name
	.byte	17                              @ DW_AT_const_value
	.byte	16                              @ Abbrev [16] 0x1fc:0x6 DW_TAG_enumerator
	.long	.Linfo_string49                 @ DW_AT_name
	.byte	18                              @ DW_AT_const_value
	.byte	16                              @ Abbrev [16] 0x202:0x6 DW_TAG_enumerator
	.long	.Linfo_string50                 @ DW_AT_name
	.byte	19                              @ DW_AT_const_value
	.byte	16                              @ Abbrev [16] 0x208:0x6 DW_TAG_enumerator
	.long	.Linfo_string51                 @ DW_AT_name
	.byte	20                              @ DW_AT_const_value
	.byte	16                              @ Abbrev [16] 0x20e:0x6 DW_TAG_enumerator
	.long	.Linfo_string52                 @ DW_AT_name
	.byte	21                              @ DW_AT_const_value
	.byte	16                              @ Abbrev [16] 0x214:0x6 DW_TAG_enumerator
	.long	.Linfo_string53                 @ DW_AT_name
	.byte	22                              @ DW_AT_const_value
	.byte	16                              @ Abbrev [16] 0x21a:0x6 DW_TAG_enumerator
	.long	.Linfo_string54                 @ DW_AT_name
	.byte	23                              @ DW_AT_const_value
	.byte	16                              @ Abbrev [16] 0x220:0x6 DW_TAG_enumerator
	.long	.Linfo_string55                 @ DW_AT_name
	.byte	24                              @ DW_AT_const_value
	.byte	16                              @ Abbrev [16] 0x226:0x6 DW_TAG_enumerator
	.long	.Linfo_string56                 @ DW_AT_name
	.byte	25                              @ DW_AT_const_value
	.byte	16                              @ Abbrev [16] 0x22c:0x6 DW_TAG_enumerator
	.long	.Linfo_string57                 @ DW_AT_name
	.byte	26                              @ DW_AT_const_value
	.byte	16                              @ Abbrev [16] 0x232:0x6 DW_TAG_enumerator
	.long	.Linfo_string58                 @ DW_AT_name
	.byte	27                              @ DW_AT_const_value
	.byte	16                              @ Abbrev [16] 0x238:0x6 DW_TAG_enumerator
	.long	.Linfo_string59                 @ DW_AT_name
	.byte	28                              @ DW_AT_const_value
	.byte	16                              @ Abbrev [16] 0x23e:0x6 DW_TAG_enumerator
	.long	.Linfo_string60                 @ DW_AT_name
	.byte	29                              @ DW_AT_const_value
	.byte	16                              @ Abbrev [16] 0x244:0x6 DW_TAG_enumerator
	.long	.Linfo_string61                 @ DW_AT_name
	.byte	30                              @ DW_AT_const_value
	.byte	16                              @ Abbrev [16] 0x24a:0x6 DW_TAG_enumerator
	.long	.Linfo_string62                 @ DW_AT_name
	.byte	31                              @ DW_AT_const_value
	.byte	16                              @ Abbrev [16] 0x250:0x6 DW_TAG_enumerator
	.long	.Linfo_string63                 @ DW_AT_name
	.byte	32                              @ DW_AT_const_value
	.byte	16                              @ Abbrev [16] 0x256:0x6 DW_TAG_enumerator
	.long	.Linfo_string64                 @ DW_AT_name
	.byte	33                              @ DW_AT_const_value
	.byte	16                              @ Abbrev [16] 0x25c:0x6 DW_TAG_enumerator
	.long	.Linfo_string65                 @ DW_AT_name
	.byte	34                              @ DW_AT_const_value
	.byte	16                              @ Abbrev [16] 0x262:0x6 DW_TAG_enumerator
	.long	.Linfo_string66                 @ DW_AT_name
	.byte	35                              @ DW_AT_const_value
	.byte	16                              @ Abbrev [16] 0x268:0x6 DW_TAG_enumerator
	.long	.Linfo_string67                 @ DW_AT_name
	.byte	36                              @ DW_AT_const_value
	.byte	16                              @ Abbrev [16] 0x26e:0x6 DW_TAG_enumerator
	.long	.Linfo_string68                 @ DW_AT_name
	.byte	37                              @ DW_AT_const_value
	.byte	16                              @ Abbrev [16] 0x274:0x6 DW_TAG_enumerator
	.long	.Linfo_string69                 @ DW_AT_name
	.byte	38                              @ DW_AT_const_value
	.byte	16                              @ Abbrev [16] 0x27a:0x6 DW_TAG_enumerator
	.long	.Linfo_string70                 @ DW_AT_name
	.byte	39                              @ DW_AT_const_value
	.byte	16                              @ Abbrev [16] 0x280:0x6 DW_TAG_enumerator
	.long	.Linfo_string71                 @ DW_AT_name
	.byte	40                              @ DW_AT_const_value
	.byte	16                              @ Abbrev [16] 0x286:0x6 DW_TAG_enumerator
	.long	.Linfo_string72                 @ DW_AT_name
	.byte	41                              @ DW_AT_const_value
	.byte	16                              @ Abbrev [16] 0x28c:0x6 DW_TAG_enumerator
	.long	.Linfo_string73                 @ DW_AT_name
	.byte	42                              @ DW_AT_const_value
	.byte	16                              @ Abbrev [16] 0x292:0x6 DW_TAG_enumerator
	.long	.Linfo_string74                 @ DW_AT_name
	.byte	43                              @ DW_AT_const_value
	.byte	16                              @ Abbrev [16] 0x298:0x6 DW_TAG_enumerator
	.long	.Linfo_string75                 @ DW_AT_name
	.byte	44                              @ DW_AT_const_value
	.byte	16                              @ Abbrev [16] 0x29e:0x6 DW_TAG_enumerator
	.long	.Linfo_string76                 @ DW_AT_name
	.byte	45                              @ DW_AT_const_value
	.byte	16                              @ Abbrev [16] 0x2a4:0x6 DW_TAG_enumerator
	.long	.Linfo_string77                 @ DW_AT_name
	.byte	46                              @ DW_AT_const_value
	.byte	16                              @ Abbrev [16] 0x2aa:0x6 DW_TAG_enumerator
	.long	.Linfo_string78                 @ DW_AT_name
	.byte	47                              @ DW_AT_const_value
	.byte	16                              @ Abbrev [16] 0x2b0:0x6 DW_TAG_enumerator
	.long	.Linfo_string79                 @ DW_AT_name
	.byte	48                              @ DW_AT_const_value
	.byte	16                              @ Abbrev [16] 0x2b6:0x6 DW_TAG_enumerator
	.long	.Linfo_string80                 @ DW_AT_name
	.byte	49                              @ DW_AT_const_value
	.byte	16                              @ Abbrev [16] 0x2bc:0x6 DW_TAG_enumerator
	.long	.Linfo_string81                 @ DW_AT_name
	.byte	50                              @ DW_AT_const_value
	.byte	16                              @ Abbrev [16] 0x2c2:0x6 DW_TAG_enumerator
	.long	.Linfo_string82                 @ DW_AT_name
	.byte	51                              @ DW_AT_const_value
	.byte	16                              @ Abbrev [16] 0x2c8:0x6 DW_TAG_enumerator
	.long	.Linfo_string83                 @ DW_AT_name
	.byte	52                              @ DW_AT_const_value
	.byte	16                              @ Abbrev [16] 0x2ce:0x6 DW_TAG_enumerator
	.long	.Linfo_string84                 @ DW_AT_name
	.byte	53                              @ DW_AT_const_value
	.byte	16                              @ Abbrev [16] 0x2d4:0x6 DW_TAG_enumerator
	.long	.Linfo_string85                 @ DW_AT_name
	.byte	54                              @ DW_AT_const_value
	.byte	16                              @ Abbrev [16] 0x2da:0x6 DW_TAG_enumerator
	.long	.Linfo_string86                 @ DW_AT_name
	.byte	55                              @ DW_AT_const_value
	.byte	16                              @ Abbrev [16] 0x2e0:0x6 DW_TAG_enumerator
	.long	.Linfo_string87                 @ DW_AT_name
	.byte	56                              @ DW_AT_const_value
	.byte	16                              @ Abbrev [16] 0x2e6:0x6 DW_TAG_enumerator
	.long	.Linfo_string88                 @ DW_AT_name
	.byte	57                              @ DW_AT_const_value
	.byte	16                              @ Abbrev [16] 0x2ec:0x6 DW_TAG_enumerator
	.long	.Linfo_string89                 @ DW_AT_name
	.byte	58                              @ DW_AT_const_value
	.byte	16                              @ Abbrev [16] 0x2f2:0x6 DW_TAG_enumerator
	.long	.Linfo_string90                 @ DW_AT_name
	.byte	59                              @ DW_AT_const_value
	.byte	16                              @ Abbrev [16] 0x2f8:0x6 DW_TAG_enumerator
	.long	.Linfo_string91                 @ DW_AT_name
	.byte	60                              @ DW_AT_const_value
	.byte	16                              @ Abbrev [16] 0x2fe:0x6 DW_TAG_enumerator
	.long	.Linfo_string92                 @ DW_AT_name
	.byte	61                              @ DW_AT_const_value
	.byte	16                              @ Abbrev [16] 0x304:0x6 DW_TAG_enumerator
	.long	.Linfo_string93                 @ DW_AT_name
	.byte	62                              @ DW_AT_const_value
	.byte	16                              @ Abbrev [16] 0x30a:0x6 DW_TAG_enumerator
	.long	.Linfo_string94                 @ DW_AT_name
	.byte	63                              @ DW_AT_const_value
	.byte	16                              @ Abbrev [16] 0x310:0x7 DW_TAG_enumerator
	.long	.Linfo_string95                 @ DW_AT_name
	.asciz	"\300"                          @ DW_AT_const_value
	.byte	16                              @ Abbrev [16] 0x317:0x7 DW_TAG_enumerator
	.long	.Linfo_string96                 @ DW_AT_name
	.asciz	"\301"                          @ DW_AT_const_value
	.byte	16                              @ Abbrev [16] 0x31e:0x7 DW_TAG_enumerator
	.long	.Linfo_string97                 @ DW_AT_name
	.asciz	"\302"                          @ DW_AT_const_value
	.byte	16                              @ Abbrev [16] 0x325:0x7 DW_TAG_enumerator
	.long	.Linfo_string98                 @ DW_AT_name
	.asciz	"\303"                          @ DW_AT_const_value
	.byte	16                              @ Abbrev [16] 0x32c:0x7 DW_TAG_enumerator
	.long	.Linfo_string99                 @ DW_AT_name
	.asciz	"\304"                          @ DW_AT_const_value
	.byte	16                              @ Abbrev [16] 0x333:0x7 DW_TAG_enumerator
	.long	.Linfo_string100                @ DW_AT_name
	.asciz	"\305"                          @ DW_AT_const_value
	.byte	16                              @ Abbrev [16] 0x33a:0x7 DW_TAG_enumerator
	.long	.Linfo_string101                @ DW_AT_name
	.asciz	"\306"                          @ DW_AT_const_value
	.byte	16                              @ Abbrev [16] 0x341:0x7 DW_TAG_enumerator
	.long	.Linfo_string102                @ DW_AT_name
	.asciz	"\307"                          @ DW_AT_const_value
	.byte	16                              @ Abbrev [16] 0x348:0x7 DW_TAG_enumerator
	.long	.Linfo_string103                @ DW_AT_name
	.asciz	"\310"                          @ DW_AT_const_value
	.byte	16                              @ Abbrev [16] 0x34f:0x7 DW_TAG_enumerator
	.long	.Linfo_string104                @ DW_AT_name
	.asciz	"\311"                          @ DW_AT_const_value
	.byte	16                              @ Abbrev [16] 0x356:0x7 DW_TAG_enumerator
	.long	.Linfo_string105                @ DW_AT_name
	.asciz	"\312"                          @ DW_AT_const_value
	.byte	16                              @ Abbrev [16] 0x35d:0x7 DW_TAG_enumerator
	.long	.Linfo_string106                @ DW_AT_name
	.asciz	"\313"                          @ DW_AT_const_value
	.byte	16                              @ Abbrev [16] 0x364:0x7 DW_TAG_enumerator
	.long	.Linfo_string107                @ DW_AT_name
	.asciz	"\314"                          @ DW_AT_const_value
	.byte	16                              @ Abbrev [16] 0x36b:0x7 DW_TAG_enumerator
	.long	.Linfo_string108                @ DW_AT_name
	.asciz	"\315"                          @ DW_AT_const_value
	.byte	16                              @ Abbrev [16] 0x372:0x7 DW_TAG_enumerator
	.long	.Linfo_string109                @ DW_AT_name
	.asciz	"\316"                          @ DW_AT_const_value
	.byte	16                              @ Abbrev [16] 0x379:0x7 DW_TAG_enumerator
	.long	.Linfo_string110                @ DW_AT_name
	.asciz	"\317"                          @ DW_AT_const_value
	.byte	16                              @ Abbrev [16] 0x380:0x7 DW_TAG_enumerator
	.long	.Linfo_string111                @ DW_AT_name
	.asciz	"\320"                          @ DW_AT_const_value
	.byte	16                              @ Abbrev [16] 0x387:0x7 DW_TAG_enumerator
	.long	.Linfo_string112                @ DW_AT_name
	.asciz	"\321"                          @ DW_AT_const_value
	.byte	16                              @ Abbrev [16] 0x38e:0x7 DW_TAG_enumerator
	.long	.Linfo_string113                @ DW_AT_name
	.asciz	"\322"                          @ DW_AT_const_value
	.byte	16                              @ Abbrev [16] 0x395:0x7 DW_TAG_enumerator
	.long	.Linfo_string114                @ DW_AT_name
	.asciz	"\323"                          @ DW_AT_const_value
	.byte	16                              @ Abbrev [16] 0x39c:0x7 DW_TAG_enumerator
	.long	.Linfo_string115                @ DW_AT_name
	.asciz	"\324"                          @ DW_AT_const_value
	.byte	16                              @ Abbrev [16] 0x3a3:0x7 DW_TAG_enumerator
	.long	.Linfo_string116                @ DW_AT_name
	.asciz	"\325"                          @ DW_AT_const_value
	.byte	16                              @ Abbrev [16] 0x3aa:0x7 DW_TAG_enumerator
	.long	.Linfo_string117                @ DW_AT_name
	.asciz	"\326"                          @ DW_AT_const_value
	.byte	16                              @ Abbrev [16] 0x3b1:0x7 DW_TAG_enumerator
	.long	.Linfo_string118                @ DW_AT_name
	.asciz	"\327"                          @ DW_AT_const_value
	.byte	16                              @ Abbrev [16] 0x3b8:0x7 DW_TAG_enumerator
	.long	.Linfo_string119                @ DW_AT_name
	.asciz	"\330"                          @ DW_AT_const_value
	.byte	16                              @ Abbrev [16] 0x3bf:0x7 DW_TAG_enumerator
	.long	.Linfo_string120                @ DW_AT_name
	.asciz	"\331"                          @ DW_AT_const_value
	.byte	16                              @ Abbrev [16] 0x3c6:0x7 DW_TAG_enumerator
	.long	.Linfo_string121                @ DW_AT_name
	.asciz	"\332"                          @ DW_AT_const_value
	.byte	16                              @ Abbrev [16] 0x3cd:0x7 DW_TAG_enumerator
	.long	.Linfo_string122                @ DW_AT_name
	.asciz	"\333"                          @ DW_AT_const_value
	.byte	16                              @ Abbrev [16] 0x3d4:0x7 DW_TAG_enumerator
	.long	.Linfo_string123                @ DW_AT_name
	.asciz	"\334"                          @ DW_AT_const_value
	.byte	16                              @ Abbrev [16] 0x3db:0x7 DW_TAG_enumerator
	.long	.Linfo_string124                @ DW_AT_name
	.asciz	"\335"                          @ DW_AT_const_value
	.byte	16                              @ Abbrev [16] 0x3e2:0x7 DW_TAG_enumerator
	.long	.Linfo_string125                @ DW_AT_name
	.asciz	"\336"                          @ DW_AT_const_value
	.byte	16                              @ Abbrev [16] 0x3e9:0x7 DW_TAG_enumerator
	.long	.Linfo_string126                @ DW_AT_name
	.asciz	"\337"                          @ DW_AT_const_value
	.byte	16                              @ Abbrev [16] 0x3f0:0x7 DW_TAG_enumerator
	.long	.Linfo_string127                @ DW_AT_name
	.asciz	"\340"                          @ DW_AT_const_value
	.byte	16                              @ Abbrev [16] 0x3f7:0x7 DW_TAG_enumerator
	.long	.Linfo_string128                @ DW_AT_name
	.asciz	"\341"                          @ DW_AT_const_value
	.byte	16                              @ Abbrev [16] 0x3fe:0x7 DW_TAG_enumerator
	.long	.Linfo_string129                @ DW_AT_name
	.asciz	"\342"                          @ DW_AT_const_value
	.byte	16                              @ Abbrev [16] 0x405:0x7 DW_TAG_enumerator
	.long	.Linfo_string130                @ DW_AT_name
	.asciz	"\343"                          @ DW_AT_const_value
	.byte	16                              @ Abbrev [16] 0x40c:0x7 DW_TAG_enumerator
	.long	.Linfo_string131                @ DW_AT_name
	.asciz	"\344"                          @ DW_AT_const_value
	.byte	16                              @ Abbrev [16] 0x413:0x7 DW_TAG_enumerator
	.long	.Linfo_string132                @ DW_AT_name
	.asciz	"\345"                          @ DW_AT_const_value
	.byte	16                              @ Abbrev [16] 0x41a:0x7 DW_TAG_enumerator
	.long	.Linfo_string133                @ DW_AT_name
	.asciz	"\346"                          @ DW_AT_const_value
	.byte	16                              @ Abbrev [16] 0x421:0x7 DW_TAG_enumerator
	.long	.Linfo_string134                @ DW_AT_name
	.asciz	"\347"                          @ DW_AT_const_value
	.byte	16                              @ Abbrev [16] 0x428:0x7 DW_TAG_enumerator
	.long	.Linfo_string135                @ DW_AT_name
	.asciz	"\350"                          @ DW_AT_const_value
	.byte	16                              @ Abbrev [16] 0x42f:0x7 DW_TAG_enumerator
	.long	.Linfo_string136                @ DW_AT_name
	.asciz	"\351"                          @ DW_AT_const_value
	.byte	16                              @ Abbrev [16] 0x436:0x7 DW_TAG_enumerator
	.long	.Linfo_string137                @ DW_AT_name
	.asciz	"\352"                          @ DW_AT_const_value
	.byte	16                              @ Abbrev [16] 0x43d:0x7 DW_TAG_enumerator
	.long	.Linfo_string138                @ DW_AT_name
	.asciz	"\353"                          @ DW_AT_const_value
	.byte	16                              @ Abbrev [16] 0x444:0x7 DW_TAG_enumerator
	.long	.Linfo_string139                @ DW_AT_name
	.asciz	"\354"                          @ DW_AT_const_value
	.byte	16                              @ Abbrev [16] 0x44b:0x7 DW_TAG_enumerator
	.long	.Linfo_string140                @ DW_AT_name
	.asciz	"\355"                          @ DW_AT_const_value
	.byte	16                              @ Abbrev [16] 0x452:0x7 DW_TAG_enumerator
	.long	.Linfo_string141                @ DW_AT_name
	.asciz	"\356"                          @ DW_AT_const_value
	.byte	16                              @ Abbrev [16] 0x459:0x7 DW_TAG_enumerator
	.long	.Linfo_string142                @ DW_AT_name
	.asciz	"\357"                          @ DW_AT_const_value
	.byte	16                              @ Abbrev [16] 0x460:0x7 DW_TAG_enumerator
	.long	.Linfo_string143                @ DW_AT_name
	.asciz	"\360"                          @ DW_AT_const_value
	.byte	16                              @ Abbrev [16] 0x467:0x7 DW_TAG_enumerator
	.long	.Linfo_string144                @ DW_AT_name
	.asciz	"\361"                          @ DW_AT_const_value
	.byte	16                              @ Abbrev [16] 0x46e:0x7 DW_TAG_enumerator
	.long	.Linfo_string145                @ DW_AT_name
	.asciz	"\362"                          @ DW_AT_const_value
	.byte	16                              @ Abbrev [16] 0x475:0x7 DW_TAG_enumerator
	.long	.Linfo_string146                @ DW_AT_name
	.asciz	"\363"                          @ DW_AT_const_value
	.byte	16                              @ Abbrev [16] 0x47c:0x7 DW_TAG_enumerator
	.long	.Linfo_string147                @ DW_AT_name
	.asciz	"\364"                          @ DW_AT_const_value
	.byte	16                              @ Abbrev [16] 0x483:0x7 DW_TAG_enumerator
	.long	.Linfo_string148                @ DW_AT_name
	.asciz	"\365"                          @ DW_AT_const_value
	.byte	16                              @ Abbrev [16] 0x48a:0x7 DW_TAG_enumerator
	.long	.Linfo_string149                @ DW_AT_name
	.asciz	"\366"                          @ DW_AT_const_value
	.byte	16                              @ Abbrev [16] 0x491:0x7 DW_TAG_enumerator
	.long	.Linfo_string150                @ DW_AT_name
	.asciz	"\367"                          @ DW_AT_const_value
	.byte	16                              @ Abbrev [16] 0x498:0x7 DW_TAG_enumerator
	.long	.Linfo_string151                @ DW_AT_name
	.asciz	"\370"                          @ DW_AT_const_value
	.byte	16                              @ Abbrev [16] 0x49f:0x7 DW_TAG_enumerator
	.long	.Linfo_string152                @ DW_AT_name
	.asciz	"\371"                          @ DW_AT_const_value
	.byte	16                              @ Abbrev [16] 0x4a6:0x7 DW_TAG_enumerator
	.long	.Linfo_string153                @ DW_AT_name
	.asciz	"\372"                          @ DW_AT_const_value
	.byte	16                              @ Abbrev [16] 0x4ad:0x7 DW_TAG_enumerator
	.long	.Linfo_string154                @ DW_AT_name
	.asciz	"\373"                          @ DW_AT_const_value
	.byte	16                              @ Abbrev [16] 0x4b4:0x7 DW_TAG_enumerator
	.long	.Linfo_string155                @ DW_AT_name
	.asciz	"\374"                          @ DW_AT_const_value
	.byte	16                              @ Abbrev [16] 0x4bb:0x7 DW_TAG_enumerator
	.long	.Linfo_string156                @ DW_AT_name
	.asciz	"\375"                          @ DW_AT_const_value
	.byte	16                              @ Abbrev [16] 0x4c2:0x7 DW_TAG_enumerator
	.long	.Linfo_string157                @ DW_AT_name
	.asciz	"\376"                          @ DW_AT_const_value
	.byte	16                              @ Abbrev [16] 0x4c9:0x7 DW_TAG_enumerator
	.long	.Linfo_string158                @ DW_AT_name
	.asciz	"\377"                          @ DW_AT_const_value
	.byte	16                              @ Abbrev [16] 0x4d0:0x7 DW_TAG_enumerator
	.long	.Linfo_string159                @ DW_AT_name
	.ascii	"\200\001"                      @ DW_AT_const_value
	.byte	16                              @ Abbrev [16] 0x4d7:0x7 DW_TAG_enumerator
	.long	.Linfo_string160                @ DW_AT_name
	.ascii	"\201\001"                      @ DW_AT_const_value
	.byte	16                              @ Abbrev [16] 0x4de:0x7 DW_TAG_enumerator
	.long	.Linfo_string161                @ DW_AT_name
	.ascii	"\202\001"                      @ DW_AT_const_value
	.byte	16                              @ Abbrev [16] 0x4e5:0x7 DW_TAG_enumerator
	.long	.Linfo_string162                @ DW_AT_name
	.ascii	"\203\001"                      @ DW_AT_const_value
	.byte	16                              @ Abbrev [16] 0x4ec:0x7 DW_TAG_enumerator
	.long	.Linfo_string163                @ DW_AT_name
	.ascii	"\204\001"                      @ DW_AT_const_value
	.byte	16                              @ Abbrev [16] 0x4f3:0x7 DW_TAG_enumerator
	.long	.Linfo_string164                @ DW_AT_name
	.ascii	"\205\001"                      @ DW_AT_const_value
	.byte	16                              @ Abbrev [16] 0x4fa:0x7 DW_TAG_enumerator
	.long	.Linfo_string165                @ DW_AT_name
	.ascii	"\206\001"                      @ DW_AT_const_value
	.byte	16                              @ Abbrev [16] 0x501:0x7 DW_TAG_enumerator
	.long	.Linfo_string166                @ DW_AT_name
	.ascii	"\207\001"                      @ DW_AT_const_value
	.byte	16                              @ Abbrev [16] 0x508:0x7 DW_TAG_enumerator
	.long	.Linfo_string167                @ DW_AT_name
	.ascii	"\210\001"                      @ DW_AT_const_value
	.byte	16                              @ Abbrev [16] 0x50f:0x7 DW_TAG_enumerator
	.long	.Linfo_string168                @ DW_AT_name
	.ascii	"\211\001"                      @ DW_AT_const_value
	.byte	16                              @ Abbrev [16] 0x516:0x7 DW_TAG_enumerator
	.long	.Linfo_string169                @ DW_AT_name
	.ascii	"\212\001"                      @ DW_AT_const_value
	.byte	16                              @ Abbrev [16] 0x51d:0x7 DW_TAG_enumerator
	.long	.Linfo_string170                @ DW_AT_name
	.ascii	"\213\001"                      @ DW_AT_const_value
	.byte	16                              @ Abbrev [16] 0x524:0x7 DW_TAG_enumerator
	.long	.Linfo_string171                @ DW_AT_name
	.ascii	"\214\001"                      @ DW_AT_const_value
	.byte	16                              @ Abbrev [16] 0x52b:0x7 DW_TAG_enumerator
	.long	.Linfo_string172                @ DW_AT_name
	.ascii	"\215\001"                      @ DW_AT_const_value
	.byte	16                              @ Abbrev [16] 0x532:0x7 DW_TAG_enumerator
	.long	.Linfo_string173                @ DW_AT_name
	.ascii	"\216\001"                      @ DW_AT_const_value
	.byte	16                              @ Abbrev [16] 0x539:0x7 DW_TAG_enumerator
	.long	.Linfo_string174                @ DW_AT_name
	.ascii	"\217\001"                      @ DW_AT_const_value
	.byte	16                              @ Abbrev [16] 0x540:0x7 DW_TAG_enumerator
	.long	.Linfo_string175                @ DW_AT_name
	.ascii	"\220\001"                      @ DW_AT_const_value
	.byte	16                              @ Abbrev [16] 0x547:0x7 DW_TAG_enumerator
	.long	.Linfo_string176                @ DW_AT_name
	.ascii	"\221\001"                      @ DW_AT_const_value
	.byte	16                              @ Abbrev [16] 0x54e:0x7 DW_TAG_enumerator
	.long	.Linfo_string177                @ DW_AT_name
	.ascii	"\222\001"                      @ DW_AT_const_value
	.byte	16                              @ Abbrev [16] 0x555:0x7 DW_TAG_enumerator
	.long	.Linfo_string178                @ DW_AT_name
	.ascii	"\223\001"                      @ DW_AT_const_value
	.byte	16                              @ Abbrev [16] 0x55c:0x7 DW_TAG_enumerator
	.long	.Linfo_string179                @ DW_AT_name
	.ascii	"\224\001"                      @ DW_AT_const_value
	.byte	16                              @ Abbrev [16] 0x563:0x7 DW_TAG_enumerator
	.long	.Linfo_string180                @ DW_AT_name
	.ascii	"\225\001"                      @ DW_AT_const_value
	.byte	16                              @ Abbrev [16] 0x56a:0x7 DW_TAG_enumerator
	.long	.Linfo_string181                @ DW_AT_name
	.ascii	"\226\001"                      @ DW_AT_const_value
	.byte	16                              @ Abbrev [16] 0x571:0x7 DW_TAG_enumerator
	.long	.Linfo_string182                @ DW_AT_name
	.ascii	"\227\001"                      @ DW_AT_const_value
	.byte	16                              @ Abbrev [16] 0x578:0x7 DW_TAG_enumerator
	.long	.Linfo_string183                @ DW_AT_name
	.ascii	"\230\001"                      @ DW_AT_const_value
	.byte	16                              @ Abbrev [16] 0x57f:0x7 DW_TAG_enumerator
	.long	.Linfo_string184                @ DW_AT_name
	.ascii	"\231\001"                      @ DW_AT_const_value
	.byte	16                              @ Abbrev [16] 0x586:0x7 DW_TAG_enumerator
	.long	.Linfo_string185                @ DW_AT_name
	.ascii	"\232\001"                      @ DW_AT_const_value
	.byte	16                              @ Abbrev [16] 0x58d:0x7 DW_TAG_enumerator
	.long	.Linfo_string186                @ DW_AT_name
	.ascii	"\233\001"                      @ DW_AT_const_value
	.byte	16                              @ Abbrev [16] 0x594:0x7 DW_TAG_enumerator
	.long	.Linfo_string187                @ DW_AT_name
	.ascii	"\234\001"                      @ DW_AT_const_value
	.byte	16                              @ Abbrev [16] 0x59b:0x7 DW_TAG_enumerator
	.long	.Linfo_string188                @ DW_AT_name
	.ascii	"\235\001"                      @ DW_AT_const_value
	.byte	0                               @ End Of Children Mark
	.byte	8                               @ Abbrev [8] 0x5a3:0x7 DW_TAG_base_type
	.long	.Linfo_string20                 @ DW_AT_name
	.byte	5                               @ DW_AT_encoding
	.byte	2                               @ DW_AT_byte_size
	.byte	13                              @ Abbrev [13] 0x5aa:0x3f DW_TAG_enumeration_type
	.long	136                             @ DW_AT_type
	.byte	1                               @ DW_AT_byte_size
	.byte	6                               @ DW_AT_decl_file
	.byte	203                             @ DW_AT_decl_line
	.byte	14                              @ Abbrev [14] 0x5b2:0x6 DW_TAG_enumerator
	.long	.Linfo_string190                @ DW_AT_name
	.byte	0                               @ DW_AT_const_value
	.byte	14                              @ Abbrev [14] 0x5b8:0x6 DW_TAG_enumerator
	.long	.Linfo_string191                @ DW_AT_name
	.byte	1                               @ DW_AT_const_value
	.byte	14                              @ Abbrev [14] 0x5be:0x6 DW_TAG_enumerator
	.long	.Linfo_string192                @ DW_AT_name
	.byte	2                               @ DW_AT_const_value
	.byte	14                              @ Abbrev [14] 0x5c4:0x6 DW_TAG_enumerator
	.long	.Linfo_string193                @ DW_AT_name
	.byte	3                               @ DW_AT_const_value
	.byte	14                              @ Abbrev [14] 0x5ca:0x6 DW_TAG_enumerator
	.long	.Linfo_string194                @ DW_AT_name
	.byte	4                               @ DW_AT_const_value
	.byte	14                              @ Abbrev [14] 0x5d0:0x6 DW_TAG_enumerator
	.long	.Linfo_string195                @ DW_AT_name
	.byte	5                               @ DW_AT_const_value
	.byte	14                              @ Abbrev [14] 0x5d6:0x6 DW_TAG_enumerator
	.long	.Linfo_string196                @ DW_AT_name
	.byte	6                               @ DW_AT_const_value
	.byte	14                              @ Abbrev [14] 0x5dc:0x6 DW_TAG_enumerator
	.long	.Linfo_string197                @ DW_AT_name
	.byte	7                               @ DW_AT_const_value
	.byte	14                              @ Abbrev [14] 0x5e2:0x6 DW_TAG_enumerator
	.long	.Linfo_string198                @ DW_AT_name
	.byte	8                               @ DW_AT_const_value
	.byte	0                               @ End Of Children Mark
	.byte	17                              @ Abbrev [17] 0x5e9:0x5 DW_TAG_pointer_type
	.long	1518                            @ DW_AT_type
	.byte	18                              @ Abbrev [18] 0x5ee:0xc DW_TAG_typedef
	.long	1530                            @ DW_AT_type
	.long	.Linfo_string212                @ DW_AT_name
	.byte	5                               @ DW_AT_decl_file
	.short	35551                           @ DW_AT_decl_line
	.byte	19                              @ Abbrev [19] 0x5fa:0x90 DW_TAG_structure_type
	.short	320                             @ DW_AT_byte_size
	.byte	5                               @ DW_AT_decl_file
	.short	35539                           @ DW_AT_decl_line
	.byte	20                              @ Abbrev [20] 0x600:0xd DW_TAG_member
	.long	.Linfo_string199                @ DW_AT_name
	.long	1674                            @ DW_AT_type
	.byte	5                               @ DW_AT_decl_file
	.short	35540                           @ DW_AT_decl_line
	.byte	0                               @ DW_AT_data_member_location
	.byte	20                              @ Abbrev [20] 0x60d:0xd DW_TAG_member
	.long	.Linfo_string202                @ DW_AT_name
	.long	1697                            @ DW_AT_type
	.byte	5                               @ DW_AT_decl_file
	.short	35541                           @ DW_AT_decl_line
	.byte	4                               @ DW_AT_data_member_location
	.byte	20                              @ Abbrev [20] 0x61a:0xd DW_TAG_member
	.long	.Linfo_string204                @ DW_AT_name
	.long	1720                            @ DW_AT_type
	.byte	5                               @ DW_AT_decl_file
	.short	35542                           @ DW_AT_decl_line
	.byte	224                             @ DW_AT_data_member_location
	.byte	20                              @ Abbrev [20] 0x627:0xd DW_TAG_member
	.long	.Linfo_string205                @ DW_AT_name
	.long	1720                            @ DW_AT_type
	.byte	5                               @ DW_AT_decl_file
	.short	35543                           @ DW_AT_decl_line
	.byte	228                             @ DW_AT_data_member_location
	.byte	20                              @ Abbrev [20] 0x634:0xd DW_TAG_member
	.long	.Linfo_string206                @ DW_AT_name
	.long	1725                            @ DW_AT_type
	.byte	5                               @ DW_AT_decl_file
	.short	35544                           @ DW_AT_decl_line
	.byte	232                             @ DW_AT_data_member_location
	.byte	21                              @ Abbrev [21] 0x641:0xe DW_TAG_member
	.long	.Linfo_string207                @ DW_AT_name
	.long	1737                            @ DW_AT_type
	.byte	5                               @ DW_AT_decl_file
	.short	35550                           @ DW_AT_decl_line
	.short	256                             @ DW_AT_data_member_location
	.byte	22                              @ Abbrev [22] 0x64f:0x3a DW_TAG_structure_type
	.byte	16                              @ DW_AT_byte_size
	.byte	5                               @ DW_AT_decl_file
	.short	35545                           @ DW_AT_decl_line
	.byte	20                              @ Abbrev [20] 0x654:0xd DW_TAG_member
	.long	.Linfo_string208                @ DW_AT_name
	.long	1674                            @ DW_AT_type
	.byte	5                               @ DW_AT_decl_file
	.short	35546                           @ DW_AT_decl_line
	.byte	0                               @ DW_AT_data_member_location
	.byte	20                              @ Abbrev [20] 0x661:0xd DW_TAG_member
	.long	.Linfo_string209                @ DW_AT_name
	.long	1720                            @ DW_AT_type
	.byte	5                               @ DW_AT_decl_file
	.short	35547                           @ DW_AT_decl_line
	.byte	4                               @ DW_AT_data_member_location
	.byte	20                              @ Abbrev [20] 0x66e:0xd DW_TAG_member
	.long	.Linfo_string210                @ DW_AT_name
	.long	1674                            @ DW_AT_type
	.byte	5                               @ DW_AT_decl_file
	.short	35548                           @ DW_AT_decl_line
	.byte	8                               @ DW_AT_data_member_location
	.byte	20                              @ Abbrev [20] 0x67b:0xd DW_TAG_member
	.long	.Linfo_string211                @ DW_AT_name
	.long	1674                            @ DW_AT_type
	.byte	5                               @ DW_AT_decl_file
	.short	35549                           @ DW_AT_decl_line
	.byte	12                              @ DW_AT_data_member_location
	.byte	0                               @ End Of Children Mark
	.byte	0                               @ End Of Children Mark
	.byte	23                              @ Abbrev [23] 0x68a:0x5 DW_TAG_volatile_type
	.long	1679                            @ DW_AT_type
	.byte	7                               @ Abbrev [7] 0x68f:0xb DW_TAG_typedef
	.long	1690                            @ DW_AT_type
	.long	.Linfo_string201                @ DW_AT_name
	.byte	7                               @ DW_AT_decl_file
	.byte	64                              @ DW_AT_decl_line
	.byte	8                               @ Abbrev [8] 0x69a:0x7 DW_TAG_base_type
	.long	.Linfo_string200                @ DW_AT_name
	.byte	7                               @ DW_AT_encoding
	.byte	4                               @ DW_AT_byte_size
	.byte	10                              @ Abbrev [10] 0x6a1:0xc DW_TAG_array_type
	.long	1709                            @ DW_AT_type
	.byte	11                              @ Abbrev [11] 0x6a6:0x6 DW_TAG_subrange_type
	.long	175                             @ DW_AT_type
	.byte	220                             @ DW_AT_count
	.byte	0                               @ End Of Children Mark
	.byte	7                               @ Abbrev [7] 0x6ad:0xb DW_TAG_typedef
	.long	136                             @ DW_AT_type
	.long	.Linfo_string203                @ DW_AT_name
	.byte	7                               @ DW_AT_decl_file
	.byte	62                              @ DW_AT_decl_line
	.byte	24                              @ Abbrev [24] 0x6b8:0x5 DW_TAG_const_type
	.long	1674                            @ DW_AT_type
	.byte	10                              @ Abbrev [10] 0x6bd:0xc DW_TAG_array_type
	.long	1709                            @ DW_AT_type
	.byte	11                              @ Abbrev [11] 0x6c2:0x6 DW_TAG_subrange_type
	.long	175                             @ DW_AT_type
	.byte	24                              @ DW_AT_count
	.byte	0                               @ End Of Children Mark
	.byte	10                              @ Abbrev [10] 0x6c9:0xc DW_TAG_array_type
	.long	1615                            @ DW_AT_type
	.byte	11                              @ Abbrev [11] 0x6ce:0x6 DW_TAG_subrange_type
	.long	175                             @ DW_AT_type
	.byte	4                               @ DW_AT_count
	.byte	0                               @ End Of Children Mark
	.byte	7                               @ Abbrev [7] 0x6d5:0xb DW_TAG_typedef
	.long	271                             @ DW_AT_type
	.long	.Linfo_string213                @ DW_AT_name
	.byte	3                               @ DW_AT_decl_file
	.byte	38                              @ DW_AT_decl_line
	.byte	7                               @ Abbrev [7] 0x6e0:0xb DW_TAG_typedef
	.long	1771                            @ DW_AT_type
	.long	.Linfo_string215                @ DW_AT_name
	.byte	7                               @ DW_AT_decl_file
	.byte	58                              @ DW_AT_decl_line
	.byte	8                               @ Abbrev [8] 0x6eb:0x7 DW_TAG_base_type
	.long	.Linfo_string214                @ DW_AT_name
	.byte	5                               @ DW_AT_encoding
	.byte	4                               @ DW_AT_byte_size
	.byte	17                              @ Abbrev [17] 0x6f2:0x5 DW_TAG_pointer_type
	.long	1783                            @ DW_AT_type
	.byte	18                              @ Abbrev [18] 0x6f7:0xc DW_TAG_typedef
	.long	1795                            @ DW_AT_type
	.long	.Linfo_string229                @ DW_AT_name
	.byte	8                               @ DW_AT_decl_file
	.short	436                             @ DW_AT_decl_line
	.byte	19                              @ Abbrev [19] 0x703:0xb9 DW_TAG_structure_type
	.short	3588                            @ DW_AT_byte_size
	.byte	8                               @ DW_AT_decl_file
	.short	421                             @ DW_AT_decl_line
	.byte	20                              @ Abbrev [20] 0x709:0xd DW_TAG_member
	.long	.Linfo_string216                @ DW_AT_name
	.long	1980                            @ DW_AT_type
	.byte	8                               @ DW_AT_decl_file
	.short	423                             @ DW_AT_decl_line
	.byte	0                               @ DW_AT_data_member_location
	.byte	20                              @ Abbrev [20] 0x716:0xd DW_TAG_member
	.long	.Linfo_string217                @ DW_AT_name
	.long	1992                            @ DW_AT_type
	.byte	8                               @ DW_AT_decl_file
	.short	424                             @ DW_AT_decl_line
	.byte	32                              @ DW_AT_data_member_location
	.byte	20                              @ Abbrev [20] 0x723:0xd DW_TAG_member
	.long	.Linfo_string218                @ DW_AT_name
	.long	1980                            @ DW_AT_type
	.byte	8                               @ DW_AT_decl_file
	.short	425                             @ DW_AT_decl_line
	.byte	128                             @ DW_AT_data_member_location
	.byte	20                              @ Abbrev [20] 0x730:0xd DW_TAG_member
	.long	.Linfo_string219                @ DW_AT_name
	.long	1992                            @ DW_AT_type
	.byte	8                               @ DW_AT_decl_file
	.short	426                             @ DW_AT_decl_line
	.byte	160                             @ DW_AT_data_member_location
	.byte	21                              @ Abbrev [21] 0x73d:0xe DW_TAG_member
	.long	.Linfo_string220                @ DW_AT_name
	.long	1980                            @ DW_AT_type
	.byte	8                               @ DW_AT_decl_file
	.short	427                             @ DW_AT_decl_line
	.short	256                             @ DW_AT_data_member_location
	.byte	21                              @ Abbrev [21] 0x74b:0xe DW_TAG_member
	.long	.Linfo_string221                @ DW_AT_name
	.long	1992                            @ DW_AT_type
	.byte	8                               @ DW_AT_decl_file
	.short	428                             @ DW_AT_decl_line
	.short	288                             @ DW_AT_data_member_location
	.byte	21                              @ Abbrev [21] 0x759:0xe DW_TAG_member
	.long	.Linfo_string222                @ DW_AT_name
	.long	1980                            @ DW_AT_type
	.byte	8                               @ DW_AT_decl_file
	.short	429                             @ DW_AT_decl_line
	.short	384                             @ DW_AT_data_member_location
	.byte	21                              @ Abbrev [21] 0x767:0xe DW_TAG_member
	.long	.Linfo_string223                @ DW_AT_name
	.long	1992                            @ DW_AT_type
	.byte	8                               @ DW_AT_decl_file
	.short	430                             @ DW_AT_decl_line
	.short	416                             @ DW_AT_data_member_location
	.byte	21                              @ Abbrev [21] 0x775:0xe DW_TAG_member
	.long	.Linfo_string224                @ DW_AT_name
	.long	1980                            @ DW_AT_type
	.byte	8                               @ DW_AT_decl_file
	.short	431                             @ DW_AT_decl_line
	.short	512                             @ DW_AT_data_member_location
	.byte	21                              @ Abbrev [21] 0x783:0xe DW_TAG_member
	.long	.Linfo_string225                @ DW_AT_name
	.long	2004                            @ DW_AT_type
	.byte	8                               @ DW_AT_decl_file
	.short	432                             @ DW_AT_decl_line
	.short	544                             @ DW_AT_data_member_location
	.byte	21                              @ Abbrev [21] 0x791:0xe DW_TAG_member
	.long	.Linfo_string226                @ DW_AT_name
	.long	2016                            @ DW_AT_type
	.byte	8                               @ DW_AT_decl_file
	.short	433                             @ DW_AT_decl_line
	.short	768                             @ DW_AT_data_member_location
	.byte	21                              @ Abbrev [21] 0x79f:0xe DW_TAG_member
	.long	.Linfo_string227                @ DW_AT_name
	.long	2033                            @ DW_AT_type
	.byte	8                               @ DW_AT_decl_file
	.short	434                             @ DW_AT_decl_line
	.short	1008                            @ DW_AT_data_member_location
	.byte	21                              @ Abbrev [21] 0x7ad:0xe DW_TAG_member
	.long	.Linfo_string228                @ DW_AT_name
	.long	1674                            @ DW_AT_type
	.byte	8                               @ DW_AT_decl_file
	.short	435                             @ DW_AT_decl_line
	.short	3584                            @ DW_AT_data_member_location
	.byte	0                               @ End Of Children Mark
	.byte	10                              @ Abbrev [10] 0x7bc:0xc DW_TAG_array_type
	.long	1674                            @ DW_AT_type
	.byte	11                              @ Abbrev [11] 0x7c1:0x6 DW_TAG_subrange_type
	.long	175                             @ DW_AT_type
	.byte	8                               @ DW_AT_count
	.byte	0                               @ End Of Children Mark
	.byte	10                              @ Abbrev [10] 0x7c8:0xc DW_TAG_array_type
	.long	1679                            @ DW_AT_type
	.byte	11                              @ Abbrev [11] 0x7cd:0x6 DW_TAG_subrange_type
	.long	175                             @ DW_AT_type
	.byte	24                              @ DW_AT_count
	.byte	0                               @ End Of Children Mark
	.byte	10                              @ Abbrev [10] 0x7d4:0xc DW_TAG_array_type
	.long	1679                            @ DW_AT_type
	.byte	11                              @ Abbrev [11] 0x7d9:0x6 DW_TAG_subrange_type
	.long	175                             @ DW_AT_type
	.byte	56                              @ DW_AT_count
	.byte	0                               @ End Of Children Mark
	.byte	10                              @ Abbrev [10] 0x7e0:0xc DW_TAG_array_type
	.long	2028                            @ DW_AT_type
	.byte	11                              @ Abbrev [11] 0x7e5:0x6 DW_TAG_subrange_type
	.long	175                             @ DW_AT_type
	.byte	240                             @ DW_AT_count
	.byte	0                               @ End Of Children Mark
	.byte	23                              @ Abbrev [23] 0x7ec:0x5 DW_TAG_volatile_type
	.long	1709                            @ DW_AT_type
	.byte	10                              @ Abbrev [10] 0x7f1:0xd DW_TAG_array_type
	.long	1679                            @ DW_AT_type
	.byte	25                              @ Abbrev [25] 0x7f6:0x7 DW_TAG_subrange_type
	.long	175                             @ DW_AT_type
	.short	644                             @ DW_AT_count
	.byte	0                               @ End Of Children Mark
	.byte	2                               @ Abbrev [2] 0x7fe:0x20 DW_TAG_subprogram
	.long	.Lfunc_begin0                   @ DW_AT_low_pc
	.long	.Lfunc_end0-.Lfunc_begin0       @ DW_AT_high_pc
	.byte	1                               @ DW_AT_frame_base
	.byte	93
	.long	.Linfo_string230                @ DW_AT_name
	.byte	2                               @ DW_AT_decl_file
	.byte	50                              @ DW_AT_decl_line
                                        @ DW_AT_prototyped
                                        @ DW_AT_external
	.byte	4                               @ Abbrev [4] 0x80f:0xe DW_TAG_formal_parameter
	.byte	2                               @ DW_AT_location
	.byte	145
	.byte	7
	.long	.Linfo_string242                @ DW_AT_name
	.byte	2                               @ DW_AT_decl_file
	.byte	50                              @ DW_AT_decl_line
	.long	2518                            @ DW_AT_type
	.byte	0                               @ End Of Children Mark
	.byte	26                              @ Abbrev [26] 0x81e:0x31 DW_TAG_subprogram
	.long	.Lfunc_begin1                   @ DW_AT_low_pc
	.long	.Lfunc_end1-.Lfunc_begin1       @ DW_AT_high_pc
	.byte	1                               @ DW_AT_frame_base
	.byte	93
	.long	.Linfo_string231                @ DW_AT_name
	.byte	3                               @ DW_AT_decl_file
	.short	288                             @ DW_AT_decl_line
                                        @ DW_AT_prototyped
	.byte	27                              @ Abbrev [27] 0x830:0xf DW_TAG_formal_parameter
	.byte	2                               @ DW_AT_location
	.byte	145
	.byte	4
	.long	.Linfo_string244                @ DW_AT_name
	.byte	3                               @ DW_AT_decl_file
	.short	288                             @ DW_AT_decl_line
	.long	1513                            @ DW_AT_type
	.byte	27                              @ Abbrev [27] 0x83f:0xf DW_TAG_formal_parameter
	.byte	2                               @ DW_AT_location
	.byte	145
	.byte	3
	.long	.Linfo_string245                @ DW_AT_name
	.byte	3                               @ DW_AT_decl_file
	.short	288                             @ DW_AT_decl_line
	.long	1749                            @ DW_AT_type
	.byte	0                               @ End Of Children Mark
	.byte	2                               @ Abbrev [2] 0x84f:0x20 DW_TAG_subprogram
	.long	.Lfunc_begin2                   @ DW_AT_low_pc
	.long	.Lfunc_end2-.Lfunc_begin2       @ DW_AT_high_pc
	.byte	1                               @ DW_AT_frame_base
	.byte	93
	.long	.Linfo_string232                @ DW_AT_name
	.byte	2                               @ DW_AT_decl_file
	.byte	62                              @ DW_AT_decl_line
                                        @ DW_AT_prototyped
                                        @ DW_AT_external
	.byte	4                               @ Abbrev [4] 0x860:0xe DW_TAG_formal_parameter
	.byte	2                               @ DW_AT_location
	.byte	145
	.byte	7
	.long	.Linfo_string242                @ DW_AT_name
	.byte	2                               @ DW_AT_decl_file
	.byte	62                              @ DW_AT_decl_line
	.long	2518                            @ DW_AT_type
	.byte	0                               @ End Of Children Mark
	.byte	26                              @ Abbrev [26] 0x86f:0x31 DW_TAG_subprogram
	.long	.Lfunc_begin3                   @ DW_AT_low_pc
	.long	.Lfunc_end3-.Lfunc_begin3       @ DW_AT_high_pc
	.byte	1                               @ DW_AT_frame_base
	.byte	93
	.long	.Linfo_string233                @ DW_AT_name
	.byte	3                               @ DW_AT_decl_file
	.short	302                             @ DW_AT_decl_line
                                        @ DW_AT_prototyped
	.byte	27                              @ Abbrev [27] 0x881:0xf DW_TAG_formal_parameter
	.byte	2                               @ DW_AT_location
	.byte	145
	.byte	4
	.long	.Linfo_string244                @ DW_AT_name
	.byte	3                               @ DW_AT_decl_file
	.short	302                             @ DW_AT_decl_line
	.long	1513                            @ DW_AT_type
	.byte	27                              @ Abbrev [27] 0x890:0xf DW_TAG_formal_parameter
	.byte	2                               @ DW_AT_location
	.byte	145
	.byte	3
	.long	.Linfo_string245                @ DW_AT_name
	.byte	3                               @ DW_AT_decl_file
	.short	302                             @ DW_AT_decl_line
	.long	1749                            @ DW_AT_type
	.byte	0                               @ End Of Children Mark
	.byte	28                              @ Abbrev [28] 0x8a0:0x20 DW_TAG_subprogram
	.long	.Lfunc_begin5                   @ DW_AT_low_pc
	.long	.Lfunc_end5-.Lfunc_begin5       @ DW_AT_high_pc
	.byte	1                               @ DW_AT_frame_base
	.byte	93
	.long	.Linfo_string235                @ DW_AT_name
	.byte	3                               @ DW_AT_decl_file
	.byte	105                             @ DW_AT_decl_line
                                        @ DW_AT_prototyped
	.byte	4                               @ Abbrev [4] 0x8b1:0xe DW_TAG_formal_parameter
	.byte	2                               @ DW_AT_location
	.byte	145
	.byte	4
	.long	.Linfo_string253                @ DW_AT_name
	.byte	3                               @ DW_AT_decl_file
	.byte	105                             @ DW_AT_decl_line
	.long	2579                            @ DW_AT_type
	.byte	0                               @ End Of Children Mark
	.byte	28                              @ Abbrev [28] 0x8c0:0x3c DW_TAG_subprogram
	.long	.Lfunc_begin6                   @ DW_AT_low_pc
	.long	.Lfunc_end6-.Lfunc_begin6       @ DW_AT_high_pc
	.byte	1                               @ DW_AT_frame_base
	.byte	93
	.long	.Linfo_string236                @ DW_AT_name
	.byte	3                               @ DW_AT_decl_file
	.byte	246                             @ DW_AT_decl_line
                                        @ DW_AT_prototyped
	.byte	4                               @ Abbrev [4] 0x8d1:0xe DW_TAG_formal_parameter
	.byte	2                               @ DW_AT_location
	.byte	145
	.byte	12
	.long	.Linfo_string244                @ DW_AT_name
	.byte	3                               @ DW_AT_decl_file
	.byte	246                             @ DW_AT_decl_line
	.long	1513                            @ DW_AT_type
	.byte	4                               @ Abbrev [4] 0x8df:0xe DW_TAG_formal_parameter
	.byte	2                               @ DW_AT_location
	.byte	145
	.byte	11
	.long	.Linfo_string245                @ DW_AT_name
	.byte	3                               @ DW_AT_decl_file
	.byte	246                             @ DW_AT_decl_line
	.long	1749                            @ DW_AT_type
	.byte	4                               @ Abbrev [4] 0x8ed:0xe DW_TAG_formal_parameter
	.byte	2                               @ DW_AT_location
	.byte	145
	.byte	4
	.long	.Linfo_string254                @ DW_AT_name
	.byte	3                               @ DW_AT_decl_file
	.byte	246                             @ DW_AT_decl_line
	.long	1679                            @ DW_AT_type
	.byte	0                               @ End Of Children Mark
	.byte	28                              @ Abbrev [28] 0x8fc:0x3c DW_TAG_subprogram
	.long	.Lfunc_begin7                   @ DW_AT_low_pc
	.long	.Lfunc_end7-.Lfunc_begin7       @ DW_AT_high_pc
	.byte	1                               @ DW_AT_frame_base
	.byte	93
	.long	.Linfo_string237                @ DW_AT_name
	.byte	3                               @ DW_AT_decl_file
	.byte	159                             @ DW_AT_decl_line
                                        @ DW_AT_prototyped
	.byte	4                               @ Abbrev [4] 0x90d:0xe DW_TAG_formal_parameter
	.byte	2                               @ DW_AT_location
	.byte	145
	.byte	8
	.long	.Linfo_string244                @ DW_AT_name
	.byte	3                               @ DW_AT_decl_file
	.byte	159                             @ DW_AT_decl_line
	.long	1513                            @ DW_AT_type
	.byte	4                               @ Abbrev [4] 0x91b:0xe DW_TAG_formal_parameter
	.byte	2                               @ DW_AT_location
	.byte	145
	.byte	7
	.long	.Linfo_string245                @ DW_AT_name
	.byte	3                               @ DW_AT_decl_file
	.byte	159                             @ DW_AT_decl_line
	.long	1749                            @ DW_AT_type
	.byte	4                               @ Abbrev [4] 0x929:0xe DW_TAG_formal_parameter
	.byte	2                               @ DW_AT_location
	.byte	145
	.byte	0
	.long	.Linfo_string255                @ DW_AT_name
	.byte	3                               @ DW_AT_decl_file
	.byte	159                             @ DW_AT_decl_line
	.long	1679                            @ DW_AT_type
	.byte	0                               @ End Of Children Mark
	.byte	28                              @ Abbrev [28] 0x938:0x3c DW_TAG_subprogram
	.long	.Lfunc_begin8                   @ DW_AT_low_pc
	.long	.Lfunc_end8-.Lfunc_begin8       @ DW_AT_high_pc
	.byte	1                               @ DW_AT_frame_base
	.byte	93
	.long	.Linfo_string238                @ DW_AT_name
	.byte	3                               @ DW_AT_decl_file
	.byte	130                             @ DW_AT_decl_line
                                        @ DW_AT_prototyped
	.byte	4                               @ Abbrev [4] 0x949:0xe DW_TAG_formal_parameter
	.byte	2                               @ DW_AT_location
	.byte	145
	.byte	4
	.long	.Linfo_string244                @ DW_AT_name
	.byte	3                               @ DW_AT_decl_file
	.byte	130                             @ DW_AT_decl_line
	.long	1513                            @ DW_AT_type
	.byte	4                               @ Abbrev [4] 0x957:0xe DW_TAG_formal_parameter
	.byte	2                               @ DW_AT_location
	.byte	145
	.byte	3
	.long	.Linfo_string245                @ DW_AT_name
	.byte	3                               @ DW_AT_decl_file
	.byte	130                             @ DW_AT_decl_line
	.long	1749                            @ DW_AT_type
	.byte	4                               @ Abbrev [4] 0x965:0xe DW_TAG_formal_parameter
	.byte	2                               @ DW_AT_location
	.byte	145
	.byte	2
	.long	.Linfo_string256                @ DW_AT_name
	.byte	3                               @ DW_AT_decl_file
	.byte	130                             @ DW_AT_decl_line
	.long	2572                            @ DW_AT_type
	.byte	0                               @ End Of Children Mark
	.byte	29                              @ Abbrev [29] 0x974:0x35 DW_TAG_subprogram
	.long	.Lfunc_begin9                   @ DW_AT_low_pc
	.long	.Lfunc_end9-.Lfunc_begin9       @ DW_AT_high_pc
	.byte	1                               @ DW_AT_frame_base
	.byte	93
	.long	.Linfo_string239                @ DW_AT_name
	.byte	9                               @ DW_AT_decl_file
	.short	499                             @ DW_AT_decl_line
                                        @ DW_AT_prototyped
	.long	2507                            @ DW_AT_type
	.byte	27                              @ Abbrev [27] 0x98a:0xf DW_TAG_formal_parameter
	.byte	2                               @ DW_AT_location
	.byte	145
	.byte	6
	.long	.Linfo_string257                @ DW_AT_name
	.byte	9                               @ DW_AT_decl_file
	.short	499                             @ DW_AT_decl_line
	.long	2584                            @ DW_AT_type
	.byte	30                              @ Abbrev [30] 0x999:0xf DW_TAG_variable
	.byte	2                               @ DW_AT_location
	.byte	145
	.byte	0
	.long	.Linfo_string259                @ DW_AT_name
	.byte	9                               @ DW_AT_decl_file
	.short	501                             @ DW_AT_decl_line
	.long	2507                            @ DW_AT_type
	.byte	0                               @ End Of Children Mark
	.byte	26                              @ Abbrev [26] 0x9a9:0x22 DW_TAG_subprogram
	.long	.Lfunc_begin10                  @ DW_AT_low_pc
	.long	.Lfunc_end10-.Lfunc_begin10     @ DW_AT_high_pc
	.byte	1                               @ DW_AT_frame_base
	.byte	93
	.long	.Linfo_string241                @ DW_AT_name
	.byte	8                               @ DW_AT_decl_file
	.short	1902                            @ DW_AT_decl_line
                                        @ DW_AT_prototyped
	.byte	27                              @ Abbrev [27] 0x9bb:0xf DW_TAG_formal_parameter
	.byte	2                               @ DW_AT_location
	.byte	145
	.byte	2
	.long	.Linfo_string189                @ DW_AT_name
	.byte	8                               @ DW_AT_decl_file
	.short	1902                            @ DW_AT_decl_line
	.long	2584                            @ DW_AT_type
	.byte	0                               @ End Of Children Mark
	.byte	7                               @ Abbrev [7] 0x9cb:0xb DW_TAG_typedef
	.long	1760                            @ DW_AT_type
	.long	.Linfo_string240                @ DW_AT_name
	.byte	6                               @ DW_AT_decl_file
	.byte	219                             @ DW_AT_decl_line
	.byte	7                               @ Abbrev [7] 0x9d6:0xb DW_TAG_typedef
	.long	232                             @ DW_AT_type
	.long	.Linfo_string243                @ DW_AT_name
	.byte	4                               @ DW_AT_decl_file
	.byte	49                              @ DW_AT_decl_line
	.byte	7                               @ Abbrev [7] 0x9e1:0xb DW_TAG_typedef
	.long	1690                            @ DW_AT_type
	.long	.Linfo_string247                @ DW_AT_name
	.byte	1                               @ DW_AT_decl_file
	.byte	57                              @ DW_AT_decl_line
	.byte	7                               @ Abbrev [7] 0x9ec:0xb DW_TAG_typedef
	.long	2551                            @ DW_AT_type
	.long	.Linfo_string252                @ DW_AT_name
	.byte	3                               @ DW_AT_decl_file
	.byte	64                              @ DW_AT_decl_line
	.byte	31                              @ Abbrev [31] 0x9f7:0x15 DW_TAG_structure_type
	.long	.Linfo_string251                @ DW_AT_name
	.byte	1                               @ DW_AT_byte_size
	.byte	3                               @ DW_AT_decl_file
	.byte	61                              @ DW_AT_decl_line
	.byte	32                              @ Abbrev [32] 0x9ff:0xc DW_TAG_member
	.long	.Linfo_string249                @ DW_AT_name
	.long	2572                            @ DW_AT_type
	.byte	3                               @ DW_AT_decl_file
	.byte	63                              @ DW_AT_decl_line
	.byte	0                               @ DW_AT_data_member_location
	.byte	0                               @ End Of Children Mark
	.byte	8                               @ Abbrev [8] 0xa0c:0x7 DW_TAG_base_type
	.long	.Linfo_string250                @ DW_AT_name
	.byte	2                               @ DW_AT_encoding
	.byte	1                               @ DW_AT_byte_size
	.byte	17                              @ Abbrev [17] 0xa13:0x5 DW_TAG_pointer_type
	.long	2540                            @ DW_AT_type
	.byte	7                               @ Abbrev [7] 0xa18:0xb DW_TAG_typedef
	.long	327                             @ DW_AT_type
	.long	.Linfo_string258                @ DW_AT_name
	.byte	5                               @ DW_AT_decl_file
	.byte	250                             @ DW_AT_decl_line
	.byte	0                               @ End Of Children Mark
.Ldebug_info_end0:
	.section	.debug_ranges,"",%progbits
.Ldebug_ranges0:
	.long	.Lfunc_begin0
	.long	.Lfunc_end0
	.long	.Lfunc_begin1
	.long	.Lfunc_end1
	.long	.Lfunc_begin2
	.long	.Lfunc_end2
	.long	.Lfunc_begin3
	.long	.Lfunc_end3
	.long	.Lfunc_begin4
	.long	.Lfunc_end4
	.long	.Lfunc_begin5
	.long	.Lfunc_end5
	.long	.Lfunc_begin6
	.long	.Lfunc_end6
	.long	.Lfunc_begin7
	.long	.Lfunc_end7
	.long	.Lfunc_begin8
	.long	.Lfunc_end8
	.long	.Lfunc_begin9
	.long	.Lfunc_end9
	.long	.Lfunc_begin10
	.long	.Lfunc_end10
	.long	0
	.long	0
	.section	.debug_str,"MS",%progbits,1
.Linfo_string0:
	.asciz	"Component: Arm Compiler for Embedded 6.19 Tool: armclang [5e73cb00]" @ string offset=0
.Linfo_string1:
	.asciz	"../../libraries/zf_driver\\zf_driver_pit.c" @ string offset=68
.Linfo_string2:
	.asciz	"E:\\FILE_SMART_CAR\\\346\231\272\350\203\275\350\247\206\350\247\211\\RT1064_Library-master\\RT1064_Library-master\\SeekFree_RT1064_Opensource_Library\\project\\mdk" @ string offset=110
.Linfo_string3:
	.asciz	"init_flag"                     @ string offset=232
.Linfo_string4:
	.asciz	"unsigned char"                 @ string offset=242
.Linfo_string5:
	.asciz	"uint8"                         @ string offset=256
.Linfo_string6:
	.asciz	"char"                          @ string offset=262
.Linfo_string7:
	.asciz	"__ARRAY_SIZE_TYPE__"           @ string offset=267
.Linfo_string8:
	.asciz	"PIT_CH0"                       @ string offset=287
.Linfo_string9:
	.asciz	"PIT_CH1"                       @ string offset=295
.Linfo_string10:
	.asciz	"PIT_CH2"                       @ string offset=303
.Linfo_string11:
	.asciz	"PIT_CH3"                       @ string offset=311
.Linfo_string12:
	.asciz	"PIT_MAX"                       @ string offset=319
.Linfo_string13:
	.asciz	"kPIT_Chnl_0"                   @ string offset=327
.Linfo_string14:
	.asciz	"kPIT_Chnl_1"                   @ string offset=339
.Linfo_string15:
	.asciz	"kPIT_Chnl_2"                   @ string offset=351
.Linfo_string16:
	.asciz	"kPIT_Chnl_3"                   @ string offset=363
.Linfo_string17:
	.asciz	"_pit_chnl"                     @ string offset=375
.Linfo_string18:
	.asciz	"kPIT_TimerInterruptEnable"     @ string offset=385
.Linfo_string19:
	.asciz	"_pit_interrupt_enable"         @ string offset=411
.Linfo_string20:
	.asciz	"short"                         @ string offset=433
.Linfo_string21:
	.asciz	"NotAvail_IRQn"                 @ string offset=439
.Linfo_string22:
	.asciz	"NonMaskableInt_IRQn"           @ string offset=453
.Linfo_string23:
	.asciz	"HardFault_IRQn"                @ string offset=473
.Linfo_string24:
	.asciz	"MemoryManagement_IRQn"         @ string offset=488
.Linfo_string25:
	.asciz	"BusFault_IRQn"                 @ string offset=510
.Linfo_string26:
	.asciz	"UsageFault_IRQn"               @ string offset=524
.Linfo_string27:
	.asciz	"SVCall_IRQn"                   @ string offset=540
.Linfo_string28:
	.asciz	"DebugMonitor_IRQn"             @ string offset=552
.Linfo_string29:
	.asciz	"PendSV_IRQn"                   @ string offset=570
.Linfo_string30:
	.asciz	"SysTick_IRQn"                  @ string offset=582
.Linfo_string31:
	.asciz	"DMA0_DMA16_IRQn"               @ string offset=595
.Linfo_string32:
	.asciz	"DMA1_DMA17_IRQn"               @ string offset=611
.Linfo_string33:
	.asciz	"DMA2_DMA18_IRQn"               @ string offset=627
.Linfo_string34:
	.asciz	"DMA3_DMA19_IRQn"               @ string offset=643
.Linfo_string35:
	.asciz	"DMA4_DMA20_IRQn"               @ string offset=659
.Linfo_string36:
	.asciz	"DMA5_DMA21_IRQn"               @ string offset=675
.Linfo_string37:
	.asciz	"DMA6_DMA22_IRQn"               @ string offset=691
.Linfo_string38:
	.asciz	"DMA7_DMA23_IRQn"               @ string offset=707
.Linfo_string39:
	.asciz	"DMA8_DMA24_IRQn"               @ string offset=723
.Linfo_string40:
	.asciz	"DMA9_DMA25_IRQn"               @ string offset=739
.Linfo_string41:
	.asciz	"DMA10_DMA26_IRQn"              @ string offset=755
.Linfo_string42:
	.asciz	"DMA11_DMA27_IRQn"              @ string offset=772
.Linfo_string43:
	.asciz	"DMA12_DMA28_IRQn"              @ string offset=789
.Linfo_string44:
	.asciz	"DMA13_DMA29_IRQn"              @ string offset=806
.Linfo_string45:
	.asciz	"DMA14_DMA30_IRQn"              @ string offset=823
.Linfo_string46:
	.asciz	"DMA15_DMA31_IRQn"              @ string offset=840
.Linfo_string47:
	.asciz	"DMA_ERROR_IRQn"                @ string offset=857
.Linfo_string48:
	.asciz	"CTI0_ERROR_IRQn"               @ string offset=872
.Linfo_string49:
	.asciz	"CTI1_ERROR_IRQn"               @ string offset=888
.Linfo_string50:
	.asciz	"CORE_IRQn"                     @ string offset=904
.Linfo_string51:
	.asciz	"LPUART1_IRQn"                  @ string offset=914
.Linfo_string52:
	.asciz	"LPUART2_IRQn"                  @ string offset=927
.Linfo_string53:
	.asciz	"LPUART3_IRQn"                  @ string offset=940
.Linfo_string54:
	.asciz	"LPUART4_IRQn"                  @ string offset=953
.Linfo_string55:
	.asciz	"LPUART5_IRQn"                  @ string offset=966
.Linfo_string56:
	.asciz	"LPUART6_IRQn"                  @ string offset=979
.Linfo_string57:
	.asciz	"LPUART7_IRQn"                  @ string offset=992
.Linfo_string58:
	.asciz	"LPUART8_IRQn"                  @ string offset=1005
.Linfo_string59:
	.asciz	"LPI2C1_IRQn"                   @ string offset=1018
.Linfo_string60:
	.asciz	"LPI2C2_IRQn"                   @ string offset=1030
.Linfo_string61:
	.asciz	"LPI2C3_IRQn"                   @ string offset=1042
.Linfo_string62:
	.asciz	"LPI2C4_IRQn"                   @ string offset=1054
.Linfo_string63:
	.asciz	"LPSPI1_IRQn"                   @ string offset=1066
.Linfo_string64:
	.asciz	"LPSPI2_IRQn"                   @ string offset=1078
.Linfo_string65:
	.asciz	"LPSPI3_IRQn"                   @ string offset=1090
.Linfo_string66:
	.asciz	"LPSPI4_IRQn"                   @ string offset=1102
.Linfo_string67:
	.asciz	"CAN1_IRQn"                     @ string offset=1114
.Linfo_string68:
	.asciz	"CAN2_IRQn"                     @ string offset=1124
.Linfo_string69:
	.asciz	"FLEXRAM_IRQn"                  @ string offset=1134
.Linfo_string70:
	.asciz	"KPP_IRQn"                      @ string offset=1147
.Linfo_string71:
	.asciz	"TSC_DIG_IRQn"                  @ string offset=1156
.Linfo_string72:
	.asciz	"GPR_IRQ_IRQn"                  @ string offset=1169
.Linfo_string73:
	.asciz	"LCDIF_IRQn"                    @ string offset=1182
.Linfo_string74:
	.asciz	"CSI_IRQn"                      @ string offset=1193
.Linfo_string75:
	.asciz	"PXP_IRQn"                      @ string offset=1202
.Linfo_string76:
	.asciz	"WDOG2_IRQn"                    @ string offset=1211
.Linfo_string77:
	.asciz	"SNVS_HP_WRAPPER_IRQn"          @ string offset=1222
.Linfo_string78:
	.asciz	"SNVS_HP_WRAPPER_TZ_IRQn"       @ string offset=1243
.Linfo_string79:
	.asciz	"SNVS_LP_WRAPPER_IRQn"          @ string offset=1267
.Linfo_string80:
	.asciz	"CSU_IRQn"                      @ string offset=1288
.Linfo_string81:
	.asciz	"DCP_IRQn"                      @ string offset=1297
.Linfo_string82:
	.asciz	"DCP_VMI_IRQn"                  @ string offset=1306
.Linfo_string83:
	.asciz	"Reserved68_IRQn"               @ string offset=1319
.Linfo_string84:
	.asciz	"TRNG_IRQn"                     @ string offset=1335
.Linfo_string85:
	.asciz	"SJC_IRQn"                      @ string offset=1345
.Linfo_string86:
	.asciz	"BEE_IRQn"                      @ string offset=1354
.Linfo_string87:
	.asciz	"SAI1_IRQn"                     @ string offset=1363
.Linfo_string88:
	.asciz	"SAI2_IRQn"                     @ string offset=1373
.Linfo_string89:
	.asciz	"SAI3_RX_IRQn"                  @ string offset=1383
.Linfo_string90:
	.asciz	"SAI3_TX_IRQn"                  @ string offset=1396
.Linfo_string91:
	.asciz	"SPDIF_IRQn"                    @ string offset=1409
.Linfo_string92:
	.asciz	"PMU_EVENT_IRQn"                @ string offset=1420
.Linfo_string93:
	.asciz	"Reserved78_IRQn"               @ string offset=1435
.Linfo_string94:
	.asciz	"TEMP_LOW_HIGH_IRQn"            @ string offset=1451
.Linfo_string95:
	.asciz	"TEMP_PANIC_IRQn"               @ string offset=1470
.Linfo_string96:
	.asciz	"USB_PHY1_IRQn"                 @ string offset=1486
.Linfo_string97:
	.asciz	"USB_PHY2_IRQn"                 @ string offset=1500
.Linfo_string98:
	.asciz	"ADC1_IRQn"                     @ string offset=1514
.Linfo_string99:
	.asciz	"ADC2_IRQn"                     @ string offset=1524
.Linfo_string100:
	.asciz	"DCDC_IRQn"                     @ string offset=1534
.Linfo_string101:
	.asciz	"Reserved86_IRQn"               @ string offset=1544
.Linfo_string102:
	.asciz	"GPIO10_IRQn"                   @ string offset=1560
.Linfo_string103:
	.asciz	"GPIO1_INT0_IRQn"               @ string offset=1572
.Linfo_string104:
	.asciz	"GPIO1_INT1_IRQn"               @ string offset=1588
.Linfo_string105:
	.asciz	"GPIO1_INT2_IRQn"               @ string offset=1604
.Linfo_string106:
	.asciz	"GPIO1_INT3_IRQn"               @ string offset=1620
.Linfo_string107:
	.asciz	"GPIO1_INT4_IRQn"               @ string offset=1636
.Linfo_string108:
	.asciz	"GPIO1_INT5_IRQn"               @ string offset=1652
.Linfo_string109:
	.asciz	"GPIO1_INT6_IRQn"               @ string offset=1668
.Linfo_string110:
	.asciz	"GPIO1_INT7_IRQn"               @ string offset=1684
.Linfo_string111:
	.asciz	"GPIO1_Combined_0_15_IRQn"      @ string offset=1700
.Linfo_string112:
	.asciz	"GPIO1_Combined_16_31_IRQn"     @ string offset=1725
.Linfo_string113:
	.asciz	"GPIO2_Combined_0_15_IRQn"      @ string offset=1751
.Linfo_string114:
	.asciz	"GPIO2_Combined_16_31_IRQn"     @ string offset=1776
.Linfo_string115:
	.asciz	"GPIO3_Combined_0_15_IRQn"      @ string offset=1802
.Linfo_string116:
	.asciz	"GPIO3_Combined_16_31_IRQn"     @ string offset=1827
.Linfo_string117:
	.asciz	"GPIO4_Combined_0_15_IRQn"      @ string offset=1853
.Linfo_string118:
	.asciz	"GPIO4_Combined_16_31_IRQn"     @ string offset=1878
.Linfo_string119:
	.asciz	"GPIO5_Combined_0_15_IRQn"      @ string offset=1904
.Linfo_string120:
	.asciz	"GPIO5_Combined_16_31_IRQn"     @ string offset=1929
.Linfo_string121:
	.asciz	"FLEXIO1_IRQn"                  @ string offset=1955
.Linfo_string122:
	.asciz	"FLEXIO2_IRQn"                  @ string offset=1968
.Linfo_string123:
	.asciz	"WDOG1_IRQn"                    @ string offset=1981
.Linfo_string124:
	.asciz	"RTWDOG_IRQn"                   @ string offset=1992
.Linfo_string125:
	.asciz	"EWM_IRQn"                      @ string offset=2004
.Linfo_string126:
	.asciz	"CCM_1_IRQn"                    @ string offset=2013
.Linfo_string127:
	.asciz	"CCM_2_IRQn"                    @ string offset=2024
.Linfo_string128:
	.asciz	"GPC_IRQn"                      @ string offset=2035
.Linfo_string129:
	.asciz	"SRC_IRQn"                      @ string offset=2044
.Linfo_string130:
	.asciz	"Reserved115_IRQn"              @ string offset=2053
.Linfo_string131:
	.asciz	"GPT1_IRQn"                     @ string offset=2070
.Linfo_string132:
	.asciz	"GPT2_IRQn"                     @ string offset=2080
.Linfo_string133:
	.asciz	"PWM1_0_IRQn"                   @ string offset=2090
.Linfo_string134:
	.asciz	"PWM1_1_IRQn"                   @ string offset=2102
.Linfo_string135:
	.asciz	"PWM1_2_IRQn"                   @ string offset=2114
.Linfo_string136:
	.asciz	"PWM1_3_IRQn"                   @ string offset=2126
.Linfo_string137:
	.asciz	"PWM1_FAULT_IRQn"               @ string offset=2138
.Linfo_string138:
	.asciz	"FLEXSPI2_IRQn"                 @ string offset=2154
.Linfo_string139:
	.asciz	"FLEXSPI_IRQn"                  @ string offset=2168
.Linfo_string140:
	.asciz	"SEMC_IRQn"                     @ string offset=2181
.Linfo_string141:
	.asciz	"USDHC1_IRQn"                   @ string offset=2191
.Linfo_string142:
	.asciz	"USDHC2_IRQn"                   @ string offset=2203
.Linfo_string143:
	.asciz	"USB_OTG2_IRQn"                 @ string offset=2215
.Linfo_string144:
	.asciz	"USB_OTG1_IRQn"                 @ string offset=2229
.Linfo_string145:
	.asciz	"ENET_IRQn"                     @ string offset=2243
.Linfo_string146:
	.asciz	"ENET_1588_Timer_IRQn"          @ string offset=2253
.Linfo_string147:
	.asciz	"XBAR1_IRQ_0_1_IRQn"            @ string offset=2274
.Linfo_string148:
	.asciz	"XBAR1_IRQ_2_3_IRQn"            @ string offset=2293
.Linfo_string149:
	.asciz	"ADC_ETC_IRQ0_IRQn"             @ string offset=2312
.Linfo_string150:
	.asciz	"ADC_ETC_IRQ1_IRQn"             @ string offset=2330
.Linfo_string151:
	.asciz	"ADC_ETC_IRQ2_IRQn"             @ string offset=2348
.Linfo_string152:
	.asciz	"ADC_ETC_ERROR_IRQ_IRQn"        @ string offset=2366
.Linfo_string153:
	.asciz	"PIT_IRQn"                      @ string offset=2389
.Linfo_string154:
	.asciz	"ACMP1_IRQn"                    @ string offset=2398
.Linfo_string155:
	.asciz	"ACMP2_IRQn"                    @ string offset=2409
.Linfo_string156:
	.asciz	"ACMP3_IRQn"                    @ string offset=2420
.Linfo_string157:
	.asciz	"ACMP4_IRQn"                    @ string offset=2431
.Linfo_string158:
	.asciz	"Reserved143_IRQn"              @ string offset=2442
.Linfo_string159:
	.asciz	"Reserved144_IRQn"              @ string offset=2459
.Linfo_string160:
	.asciz	"ENC1_IRQn"                     @ string offset=2476
.Linfo_string161:
	.asciz	"ENC2_IRQn"                     @ string offset=2486
.Linfo_string162:
	.asciz	"ENC3_IRQn"                     @ string offset=2496
.Linfo_string163:
	.asciz	"ENC4_IRQn"                     @ string offset=2506
.Linfo_string164:
	.asciz	"TMR1_IRQn"                     @ string offset=2516
.Linfo_string165:
	.asciz	"TMR2_IRQn"                     @ string offset=2526
.Linfo_string166:
	.asciz	"TMR3_IRQn"                     @ string offset=2536
.Linfo_string167:
	.asciz	"TMR4_IRQn"                     @ string offset=2546
.Linfo_string168:
	.asciz	"PWM2_0_IRQn"                   @ string offset=2556
.Linfo_string169:
	.asciz	"PWM2_1_IRQn"                   @ string offset=2568
.Linfo_string170:
	.asciz	"PWM2_2_IRQn"                   @ string offset=2580
.Linfo_string171:
	.asciz	"PWM2_3_IRQn"                   @ string offset=2592
.Linfo_string172:
	.asciz	"PWM2_FAULT_IRQn"               @ string offset=2604
.Linfo_string173:
	.asciz	"PWM3_0_IRQn"                   @ string offset=2620
.Linfo_string174:
	.asciz	"PWM3_1_IRQn"                   @ string offset=2632
.Linfo_string175:
	.asciz	"PWM3_2_IRQn"                   @ string offset=2644
.Linfo_string176:
	.asciz	"PWM3_3_IRQn"                   @ string offset=2656
.Linfo_string177:
	.asciz	"PWM3_FAULT_IRQn"               @ string offset=2668
.Linfo_string178:
	.asciz	"PWM4_0_IRQn"                   @ string offset=2684
.Linfo_string179:
	.asciz	"PWM4_1_IRQn"                   @ string offset=2696
.Linfo_string180:
	.asciz	"PWM4_2_IRQn"                   @ string offset=2708
.Linfo_string181:
	.asciz	"PWM4_3_IRQn"                   @ string offset=2720
.Linfo_string182:
	.asciz	"PWM4_FAULT_IRQn"               @ string offset=2732
.Linfo_string183:
	.asciz	"ENET2_IRQn"                    @ string offset=2748
.Linfo_string184:
	.asciz	"ENET2_1588_Timer_IRQn"         @ string offset=2759
.Linfo_string185:
	.asciz	"CAN3_IRQn"                     @ string offset=2781
.Linfo_string186:
	.asciz	"Reserved171_IRQn"              @ string offset=2791
.Linfo_string187:
	.asciz	"FLEXIO3_IRQn"                  @ string offset=2808
.Linfo_string188:
	.asciz	"GPIO6_7_8_9_IRQn"              @ string offset=2821
.Linfo_string189:
	.asciz	"IRQn"                          @ string offset=2838
.Linfo_string190:
	.asciz	"kStatus_Success"               @ string offset=2843
.Linfo_string191:
	.asciz	"kStatus_Fail"                  @ string offset=2859
.Linfo_string192:
	.asciz	"kStatus_ReadOnly"              @ string offset=2872
.Linfo_string193:
	.asciz	"kStatus_OutOfRange"            @ string offset=2889
.Linfo_string194:
	.asciz	"kStatus_InvalidArgument"       @ string offset=2908
.Linfo_string195:
	.asciz	"kStatus_Timeout"               @ string offset=2932
.Linfo_string196:
	.asciz	"kStatus_NoTransferInProgress"  @ string offset=2948
.Linfo_string197:
	.asciz	"kStatus_Busy"                  @ string offset=2977
.Linfo_string198:
	.asciz	"kStatus_NoData"                @ string offset=2990
.Linfo_string199:
	.asciz	"MCR"                           @ string offset=3005
.Linfo_string200:
	.asciz	"unsigned int"                  @ string offset=3009
.Linfo_string201:
	.asciz	"uint32_t"                      @ string offset=3022
.Linfo_string202:
	.asciz	"RESERVED_0"                    @ string offset=3031
.Linfo_string203:
	.asciz	"uint8_t"                       @ string offset=3042
.Linfo_string204:
	.asciz	"LTMR64H"                       @ string offset=3050
.Linfo_string205:
	.asciz	"LTMR64L"                       @ string offset=3058
.Linfo_string206:
	.asciz	"RESERVED_1"                    @ string offset=3066
.Linfo_string207:
	.asciz	"CHANNEL"                       @ string offset=3077
.Linfo_string208:
	.asciz	"LDVAL"                         @ string offset=3085
.Linfo_string209:
	.asciz	"CVAL"                          @ string offset=3091
.Linfo_string210:
	.asciz	"TCTRL"                         @ string offset=3096
.Linfo_string211:
	.asciz	"TFLG"                          @ string offset=3102
.Linfo_string212:
	.asciz	"PIT_Type"                      @ string offset=3107
.Linfo_string213:
	.asciz	"pit_chnl_t"                    @ string offset=3116
.Linfo_string214:
	.asciz	"int"                           @ string offset=3127
.Linfo_string215:
	.asciz	"int32_t"                       @ string offset=3131
.Linfo_string216:
	.asciz	"ISER"                          @ string offset=3139
.Linfo_string217:
	.asciz	"RESERVED0"                     @ string offset=3144
.Linfo_string218:
	.asciz	"ICER"                          @ string offset=3154
.Linfo_string219:
	.asciz	"RESERVED1"                     @ string offset=3159
.Linfo_string220:
	.asciz	"ISPR"                          @ string offset=3169
.Linfo_string221:
	.asciz	"RESERVED2"                     @ string offset=3174
.Linfo_string222:
	.asciz	"ICPR"                          @ string offset=3184
.Linfo_string223:
	.asciz	"RESERVED3"                     @ string offset=3189
.Linfo_string224:
	.asciz	"IABR"                          @ string offset=3199
.Linfo_string225:
	.asciz	"RESERVED4"                     @ string offset=3204
.Linfo_string226:
	.asciz	"IP"                            @ string offset=3214
.Linfo_string227:
	.asciz	"RESERVED5"                     @ string offset=3217
.Linfo_string228:
	.asciz	"STIR"                          @ string offset=3227
.Linfo_string229:
	.asciz	"NVIC_Type"                     @ string offset=3232
.Linfo_string230:
	.asciz	"pit_enable"                    @ string offset=3242
.Linfo_string231:
	.asciz	"PIT_StartTimer"                @ string offset=3253
.Linfo_string232:
	.asciz	"pit_disable"                   @ string offset=3268
.Linfo_string233:
	.asciz	"PIT_StopTimer"                 @ string offset=3280
.Linfo_string234:
	.asciz	"pit_init"                      @ string offset=3294
.Linfo_string235:
	.asciz	"PIT_GetDefaultConfig"          @ string offset=3303
.Linfo_string236:
	.asciz	"PIT_SetTimerPeriod"            @ string offset=3324
.Linfo_string237:
	.asciz	"PIT_EnableInterrupts"          @ string offset=3343
.Linfo_string238:
	.asciz	"PIT_SetTimerChainMode"         @ string offset=3364
.Linfo_string239:
	.asciz	"EnableIRQ"                     @ string offset=3386
.Linfo_string240:
	.asciz	"status_t"                      @ string offset=3396
.Linfo_string241:
	.asciz	"__NVIC_EnableIRQ"              @ string offset=3405
.Linfo_string242:
	.asciz	"pit_chn"                       @ string offset=3422
.Linfo_string243:
	.asciz	"pit_index_enum"                @ string offset=3430
.Linfo_string244:
	.asciz	"base"                          @ string offset=3445
.Linfo_string245:
	.asciz	"channel"                       @ string offset=3450
.Linfo_string246:
	.asciz	"period"                        @ string offset=3458
.Linfo_string247:
	.asciz	"uint32"                        @ string offset=3465
.Linfo_string248:
	.asciz	"pitConfig"                     @ string offset=3472
.Linfo_string249:
	.asciz	"enableRunInDebug"              @ string offset=3482
.Linfo_string250:
	.asciz	"_Bool"                         @ string offset=3499
.Linfo_string251:
	.asciz	"_pit_config"                   @ string offset=3505
.Linfo_string252:
	.asciz	"pit_config_t"                  @ string offset=3517
.Linfo_string253:
	.asciz	"config"                        @ string offset=3530
.Linfo_string254:
	.asciz	"count"                         @ string offset=3537
.Linfo_string255:
	.asciz	"mask"                          @ string offset=3543
.Linfo_string256:
	.asciz	"enable"                        @ string offset=3548
.Linfo_string257:
	.asciz	"interrupt"                     @ string offset=3555
.Linfo_string258:
	.asciz	"IRQn_Type"                     @ string offset=3565
.Linfo_string259:
	.asciz	"status"                        @ string offset=3575
	.ident	"Component: Arm Compiler for Embedded 6.19 Tool: armclang [5e73cb00]"
	.section	".note.GNU-stack","",%progbits
	.eabi_attribute	30, 6	@ Tag_ABI_optimization_goals
	.ARM_attribute	16, 1	@ Tag_AV_eba
	.section	.debug_line,"",%progbits
.Lline_table_start0:
