	.text
	.syntax unified
	.eabi_attribute	67, "2.09"	@ Tag_conformance
	.cpu	cortex-m7
	.eabi_attribute	6, 13	@ Tag_CPU_arch
	.eabi_attribute	7, 77	@ Tag_CPU_arch_profile
	.eabi_attribute	8, 0	@ Tag_ARM_ISA_use
	.eabi_attribute	9, 2	@ Tag_THUMB_ISA_use
	.fpu	fpv5-d16
	.eabi_attribute	36, 1	@ Tag_FP_HP_extension
	.eabi_attribute	34, 1	@ Tag_CPU_unaligned_access
	.eabi_attribute	17, 1	@ Tag_ABI_PCS_GOT_use
	.eabi_attribute	20, 2	@ Tag_ABI_FP_denormal
	.eabi_attribute	21, 0	@ Tag_ABI_FP_exceptions
	.eabi_attribute	23, 1	@ Tag_ABI_FP_number_model
	.eabi_attribute	24, 1	@ Tag_ABI_align_needed
	.eabi_attribute	25, 1	@ Tag_ABI_align_preserved
	.eabi_attribute	28, 1	@ Tag_ABI_VFP_args
	.eabi_attribute	38, 1	@ Tag_ABI_FP_16bit_format
	.eabi_attribute	18, 2	@ Tag_ABI_PCS_wchar_t
	.eabi_attribute	26, 1	@ Tag_ABI_enum_size
	.eabi_attribute	14, 0	@ Tag_ABI_PCS_R9_use
	.file	"zf_device_icm20602.c"
	.file	1 "E:\\FILE_SMART_CAR\\\346\231\272\350\203\275\350\247\206\350\247\211\\RT1064_Library-master\\RT1064_Library-master\\SeekFree_RT1064_Opensource_Library\\project\\mdk" "../../libraries/zf_common\\zf_common_typedef.h"
	.file	2 "E:\\FILE_SMART_CAR\\\346\231\272\350\203\275\350\247\206\350\247\211\\RT1064_Library-master\\RT1064_Library-master\\SeekFree_RT1064_Opensource_Library\\project\\mdk" "../../libraries/zf_device/zf_device_icm20602.c"
	.file	3 "E:\\FILE_SMART_CAR\\\346\231\272\350\203\275\350\247\206\350\247\211\\RT1064_Library-master\\RT1064_Library-master\\SeekFree_RT1064_Opensource_Library\\project\\mdk" "../../libraries/zf_driver\\zf_driver_spi.h"
	.file	4 "E:\\FILE_SMART_CAR\\\346\231\272\350\203\275\350\247\206\350\247\211\\RT1064_Library-master\\RT1064_Library-master\\SeekFree_RT1064_Opensource_Library\\project\\mdk" "../../libraries/zf_driver/zf_driver_gpio.h"
	.section	.text.icm20602_get_acc,"ax",%progbits
	.hidden	icm20602_get_acc                @ -- Begin function icm20602_get_acc
	.globl	icm20602_get_acc
	.p2align	3
	.type	icm20602_get_acc,%function
	.code	16                              @ @icm20602_get_acc
	.thumb_func
icm20602_get_acc:
.Lfunc_begin0:
	.loc	2 183 0                         @ ../../libraries/zf_device/zf_device_icm20602.c:183:0
	.fnstart
	.cfi_sections .debug_frame
	.cfi_startproc
@ %bb.0:
	.save	{r7, lr}
	push	{r7, lr}
	.cfi_def_cfa_offset 8
	.cfi_offset lr, -4
	.cfi_offset r7, -8
	.pad	#8
	sub	sp, #8
	.cfi_def_cfa_offset 16
	movs	r0, #59
	add.w	r1, sp, #2
	movs	r2, #6
.Ltmp0:
	.loc	2 186 5 prologue_end            @ ../../libraries/zf_device/zf_device_icm20602.c:186:5
	bl	icm20602_read_registers
	.loc	2 187 31                        @ ../../libraries/zf_device/zf_device_icm20602.c:187:31
	ldrb.w	r1, [sp, #2]
	.loc	2 187 53 is_stmt 0              @ ../../libraries/zf_device/zf_device_icm20602.c:187:53
	ldrb.w	r0, [sp, #3]
	.loc	2 187 51                        @ ../../libraries/zf_device/zf_device_icm20602.c:187:51
	orr.w	r0, r0, r1, lsl #8
	.loc	2 187 20                        @ ../../libraries/zf_device/zf_device_icm20602.c:187:20
	movw	r1, :lower16:icm20602_acc_x
	movt	r1, :upper16:icm20602_acc_x
	strh	r0, [r1]
	.loc	2 188 31 is_stmt 1              @ ../../libraries/zf_device/zf_device_icm20602.c:188:31
	ldrb.w	r1, [sp, #4]
	.loc	2 188 53 is_stmt 0              @ ../../libraries/zf_device/zf_device_icm20602.c:188:53
	ldrb.w	r0, [sp, #5]
	.loc	2 188 51                        @ ../../libraries/zf_device/zf_device_icm20602.c:188:51
	orr.w	r0, r0, r1, lsl #8
	.loc	2 188 20                        @ ../../libraries/zf_device/zf_device_icm20602.c:188:20
	movw	r1, :lower16:icm20602_acc_y
	movt	r1, :upper16:icm20602_acc_y
	strh	r0, [r1]
	.loc	2 189 31 is_stmt 1              @ ../../libraries/zf_device/zf_device_icm20602.c:189:31
	ldrb.w	r1, [sp, #6]
	.loc	2 189 53 is_stmt 0              @ ../../libraries/zf_device/zf_device_icm20602.c:189:53
	ldrb.w	r0, [sp, #7]
	.loc	2 189 51                        @ ../../libraries/zf_device/zf_device_icm20602.c:189:51
	orr.w	r0, r0, r1, lsl #8
	.loc	2 189 20                        @ ../../libraries/zf_device/zf_device_icm20602.c:189:20
	movw	r1, :lower16:icm20602_acc_z
	movt	r1, :upper16:icm20602_acc_z
	strh	r0, [r1]
	.loc	2 190 1 is_stmt 1               @ ../../libraries/zf_device/zf_device_icm20602.c:190:1
	add	sp, #8
	pop	{r7, pc}
.Ltmp1:
.Lfunc_end0:
	.size	icm20602_get_acc, .Lfunc_end0-icm20602_get_acc
	.cfi_endproc
	.cantunwind
	.fnend
                                        @ -- End function
	.section	.text.icm20602_read_registers,"ax",%progbits
	.p2align	3                               @ -- Begin function icm20602_read_registers
	.type	icm20602_read_registers,%function
	.code	16                              @ @icm20602_read_registers
	.thumb_func
icm20602_read_registers:
.Lfunc_begin1:
	.loc	2 143 0                         @ ../../libraries/zf_device/zf_device_icm20602.c:143:0
	.fnstart
	.cfi_startproc
@ %bb.0:
	.save	{r7, lr}
	push	{r7, lr}
	.cfi_def_cfa_offset 8
	.cfi_offset lr, -4
	.cfi_offset r7, -8
	.pad	#24
	sub	sp, #24
	.cfi_def_cfa_offset 32
                                        @ kill: def $r3 killed $r0
	strb.w	r0, [sp, #23]
	str	r1, [sp, #16]
	str	r2, [sp, #12]
.Ltmp2:
	.loc	2 144 5 prologue_end            @ ../../libraries/zf_device/zf_device_icm20602.c:144:5
	movw	r0, :lower16:PORTPTR
	movt	r0, :upper16:PORTPTR
	str	r0, [sp, #4]                    @ 4-byte Spill
	ldr	r0, [r0, #8]
	mov.w	r1, #1048576
	str	r1, [sp, #8]                    @ 4-byte Spill
	bl	GPIO_ClearPinsOutput
	.loc	2 145 43                        @ ../../libraries/zf_device/zf_device_icm20602.c:145:43
	ldrb.w	r0, [sp, #23]
	.loc	2 145 47 is_stmt 0              @ ../../libraries/zf_device/zf_device_icm20602.c:145:47
	orr	r1, r0, #128
	.loc	2 145 65                        @ ../../libraries/zf_device/zf_device_icm20602.c:145:65
	ldr	r2, [sp, #16]
	.loc	2 145 71                        @ ../../libraries/zf_device/zf_device_icm20602.c:145:71
	ldr	r3, [sp, #12]
	movs	r0, #4
	.loc	2 145 5                         @ ../../libraries/zf_device/zf_device_icm20602.c:145:5
	bl	spi_read_8bit_registers
	ldr	r0, [sp, #4]                    @ 4-byte Reload
	ldr	r1, [sp, #8]                    @ 4-byte Reload
	.loc	2 146 5 is_stmt 1               @ ../../libraries/zf_device/zf_device_icm20602.c:146:5
	ldr	r0, [r0, #8]
	bl	GPIO_SetPinsOutput
	.loc	2 147 1                         @ ../../libraries/zf_device/zf_device_icm20602.c:147:1
	add	sp, #24
	pop	{r7, pc}
.Ltmp3:
.Lfunc_end1:
	.size	icm20602_read_registers, .Lfunc_end1-icm20602_read_registers
	.cfi_endproc
	.cantunwind
	.fnend
                                        @ -- End function
	.section	.text.icm20602_get_gyro,"ax",%progbits
	.hidden	icm20602_get_gyro               @ -- Begin function icm20602_get_gyro
	.globl	icm20602_get_gyro
	.p2align	3
	.type	icm20602_get_gyro,%function
	.code	16                              @ @icm20602_get_gyro
	.thumb_func
icm20602_get_gyro:
.Lfunc_begin2:
	.loc	2 200 0                         @ ../../libraries/zf_device/zf_device_icm20602.c:200:0
	.fnstart
	.cfi_startproc
@ %bb.0:
	.save	{r7, lr}
	push	{r7, lr}
	.cfi_def_cfa_offset 8
	.cfi_offset lr, -4
	.cfi_offset r7, -8
	.pad	#8
	sub	sp, #8
	.cfi_def_cfa_offset 16
	movs	r0, #67
	add.w	r1, sp, #2
	movs	r2, #6
.Ltmp4:
	.loc	2 203 5 prologue_end            @ ../../libraries/zf_device/zf_device_icm20602.c:203:5
	bl	icm20602_read_registers
	.loc	2 204 32                        @ ../../libraries/zf_device/zf_device_icm20602.c:204:32
	ldrb.w	r1, [sp, #2]
	.loc	2 204 54 is_stmt 0              @ ../../libraries/zf_device/zf_device_icm20602.c:204:54
	ldrb.w	r0, [sp, #3]
	.loc	2 204 52                        @ ../../libraries/zf_device/zf_device_icm20602.c:204:52
	orr.w	r0, r0, r1, lsl #8
	.loc	2 204 21                        @ ../../libraries/zf_device/zf_device_icm20602.c:204:21
	movw	r1, :lower16:icm20602_gyro_x
	movt	r1, :upper16:icm20602_gyro_x
	strh	r0, [r1]
	.loc	2 205 32 is_stmt 1              @ ../../libraries/zf_device/zf_device_icm20602.c:205:32
	ldrb.w	r1, [sp, #4]
	.loc	2 205 54 is_stmt 0              @ ../../libraries/zf_device/zf_device_icm20602.c:205:54
	ldrb.w	r0, [sp, #5]
	.loc	2 205 52                        @ ../../libraries/zf_device/zf_device_icm20602.c:205:52
	orr.w	r0, r0, r1, lsl #8
	.loc	2 205 21                        @ ../../libraries/zf_device/zf_device_icm20602.c:205:21
	movw	r1, :lower16:icm20602_gyro_y
	movt	r1, :upper16:icm20602_gyro_y
	strh	r0, [r1]
	.loc	2 206 32 is_stmt 1              @ ../../libraries/zf_device/zf_device_icm20602.c:206:32
	ldrb.w	r1, [sp, #6]
	.loc	2 206 54 is_stmt 0              @ ../../libraries/zf_device/zf_device_icm20602.c:206:54
	ldrb.w	r0, [sp, #7]
	.loc	2 206 52                        @ ../../libraries/zf_device/zf_device_icm20602.c:206:52
	orr.w	r0, r0, r1, lsl #8
	.loc	2 206 21                        @ ../../libraries/zf_device/zf_device_icm20602.c:206:21
	movw	r1, :lower16:icm20602_gyro_z
	movt	r1, :upper16:icm20602_gyro_z
	strh	r0, [r1]
	.loc	2 207 1 is_stmt 1               @ ../../libraries/zf_device/zf_device_icm20602.c:207:1
	add	sp, #8
	pop	{r7, pc}
.Ltmp5:
.Lfunc_end2:
	.size	icm20602_get_gyro, .Lfunc_end2-icm20602_get_gyro
	.cfi_endproc
	.cantunwind
	.fnend
                                        @ -- End function
	.section	.text.icm20602_init,"ax",%progbits
	.hidden	icm20602_init                   @ -- Begin function icm20602_init
	.globl	icm20602_init
	.p2align	3
	.type	icm20602_init,%function
	.code	16                              @ @icm20602_init
	.thumb_func
icm20602_init:
.Lfunc_begin3:
	.loc	2 217 0                         @ ../../libraries/zf_device/zf_device_icm20602.c:217:0
	.fnstart
	.cfi_startproc
@ %bb.0:
	.save	{r7, lr}
	push	{r7, lr}
	.cfi_def_cfa_offset 8
	.cfi_offset lr, -4
	.cfi_offset r7, -8
	.pad	#24
	sub	sp, #24
	.cfi_def_cfa_offset 32
	movs	r0, #0
.Ltmp6:
	.loc	2 218 11 prologue_end           @ ../../libraries/zf_device/zf_device_icm20602.c:218:11
	str	r0, [sp, #16]                   @ 4-byte Spill
	strb.w	r0, [sp, #23]
	.loc	2 218 22 is_stmt 0              @ ../../libraries/zf_device/zf_device_icm20602.c:218:22
	strb.w	r0, [sp, #22]
	.loc	2 219 12 is_stmt 1              @ ../../libraries/zf_device/zf_device_icm20602.c:219:12
	strh.w	r0, [sp, #20]
	movs	r0, #10
	.loc	2 221 5                         @ ../../libraries/zf_device/zf_device_icm20602.c:221:5
	bl	system_delay_ms
	ldr	r1, [sp, #16]                   @ 4-byte Reload
	.loc	2 226 5                         @ ../../libraries/zf_device/zf_device_icm20602.c:226:5
	mov	r0, sp
	movw	r2, #65535
	str	r2, [r0, #8]
	movs	r3, #65
	str	r3, [r0, #4]
	str	r3, [r0]
	movs	r0, #4
	movw	r2, #38528
	movt	r2, #152
	bl	spi_init
	movs	r0, #84
	movs	r2, #1
	movs	r3, #72
	.loc	2 227 5                         @ ../../libraries/zf_device/zf_device_icm20602.c:227:5
	mov	r1, r2
	bl	gpio_init
	.loc	2 230 5                         @ ../../libraries/zf_device/zf_device_icm20602.c:230:5
	b	.LBB3_1
.LBB3_1:
.Ltmp7:
	.loc	2 232 12                        @ ../../libraries/zf_device/zf_device_icm20602.c:232:12
	bl	icm20602_self_check
.Ltmp8:
	.loc	2 232 12 is_stmt 0              @ ../../libraries/zf_device/zf_device_icm20602.c:232:12
	cbz	r0, .LBB3_3
	b	.LBB3_2
.LBB3_2:
.Ltmp9:
	.loc	2 237 13 is_stmt 1              @ ../../libraries/zf_device/zf_device_icm20602.c:237:13
	movw	r1, :lower16:.L.str
	movt	r1, :upper16:.L.str
	movw	r2, :lower16:.L.str.1
	movt	r2, :upper16:.L.str.1
	movs	r0, #0
	movs	r3, #237
	bl	debug_log_handler
	movs	r0, #1
	.loc	2 238 26                        @ ../../libraries/zf_device/zf_device_icm20602.c:238:26
	strb.w	r0, [sp, #22]
	.loc	2 239 13                        @ ../../libraries/zf_device/zf_device_icm20602.c:239:13
	b	.LBB3_15
.Ltmp10:
.LBB3_3:
	.loc	2 0 13 is_stmt 0                @ ../../libraries/zf_device/zf_device_icm20602.c:0:13
	movs	r0, #107
	movs	r1, #128
	.loc	2 242 9 is_stmt 1               @ ../../libraries/zf_device/zf_device_icm20602.c:242:9
	bl	icm20602_write_register
	movs	r0, #2
	.loc	2 243 9                         @ ../../libraries/zf_device/zf_device_icm20602.c:243:9
	bl	system_delay_ms
	.loc	2 245 9                         @ ../../libraries/zf_device/zf_device_icm20602.c:245:9
	b	.LBB3_4
.LBB3_4:                                @ =>This Inner Loop Header: Depth=1
	.loc	2 0 9 is_stmt 0                 @ ../../libraries/zf_device/zf_device_icm20602.c:0:9
	movs	r0, #107
.Ltmp11:
	.loc	2 247 19 is_stmt 1              @ ../../libraries/zf_device/zf_device_icm20602.c:247:19
	bl	icm20602_read_register
	.loc	2 247 17 is_stmt 0              @ ../../libraries/zf_device/zf_device_icm20602.c:247:17
	strb.w	r0, [sp, #23]
.Ltmp12:
	.loc	2 248 55 is_stmt 1              @ ../../libraries/zf_device/zf_device_icm20602.c:248:55
	ldrh.w	r0, [sp, #20]
	adds	r1, r0, #1
	strh.w	r1, [sp, #20]
.Ltmp13:
	.loc	2 248 16 is_stmt 0              @ ../../libraries/zf_device/zf_device_icm20602.c:248:16
	cmp.w	r0, #256
	blt	.LBB3_6
	b	.LBB3_5
.LBB3_5:
.Ltmp14:
	.loc	2 253 17 is_stmt 1              @ ../../libraries/zf_device/zf_device_icm20602.c:253:17
	movw	r1, :lower16:.L.str.2
	movt	r1, :upper16:.L.str.2
	movw	r2, :lower16:.L.str.1
	movt	r2, :upper16:.L.str.1
	movs	r0, #0
	movs	r3, #253
	bl	debug_log_handler
	movs	r0, #1
	.loc	2 254 30                        @ ../../libraries/zf_device/zf_device_icm20602.c:254:30
	strb.w	r0, [sp, #22]
	.loc	2 255 17                        @ ../../libraries/zf_device/zf_device_icm20602.c:255:17
	b	.LBB3_8
.Ltmp15:
.LBB3_6:                                @   in Loop: Header=BB3_4 Depth=1
	.loc	2 257 9                         @ ../../libraries/zf_device/zf_device_icm20602.c:257:9
	b	.LBB3_7
.Ltmp16:
.LBB3_7:                                @   in Loop: Header=BB3_4 Depth=1
	.loc	2 257 24 is_stmt 0              @ ../../libraries/zf_device/zf_device_icm20602.c:257:24
	ldrb.w	r0, [sp, #23]
.Ltmp17:
	.loc	2 257 9                         @ ../../libraries/zf_device/zf_device_icm20602.c:257:9
	cmp	r0, #65
	bne	.LBB3_4
	b	.LBB3_8
.Ltmp18:
.LBB3_8:
	.loc	2 258 17 is_stmt 1              @ ../../libraries/zf_device/zf_device_icm20602.c:258:17
	ldrb.w	r0, [sp, #22]
.Ltmp19:
	.loc	2 258 12 is_stmt 0              @ ../../libraries/zf_device/zf_device_icm20602.c:258:12
	cmp	r0, #1
	bne	.LBB3_10
	b	.LBB3_9
.LBB3_9:
.Ltmp20:
	.loc	2 260 13 is_stmt 1              @ ../../libraries/zf_device/zf_device_icm20602.c:260:13
	b	.LBB3_15
.Ltmp21:
.LBB3_10:
	.loc	2 0 13 is_stmt 0                @ ../../libraries/zf_device/zf_device_icm20602.c:0:13
	movs	r0, #107
	movs	r1, #1
	.loc	2 263 9 is_stmt 1               @ ../../libraries/zf_device/zf_device_icm20602.c:263:9
	str	r1, [sp, #12]                   @ 4-byte Spill
	bl	icm20602_write_register
	movs	r0, #108
	movs	r1, #0
	.loc	2 264 9                         @ ../../libraries/zf_device/zf_device_icm20602.c:264:9
	bl	icm20602_write_register
	ldr	r1, [sp, #12]                   @ 4-byte Reload
	movs	r0, #26
	.loc	2 265 9                         @ ../../libraries/zf_device/zf_device_icm20602.c:265:9
	bl	icm20602_write_register
	movs	r0, #25
	movs	r1, #7
	.loc	2 266 9                         @ ../../libraries/zf_device/zf_device_icm20602.c:266:9
	bl	icm20602_write_register
	movs	r0, #28
	movs	r1, #16
	.loc	2 292 17                        @ ../../libraries/zf_device/zf_device_icm20602.c:292:17
	bl	icm20602_write_register
	.loc	2 293 47                        @ ../../libraries/zf_device/zf_device_icm20602.c:293:47
	movw	r1, :lower16:icm20602_transition_factor
	movt	r1, :upper16:icm20602_transition_factor
	mov.w	r0, #1166016512
	str	r0, [r1]
.Ltmp22:
	.loc	2 301 17                        @ ../../libraries/zf_device/zf_device_icm20602.c:301:17
	ldrb.w	r0, [sp, #22]
.Ltmp23:
	.loc	2 301 12 is_stmt 0              @ ../../libraries/zf_device/zf_device_icm20602.c:301:12
	cmp	r0, #1
	bne	.LBB3_12
	b	.LBB3_11
.LBB3_11:
.Ltmp24:
	.loc	2 303 13 is_stmt 1              @ ../../libraries/zf_device/zf_device_icm20602.c:303:13
	b	.LBB3_15
.Ltmp25:
.LBB3_12:
	.loc	2 0 13 is_stmt 0                @ ../../libraries/zf_device/zf_device_icm20602.c:0:13
	movs	r0, #27
	movs	r1, #24
	.loc	2 335 17 is_stmt 1              @ ../../libraries/zf_device/zf_device_icm20602.c:335:17
	bl	icm20602_write_register
	.loc	2 336 47                        @ ../../libraries/zf_device/zf_device_icm20602.c:336:47
	movw	r1, :lower16:icm20602_transition_factor
	movt	r1, :upper16:icm20602_transition_factor
	movw	r0, #13107
	movt	r0, #16771
	str	r0, [r1, #4]
.Ltmp26:
	.loc	2 339 17                        @ ../../libraries/zf_device/zf_device_icm20602.c:339:17
	ldrb.w	r0, [sp, #22]
.Ltmp27:
	.loc	2 339 12 is_stmt 0              @ ../../libraries/zf_device/zf_device_icm20602.c:339:12
	cmp	r0, #1
	bne	.LBB3_14
	b	.LBB3_13
.LBB3_13:
.Ltmp28:
	.loc	2 341 13 is_stmt 1              @ ../../libraries/zf_device/zf_device_icm20602.c:341:13
	b	.LBB3_15
.Ltmp29:
.LBB3_14:
	.loc	2 0 13 is_stmt 0                @ ../../libraries/zf_device/zf_device_icm20602.c:0:13
	movs	r0, #29
	movs	r1, #3
	.loc	2 344 9 is_stmt 1               @ ../../libraries/zf_device/zf_device_icm20602.c:344:9
	bl	icm20602_write_register
	.loc	2 345 5                         @ ../../libraries/zf_device/zf_device_icm20602.c:345:5
	b	.LBB3_15
.Ltmp30:
.LBB3_15:
	.loc	2 346 12                        @ ../../libraries/zf_device/zf_device_icm20602.c:346:12
	ldrb.w	r0, [sp, #22]
	.loc	2 346 5 is_stmt 0               @ ../../libraries/zf_device/zf_device_icm20602.c:346:5
	add	sp, #24
	pop	{r7, pc}
.Ltmp31:
.Lfunc_end3:
	.size	icm20602_init, .Lfunc_end3-icm20602_init
	.cfi_endproc
	.cantunwind
	.fnend
                                        @ -- End function
	.section	.text.icm20602_self_check,"ax",%progbits
	.p2align	3                               @ -- Begin function icm20602_self_check
	.type	icm20602_self_check,%function
	.code	16                              @ @icm20602_self_check
	.thumb_func
icm20602_self_check:
.Lfunc_begin4:
	.loc	2 158 0 is_stmt 1               @ ../../libraries/zf_device/zf_device_icm20602.c:158:0
	.fnstart
	.cfi_startproc
@ %bb.0:
	.save	{r7, lr}
	push	{r7, lr}
	.cfi_def_cfa_offset 8
	.cfi_offset lr, -4
	.cfi_offset r7, -8
	.pad	#8
	sub	sp, #8
	.cfi_def_cfa_offset 16
	movs	r0, #0
.Ltmp32:
	.loc	2 159 11 prologue_end           @ ../../libraries/zf_device/zf_device_icm20602.c:159:11
	strb.w	r0, [sp, #7]
	.loc	2 159 20 is_stmt 0              @ ../../libraries/zf_device/zf_device_icm20602.c:159:20
	strb.w	r0, [sp, #6]
	.loc	2 160 12 is_stmt 1              @ ../../libraries/zf_device/zf_device_icm20602.c:160:12
	strh.w	r0, [sp, #4]
	.loc	2 162 5                         @ ../../libraries/zf_device/zf_device_icm20602.c:162:5
	b	.LBB4_1
.LBB4_1:                                @ =>This Inner Loop Header: Depth=1
	.loc	2 162 19 is_stmt 0              @ ../../libraries/zf_device/zf_device_icm20602.c:162:19
	ldrb.w	r0, [sp, #7]
	.loc	2 162 5                         @ ../../libraries/zf_device/zf_device_icm20602.c:162:5
	cmp	r0, #18
	beq	.LBB4_5
	b	.LBB4_2
.LBB4_2:                                @   in Loop: Header=BB4_1 Depth=1
.Ltmp33:
	.loc	2 164 51 is_stmt 1              @ ../../libraries/zf_device/zf_device_icm20602.c:164:51
	ldrh.w	r0, [sp, #4]
	adds	r1, r0, #1
	strh.w	r1, [sp, #4]
.Ltmp34:
	.loc	2 164 12 is_stmt 0              @ ../../libraries/zf_device/zf_device_icm20602.c:164:12
	cmp.w	r0, #256
	blt	.LBB4_4
	b	.LBB4_3
.LBB4_3:
	.loc	2 0 12                          @ ../../libraries/zf_device/zf_device_icm20602.c:0:12
	movs	r0, #1
.Ltmp35:
	.loc	2 166 26 is_stmt 1              @ ../../libraries/zf_device/zf_device_icm20602.c:166:26
	strb.w	r0, [sp, #6]
	.loc	2 167 13                        @ ../../libraries/zf_device/zf_device_icm20602.c:167:13
	b	.LBB4_5
.Ltmp36:
.LBB4_4:                                @   in Loop: Header=BB4_1 Depth=1
	.loc	2 0 13 is_stmt 0                @ ../../libraries/zf_device/zf_device_icm20602.c:0:13
	movs	r0, #117
	.loc	2 169 15 is_stmt 1              @ ../../libraries/zf_device/zf_device_icm20602.c:169:15
	bl	icm20602_read_register
	.loc	2 169 13 is_stmt 0              @ ../../libraries/zf_device/zf_device_icm20602.c:169:13
	strb.w	r0, [sp, #7]
	movs	r0, #10
	.loc	2 170 9 is_stmt 1               @ ../../libraries/zf_device/zf_device_icm20602.c:170:9
	bl	system_delay_ms
.Ltmp37:
	.loc	2 162 5                         @ ../../libraries/zf_device/zf_device_icm20602.c:162:5
	b	.LBB4_1
.LBB4_5:
	.loc	2 172 12                        @ ../../libraries/zf_device/zf_device_icm20602.c:172:12
	ldrb.w	r0, [sp, #6]
	.loc	2 172 5 is_stmt 0               @ ../../libraries/zf_device/zf_device_icm20602.c:172:5
	add	sp, #8
	pop	{r7, pc}
.Ltmp38:
.Lfunc_end4:
	.size	icm20602_self_check, .Lfunc_end4-icm20602_self_check
	.cfi_endproc
	.cantunwind
	.fnend
                                        @ -- End function
	.section	.text.icm20602_write_register,"ax",%progbits
	.p2align	3                               @ -- Begin function icm20602_write_register
	.type	icm20602_write_register,%function
	.code	16                              @ @icm20602_write_register
	.thumb_func
icm20602_write_register:
.Lfunc_begin5:
	.loc	2 111 0 is_stmt 1               @ ../../libraries/zf_device/zf_device_icm20602.c:111:0
	.fnstart
	.cfi_startproc
@ %bb.0:
	.save	{r7, lr}
	push	{r7, lr}
	.cfi_def_cfa_offset 8
	.cfi_offset lr, -4
	.cfi_offset r7, -8
	.pad	#16
	sub	sp, #16
	.cfi_def_cfa_offset 24
                                        @ kill: def $r2 killed $r1
                                        @ kill: def $r2 killed $r0
	strb.w	r0, [sp, #15]
	strb.w	r1, [sp, #14]
.Ltmp39:
	.loc	2 112 5 prologue_end            @ ../../libraries/zf_device/zf_device_icm20602.c:112:5
	movw	r0, :lower16:PORTPTR
	movt	r0, :upper16:PORTPTR
	str	r0, [sp, #4]                    @ 4-byte Spill
	ldr	r0, [r0, #8]
	mov.w	r1, #1048576
	str	r1, [sp, #8]                    @ 4-byte Spill
	bl	GPIO_ClearPinsOutput
	.loc	2 113 43                        @ ../../libraries/zf_device/zf_device_icm20602.c:113:43
	ldrb.w	r1, [sp, #15]
	.loc	2 113 65 is_stmt 0              @ ../../libraries/zf_device/zf_device_icm20602.c:113:65
	ldrb.w	r2, [sp, #14]
	movs	r0, #4
	.loc	2 113 5                         @ ../../libraries/zf_device/zf_device_icm20602.c:113:5
	bl	spi_write_8bit_register
	ldr	r0, [sp, #4]                    @ 4-byte Reload
	ldr	r1, [sp, #8]                    @ 4-byte Reload
	.loc	2 114 5 is_stmt 1               @ ../../libraries/zf_device/zf_device_icm20602.c:114:5
	ldr	r0, [r0, #8]
	bl	GPIO_SetPinsOutput
	.loc	2 115 1                         @ ../../libraries/zf_device/zf_device_icm20602.c:115:1
	add	sp, #16
	pop	{r7, pc}
.Ltmp40:
.Lfunc_end5:
	.size	icm20602_write_register, .Lfunc_end5-icm20602_write_register
	.cfi_endproc
	.cantunwind
	.fnend
                                        @ -- End function
	.section	.text.icm20602_read_register,"ax",%progbits
	.p2align	3                               @ -- Begin function icm20602_read_register
	.type	icm20602_read_register,%function
	.code	16                              @ @icm20602_read_register
	.thumb_func
icm20602_read_register:
.Lfunc_begin6:
	.loc	2 125 0                         @ ../../libraries/zf_device/zf_device_icm20602.c:125:0
	.fnstart
	.cfi_startproc
@ %bb.0:
	.save	{r7, lr}
	push	{r7, lr}
	.cfi_def_cfa_offset 8
	.cfi_offset lr, -4
	.cfi_offset r7, -8
	.pad	#16
	sub	sp, #16
	.cfi_def_cfa_offset 24
                                        @ kill: def $r1 killed $r0
	strb.w	r0, [sp, #15]
	movs	r0, #0
.Ltmp41:
	.loc	2 126 11 prologue_end           @ ../../libraries/zf_device/zf_device_icm20602.c:126:11
	strb.w	r0, [sp, #14]
	.loc	2 127 5                         @ ../../libraries/zf_device/zf_device_icm20602.c:127:5
	movw	r0, :lower16:PORTPTR
	movt	r0, :upper16:PORTPTR
	str	r0, [sp, #8]                    @ 4-byte Spill
	ldr	r0, [r0, #8]
	mov.w	r1, #1048576
	str	r1, [sp, #4]                    @ 4-byte Spill
	bl	GPIO_ClearPinsOutput
	.loc	2 128 49                        @ ../../libraries/zf_device/zf_device_icm20602.c:128:49
	ldrb.w	r0, [sp, #15]
	.loc	2 128 53 is_stmt 0              @ ../../libraries/zf_device/zf_device_icm20602.c:128:53
	orr	r1, r0, #128
	movs	r0, #4
	.loc	2 128 12                        @ ../../libraries/zf_device/zf_device_icm20602.c:128:12
	bl	spi_read_8bit_register
	ldr	r1, [sp, #4]                    @ 4-byte Reload
	mov	r2, r0
	.loc	2 128 10                        @ ../../libraries/zf_device/zf_device_icm20602.c:128:10
	ldr	r0, [sp, #8]                    @ 4-byte Reload
	strb.w	r2, [sp, #14]
	.loc	2 129 5 is_stmt 1               @ ../../libraries/zf_device/zf_device_icm20602.c:129:5
	ldr	r0, [r0, #8]
	bl	GPIO_SetPinsOutput
	.loc	2 130 12                        @ ../../libraries/zf_device/zf_device_icm20602.c:130:12
	ldrb.w	r0, [sp, #14]
	.loc	2 130 5 is_stmt 0               @ ../../libraries/zf_device/zf_device_icm20602.c:130:5
	add	sp, #16
	pop	{r7, pc}
.Ltmp42:
.Lfunc_end6:
	.size	icm20602_read_register, .Lfunc_end6-icm20602_read_register
	.cfi_endproc
	.cantunwind
	.fnend
                                        @ -- End function
	.section	.text.GPIO_ClearPinsOutput,"ax",%progbits
	.p2align	3                               @ -- Begin function GPIO_ClearPinsOutput
	.type	GPIO_ClearPinsOutput,%function
	.code	16                              @ @GPIO_ClearPinsOutput
	.thumb_func
GPIO_ClearPinsOutput:
.Lfunc_begin7:
	.file	5 "E:\\FILE_SMART_CAR\\\346\231\272\350\203\275\350\247\206\350\247\211\\RT1064_Library-master\\RT1064_Library-master\\SeekFree_RT1064_Opensource_Library\\project\\mdk" "../../libraries/sdk/drives\\fsl_gpio.h"
	.loc	5 150 0 is_stmt 1               @ ../../libraries/sdk/drives\fsl_gpio.h:150:0
	.fnstart
	.cfi_startproc
@ %bb.0:
	.save	{r7, lr}
	push	{r7, lr}
	.cfi_def_cfa_offset 8
	.cfi_offset lr, -4
	.cfi_offset r7, -8
	.pad	#8
	sub	sp, #8
	.cfi_def_cfa_offset 16
	str	r0, [sp, #4]
	str	r1, [sp]
.Ltmp43:
	.loc	5 151 20 prologue_end           @ ../../libraries/sdk/drives\fsl_gpio.h:151:20
	ldr	r0, [sp, #4]
	.loc	5 151 26 is_stmt 0              @ ../../libraries/sdk/drives\fsl_gpio.h:151:26
	ldr	r1, [sp]
	.loc	5 151 5                         @ ../../libraries/sdk/drives\fsl_gpio.h:151:5
	bl	GPIO_PortClear
	.loc	5 152 1 is_stmt 1               @ ../../libraries/sdk/drives\fsl_gpio.h:152:1
	add	sp, #8
	pop	{r7, pc}
.Ltmp44:
.Lfunc_end7:
	.size	GPIO_ClearPinsOutput, .Lfunc_end7-GPIO_ClearPinsOutput
	.cfi_endproc
	.cantunwind
	.fnend
                                        @ -- End function
	.section	.text.GPIO_SetPinsOutput,"ax",%progbits
	.p2align	3                               @ -- Begin function GPIO_SetPinsOutput
	.type	GPIO_SetPinsOutput,%function
	.code	16                              @ @GPIO_SetPinsOutput
	.thumb_func
GPIO_SetPinsOutput:
.Lfunc_begin8:
	.loc	5 126 0                         @ ../../libraries/sdk/drives\fsl_gpio.h:126:0
	.fnstart
	.cfi_startproc
@ %bb.0:
	.save	{r7, lr}
	push	{r7, lr}
	.cfi_def_cfa_offset 8
	.cfi_offset lr, -4
	.cfi_offset r7, -8
	.pad	#8
	sub	sp, #8
	.cfi_def_cfa_offset 16
	str	r0, [sp, #4]
	str	r1, [sp]
.Ltmp45:
	.loc	5 127 18 prologue_end           @ ../../libraries/sdk/drives\fsl_gpio.h:127:18
	ldr	r0, [sp, #4]
	.loc	5 127 24 is_stmt 0              @ ../../libraries/sdk/drives\fsl_gpio.h:127:24
	ldr	r1, [sp]
	.loc	5 127 5                         @ ../../libraries/sdk/drives\fsl_gpio.h:127:5
	bl	GPIO_PortSet
	.loc	5 128 1 is_stmt 1               @ ../../libraries/sdk/drives\fsl_gpio.h:128:1
	add	sp, #8
	pop	{r7, pc}
.Ltmp46:
.Lfunc_end8:
	.size	GPIO_SetPinsOutput, .Lfunc_end8-GPIO_SetPinsOutput
	.cfi_endproc
	.cantunwind
	.fnend
                                        @ -- End function
	.section	.text.GPIO_PortClear,"ax",%progbits
	.p2align	3                               @ -- Begin function GPIO_PortClear
	.type	GPIO_PortClear,%function
	.code	16                              @ @GPIO_PortClear
	.thumb_func
GPIO_PortClear:
.Lfunc_begin9:
	.loc	5 137 0                         @ ../../libraries/sdk/drives\fsl_gpio.h:137:0
	.fnstart
	.cfi_startproc
@ %bb.0:
	.pad	#8
	sub	sp, #8
	.cfi_def_cfa_offset 8
	str	r0, [sp, #4]
	str	r1, [sp]
.Ltmp47:
	.loc	5 139 22 prologue_end           @ ../../libraries/sdk/drives\fsl_gpio.h:139:22
	ldr	r0, [sp]
	.loc	5 139 5 is_stmt 0               @ ../../libraries/sdk/drives\fsl_gpio.h:139:5
	ldr	r1, [sp, #4]
	.loc	5 139 20                        @ ../../libraries/sdk/drives\fsl_gpio.h:139:20
	str.w	r0, [r1, #136]
	.loc	5 143 1 is_stmt 1               @ ../../libraries/sdk/drives\fsl_gpio.h:143:1
	add	sp, #8
	bx	lr
.Ltmp48:
.Lfunc_end9:
	.size	GPIO_PortClear, .Lfunc_end9-GPIO_PortClear
	.cfi_endproc
	.cantunwind
	.fnend
                                        @ -- End function
	.section	.text.GPIO_PortSet,"ax",%progbits
	.p2align	3                               @ -- Begin function GPIO_PortSet
	.type	GPIO_PortSet,%function
	.code	16                              @ @GPIO_PortSet
	.thumb_func
GPIO_PortSet:
.Lfunc_begin10:
	.loc	5 113 0                         @ ../../libraries/sdk/drives\fsl_gpio.h:113:0
	.fnstart
	.cfi_startproc
@ %bb.0:
	.pad	#8
	sub	sp, #8
	.cfi_def_cfa_offset 8
	str	r0, [sp, #4]
	str	r1, [sp]
.Ltmp49:
	.loc	5 115 20 prologue_end           @ ../../libraries/sdk/drives\fsl_gpio.h:115:20
	ldr	r0, [sp]
	.loc	5 115 5 is_stmt 0               @ ../../libraries/sdk/drives\fsl_gpio.h:115:5
	ldr	r1, [sp, #4]
	.loc	5 115 18                        @ ../../libraries/sdk/drives\fsl_gpio.h:115:18
	str.w	r0, [r1, #132]
	.loc	5 119 1 is_stmt 1               @ ../../libraries/sdk/drives\fsl_gpio.h:119:1
	add	sp, #8
	bx	lr
.Ltmp50:
.Lfunc_end10:
	.size	GPIO_PortSet, .Lfunc_end10-GPIO_PortSet
	.cfi_endproc
	.cantunwind
	.fnend
                                        @ -- End function
	.hidden	icm20602_gyro_x                 @ @icm20602_gyro_x
	.type	icm20602_gyro_x,%object
	.section	.bss.icm20602_gyro_x,"aw",%nobits
	.globl	icm20602_gyro_x
	.p2align	1, 0x0
icm20602_gyro_x:
	.short	0                               @ 0x0
	.size	icm20602_gyro_x, 2

	.hidden	icm20602_gyro_y                 @ @icm20602_gyro_y
	.type	icm20602_gyro_y,%object
	.section	.bss.icm20602_gyro_y,"aw",%nobits
	.globl	icm20602_gyro_y
	.p2align	1, 0x0
icm20602_gyro_y:
	.short	0                               @ 0x0
	.size	icm20602_gyro_y, 2

	.hidden	icm20602_gyro_z                 @ @icm20602_gyro_z
	.type	icm20602_gyro_z,%object
	.section	.bss.icm20602_gyro_z,"aw",%nobits
	.globl	icm20602_gyro_z
	.p2align	1, 0x0
icm20602_gyro_z:
	.short	0                               @ 0x0
	.size	icm20602_gyro_z, 2

	.hidden	icm20602_acc_x                  @ @icm20602_acc_x
	.type	icm20602_acc_x,%object
	.section	.bss.icm20602_acc_x,"aw",%nobits
	.globl	icm20602_acc_x
	.p2align	1, 0x0
icm20602_acc_x:
	.short	0                               @ 0x0
	.size	icm20602_acc_x, 2

	.hidden	icm20602_acc_y                  @ @icm20602_acc_y
	.type	icm20602_acc_y,%object
	.section	.bss.icm20602_acc_y,"aw",%nobits
	.globl	icm20602_acc_y
	.p2align	1, 0x0
icm20602_acc_y:
	.short	0                               @ 0x0
	.size	icm20602_acc_y, 2

	.hidden	icm20602_acc_z                  @ @icm20602_acc_z
	.type	icm20602_acc_z,%object
	.section	.bss.icm20602_acc_z,"aw",%nobits
	.globl	icm20602_acc_z
	.p2align	1, 0x0
icm20602_acc_z:
	.short	0                               @ 0x0
	.size	icm20602_acc_z, 2

	.hidden	icm20602_transition_factor      @ @icm20602_transition_factor
	.type	icm20602_transition_factor,%object
	.section	.data.icm20602_transition_factor,"aw",%progbits
	.globl	icm20602_transition_factor
	.p2align	2, 0x0
icm20602_transition_factor:
	.long	0x45800000                      @ float 4096
	.long	0x41833333                      @ float 16.3999996
	.size	icm20602_transition_factor, 8

	.type	.L.str,%object                  @ @.str
	.section	.rodata.str1.1,"aMS",%progbits,1
.L.str:
	.asciz	"icm20602 self check error."
	.size	.L.str, 27

	.type	.L.str.1,%object                @ @.str.1
.L.str.1:
	.asciz	"../../libraries/zf_device/zf_device_icm20602.c"
	.size	.L.str.1, 47

	.type	.L.str.2,%object                @ @.str.2
.L.str.2:
	.asciz	"icm20602 reset error."
	.size	.L.str.2, 22

	.file	6 "D:\\KEIL\\ARM\\ARMCLANG\\Bin\\..\\include" "stdint.h"
	.file	7 "E:\\FILE_SMART_CAR\\\346\231\272\350\203\275\350\247\206\350\247\211\\RT1064_Library-master\\RT1064_Library-master\\SeekFree_RT1064_Opensource_Library\\project\\mdk" "../../libraries/sdk/deceive\\MIMXRT1064.h"
	.section	.debug_abbrev,"",%progbits
	.byte	1                               @ Abbreviation Code
	.byte	17                              @ DW_TAG_compile_unit
	.byte	1                               @ DW_CHILDREN_yes
	.byte	37                              @ DW_AT_producer
	.byte	14                              @ DW_FORM_strp
	.byte	19                              @ DW_AT_language
	.byte	5                               @ DW_FORM_data2
	.byte	3                               @ DW_AT_name
	.byte	14                              @ DW_FORM_strp
	.byte	16                              @ DW_AT_stmt_list
	.byte	23                              @ DW_FORM_sec_offset
	.byte	27                              @ DW_AT_comp_dir
	.byte	14                              @ DW_FORM_strp
	.byte	17                              @ DW_AT_low_pc
	.byte	1                               @ DW_FORM_addr
	.byte	85                              @ DW_AT_ranges
	.byte	23                              @ DW_FORM_sec_offset
	.byte	0                               @ EOM(1)
	.byte	0                               @ EOM(2)
	.byte	2                               @ Abbreviation Code
	.byte	52                              @ DW_TAG_variable
	.byte	0                               @ DW_CHILDREN_no
	.byte	3                               @ DW_AT_name
	.byte	14                              @ DW_FORM_strp
	.byte	73                              @ DW_AT_type
	.byte	19                              @ DW_FORM_ref4
	.byte	63                              @ DW_AT_external
	.byte	25                              @ DW_FORM_flag_present
	.byte	58                              @ DW_AT_decl_file
	.byte	11                              @ DW_FORM_data1
	.byte	59                              @ DW_AT_decl_line
	.byte	11                              @ DW_FORM_data1
	.byte	2                               @ DW_AT_location
	.byte	24                              @ DW_FORM_exprloc
	.byte	0                               @ EOM(1)
	.byte	0                               @ EOM(2)
	.byte	3                               @ Abbreviation Code
	.byte	22                              @ DW_TAG_typedef
	.byte	0                               @ DW_CHILDREN_no
	.byte	73                              @ DW_AT_type
	.byte	19                              @ DW_FORM_ref4
	.byte	3                               @ DW_AT_name
	.byte	14                              @ DW_FORM_strp
	.byte	58                              @ DW_AT_decl_file
	.byte	11                              @ DW_FORM_data1
	.byte	59                              @ DW_AT_decl_line
	.byte	11                              @ DW_FORM_data1
	.byte	0                               @ EOM(1)
	.byte	0                               @ EOM(2)
	.byte	4                               @ Abbreviation Code
	.byte	36                              @ DW_TAG_base_type
	.byte	0                               @ DW_CHILDREN_no
	.byte	3                               @ DW_AT_name
	.byte	14                              @ DW_FORM_strp
	.byte	62                              @ DW_AT_encoding
	.byte	11                              @ DW_FORM_data1
	.byte	11                              @ DW_AT_byte_size
	.byte	11                              @ DW_FORM_data1
	.byte	0                               @ EOM(1)
	.byte	0                               @ EOM(2)
	.byte	5                               @ Abbreviation Code
	.byte	1                               @ DW_TAG_array_type
	.byte	1                               @ DW_CHILDREN_yes
	.byte	73                              @ DW_AT_type
	.byte	19                              @ DW_FORM_ref4
	.byte	0                               @ EOM(1)
	.byte	0                               @ EOM(2)
	.byte	6                               @ Abbreviation Code
	.byte	33                              @ DW_TAG_subrange_type
	.byte	0                               @ DW_CHILDREN_no
	.byte	73                              @ DW_AT_type
	.byte	19                              @ DW_FORM_ref4
	.byte	55                              @ DW_AT_count
	.byte	11                              @ DW_FORM_data1
	.byte	0                               @ EOM(1)
	.byte	0                               @ EOM(2)
	.byte	7                               @ Abbreviation Code
	.byte	36                              @ DW_TAG_base_type
	.byte	0                               @ DW_CHILDREN_no
	.byte	3                               @ DW_AT_name
	.byte	14                              @ DW_FORM_strp
	.byte	11                              @ DW_AT_byte_size
	.byte	11                              @ DW_FORM_data1
	.byte	62                              @ DW_AT_encoding
	.byte	11                              @ DW_FORM_data1
	.byte	0                               @ EOM(1)
	.byte	0                               @ EOM(2)
	.byte	8                               @ Abbreviation Code
	.byte	52                              @ DW_TAG_variable
	.byte	0                               @ DW_CHILDREN_no
	.byte	73                              @ DW_AT_type
	.byte	19                              @ DW_FORM_ref4
	.byte	58                              @ DW_AT_decl_file
	.byte	11                              @ DW_FORM_data1
	.byte	59                              @ DW_AT_decl_line
	.byte	11                              @ DW_FORM_data1
	.byte	2                               @ DW_AT_location
	.byte	24                              @ DW_FORM_exprloc
	.byte	0                               @ EOM(1)
	.byte	0                               @ EOM(2)
	.byte	9                               @ Abbreviation Code
	.byte	4                               @ DW_TAG_enumeration_type
	.byte	1                               @ DW_CHILDREN_yes
	.byte	73                              @ DW_AT_type
	.byte	19                              @ DW_FORM_ref4
	.byte	11                              @ DW_AT_byte_size
	.byte	11                              @ DW_FORM_data1
	.byte	58                              @ DW_AT_decl_file
	.byte	11                              @ DW_FORM_data1
	.byte	59                              @ DW_AT_decl_line
	.byte	11                              @ DW_FORM_data1
	.byte	0                               @ EOM(1)
	.byte	0                               @ EOM(2)
	.byte	10                              @ Abbreviation Code
	.byte	40                              @ DW_TAG_enumerator
	.byte	0                               @ DW_CHILDREN_no
	.byte	3                               @ DW_AT_name
	.byte	14                              @ DW_FORM_strp
	.byte	28                              @ DW_AT_const_value
	.byte	15                              @ DW_FORM_udata
	.byte	0                               @ EOM(1)
	.byte	0                               @ EOM(2)
	.byte	11                              @ Abbreviation Code
	.byte	46                              @ DW_TAG_subprogram
	.byte	1                               @ DW_CHILDREN_yes
	.byte	17                              @ DW_AT_low_pc
	.byte	1                               @ DW_FORM_addr
	.byte	18                              @ DW_AT_high_pc
	.byte	6                               @ DW_FORM_data4
	.byte	64                              @ DW_AT_frame_base
	.byte	24                              @ DW_FORM_exprloc
	.byte	3                               @ DW_AT_name
	.byte	14                              @ DW_FORM_strp
	.byte	58                              @ DW_AT_decl_file
	.byte	11                              @ DW_FORM_data1
	.byte	59                              @ DW_AT_decl_line
	.byte	11                              @ DW_FORM_data1
	.byte	39                              @ DW_AT_prototyped
	.byte	25                              @ DW_FORM_flag_present
	.byte	63                              @ DW_AT_external
	.byte	25                              @ DW_FORM_flag_present
	.byte	0                               @ EOM(1)
	.byte	0                               @ EOM(2)
	.byte	12                              @ Abbreviation Code
	.byte	52                              @ DW_TAG_variable
	.byte	0                               @ DW_CHILDREN_no
	.byte	2                               @ DW_AT_location
	.byte	24                              @ DW_FORM_exprloc
	.byte	3                               @ DW_AT_name
	.byte	14                              @ DW_FORM_strp
	.byte	58                              @ DW_AT_decl_file
	.byte	11                              @ DW_FORM_data1
	.byte	59                              @ DW_AT_decl_line
	.byte	11                              @ DW_FORM_data1
	.byte	73                              @ DW_AT_type
	.byte	19                              @ DW_FORM_ref4
	.byte	0                               @ EOM(1)
	.byte	0                               @ EOM(2)
	.byte	13                              @ Abbreviation Code
	.byte	46                              @ DW_TAG_subprogram
	.byte	1                               @ DW_CHILDREN_yes
	.byte	17                              @ DW_AT_low_pc
	.byte	1                               @ DW_FORM_addr
	.byte	18                              @ DW_AT_high_pc
	.byte	6                               @ DW_FORM_data4
	.byte	64                              @ DW_AT_frame_base
	.byte	24                              @ DW_FORM_exprloc
	.byte	3                               @ DW_AT_name
	.byte	14                              @ DW_FORM_strp
	.byte	58                              @ DW_AT_decl_file
	.byte	11                              @ DW_FORM_data1
	.byte	59                              @ DW_AT_decl_line
	.byte	11                              @ DW_FORM_data1
	.byte	39                              @ DW_AT_prototyped
	.byte	25                              @ DW_FORM_flag_present
	.byte	0                               @ EOM(1)
	.byte	0                               @ EOM(2)
	.byte	14                              @ Abbreviation Code
	.byte	5                               @ DW_TAG_formal_parameter
	.byte	0                               @ DW_CHILDREN_no
	.byte	2                               @ DW_AT_location
	.byte	24                              @ DW_FORM_exprloc
	.byte	3                               @ DW_AT_name
	.byte	14                              @ DW_FORM_strp
	.byte	58                              @ DW_AT_decl_file
	.byte	11                              @ DW_FORM_data1
	.byte	59                              @ DW_AT_decl_line
	.byte	11                              @ DW_FORM_data1
	.byte	73                              @ DW_AT_type
	.byte	19                              @ DW_FORM_ref4
	.byte	0                               @ EOM(1)
	.byte	0                               @ EOM(2)
	.byte	15                              @ Abbreviation Code
	.byte	46                              @ DW_TAG_subprogram
	.byte	1                               @ DW_CHILDREN_yes
	.byte	17                              @ DW_AT_low_pc
	.byte	1                               @ DW_FORM_addr
	.byte	18                              @ DW_AT_high_pc
	.byte	6                               @ DW_FORM_data4
	.byte	64                              @ DW_AT_frame_base
	.byte	24                              @ DW_FORM_exprloc
	.byte	3                               @ DW_AT_name
	.byte	14                              @ DW_FORM_strp
	.byte	58                              @ DW_AT_decl_file
	.byte	11                              @ DW_FORM_data1
	.byte	59                              @ DW_AT_decl_line
	.byte	11                              @ DW_FORM_data1
	.byte	39                              @ DW_AT_prototyped
	.byte	25                              @ DW_FORM_flag_present
	.byte	73                              @ DW_AT_type
	.byte	19                              @ DW_FORM_ref4
	.byte	63                              @ DW_AT_external
	.byte	25                              @ DW_FORM_flag_present
	.byte	0                               @ EOM(1)
	.byte	0                               @ EOM(2)
	.byte	16                              @ Abbreviation Code
	.byte	46                              @ DW_TAG_subprogram
	.byte	1                               @ DW_CHILDREN_yes
	.byte	17                              @ DW_AT_low_pc
	.byte	1                               @ DW_FORM_addr
	.byte	18                              @ DW_AT_high_pc
	.byte	6                               @ DW_FORM_data4
	.byte	64                              @ DW_AT_frame_base
	.byte	24                              @ DW_FORM_exprloc
	.byte	3                               @ DW_AT_name
	.byte	14                              @ DW_FORM_strp
	.byte	58                              @ DW_AT_decl_file
	.byte	11                              @ DW_FORM_data1
	.byte	59                              @ DW_AT_decl_line
	.byte	11                              @ DW_FORM_data1
	.byte	39                              @ DW_AT_prototyped
	.byte	25                              @ DW_FORM_flag_present
	.byte	73                              @ DW_AT_type
	.byte	19                              @ DW_FORM_ref4
	.byte	0                               @ EOM(1)
	.byte	0                               @ EOM(2)
	.byte	17                              @ Abbreviation Code
	.byte	15                              @ DW_TAG_pointer_type
	.byte	0                               @ DW_CHILDREN_no
	.byte	73                              @ DW_AT_type
	.byte	19                              @ DW_FORM_ref4
	.byte	0                               @ EOM(1)
	.byte	0                               @ EOM(2)
	.byte	18                              @ Abbreviation Code
	.byte	22                              @ DW_TAG_typedef
	.byte	0                               @ DW_CHILDREN_no
	.byte	73                              @ DW_AT_type
	.byte	19                              @ DW_FORM_ref4
	.byte	3                               @ DW_AT_name
	.byte	14                              @ DW_FORM_strp
	.byte	58                              @ DW_AT_decl_file
	.byte	11                              @ DW_FORM_data1
	.byte	59                              @ DW_AT_decl_line
	.byte	5                               @ DW_FORM_data2
	.byte	0                               @ EOM(1)
	.byte	0                               @ EOM(2)
	.byte	19                              @ Abbreviation Code
	.byte	19                              @ DW_TAG_structure_type
	.byte	1                               @ DW_CHILDREN_yes
	.byte	11                              @ DW_AT_byte_size
	.byte	11                              @ DW_FORM_data1
	.byte	58                              @ DW_AT_decl_file
	.byte	11                              @ DW_FORM_data1
	.byte	59                              @ DW_AT_decl_line
	.byte	5                               @ DW_FORM_data2
	.byte	0                               @ EOM(1)
	.byte	0                               @ EOM(2)
	.byte	20                              @ Abbreviation Code
	.byte	13                              @ DW_TAG_member
	.byte	0                               @ DW_CHILDREN_no
	.byte	3                               @ DW_AT_name
	.byte	14                              @ DW_FORM_strp
	.byte	73                              @ DW_AT_type
	.byte	19                              @ DW_FORM_ref4
	.byte	58                              @ DW_AT_decl_file
	.byte	11                              @ DW_FORM_data1
	.byte	59                              @ DW_AT_decl_line
	.byte	5                               @ DW_FORM_data2
	.byte	56                              @ DW_AT_data_member_location
	.byte	11                              @ DW_FORM_data1
	.byte	0                               @ EOM(1)
	.byte	0                               @ EOM(2)
	.byte	21                              @ Abbreviation Code
	.byte	53                              @ DW_TAG_volatile_type
	.byte	0                               @ DW_CHILDREN_no
	.byte	73                              @ DW_AT_type
	.byte	19                              @ DW_FORM_ref4
	.byte	0                               @ EOM(1)
	.byte	0                               @ EOM(2)
	.byte	22                              @ Abbreviation Code
	.byte	38                              @ DW_TAG_const_type
	.byte	0                               @ DW_CHILDREN_no
	.byte	73                              @ DW_AT_type
	.byte	19                              @ DW_FORM_ref4
	.byte	0                               @ EOM(1)
	.byte	0                               @ EOM(2)
	.byte	0                               @ EOM(3)
	.section	.debug_info,"",%progbits
.Lcu_begin0:
	.long	.Ldebug_info_end0-.Ldebug_info_start0 @ Length of Unit
.Ldebug_info_start0:
	.short	4                               @ DWARF version number
	.long	.debug_abbrev                   @ Offset Into Abbrev. Section
	.byte	4                               @ Address Size (in bytes)
	.byte	1                               @ Abbrev [1] 0xb:0x818 DW_TAG_compile_unit
	.long	.Linfo_string0                  @ DW_AT_producer
	.short	12                              @ DW_AT_language
	.long	.Linfo_string1                  @ DW_AT_name
	.long	.Lline_table_start0             @ DW_AT_stmt_list
	.long	.Linfo_string2                  @ DW_AT_comp_dir
	.long	0                               @ DW_AT_low_pc
	.long	.Ldebug_ranges0                 @ DW_AT_ranges
	.byte	2                               @ Abbrev [2] 0x26:0x11 DW_TAG_variable
	.long	.Linfo_string3                  @ DW_AT_name
	.long	55                              @ DW_AT_type
                                        @ DW_AT_external
	.byte	2                               @ DW_AT_decl_file
	.byte	65                              @ DW_AT_decl_line
	.byte	5                               @ DW_AT_location
	.byte	3
	.long	icm20602_gyro_x
	.byte	3                               @ Abbrev [3] 0x37:0xb DW_TAG_typedef
	.long	66                              @ DW_AT_type
	.long	.Linfo_string5                  @ DW_AT_name
	.byte	1                               @ DW_AT_decl_file
	.byte	61                              @ DW_AT_decl_line
	.byte	4                               @ Abbrev [4] 0x42:0x7 DW_TAG_base_type
	.long	.Linfo_string4                  @ DW_AT_name
	.byte	5                               @ DW_AT_encoding
	.byte	2                               @ DW_AT_byte_size
	.byte	2                               @ Abbrev [2] 0x49:0x11 DW_TAG_variable
	.long	.Linfo_string6                  @ DW_AT_name
	.long	55                              @ DW_AT_type
                                        @ DW_AT_external
	.byte	2                               @ DW_AT_decl_file
	.byte	65                              @ DW_AT_decl_line
	.byte	5                               @ DW_AT_location
	.byte	3
	.long	icm20602_gyro_y
	.byte	2                               @ Abbrev [2] 0x5a:0x11 DW_TAG_variable
	.long	.Linfo_string7                  @ DW_AT_name
	.long	55                              @ DW_AT_type
                                        @ DW_AT_external
	.byte	2                               @ DW_AT_decl_file
	.byte	65                              @ DW_AT_decl_line
	.byte	5                               @ DW_AT_location
	.byte	3
	.long	icm20602_gyro_z
	.byte	2                               @ Abbrev [2] 0x6b:0x11 DW_TAG_variable
	.long	.Linfo_string8                  @ DW_AT_name
	.long	55                              @ DW_AT_type
                                        @ DW_AT_external
	.byte	2                               @ DW_AT_decl_file
	.byte	66                              @ DW_AT_decl_line
	.byte	5                               @ DW_AT_location
	.byte	3
	.long	icm20602_acc_x
	.byte	2                               @ Abbrev [2] 0x7c:0x11 DW_TAG_variable
	.long	.Linfo_string9                  @ DW_AT_name
	.long	55                              @ DW_AT_type
                                        @ DW_AT_external
	.byte	2                               @ DW_AT_decl_file
	.byte	66                              @ DW_AT_decl_line
	.byte	5                               @ DW_AT_location
	.byte	3
	.long	icm20602_acc_y
	.byte	2                               @ Abbrev [2] 0x8d:0x11 DW_TAG_variable
	.long	.Linfo_string10                 @ DW_AT_name
	.long	55                              @ DW_AT_type
                                        @ DW_AT_external
	.byte	2                               @ DW_AT_decl_file
	.byte	66                              @ DW_AT_decl_line
	.byte	5                               @ DW_AT_location
	.byte	3
	.long	icm20602_acc_z
	.byte	2                               @ Abbrev [2] 0x9e:0x11 DW_TAG_variable
	.long	.Linfo_string11                 @ DW_AT_name
	.long	175                             @ DW_AT_type
                                        @ DW_AT_external
	.byte	2                               @ DW_AT_decl_file
	.byte	67                              @ DW_AT_decl_line
	.byte	5                               @ DW_AT_location
	.byte	3
	.long	icm20602_transition_factor
	.byte	5                               @ Abbrev [5] 0xaf:0xc DW_TAG_array_type
	.long	187                             @ DW_AT_type
	.byte	6                               @ Abbrev [6] 0xb4:0x6 DW_TAG_subrange_type
	.long	194                             @ DW_AT_type
	.byte	2                               @ DW_AT_count
	.byte	0                               @ End Of Children Mark
	.byte	4                               @ Abbrev [4] 0xbb:0x7 DW_TAG_base_type
	.long	.Linfo_string12                 @ DW_AT_name
	.byte	4                               @ DW_AT_encoding
	.byte	4                               @ DW_AT_byte_size
	.byte	7                               @ Abbrev [7] 0xc2:0x7 DW_TAG_base_type
	.long	.Linfo_string13                 @ DW_AT_name
	.byte	8                               @ DW_AT_byte_size
	.byte	7                               @ DW_AT_encoding
	.byte	8                               @ Abbrev [8] 0xc9:0xd DW_TAG_variable
	.long	214                             @ DW_AT_type
	.byte	2                               @ DW_AT_decl_file
	.byte	237                             @ DW_AT_decl_line
	.byte	5                               @ DW_AT_location
	.byte	3
	.long	.L.str
	.byte	5                               @ Abbrev [5] 0xd6:0xc DW_TAG_array_type
	.long	226                             @ DW_AT_type
	.byte	6                               @ Abbrev [6] 0xdb:0x6 DW_TAG_subrange_type
	.long	194                             @ DW_AT_type
	.byte	27                              @ DW_AT_count
	.byte	0                               @ End Of Children Mark
	.byte	4                               @ Abbrev [4] 0xe2:0x7 DW_TAG_base_type
	.long	.Linfo_string14                 @ DW_AT_name
	.byte	6                               @ DW_AT_encoding
	.byte	1                               @ DW_AT_byte_size
	.byte	8                               @ Abbrev [8] 0xe9:0xd DW_TAG_variable
	.long	246                             @ DW_AT_type
	.byte	2                               @ DW_AT_decl_file
	.byte	237                             @ DW_AT_decl_line
	.byte	5                               @ DW_AT_location
	.byte	3
	.long	.L.str.1
	.byte	5                               @ Abbrev [5] 0xf6:0xc DW_TAG_array_type
	.long	226                             @ DW_AT_type
	.byte	6                               @ Abbrev [6] 0xfb:0x6 DW_TAG_subrange_type
	.long	194                             @ DW_AT_type
	.byte	47                              @ DW_AT_count
	.byte	0                               @ End Of Children Mark
	.byte	8                               @ Abbrev [8] 0x102:0xd DW_TAG_variable
	.long	271                             @ DW_AT_type
	.byte	2                               @ DW_AT_decl_file
	.byte	253                             @ DW_AT_decl_line
	.byte	5                               @ DW_AT_location
	.byte	3
	.long	.L.str.2
	.byte	5                               @ Abbrev [5] 0x10f:0xc DW_TAG_array_type
	.long	226                             @ DW_AT_type
	.byte	6                               @ Abbrev [6] 0x114:0x6 DW_TAG_subrange_type
	.long	194                             @ DW_AT_type
	.byte	22                              @ DW_AT_count
	.byte	0                               @ End Of Children Mark
	.byte	9                               @ Abbrev [9] 0x11b:0x21 DW_TAG_enumeration_type
	.long	316                             @ DW_AT_type
	.byte	1                               @ DW_AT_byte_size
	.byte	3                               @ DW_AT_decl_file
	.byte	111                             @ DW_AT_decl_line
	.byte	10                              @ Abbrev [10] 0x123:0x6 DW_TAG_enumerator
	.long	.Linfo_string16                 @ DW_AT_name
	.byte	1                               @ DW_AT_const_value
	.byte	10                              @ Abbrev [10] 0x129:0x6 DW_TAG_enumerator
	.long	.Linfo_string17                 @ DW_AT_name
	.byte	3                               @ DW_AT_const_value
	.byte	10                              @ Abbrev [10] 0x12f:0x6 DW_TAG_enumerator
	.long	.Linfo_string18                 @ DW_AT_name
	.byte	4                               @ DW_AT_const_value
	.byte	10                              @ Abbrev [10] 0x135:0x6 DW_TAG_enumerator
	.long	.Linfo_string19                 @ DW_AT_name
	.byte	5                               @ DW_AT_const_value
	.byte	0                               @ End Of Children Mark
	.byte	4                               @ Abbrev [4] 0x13c:0x7 DW_TAG_base_type
	.long	.Linfo_string15                 @ DW_AT_name
	.byte	8                               @ DW_AT_encoding
	.byte	1                               @ DW_AT_byte_size
	.byte	9                               @ Abbrev [9] 0x143:0x21 DW_TAG_enumeration_type
	.long	316                             @ DW_AT_type
	.byte	1                               @ DW_AT_byte_size
	.byte	3                               @ DW_AT_decl_file
	.byte	97                              @ DW_AT_decl_line
	.byte	10                              @ Abbrev [10] 0x14b:0x6 DW_TAG_enumerator
	.long	.Linfo_string20                 @ DW_AT_name
	.byte	0                               @ DW_AT_const_value
	.byte	10                              @ Abbrev [10] 0x151:0x6 DW_TAG_enumerator
	.long	.Linfo_string21                 @ DW_AT_name
	.byte	1                               @ DW_AT_const_value
	.byte	10                              @ Abbrev [10] 0x157:0x6 DW_TAG_enumerator
	.long	.Linfo_string22                 @ DW_AT_name
	.byte	2                               @ DW_AT_const_value
	.byte	10                              @ Abbrev [10] 0x15d:0x6 DW_TAG_enumerator
	.long	.Linfo_string23                 @ DW_AT_name
	.byte	3                               @ DW_AT_const_value
	.byte	0                               @ End Of Children Mark
	.byte	9                               @ Abbrev [9] 0x164:0x27 DW_TAG_enumeration_type
	.long	316                             @ DW_AT_type
	.byte	1                               @ DW_AT_byte_size
	.byte	3                               @ DW_AT_decl_file
	.byte	43                              @ DW_AT_decl_line
	.byte	10                              @ Abbrev [10] 0x16c:0x6 DW_TAG_enumerator
	.long	.Linfo_string24                 @ DW_AT_name
	.byte	16                              @ DW_AT_const_value
	.byte	10                              @ Abbrev [10] 0x172:0x6 DW_TAG_enumerator
	.long	.Linfo_string25                 @ DW_AT_name
	.byte	48                              @ DW_AT_const_value
	.byte	10                              @ Abbrev [10] 0x178:0x6 DW_TAG_enumerator
	.long	.Linfo_string26                 @ DW_AT_name
	.byte	49                              @ DW_AT_const_value
	.byte	10                              @ Abbrev [10] 0x17e:0x6 DW_TAG_enumerator
	.long	.Linfo_string27                 @ DW_AT_name
	.byte	64                              @ DW_AT_const_value
	.byte	10                              @ Abbrev [10] 0x184:0x6 DW_TAG_enumerator
	.long	.Linfo_string28                 @ DW_AT_name
	.byte	65                              @ DW_AT_const_value
	.byte	0                               @ End Of Children Mark
	.byte	9                               @ Abbrev [9] 0x18b:0x27 DW_TAG_enumeration_type
	.long	316                             @ DW_AT_type
	.byte	1                               @ DW_AT_byte_size
	.byte	3                               @ DW_AT_decl_file
	.byte	55                              @ DW_AT_decl_line
	.byte	10                              @ Abbrev [10] 0x193:0x6 DW_TAG_enumerator
	.long	.Linfo_string29                 @ DW_AT_name
	.byte	16                              @ DW_AT_const_value
	.byte	10                              @ Abbrev [10] 0x199:0x6 DW_TAG_enumerator
	.long	.Linfo_string30                 @ DW_AT_name
	.byte	48                              @ DW_AT_const_value
	.byte	10                              @ Abbrev [10] 0x19f:0x6 DW_TAG_enumerator
	.long	.Linfo_string31                 @ DW_AT_name
	.byte	49                              @ DW_AT_const_value
	.byte	10                              @ Abbrev [10] 0x1a5:0x6 DW_TAG_enumerator
	.long	.Linfo_string32                 @ DW_AT_name
	.byte	64                              @ DW_AT_const_value
	.byte	10                              @ Abbrev [10] 0x1ab:0x6 DW_TAG_enumerator
	.long	.Linfo_string33                 @ DW_AT_name
	.byte	65                              @ DW_AT_const_value
	.byte	0                               @ End Of Children Mark
	.byte	9                               @ Abbrev [9] 0x1b2:0x2f DW_TAG_enumeration_type
	.long	481                             @ DW_AT_type
	.byte	2                               @ DW_AT_byte_size
	.byte	3                               @ DW_AT_decl_file
	.byte	67                              @ DW_AT_decl_line
	.byte	10                              @ Abbrev [10] 0x1ba:0x8 DW_TAG_enumerator
	.long	.Linfo_string35                 @ DW_AT_name
	.ascii	"\377\377\003"                  @ DW_AT_const_value
	.byte	10                              @ Abbrev [10] 0x1c2:0x6 DW_TAG_enumerator
	.long	.Linfo_string36                 @ DW_AT_name
	.byte	16                              @ DW_AT_const_value
	.byte	10                              @ Abbrev [10] 0x1c8:0x6 DW_TAG_enumerator
	.long	.Linfo_string37                 @ DW_AT_name
	.byte	48                              @ DW_AT_const_value
	.byte	10                              @ Abbrev [10] 0x1ce:0x6 DW_TAG_enumerator
	.long	.Linfo_string38                 @ DW_AT_name
	.byte	49                              @ DW_AT_const_value
	.byte	10                              @ Abbrev [10] 0x1d4:0x6 DW_TAG_enumerator
	.long	.Linfo_string39                 @ DW_AT_name
	.byte	64                              @ DW_AT_const_value
	.byte	10                              @ Abbrev [10] 0x1da:0x6 DW_TAG_enumerator
	.long	.Linfo_string40                 @ DW_AT_name
	.byte	65                              @ DW_AT_const_value
	.byte	0                               @ End Of Children Mark
	.byte	4                               @ Abbrev [4] 0x1e1:0x7 DW_TAG_base_type
	.long	.Linfo_string34                 @ DW_AT_name
	.byte	7                               @ DW_AT_encoding
	.byte	2                               @ DW_AT_byte_size
	.byte	9                               @ Abbrev [9] 0x1e8:0x4d DW_TAG_enumeration_type
	.long	481                             @ DW_AT_type
	.byte	2                               @ DW_AT_byte_size
	.byte	3                               @ DW_AT_decl_file
	.byte	81                              @ DW_AT_decl_line
	.byte	10                              @ Abbrev [10] 0x1f0:0x8 DW_TAG_enumerator
	.long	.Linfo_string41                 @ DW_AT_name
	.ascii	"\377\377\003"                  @ DW_AT_const_value
	.byte	10                              @ Abbrev [10] 0x1f8:0x6 DW_TAG_enumerator
	.long	.Linfo_string42                 @ DW_AT_name
	.byte	16                              @ DW_AT_const_value
	.byte	10                              @ Abbrev [10] 0x1fe:0x6 DW_TAG_enumerator
	.long	.Linfo_string43                 @ DW_AT_name
	.byte	20                              @ DW_AT_const_value
	.byte	10                              @ Abbrev [10] 0x204:0x6 DW_TAG_enumerator
	.long	.Linfo_string44                 @ DW_AT_name
	.byte	22                              @ DW_AT_const_value
	.byte	10                              @ Abbrev [10] 0x20a:0x6 DW_TAG_enumerator
	.long	.Linfo_string45                 @ DW_AT_name
	.byte	48                              @ DW_AT_const_value
	.byte	10                              @ Abbrev [10] 0x210:0x6 DW_TAG_enumerator
	.long	.Linfo_string46                 @ DW_AT_name
	.byte	49                              @ DW_AT_const_value
	.byte	10                              @ Abbrev [10] 0x216:0x6 DW_TAG_enumerator
	.long	.Linfo_string47                 @ DW_AT_name
	.byte	64                              @ DW_AT_const_value
	.byte	10                              @ Abbrev [10] 0x21c:0x6 DW_TAG_enumerator
	.long	.Linfo_string48                 @ DW_AT_name
	.byte	65                              @ DW_AT_const_value
	.byte	10                              @ Abbrev [10] 0x222:0x6 DW_TAG_enumerator
	.long	.Linfo_string49                 @ DW_AT_name
	.byte	66                              @ DW_AT_const_value
	.byte	10                              @ Abbrev [10] 0x228:0x6 DW_TAG_enumerator
	.long	.Linfo_string50                 @ DW_AT_name
	.byte	68                              @ DW_AT_const_value
	.byte	10                              @ Abbrev [10] 0x22e:0x6 DW_TAG_enumerator
	.long	.Linfo_string51                 @ DW_AT_name
	.byte	70                              @ DW_AT_const_value
	.byte	0                               @ End Of Children Mark
	.byte	9                               @ Abbrev [9] 0x235:0x1b9 DW_TAG_enumeration_type
	.long	316                             @ DW_AT_type
	.byte	1                               @ DW_AT_byte_size
	.byte	4                               @ DW_AT_decl_file
	.byte	48                              @ DW_AT_decl_line
	.byte	10                              @ Abbrev [10] 0x23d:0x6 DW_TAG_enumerator
	.long	.Linfo_string52                 @ DW_AT_name
	.byte	32                              @ DW_AT_const_value
	.byte	10                              @ Abbrev [10] 0x243:0x6 DW_TAG_enumerator
	.long	.Linfo_string53                 @ DW_AT_name
	.byte	33                              @ DW_AT_const_value
	.byte	10                              @ Abbrev [10] 0x249:0x6 DW_TAG_enumerator
	.long	.Linfo_string54                 @ DW_AT_name
	.byte	34                              @ DW_AT_const_value
	.byte	10                              @ Abbrev [10] 0x24f:0x6 DW_TAG_enumerator
	.long	.Linfo_string55                 @ DW_AT_name
	.byte	35                              @ DW_AT_const_value
	.byte	10                              @ Abbrev [10] 0x255:0x6 DW_TAG_enumerator
	.long	.Linfo_string56                 @ DW_AT_name
	.byte	41                              @ DW_AT_const_value
	.byte	10                              @ Abbrev [10] 0x25b:0x6 DW_TAG_enumerator
	.long	.Linfo_string57                 @ DW_AT_name
	.byte	42                              @ DW_AT_const_value
	.byte	10                              @ Abbrev [10] 0x261:0x6 DW_TAG_enumerator
	.long	.Linfo_string58                 @ DW_AT_name
	.byte	43                              @ DW_AT_const_value
	.byte	10                              @ Abbrev [10] 0x267:0x6 DW_TAG_enumerator
	.long	.Linfo_string59                 @ DW_AT_name
	.byte	44                              @ DW_AT_const_value
	.byte	10                              @ Abbrev [10] 0x26d:0x6 DW_TAG_enumerator
	.long	.Linfo_string60                 @ DW_AT_name
	.byte	45                              @ DW_AT_const_value
	.byte	10                              @ Abbrev [10] 0x273:0x6 DW_TAG_enumerator
	.long	.Linfo_string61                 @ DW_AT_name
	.byte	46                              @ DW_AT_const_value
	.byte	10                              @ Abbrev [10] 0x279:0x6 DW_TAG_enumerator
	.long	.Linfo_string62                 @ DW_AT_name
	.byte	47                              @ DW_AT_const_value
	.byte	10                              @ Abbrev [10] 0x27f:0x6 DW_TAG_enumerator
	.long	.Linfo_string63                 @ DW_AT_name
	.byte	48                              @ DW_AT_const_value
	.byte	10                              @ Abbrev [10] 0x285:0x6 DW_TAG_enumerator
	.long	.Linfo_string64                 @ DW_AT_name
	.byte	49                              @ DW_AT_const_value
	.byte	10                              @ Abbrev [10] 0x28b:0x6 DW_TAG_enumerator
	.long	.Linfo_string65                 @ DW_AT_name
	.byte	50                              @ DW_AT_const_value
	.byte	10                              @ Abbrev [10] 0x291:0x6 DW_TAG_enumerator
	.long	.Linfo_string66                 @ DW_AT_name
	.byte	51                              @ DW_AT_const_value
	.byte	10                              @ Abbrev [10] 0x297:0x6 DW_TAG_enumerator
	.long	.Linfo_string67                 @ DW_AT_name
	.byte	52                              @ DW_AT_const_value
	.byte	10                              @ Abbrev [10] 0x29d:0x6 DW_TAG_enumerator
	.long	.Linfo_string68                 @ DW_AT_name
	.byte	53                              @ DW_AT_const_value
	.byte	10                              @ Abbrev [10] 0x2a3:0x6 DW_TAG_enumerator
	.long	.Linfo_string69                 @ DW_AT_name
	.byte	54                              @ DW_AT_const_value
	.byte	10                              @ Abbrev [10] 0x2a9:0x6 DW_TAG_enumerator
	.long	.Linfo_string70                 @ DW_AT_name
	.byte	55                              @ DW_AT_const_value
	.byte	10                              @ Abbrev [10] 0x2af:0x6 DW_TAG_enumerator
	.long	.Linfo_string71                 @ DW_AT_name
	.byte	56                              @ DW_AT_const_value
	.byte	10                              @ Abbrev [10] 0x2b5:0x6 DW_TAG_enumerator
	.long	.Linfo_string72                 @ DW_AT_name
	.byte	57                              @ DW_AT_const_value
	.byte	10                              @ Abbrev [10] 0x2bb:0x6 DW_TAG_enumerator
	.long	.Linfo_string73                 @ DW_AT_name
	.byte	58                              @ DW_AT_const_value
	.byte	10                              @ Abbrev [10] 0x2c1:0x6 DW_TAG_enumerator
	.long	.Linfo_string74                 @ DW_AT_name
	.byte	59                              @ DW_AT_const_value
	.byte	10                              @ Abbrev [10] 0x2c7:0x6 DW_TAG_enumerator
	.long	.Linfo_string75                 @ DW_AT_name
	.byte	60                              @ DW_AT_const_value
	.byte	10                              @ Abbrev [10] 0x2cd:0x6 DW_TAG_enumerator
	.long	.Linfo_string76                 @ DW_AT_name
	.byte	61                              @ DW_AT_const_value
	.byte	10                              @ Abbrev [10] 0x2d3:0x6 DW_TAG_enumerator
	.long	.Linfo_string77                 @ DW_AT_name
	.byte	62                              @ DW_AT_const_value
	.byte	10                              @ Abbrev [10] 0x2d9:0x6 DW_TAG_enumerator
	.long	.Linfo_string78                 @ DW_AT_name
	.byte	63                              @ DW_AT_const_value
	.byte	10                              @ Abbrev [10] 0x2df:0x6 DW_TAG_enumerator
	.long	.Linfo_string79                 @ DW_AT_name
	.byte	64                              @ DW_AT_const_value
	.byte	10                              @ Abbrev [10] 0x2e5:0x6 DW_TAG_enumerator
	.long	.Linfo_string80                 @ DW_AT_name
	.byte	65                              @ DW_AT_const_value
	.byte	10                              @ Abbrev [10] 0x2eb:0x6 DW_TAG_enumerator
	.long	.Linfo_string81                 @ DW_AT_name
	.byte	66                              @ DW_AT_const_value
	.byte	10                              @ Abbrev [10] 0x2f1:0x6 DW_TAG_enumerator
	.long	.Linfo_string82                 @ DW_AT_name
	.byte	67                              @ DW_AT_const_value
	.byte	10                              @ Abbrev [10] 0x2f7:0x6 DW_TAG_enumerator
	.long	.Linfo_string83                 @ DW_AT_name
	.byte	68                              @ DW_AT_const_value
	.byte	10                              @ Abbrev [10] 0x2fd:0x6 DW_TAG_enumerator
	.long	.Linfo_string84                 @ DW_AT_name
	.byte	69                              @ DW_AT_const_value
	.byte	10                              @ Abbrev [10] 0x303:0x6 DW_TAG_enumerator
	.long	.Linfo_string85                 @ DW_AT_name
	.byte	70                              @ DW_AT_const_value
	.byte	10                              @ Abbrev [10] 0x309:0x6 DW_TAG_enumerator
	.long	.Linfo_string86                 @ DW_AT_name
	.byte	71                              @ DW_AT_const_value
	.byte	10                              @ Abbrev [10] 0x30f:0x6 DW_TAG_enumerator
	.long	.Linfo_string87                 @ DW_AT_name
	.byte	72                              @ DW_AT_const_value
	.byte	10                              @ Abbrev [10] 0x315:0x6 DW_TAG_enumerator
	.long	.Linfo_string88                 @ DW_AT_name
	.byte	73                              @ DW_AT_const_value
	.byte	10                              @ Abbrev [10] 0x31b:0x6 DW_TAG_enumerator
	.long	.Linfo_string89                 @ DW_AT_name
	.byte	74                              @ DW_AT_const_value
	.byte	10                              @ Abbrev [10] 0x321:0x6 DW_TAG_enumerator
	.long	.Linfo_string90                 @ DW_AT_name
	.byte	75                              @ DW_AT_const_value
	.byte	10                              @ Abbrev [10] 0x327:0x6 DW_TAG_enumerator
	.long	.Linfo_string91                 @ DW_AT_name
	.byte	76                              @ DW_AT_const_value
	.byte	10                              @ Abbrev [10] 0x32d:0x6 DW_TAG_enumerator
	.long	.Linfo_string92                 @ DW_AT_name
	.byte	77                              @ DW_AT_const_value
	.byte	10                              @ Abbrev [10] 0x333:0x6 DW_TAG_enumerator
	.long	.Linfo_string93                 @ DW_AT_name
	.byte	78                              @ DW_AT_const_value
	.byte	10                              @ Abbrev [10] 0x339:0x6 DW_TAG_enumerator
	.long	.Linfo_string94                 @ DW_AT_name
	.byte	79                              @ DW_AT_const_value
	.byte	10                              @ Abbrev [10] 0x33f:0x6 DW_TAG_enumerator
	.long	.Linfo_string95                 @ DW_AT_name
	.byte	80                              @ DW_AT_const_value
	.byte	10                              @ Abbrev [10] 0x345:0x6 DW_TAG_enumerator
	.long	.Linfo_string96                 @ DW_AT_name
	.byte	81                              @ DW_AT_const_value
	.byte	10                              @ Abbrev [10] 0x34b:0x6 DW_TAG_enumerator
	.long	.Linfo_string97                 @ DW_AT_name
	.byte	82                              @ DW_AT_const_value
	.byte	10                              @ Abbrev [10] 0x351:0x6 DW_TAG_enumerator
	.long	.Linfo_string98                 @ DW_AT_name
	.byte	83                              @ DW_AT_const_value
	.byte	10                              @ Abbrev [10] 0x357:0x6 DW_TAG_enumerator
	.long	.Linfo_string99                 @ DW_AT_name
	.byte	84                              @ DW_AT_const_value
	.byte	10                              @ Abbrev [10] 0x35d:0x6 DW_TAG_enumerator
	.long	.Linfo_string100                @ DW_AT_name
	.byte	85                              @ DW_AT_const_value
	.byte	10                              @ Abbrev [10] 0x363:0x6 DW_TAG_enumerator
	.long	.Linfo_string101                @ DW_AT_name
	.byte	86                              @ DW_AT_const_value
	.byte	10                              @ Abbrev [10] 0x369:0x6 DW_TAG_enumerator
	.long	.Linfo_string102                @ DW_AT_name
	.byte	87                              @ DW_AT_const_value
	.byte	10                              @ Abbrev [10] 0x36f:0x6 DW_TAG_enumerator
	.long	.Linfo_string103                @ DW_AT_name
	.byte	88                              @ DW_AT_const_value
	.byte	10                              @ Abbrev [10] 0x375:0x6 DW_TAG_enumerator
	.long	.Linfo_string104                @ DW_AT_name
	.byte	89                              @ DW_AT_const_value
	.byte	10                              @ Abbrev [10] 0x37b:0x6 DW_TAG_enumerator
	.long	.Linfo_string105                @ DW_AT_name
	.byte	90                              @ DW_AT_const_value
	.byte	10                              @ Abbrev [10] 0x381:0x6 DW_TAG_enumerator
	.long	.Linfo_string106                @ DW_AT_name
	.byte	91                              @ DW_AT_const_value
	.byte	10                              @ Abbrev [10] 0x387:0x6 DW_TAG_enumerator
	.long	.Linfo_string107                @ DW_AT_name
	.byte	92                              @ DW_AT_const_value
	.byte	10                              @ Abbrev [10] 0x38d:0x6 DW_TAG_enumerator
	.long	.Linfo_string108                @ DW_AT_name
	.byte	93                              @ DW_AT_const_value
	.byte	10                              @ Abbrev [10] 0x393:0x6 DW_TAG_enumerator
	.long	.Linfo_string109                @ DW_AT_name
	.byte	94                              @ DW_AT_const_value
	.byte	10                              @ Abbrev [10] 0x399:0x6 DW_TAG_enumerator
	.long	.Linfo_string110                @ DW_AT_name
	.byte	95                              @ DW_AT_const_value
	.byte	10                              @ Abbrev [10] 0x39f:0x6 DW_TAG_enumerator
	.long	.Linfo_string111                @ DW_AT_name
	.byte	96                              @ DW_AT_const_value
	.byte	10                              @ Abbrev [10] 0x3a5:0x6 DW_TAG_enumerator
	.long	.Linfo_string112                @ DW_AT_name
	.byte	97                              @ DW_AT_const_value
	.byte	10                              @ Abbrev [10] 0x3ab:0x6 DW_TAG_enumerator
	.long	.Linfo_string113                @ DW_AT_name
	.byte	98                              @ DW_AT_const_value
	.byte	10                              @ Abbrev [10] 0x3b1:0x6 DW_TAG_enumerator
	.long	.Linfo_string114                @ DW_AT_name
	.byte	99                              @ DW_AT_const_value
	.byte	10                              @ Abbrev [10] 0x3b7:0x6 DW_TAG_enumerator
	.long	.Linfo_string115                @ DW_AT_name
	.byte	100                             @ DW_AT_const_value
	.byte	10                              @ Abbrev [10] 0x3bd:0x6 DW_TAG_enumerator
	.long	.Linfo_string116                @ DW_AT_name
	.byte	108                             @ DW_AT_const_value
	.byte	10                              @ Abbrev [10] 0x3c3:0x6 DW_TAG_enumerator
	.long	.Linfo_string117                @ DW_AT_name
	.byte	109                             @ DW_AT_const_value
	.byte	10                              @ Abbrev [10] 0x3c9:0x6 DW_TAG_enumerator
	.long	.Linfo_string118                @ DW_AT_name
	.byte	110                             @ DW_AT_const_value
	.byte	10                              @ Abbrev [10] 0x3cf:0x6 DW_TAG_enumerator
	.long	.Linfo_string119                @ DW_AT_name
	.byte	111                             @ DW_AT_const_value
	.byte	10                              @ Abbrev [10] 0x3d5:0x6 DW_TAG_enumerator
	.long	.Linfo_string120                @ DW_AT_name
	.byte	112                             @ DW_AT_const_value
	.byte	10                              @ Abbrev [10] 0x3db:0x6 DW_TAG_enumerator
	.long	.Linfo_string121                @ DW_AT_name
	.byte	113                             @ DW_AT_const_value
	.byte	10                              @ Abbrev [10] 0x3e1:0x6 DW_TAG_enumerator
	.long	.Linfo_string122                @ DW_AT_name
	.byte	122                             @ DW_AT_const_value
	.byte	10                              @ Abbrev [10] 0x3e7:0x6 DW_TAG_enumerator
	.long	.Linfo_string123                @ DW_AT_name
	.byte	123                             @ DW_AT_const_value
	.byte	0                               @ End Of Children Mark
	.byte	9                               @ Abbrev [9] 0x3ee:0x15 DW_TAG_enumeration_type
	.long	316                             @ DW_AT_type
	.byte	1                               @ DW_AT_byte_size
	.byte	4                               @ DW_AT_decl_file
	.byte	140                             @ DW_AT_decl_line
	.byte	10                              @ Abbrev [10] 0x3f6:0x6 DW_TAG_enumerator
	.long	.Linfo_string124                @ DW_AT_name
	.byte	0                               @ DW_AT_const_value
	.byte	10                              @ Abbrev [10] 0x3fc:0x6 DW_TAG_enumerator
	.long	.Linfo_string125                @ DW_AT_name
	.byte	1                               @ DW_AT_const_value
	.byte	0                               @ End Of Children Mark
	.byte	9                               @ Abbrev [9] 0x403:0x15 DW_TAG_enumeration_type
	.long	316                             @ DW_AT_type
	.byte	1                               @ DW_AT_byte_size
	.byte	4                               @ DW_AT_decl_file
	.byte	146                             @ DW_AT_decl_line
	.byte	10                              @ Abbrev [10] 0x40b:0x6 DW_TAG_enumerator
	.long	.Linfo_string126                @ DW_AT_name
	.byte	0                               @ DW_AT_const_value
	.byte	10                              @ Abbrev [10] 0x411:0x6 DW_TAG_enumerator
	.long	.Linfo_string127                @ DW_AT_name
	.byte	1                               @ DW_AT_const_value
	.byte	0                               @ End Of Children Mark
	.byte	9                               @ Abbrev [9] 0x418:0xde DW_TAG_enumeration_type
	.long	1270                            @ DW_AT_type
	.byte	4                               @ DW_AT_byte_size
	.byte	4                               @ DW_AT_decl_file
	.byte	89                              @ DW_AT_decl_line
	.byte	10                              @ Abbrev [10] 0x420:0x8 DW_TAG_enumerator
	.long	.Linfo_string129                @ DW_AT_name
	.ascii	"\200\200\004"                  @ DW_AT_const_value
	.byte	10                              @ Abbrev [10] 0x428:0x6 DW_TAG_enumerator
	.long	.Linfo_string130                @ DW_AT_name
	.byte	0                               @ DW_AT_const_value
	.byte	10                              @ Abbrev [10] 0x42e:0x8 DW_TAG_enumerator
	.long	.Linfo_string131                @ DW_AT_name
	.ascii	"\200\200\001"                  @ DW_AT_const_value
	.byte	10                              @ Abbrev [10] 0x436:0x8 DW_TAG_enumerator
	.long	.Linfo_string132                @ DW_AT_name
	.ascii	"\200\200\002"                  @ DW_AT_const_value
	.byte	10                              @ Abbrev [10] 0x43e:0x8 DW_TAG_enumerator
	.long	.Linfo_string133                @ DW_AT_name
	.ascii	"\200\200\003"                  @ DW_AT_const_value
	.byte	10                              @ Abbrev [10] 0x446:0x7 DW_TAG_enumerator
	.long	.Linfo_string134                @ DW_AT_name
	.ascii	"\200`"                         @ DW_AT_const_value
	.byte	10                              @ Abbrev [10] 0x44d:0x7 DW_TAG_enumerator
	.long	.Linfo_string135                @ DW_AT_name
	.ascii	"\200 "                         @ DW_AT_const_value
	.byte	10                              @ Abbrev [10] 0x454:0x7 DW_TAG_enumerator
	.long	.Linfo_string136                @ DW_AT_name
	.ascii	"\200\020"                      @ DW_AT_const_value
	.byte	10                              @ Abbrev [10] 0x45b:0x6 DW_TAG_enumerator
	.long	.Linfo_string137                @ DW_AT_name
	.byte	0                               @ DW_AT_const_value
	.byte	10                              @ Abbrev [10] 0x461:0x6 DW_TAG_enumerator
	.long	.Linfo_string138                @ DW_AT_name
	.byte	64                              @ DW_AT_const_value
	.byte	10                              @ Abbrev [10] 0x467:0x7 DW_TAG_enumerator
	.long	.Linfo_string139                @ DW_AT_name
	.ascii	"\300\001"                      @ DW_AT_const_value
	.byte	10                              @ Abbrev [10] 0x46e:0x6 DW_TAG_enumerator
	.long	.Linfo_string140                @ DW_AT_name
	.byte	0                               @ DW_AT_const_value
	.byte	10                              @ Abbrev [10] 0x474:0x6 DW_TAG_enumerator
	.long	.Linfo_string141                @ DW_AT_name
	.byte	8                               @ DW_AT_const_value
	.byte	10                              @ Abbrev [10] 0x47a:0x6 DW_TAG_enumerator
	.long	.Linfo_string142                @ DW_AT_name
	.byte	16                              @ DW_AT_const_value
	.byte	10                              @ Abbrev [10] 0x480:0x6 DW_TAG_enumerator
	.long	.Linfo_string143                @ DW_AT_name
	.byte	24                              @ DW_AT_const_value
	.byte	10                              @ Abbrev [10] 0x486:0x6 DW_TAG_enumerator
	.long	.Linfo_string144                @ DW_AT_name
	.byte	32                              @ DW_AT_const_value
	.byte	10                              @ Abbrev [10] 0x48c:0x6 DW_TAG_enumerator
	.long	.Linfo_string145                @ DW_AT_name
	.byte	40                              @ DW_AT_const_value
	.byte	10                              @ Abbrev [10] 0x492:0x6 DW_TAG_enumerator
	.long	.Linfo_string146                @ DW_AT_name
	.byte	48                              @ DW_AT_const_value
	.byte	10                              @ Abbrev [10] 0x498:0x6 DW_TAG_enumerator
	.long	.Linfo_string147                @ DW_AT_name
	.byte	56                              @ DW_AT_const_value
	.byte	10                              @ Abbrev [10] 0x49e:0x6 DW_TAG_enumerator
	.long	.Linfo_string148                @ DW_AT_name
	.byte	0                               @ DW_AT_const_value
	.byte	10                              @ Abbrev [10] 0x4a4:0x6 DW_TAG_enumerator
	.long	.Linfo_string149                @ DW_AT_name
	.byte	1                               @ DW_AT_const_value
	.byte	10                              @ Abbrev [10] 0x4aa:0x6 DW_TAG_enumerator
	.long	.Linfo_string150                @ DW_AT_name
	.byte	112                             @ DW_AT_const_value
	.byte	10                              @ Abbrev [10] 0x4b0:0x6 DW_TAG_enumerator
	.long	.Linfo_string151                @ DW_AT_name
	.byte	72                              @ DW_AT_const_value
	.byte	10                              @ Abbrev [10] 0x4b6:0x7 DW_TAG_enumerator
	.long	.Linfo_string152                @ DW_AT_name
	.ascii	"\310`"                         @ DW_AT_const_value
	.byte	10                              @ Abbrev [10] 0x4bd:0x8 DW_TAG_enumerator
	.long	.Linfo_string153                @ DW_AT_name
	.ascii	"\310\340\001"                  @ DW_AT_const_value
	.byte	10                              @ Abbrev [10] 0x4c5:0x6 DW_TAG_enumerator
	.long	.Linfo_string154                @ DW_AT_name
	.byte	72                              @ DW_AT_const_value
	.byte	10                              @ Abbrev [10] 0x4cb:0x7 DW_TAG_enumerator
	.long	.Linfo_string155                @ DW_AT_name
	.ascii	"\310\020"                      @ DW_AT_const_value
	.byte	10                              @ Abbrev [10] 0x4d2:0x6 DW_TAG_enumerator
	.long	.Linfo_string156                @ DW_AT_name
	.byte	72                              @ DW_AT_const_value
	.byte	10                              @ Abbrev [10] 0x4d8:0x7 DW_TAG_enumerator
	.long	.Linfo_string157                @ DW_AT_name
	.ascii	"\310\020"                      @ DW_AT_const_value
	.byte	10                              @ Abbrev [10] 0x4df:0x7 DW_TAG_enumerator
	.long	.Linfo_string158                @ DW_AT_name
	.ascii	"\310a"                         @ DW_AT_const_value
	.byte	10                              @ Abbrev [10] 0x4e6:0x8 DW_TAG_enumerator
	.long	.Linfo_string159                @ DW_AT_name
	.ascii	"\310\341\001"                  @ DW_AT_const_value
	.byte	10                              @ Abbrev [10] 0x4ee:0x7 DW_TAG_enumerator
	.long	.Linfo_string160                @ DW_AT_name
	.ascii	"\310\001"                      @ DW_AT_const_value
	.byte	0                               @ End Of Children Mark
	.byte	4                               @ Abbrev [4] 0x4f6:0x7 DW_TAG_base_type
	.long	.Linfo_string128                @ DW_AT_name
	.byte	7                               @ DW_AT_encoding
	.byte	4                               @ DW_AT_byte_size
	.byte	3                               @ Abbrev [3] 0x4fd:0xb DW_TAG_typedef
	.long	481                             @ DW_AT_type
	.long	.Linfo_string161                @ DW_AT_name
	.byte	1                               @ DW_AT_decl_file
	.byte	56                              @ DW_AT_decl_line
	.byte	11                              @ Abbrev [11] 0x508:0x20 DW_TAG_subprogram
	.long	.Lfunc_begin0                   @ DW_AT_low_pc
	.long	.Lfunc_end0-.Lfunc_begin0       @ DW_AT_high_pc
	.byte	1                               @ DW_AT_frame_base
	.byte	93
	.long	.Linfo_string162                @ DW_AT_name
	.byte	2                               @ DW_AT_decl_file
	.byte	182                             @ DW_AT_decl_line
                                        @ DW_AT_prototyped
                                        @ DW_AT_external
	.byte	12                              @ Abbrev [12] 0x519:0xe DW_TAG_variable
	.byte	2                               @ DW_AT_location
	.byte	145
	.byte	2
	.long	.Linfo_string174                @ DW_AT_name
	.byte	2                               @ DW_AT_decl_file
	.byte	184                             @ DW_AT_decl_line
	.long	1831                            @ DW_AT_type
	.byte	0                               @ End Of Children Mark
	.byte	13                              @ Abbrev [13] 0x528:0x3c DW_TAG_subprogram
	.long	.Lfunc_begin1                   @ DW_AT_low_pc
	.long	.Lfunc_end1-.Lfunc_begin1       @ DW_AT_high_pc
	.byte	1                               @ DW_AT_frame_base
	.byte	93
	.long	.Linfo_string163                @ DW_AT_name
	.byte	2                               @ DW_AT_decl_file
	.byte	142                             @ DW_AT_decl_line
                                        @ DW_AT_prototyped
	.byte	14                              @ Abbrev [14] 0x539:0xe DW_TAG_formal_parameter
	.byte	2                               @ DW_AT_location
	.byte	145
	.byte	23
	.long	.Linfo_string175                @ DW_AT_name
	.byte	2                               @ DW_AT_decl_file
	.byte	142                             @ DW_AT_decl_line
	.long	1820                            @ DW_AT_type
	.byte	14                              @ Abbrev [14] 0x547:0xe DW_TAG_formal_parameter
	.byte	2                               @ DW_AT_location
	.byte	145
	.byte	16
	.long	.Linfo_string176                @ DW_AT_name
	.byte	2                               @ DW_AT_decl_file
	.byte	142                             @ DW_AT_decl_line
	.long	1843                            @ DW_AT_type
	.byte	14                              @ Abbrev [14] 0x555:0xe DW_TAG_formal_parameter
	.byte	2                               @ DW_AT_location
	.byte	145
	.byte	12
	.long	.Linfo_string177                @ DW_AT_name
	.byte	2                               @ DW_AT_decl_file
	.byte	142                             @ DW_AT_decl_line
	.long	1848                            @ DW_AT_type
	.byte	0                               @ End Of Children Mark
	.byte	11                              @ Abbrev [11] 0x564:0x20 DW_TAG_subprogram
	.long	.Lfunc_begin2                   @ DW_AT_low_pc
	.long	.Lfunc_end2-.Lfunc_begin2       @ DW_AT_high_pc
	.byte	1                               @ DW_AT_frame_base
	.byte	93
	.long	.Linfo_string164                @ DW_AT_name
	.byte	2                               @ DW_AT_decl_file
	.byte	199                             @ DW_AT_decl_line
                                        @ DW_AT_prototyped
                                        @ DW_AT_external
	.byte	12                              @ Abbrev [12] 0x575:0xe DW_TAG_variable
	.byte	2                               @ DW_AT_location
	.byte	145
	.byte	2
	.long	.Linfo_string174                @ DW_AT_name
	.byte	2                               @ DW_AT_decl_file
	.byte	201                             @ DW_AT_decl_line
	.long	1831                            @ DW_AT_type
	.byte	0                               @ End Of Children Mark
	.byte	15                              @ Abbrev [15] 0x584:0x40 DW_TAG_subprogram
	.long	.Lfunc_begin3                   @ DW_AT_low_pc
	.long	.Lfunc_end3-.Lfunc_begin3       @ DW_AT_high_pc
	.byte	1                               @ DW_AT_frame_base
	.byte	93
	.long	.Linfo_string165                @ DW_AT_name
	.byte	2                               @ DW_AT_decl_file
	.byte	216                             @ DW_AT_decl_line
                                        @ DW_AT_prototyped
	.long	1820                            @ DW_AT_type
                                        @ DW_AT_external
	.byte	12                              @ Abbrev [12] 0x599:0xe DW_TAG_variable
	.byte	2                               @ DW_AT_location
	.byte	145
	.byte	23
	.long	.Linfo_string179                @ DW_AT_name
	.byte	2                               @ DW_AT_decl_file
	.byte	218                             @ DW_AT_decl_line
	.long	1820                            @ DW_AT_type
	.byte	12                              @ Abbrev [12] 0x5a7:0xe DW_TAG_variable
	.byte	2                               @ DW_AT_location
	.byte	145
	.byte	22
	.long	.Linfo_string180                @ DW_AT_name
	.byte	2                               @ DW_AT_decl_file
	.byte	218                             @ DW_AT_decl_line
	.long	1820                            @ DW_AT_type
	.byte	12                              @ Abbrev [12] 0x5b5:0xe DW_TAG_variable
	.byte	2                               @ DW_AT_location
	.byte	145
	.byte	20
	.long	.Linfo_string181                @ DW_AT_name
	.byte	2                               @ DW_AT_decl_file
	.byte	219                             @ DW_AT_decl_line
	.long	1277                            @ DW_AT_type
	.byte	0                               @ End Of Children Mark
	.byte	16                              @ Abbrev [16] 0x5c4:0x40 DW_TAG_subprogram
	.long	.Lfunc_begin4                   @ DW_AT_low_pc
	.long	.Lfunc_end4-.Lfunc_begin4       @ DW_AT_high_pc
	.byte	1                               @ DW_AT_frame_base
	.byte	93
	.long	.Linfo_string167                @ DW_AT_name
	.byte	2                               @ DW_AT_decl_file
	.byte	157                             @ DW_AT_decl_line
                                        @ DW_AT_prototyped
	.long	1820                            @ DW_AT_type
	.byte	12                              @ Abbrev [12] 0x5d9:0xe DW_TAG_variable
	.byte	2                               @ DW_AT_location
	.byte	145
	.byte	7
	.long	.Linfo_string174                @ DW_AT_name
	.byte	2                               @ DW_AT_decl_file
	.byte	159                             @ DW_AT_decl_line
	.long	1820                            @ DW_AT_type
	.byte	12                              @ Abbrev [12] 0x5e7:0xe DW_TAG_variable
	.byte	2                               @ DW_AT_location
	.byte	145
	.byte	6
	.long	.Linfo_string180                @ DW_AT_name
	.byte	2                               @ DW_AT_decl_file
	.byte	159                             @ DW_AT_decl_line
	.long	1820                            @ DW_AT_type
	.byte	12                              @ Abbrev [12] 0x5f5:0xe DW_TAG_variable
	.byte	2                               @ DW_AT_location
	.byte	145
	.byte	4
	.long	.Linfo_string181                @ DW_AT_name
	.byte	2                               @ DW_AT_decl_file
	.byte	160                             @ DW_AT_decl_line
	.long	1277                            @ DW_AT_type
	.byte	0                               @ End Of Children Mark
	.byte	13                              @ Abbrev [13] 0x604:0x2e DW_TAG_subprogram
	.long	.Lfunc_begin5                   @ DW_AT_low_pc
	.long	.Lfunc_end5-.Lfunc_begin5       @ DW_AT_high_pc
	.byte	1                               @ DW_AT_frame_base
	.byte	93
	.long	.Linfo_string168                @ DW_AT_name
	.byte	2                               @ DW_AT_decl_file
	.byte	110                             @ DW_AT_decl_line
                                        @ DW_AT_prototyped
	.byte	14                              @ Abbrev [14] 0x615:0xe DW_TAG_formal_parameter
	.byte	2                               @ DW_AT_location
	.byte	145
	.byte	15
	.long	.Linfo_string175                @ DW_AT_name
	.byte	2                               @ DW_AT_decl_file
	.byte	110                             @ DW_AT_decl_line
	.long	1820                            @ DW_AT_type
	.byte	14                              @ Abbrev [14] 0x623:0xe DW_TAG_formal_parameter
	.byte	2                               @ DW_AT_location
	.byte	145
	.byte	14
	.long	.Linfo_string176                @ DW_AT_name
	.byte	2                               @ DW_AT_decl_file
	.byte	110                             @ DW_AT_decl_line
	.long	1820                            @ DW_AT_type
	.byte	0                               @ End Of Children Mark
	.byte	16                              @ Abbrev [16] 0x632:0x32 DW_TAG_subprogram
	.long	.Lfunc_begin6                   @ DW_AT_low_pc
	.long	.Lfunc_end6-.Lfunc_begin6       @ DW_AT_high_pc
	.byte	1                               @ DW_AT_frame_base
	.byte	93
	.long	.Linfo_string169                @ DW_AT_name
	.byte	2                               @ DW_AT_decl_file
	.byte	124                             @ DW_AT_decl_line
                                        @ DW_AT_prototyped
	.long	1820                            @ DW_AT_type
	.byte	14                              @ Abbrev [14] 0x647:0xe DW_TAG_formal_parameter
	.byte	2                               @ DW_AT_location
	.byte	145
	.byte	15
	.long	.Linfo_string175                @ DW_AT_name
	.byte	2                               @ DW_AT_decl_file
	.byte	124                             @ DW_AT_decl_line
	.long	1820                            @ DW_AT_type
	.byte	12                              @ Abbrev [12] 0x655:0xe DW_TAG_variable
	.byte	2                               @ DW_AT_location
	.byte	145
	.byte	14
	.long	.Linfo_string176                @ DW_AT_name
	.byte	2                               @ DW_AT_decl_file
	.byte	126                             @ DW_AT_decl_line
	.long	1820                            @ DW_AT_type
	.byte	0                               @ End Of Children Mark
	.byte	13                              @ Abbrev [13] 0x664:0x2e DW_TAG_subprogram
	.long	.Lfunc_begin7                   @ DW_AT_low_pc
	.long	.Lfunc_end7-.Lfunc_begin7       @ DW_AT_high_pc
	.byte	1                               @ DW_AT_frame_base
	.byte	93
	.long	.Linfo_string170                @ DW_AT_name
	.byte	5                               @ DW_AT_decl_file
	.byte	149                             @ DW_AT_decl_line
                                        @ DW_AT_prototyped
	.byte	14                              @ Abbrev [14] 0x675:0xe DW_TAG_formal_parameter
	.byte	2                               @ DW_AT_location
	.byte	145
	.byte	4
	.long	.Linfo_string182                @ DW_AT_name
	.byte	5                               @ DW_AT_decl_file
	.byte	149                             @ DW_AT_decl_line
	.long	1859                            @ DW_AT_type
	.byte	14                              @ Abbrev [14] 0x683:0xe DW_TAG_formal_parameter
	.byte	2                               @ DW_AT_location
	.byte	145
	.byte	0
	.long	.Linfo_string198                @ DW_AT_name
	.byte	5                               @ DW_AT_decl_file
	.byte	149                             @ DW_AT_decl_line
	.long	2043                            @ DW_AT_type
	.byte	0                               @ End Of Children Mark
	.byte	13                              @ Abbrev [13] 0x692:0x2e DW_TAG_subprogram
	.long	.Lfunc_begin8                   @ DW_AT_low_pc
	.long	.Lfunc_end8-.Lfunc_begin8       @ DW_AT_high_pc
	.byte	1                               @ DW_AT_frame_base
	.byte	93
	.long	.Linfo_string171                @ DW_AT_name
	.byte	5                               @ DW_AT_decl_file
	.byte	125                             @ DW_AT_decl_line
                                        @ DW_AT_prototyped
	.byte	14                              @ Abbrev [14] 0x6a3:0xe DW_TAG_formal_parameter
	.byte	2                               @ DW_AT_location
	.byte	145
	.byte	4
	.long	.Linfo_string182                @ DW_AT_name
	.byte	5                               @ DW_AT_decl_file
	.byte	125                             @ DW_AT_decl_line
	.long	1859                            @ DW_AT_type
	.byte	14                              @ Abbrev [14] 0x6b1:0xe DW_TAG_formal_parameter
	.byte	2                               @ DW_AT_location
	.byte	145
	.byte	0
	.long	.Linfo_string198                @ DW_AT_name
	.byte	5                               @ DW_AT_decl_file
	.byte	125                             @ DW_AT_decl_line
	.long	2043                            @ DW_AT_type
	.byte	0                               @ End Of Children Mark
	.byte	13                              @ Abbrev [13] 0x6c0:0x2e DW_TAG_subprogram
	.long	.Lfunc_begin9                   @ DW_AT_low_pc
	.long	.Lfunc_end9-.Lfunc_begin9       @ DW_AT_high_pc
	.byte	1                               @ DW_AT_frame_base
	.byte	93
	.long	.Linfo_string172                @ DW_AT_name
	.byte	5                               @ DW_AT_decl_file
	.byte	136                             @ DW_AT_decl_line
                                        @ DW_AT_prototyped
	.byte	14                              @ Abbrev [14] 0x6d1:0xe DW_TAG_formal_parameter
	.byte	2                               @ DW_AT_location
	.byte	145
	.byte	4
	.long	.Linfo_string182                @ DW_AT_name
	.byte	5                               @ DW_AT_decl_file
	.byte	136                             @ DW_AT_decl_line
	.long	1859                            @ DW_AT_type
	.byte	14                              @ Abbrev [14] 0x6df:0xe DW_TAG_formal_parameter
	.byte	2                               @ DW_AT_location
	.byte	145
	.byte	0
	.long	.Linfo_string198                @ DW_AT_name
	.byte	5                               @ DW_AT_decl_file
	.byte	136                             @ DW_AT_decl_line
	.long	2043                            @ DW_AT_type
	.byte	0                               @ End Of Children Mark
	.byte	13                              @ Abbrev [13] 0x6ee:0x2e DW_TAG_subprogram
	.long	.Lfunc_begin10                  @ DW_AT_low_pc
	.long	.Lfunc_end10-.Lfunc_begin10     @ DW_AT_high_pc
	.byte	1                               @ DW_AT_frame_base
	.byte	93
	.long	.Linfo_string173                @ DW_AT_name
	.byte	5                               @ DW_AT_decl_file
	.byte	112                             @ DW_AT_decl_line
                                        @ DW_AT_prototyped
	.byte	14                              @ Abbrev [14] 0x6ff:0xe DW_TAG_formal_parameter
	.byte	2                               @ DW_AT_location
	.byte	145
	.byte	4
	.long	.Linfo_string182                @ DW_AT_name
	.byte	5                               @ DW_AT_decl_file
	.byte	112                             @ DW_AT_decl_line
	.long	1859                            @ DW_AT_type
	.byte	14                              @ Abbrev [14] 0x70d:0xe DW_TAG_formal_parameter
	.byte	2                               @ DW_AT_location
	.byte	145
	.byte	0
	.long	.Linfo_string198                @ DW_AT_name
	.byte	5                               @ DW_AT_decl_file
	.byte	112                             @ DW_AT_decl_line
	.long	2043                            @ DW_AT_type
	.byte	0                               @ End Of Children Mark
	.byte	3                               @ Abbrev [3] 0x71c:0xb DW_TAG_typedef
	.long	316                             @ DW_AT_type
	.long	.Linfo_string166                @ DW_AT_name
	.byte	1                               @ DW_AT_decl_file
	.byte	55                              @ DW_AT_decl_line
	.byte	5                               @ Abbrev [5] 0x727:0xc DW_TAG_array_type
	.long	1820                            @ DW_AT_type
	.byte	6                               @ Abbrev [6] 0x72c:0x6 DW_TAG_subrange_type
	.long	194                             @ DW_AT_type
	.byte	6                               @ DW_AT_count
	.byte	0                               @ End Of Children Mark
	.byte	17                              @ Abbrev [17] 0x733:0x5 DW_TAG_pointer_type
	.long	1820                            @ DW_AT_type
	.byte	3                               @ Abbrev [3] 0x738:0xb DW_TAG_typedef
	.long	1270                            @ DW_AT_type
	.long	.Linfo_string178                @ DW_AT_name
	.byte	1                               @ DW_AT_decl_file
	.byte	57                              @ DW_AT_decl_line
	.byte	17                              @ Abbrev [17] 0x743:0x5 DW_TAG_pointer_type
	.long	1864                            @ DW_AT_type
	.byte	18                              @ Abbrev [18] 0x748:0xc DW_TAG_typedef
	.long	1876                            @ DW_AT_type
	.long	.Linfo_string197                @ DW_AT_name
	.byte	7                               @ DW_AT_decl_file
	.short	24294                           @ DW_AT_decl_line
	.byte	19                              @ Abbrev [19] 0x754:0xa2 DW_TAG_structure_type
	.byte	144                             @ DW_AT_byte_size
	.byte	7                               @ DW_AT_decl_file
	.short	24281                           @ DW_AT_decl_line
	.byte	20                              @ Abbrev [20] 0x759:0xd DW_TAG_member
	.long	.Linfo_string183                @ DW_AT_name
	.long	2038                            @ DW_AT_type
	.byte	7                               @ DW_AT_decl_file
	.short	24282                           @ DW_AT_decl_line
	.byte	0                               @ DW_AT_data_member_location
	.byte	20                              @ Abbrev [20] 0x766:0xd DW_TAG_member
	.long	.Linfo_string185                @ DW_AT_name
	.long	2038                            @ DW_AT_type
	.byte	7                               @ DW_AT_decl_file
	.short	24283                           @ DW_AT_decl_line
	.byte	4                               @ DW_AT_data_member_location
	.byte	20                              @ Abbrev [20] 0x773:0xd DW_TAG_member
	.long	.Linfo_string186                @ DW_AT_name
	.long	2054                            @ DW_AT_type
	.byte	7                               @ DW_AT_decl_file
	.short	24284                           @ DW_AT_decl_line
	.byte	8                               @ DW_AT_data_member_location
	.byte	20                              @ Abbrev [20] 0x780:0xd DW_TAG_member
	.long	.Linfo_string187                @ DW_AT_name
	.long	2038                            @ DW_AT_type
	.byte	7                               @ DW_AT_decl_file
	.short	24285                           @ DW_AT_decl_line
	.byte	12                              @ DW_AT_data_member_location
	.byte	20                              @ Abbrev [20] 0x78d:0xd DW_TAG_member
	.long	.Linfo_string188                @ DW_AT_name
	.long	2038                            @ DW_AT_type
	.byte	7                               @ DW_AT_decl_file
	.short	24286                           @ DW_AT_decl_line
	.byte	16                              @ DW_AT_data_member_location
	.byte	20                              @ Abbrev [20] 0x79a:0xd DW_TAG_member
	.long	.Linfo_string189                @ DW_AT_name
	.long	2038                            @ DW_AT_type
	.byte	7                               @ DW_AT_decl_file
	.short	24287                           @ DW_AT_decl_line
	.byte	20                              @ DW_AT_data_member_location
	.byte	20                              @ Abbrev [20] 0x7a7:0xd DW_TAG_member
	.long	.Linfo_string190                @ DW_AT_name
	.long	2038                            @ DW_AT_type
	.byte	7                               @ DW_AT_decl_file
	.short	24288                           @ DW_AT_decl_line
	.byte	24                              @ DW_AT_data_member_location
	.byte	20                              @ Abbrev [20] 0x7b4:0xd DW_TAG_member
	.long	.Linfo_string191                @ DW_AT_name
	.long	2038                            @ DW_AT_type
	.byte	7                               @ DW_AT_decl_file
	.short	24289                           @ DW_AT_decl_line
	.byte	28                              @ DW_AT_data_member_location
	.byte	20                              @ Abbrev [20] 0x7c1:0xd DW_TAG_member
	.long	.Linfo_string192                @ DW_AT_name
	.long	2059                            @ DW_AT_type
	.byte	7                               @ DW_AT_decl_file
	.short	24290                           @ DW_AT_decl_line
	.byte	32                              @ DW_AT_data_member_location
	.byte	20                              @ Abbrev [20] 0x7ce:0xd DW_TAG_member
	.long	.Linfo_string194                @ DW_AT_name
	.long	2038                            @ DW_AT_type
	.byte	7                               @ DW_AT_decl_file
	.short	24291                           @ DW_AT_decl_line
	.byte	132                             @ DW_AT_data_member_location
	.byte	20                              @ Abbrev [20] 0x7db:0xd DW_TAG_member
	.long	.Linfo_string195                @ DW_AT_name
	.long	2038                            @ DW_AT_type
	.byte	7                               @ DW_AT_decl_file
	.short	24292                           @ DW_AT_decl_line
	.byte	136                             @ DW_AT_data_member_location
	.byte	20                              @ Abbrev [20] 0x7e8:0xd DW_TAG_member
	.long	.Linfo_string196                @ DW_AT_name
	.long	2038                            @ DW_AT_type
	.byte	7                               @ DW_AT_decl_file
	.short	24293                           @ DW_AT_decl_line
	.byte	140                             @ DW_AT_data_member_location
	.byte	0                               @ End Of Children Mark
	.byte	21                              @ Abbrev [21] 0x7f6:0x5 DW_TAG_volatile_type
	.long	2043                            @ DW_AT_type
	.byte	3                               @ Abbrev [3] 0x7fb:0xb DW_TAG_typedef
	.long	1270                            @ DW_AT_type
	.long	.Linfo_string184                @ DW_AT_name
	.byte	6                               @ DW_AT_decl_file
	.byte	64                              @ DW_AT_decl_line
	.byte	22                              @ Abbrev [22] 0x806:0x5 DW_TAG_const_type
	.long	2038                            @ DW_AT_type
	.byte	5                               @ Abbrev [5] 0x80b:0xc DW_TAG_array_type
	.long	2071                            @ DW_AT_type
	.byte	6                               @ Abbrev [6] 0x810:0x6 DW_TAG_subrange_type
	.long	194                             @ DW_AT_type
	.byte	100                             @ DW_AT_count
	.byte	0                               @ End Of Children Mark
	.byte	3                               @ Abbrev [3] 0x817:0xb DW_TAG_typedef
	.long	316                             @ DW_AT_type
	.long	.Linfo_string193                @ DW_AT_name
	.byte	6                               @ DW_AT_decl_file
	.byte	62                              @ DW_AT_decl_line
	.byte	0                               @ End Of Children Mark
.Ldebug_info_end0:
	.section	.debug_ranges,"",%progbits
.Ldebug_ranges0:
	.long	.Lfunc_begin0
	.long	.Lfunc_end0
	.long	.Lfunc_begin1
	.long	.Lfunc_end1
	.long	.Lfunc_begin2
	.long	.Lfunc_end2
	.long	.Lfunc_begin3
	.long	.Lfunc_end3
	.long	.Lfunc_begin4
	.long	.Lfunc_end4
	.long	.Lfunc_begin5
	.long	.Lfunc_end5
	.long	.Lfunc_begin6
	.long	.Lfunc_end6
	.long	.Lfunc_begin7
	.long	.Lfunc_end7
	.long	.Lfunc_begin8
	.long	.Lfunc_end8
	.long	.Lfunc_begin9
	.long	.Lfunc_end9
	.long	.Lfunc_begin10
	.long	.Lfunc_end10
	.long	0
	.long	0
	.section	.debug_str,"MS",%progbits,1
.Linfo_string0:
	.asciz	"Component: Arm Compiler for Embedded 6.19 Tool: armclang [5e73cb00]" @ string offset=0
.Linfo_string1:
	.asciz	"../../libraries/zf_device\\zf_device_icm20602.c" @ string offset=68
.Linfo_string2:
	.asciz	"E:\\FILE_SMART_CAR\\\346\231\272\350\203\275\350\247\206\350\247\211\\RT1064_Library-master\\RT1064_Library-master\\SeekFree_RT1064_Opensource_Library\\project\\mdk" @ string offset=115
.Linfo_string3:
	.asciz	"icm20602_gyro_x"               @ string offset=237
.Linfo_string4:
	.asciz	"short"                         @ string offset=253
.Linfo_string5:
	.asciz	"int16"                         @ string offset=259
.Linfo_string6:
	.asciz	"icm20602_gyro_y"               @ string offset=265
.Linfo_string7:
	.asciz	"icm20602_gyro_z"               @ string offset=281
.Linfo_string8:
	.asciz	"icm20602_acc_x"                @ string offset=297
.Linfo_string9:
	.asciz	"icm20602_acc_y"                @ string offset=312
.Linfo_string10:
	.asciz	"icm20602_acc_z"                @ string offset=327
.Linfo_string11:
	.asciz	"icm20602_transition_factor"    @ string offset=342
.Linfo_string12:
	.asciz	"float"                         @ string offset=369
.Linfo_string13:
	.asciz	"__ARRAY_SIZE_TYPE__"           @ string offset=375
.Linfo_string14:
	.asciz	"char"                          @ string offset=395
.Linfo_string15:
	.asciz	"unsigned char"                 @ string offset=400
.Linfo_string16:
	.asciz	"SPI_1"                         @ string offset=414
.Linfo_string17:
	.asciz	"SPI_3"                         @ string offset=420
.Linfo_string18:
	.asciz	"SPI_4"                         @ string offset=426
.Linfo_string19:
	.asciz	"SPI_MAX"                       @ string offset=432
.Linfo_string20:
	.asciz	"SPI_MODE0"                     @ string offset=440
.Linfo_string21:
	.asciz	"SPI_MODE1"                     @ string offset=450
.Linfo_string22:
	.asciz	"SPI_MODE2"                     @ string offset=460
.Linfo_string23:
	.asciz	"SPI_MODE3"                     @ string offset=470
.Linfo_string24:
	.asciz	"SPI1_SCK_D12"                  @ string offset=480
.Linfo_string25:
	.asciz	"SPI3_SCK_B0"                   @ string offset=493
.Linfo_string26:
	.asciz	"SPI3_SCK_B31"                  @ string offset=505
.Linfo_string27:
	.asciz	"SPI4_SCK_C3"                   @ string offset=518
.Linfo_string28:
	.asciz	"SPI4_SCK_C23"                  @ string offset=530
.Linfo_string29:
	.asciz	"SPI1_MOSI_D14"                 @ string offset=543
.Linfo_string30:
	.asciz	"SPI3_MOSI_B1"                  @ string offset=557
.Linfo_string31:
	.asciz	"SPI3_MOSI_B30"                 @ string offset=570
.Linfo_string32:
	.asciz	"SPI4_MOSI_C2"                  @ string offset=584
.Linfo_string33:
	.asciz	"SPI4_MOSI_C22"                 @ string offset=597
.Linfo_string34:
	.asciz	"unsigned short"                @ string offset=611
.Linfo_string35:
	.asciz	"SPI_MISO_NULL"                 @ string offset=626
.Linfo_string36:
	.asciz	"SPI1_MISO_D15"                 @ string offset=640
.Linfo_string37:
	.asciz	"SPI3_MISO_B2"                  @ string offset=654
.Linfo_string38:
	.asciz	"SPI3_MISO_B29"                 @ string offset=667
.Linfo_string39:
	.asciz	"SPI4_MISO_C1"                  @ string offset=681
.Linfo_string40:
	.asciz	"SPI4_MISO_C21"                 @ string offset=694
.Linfo_string41:
	.asciz	"SPI_CS_NULL"                   @ string offset=708
.Linfo_string42:
	.asciz	"SPI1_CS0_D13"                  @ string offset=720
.Linfo_string43:
	.asciz	"SPI1_CS2_D26"                  @ string offset=733
.Linfo_string44:
	.asciz	"SPI1_CS3_D27"                  @ string offset=746
.Linfo_string45:
	.asciz	"SPI3_CS0_B3"                   @ string offset=759
.Linfo_string46:
	.asciz	"SPI3_CS0_B28"                  @ string offset=771
.Linfo_string47:
	.asciz	"SPI4_CS0_C0"                   @ string offset=784
.Linfo_string48:
	.asciz	"SPI4_CS0_C20"                  @ string offset=796
.Linfo_string49:
	.asciz	"SPI4_CS1_C19"                  @ string offset=809
.Linfo_string50:
	.asciz	"SPI4_CS2_C18"                  @ string offset=822
.Linfo_string51:
	.asciz	"SPI4_CS3_C27"                  @ string offset=835
.Linfo_string52:
	.asciz	"B0"                            @ string offset=848
.Linfo_string53:
	.asciz	"B1"                            @ string offset=851
.Linfo_string54:
	.asciz	"B2"                            @ string offset=854
.Linfo_string55:
	.asciz	"B3"                            @ string offset=857
.Linfo_string56:
	.asciz	"B9"                            @ string offset=860
.Linfo_string57:
	.asciz	"B10"                           @ string offset=863
.Linfo_string58:
	.asciz	"B11"                           @ string offset=867
.Linfo_string59:
	.asciz	"B12"                           @ string offset=871
.Linfo_string60:
	.asciz	"B13"                           @ string offset=875
.Linfo_string61:
	.asciz	"B14"                           @ string offset=879
.Linfo_string62:
	.asciz	"B15"                           @ string offset=883
.Linfo_string63:
	.asciz	"B16"                           @ string offset=887
.Linfo_string64:
	.asciz	"B17"                           @ string offset=891
.Linfo_string65:
	.asciz	"B18"                           @ string offset=895
.Linfo_string66:
	.asciz	"B19"                           @ string offset=899
.Linfo_string67:
	.asciz	"B20"                           @ string offset=903
.Linfo_string68:
	.asciz	"B21"                           @ string offset=907
.Linfo_string69:
	.asciz	"B22"                           @ string offset=911
.Linfo_string70:
	.asciz	"B23"                           @ string offset=915
.Linfo_string71:
	.asciz	"B24"                           @ string offset=919
.Linfo_string72:
	.asciz	"B25"                           @ string offset=923
.Linfo_string73:
	.asciz	"B26"                           @ string offset=927
.Linfo_string74:
	.asciz	"B27"                           @ string offset=931
.Linfo_string75:
	.asciz	"B28"                           @ string offset=935
.Linfo_string76:
	.asciz	"B29"                           @ string offset=939
.Linfo_string77:
	.asciz	"B30"                           @ string offset=943
.Linfo_string78:
	.asciz	"B31"                           @ string offset=947
.Linfo_string79:
	.asciz	"C0"                            @ string offset=951
.Linfo_string80:
	.asciz	"C1"                            @ string offset=954
.Linfo_string81:
	.asciz	"C2"                            @ string offset=957
.Linfo_string82:
	.asciz	"C3"                            @ string offset=960
.Linfo_string83:
	.asciz	"C4"                            @ string offset=963
.Linfo_string84:
	.asciz	"C5"                            @ string offset=966
.Linfo_string85:
	.asciz	"C6"                            @ string offset=969
.Linfo_string86:
	.asciz	"C7"                            @ string offset=972
.Linfo_string87:
	.asciz	"C8"                            @ string offset=975
.Linfo_string88:
	.asciz	"C9"                            @ string offset=978
.Linfo_string89:
	.asciz	"C10"                           @ string offset=981
.Linfo_string90:
	.asciz	"C11"                           @ string offset=985
.Linfo_string91:
	.asciz	"C12"                           @ string offset=989
.Linfo_string92:
	.asciz	"C13"                           @ string offset=993
.Linfo_string93:
	.asciz	"C14"                           @ string offset=997
.Linfo_string94:
	.asciz	"C15"                           @ string offset=1001
.Linfo_string95:
	.asciz	"C16"                           @ string offset=1005
.Linfo_string96:
	.asciz	"C17"                           @ string offset=1009
.Linfo_string97:
	.asciz	"C18"                           @ string offset=1013
.Linfo_string98:
	.asciz	"C19"                           @ string offset=1017
.Linfo_string99:
	.asciz	"C20"                           @ string offset=1021
.Linfo_string100:
	.asciz	"C21"                           @ string offset=1025
.Linfo_string101:
	.asciz	"C22"                           @ string offset=1029
.Linfo_string102:
	.asciz	"C23"                           @ string offset=1033
.Linfo_string103:
	.asciz	"C24"                           @ string offset=1037
.Linfo_string104:
	.asciz	"C25"                           @ string offset=1041
.Linfo_string105:
	.asciz	"C26"                           @ string offset=1045
.Linfo_string106:
	.asciz	"C27"                           @ string offset=1049
.Linfo_string107:
	.asciz	"C28"                           @ string offset=1053
.Linfo_string108:
	.asciz	"C29"                           @ string offset=1057
.Linfo_string109:
	.asciz	"C30"                           @ string offset=1061
.Linfo_string110:
	.asciz	"C31"                           @ string offset=1065
.Linfo_string111:
	.asciz	"D0"                            @ string offset=1069
.Linfo_string112:
	.asciz	"D1"                            @ string offset=1072
.Linfo_string113:
	.asciz	"D2"                            @ string offset=1075
.Linfo_string114:
	.asciz	"D3"                            @ string offset=1078
.Linfo_string115:
	.asciz	"D4"                            @ string offset=1081
.Linfo_string116:
	.asciz	"D12"                           @ string offset=1084
.Linfo_string117:
	.asciz	"D13"                           @ string offset=1088
.Linfo_string118:
	.asciz	"D14"                           @ string offset=1092
.Linfo_string119:
	.asciz	"D15"                           @ string offset=1096
.Linfo_string120:
	.asciz	"D16"                           @ string offset=1100
.Linfo_string121:
	.asciz	"D17"                           @ string offset=1104
.Linfo_string122:
	.asciz	"D26"                           @ string offset=1108
.Linfo_string123:
	.asciz	"D27"                           @ string offset=1112
.Linfo_string124:
	.asciz	"GPI"                           @ string offset=1116
.Linfo_string125:
	.asciz	"GPO"                           @ string offset=1120
.Linfo_string126:
	.asciz	"GPIO_LOW"                      @ string offset=1124
.Linfo_string127:
	.asciz	"GPIO_HIGH"                     @ string offset=1133
.Linfo_string128:
	.asciz	"unsigned int"                  @ string offset=1143
.Linfo_string129:
	.asciz	"HYS_EN"                        @ string offset=1156
.Linfo_string130:
	.asciz	"PULLDOWN_100K"                 @ string offset=1163
.Linfo_string131:
	.asciz	"PULLUP_47K"                    @ string offset=1177
.Linfo_string132:
	.asciz	"PULLUP_100K"                   @ string offset=1188
.Linfo_string133:
	.asciz	"PULLUP_22K"                    @ string offset=1200
.Linfo_string134:
	.asciz	"PULL_EN"                       @ string offset=1211
.Linfo_string135:
	.asciz	"KEEPER_EN"                     @ string offset=1219
.Linfo_string136:
	.asciz	"OD_EN"                         @ string offset=1229
.Linfo_string137:
	.asciz	"SPEED_50MHZ"                   @ string offset=1235
.Linfo_string138:
	.asciz	"SPEED_100MHZ"                  @ string offset=1247
.Linfo_string139:
	.asciz	"SPEED_200MHZ"                  @ string offset=1260
.Linfo_string140:
	.asciz	"DSE_DIS"                       @ string offset=1273
.Linfo_string141:
	.asciz	"DSE_R0"                        @ string offset=1281
.Linfo_string142:
	.asciz	"DSE_R0_2"                      @ string offset=1288
.Linfo_string143:
	.asciz	"DSE_R0_3"                      @ string offset=1297
.Linfo_string144:
	.asciz	"DSE_R0_4"                      @ string offset=1306
.Linfo_string145:
	.asciz	"DSE_R0_5"                      @ string offset=1315
.Linfo_string146:
	.asciz	"DSE_R0_6"                      @ string offset=1324
.Linfo_string147:
	.asciz	"DSE_R0_7"                      @ string offset=1333
.Linfo_string148:
	.asciz	"SRE_SLOW"                      @ string offset=1342
.Linfo_string149:
	.asciz	"SRE_FAST"                      @ string offset=1351
.Linfo_string150:
	.asciz	"GPI_ANAOG_IN"                  @ string offset=1360
.Linfo_string151:
	.asciz	"GPI_FLOATING_IN"               @ string offset=1373
.Linfo_string152:
	.asciz	"GPI_PULL_DOWN"                 @ string offset=1389
.Linfo_string153:
	.asciz	"GPI_PULL_UP"                   @ string offset=1403
.Linfo_string154:
	.asciz	"GPO_PUSH_PULL"                 @ string offset=1415
.Linfo_string155:
	.asciz	"GPO_OPEN_DTAIN"                @ string offset=1429
.Linfo_string156:
	.asciz	"GPO_AF_PUSH_PULL"              @ string offset=1444
.Linfo_string157:
	.asciz	"GPO_AF_OPEN_DTAIN"             @ string offset=1461
.Linfo_string158:
	.asciz	"FAST_GPI_PULL_DOWN"            @ string offset=1479
.Linfo_string159:
	.asciz	"FAST_GPI_PULL_UP"              @ string offset=1498
.Linfo_string160:
	.asciz	"FAST_GPO_PUSH_PULL"            @ string offset=1515
.Linfo_string161:
	.asciz	"uint16"                        @ string offset=1534
.Linfo_string162:
	.asciz	"icm20602_get_acc"              @ string offset=1541
.Linfo_string163:
	.asciz	"icm20602_read_registers"       @ string offset=1558
.Linfo_string164:
	.asciz	"icm20602_get_gyro"             @ string offset=1582
.Linfo_string165:
	.asciz	"icm20602_init"                 @ string offset=1600
.Linfo_string166:
	.asciz	"uint8"                         @ string offset=1614
.Linfo_string167:
	.asciz	"icm20602_self_check"           @ string offset=1620
.Linfo_string168:
	.asciz	"icm20602_write_register"       @ string offset=1640
.Linfo_string169:
	.asciz	"icm20602_read_register"        @ string offset=1664
.Linfo_string170:
	.asciz	"GPIO_ClearPinsOutput"          @ string offset=1687
.Linfo_string171:
	.asciz	"GPIO_SetPinsOutput"            @ string offset=1708
.Linfo_string172:
	.asciz	"GPIO_PortClear"                @ string offset=1727
.Linfo_string173:
	.asciz	"GPIO_PortSet"                  @ string offset=1742
.Linfo_string174:
	.asciz	"dat"                           @ string offset=1755
.Linfo_string175:
	.asciz	"reg"                           @ string offset=1759
.Linfo_string176:
	.asciz	"data"                          @ string offset=1763
.Linfo_string177:
	.asciz	"len"                           @ string offset=1768
.Linfo_string178:
	.asciz	"uint32"                        @ string offset=1772
.Linfo_string179:
	.asciz	"val"                           @ string offset=1779
.Linfo_string180:
	.asciz	"return_state"                  @ string offset=1783
.Linfo_string181:
	.asciz	"timeout_count"                 @ string offset=1796
.Linfo_string182:
	.asciz	"base"                          @ string offset=1810
.Linfo_string183:
	.asciz	"DR"                            @ string offset=1815
.Linfo_string184:
	.asciz	"uint32_t"                      @ string offset=1818
.Linfo_string185:
	.asciz	"GDIR"                          @ string offset=1827
.Linfo_string186:
	.asciz	"PSR"                           @ string offset=1832
.Linfo_string187:
	.asciz	"ICR1"                          @ string offset=1836
.Linfo_string188:
	.asciz	"ICR2"                          @ string offset=1841
.Linfo_string189:
	.asciz	"IMR"                           @ string offset=1846
.Linfo_string190:
	.asciz	"ISR"                           @ string offset=1850
.Linfo_string191:
	.asciz	"EDGE_SEL"                      @ string offset=1854
.Linfo_string192:
	.asciz	"RESERVED_0"                    @ string offset=1863
.Linfo_string193:
	.asciz	"uint8_t"                       @ string offset=1874
.Linfo_string194:
	.asciz	"DR_SET"                        @ string offset=1882
.Linfo_string195:
	.asciz	"DR_CLEAR"                      @ string offset=1889
.Linfo_string196:
	.asciz	"DR_TOGGLE"                     @ string offset=1898
.Linfo_string197:
	.asciz	"GPIO_Type"                     @ string offset=1908
.Linfo_string198:
	.asciz	"mask"                          @ string offset=1918
	.ident	"Component: Arm Compiler for Embedded 6.19 Tool: armclang [5e73cb00]"
	.section	".note.GNU-stack","",%progbits
	.eabi_attribute	30, 6	@ Tag_ABI_optimization_goals
	.ARM_attribute	16, 1	@ Tag_AV_eba
	.section	.debug_line,"",%progbits
.Lline_table_start0:
