	.text
	.syntax unified
	.eabi_attribute	67, "2.09"	@ Tag_conformance
	.cpu	cortex-m7
	.eabi_attribute	6, 13	@ Tag_CPU_arch
	.eabi_attribute	7, 77	@ Tag_CPU_arch_profile
	.eabi_attribute	8, 0	@ Tag_ARM_ISA_use
	.eabi_attribute	9, 2	@ Tag_THUMB_ISA_use
	.fpu	fpv5-d16
	.eabi_attribute	36, 1	@ Tag_FP_HP_extension
	.eabi_attribute	34, 1	@ Tag_CPU_unaligned_access
	.eabi_attribute	17, 1	@ Tag_ABI_PCS_GOT_use
	.eabi_attribute	20, 2	@ Tag_ABI_FP_denormal
	.eabi_attribute	21, 0	@ Tag_ABI_FP_exceptions
	.eabi_attribute	23, 1	@ Tag_ABI_FP_number_model
	.eabi_attribute	24, 1	@ Tag_ABI_align_needed
	.eabi_attribute	25, 1	@ Tag_ABI_align_preserved
	.eabi_attribute	28, 1	@ Tag_ABI_VFP_args
	.eabi_attribute	38, 1	@ Tag_ABI_FP_16bit_format
	.eabi_attribute	18, 2	@ Tag_ABI_PCS_wchar_t
	.eabi_attribute	26, 1	@ Tag_ABI_enum_size
	.eabi_attribute	14, 0	@ Tag_ABI_PCS_R9_use
	.file	"zf_device_ips114.c"
	.file	1 "E:\\FILE_SMART_CAR\\\346\231\272\350\203\275\350\247\206\350\247\211\\RT1064_Library-master\\RT1064_Library-master\\SeekFree_RT1064_Opensource_Library\\project\\mdk" "../../libraries/zf_device/zf_device_ips114.c"
	.file	2 "E:\\FILE_SMART_CAR\\\346\231\272\350\203\275\350\247\206\350\247\211\\RT1064_Library-master\\RT1064_Library-master\\SeekFree_RT1064_Opensource_Library\\project\\mdk" "../../libraries/zf_common\\zf_common_typedef.h"
	.file	3 "E:\\FILE_SMART_CAR\\\346\231\272\350\203\275\350\247\206\350\247\211\\RT1064_Library-master\\RT1064_Library-master\\SeekFree_RT1064_Opensource_Library\\project\\mdk" "../../libraries/zf_device/zf_device_ips114.h"
	.file	4 "E:\\FILE_SMART_CAR\\\346\231\272\350\203\275\350\247\206\350\247\211\\RT1064_Library-master\\RT1064_Library-master\\SeekFree_RT1064_Opensource_Library\\project\\mdk" "../../libraries/zf_driver/zf_driver_gpio.h"
	.file	5 "E:\\FILE_SMART_CAR\\\346\231\272\350\203\275\350\247\206\350\247\211\\RT1064_Library-master\\RT1064_Library-master\\SeekFree_RT1064_Opensource_Library\\project\\mdk" "../../libraries/zf_driver\\zf_driver_spi.h"
	.file	6 "E:\\FILE_SMART_CAR\\\346\231\272\350\203\275\350\247\206\350\247\211\\RT1064_Library-master\\RT1064_Library-master\\SeekFree_RT1064_Opensource_Library\\project\\mdk" "../../libraries/zf_common\\zf_common_font.h"
	.section	.text.ips114_clear,"ax",%progbits
	.hidden	ips114_clear                    @ -- Begin function ips114_clear
	.globl	ips114_clear
	.p2align	3
	.type	ips114_clear,%function
	.code	16                              @ @ips114_clear
	.thumb_func
ips114_clear:
.Lfunc_begin0:
	.loc	1 274 0                         @ ../../libraries/zf_device/zf_device_ips114.c:274:0
	.fnstart
	.cfi_sections .debug_frame
	.cfi_startproc
@ %bb.0:
	.save	{r4, r6, r7, lr}
	push	{r4, r6, r7, lr}
	.cfi_def_cfa_offset 16
	.cfi_offset lr, -4
	.cfi_offset r7, -8
	.cfi_offset r6, -12
	.cfi_offset r4, -16
	.setfp	r7, sp, #8
	add	r7, sp, #8
	.cfi_def_cfa r7, 8
	.pad	#32
	sub	sp, #32
.Ltmp0:
	.loc	1 275 25 prologue_end           @ ../../libraries/zf_device/zf_device_ips114.c:275:25
	movw	r0, :lower16:ips114_x_max
	movt	r0, :upper16:ips114_x_max
	str	r0, [r7, #-32]                  @ 4-byte Spill
	ldrb	r0, [r0]
	.loc	1 275 5 is_stmt 0               @ ../../libraries/zf_device/zf_device_ips114.c:275:5
	mov	r1, sp
	str	r1, [r7, #-12]
	movs	r1, #7
	add.w	r1, r1, r0, lsl #1
	bic	r2, r1, #7
	mov	r1, sp
	subs	r1, r1, r2
.Ltmp1:
	@DEBUG_VALUE: ips114_clear:color_buffer <- [$r1+0]
	mov	sp, r1
	str	r1, [r7, #-36]                  @ 4-byte Spill
.Ltmp2:
	@DEBUG_VALUE: ips114_clear:color_buffer <- [DW_OP_constu 36, DW_OP_minus, DW_OP_deref] [$r7+0]
	str	r0, [r7, #-16]
	movs	r0, #0
	.loc	1 276 12 is_stmt 1              @ ../../libraries/zf_device/zf_device_ips114.c:276:12
	str	r0, [r7, #-28]                  @ 4-byte Spill
	str	r0, [r7, #-20]
	.loc	1 276 19 is_stmt 0              @ ../../libraries/zf_device/zf_device_ips114.c:276:19
	str	r0, [r7, #-24]
	.loc	1 278 5 is_stmt 1               @ ../../libraries/zf_device/zf_device_ips114.c:278:5
	movw	r0, :lower16:PORTPTR
	movt	r0, :upper16:PORTPTR
	ldr	r0, [r0, #4]
	movs	r1, #8
	bl	GPIO_ClearPinsOutput
	ldr	r0, [r7, #-32]                  @ 4-byte Reload
	ldr	r1, [r7, #-28]                  @ 4-byte Reload
	.loc	1 279 29                        @ ../../libraries/zf_device/zf_device_ips114.c:279:29
	ldrb	r0, [r0]
	.loc	1 279 42 is_stmt 0              @ ../../libraries/zf_device/zf_device_ips114.c:279:42
	subs	r2, r0, #1
	.loc	1 279 47                        @ ../../libraries/zf_device/zf_device_ips114.c:279:47
	movw	r0, :lower16:ips114_y_max
	movt	r0, :upper16:ips114_y_max
	ldrb	r0, [r0]
	.loc	1 279 60                        @ ../../libraries/zf_device/zf_device_ips114.c:279:60
	subs	r0, #1
	.loc	1 279 5                         @ ../../libraries/zf_device/zf_device_ips114.c:279:5
	uxth	r2, r2
	uxth	r3, r0
	mov	r0, r1
	bl	ips114_set_region
	ldr	r0, [r7, #-28]                  @ 4-byte Reload
.Ltmp3:
	.loc	1 280 11 is_stmt 1              @ ../../libraries/zf_device/zf_device_ips114.c:280:11
	str	r0, [r7, #-20]
	.loc	1 280 9 is_stmt 0               @ ../../libraries/zf_device/zf_device_ips114.c:280:9
	b	.LBB0_1
.Ltmp4:
.LBB0_1:                                @ =>This Inner Loop Header: Depth=1
	.loc	1 280 16                        @ ../../libraries/zf_device/zf_device_ips114.c:280:16
	ldr	r0, [r7, #-20]
	.loc	1 280 20                        @ ../../libraries/zf_device/zf_device_ips114.c:280:20
	movw	r1, :lower16:ips114_x_max
	movt	r1, :upper16:ips114_x_max
	ldrb	r1, [r1]
.Ltmp5:
	.loc	1 280 5                         @ ../../libraries/zf_device/zf_device_ips114.c:280:5
	cmp	r0, r1
	bhs	.LBB0_4
	b	.LBB0_2
.LBB0_2:                                @   in Loop: Header=BB0_1 Depth=1
.Ltmp6:
	.loc	1 282 27 is_stmt 1              @ ../../libraries/zf_device/zf_device_ips114.c:282:27
	ldr	r1, [r7, #-36]                  @ 4-byte Reload
.Ltmp7:
	@DEBUG_VALUE: ips114_clear:color_buffer <- [$r1+0]
	movw	r0, :lower16:ips114_bgcolor
	movt	r0, :upper16:ips114_bgcolor
	ldrh	r0, [r0]
	.loc	1 282 22 is_stmt 0              @ ../../libraries/zf_device/zf_device_ips114.c:282:22
	ldr	r2, [r7, #-20]
	.loc	1 282 25                        @ ../../libraries/zf_device/zf_device_ips114.c:282:25
	strh.w	r0, [r1, r2, lsl #1]
	.loc	1 283 5 is_stmt 1               @ ../../libraries/zf_device/zf_device_ips114.c:283:5
	b	.LBB0_3
.Ltmp8:
.LBB0_3:                                @   in Loop: Header=BB0_1 Depth=1
	.loc	1 280 36                        @ ../../libraries/zf_device/zf_device_ips114.c:280:36
	ldr	r0, [r7, #-20]
	adds	r0, #1
	str	r0, [r7, #-20]
	.loc	1 280 5 is_stmt 0               @ ../../libraries/zf_device/zf_device_ips114.c:280:5
	b	.LBB0_1
.Ltmp9:
.LBB0_4:
	.loc	1 0 5                           @ ../../libraries/zf_device/zf_device_ips114.c:0:5
	movs	r0, #0
.Ltmp10:
	.loc	1 284 12 is_stmt 1              @ ../../libraries/zf_device/zf_device_ips114.c:284:12
	str	r0, [r7, #-24]
	.loc	1 284 10 is_stmt 0              @ ../../libraries/zf_device/zf_device_ips114.c:284:10
	b	.LBB0_5
.LBB0_5:                                @ =>This Inner Loop Header: Depth=1
.Ltmp11:
	.loc	1 284 17                        @ ../../libraries/zf_device/zf_device_ips114.c:284:17
	ldr	r0, [r7, #-24]
	.loc	1 284 21                        @ ../../libraries/zf_device/zf_device_ips114.c:284:21
	movw	r1, :lower16:ips114_y_max
	movt	r1, :upper16:ips114_y_max
	ldrb	r1, [r1]
.Ltmp12:
	.loc	1 284 5                         @ ../../libraries/zf_device/zf_device_ips114.c:284:5
	cmp	r0, r1
	bhs	.LBB0_8
	b	.LBB0_6
.LBB0_6:                                @   in Loop: Header=BB0_5 Depth=1
.Ltmp13:
	.loc	1 286 9 is_stmt 1               @ ../../libraries/zf_device/zf_device_ips114.c:286:9
	ldr	r1, [r7, #-36]                  @ 4-byte Reload
.Ltmp14:
	@DEBUG_VALUE: ips114_clear:color_buffer <- [$r1+0]
	movw	r0, :lower16:ips114_x_max
	movt	r0, :upper16:ips114_x_max
	ldrb	r2, [r0]
	movs	r0, #3
	bl	spi_write_16bit_array
.Ltmp15:
	.loc	1 287 5                         @ ../../libraries/zf_device/zf_device_ips114.c:287:5
	b	.LBB0_7
.Ltmp16:
.LBB0_7:                                @   in Loop: Header=BB0_5 Depth=1
	.loc	1 284 37                        @ ../../libraries/zf_device/zf_device_ips114.c:284:37
	ldr	r0, [r7, #-24]
	adds	r0, #1
	str	r0, [r7, #-24]
	.loc	1 284 5 is_stmt 0               @ ../../libraries/zf_device/zf_device_ips114.c:284:5
	b	.LBB0_5
.Ltmp17:
.LBB0_8:
	.loc	1 288 5 is_stmt 1               @ ../../libraries/zf_device/zf_device_ips114.c:288:5
	movw	r0, :lower16:PORTPTR
	movt	r0, :upper16:PORTPTR
	ldr	r0, [r0, #4]
	movs	r1, #8
	bl	GPIO_SetPinsOutput
	.loc	1 289 1                         @ ../../libraries/zf_device/zf_device_ips114.c:289:1
	ldr	r0, [r7, #-12]
	mov	sp, r0
	sub.w	r4, r7, #8
	mov	sp, r4
	pop	{r4, r6, r7, pc}
.Ltmp18:
.Lfunc_end0:
	.size	ips114_clear, .Lfunc_end0-ips114_clear
	.cfi_endproc
	.cantunwind
	.fnend
                                        @ -- End function
	.section	.text.GPIO_ClearPinsOutput,"ax",%progbits
	.p2align	3                               @ -- Begin function GPIO_ClearPinsOutput
	.type	GPIO_ClearPinsOutput,%function
	.code	16                              @ @GPIO_ClearPinsOutput
	.thumb_func
GPIO_ClearPinsOutput:
.Lfunc_begin1:
	.file	7 "E:\\FILE_SMART_CAR\\\346\231\272\350\203\275\350\247\206\350\247\211\\RT1064_Library-master\\RT1064_Library-master\\SeekFree_RT1064_Opensource_Library\\project\\mdk" "../../libraries/sdk/drives\\fsl_gpio.h"
	.loc	7 150 0                         @ ../../libraries/sdk/drives\fsl_gpio.h:150:0
	.fnstart
	.cfi_startproc
@ %bb.0:
	.save	{r7, lr}
	push	{r7, lr}
	.cfi_def_cfa_offset 8
	.cfi_offset lr, -4
	.cfi_offset r7, -8
	.pad	#8
	sub	sp, #8
	.cfi_def_cfa_offset 16
	str	r0, [sp, #4]
	str	r1, [sp]
.Ltmp19:
	.loc	7 151 20 prologue_end           @ ../../libraries/sdk/drives\fsl_gpio.h:151:20
	ldr	r0, [sp, #4]
	.loc	7 151 26 is_stmt 0              @ ../../libraries/sdk/drives\fsl_gpio.h:151:26
	ldr	r1, [sp]
	.loc	7 151 5                         @ ../../libraries/sdk/drives\fsl_gpio.h:151:5
	bl	GPIO_PortClear
	.loc	7 152 1 is_stmt 1               @ ../../libraries/sdk/drives\fsl_gpio.h:152:1
	add	sp, #8
	pop	{r7, pc}
.Ltmp20:
.Lfunc_end1:
	.size	GPIO_ClearPinsOutput, .Lfunc_end1-GPIO_ClearPinsOutput
	.cfi_endproc
	.cantunwind
	.fnend
                                        @ -- End function
	.section	.text.ips114_set_region,"ax",%progbits
	.p2align	3                               @ -- Begin function ips114_set_region
	.type	ips114_set_region,%function
	.code	16                              @ @ips114_set_region
	.thumb_func
ips114_set_region:
.Lfunc_begin2:
	.loc	1 173 0                         @ ../../libraries/zf_device/zf_device_ips114.c:173:0
	.fnstart
	.cfi_startproc
@ %bb.0:
	.save	{r7, lr}
	push	{r7, lr}
	.cfi_def_cfa_offset 8
	.cfi_offset lr, -4
	.cfi_offset r7, -8
	.pad	#48
	sub	sp, #48
	.cfi_def_cfa_offset 56
                                        @ kill: def $r12 killed $r3
                                        @ kill: def $r12 killed $r2
                                        @ kill: def $r12 killed $r1
                                        @ kill: def $r12 killed $r0
	strh.w	r0, [sp, #46]
	strh.w	r1, [sp, #44]
	strh.w	r2, [sp, #42]
	strh.w	r3, [sp, #40]
.Ltmp21:
	.loc	1 177 5 prologue_end            @ ../../libraries/zf_device/zf_device_ips114.c:177:5
	ldrh.w	r1, [sp, #46]
	movw	r0, :lower16:ips114_x_max
	movt	r0, :upper16:ips114_x_max
	str	r0, [sp, #20]                   @ 4-byte Spill
	ldrb	r2, [r0]
	movs	r0, #0
	str	r0, [sp, #28]                   @ 4-byte Spill
	cmp	r1, r2
	it	lt
	movlt	r0, #1
	movw	r1, :lower16:.L.str
	movt	r1, :upper16:.L.str
	str	r1, [sp, #32]                   @ 4-byte Spill
	movs	r2, #177
	bl	debug_assert_handler
	ldr	r0, [sp, #28]                   @ 4-byte Reload
	ldr	r1, [sp, #32]                   @ 4-byte Reload
	.loc	1 178 5                         @ ../../libraries/zf_device/zf_device_ips114.c:178:5
	ldrh.w	r2, [sp, #44]
	movw	r3, :lower16:ips114_y_max
	movt	r3, :upper16:ips114_y_max
	str	r3, [sp, #24]                   @ 4-byte Spill
	ldrb	r3, [r3]
	cmp	r2, r3
	it	lt
	movlt	r0, #1
	movs	r2, #178
	bl	debug_assert_handler
	ldr	r3, [sp, #20]                   @ 4-byte Reload
	ldr	r0, [sp, #28]                   @ 4-byte Reload
	ldr	r1, [sp, #32]                   @ 4-byte Reload
	.loc	1 179 5                         @ ../../libraries/zf_device/zf_device_ips114.c:179:5
	ldrh.w	r2, [sp, #42]
	ldrb	r3, [r3]
	cmp	r2, r3
	it	lt
	movlt	r0, #1
	movs	r2, #179
	bl	debug_assert_handler
	ldr	r3, [sp, #24]                   @ 4-byte Reload
	ldr	r0, [sp, #28]                   @ 4-byte Reload
	ldr	r1, [sp, #32]                   @ 4-byte Reload
	.loc	1 180 5                         @ ../../libraries/zf_device/zf_device_ips114.c:180:5
	ldrh.w	r2, [sp, #40]
	ldrb	r3, [r3]
	cmp	r2, r3
	it	lt
	movlt	r0, #1
	movs	r2, #180
	bl	debug_assert_handler
	.loc	1 182 12                        @ ../../libraries/zf_device/zf_device_ips114.c:182:12
	movw	r0, :lower16:ips114_display_dir
	movt	r0, :upper16:ips114_display_dir
	ldrb	r0, [r0]
	.loc	1 182 5 is_stmt 0               @ ../../libraries/zf_device/zf_device_ips114.c:182:5
	mov	r1, r0
	str	r1, [sp, #36]                   @ 4-byte Spill
	cmp	r0, #3
	bhi.w	.LBB2_7
@ %bb.1:
	.loc	1 0 5                           @ ../../libraries/zf_device/zf_device_ips114.c:0:5
	ldr	r1, [sp, #36]                   @ 4-byte Reload
.LCPI2_0:
	tbb	[pc, r1]
@ %bb.2:
.LJTI2_0:
	.byte	(.LBB2_3-(.LCPI2_0+4))/2
	.byte	(.LBB2_4-(.LCPI2_0+4))/2
	.byte	(.LBB2_5-(.LCPI2_0+4))/2
	.byte	(.LBB2_6-(.LCPI2_0+4))/2
	.p2align	1
.LBB2_3:
	movs	r0, #42
.Ltmp22:
	.loc	1 186 13 is_stmt 1              @ ../../libraries/zf_device/zf_device_ips114.c:186:13
	bl	ips114_write_index
	.loc	1 187 13                        @ ../../libraries/zf_device/zf_device_ips114.c:187:13
	ldrh.w	r0, [sp, #46]
	adds	r0, #40
	uxth	r1, r0
	movs	r0, #3
	str	r0, [sp, #16]                   @ 4-byte Spill
	bl	spi_write_16bit
	ldr	r0, [sp, #16]                   @ 4-byte Reload
	.loc	1 188 13                        @ ../../libraries/zf_device/zf_device_ips114.c:188:13
	ldrh.w	r1, [sp, #42]
	adds	r1, #40
	uxth	r1, r1
	bl	spi_write_16bit
	movs	r0, #43
	.loc	1 189 13                        @ ../../libraries/zf_device/zf_device_ips114.c:189:13
	bl	ips114_write_index
	ldr	r0, [sp, #16]                   @ 4-byte Reload
	.loc	1 190 13                        @ ../../libraries/zf_device/zf_device_ips114.c:190:13
	ldrh.w	r1, [sp, #44]
	adds	r1, #52
	uxth	r1, r1
	bl	spi_write_16bit
	ldr	r0, [sp, #16]                   @ 4-byte Reload
	.loc	1 191 13                        @ ../../libraries/zf_device/zf_device_ips114.c:191:13
	ldrh.w	r1, [sp, #40]
	adds	r1, #52
	uxth	r1, r1
	bl	spi_write_16bit
	movs	r0, #44
	.loc	1 192 13                        @ ../../libraries/zf_device/zf_device_ips114.c:192:13
	bl	ips114_write_index
.Ltmp23:
	.loc	1 193 10                        @ ../../libraries/zf_device/zf_device_ips114.c:193:10
	b	.LBB2_7
.LBB2_4:
	.loc	1 0 10 is_stmt 0                @ ../../libraries/zf_device/zf_device_ips114.c:0:10
	movs	r0, #42
.Ltmp24:
	.loc	1 196 13 is_stmt 1              @ ../../libraries/zf_device/zf_device_ips114.c:196:13
	bl	ips114_write_index
	.loc	1 197 13                        @ ../../libraries/zf_device/zf_device_ips114.c:197:13
	ldrh.w	r0, [sp, #46]
	adds	r0, #40
	uxth	r1, r0
	movs	r0, #3
	str	r0, [sp, #12]                   @ 4-byte Spill
	bl	spi_write_16bit
	ldr	r0, [sp, #12]                   @ 4-byte Reload
	.loc	1 198 13                        @ ../../libraries/zf_device/zf_device_ips114.c:198:13
	ldrh.w	r1, [sp, #42]
	adds	r1, #40
	uxth	r1, r1
	bl	spi_write_16bit
	movs	r0, #43
	.loc	1 199 13                        @ ../../libraries/zf_device/zf_device_ips114.c:199:13
	bl	ips114_write_index
	ldr	r0, [sp, #12]                   @ 4-byte Reload
	.loc	1 200 13                        @ ../../libraries/zf_device/zf_device_ips114.c:200:13
	ldrh.w	r1, [sp, #44]
	adds	r1, #53
	uxth	r1, r1
	bl	spi_write_16bit
	ldr	r0, [sp, #12]                   @ 4-byte Reload
	.loc	1 201 13                        @ ../../libraries/zf_device/zf_device_ips114.c:201:13
	ldrh.w	r1, [sp, #40]
	adds	r1, #53
	uxth	r1, r1
	bl	spi_write_16bit
	movs	r0, #44
	.loc	1 202 13                        @ ../../libraries/zf_device/zf_device_ips114.c:202:13
	bl	ips114_write_index
.Ltmp25:
	.loc	1 203 10                        @ ../../libraries/zf_device/zf_device_ips114.c:203:10
	b	.LBB2_7
.LBB2_5:
	.loc	1 0 10 is_stmt 0                @ ../../libraries/zf_device/zf_device_ips114.c:0:10
	movs	r0, #42
.Ltmp26:
	.loc	1 206 13 is_stmt 1              @ ../../libraries/zf_device/zf_device_ips114.c:206:13
	bl	ips114_write_index
	.loc	1 207 13                        @ ../../libraries/zf_device/zf_device_ips114.c:207:13
	ldrh.w	r0, [sp, #46]
	adds	r0, #52
	uxth	r1, r0
	movs	r0, #3
	str	r0, [sp, #8]                    @ 4-byte Spill
	bl	spi_write_16bit
	ldr	r0, [sp, #8]                    @ 4-byte Reload
	.loc	1 208 13                        @ ../../libraries/zf_device/zf_device_ips114.c:208:13
	ldrh.w	r1, [sp, #42]
	adds	r1, #52
	uxth	r1, r1
	bl	spi_write_16bit
	movs	r0, #43
	.loc	1 209 13                        @ ../../libraries/zf_device/zf_device_ips114.c:209:13
	bl	ips114_write_index
	ldr	r0, [sp, #8]                    @ 4-byte Reload
	.loc	1 210 13                        @ ../../libraries/zf_device/zf_device_ips114.c:210:13
	ldrh.w	r1, [sp, #44]
	adds	r1, #40
	uxth	r1, r1
	bl	spi_write_16bit
	ldr	r0, [sp, #8]                    @ 4-byte Reload
	.loc	1 211 13                        @ ../../libraries/zf_device/zf_device_ips114.c:211:13
	ldrh.w	r1, [sp, #40]
	adds	r1, #40
	uxth	r1, r1
	bl	spi_write_16bit
	movs	r0, #44
	.loc	1 212 13                        @ ../../libraries/zf_device/zf_device_ips114.c:212:13
	bl	ips114_write_index
.Ltmp27:
	.loc	1 213 10                        @ ../../libraries/zf_device/zf_device_ips114.c:213:10
	b	.LBB2_7
.LBB2_6:
	.loc	1 0 10 is_stmt 0                @ ../../libraries/zf_device/zf_device_ips114.c:0:10
	movs	r0, #42
.Ltmp28:
	.loc	1 216 13 is_stmt 1              @ ../../libraries/zf_device/zf_device_ips114.c:216:13
	bl	ips114_write_index
	.loc	1 217 13                        @ ../../libraries/zf_device/zf_device_ips114.c:217:13
	ldrh.w	r0, [sp, #46]
	adds	r0, #53
	uxth	r1, r0
	movs	r0, #3
	str	r0, [sp, #4]                    @ 4-byte Spill
	bl	spi_write_16bit
	ldr	r0, [sp, #4]                    @ 4-byte Reload
	.loc	1 218 13                        @ ../../libraries/zf_device/zf_device_ips114.c:218:13
	ldrh.w	r1, [sp, #42]
	adds	r1, #53
	uxth	r1, r1
	bl	spi_write_16bit
	movs	r0, #43
	.loc	1 219 13                        @ ../../libraries/zf_device/zf_device_ips114.c:219:13
	bl	ips114_write_index
	ldr	r0, [sp, #4]                    @ 4-byte Reload
	.loc	1 220 13                        @ ../../libraries/zf_device/zf_device_ips114.c:220:13
	ldrh.w	r1, [sp, #44]
	adds	r1, #40
	uxth	r1, r1
	bl	spi_write_16bit
	ldr	r0, [sp, #4]                    @ 4-byte Reload
	.loc	1 221 13                        @ ../../libraries/zf_device/zf_device_ips114.c:221:13
	ldrh.w	r1, [sp, #40]
	adds	r1, #40
	uxth	r1, r1
	bl	spi_write_16bit
	movs	r0, #44
	.loc	1 222 13                        @ ../../libraries/zf_device/zf_device_ips114.c:222:13
	bl	ips114_write_index
.Ltmp29:
	.loc	1 223 10                        @ ../../libraries/zf_device/zf_device_ips114.c:223:10
	b	.LBB2_7
.Ltmp30:
.LBB2_7:
	.loc	1 225 1                         @ ../../libraries/zf_device/zf_device_ips114.c:225:1
	add	sp, #48
	pop	{r7, pc}
.Ltmp31:
.Lfunc_end2:
	.size	ips114_set_region, .Lfunc_end2-ips114_set_region
	.cfi_endproc
	.cantunwind
	.fnend
                                        @ -- End function
	.section	.text.GPIO_SetPinsOutput,"ax",%progbits
	.p2align	3                               @ -- Begin function GPIO_SetPinsOutput
	.type	GPIO_SetPinsOutput,%function
	.code	16                              @ @GPIO_SetPinsOutput
	.thumb_func
GPIO_SetPinsOutput:
.Lfunc_begin3:
	.loc	7 126 0                         @ ../../libraries/sdk/drives\fsl_gpio.h:126:0
	.fnstart
	.cfi_startproc
@ %bb.0:
	.save	{r7, lr}
	push	{r7, lr}
	.cfi_def_cfa_offset 8
	.cfi_offset lr, -4
	.cfi_offset r7, -8
	.pad	#8
	sub	sp, #8
	.cfi_def_cfa_offset 16
	str	r0, [sp, #4]
	str	r1, [sp]
.Ltmp32:
	.loc	7 127 18 prologue_end           @ ../../libraries/sdk/drives\fsl_gpio.h:127:18
	ldr	r0, [sp, #4]
	.loc	7 127 24 is_stmt 0              @ ../../libraries/sdk/drives\fsl_gpio.h:127:24
	ldr	r1, [sp]
	.loc	7 127 5                         @ ../../libraries/sdk/drives\fsl_gpio.h:127:5
	bl	GPIO_PortSet
	.loc	7 128 1 is_stmt 1               @ ../../libraries/sdk/drives\fsl_gpio.h:128:1
	add	sp, #8
	pop	{r7, pc}
.Ltmp33:
.Lfunc_end3:
	.size	GPIO_SetPinsOutput, .Lfunc_end3-GPIO_SetPinsOutput
	.cfi_endproc
	.cantunwind
	.fnend
                                        @ -- End function
	.section	.text.ips114_full,"ax",%progbits
	.hidden	ips114_full                     @ -- Begin function ips114_full
	.globl	ips114_full
	.p2align	3
	.type	ips114_full,%function
	.code	16                              @ @ips114_full
	.thumb_func
ips114_full:
.Lfunc_begin4:
	.loc	1 299 0                         @ ../../libraries/zf_device/zf_device_ips114.c:299:0
	.fnstart
	.cfi_startproc
@ %bb.0:
	.save	{r4, r6, r7, lr}
	push	{r4, r6, r7, lr}
	.cfi_def_cfa_offset 16
	.cfi_offset lr, -4
	.cfi_offset r7, -8
	.cfi_offset r6, -12
	.cfi_offset r4, -16
	.setfp	r7, sp, #8
	add	r7, sp, #8
	.cfi_def_cfa r7, 8
	.pad	#32
	sub	sp, #32
                                        @ kill: def $r1 killed $r0
	strh	r0, [r7, #-10]
.Ltmp34:
	.loc	1 300 25 prologue_end           @ ../../libraries/zf_device/zf_device_ips114.c:300:25
	movw	r0, :lower16:ips114_x_max
	movt	r0, :upper16:ips114_x_max
	str	r0, [r7, #-36]                  @ 4-byte Spill
	ldrb	r0, [r0]
	.loc	1 300 5 is_stmt 0               @ ../../libraries/zf_device/zf_device_ips114.c:300:5
	mov	r1, sp
	str	r1, [r7, #-16]
	movs	r1, #7
	add.w	r1, r1, r0, lsl #1
	bic	r2, r1, #7
	mov	r1, sp
	subs	r1, r1, r2
.Ltmp35:
	@DEBUG_VALUE: ips114_full:color_buffer <- [$r1+0]
	mov	sp, r1
	str	r1, [r7, #-40]                  @ 4-byte Spill
.Ltmp36:
	@DEBUG_VALUE: ips114_full:color_buffer <- [DW_OP_constu 40, DW_OP_minus, DW_OP_deref] [$r7+0]
	str	r0, [r7, #-20]
	movs	r0, #0
	.loc	1 301 12 is_stmt 1              @ ../../libraries/zf_device/zf_device_ips114.c:301:12
	str	r0, [r7, #-32]                  @ 4-byte Spill
	str	r0, [r7, #-24]
	.loc	1 301 19 is_stmt 0              @ ../../libraries/zf_device/zf_device_ips114.c:301:19
	str	r0, [r7, #-28]
	.loc	1 303 5 is_stmt 1               @ ../../libraries/zf_device/zf_device_ips114.c:303:5
	movw	r0, :lower16:PORTPTR
	movt	r0, :upper16:PORTPTR
	ldr	r0, [r0, #4]
	movs	r1, #8
	bl	GPIO_ClearPinsOutput
	ldr	r0, [r7, #-36]                  @ 4-byte Reload
	ldr	r1, [r7, #-32]                  @ 4-byte Reload
	.loc	1 304 29                        @ ../../libraries/zf_device/zf_device_ips114.c:304:29
	ldrb	r0, [r0]
	.loc	1 304 42 is_stmt 0              @ ../../libraries/zf_device/zf_device_ips114.c:304:42
	subs	r2, r0, #1
	.loc	1 304 47                        @ ../../libraries/zf_device/zf_device_ips114.c:304:47
	movw	r0, :lower16:ips114_y_max
	movt	r0, :upper16:ips114_y_max
	ldrb	r0, [r0]
	.loc	1 304 60                        @ ../../libraries/zf_device/zf_device_ips114.c:304:60
	subs	r0, #1
	.loc	1 304 5                         @ ../../libraries/zf_device/zf_device_ips114.c:304:5
	uxth	r2, r2
	uxth	r3, r0
	mov	r0, r1
	bl	ips114_set_region
	ldr	r0, [r7, #-32]                  @ 4-byte Reload
.Ltmp37:
	.loc	1 305 11 is_stmt 1              @ ../../libraries/zf_device/zf_device_ips114.c:305:11
	str	r0, [r7, #-24]
	.loc	1 305 9 is_stmt 0               @ ../../libraries/zf_device/zf_device_ips114.c:305:9
	b	.LBB4_1
.Ltmp38:
.LBB4_1:                                @ =>This Inner Loop Header: Depth=1
	.loc	1 305 16                        @ ../../libraries/zf_device/zf_device_ips114.c:305:16
	ldr	r0, [r7, #-24]
	.loc	1 305 20                        @ ../../libraries/zf_device/zf_device_ips114.c:305:20
	movw	r1, :lower16:ips114_x_max
	movt	r1, :upper16:ips114_x_max
	ldrb	r1, [r1]
.Ltmp39:
	.loc	1 305 5                         @ ../../libraries/zf_device/zf_device_ips114.c:305:5
	cmp	r0, r1
	bhs	.LBB4_4
	b	.LBB4_2
.LBB4_2:                                @   in Loop: Header=BB4_1 Depth=1
.Ltmp40:
	.loc	1 307 27 is_stmt 1              @ ../../libraries/zf_device/zf_device_ips114.c:307:27
	ldr	r1, [r7, #-40]                  @ 4-byte Reload
.Ltmp41:
	@DEBUG_VALUE: ips114_full:color_buffer <- [$r1+0]
	ldrh	r0, [r7, #-10]
	.loc	1 307 22 is_stmt 0              @ ../../libraries/zf_device/zf_device_ips114.c:307:22
	ldr	r2, [r7, #-24]
	.loc	1 307 25                        @ ../../libraries/zf_device/zf_device_ips114.c:307:25
	strh.w	r0, [r1, r2, lsl #1]
	.loc	1 308 5 is_stmt 1               @ ../../libraries/zf_device/zf_device_ips114.c:308:5
	b	.LBB4_3
.Ltmp42:
.LBB4_3:                                @   in Loop: Header=BB4_1 Depth=1
	.loc	1 305 36                        @ ../../libraries/zf_device/zf_device_ips114.c:305:36
	ldr	r0, [r7, #-24]
	adds	r0, #1
	str	r0, [r7, #-24]
	.loc	1 305 5 is_stmt 0               @ ../../libraries/zf_device/zf_device_ips114.c:305:5
	b	.LBB4_1
.Ltmp43:
.LBB4_4:
	.loc	1 0 5                           @ ../../libraries/zf_device/zf_device_ips114.c:0:5
	movs	r0, #0
.Ltmp44:
	.loc	1 309 12 is_stmt 1              @ ../../libraries/zf_device/zf_device_ips114.c:309:12
	str	r0, [r7, #-28]
	.loc	1 309 10 is_stmt 0              @ ../../libraries/zf_device/zf_device_ips114.c:309:10
	b	.LBB4_5
.LBB4_5:                                @ =>This Inner Loop Header: Depth=1
.Ltmp45:
	.loc	1 309 17                        @ ../../libraries/zf_device/zf_device_ips114.c:309:17
	ldr	r0, [r7, #-28]
	.loc	1 309 21                        @ ../../libraries/zf_device/zf_device_ips114.c:309:21
	movw	r1, :lower16:ips114_y_max
	movt	r1, :upper16:ips114_y_max
	ldrb	r1, [r1]
.Ltmp46:
	.loc	1 309 5                         @ ../../libraries/zf_device/zf_device_ips114.c:309:5
	cmp	r0, r1
	bhs	.LBB4_8
	b	.LBB4_6
.LBB4_6:                                @   in Loop: Header=BB4_5 Depth=1
.Ltmp47:
	.loc	1 311 9 is_stmt 1               @ ../../libraries/zf_device/zf_device_ips114.c:311:9
	ldr	r1, [r7, #-40]                  @ 4-byte Reload
.Ltmp48:
	@DEBUG_VALUE: ips114_full:color_buffer <- [$r1+0]
	movw	r0, :lower16:ips114_x_max
	movt	r0, :upper16:ips114_x_max
	ldrb	r2, [r0]
	movs	r0, #3
	bl	spi_write_16bit_array
.Ltmp49:
	.loc	1 312 5                         @ ../../libraries/zf_device/zf_device_ips114.c:312:5
	b	.LBB4_7
.Ltmp50:
.LBB4_7:                                @   in Loop: Header=BB4_5 Depth=1
	.loc	1 309 37                        @ ../../libraries/zf_device/zf_device_ips114.c:309:37
	ldr	r0, [r7, #-28]
	adds	r0, #1
	str	r0, [r7, #-28]
	.loc	1 309 5 is_stmt 0               @ ../../libraries/zf_device/zf_device_ips114.c:309:5
	b	.LBB4_5
.Ltmp51:
.LBB4_8:
	.loc	1 313 5 is_stmt 1               @ ../../libraries/zf_device/zf_device_ips114.c:313:5
	movw	r0, :lower16:PORTPTR
	movt	r0, :upper16:PORTPTR
	ldr	r0, [r0, #4]
	movs	r1, #8
	bl	GPIO_SetPinsOutput
	.loc	1 314 1                         @ ../../libraries/zf_device/zf_device_ips114.c:314:1
	ldr	r0, [r7, #-16]
	mov	sp, r0
	sub.w	r4, r7, #8
	mov	sp, r4
	pop	{r4, r6, r7, pc}
.Ltmp52:
.Lfunc_end4:
	.size	ips114_full, .Lfunc_end4-ips114_full
	.cfi_endproc
	.cantunwind
	.fnend
                                        @ -- End function
	.section	.text.ips114_set_dir,"ax",%progbits
	.hidden	ips114_set_dir                  @ -- Begin function ips114_set_dir
	.globl	ips114_set_dir
	.p2align	3
	.type	ips114_set_dir,%function
	.code	16                              @ @ips114_set_dir
	.thumb_func
ips114_set_dir:
.Lfunc_begin5:
	.loc	1 324 0                         @ ../../libraries/zf_device/zf_device_ips114.c:324:0
	.fnstart
	.cfi_startproc
@ %bb.0:
	.pad	#8
	sub	sp, #8
	.cfi_def_cfa_offset 8
                                        @ kill: def $r1 killed $r0
	strb.w	r0, [sp, #7]
.Ltmp53:
	.loc	1 325 26 prologue_end           @ ../../libraries/zf_device/zf_device_ips114.c:325:26
	ldrb.w	r1, [sp, #7]
	.loc	1 325 24 is_stmt 0              @ ../../libraries/zf_device/zf_device_ips114.c:325:24
	movw	r0, :lower16:ips114_display_dir
	movt	r0, :upper16:ips114_display_dir
	strb	r1, [r0]
	.loc	1 326 12 is_stmt 1              @ ../../libraries/zf_device/zf_device_ips114.c:326:12
	ldrb	r0, [r0]
	.loc	1 326 5 is_stmt 0               @ ../../libraries/zf_device/zf_device_ips114.c:326:5
	mov	r1, r0
	str	r1, [sp]                        @ 4-byte Spill
	cmp	r0, #2
	blo	.LBB5_2
	b	.LBB5_1
.LBB5_1:
	ldr	r0, [sp]                        @ 4-byte Reload
	subs	r0, #2
	cmp	r0, #2
	blo	.LBB5_3
	b	.LBB5_4
.LBB5_2:
.Ltmp54:
	.loc	1 331 26 is_stmt 1              @ ../../libraries/zf_device/zf_device_ips114.c:331:26
	movw	r1, :lower16:ips114_x_max
	movt	r1, :upper16:ips114_x_max
	movs	r0, #240
	strb	r0, [r1]
	.loc	1 332 26                        @ ../../libraries/zf_device/zf_device_ips114.c:332:26
	movw	r1, :lower16:ips114_y_max
	movt	r1, :upper16:ips114_y_max
	movs	r0, #135
	strb	r0, [r1]
.Ltmp55:
	.loc	1 333 10                        @ ../../libraries/zf_device/zf_device_ips114.c:333:10
	b	.LBB5_4
.LBB5_3:
.Ltmp56:
	.loc	1 337 26                        @ ../../libraries/zf_device/zf_device_ips114.c:337:26
	movw	r1, :lower16:ips114_x_max
	movt	r1, :upper16:ips114_x_max
	movs	r0, #135
	strb	r0, [r1]
	.loc	1 338 26                        @ ../../libraries/zf_device/zf_device_ips114.c:338:26
	movw	r1, :lower16:ips114_y_max
	movt	r1, :upper16:ips114_y_max
	movs	r0, #240
	strb	r0, [r1]
.Ltmp57:
	.loc	1 339 10                        @ ../../libraries/zf_device/zf_device_ips114.c:339:10
	b	.LBB5_4
.Ltmp58:
.LBB5_4:
	.loc	1 341 1                         @ ../../libraries/zf_device/zf_device_ips114.c:341:1
	add	sp, #8
	bx	lr
.Ltmp59:
.Lfunc_end5:
	.size	ips114_set_dir, .Lfunc_end5-ips114_set_dir
	.cfi_endproc
	.cantunwind
	.fnend
                                        @ -- End function
	.section	.text.ips114_set_font,"ax",%progbits
	.hidden	ips114_set_font                 @ -- Begin function ips114_set_font
	.globl	ips114_set_font
	.p2align	3
	.type	ips114_set_font,%function
	.code	16                              @ @ips114_set_font
	.thumb_func
ips114_set_font:
.Lfunc_begin6:
	.loc	1 351 0                         @ ../../libraries/zf_device/zf_device_ips114.c:351:0
	.fnstart
	.cfi_startproc
@ %bb.0:
	.pad	#4
	sub	sp, #4
	.cfi_def_cfa_offset 4
                                        @ kill: def $r1 killed $r0
	strb.w	r0, [sp, #3]
.Ltmp60:
	.loc	1 352 27 prologue_end           @ ../../libraries/zf_device/zf_device_ips114.c:352:27
	ldrb.w	r0, [sp, #3]
	.loc	1 352 25 is_stmt 0              @ ../../libraries/zf_device/zf_device_ips114.c:352:25
	movw	r1, :lower16:ips114_display_font
	movt	r1, :upper16:ips114_display_font
	strb	r0, [r1]
	.loc	1 353 1 is_stmt 1               @ ../../libraries/zf_device/zf_device_ips114.c:353:1
	add	sp, #4
	bx	lr
.Ltmp61:
.Lfunc_end6:
	.size	ips114_set_font, .Lfunc_end6-ips114_set_font
	.cfi_endproc
	.cantunwind
	.fnend
                                        @ -- End function
	.section	.text.ips114_set_color,"ax",%progbits
	.hidden	ips114_set_color                @ -- Begin function ips114_set_color
	.globl	ips114_set_color
	.p2align	3
	.type	ips114_set_color,%function
	.code	16                              @ @ips114_set_color
	.thumb_func
ips114_set_color:
.Lfunc_begin7:
	.loc	1 364 0                         @ ../../libraries/zf_device/zf_device_ips114.c:364:0
	.fnstart
	.cfi_startproc
@ %bb.0:
	.pad	#4
	sub	sp, #4
	.cfi_def_cfa_offset 4
                                        @ kill: def $r2 killed $r1
                                        @ kill: def $r2 killed $r0
	strh.w	r0, [sp, #2]
	strh.w	r1, [sp]
.Ltmp62:
	.loc	1 365 23 prologue_end           @ ../../libraries/zf_device/zf_device_ips114.c:365:23
	ldrh.w	r0, [sp, #2]
	.loc	1 365 21 is_stmt 0              @ ../../libraries/zf_device/zf_device_ips114.c:365:21
	movw	r1, :lower16:ips114_pencolor
	movt	r1, :upper16:ips114_pencolor
	strh	r0, [r1]
	.loc	1 366 22 is_stmt 1              @ ../../libraries/zf_device/zf_device_ips114.c:366:22
	ldrh.w	r0, [sp]
	.loc	1 366 20 is_stmt 0              @ ../../libraries/zf_device/zf_device_ips114.c:366:20
	movw	r1, :lower16:ips114_bgcolor
	movt	r1, :upper16:ips114_bgcolor
	strh	r0, [r1]
	.loc	1 367 1 is_stmt 1               @ ../../libraries/zf_device/zf_device_ips114.c:367:1
	add	sp, #4
	bx	lr
.Ltmp63:
.Lfunc_end7:
	.size	ips114_set_color, .Lfunc_end7-ips114_set_color
	.cfi_endproc
	.cantunwind
	.fnend
                                        @ -- End function
	.section	.text.ips114_draw_point,"ax",%progbits
	.hidden	ips114_draw_point               @ -- Begin function ips114_draw_point
	.globl	ips114_draw_point
	.p2align	3
	.type	ips114_draw_point,%function
	.code	16                              @ @ips114_draw_point
	.thumb_func
ips114_draw_point:
.Lfunc_begin8:
	.loc	1 379 0                         @ ../../libraries/zf_device/zf_device_ips114.c:379:0
	.fnstart
	.cfi_startproc
@ %bb.0:
	.save	{r7, lr}
	push	{r7, lr}
	.cfi_def_cfa_offset 8
	.cfi_offset lr, -4
	.cfi_offset r7, -8
	.pad	#24
	sub	sp, #24
	.cfi_def_cfa_offset 32
                                        @ kill: def $r3 killed $r2
                                        @ kill: def $r3 killed $r1
                                        @ kill: def $r3 killed $r0
	strh.w	r0, [sp, #22]
	strh.w	r1, [sp, #20]
	strh.w	r2, [sp, #18]
.Ltmp64:
	.loc	1 382 5 prologue_end            @ ../../libraries/zf_device/zf_device_ips114.c:382:5
	ldrh.w	r1, [sp, #22]
	movw	r0, :lower16:ips114_x_max
	movt	r0, :upper16:ips114_x_max
	ldrb	r2, [r0]
	movs	r0, #0
	str	r0, [sp]                        @ 4-byte Spill
	cmp	r1, r2
	it	lt
	movlt	r0, #1
	movw	r1, :lower16:.L.str
	movt	r1, :upper16:.L.str
	str	r1, [sp, #4]                    @ 4-byte Spill
	mov.w	r2, #382
	bl	debug_assert_handler
	ldr	r0, [sp]                        @ 4-byte Reload
	ldr	r1, [sp, #4]                    @ 4-byte Reload
	.loc	1 383 5                         @ ../../libraries/zf_device/zf_device_ips114.c:383:5
	ldrh.w	r2, [sp, #20]
	movw	r3, :lower16:ips114_y_max
	movt	r3, :upper16:ips114_y_max
	ldrb	r3, [r3]
	cmp	r2, r3
	it	lt
	movlt	r0, #1
	movw	r2, #383
	bl	debug_assert_handler
	.loc	1 385 5                         @ ../../libraries/zf_device/zf_device_ips114.c:385:5
	movw	r0, :lower16:PORTPTR
	movt	r0, :upper16:PORTPTR
	str	r0, [sp, #8]                    @ 4-byte Spill
	ldr	r0, [r0, #4]
	movs	r1, #8
	str	r1, [sp, #12]                   @ 4-byte Spill
	bl	GPIO_ClearPinsOutput
	.loc	1 386 23                        @ ../../libraries/zf_device/zf_device_ips114.c:386:23
	ldrh.w	r2, [sp, #22]
	.loc	1 386 26 is_stmt 0              @ ../../libraries/zf_device/zf_device_ips114.c:386:26
	ldrh.w	r3, [sp, #20]
	.loc	1 386 5                         @ ../../libraries/zf_device/zf_device_ips114.c:386:5
	mov	r0, r2
	mov	r1, r3
	bl	ips114_set_region
	.loc	1 387 5 is_stmt 1               @ ../../libraries/zf_device/zf_device_ips114.c:387:5
	ldrh.w	r1, [sp, #18]
	movs	r0, #3
	bl	spi_write_16bit
	ldr	r0, [sp, #8]                    @ 4-byte Reload
	ldr	r1, [sp, #12]                   @ 4-byte Reload
	.loc	1 388 5                         @ ../../libraries/zf_device/zf_device_ips114.c:388:5
	ldr	r0, [r0, #4]
	bl	GPIO_SetPinsOutput
	.loc	1 389 1                         @ ../../libraries/zf_device/zf_device_ips114.c:389:1
	add	sp, #24
	pop	{r7, pc}
.Ltmp65:
.Lfunc_end8:
	.size	ips114_draw_point, .Lfunc_end8-ips114_draw_point
	.cfi_endproc
	.cantunwind
	.fnend
                                        @ -- End function
	.section	.text.ips114_draw_line,"ax",%progbits
	.hidden	ips114_draw_line                @ -- Begin function ips114_draw_line
	.globl	ips114_draw_line
	.p2align	3
	.type	ips114_draw_line,%function
	.code	16                              @ @ips114_draw_line
	.thumb_func
ips114_draw_line:
.Lfunc_begin9:
	.loc	1 403 0                         @ ../../libraries/zf_device/zf_device_ips114.c:403:0
	.fnstart
	.cfi_startproc
@ %bb.0:
	.save	{r7, lr}
	push	{r7, lr}
	.cfi_def_cfa_offset 8
	.cfi_offset lr, -4
	.cfi_offset r7, -8
	.pad	#56
	sub	sp, #56
	.cfi_def_cfa_offset 64
	mov	r12, r0
	ldr	r0, [sp, #64]
                                        @ kill: def $lr killed $r3
                                        @ kill: def $lr killed $r2
                                        @ kill: def $lr killed $r1
                                        @ kill: def $lr killed $r12
	strh.w	r12, [sp, #54]
	strh.w	r1, [sp, #52]
	strh.w	r2, [sp, #50]
	strh.w	r3, [sp, #48]
	strh.w	r0, [sp, #46]
.Ltmp66:
	.loc	1 406 5 prologue_end            @ ../../libraries/zf_device/zf_device_ips114.c:406:5
	ldrh.w	r1, [sp, #54]
	movw	r0, :lower16:ips114_x_max
	movt	r0, :upper16:ips114_x_max
	str	r0, [sp, #16]                   @ 4-byte Spill
	ldrb	r2, [r0]
	movs	r0, #0
	str	r0, [sp, #28]                   @ 4-byte Spill
	cmp	r1, r2
	it	lt
	movlt	r0, #1
	movw	r1, :lower16:.L.str
	movt	r1, :upper16:.L.str
	str	r1, [sp, #24]                   @ 4-byte Spill
	mov.w	r2, #406
	bl	debug_assert_handler
	ldr	r1, [sp, #24]                   @ 4-byte Reload
	ldr	r0, [sp, #28]                   @ 4-byte Reload
	.loc	1 407 5                         @ ../../libraries/zf_device/zf_device_ips114.c:407:5
	ldrh.w	r2, [sp, #52]
	movw	r3, :lower16:ips114_y_max
	movt	r3, :upper16:ips114_y_max
	str	r3, [sp, #20]                   @ 4-byte Spill
	ldrb	r3, [r3]
	cmp	r2, r3
	it	lt
	movlt	r0, #1
	movw	r2, #407
	bl	debug_assert_handler
	ldr	r3, [sp, #16]                   @ 4-byte Reload
	ldr	r1, [sp, #24]                   @ 4-byte Reload
	ldr	r0, [sp, #28]                   @ 4-byte Reload
	.loc	1 408 5                         @ ../../libraries/zf_device/zf_device_ips114.c:408:5
	ldrh.w	r2, [sp, #50]
	ldrb	r3, [r3]
	cmp	r2, r3
	it	lt
	movlt	r0, #1
	mov.w	r2, #408
	bl	debug_assert_handler
	ldr	r3, [sp, #20]                   @ 4-byte Reload
	ldr	r1, [sp, #24]                   @ 4-byte Reload
	ldr	r0, [sp, #28]                   @ 4-byte Reload
	.loc	1 409 5                         @ ../../libraries/zf_device/zf_device_ips114.c:409:5
	ldrh.w	r2, [sp, #48]
	ldrb	r3, [r3]
	cmp	r2, r3
	it	lt
	movlt	r0, #1
	movw	r2, #409
	bl	debug_assert_handler
	ldr	r0, [sp, #28]                   @ 4-byte Reload
	.loc	1 411 20                        @ ../../libraries/zf_device/zf_device_ips114.c:411:20
	ldrh.w	r2, [sp, #54]
	.loc	1 411 30 is_stmt 0              @ ../../libraries/zf_device/zf_device_ips114.c:411:30
	ldrh.w	r3, [sp, #50]
	mov.w	r1, #-1
	.loc	1 411 20                        @ ../../libraries/zf_device/zf_device_ips114.c:411:20
	cmp	r2, r3
	mov	r2, r1
	it	lt
	movlt	r2, #1
	.loc	1 411 11                        @ ../../libraries/zf_device/zf_device_ips114.c:411:11
	strh.w	r2, [sp, #44]
	.loc	1 412 20 is_stmt 1              @ ../../libraries/zf_device/zf_device_ips114.c:412:20
	ldrh.w	r2, [sp, #52]
	.loc	1 412 30 is_stmt 0              @ ../../libraries/zf_device/zf_device_ips114.c:412:30
	ldrh.w	r3, [sp, #48]
	.loc	1 412 20                        @ ../../libraries/zf_device/zf_device_ips114.c:412:20
	cmp	r2, r3
	it	lt
	movlt	r1, #1
	.loc	1 412 11                        @ ../../libraries/zf_device/zf_device_ips114.c:412:11
	strh.w	r1, [sp, #42]
	.loc	1 413 11 is_stmt 1              @ ../../libraries/zf_device/zf_device_ips114.c:413:11
	str	r0, [sp, #36]
	.loc	1 414 11                        @ ../../libraries/zf_device/zf_device_ips114.c:414:11
	str	r0, [sp, #32]
	.loc	1 416 5                         @ ../../libraries/zf_device/zf_device_ips114.c:416:5
	b	.LBB9_1
.LBB9_1:
.Ltmp67:
	.loc	1 418 12                        @ ../../libraries/zf_device/zf_device_ips114.c:418:12
	ldrh.w	r0, [sp, #54]
	.loc	1 418 23 is_stmt 0              @ ../../libraries/zf_device/zf_device_ips114.c:418:23
	ldrh.w	r1, [sp, #50]
.Ltmp68:
	.loc	1 418 12                        @ ../../libraries/zf_device/zf_device_ips114.c:418:12
	cmp	r0, r1
	beq	.LBB9_3
	b	.LBB9_2
.LBB9_2:
.Ltmp69:
	.loc	1 420 33 is_stmt 1              @ ../../libraries/zf_device/zf_device_ips114.c:420:33
	ldrh.w	r0, [sp, #52]
	.loc	1 420 43 is_stmt 0              @ ../../libraries/zf_device/zf_device_ips114.c:420:43
	ldrh.w	r1, [sp, #48]
	.loc	1 420 41                        @ ../../libraries/zf_device/zf_device_ips114.c:420:41
	subs	r0, r0, r1
	.loc	1 420 25                        @ ../../libraries/zf_device/zf_device_ips114.c:420:25
	vmov	s0, r0
	vcvt.f32.s32	s0, s0
	.loc	1 420 60                        @ ../../libraries/zf_device/zf_device_ips114.c:420:60
	ldrh.w	r0, [sp, #54]
	.loc	1 420 70                        @ ../../libraries/zf_device/zf_device_ips114.c:420:70
	ldrh.w	r1, [sp, #50]
	.loc	1 420 68                        @ ../../libraries/zf_device/zf_device_ips114.c:420:68
	subs	r0, r0, r1
	.loc	1 420 52                        @ ../../libraries/zf_device/zf_device_ips114.c:420:52
	vmov	s2, r0
	vcvt.f32.s32	s2, s2
	.loc	1 420 50                        @ ../../libraries/zf_device/zf_device_ips114.c:420:50
	vdiv.f32	s0, s0, s2
	.loc	1 420 23                        @ ../../libraries/zf_device/zf_device_ips114.c:420:23
	vstr	s0, [sp, #36]
	.loc	1 421 29 is_stmt 1              @ ../../libraries/zf_device/zf_device_ips114.c:421:29
	ldrh.w	r0, [sp, #52]
	.loc	1 421 22 is_stmt 0              @ ../../libraries/zf_device/zf_device_ips114.c:421:22
	vmov	s0, r0
	vcvt.f32.u32	s0, s0
	.loc	1 421 46                        @ ../../libraries/zf_device/zf_device_ips114.c:421:46
	ldrh.w	r0, [sp, #54]
	.loc	1 421 39                        @ ../../libraries/zf_device/zf_device_ips114.c:421:39
	vmov	s2, r0
	vcvt.f32.u32	s2, s2
	.loc	1 421 56                        @ ../../libraries/zf_device/zf_device_ips114.c:421:56
	vldr	s4, [sp, #36]
	.loc	1 421 37                        @ ../../libraries/zf_device/zf_device_ips114.c:421:37
	vfms.f32	s0, s2, s4
	.loc	1 421 20                        @ ../../libraries/zf_device/zf_device_ips114.c:421:20
	vstr	s0, [sp, #32]
	.loc	1 422 9 is_stmt 1               @ ../../libraries/zf_device/zf_device_ips114.c:422:9
	b	.LBB9_7
.Ltmp70:
.LBB9_3:
	.loc	1 425 13                        @ ../../libraries/zf_device/zf_device_ips114.c:425:13
	b	.LBB9_4
.LBB9_4:                                @ =>This Inner Loop Header: Depth=1
	.loc	1 425 19 is_stmt 0              @ ../../libraries/zf_device/zf_device_ips114.c:425:19
	ldrh.w	r0, [sp, #52]
	.loc	1 425 30                        @ ../../libraries/zf_device/zf_device_ips114.c:425:30
	ldrh.w	r1, [sp, #48]
	.loc	1 425 13                        @ ../../libraries/zf_device/zf_device_ips114.c:425:13
	cmp	r0, r1
	beq	.LBB9_6
	b	.LBB9_5
.LBB9_5:                                @   in Loop: Header=BB9_4 Depth=1
.Ltmp71:
	.loc	1 427 35 is_stmt 1              @ ../../libraries/zf_device/zf_device_ips114.c:427:35
	ldrh.w	r0, [sp, #54]
	.loc	1 427 44 is_stmt 0              @ ../../libraries/zf_device/zf_device_ips114.c:427:44
	ldrh.w	r1, [sp, #52]
	.loc	1 427 53                        @ ../../libraries/zf_device/zf_device_ips114.c:427:53
	ldrh.w	r2, [sp, #46]
	.loc	1 427 17                        @ ../../libraries/zf_device/zf_device_ips114.c:427:17
	bl	ips114_draw_point
	.loc	1 428 28 is_stmt 1              @ ../../libraries/zf_device/zf_device_ips114.c:428:28
	ldrh.w	r1, [sp, #42]
	.loc	1 428 25 is_stmt 0              @ ../../libraries/zf_device/zf_device_ips114.c:428:25
	ldrh.w	r0, [sp, #52]
	add	r0, r1
	strh.w	r0, [sp, #52]
.Ltmp72:
	.loc	1 425 13 is_stmt 1              @ ../../libraries/zf_device/zf_device_ips114.c:425:13
	b	.LBB9_4
.LBB9_6:
	.loc	1 430 31                        @ ../../libraries/zf_device/zf_device_ips114.c:430:31
	ldrh.w	r0, [sp, #54]
	.loc	1 430 40 is_stmt 0              @ ../../libraries/zf_device/zf_device_ips114.c:430:40
	ldrh.w	r1, [sp, #52]
	.loc	1 430 49                        @ ../../libraries/zf_device/zf_device_ips114.c:430:49
	ldrh.w	r2, [sp, #46]
	.loc	1 430 13                        @ ../../libraries/zf_device/zf_device_ips114.c:430:13
	bl	ips114_draw_point
	.loc	1 431 13 is_stmt 1              @ ../../libraries/zf_device/zf_device_ips114.c:431:13
	b	.LBB9_23
.Ltmp73:
.LBB9_7:
	.loc	1 433 12                        @ ../../libraries/zf_device/zf_device_ips114.c:433:12
	ldrh.w	r0, [sp, #52]
	ldrh.w	r1, [sp, #48]
	subs	r0, r0, r1
	cmp	r0, #0
	bmi	.LBB9_9
	b	.LBB9_8
.LBB9_8:
	ldrh.w	r0, [sp, #52]
	ldrh.w	r1, [sp, #48]
	subs	r0, r0, r1
	str	r0, [sp, #12]                   @ 4-byte Spill
	b	.LBB9_10
.LBB9_9:
	ldrh.w	r1, [sp, #52]
	ldrh.w	r0, [sp, #48]
	subs	r0, r0, r1
	str	r0, [sp, #12]                   @ 4-byte Spill
	b	.LBB9_10
.LBB9_10:
	ldr	r0, [sp, #12]                   @ 4-byte Reload
	.loc	1 433 40 is_stmt 0              @ ../../libraries/zf_device/zf_device_ips114.c:433:40
	str	r0, [sp, #8]                    @ 4-byte Spill
	ldrh.w	r0, [sp, #54]
	ldrh.w	r1, [sp, #50]
	subs	r0, r0, r1
	cmp	r0, #0
	bmi	.LBB9_12
	b	.LBB9_11
.LBB9_11:
	ldrh.w	r0, [sp, #54]
	ldrh.w	r1, [sp, #50]
	subs	r0, r0, r1
	str	r0, [sp, #4]                    @ 4-byte Spill
	b	.LBB9_13
.LBB9_12:
	ldrh.w	r1, [sp, #54]
	ldrh.w	r0, [sp, #50]
	subs	r0, r0, r1
	str	r0, [sp, #4]                    @ 4-byte Spill
	b	.LBB9_13
.LBB9_13:
	ldr	r0, [sp, #8]                    @ 4-byte Reload
	ldr	r1, [sp, #4]                    @ 4-byte Reload
.Ltmp74:
	.loc	1 433 12                        @ ../../libraries/zf_device/zf_device_ips114.c:433:12
	cmp	r0, r1
	ble	.LBB9_18
	b	.LBB9_14
.LBB9_14:
.Ltmp75:
	.loc	1 435 13 is_stmt 1              @ ../../libraries/zf_device/zf_device_ips114.c:435:13
	b	.LBB9_15
.LBB9_15:                               @ =>This Inner Loop Header: Depth=1
	.loc	1 435 19 is_stmt 0              @ ../../libraries/zf_device/zf_device_ips114.c:435:19
	ldrh.w	r0, [sp, #52]
	.loc	1 435 30                        @ ../../libraries/zf_device/zf_device_ips114.c:435:30
	ldrh.w	r1, [sp, #48]
	.loc	1 435 13                        @ ../../libraries/zf_device/zf_device_ips114.c:435:13
	cmp	r0, r1
	beq	.LBB9_17
	b	.LBB9_16
.LBB9_16:                               @   in Loop: Header=BB9_15 Depth=1
.Ltmp76:
	.loc	1 437 35 is_stmt 1              @ ../../libraries/zf_device/zf_device_ips114.c:437:35
	ldrh.w	r0, [sp, #54]
	.loc	1 437 44 is_stmt 0              @ ../../libraries/zf_device/zf_device_ips114.c:437:44
	ldrh.w	r1, [sp, #52]
	.loc	1 437 53                        @ ../../libraries/zf_device/zf_device_ips114.c:437:53
	ldrh.w	r2, [sp, #46]
	.loc	1 437 17                        @ ../../libraries/zf_device/zf_device_ips114.c:437:17
	bl	ips114_draw_point
	.loc	1 438 28 is_stmt 1              @ ../../libraries/zf_device/zf_device_ips114.c:438:28
	ldrh.w	r1, [sp, #42]
	.loc	1 438 25 is_stmt 0              @ ../../libraries/zf_device/zf_device_ips114.c:438:25
	ldrh.w	r0, [sp, #52]
	add	r0, r1
	strh.w	r0, [sp, #52]
	.loc	1 439 43 is_stmt 1              @ ../../libraries/zf_device/zf_device_ips114.c:439:43
	ldrh.w	r0, [sp, #52]
	.loc	1 439 36 is_stmt 0              @ ../../libraries/zf_device/zf_device_ips114.c:439:36
	vmov	s0, r0
	vcvt.f32.u32	s0, s0
	.loc	1 439 53                        @ ../../libraries/zf_device/zf_device_ips114.c:439:53
	vldr	s2, [sp, #32]
	.loc	1 439 51                        @ ../../libraries/zf_device/zf_device_ips114.c:439:51
	vsub.f32	s0, s0, s2
	.loc	1 439 63                        @ ../../libraries/zf_device/zf_device_ips114.c:439:63
	vldr	s2, [sp, #36]
	.loc	1 439 61                        @ ../../libraries/zf_device/zf_device_ips114.c:439:61
	vdiv.f32	s0, s0, s2
	.loc	1 439 27                        @ ../../libraries/zf_device/zf_device_ips114.c:439:27
	vcvt.s32.f32	s0, s0
	vmov	r0, s0
	.loc	1 439 25                        @ ../../libraries/zf_device/zf_device_ips114.c:439:25
	strh.w	r0, [sp, #54]
.Ltmp77:
	.loc	1 435 13 is_stmt 1              @ ../../libraries/zf_device/zf_device_ips114.c:435:13
	b	.LBB9_15
.LBB9_17:
	.loc	1 441 31                        @ ../../libraries/zf_device/zf_device_ips114.c:441:31
	ldrh.w	r0, [sp, #54]
	.loc	1 441 40 is_stmt 0              @ ../../libraries/zf_device/zf_device_ips114.c:441:40
	ldrh.w	r1, [sp, #52]
	.loc	1 441 49                        @ ../../libraries/zf_device/zf_device_ips114.c:441:49
	ldrh.w	r2, [sp, #46]
	.loc	1 441 13                        @ ../../libraries/zf_device/zf_device_ips114.c:441:13
	bl	ips114_draw_point
	.loc	1 442 9 is_stmt 1               @ ../../libraries/zf_device/zf_device_ips114.c:442:9
	b	.LBB9_22
.Ltmp78:
.LBB9_18:
	.loc	1 445 13                        @ ../../libraries/zf_device/zf_device_ips114.c:445:13
	b	.LBB9_19
.LBB9_19:                               @ =>This Inner Loop Header: Depth=1
	.loc	1 445 19 is_stmt 0              @ ../../libraries/zf_device/zf_device_ips114.c:445:19
	ldrh.w	r0, [sp, #54]
	.loc	1 445 30                        @ ../../libraries/zf_device/zf_device_ips114.c:445:30
	ldrh.w	r1, [sp, #50]
	.loc	1 445 13                        @ ../../libraries/zf_device/zf_device_ips114.c:445:13
	cmp	r0, r1
	beq	.LBB9_21
	b	.LBB9_20
.LBB9_20:                               @   in Loop: Header=BB9_19 Depth=1
.Ltmp79:
	.loc	1 447 35 is_stmt 1              @ ../../libraries/zf_device/zf_device_ips114.c:447:35
	ldrh.w	r0, [sp, #54]
	.loc	1 447 44 is_stmt 0              @ ../../libraries/zf_device/zf_device_ips114.c:447:44
	ldrh.w	r1, [sp, #52]
	.loc	1 447 53                        @ ../../libraries/zf_device/zf_device_ips114.c:447:53
	ldrh.w	r2, [sp, #46]
	.loc	1 447 17                        @ ../../libraries/zf_device/zf_device_ips114.c:447:17
	bl	ips114_draw_point
	.loc	1 448 28 is_stmt 1              @ ../../libraries/zf_device/zf_device_ips114.c:448:28
	ldrh.w	r1, [sp, #44]
	.loc	1 448 25 is_stmt 0              @ ../../libraries/zf_device/zf_device_ips114.c:448:25
	ldrh.w	r0, [sp, #54]
	add	r0, r1
	strh.w	r0, [sp, #54]
	.loc	1 449 42 is_stmt 1              @ ../../libraries/zf_device/zf_device_ips114.c:449:42
	ldrh.w	r0, [sp, #54]
	.loc	1 449 35 is_stmt 0              @ ../../libraries/zf_device/zf_device_ips114.c:449:35
	vmov	s0, r0
	vcvt.f32.u32	s2, s0
	.loc	1 449 52                        @ ../../libraries/zf_device/zf_device_ips114.c:449:52
	vldr	s4, [sp, #36]
	.loc	1 449 64                        @ ../../libraries/zf_device/zf_device_ips114.c:449:64
	vldr	s0, [sp, #32]
	.loc	1 449 62                        @ ../../libraries/zf_device/zf_device_ips114.c:449:62
	vfma.f32	s0, s2, s4
	.loc	1 449 27                        @ ../../libraries/zf_device/zf_device_ips114.c:449:27
	vcvt.s32.f32	s0, s0
	vmov	r0, s0
	.loc	1 449 25                        @ ../../libraries/zf_device/zf_device_ips114.c:449:25
	strh.w	r0, [sp, #52]
.Ltmp80:
	.loc	1 445 13 is_stmt 1              @ ../../libraries/zf_device/zf_device_ips114.c:445:13
	b	.LBB9_19
.LBB9_21:
	.loc	1 451 31                        @ ../../libraries/zf_device/zf_device_ips114.c:451:31
	ldrh.w	r0, [sp, #54]
	.loc	1 451 40 is_stmt 0              @ ../../libraries/zf_device/zf_device_ips114.c:451:40
	ldrh.w	r1, [sp, #52]
	.loc	1 451 49                        @ ../../libraries/zf_device/zf_device_ips114.c:451:49
	ldrh.w	r2, [sp, #46]
	.loc	1 451 13                        @ ../../libraries/zf_device/zf_device_ips114.c:451:13
	bl	ips114_draw_point
	b	.LBB9_22
.Ltmp81:
.LBB9_22:
	.loc	1 453 5 is_stmt 1               @ ../../libraries/zf_device/zf_device_ips114.c:453:5
	b	.LBB9_23
.Ltmp82:
.LBB9_23:
	.loc	1 454 1                         @ ../../libraries/zf_device/zf_device_ips114.c:454:1
	add	sp, #56
	pop	{r7, pc}
.Ltmp83:
.Lfunc_end9:
	.size	ips114_draw_line, .Lfunc_end9-ips114_draw_line
	.cfi_endproc
	.cantunwind
	.fnend
                                        @ -- End function
	.section	.text.ips114_show_char,"ax",%progbits
	.hidden	ips114_show_char                @ -- Begin function ips114_show_char
	.globl	ips114_show_char
	.p2align	3
	.type	ips114_show_char,%function
	.code	16                              @ @ips114_show_char
	.thumb_func
ips114_show_char:
.Lfunc_begin10:
	.loc	1 466 0                         @ ../../libraries/zf_device/zf_device_ips114.c:466:0
	.fnstart
	.cfi_startproc
@ %bb.0:
	.save	{r7, lr}
	push	{r7, lr}
	.cfi_def_cfa_offset 8
	.cfi_offset lr, -4
	.cfi_offset r7, -8
	.pad	#376
	sub	sp, #376
	.cfi_def_cfa_offset 384
                                        @ kill: def $r3 killed $r2
                                        @ kill: def $r3 killed $r1
                                        @ kill: def $r3 killed $r0
	strh.w	r0, [sp, #374]
	strh.w	r1, [sp, #372]
	strb.w	r2, [sp, #371]
.Ltmp84:
	.loc	1 469 5 prologue_end            @ ../../libraries/zf_device/zf_device_ips114.c:469:5
	ldrh.w	r1, [sp, #374]
	movw	r0, :lower16:ips114_x_max
	movt	r0, :upper16:ips114_x_max
	ldrb	r2, [r0]
	movs	r0, #0
	str	r0, [sp, #4]                    @ 4-byte Spill
	cmp	r1, r2
	it	lt
	movlt	r0, #1
	movw	r1, :lower16:.L.str
	movt	r1, :upper16:.L.str
	str	r1, [sp]                        @ 4-byte Spill
	movw	r2, #469
	bl	debug_assert_handler
	ldr	r1, [sp]                        @ 4-byte Reload
	ldr	r0, [sp, #4]                    @ 4-byte Reload
	.loc	1 470 5                         @ ../../libraries/zf_device/zf_device_ips114.c:470:5
	ldrh.w	r2, [sp, #372]
	movw	r3, :lower16:ips114_y_max
	movt	r3, :upper16:ips114_y_max
	ldrb	r3, [r3]
	cmp	r2, r3
	it	lt
	movlt	r0, #1
	mov.w	r2, #470
	bl	debug_assert_handler
	ldr	r0, [sp, #4]                    @ 4-byte Reload
	.loc	1 472 11                        @ ../../libraries/zf_device/zf_device_ips114.c:472:11
	strb.w	r0, [sp, #370]
	.loc	1 472 18 is_stmt 0              @ ../../libraries/zf_device/zf_device_ips114.c:472:18
	strb.w	r0, [sp, #369]
	.loc	1 474 5 is_stmt 1               @ ../../libraries/zf_device/zf_device_ips114.c:474:5
	movw	r0, :lower16:PORTPTR
	movt	r0, :upper16:PORTPTR
	ldr	r0, [r0, #4]
	movs	r1, #8
	bl	GPIO_ClearPinsOutput
	.loc	1 475 12                        @ ../../libraries/zf_device/zf_device_ips114.c:475:12
	movw	r0, :lower16:ips114_display_font
	movt	r0, :upper16:ips114_display_font
	ldrb	r0, [r0]
	.loc	1 475 5 is_stmt 0               @ ../../libraries/zf_device/zf_device_ips114.c:475:5
	mov	r1, r0
	str	r1, [sp, #8]                    @ 4-byte Spill
	cbz	r0, .LBB10_3
	b	.LBB10_1
.LBB10_1:
	ldr	r0, [sp, #8]                    @ 4-byte Reload
	cmp	r0, #1
	beq	.LBB10_15
	b	.LBB10_2
.LBB10_2:
	ldr	r0, [sp, #8]                    @ 4-byte Reload
	cmp	r0, #2
	beq.w	.LBB10_34
	b	.LBB10_35
.LBB10_3:
.Ltmp85:
	.loc	1 480 31 is_stmt 1              @ ../../libraries/zf_device/zf_device_ips114.c:480:31
	ldrh.w	r0, [sp, #374]
	.loc	1 480 34 is_stmt 0              @ ../../libraries/zf_device/zf_device_ips114.c:480:34
	ldrh.w	r1, [sp, #372]
	.loc	1 480 39                        @ ../../libraries/zf_device/zf_device_ips114.c:480:39
	adds	r2, r0, #5
	.loc	1 480 46                        @ ../../libraries/zf_device/zf_device_ips114.c:480:46
	adds	r3, r1, #7
	.loc	1 480 13                        @ ../../libraries/zf_device/zf_device_ips114.c:480:13
	uxth	r2, r2
	uxth	r3, r3
	bl	ips114_set_region
	movs	r0, #0
.Ltmp86:
	.loc	1 481 19 is_stmt 1              @ ../../libraries/zf_device/zf_device_ips114.c:481:19
	strb.w	r0, [sp, #370]
	.loc	1 481 17 is_stmt 0              @ ../../libraries/zf_device/zf_device_ips114.c:481:17
	b	.LBB10_4
.LBB10_4:                               @ =>This Loop Header: Depth=1
                                        @     Child Loop BB10_6 Depth 2
.Ltmp87:
	.loc	1 481 28                        @ ../../libraries/zf_device/zf_device_ips114.c:481:28
	ldrb.w	r0, [sp, #370]
.Ltmp88:
	.loc	1 481 13                        @ ../../libraries/zf_device/zf_device_ips114.c:481:13
	cmp	r0, #5
	bgt	.LBB10_14
	b	.LBB10_5
.LBB10_5:                               @   in Loop: Header=BB10_4 Depth=1
.Ltmp89:
	.loc	1 484 49 is_stmt 1              @ ../../libraries/zf_device/zf_device_ips114.c:484:49
	ldrsb.w	r0, [sp, #371]
	.loc	1 484 53 is_stmt 0              @ ../../libraries/zf_device/zf_device_ips114.c:484:53
	add.w	r1, r0, r0, lsl #1
	.loc	1 484 34                        @ ../../libraries/zf_device/zf_device_ips114.c:484:34
	movw	r0, :lower16:ascii_font_6x8
	movt	r0, :upper16:ascii_font_6x8
	add.w	r0, r0, r1, lsl #1
	.loc	1 484 59                        @ ../../libraries/zf_device/zf_device_ips114.c:484:59
	ldrb.w	r1, [sp, #370]
	.loc	1 484 34                        @ ../../libraries/zf_device/zf_device_ips114.c:484:34
	add	r0, r1
	ldrb	r0, [r0, #-192]
	.loc	1 484 23                        @ ../../libraries/zf_device/zf_device_ips114.c:484:23
	strb.w	r0, [sp, #271]
	movs	r0, #0
.Ltmp90:
	.loc	1 485 23 is_stmt 1              @ ../../libraries/zf_device/zf_device_ips114.c:485:23
	strb.w	r0, [sp, #369]
	.loc	1 485 21 is_stmt 0              @ ../../libraries/zf_device/zf_device_ips114.c:485:21
	b	.LBB10_6
.LBB10_6:                               @   Parent Loop BB10_4 Depth=1
                                        @ =>  This Inner Loop Header: Depth=2
.Ltmp91:
	.loc	1 485 32                        @ ../../libraries/zf_device/zf_device_ips114.c:485:32
	ldrb.w	r0, [sp, #369]
.Ltmp92:
	.loc	1 485 17                        @ ../../libraries/zf_device/zf_device_ips114.c:485:17
	cmp	r0, #7
	bgt	.LBB10_12
	b	.LBB10_7
.LBB10_7:                               @   in Loop: Header=BB10_6 Depth=2
.Ltmp93:
	.loc	1 487 24 is_stmt 1              @ ../../libraries/zf_device/zf_device_ips114.c:487:24
	ldrb.w	r0, [sp, #271]
.Ltmp94:
	.loc	1 487 24 is_stmt 0              @ ../../libraries/zf_device/zf_device_ips114.c:487:24
	lsls	r0, r0, #31
	cbz	r0, .LBB10_9
	b	.LBB10_8
.LBB10_8:                               @   in Loop: Header=BB10_6 Depth=2
.Ltmp95:
	.loc	1 489 54 is_stmt 1              @ ../../libraries/zf_device/zf_device_ips114.c:489:54
	movw	r0, :lower16:ips114_pencolor
	movt	r0, :upper16:ips114_pencolor
	ldrh	r0, [r0]
	.loc	1 489 40 is_stmt 0              @ ../../libraries/zf_device/zf_device_ips114.c:489:40
	ldrb.w	r1, [sp, #370]
	.loc	1 489 44                        @ ../../libraries/zf_device/zf_device_ips114.c:489:44
	ldrb.w	r2, [sp, #369]
	.loc	1 489 46                        @ ../../libraries/zf_device/zf_device_ips114.c:489:46
	add.w	r2, r2, r2, lsl #1
	.loc	1 489 42                        @ ../../libraries/zf_device/zf_device_ips114.c:489:42
	add.w	r2, r1, r2, lsl #1
	add	r1, sp, #272
	.loc	1 489 51                        @ ../../libraries/zf_device/zf_device_ips114.c:489:51
	strh.w	r0, [r1, r2, lsl #1]
	.loc	1 490 21 is_stmt 1              @ ../../libraries/zf_device/zf_device_ips114.c:490:21
	b	.LBB10_10
.Ltmp96:
.LBB10_9:                               @   in Loop: Header=BB10_6 Depth=2
	.loc	1 493 54                        @ ../../libraries/zf_device/zf_device_ips114.c:493:54
	movw	r0, :lower16:ips114_bgcolor
	movt	r0, :upper16:ips114_bgcolor
	ldrh	r0, [r0]
	.loc	1 493 40 is_stmt 0              @ ../../libraries/zf_device/zf_device_ips114.c:493:40
	ldrb.w	r1, [sp, #370]
	.loc	1 493 44                        @ ../../libraries/zf_device/zf_device_ips114.c:493:44
	ldrb.w	r2, [sp, #369]
	.loc	1 493 46                        @ ../../libraries/zf_device/zf_device_ips114.c:493:46
	add.w	r2, r2, r2, lsl #1
	.loc	1 493 42                        @ ../../libraries/zf_device/zf_device_ips114.c:493:42
	add.w	r2, r1, r2, lsl #1
	add	r1, sp, #272
	.loc	1 493 51                        @ ../../libraries/zf_device/zf_device_ips114.c:493:51
	strh.w	r0, [r1, r2, lsl #1]
	b	.LBB10_10
.Ltmp97:
.LBB10_10:                              @   in Loop: Header=BB10_6 Depth=2
	.loc	1 495 30 is_stmt 1              @ ../../libraries/zf_device/zf_device_ips114.c:495:30
	ldrb.w	r0, [sp, #271]
	lsrs	r0, r0, #1
	strb.w	r0, [sp, #271]
	.loc	1 496 17                        @ ../../libraries/zf_device/zf_device_ips114.c:496:17
	b	.LBB10_11
.Ltmp98:
.LBB10_11:                              @   in Loop: Header=BB10_6 Depth=2
	.loc	1 485 37                        @ ../../libraries/zf_device/zf_device_ips114.c:485:37
	ldrb.w	r0, [sp, #369]
	adds	r0, #1
	strb.w	r0, [sp, #369]
	.loc	1 485 17 is_stmt 0              @ ../../libraries/zf_device/zf_device_ips114.c:485:17
	b	.LBB10_6
.Ltmp99:
.LBB10_12:                              @   in Loop: Header=BB10_4 Depth=1
	.loc	1 497 13 is_stmt 1              @ ../../libraries/zf_device/zf_device_ips114.c:497:13
	b	.LBB10_13
.Ltmp100:
.LBB10_13:                              @   in Loop: Header=BB10_4 Depth=1
	.loc	1 481 33                        @ ../../libraries/zf_device/zf_device_ips114.c:481:33
	ldrb.w	r0, [sp, #370]
	adds	r0, #1
	strb.w	r0, [sp, #370]
	.loc	1 481 13 is_stmt 0              @ ../../libraries/zf_device/zf_device_ips114.c:481:13
	b	.LBB10_4
.Ltmp101:
.LBB10_14:
	.loc	1 0 13                          @ ../../libraries/zf_device/zf_device_ips114.c:0:13
	movs	r0, #3
	add	r1, sp, #272
	movs	r2, #48
	.loc	1 498 13 is_stmt 1              @ ../../libraries/zf_device/zf_device_ips114.c:498:13
	bl	spi_write_16bit_array
.Ltmp102:
	.loc	1 499 10                        @ ../../libraries/zf_device/zf_device_ips114.c:499:10
	b	.LBB10_35
.LBB10_15:
.Ltmp103:
	.loc	1 503 31                        @ ../../libraries/zf_device/zf_device_ips114.c:503:31
	ldrh.w	r0, [sp, #374]
	.loc	1 503 34 is_stmt 0              @ ../../libraries/zf_device/zf_device_ips114.c:503:34
	ldrh.w	r1, [sp, #372]
	.loc	1 503 39                        @ ../../libraries/zf_device/zf_device_ips114.c:503:39
	adds	r2, r0, #7
	.loc	1 503 46                        @ ../../libraries/zf_device/zf_device_ips114.c:503:46
	add.w	r3, r1, #15
	.loc	1 503 13                        @ ../../libraries/zf_device/zf_device_ips114.c:503:13
	uxth	r2, r2
	uxth	r3, r3
	bl	ips114_set_region
	movs	r0, #0
.Ltmp104:
	.loc	1 504 19 is_stmt 1              @ ../../libraries/zf_device/zf_device_ips114.c:504:19
	strb.w	r0, [sp, #370]
	.loc	1 504 17 is_stmt 0              @ ../../libraries/zf_device/zf_device_ips114.c:504:17
	b	.LBB10_16
.LBB10_16:                              @ =>This Loop Header: Depth=1
                                        @     Child Loop BB10_18 Depth 2
                                        @     Child Loop BB10_25 Depth 2
.Ltmp105:
	.loc	1 504 28                        @ ../../libraries/zf_device/zf_device_ips114.c:504:28
	ldrb.w	r0, [sp, #370]
.Ltmp106:
	.loc	1 504 13                        @ ../../libraries/zf_device/zf_device_ips114.c:504:13
	cmp	r0, #7
	bgt.w	.LBB10_33
	b	.LBB10_17
.LBB10_17:                              @   in Loop: Header=BB10_16 Depth=1
.Ltmp107:
	.loc	1 506 50 is_stmt 1              @ ../../libraries/zf_device/zf_device_ips114.c:506:50
	ldrsb.w	r1, [sp, #371]
	.loc	1 506 34 is_stmt 0              @ ../../libraries/zf_device/zf_device_ips114.c:506:34
	movw	r0, :lower16:ascii_font_8x16
	movt	r0, :upper16:ascii_font_8x16
	add.w	r1, r0, r1, lsl #4
	.loc	1 506 60                        @ ../../libraries/zf_device/zf_device_ips114.c:506:60
	ldrb.w	r2, [sp, #370]
	.loc	1 506 34                        @ ../../libraries/zf_device/zf_device_ips114.c:506:34
	add	r1, r2
	movw	r2, #65024
	movt	r2, #65535
	ldrb	r1, [r1, r2]
	.loc	1 506 23                        @ ../../libraries/zf_device/zf_device_ips114.c:506:23
	strb.w	r1, [sp, #13]
	.loc	1 507 53 is_stmt 1              @ ../../libraries/zf_device/zf_device_ips114.c:507:53
	ldrsb.w	r1, [sp, #371]
	.loc	1 507 37 is_stmt 0              @ ../../libraries/zf_device/zf_device_ips114.c:507:37
	add.w	r0, r0, r1, lsl #4
	.loc	1 507 63                        @ ../../libraries/zf_device/zf_device_ips114.c:507:63
	ldrb.w	r1, [sp, #370]
	.loc	1 507 37                        @ ../../libraries/zf_device/zf_device_ips114.c:507:37
	add	r0, r1
	movw	r1, #65032
	movt	r1, #65535
	ldrb	r0, [r0, r1]
	.loc	1 507 23                        @ ../../libraries/zf_device/zf_device_ips114.c:507:23
	strb.w	r0, [sp, #12]
	movs	r0, #0
.Ltmp108:
	.loc	1 508 23 is_stmt 1              @ ../../libraries/zf_device/zf_device_ips114.c:508:23
	strb.w	r0, [sp, #369]
	.loc	1 508 21 is_stmt 0              @ ../../libraries/zf_device/zf_device_ips114.c:508:21
	b	.LBB10_18
.LBB10_18:                              @   Parent Loop BB10_16 Depth=1
                                        @ =>  This Inner Loop Header: Depth=2
.Ltmp109:
	.loc	1 508 32                        @ ../../libraries/zf_device/zf_device_ips114.c:508:32
	ldrb.w	r0, [sp, #369]
.Ltmp110:
	.loc	1 508 17                        @ ../../libraries/zf_device/zf_device_ips114.c:508:17
	cmp	r0, #7
	bgt	.LBB10_24
	b	.LBB10_19
.LBB10_19:                              @   in Loop: Header=BB10_18 Depth=2
.Ltmp111:
	.loc	1 510 24 is_stmt 1              @ ../../libraries/zf_device/zf_device_ips114.c:510:24
	ldrb.w	r0, [sp, #13]
.Ltmp112:
	.loc	1 510 24 is_stmt 0              @ ../../libraries/zf_device/zf_device_ips114.c:510:24
	lsls	r0, r0, #31
	cbz	r0, .LBB10_21
	b	.LBB10_20
.LBB10_20:                              @   in Loop: Header=BB10_18 Depth=2
.Ltmp113:
	.loc	1 512 54 is_stmt 1              @ ../../libraries/zf_device/zf_device_ips114.c:512:54
	movw	r0, :lower16:ips114_pencolor
	movt	r0, :upper16:ips114_pencolor
	ldrh	r0, [r0]
	.loc	1 512 40 is_stmt 0              @ ../../libraries/zf_device/zf_device_ips114.c:512:40
	ldrb.w	r1, [sp, #370]
	.loc	1 512 44                        @ ../../libraries/zf_device/zf_device_ips114.c:512:44
	ldrb.w	r2, [sp, #369]
	.loc	1 512 42                        @ ../../libraries/zf_device/zf_device_ips114.c:512:42
	add.w	r2, r1, r2, lsl #3
	add.w	r1, sp, #14
	.loc	1 512 51                        @ ../../libraries/zf_device/zf_device_ips114.c:512:51
	strh.w	r0, [r1, r2, lsl #1]
	.loc	1 513 21 is_stmt 1              @ ../../libraries/zf_device/zf_device_ips114.c:513:21
	b	.LBB10_22
.Ltmp114:
.LBB10_21:                              @   in Loop: Header=BB10_18 Depth=2
	.loc	1 516 54                        @ ../../libraries/zf_device/zf_device_ips114.c:516:54
	movw	r0, :lower16:ips114_bgcolor
	movt	r0, :upper16:ips114_bgcolor
	ldrh	r0, [r0]
	.loc	1 516 40 is_stmt 0              @ ../../libraries/zf_device/zf_device_ips114.c:516:40
	ldrb.w	r1, [sp, #370]
	.loc	1 516 44                        @ ../../libraries/zf_device/zf_device_ips114.c:516:44
	ldrb.w	r2, [sp, #369]
	.loc	1 516 42                        @ ../../libraries/zf_device/zf_device_ips114.c:516:42
	add.w	r2, r1, r2, lsl #3
	add.w	r1, sp, #14
	.loc	1 516 51                        @ ../../libraries/zf_device/zf_device_ips114.c:516:51
	strh.w	r0, [r1, r2, lsl #1]
	b	.LBB10_22
.Ltmp115:
.LBB10_22:                              @   in Loop: Header=BB10_18 Depth=2
	.loc	1 518 30 is_stmt 1              @ ../../libraries/zf_device/zf_device_ips114.c:518:30
	ldrb.w	r0, [sp, #13]
	lsrs	r0, r0, #1
	strb.w	r0, [sp, #13]
	.loc	1 519 17                        @ ../../libraries/zf_device/zf_device_ips114.c:519:17
	b	.LBB10_23
.Ltmp116:
.LBB10_23:                              @   in Loop: Header=BB10_18 Depth=2
	.loc	1 508 37                        @ ../../libraries/zf_device/zf_device_ips114.c:508:37
	ldrb.w	r0, [sp, #369]
	adds	r0, #1
	strb.w	r0, [sp, #369]
	.loc	1 508 17 is_stmt 0              @ ../../libraries/zf_device/zf_device_ips114.c:508:17
	b	.LBB10_18
.Ltmp117:
.LBB10_24:                              @   in Loop: Header=BB10_16 Depth=1
	.loc	1 0 17                          @ ../../libraries/zf_device/zf_device_ips114.c:0:17
	movs	r0, #0
.Ltmp118:
	.loc	1 520 23 is_stmt 1              @ ../../libraries/zf_device/zf_device_ips114.c:520:23
	strb.w	r0, [sp, #369]
	.loc	1 520 21 is_stmt 0              @ ../../libraries/zf_device/zf_device_ips114.c:520:21
	b	.LBB10_25
.LBB10_25:                              @   Parent Loop BB10_16 Depth=1
                                        @ =>  This Inner Loop Header: Depth=2
.Ltmp119:
	.loc	1 520 32                        @ ../../libraries/zf_device/zf_device_ips114.c:520:32
	ldrb.w	r0, [sp, #369]
.Ltmp120:
	.loc	1 520 17                        @ ../../libraries/zf_device/zf_device_ips114.c:520:17
	cmp	r0, #7
	bgt	.LBB10_31
	b	.LBB10_26
.LBB10_26:                              @   in Loop: Header=BB10_25 Depth=2
.Ltmp121:
	.loc	1 522 24 is_stmt 1              @ ../../libraries/zf_device/zf_device_ips114.c:522:24
	ldrb.w	r0, [sp, #12]
.Ltmp122:
	.loc	1 522 24 is_stmt 0              @ ../../libraries/zf_device/zf_device_ips114.c:522:24
	lsls	r0, r0, #31
	cbz	r0, .LBB10_28
	b	.LBB10_27
.LBB10_27:                              @   in Loop: Header=BB10_25 Depth=2
.Ltmp123:
	.loc	1 524 63 is_stmt 1              @ ../../libraries/zf_device/zf_device_ips114.c:524:63
	movw	r0, :lower16:ips114_pencolor
	movt	r0, :upper16:ips114_pencolor
	ldrh	r0, [r0]
	.loc	1 524 40 is_stmt 0              @ ../../libraries/zf_device/zf_device_ips114.c:524:40
	ldrb.w	r1, [sp, #370]
	.loc	1 524 44                        @ ../../libraries/zf_device/zf_device_ips114.c:524:44
	ldrb.w	r2, [sp, #369]
	.loc	1 524 42                        @ ../../libraries/zf_device/zf_device_ips114.c:524:42
	add.w	r2, r1, r2, lsl #3
	add.w	r1, sp, #14
	.loc	1 524 25                        @ ../../libraries/zf_device/zf_device_ips114.c:524:25
	add.w	r1, r1, r2, lsl #1
	.loc	1 524 60                        @ ../../libraries/zf_device/zf_device_ips114.c:524:60
	strh.w	r0, [r1, #128]
	.loc	1 525 21 is_stmt 1              @ ../../libraries/zf_device/zf_device_ips114.c:525:21
	b	.LBB10_29
.Ltmp124:
.LBB10_28:                              @   in Loop: Header=BB10_25 Depth=2
	.loc	1 528 63                        @ ../../libraries/zf_device/zf_device_ips114.c:528:63
	movw	r0, :lower16:ips114_bgcolor
	movt	r0, :upper16:ips114_bgcolor
	ldrh	r0, [r0]
	.loc	1 528 40 is_stmt 0              @ ../../libraries/zf_device/zf_device_ips114.c:528:40
	ldrb.w	r1, [sp, #370]
	.loc	1 528 44                        @ ../../libraries/zf_device/zf_device_ips114.c:528:44
	ldrb.w	r2, [sp, #369]
	.loc	1 528 42                        @ ../../libraries/zf_device/zf_device_ips114.c:528:42
	add.w	r2, r1, r2, lsl #3
	add.w	r1, sp, #14
	.loc	1 528 25                        @ ../../libraries/zf_device/zf_device_ips114.c:528:25
	add.w	r1, r1, r2, lsl #1
	.loc	1 528 60                        @ ../../libraries/zf_device/zf_device_ips114.c:528:60
	strh.w	r0, [r1, #128]
	b	.LBB10_29
.Ltmp125:
.LBB10_29:                              @   in Loop: Header=BB10_25 Depth=2
	.loc	1 530 33 is_stmt 1              @ ../../libraries/zf_device/zf_device_ips114.c:530:33
	ldrb.w	r0, [sp, #12]
	lsrs	r0, r0, #1
	strb.w	r0, [sp, #12]
	.loc	1 531 17                        @ ../../libraries/zf_device/zf_device_ips114.c:531:17
	b	.LBB10_30
.Ltmp126:
.LBB10_30:                              @   in Loop: Header=BB10_25 Depth=2
	.loc	1 520 37                        @ ../../libraries/zf_device/zf_device_ips114.c:520:37
	ldrb.w	r0, [sp, #369]
	adds	r0, #1
	strb.w	r0, [sp, #369]
	.loc	1 520 17 is_stmt 0              @ ../../libraries/zf_device/zf_device_ips114.c:520:17
	b	.LBB10_25
.Ltmp127:
.LBB10_31:                              @   in Loop: Header=BB10_16 Depth=1
	.loc	1 532 13 is_stmt 1              @ ../../libraries/zf_device/zf_device_ips114.c:532:13
	b	.LBB10_32
.Ltmp128:
.LBB10_32:                              @   in Loop: Header=BB10_16 Depth=1
	.loc	1 504 33                        @ ../../libraries/zf_device/zf_device_ips114.c:504:33
	ldrb.w	r0, [sp, #370]
	adds	r0, #1
	strb.w	r0, [sp, #370]
	.loc	1 504 13 is_stmt 0              @ ../../libraries/zf_device/zf_device_ips114.c:504:13
	b	.LBB10_16
.Ltmp129:
.LBB10_33:
	.loc	1 0 13                          @ ../../libraries/zf_device/zf_device_ips114.c:0:13
	movs	r0, #3
	add.w	r1, sp, #14
	movs	r2, #128
	.loc	1 533 13 is_stmt 1              @ ../../libraries/zf_device/zf_device_ips114.c:533:13
	bl	spi_write_16bit_array
.Ltmp130:
	.loc	1 534 10                        @ ../../libraries/zf_device/zf_device_ips114.c:534:10
	b	.LBB10_35
.LBB10_34:
	.loc	1 538 10                        @ ../../libraries/zf_device/zf_device_ips114.c:538:10
	b	.LBB10_35
.Ltmp131:
.LBB10_35:
	.loc	1 540 5                         @ ../../libraries/zf_device/zf_device_ips114.c:540:5
	movw	r0, :lower16:PORTPTR
	movt	r0, :upper16:PORTPTR
	ldr	r0, [r0, #4]
	movs	r1, #8
	bl	GPIO_SetPinsOutput
	.loc	1 541 1                         @ ../../libraries/zf_device/zf_device_ips114.c:541:1
	add	sp, #376
	pop	{r7, pc}
.Ltmp132:
.Lfunc_end10:
	.size	ips114_show_char, .Lfunc_end10-ips114_show_char
	.cfi_endproc
	.cantunwind
	.fnend
                                        @ -- End function
	.section	.text.ips114_show_string,"ax",%progbits
	.hidden	ips114_show_string              @ -- Begin function ips114_show_string
	.globl	ips114_show_string
	.p2align	3
	.type	ips114_show_string,%function
	.code	16                              @ @ips114_show_string
	.thumb_func
ips114_show_string:
.Lfunc_begin11:
	.loc	1 553 0                         @ ../../libraries/zf_device/zf_device_ips114.c:553:0
	.fnstart
	.cfi_startproc
@ %bb.0:
	.save	{r7, lr}
	push	{r7, lr}
	.cfi_def_cfa_offset 8
	.cfi_offset lr, -4
	.cfi_offset r7, -8
	.pad	#24
	sub	sp, #24
	.cfi_def_cfa_offset 32
                                        @ kill: def $r3 killed $r1
                                        @ kill: def $r3 killed $r0
	strh.w	r0, [sp, #22]
	strh.w	r1, [sp, #20]
	str	r2, [sp, #16]
.Ltmp133:
	.loc	1 556 5 prologue_end            @ ../../libraries/zf_device/zf_device_ips114.c:556:5
	ldrh.w	r1, [sp, #22]
	movw	r0, :lower16:ips114_x_max
	movt	r0, :upper16:ips114_x_max
	ldrb	r2, [r0]
	movs	r0, #0
	str	r0, [sp, #8]                    @ 4-byte Spill
	cmp	r1, r2
	it	lt
	movlt	r0, #1
	movw	r1, :lower16:.L.str
	movt	r1, :upper16:.L.str
	str	r1, [sp, #4]                    @ 4-byte Spill
	mov.w	r2, #556
	bl	debug_assert_handler
	ldr	r1, [sp, #4]                    @ 4-byte Reload
	ldr	r0, [sp, #8]                    @ 4-byte Reload
	.loc	1 557 5                         @ ../../libraries/zf_device/zf_device_ips114.c:557:5
	ldrh.w	r2, [sp, #20]
	movw	r3, :lower16:ips114_y_max
	movt	r3, :upper16:ips114_y_max
	ldrb	r3, [r3]
	cmp	r2, r3
	it	lt
	movlt	r0, #1
	movw	r2, #557
	bl	debug_assert_handler
	ldr	r0, [sp, #8]                    @ 4-byte Reload
	.loc	1 559 12                        @ ../../libraries/zf_device/zf_device_ips114.c:559:12
	strh.w	r0, [sp, #14]
	.loc	1 560 5                         @ ../../libraries/zf_device/zf_device_ips114.c:560:5
	b	.LBB11_1
.LBB11_1:                               @ =>This Inner Loop Header: Depth=1
	.loc	1 560 19 is_stmt 0              @ ../../libraries/zf_device/zf_device_ips114.c:560:19
	ldr	r0, [sp, #16]
	.loc	1 560 23                        @ ../../libraries/zf_device/zf_device_ips114.c:560:23
	ldrh.w	r1, [sp, #14]
	.loc	1 560 19                        @ ../../libraries/zf_device/zf_device_ips114.c:560:19
	ldrsb	r0, [r0, r1]
	.loc	1 560 5                         @ ../../libraries/zf_device/zf_device_ips114.c:560:5
	cbz	r0, .LBB11_9
	b	.LBB11_2
.LBB11_2:                               @   in Loop: Header=BB11_1 Depth=1
.Ltmp134:
	.loc	1 562 16 is_stmt 1              @ ../../libraries/zf_device/zf_device_ips114.c:562:16
	movw	r0, :lower16:ips114_display_font
	movt	r0, :upper16:ips114_display_font
	ldrb	r0, [r0]
	.loc	1 562 9 is_stmt 0               @ ../../libraries/zf_device/zf_device_ips114.c:562:9
	mov	r1, r0
	str	r1, [sp]                        @ 4-byte Spill
	cbz	r0, .LBB11_5
	b	.LBB11_3
.LBB11_3:                               @   in Loop: Header=BB11_1 Depth=1
	ldr	r0, [sp]                        @ 4-byte Reload
	cmp	r0, #1
	beq	.LBB11_6
	b	.LBB11_4
.LBB11_4:                               @   in Loop: Header=BB11_1 Depth=1
	ldr	r0, [sp]                        @ 4-byte Reload
	cmp	r0, #2
	beq	.LBB11_7
	b	.LBB11_8
.LBB11_5:                               @   in Loop: Header=BB11_1 Depth=1
.Ltmp135:
	.loc	1 564 54 is_stmt 1              @ ../../libraries/zf_device/zf_device_ips114.c:564:54
	ldrh.w	r0, [sp, #22]
	.loc	1 564 62 is_stmt 0              @ ../../libraries/zf_device/zf_device_ips114.c:564:62
	ldrh.w	r3, [sp, #14]
	.loc	1 564 60                        @ ../../libraries/zf_device/zf_device_ips114.c:564:60
	add.w	r1, r3, r3, lsl #1
	.loc	1 564 56                        @ ../../libraries/zf_device/zf_device_ips114.c:564:56
	add.w	r0, r0, r1, lsl #1
	.loc	1 564 65                        @ ../../libraries/zf_device/zf_device_ips114.c:564:65
	ldrh.w	r1, [sp, #20]
	.loc	1 564 68                        @ ../../libraries/zf_device/zf_device_ips114.c:564:68
	ldr	r2, [sp, #16]
	ldrsb	r2, [r2, r3]
	.loc	1 564 37                        @ ../../libraries/zf_device/zf_device_ips114.c:564:37
	uxth	r0, r0
	bl	ips114_show_char
	.loc	1 564 77                        @ ../../libraries/zf_device/zf_device_ips114.c:564:77
	b	.LBB11_8
.LBB11_6:                               @   in Loop: Header=BB11_1 Depth=1
	.loc	1 565 54 is_stmt 1              @ ../../libraries/zf_device/zf_device_ips114.c:565:54
	ldrh.w	r0, [sp, #22]
	.loc	1 565 62 is_stmt 0              @ ../../libraries/zf_device/zf_device_ips114.c:565:62
	ldrh.w	r3, [sp, #14]
	.loc	1 565 56                        @ ../../libraries/zf_device/zf_device_ips114.c:565:56
	add.w	r0, r0, r3, lsl #3
	.loc	1 565 65                        @ ../../libraries/zf_device/zf_device_ips114.c:565:65
	ldrh.w	r1, [sp, #20]
	.loc	1 565 68                        @ ../../libraries/zf_device/zf_device_ips114.c:565:68
	ldr	r2, [sp, #16]
	ldrsb	r2, [r2, r3]
	.loc	1 565 37                        @ ../../libraries/zf_device/zf_device_ips114.c:565:37
	uxth	r0, r0
	bl	ips114_show_char
	.loc	1 565 77                        @ ../../libraries/zf_device/zf_device_ips114.c:565:77
	b	.LBB11_8
.LBB11_7:                               @   in Loop: Header=BB11_1 Depth=1
	.loc	1 566 37 is_stmt 1              @ ../../libraries/zf_device/zf_device_ips114.c:566:37
	b	.LBB11_8
.Ltmp136:
.LBB11_8:                               @   in Loop: Header=BB11_1 Depth=1
	.loc	1 568 11                        @ ../../libraries/zf_device/zf_device_ips114.c:568:11
	ldrh.w	r0, [sp, #14]
	adds	r0, #1
	strh.w	r0, [sp, #14]
.Ltmp137:
	.loc	1 560 5                         @ ../../libraries/zf_device/zf_device_ips114.c:560:5
	b	.LBB11_1
.LBB11_9:
	.loc	1 570 1                         @ ../../libraries/zf_device/zf_device_ips114.c:570:1
	add	sp, #24
	pop	{r7, pc}
.Ltmp138:
.Lfunc_end11:
	.size	ips114_show_string, .Lfunc_end11-ips114_show_string
	.cfi_endproc
	.cantunwind
	.fnend
                                        @ -- End function
	.section	.text.ips114_show_int,"ax",%progbits
	.hidden	ips114_show_int                 @ -- Begin function ips114_show_int
	.globl	ips114_show_int
	.p2align	3
	.type	ips114_show_int,%function
	.code	16                              @ @ips114_show_int
	.thumb_func
ips114_show_int:
.Lfunc_begin12:
	.loc	1 583 0                         @ ../../libraries/zf_device/zf_device_ips114.c:583:0
	.fnstart
	.cfi_startproc
@ %bb.0:
	.save	{r7, lr}
	push	{r7, lr}
	.cfi_def_cfa_offset 8
	.cfi_offset lr, -4
	.cfi_offset r7, -8
	.pad	#48
	sub	sp, #48
	.cfi_def_cfa_offset 56
                                        @ kill: def $r12 killed $r3
                                        @ kill: def $r12 killed $r1
                                        @ kill: def $r12 killed $r0
	strh.w	r0, [sp, #46]
	strh.w	r1, [sp, #44]
	str	r2, [sp, #40]
	strb.w	r3, [sp, #39]
.Ltmp139:
	.loc	1 586 5 prologue_end            @ ../../libraries/zf_device/zf_device_ips114.c:586:5
	ldrh.w	r1, [sp, #46]
	movw	r0, :lower16:ips114_x_max
	movt	r0, :upper16:ips114_x_max
	ldrb	r2, [r0]
	movs	r0, #0
	str	r0, [sp, #8]                    @ 4-byte Spill
	cmp	r1, r2
	it	lt
	movlt	r0, #1
	movw	r1, :lower16:.L.str
	movt	r1, :upper16:.L.str
	str	r1, [sp, #4]                    @ 4-byte Spill
	movw	r2, #586
	bl	debug_assert_handler
	ldr	r1, [sp, #4]                    @ 4-byte Reload
	ldr	r0, [sp, #8]                    @ 4-byte Reload
	.loc	1 587 5                         @ ../../libraries/zf_device/zf_device_ips114.c:587:5
	ldrh.w	r2, [sp, #44]
	movw	r3, :lower16:ips114_y_max
	movt	r3, :upper16:ips114_y_max
	ldrb	r3, [r3]
	cmp	r2, r3
	it	lt
	movlt	r0, #1
	movw	r2, #587
	bl	debug_assert_handler
	ldr	r1, [sp, #4]                    @ 4-byte Reload
	ldr	r0, [sp, #8]                    @ 4-byte Reload
	.loc	1 588 5                         @ ../../libraries/zf_device/zf_device_ips114.c:588:5
	ldrb.w	r2, [sp, #39]
	cmp	r2, #0
	it	gt
	movgt	r0, #1
	mov.w	r2, #588
	bl	debug_assert_handler
	ldr	r1, [sp, #4]                    @ 4-byte Reload
	ldr	r0, [sp, #8]                    @ 4-byte Reload
	.loc	1 589 5                         @ ../../libraries/zf_device/zf_device_ips114.c:589:5
	ldrb.w	r2, [sp, #39]
	cmp	r2, #11
	it	lt
	movlt	r0, #1
	movw	r2, #589
	bl	debug_assert_handler
	ldr	r1, [sp, #8]                    @ 4-byte Reload
	.loc	1 591 22                        @ ../../libraries/zf_device/zf_device_ips114.c:591:22
	ldr	r0, [sp, #40]
	.loc	1 591 11 is_stmt 0              @ ../../libraries/zf_device/zf_device_ips114.c:591:11
	str	r0, [sp, #32]
	movs	r0, #1
	.loc	1 592 11 is_stmt 1              @ ../../libraries/zf_device/zf_device_ips114.c:592:11
	str	r0, [sp, #28]
	add	r0, sp, #16
	str	r0, [sp, #12]                   @ 4-byte Spill
	movs	r2, #12
	.loc	1 595 5                         @ ../../libraries/zf_device/zf_device_ips114.c:595:5
	bl	memset
                                        @ kill: def $r1 killed $r0
	.loc	1 596 30                        @ ../../libraries/zf_device/zf_device_ips114.c:596:30
	ldr	r0, [sp, #12]                   @ 4-byte Reload
	ldrb.w	r1, [sp, #39]
	.loc	1 596 34 is_stmt 0              @ ../../libraries/zf_device/zf_device_ips114.c:596:34
	adds	r2, r1, #1
	movs	r1, #32
	.loc	1 596 5                         @ ../../libraries/zf_device/zf_device_ips114.c:596:5
	bl	memset
.Ltmp140:
	.loc	1 599 13 is_stmt 1              @ ../../libraries/zf_device/zf_device_ips114.c:599:13
	ldrb.w	r0, [sp, #39]
.Ltmp141:
	.loc	1 599 8 is_stmt 0               @ ../../libraries/zf_device/zf_device_ips114.c:599:8
	cmp	r0, #9
	bgt	.LBB12_6
	b	.LBB12_1
.LBB12_1:
.Ltmp142:
	.loc	1 601 9 is_stmt 1               @ ../../libraries/zf_device/zf_device_ips114.c:601:9
	b	.LBB12_2
.LBB12_2:                               @ =>This Inner Loop Header: Depth=1
.Ltmp143:
	.loc	1 601 19 is_stmt 0              @ ../../libraries/zf_device/zf_device_ips114.c:601:19
	ldrb.w	r0, [sp, #39]
.Ltmp144:
	.loc	1 601 9                         @ ../../libraries/zf_device/zf_device_ips114.c:601:9
	cmp	r0, #1
	blt	.LBB12_5
	b	.LBB12_3
.LBB12_3:                               @   in Loop: Header=BB12_2 Depth=1
.Ltmp145:
	.loc	1 603 20 is_stmt 1              @ ../../libraries/zf_device/zf_device_ips114.c:603:20
	ldr	r0, [sp, #28]
	add.w	r0, r0, r0, lsl #2
	lsls	r0, r0, #1
	str	r0, [sp, #28]
	.loc	1 604 9                         @ ../../libraries/zf_device/zf_device_ips114.c:604:9
	b	.LBB12_4
.Ltmp146:
.LBB12_4:                               @   in Loop: Header=BB12_2 Depth=1
	.loc	1 601 28                        @ ../../libraries/zf_device/zf_device_ips114.c:601:28
	ldrb.w	r0, [sp, #39]
	subs	r0, #1
	strb.w	r0, [sp, #39]
	.loc	1 601 9 is_stmt 0               @ ../../libraries/zf_device/zf_device_ips114.c:601:9
	b	.LBB12_2
.Ltmp147:
.LBB12_5:
	.loc	1 605 21 is_stmt 1              @ ../../libraries/zf_device/zf_device_ips114.c:605:21
	ldr	r1, [sp, #28]
	.loc	1 605 18 is_stmt 0              @ ../../libraries/zf_device/zf_device_ips114.c:605:18
	ldr	r2, [sp, #32]
	sdiv	r0, r2, r1
	mls	r0, r0, r1, r2
	str	r0, [sp, #32]
	.loc	1 606 5 is_stmt 1               @ ../../libraries/zf_device/zf_device_ips114.c:606:5
	b	.LBB12_6
.Ltmp148:
.LBB12_6:
	.loc	1 607 34                        @ ../../libraries/zf_device/zf_device_ips114.c:607:34
	ldr	r1, [sp, #32]
	add	r0, sp, #16
	.loc	1 607 5 is_stmt 0               @ ../../libraries/zf_device/zf_device_ips114.c:607:5
	str	r0, [sp]                        @ 4-byte Spill
	bl	func_int_to_str
	ldr	r2, [sp]                        @ 4-byte Reload
	.loc	1 608 24 is_stmt 1              @ ../../libraries/zf_device/zf_device_ips114.c:608:24
	ldrh.w	r0, [sp, #46]
	.loc	1 608 27 is_stmt 0              @ ../../libraries/zf_device/zf_device_ips114.c:608:27
	ldrh.w	r1, [sp, #44]
	.loc	1 608 5                         @ ../../libraries/zf_device/zf_device_ips114.c:608:5
	bl	ips114_show_string
	.loc	1 609 1 is_stmt 1               @ ../../libraries/zf_device/zf_device_ips114.c:609:1
	add	sp, #48
	pop	{r7, pc}
.Ltmp149:
.Lfunc_end12:
	.size	ips114_show_int, .Lfunc_end12-ips114_show_int
	.cfi_endproc
	.cantunwind
	.fnend
                                        @ -- End function
	.section	.text.ips114_show_uint,"ax",%progbits
	.hidden	ips114_show_uint                @ -- Begin function ips114_show_uint
	.globl	ips114_show_uint
	.p2align	3
	.type	ips114_show_uint,%function
	.code	16                              @ @ips114_show_uint
	.thumb_func
ips114_show_uint:
.Lfunc_begin13:
	.loc	1 622 0                         @ ../../libraries/zf_device/zf_device_ips114.c:622:0
	.fnstart
	.cfi_startproc
@ %bb.0:
	.save	{r7, lr}
	push	{r7, lr}
	.cfi_def_cfa_offset 8
	.cfi_offset lr, -4
	.cfi_offset r7, -8
	.pad	#48
	sub	sp, #48
	.cfi_def_cfa_offset 56
                                        @ kill: def $r12 killed $r3
                                        @ kill: def $r12 killed $r1
                                        @ kill: def $r12 killed $r0
	strh.w	r0, [sp, #46]
	strh.w	r1, [sp, #44]
	str	r2, [sp, #40]
	strb.w	r3, [sp, #39]
.Ltmp150:
	.loc	1 625 5 prologue_end            @ ../../libraries/zf_device/zf_device_ips114.c:625:5
	ldrh.w	r1, [sp, #46]
	movw	r0, :lower16:ips114_x_max
	movt	r0, :upper16:ips114_x_max
	ldrb	r2, [r0]
	movs	r0, #0
	str	r0, [sp, #8]                    @ 4-byte Spill
	cmp	r1, r2
	it	lt
	movlt	r0, #1
	movw	r1, :lower16:.L.str
	movt	r1, :upper16:.L.str
	str	r1, [sp, #4]                    @ 4-byte Spill
	movw	r2, #625
	bl	debug_assert_handler
	ldr	r1, [sp, #4]                    @ 4-byte Reload
	ldr	r0, [sp, #8]                    @ 4-byte Reload
	.loc	1 626 5                         @ ../../libraries/zf_device/zf_device_ips114.c:626:5
	ldrh.w	r2, [sp, #44]
	movw	r3, :lower16:ips114_y_max
	movt	r3, :upper16:ips114_y_max
	ldrb	r3, [r3]
	cmp	r2, r3
	it	lt
	movlt	r0, #1
	movw	r2, #626
	bl	debug_assert_handler
	ldr	r1, [sp, #4]                    @ 4-byte Reload
	ldr	r0, [sp, #8]                    @ 4-byte Reload
	.loc	1 627 5                         @ ../../libraries/zf_device/zf_device_ips114.c:627:5
	ldrb.w	r2, [sp, #39]
	cmp	r2, #0
	it	gt
	movgt	r0, #1
	movw	r2, #627
	bl	debug_assert_handler
	ldr	r1, [sp, #4]                    @ 4-byte Reload
	ldr	r0, [sp, #8]                    @ 4-byte Reload
	.loc	1 628 5                         @ ../../libraries/zf_device/zf_device_ips114.c:628:5
	ldrb.w	r2, [sp, #39]
	cmp	r2, #11
	it	lt
	movlt	r0, #1
	mov.w	r2, #628
	bl	debug_assert_handler
	ldr	r1, [sp, #8]                    @ 4-byte Reload
	.loc	1 630 23                        @ ../../libraries/zf_device/zf_device_ips114.c:630:23
	ldr	r0, [sp, #40]
	.loc	1 630 12 is_stmt 0              @ ../../libraries/zf_device/zf_device_ips114.c:630:12
	str	r0, [sp, #32]
	movs	r0, #1
	.loc	1 631 11 is_stmt 1              @ ../../libraries/zf_device/zf_device_ips114.c:631:11
	str	r0, [sp, #28]
	add	r0, sp, #16
	str	r0, [sp, #12]                   @ 4-byte Spill
	movs	r2, #12
	.loc	1 633 5                         @ ../../libraries/zf_device/zf_device_ips114.c:633:5
	bl	memset
                                        @ kill: def $r1 killed $r0
	.loc	1 634 30                        @ ../../libraries/zf_device/zf_device_ips114.c:634:30
	ldr	r0, [sp, #12]                   @ 4-byte Reload
	ldrb.w	r2, [sp, #39]
	movs	r1, #32
	.loc	1 634 5 is_stmt 0               @ ../../libraries/zf_device/zf_device_ips114.c:634:5
	bl	memset
.Ltmp151:
	.loc	1 637 13 is_stmt 1              @ ../../libraries/zf_device/zf_device_ips114.c:637:13
	ldrb.w	r0, [sp, #39]
.Ltmp152:
	.loc	1 637 8 is_stmt 0               @ ../../libraries/zf_device/zf_device_ips114.c:637:8
	cmp	r0, #9
	bgt	.LBB13_6
	b	.LBB13_1
.LBB13_1:
.Ltmp153:
	.loc	1 639 9 is_stmt 1               @ ../../libraries/zf_device/zf_device_ips114.c:639:9
	b	.LBB13_2
.LBB13_2:                               @ =>This Inner Loop Header: Depth=1
.Ltmp154:
	.loc	1 639 19 is_stmt 0              @ ../../libraries/zf_device/zf_device_ips114.c:639:19
	ldrb.w	r0, [sp, #39]
.Ltmp155:
	.loc	1 639 9                         @ ../../libraries/zf_device/zf_device_ips114.c:639:9
	cmp	r0, #1
	blt	.LBB13_5
	b	.LBB13_3
.LBB13_3:                               @   in Loop: Header=BB13_2 Depth=1
.Ltmp156:
	.loc	1 641 20 is_stmt 1              @ ../../libraries/zf_device/zf_device_ips114.c:641:20
	ldr	r0, [sp, #28]
	add.w	r0, r0, r0, lsl #2
	lsls	r0, r0, #1
	str	r0, [sp, #28]
	.loc	1 642 9                         @ ../../libraries/zf_device/zf_device_ips114.c:642:9
	b	.LBB13_4
.Ltmp157:
.LBB13_4:                               @   in Loop: Header=BB13_2 Depth=1
	.loc	1 639 28                        @ ../../libraries/zf_device/zf_device_ips114.c:639:28
	ldrb.w	r0, [sp, #39]
	subs	r0, #1
	strb.w	r0, [sp, #39]
	.loc	1 639 9 is_stmt 0               @ ../../libraries/zf_device/zf_device_ips114.c:639:9
	b	.LBB13_2
.Ltmp158:
.LBB13_5:
	.loc	1 643 21 is_stmt 1              @ ../../libraries/zf_device/zf_device_ips114.c:643:21
	ldr	r1, [sp, #28]
	.loc	1 643 18 is_stmt 0              @ ../../libraries/zf_device/zf_device_ips114.c:643:18
	ldr	r2, [sp, #32]
	udiv	r0, r2, r1
	mls	r0, r0, r1, r2
	str	r0, [sp, #32]
	.loc	1 644 5 is_stmt 1               @ ../../libraries/zf_device/zf_device_ips114.c:644:5
	b	.LBB13_6
.Ltmp159:
.LBB13_6:
	.loc	1 645 35                        @ ../../libraries/zf_device/zf_device_ips114.c:645:35
	ldr	r1, [sp, #32]
	add	r0, sp, #16
	.loc	1 645 5 is_stmt 0               @ ../../libraries/zf_device/zf_device_ips114.c:645:5
	str	r0, [sp]                        @ 4-byte Spill
	bl	func_uint_to_str
	ldr	r2, [sp]                        @ 4-byte Reload
	.loc	1 646 24 is_stmt 1              @ ../../libraries/zf_device/zf_device_ips114.c:646:24
	ldrh.w	r0, [sp, #46]
	.loc	1 646 27 is_stmt 0              @ ../../libraries/zf_device/zf_device_ips114.c:646:27
	ldrh.w	r1, [sp, #44]
	.loc	1 646 5                         @ ../../libraries/zf_device/zf_device_ips114.c:646:5
	bl	ips114_show_string
	.loc	1 647 1 is_stmt 1               @ ../../libraries/zf_device/zf_device_ips114.c:647:1
	add	sp, #48
	pop	{r7, pc}
.Ltmp160:
.Lfunc_end13:
	.size	ips114_show_uint, .Lfunc_end13-ips114_show_uint
	.cfi_endproc
	.cantunwind
	.fnend
                                        @ -- End function
	.section	.text.ips114_show_float,"ax",%progbits
	.hidden	ips114_show_float               @ -- Begin function ips114_show_float
	.globl	ips114_show_float
	.p2align	3
	.type	ips114_show_float,%function
	.code	16                              @ @ips114_show_float
	.thumb_func
ips114_show_float:
.Lfunc_begin14:
	.loc	1 664 0                         @ ../../libraries/zf_device/zf_device_ips114.c:664:0
	.fnstart
	.cfi_startproc
@ %bb.0:
	.save	{r7, lr}
	push	{r7, lr}
	.cfi_def_cfa_offset 8
	.cfi_offset lr, -4
	.cfi_offset r7, -8
	.pad	#80
	sub	sp, #80
	.cfi_def_cfa_offset 88
	add.w	r12, sp, #40
	str.w	r12, [sp, #8]                   @ 4-byte Spill
	mov	r12, r0
	ldr	r0, [sp, #8]                    @ 4-byte Reload
                                        @ kill: def $lr killed $r3
                                        @ kill: def $lr killed $r2
                                        @ kill: def $lr killed $r1
                                        @ kill: def $lr killed $r12
	strh.w	r12, [sp, #78]
	strh.w	r1, [sp, #76]
	vstr	d0, [r0, #24]
	strb.w	r2, [sp, #63]
	strb.w	r3, [sp, #62]
.Ltmp161:
	.loc	1 667 5 prologue_end            @ ../../libraries/zf_device/zf_device_ips114.c:667:5
	ldrh.w	r1, [sp, #78]
	movw	r0, :lower16:ips114_x_max
	movt	r0, :upper16:ips114_x_max
	ldrb	r2, [r0]
	movs	r0, #0
	str	r0, [sp, #12]                   @ 4-byte Spill
	cmp	r1, r2
	it	lt
	movlt	r0, #1
	movw	r1, :lower16:.L.str
	movt	r1, :upper16:.L.str
	str	r1, [sp, #4]                    @ 4-byte Spill
	movw	r2, #667
	bl	debug_assert_handler
	ldr	r1, [sp, #4]                    @ 4-byte Reload
	ldr	r0, [sp, #12]                   @ 4-byte Reload
	.loc	1 668 5                         @ ../../libraries/zf_device/zf_device_ips114.c:668:5
	ldrh.w	r2, [sp, #76]
	movw	r3, :lower16:ips114_y_max
	movt	r3, :upper16:ips114_y_max
	ldrb	r3, [r3]
	cmp	r2, r3
	it	lt
	movlt	r0, #1
	mov.w	r2, #668
	bl	debug_assert_handler
	ldr	r1, [sp, #4]                    @ 4-byte Reload
	ldr	r0, [sp, #12]                   @ 4-byte Reload
	.loc	1 669 5                         @ ../../libraries/zf_device/zf_device_ips114.c:669:5
	ldrb.w	r2, [sp, #63]
	cmp	r2, #0
	it	gt
	movgt	r0, #1
	movw	r2, #669
	bl	debug_assert_handler
	ldr	r1, [sp, #4]                    @ 4-byte Reload
	ldr	r0, [sp, #12]                   @ 4-byte Reload
	.loc	1 670 5                         @ ../../libraries/zf_device/zf_device_ips114.c:670:5
	ldrb.w	r2, [sp, #63]
	cmp	r2, #9
	it	lt
	movlt	r0, #1
	movw	r2, #670
	bl	debug_assert_handler
	ldr	r1, [sp, #4]                    @ 4-byte Reload
	ldr	r0, [sp, #12]                   @ 4-byte Reload
	.loc	1 671 5                         @ ../../libraries/zf_device/zf_device_ips114.c:671:5
	ldrb.w	r2, [sp, #62]
	cmp	r2, #0
	it	gt
	movgt	r0, #1
	movw	r2, #671
	bl	debug_assert_handler
	ldr	r1, [sp, #4]                    @ 4-byte Reload
	ldr	r0, [sp, #12]                   @ 4-byte Reload
	.loc	1 672 5                         @ ../../libraries/zf_device/zf_device_ips114.c:672:5
	ldrb.w	r2, [sp, #62]
	cmp	r2, #7
	it	lt
	movlt	r0, #1
	mov.w	r2, #672
	bl	debug_assert_handler
	ldr	r0, [sp, #8]                    @ 4-byte Reload
	ldr	r1, [sp, #12]                   @ 4-byte Reload
	.loc	1 674 23                        @ ../../libraries/zf_device/zf_device_ips114.c:674:23
	vldr	d0, [r0, #24]
	.loc	1 674 12 is_stmt 0              @ ../../libraries/zf_device/zf_device_ips114.c:674:12
	vstr	d0, [r0, #8]
	movs	r0, #0
	movt	r0, #16368
	.loc	1 675 12 is_stmt 1              @ ../../libraries/zf_device/zf_device_ips114.c:675:12
	str	r0, [sp, #44]
	str	r1, [sp, #40]
	add.w	r0, sp, #23
	str	r0, [sp, #16]                   @ 4-byte Spill
	movs	r2, #17
	.loc	1 677 5                         @ ../../libraries/zf_device/zf_device_ips114.c:677:5
	bl	memset
                                        @ kill: def $r1 killed $r0
	.loc	1 678 30                        @ ../../libraries/zf_device/zf_device_ips114.c:678:30
	ldr	r0, [sp, #16]                   @ 4-byte Reload
	ldrb.w	r1, [sp, #63]
	.loc	1 678 36 is_stmt 0              @ ../../libraries/zf_device/zf_device_ips114.c:678:36
	ldrb.w	r2, [sp, #62]
	.loc	1 678 34                        @ ../../libraries/zf_device/zf_device_ips114.c:678:34
	add	r1, r2
	.loc	1 678 45                        @ ../../libraries/zf_device/zf_device_ips114.c:678:45
	adds	r2, r1, #2
	movs	r1, #32
	.loc	1 678 5                         @ ../../libraries/zf_device/zf_device_ips114.c:678:5
	bl	memset
	.loc	1 681 5 is_stmt 1               @ ../../libraries/zf_device/zf_device_ips114.c:681:5
	b	.LBB14_1
.LBB14_1:                               @ =>This Inner Loop Header: Depth=1
.Ltmp162:
	.loc	1 681 15 is_stmt 0              @ ../../libraries/zf_device/zf_device_ips114.c:681:15
	ldrb.w	r0, [sp, #63]
.Ltmp163:
	.loc	1 681 5                         @ ../../libraries/zf_device/zf_device_ips114.c:681:5
	cmp	r0, #1
	blt	.LBB14_4
	b	.LBB14_2
.LBB14_2:                               @   in Loop: Header=BB14_1 Depth=1
.Ltmp164:
	.loc	1 683 16 is_stmt 1              @ ../../libraries/zf_device/zf_device_ips114.c:683:16
	ldr	r0, [sp, #8]                    @ 4-byte Reload
	vldr	d0, [r0]
	vmov.f64	d1, #1.000000e+01
	vmul.f64	d0, d0, d1
	vstr	d0, [r0]
	.loc	1 684 5                         @ ../../libraries/zf_device/zf_device_ips114.c:684:5
	b	.LBB14_3
.Ltmp165:
.LBB14_3:                               @   in Loop: Header=BB14_1 Depth=1
	.loc	1 681 24                        @ ../../libraries/zf_device/zf_device_ips114.c:681:24
	ldrb.w	r0, [sp, #63]
	subs	r0, #1
	strb.w	r0, [sp, #63]
	.loc	1 681 5 is_stmt 0               @ ../../libraries/zf_device/zf_device_ips114.c:681:5
	b	.LBB14_1
.Ltmp166:
.LBB14_4:
	.loc	1 685 16 is_stmt 1              @ ../../libraries/zf_device/zf_device_ips114.c:685:16
	ldr	r0, [sp, #8]                    @ 4-byte Reload
	vldr	d0, [r0, #8]
	.loc	1 685 28 is_stmt 0              @ ../../libraries/zf_device/zf_device_ips114.c:685:28
	vcvt.s32.f64	s2, d0
	vmov	r1, s2
	.loc	1 685 49                        @ ../../libraries/zf_device/zf_device_ips114.c:685:49
	vldr	d2, [r0]
	.loc	1 685 44                        @ ../../libraries/zf_device/zf_device_ips114.c:685:44
	vcvt.s32.f64	s2, d2
	vmov	r2, s2
	.loc	1 685 42                        @ ../../libraries/zf_device/zf_device_ips114.c:685:42
	sdiv	r1, r1, r2
	.loc	1 685 27                        @ ../../libraries/zf_device/zf_device_ips114.c:685:27
	vmov	s2, r1
	vcvt.f64.s32	d1, s2
	.loc	1 685 25                        @ ../../libraries/zf_device/zf_device_ips114.c:685:25
	vfms.f64	d0, d1, d2
	.loc	1 685 14                        @ ../../libraries/zf_device/zf_device_ips114.c:685:14
	vstr	d0, [r0, #8]
	.loc	1 686 37 is_stmt 1              @ ../../libraries/zf_device/zf_device_ips114.c:686:37
	vldr	d0, [r0, #8]
	.loc	1 686 47 is_stmt 0              @ ../../libraries/zf_device/zf_device_ips114.c:686:47
	ldrb.w	r1, [sp, #62]
	add.w	r0, sp, #23
	.loc	1 686 5                         @ ../../libraries/zf_device/zf_device_ips114.c:686:5
	str	r0, [sp]                        @ 4-byte Spill
	bl	func_double_to_str
	ldr	r2, [sp]                        @ 4-byte Reload
	.loc	1 687 24 is_stmt 1              @ ../../libraries/zf_device/zf_device_ips114.c:687:24
	ldrh.w	r0, [sp, #78]
	.loc	1 687 27 is_stmt 0              @ ../../libraries/zf_device/zf_device_ips114.c:687:27
	ldrh.w	r1, [sp, #76]
	.loc	1 687 5                         @ ../../libraries/zf_device/zf_device_ips114.c:687:5
	bl	ips114_show_string
	.loc	1 688 1 is_stmt 1               @ ../../libraries/zf_device/zf_device_ips114.c:688:1
	add	sp, #80
	pop	{r7, pc}
.Ltmp167:
.Lfunc_end14:
	.size	ips114_show_float, .Lfunc_end14-ips114_show_float
	.cfi_endproc
	.cantunwind
	.fnend
                                        @ -- End function
	.section	.text.ips114_show_binary_image,"ax",%progbits
	.hidden	ips114_show_binary_image        @ -- Begin function ips114_show_binary_image
	.globl	ips114_show_binary_image
	.p2align	3
	.type	ips114_show_binary_image,%function
	.code	16                              @ @ips114_show_binary_image
	.thumb_func
ips114_show_binary_image:
.Lfunc_begin15:
	.loc	1 707 0                         @ ../../libraries/zf_device/zf_device_ips114.c:707:0
	.fnstart
	.cfi_startproc
@ %bb.0:
	.save	{r4, r5, r6, r7, r8, lr}
	push.w	{r4, r5, r6, r7, r8, lr}
	.cfi_def_cfa_offset 24
	.cfi_offset lr, -4
	.cfi_offset r8, -8
	.cfi_offset r7, -12
	.cfi_offset r6, -16
	.cfi_offset r5, -20
	.cfi_offset r4, -24
	.setfp	r7, sp, #12
	add	r7, sp, #12
	.cfi_def_cfa r7, 12
	.pad	#56
	sub	sp, #56
	mov	r12, r2
	mov	lr, r1
	mov	r4, r0
	ldr	r0, [r7, #20]
	ldr	r1, [r7, #16]
	ldr	r2, [r7, #12]
                                        @ kill: def $r5 killed $r3
                                        @ kill: def $r5 killed $lr
                                        @ kill: def $r5 killed $r4
	strh	r4, [r7, #-14]
	strh	lr, [r7, #-16]
	str	r12, [r7, #-20]
	strh	r3, [r7, #-22]
	strh	r2, [r7, #-24]
	strh	r1, [r7, #-26]
	strh	r0, [r7, #-28]
.Ltmp168:
	.loc	1 710 5 prologue_end            @ ../../libraries/zf_device/zf_device_ips114.c:710:5
	ldrh	r1, [r7, #-14]
	movw	r0, :lower16:ips114_x_max
	movt	r0, :upper16:ips114_x_max
	ldrb	r2, [r0]
	movs	r0, #0
	str	r0, [r7, #-60]                  @ 4-byte Spill
	cmp	r1, r2
	it	lt
	movlt	r0, #1
	movw	r1, :lower16:.L.str
	movt	r1, :upper16:.L.str
	str	r1, [r7, #-68]                  @ 4-byte Spill
	movw	r2, #710
	bl	debug_assert_handler
	ldr	r1, [r7, #-68]                  @ 4-byte Reload
	ldr	r0, [r7, #-60]                  @ 4-byte Reload
	.loc	1 711 5                         @ ../../libraries/zf_device/zf_device_ips114.c:711:5
	ldrh	r2, [r7, #-16]
	movw	r3, :lower16:ips114_y_max
	movt	r3, :upper16:ips114_y_max
	ldrb	r3, [r3]
	cmp	r2, r3
	it	lt
	movlt	r0, #1
	movw	r2, #711
	bl	debug_assert_handler
	ldr	r1, [r7, #-68]                  @ 4-byte Reload
	.loc	1 712 5                         @ ../../libraries/zf_device/zf_device_ips114.c:712:5
	ldr	r0, [r7, #-20]
	cmp	r0, #0
	it	ne
	movne	r0, #1
	mov.w	r2, #712
	bl	debug_assert_handler
	ldr	r0, [r7, #-60]                  @ 4-byte Reload
	.loc	1 714 12                        @ ../../libraries/zf_device/zf_device_ips114.c:714:12
	str	r0, [r7, #-32]
	.loc	1 714 19 is_stmt 0              @ ../../libraries/zf_device/zf_device_ips114.c:714:19
	str	r0, [r7, #-36]
	.loc	1 715 11 is_stmt 1              @ ../../libraries/zf_device/zf_device_ips114.c:715:11
	strb	r0, [r7, #-37]
	.loc	1 716 12                        @ ../../libraries/zf_device/zf_device_ips114.c:716:12
	str	r0, [r7, #-44]
	.loc	1 717 24                        @ ../../libraries/zf_device/zf_device_ips114.c:717:24
	ldrh	r0, [r7, #-26]
	.loc	1 717 5 is_stmt 0               @ ../../libraries/zf_device/zf_device_ips114.c:717:5
	mov	r1, sp
	str	r1, [r7, #-48]
	movs	r1, #7
	add.w	r1, r1, r0, lsl #1
	bic	r2, r1, #7
	mov	r1, sp
	subs	r1, r1, r2
.Ltmp169:
	@DEBUG_VALUE: ips114_show_binary_image:data_buffer <- [$r1+0]
	mov	sp, r1
	str	r1, [r7, #-64]                  @ 4-byte Spill
.Ltmp170:
	@DEBUG_VALUE: ips114_show_binary_image:data_buffer <- [DW_OP_constu 64, DW_OP_minus, DW_OP_deref] [$r7+0]
	str	r0, [r7, #-52]
	.loc	1 720 5 is_stmt 1               @ ../../libraries/zf_device/zf_device_ips114.c:720:5
	movw	r0, :lower16:PORTPTR
	movt	r0, :upper16:PORTPTR
	ldr	r0, [r0, #4]
	movs	r1, #8
	bl	GPIO_ClearPinsOutput
	.loc	1 721 23                        @ ../../libraries/zf_device/zf_device_ips114.c:721:23
	ldrh	r0, [r7, #-14]
	.loc	1 721 26 is_stmt 0              @ ../../libraries/zf_device/zf_device_ips114.c:721:26
	ldrh	r1, [r7, #-16]
	.loc	1 721 33                        @ ../../libraries/zf_device/zf_device_ips114.c:721:33
	ldrh	r2, [r7, #-26]
	.loc	1 721 31                        @ ../../libraries/zf_device/zf_device_ips114.c:721:31
	add	r2, r0
	.loc	1 721 43                        @ ../../libraries/zf_device/zf_device_ips114.c:721:43
	subs	r2, #1
	.loc	1 721 52                        @ ../../libraries/zf_device/zf_device_ips114.c:721:52
	ldrh	r3, [r7, #-28]
	.loc	1 721 50                        @ ../../libraries/zf_device/zf_device_ips114.c:721:50
	add	r3, r1
	.loc	1 721 63                        @ ../../libraries/zf_device/zf_device_ips114.c:721:63
	subs	r3, #1
	.loc	1 721 5                         @ ../../libraries/zf_device/zf_device_ips114.c:721:5
	uxth	r2, r2
	uxth	r3, r3
	bl	ips114_set_region
	ldr	r0, [r7, #-60]                  @ 4-byte Reload
.Ltmp171:
	.loc	1 723 11 is_stmt 1              @ ../../libraries/zf_device/zf_device_ips114.c:723:11
	str	r0, [r7, #-36]
	.loc	1 723 9 is_stmt 0               @ ../../libraries/zf_device/zf_device_ips114.c:723:9
	b	.LBB15_1
.Ltmp172:
.LBB15_1:                               @ =>This Loop Header: Depth=1
                                        @     Child Loop BB15_3 Depth 2
	.loc	1 723 16                        @ ../../libraries/zf_device/zf_device_ips114.c:723:16
	ldr	r0, [r7, #-36]
	.loc	1 723 20                        @ ../../libraries/zf_device/zf_device_ips114.c:723:20
	ldrh	r1, [r7, #-28]
.Ltmp173:
	.loc	1 723 5                         @ ../../libraries/zf_device/zf_device_ips114.c:723:5
	cmp	r0, r1
	bhs	.LBB15_11
	b	.LBB15_2
.LBB15_2:                               @   in Loop: Header=BB15_1 Depth=1
.Ltmp174:
	.loc	1 725 22 is_stmt 1              @ ../../libraries/zf_device/zf_device_ips114.c:725:22
	ldr	r0, [r7, #-20]
	.loc	1 725 30 is_stmt 0              @ ../../libraries/zf_device/zf_device_ips114.c:725:30
	ldr	r1, [r7, #-36]
	.loc	1 725 34                        @ ../../libraries/zf_device/zf_device_ips114.c:725:34
	ldrh	r2, [r7, #-24]
	.loc	1 725 32                        @ ../../libraries/zf_device/zf_device_ips114.c:725:32
	muls	r1, r2, r1
	.loc	1 725 43                        @ ../../libraries/zf_device/zf_device_ips114.c:725:43
	ldrh	r2, [r7, #-28]
	.loc	1 725 41                        @ ../../libraries/zf_device/zf_device_ips114.c:725:41
	udiv	r1, r1, r2
	.loc	1 725 56                        @ ../../libraries/zf_device/zf_device_ips114.c:725:56
	ldrh	r2, [r7, #-22]
	.loc	1 725 54                        @ ../../libraries/zf_device/zf_device_ips114.c:725:54
	muls	r1, r2, r1
	.loc	1 725 28                        @ ../../libraries/zf_device/zf_device_ips114.c:725:28
	add.w	r0, r0, r1, lsr #3
	.loc	1 725 20                        @ ../../libraries/zf_device/zf_device_ips114.c:725:20
	str	r0, [r7, #-56]
	movs	r0, #0
.Ltmp175:
	.loc	1 726 15 is_stmt 1              @ ../../libraries/zf_device/zf_device_ips114.c:726:15
	str	r0, [r7, #-32]
	.loc	1 726 13 is_stmt 0              @ ../../libraries/zf_device/zf_device_ips114.c:726:13
	b	.LBB15_3
.LBB15_3:                               @   Parent Loop BB15_1 Depth=1
                                        @ =>  This Inner Loop Header: Depth=2
.Ltmp176:
	.loc	1 726 20                        @ ../../libraries/zf_device/zf_device_ips114.c:726:20
	ldr	r0, [r7, #-32]
	.loc	1 726 24                        @ ../../libraries/zf_device/zf_device_ips114.c:726:24
	ldrh	r1, [r7, #-26]
.Ltmp177:
	.loc	1 726 9                         @ ../../libraries/zf_device/zf_device_ips114.c:726:9
	cmp	r0, r1
	bhs	.LBB15_9
	b	.LBB15_4
.LBB15_4:                               @   in Loop: Header=BB15_3 Depth=2
.Ltmp178:
	.loc	1 728 27 is_stmt 1              @ ../../libraries/zf_device/zf_device_ips114.c:728:27
	ldr	r0, [r7, #-32]
	.loc	1 728 31 is_stmt 0              @ ../../libraries/zf_device/zf_device_ips114.c:728:31
	ldrh	r1, [r7, #-22]
	.loc	1 728 29                        @ ../../libraries/zf_device/zf_device_ips114.c:728:29
	muls	r0, r1, r0
	.loc	1 728 39                        @ ../../libraries/zf_device/zf_device_ips114.c:728:39
	ldrh	r1, [r7, #-26]
	.loc	1 728 37                        @ ../../libraries/zf_device/zf_device_ips114.c:728:37
	udiv	r0, r0, r1
	.loc	1 728 25                        @ ../../libraries/zf_device/zf_device_ips114.c:728:25
	str	r0, [r7, #-44]
	.loc	1 729 22 is_stmt 1              @ ../../libraries/zf_device/zf_device_ips114.c:729:22
	ldr	r0, [r7, #-56]
	.loc	1 729 35 is_stmt 0              @ ../../libraries/zf_device/zf_device_ips114.c:729:35
	ldr	r1, [r7, #-44]
	.loc	1 729 47                        @ ../../libraries/zf_device/zf_device_ips114.c:729:47
	lsrs	r1, r1, #3
	.loc	1 729 20                        @ ../../libraries/zf_device/zf_device_ips114.c:729:20
	ldrb	r0, [r0, r1]
	.loc	1 729 18                        @ ../../libraries/zf_device/zf_device_ips114.c:729:18
	strb	r0, [r7, #-37]
.Ltmp179:
	.loc	1 730 24 is_stmt 1              @ ../../libraries/zf_device/zf_device_ips114.c:730:24
	ldrb	r0, [r7, #-37]
	.loc	1 730 33 is_stmt 0              @ ../../libraries/zf_device/zf_device_ips114.c:730:33
	ldr	r1, [r7, #-44]
	.loc	1 730 45                        @ ../../libraries/zf_device/zf_device_ips114.c:730:45
	and	r1, r1, #7
	.loc	1 730 29                        @ ../../libraries/zf_device/zf_device_ips114.c:730:29
	lsls	r0, r1
.Ltmp180:
	.loc	1 730 16                        @ ../../libraries/zf_device/zf_device_ips114.c:730:16
	lsls	r0, r0, #24
	cmp	r0, #0
	bpl	.LBB15_6
	b	.LBB15_5
.LBB15_5:                               @   in Loop: Header=BB15_3 Depth=2
.Ltmp181:
	.loc	1 732 29 is_stmt 1              @ ../../libraries/zf_device/zf_device_ips114.c:732:29
	ldr	r1, [r7, #-64]                  @ 4-byte Reload
.Ltmp182:
	@DEBUG_VALUE: ips114_show_binary_image:data_buffer <- [$r1+0]
	ldr	r2, [r7, #-32]
	movw	r0, #65535
	.loc	1 732 32 is_stmt 0              @ ../../libraries/zf_device/zf_device_ips114.c:732:32
	strh.w	r0, [r1, r2, lsl #1]
	.loc	1 733 13 is_stmt 1              @ ../../libraries/zf_device/zf_device_ips114.c:733:13
	b	.LBB15_7
.Ltmp183:
.LBB15_6:                               @   in Loop: Header=BB15_3 Depth=2
	.loc	1 736 29                        @ ../../libraries/zf_device/zf_device_ips114.c:736:29
	ldr	r1, [r7, #-64]                  @ 4-byte Reload
.Ltmp184:
	@DEBUG_VALUE: ips114_show_binary_image:data_buffer <- [$r1+0]
	ldr	r2, [r7, #-32]
	movs	r0, #0
	.loc	1 736 32 is_stmt 0              @ ../../libraries/zf_device/zf_device_ips114.c:736:32
	strh.w	r0, [r1, r2, lsl #1]
	b	.LBB15_7
.Ltmp185:
.LBB15_7:                               @   in Loop: Header=BB15_3 Depth=2
	.loc	1 738 9 is_stmt 1               @ ../../libraries/zf_device/zf_device_ips114.c:738:9
	b	.LBB15_8
.Ltmp186:
.LBB15_8:                               @   in Loop: Header=BB15_3 Depth=2
	.loc	1 726 37                        @ ../../libraries/zf_device/zf_device_ips114.c:726:37
	ldr	r0, [r7, #-32]
	adds	r0, #1
	str	r0, [r7, #-32]
	.loc	1 726 9 is_stmt 0               @ ../../libraries/zf_device/zf_device_ips114.c:726:9
	b	.LBB15_3
.Ltmp187:
.LBB15_9:                               @   in Loop: Header=BB15_1 Depth=1
	.loc	1 739 9 is_stmt 1               @ ../../libraries/zf_device/zf_device_ips114.c:739:9
	ldr	r1, [r7, #-64]                  @ 4-byte Reload
.Ltmp188:
	@DEBUG_VALUE: ips114_show_binary_image:data_buffer <- [$r1+0]
	ldrh	r2, [r7, #-26]
	movs	r0, #3
	bl	spi_write_16bit_array
.Ltmp189:
	.loc	1 740 5                         @ ../../libraries/zf_device/zf_device_ips114.c:740:5
	b	.LBB15_10
.Ltmp190:
.LBB15_10:                              @   in Loop: Header=BB15_1 Depth=1
	.loc	1 723 34                        @ ../../libraries/zf_device/zf_device_ips114.c:723:34
	ldr	r0, [r7, #-36]
	adds	r0, #1
	str	r0, [r7, #-36]
	.loc	1 723 5 is_stmt 0               @ ../../libraries/zf_device/zf_device_ips114.c:723:5
	b	.LBB15_1
.Ltmp191:
.LBB15_11:
	.loc	1 741 5 is_stmt 1               @ ../../libraries/zf_device/zf_device_ips114.c:741:5
	movw	r0, :lower16:PORTPTR
	movt	r0, :upper16:PORTPTR
	ldr	r0, [r0, #4]
	movs	r1, #8
	bl	GPIO_SetPinsOutput
	.loc	1 742 1                         @ ../../libraries/zf_device/zf_device_ips114.c:742:1
	ldr	r0, [r7, #-48]
	mov	sp, r0
	sub.w	r4, r7, #12
	mov	sp, r4
	pop.w	{r4, r5, r6, r7, r8, pc}
.Ltmp192:
.Lfunc_end15:
	.size	ips114_show_binary_image, .Lfunc_end15-ips114_show_binary_image
	.cfi_endproc
	.cantunwind
	.fnend
                                        @ -- End function
	.section	.text.ips114_show_gray_image,"ax",%progbits
	.hidden	ips114_show_gray_image          @ -- Begin function ips114_show_gray_image
	.globl	ips114_show_gray_image
	.p2align	3
	.type	ips114_show_gray_image,%function
	.code	16                              @ @ips114_show_gray_image
	.thumb_func
ips114_show_gray_image:
.Lfunc_begin16:
	.loc	1 762 0                         @ ../../libraries/zf_device/zf_device_ips114.c:762:0
	.fnstart
	.cfi_startproc
@ %bb.0:
	.save	{r4, r5, r6, r7, r8, r9, lr}
	push.w	{r4, r5, r6, r7, r8, r9, lr}
	.cfi_def_cfa_offset 28
	.cfi_offset lr, -4
	.cfi_offset r9, -8
	.cfi_offset r8, -12
	.cfi_offset r7, -16
	.cfi_offset r6, -20
	.cfi_offset r5, -24
	.cfi_offset r4, -28
	.setfp	r7, sp, #12
	add	r7, sp, #12
	.cfi_def_cfa r7, 16
	.pad	#60
	sub	sp, #60
	mov	r12, r3
	mov	lr, r2
	mov	r4, r1
	mov	r5, r0
	ldr	r0, [r7, #28]
	ldr	r1, [r7, #24]
	ldr	r2, [r7, #20]
	ldr	r3, [r7, #16]
                                        @ kill: def $r6 killed $r12
                                        @ kill: def $r6 killed $r4
                                        @ kill: def $r6 killed $r5
	strh	r5, [r7, #-14]
	strh	r4, [r7, #-16]
	str	lr, [r7, #-20]
	strh	r12, [r7, #-22]
	strh	r3, [r7, #-24]
	strh	r2, [r7, #-26]
	strh	r1, [r7, #-28]
	strb	r0, [r7, #-29]
.Ltmp193:
	.loc	1 765 5 prologue_end            @ ../../libraries/zf_device/zf_device_ips114.c:765:5
	ldrh	r1, [r7, #-14]
	movw	r0, :lower16:ips114_x_max
	movt	r0, :upper16:ips114_x_max
	ldrb	r2, [r0]
	movs	r0, #0
	str	r0, [r7, #-60]                  @ 4-byte Spill
	cmp	r1, r2
	it	lt
	movlt	r0, #1
	movw	r1, :lower16:.L.str
	movt	r1, :upper16:.L.str
	str	r1, [r7, #-68]                  @ 4-byte Spill
	movw	r2, #765
	bl	debug_assert_handler
	ldr	r1, [r7, #-68]                  @ 4-byte Reload
	ldr	r0, [r7, #-60]                  @ 4-byte Reload
	.loc	1 766 5                         @ ../../libraries/zf_device/zf_device_ips114.c:766:5
	ldrh	r2, [r7, #-16]
	movw	r3, :lower16:ips114_y_max
	movt	r3, :upper16:ips114_y_max
	ldrb	r3, [r3]
	cmp	r2, r3
	it	lt
	movlt	r0, #1
	movw	r2, #766
	bl	debug_assert_handler
	ldr	r1, [r7, #-68]                  @ 4-byte Reload
	.loc	1 767 5                         @ ../../libraries/zf_device/zf_device_ips114.c:767:5
	ldr	r0, [r7, #-20]
	cmp	r0, #0
	it	ne
	movne	r0, #1
	movw	r2, #767
	bl	debug_assert_handler
	ldr	r0, [r7, #-60]                  @ 4-byte Reload
	.loc	1 769 12                        @ ../../libraries/zf_device/zf_device_ips114.c:769:12
	str	r0, [r7, #-36]
	.loc	1 769 19 is_stmt 0              @ ../../libraries/zf_device/zf_device_ips114.c:769:19
	str	r0, [r7, #-40]
	.loc	1 770 12 is_stmt 1              @ ../../libraries/zf_device/zf_device_ips114.c:770:12
	strh	r0, [r7, #-42]
	.loc	1 770 22 is_stmt 0              @ ../../libraries/zf_device/zf_device_ips114.c:770:22
	strh	r0, [r7, #-44]
	.loc	1 771 24 is_stmt 1              @ ../../libraries/zf_device/zf_device_ips114.c:771:24
	ldrh	r0, [r7, #-26]
	.loc	1 771 5 is_stmt 0               @ ../../libraries/zf_device/zf_device_ips114.c:771:5
	mov	r1, sp
	str	r1, [r7, #-48]
	movs	r1, #7
	add.w	r1, r1, r0, lsl #1
	bic	r2, r1, #7
	mov	r1, sp
	subs	r1, r1, r2
.Ltmp194:
	@DEBUG_VALUE: ips114_show_gray_image:data_buffer <- [$r1+0]
	mov	sp, r1
	str	r1, [r7, #-64]                  @ 4-byte Spill
.Ltmp195:
	@DEBUG_VALUE: ips114_show_gray_image:data_buffer <- [DW_OP_constu 64, DW_OP_minus, DW_OP_deref] [$r7+0]
	str	r0, [r7, #-52]
	.loc	1 774 5 is_stmt 1               @ ../../libraries/zf_device/zf_device_ips114.c:774:5
	movw	r0, :lower16:PORTPTR
	movt	r0, :upper16:PORTPTR
	ldr	r0, [r0, #4]
	movs	r1, #8
	bl	GPIO_ClearPinsOutput
	.loc	1 775 23                        @ ../../libraries/zf_device/zf_device_ips114.c:775:23
	ldrh	r0, [r7, #-14]
	.loc	1 775 26 is_stmt 0              @ ../../libraries/zf_device/zf_device_ips114.c:775:26
	ldrh	r1, [r7, #-16]
	.loc	1 775 33                        @ ../../libraries/zf_device/zf_device_ips114.c:775:33
	ldrh	r2, [r7, #-26]
	.loc	1 775 31                        @ ../../libraries/zf_device/zf_device_ips114.c:775:31
	add	r2, r0
	.loc	1 775 43                        @ ../../libraries/zf_device/zf_device_ips114.c:775:43
	subs	r2, #1
	.loc	1 775 52                        @ ../../libraries/zf_device/zf_device_ips114.c:775:52
	ldrh	r3, [r7, #-28]
	.loc	1 775 50                        @ ../../libraries/zf_device/zf_device_ips114.c:775:50
	add	r3, r1
	.loc	1 775 63                        @ ../../libraries/zf_device/zf_device_ips114.c:775:63
	subs	r3, #1
	.loc	1 775 5                         @ ../../libraries/zf_device/zf_device_ips114.c:775:5
	uxth	r2, r2
	uxth	r3, r3
	bl	ips114_set_region
	ldr	r0, [r7, #-60]                  @ 4-byte Reload
.Ltmp196:
	.loc	1 777 11 is_stmt 1              @ ../../libraries/zf_device/zf_device_ips114.c:777:11
	str	r0, [r7, #-40]
	.loc	1 777 9 is_stmt 0               @ ../../libraries/zf_device/zf_device_ips114.c:777:9
	b	.LBB16_1
.Ltmp197:
.LBB16_1:                               @ =>This Loop Header: Depth=1
                                        @     Child Loop BB16_3 Depth 2
	.loc	1 777 16                        @ ../../libraries/zf_device/zf_device_ips114.c:777:16
	ldr	r0, [r7, #-40]
	.loc	1 777 20                        @ ../../libraries/zf_device/zf_device_ips114.c:777:20
	ldrh	r1, [r7, #-28]
.Ltmp198:
	.loc	1 777 5                         @ ../../libraries/zf_device/zf_device_ips114.c:777:5
	cmp	r0, r1
	bhs.w	.LBB16_14
	b	.LBB16_2
.LBB16_2:                               @   in Loop: Header=BB16_1 Depth=1
.Ltmp199:
	.loc	1 779 22 is_stmt 1              @ ../../libraries/zf_device/zf_device_ips114.c:779:22
	ldr	r2, [r7, #-20]
	.loc	1 779 30 is_stmt 0              @ ../../libraries/zf_device/zf_device_ips114.c:779:30
	ldr	r0, [r7, #-40]
	.loc	1 779 34                        @ ../../libraries/zf_device/zf_device_ips114.c:779:34
	ldrh	r1, [r7, #-24]
	.loc	1 779 32                        @ ../../libraries/zf_device/zf_device_ips114.c:779:32
	muls	r0, r1, r0
	.loc	1 779 43                        @ ../../libraries/zf_device/zf_device_ips114.c:779:43
	ldrh	r1, [r7, #-28]
	.loc	1 779 41                        @ ../../libraries/zf_device/zf_device_ips114.c:779:41
	udiv	r0, r0, r1
	.loc	1 779 56                        @ ../../libraries/zf_device/zf_device_ips114.c:779:56
	ldrh	r1, [r7, #-22]
	.loc	1 779 28                        @ ../../libraries/zf_device/zf_device_ips114.c:779:28
	mla	r0, r0, r1, r2
	.loc	1 779 20                        @ ../../libraries/zf_device/zf_device_ips114.c:779:20
	str	r0, [r7, #-56]
	movs	r0, #0
.Ltmp200:
	.loc	1 780 15 is_stmt 1              @ ../../libraries/zf_device/zf_device_ips114.c:780:15
	str	r0, [r7, #-36]
	.loc	1 780 13 is_stmt 0              @ ../../libraries/zf_device/zf_device_ips114.c:780:13
	b	.LBB16_3
.LBB16_3:                               @   Parent Loop BB16_1 Depth=1
                                        @ =>  This Inner Loop Header: Depth=2
.Ltmp201:
	.loc	1 780 20                        @ ../../libraries/zf_device/zf_device_ips114.c:780:20
	ldr	r0, [r7, #-36]
	.loc	1 780 24                        @ ../../libraries/zf_device/zf_device_ips114.c:780:24
	ldrh	r1, [r7, #-26]
.Ltmp202:
	.loc	1 780 9                         @ ../../libraries/zf_device/zf_device_ips114.c:780:9
	cmp	r0, r1
	bhs	.LBB16_12
	b	.LBB16_4
.LBB16_4:                               @   in Loop: Header=BB16_3 Depth=2
.Ltmp203:
	.loc	1 782 22 is_stmt 1              @ ../../libraries/zf_device/zf_device_ips114.c:782:22
	ldr	r0, [r7, #-56]
	.loc	1 782 35 is_stmt 0              @ ../../libraries/zf_device/zf_device_ips114.c:782:35
	ldr	r1, [r7, #-36]
	.loc	1 782 39                        @ ../../libraries/zf_device/zf_device_ips114.c:782:39
	ldrh	r2, [r7, #-22]
	.loc	1 782 37                        @ ../../libraries/zf_device/zf_device_ips114.c:782:37
	muls	r1, r2, r1
	.loc	1 782 47                        @ ../../libraries/zf_device/zf_device_ips114.c:782:47
	ldrh	r2, [r7, #-26]
	.loc	1 782 45                        @ ../../libraries/zf_device/zf_device_ips114.c:782:45
	udiv	r1, r1, r2
	.loc	1 782 20                        @ ../../libraries/zf_device/zf_device_ips114.c:782:20
	ldrb	r0, [r0, r1]
	.loc	1 782 18                        @ ../../libraries/zf_device/zf_device_ips114.c:782:18
	strh	r0, [r7, #-44]
.Ltmp204:
	.loc	1 783 16 is_stmt 1              @ ../../libraries/zf_device/zf_device_ips114.c:783:16
	ldrb	r0, [r7, #-29]
.Ltmp205:
	.loc	1 783 16 is_stmt 0              @ ../../libraries/zf_device/zf_device_ips114.c:783:16
	cbnz	r0, .LBB16_6
	b	.LBB16_5
.LBB16_5:                               @   in Loop: Header=BB16_3 Depth=2
.Ltmp206:
	.loc	1 785 37 is_stmt 1              @ ../../libraries/zf_device/zf_device_ips114.c:785:37
	ldr	r1, [r7, #-64]                  @ 4-byte Reload
.Ltmp207:
	@DEBUG_VALUE: ips114_show_gray_image:data_buffer <- [$r1+0]
	ldrh	r2, [r7, #-44]
	mov.w	r0, #63488
	.loc	1 785 50 is_stmt 0              @ ../../libraries/zf_device/zf_device_ips114.c:785:50
	and.w	r0, r0, r2, lsl #8
	.loc	1 785 23                        @ ../../libraries/zf_device/zf_device_ips114.c:785:23
	strh	r0, [r7, #-42]
	.loc	1 786 25 is_stmt 1              @ ../../libraries/zf_device/zf_device_ips114.c:786:25
	ldrh	r0, [r7, #-42]
	.loc	1 786 48 is_stmt 0              @ ../../libraries/zf_device/zf_device_ips114.c:786:48
	ldrh	r2, [r7, #-44]
	.loc	1 786 44                        @ ../../libraries/zf_device/zf_device_ips114.c:786:44
	ubfx	r2, r2, #2, #6
	.loc	1 786 31                        @ ../../libraries/zf_device/zf_device_ips114.c:786:31
	orr.w	r0, r0, r2, lsl #5
	.loc	1 786 23                        @ ../../libraries/zf_device/zf_device_ips114.c:786:23
	strh	r0, [r7, #-42]
	.loc	1 787 25 is_stmt 1              @ ../../libraries/zf_device/zf_device_ips114.c:787:25
	ldrh	r0, [r7, #-42]
	.loc	1 787 45 is_stmt 0              @ ../../libraries/zf_device/zf_device_ips114.c:787:45
	ldrh	r2, [r7, #-44]
	.loc	1 787 41                        @ ../../libraries/zf_device/zf_device_ips114.c:787:41
	ubfx	r2, r2, #3, #5
	.loc	1 787 31                        @ ../../libraries/zf_device/zf_device_ips114.c:787:31
	orrs	r0, r2
	.loc	1 787 23                        @ ../../libraries/zf_device/zf_device_ips114.c:787:23
	strh	r0, [r7, #-42]
	.loc	1 788 35 is_stmt 1              @ ../../libraries/zf_device/zf_device_ips114.c:788:35
	ldrh	r0, [r7, #-42]
	.loc	1 788 29 is_stmt 0              @ ../../libraries/zf_device/zf_device_ips114.c:788:29
	ldr	r2, [r7, #-36]
	.loc	1 788 32                        @ ../../libraries/zf_device/zf_device_ips114.c:788:32
	strh.w	r0, [r1, r2, lsl #1]
	.loc	1 789 13 is_stmt 1              @ ../../libraries/zf_device/zf_device_ips114.c:789:13
	b	.LBB16_10
.Ltmp208:
.LBB16_6:                               @   in Loop: Header=BB16_3 Depth=2
	.loc	1 790 21                        @ ../../libraries/zf_device/zf_device_ips114.c:790:21
	ldrh	r0, [r7, #-44]
	.loc	1 790 28 is_stmt 0              @ ../../libraries/zf_device/zf_device_ips114.c:790:28
	ldrb	r1, [r7, #-29]
.Ltmp209:
	.loc	1 790 21                        @ ../../libraries/zf_device/zf_device_ips114.c:790:21
	cmp	r0, r1
	bge	.LBB16_8
	b	.LBB16_7
.LBB16_7:                               @   in Loop: Header=BB16_3 Depth=2
.Ltmp210:
	.loc	1 792 29 is_stmt 1              @ ../../libraries/zf_device/zf_device_ips114.c:792:29
	ldr	r1, [r7, #-64]                  @ 4-byte Reload
.Ltmp211:
	@DEBUG_VALUE: ips114_show_gray_image:data_buffer <- [$r1+0]
	ldr	r2, [r7, #-36]
	movs	r0, #0
	.loc	1 792 32 is_stmt 0              @ ../../libraries/zf_device/zf_device_ips114.c:792:32
	strh.w	r0, [r1, r2, lsl #1]
	.loc	1 793 13 is_stmt 1              @ ../../libraries/zf_device/zf_device_ips114.c:793:13
	b	.LBB16_9
.Ltmp212:
.LBB16_8:                               @   in Loop: Header=BB16_3 Depth=2
	.loc	1 796 29                        @ ../../libraries/zf_device/zf_device_ips114.c:796:29
	ldr	r1, [r7, #-64]                  @ 4-byte Reload
.Ltmp213:
	@DEBUG_VALUE: ips114_show_gray_image:data_buffer <- [$r1+0]
	ldr	r2, [r7, #-36]
	movw	r0, #65535
	.loc	1 796 32 is_stmt 0              @ ../../libraries/zf_device/zf_device_ips114.c:796:32
	strh.w	r0, [r1, r2, lsl #1]
	b	.LBB16_9
.Ltmp214:
.LBB16_9:                               @   in Loop: Header=BB16_3 Depth=2
	.loc	1 0 32                          @ ../../libraries/zf_device/zf_device_ips114.c:0:32
	b	.LBB16_10
.LBB16_10:                              @   in Loop: Header=BB16_3 Depth=2
	.loc	1 798 9 is_stmt 1               @ ../../libraries/zf_device/zf_device_ips114.c:798:9
	b	.LBB16_11
.Ltmp215:
.LBB16_11:                              @   in Loop: Header=BB16_3 Depth=2
	.loc	1 780 37                        @ ../../libraries/zf_device/zf_device_ips114.c:780:37
	ldr	r0, [r7, #-36]
	adds	r0, #1
	str	r0, [r7, #-36]
	.loc	1 780 9 is_stmt 0               @ ../../libraries/zf_device/zf_device_ips114.c:780:9
	b	.LBB16_3
.Ltmp216:
.LBB16_12:                              @   in Loop: Header=BB16_1 Depth=1
	.loc	1 799 9 is_stmt 1               @ ../../libraries/zf_device/zf_device_ips114.c:799:9
	ldr	r1, [r7, #-64]                  @ 4-byte Reload
.Ltmp217:
	@DEBUG_VALUE: ips114_show_gray_image:data_buffer <- [$r1+0]
	ldrh	r2, [r7, #-26]
	movs	r0, #3
	bl	spi_write_16bit_array
.Ltmp218:
	.loc	1 800 5                         @ ../../libraries/zf_device/zf_device_ips114.c:800:5
	b	.LBB16_13
.Ltmp219:
.LBB16_13:                              @   in Loop: Header=BB16_1 Depth=1
	.loc	1 777 34                        @ ../../libraries/zf_device/zf_device_ips114.c:777:34
	ldr	r0, [r7, #-40]
	adds	r0, #1
	str	r0, [r7, #-40]
	.loc	1 777 5 is_stmt 0               @ ../../libraries/zf_device/zf_device_ips114.c:777:5
	b	.LBB16_1
.Ltmp220:
.LBB16_14:
	.loc	1 801 5 is_stmt 1               @ ../../libraries/zf_device/zf_device_ips114.c:801:5
	movw	r0, :lower16:PORTPTR
	movt	r0, :upper16:PORTPTR
	ldr	r0, [r0, #4]
	movs	r1, #8
	bl	GPIO_SetPinsOutput
	.loc	1 802 1                         @ ../../libraries/zf_device/zf_device_ips114.c:802:1
	ldr	r0, [r7, #-48]
	mov	sp, r0
	sub.w	r4, r7, #12
	mov	sp, r4
	pop.w	{r4, r5, r6, r7, r8, r9, pc}
.Ltmp221:
.Lfunc_end16:
	.size	ips114_show_gray_image, .Lfunc_end16-ips114_show_gray_image
	.cfi_endproc
	.cantunwind
	.fnend
                                        @ -- End function
	.section	.text.ips114_show_rgb565_image,"ax",%progbits
	.hidden	ips114_show_rgb565_image        @ -- Begin function ips114_show_rgb565_image
	.globl	ips114_show_rgb565_image
	.p2align	3
	.type	ips114_show_rgb565_image,%function
	.code	16                              @ @ips114_show_rgb565_image
	.thumb_func
ips114_show_rgb565_image:
.Lfunc_begin17:
	.loc	1 822 0                         @ ../../libraries/zf_device/zf_device_ips114.c:822:0
	.fnstart
	.cfi_startproc
@ %bb.0:
	.save	{r4, r5, r6, r7, r8, r9, lr}
	push.w	{r4, r5, r6, r7, r8, r9, lr}
	.cfi_def_cfa_offset 28
	.cfi_offset lr, -4
	.cfi_offset r9, -8
	.cfi_offset r8, -12
	.cfi_offset r7, -16
	.cfi_offset r6, -20
	.cfi_offset r5, -24
	.cfi_offset r4, -28
	.setfp	r7, sp, #12
	add	r7, sp, #12
	.cfi_def_cfa r7, 16
	.pad	#52
	sub	sp, #52
	mov	r12, r3
	mov	lr, r2
	mov	r4, r1
	mov	r5, r0
	ldr	r0, [r7, #28]
	ldr	r1, [r7, #24]
	ldr	r2, [r7, #20]
	ldr	r3, [r7, #16]
                                        @ kill: def $r6 killed $r12
                                        @ kill: def $r6 killed $r4
                                        @ kill: def $r6 killed $r5
	strh	r5, [r7, #-14]
	strh	r4, [r7, #-16]
	str	lr, [r7, #-20]
	strh	r12, [r7, #-22]
	strh	r3, [r7, #-24]
	strh	r2, [r7, #-26]
	strh	r1, [r7, #-28]
	strb	r0, [r7, #-29]
.Ltmp222:
	.loc	1 825 5 prologue_end            @ ../../libraries/zf_device/zf_device_ips114.c:825:5
	ldrh	r1, [r7, #-14]
	movw	r0, :lower16:ips114_x_max
	movt	r0, :upper16:ips114_x_max
	ldrb	r2, [r0]
	movs	r0, #0
	str	r0, [r7, #-56]                  @ 4-byte Spill
	cmp	r1, r2
	it	lt
	movlt	r0, #1
	movw	r1, :lower16:.L.str
	movt	r1, :upper16:.L.str
	str	r1, [r7, #-64]                  @ 4-byte Spill
	movw	r2, #825
	bl	debug_assert_handler
	ldr	r1, [r7, #-64]                  @ 4-byte Reload
	ldr	r0, [r7, #-56]                  @ 4-byte Reload
	.loc	1 826 5                         @ ../../libraries/zf_device/zf_device_ips114.c:826:5
	ldrh	r2, [r7, #-16]
	movw	r3, :lower16:ips114_y_max
	movt	r3, :upper16:ips114_y_max
	ldrb	r3, [r3]
	cmp	r2, r3
	it	lt
	movlt	r0, #1
	movw	r2, #826
	bl	debug_assert_handler
	ldr	r1, [r7, #-64]                  @ 4-byte Reload
	.loc	1 827 5                         @ ../../libraries/zf_device/zf_device_ips114.c:827:5
	ldr	r0, [r7, #-20]
	cmp	r0, #0
	it	ne
	movne	r0, #1
	movw	r2, #827
	bl	debug_assert_handler
	ldr	r0, [r7, #-56]                  @ 4-byte Reload
	.loc	1 829 12                        @ ../../libraries/zf_device/zf_device_ips114.c:829:12
	str	r0, [r7, #-36]
	.loc	1 829 19 is_stmt 0              @ ../../libraries/zf_device/zf_device_ips114.c:829:19
	str	r0, [r7, #-40]
	.loc	1 830 24 is_stmt 1              @ ../../libraries/zf_device/zf_device_ips114.c:830:24
	ldrh	r0, [r7, #-26]
	.loc	1 830 5 is_stmt 0               @ ../../libraries/zf_device/zf_device_ips114.c:830:5
	mov	r1, sp
	str	r1, [r7, #-44]
	movs	r1, #7
	add.w	r1, r1, r0, lsl #1
	bic	r2, r1, #7
	mov	r1, sp
	subs	r1, r1, r2
.Ltmp223:
	@DEBUG_VALUE: ips114_show_rgb565_image:data_buffer <- [$r1+0]
	mov	sp, r1
	str	r1, [r7, #-60]                  @ 4-byte Spill
.Ltmp224:
	@DEBUG_VALUE: ips114_show_rgb565_image:data_buffer <- [DW_OP_constu 60, DW_OP_minus, DW_OP_deref] [$r7+0]
	str	r0, [r7, #-48]
	.loc	1 833 5 is_stmt 1               @ ../../libraries/zf_device/zf_device_ips114.c:833:5
	movw	r0, :lower16:PORTPTR
	movt	r0, :upper16:PORTPTR
	ldr	r0, [r0, #4]
	movs	r1, #8
	bl	GPIO_ClearPinsOutput
	.loc	1 834 23                        @ ../../libraries/zf_device/zf_device_ips114.c:834:23
	ldrh	r0, [r7, #-14]
	.loc	1 834 26 is_stmt 0              @ ../../libraries/zf_device/zf_device_ips114.c:834:26
	ldrh	r1, [r7, #-16]
	.loc	1 834 33                        @ ../../libraries/zf_device/zf_device_ips114.c:834:33
	ldrh	r2, [r7, #-26]
	.loc	1 834 31                        @ ../../libraries/zf_device/zf_device_ips114.c:834:31
	add	r2, r0
	.loc	1 834 43                        @ ../../libraries/zf_device/zf_device_ips114.c:834:43
	subs	r2, #1
	.loc	1 834 52                        @ ../../libraries/zf_device/zf_device_ips114.c:834:52
	ldrh	r3, [r7, #-28]
	.loc	1 834 50                        @ ../../libraries/zf_device/zf_device_ips114.c:834:50
	add	r3, r1
	.loc	1 834 63                        @ ../../libraries/zf_device/zf_device_ips114.c:834:63
	subs	r3, #1
	.loc	1 834 5                         @ ../../libraries/zf_device/zf_device_ips114.c:834:5
	uxth	r2, r2
	uxth	r3, r3
	bl	ips114_set_region
	ldr	r0, [r7, #-56]                  @ 4-byte Reload
.Ltmp225:
	.loc	1 836 11 is_stmt 1              @ ../../libraries/zf_device/zf_device_ips114.c:836:11
	str	r0, [r7, #-40]
	.loc	1 836 9 is_stmt 0               @ ../../libraries/zf_device/zf_device_ips114.c:836:9
	b	.LBB17_1
.Ltmp226:
.LBB17_1:                               @ =>This Loop Header: Depth=1
                                        @     Child Loop BB17_3 Depth 2
	.loc	1 836 16                        @ ../../libraries/zf_device/zf_device_ips114.c:836:16
	ldr	r0, [r7, #-40]
	.loc	1 836 20                        @ ../../libraries/zf_device/zf_device_ips114.c:836:20
	ldrh	r1, [r7, #-28]
.Ltmp227:
	.loc	1 836 5                         @ ../../libraries/zf_device/zf_device_ips114.c:836:5
	cmp	r0, r1
	bhs	.LBB17_11
	b	.LBB17_2
.LBB17_2:                               @   in Loop: Header=BB17_1 Depth=1
.Ltmp228:
	.loc	1 838 22 is_stmt 1              @ ../../libraries/zf_device/zf_device_ips114.c:838:22
	ldr	r0, [r7, #-20]
	.loc	1 838 30 is_stmt 0              @ ../../libraries/zf_device/zf_device_ips114.c:838:30
	ldr	r1, [r7, #-40]
	.loc	1 838 34                        @ ../../libraries/zf_device/zf_device_ips114.c:838:34
	ldrh	r2, [r7, #-24]
	.loc	1 838 32                        @ ../../libraries/zf_device/zf_device_ips114.c:838:32
	muls	r1, r2, r1
	.loc	1 838 43                        @ ../../libraries/zf_device/zf_device_ips114.c:838:43
	ldrh	r2, [r7, #-28]
	.loc	1 838 41                        @ ../../libraries/zf_device/zf_device_ips114.c:838:41
	udiv	r1, r1, r2
	.loc	1 838 56                        @ ../../libraries/zf_device/zf_device_ips114.c:838:56
	ldrh	r2, [r7, #-22]
	.loc	1 838 54                        @ ../../libraries/zf_device/zf_device_ips114.c:838:54
	muls	r1, r2, r1
	.loc	1 838 28                        @ ../../libraries/zf_device/zf_device_ips114.c:838:28
	add.w	r0, r0, r1, lsl #1
	.loc	1 838 20                        @ ../../libraries/zf_device/zf_device_ips114.c:838:20
	str	r0, [r7, #-52]
	movs	r0, #0
.Ltmp229:
	.loc	1 839 15 is_stmt 1              @ ../../libraries/zf_device/zf_device_ips114.c:839:15
	str	r0, [r7, #-36]
	.loc	1 839 13 is_stmt 0              @ ../../libraries/zf_device/zf_device_ips114.c:839:13
	b	.LBB17_3
.LBB17_3:                               @   Parent Loop BB17_1 Depth=1
                                        @ =>  This Inner Loop Header: Depth=2
.Ltmp230:
	.loc	1 839 20                        @ ../../libraries/zf_device/zf_device_ips114.c:839:20
	ldr	r0, [r7, #-36]
	.loc	1 839 24                        @ ../../libraries/zf_device/zf_device_ips114.c:839:24
	ldrh	r1, [r7, #-26]
.Ltmp231:
	.loc	1 839 9                         @ ../../libraries/zf_device/zf_device_ips114.c:839:9
	cmp	r0, r1
	bhs	.LBB17_6
	b	.LBB17_4
.LBB17_4:                               @   in Loop: Header=BB17_3 Depth=2
.Ltmp232:
	.loc	1 841 32 is_stmt 1              @ ../../libraries/zf_device/zf_device_ips114.c:841:32
	ldr	r1, [r7, #-60]                  @ 4-byte Reload
.Ltmp233:
	@DEBUG_VALUE: ips114_show_rgb565_image:data_buffer <- [$r1+0]
	ldr	r0, [r7, #-52]
	.loc	1 841 45 is_stmt 0              @ ../../libraries/zf_device/zf_device_ips114.c:841:45
	ldr	r2, [r7, #-36]
	.loc	1 841 49                        @ ../../libraries/zf_device/zf_device_ips114.c:841:49
	ldrh	r3, [r7, #-22]
	.loc	1 841 47                        @ ../../libraries/zf_device/zf_device_ips114.c:841:47
	muls	r3, r2, r3
	.loc	1 841 57                        @ ../../libraries/zf_device/zf_device_ips114.c:841:57
	ldrh	r12, [r7, #-26]
	.loc	1 841 55                        @ ../../libraries/zf_device/zf_device_ips114.c:841:55
	udiv	r3, r3, r12
	.loc	1 841 30                        @ ../../libraries/zf_device/zf_device_ips114.c:841:30
	ldrh.w	r0, [r0, r3, lsl #1]
	.loc	1 841 28                        @ ../../libraries/zf_device/zf_device_ips114.c:841:28
	strh.w	r0, [r1, r2, lsl #1]
	.loc	1 842 9 is_stmt 1               @ ../../libraries/zf_device/zf_device_ips114.c:842:9
	b	.LBB17_5
.Ltmp234:
.LBB17_5:                               @   in Loop: Header=BB17_3 Depth=2
	.loc	1 839 37                        @ ../../libraries/zf_device/zf_device_ips114.c:839:37
	ldr	r0, [r7, #-36]
	adds	r0, #1
	str	r0, [r7, #-36]
	.loc	1 839 9 is_stmt 0               @ ../../libraries/zf_device/zf_device_ips114.c:839:9
	b	.LBB17_3
.Ltmp235:
.LBB17_6:                               @   in Loop: Header=BB17_1 Depth=1
	.loc	1 843 12 is_stmt 1              @ ../../libraries/zf_device/zf_device_ips114.c:843:12
	ldrb	r0, [r7, #-29]
.Ltmp236:
	.loc	1 843 12 is_stmt 0              @ ../../libraries/zf_device/zf_device_ips114.c:843:12
	cbz	r0, .LBB17_8
	b	.LBB17_7
.LBB17_7:                               @   in Loop: Header=BB17_1 Depth=1
.Ltmp237:
	.loc	1 845 13 is_stmt 1              @ ../../libraries/zf_device/zf_device_ips114.c:845:13
	ldr	r1, [r7, #-60]                  @ 4-byte Reload
.Ltmp238:
	@DEBUG_VALUE: ips114_show_rgb565_image:data_buffer <- [$r1+0]
	ldrh	r0, [r7, #-26]
	lsls	r2, r0, #1
	movs	r0, #3
	bl	spi_write_8bit_array
.Ltmp239:
	.loc	1 846 9                         @ ../../libraries/zf_device/zf_device_ips114.c:846:9
	b	.LBB17_9
.Ltmp240:
.LBB17_8:                               @   in Loop: Header=BB17_1 Depth=1
	.loc	1 849 13                        @ ../../libraries/zf_device/zf_device_ips114.c:849:13
	ldr	r1, [r7, #-60]                  @ 4-byte Reload
.Ltmp241:
	@DEBUG_VALUE: ips114_show_rgb565_image:data_buffer <- [$r1+0]
	ldrh	r2, [r7, #-26]
	movs	r0, #3
	bl	spi_write_16bit_array
.Ltmp242:
	.loc	1 0 13 is_stmt 0                @ ../../libraries/zf_device/zf_device_ips114.c:0:13
	b	.LBB17_9
.Ltmp243:
.LBB17_9:                               @   in Loop: Header=BB17_1 Depth=1
	.loc	1 851 5 is_stmt 1               @ ../../libraries/zf_device/zf_device_ips114.c:851:5
	b	.LBB17_10
.Ltmp244:
.LBB17_10:                              @   in Loop: Header=BB17_1 Depth=1
	.loc	1 836 34                        @ ../../libraries/zf_device/zf_device_ips114.c:836:34
	ldr	r0, [r7, #-40]
	adds	r0, #1
	str	r0, [r7, #-40]
	.loc	1 836 5 is_stmt 0               @ ../../libraries/zf_device/zf_device_ips114.c:836:5
	b	.LBB17_1
.Ltmp245:
.LBB17_11:
	.loc	1 852 5 is_stmt 1               @ ../../libraries/zf_device/zf_device_ips114.c:852:5
	movw	r0, :lower16:PORTPTR
	movt	r0, :upper16:PORTPTR
	ldr	r0, [r0, #4]
	movs	r1, #8
	bl	GPIO_SetPinsOutput
	.loc	1 853 1                         @ ../../libraries/zf_device/zf_device_ips114.c:853:1
	ldr	r0, [r7, #-44]
	mov	sp, r0
	sub.w	r4, r7, #12
	mov	sp, r4
	pop.w	{r4, r5, r6, r7, r8, r9, pc}
.Ltmp246:
.Lfunc_end17:
	.size	ips114_show_rgb565_image, .Lfunc_end17-ips114_show_rgb565_image
	.cfi_endproc
	.cantunwind
	.fnend
                                        @ -- End function
	.section	.text.ips114_show_wave,"ax",%progbits
	.hidden	ips114_show_wave                @ -- Begin function ips114_show_wave
	.globl	ips114_show_wave
	.p2align	3
	.type	ips114_show_wave,%function
	.code	16                              @ @ips114_show_wave
	.thumb_func
ips114_show_wave:
.Lfunc_begin18:
	.loc	1 869 0                         @ ../../libraries/zf_device/zf_device_ips114.c:869:0
	.fnstart
	.cfi_startproc
@ %bb.0:
	.save	{r4, r5, r6, r7, r8, lr}
	push.w	{r4, r5, r6, r7, r8, lr}
	.cfi_def_cfa_offset 24
	.cfi_offset lr, -4
	.cfi_offset r8, -8
	.cfi_offset r7, -12
	.cfi_offset r6, -16
	.cfi_offset r5, -20
	.cfi_offset r4, -24
	.setfp	r7, sp, #12
	add	r7, sp, #12
	.cfi_def_cfa r7, 12
	.pad	#56
	sub	sp, #56
	mov	r12, r2
	mov	lr, r1
	mov	r4, r0
	ldr	r0, [r7, #20]
	ldr	r1, [r7, #16]
	ldr	r2, [r7, #12]
                                        @ kill: def $r5 killed $r3
                                        @ kill: def $r5 killed $lr
                                        @ kill: def $r5 killed $r4
	strh	r4, [r7, #-14]
	strh	lr, [r7, #-16]
	str	r12, [r7, #-20]
	strh	r3, [r7, #-22]
	strh	r2, [r7, #-24]
	strh	r1, [r7, #-26]
	strh	r0, [r7, #-28]
.Ltmp247:
	.loc	1 872 5 prologue_end            @ ../../libraries/zf_device/zf_device_ips114.c:872:5
	ldrh	r1, [r7, #-14]
	movw	r0, :lower16:ips114_x_max
	movt	r0, :upper16:ips114_x_max
	ldrb	r2, [r0]
	movs	r0, #0
	str	r0, [r7, #-56]                  @ 4-byte Spill
	cmp	r1, r2
	it	lt
	movlt	r0, #1
	movw	r1, :lower16:.L.str
	movt	r1, :upper16:.L.str
	str	r1, [r7, #-64]                  @ 4-byte Spill
	mov.w	r2, #872
	bl	debug_assert_handler
	ldr	r1, [r7, #-64]                  @ 4-byte Reload
	ldr	r0, [r7, #-56]                  @ 4-byte Reload
	.loc	1 873 5                         @ ../../libraries/zf_device/zf_device_ips114.c:873:5
	ldrh	r2, [r7, #-16]
	movw	r3, :lower16:ips114_y_max
	movt	r3, :upper16:ips114_y_max
	ldrb	r3, [r3]
	cmp	r2, r3
	it	lt
	movlt	r0, #1
	movw	r2, #873
	bl	debug_assert_handler
	ldr	r1, [r7, #-64]                  @ 4-byte Reload
	.loc	1 874 5                         @ ../../libraries/zf_device/zf_device_ips114.c:874:5
	ldr	r0, [r7, #-20]
	cmp	r0, #0
	it	ne
	movne	r0, #1
	movw	r2, #874
	bl	debug_assert_handler
	ldr	r0, [r7, #-56]                  @ 4-byte Reload
	.loc	1 876 12                        @ ../../libraries/zf_device/zf_device_ips114.c:876:12
	str	r0, [r7, #-32]
	.loc	1 876 19 is_stmt 0              @ ../../libraries/zf_device/zf_device_ips114.c:876:19
	str	r0, [r7, #-36]
	.loc	1 877 12 is_stmt 1              @ ../../libraries/zf_device/zf_device_ips114.c:877:12
	str	r0, [r7, #-40]
	.loc	1 877 29 is_stmt 0              @ ../../libraries/zf_device/zf_device_ips114.c:877:29
	str	r0, [r7, #-44]
	.loc	1 878 24 is_stmt 1              @ ../../libraries/zf_device/zf_device_ips114.c:878:24
	ldrh	r0, [r7, #-26]
	.loc	1 878 5 is_stmt 0               @ ../../libraries/zf_device/zf_device_ips114.c:878:5
	mov	r1, sp
	str	r1, [r7, #-48]
	movs	r1, #7
	add.w	r1, r1, r0, lsl #1
	bic	r2, r1, #7
	mov	r1, sp
	subs	r1, r1, r2
.Ltmp248:
	@DEBUG_VALUE: ips114_show_wave:data_buffer <- [$r1+0]
	mov	sp, r1
	str	r1, [r7, #-60]                  @ 4-byte Spill
.Ltmp249:
	@DEBUG_VALUE: ips114_show_wave:data_buffer <- [DW_OP_constu 60, DW_OP_minus, DW_OP_deref] [$r7+0]
	str	r0, [r7, #-52]
	.loc	1 880 5 is_stmt 1               @ ../../libraries/zf_device/zf_device_ips114.c:880:5
	movw	r0, :lower16:PORTPTR
	movt	r0, :upper16:PORTPTR
	ldr	r0, [r0, #4]
	movs	r1, #8
	bl	GPIO_ClearPinsOutput
	.loc	1 881 23                        @ ../../libraries/zf_device/zf_device_ips114.c:881:23
	ldrh	r0, [r7, #-14]
	.loc	1 881 26 is_stmt 0              @ ../../libraries/zf_device/zf_device_ips114.c:881:26
	ldrh	r1, [r7, #-16]
	.loc	1 881 33                        @ ../../libraries/zf_device/zf_device_ips114.c:881:33
	ldrh	r2, [r7, #-26]
	.loc	1 881 31                        @ ../../libraries/zf_device/zf_device_ips114.c:881:31
	add	r2, r0
	.loc	1 881 43                        @ ../../libraries/zf_device/zf_device_ips114.c:881:43
	subs	r2, #1
	.loc	1 881 52                        @ ../../libraries/zf_device/zf_device_ips114.c:881:52
	ldrh	r3, [r7, #-28]
	.loc	1 881 50                        @ ../../libraries/zf_device/zf_device_ips114.c:881:50
	add	r3, r1
	.loc	1 881 66                        @ ../../libraries/zf_device/zf_device_ips114.c:881:66
	subs	r3, #1
	.loc	1 881 5                         @ ../../libraries/zf_device/zf_device_ips114.c:881:5
	uxth	r2, r2
	uxth	r3, r3
	bl	ips114_set_region
	ldr	r0, [r7, #-56]                  @ 4-byte Reload
.Ltmp250:
	.loc	1 882 11 is_stmt 1              @ ../../libraries/zf_device/zf_device_ips114.c:882:11
	str	r0, [r7, #-36]
	.loc	1 882 9 is_stmt 0               @ ../../libraries/zf_device/zf_device_ips114.c:882:9
	b	.LBB18_1
.Ltmp251:
.LBB18_1:                               @ =>This Loop Header: Depth=1
                                        @     Child Loop BB18_3 Depth 2
	.loc	1 882 16                        @ ../../libraries/zf_device/zf_device_ips114.c:882:16
	ldr	r0, [r7, #-36]
	.loc	1 882 20                        @ ../../libraries/zf_device/zf_device_ips114.c:882:20
	ldrh	r1, [r7, #-28]
.Ltmp252:
	.loc	1 882 5                         @ ../../libraries/zf_device/zf_device_ips114.c:882:5
	cmp	r0, r1
	bhs	.LBB18_8
	b	.LBB18_2
.LBB18_2:                               @   in Loop: Header=BB18_1 Depth=1
	.loc	1 0 5                           @ ../../libraries/zf_device/zf_device_ips114.c:0:5
	movs	r0, #0
.Ltmp253:
	.loc	1 884 15 is_stmt 1              @ ../../libraries/zf_device/zf_device_ips114.c:884:15
	str	r0, [r7, #-32]
	.loc	1 884 13 is_stmt 0              @ ../../libraries/zf_device/zf_device_ips114.c:884:13
	b	.LBB18_3
.LBB18_3:                               @   Parent Loop BB18_1 Depth=1
                                        @ =>  This Inner Loop Header: Depth=2
.Ltmp254:
	.loc	1 884 20                        @ ../../libraries/zf_device/zf_device_ips114.c:884:20
	ldr	r0, [r7, #-32]
	.loc	1 884 24                        @ ../../libraries/zf_device/zf_device_ips114.c:884:24
	ldrh	r1, [r7, #-26]
.Ltmp255:
	.loc	1 884 9                         @ ../../libraries/zf_device/zf_device_ips114.c:884:9
	cmp	r0, r1
	bhs	.LBB18_6
	b	.LBB18_4
.LBB18_4:                               @   in Loop: Header=BB18_3 Depth=2
.Ltmp256:
	.loc	1 886 31 is_stmt 1              @ ../../libraries/zf_device/zf_device_ips114.c:886:31
	ldr	r1, [r7, #-60]                  @ 4-byte Reload
.Ltmp257:
	@DEBUG_VALUE: ips114_show_wave:data_buffer <- [$r1+0]
	movw	r0, :lower16:ips114_bgcolor
	movt	r0, :upper16:ips114_bgcolor
	ldrh	r0, [r0]
	.loc	1 886 25 is_stmt 0              @ ../../libraries/zf_device/zf_device_ips114.c:886:25
	ldr	r2, [r7, #-32]
	.loc	1 886 28                        @ ../../libraries/zf_device/zf_device_ips114.c:886:28
	strh.w	r0, [r1, r2, lsl #1]
	.loc	1 887 9 is_stmt 1               @ ../../libraries/zf_device/zf_device_ips114.c:887:9
	b	.LBB18_5
.Ltmp258:
.LBB18_5:                               @   in Loop: Header=BB18_3 Depth=2
	.loc	1 884 37                        @ ../../libraries/zf_device/zf_device_ips114.c:884:37
	ldr	r0, [r7, #-32]
	adds	r0, #1
	str	r0, [r7, #-32]
	.loc	1 884 9 is_stmt 0               @ ../../libraries/zf_device/zf_device_ips114.c:884:9
	b	.LBB18_3
.Ltmp259:
.LBB18_6:                               @   in Loop: Header=BB18_1 Depth=1
	.loc	1 888 9 is_stmt 1               @ ../../libraries/zf_device/zf_device_ips114.c:888:9
	ldr	r1, [r7, #-60]                  @ 4-byte Reload
.Ltmp260:
	@DEBUG_VALUE: ips114_show_wave:data_buffer <- [$r1+0]
	ldrh	r2, [r7, #-26]
	movs	r0, #3
	bl	spi_write_16bit_array
.Ltmp261:
	.loc	1 889 5                         @ ../../libraries/zf_device/zf_device_ips114.c:889:5
	b	.LBB18_7
.Ltmp262:
.LBB18_7:                               @   in Loop: Header=BB18_1 Depth=1
	.loc	1 882 37                        @ ../../libraries/zf_device/zf_device_ips114.c:882:37
	ldr	r0, [r7, #-36]
	adds	r0, #1
	str	r0, [r7, #-36]
	.loc	1 882 5 is_stmt 0               @ ../../libraries/zf_device/zf_device_ips114.c:882:5
	b	.LBB18_1
.Ltmp263:
.LBB18_8:
	.loc	1 890 5 is_stmt 1               @ ../../libraries/zf_device/zf_device_ips114.c:890:5
	movw	r0, :lower16:PORTPTR
	movt	r0, :upper16:PORTPTR
	ldr	r0, [r0, #4]
	movs	r1, #8
	bl	GPIO_SetPinsOutput
	movs	r0, #0
.Ltmp264:
	.loc	1 892 11                        @ ../../libraries/zf_device/zf_device_ips114.c:892:11
	str	r0, [r7, #-32]
	.loc	1 892 9 is_stmt 0               @ ../../libraries/zf_device/zf_device_ips114.c:892:9
	b	.LBB18_9
.LBB18_9:                               @ =>This Inner Loop Header: Depth=1
.Ltmp265:
	.loc	1 892 16                        @ ../../libraries/zf_device/zf_device_ips114.c:892:16
	ldr	r0, [r7, #-32]
	.loc	1 892 20                        @ ../../libraries/zf_device/zf_device_ips114.c:892:20
	ldrh	r1, [r7, #-26]
.Ltmp266:
	.loc	1 892 5                         @ ../../libraries/zf_device/zf_device_ips114.c:892:5
	cmp	r0, r1
	bhs	.LBB18_12
	b	.LBB18_10
.LBB18_10:                              @   in Loop: Header=BB18_9 Depth=1
.Ltmp267:
	.loc	1 894 23 is_stmt 1              @ ../../libraries/zf_device/zf_device_ips114.c:894:23
	ldr	r0, [r7, #-32]
	.loc	1 894 27 is_stmt 0              @ ../../libraries/zf_device/zf_device_ips114.c:894:27
	ldrh	r1, [r7, #-22]
	.loc	1 894 25                        @ ../../libraries/zf_device/zf_device_ips114.c:894:25
	muls	r0, r1, r0
	.loc	1 894 35                        @ ../../libraries/zf_device/zf_device_ips114.c:894:35
	ldrh	r1, [r7, #-26]
	.loc	1 894 33                        @ ../../libraries/zf_device/zf_device_ips114.c:894:33
	udiv	r0, r0, r1
	.loc	1 894 21                        @ ../../libraries/zf_device/zf_device_ips114.c:894:21
	str	r0, [r7, #-40]
	.loc	1 895 29 is_stmt 1              @ ../../libraries/zf_device/zf_device_ips114.c:895:29
	ldr	r0, [r7, #-20]
	.loc	1 895 36 is_stmt 0              @ ../../libraries/zf_device/zf_device_ips114.c:895:36
	ldr	r1, [r7, #-40]
	.loc	1 895 27                        @ ../../libraries/zf_device/zf_device_ips114.c:895:27
	ldrh.w	r0, [r0, r1, lsl #1]
	.loc	1 895 52                        @ ../../libraries/zf_device/zf_device_ips114.c:895:52
	ldrh	r1, [r7, #-28]
	.loc	1 895 66                        @ ../../libraries/zf_device/zf_device_ips114.c:895:66
	subs	r1, #1
	.loc	1 895 49                        @ ../../libraries/zf_device/zf_device_ips114.c:895:49
	muls	r0, r1, r0
	.loc	1 895 73                        @ ../../libraries/zf_device/zf_device_ips114.c:895:73
	ldrh	r1, [r7, #-24]
	.loc	1 895 71                        @ ../../libraries/zf_device/zf_device_ips114.c:895:71
	sdiv	r0, r0, r1
	.loc	1 895 25                        @ ../../libraries/zf_device/zf_device_ips114.c:895:25
	str	r0, [r7, #-44]
	.loc	1 896 27 is_stmt 1              @ ../../libraries/zf_device/zf_device_ips114.c:896:27
	ldr	r0, [r7, #-32]
	.loc	1 896 31 is_stmt 0              @ ../../libraries/zf_device/zf_device_ips114.c:896:31
	ldrh	r1, [r7, #-14]
	.loc	1 896 29                        @ ../../libraries/zf_device/zf_device_ips114.c:896:29
	add	r0, r1
	.loc	1 896 35                        @ ../../libraries/zf_device/zf_device_ips114.c:896:35
	ldrh	r1, [r7, #-28]
	.loc	1 896 56                        @ ../../libraries/zf_device/zf_device_ips114.c:896:56
	ldr	r2, [r7, #-44]
	.loc	1 896 54                        @ ../../libraries/zf_device/zf_device_ips114.c:896:54
	subs	r1, r1, r2
	.loc	1 896 74                        @ ../../libraries/zf_device/zf_device_ips114.c:896:74
	ldrh	r2, [r7, #-16]
	.loc	1 896 72                        @ ../../libraries/zf_device/zf_device_ips114.c:896:72
	add	r1, r2
	subs	r1, #1
	.loc	1 896 77                        @ ../../libraries/zf_device/zf_device_ips114.c:896:77
	movw	r2, :lower16:ips114_pencolor
	movt	r2, :upper16:ips114_pencolor
	ldrh	r2, [r2]
	.loc	1 896 9                         @ ../../libraries/zf_device/zf_device_ips114.c:896:9
	uxth	r0, r0
	uxth	r1, r1
	bl	ips114_draw_point
	.loc	1 897 5 is_stmt 1               @ ../../libraries/zf_device/zf_device_ips114.c:897:5
	b	.LBB18_11
.Ltmp268:
.LBB18_11:                              @   in Loop: Header=BB18_9 Depth=1
	.loc	1 892 33                        @ ../../libraries/zf_device/zf_device_ips114.c:892:33
	ldr	r0, [r7, #-32]
	adds	r0, #1
	str	r0, [r7, #-32]
	.loc	1 892 5 is_stmt 0               @ ../../libraries/zf_device/zf_device_ips114.c:892:5
	b	.LBB18_9
.Ltmp269:
.LBB18_12:
	.loc	1 898 1 is_stmt 1               @ ../../libraries/zf_device/zf_device_ips114.c:898:1
	ldr	r0, [r7, #-48]
	mov	sp, r0
	sub.w	r4, r7, #12
	mov	sp, r4
	pop.w	{r4, r5, r6, r7, r8, pc}
.Ltmp270:
.Lfunc_end18:
	.size	ips114_show_wave, .Lfunc_end18-ips114_show_wave
	.cfi_endproc
	.cantunwind
	.fnend
                                        @ -- End function
	.section	.text.ips114_show_chinese,"ax",%progbits
	.hidden	ips114_show_chinese             @ -- Begin function ips114_show_chinese
	.globl	ips114_show_chinese
	.p2align	3
	.type	ips114_show_chinese,%function
	.code	16                              @ @ips114_show_chinese
	.thumb_func
ips114_show_chinese:
.Lfunc_begin19:
	.loc	1 913 0                         @ ../../libraries/zf_device/zf_device_ips114.c:913:0
	.fnstart
	.cfi_startproc
@ %bb.0:
	.save	{r4, lr}
	push	{r4, lr}
	.cfi_def_cfa_offset 8
	.cfi_offset lr, -4
	.cfi_offset r4, -8
	.pad	#48
	sub	sp, #48
	.cfi_def_cfa_offset 56
	mov	r12, r1
	mov	lr, r0
	ldr	r0, [sp, #60]
	ldr	r1, [sp, #56]
                                        @ kill: def $r4 killed $r2
                                        @ kill: def $r4 killed $r12
                                        @ kill: def $r4 killed $lr
	strh.w	lr, [sp, #46]
	strh.w	r12, [sp, #44]
	strb.w	r2, [sp, #43]
	str	r3, [sp, #36]
	strb.w	r1, [sp, #35]
	strh.w	r0, [sp, #32]
.Ltmp271:
	.loc	1 916 5 prologue_end            @ ../../libraries/zf_device/zf_device_ips114.c:916:5
	ldrh.w	r1, [sp, #46]
	movw	r0, :lower16:ips114_x_max
	movt	r0, :upper16:ips114_x_max
	ldrb	r2, [r0]
	movs	r0, #0
	str	r0, [sp, #8]                    @ 4-byte Spill
	cmp	r1, r2
	it	lt
	movlt	r0, #1
	movw	r1, :lower16:.L.str
	movt	r1, :upper16:.L.str
	str	r1, [sp, #4]                    @ 4-byte Spill
	mov.w	r2, #916
	bl	debug_assert_handler
	ldr	r1, [sp, #4]                    @ 4-byte Reload
	ldr	r0, [sp, #8]                    @ 4-byte Reload
	.loc	1 917 5                         @ ../../libraries/zf_device/zf_device_ips114.c:917:5
	ldrh.w	r2, [sp, #44]
	movw	r3, :lower16:ips114_y_max
	movt	r3, :upper16:ips114_y_max
	ldrb	r3, [r3]
	cmp	r2, r3
	it	lt
	movlt	r0, #1
	movw	r2, #917
	bl	debug_assert_handler
	ldr	r1, [sp, #4]                    @ 4-byte Reload
	.loc	1 918 5                         @ ../../libraries/zf_device/zf_device_ips114.c:918:5
	ldr	r0, [sp, #36]
	cmp	r0, #0
	it	ne
	movne	r0, #1
	movw	r2, #918
	bl	debug_assert_handler
	ldr	r0, [sp, #8]                    @ 4-byte Reload
	.loc	1 920 9                         @ ../../libraries/zf_device/zf_device_ips114.c:920:9
	str	r0, [sp, #28]
	.loc	1 920 16 is_stmt 0              @ ../../libraries/zf_device/zf_device_ips114.c:920:16
	str	r0, [sp, #24]
	.loc	1 920 23                        @ ../../libraries/zf_device/zf_device_ips114.c:920:23
	str	r0, [sp, #20]
	.loc	1 921 11 is_stmt 1              @ ../../libraries/zf_device/zf_device_ips114.c:921:11
	strb.w	r0, [sp, #19]
	.loc	1 921 21 is_stmt 0              @ ../../libraries/zf_device/zf_device_ips114.c:921:21
	strb.w	r0, [sp, #18]
	.loc	1 921 32                        @ ../../libraries/zf_device/zf_device_ips114.c:921:32
	strb.w	r0, [sp, #17]
	.loc	1 922 27 is_stmt 1              @ ../../libraries/zf_device/zf_device_ips114.c:922:27
	ldr	r0, [sp, #36]
	.loc	1 922 18 is_stmt 0              @ ../../libraries/zf_device/zf_device_ips114.c:922:18
	str	r0, [sp, #12]
	.loc	1 924 13 is_stmt 1              @ ../../libraries/zf_device/zf_device_ips114.c:924:13
	ldrb.w	r0, [sp, #43]
	.loc	1 924 18 is_stmt 0              @ ../../libraries/zf_device/zf_device_ips114.c:924:18
	lsrs	r0, r0, #3
	.loc	1 924 11                        @ ../../libraries/zf_device/zf_device_ips114.c:924:11
	strb.w	r0, [sp, #17]
	.loc	1 926 5 is_stmt 1               @ ../../libraries/zf_device/zf_device_ips114.c:926:5
	movw	r0, :lower16:PORTPTR
	movt	r0, :upper16:PORTPTR
	ldr	r0, [r0, #4]
	movs	r1, #8
	bl	GPIO_ClearPinsOutput
	.loc	1 927 23                        @ ../../libraries/zf_device/zf_device_ips114.c:927:23
	ldrh.w	r0, [sp, #46]
	.loc	1 927 26 is_stmt 0              @ ../../libraries/zf_device/zf_device_ips114.c:927:26
	ldrh.w	r1, [sp, #44]
	.loc	1 927 29                        @ ../../libraries/zf_device/zf_device_ips114.c:927:29
	ldrb.w	r2, [sp, #35]
	.loc	1 927 38                        @ ../../libraries/zf_device/zf_device_ips114.c:927:38
	ldrb.w	r3, [sp, #43]
	.loc	1 927 47                        @ ../../libraries/zf_device/zf_device_ips114.c:927:47
	smlabb	r2, r2, r3, r0
	subs	r2, #1
	.loc	1 927 54                        @ ../../libraries/zf_device/zf_device_ips114.c:927:54
	add	r3, r1
	.loc	1 927 61                        @ ../../libraries/zf_device/zf_device_ips114.c:927:61
	subs	r3, #1
	.loc	1 927 5                         @ ../../libraries/zf_device/zf_device_ips114.c:927:5
	uxth	r2, r2
	uxth	r3, r3
	bl	ips114_set_region
	ldr	r0, [sp, #8]                    @ 4-byte Reload
.Ltmp272:
	.loc	1 929 11 is_stmt 1              @ ../../libraries/zf_device/zf_device_ips114.c:929:11
	str	r0, [sp, #28]
	.loc	1 929 9 is_stmt 0               @ ../../libraries/zf_device/zf_device_ips114.c:929:9
	b	.LBB19_1
.LBB19_1:                               @ =>This Loop Header: Depth=1
                                        @     Child Loop BB19_3 Depth 2
                                        @       Child Loop BB19_5 Depth 3
                                        @         Child Loop BB19_7 Depth 4
.Ltmp273:
	.loc	1 929 16                        @ ../../libraries/zf_device/zf_device_ips114.c:929:16
	ldr	r0, [sp, #28]
	.loc	1 929 20                        @ ../../libraries/zf_device/zf_device_ips114.c:929:20
	ldrb.w	r1, [sp, #43]
.Ltmp274:
	.loc	1 929 5                         @ ../../libraries/zf_device/zf_device_ips114.c:929:5
	cmp	r0, r1
	bge	.LBB19_18
	b	.LBB19_2
.LBB19_2:                               @   in Loop: Header=BB19_1 Depth=1
.Ltmp275:
	.loc	1 931 17 is_stmt 1              @ ../../libraries/zf_device/zf_device_ips114.c:931:17
	ldrb.w	r0, [sp, #35]
	.loc	1 931 15 is_stmt 0              @ ../../libraries/zf_device/zf_device_ips114.c:931:15
	strb.w	r0, [sp, #18]
	.loc	1 932 18 is_stmt 1              @ ../../libraries/zf_device/zf_device_ips114.c:932:18
	ldr	r2, [sp, #36]
	.loc	1 932 35 is_stmt 0              @ ../../libraries/zf_device/zf_device_ips114.c:932:35
	ldr	r0, [sp, #28]
	.loc	1 932 39                        @ ../../libraries/zf_device/zf_device_ips114.c:932:39
	ldrb.w	r1, [sp, #17]
	.loc	1 932 33                        @ ../../libraries/zf_device/zf_device_ips114.c:932:33
	mla	r0, r0, r1, r2
	.loc	1 932 16                        @ ../../libraries/zf_device/zf_device_ips114.c:932:16
	str	r0, [sp, #12]
	.loc	1 933 9 is_stmt 1               @ ../../libraries/zf_device/zf_device_ips114.c:933:9
	b	.LBB19_3
.LBB19_3:                               @   Parent Loop BB19_1 Depth=1
                                        @ =>  This Loop Header: Depth=2
                                        @       Child Loop BB19_5 Depth 3
                                        @         Child Loop BB19_7 Depth 4
	.loc	1 933 21 is_stmt 0              @ ../../libraries/zf_device/zf_device_ips114.c:933:21
	ldrb.w	r0, [sp, #18]
	subs	r1, r0, #1
	strb.w	r1, [sp, #18]
	.loc	1 933 9                         @ ../../libraries/zf_device/zf_device_ips114.c:933:9
	cmp	r0, #0
	beq	.LBB19_16
	b	.LBB19_4
.LBB19_4:                               @   in Loop: Header=BB19_3 Depth=2
	.loc	1 0 9                           @ ../../libraries/zf_device/zf_device_ips114.c:0:9
	movs	r0, #0
.Ltmp276:
	.loc	1 935 19 is_stmt 1              @ ../../libraries/zf_device/zf_device_ips114.c:935:19
	str	r0, [sp, #20]
	.loc	1 935 17 is_stmt 0              @ ../../libraries/zf_device/zf_device_ips114.c:935:17
	b	.LBB19_5
.LBB19_5:                               @   Parent Loop BB19_1 Depth=1
                                        @     Parent Loop BB19_3 Depth=2
                                        @ =>    This Loop Header: Depth=3
                                        @         Child Loop BB19_7 Depth 4
.Ltmp277:
	.loc	1 935 24                        @ ../../libraries/zf_device/zf_device_ips114.c:935:24
	ldr	r0, [sp, #20]
	.loc	1 935 28                        @ ../../libraries/zf_device/zf_device_ips114.c:935:28
	ldrb.w	r1, [sp, #17]
.Ltmp278:
	.loc	1 935 13                        @ ../../libraries/zf_device/zf_device_ips114.c:935:13
	cmp	r0, r1
	bge	.LBB19_15
	b	.LBB19_6
.LBB19_6:                               @   in Loop: Header=BB19_5 Depth=3
	.loc	1 0 13                          @ ../../libraries/zf_device/zf_device_ips114.c:0:13
	movs	r0, #8
.Ltmp279:
	.loc	1 937 23 is_stmt 1              @ ../../libraries/zf_device/zf_device_ips114.c:937:23
	str	r0, [sp, #24]
	.loc	1 937 21 is_stmt 0              @ ../../libraries/zf_device/zf_device_ips114.c:937:21
	b	.LBB19_7
.LBB19_7:                               @   Parent Loop BB19_1 Depth=1
                                        @     Parent Loop BB19_3 Depth=2
                                        @       Parent Loop BB19_5 Depth=3
                                        @ =>      This Inner Loop Header: Depth=4
.Ltmp280:
	.loc	1 937 32                        @ ../../libraries/zf_device/zf_device_ips114.c:937:32
	ldr	r0, [sp, #24]
.Ltmp281:
	.loc	1 937 17                        @ ../../libraries/zf_device/zf_device_ips114.c:937:17
	cmp	r0, #1
	blt	.LBB19_13
	b	.LBB19_8
.LBB19_8:                               @   in Loop: Header=BB19_7 Depth=4
.Ltmp282:
	.loc	1 939 30 is_stmt 1              @ ../../libraries/zf_device/zf_device_ips114.c:939:30
	ldr	r0, [sp, #12]
	.loc	1 939 29 is_stmt 0              @ ../../libraries/zf_device/zf_device_ips114.c:939:29
	ldrb	r0, [r0]
	.loc	1 939 41                        @ ../../libraries/zf_device/zf_device_ips114.c:939:41
	ldr	r1, [sp, #24]
	.loc	1 939 43                        @ ../../libraries/zf_device/zf_device_ips114.c:939:43
	subs	r1, #1
	.loc	1 939 37                        @ ../../libraries/zf_device/zf_device_ips114.c:939:37
	lsrs	r0, r1
	.loc	1 939 49                        @ ../../libraries/zf_device/zf_device_ips114.c:939:49
	and	r0, r0, #1
	.loc	1 939 26                        @ ../../libraries/zf_device/zf_device_ips114.c:939:26
	strb.w	r0, [sp, #19]
.Ltmp283:
	.loc	1 940 24 is_stmt 1              @ ../../libraries/zf_device/zf_device_ips114.c:940:24
	ldrb.w	r0, [sp, #19]
.Ltmp284:
	.loc	1 940 24 is_stmt 0              @ ../../libraries/zf_device/zf_device_ips114.c:940:24
	cbz	r0, .LBB19_10
	b	.LBB19_9
.LBB19_9:                               @   in Loop: Header=BB19_7 Depth=4
.Ltmp285:
	.loc	1 942 25 is_stmt 1              @ ../../libraries/zf_device/zf_device_ips114.c:942:25
	ldrh.w	r1, [sp, #32]
	movs	r0, #3
	bl	spi_write_16bit
	.loc	1 943 21                        @ ../../libraries/zf_device/zf_device_ips114.c:943:21
	b	.LBB19_11
.Ltmp286:
.LBB19_10:                              @   in Loop: Header=BB19_7 Depth=4
	.loc	1 946 25                        @ ../../libraries/zf_device/zf_device_ips114.c:946:25
	movw	r0, :lower16:ips114_bgcolor
	movt	r0, :upper16:ips114_bgcolor
	ldrh	r1, [r0]
	movs	r0, #3
	bl	spi_write_16bit
	b	.LBB19_11
.Ltmp287:
.LBB19_11:                              @   in Loop: Header=BB19_7 Depth=4
	.loc	1 948 17                        @ ../../libraries/zf_device/zf_device_ips114.c:948:17
	b	.LBB19_12
.Ltmp288:
.LBB19_12:                              @   in Loop: Header=BB19_7 Depth=4
	.loc	1 937 37                        @ ../../libraries/zf_device/zf_device_ips114.c:937:37
	ldr	r0, [sp, #24]
	subs	r0, #1
	str	r0, [sp, #24]
	.loc	1 937 17 is_stmt 0              @ ../../libraries/zf_device/zf_device_ips114.c:937:17
	b	.LBB19_7
.Ltmp289:
.LBB19_13:                              @   in Loop: Header=BB19_5 Depth=3
	.loc	1 949 24 is_stmt 1              @ ../../libraries/zf_device/zf_device_ips114.c:949:24
	ldr	r0, [sp, #12]
	adds	r0, #1
	str	r0, [sp, #12]
	.loc	1 950 13                        @ ../../libraries/zf_device/zf_device_ips114.c:950:13
	b	.LBB19_14
.Ltmp290:
.LBB19_14:                              @   in Loop: Header=BB19_5 Depth=3
	.loc	1 935 37                        @ ../../libraries/zf_device/zf_device_ips114.c:935:37
	ldr	r0, [sp, #20]
	adds	r0, #1
	str	r0, [sp, #20]
	.loc	1 935 13 is_stmt 0              @ ../../libraries/zf_device/zf_device_ips114.c:935:13
	b	.LBB19_5
.Ltmp291:
.LBB19_15:                              @   in Loop: Header=BB19_3 Depth=2
	.loc	1 951 22 is_stmt 1              @ ../../libraries/zf_device/zf_device_ips114.c:951:22
	ldr	r1, [sp, #12]
	.loc	1 951 31 is_stmt 0              @ ../../libraries/zf_device/zf_device_ips114.c:951:31
	ldrb.w	r0, [sp, #17]
	.loc	1 951 29                        @ ../../libraries/zf_device/zf_device_ips114.c:951:29
	subs	r2, r1, r0
	.loc	1 951 47                        @ ../../libraries/zf_device/zf_device_ips114.c:951:47
	ldrb.w	r1, [sp, #43]
	.loc	1 951 37                        @ ../../libraries/zf_device/zf_device_ips114.c:951:37
	smlabb	r0, r0, r1, r2
	.loc	1 951 20                        @ ../../libraries/zf_device/zf_device_ips114.c:951:20
	str	r0, [sp, #12]
.Ltmp292:
	.loc	1 933 9 is_stmt 1               @ ../../libraries/zf_device/zf_device_ips114.c:933:9
	b	.LBB19_3
.LBB19_16:                              @   in Loop: Header=BB19_1 Depth=1
	.loc	1 953 5                         @ ../../libraries/zf_device/zf_device_ips114.c:953:5
	b	.LBB19_17
.Ltmp293:
.LBB19_17:                              @   in Loop: Header=BB19_1 Depth=1
	.loc	1 929 28                        @ ../../libraries/zf_device/zf_device_ips114.c:929:28
	ldr	r0, [sp, #28]
	adds	r0, #1
	str	r0, [sp, #28]
	.loc	1 929 5 is_stmt 0               @ ../../libraries/zf_device/zf_device_ips114.c:929:5
	b	.LBB19_1
.Ltmp294:
.LBB19_18:
	.loc	1 954 5 is_stmt 1               @ ../../libraries/zf_device/zf_device_ips114.c:954:5
	movw	r0, :lower16:PORTPTR
	movt	r0, :upper16:PORTPTR
	ldr	r0, [r0, #4]
	movs	r1, #8
	bl	GPIO_SetPinsOutput
	.loc	1 955 1                         @ ../../libraries/zf_device/zf_device_ips114.c:955:1
	add	sp, #48
	pop	{r4, pc}
.Ltmp295:
.Lfunc_end19:
	.size	ips114_show_chinese, .Lfunc_end19-ips114_show_chinese
	.cfi_endproc
	.cantunwind
	.fnend
                                        @ -- End function
	.section	.text.ips114_init,"ax",%progbits
	.hidden	ips114_init                     @ -- Begin function ips114_init
	.globl	ips114_init
	.p2align	3
	.type	ips114_init,%function
	.code	16                              @ @ips114_init
	.thumb_func
ips114_init:
.Lfunc_begin20:
	.loc	1 965 0                         @ ../../libraries/zf_device/zf_device_ips114.c:965:0
	.fnstart
	.cfi_startproc
@ %bb.0:
	.save	{r7, lr}
	push	{r7, lr}
	.cfi_def_cfa_offset 8
	.cfi_offset lr, -4
	.cfi_offset r7, -8
	.pad	#96
	sub	sp, #96
	.cfi_def_cfa_offset 104
.Ltmp296:
	.loc	1 969 5 prologue_end            @ ../../libraries/zf_device/zf_device_ips114.c:969:5
	mov	r0, sp
	movw	r1, #65535
	str	r1, [r0, #8]
	str	r1, [r0, #4]
	movs	r3, #48
	str	r3, [r0]
	movs	r0, #3
	movs	r1, #0
	str	r1, [sp, #68]                   @ 4-byte Spill
	movw	r2, #34560
	movt	r2, #915
	bl	spi_init
	ldr	r2, [sp, #68]                   @ 4-byte Reload
	movs	r0, #83
	movs	r1, #1
	str	r1, [sp, #72]                   @ 4-byte Spill
	movs	r3, #72
	.loc	1 972 5                         @ ../../libraries/zf_device/zf_device_ips114.c:972:5
	str	r3, [sp, #76]                   @ 4-byte Spill
	bl	gpio_init
	ldr	r2, [sp, #68]                   @ 4-byte Reload
	ldr	r1, [sp, #72]                   @ 4-byte Reload
	ldr	r3, [sp, #76]                   @ 4-byte Reload
	movs	r0, #34
	.loc	1 973 5                         @ ../../libraries/zf_device/zf_device_ips114.c:973:5
	bl	gpio_init
	ldr	r2, [sp, #72]                   @ 4-byte Reload
	ldr	r3, [sp, #76]                   @ 4-byte Reload
	movs	r0, #35
	.loc	1 974 5                         @ ../../libraries/zf_device/zf_device_ips114.c:974:5
	mov	r1, r2
	bl	gpio_init
	ldr	r2, [sp, #72]                   @ 4-byte Reload
	ldr	r3, [sp, #76]                   @ 4-byte Reload
	movs	r0, #82
	.loc	1 975 5                         @ ../../libraries/zf_device/zf_device_ips114.c:975:5
	mov	r1, r2
	bl	gpio_init
	.loc	1 977 20                        @ ../../libraries/zf_device/zf_device_ips114.c:977:20
	movw	r0, :lower16:ips114_display_dir
	movt	r0, :upper16:ips114_display_dir
	str	r0, [sp, #88]                   @ 4-byte Spill
	ldrb	r0, [r0]
	.loc	1 977 5 is_stmt 0               @ ../../libraries/zf_device/zf_device_ips114.c:977:5
	bl	ips114_set_dir
	.loc	1 978 22 is_stmt 1              @ ../../libraries/zf_device/zf_device_ips114.c:978:22
	movw	r0, :lower16:ips114_pencolor
	movt	r0, :upper16:ips114_pencolor
	ldrh	r0, [r0]
	.loc	1 978 39 is_stmt 0              @ ../../libraries/zf_device/zf_device_ips114.c:978:39
	movw	r1, :lower16:ips114_bgcolor
	movt	r1, :upper16:ips114_bgcolor
	ldrh	r1, [r1]
	.loc	1 978 5                         @ ../../libraries/zf_device/zf_device_ips114.c:978:5
	bl	ips114_set_color
	.loc	1 980 5 is_stmt 1               @ ../../libraries/zf_device/zf_device_ips114.c:980:5
	movw	r0, :lower16:PORTPTR
	movt	r0, :upper16:PORTPTR
	str	r0, [sp, #84]                   @ 4-byte Spill
	ldr	r0, [r0, #4]
	movs	r1, #4
	str	r1, [sp, #80]                   @ 4-byte Spill
	bl	GPIO_ClearPinsOutput
	movs	r0, #10
	.loc	1 981 5                         @ ../../libraries/zf_device/zf_device_ips114.c:981:5
	bl	system_delay_ms
	ldr	r1, [sp, #80]                   @ 4-byte Reload
	ldr	r0, [sp, #84]                   @ 4-byte Reload
	.loc	1 983 5                         @ ../../libraries/zf_device/zf_device_ips114.c:983:5
	ldr	r0, [r0, #4]
	bl	GPIO_SetPinsOutput
	movs	r0, #120
	.loc	1 984 5                         @ ../../libraries/zf_device/zf_device_ips114.c:984:5
	bl	system_delay_ms
	ldr	r0, [sp, #84]                   @ 4-byte Reload
	.loc	1 986 5                         @ ../../libraries/zf_device/zf_device_ips114.c:986:5
	ldr	r0, [r0, #4]
	movs	r1, #8
	bl	GPIO_ClearPinsOutput
	movs	r0, #17
	.loc	1 987 5                         @ ../../libraries/zf_device/zf_device_ips114.c:987:5
	bl	ips114_write_index
	movs	r0, #54
	.loc	1 988 5                         @ ../../libraries/zf_device/zf_device_ips114.c:988:5
	bl	ips114_write_index
	ldr	r0, [sp, #88]                   @ 4-byte Reload
	.loc	1 989 12                        @ ../../libraries/zf_device/zf_device_ips114.c:989:12
	ldrb	r0, [r0]
	.loc	1 989 5 is_stmt 0               @ ../../libraries/zf_device/zf_device_ips114.c:989:5
	mov	r1, r0
	str	r1, [sp, #92]                   @ 4-byte Spill
	cmp	r0, #3
	bhi	.LBB20_7
@ %bb.1:
	.loc	1 0 5                           @ ../../libraries/zf_device/zf_device_ips114.c:0:5
	ldr	r1, [sp, #92]                   @ 4-byte Reload
.LCPI20_0:
	tbb	[pc, r1]
@ %bb.2:
.LJTI20_0:
	.byte	(.LBB20_3-(.LCPI20_0+4))/2
	.byte	(.LBB20_4-(.LCPI20_0+4))/2
	.byte	(.LBB20_5-(.LCPI20_0+4))/2
	.byte	(.LBB20_6-(.LCPI20_0+4))/2
	.p2align	1
.LBB20_3:
	movs	r0, #3
	movs	r1, #160
.Ltmp297:
	.loc	1 991 37 is_stmt 1              @ ../../libraries/zf_device/zf_device_ips114.c:991:37
	bl	spi_write_8bit
	.loc	1 991 69 is_stmt 0              @ ../../libraries/zf_device/zf_device_ips114.c:991:69
	b	.LBB20_7
.LBB20_4:
	.loc	1 0 69                          @ ../../libraries/zf_device/zf_device_ips114.c:0:69
	movs	r0, #3
	movs	r1, #112
	.loc	1 992 37 is_stmt 1              @ ../../libraries/zf_device/zf_device_ips114.c:992:37
	bl	spi_write_8bit
	.loc	1 992 69 is_stmt 0              @ ../../libraries/zf_device/zf_device_ips114.c:992:69
	b	.LBB20_7
.LBB20_5:
	.loc	1 0 69                          @ ../../libraries/zf_device/zf_device_ips114.c:0:69
	movs	r0, #3
	movs	r1, #0
	.loc	1 993 37 is_stmt 1              @ ../../libraries/zf_device/zf_device_ips114.c:993:37
	bl	spi_write_8bit
	.loc	1 993 69 is_stmt 0              @ ../../libraries/zf_device/zf_device_ips114.c:993:69
	b	.LBB20_7
.LBB20_6:
	.loc	1 0 69                          @ ../../libraries/zf_device/zf_device_ips114.c:0:69
	movs	r0, #3
	movs	r1, #192
	.loc	1 994 37 is_stmt 1              @ ../../libraries/zf_device/zf_device_ips114.c:994:37
	bl	spi_write_8bit
	.loc	1 994 69 is_stmt 0              @ ../../libraries/zf_device/zf_device_ips114.c:994:69
	b	.LBB20_7
.Ltmp298:
.LBB20_7:
	.loc	1 0 69                          @ ../../libraries/zf_device/zf_device_ips114.c:0:69
	movs	r0, #58
	.loc	1 997 5 is_stmt 1               @ ../../libraries/zf_device/zf_device_ips114.c:997:5
	bl	ips114_write_index
	movs	r0, #3
	str	r0, [sp, #60]                   @ 4-byte Spill
	movs	r1, #5
	.loc	1 998 5                         @ ../../libraries/zf_device/zf_device_ips114.c:998:5
	bl	spi_write_8bit
	movs	r0, #178
	.loc	1 1000 5                        @ ../../libraries/zf_device/zf_device_ips114.c:1000:5
	bl	ips114_write_index
	ldr	r0, [sp, #60]                   @ 4-byte Reload
	movs	r1, #12
	.loc	1 1001 5                        @ ../../libraries/zf_device/zf_device_ips114.c:1001:5
	str	r1, [sp, #32]                   @ 4-byte Spill
	bl	spi_write_8bit
	ldr	r1, [sp, #32]                   @ 4-byte Reload
	ldr	r0, [sp, #60]                   @ 4-byte Reload
	.loc	1 1002 5                        @ ../../libraries/zf_device/zf_device_ips114.c:1002:5
	bl	spi_write_8bit
	ldr	r0, [sp, #60]                   @ 4-byte Reload
	movs	r1, #0
	.loc	1 1003 5                        @ ../../libraries/zf_device/zf_device_ips114.c:1003:5
	bl	spi_write_8bit
	ldr	r0, [sp, #60]                   @ 4-byte Reload
	movs	r1, #51
	.loc	1 1004 5                        @ ../../libraries/zf_device/zf_device_ips114.c:1004:5
	str	r1, [sp, #16]                   @ 4-byte Spill
	bl	spi_write_8bit
	ldr	r1, [sp, #16]                   @ 4-byte Reload
	ldr	r0, [sp, #60]                   @ 4-byte Reload
	.loc	1 1005 5                        @ ../../libraries/zf_device/zf_device_ips114.c:1005:5
	bl	spi_write_8bit
	movs	r0, #183
	.loc	1 1007 5                        @ ../../libraries/zf_device/zf_device_ips114.c:1007:5
	bl	ips114_write_index
	ldr	r0, [sp, #60]                   @ 4-byte Reload
	movs	r1, #53
	.loc	1 1008 5                        @ ../../libraries/zf_device/zf_device_ips114.c:1008:5
	bl	spi_write_8bit
	movs	r0, #187
	.loc	1 1010 5                        @ ../../libraries/zf_device/zf_device_ips114.c:1010:5
	bl	ips114_write_index
	ldr	r0, [sp, #60]                   @ 4-byte Reload
	movs	r1, #55
	.loc	1 1011 5                        @ ../../libraries/zf_device/zf_device_ips114.c:1011:5
	bl	spi_write_8bit
	movs	r0, #192
	.loc	1 1013 5                        @ ../../libraries/zf_device/zf_device_ips114.c:1013:5
	bl	ips114_write_index
	ldr	r0, [sp, #60]                   @ 4-byte Reload
	movs	r1, #44
	.loc	1 1014 5                        @ ../../libraries/zf_device/zf_device_ips114.c:1014:5
	str	r1, [sp, #44]                   @ 4-byte Spill
	bl	spi_write_8bit
	movs	r0, #194
	.loc	1 1016 5                        @ ../../libraries/zf_device/zf_device_ips114.c:1016:5
	bl	ips114_write_index
	ldr	r0, [sp, #60]                   @ 4-byte Reload
	movs	r1, #1
	.loc	1 1017 5                        @ ../../libraries/zf_device/zf_device_ips114.c:1017:5
	bl	spi_write_8bit
	movs	r0, #195
	.loc	1 1019 5                        @ ../../libraries/zf_device/zf_device_ips114.c:1019:5
	bl	ips114_write_index
	ldr	r0, [sp, #60]                   @ 4-byte Reload
	movs	r1, #18
	.loc	1 1020 5                        @ ../../libraries/zf_device/zf_device_ips114.c:1020:5
	bl	spi_write_8bit
	movs	r0, #196
	.loc	1 1022 5                        @ ../../libraries/zf_device/zf_device_ips114.c:1022:5
	bl	ips114_write_index
	ldr	r0, [sp, #60]                   @ 4-byte Reload
	movs	r1, #32
	.loc	1 1023 5                        @ ../../libraries/zf_device/zf_device_ips114.c:1023:5
	str	r1, [sp, #56]                   @ 4-byte Spill
	bl	spi_write_8bit
	movs	r0, #198
	.loc	1 1025 5                        @ ../../libraries/zf_device/zf_device_ips114.c:1025:5
	bl	ips114_write_index
	ldr	r0, [sp, #60]                   @ 4-byte Reload
	movs	r1, #15
	.loc	1 1026 5                        @ ../../libraries/zf_device/zf_device_ips114.c:1026:5
	bl	spi_write_8bit
	movs	r0, #208
	.loc	1 1028 5                        @ ../../libraries/zf_device/zf_device_ips114.c:1028:5
	str	r0, [sp, #24]                   @ 4-byte Spill
	bl	ips114_write_index
	ldr	r0, [sp, #60]                   @ 4-byte Reload
	movs	r1, #164
	.loc	1 1029 5                        @ ../../libraries/zf_device/zf_device_ips114.c:1029:5
	bl	spi_write_8bit
	ldr	r0, [sp, #60]                   @ 4-byte Reload
	movs	r1, #161
	.loc	1 1030 5                        @ ../../libraries/zf_device/zf_device_ips114.c:1030:5
	bl	spi_write_8bit
	movs	r0, #224
	.loc	1 1032 5                        @ ../../libraries/zf_device/zf_device_ips114.c:1032:5
	bl	ips114_write_index
	ldr	r1, [sp, #24]                   @ 4-byte Reload
	ldr	r0, [sp, #60]                   @ 4-byte Reload
	.loc	1 1033 5                        @ ../../libraries/zf_device/zf_device_ips114.c:1033:5
	bl	spi_write_8bit
	ldr	r0, [sp, #60]                   @ 4-byte Reload
	movs	r1, #4
	.loc	1 1034 5                        @ ../../libraries/zf_device/zf_device_ips114.c:1034:5
	str	r1, [sp, #28]                   @ 4-byte Spill
	bl	spi_write_8bit
	ldr	r0, [sp, #60]                   @ 4-byte Reload
	movs	r1, #13
	.loc	1 1035 5                        @ ../../libraries/zf_device/zf_device_ips114.c:1035:5
	str	r1, [sp, #20]                   @ 4-byte Spill
	bl	spi_write_8bit
	ldr	r0, [sp, #60]                   @ 4-byte Reload
	movs	r1, #17
	.loc	1 1036 5                        @ ../../libraries/zf_device/zf_device_ips114.c:1036:5
	str	r1, [sp, #36]                   @ 4-byte Spill
	bl	spi_write_8bit
	ldr	r0, [sp, #60]                   @ 4-byte Reload
	movs	r1, #19
	.loc	1 1037 5                        @ ../../libraries/zf_device/zf_device_ips114.c:1037:5
	str	r1, [sp, #40]                   @ 4-byte Spill
	bl	spi_write_8bit
	ldr	r0, [sp, #60]                   @ 4-byte Reload
	movs	r1, #43
	.loc	1 1038 5                        @ ../../libraries/zf_device/zf_device_ips114.c:1038:5
	bl	spi_write_8bit
	ldr	r0, [sp, #60]                   @ 4-byte Reload
	movs	r1, #63
	.loc	1 1039 5                        @ ../../libraries/zf_device/zf_device_ips114.c:1039:5
	str	r1, [sp, #48]                   @ 4-byte Spill
	bl	spi_write_8bit
	ldr	r0, [sp, #60]                   @ 4-byte Reload
	movs	r1, #84
	.loc	1 1040 5                        @ ../../libraries/zf_device/zf_device_ips114.c:1040:5
	bl	spi_write_8bit
	ldr	r0, [sp, #60]                   @ 4-byte Reload
	movs	r1, #76
	.loc	1 1041 5                        @ ../../libraries/zf_device/zf_device_ips114.c:1041:5
	bl	spi_write_8bit
	ldr	r0, [sp, #60]                   @ 4-byte Reload
	movs	r1, #24
	.loc	1 1042 5                        @ ../../libraries/zf_device/zf_device_ips114.c:1042:5
	bl	spi_write_8bit
	ldr	r1, [sp, #20]                   @ 4-byte Reload
	ldr	r0, [sp, #60]                   @ 4-byte Reload
	.loc	1 1043 5                        @ ../../libraries/zf_device/zf_device_ips114.c:1043:5
	bl	spi_write_8bit
	ldr	r0, [sp, #60]                   @ 4-byte Reload
	movs	r1, #11
	.loc	1 1044 5                        @ ../../libraries/zf_device/zf_device_ips114.c:1044:5
	bl	spi_write_8bit
	ldr	r0, [sp, #60]                   @ 4-byte Reload
	movs	r1, #31
	.loc	1 1045 5                        @ ../../libraries/zf_device/zf_device_ips114.c:1045:5
	str	r1, [sp, #52]                   @ 4-byte Spill
	bl	spi_write_8bit
	ldr	r0, [sp, #60]                   @ 4-byte Reload
	movs	r1, #35
	.loc	1 1046 5                        @ ../../libraries/zf_device/zf_device_ips114.c:1046:5
	str	r1, [sp, #64]                   @ 4-byte Spill
	bl	spi_write_8bit
	movs	r0, #225
	.loc	1 1048 5                        @ ../../libraries/zf_device/zf_device_ips114.c:1048:5
	bl	ips114_write_index
	ldr	r1, [sp, #24]                   @ 4-byte Reload
	ldr	r0, [sp, #60]                   @ 4-byte Reload
	.loc	1 1049 5                        @ ../../libraries/zf_device/zf_device_ips114.c:1049:5
	bl	spi_write_8bit
	ldr	r1, [sp, #28]                   @ 4-byte Reload
	ldr	r0, [sp, #60]                   @ 4-byte Reload
	.loc	1 1050 5                        @ ../../libraries/zf_device/zf_device_ips114.c:1050:5
	bl	spi_write_8bit
	ldr	r1, [sp, #32]                   @ 4-byte Reload
	ldr	r0, [sp, #60]                   @ 4-byte Reload
	.loc	1 1051 5                        @ ../../libraries/zf_device/zf_device_ips114.c:1051:5
	bl	spi_write_8bit
	ldr	r1, [sp, #36]                   @ 4-byte Reload
	ldr	r0, [sp, #60]                   @ 4-byte Reload
	.loc	1 1052 5                        @ ../../libraries/zf_device/zf_device_ips114.c:1052:5
	bl	spi_write_8bit
	ldr	r1, [sp, #40]                   @ 4-byte Reload
	ldr	r0, [sp, #60]                   @ 4-byte Reload
	.loc	1 1053 5                        @ ../../libraries/zf_device/zf_device_ips114.c:1053:5
	bl	spi_write_8bit
	ldr	r1, [sp, #44]                   @ 4-byte Reload
	ldr	r0, [sp, #60]                   @ 4-byte Reload
	.loc	1 1054 5                        @ ../../libraries/zf_device/zf_device_ips114.c:1054:5
	bl	spi_write_8bit
	ldr	r1, [sp, #48]                   @ 4-byte Reload
	ldr	r0, [sp, #60]                   @ 4-byte Reload
	.loc	1 1055 5                        @ ../../libraries/zf_device/zf_device_ips114.c:1055:5
	bl	spi_write_8bit
	ldr	r0, [sp, #60]                   @ 4-byte Reload
	movs	r1, #68
	.loc	1 1056 5                        @ ../../libraries/zf_device/zf_device_ips114.c:1056:5
	bl	spi_write_8bit
	ldr	r0, [sp, #60]                   @ 4-byte Reload
	movs	r1, #81
	.loc	1 1057 5                        @ ../../libraries/zf_device/zf_device_ips114.c:1057:5
	bl	spi_write_8bit
	ldr	r0, [sp, #60]                   @ 4-byte Reload
	movs	r1, #47
	.loc	1 1058 5                        @ ../../libraries/zf_device/zf_device_ips114.c:1058:5
	bl	spi_write_8bit
	ldr	r1, [sp, #52]                   @ 4-byte Reload
	ldr	r0, [sp, #60]                   @ 4-byte Reload
	.loc	1 1059 5                        @ ../../libraries/zf_device/zf_device_ips114.c:1059:5
	bl	spi_write_8bit
	ldr	r1, [sp, #52]                   @ 4-byte Reload
	ldr	r0, [sp, #60]                   @ 4-byte Reload
	.loc	1 1060 5                        @ ../../libraries/zf_device/zf_device_ips114.c:1060:5
	bl	spi_write_8bit
	ldr	r1, [sp, #56]                   @ 4-byte Reload
	ldr	r0, [sp, #60]                   @ 4-byte Reload
	.loc	1 1061 5                        @ ../../libraries/zf_device/zf_device_ips114.c:1061:5
	bl	spi_write_8bit
	ldr	r0, [sp, #60]                   @ 4-byte Reload
	ldr	r1, [sp, #64]                   @ 4-byte Reload
	.loc	1 1062 5                        @ ../../libraries/zf_device/zf_device_ips114.c:1062:5
	bl	spi_write_8bit
	movs	r0, #33
	.loc	1 1064 5                        @ ../../libraries/zf_device/zf_device_ips114.c:1064:5
	bl	ips114_write_index
	movs	r0, #41
	.loc	1 1066 5                        @ ../../libraries/zf_device/zf_device_ips114.c:1066:5
	bl	ips114_write_index
	.loc	1 1067 5                        @ ../../libraries/zf_device/zf_device_ips114.c:1067:5
	movw	r0, :lower16:PORTPTR
	movt	r0, :upper16:PORTPTR
	ldr	r0, [r0, #4]
	movs	r1, #8
	bl	GPIO_SetPinsOutput
	.loc	1 1069 5                        @ ../../libraries/zf_device/zf_device_ips114.c:1069:5
	bl	ips114_clear
	.loc	1 1070 5                        @ ../../libraries/zf_device/zf_device_ips114.c:1070:5
	bl	ips114_debug_init
	.loc	1 1071 1                        @ ../../libraries/zf_device/zf_device_ips114.c:1071:1
	add	sp, #96
	pop	{r7, pc}
.Ltmp299:
.Lfunc_end20:
	.size	ips114_init, .Lfunc_end20-ips114_init
	.cfi_endproc
	.cantunwind
	.fnend
                                        @ -- End function
	.section	.text.ips114_write_index,"ax",%progbits
	.p2align	3                               @ -- Begin function ips114_write_index
	.type	ips114_write_index,%function
	.code	16                              @ @ips114_write_index
	.thumb_func
ips114_write_index:
.Lfunc_begin21:
	.loc	1 156 0                         @ ../../libraries/zf_device/zf_device_ips114.c:156:0
	.fnstart
	.cfi_startproc
@ %bb.0:
	.save	{r7, lr}
	push	{r7, lr}
	.cfi_def_cfa_offset 8
	.cfi_offset lr, -4
	.cfi_offset r7, -8
	.pad	#16
	sub	sp, #16
	.cfi_def_cfa_offset 24
                                        @ kill: def $r1 killed $r0
	strb.w	r0, [sp, #15]
.Ltmp300:
	.loc	1 157 5 prologue_end            @ ../../libraries/zf_device/zf_device_ips114.c:157:5
	movw	r0, :lower16:PORTPTR
	movt	r0, :upper16:PORTPTR
	str	r0, [sp, #4]                    @ 4-byte Spill
	ldr	r0, [r0, #8]
	mov.w	r1, #524288
	str	r1, [sp, #8]                    @ 4-byte Spill
	bl	GPIO_ClearPinsOutput
	.loc	1 158 5                         @ ../../libraries/zf_device/zf_device_ips114.c:158:5
	ldrb.w	r1, [sp, #15]
	movs	r0, #3
	bl	spi_write_8bit
	ldr	r0, [sp, #4]                    @ 4-byte Reload
	ldr	r1, [sp, #8]                    @ 4-byte Reload
	.loc	1 159 5                         @ ../../libraries/zf_device/zf_device_ips114.c:159:5
	ldr	r0, [r0, #8]
	bl	GPIO_SetPinsOutput
	.loc	1 160 1                         @ ../../libraries/zf_device/zf_device_ips114.c:160:1
	add	sp, #16
	pop	{r7, pc}
.Ltmp301:
.Lfunc_end21:
	.size	ips114_write_index, .Lfunc_end21-ips114_write_index
	.cfi_endproc
	.cantunwind
	.fnend
                                        @ -- End function
	.section	.text.ips114_debug_init,"ax",%progbits
	.p2align	3                               @ -- Begin function ips114_debug_init
	.type	ips114_debug_init,%function
	.code	16                              @ @ips114_debug_init
	.thumb_func
ips114_debug_init:
.Lfunc_begin22:
	.loc	1 235 0                         @ ../../libraries/zf_device/zf_device_ips114.c:235:0
	.fnstart
	.cfi_startproc
@ %bb.0:
	.save	{r7, lr}
	push	{r7, lr}
	.cfi_def_cfa_offset 8
	.cfi_offset lr, -4
	.cfi_offset r7, -8
	.pad	#24
	sub	sp, #24
	.cfi_def_cfa_offset 32
	add	r0, sp, #4
.Ltmp302:
	.loc	1 237 5 prologue_end            @ ../../libraries/zf_device/zf_device_ips114.c:237:5
	bl	debug_output_struct_init
	movs	r0, #1
	.loc	1 239 21                        @ ../../libraries/zf_device/zf_device_ips114.c:239:21
	strh.w	r0, [sp, #4]
	.loc	1 240 26                        @ ../../libraries/zf_device/zf_device_ips114.c:240:26
	movw	r0, :lower16:ips114_x_max
	movt	r0, :upper16:ips114_x_max
	ldrb	r0, [r0]
	.loc	1 240 24 is_stmt 0              @ ../../libraries/zf_device/zf_device_ips114.c:240:24
	strh.w	r0, [sp, #6]
	.loc	1 241 26 is_stmt 1              @ ../../libraries/zf_device/zf_device_ips114.c:241:26
	movw	r0, :lower16:ips114_y_max
	movt	r0, :upper16:ips114_y_max
	ldrb	r0, [r0]
	.loc	1 241 24 is_stmt 0              @ ../../libraries/zf_device/zf_device_ips114.c:241:24
	strh.w	r0, [sp, #8]
	.loc	1 243 12 is_stmt 1              @ ../../libraries/zf_device/zf_device_ips114.c:243:12
	movw	r0, :lower16:ips114_display_font
	movt	r0, :upper16:ips114_display_font
	ldrb	r0, [r0]
	.loc	1 243 5 is_stmt 0               @ ../../libraries/zf_device/zf_device_ips114.c:243:5
	mov	r1, r0
	str	r1, [sp]                        @ 4-byte Spill
	cbz	r0, .LBB22_3
	b	.LBB22_1
.LBB22_1:
	ldr	r0, [sp]                        @ 4-byte Reload
	cmp	r0, #1
	beq	.LBB22_4
	b	.LBB22_2
.LBB22_2:
	ldr	r0, [sp]                        @ 4-byte Reload
	cmp	r0, #2
	beq	.LBB22_5
	b	.LBB22_6
.LBB22_3:
	.loc	1 0 5                           @ ../../libraries/zf_device/zf_device_ips114.c:0:5
	movs	r0, #6
.Ltmp303:
	.loc	1 247 30 is_stmt 1              @ ../../libraries/zf_device/zf_device_ips114.c:247:30
	strb.w	r0, [sp, #10]
	movs	r0, #8
	.loc	1 248 30                        @ ../../libraries/zf_device/zf_device_ips114.c:248:30
	strb.w	r0, [sp, #11]
.Ltmp304:
	.loc	1 249 10                        @ ../../libraries/zf_device/zf_device_ips114.c:249:10
	b	.LBB22_6
.LBB22_4:
	.loc	1 0 10 is_stmt 0                @ ../../libraries/zf_device/zf_device_ips114.c:0:10
	movs	r0, #8
.Ltmp305:
	.loc	1 252 30 is_stmt 1              @ ../../libraries/zf_device/zf_device_ips114.c:252:30
	strb.w	r0, [sp, #10]
	movs	r0, #16
	.loc	1 253 30                        @ ../../libraries/zf_device/zf_device_ips114.c:253:30
	strb.w	r0, [sp, #11]
.Ltmp306:
	.loc	1 254 10                        @ ../../libraries/zf_device/zf_device_ips114.c:254:10
	b	.LBB22_6
.LBB22_5:
	.loc	1 258 10                        @ ../../libraries/zf_device/zf_device_ips114.c:258:10
	b	.LBB22_6
.Ltmp307:
.LBB22_6:
	.loc	1 260 24                        @ ../../libraries/zf_device/zf_device_ips114.c:260:24
	movw	r0, :lower16:ips114_show_string
	movt	r0, :upper16:ips114_show_string
	str	r0, [sp, #16]
	.loc	1 261 30                        @ ../../libraries/zf_device/zf_device_ips114.c:261:30
	movw	r0, :lower16:ips114_clear
	movt	r0, :upper16:ips114_clear
	str	r0, [sp, #20]
	add	r0, sp, #4
	.loc	1 263 5                         @ ../../libraries/zf_device/zf_device_ips114.c:263:5
	bl	debug_output_init
	.loc	1 264 1                         @ ../../libraries/zf_device/zf_device_ips114.c:264:1
	add	sp, #24
	pop	{r7, pc}
.Ltmp308:
.Lfunc_end22:
	.size	ips114_debug_init, .Lfunc_end22-ips114_debug_init
	.cfi_endproc
	.cantunwind
	.fnend
                                        @ -- End function
	.section	.text.GPIO_PortClear,"ax",%progbits
	.p2align	3                               @ -- Begin function GPIO_PortClear
	.type	GPIO_PortClear,%function
	.code	16                              @ @GPIO_PortClear
	.thumb_func
GPIO_PortClear:
.Lfunc_begin23:
	.loc	7 137 0                         @ ../../libraries/sdk/drives\fsl_gpio.h:137:0
	.fnstart
	.cfi_startproc
@ %bb.0:
	.pad	#8
	sub	sp, #8
	.cfi_def_cfa_offset 8
	str	r0, [sp, #4]
	str	r1, [sp]
.Ltmp309:
	.loc	7 139 22 prologue_end           @ ../../libraries/sdk/drives\fsl_gpio.h:139:22
	ldr	r0, [sp]
	.loc	7 139 5 is_stmt 0               @ ../../libraries/sdk/drives\fsl_gpio.h:139:5
	ldr	r1, [sp, #4]
	.loc	7 139 20                        @ ../../libraries/sdk/drives\fsl_gpio.h:139:20
	str.w	r0, [r1, #136]
	.loc	7 143 1 is_stmt 1               @ ../../libraries/sdk/drives\fsl_gpio.h:143:1
	add	sp, #8
	bx	lr
.Ltmp310:
.Lfunc_end23:
	.size	GPIO_PortClear, .Lfunc_end23-GPIO_PortClear
	.cfi_endproc
	.cantunwind
	.fnend
                                        @ -- End function
	.section	.text.GPIO_PortSet,"ax",%progbits
	.p2align	3                               @ -- Begin function GPIO_PortSet
	.type	GPIO_PortSet,%function
	.code	16                              @ @GPIO_PortSet
	.thumb_func
GPIO_PortSet:
.Lfunc_begin24:
	.loc	7 113 0                         @ ../../libraries/sdk/drives\fsl_gpio.h:113:0
	.fnstart
	.cfi_startproc
@ %bb.0:
	.pad	#8
	sub	sp, #8
	.cfi_def_cfa_offset 8
	str	r0, [sp, #4]
	str	r1, [sp]
.Ltmp311:
	.loc	7 115 20 prologue_end           @ ../../libraries/sdk/drives\fsl_gpio.h:115:20
	ldr	r0, [sp]
	.loc	7 115 5 is_stmt 0               @ ../../libraries/sdk/drives\fsl_gpio.h:115:5
	ldr	r1, [sp, #4]
	.loc	7 115 18                        @ ../../libraries/sdk/drives\fsl_gpio.h:115:18
	str.w	r0, [r1, #132]
	.loc	7 119 1 is_stmt 1               @ ../../libraries/sdk/drives\fsl_gpio.h:119:1
	add	sp, #8
	bx	lr
.Ltmp312:
.Lfunc_end24:
	.size	GPIO_PortSet, .Lfunc_end24-GPIO_PortSet
	.cfi_endproc
	.cantunwind
	.fnend
                                        @ -- End function
	.type	ips114_x_max,%object            @ @ips114_x_max
	.section	.data.ips114_x_max,"aw",%progbits
ips114_x_max:
	.byte	240                             @ 0xf0
	.size	ips114_x_max, 1

	.type	ips114_y_max,%object            @ @ips114_y_max
	.section	.data.ips114_y_max,"aw",%progbits
ips114_y_max:
	.byte	135                             @ 0x87
	.size	ips114_y_max, 1

	.type	ips114_bgcolor,%object          @ @ips114_bgcolor
	.section	.data.ips114_bgcolor,"aw",%progbits
	.p2align	1, 0x0
ips114_bgcolor:
	.short	65535                           @ 0xffff
	.size	ips114_bgcolor, 2

	.type	ips114_display_dir,%object      @ @ips114_display_dir
	.section	.bss.ips114_display_dir,"aw",%nobits
ips114_display_dir:
	.byte	0                               @ 0x0
	.size	ips114_display_dir, 1

	.type	ips114_display_font,%object     @ @ips114_display_font
	.section	.data.ips114_display_font,"aw",%progbits
ips114_display_font:
	.byte	1                               @ 0x1
	.size	ips114_display_font, 1

	.type	ips114_pencolor,%object         @ @ips114_pencolor
	.section	.data.ips114_pencolor,"aw",%progbits
	.p2align	1, 0x0
ips114_pencolor:
	.short	63488                           @ 0xf800
	.size	ips114_pencolor, 2

	.type	.L.str,%object                  @ @.str
	.section	.rodata.str1.1,"aMS",%progbits,1
.L.str:
	.asciz	"../../libraries/zf_device/zf_device_ips114.c"
	.size	.L.str, 45

	.file	8 "D:\\KEIL\\ARM\\ARMCLANG\\Bin\\..\\include" "stdint.h"
	.file	9 "E:\\FILE_SMART_CAR\\\346\231\272\350\203\275\350\247\206\350\247\211\\RT1064_Library-master\\RT1064_Library-master\\SeekFree_RT1064_Opensource_Library\\project\\mdk" "../../libraries/sdk/deceive\\MIMXRT1064.h"
	.file	10 "E:\\FILE_SMART_CAR\\\346\231\272\350\203\275\350\247\206\350\247\211\\RT1064_Library-master\\RT1064_Library-master\\SeekFree_RT1064_Opensource_Library\\project\\mdk" "../../libraries/zf_common\\zf_common_debug.h"
	.section	.debug_loc,"",%progbits
.Ldebug_loc0:
	.long	-1
	.long	.Lfunc_begin0                   @   base address
	.long	.Ltmp1-.Lfunc_begin0
	.long	.Ltmp2-.Lfunc_begin0
	.short	2                               @ Loc expr size
	.byte	113                             @ DW_OP_breg1
	.byte	0                               @ 0
	.long	.Ltmp2-.Lfunc_begin0
	.long	.Ltmp4-.Lfunc_begin0
	.short	3                               @ Loc expr size
	.byte	119                             @ DW_OP_breg7
	.byte	92                              @ -36
	.byte	6                               @ DW_OP_deref
	.long	.Ltmp7-.Lfunc_begin0
	.long	.Ltmp8-.Lfunc_begin0
	.short	2                               @ Loc expr size
	.byte	113                             @ DW_OP_breg1
	.byte	0                               @ 0
	.long	.Ltmp14-.Lfunc_begin0
	.long	.Ltmp15-.Lfunc_begin0
	.short	2                               @ Loc expr size
	.byte	113                             @ DW_OP_breg1
	.byte	0                               @ 0
	.long	0
	.long	0
.Ldebug_loc1:
	.long	-1
	.long	.Lfunc_begin4                   @   base address
	.long	.Ltmp35-.Lfunc_begin4
	.long	.Ltmp36-.Lfunc_begin4
	.short	2                               @ Loc expr size
	.byte	113                             @ DW_OP_breg1
	.byte	0                               @ 0
	.long	.Ltmp36-.Lfunc_begin4
	.long	.Ltmp38-.Lfunc_begin4
	.short	3                               @ Loc expr size
	.byte	119                             @ DW_OP_breg7
	.byte	88                              @ -40
	.byte	6                               @ DW_OP_deref
	.long	.Ltmp41-.Lfunc_begin4
	.long	.Ltmp42-.Lfunc_begin4
	.short	2                               @ Loc expr size
	.byte	113                             @ DW_OP_breg1
	.byte	0                               @ 0
	.long	.Ltmp48-.Lfunc_begin4
	.long	.Ltmp49-.Lfunc_begin4
	.short	2                               @ Loc expr size
	.byte	113                             @ DW_OP_breg1
	.byte	0                               @ 0
	.long	0
	.long	0
.Ldebug_loc2:
	.long	-1
	.long	.Lfunc_begin15                  @   base address
	.long	.Ltmp169-.Lfunc_begin15
	.long	.Ltmp170-.Lfunc_begin15
	.short	2                               @ Loc expr size
	.byte	113                             @ DW_OP_breg1
	.byte	0                               @ 0
	.long	.Ltmp170-.Lfunc_begin15
	.long	.Ltmp172-.Lfunc_begin15
	.short	3                               @ Loc expr size
	.byte	119                             @ DW_OP_breg7
	.byte	64                              @ -64
	.byte	6                               @ DW_OP_deref
	.long	.Ltmp182-.Lfunc_begin15
	.long	.Ltmp183-.Lfunc_begin15
	.short	2                               @ Loc expr size
	.byte	113                             @ DW_OP_breg1
	.byte	0                               @ 0
	.long	.Ltmp184-.Lfunc_begin15
	.long	.Ltmp185-.Lfunc_begin15
	.short	2                               @ Loc expr size
	.byte	113                             @ DW_OP_breg1
	.byte	0                               @ 0
	.long	.Ltmp188-.Lfunc_begin15
	.long	.Ltmp189-.Lfunc_begin15
	.short	2                               @ Loc expr size
	.byte	113                             @ DW_OP_breg1
	.byte	0                               @ 0
	.long	0
	.long	0
.Ldebug_loc3:
	.long	-1
	.long	.Lfunc_begin16                  @   base address
	.long	.Ltmp194-.Lfunc_begin16
	.long	.Ltmp195-.Lfunc_begin16
	.short	2                               @ Loc expr size
	.byte	113                             @ DW_OP_breg1
	.byte	0                               @ 0
	.long	.Ltmp195-.Lfunc_begin16
	.long	.Ltmp197-.Lfunc_begin16
	.short	3                               @ Loc expr size
	.byte	119                             @ DW_OP_breg7
	.byte	64                              @ -64
	.byte	6                               @ DW_OP_deref
	.long	.Ltmp207-.Lfunc_begin16
	.long	.Ltmp208-.Lfunc_begin16
	.short	2                               @ Loc expr size
	.byte	113                             @ DW_OP_breg1
	.byte	0                               @ 0
	.long	.Ltmp211-.Lfunc_begin16
	.long	.Ltmp212-.Lfunc_begin16
	.short	2                               @ Loc expr size
	.byte	113                             @ DW_OP_breg1
	.byte	0                               @ 0
	.long	.Ltmp213-.Lfunc_begin16
	.long	.Ltmp214-.Lfunc_begin16
	.short	2                               @ Loc expr size
	.byte	113                             @ DW_OP_breg1
	.byte	0                               @ 0
	.long	.Ltmp217-.Lfunc_begin16
	.long	.Ltmp218-.Lfunc_begin16
	.short	2                               @ Loc expr size
	.byte	113                             @ DW_OP_breg1
	.byte	0                               @ 0
	.long	0
	.long	0
.Ldebug_loc4:
	.long	-1
	.long	.Lfunc_begin17                  @   base address
	.long	.Ltmp223-.Lfunc_begin17
	.long	.Ltmp224-.Lfunc_begin17
	.short	2                               @ Loc expr size
	.byte	113                             @ DW_OP_breg1
	.byte	0                               @ 0
	.long	.Ltmp224-.Lfunc_begin17
	.long	.Ltmp226-.Lfunc_begin17
	.short	3                               @ Loc expr size
	.byte	119                             @ DW_OP_breg7
	.byte	68                              @ -60
	.byte	6                               @ DW_OP_deref
	.long	.Ltmp233-.Lfunc_begin17
	.long	.Ltmp234-.Lfunc_begin17
	.short	2                               @ Loc expr size
	.byte	113                             @ DW_OP_breg1
	.byte	0                               @ 0
	.long	.Ltmp238-.Lfunc_begin17
	.long	.Ltmp239-.Lfunc_begin17
	.short	2                               @ Loc expr size
	.byte	113                             @ DW_OP_breg1
	.byte	0                               @ 0
	.long	.Ltmp241-.Lfunc_begin17
	.long	.Ltmp242-.Lfunc_begin17
	.short	2                               @ Loc expr size
	.byte	113                             @ DW_OP_breg1
	.byte	0                               @ 0
	.long	0
	.long	0
.Ldebug_loc5:
	.long	-1
	.long	.Lfunc_begin18                  @   base address
	.long	.Ltmp248-.Lfunc_begin18
	.long	.Ltmp249-.Lfunc_begin18
	.short	2                               @ Loc expr size
	.byte	113                             @ DW_OP_breg1
	.byte	0                               @ 0
	.long	.Ltmp249-.Lfunc_begin18
	.long	.Ltmp251-.Lfunc_begin18
	.short	3                               @ Loc expr size
	.byte	119                             @ DW_OP_breg7
	.byte	68                              @ -60
	.byte	6                               @ DW_OP_deref
	.long	.Ltmp257-.Lfunc_begin18
	.long	.Ltmp258-.Lfunc_begin18
	.short	2                               @ Loc expr size
	.byte	113                             @ DW_OP_breg1
	.byte	0                               @ 0
	.long	.Ltmp260-.Lfunc_begin18
	.long	.Ltmp261-.Lfunc_begin18
	.short	2                               @ Loc expr size
	.byte	113                             @ DW_OP_breg1
	.byte	0                               @ 0
	.long	0
	.long	0
	.section	.debug_abbrev,"",%progbits
	.byte	1                               @ Abbreviation Code
	.byte	17                              @ DW_TAG_compile_unit
	.byte	1                               @ DW_CHILDREN_yes
	.byte	37                              @ DW_AT_producer
	.byte	14                              @ DW_FORM_strp
	.byte	19                              @ DW_AT_language
	.byte	5                               @ DW_FORM_data2
	.byte	3                               @ DW_AT_name
	.byte	14                              @ DW_FORM_strp
	.byte	16                              @ DW_AT_stmt_list
	.byte	23                              @ DW_FORM_sec_offset
	.byte	27                              @ DW_AT_comp_dir
	.byte	14                              @ DW_FORM_strp
	.byte	17                              @ DW_AT_low_pc
	.byte	1                               @ DW_FORM_addr
	.byte	85                              @ DW_AT_ranges
	.byte	23                              @ DW_FORM_sec_offset
	.byte	0                               @ EOM(1)
	.byte	0                               @ EOM(2)
	.byte	2                               @ Abbreviation Code
	.byte	52                              @ DW_TAG_variable
	.byte	0                               @ DW_CHILDREN_no
	.byte	73                              @ DW_AT_type
	.byte	19                              @ DW_FORM_ref4
	.byte	58                              @ DW_AT_decl_file
	.byte	11                              @ DW_FORM_data1
	.byte	59                              @ DW_AT_decl_line
	.byte	5                               @ DW_FORM_data2
	.byte	2                               @ DW_AT_location
	.byte	24                              @ DW_FORM_exprloc
	.byte	0                               @ EOM(1)
	.byte	0                               @ EOM(2)
	.byte	3                               @ Abbreviation Code
	.byte	1                               @ DW_TAG_array_type
	.byte	1                               @ DW_CHILDREN_yes
	.byte	73                              @ DW_AT_type
	.byte	19                              @ DW_FORM_ref4
	.byte	0                               @ EOM(1)
	.byte	0                               @ EOM(2)
	.byte	4                               @ Abbreviation Code
	.byte	33                              @ DW_TAG_subrange_type
	.byte	0                               @ DW_CHILDREN_no
	.byte	73                              @ DW_AT_type
	.byte	19                              @ DW_FORM_ref4
	.byte	55                              @ DW_AT_count
	.byte	11                              @ DW_FORM_data1
	.byte	0                               @ EOM(1)
	.byte	0                               @ EOM(2)
	.byte	5                               @ Abbreviation Code
	.byte	36                              @ DW_TAG_base_type
	.byte	0                               @ DW_CHILDREN_no
	.byte	3                               @ DW_AT_name
	.byte	14                              @ DW_FORM_strp
	.byte	62                              @ DW_AT_encoding
	.byte	11                              @ DW_FORM_data1
	.byte	11                              @ DW_AT_byte_size
	.byte	11                              @ DW_FORM_data1
	.byte	0                               @ EOM(1)
	.byte	0                               @ EOM(2)
	.byte	6                               @ Abbreviation Code
	.byte	36                              @ DW_TAG_base_type
	.byte	0                               @ DW_CHILDREN_no
	.byte	3                               @ DW_AT_name
	.byte	14                              @ DW_FORM_strp
	.byte	11                              @ DW_AT_byte_size
	.byte	11                              @ DW_FORM_data1
	.byte	62                              @ DW_AT_encoding
	.byte	11                              @ DW_FORM_data1
	.byte	0                               @ EOM(1)
	.byte	0                               @ EOM(2)
	.byte	7                               @ Abbreviation Code
	.byte	52                              @ DW_TAG_variable
	.byte	0                               @ DW_CHILDREN_no
	.byte	3                               @ DW_AT_name
	.byte	14                              @ DW_FORM_strp
	.byte	73                              @ DW_AT_type
	.byte	19                              @ DW_FORM_ref4
	.byte	58                              @ DW_AT_decl_file
	.byte	11                              @ DW_FORM_data1
	.byte	59                              @ DW_AT_decl_line
	.byte	11                              @ DW_FORM_data1
	.byte	2                               @ DW_AT_location
	.byte	24                              @ DW_FORM_exprloc
	.byte	0                               @ EOM(1)
	.byte	0                               @ EOM(2)
	.byte	8                               @ Abbreviation Code
	.byte	22                              @ DW_TAG_typedef
	.byte	0                               @ DW_CHILDREN_no
	.byte	73                              @ DW_AT_type
	.byte	19                              @ DW_FORM_ref4
	.byte	3                               @ DW_AT_name
	.byte	14                              @ DW_FORM_strp
	.byte	58                              @ DW_AT_decl_file
	.byte	11                              @ DW_FORM_data1
	.byte	59                              @ DW_AT_decl_line
	.byte	11                              @ DW_FORM_data1
	.byte	0                               @ EOM(1)
	.byte	0                               @ EOM(2)
	.byte	9                               @ Abbreviation Code
	.byte	4                               @ DW_TAG_enumeration_type
	.byte	1                               @ DW_CHILDREN_yes
	.byte	73                              @ DW_AT_type
	.byte	19                              @ DW_FORM_ref4
	.byte	11                              @ DW_AT_byte_size
	.byte	11                              @ DW_FORM_data1
	.byte	58                              @ DW_AT_decl_file
	.byte	11                              @ DW_FORM_data1
	.byte	59                              @ DW_AT_decl_line
	.byte	11                              @ DW_FORM_data1
	.byte	0                               @ EOM(1)
	.byte	0                               @ EOM(2)
	.byte	10                              @ Abbreviation Code
	.byte	40                              @ DW_TAG_enumerator
	.byte	0                               @ DW_CHILDREN_no
	.byte	3                               @ DW_AT_name
	.byte	14                              @ DW_FORM_strp
	.byte	28                              @ DW_AT_const_value
	.byte	15                              @ DW_FORM_udata
	.byte	0                               @ EOM(1)
	.byte	0                               @ EOM(2)
	.byte	11                              @ Abbreviation Code
	.byte	15                              @ DW_TAG_pointer_type
	.byte	0                               @ DW_CHILDREN_no
	.byte	73                              @ DW_AT_type
	.byte	19                              @ DW_FORM_ref4
	.byte	0                               @ EOM(1)
	.byte	0                               @ EOM(2)
	.byte	12                              @ Abbreviation Code
	.byte	38                              @ DW_TAG_const_type
	.byte	0                               @ DW_CHILDREN_no
	.byte	73                              @ DW_AT_type
	.byte	19                              @ DW_FORM_ref4
	.byte	0                               @ EOM(1)
	.byte	0                               @ EOM(2)
	.byte	13                              @ Abbreviation Code
	.byte	46                              @ DW_TAG_subprogram
	.byte	1                               @ DW_CHILDREN_yes
	.byte	17                              @ DW_AT_low_pc
	.byte	1                               @ DW_FORM_addr
	.byte	18                              @ DW_AT_high_pc
	.byte	6                               @ DW_FORM_data4
	.byte	64                              @ DW_AT_frame_base
	.byte	24                              @ DW_FORM_exprloc
	.byte	3                               @ DW_AT_name
	.byte	14                              @ DW_FORM_strp
	.byte	58                              @ DW_AT_decl_file
	.byte	11                              @ DW_FORM_data1
	.byte	59                              @ DW_AT_decl_line
	.byte	5                               @ DW_FORM_data2
	.byte	39                              @ DW_AT_prototyped
	.byte	25                              @ DW_FORM_flag_present
	.byte	63                              @ DW_AT_external
	.byte	25                              @ DW_FORM_flag_present
	.byte	0                               @ EOM(1)
	.byte	0                               @ EOM(2)
	.byte	14                              @ Abbreviation Code
	.byte	52                              @ DW_TAG_variable
	.byte	0                               @ DW_CHILDREN_no
	.byte	2                               @ DW_AT_location
	.byte	24                              @ DW_FORM_exprloc
	.byte	3                               @ DW_AT_name
	.byte	14                              @ DW_FORM_strp
	.byte	73                              @ DW_AT_type
	.byte	19                              @ DW_FORM_ref4
	.byte	52                              @ DW_AT_artificial
	.byte	25                              @ DW_FORM_flag_present
	.byte	0                               @ EOM(1)
	.byte	0                               @ EOM(2)
	.byte	15                              @ Abbreviation Code
	.byte	52                              @ DW_TAG_variable
	.byte	0                               @ DW_CHILDREN_no
	.byte	2                               @ DW_AT_location
	.byte	24                              @ DW_FORM_exprloc
	.byte	3                               @ DW_AT_name
	.byte	14                              @ DW_FORM_strp
	.byte	58                              @ DW_AT_decl_file
	.byte	11                              @ DW_FORM_data1
	.byte	59                              @ DW_AT_decl_line
	.byte	5                               @ DW_FORM_data2
	.byte	73                              @ DW_AT_type
	.byte	19                              @ DW_FORM_ref4
	.byte	0                               @ EOM(1)
	.byte	0                               @ EOM(2)
	.byte	16                              @ Abbreviation Code
	.byte	52                              @ DW_TAG_variable
	.byte	0                               @ DW_CHILDREN_no
	.byte	2                               @ DW_AT_location
	.byte	23                              @ DW_FORM_sec_offset
	.byte	3                               @ DW_AT_name
	.byte	14                              @ DW_FORM_strp
	.byte	58                              @ DW_AT_decl_file
	.byte	11                              @ DW_FORM_data1
	.byte	59                              @ DW_AT_decl_line
	.byte	5                               @ DW_FORM_data2
	.byte	73                              @ DW_AT_type
	.byte	19                              @ DW_FORM_ref4
	.byte	0                               @ EOM(1)
	.byte	0                               @ EOM(2)
	.byte	17                              @ Abbreviation Code
	.byte	46                              @ DW_TAG_subprogram
	.byte	1                               @ DW_CHILDREN_yes
	.byte	17                              @ DW_AT_low_pc
	.byte	1                               @ DW_FORM_addr
	.byte	18                              @ DW_AT_high_pc
	.byte	6                               @ DW_FORM_data4
	.byte	64                              @ DW_AT_frame_base
	.byte	24                              @ DW_FORM_exprloc
	.byte	3                               @ DW_AT_name
	.byte	14                              @ DW_FORM_strp
	.byte	58                              @ DW_AT_decl_file
	.byte	11                              @ DW_FORM_data1
	.byte	59                              @ DW_AT_decl_line
	.byte	11                              @ DW_FORM_data1
	.byte	39                              @ DW_AT_prototyped
	.byte	25                              @ DW_FORM_flag_present
	.byte	0                               @ EOM(1)
	.byte	0                               @ EOM(2)
	.byte	18                              @ Abbreviation Code
	.byte	5                               @ DW_TAG_formal_parameter
	.byte	0                               @ DW_CHILDREN_no
	.byte	2                               @ DW_AT_location
	.byte	24                              @ DW_FORM_exprloc
	.byte	3                               @ DW_AT_name
	.byte	14                              @ DW_FORM_strp
	.byte	58                              @ DW_AT_decl_file
	.byte	11                              @ DW_FORM_data1
	.byte	59                              @ DW_AT_decl_line
	.byte	11                              @ DW_FORM_data1
	.byte	73                              @ DW_AT_type
	.byte	19                              @ DW_FORM_ref4
	.byte	0                               @ EOM(1)
	.byte	0                               @ EOM(2)
	.byte	19                              @ Abbreviation Code
	.byte	5                               @ DW_TAG_formal_parameter
	.byte	0                               @ DW_CHILDREN_no
	.byte	2                               @ DW_AT_location
	.byte	24                              @ DW_FORM_exprloc
	.byte	3                               @ DW_AT_name
	.byte	14                              @ DW_FORM_strp
	.byte	58                              @ DW_AT_decl_file
	.byte	11                              @ DW_FORM_data1
	.byte	59                              @ DW_AT_decl_line
	.byte	5                               @ DW_FORM_data2
	.byte	73                              @ DW_AT_type
	.byte	19                              @ DW_FORM_ref4
	.byte	0                               @ EOM(1)
	.byte	0                               @ EOM(2)
	.byte	20                              @ Abbreviation Code
	.byte	11                              @ DW_TAG_lexical_block
	.byte	1                               @ DW_CHILDREN_yes
	.byte	17                              @ DW_AT_low_pc
	.byte	1                               @ DW_FORM_addr
	.byte	18                              @ DW_AT_high_pc
	.byte	6                               @ DW_FORM_data4
	.byte	0                               @ EOM(1)
	.byte	0                               @ EOM(2)
	.byte	21                              @ Abbreviation Code
	.byte	46                              @ DW_TAG_subprogram
	.byte	0                               @ DW_CHILDREN_no
	.byte	17                              @ DW_AT_low_pc
	.byte	1                               @ DW_FORM_addr
	.byte	18                              @ DW_AT_high_pc
	.byte	6                               @ DW_FORM_data4
	.byte	64                              @ DW_AT_frame_base
	.byte	24                              @ DW_FORM_exprloc
	.byte	3                               @ DW_AT_name
	.byte	14                              @ DW_FORM_strp
	.byte	58                              @ DW_AT_decl_file
	.byte	11                              @ DW_FORM_data1
	.byte	59                              @ DW_AT_decl_line
	.byte	5                               @ DW_FORM_data2
	.byte	39                              @ DW_AT_prototyped
	.byte	25                              @ DW_FORM_flag_present
	.byte	63                              @ DW_AT_external
	.byte	25                              @ DW_FORM_flag_present
	.byte	0                               @ EOM(1)
	.byte	0                               @ EOM(2)
	.byte	22                              @ Abbreviation Code
	.byte	52                              @ DW_TAG_variable
	.byte	0                               @ DW_CHILDREN_no
	.byte	2                               @ DW_AT_location
	.byte	24                              @ DW_FORM_exprloc
	.byte	3                               @ DW_AT_name
	.byte	14                              @ DW_FORM_strp
	.byte	58                              @ DW_AT_decl_file
	.byte	11                              @ DW_FORM_data1
	.byte	59                              @ DW_AT_decl_line
	.byte	11                              @ DW_FORM_data1
	.byte	73                              @ DW_AT_type
	.byte	19                              @ DW_FORM_ref4
	.byte	0                               @ EOM(1)
	.byte	0                               @ EOM(2)
	.byte	23                              @ Abbreviation Code
	.byte	33                              @ DW_TAG_subrange_type
	.byte	0                               @ DW_CHILDREN_no
	.byte	73                              @ DW_AT_type
	.byte	19                              @ DW_FORM_ref4
	.byte	55                              @ DW_AT_count
	.byte	19                              @ DW_FORM_ref4
	.byte	0                               @ EOM(1)
	.byte	0                               @ EOM(2)
	.byte	24                              @ Abbreviation Code
	.byte	22                              @ DW_TAG_typedef
	.byte	0                               @ DW_CHILDREN_no
	.byte	73                              @ DW_AT_type
	.byte	19                              @ DW_FORM_ref4
	.byte	3                               @ DW_AT_name
	.byte	14                              @ DW_FORM_strp
	.byte	58                              @ DW_AT_decl_file
	.byte	11                              @ DW_FORM_data1
	.byte	59                              @ DW_AT_decl_line
	.byte	5                               @ DW_FORM_data2
	.byte	0                               @ EOM(1)
	.byte	0                               @ EOM(2)
	.byte	25                              @ Abbreviation Code
	.byte	19                              @ DW_TAG_structure_type
	.byte	1                               @ DW_CHILDREN_yes
	.byte	11                              @ DW_AT_byte_size
	.byte	11                              @ DW_FORM_data1
	.byte	58                              @ DW_AT_decl_file
	.byte	11                              @ DW_FORM_data1
	.byte	59                              @ DW_AT_decl_line
	.byte	5                               @ DW_FORM_data2
	.byte	0                               @ EOM(1)
	.byte	0                               @ EOM(2)
	.byte	26                              @ Abbreviation Code
	.byte	13                              @ DW_TAG_member
	.byte	0                               @ DW_CHILDREN_no
	.byte	3                               @ DW_AT_name
	.byte	14                              @ DW_FORM_strp
	.byte	73                              @ DW_AT_type
	.byte	19                              @ DW_FORM_ref4
	.byte	58                              @ DW_AT_decl_file
	.byte	11                              @ DW_FORM_data1
	.byte	59                              @ DW_AT_decl_line
	.byte	5                               @ DW_FORM_data2
	.byte	56                              @ DW_AT_data_member_location
	.byte	11                              @ DW_FORM_data1
	.byte	0                               @ EOM(1)
	.byte	0                               @ EOM(2)
	.byte	27                              @ Abbreviation Code
	.byte	53                              @ DW_TAG_volatile_type
	.byte	0                               @ DW_CHILDREN_no
	.byte	73                              @ DW_AT_type
	.byte	19                              @ DW_FORM_ref4
	.byte	0                               @ EOM(1)
	.byte	0                               @ EOM(2)
	.byte	28                              @ Abbreviation Code
	.byte	19                              @ DW_TAG_structure_type
	.byte	1                               @ DW_CHILDREN_yes
	.byte	11                              @ DW_AT_byte_size
	.byte	11                              @ DW_FORM_data1
	.byte	58                              @ DW_AT_decl_file
	.byte	11                              @ DW_FORM_data1
	.byte	59                              @ DW_AT_decl_line
	.byte	11                              @ DW_FORM_data1
	.byte	0                               @ EOM(1)
	.byte	0                               @ EOM(2)
	.byte	29                              @ Abbreviation Code
	.byte	13                              @ DW_TAG_member
	.byte	0                               @ DW_CHILDREN_no
	.byte	3                               @ DW_AT_name
	.byte	14                              @ DW_FORM_strp
	.byte	73                              @ DW_AT_type
	.byte	19                              @ DW_FORM_ref4
	.byte	58                              @ DW_AT_decl_file
	.byte	11                              @ DW_FORM_data1
	.byte	59                              @ DW_AT_decl_line
	.byte	11                              @ DW_FORM_data1
	.byte	56                              @ DW_AT_data_member_location
	.byte	11                              @ DW_FORM_data1
	.byte	0                               @ EOM(1)
	.byte	0                               @ EOM(2)
	.byte	30                              @ Abbreviation Code
	.byte	21                              @ DW_TAG_subroutine_type
	.byte	1                               @ DW_CHILDREN_yes
	.byte	39                              @ DW_AT_prototyped
	.byte	25                              @ DW_FORM_flag_present
	.byte	0                               @ EOM(1)
	.byte	0                               @ EOM(2)
	.byte	31                              @ Abbreviation Code
	.byte	5                               @ DW_TAG_formal_parameter
	.byte	0                               @ DW_CHILDREN_no
	.byte	73                              @ DW_AT_type
	.byte	19                              @ DW_FORM_ref4
	.byte	0                               @ EOM(1)
	.byte	0                               @ EOM(2)
	.byte	32                              @ Abbreviation Code
	.byte	21                              @ DW_TAG_subroutine_type
	.byte	0                               @ DW_CHILDREN_no
	.byte	39                              @ DW_AT_prototyped
	.byte	25                              @ DW_FORM_flag_present
	.byte	0                               @ EOM(1)
	.byte	0                               @ EOM(2)
	.byte	0                               @ EOM(3)
	.section	.debug_info,"",%progbits
.Lcu_begin0:
	.long	.Ldebug_info_end0-.Ldebug_info_start0 @ Length of Unit
.Ldebug_info_start0:
	.short	4                               @ DWARF version number
	.long	.debug_abbrev                   @ Offset Into Abbrev. Section
	.byte	4                               @ Address Size (in bytes)
	.byte	1                               @ Abbrev [1] 0xb:0x1222 DW_TAG_compile_unit
	.long	.Linfo_string0                  @ DW_AT_producer
	.short	12                              @ DW_AT_language
	.long	.Linfo_string1                  @ DW_AT_name
	.long	.Lline_table_start0             @ DW_AT_stmt_list
	.long	.Linfo_string2                  @ DW_AT_comp_dir
	.long	0                               @ DW_AT_low_pc
	.long	.Ldebug_ranges0                 @ DW_AT_ranges
	.byte	2                               @ Abbrev [2] 0x26:0xe DW_TAG_variable
	.long	52                              @ DW_AT_type
	.byte	1                               @ DW_AT_decl_file
	.short	382                             @ DW_AT_decl_line
	.byte	5                               @ DW_AT_location
	.byte	3
	.long	.L.str
	.byte	3                               @ Abbrev [3] 0x34:0xc DW_TAG_array_type
	.long	64                              @ DW_AT_type
	.byte	4                               @ Abbrev [4] 0x39:0x6 DW_TAG_subrange_type
	.long	71                              @ DW_AT_type
	.byte	45                              @ DW_AT_count
	.byte	0                               @ End Of Children Mark
	.byte	5                               @ Abbrev [5] 0x40:0x7 DW_TAG_base_type
	.long	.Linfo_string3                  @ DW_AT_name
	.byte	6                               @ DW_AT_encoding
	.byte	1                               @ DW_AT_byte_size
	.byte	6                               @ Abbrev [6] 0x47:0x7 DW_TAG_base_type
	.long	.Linfo_string4                  @ DW_AT_name
	.byte	8                               @ DW_AT_byte_size
	.byte	7                               @ DW_AT_encoding
	.byte	7                               @ Abbrev [7] 0x4e:0x11 DW_TAG_variable
	.long	.Linfo_string5                  @ DW_AT_name
	.long	95                              @ DW_AT_type
	.byte	1                               @ DW_AT_decl_file
	.byte	66                              @ DW_AT_decl_line
	.byte	5                               @ DW_AT_location
	.byte	3
	.long	ips114_x_max
	.byte	8                               @ Abbrev [8] 0x5f:0xb DW_TAG_typedef
	.long	106                             @ DW_AT_type
	.long	.Linfo_string7                  @ DW_AT_name
	.byte	2                               @ DW_AT_decl_file
	.byte	55                              @ DW_AT_decl_line
	.byte	5                               @ Abbrev [5] 0x6a:0x7 DW_TAG_base_type
	.long	.Linfo_string6                  @ DW_AT_name
	.byte	8                               @ DW_AT_encoding
	.byte	1                               @ DW_AT_byte_size
	.byte	7                               @ Abbrev [7] 0x71:0x11 DW_TAG_variable
	.long	.Linfo_string8                  @ DW_AT_name
	.long	95                              @ DW_AT_type
	.byte	1                               @ DW_AT_decl_file
	.byte	67                              @ DW_AT_decl_line
	.byte	5                               @ DW_AT_location
	.byte	3
	.long	ips114_y_max
	.byte	7                               @ Abbrev [7] 0x82:0x11 DW_TAG_variable
	.long	.Linfo_string9                  @ DW_AT_name
	.long	147                             @ DW_AT_type
	.byte	1                               @ DW_AT_decl_file
	.byte	62                              @ DW_AT_decl_line
	.byte	5                               @ DW_AT_location
	.byte	3
	.long	ips114_bgcolor
	.byte	8                               @ Abbrev [8] 0x93:0xb DW_TAG_typedef
	.long	158                             @ DW_AT_type
	.long	.Linfo_string11                 @ DW_AT_name
	.byte	2                               @ DW_AT_decl_file
	.byte	56                              @ DW_AT_decl_line
	.byte	5                               @ Abbrev [5] 0x9e:0x7 DW_TAG_base_type
	.long	.Linfo_string10                 @ DW_AT_name
	.byte	7                               @ DW_AT_encoding
	.byte	2                               @ DW_AT_byte_size
	.byte	7                               @ Abbrev [7] 0xa5:0x11 DW_TAG_variable
	.long	.Linfo_string12                 @ DW_AT_name
	.long	182                             @ DW_AT_type
	.byte	1                               @ DW_AT_decl_file
	.byte	64                              @ DW_AT_decl_line
	.byte	5                               @ DW_AT_location
	.byte	3
	.long	ips114_display_dir
	.byte	8                               @ Abbrev [8] 0xb6:0xb DW_TAG_typedef
	.long	193                             @ DW_AT_type
	.long	.Linfo_string17                 @ DW_AT_name
	.byte	3                               @ DW_AT_decl_file
	.byte	93                              @ DW_AT_decl_line
	.byte	9                               @ Abbrev [9] 0xc1:0x21 DW_TAG_enumeration_type
	.long	106                             @ DW_AT_type
	.byte	1                               @ DW_AT_byte_size
	.byte	3                               @ DW_AT_decl_file
	.byte	87                              @ DW_AT_decl_line
	.byte	10                              @ Abbrev [10] 0xc9:0x6 DW_TAG_enumerator
	.long	.Linfo_string13                 @ DW_AT_name
	.byte	0                               @ DW_AT_const_value
	.byte	10                              @ Abbrev [10] 0xcf:0x6 DW_TAG_enumerator
	.long	.Linfo_string14                 @ DW_AT_name
	.byte	1                               @ DW_AT_const_value
	.byte	10                              @ Abbrev [10] 0xd5:0x6 DW_TAG_enumerator
	.long	.Linfo_string15                 @ DW_AT_name
	.byte	2                               @ DW_AT_const_value
	.byte	10                              @ Abbrev [10] 0xdb:0x6 DW_TAG_enumerator
	.long	.Linfo_string16                 @ DW_AT_name
	.byte	3                               @ DW_AT_const_value
	.byte	0                               @ End Of Children Mark
	.byte	7                               @ Abbrev [7] 0xe2:0x11 DW_TAG_variable
	.long	.Linfo_string18                 @ DW_AT_name
	.long	243                             @ DW_AT_type
	.byte	1                               @ DW_AT_decl_file
	.byte	65                              @ DW_AT_decl_line
	.byte	5                               @ DW_AT_location
	.byte	3
	.long	ips114_display_font
	.byte	8                               @ Abbrev [8] 0xf3:0xb DW_TAG_typedef
	.long	254                             @ DW_AT_type
	.long	.Linfo_string22                 @ DW_AT_name
	.byte	3                               @ DW_AT_decl_file
	.byte	100                             @ DW_AT_decl_line
	.byte	9                               @ Abbrev [9] 0xfe:0x1b DW_TAG_enumeration_type
	.long	106                             @ DW_AT_type
	.byte	1                               @ DW_AT_byte_size
	.byte	3                               @ DW_AT_decl_file
	.byte	95                              @ DW_AT_decl_line
	.byte	10                              @ Abbrev [10] 0x106:0x6 DW_TAG_enumerator
	.long	.Linfo_string19                 @ DW_AT_name
	.byte	0                               @ DW_AT_const_value
	.byte	10                              @ Abbrev [10] 0x10c:0x6 DW_TAG_enumerator
	.long	.Linfo_string20                 @ DW_AT_name
	.byte	1                               @ DW_AT_const_value
	.byte	10                              @ Abbrev [10] 0x112:0x6 DW_TAG_enumerator
	.long	.Linfo_string21                 @ DW_AT_name
	.byte	2                               @ DW_AT_const_value
	.byte	0                               @ End Of Children Mark
	.byte	7                               @ Abbrev [7] 0x119:0x11 DW_TAG_variable
	.long	.Linfo_string23                 @ DW_AT_name
	.long	147                             @ DW_AT_type
	.byte	1                               @ DW_AT_decl_file
	.byte	61                              @ DW_AT_decl_line
	.byte	5                               @ DW_AT_location
	.byte	3
	.long	ips114_pencolor
	.byte	9                               @ Abbrev [9] 0x12a:0x1b9 DW_TAG_enumeration_type
	.long	106                             @ DW_AT_type
	.byte	1                               @ DW_AT_byte_size
	.byte	4                               @ DW_AT_decl_file
	.byte	48                              @ DW_AT_decl_line
	.byte	10                              @ Abbrev [10] 0x132:0x6 DW_TAG_enumerator
	.long	.Linfo_string24                 @ DW_AT_name
	.byte	32                              @ DW_AT_const_value
	.byte	10                              @ Abbrev [10] 0x138:0x6 DW_TAG_enumerator
	.long	.Linfo_string25                 @ DW_AT_name
	.byte	33                              @ DW_AT_const_value
	.byte	10                              @ Abbrev [10] 0x13e:0x6 DW_TAG_enumerator
	.long	.Linfo_string26                 @ DW_AT_name
	.byte	34                              @ DW_AT_const_value
	.byte	10                              @ Abbrev [10] 0x144:0x6 DW_TAG_enumerator
	.long	.Linfo_string27                 @ DW_AT_name
	.byte	35                              @ DW_AT_const_value
	.byte	10                              @ Abbrev [10] 0x14a:0x6 DW_TAG_enumerator
	.long	.Linfo_string28                 @ DW_AT_name
	.byte	41                              @ DW_AT_const_value
	.byte	10                              @ Abbrev [10] 0x150:0x6 DW_TAG_enumerator
	.long	.Linfo_string29                 @ DW_AT_name
	.byte	42                              @ DW_AT_const_value
	.byte	10                              @ Abbrev [10] 0x156:0x6 DW_TAG_enumerator
	.long	.Linfo_string30                 @ DW_AT_name
	.byte	43                              @ DW_AT_const_value
	.byte	10                              @ Abbrev [10] 0x15c:0x6 DW_TAG_enumerator
	.long	.Linfo_string31                 @ DW_AT_name
	.byte	44                              @ DW_AT_const_value
	.byte	10                              @ Abbrev [10] 0x162:0x6 DW_TAG_enumerator
	.long	.Linfo_string32                 @ DW_AT_name
	.byte	45                              @ DW_AT_const_value
	.byte	10                              @ Abbrev [10] 0x168:0x6 DW_TAG_enumerator
	.long	.Linfo_string33                 @ DW_AT_name
	.byte	46                              @ DW_AT_const_value
	.byte	10                              @ Abbrev [10] 0x16e:0x6 DW_TAG_enumerator
	.long	.Linfo_string34                 @ DW_AT_name
	.byte	47                              @ DW_AT_const_value
	.byte	10                              @ Abbrev [10] 0x174:0x6 DW_TAG_enumerator
	.long	.Linfo_string35                 @ DW_AT_name
	.byte	48                              @ DW_AT_const_value
	.byte	10                              @ Abbrev [10] 0x17a:0x6 DW_TAG_enumerator
	.long	.Linfo_string36                 @ DW_AT_name
	.byte	49                              @ DW_AT_const_value
	.byte	10                              @ Abbrev [10] 0x180:0x6 DW_TAG_enumerator
	.long	.Linfo_string37                 @ DW_AT_name
	.byte	50                              @ DW_AT_const_value
	.byte	10                              @ Abbrev [10] 0x186:0x6 DW_TAG_enumerator
	.long	.Linfo_string38                 @ DW_AT_name
	.byte	51                              @ DW_AT_const_value
	.byte	10                              @ Abbrev [10] 0x18c:0x6 DW_TAG_enumerator
	.long	.Linfo_string39                 @ DW_AT_name
	.byte	52                              @ DW_AT_const_value
	.byte	10                              @ Abbrev [10] 0x192:0x6 DW_TAG_enumerator
	.long	.Linfo_string40                 @ DW_AT_name
	.byte	53                              @ DW_AT_const_value
	.byte	10                              @ Abbrev [10] 0x198:0x6 DW_TAG_enumerator
	.long	.Linfo_string41                 @ DW_AT_name
	.byte	54                              @ DW_AT_const_value
	.byte	10                              @ Abbrev [10] 0x19e:0x6 DW_TAG_enumerator
	.long	.Linfo_string42                 @ DW_AT_name
	.byte	55                              @ DW_AT_const_value
	.byte	10                              @ Abbrev [10] 0x1a4:0x6 DW_TAG_enumerator
	.long	.Linfo_string43                 @ DW_AT_name
	.byte	56                              @ DW_AT_const_value
	.byte	10                              @ Abbrev [10] 0x1aa:0x6 DW_TAG_enumerator
	.long	.Linfo_string44                 @ DW_AT_name
	.byte	57                              @ DW_AT_const_value
	.byte	10                              @ Abbrev [10] 0x1b0:0x6 DW_TAG_enumerator
	.long	.Linfo_string45                 @ DW_AT_name
	.byte	58                              @ DW_AT_const_value
	.byte	10                              @ Abbrev [10] 0x1b6:0x6 DW_TAG_enumerator
	.long	.Linfo_string46                 @ DW_AT_name
	.byte	59                              @ DW_AT_const_value
	.byte	10                              @ Abbrev [10] 0x1bc:0x6 DW_TAG_enumerator
	.long	.Linfo_string47                 @ DW_AT_name
	.byte	60                              @ DW_AT_const_value
	.byte	10                              @ Abbrev [10] 0x1c2:0x6 DW_TAG_enumerator
	.long	.Linfo_string48                 @ DW_AT_name
	.byte	61                              @ DW_AT_const_value
	.byte	10                              @ Abbrev [10] 0x1c8:0x6 DW_TAG_enumerator
	.long	.Linfo_string49                 @ DW_AT_name
	.byte	62                              @ DW_AT_const_value
	.byte	10                              @ Abbrev [10] 0x1ce:0x6 DW_TAG_enumerator
	.long	.Linfo_string50                 @ DW_AT_name
	.byte	63                              @ DW_AT_const_value
	.byte	10                              @ Abbrev [10] 0x1d4:0x6 DW_TAG_enumerator
	.long	.Linfo_string51                 @ DW_AT_name
	.byte	64                              @ DW_AT_const_value
	.byte	10                              @ Abbrev [10] 0x1da:0x6 DW_TAG_enumerator
	.long	.Linfo_string52                 @ DW_AT_name
	.byte	65                              @ DW_AT_const_value
	.byte	10                              @ Abbrev [10] 0x1e0:0x6 DW_TAG_enumerator
	.long	.Linfo_string53                 @ DW_AT_name
	.byte	66                              @ DW_AT_const_value
	.byte	10                              @ Abbrev [10] 0x1e6:0x6 DW_TAG_enumerator
	.long	.Linfo_string54                 @ DW_AT_name
	.byte	67                              @ DW_AT_const_value
	.byte	10                              @ Abbrev [10] 0x1ec:0x6 DW_TAG_enumerator
	.long	.Linfo_string55                 @ DW_AT_name
	.byte	68                              @ DW_AT_const_value
	.byte	10                              @ Abbrev [10] 0x1f2:0x6 DW_TAG_enumerator
	.long	.Linfo_string56                 @ DW_AT_name
	.byte	69                              @ DW_AT_const_value
	.byte	10                              @ Abbrev [10] 0x1f8:0x6 DW_TAG_enumerator
	.long	.Linfo_string57                 @ DW_AT_name
	.byte	70                              @ DW_AT_const_value
	.byte	10                              @ Abbrev [10] 0x1fe:0x6 DW_TAG_enumerator
	.long	.Linfo_string58                 @ DW_AT_name
	.byte	71                              @ DW_AT_const_value
	.byte	10                              @ Abbrev [10] 0x204:0x6 DW_TAG_enumerator
	.long	.Linfo_string59                 @ DW_AT_name
	.byte	72                              @ DW_AT_const_value
	.byte	10                              @ Abbrev [10] 0x20a:0x6 DW_TAG_enumerator
	.long	.Linfo_string60                 @ DW_AT_name
	.byte	73                              @ DW_AT_const_value
	.byte	10                              @ Abbrev [10] 0x210:0x6 DW_TAG_enumerator
	.long	.Linfo_string61                 @ DW_AT_name
	.byte	74                              @ DW_AT_const_value
	.byte	10                              @ Abbrev [10] 0x216:0x6 DW_TAG_enumerator
	.long	.Linfo_string62                 @ DW_AT_name
	.byte	75                              @ DW_AT_const_value
	.byte	10                              @ Abbrev [10] 0x21c:0x6 DW_TAG_enumerator
	.long	.Linfo_string63                 @ DW_AT_name
	.byte	76                              @ DW_AT_const_value
	.byte	10                              @ Abbrev [10] 0x222:0x6 DW_TAG_enumerator
	.long	.Linfo_string64                 @ DW_AT_name
	.byte	77                              @ DW_AT_const_value
	.byte	10                              @ Abbrev [10] 0x228:0x6 DW_TAG_enumerator
	.long	.Linfo_string65                 @ DW_AT_name
	.byte	78                              @ DW_AT_const_value
	.byte	10                              @ Abbrev [10] 0x22e:0x6 DW_TAG_enumerator
	.long	.Linfo_string66                 @ DW_AT_name
	.byte	79                              @ DW_AT_const_value
	.byte	10                              @ Abbrev [10] 0x234:0x6 DW_TAG_enumerator
	.long	.Linfo_string67                 @ DW_AT_name
	.byte	80                              @ DW_AT_const_value
	.byte	10                              @ Abbrev [10] 0x23a:0x6 DW_TAG_enumerator
	.long	.Linfo_string68                 @ DW_AT_name
	.byte	81                              @ DW_AT_const_value
	.byte	10                              @ Abbrev [10] 0x240:0x6 DW_TAG_enumerator
	.long	.Linfo_string69                 @ DW_AT_name
	.byte	82                              @ DW_AT_const_value
	.byte	10                              @ Abbrev [10] 0x246:0x6 DW_TAG_enumerator
	.long	.Linfo_string70                 @ DW_AT_name
	.byte	83                              @ DW_AT_const_value
	.byte	10                              @ Abbrev [10] 0x24c:0x6 DW_TAG_enumerator
	.long	.Linfo_string71                 @ DW_AT_name
	.byte	84                              @ DW_AT_const_value
	.byte	10                              @ Abbrev [10] 0x252:0x6 DW_TAG_enumerator
	.long	.Linfo_string72                 @ DW_AT_name
	.byte	85                              @ DW_AT_const_value
	.byte	10                              @ Abbrev [10] 0x258:0x6 DW_TAG_enumerator
	.long	.Linfo_string73                 @ DW_AT_name
	.byte	86                              @ DW_AT_const_value
	.byte	10                              @ Abbrev [10] 0x25e:0x6 DW_TAG_enumerator
	.long	.Linfo_string74                 @ DW_AT_name
	.byte	87                              @ DW_AT_const_value
	.byte	10                              @ Abbrev [10] 0x264:0x6 DW_TAG_enumerator
	.long	.Linfo_string75                 @ DW_AT_name
	.byte	88                              @ DW_AT_const_value
	.byte	10                              @ Abbrev [10] 0x26a:0x6 DW_TAG_enumerator
	.long	.Linfo_string76                 @ DW_AT_name
	.byte	89                              @ DW_AT_const_value
	.byte	10                              @ Abbrev [10] 0x270:0x6 DW_TAG_enumerator
	.long	.Linfo_string77                 @ DW_AT_name
	.byte	90                              @ DW_AT_const_value
	.byte	10                              @ Abbrev [10] 0x276:0x6 DW_TAG_enumerator
	.long	.Linfo_string78                 @ DW_AT_name
	.byte	91                              @ DW_AT_const_value
	.byte	10                              @ Abbrev [10] 0x27c:0x6 DW_TAG_enumerator
	.long	.Linfo_string79                 @ DW_AT_name
	.byte	92                              @ DW_AT_const_value
	.byte	10                              @ Abbrev [10] 0x282:0x6 DW_TAG_enumerator
	.long	.Linfo_string80                 @ DW_AT_name
	.byte	93                              @ DW_AT_const_value
	.byte	10                              @ Abbrev [10] 0x288:0x6 DW_TAG_enumerator
	.long	.Linfo_string81                 @ DW_AT_name
	.byte	94                              @ DW_AT_const_value
	.byte	10                              @ Abbrev [10] 0x28e:0x6 DW_TAG_enumerator
	.long	.Linfo_string82                 @ DW_AT_name
	.byte	95                              @ DW_AT_const_value
	.byte	10                              @ Abbrev [10] 0x294:0x6 DW_TAG_enumerator
	.long	.Linfo_string83                 @ DW_AT_name
	.byte	96                              @ DW_AT_const_value
	.byte	10                              @ Abbrev [10] 0x29a:0x6 DW_TAG_enumerator
	.long	.Linfo_string84                 @ DW_AT_name
	.byte	97                              @ DW_AT_const_value
	.byte	10                              @ Abbrev [10] 0x2a0:0x6 DW_TAG_enumerator
	.long	.Linfo_string85                 @ DW_AT_name
	.byte	98                              @ DW_AT_const_value
	.byte	10                              @ Abbrev [10] 0x2a6:0x6 DW_TAG_enumerator
	.long	.Linfo_string86                 @ DW_AT_name
	.byte	99                              @ DW_AT_const_value
	.byte	10                              @ Abbrev [10] 0x2ac:0x6 DW_TAG_enumerator
	.long	.Linfo_string87                 @ DW_AT_name
	.byte	100                             @ DW_AT_const_value
	.byte	10                              @ Abbrev [10] 0x2b2:0x6 DW_TAG_enumerator
	.long	.Linfo_string88                 @ DW_AT_name
	.byte	108                             @ DW_AT_const_value
	.byte	10                              @ Abbrev [10] 0x2b8:0x6 DW_TAG_enumerator
	.long	.Linfo_string89                 @ DW_AT_name
	.byte	109                             @ DW_AT_const_value
	.byte	10                              @ Abbrev [10] 0x2be:0x6 DW_TAG_enumerator
	.long	.Linfo_string90                 @ DW_AT_name
	.byte	110                             @ DW_AT_const_value
	.byte	10                              @ Abbrev [10] 0x2c4:0x6 DW_TAG_enumerator
	.long	.Linfo_string91                 @ DW_AT_name
	.byte	111                             @ DW_AT_const_value
	.byte	10                              @ Abbrev [10] 0x2ca:0x6 DW_TAG_enumerator
	.long	.Linfo_string92                 @ DW_AT_name
	.byte	112                             @ DW_AT_const_value
	.byte	10                              @ Abbrev [10] 0x2d0:0x6 DW_TAG_enumerator
	.long	.Linfo_string93                 @ DW_AT_name
	.byte	113                             @ DW_AT_const_value
	.byte	10                              @ Abbrev [10] 0x2d6:0x6 DW_TAG_enumerator
	.long	.Linfo_string94                 @ DW_AT_name
	.byte	122                             @ DW_AT_const_value
	.byte	10                              @ Abbrev [10] 0x2dc:0x6 DW_TAG_enumerator
	.long	.Linfo_string95                 @ DW_AT_name
	.byte	123                             @ DW_AT_const_value
	.byte	0                               @ End Of Children Mark
	.byte	9                               @ Abbrev [9] 0x2e3:0x21 DW_TAG_enumeration_type
	.long	106                             @ DW_AT_type
	.byte	1                               @ DW_AT_byte_size
	.byte	5                               @ DW_AT_decl_file
	.byte	111                             @ DW_AT_decl_line
	.byte	10                              @ Abbrev [10] 0x2eb:0x6 DW_TAG_enumerator
	.long	.Linfo_string96                 @ DW_AT_name
	.byte	1                               @ DW_AT_const_value
	.byte	10                              @ Abbrev [10] 0x2f1:0x6 DW_TAG_enumerator
	.long	.Linfo_string97                 @ DW_AT_name
	.byte	3                               @ DW_AT_const_value
	.byte	10                              @ Abbrev [10] 0x2f7:0x6 DW_TAG_enumerator
	.long	.Linfo_string98                 @ DW_AT_name
	.byte	4                               @ DW_AT_const_value
	.byte	10                              @ Abbrev [10] 0x2fd:0x6 DW_TAG_enumerator
	.long	.Linfo_string99                 @ DW_AT_name
	.byte	5                               @ DW_AT_const_value
	.byte	0                               @ End Of Children Mark
	.byte	9                               @ Abbrev [9] 0x304:0x72 DW_TAG_enumeration_type
	.long	158                             @ DW_AT_type
	.byte	2                               @ DW_AT_byte_size
	.byte	6                               @ DW_AT_decl_file
	.byte	42                              @ DW_AT_decl_line
	.byte	10                              @ Abbrev [10] 0x30c:0x8 DW_TAG_enumerator
	.long	.Linfo_string100                @ DW_AT_name
	.ascii	"\377\377\003"                  @ DW_AT_const_value
	.byte	10                              @ Abbrev [10] 0x314:0x6 DW_TAG_enumerator
	.long	.Linfo_string101                @ DW_AT_name
	.byte	0                               @ DW_AT_const_value
	.byte	10                              @ Abbrev [10] 0x31a:0x6 DW_TAG_enumerator
	.long	.Linfo_string102                @ DW_AT_name
	.byte	31                              @ DW_AT_const_value
	.byte	10                              @ Abbrev [10] 0x320:0x8 DW_TAG_enumerator
	.long	.Linfo_string103                @ DW_AT_name
	.ascii	"\237\360\003"                  @ DW_AT_const_value
	.byte	10                              @ Abbrev [10] 0x328:0x8 DW_TAG_enumerator
	.long	.Linfo_string104                @ DW_AT_name
	.ascii	"\231\374\003"                  @ DW_AT_const_value
	.byte	10                              @ Abbrev [10] 0x330:0x8 DW_TAG_enumerator
	.long	.Linfo_string105                @ DW_AT_name
	.ascii	"\200\360\003"                  @ DW_AT_const_value
	.byte	10                              @ Abbrev [10] 0x338:0x8 DW_TAG_enumerator
	.long	.Linfo_string106                @ DW_AT_name
	.ascii	"\237\360\003"                  @ DW_AT_const_value
	.byte	10                              @ Abbrev [10] 0x340:0x7 DW_TAG_enumerator
	.long	.Linfo_string107                @ DW_AT_name
	.ascii	"\340\017"                      @ DW_AT_const_value
	.byte	10                              @ Abbrev [10] 0x347:0x7 DW_TAG_enumerator
	.long	.Linfo_string108                @ DW_AT_name
	.ascii	"\377\017"                      @ DW_AT_const_value
	.byte	10                              @ Abbrev [10] 0x34e:0x8 DW_TAG_enumerator
	.long	.Linfo_string109                @ DW_AT_name
	.ascii	"\340\377\003"                  @ DW_AT_const_value
	.byte	10                              @ Abbrev [10] 0x356:0x8 DW_TAG_enumerator
	.long	.Linfo_string110                @ DW_AT_name
	.ascii	"\300\370\002"                  @ DW_AT_const_value
	.byte	10                              @ Abbrev [10] 0x35e:0x8 DW_TAG_enumerator
	.long	.Linfo_string111                @ DW_AT_name
	.ascii	"\260\210\002"                  @ DW_AT_const_value
	.byte	10                              @ Abbrev [10] 0x366:0x7 DW_TAG_enumerator
	.long	.Linfo_string112                @ DW_AT_name
	.ascii	"\226l"                         @ DW_AT_const_value
	.byte	10                              @ Abbrev [10] 0x36d:0x8 DW_TAG_enumerator
	.long	.Linfo_string113                @ DW_AT_name
	.ascii	"\337\314\001"                  @ DW_AT_const_value
	.byte	0                               @ End Of Children Mark
	.byte	9                               @ Abbrev [9] 0x376:0x21 DW_TAG_enumeration_type
	.long	106                             @ DW_AT_type
	.byte	1                               @ DW_AT_byte_size
	.byte	5                               @ DW_AT_decl_file
	.byte	97                              @ DW_AT_decl_line
	.byte	10                              @ Abbrev [10] 0x37e:0x6 DW_TAG_enumerator
	.long	.Linfo_string114                @ DW_AT_name
	.byte	0                               @ DW_AT_const_value
	.byte	10                              @ Abbrev [10] 0x384:0x6 DW_TAG_enumerator
	.long	.Linfo_string115                @ DW_AT_name
	.byte	1                               @ DW_AT_const_value
	.byte	10                              @ Abbrev [10] 0x38a:0x6 DW_TAG_enumerator
	.long	.Linfo_string116                @ DW_AT_name
	.byte	2                               @ DW_AT_const_value
	.byte	10                              @ Abbrev [10] 0x390:0x6 DW_TAG_enumerator
	.long	.Linfo_string117                @ DW_AT_name
	.byte	3                               @ DW_AT_const_value
	.byte	0                               @ End Of Children Mark
	.byte	9                               @ Abbrev [9] 0x397:0x27 DW_TAG_enumeration_type
	.long	106                             @ DW_AT_type
	.byte	1                               @ DW_AT_byte_size
	.byte	5                               @ DW_AT_decl_file
	.byte	43                              @ DW_AT_decl_line
	.byte	10                              @ Abbrev [10] 0x39f:0x6 DW_TAG_enumerator
	.long	.Linfo_string118                @ DW_AT_name
	.byte	16                              @ DW_AT_const_value
	.byte	10                              @ Abbrev [10] 0x3a5:0x6 DW_TAG_enumerator
	.long	.Linfo_string119                @ DW_AT_name
	.byte	48                              @ DW_AT_const_value
	.byte	10                              @ Abbrev [10] 0x3ab:0x6 DW_TAG_enumerator
	.long	.Linfo_string120                @ DW_AT_name
	.byte	49                              @ DW_AT_const_value
	.byte	10                              @ Abbrev [10] 0x3b1:0x6 DW_TAG_enumerator
	.long	.Linfo_string121                @ DW_AT_name
	.byte	64                              @ DW_AT_const_value
	.byte	10                              @ Abbrev [10] 0x3b7:0x6 DW_TAG_enumerator
	.long	.Linfo_string122                @ DW_AT_name
	.byte	65                              @ DW_AT_const_value
	.byte	0                               @ End Of Children Mark
	.byte	9                               @ Abbrev [9] 0x3be:0x27 DW_TAG_enumeration_type
	.long	106                             @ DW_AT_type
	.byte	1                               @ DW_AT_byte_size
	.byte	5                               @ DW_AT_decl_file
	.byte	55                              @ DW_AT_decl_line
	.byte	10                              @ Abbrev [10] 0x3c6:0x6 DW_TAG_enumerator
	.long	.Linfo_string123                @ DW_AT_name
	.byte	16                              @ DW_AT_const_value
	.byte	10                              @ Abbrev [10] 0x3cc:0x6 DW_TAG_enumerator
	.long	.Linfo_string124                @ DW_AT_name
	.byte	48                              @ DW_AT_const_value
	.byte	10                              @ Abbrev [10] 0x3d2:0x6 DW_TAG_enumerator
	.long	.Linfo_string125                @ DW_AT_name
	.byte	49                              @ DW_AT_const_value
	.byte	10                              @ Abbrev [10] 0x3d8:0x6 DW_TAG_enumerator
	.long	.Linfo_string126                @ DW_AT_name
	.byte	64                              @ DW_AT_const_value
	.byte	10                              @ Abbrev [10] 0x3de:0x6 DW_TAG_enumerator
	.long	.Linfo_string127                @ DW_AT_name
	.byte	65                              @ DW_AT_const_value
	.byte	0                               @ End Of Children Mark
	.byte	9                               @ Abbrev [9] 0x3e5:0x2f DW_TAG_enumeration_type
	.long	158                             @ DW_AT_type
	.byte	2                               @ DW_AT_byte_size
	.byte	5                               @ DW_AT_decl_file
	.byte	67                              @ DW_AT_decl_line
	.byte	10                              @ Abbrev [10] 0x3ed:0x8 DW_TAG_enumerator
	.long	.Linfo_string128                @ DW_AT_name
	.ascii	"\377\377\003"                  @ DW_AT_const_value
	.byte	10                              @ Abbrev [10] 0x3f5:0x6 DW_TAG_enumerator
	.long	.Linfo_string129                @ DW_AT_name
	.byte	16                              @ DW_AT_const_value
	.byte	10                              @ Abbrev [10] 0x3fb:0x6 DW_TAG_enumerator
	.long	.Linfo_string130                @ DW_AT_name
	.byte	48                              @ DW_AT_const_value
	.byte	10                              @ Abbrev [10] 0x401:0x6 DW_TAG_enumerator
	.long	.Linfo_string131                @ DW_AT_name
	.byte	49                              @ DW_AT_const_value
	.byte	10                              @ Abbrev [10] 0x407:0x6 DW_TAG_enumerator
	.long	.Linfo_string132                @ DW_AT_name
	.byte	64                              @ DW_AT_const_value
	.byte	10                              @ Abbrev [10] 0x40d:0x6 DW_TAG_enumerator
	.long	.Linfo_string133                @ DW_AT_name
	.byte	65                              @ DW_AT_const_value
	.byte	0                               @ End Of Children Mark
	.byte	9                               @ Abbrev [9] 0x414:0x4d DW_TAG_enumeration_type
	.long	158                             @ DW_AT_type
	.byte	2                               @ DW_AT_byte_size
	.byte	5                               @ DW_AT_decl_file
	.byte	81                              @ DW_AT_decl_line
	.byte	10                              @ Abbrev [10] 0x41c:0x8 DW_TAG_enumerator
	.long	.Linfo_string134                @ DW_AT_name
	.ascii	"\377\377\003"                  @ DW_AT_const_value
	.byte	10                              @ Abbrev [10] 0x424:0x6 DW_TAG_enumerator
	.long	.Linfo_string135                @ DW_AT_name
	.byte	16                              @ DW_AT_const_value
	.byte	10                              @ Abbrev [10] 0x42a:0x6 DW_TAG_enumerator
	.long	.Linfo_string136                @ DW_AT_name
	.byte	20                              @ DW_AT_const_value
	.byte	10                              @ Abbrev [10] 0x430:0x6 DW_TAG_enumerator
	.long	.Linfo_string137                @ DW_AT_name
	.byte	22                              @ DW_AT_const_value
	.byte	10                              @ Abbrev [10] 0x436:0x6 DW_TAG_enumerator
	.long	.Linfo_string138                @ DW_AT_name
	.byte	48                              @ DW_AT_const_value
	.byte	10                              @ Abbrev [10] 0x43c:0x6 DW_TAG_enumerator
	.long	.Linfo_string139                @ DW_AT_name
	.byte	49                              @ DW_AT_const_value
	.byte	10                              @ Abbrev [10] 0x442:0x6 DW_TAG_enumerator
	.long	.Linfo_string140                @ DW_AT_name
	.byte	64                              @ DW_AT_const_value
	.byte	10                              @ Abbrev [10] 0x448:0x6 DW_TAG_enumerator
	.long	.Linfo_string141                @ DW_AT_name
	.byte	65                              @ DW_AT_const_value
	.byte	10                              @ Abbrev [10] 0x44e:0x6 DW_TAG_enumerator
	.long	.Linfo_string142                @ DW_AT_name
	.byte	66                              @ DW_AT_const_value
	.byte	10                              @ Abbrev [10] 0x454:0x6 DW_TAG_enumerator
	.long	.Linfo_string143                @ DW_AT_name
	.byte	68                              @ DW_AT_const_value
	.byte	10                              @ Abbrev [10] 0x45a:0x6 DW_TAG_enumerator
	.long	.Linfo_string144                @ DW_AT_name
	.byte	70                              @ DW_AT_const_value
	.byte	0                               @ End Of Children Mark
	.byte	9                               @ Abbrev [9] 0x461:0x15 DW_TAG_enumeration_type
	.long	106                             @ DW_AT_type
	.byte	1                               @ DW_AT_byte_size
	.byte	4                               @ DW_AT_decl_file
	.byte	140                             @ DW_AT_decl_line
	.byte	10                              @ Abbrev [10] 0x469:0x6 DW_TAG_enumerator
	.long	.Linfo_string145                @ DW_AT_name
	.byte	0                               @ DW_AT_const_value
	.byte	10                              @ Abbrev [10] 0x46f:0x6 DW_TAG_enumerator
	.long	.Linfo_string146                @ DW_AT_name
	.byte	1                               @ DW_AT_const_value
	.byte	0                               @ End Of Children Mark
	.byte	9                               @ Abbrev [9] 0x476:0x15 DW_TAG_enumeration_type
	.long	106                             @ DW_AT_type
	.byte	1                               @ DW_AT_byte_size
	.byte	4                               @ DW_AT_decl_file
	.byte	146                             @ DW_AT_decl_line
	.byte	10                              @ Abbrev [10] 0x47e:0x6 DW_TAG_enumerator
	.long	.Linfo_string147                @ DW_AT_name
	.byte	0                               @ DW_AT_const_value
	.byte	10                              @ Abbrev [10] 0x484:0x6 DW_TAG_enumerator
	.long	.Linfo_string148                @ DW_AT_name
	.byte	1                               @ DW_AT_const_value
	.byte	0                               @ End Of Children Mark
	.byte	9                               @ Abbrev [9] 0x48b:0xde DW_TAG_enumeration_type
	.long	1385                            @ DW_AT_type
	.byte	4                               @ DW_AT_byte_size
	.byte	4                               @ DW_AT_decl_file
	.byte	89                              @ DW_AT_decl_line
	.byte	10                              @ Abbrev [10] 0x493:0x8 DW_TAG_enumerator
	.long	.Linfo_string150                @ DW_AT_name
	.ascii	"\200\200\004"                  @ DW_AT_const_value
	.byte	10                              @ Abbrev [10] 0x49b:0x6 DW_TAG_enumerator
	.long	.Linfo_string151                @ DW_AT_name
	.byte	0                               @ DW_AT_const_value
	.byte	10                              @ Abbrev [10] 0x4a1:0x8 DW_TAG_enumerator
	.long	.Linfo_string152                @ DW_AT_name
	.ascii	"\200\200\001"                  @ DW_AT_const_value
	.byte	10                              @ Abbrev [10] 0x4a9:0x8 DW_TAG_enumerator
	.long	.Linfo_string153                @ DW_AT_name
	.ascii	"\200\200\002"                  @ DW_AT_const_value
	.byte	10                              @ Abbrev [10] 0x4b1:0x8 DW_TAG_enumerator
	.long	.Linfo_string154                @ DW_AT_name
	.ascii	"\200\200\003"                  @ DW_AT_const_value
	.byte	10                              @ Abbrev [10] 0x4b9:0x7 DW_TAG_enumerator
	.long	.Linfo_string155                @ DW_AT_name
	.ascii	"\200`"                         @ DW_AT_const_value
	.byte	10                              @ Abbrev [10] 0x4c0:0x7 DW_TAG_enumerator
	.long	.Linfo_string156                @ DW_AT_name
	.ascii	"\200 "                         @ DW_AT_const_value
	.byte	10                              @ Abbrev [10] 0x4c7:0x7 DW_TAG_enumerator
	.long	.Linfo_string157                @ DW_AT_name
	.ascii	"\200\020"                      @ DW_AT_const_value
	.byte	10                              @ Abbrev [10] 0x4ce:0x6 DW_TAG_enumerator
	.long	.Linfo_string158                @ DW_AT_name
	.byte	0                               @ DW_AT_const_value
	.byte	10                              @ Abbrev [10] 0x4d4:0x6 DW_TAG_enumerator
	.long	.Linfo_string159                @ DW_AT_name
	.byte	64                              @ DW_AT_const_value
	.byte	10                              @ Abbrev [10] 0x4da:0x7 DW_TAG_enumerator
	.long	.Linfo_string160                @ DW_AT_name
	.ascii	"\300\001"                      @ DW_AT_const_value
	.byte	10                              @ Abbrev [10] 0x4e1:0x6 DW_TAG_enumerator
	.long	.Linfo_string161                @ DW_AT_name
	.byte	0                               @ DW_AT_const_value
	.byte	10                              @ Abbrev [10] 0x4e7:0x6 DW_TAG_enumerator
	.long	.Linfo_string162                @ DW_AT_name
	.byte	8                               @ DW_AT_const_value
	.byte	10                              @ Abbrev [10] 0x4ed:0x6 DW_TAG_enumerator
	.long	.Linfo_string163                @ DW_AT_name
	.byte	16                              @ DW_AT_const_value
	.byte	10                              @ Abbrev [10] 0x4f3:0x6 DW_TAG_enumerator
	.long	.Linfo_string164                @ DW_AT_name
	.byte	24                              @ DW_AT_const_value
	.byte	10                              @ Abbrev [10] 0x4f9:0x6 DW_TAG_enumerator
	.long	.Linfo_string165                @ DW_AT_name
	.byte	32                              @ DW_AT_const_value
	.byte	10                              @ Abbrev [10] 0x4ff:0x6 DW_TAG_enumerator
	.long	.Linfo_string166                @ DW_AT_name
	.byte	40                              @ DW_AT_const_value
	.byte	10                              @ Abbrev [10] 0x505:0x6 DW_TAG_enumerator
	.long	.Linfo_string167                @ DW_AT_name
	.byte	48                              @ DW_AT_const_value
	.byte	10                              @ Abbrev [10] 0x50b:0x6 DW_TAG_enumerator
	.long	.Linfo_string168                @ DW_AT_name
	.byte	56                              @ DW_AT_const_value
	.byte	10                              @ Abbrev [10] 0x511:0x6 DW_TAG_enumerator
	.long	.Linfo_string169                @ DW_AT_name
	.byte	0                               @ DW_AT_const_value
	.byte	10                              @ Abbrev [10] 0x517:0x6 DW_TAG_enumerator
	.long	.Linfo_string170                @ DW_AT_name
	.byte	1                               @ DW_AT_const_value
	.byte	10                              @ Abbrev [10] 0x51d:0x6 DW_TAG_enumerator
	.long	.Linfo_string171                @ DW_AT_name
	.byte	112                             @ DW_AT_const_value
	.byte	10                              @ Abbrev [10] 0x523:0x6 DW_TAG_enumerator
	.long	.Linfo_string172                @ DW_AT_name
	.byte	72                              @ DW_AT_const_value
	.byte	10                              @ Abbrev [10] 0x529:0x7 DW_TAG_enumerator
	.long	.Linfo_string173                @ DW_AT_name
	.ascii	"\310`"                         @ DW_AT_const_value
	.byte	10                              @ Abbrev [10] 0x530:0x8 DW_TAG_enumerator
	.long	.Linfo_string174                @ DW_AT_name
	.ascii	"\310\340\001"                  @ DW_AT_const_value
	.byte	10                              @ Abbrev [10] 0x538:0x6 DW_TAG_enumerator
	.long	.Linfo_string175                @ DW_AT_name
	.byte	72                              @ DW_AT_const_value
	.byte	10                              @ Abbrev [10] 0x53e:0x7 DW_TAG_enumerator
	.long	.Linfo_string176                @ DW_AT_name
	.ascii	"\310\020"                      @ DW_AT_const_value
	.byte	10                              @ Abbrev [10] 0x545:0x6 DW_TAG_enumerator
	.long	.Linfo_string177                @ DW_AT_name
	.byte	72                              @ DW_AT_const_value
	.byte	10                              @ Abbrev [10] 0x54b:0x7 DW_TAG_enumerator
	.long	.Linfo_string178                @ DW_AT_name
	.ascii	"\310\020"                      @ DW_AT_const_value
	.byte	10                              @ Abbrev [10] 0x552:0x7 DW_TAG_enumerator
	.long	.Linfo_string179                @ DW_AT_name
	.ascii	"\310a"                         @ DW_AT_const_value
	.byte	10                              @ Abbrev [10] 0x559:0x8 DW_TAG_enumerator
	.long	.Linfo_string180                @ DW_AT_name
	.ascii	"\310\341\001"                  @ DW_AT_const_value
	.byte	10                              @ Abbrev [10] 0x561:0x7 DW_TAG_enumerator
	.long	.Linfo_string181                @ DW_AT_name
	.ascii	"\310\001"                      @ DW_AT_const_value
	.byte	0                               @ End Of Children Mark
	.byte	5                               @ Abbrev [5] 0x569:0x7 DW_TAG_base_type
	.long	.Linfo_string149                @ DW_AT_name
	.byte	7                               @ DW_AT_encoding
	.byte	4                               @ DW_AT_byte_size
	.byte	5                               @ Abbrev [5] 0x570:0x7 DW_TAG_base_type
	.long	.Linfo_string182                @ DW_AT_name
	.byte	4                               @ DW_AT_encoding
	.byte	4                               @ DW_AT_byte_size
	.byte	8                               @ Abbrev [8] 0x577:0xb DW_TAG_typedef
	.long	1410                            @ DW_AT_type
	.long	.Linfo_string184                @ DW_AT_name
	.byte	2                               @ DW_AT_decl_file
	.byte	61                              @ DW_AT_decl_line
	.byte	5                               @ Abbrev [5] 0x582:0x7 DW_TAG_base_type
	.long	.Linfo_string183                @ DW_AT_name
	.byte	5                               @ DW_AT_encoding
	.byte	2                               @ DW_AT_byte_size
	.byte	11                              @ Abbrev [11] 0x589:0x5 DW_TAG_pointer_type
	.long	1422                            @ DW_AT_type
	.byte	12                              @ Abbrev [12] 0x58e:0x5 DW_TAG_const_type
	.long	64                              @ DW_AT_type
	.byte	5                               @ Abbrev [5] 0x593:0x7 DW_TAG_base_type
	.long	.Linfo_string185                @ DW_AT_name
	.byte	5                               @ DW_AT_encoding
	.byte	4                               @ DW_AT_byte_size
	.byte	11                              @ Abbrev [11] 0x59a:0x5 DW_TAG_pointer_type
	.long	95                              @ DW_AT_type
	.byte	13                              @ Abbrev [13] 0x59f:0x4d DW_TAG_subprogram
	.long	.Lfunc_begin0                   @ DW_AT_low_pc
	.long	.Lfunc_end0-.Lfunc_begin0       @ DW_AT_high_pc
	.byte	1                               @ DW_AT_frame_base
	.byte	87
	.long	.Linfo_string186                @ DW_AT_name
	.byte	1                               @ DW_AT_decl_file
	.short	273                             @ DW_AT_decl_line
                                        @ DW_AT_prototyped
                                        @ DW_AT_external
	.byte	14                              @ Abbrev [14] 0x5b1:0xc DW_TAG_variable
	.byte	2                               @ DW_AT_location
	.byte	145
	.byte	112
	.long	.Linfo_string211                @ DW_AT_name
	.long	1385                            @ DW_AT_type
                                        @ DW_AT_artificial
	.byte	15                              @ Abbrev [15] 0x5bd:0xf DW_TAG_variable
	.byte	2                               @ DW_AT_location
	.byte	145
	.byte	108
	.long	.Linfo_string212                @ DW_AT_name
	.byte	1                               @ DW_AT_decl_file
	.short	276                             @ DW_AT_decl_line
	.long	4075                            @ DW_AT_type
	.byte	15                              @ Abbrev [15] 0x5cc:0xf DW_TAG_variable
	.byte	2                               @ DW_AT_location
	.byte	145
	.byte	104
	.long	.Linfo_string214                @ DW_AT_name
	.byte	1                               @ DW_AT_decl_file
	.short	276                             @ DW_AT_decl_line
	.long	4075                            @ DW_AT_type
	.byte	16                              @ Abbrev [16] 0x5db:0x10 DW_TAG_variable
	.long	.Ldebug_loc0                    @ DW_AT_location
	.long	.Linfo_string215                @ DW_AT_name
	.byte	1                               @ DW_AT_decl_file
	.short	275                             @ DW_AT_decl_line
	.long	4086                            @ DW_AT_type
	.byte	0                               @ End Of Children Mark
	.byte	17                              @ Abbrev [17] 0x5ec:0x2e DW_TAG_subprogram
	.long	.Lfunc_begin1                   @ DW_AT_low_pc
	.long	.Lfunc_end1-.Lfunc_begin1       @ DW_AT_high_pc
	.byte	1                               @ DW_AT_frame_base
	.byte	93
	.long	.Linfo_string187                @ DW_AT_name
	.byte	7                               @ DW_AT_decl_file
	.byte	149                             @ DW_AT_decl_line
                                        @ DW_AT_prototyped
	.byte	18                              @ Abbrev [18] 0x5fd:0xe DW_TAG_formal_parameter
	.byte	2                               @ DW_AT_location
	.byte	145
	.byte	4
	.long	.Linfo_string216                @ DW_AT_name
	.byte	7                               @ DW_AT_decl_file
	.byte	149                             @ DW_AT_decl_line
	.long	4101                            @ DW_AT_type
	.byte	18                              @ Abbrev [18] 0x60b:0xe DW_TAG_formal_parameter
	.byte	2                               @ DW_AT_location
	.byte	145
	.byte	0
	.long	.Linfo_string232                @ DW_AT_name
	.byte	7                               @ DW_AT_decl_file
	.byte	149                             @ DW_AT_decl_line
	.long	4285                            @ DW_AT_type
	.byte	0                               @ End Of Children Mark
	.byte	17                              @ Abbrev [17] 0x61a:0x4a DW_TAG_subprogram
	.long	.Lfunc_begin2                   @ DW_AT_low_pc
	.long	.Lfunc_end2-.Lfunc_begin2       @ DW_AT_high_pc
	.byte	1                               @ DW_AT_frame_base
	.byte	93
	.long	.Linfo_string188                @ DW_AT_name
	.byte	1                               @ DW_AT_decl_file
	.byte	172                             @ DW_AT_decl_line
                                        @ DW_AT_prototyped
	.byte	18                              @ Abbrev [18] 0x62b:0xe DW_TAG_formal_parameter
	.byte	2                               @ DW_AT_location
	.byte	145
	.byte	46
	.long	.Linfo_string233                @ DW_AT_name
	.byte	1                               @ DW_AT_decl_file
	.byte	172                             @ DW_AT_decl_line
	.long	4324                            @ DW_AT_type
	.byte	18                              @ Abbrev [18] 0x639:0xe DW_TAG_formal_parameter
	.byte	2                               @ DW_AT_location
	.byte	145
	.byte	44
	.long	.Linfo_string234                @ DW_AT_name
	.byte	1                               @ DW_AT_decl_file
	.byte	172                             @ DW_AT_decl_line
	.long	4324                            @ DW_AT_type
	.byte	18                              @ Abbrev [18] 0x647:0xe DW_TAG_formal_parameter
	.byte	2                               @ DW_AT_location
	.byte	145
	.byte	42
	.long	.Linfo_string235                @ DW_AT_name
	.byte	1                               @ DW_AT_decl_file
	.byte	172                             @ DW_AT_decl_line
	.long	4324                            @ DW_AT_type
	.byte	18                              @ Abbrev [18] 0x655:0xe DW_TAG_formal_parameter
	.byte	2                               @ DW_AT_location
	.byte	145
	.byte	40
	.long	.Linfo_string236                @ DW_AT_name
	.byte	1                               @ DW_AT_decl_file
	.byte	172                             @ DW_AT_decl_line
	.long	4324                            @ DW_AT_type
	.byte	0                               @ End Of Children Mark
	.byte	17                              @ Abbrev [17] 0x664:0x2e DW_TAG_subprogram
	.long	.Lfunc_begin3                   @ DW_AT_low_pc
	.long	.Lfunc_end3-.Lfunc_begin3       @ DW_AT_high_pc
	.byte	1                               @ DW_AT_frame_base
	.byte	93
	.long	.Linfo_string189                @ DW_AT_name
	.byte	7                               @ DW_AT_decl_file
	.byte	125                             @ DW_AT_decl_line
                                        @ DW_AT_prototyped
	.byte	18                              @ Abbrev [18] 0x675:0xe DW_TAG_formal_parameter
	.byte	2                               @ DW_AT_location
	.byte	145
	.byte	4
	.long	.Linfo_string216                @ DW_AT_name
	.byte	7                               @ DW_AT_decl_file
	.byte	125                             @ DW_AT_decl_line
	.long	4101                            @ DW_AT_type
	.byte	18                              @ Abbrev [18] 0x683:0xe DW_TAG_formal_parameter
	.byte	2                               @ DW_AT_location
	.byte	145
	.byte	0
	.long	.Linfo_string232                @ DW_AT_name
	.byte	7                               @ DW_AT_decl_file
	.byte	125                             @ DW_AT_decl_line
	.long	4285                            @ DW_AT_type
	.byte	0                               @ End Of Children Mark
	.byte	13                              @ Abbrev [13] 0x692:0x5c DW_TAG_subprogram
	.long	.Lfunc_begin4                   @ DW_AT_low_pc
	.long	.Lfunc_end4-.Lfunc_begin4       @ DW_AT_high_pc
	.byte	1                               @ DW_AT_frame_base
	.byte	87
	.long	.Linfo_string190                @ DW_AT_name
	.byte	1                               @ DW_AT_decl_file
	.short	298                             @ DW_AT_decl_line
                                        @ DW_AT_prototyped
                                        @ DW_AT_external
	.byte	19                              @ Abbrev [19] 0x6a4:0xf DW_TAG_formal_parameter
	.byte	2                               @ DW_AT_location
	.byte	145
	.byte	118
	.long	.Linfo_string237                @ DW_AT_name
	.byte	1                               @ DW_AT_decl_file
	.short	298                             @ DW_AT_decl_line
	.long	4324                            @ DW_AT_type
	.byte	14                              @ Abbrev [14] 0x6b3:0xc DW_TAG_variable
	.byte	2                               @ DW_AT_location
	.byte	145
	.byte	108
	.long	.Linfo_string211                @ DW_AT_name
	.long	1385                            @ DW_AT_type
                                        @ DW_AT_artificial
	.byte	15                              @ Abbrev [15] 0x6bf:0xf DW_TAG_variable
	.byte	2                               @ DW_AT_location
	.byte	145
	.byte	104
	.long	.Linfo_string212                @ DW_AT_name
	.byte	1                               @ DW_AT_decl_file
	.short	301                             @ DW_AT_decl_line
	.long	4075                            @ DW_AT_type
	.byte	15                              @ Abbrev [15] 0x6ce:0xf DW_TAG_variable
	.byte	2                               @ DW_AT_location
	.byte	145
	.byte	100
	.long	.Linfo_string214                @ DW_AT_name
	.byte	1                               @ DW_AT_decl_file
	.short	301                             @ DW_AT_decl_line
	.long	4075                            @ DW_AT_type
	.byte	16                              @ Abbrev [16] 0x6dd:0x10 DW_TAG_variable
	.long	.Ldebug_loc1                    @ DW_AT_location
	.long	.Linfo_string215                @ DW_AT_name
	.byte	1                               @ DW_AT_decl_file
	.short	300                             @ DW_AT_decl_line
	.long	4329                            @ DW_AT_type
	.byte	0                               @ End Of Children Mark
	.byte	13                              @ Abbrev [13] 0x6ee:0x22 DW_TAG_subprogram
	.long	.Lfunc_begin5                   @ DW_AT_low_pc
	.long	.Lfunc_end5-.Lfunc_begin5       @ DW_AT_high_pc
	.byte	1                               @ DW_AT_frame_base
	.byte	93
	.long	.Linfo_string191                @ DW_AT_name
	.byte	1                               @ DW_AT_decl_file
	.short	323                             @ DW_AT_decl_line
                                        @ DW_AT_prototyped
                                        @ DW_AT_external
	.byte	19                              @ Abbrev [19] 0x700:0xf DW_TAG_formal_parameter
	.byte	2                               @ DW_AT_location
	.byte	145
	.byte	7
	.long	.Linfo_string238                @ DW_AT_name
	.byte	1                               @ DW_AT_decl_file
	.short	323                             @ DW_AT_decl_line
	.long	182                             @ DW_AT_type
	.byte	0                               @ End Of Children Mark
	.byte	13                              @ Abbrev [13] 0x710:0x22 DW_TAG_subprogram
	.long	.Lfunc_begin6                   @ DW_AT_low_pc
	.long	.Lfunc_end6-.Lfunc_begin6       @ DW_AT_high_pc
	.byte	1                               @ DW_AT_frame_base
	.byte	93
	.long	.Linfo_string192                @ DW_AT_name
	.byte	1                               @ DW_AT_decl_file
	.short	350                             @ DW_AT_decl_line
                                        @ DW_AT_prototyped
                                        @ DW_AT_external
	.byte	19                              @ Abbrev [19] 0x722:0xf DW_TAG_formal_parameter
	.byte	2                               @ DW_AT_location
	.byte	145
	.byte	3
	.long	.Linfo_string239                @ DW_AT_name
	.byte	1                               @ DW_AT_decl_file
	.short	350                             @ DW_AT_decl_line
	.long	243                             @ DW_AT_type
	.byte	0                               @ End Of Children Mark
	.byte	13                              @ Abbrev [13] 0x732:0x31 DW_TAG_subprogram
	.long	.Lfunc_begin7                   @ DW_AT_low_pc
	.long	.Lfunc_end7-.Lfunc_begin7       @ DW_AT_high_pc
	.byte	1                               @ DW_AT_frame_base
	.byte	93
	.long	.Linfo_string193                @ DW_AT_name
	.byte	1                               @ DW_AT_decl_file
	.short	363                             @ DW_AT_decl_line
                                        @ DW_AT_prototyped
                                        @ DW_AT_external
	.byte	19                              @ Abbrev [19] 0x744:0xf DW_TAG_formal_parameter
	.byte	2                               @ DW_AT_location
	.byte	145
	.byte	2
	.long	.Linfo_string240                @ DW_AT_name
	.byte	1                               @ DW_AT_decl_file
	.short	363                             @ DW_AT_decl_line
	.long	4324                            @ DW_AT_type
	.byte	19                              @ Abbrev [19] 0x753:0xf DW_TAG_formal_parameter
	.byte	2                               @ DW_AT_location
	.byte	145
	.byte	0
	.long	.Linfo_string241                @ DW_AT_name
	.byte	1                               @ DW_AT_decl_file
	.short	363                             @ DW_AT_decl_line
	.long	4324                            @ DW_AT_type
	.byte	0                               @ End Of Children Mark
	.byte	13                              @ Abbrev [13] 0x763:0x40 DW_TAG_subprogram
	.long	.Lfunc_begin8                   @ DW_AT_low_pc
	.long	.Lfunc_end8-.Lfunc_begin8       @ DW_AT_high_pc
	.byte	1                               @ DW_AT_frame_base
	.byte	93
	.long	.Linfo_string194                @ DW_AT_name
	.byte	1                               @ DW_AT_decl_file
	.short	378                             @ DW_AT_decl_line
                                        @ DW_AT_prototyped
                                        @ DW_AT_external
	.byte	19                              @ Abbrev [19] 0x775:0xf DW_TAG_formal_parameter
	.byte	2                               @ DW_AT_location
	.byte	145
	.byte	22
	.long	.Linfo_string242                @ DW_AT_name
	.byte	1                               @ DW_AT_decl_file
	.short	378                             @ DW_AT_decl_line
	.long	147                             @ DW_AT_type
	.byte	19                              @ Abbrev [19] 0x784:0xf DW_TAG_formal_parameter
	.byte	2                               @ DW_AT_location
	.byte	145
	.byte	20
	.long	.Linfo_string243                @ DW_AT_name
	.byte	1                               @ DW_AT_decl_file
	.short	378                             @ DW_AT_decl_line
	.long	147                             @ DW_AT_type
	.byte	19                              @ Abbrev [19] 0x793:0xf DW_TAG_formal_parameter
	.byte	2                               @ DW_AT_location
	.byte	145
	.byte	18
	.long	.Linfo_string237                @ DW_AT_name
	.byte	1                               @ DW_AT_decl_file
	.short	378                             @ DW_AT_decl_line
	.long	4324                            @ DW_AT_type
	.byte	0                               @ End Of Children Mark
	.byte	13                              @ Abbrev [13] 0x7a3:0x9a DW_TAG_subprogram
	.long	.Lfunc_begin9                   @ DW_AT_low_pc
	.long	.Lfunc_end9-.Lfunc_begin9       @ DW_AT_high_pc
	.byte	1                               @ DW_AT_frame_base
	.byte	93
	.long	.Linfo_string195                @ DW_AT_name
	.byte	1                               @ DW_AT_decl_file
	.short	402                             @ DW_AT_decl_line
                                        @ DW_AT_prototyped
                                        @ DW_AT_external
	.byte	19                              @ Abbrev [19] 0x7b5:0xf DW_TAG_formal_parameter
	.byte	2                               @ DW_AT_location
	.byte	145
	.byte	54
	.long	.Linfo_string244                @ DW_AT_name
	.byte	1                               @ DW_AT_decl_file
	.short	402                             @ DW_AT_decl_line
	.long	147                             @ DW_AT_type
	.byte	19                              @ Abbrev [19] 0x7c4:0xf DW_TAG_formal_parameter
	.byte	2                               @ DW_AT_location
	.byte	145
	.byte	52
	.long	.Linfo_string245                @ DW_AT_name
	.byte	1                               @ DW_AT_decl_file
	.short	402                             @ DW_AT_decl_line
	.long	147                             @ DW_AT_type
	.byte	19                              @ Abbrev [19] 0x7d3:0xf DW_TAG_formal_parameter
	.byte	2                               @ DW_AT_location
	.byte	145
	.byte	50
	.long	.Linfo_string246                @ DW_AT_name
	.byte	1                               @ DW_AT_decl_file
	.short	402                             @ DW_AT_decl_line
	.long	147                             @ DW_AT_type
	.byte	19                              @ Abbrev [19] 0x7e2:0xf DW_TAG_formal_parameter
	.byte	2                               @ DW_AT_location
	.byte	145
	.byte	48
	.long	.Linfo_string247                @ DW_AT_name
	.byte	1                               @ DW_AT_decl_file
	.short	402                             @ DW_AT_decl_line
	.long	147                             @ DW_AT_type
	.byte	19                              @ Abbrev [19] 0x7f1:0xf DW_TAG_formal_parameter
	.byte	2                               @ DW_AT_location
	.byte	145
	.byte	46
	.long	.Linfo_string237                @ DW_AT_name
	.byte	1                               @ DW_AT_decl_file
	.short	402                             @ DW_AT_decl_line
	.long	4324                            @ DW_AT_type
	.byte	15                              @ Abbrev [15] 0x800:0xf DW_TAG_variable
	.byte	2                               @ DW_AT_location
	.byte	145
	.byte	44
	.long	.Linfo_string248                @ DW_AT_name
	.byte	1                               @ DW_AT_decl_file
	.short	411                             @ DW_AT_decl_line
	.long	1399                            @ DW_AT_type
	.byte	15                              @ Abbrev [15] 0x80f:0xf DW_TAG_variable
	.byte	2                               @ DW_AT_location
	.byte	145
	.byte	42
	.long	.Linfo_string249                @ DW_AT_name
	.byte	1                               @ DW_AT_decl_file
	.short	412                             @ DW_AT_decl_line
	.long	1399                            @ DW_AT_type
	.byte	15                              @ Abbrev [15] 0x81e:0xf DW_TAG_variable
	.byte	2                               @ DW_AT_location
	.byte	145
	.byte	36
	.long	.Linfo_string250                @ DW_AT_name
	.byte	1                               @ DW_AT_decl_file
	.short	413                             @ DW_AT_decl_line
	.long	1392                            @ DW_AT_type
	.byte	15                              @ Abbrev [15] 0x82d:0xf DW_TAG_variable
	.byte	2                               @ DW_AT_location
	.byte	145
	.byte	32
	.long	.Linfo_string251                @ DW_AT_name
	.byte	1                               @ DW_AT_decl_file
	.short	414                             @ DW_AT_decl_line
	.long	1392                            @ DW_AT_type
	.byte	0                               @ End Of Children Mark
	.byte	13                              @ Abbrev [13] 0x83d:0xd8 DW_TAG_subprogram
	.long	.Lfunc_begin10                  @ DW_AT_low_pc
	.long	.Lfunc_end10-.Lfunc_begin10     @ DW_AT_high_pc
	.byte	1                               @ DW_AT_frame_base
	.byte	93
	.long	.Linfo_string196                @ DW_AT_name
	.byte	1                               @ DW_AT_decl_file
	.short	465                             @ DW_AT_decl_line
                                        @ DW_AT_prototyped
                                        @ DW_AT_external
	.byte	19                              @ Abbrev [19] 0x84f:0x10 DW_TAG_formal_parameter
	.byte	3                               @ DW_AT_location
	.byte	145
	.ascii	"\366\002"
	.long	.Linfo_string242                @ DW_AT_name
	.byte	1                               @ DW_AT_decl_file
	.short	465                             @ DW_AT_decl_line
	.long	147                             @ DW_AT_type
	.byte	19                              @ Abbrev [19] 0x85f:0x10 DW_TAG_formal_parameter
	.byte	3                               @ DW_AT_location
	.byte	145
	.ascii	"\364\002"
	.long	.Linfo_string243                @ DW_AT_name
	.byte	1                               @ DW_AT_decl_file
	.short	465                             @ DW_AT_decl_line
	.long	147                             @ DW_AT_type
	.byte	19                              @ Abbrev [19] 0x86f:0x10 DW_TAG_formal_parameter
	.byte	3                               @ DW_AT_location
	.byte	145
	.ascii	"\363\002"
	.long	.Linfo_string252                @ DW_AT_name
	.byte	1                               @ DW_AT_decl_file
	.short	465                             @ DW_AT_decl_line
	.long	1422                            @ DW_AT_type
	.byte	15                              @ Abbrev [15] 0x87f:0x10 DW_TAG_variable
	.byte	3                               @ DW_AT_location
	.byte	145
	.ascii	"\362\002"
	.long	.Linfo_string212                @ DW_AT_name
	.byte	1                               @ DW_AT_decl_file
	.short	472                             @ DW_AT_decl_line
	.long	95                              @ DW_AT_type
	.byte	15                              @ Abbrev [15] 0x88f:0x10 DW_TAG_variable
	.byte	3                               @ DW_AT_location
	.byte	145
	.ascii	"\361\002"
	.long	.Linfo_string214                @ DW_AT_name
	.byte	1                               @ DW_AT_decl_file
	.short	472                             @ DW_AT_decl_line
	.long	95                              @ DW_AT_type
	.byte	20                              @ Abbrev [20] 0x89f:0x34 DW_TAG_lexical_block
	.long	.Ltmp85                         @ DW_AT_low_pc
	.long	.Ltmp102-.Ltmp85                @ DW_AT_high_pc
	.byte	15                              @ Abbrev [15] 0x8a8:0x10 DW_TAG_variable
	.byte	3                               @ DW_AT_location
	.byte	145
	.ascii	"\220\002"
	.long	.Linfo_string253                @ DW_AT_name
	.byte	1                               @ DW_AT_decl_file
	.short	479                             @ DW_AT_decl_line
	.long	4344                            @ DW_AT_type
	.byte	20                              @ Abbrev [20] 0x8b8:0x1a DW_TAG_lexical_block
	.long	.Ltmp89                         @ DW_AT_low_pc
	.long	.Ltmp100-.Ltmp89                @ DW_AT_high_pc
	.byte	15                              @ Abbrev [15] 0x8c1:0x10 DW_TAG_variable
	.byte	3                               @ DW_AT_location
	.byte	145
	.ascii	"\217\002"
	.long	.Linfo_string254                @ DW_AT_name
	.byte	1                               @ DW_AT_decl_file
	.short	484                             @ DW_AT_decl_line
	.long	95                              @ DW_AT_type
	.byte	0                               @ End Of Children Mark
	.byte	0                               @ End Of Children Mark
	.byte	20                              @ Abbrev [20] 0x8d3:0x41 DW_TAG_lexical_block
	.long	.Ltmp103                        @ DW_AT_low_pc
	.long	.Ltmp130-.Ltmp103               @ DW_AT_high_pc
	.byte	15                              @ Abbrev [15] 0x8dc:0xf DW_TAG_variable
	.byte	2                               @ DW_AT_location
	.byte	145
	.byte	14
	.long	.Linfo_string253                @ DW_AT_name
	.byte	1                               @ DW_AT_decl_file
	.short	502                             @ DW_AT_decl_line
	.long	4356                            @ DW_AT_type
	.byte	20                              @ Abbrev [20] 0x8eb:0x28 DW_TAG_lexical_block
	.long	.Ltmp107                        @ DW_AT_low_pc
	.long	.Ltmp128-.Ltmp107               @ DW_AT_high_pc
	.byte	15                              @ Abbrev [15] 0x8f4:0xf DW_TAG_variable
	.byte	2                               @ DW_AT_location
	.byte	145
	.byte	13
	.long	.Linfo_string254                @ DW_AT_name
	.byte	1                               @ DW_AT_decl_file
	.short	506                             @ DW_AT_decl_line
	.long	95                              @ DW_AT_type
	.byte	15                              @ Abbrev [15] 0x903:0xf DW_TAG_variable
	.byte	2                               @ DW_AT_location
	.byte	145
	.byte	12
	.long	.Linfo_string255                @ DW_AT_name
	.byte	1                               @ DW_AT_decl_file
	.short	507                             @ DW_AT_decl_line
	.long	95                              @ DW_AT_type
	.byte	0                               @ End Of Children Mark
	.byte	0                               @ End Of Children Mark
	.byte	0                               @ End Of Children Mark
	.byte	13                              @ Abbrev [13] 0x915:0x4f DW_TAG_subprogram
	.long	.Lfunc_begin11                  @ DW_AT_low_pc
	.long	.Lfunc_end11-.Lfunc_begin11     @ DW_AT_high_pc
	.byte	1                               @ DW_AT_frame_base
	.byte	93
	.long	.Linfo_string197                @ DW_AT_name
	.byte	1                               @ DW_AT_decl_file
	.short	552                             @ DW_AT_decl_line
                                        @ DW_AT_prototyped
                                        @ DW_AT_external
	.byte	19                              @ Abbrev [19] 0x927:0xf DW_TAG_formal_parameter
	.byte	2                               @ DW_AT_location
	.byte	145
	.byte	22
	.long	.Linfo_string242                @ DW_AT_name
	.byte	1                               @ DW_AT_decl_file
	.short	552                             @ DW_AT_decl_line
	.long	147                             @ DW_AT_type
	.byte	19                              @ Abbrev [19] 0x936:0xf DW_TAG_formal_parameter
	.byte	2                               @ DW_AT_location
	.byte	145
	.byte	20
	.long	.Linfo_string243                @ DW_AT_name
	.byte	1                               @ DW_AT_decl_file
	.short	552                             @ DW_AT_decl_line
	.long	147                             @ DW_AT_type
	.byte	19                              @ Abbrev [19] 0x945:0xf DW_TAG_formal_parameter
	.byte	2                               @ DW_AT_location
	.byte	145
	.byte	16
	.long	.Linfo_string252                @ DW_AT_name
	.byte	1                               @ DW_AT_decl_file
	.short	552                             @ DW_AT_decl_line
	.long	1417                            @ DW_AT_type
	.byte	15                              @ Abbrev [15] 0x954:0xf DW_TAG_variable
	.byte	2                               @ DW_AT_location
	.byte	145
	.byte	14
	.long	.Linfo_string214                @ DW_AT_name
	.byte	1                               @ DW_AT_decl_file
	.short	559                             @ DW_AT_decl_line
	.long	147                             @ DW_AT_type
	.byte	0                               @ End Of Children Mark
	.byte	13                              @ Abbrev [13] 0x964:0x7c DW_TAG_subprogram
	.long	.Lfunc_begin12                  @ DW_AT_low_pc
	.long	.Lfunc_end12-.Lfunc_begin12     @ DW_AT_high_pc
	.byte	1                               @ DW_AT_frame_base
	.byte	93
	.long	.Linfo_string198                @ DW_AT_name
	.byte	1                               @ DW_AT_decl_file
	.short	582                             @ DW_AT_decl_line
                                        @ DW_AT_prototyped
                                        @ DW_AT_external
	.byte	19                              @ Abbrev [19] 0x976:0xf DW_TAG_formal_parameter
	.byte	2                               @ DW_AT_location
	.byte	145
	.byte	46
	.long	.Linfo_string242                @ DW_AT_name
	.byte	1                               @ DW_AT_decl_file
	.short	582                             @ DW_AT_decl_line
	.long	147                             @ DW_AT_type
	.byte	19                              @ Abbrev [19] 0x985:0xf DW_TAG_formal_parameter
	.byte	2                               @ DW_AT_location
	.byte	145
	.byte	44
	.long	.Linfo_string243                @ DW_AT_name
	.byte	1                               @ DW_AT_decl_file
	.short	582                             @ DW_AT_decl_line
	.long	147                             @ DW_AT_type
	.byte	19                              @ Abbrev [19] 0x994:0xf DW_TAG_formal_parameter
	.byte	2                               @ DW_AT_location
	.byte	145
	.byte	40
	.long	.Linfo_string252                @ DW_AT_name
	.byte	1                               @ DW_AT_decl_file
	.short	582                             @ DW_AT_decl_line
	.long	4368                            @ DW_AT_type
	.byte	19                              @ Abbrev [19] 0x9a3:0xf DW_TAG_formal_parameter
	.byte	2                               @ DW_AT_location
	.byte	145
	.byte	39
	.long	.Linfo_string257                @ DW_AT_name
	.byte	1                               @ DW_AT_decl_file
	.short	582                             @ DW_AT_decl_line
	.long	95                              @ DW_AT_type
	.byte	15                              @ Abbrev [15] 0x9b2:0xf DW_TAG_variable
	.byte	2                               @ DW_AT_location
	.byte	145
	.byte	32
	.long	.Linfo_string258                @ DW_AT_name
	.byte	1                               @ DW_AT_decl_file
	.short	591                             @ DW_AT_decl_line
	.long	4373                            @ DW_AT_type
	.byte	15                              @ Abbrev [15] 0x9c1:0xf DW_TAG_variable
	.byte	2                               @ DW_AT_location
	.byte	145
	.byte	28
	.long	.Linfo_string259                @ DW_AT_name
	.byte	1                               @ DW_AT_decl_file
	.short	592                             @ DW_AT_decl_line
	.long	4373                            @ DW_AT_type
	.byte	15                              @ Abbrev [15] 0x9d0:0xf DW_TAG_variable
	.byte	2                               @ DW_AT_location
	.byte	145
	.byte	16
	.long	.Linfo_string260                @ DW_AT_name
	.byte	1                               @ DW_AT_decl_file
	.short	593                             @ DW_AT_decl_line
	.long	4384                            @ DW_AT_type
	.byte	0                               @ End Of Children Mark
	.byte	13                              @ Abbrev [13] 0x9e0:0x7c DW_TAG_subprogram
	.long	.Lfunc_begin13                  @ DW_AT_low_pc
	.long	.Lfunc_end13-.Lfunc_begin13     @ DW_AT_high_pc
	.byte	1                               @ DW_AT_frame_base
	.byte	93
	.long	.Linfo_string199                @ DW_AT_name
	.byte	1                               @ DW_AT_decl_file
	.short	621                             @ DW_AT_decl_line
                                        @ DW_AT_prototyped
                                        @ DW_AT_external
	.byte	19                              @ Abbrev [19] 0x9f2:0xf DW_TAG_formal_parameter
	.byte	2                               @ DW_AT_location
	.byte	145
	.byte	46
	.long	.Linfo_string242                @ DW_AT_name
	.byte	1                               @ DW_AT_decl_file
	.short	621                             @ DW_AT_decl_line
	.long	147                             @ DW_AT_type
	.byte	19                              @ Abbrev [19] 0xa01:0xf DW_TAG_formal_parameter
	.byte	2                               @ DW_AT_location
	.byte	145
	.byte	44
	.long	.Linfo_string243                @ DW_AT_name
	.byte	1                               @ DW_AT_decl_file
	.short	621                             @ DW_AT_decl_line
	.long	147                             @ DW_AT_type
	.byte	19                              @ Abbrev [19] 0xa10:0xf DW_TAG_formal_parameter
	.byte	2                               @ DW_AT_location
	.byte	145
	.byte	40
	.long	.Linfo_string252                @ DW_AT_name
	.byte	1                               @ DW_AT_decl_file
	.short	621                             @ DW_AT_decl_line
	.long	4396                            @ DW_AT_type
	.byte	19                              @ Abbrev [19] 0xa1f:0xf DW_TAG_formal_parameter
	.byte	2                               @ DW_AT_location
	.byte	145
	.byte	39
	.long	.Linfo_string257                @ DW_AT_name
	.byte	1                               @ DW_AT_decl_file
	.short	621                             @ DW_AT_decl_line
	.long	95                              @ DW_AT_type
	.byte	15                              @ Abbrev [15] 0xa2e:0xf DW_TAG_variable
	.byte	2                               @ DW_AT_location
	.byte	145
	.byte	32
	.long	.Linfo_string258                @ DW_AT_name
	.byte	1                               @ DW_AT_decl_file
	.short	630                             @ DW_AT_decl_line
	.long	4075                            @ DW_AT_type
	.byte	15                              @ Abbrev [15] 0xa3d:0xf DW_TAG_variable
	.byte	2                               @ DW_AT_location
	.byte	145
	.byte	28
	.long	.Linfo_string259                @ DW_AT_name
	.byte	1                               @ DW_AT_decl_file
	.short	631                             @ DW_AT_decl_line
	.long	4373                            @ DW_AT_type
	.byte	15                              @ Abbrev [15] 0xa4c:0xf DW_TAG_variable
	.byte	2                               @ DW_AT_location
	.byte	145
	.byte	16
	.long	.Linfo_string260                @ DW_AT_name
	.byte	1                               @ DW_AT_decl_file
	.short	632                             @ DW_AT_decl_line
	.long	4384                            @ DW_AT_type
	.byte	0                               @ End Of Children Mark
	.byte	13                              @ Abbrev [13] 0xa5c:0x8e DW_TAG_subprogram
	.long	.Lfunc_begin14                  @ DW_AT_low_pc
	.long	.Lfunc_end14-.Lfunc_begin14     @ DW_AT_high_pc
	.byte	1                               @ DW_AT_frame_base
	.byte	93
	.long	.Linfo_string200                @ DW_AT_name
	.byte	1                               @ DW_AT_decl_file
	.short	663                             @ DW_AT_decl_line
                                        @ DW_AT_prototyped
                                        @ DW_AT_external
	.byte	19                              @ Abbrev [19] 0xa6e:0x10 DW_TAG_formal_parameter
	.byte	3                               @ DW_AT_location
	.byte	145
	.asciz	"\316"
	.long	.Linfo_string242                @ DW_AT_name
	.byte	1                               @ DW_AT_decl_file
	.short	663                             @ DW_AT_decl_line
	.long	147                             @ DW_AT_type
	.byte	19                              @ Abbrev [19] 0xa7e:0x10 DW_TAG_formal_parameter
	.byte	3                               @ DW_AT_location
	.byte	145
	.asciz	"\314"
	.long	.Linfo_string243                @ DW_AT_name
	.byte	1                               @ DW_AT_decl_file
	.short	663                             @ DW_AT_decl_line
	.long	147                             @ DW_AT_type
	.byte	19                              @ Abbrev [19] 0xa8e:0x10 DW_TAG_formal_parameter
	.byte	3                               @ DW_AT_location
	.byte	145
	.asciz	"\300"
	.long	.Linfo_string252                @ DW_AT_name
	.byte	1                               @ DW_AT_decl_file
	.short	663                             @ DW_AT_decl_line
	.long	4401                            @ DW_AT_type
	.byte	19                              @ Abbrev [19] 0xa9e:0xf DW_TAG_formal_parameter
	.byte	2                               @ DW_AT_location
	.byte	145
	.byte	63
	.long	.Linfo_string257                @ DW_AT_name
	.byte	1                               @ DW_AT_decl_file
	.short	663                             @ DW_AT_decl_line
	.long	95                              @ DW_AT_type
	.byte	19                              @ Abbrev [19] 0xaad:0xf DW_TAG_formal_parameter
	.byte	2                               @ DW_AT_location
	.byte	145
	.byte	62
	.long	.Linfo_string262                @ DW_AT_name
	.byte	1                               @ DW_AT_decl_file
	.short	663                             @ DW_AT_decl_line
	.long	95                              @ DW_AT_type
	.byte	15                              @ Abbrev [15] 0xabc:0xf DW_TAG_variable
	.byte	2                               @ DW_AT_location
	.byte	145
	.byte	48
	.long	.Linfo_string258                @ DW_AT_name
	.byte	1                               @ DW_AT_decl_file
	.short	674                             @ DW_AT_decl_line
	.long	4406                            @ DW_AT_type
	.byte	15                              @ Abbrev [15] 0xacb:0xf DW_TAG_variable
	.byte	2                               @ DW_AT_location
	.byte	145
	.byte	40
	.long	.Linfo_string259                @ DW_AT_name
	.byte	1                               @ DW_AT_decl_file
	.short	675                             @ DW_AT_decl_line
	.long	4406                            @ DW_AT_type
	.byte	15                              @ Abbrev [15] 0xada:0xf DW_TAG_variable
	.byte	2                               @ DW_AT_location
	.byte	145
	.byte	23
	.long	.Linfo_string260                @ DW_AT_name
	.byte	1                               @ DW_AT_decl_file
	.short	676                             @ DW_AT_decl_line
	.long	4413                            @ DW_AT_type
	.byte	0                               @ End Of Children Mark
	.byte	13                              @ Abbrev [13] 0xaea:0xe3 DW_TAG_subprogram
	.long	.Lfunc_begin15                  @ DW_AT_low_pc
	.long	.Lfunc_end15-.Lfunc_begin15     @ DW_AT_high_pc
	.byte	1                               @ DW_AT_frame_base
	.byte	87
	.long	.Linfo_string201                @ DW_AT_name
	.byte	1                               @ DW_AT_decl_file
	.short	706                             @ DW_AT_decl_line
                                        @ DW_AT_prototyped
                                        @ DW_AT_external
	.byte	19                              @ Abbrev [19] 0xafc:0xf DW_TAG_formal_parameter
	.byte	2                               @ DW_AT_location
	.byte	145
	.byte	114
	.long	.Linfo_string242                @ DW_AT_name
	.byte	1                               @ DW_AT_decl_file
	.short	706                             @ DW_AT_decl_line
	.long	147                             @ DW_AT_type
	.byte	19                              @ Abbrev [19] 0xb0b:0xf DW_TAG_formal_parameter
	.byte	2                               @ DW_AT_location
	.byte	145
	.byte	112
	.long	.Linfo_string243                @ DW_AT_name
	.byte	1                               @ DW_AT_decl_file
	.short	706                             @ DW_AT_decl_line
	.long	147                             @ DW_AT_type
	.byte	19                              @ Abbrev [19] 0xb1a:0xf DW_TAG_formal_parameter
	.byte	2                               @ DW_AT_location
	.byte	145
	.byte	108
	.long	.Linfo_string263                @ DW_AT_name
	.byte	1                               @ DW_AT_decl_file
	.short	706                             @ DW_AT_decl_line
	.long	4425                            @ DW_AT_type
	.byte	19                              @ Abbrev [19] 0xb29:0xf DW_TAG_formal_parameter
	.byte	2                               @ DW_AT_location
	.byte	145
	.byte	106
	.long	.Linfo_string264                @ DW_AT_name
	.byte	1                               @ DW_AT_decl_file
	.short	706                             @ DW_AT_decl_line
	.long	147                             @ DW_AT_type
	.byte	19                              @ Abbrev [19] 0xb38:0xf DW_TAG_formal_parameter
	.byte	2                               @ DW_AT_location
	.byte	145
	.byte	104
	.long	.Linfo_string265                @ DW_AT_name
	.byte	1                               @ DW_AT_decl_file
	.short	706                             @ DW_AT_decl_line
	.long	147                             @ DW_AT_type
	.byte	19                              @ Abbrev [19] 0xb47:0xf DW_TAG_formal_parameter
	.byte	2                               @ DW_AT_location
	.byte	145
	.byte	102
	.long	.Linfo_string266                @ DW_AT_name
	.byte	1                               @ DW_AT_decl_file
	.short	706                             @ DW_AT_decl_line
	.long	147                             @ DW_AT_type
	.byte	19                              @ Abbrev [19] 0xb56:0xf DW_TAG_formal_parameter
	.byte	2                               @ DW_AT_location
	.byte	145
	.byte	100
	.long	.Linfo_string267                @ DW_AT_name
	.byte	1                               @ DW_AT_decl_file
	.short	706                             @ DW_AT_decl_line
	.long	147                             @ DW_AT_type
	.byte	15                              @ Abbrev [15] 0xb65:0xf DW_TAG_variable
	.byte	2                               @ DW_AT_location
	.byte	145
	.byte	96
	.long	.Linfo_string212                @ DW_AT_name
	.byte	1                               @ DW_AT_decl_file
	.short	714                             @ DW_AT_decl_line
	.long	4075                            @ DW_AT_type
	.byte	15                              @ Abbrev [15] 0xb74:0xf DW_TAG_variable
	.byte	2                               @ DW_AT_location
	.byte	145
	.byte	92
	.long	.Linfo_string214                @ DW_AT_name
	.byte	1                               @ DW_AT_decl_file
	.short	714                             @ DW_AT_decl_line
	.long	4075                            @ DW_AT_type
	.byte	15                              @ Abbrev [15] 0xb83:0xf DW_TAG_variable
	.byte	2                               @ DW_AT_location
	.byte	145
	.byte	91
	.long	.Linfo_string268                @ DW_AT_name
	.byte	1                               @ DW_AT_decl_file
	.short	715                             @ DW_AT_decl_line
	.long	95                              @ DW_AT_type
	.byte	15                              @ Abbrev [15] 0xb92:0xf DW_TAG_variable
	.byte	2                               @ DW_AT_location
	.byte	145
	.byte	84
	.long	.Linfo_string269                @ DW_AT_name
	.byte	1                               @ DW_AT_decl_file
	.short	716                             @ DW_AT_decl_line
	.long	4075                            @ DW_AT_type
	.byte	14                              @ Abbrev [14] 0xba1:0xc DW_TAG_variable
	.byte	2                               @ DW_AT_location
	.byte	145
	.byte	76
	.long	.Linfo_string211                @ DW_AT_name
	.long	1385                            @ DW_AT_type
                                        @ DW_AT_artificial
	.byte	15                              @ Abbrev [15] 0xbad:0xf DW_TAG_variable
	.byte	2                               @ DW_AT_location
	.byte	145
	.byte	72
	.long	.Linfo_string270                @ DW_AT_name
	.byte	1                               @ DW_AT_decl_file
	.short	718                             @ DW_AT_decl_line
	.long	4425                            @ DW_AT_type
	.byte	16                              @ Abbrev [16] 0xbbc:0x10 DW_TAG_variable
	.long	.Ldebug_loc2                    @ DW_AT_location
	.long	.Linfo_string260                @ DW_AT_name
	.byte	1                               @ DW_AT_decl_file
	.short	717                             @ DW_AT_decl_line
	.long	4435                            @ DW_AT_type
	.byte	0                               @ End Of Children Mark
	.byte	13                              @ Abbrev [13] 0xbcd:0xf2 DW_TAG_subprogram
	.long	.Lfunc_begin16                  @ DW_AT_low_pc
	.long	.Lfunc_end16-.Lfunc_begin16     @ DW_AT_high_pc
	.byte	1                               @ DW_AT_frame_base
	.byte	87
	.long	.Linfo_string202                @ DW_AT_name
	.byte	1                               @ DW_AT_decl_file
	.short	761                             @ DW_AT_decl_line
                                        @ DW_AT_prototyped
                                        @ DW_AT_external
	.byte	19                              @ Abbrev [19] 0xbdf:0xf DW_TAG_formal_parameter
	.byte	2                               @ DW_AT_location
	.byte	145
	.byte	114
	.long	.Linfo_string242                @ DW_AT_name
	.byte	1                               @ DW_AT_decl_file
	.short	761                             @ DW_AT_decl_line
	.long	147                             @ DW_AT_type
	.byte	19                              @ Abbrev [19] 0xbee:0xf DW_TAG_formal_parameter
	.byte	2                               @ DW_AT_location
	.byte	145
	.byte	112
	.long	.Linfo_string243                @ DW_AT_name
	.byte	1                               @ DW_AT_decl_file
	.short	761                             @ DW_AT_decl_line
	.long	147                             @ DW_AT_type
	.byte	19                              @ Abbrev [19] 0xbfd:0xf DW_TAG_formal_parameter
	.byte	2                               @ DW_AT_location
	.byte	145
	.byte	108
	.long	.Linfo_string263                @ DW_AT_name
	.byte	1                               @ DW_AT_decl_file
	.short	761                             @ DW_AT_decl_line
	.long	4425                            @ DW_AT_type
	.byte	19                              @ Abbrev [19] 0xc0c:0xf DW_TAG_formal_parameter
	.byte	2                               @ DW_AT_location
	.byte	145
	.byte	106
	.long	.Linfo_string264                @ DW_AT_name
	.byte	1                               @ DW_AT_decl_file
	.short	761                             @ DW_AT_decl_line
	.long	147                             @ DW_AT_type
	.byte	19                              @ Abbrev [19] 0xc1b:0xf DW_TAG_formal_parameter
	.byte	2                               @ DW_AT_location
	.byte	145
	.byte	104
	.long	.Linfo_string265                @ DW_AT_name
	.byte	1                               @ DW_AT_decl_file
	.short	761                             @ DW_AT_decl_line
	.long	147                             @ DW_AT_type
	.byte	19                              @ Abbrev [19] 0xc2a:0xf DW_TAG_formal_parameter
	.byte	2                               @ DW_AT_location
	.byte	145
	.byte	102
	.long	.Linfo_string266                @ DW_AT_name
	.byte	1                               @ DW_AT_decl_file
	.short	761                             @ DW_AT_decl_line
	.long	147                             @ DW_AT_type
	.byte	19                              @ Abbrev [19] 0xc39:0xf DW_TAG_formal_parameter
	.byte	2                               @ DW_AT_location
	.byte	145
	.byte	100
	.long	.Linfo_string267                @ DW_AT_name
	.byte	1                               @ DW_AT_decl_file
	.short	761                             @ DW_AT_decl_line
	.long	147                             @ DW_AT_type
	.byte	19                              @ Abbrev [19] 0xc48:0xf DW_TAG_formal_parameter
	.byte	2                               @ DW_AT_location
	.byte	145
	.byte	99
	.long	.Linfo_string271                @ DW_AT_name
	.byte	1                               @ DW_AT_decl_file
	.short	761                             @ DW_AT_decl_line
	.long	95                              @ DW_AT_type
	.byte	15                              @ Abbrev [15] 0xc57:0xf DW_TAG_variable
	.byte	2                               @ DW_AT_location
	.byte	145
	.byte	92
	.long	.Linfo_string212                @ DW_AT_name
	.byte	1                               @ DW_AT_decl_file
	.short	769                             @ DW_AT_decl_line
	.long	4075                            @ DW_AT_type
	.byte	15                              @ Abbrev [15] 0xc66:0xf DW_TAG_variable
	.byte	2                               @ DW_AT_location
	.byte	145
	.byte	88
	.long	.Linfo_string214                @ DW_AT_name
	.byte	1                               @ DW_AT_decl_file
	.short	769                             @ DW_AT_decl_line
	.long	4075                            @ DW_AT_type
	.byte	15                              @ Abbrev [15] 0xc75:0xf DW_TAG_variable
	.byte	2                               @ DW_AT_location
	.byte	145
	.byte	86
	.long	.Linfo_string237                @ DW_AT_name
	.byte	1                               @ DW_AT_decl_file
	.short	770                             @ DW_AT_decl_line
	.long	147                             @ DW_AT_type
	.byte	15                              @ Abbrev [15] 0xc84:0xf DW_TAG_variable
	.byte	2                               @ DW_AT_location
	.byte	145
	.byte	84
	.long	.Linfo_string268                @ DW_AT_name
	.byte	1                               @ DW_AT_decl_file
	.short	770                             @ DW_AT_decl_line
	.long	147                             @ DW_AT_type
	.byte	14                              @ Abbrev [14] 0xc93:0xc DW_TAG_variable
	.byte	2                               @ DW_AT_location
	.byte	145
	.byte	76
	.long	.Linfo_string211                @ DW_AT_name
	.long	1385                            @ DW_AT_type
                                        @ DW_AT_artificial
	.byte	15                              @ Abbrev [15] 0xc9f:0xf DW_TAG_variable
	.byte	2                               @ DW_AT_location
	.byte	145
	.byte	72
	.long	.Linfo_string270                @ DW_AT_name
	.byte	1                               @ DW_AT_decl_file
	.short	772                             @ DW_AT_decl_line
	.long	4425                            @ DW_AT_type
	.byte	16                              @ Abbrev [16] 0xcae:0x10 DW_TAG_variable
	.long	.Ldebug_loc3                    @ DW_AT_location
	.long	.Linfo_string260                @ DW_AT_name
	.byte	1                               @ DW_AT_decl_file
	.short	771                             @ DW_AT_decl_line
	.long	4450                            @ DW_AT_type
	.byte	0                               @ End Of Children Mark
	.byte	13                              @ Abbrev [13] 0xcbf:0xd4 DW_TAG_subprogram
	.long	.Lfunc_begin17                  @ DW_AT_low_pc
	.long	.Lfunc_end17-.Lfunc_begin17     @ DW_AT_high_pc
	.byte	1                               @ DW_AT_frame_base
	.byte	87
	.long	.Linfo_string203                @ DW_AT_name
	.byte	1                               @ DW_AT_decl_file
	.short	821                             @ DW_AT_decl_line
                                        @ DW_AT_prototyped
                                        @ DW_AT_external
	.byte	19                              @ Abbrev [19] 0xcd1:0xf DW_TAG_formal_parameter
	.byte	2                               @ DW_AT_location
	.byte	145
	.byte	114
	.long	.Linfo_string242                @ DW_AT_name
	.byte	1                               @ DW_AT_decl_file
	.short	821                             @ DW_AT_decl_line
	.long	147                             @ DW_AT_type
	.byte	19                              @ Abbrev [19] 0xce0:0xf DW_TAG_formal_parameter
	.byte	2                               @ DW_AT_location
	.byte	145
	.byte	112
	.long	.Linfo_string243                @ DW_AT_name
	.byte	1                               @ DW_AT_decl_file
	.short	821                             @ DW_AT_decl_line
	.long	147                             @ DW_AT_type
	.byte	19                              @ Abbrev [19] 0xcef:0xf DW_TAG_formal_parameter
	.byte	2                               @ DW_AT_location
	.byte	145
	.byte	108
	.long	.Linfo_string263                @ DW_AT_name
	.byte	1                               @ DW_AT_decl_file
	.short	821                             @ DW_AT_decl_line
	.long	4465                            @ DW_AT_type
	.byte	19                              @ Abbrev [19] 0xcfe:0xf DW_TAG_formal_parameter
	.byte	2                               @ DW_AT_location
	.byte	145
	.byte	106
	.long	.Linfo_string264                @ DW_AT_name
	.byte	1                               @ DW_AT_decl_file
	.short	821                             @ DW_AT_decl_line
	.long	147                             @ DW_AT_type
	.byte	19                              @ Abbrev [19] 0xd0d:0xf DW_TAG_formal_parameter
	.byte	2                               @ DW_AT_location
	.byte	145
	.byte	104
	.long	.Linfo_string265                @ DW_AT_name
	.byte	1                               @ DW_AT_decl_file
	.short	821                             @ DW_AT_decl_line
	.long	147                             @ DW_AT_type
	.byte	19                              @ Abbrev [19] 0xd1c:0xf DW_TAG_formal_parameter
	.byte	2                               @ DW_AT_location
	.byte	145
	.byte	102
	.long	.Linfo_string266                @ DW_AT_name
	.byte	1                               @ DW_AT_decl_file
	.short	821                             @ DW_AT_decl_line
	.long	147                             @ DW_AT_type
	.byte	19                              @ Abbrev [19] 0xd2b:0xf DW_TAG_formal_parameter
	.byte	2                               @ DW_AT_location
	.byte	145
	.byte	100
	.long	.Linfo_string267                @ DW_AT_name
	.byte	1                               @ DW_AT_decl_file
	.short	821                             @ DW_AT_decl_line
	.long	147                             @ DW_AT_type
	.byte	19                              @ Abbrev [19] 0xd3a:0xf DW_TAG_formal_parameter
	.byte	2                               @ DW_AT_location
	.byte	145
	.byte	99
	.long	.Linfo_string272                @ DW_AT_name
	.byte	1                               @ DW_AT_decl_file
	.short	821                             @ DW_AT_decl_line
	.long	95                              @ DW_AT_type
	.byte	15                              @ Abbrev [15] 0xd49:0xf DW_TAG_variable
	.byte	2                               @ DW_AT_location
	.byte	145
	.byte	92
	.long	.Linfo_string212                @ DW_AT_name
	.byte	1                               @ DW_AT_decl_file
	.short	829                             @ DW_AT_decl_line
	.long	4075                            @ DW_AT_type
	.byte	15                              @ Abbrev [15] 0xd58:0xf DW_TAG_variable
	.byte	2                               @ DW_AT_location
	.byte	145
	.byte	88
	.long	.Linfo_string214                @ DW_AT_name
	.byte	1                               @ DW_AT_decl_file
	.short	829                             @ DW_AT_decl_line
	.long	4075                            @ DW_AT_type
	.byte	14                              @ Abbrev [14] 0xd67:0xc DW_TAG_variable
	.byte	2                               @ DW_AT_location
	.byte	145
	.byte	80
	.long	.Linfo_string211                @ DW_AT_name
	.long	1385                            @ DW_AT_type
                                        @ DW_AT_artificial
	.byte	15                              @ Abbrev [15] 0xd73:0xf DW_TAG_variable
	.byte	2                               @ DW_AT_location
	.byte	145
	.byte	76
	.long	.Linfo_string270                @ DW_AT_name
	.byte	1                               @ DW_AT_decl_file
	.short	831                             @ DW_AT_decl_line
	.long	4465                            @ DW_AT_type
	.byte	16                              @ Abbrev [16] 0xd82:0x10 DW_TAG_variable
	.long	.Ldebug_loc4                    @ DW_AT_location
	.long	.Linfo_string260                @ DW_AT_name
	.byte	1                               @ DW_AT_decl_file
	.short	830                             @ DW_AT_decl_line
	.long	4470                            @ DW_AT_type
	.byte	0                               @ End Of Children Mark
	.byte	13                              @ Abbrev [13] 0xd93:0xd4 DW_TAG_subprogram
	.long	.Lfunc_begin18                  @ DW_AT_low_pc
	.long	.Lfunc_end18-.Lfunc_begin18     @ DW_AT_high_pc
	.byte	1                               @ DW_AT_frame_base
	.byte	87
	.long	.Linfo_string204                @ DW_AT_name
	.byte	1                               @ DW_AT_decl_file
	.short	868                             @ DW_AT_decl_line
                                        @ DW_AT_prototyped
                                        @ DW_AT_external
	.byte	19                              @ Abbrev [19] 0xda5:0xf DW_TAG_formal_parameter
	.byte	2                               @ DW_AT_location
	.byte	145
	.byte	114
	.long	.Linfo_string242                @ DW_AT_name
	.byte	1                               @ DW_AT_decl_file
	.short	868                             @ DW_AT_decl_line
	.long	147                             @ DW_AT_type
	.byte	19                              @ Abbrev [19] 0xdb4:0xf DW_TAG_formal_parameter
	.byte	2                               @ DW_AT_location
	.byte	145
	.byte	112
	.long	.Linfo_string243                @ DW_AT_name
	.byte	1                               @ DW_AT_decl_file
	.short	868                             @ DW_AT_decl_line
	.long	147                             @ DW_AT_type
	.byte	19                              @ Abbrev [19] 0xdc3:0xf DW_TAG_formal_parameter
	.byte	2                               @ DW_AT_location
	.byte	145
	.byte	108
	.long	.Linfo_string273                @ DW_AT_name
	.byte	1                               @ DW_AT_decl_file
	.short	868                             @ DW_AT_decl_line
	.long	4465                            @ DW_AT_type
	.byte	19                              @ Abbrev [19] 0xdd2:0xf DW_TAG_formal_parameter
	.byte	2                               @ DW_AT_location
	.byte	145
	.byte	106
	.long	.Linfo_string264                @ DW_AT_name
	.byte	1                               @ DW_AT_decl_file
	.short	868                             @ DW_AT_decl_line
	.long	147                             @ DW_AT_type
	.byte	19                              @ Abbrev [19] 0xde1:0xf DW_TAG_formal_parameter
	.byte	2                               @ DW_AT_location
	.byte	145
	.byte	104
	.long	.Linfo_string274                @ DW_AT_name
	.byte	1                               @ DW_AT_decl_file
	.short	868                             @ DW_AT_decl_line
	.long	147                             @ DW_AT_type
	.byte	19                              @ Abbrev [19] 0xdf0:0xf DW_TAG_formal_parameter
	.byte	2                               @ DW_AT_location
	.byte	145
	.byte	102
	.long	.Linfo_string266                @ DW_AT_name
	.byte	1                               @ DW_AT_decl_file
	.short	868                             @ DW_AT_decl_line
	.long	147                             @ DW_AT_type
	.byte	19                              @ Abbrev [19] 0xdff:0xf DW_TAG_formal_parameter
	.byte	2                               @ DW_AT_location
	.byte	145
	.byte	100
	.long	.Linfo_string275                @ DW_AT_name
	.byte	1                               @ DW_AT_decl_file
	.short	868                             @ DW_AT_decl_line
	.long	147                             @ DW_AT_type
	.byte	15                              @ Abbrev [15] 0xe0e:0xf DW_TAG_variable
	.byte	2                               @ DW_AT_location
	.byte	145
	.byte	96
	.long	.Linfo_string212                @ DW_AT_name
	.byte	1                               @ DW_AT_decl_file
	.short	876                             @ DW_AT_decl_line
	.long	4075                            @ DW_AT_type
	.byte	15                              @ Abbrev [15] 0xe1d:0xf DW_TAG_variable
	.byte	2                               @ DW_AT_location
	.byte	145
	.byte	92
	.long	.Linfo_string214                @ DW_AT_name
	.byte	1                               @ DW_AT_decl_file
	.short	876                             @ DW_AT_decl_line
	.long	4075                            @ DW_AT_type
	.byte	15                              @ Abbrev [15] 0xe2c:0xf DW_TAG_variable
	.byte	2                               @ DW_AT_location
	.byte	145
	.byte	88
	.long	.Linfo_string269                @ DW_AT_name
	.byte	1                               @ DW_AT_decl_file
	.short	877                             @ DW_AT_decl_line
	.long	4075                            @ DW_AT_type
	.byte	15                              @ Abbrev [15] 0xe3b:0xf DW_TAG_variable
	.byte	2                               @ DW_AT_location
	.byte	145
	.byte	84
	.long	.Linfo_string276                @ DW_AT_name
	.byte	1                               @ DW_AT_decl_file
	.short	877                             @ DW_AT_decl_line
	.long	4075                            @ DW_AT_type
	.byte	14                              @ Abbrev [14] 0xe4a:0xc DW_TAG_variable
	.byte	2                               @ DW_AT_location
	.byte	145
	.byte	76
	.long	.Linfo_string211                @ DW_AT_name
	.long	1385                            @ DW_AT_type
                                        @ DW_AT_artificial
	.byte	16                              @ Abbrev [16] 0xe56:0x10 DW_TAG_variable
	.long	.Ldebug_loc5                    @ DW_AT_location
	.long	.Linfo_string260                @ DW_AT_name
	.byte	1                               @ DW_AT_decl_file
	.short	878                             @ DW_AT_decl_line
	.long	4485                            @ DW_AT_type
	.byte	0                               @ End Of Children Mark
	.byte	13                              @ Abbrev [13] 0xe67:0xd6 DW_TAG_subprogram
	.long	.Lfunc_begin19                  @ DW_AT_low_pc
	.long	.Lfunc_end19-.Lfunc_begin19     @ DW_AT_high_pc
	.byte	1                               @ DW_AT_frame_base
	.byte	93
	.long	.Linfo_string205                @ DW_AT_name
	.byte	1                               @ DW_AT_decl_file
	.short	912                             @ DW_AT_decl_line
                                        @ DW_AT_prototyped
                                        @ DW_AT_external
	.byte	19                              @ Abbrev [19] 0xe79:0xf DW_TAG_formal_parameter
	.byte	2                               @ DW_AT_location
	.byte	145
	.byte	46
	.long	.Linfo_string242                @ DW_AT_name
	.byte	1                               @ DW_AT_decl_file
	.short	912                             @ DW_AT_decl_line
	.long	147                             @ DW_AT_type
	.byte	19                              @ Abbrev [19] 0xe88:0xf DW_TAG_formal_parameter
	.byte	2                               @ DW_AT_location
	.byte	145
	.byte	44
	.long	.Linfo_string243                @ DW_AT_name
	.byte	1                               @ DW_AT_decl_file
	.short	912                             @ DW_AT_decl_line
	.long	147                             @ DW_AT_type
	.byte	19                              @ Abbrev [19] 0xe97:0xf DW_TAG_formal_parameter
	.byte	2                               @ DW_AT_location
	.byte	145
	.byte	43
	.long	.Linfo_string277                @ DW_AT_name
	.byte	1                               @ DW_AT_decl_file
	.short	912                             @ DW_AT_decl_line
	.long	95                              @ DW_AT_type
	.byte	19                              @ Abbrev [19] 0xea6:0xf DW_TAG_formal_parameter
	.byte	2                               @ DW_AT_location
	.byte	145
	.byte	36
	.long	.Linfo_string278                @ DW_AT_name
	.byte	1                               @ DW_AT_decl_file
	.short	912                             @ DW_AT_decl_line
	.long	4425                            @ DW_AT_type
	.byte	19                              @ Abbrev [19] 0xeb5:0xf DW_TAG_formal_parameter
	.byte	2                               @ DW_AT_location
	.byte	145
	.byte	35
	.long	.Linfo_string279                @ DW_AT_name
	.byte	1                               @ DW_AT_decl_file
	.short	912                             @ DW_AT_decl_line
	.long	95                              @ DW_AT_type
	.byte	19                              @ Abbrev [19] 0xec4:0xf DW_TAG_formal_parameter
	.byte	2                               @ DW_AT_location
	.byte	145
	.byte	32
	.long	.Linfo_string237                @ DW_AT_name
	.byte	1                               @ DW_AT_decl_file
	.short	912                             @ DW_AT_decl_line
	.long	4324                            @ DW_AT_type
	.byte	15                              @ Abbrev [15] 0xed3:0xf DW_TAG_variable
	.byte	2                               @ DW_AT_location
	.byte	145
	.byte	28
	.long	.Linfo_string212                @ DW_AT_name
	.byte	1                               @ DW_AT_decl_file
	.short	920                             @ DW_AT_decl_line
	.long	1427                            @ DW_AT_type
	.byte	15                              @ Abbrev [15] 0xee2:0xf DW_TAG_variable
	.byte	2                               @ DW_AT_location
	.byte	145
	.byte	24
	.long	.Linfo_string214                @ DW_AT_name
	.byte	1                               @ DW_AT_decl_file
	.short	920                             @ DW_AT_decl_line
	.long	1427                            @ DW_AT_type
	.byte	15                              @ Abbrev [15] 0xef1:0xf DW_TAG_variable
	.byte	2                               @ DW_AT_location
	.byte	145
	.byte	20
	.long	.Linfo_string280                @ DW_AT_name
	.byte	1                               @ DW_AT_decl_file
	.short	920                             @ DW_AT_decl_line
	.long	1427                            @ DW_AT_type
	.byte	15                              @ Abbrev [15] 0xf00:0xf DW_TAG_variable
	.byte	2                               @ DW_AT_location
	.byte	145
	.byte	19
	.long	.Linfo_string268                @ DW_AT_name
	.byte	1                               @ DW_AT_decl_file
	.short	921                             @ DW_AT_decl_line
	.long	95                              @ DW_AT_type
	.byte	15                              @ Abbrev [15] 0xf0f:0xf DW_TAG_variable
	.byte	2                               @ DW_AT_location
	.byte	145
	.byte	18
	.long	.Linfo_string281                @ DW_AT_name
	.byte	1                               @ DW_AT_decl_file
	.short	921                             @ DW_AT_decl_line
	.long	95                              @ DW_AT_type
	.byte	15                              @ Abbrev [15] 0xf1e:0xf DW_TAG_variable
	.byte	2                               @ DW_AT_location
	.byte	145
	.byte	17
	.long	.Linfo_string282                @ DW_AT_name
	.byte	1                               @ DW_AT_decl_file
	.short	921                             @ DW_AT_decl_line
	.long	95                              @ DW_AT_type
	.byte	15                              @ Abbrev [15] 0xf2d:0xf DW_TAG_variable
	.byte	2                               @ DW_AT_location
	.byte	145
	.byte	12
	.long	.Linfo_string283                @ DW_AT_name
	.byte	1                               @ DW_AT_decl_file
	.short	922                             @ DW_AT_decl_line
	.long	4425                            @ DW_AT_type
	.byte	0                               @ End Of Children Mark
	.byte	21                              @ Abbrev [21] 0xf3d:0x12 DW_TAG_subprogram
	.long	.Lfunc_begin20                  @ DW_AT_low_pc
	.long	.Lfunc_end20-.Lfunc_begin20     @ DW_AT_high_pc
	.byte	1                               @ DW_AT_frame_base
	.byte	93
	.long	.Linfo_string206                @ DW_AT_name
	.byte	1                               @ DW_AT_decl_file
	.short	964                             @ DW_AT_decl_line
                                        @ DW_AT_prototyped
                                        @ DW_AT_external
	.byte	17                              @ Abbrev [17] 0xf4f:0x20 DW_TAG_subprogram
	.long	.Lfunc_begin21                  @ DW_AT_low_pc
	.long	.Lfunc_end21-.Lfunc_begin21     @ DW_AT_high_pc
	.byte	1                               @ DW_AT_frame_base
	.byte	93
	.long	.Linfo_string207                @ DW_AT_name
	.byte	1                               @ DW_AT_decl_file
	.byte	155                             @ DW_AT_decl_line
                                        @ DW_AT_prototyped
	.byte	18                              @ Abbrev [18] 0xf60:0xe DW_TAG_formal_parameter
	.byte	2                               @ DW_AT_location
	.byte	145
	.byte	15
	.long	.Linfo_string252                @ DW_AT_name
	.byte	1                               @ DW_AT_decl_file
	.byte	155                             @ DW_AT_decl_line
	.long	4430                            @ DW_AT_type
	.byte	0                               @ End Of Children Mark
	.byte	17                              @ Abbrev [17] 0xf6f:0x20 DW_TAG_subprogram
	.long	.Lfunc_begin22                  @ DW_AT_low_pc
	.long	.Lfunc_end22-.Lfunc_begin22     @ DW_AT_high_pc
	.byte	1                               @ DW_AT_frame_base
	.byte	93
	.long	.Linfo_string208                @ DW_AT_name
	.byte	1                               @ DW_AT_decl_file
	.byte	234                             @ DW_AT_decl_line
                                        @ DW_AT_prototyped
	.byte	22                              @ Abbrev [22] 0xf80:0xe DW_TAG_variable
	.byte	2                               @ DW_AT_location
	.byte	145
	.byte	4
	.long	.Linfo_string284                @ DW_AT_name
	.byte	1                               @ DW_AT_decl_file
	.byte	236                             @ DW_AT_decl_line
	.long	4500                            @ DW_AT_type
	.byte	0                               @ End Of Children Mark
	.byte	17                              @ Abbrev [17] 0xf8f:0x2e DW_TAG_subprogram
	.long	.Lfunc_begin23                  @ DW_AT_low_pc
	.long	.Lfunc_end23-.Lfunc_begin23     @ DW_AT_high_pc
	.byte	1                               @ DW_AT_frame_base
	.byte	93
	.long	.Linfo_string209                @ DW_AT_name
	.byte	7                               @ DW_AT_decl_file
	.byte	136                             @ DW_AT_decl_line
                                        @ DW_AT_prototyped
	.byte	18                              @ Abbrev [18] 0xfa0:0xe DW_TAG_formal_parameter
	.byte	2                               @ DW_AT_location
	.byte	145
	.byte	4
	.long	.Linfo_string216                @ DW_AT_name
	.byte	7                               @ DW_AT_decl_file
	.byte	136                             @ DW_AT_decl_line
	.long	4101                            @ DW_AT_type
	.byte	18                              @ Abbrev [18] 0xfae:0xe DW_TAG_formal_parameter
	.byte	2                               @ DW_AT_location
	.byte	145
	.byte	0
	.long	.Linfo_string232                @ DW_AT_name
	.byte	7                               @ DW_AT_decl_file
	.byte	136                             @ DW_AT_decl_line
	.long	4285                            @ DW_AT_type
	.byte	0                               @ End Of Children Mark
	.byte	17                              @ Abbrev [17] 0xfbd:0x2e DW_TAG_subprogram
	.long	.Lfunc_begin24                  @ DW_AT_low_pc
	.long	.Lfunc_end24-.Lfunc_begin24     @ DW_AT_high_pc
	.byte	1                               @ DW_AT_frame_base
	.byte	93
	.long	.Linfo_string210                @ DW_AT_name
	.byte	7                               @ DW_AT_decl_file
	.byte	112                             @ DW_AT_decl_line
                                        @ DW_AT_prototyped
	.byte	18                              @ Abbrev [18] 0xfce:0xe DW_TAG_formal_parameter
	.byte	2                               @ DW_AT_location
	.byte	145
	.byte	4
	.long	.Linfo_string216                @ DW_AT_name
	.byte	7                               @ DW_AT_decl_file
	.byte	112                             @ DW_AT_decl_line
	.long	4101                            @ DW_AT_type
	.byte	18                              @ Abbrev [18] 0xfdc:0xe DW_TAG_formal_parameter
	.byte	2                               @ DW_AT_location
	.byte	145
	.byte	0
	.long	.Linfo_string232                @ DW_AT_name
	.byte	7                               @ DW_AT_decl_file
	.byte	112                             @ DW_AT_decl_line
	.long	4285                            @ DW_AT_type
	.byte	0                               @ End Of Children Mark
	.byte	8                               @ Abbrev [8] 0xfeb:0xb DW_TAG_typedef
	.long	1385                            @ DW_AT_type
	.long	.Linfo_string213                @ DW_AT_name
	.byte	2                               @ DW_AT_decl_file
	.byte	57                              @ DW_AT_decl_line
	.byte	3                               @ Abbrev [3] 0xff6:0xf DW_TAG_array_type
	.long	147                             @ DW_AT_type
	.byte	23                              @ Abbrev [23] 0xffb:0x9 DW_TAG_subrange_type
	.long	71                              @ DW_AT_type
	.long	1457                            @ DW_AT_count
	.byte	0                               @ End Of Children Mark
	.byte	11                              @ Abbrev [11] 0x1005:0x5 DW_TAG_pointer_type
	.long	4106                            @ DW_AT_type
	.byte	24                              @ Abbrev [24] 0x100a:0xc DW_TAG_typedef
	.long	4118                            @ DW_AT_type
	.long	.Linfo_string231                @ DW_AT_name
	.byte	9                               @ DW_AT_decl_file
	.short	24294                           @ DW_AT_decl_line
	.byte	25                              @ Abbrev [25] 0x1016:0xa2 DW_TAG_structure_type
	.byte	144                             @ DW_AT_byte_size
	.byte	9                               @ DW_AT_decl_file
	.short	24281                           @ DW_AT_decl_line
	.byte	26                              @ Abbrev [26] 0x101b:0xd DW_TAG_member
	.long	.Linfo_string217                @ DW_AT_name
	.long	4280                            @ DW_AT_type
	.byte	9                               @ DW_AT_decl_file
	.short	24282                           @ DW_AT_decl_line
	.byte	0                               @ DW_AT_data_member_location
	.byte	26                              @ Abbrev [26] 0x1028:0xd DW_TAG_member
	.long	.Linfo_string219                @ DW_AT_name
	.long	4280                            @ DW_AT_type
	.byte	9                               @ DW_AT_decl_file
	.short	24283                           @ DW_AT_decl_line
	.byte	4                               @ DW_AT_data_member_location
	.byte	26                              @ Abbrev [26] 0x1035:0xd DW_TAG_member
	.long	.Linfo_string220                @ DW_AT_name
	.long	4296                            @ DW_AT_type
	.byte	9                               @ DW_AT_decl_file
	.short	24284                           @ DW_AT_decl_line
	.byte	8                               @ DW_AT_data_member_location
	.byte	26                              @ Abbrev [26] 0x1042:0xd DW_TAG_member
	.long	.Linfo_string221                @ DW_AT_name
	.long	4280                            @ DW_AT_type
	.byte	9                               @ DW_AT_decl_file
	.short	24285                           @ DW_AT_decl_line
	.byte	12                              @ DW_AT_data_member_location
	.byte	26                              @ Abbrev [26] 0x104f:0xd DW_TAG_member
	.long	.Linfo_string222                @ DW_AT_name
	.long	4280                            @ DW_AT_type
	.byte	9                               @ DW_AT_decl_file
	.short	24286                           @ DW_AT_decl_line
	.byte	16                              @ DW_AT_data_member_location
	.byte	26                              @ Abbrev [26] 0x105c:0xd DW_TAG_member
	.long	.Linfo_string223                @ DW_AT_name
	.long	4280                            @ DW_AT_type
	.byte	9                               @ DW_AT_decl_file
	.short	24287                           @ DW_AT_decl_line
	.byte	20                              @ DW_AT_data_member_location
	.byte	26                              @ Abbrev [26] 0x1069:0xd DW_TAG_member
	.long	.Linfo_string224                @ DW_AT_name
	.long	4280                            @ DW_AT_type
	.byte	9                               @ DW_AT_decl_file
	.short	24288                           @ DW_AT_decl_line
	.byte	24                              @ DW_AT_data_member_location
	.byte	26                              @ Abbrev [26] 0x1076:0xd DW_TAG_member
	.long	.Linfo_string225                @ DW_AT_name
	.long	4280                            @ DW_AT_type
	.byte	9                               @ DW_AT_decl_file
	.short	24289                           @ DW_AT_decl_line
	.byte	28                              @ DW_AT_data_member_location
	.byte	26                              @ Abbrev [26] 0x1083:0xd DW_TAG_member
	.long	.Linfo_string226                @ DW_AT_name
	.long	4301                            @ DW_AT_type
	.byte	9                               @ DW_AT_decl_file
	.short	24290                           @ DW_AT_decl_line
	.byte	32                              @ DW_AT_data_member_location
	.byte	26                              @ Abbrev [26] 0x1090:0xd DW_TAG_member
	.long	.Linfo_string228                @ DW_AT_name
	.long	4280                            @ DW_AT_type
	.byte	9                               @ DW_AT_decl_file
	.short	24291                           @ DW_AT_decl_line
	.byte	132                             @ DW_AT_data_member_location
	.byte	26                              @ Abbrev [26] 0x109d:0xd DW_TAG_member
	.long	.Linfo_string229                @ DW_AT_name
	.long	4280                            @ DW_AT_type
	.byte	9                               @ DW_AT_decl_file
	.short	24292                           @ DW_AT_decl_line
	.byte	136                             @ DW_AT_data_member_location
	.byte	26                              @ Abbrev [26] 0x10aa:0xd DW_TAG_member
	.long	.Linfo_string230                @ DW_AT_name
	.long	4280                            @ DW_AT_type
	.byte	9                               @ DW_AT_decl_file
	.short	24293                           @ DW_AT_decl_line
	.byte	140                             @ DW_AT_data_member_location
	.byte	0                               @ End Of Children Mark
	.byte	27                              @ Abbrev [27] 0x10b8:0x5 DW_TAG_volatile_type
	.long	4285                            @ DW_AT_type
	.byte	8                               @ Abbrev [8] 0x10bd:0xb DW_TAG_typedef
	.long	1385                            @ DW_AT_type
	.long	.Linfo_string218                @ DW_AT_name
	.byte	8                               @ DW_AT_decl_file
	.byte	64                              @ DW_AT_decl_line
	.byte	12                              @ Abbrev [12] 0x10c8:0x5 DW_TAG_const_type
	.long	4280                            @ DW_AT_type
	.byte	3                               @ Abbrev [3] 0x10cd:0xc DW_TAG_array_type
	.long	4313                            @ DW_AT_type
	.byte	4                               @ Abbrev [4] 0x10d2:0x6 DW_TAG_subrange_type
	.long	71                              @ DW_AT_type
	.byte	100                             @ DW_AT_count
	.byte	0                               @ End Of Children Mark
	.byte	8                               @ Abbrev [8] 0x10d9:0xb DW_TAG_typedef
	.long	106                             @ DW_AT_type
	.long	.Linfo_string227                @ DW_AT_name
	.byte	8                               @ DW_AT_decl_file
	.byte	62                              @ DW_AT_decl_line
	.byte	12                              @ Abbrev [12] 0x10e4:0x5 DW_TAG_const_type
	.long	147                             @ DW_AT_type
	.byte	3                               @ Abbrev [3] 0x10e9:0xf DW_TAG_array_type
	.long	147                             @ DW_AT_type
	.byte	23                              @ Abbrev [23] 0x10ee:0x9 DW_TAG_subrange_type
	.long	71                              @ DW_AT_type
	.long	1715                            @ DW_AT_count
	.byte	0                               @ End Of Children Mark
	.byte	3                               @ Abbrev [3] 0x10f8:0xc DW_TAG_array_type
	.long	147                             @ DW_AT_type
	.byte	4                               @ Abbrev [4] 0x10fd:0x6 DW_TAG_subrange_type
	.long	71                              @ DW_AT_type
	.byte	48                              @ DW_AT_count
	.byte	0                               @ End Of Children Mark
	.byte	3                               @ Abbrev [3] 0x1104:0xc DW_TAG_array_type
	.long	147                             @ DW_AT_type
	.byte	4                               @ Abbrev [4] 0x1109:0x6 DW_TAG_subrange_type
	.long	71                              @ DW_AT_type
	.byte	128                             @ DW_AT_count
	.byte	0                               @ End Of Children Mark
	.byte	12                              @ Abbrev [12] 0x1110:0x5 DW_TAG_const_type
	.long	4373                            @ DW_AT_type
	.byte	8                               @ Abbrev [8] 0x1115:0xb DW_TAG_typedef
	.long	1427                            @ DW_AT_type
	.long	.Linfo_string256                @ DW_AT_name
	.byte	2                               @ DW_AT_decl_file
	.byte	62                              @ DW_AT_decl_line
	.byte	3                               @ Abbrev [3] 0x1120:0xc DW_TAG_array_type
	.long	64                              @ DW_AT_type
	.byte	4                               @ Abbrev [4] 0x1125:0x6 DW_TAG_subrange_type
	.long	71                              @ DW_AT_type
	.byte	12                              @ DW_AT_count
	.byte	0                               @ End Of Children Mark
	.byte	12                              @ Abbrev [12] 0x112c:0x5 DW_TAG_const_type
	.long	4075                            @ DW_AT_type
	.byte	12                              @ Abbrev [12] 0x1131:0x5 DW_TAG_const_type
	.long	4406                            @ DW_AT_type
	.byte	5                               @ Abbrev [5] 0x1136:0x7 DW_TAG_base_type
	.long	.Linfo_string261                @ DW_AT_name
	.byte	4                               @ DW_AT_encoding
	.byte	8                               @ DW_AT_byte_size
	.byte	3                               @ Abbrev [3] 0x113d:0xc DW_TAG_array_type
	.long	64                              @ DW_AT_type
	.byte	4                               @ Abbrev [4] 0x1142:0x6 DW_TAG_subrange_type
	.long	71                              @ DW_AT_type
	.byte	17                              @ DW_AT_count
	.byte	0                               @ End Of Children Mark
	.byte	11                              @ Abbrev [11] 0x1149:0x5 DW_TAG_pointer_type
	.long	4430                            @ DW_AT_type
	.byte	12                              @ Abbrev [12] 0x114e:0x5 DW_TAG_const_type
	.long	95                              @ DW_AT_type
	.byte	3                               @ Abbrev [3] 0x1153:0xf DW_TAG_array_type
	.long	147                             @ DW_AT_type
	.byte	23                              @ Abbrev [23] 0x1158:0x9 DW_TAG_subrange_type
	.long	71                              @ DW_AT_type
	.long	2977                            @ DW_AT_count
	.byte	0                               @ End Of Children Mark
	.byte	3                               @ Abbrev [3] 0x1162:0xf DW_TAG_array_type
	.long	147                             @ DW_AT_type
	.byte	23                              @ Abbrev [23] 0x1167:0x9 DW_TAG_subrange_type
	.long	71                              @ DW_AT_type
	.long	3219                            @ DW_AT_count
	.byte	0                               @ End Of Children Mark
	.byte	11                              @ Abbrev [11] 0x1171:0x5 DW_TAG_pointer_type
	.long	4324                            @ DW_AT_type
	.byte	3                               @ Abbrev [3] 0x1176:0xf DW_TAG_array_type
	.long	147                             @ DW_AT_type
	.byte	23                              @ Abbrev [23] 0x117b:0x9 DW_TAG_subrange_type
	.long	71                              @ DW_AT_type
	.long	3431                            @ DW_AT_count
	.byte	0                               @ End Of Children Mark
	.byte	3                               @ Abbrev [3] 0x1185:0xf DW_TAG_array_type
	.long	147                             @ DW_AT_type
	.byte	23                              @ Abbrev [23] 0x118a:0x9 DW_TAG_subrange_type
	.long	71                              @ DW_AT_type
	.long	3658                            @ DW_AT_count
	.byte	0                               @ End Of Children Mark
	.byte	8                               @ Abbrev [8] 0x1194:0xb DW_TAG_typedef
	.long	4511                            @ DW_AT_type
	.long	.Linfo_string293                @ DW_AT_name
	.byte	10                              @ DW_AT_decl_file
	.byte	87                              @ DW_AT_decl_line
	.byte	28                              @ Abbrev [28] 0x119f:0x65 DW_TAG_structure_type
	.byte	20                              @ DW_AT_byte_size
	.byte	10                              @ DW_AT_decl_file
	.byte	74                              @ DW_AT_decl_line
	.byte	29                              @ Abbrev [29] 0x11a3:0xc DW_TAG_member
	.long	.Linfo_string285                @ DW_AT_name
	.long	147                             @ DW_AT_type
	.byte	10                              @ DW_AT_decl_file
	.byte	76                              @ DW_AT_decl_line
	.byte	0                               @ DW_AT_data_member_location
	.byte	29                              @ Abbrev [29] 0x11af:0xc DW_TAG_member
	.long	.Linfo_string286                @ DW_AT_name
	.long	147                             @ DW_AT_type
	.byte	10                              @ DW_AT_decl_file
	.byte	78                              @ DW_AT_decl_line
	.byte	2                               @ DW_AT_data_member_location
	.byte	29                              @ Abbrev [29] 0x11bb:0xc DW_TAG_member
	.long	.Linfo_string287                @ DW_AT_name
	.long	147                             @ DW_AT_type
	.byte	10                              @ DW_AT_decl_file
	.byte	79                              @ DW_AT_decl_line
	.byte	4                               @ DW_AT_data_member_location
	.byte	29                              @ Abbrev [29] 0x11c7:0xc DW_TAG_member
	.long	.Linfo_string288                @ DW_AT_name
	.long	95                              @ DW_AT_type
	.byte	10                              @ DW_AT_decl_file
	.byte	81                              @ DW_AT_decl_line
	.byte	6                               @ DW_AT_data_member_location
	.byte	29                              @ Abbrev [29] 0x11d3:0xc DW_TAG_member
	.long	.Linfo_string289                @ DW_AT_name
	.long	95                              @ DW_AT_type
	.byte	10                              @ DW_AT_decl_file
	.byte	82                              @ DW_AT_decl_line
	.byte	7                               @ DW_AT_data_member_location
	.byte	29                              @ Abbrev [29] 0x11df:0xc DW_TAG_member
	.long	.Linfo_string290                @ DW_AT_name
	.long	4612                            @ DW_AT_type
	.byte	10                              @ DW_AT_decl_file
	.byte	84                              @ DW_AT_decl_line
	.byte	8                               @ DW_AT_data_member_location
	.byte	29                              @ Abbrev [29] 0x11eb:0xc DW_TAG_member
	.long	.Linfo_string291                @ DW_AT_name
	.long	4624                            @ DW_AT_type
	.byte	10                              @ DW_AT_decl_file
	.byte	85                              @ DW_AT_decl_line
	.byte	12                              @ DW_AT_data_member_location
	.byte	29                              @ Abbrev [29] 0x11f7:0xc DW_TAG_member
	.long	.Linfo_string292                @ DW_AT_name
	.long	4646                            @ DW_AT_type
	.byte	10                              @ DW_AT_decl_file
	.byte	86                              @ DW_AT_decl_line
	.byte	16                              @ DW_AT_data_member_location
	.byte	0                               @ End Of Children Mark
	.byte	11                              @ Abbrev [11] 0x1204:0x5 DW_TAG_pointer_type
	.long	4617                            @ DW_AT_type
	.byte	30                              @ Abbrev [30] 0x1209:0x7 DW_TAG_subroutine_type
                                        @ DW_AT_prototyped
	.byte	31                              @ Abbrev [31] 0x120a:0x5 DW_TAG_formal_parameter
	.long	1417                            @ DW_AT_type
	.byte	0                               @ End Of Children Mark
	.byte	11                              @ Abbrev [11] 0x1210:0x5 DW_TAG_pointer_type
	.long	4629                            @ DW_AT_type
	.byte	30                              @ Abbrev [30] 0x1215:0x11 DW_TAG_subroutine_type
                                        @ DW_AT_prototyped
	.byte	31                              @ Abbrev [31] 0x1216:0x5 DW_TAG_formal_parameter
	.long	147                             @ DW_AT_type
	.byte	31                              @ Abbrev [31] 0x121b:0x5 DW_TAG_formal_parameter
	.long	147                             @ DW_AT_type
	.byte	31                              @ Abbrev [31] 0x1220:0x5 DW_TAG_formal_parameter
	.long	1417                            @ DW_AT_type
	.byte	0                               @ End Of Children Mark
	.byte	11                              @ Abbrev [11] 0x1226:0x5 DW_TAG_pointer_type
	.long	4651                            @ DW_AT_type
	.byte	32                              @ Abbrev [32] 0x122b:0x1 DW_TAG_subroutine_type
                                        @ DW_AT_prototyped
	.byte	0                               @ End Of Children Mark
.Ldebug_info_end0:
	.section	.debug_ranges,"",%progbits
.Ldebug_ranges0:
	.long	.Lfunc_begin0
	.long	.Lfunc_end0
	.long	.Lfunc_begin1
	.long	.Lfunc_end1
	.long	.Lfunc_begin2
	.long	.Lfunc_end2
	.long	.Lfunc_begin3
	.long	.Lfunc_end3
	.long	.Lfunc_begin4
	.long	.Lfunc_end4
	.long	.Lfunc_begin5
	.long	.Lfunc_end5
	.long	.Lfunc_begin6
	.long	.Lfunc_end6
	.long	.Lfunc_begin7
	.long	.Lfunc_end7
	.long	.Lfunc_begin8
	.long	.Lfunc_end8
	.long	.Lfunc_begin9
	.long	.Lfunc_end9
	.long	.Lfunc_begin10
	.long	.Lfunc_end10
	.long	.Lfunc_begin11
	.long	.Lfunc_end11
	.long	.Lfunc_begin12
	.long	.Lfunc_end12
	.long	.Lfunc_begin13
	.long	.Lfunc_end13
	.long	.Lfunc_begin14
	.long	.Lfunc_end14
	.long	.Lfunc_begin15
	.long	.Lfunc_end15
	.long	.Lfunc_begin16
	.long	.Lfunc_end16
	.long	.Lfunc_begin17
	.long	.Lfunc_end17
	.long	.Lfunc_begin18
	.long	.Lfunc_end18
	.long	.Lfunc_begin19
	.long	.Lfunc_end19
	.long	.Lfunc_begin20
	.long	.Lfunc_end20
	.long	.Lfunc_begin21
	.long	.Lfunc_end21
	.long	.Lfunc_begin22
	.long	.Lfunc_end22
	.long	.Lfunc_begin23
	.long	.Lfunc_end23
	.long	.Lfunc_begin24
	.long	.Lfunc_end24
	.long	0
	.long	0
	.section	.debug_str,"MS",%progbits,1
.Linfo_string0:
	.asciz	"Component: Arm Compiler for Embedded 6.19 Tool: armclang [5e73cb00]" @ string offset=0
.Linfo_string1:
	.asciz	"../../libraries/zf_device\\zf_device_ips114.c" @ string offset=68
.Linfo_string2:
	.asciz	"E:\\FILE_SMART_CAR\\\346\231\272\350\203\275\350\247\206\350\247\211\\RT1064_Library-master\\RT1064_Library-master\\SeekFree_RT1064_Opensource_Library\\project\\mdk" @ string offset=113
.Linfo_string3:
	.asciz	"char"                          @ string offset=235
.Linfo_string4:
	.asciz	"__ARRAY_SIZE_TYPE__"           @ string offset=240
.Linfo_string5:
	.asciz	"ips114_x_max"                  @ string offset=260
.Linfo_string6:
	.asciz	"unsigned char"                 @ string offset=273
.Linfo_string7:
	.asciz	"uint8"                         @ string offset=287
.Linfo_string8:
	.asciz	"ips114_y_max"                  @ string offset=293
.Linfo_string9:
	.asciz	"ips114_bgcolor"                @ string offset=306
.Linfo_string10:
	.asciz	"unsigned short"                @ string offset=321
.Linfo_string11:
	.asciz	"uint16"                        @ string offset=336
.Linfo_string12:
	.asciz	"ips114_display_dir"            @ string offset=343
.Linfo_string13:
	.asciz	"IPS114_PORTAIT"                @ string offset=362
.Linfo_string14:
	.asciz	"IPS114_PORTAIT_180"            @ string offset=377
.Linfo_string15:
	.asciz	"IPS114_CROSSWISE"              @ string offset=396
.Linfo_string16:
	.asciz	"IPS114_CROSSWISE_180"          @ string offset=413
.Linfo_string17:
	.asciz	"ips114_dir_enum"               @ string offset=434
.Linfo_string18:
	.asciz	"ips114_display_font"           @ string offset=450
.Linfo_string19:
	.asciz	"IPS114_6X8_FONT"               @ string offset=470
.Linfo_string20:
	.asciz	"IPS114_8X16_FONT"              @ string offset=486
.Linfo_string21:
	.asciz	"IPS114_16X16_FONT"             @ string offset=503
.Linfo_string22:
	.asciz	"ips114_font_size_enum"         @ string offset=521
.Linfo_string23:
	.asciz	"ips114_pencolor"               @ string offset=543
.Linfo_string24:
	.asciz	"B0"                            @ string offset=559
.Linfo_string25:
	.asciz	"B1"                            @ string offset=562
.Linfo_string26:
	.asciz	"B2"                            @ string offset=565
.Linfo_string27:
	.asciz	"B3"                            @ string offset=568
.Linfo_string28:
	.asciz	"B9"                            @ string offset=571
.Linfo_string29:
	.asciz	"B10"                           @ string offset=574
.Linfo_string30:
	.asciz	"B11"                           @ string offset=578
.Linfo_string31:
	.asciz	"B12"                           @ string offset=582
.Linfo_string32:
	.asciz	"B13"                           @ string offset=586
.Linfo_string33:
	.asciz	"B14"                           @ string offset=590
.Linfo_string34:
	.asciz	"B15"                           @ string offset=594
.Linfo_string35:
	.asciz	"B16"                           @ string offset=598
.Linfo_string36:
	.asciz	"B17"                           @ string offset=602
.Linfo_string37:
	.asciz	"B18"                           @ string offset=606
.Linfo_string38:
	.asciz	"B19"                           @ string offset=610
.Linfo_string39:
	.asciz	"B20"                           @ string offset=614
.Linfo_string40:
	.asciz	"B21"                           @ string offset=618
.Linfo_string41:
	.asciz	"B22"                           @ string offset=622
.Linfo_string42:
	.asciz	"B23"                           @ string offset=626
.Linfo_string43:
	.asciz	"B24"                           @ string offset=630
.Linfo_string44:
	.asciz	"B25"                           @ string offset=634
.Linfo_string45:
	.asciz	"B26"                           @ string offset=638
.Linfo_string46:
	.asciz	"B27"                           @ string offset=642
.Linfo_string47:
	.asciz	"B28"                           @ string offset=646
.Linfo_string48:
	.asciz	"B29"                           @ string offset=650
.Linfo_string49:
	.asciz	"B30"                           @ string offset=654
.Linfo_string50:
	.asciz	"B31"                           @ string offset=658
.Linfo_string51:
	.asciz	"C0"                            @ string offset=662
.Linfo_string52:
	.asciz	"C1"                            @ string offset=665
.Linfo_string53:
	.asciz	"C2"                            @ string offset=668
.Linfo_string54:
	.asciz	"C3"                            @ string offset=671
.Linfo_string55:
	.asciz	"C4"                            @ string offset=674
.Linfo_string56:
	.asciz	"C5"                            @ string offset=677
.Linfo_string57:
	.asciz	"C6"                            @ string offset=680
.Linfo_string58:
	.asciz	"C7"                            @ string offset=683
.Linfo_string59:
	.asciz	"C8"                            @ string offset=686
.Linfo_string60:
	.asciz	"C9"                            @ string offset=689
.Linfo_string61:
	.asciz	"C10"                           @ string offset=692
.Linfo_string62:
	.asciz	"C11"                           @ string offset=696
.Linfo_string63:
	.asciz	"C12"                           @ string offset=700
.Linfo_string64:
	.asciz	"C13"                           @ string offset=704
.Linfo_string65:
	.asciz	"C14"                           @ string offset=708
.Linfo_string66:
	.asciz	"C15"                           @ string offset=712
.Linfo_string67:
	.asciz	"C16"                           @ string offset=716
.Linfo_string68:
	.asciz	"C17"                           @ string offset=720
.Linfo_string69:
	.asciz	"C18"                           @ string offset=724
.Linfo_string70:
	.asciz	"C19"                           @ string offset=728
.Linfo_string71:
	.asciz	"C20"                           @ string offset=732
.Linfo_string72:
	.asciz	"C21"                           @ string offset=736
.Linfo_string73:
	.asciz	"C22"                           @ string offset=740
.Linfo_string74:
	.asciz	"C23"                           @ string offset=744
.Linfo_string75:
	.asciz	"C24"                           @ string offset=748
.Linfo_string76:
	.asciz	"C25"                           @ string offset=752
.Linfo_string77:
	.asciz	"C26"                           @ string offset=756
.Linfo_string78:
	.asciz	"C27"                           @ string offset=760
.Linfo_string79:
	.asciz	"C28"                           @ string offset=764
.Linfo_string80:
	.asciz	"C29"                           @ string offset=768
.Linfo_string81:
	.asciz	"C30"                           @ string offset=772
.Linfo_string82:
	.asciz	"C31"                           @ string offset=776
.Linfo_string83:
	.asciz	"D0"                            @ string offset=780
.Linfo_string84:
	.asciz	"D1"                            @ string offset=783
.Linfo_string85:
	.asciz	"D2"                            @ string offset=786
.Linfo_string86:
	.asciz	"D3"                            @ string offset=789
.Linfo_string87:
	.asciz	"D4"                            @ string offset=792
.Linfo_string88:
	.asciz	"D12"                           @ string offset=795
.Linfo_string89:
	.asciz	"D13"                           @ string offset=799
.Linfo_string90:
	.asciz	"D14"                           @ string offset=803
.Linfo_string91:
	.asciz	"D15"                           @ string offset=807
.Linfo_string92:
	.asciz	"D16"                           @ string offset=811
.Linfo_string93:
	.asciz	"D17"                           @ string offset=815
.Linfo_string94:
	.asciz	"D26"                           @ string offset=819
.Linfo_string95:
	.asciz	"D27"                           @ string offset=823
.Linfo_string96:
	.asciz	"SPI_1"                         @ string offset=827
.Linfo_string97:
	.asciz	"SPI_3"                         @ string offset=833
.Linfo_string98:
	.asciz	"SPI_4"                         @ string offset=839
.Linfo_string99:
	.asciz	"SPI_MAX"                       @ string offset=845
.Linfo_string100:
	.asciz	"RGB565_WHITE"                  @ string offset=853
.Linfo_string101:
	.asciz	"RGB565_BLACK"                  @ string offset=866
.Linfo_string102:
	.asciz	"RGB565_BLUE"                   @ string offset=879
.Linfo_string103:
	.asciz	"RGB565_PURPLE"                 @ string offset=891
.Linfo_string104:
	.asciz	"RGB565_PINK"                   @ string offset=905
.Linfo_string105:
	.asciz	"RGB565_RED"                    @ string offset=917
.Linfo_string106:
	.asciz	"RGB565_MAGENTA"                @ string offset=928
.Linfo_string107:
	.asciz	"RGB565_GREEN"                  @ string offset=943
.Linfo_string108:
	.asciz	"RGB565_CYAN"                   @ string offset=956
.Linfo_string109:
	.asciz	"RGB565_YELLOW"                 @ string offset=968
.Linfo_string110:
	.asciz	"RGB565_BROWN"                  @ string offset=982
.Linfo_string111:
	.asciz	"RGB565_GRAY"                   @ string offset=995
.Linfo_string112:
	.asciz	"RGB565_39C5BB"                 @ string offset=1007
.Linfo_string113:
	.asciz	"RGB565_66CCFF"                 @ string offset=1021
.Linfo_string114:
	.asciz	"SPI_MODE0"                     @ string offset=1035
.Linfo_string115:
	.asciz	"SPI_MODE1"                     @ string offset=1045
.Linfo_string116:
	.asciz	"SPI_MODE2"                     @ string offset=1055
.Linfo_string117:
	.asciz	"SPI_MODE3"                     @ string offset=1065
.Linfo_string118:
	.asciz	"SPI1_SCK_D12"                  @ string offset=1075
.Linfo_string119:
	.asciz	"SPI3_SCK_B0"                   @ string offset=1088
.Linfo_string120:
	.asciz	"SPI3_SCK_B31"                  @ string offset=1100
.Linfo_string121:
	.asciz	"SPI4_SCK_C3"                   @ string offset=1113
.Linfo_string122:
	.asciz	"SPI4_SCK_C23"                  @ string offset=1125
.Linfo_string123:
	.asciz	"SPI1_MOSI_D14"                 @ string offset=1138
.Linfo_string124:
	.asciz	"SPI3_MOSI_B1"                  @ string offset=1152
.Linfo_string125:
	.asciz	"SPI3_MOSI_B30"                 @ string offset=1165
.Linfo_string126:
	.asciz	"SPI4_MOSI_C2"                  @ string offset=1179
.Linfo_string127:
	.asciz	"SPI4_MOSI_C22"                 @ string offset=1192
.Linfo_string128:
	.asciz	"SPI_MISO_NULL"                 @ string offset=1206
.Linfo_string129:
	.asciz	"SPI1_MISO_D15"                 @ string offset=1220
.Linfo_string130:
	.asciz	"SPI3_MISO_B2"                  @ string offset=1234
.Linfo_string131:
	.asciz	"SPI3_MISO_B29"                 @ string offset=1247
.Linfo_string132:
	.asciz	"SPI4_MISO_C1"                  @ string offset=1261
.Linfo_string133:
	.asciz	"SPI4_MISO_C21"                 @ string offset=1274
.Linfo_string134:
	.asciz	"SPI_CS_NULL"                   @ string offset=1288
.Linfo_string135:
	.asciz	"SPI1_CS0_D13"                  @ string offset=1300
.Linfo_string136:
	.asciz	"SPI1_CS2_D26"                  @ string offset=1313
.Linfo_string137:
	.asciz	"SPI1_CS3_D27"                  @ string offset=1326
.Linfo_string138:
	.asciz	"SPI3_CS0_B3"                   @ string offset=1339
.Linfo_string139:
	.asciz	"SPI3_CS0_B28"                  @ string offset=1351
.Linfo_string140:
	.asciz	"SPI4_CS0_C0"                   @ string offset=1364
.Linfo_string141:
	.asciz	"SPI4_CS0_C20"                  @ string offset=1376
.Linfo_string142:
	.asciz	"SPI4_CS1_C19"                  @ string offset=1389
.Linfo_string143:
	.asciz	"SPI4_CS2_C18"                  @ string offset=1402
.Linfo_string144:
	.asciz	"SPI4_CS3_C27"                  @ string offset=1415
.Linfo_string145:
	.asciz	"GPI"                           @ string offset=1428
.Linfo_string146:
	.asciz	"GPO"                           @ string offset=1432
.Linfo_string147:
	.asciz	"GPIO_LOW"                      @ string offset=1436
.Linfo_string148:
	.asciz	"GPIO_HIGH"                     @ string offset=1445
.Linfo_string149:
	.asciz	"unsigned int"                  @ string offset=1455
.Linfo_string150:
	.asciz	"HYS_EN"                        @ string offset=1468
.Linfo_string151:
	.asciz	"PULLDOWN_100K"                 @ string offset=1475
.Linfo_string152:
	.asciz	"PULLUP_47K"                    @ string offset=1489
.Linfo_string153:
	.asciz	"PULLUP_100K"                   @ string offset=1500
.Linfo_string154:
	.asciz	"PULLUP_22K"                    @ string offset=1512
.Linfo_string155:
	.asciz	"PULL_EN"                       @ string offset=1523
.Linfo_string156:
	.asciz	"KEEPER_EN"                     @ string offset=1531
.Linfo_string157:
	.asciz	"OD_EN"                         @ string offset=1541
.Linfo_string158:
	.asciz	"SPEED_50MHZ"                   @ string offset=1547
.Linfo_string159:
	.asciz	"SPEED_100MHZ"                  @ string offset=1559
.Linfo_string160:
	.asciz	"SPEED_200MHZ"                  @ string offset=1572
.Linfo_string161:
	.asciz	"DSE_DIS"                       @ string offset=1585
.Linfo_string162:
	.asciz	"DSE_R0"                        @ string offset=1593
.Linfo_string163:
	.asciz	"DSE_R0_2"                      @ string offset=1600
.Linfo_string164:
	.asciz	"DSE_R0_3"                      @ string offset=1609
.Linfo_string165:
	.asciz	"DSE_R0_4"                      @ string offset=1618
.Linfo_string166:
	.asciz	"DSE_R0_5"                      @ string offset=1627
.Linfo_string167:
	.asciz	"DSE_R0_6"                      @ string offset=1636
.Linfo_string168:
	.asciz	"DSE_R0_7"                      @ string offset=1645
.Linfo_string169:
	.asciz	"SRE_SLOW"                      @ string offset=1654
.Linfo_string170:
	.asciz	"SRE_FAST"                      @ string offset=1663
.Linfo_string171:
	.asciz	"GPI_ANAOG_IN"                  @ string offset=1672
.Linfo_string172:
	.asciz	"GPI_FLOATING_IN"               @ string offset=1685
.Linfo_string173:
	.asciz	"GPI_PULL_DOWN"                 @ string offset=1701
.Linfo_string174:
	.asciz	"GPI_PULL_UP"                   @ string offset=1715
.Linfo_string175:
	.asciz	"GPO_PUSH_PULL"                 @ string offset=1727
.Linfo_string176:
	.asciz	"GPO_OPEN_DTAIN"                @ string offset=1741
.Linfo_string177:
	.asciz	"GPO_AF_PUSH_PULL"              @ string offset=1756
.Linfo_string178:
	.asciz	"GPO_AF_OPEN_DTAIN"             @ string offset=1773
.Linfo_string179:
	.asciz	"FAST_GPI_PULL_DOWN"            @ string offset=1791
.Linfo_string180:
	.asciz	"FAST_GPI_PULL_UP"              @ string offset=1810
.Linfo_string181:
	.asciz	"FAST_GPO_PUSH_PULL"            @ string offset=1827
.Linfo_string182:
	.asciz	"float"                         @ string offset=1846
.Linfo_string183:
	.asciz	"short"                         @ string offset=1852
.Linfo_string184:
	.asciz	"int16"                         @ string offset=1858
.Linfo_string185:
	.asciz	"int"                           @ string offset=1864
.Linfo_string186:
	.asciz	"ips114_clear"                  @ string offset=1868
.Linfo_string187:
	.asciz	"GPIO_ClearPinsOutput"          @ string offset=1881
.Linfo_string188:
	.asciz	"ips114_set_region"             @ string offset=1902
.Linfo_string189:
	.asciz	"GPIO_SetPinsOutput"            @ string offset=1920
.Linfo_string190:
	.asciz	"ips114_full"                   @ string offset=1939
.Linfo_string191:
	.asciz	"ips114_set_dir"                @ string offset=1951
.Linfo_string192:
	.asciz	"ips114_set_font"               @ string offset=1966
.Linfo_string193:
	.asciz	"ips114_set_color"              @ string offset=1982
.Linfo_string194:
	.asciz	"ips114_draw_point"             @ string offset=1999
.Linfo_string195:
	.asciz	"ips114_draw_line"              @ string offset=2017
.Linfo_string196:
	.asciz	"ips114_show_char"              @ string offset=2034
.Linfo_string197:
	.asciz	"ips114_show_string"            @ string offset=2051
.Linfo_string198:
	.asciz	"ips114_show_int"               @ string offset=2070
.Linfo_string199:
	.asciz	"ips114_show_uint"              @ string offset=2086
.Linfo_string200:
	.asciz	"ips114_show_float"             @ string offset=2103
.Linfo_string201:
	.asciz	"ips114_show_binary_image"      @ string offset=2121
.Linfo_string202:
	.asciz	"ips114_show_gray_image"        @ string offset=2146
.Linfo_string203:
	.asciz	"ips114_show_rgb565_image"      @ string offset=2169
.Linfo_string204:
	.asciz	"ips114_show_wave"              @ string offset=2194
.Linfo_string205:
	.asciz	"ips114_show_chinese"           @ string offset=2211
.Linfo_string206:
	.asciz	"ips114_init"                   @ string offset=2231
.Linfo_string207:
	.asciz	"ips114_write_index"            @ string offset=2243
.Linfo_string208:
	.asciz	"ips114_debug_init"             @ string offset=2262
.Linfo_string209:
	.asciz	"GPIO_PortClear"                @ string offset=2280
.Linfo_string210:
	.asciz	"GPIO_PortSet"                  @ string offset=2295
.Linfo_string211:
	.asciz	"__vla_expr0"                   @ string offset=2308
.Linfo_string212:
	.asciz	"i"                             @ string offset=2320
.Linfo_string213:
	.asciz	"uint32"                        @ string offset=2322
.Linfo_string214:
	.asciz	"j"                             @ string offset=2329
.Linfo_string215:
	.asciz	"color_buffer"                  @ string offset=2331
.Linfo_string216:
	.asciz	"base"                          @ string offset=2344
.Linfo_string217:
	.asciz	"DR"                            @ string offset=2349
.Linfo_string218:
	.asciz	"uint32_t"                      @ string offset=2352
.Linfo_string219:
	.asciz	"GDIR"                          @ string offset=2361
.Linfo_string220:
	.asciz	"PSR"                           @ string offset=2366
.Linfo_string221:
	.asciz	"ICR1"                          @ string offset=2370
.Linfo_string222:
	.asciz	"ICR2"                          @ string offset=2375
.Linfo_string223:
	.asciz	"IMR"                           @ string offset=2380
.Linfo_string224:
	.asciz	"ISR"                           @ string offset=2384
.Linfo_string225:
	.asciz	"EDGE_SEL"                      @ string offset=2388
.Linfo_string226:
	.asciz	"RESERVED_0"                    @ string offset=2397
.Linfo_string227:
	.asciz	"uint8_t"                       @ string offset=2408
.Linfo_string228:
	.asciz	"DR_SET"                        @ string offset=2416
.Linfo_string229:
	.asciz	"DR_CLEAR"                      @ string offset=2423
.Linfo_string230:
	.asciz	"DR_TOGGLE"                     @ string offset=2432
.Linfo_string231:
	.asciz	"GPIO_Type"                     @ string offset=2442
.Linfo_string232:
	.asciz	"mask"                          @ string offset=2452
.Linfo_string233:
	.asciz	"x1"                            @ string offset=2457
.Linfo_string234:
	.asciz	"y1"                            @ string offset=2460
.Linfo_string235:
	.asciz	"x2"                            @ string offset=2463
.Linfo_string236:
	.asciz	"y2"                            @ string offset=2466
.Linfo_string237:
	.asciz	"color"                         @ string offset=2469
.Linfo_string238:
	.asciz	"dir"                           @ string offset=2475
.Linfo_string239:
	.asciz	"font"                          @ string offset=2479
.Linfo_string240:
	.asciz	"pen"                           @ string offset=2484
.Linfo_string241:
	.asciz	"bgcolor"                       @ string offset=2488
.Linfo_string242:
	.asciz	"x"                             @ string offset=2496
.Linfo_string243:
	.asciz	"y"                             @ string offset=2498
.Linfo_string244:
	.asciz	"x_start"                       @ string offset=2500
.Linfo_string245:
	.asciz	"y_start"                       @ string offset=2508
.Linfo_string246:
	.asciz	"x_end"                         @ string offset=2516
.Linfo_string247:
	.asciz	"y_end"                         @ string offset=2522
.Linfo_string248:
	.asciz	"x_dir"                         @ string offset=2528
.Linfo_string249:
	.asciz	"y_dir"                         @ string offset=2534
.Linfo_string250:
	.asciz	"temp_rate"                     @ string offset=2540
.Linfo_string251:
	.asciz	"temp_b"                        @ string offset=2550
.Linfo_string252:
	.asciz	"dat"                           @ string offset=2557
.Linfo_string253:
	.asciz	"display_buffer"                @ string offset=2561
.Linfo_string254:
	.asciz	"temp_top"                      @ string offset=2576
.Linfo_string255:
	.asciz	"temp_bottom"                   @ string offset=2585
.Linfo_string256:
	.asciz	"int32"                         @ string offset=2597
.Linfo_string257:
	.asciz	"num"                           @ string offset=2603
.Linfo_string258:
	.asciz	"dat_temp"                      @ string offset=2607
.Linfo_string259:
	.asciz	"offset"                        @ string offset=2616
.Linfo_string260:
	.asciz	"data_buffer"                   @ string offset=2623
.Linfo_string261:
	.asciz	"double"                        @ string offset=2635
.Linfo_string262:
	.asciz	"pointnum"                      @ string offset=2642
.Linfo_string263:
	.asciz	"image"                         @ string offset=2651
.Linfo_string264:
	.asciz	"width"                         @ string offset=2657
.Linfo_string265:
	.asciz	"height"                        @ string offset=2663
.Linfo_string266:
	.asciz	"dis_width"                     @ string offset=2670
.Linfo_string267:
	.asciz	"dis_height"                    @ string offset=2680
.Linfo_string268:
	.asciz	"temp"                          @ string offset=2691
.Linfo_string269:
	.asciz	"width_index"                   @ string offset=2696
.Linfo_string270:
	.asciz	"image_temp"                    @ string offset=2708
.Linfo_string271:
	.asciz	"threshold"                     @ string offset=2719
.Linfo_string272:
	.asciz	"color_mode"                    @ string offset=2729
.Linfo_string273:
	.asciz	"wave"                          @ string offset=2740
.Linfo_string274:
	.asciz	"value_max"                     @ string offset=2745
.Linfo_string275:
	.asciz	"dis_value_max"                 @ string offset=2755
.Linfo_string276:
	.asciz	"value_max_index"               @ string offset=2769
.Linfo_string277:
	.asciz	"size"                          @ string offset=2785
.Linfo_string278:
	.asciz	"chinese_buffer"                @ string offset=2790
.Linfo_string279:
	.asciz	"number"                        @ string offset=2805
.Linfo_string280:
	.asciz	"k"                             @ string offset=2812
.Linfo_string281:
	.asciz	"temp1"                         @ string offset=2814
.Linfo_string282:
	.asciz	"temp2"                         @ string offset=2820
.Linfo_string283:
	.asciz	"p_data"                        @ string offset=2826
.Linfo_string284:
	.asciz	"info"                          @ string offset=2833
.Linfo_string285:
	.asciz	"type_index"                    @ string offset=2838
.Linfo_string286:
	.asciz	"display_x_max"                 @ string offset=2849
.Linfo_string287:
	.asciz	"display_y_max"                 @ string offset=2863
.Linfo_string288:
	.asciz	"font_x_size"                   @ string offset=2877
.Linfo_string289:
	.asciz	"font_y_size"                   @ string offset=2889
.Linfo_string290:
	.asciz	"output_uart"                   @ string offset=2901
.Linfo_string291:
	.asciz	"output_screen"                 @ string offset=2913
.Linfo_string292:
	.asciz	"output_screen_clear"           @ string offset=2927
.Linfo_string293:
	.asciz	"debug_output_struct"           @ string offset=2947
	.ident	"Component: Arm Compiler for Embedded 6.19 Tool: armclang [5e73cb00]"
	.section	".note.GNU-stack","",%progbits
	.eabi_attribute	30, 6	@ Tag_ABI_optimization_goals
	.ARM_attribute	16, 1	@ Tag_AV_eba
	.section	.debug_line,"",%progbits
.Lline_table_start0:
