	.text
	.syntax unified
	.eabi_attribute	67, "2.09"	@ Tag_conformance
	.cpu	cortex-m7
	.eabi_attribute	6, 13	@ Tag_CPU_arch
	.eabi_attribute	7, 77	@ Tag_CPU_arch_profile
	.eabi_attribute	8, 0	@ Tag_ARM_ISA_use
	.eabi_attribute	9, 2	@ Tag_THUMB_ISA_use
	.fpu	fpv5-d16
	.eabi_attribute	36, 1	@ Tag_FP_HP_extension
	.eabi_attribute	34, 1	@ Tag_CPU_unaligned_access
	.eabi_attribute	17, 1	@ Tag_ABI_PCS_GOT_use
	.eabi_attribute	20, 2	@ Tag_ABI_FP_denormal
	.eabi_attribute	21, 0	@ Tag_ABI_FP_exceptions
	.eabi_attribute	23, 1	@ Tag_ABI_FP_number_model
	.eabi_attribute	24, 1	@ Tag_ABI_align_needed
	.eabi_attribute	25, 1	@ Tag_ABI_align_preserved
	.eabi_attribute	28, 1	@ Tag_ABI_VFP_args
	.eabi_attribute	38, 1	@ Tag_ABI_FP_16bit_format
	.eabi_attribute	18, 2	@ Tag_ABI_PCS_wchar_t
	.eabi_attribute	26, 1	@ Tag_ABI_enum_size
	.eabi_attribute	14, 0	@ Tag_ABI_PCS_R9_use
	.file	"zf_driver_soft_spi.c"
	.file	1 "E:\\FILE_SMART_CAR\\\346\231\272\350\203\275\350\247\206\350\247\211\\RT1064_Library-master\\RT1064_Library-master\\SeekFree_RT1064_Opensource_Library\\project\\mdk" "../../libraries/zf_driver/zf_driver_soft_spi.c"
	.file	2 "E:\\FILE_SMART_CAR\\\346\231\272\350\203\275\350\247\206\350\247\211\\RT1064_Library-master\\RT1064_Library-master\\SeekFree_RT1064_Opensource_Library\\project\\mdk" "../../libraries/zf_driver/zf_driver_gpio.h"
	.section	.text.soft_spi_write_8bit,"ax",%progbits
	.hidden	soft_spi_write_8bit             @ -- Begin function soft_spi_write_8bit
	.globl	soft_spi_write_8bit
	.p2align	3
	.type	soft_spi_write_8bit,%function
	.code	16                              @ @soft_spi_write_8bit
	.thumb_func
soft_spi_write_8bit:
.Lfunc_begin0:
	.loc	1 231 0                         @ ../../libraries/zf_driver/zf_driver_soft_spi.c:231:0
	.fnstart
	.cfi_sections .debug_frame
	.cfi_startproc
@ %bb.0:
	.save	{r7, lr}
	push	{r7, lr}
	.cfi_def_cfa_offset 8
	.cfi_offset lr, -4
	.cfi_offset r7, -8
	.pad	#8
	sub	sp, #8
	.cfi_def_cfa_offset 16
                                        @ kill: def $r2 killed $r1
	str	r0, [sp, #4]
	strb.w	r1, [sp, #3]
.Ltmp0:
	.loc	1 232 5 prologue_end            @ ../../libraries/zf_driver/zf_driver_soft_spi.c:232:5
	ldr	r0, [sp, #4]
	cmp	r0, #0
	it	ne
	movne	r0, #1
	movw	r1, :lower16:.L.str
	movt	r1, :upper16:.L.str
	movs	r2, #232
	bl	debug_assert_handler
	.loc	1 233 32                        @ ../../libraries/zf_driver/zf_driver_soft_spi.c:233:32
	ldr	r0, [sp, #4]
	.loc	1 233 46 is_stmt 0              @ ../../libraries/zf_driver/zf_driver_soft_spi.c:233:46
	ldrb.w	r1, [sp, #3]
	.loc	1 233 5                         @ ../../libraries/zf_driver/zf_driver_soft_spi.c:233:5
	bl	soft_spi_8bit_data_handler
	.loc	1 234 1 is_stmt 1               @ ../../libraries/zf_driver/zf_driver_soft_spi.c:234:1
	add	sp, #8
	pop	{r7, pc}
.Ltmp1:
.Lfunc_end0:
	.size	soft_spi_write_8bit, .Lfunc_end0-soft_spi_write_8bit
	.cfi_endproc
	.cantunwind
	.fnend
                                        @ -- End function
	.section	.text.soft_spi_8bit_data_handler,"ax",%progbits
	.p2align	3                               @ -- Begin function soft_spi_8bit_data_handler
	.type	soft_spi_8bit_data_handler,%function
	.code	16                              @ @soft_spi_8bit_data_handler
	.thumb_func
soft_spi_8bit_data_handler:
.Lfunc_begin1:
	.loc	1 63 0                          @ ../../libraries/zf_driver/zf_driver_soft_spi.c:63:0
	.fnstart
	.cfi_startproc
@ %bb.0:
	.save	{r7, lr}
	push	{r7, lr}
	.cfi_def_cfa_offset 8
	.cfi_offset lr, -4
	.cfi_offset r7, -8
	.pad	#24
	sub	sp, #24
	.cfi_def_cfa_offset 32
                                        @ kill: def $r2 killed $r1
	str	r0, [sp, #20]
	strb.w	r1, [sp, #19]
	movs	r0, #0
.Ltmp2:
	.loc	1 64 11 prologue_end            @ ../../libraries/zf_driver/zf_driver_soft_spi.c:64:11
	strb.w	r0, [sp, #18]
	.loc	1 65 24                         @ ../../libraries/zf_driver/zf_driver_soft_spi.c:65:24
	ldrb.w	r1, [sp, #19]
	.loc	1 65 11 is_stmt 0               @ ../../libraries/zf_driver/zf_driver_soft_spi.c:65:11
	strb.w	r1, [sp, #17]
	.loc	1 66 11 is_stmt 1               @ ../../libraries/zf_driver/zf_driver_soft_spi.c:66:11
	strb.w	r0, [sp, #16]
.Ltmp3:
	.loc	1 68 8                          @ ../../libraries/zf_driver/zf_driver_soft_spi.c:68:8
	ldr	r1, [sp, #20]
	.loc	1 68 29 is_stmt 0               @ ../../libraries/zf_driver/zf_driver_soft_spi.c:68:29
	ldrb	r1, [r1]
.Ltmp4:
	.loc	1 68 8                          @ ../../libraries/zf_driver/zf_driver_soft_spi.c:68:8
	cmp.w	r0, r1, lsr #7
	beq	.LBB1_2
	b	.LBB1_1
.LBB1_1:
.Ltmp5:
	.loc	1 70 9 is_stmt 1                @ ../../libraries/zf_driver/zf_driver_soft_spi.c:70:9
	ldr	r0, [sp, #20]
	ldrb	r1, [r0, #4]
	ubfx	r2, r1, #5, #3
	movw	r0, :lower16:PORTPTR
	movt	r0, :upper16:PORTPTR
	ldr.w	r0, [r0, r2, lsl #2]
	and	r2, r1, #31
	movs	r1, #1
	lsls	r1, r2
	bl	GPIO_ClearPinsOutput
	.loc	1 71 5                          @ ../../libraries/zf_driver/zf_driver_soft_spi.c:71:5
	b	.LBB1_2
.Ltmp6:
.LBB1_2:
	.loc	1 73 13                         @ ../../libraries/zf_driver/zf_driver_soft_spi.c:73:13
	ldr	r0, [sp, #20]
	.loc	1 73 34 is_stmt 0               @ ../../libraries/zf_driver/zf_driver_soft_spi.c:73:34
	ldrb	r0, [r0]
	.loc	1 73 39                         @ ../../libraries/zf_driver/zf_driver_soft_spi.c:73:39
	lsls	r0, r0, #26
	cbz	r0, .LBB1_4
	b	.LBB1_3
.LBB1_3:
	.loc	1 73 47                         @ ../../libraries/zf_driver/zf_driver_soft_spi.c:73:47
	ldr	r0, [sp, #20]
	.loc	1 73 68                         @ ../../libraries/zf_driver/zf_driver_soft_spi.c:73:68
	ldrb	r0, [r0]
	and	r0, r0, #63
.Ltmp7:
	.loc	1 73 8                          @ ../../libraries/zf_driver/zf_driver_soft_spi.c:73:8
	cmp	r0, #1
	bne	.LBB1_5
	b	.LBB1_4
.LBB1_4:
.Ltmp8:
	.loc	1 75 9 is_stmt 1                @ ../../libraries/zf_driver/zf_driver_soft_spi.c:75:9
	ldr	r0, [sp, #20]
	ldrb	r1, [r0, #1]
	ubfx	r2, r1, #5, #3
	movw	r0, :lower16:PORTPTR
	movt	r0, :upper16:PORTPTR
	ldr.w	r0, [r0, r2, lsl #2]
	and	r2, r1, #31
	movs	r1, #1
	lsls	r1, r2
	bl	GPIO_ClearPinsOutput
	.loc	1 76 5                          @ ../../libraries/zf_driver/zf_driver_soft_spi.c:76:5
	b	.LBB1_6
.Ltmp9:
.LBB1_5:
	.loc	1 79 9                          @ ../../libraries/zf_driver/zf_driver_soft_spi.c:79:9
	ldr	r0, [sp, #20]
	ldrb	r1, [r0, #1]
	ubfx	r2, r1, #5, #3
	movw	r0, :lower16:PORTPTR
	movt	r0, :upper16:PORTPTR
	ldr.w	r0, [r0, r2, lsl #2]
	and	r2, r1, #31
	movs	r1, #1
	lsls	r1, r2
	bl	GPIO_SetPinsOutput
	b	.LBB1_6
.Ltmp10:
.LBB1_6:
	.loc	1 82 13                         @ ../../libraries/zf_driver/zf_driver_soft_spi.c:82:13
	ldr	r0, [sp, #20]
	ldrb	r0, [r0]
.Ltmp11:
	.loc	1 82 8 is_stmt 0                @ ../../libraries/zf_driver/zf_driver_soft_spi.c:82:8
	lsls	r0, r0, #31
	cmp	r0, #0
	bne	.LBB1_23
	b	.LBB1_7
.LBB1_7:
	.loc	1 0 8                           @ ../../libraries/zf_driver/zf_driver_soft_spi.c:0:8
	movs	r0, #8
.Ltmp12:
	.loc	1 84 18 is_stmt 1               @ ../../libraries/zf_driver/zf_driver_soft_spi.c:84:18
	strb.w	r0, [sp, #18]
	.loc	1 84 13 is_stmt 0               @ ../../libraries/zf_driver/zf_driver_soft_spi.c:84:13
	b	.LBB1_8
.LBB1_8:                                @ =>This Loop Header: Depth=1
                                        @     Child Loop BB1_13 Depth 2
                                        @     Child Loop BB1_18 Depth 2
.Ltmp13:
	.loc	1 84 27                         @ ../../libraries/zf_driver/zf_driver_soft_spi.c:84:27
	ldrb.w	r0, [sp, #18]
.Ltmp14:
	.loc	1 84 9                          @ ../../libraries/zf_driver/zf_driver_soft_spi.c:84:9
	cmp	r0, #1
	blt	.LBB1_22
	b	.LBB1_9
.LBB1_9:                                @   in Loop: Header=BB1_8 Depth=1
.Ltmp15:
	.loc	1 86 23 is_stmt 1               @ ../../libraries/zf_driver/zf_driver_soft_spi.c:86:23
	ldrb.w	r0, [sp, #17]
.Ltmp16:
	.loc	1 86 16 is_stmt 0               @ ../../libraries/zf_driver/zf_driver_soft_spi.c:86:16
	lsls	r0, r0, #24
	cmp	r0, #0
	bpl	.LBB1_11
	b	.LBB1_10
.LBB1_10:                               @   in Loop: Header=BB1_8 Depth=1
.Ltmp17:
	.loc	1 88 17 is_stmt 1               @ ../../libraries/zf_driver/zf_driver_soft_spi.c:88:17
	ldr	r0, [sp, #20]
	ldrb	r1, [r0, #2]
	ubfx	r2, r1, #5, #3
	movw	r0, :lower16:PORTPTR
	movt	r0, :upper16:PORTPTR
	ldr.w	r0, [r0, r2, lsl #2]
	and	r2, r1, #31
	movs	r1, #1
	lsls	r1, r2
	bl	GPIO_SetPinsOutput
	.loc	1 89 13                         @ ../../libraries/zf_driver/zf_driver_soft_spi.c:89:13
	b	.LBB1_12
.Ltmp18:
.LBB1_11:                               @   in Loop: Header=BB1_8 Depth=1
	.loc	1 92 17                         @ ../../libraries/zf_driver/zf_driver_soft_spi.c:92:17
	ldr	r0, [sp, #20]
	ldrb	r1, [r0, #2]
	ubfx	r2, r1, #5, #3
	movw	r0, :lower16:PORTPTR
	movt	r0, :upper16:PORTPTR
	ldr.w	r0, [r0, r2, lsl #2]
	and	r2, r1, #31
	movs	r1, #1
	lsls	r1, r2
	bl	GPIO_ClearPinsOutput
	b	.LBB1_12
.Ltmp19:
.LBB1_12:                               @   in Loop: Header=BB1_8 Depth=1
	.loc	1 94 13                         @ ../../libraries/zf_driver/zf_driver_soft_spi.c:94:13
	ldr	r0, [sp, #20]
	ldr	r0, [r0, #8]
	str	r0, [sp, #12]
	b	.LBB1_13
.LBB1_13:                               @   Parent Loop BB1_8 Depth=1
                                        @ =>  This Inner Loop Header: Depth=2
.Ltmp20:
	.loc	1 94 13 is_stmt 0               @ ../../libraries/zf_driver/zf_driver_soft_spi.c:94:13
	ldr	r0, [sp, #12]
	subs	r1, r0, #1
	str	r1, [sp, #12]
.Ltmp21:
	.loc	1 94 13                         @ ../../libraries/zf_driver/zf_driver_soft_spi.c:94:13
	cbz	r0, .LBB1_15
	b	.LBB1_14
.LBB1_14:                               @   in Loop: Header=BB1_13 Depth=2
.Ltmp22:
	.loc	1 94 13                         @ ../../libraries/zf_driver/zf_driver_soft_spi.c:94:13
	b	.LBB1_13
.Ltmp23:
.LBB1_15:                               @   in Loop: Header=BB1_8 Depth=1
	.loc	1 95 31 is_stmt 1               @ ../../libraries/zf_driver/zf_driver_soft_spi.c:95:31
	ldr	r0, [sp, #20]
	.loc	1 95 45 is_stmt 0               @ ../../libraries/zf_driver/zf_driver_soft_spi.c:95:45
	ldrb	r0, [r0, #1]
	.loc	1 95 13                         @ ../../libraries/zf_driver/zf_driver_soft_spi.c:95:13
	bl	gpio_toggle_level
	.loc	1 96 26 is_stmt 1               @ ../../libraries/zf_driver/zf_driver_soft_spi.c:96:26
	ldrb.w	r0, [sp, #17]
	.loc	1 96 37 is_stmt 0               @ ../../libraries/zf_driver/zf_driver_soft_spi.c:96:37
	lsls	r0, r0, #1
	.loc	1 96 24                         @ ../../libraries/zf_driver/zf_driver_soft_spi.c:96:24
	strb.w	r0, [sp, #17]
	.loc	1 97 25 is_stmt 1               @ ../../libraries/zf_driver/zf_driver_soft_spi.c:97:25
	ldrb.w	r0, [sp, #16]
	.loc	1 97 35 is_stmt 0               @ ../../libraries/zf_driver/zf_driver_soft_spi.c:97:35
	lsls	r0, r0, #1
	.loc	1 97 23                         @ ../../libraries/zf_driver/zf_driver_soft_spi.c:97:23
	strb.w	r0, [sp, #16]
.Ltmp24:
	.loc	1 98 16 is_stmt 1               @ ../../libraries/zf_driver/zf_driver_soft_spi.c:98:16
	ldr	r0, [sp, #20]
	.loc	1 98 37 is_stmt 0               @ ../../libraries/zf_driver/zf_driver_soft_spi.c:98:37
	ldrb	r0, [r0]
	lsrs	r0, r0, #6
.Ltmp25:
	.loc	1 98 16                         @ ../../libraries/zf_driver/zf_driver_soft_spi.c:98:16
	lsls	r0, r0, #31
	cbz	r0, .LBB1_17
	b	.LBB1_16
.LBB1_16:                               @   in Loop: Header=BB1_8 Depth=1
.Ltmp26:
	.loc	1 100 45 is_stmt 1              @ ../../libraries/zf_driver/zf_driver_soft_spi.c:100:45
	ldr	r0, [sp, #20]
	.loc	1 100 59 is_stmt 0              @ ../../libraries/zf_driver/zf_driver_soft_spi.c:100:59
	ldrb	r0, [r0, #3]
	.loc	1 100 30                        @ ../../libraries/zf_driver/zf_driver_soft_spi.c:100:30
	bl	gpio_get_level
	mov	r1, r0
	.loc	1 100 27                        @ ../../libraries/zf_driver/zf_driver_soft_spi.c:100:27
	ldrb.w	r0, [sp, #16]
	orrs	r0, r1
	strb.w	r0, [sp, #16]
	.loc	1 101 13 is_stmt 1              @ ../../libraries/zf_driver/zf_driver_soft_spi.c:101:13
	b	.LBB1_17
.Ltmp27:
.LBB1_17:                               @   in Loop: Header=BB1_8 Depth=1
	.loc	1 102 13                        @ ../../libraries/zf_driver/zf_driver_soft_spi.c:102:13
	ldr	r0, [sp, #20]
	ldr	r0, [r0, #8]
	str	r0, [sp, #8]
	b	.LBB1_18
.LBB1_18:                               @   Parent Loop BB1_8 Depth=1
                                        @ =>  This Inner Loop Header: Depth=2
.Ltmp28:
	.loc	1 102 13 is_stmt 0              @ ../../libraries/zf_driver/zf_driver_soft_spi.c:102:13
	ldr	r0, [sp, #8]
	subs	r1, r0, #1
	str	r1, [sp, #8]
.Ltmp29:
	.loc	1 102 13                        @ ../../libraries/zf_driver/zf_driver_soft_spi.c:102:13
	cbz	r0, .LBB1_20
	b	.LBB1_19
.LBB1_19:                               @   in Loop: Header=BB1_18 Depth=2
.Ltmp30:
	.loc	1 102 13                        @ ../../libraries/zf_driver/zf_driver_soft_spi.c:102:13
	b	.LBB1_18
.Ltmp31:
.LBB1_20:                               @   in Loop: Header=BB1_8 Depth=1
	.loc	1 103 31 is_stmt 1              @ ../../libraries/zf_driver/zf_driver_soft_spi.c:103:31
	ldr	r0, [sp, #20]
	.loc	1 103 45 is_stmt 0              @ ../../libraries/zf_driver/zf_driver_soft_spi.c:103:45
	ldrb	r0, [r0, #1]
	.loc	1 103 13                        @ ../../libraries/zf_driver/zf_driver_soft_spi.c:103:13
	bl	gpio_toggle_level
	.loc	1 104 9 is_stmt 1               @ ../../libraries/zf_driver/zf_driver_soft_spi.c:104:9
	b	.LBB1_21
.Ltmp32:
.LBB1_21:                               @   in Loop: Header=BB1_8 Depth=1
	.loc	1 84 38                         @ ../../libraries/zf_driver/zf_driver_soft_spi.c:84:38
	ldrb.w	r0, [sp, #18]
	subs	r0, #1
	strb.w	r0, [sp, #18]
	.loc	1 84 9 is_stmt 0                @ ../../libraries/zf_driver/zf_driver_soft_spi.c:84:9
	b	.LBB1_8
.Ltmp33:
.LBB1_22:
	.loc	1 105 5 is_stmt 1               @ ../../libraries/zf_driver/zf_driver_soft_spi.c:105:5
	b	.LBB1_39
.Ltmp34:
.LBB1_23:
	.loc	1 0 5 is_stmt 0                 @ ../../libraries/zf_driver/zf_driver_soft_spi.c:0:5
	movs	r0, #8
.Ltmp35:
	.loc	1 108 18 is_stmt 1              @ ../../libraries/zf_driver/zf_driver_soft_spi.c:108:18
	strb.w	r0, [sp, #18]
	.loc	1 108 13 is_stmt 0              @ ../../libraries/zf_driver/zf_driver_soft_spi.c:108:13
	b	.LBB1_24
.LBB1_24:                               @ =>This Loop Header: Depth=1
                                        @     Child Loop BB1_29 Depth 2
                                        @     Child Loop BB1_34 Depth 2
.Ltmp36:
	.loc	1 108 27                        @ ../../libraries/zf_driver/zf_driver_soft_spi.c:108:27
	ldrb.w	r0, [sp, #18]
.Ltmp37:
	.loc	1 108 9                         @ ../../libraries/zf_driver/zf_driver_soft_spi.c:108:9
	cmp	r0, #1
	blt	.LBB1_38
	b	.LBB1_25
.LBB1_25:                               @   in Loop: Header=BB1_24 Depth=1
.Ltmp38:
	.loc	1 110 31 is_stmt 1              @ ../../libraries/zf_driver/zf_driver_soft_spi.c:110:31
	ldr	r0, [sp, #20]
	.loc	1 110 45 is_stmt 0              @ ../../libraries/zf_driver/zf_driver_soft_spi.c:110:45
	ldrb	r0, [r0, #1]
	.loc	1 110 13                        @ ../../libraries/zf_driver/zf_driver_soft_spi.c:110:13
	bl	gpio_toggle_level
.Ltmp39:
	.loc	1 111 23 is_stmt 1              @ ../../libraries/zf_driver/zf_driver_soft_spi.c:111:23
	ldrb.w	r0, [sp, #17]
.Ltmp40:
	.loc	1 111 16 is_stmt 0              @ ../../libraries/zf_driver/zf_driver_soft_spi.c:111:16
	lsls	r0, r0, #24
	cmp	r0, #0
	bpl	.LBB1_27
	b	.LBB1_26
.LBB1_26:                               @   in Loop: Header=BB1_24 Depth=1
.Ltmp41:
	.loc	1 113 17 is_stmt 1              @ ../../libraries/zf_driver/zf_driver_soft_spi.c:113:17
	ldr	r0, [sp, #20]
	ldrb	r1, [r0, #2]
	ubfx	r2, r1, #5, #3
	movw	r0, :lower16:PORTPTR
	movt	r0, :upper16:PORTPTR
	ldr.w	r0, [r0, r2, lsl #2]
	and	r2, r1, #31
	movs	r1, #1
	lsls	r1, r2
	bl	GPIO_SetPinsOutput
	.loc	1 114 13                        @ ../../libraries/zf_driver/zf_driver_soft_spi.c:114:13
	b	.LBB1_28
.Ltmp42:
.LBB1_27:                               @   in Loop: Header=BB1_24 Depth=1
	.loc	1 117 17                        @ ../../libraries/zf_driver/zf_driver_soft_spi.c:117:17
	ldr	r0, [sp, #20]
	ldrb	r1, [r0, #2]
	ubfx	r2, r1, #5, #3
	movw	r0, :lower16:PORTPTR
	movt	r0, :upper16:PORTPTR
	ldr.w	r0, [r0, r2, lsl #2]
	and	r2, r1, #31
	movs	r1, #1
	lsls	r1, r2
	bl	GPIO_ClearPinsOutput
	b	.LBB1_28
.Ltmp43:
.LBB1_28:                               @   in Loop: Header=BB1_24 Depth=1
	.loc	1 119 13                        @ ../../libraries/zf_driver/zf_driver_soft_spi.c:119:13
	ldr	r0, [sp, #20]
	ldr	r0, [r0, #8]
	str	r0, [sp, #4]
	b	.LBB1_29
.LBB1_29:                               @   Parent Loop BB1_24 Depth=1
                                        @ =>  This Inner Loop Header: Depth=2
.Ltmp44:
	.loc	1 119 13 is_stmt 0              @ ../../libraries/zf_driver/zf_driver_soft_spi.c:119:13
	ldr	r0, [sp, #4]
	subs	r1, r0, #1
	str	r1, [sp, #4]
.Ltmp45:
	.loc	1 119 13                        @ ../../libraries/zf_driver/zf_driver_soft_spi.c:119:13
	cbz	r0, .LBB1_31
	b	.LBB1_30
.LBB1_30:                               @   in Loop: Header=BB1_29 Depth=2
.Ltmp46:
	.loc	1 119 13                        @ ../../libraries/zf_driver/zf_driver_soft_spi.c:119:13
	b	.LBB1_29
.Ltmp47:
.LBB1_31:                               @   in Loop: Header=BB1_24 Depth=1
	.loc	1 120 31 is_stmt 1              @ ../../libraries/zf_driver/zf_driver_soft_spi.c:120:31
	ldr	r0, [sp, #20]
	.loc	1 120 45 is_stmt 0              @ ../../libraries/zf_driver/zf_driver_soft_spi.c:120:45
	ldrb	r0, [r0, #1]
	.loc	1 120 13                        @ ../../libraries/zf_driver/zf_driver_soft_spi.c:120:13
	bl	gpio_toggle_level
	.loc	1 121 26 is_stmt 1              @ ../../libraries/zf_driver/zf_driver_soft_spi.c:121:26
	ldrb.w	r0, [sp, #17]
	.loc	1 121 37 is_stmt 0              @ ../../libraries/zf_driver/zf_driver_soft_spi.c:121:37
	lsls	r0, r0, #1
	.loc	1 121 24                        @ ../../libraries/zf_driver/zf_driver_soft_spi.c:121:24
	strb.w	r0, [sp, #17]
	.loc	1 122 25 is_stmt 1              @ ../../libraries/zf_driver/zf_driver_soft_spi.c:122:25
	ldrb.w	r0, [sp, #16]
	.loc	1 122 35 is_stmt 0              @ ../../libraries/zf_driver/zf_driver_soft_spi.c:122:35
	lsls	r0, r0, #1
	.loc	1 122 23                        @ ../../libraries/zf_driver/zf_driver_soft_spi.c:122:23
	strb.w	r0, [sp, #16]
.Ltmp48:
	.loc	1 123 16 is_stmt 1              @ ../../libraries/zf_driver/zf_driver_soft_spi.c:123:16
	ldr	r0, [sp, #20]
	.loc	1 123 37 is_stmt 0              @ ../../libraries/zf_driver/zf_driver_soft_spi.c:123:37
	ldrb	r0, [r0]
	lsrs	r0, r0, #6
.Ltmp49:
	.loc	1 123 16                        @ ../../libraries/zf_driver/zf_driver_soft_spi.c:123:16
	lsls	r0, r0, #31
	cbz	r0, .LBB1_33
	b	.LBB1_32
.LBB1_32:                               @   in Loop: Header=BB1_24 Depth=1
.Ltmp50:
	.loc	1 125 45 is_stmt 1              @ ../../libraries/zf_driver/zf_driver_soft_spi.c:125:45
	ldr	r0, [sp, #20]
	.loc	1 125 59 is_stmt 0              @ ../../libraries/zf_driver/zf_driver_soft_spi.c:125:59
	ldrb	r0, [r0, #3]
	.loc	1 125 30                        @ ../../libraries/zf_driver/zf_driver_soft_spi.c:125:30
	bl	gpio_get_level
	mov	r1, r0
	.loc	1 125 27                        @ ../../libraries/zf_driver/zf_driver_soft_spi.c:125:27
	ldrb.w	r0, [sp, #16]
	orrs	r0, r1
	strb.w	r0, [sp, #16]
	.loc	1 126 13 is_stmt 1              @ ../../libraries/zf_driver/zf_driver_soft_spi.c:126:13
	b	.LBB1_33
.Ltmp51:
.LBB1_33:                               @   in Loop: Header=BB1_24 Depth=1
	.loc	1 127 13                        @ ../../libraries/zf_driver/zf_driver_soft_spi.c:127:13
	ldr	r0, [sp, #20]
	ldr	r0, [r0, #8]
	str	r0, [sp]
	b	.LBB1_34
.LBB1_34:                               @   Parent Loop BB1_24 Depth=1
                                        @ =>  This Inner Loop Header: Depth=2
.Ltmp52:
	.loc	1 127 13 is_stmt 0              @ ../../libraries/zf_driver/zf_driver_soft_spi.c:127:13
	ldr	r0, [sp]
	subs	r1, r0, #1
	str	r1, [sp]
.Ltmp53:
	.loc	1 127 13                        @ ../../libraries/zf_driver/zf_driver_soft_spi.c:127:13
	cbz	r0, .LBB1_36
	b	.LBB1_35
.LBB1_35:                               @   in Loop: Header=BB1_34 Depth=2
.Ltmp54:
	.loc	1 127 13                        @ ../../libraries/zf_driver/zf_driver_soft_spi.c:127:13
	b	.LBB1_34
.Ltmp55:
.LBB1_36:                               @   in Loop: Header=BB1_24 Depth=1
	.loc	1 128 9 is_stmt 1               @ ../../libraries/zf_driver/zf_driver_soft_spi.c:128:9
	b	.LBB1_37
.Ltmp56:
.LBB1_37:                               @   in Loop: Header=BB1_24 Depth=1
	.loc	1 108 38                        @ ../../libraries/zf_driver/zf_driver_soft_spi.c:108:38
	ldrb.w	r0, [sp, #18]
	subs	r0, #1
	strb.w	r0, [sp, #18]
	.loc	1 108 9 is_stmt 0               @ ../../libraries/zf_driver/zf_driver_soft_spi.c:108:9
	b	.LBB1_24
.Ltmp57:
.LBB1_38:
	.loc	1 0 9                           @ ../../libraries/zf_driver/zf_driver_soft_spi.c:0:9
	b	.LBB1_39
.LBB1_39:
.Ltmp58:
	.loc	1 131 8 is_stmt 1               @ ../../libraries/zf_driver/zf_driver_soft_spi.c:131:8
	ldr	r0, [sp, #20]
	.loc	1 131 29 is_stmt 0              @ ../../libraries/zf_driver/zf_driver_soft_spi.c:131:29
	ldrb	r1, [r0]
	movs	r0, #0
.Ltmp59:
	.loc	1 131 8                         @ ../../libraries/zf_driver/zf_driver_soft_spi.c:131:8
	cmp.w	r0, r1, lsr #7
	beq	.LBB1_41
	b	.LBB1_40
.LBB1_40:
.Ltmp60:
	.loc	1 133 9 is_stmt 1               @ ../../libraries/zf_driver/zf_driver_soft_spi.c:133:9
	ldr	r0, [sp, #20]
	ldrb	r1, [r0, #4]
	ubfx	r2, r1, #5, #3
	movw	r0, :lower16:PORTPTR
	movt	r0, :upper16:PORTPTR
	ldr.w	r0, [r0, r2, lsl #2]
	and	r2, r1, #31
	movs	r1, #1
	lsls	r1, r2
	bl	GPIO_SetPinsOutput
	.loc	1 134 5                         @ ../../libraries/zf_driver/zf_driver_soft_spi.c:134:5
	b	.LBB1_41
.Ltmp61:
.LBB1_41:
	.loc	1 135 12                        @ ../../libraries/zf_driver/zf_driver_soft_spi.c:135:12
	ldrb.w	r0, [sp, #16]
	.loc	1 135 5 is_stmt 0               @ ../../libraries/zf_driver/zf_driver_soft_spi.c:135:5
	add	sp, #24
	pop	{r7, pc}
.Ltmp62:
.Lfunc_end1:
	.size	soft_spi_8bit_data_handler, .Lfunc_end1-soft_spi_8bit_data_handler
	.cfi_endproc
	.cantunwind
	.fnend
                                        @ -- End function
	.section	.text.soft_spi_write_8bit_array,"ax",%progbits
	.hidden	soft_spi_write_8bit_array       @ -- Begin function soft_spi_write_8bit_array
	.globl	soft_spi_write_8bit_array
	.p2align	3
	.type	soft_spi_write_8bit_array,%function
	.code	16                              @ @soft_spi_write_8bit_array
	.thumb_func
soft_spi_write_8bit_array:
.Lfunc_begin2:
	.loc	1 246 0 is_stmt 1               @ ../../libraries/zf_driver/zf_driver_soft_spi.c:246:0
	.fnstart
	.cfi_startproc
@ %bb.0:
	.save	{r7, lr}
	push	{r7, lr}
	.cfi_def_cfa_offset 8
	.cfi_offset lr, -4
	.cfi_offset r7, -8
	.pad	#16
	sub	sp, #16
	.cfi_def_cfa_offset 24
	str	r0, [sp, #12]
	str	r1, [sp, #8]
	str	r2, [sp, #4]
.Ltmp63:
	.loc	1 247 5 prologue_end            @ ../../libraries/zf_driver/zf_driver_soft_spi.c:247:5
	ldr	r0, [sp, #12]
	cmp	r0, #0
	it	ne
	movne	r0, #1
	movw	r1, :lower16:.L.str
	movt	r1, :upper16:.L.str
	str	r1, [sp]                        @ 4-byte Spill
	movs	r2, #247
	bl	debug_assert_handler
	ldr	r1, [sp]                        @ 4-byte Reload
	.loc	1 248 5                         @ ../../libraries/zf_driver/zf_driver_soft_spi.c:248:5
	ldr	r0, [sp, #8]
	cmp	r0, #0
	it	ne
	movne	r0, #1
	movs	r2, #248
	bl	debug_assert_handler
	.loc	1 249 5                         @ ../../libraries/zf_driver/zf_driver_soft_spi.c:249:5
	b	.LBB2_1
.LBB2_1:                                @ =>This Inner Loop Header: Depth=1
	.loc	1 249 15 is_stmt 0              @ ../../libraries/zf_driver/zf_driver_soft_spi.c:249:15
	ldr	r0, [sp, #4]
	subs	r1, r0, #1
	str	r1, [sp, #4]
	.loc	1 249 5                         @ ../../libraries/zf_driver/zf_driver_soft_spi.c:249:5
	cbz	r0, .LBB2_3
	b	.LBB2_2
.LBB2_2:                                @   in Loop: Header=BB2_1 Depth=1
.Ltmp64:
	.loc	1 251 36 is_stmt 1              @ ../../libraries/zf_driver/zf_driver_soft_spi.c:251:36
	ldr	r0, [sp, #12]
	.loc	1 251 56 is_stmt 0              @ ../../libraries/zf_driver/zf_driver_soft_spi.c:251:56
	ldr	r1, [sp, #8]
	adds	r2, r1, #1
	str	r2, [sp, #8]
	.loc	1 251 50                        @ ../../libraries/zf_driver/zf_driver_soft_spi.c:251:50
	ldrb	r1, [r1]
	.loc	1 251 9                         @ ../../libraries/zf_driver/zf_driver_soft_spi.c:251:9
	bl	soft_spi_8bit_data_handler
.Ltmp65:
	.loc	1 249 5 is_stmt 1               @ ../../libraries/zf_driver/zf_driver_soft_spi.c:249:5
	b	.LBB2_1
.LBB2_3:
	.loc	1 253 1                         @ ../../libraries/zf_driver/zf_driver_soft_spi.c:253:1
	add	sp, #16
	pop	{r7, pc}
.Ltmp66:
.Lfunc_end2:
	.size	soft_spi_write_8bit_array, .Lfunc_end2-soft_spi_write_8bit_array
	.cfi_endproc
	.cantunwind
	.fnend
                                        @ -- End function
	.section	.text.soft_spi_write_16bit,"ax",%progbits
	.hidden	soft_spi_write_16bit            @ -- Begin function soft_spi_write_16bit
	.globl	soft_spi_write_16bit
	.p2align	3
	.type	soft_spi_write_16bit,%function
	.code	16                              @ @soft_spi_write_16bit
	.thumb_func
soft_spi_write_16bit:
.Lfunc_begin3:
	.loc	1 264 0                         @ ../../libraries/zf_driver/zf_driver_soft_spi.c:264:0
	.fnstart
	.cfi_startproc
@ %bb.0:
	.save	{r7, lr}
	push	{r7, lr}
	.cfi_def_cfa_offset 8
	.cfi_offset lr, -4
	.cfi_offset r7, -8
	.pad	#8
	sub	sp, #8
	.cfi_def_cfa_offset 16
                                        @ kill: def $r2 killed $r1
	str	r0, [sp, #4]
	strh.w	r1, [sp, #2]
.Ltmp67:
	.loc	1 265 5 prologue_end            @ ../../libraries/zf_driver/zf_driver_soft_spi.c:265:5
	ldr	r0, [sp, #4]
	cmp	r0, #0
	it	ne
	movne	r0, #1
	movw	r1, :lower16:.L.str
	movt	r1, :upper16:.L.str
	movw	r2, #265
	bl	debug_assert_handler
	.loc	1 266 33                        @ ../../libraries/zf_driver/zf_driver_soft_spi.c:266:33
	ldr	r0, [sp, #4]
	.loc	1 266 47 is_stmt 0              @ ../../libraries/zf_driver/zf_driver_soft_spi.c:266:47
	ldrh.w	r1, [sp, #2]
	.loc	1 266 5                         @ ../../libraries/zf_driver/zf_driver_soft_spi.c:266:5
	bl	soft_spi_16bit_data_handler
	.loc	1 267 1 is_stmt 1               @ ../../libraries/zf_driver/zf_driver_soft_spi.c:267:1
	add	sp, #8
	pop	{r7, pc}
.Ltmp68:
.Lfunc_end3:
	.size	soft_spi_write_16bit, .Lfunc_end3-soft_spi_write_16bit
	.cfi_endproc
	.cantunwind
	.fnend
                                        @ -- End function
	.section	.text.soft_spi_16bit_data_handler,"ax",%progbits
	.p2align	3                               @ -- Begin function soft_spi_16bit_data_handler
	.type	soft_spi_16bit_data_handler,%function
	.code	16                              @ @soft_spi_16bit_data_handler
	.thumb_func
soft_spi_16bit_data_handler:
.Lfunc_begin4:
	.loc	1 147 0                         @ ../../libraries/zf_driver/zf_driver_soft_spi.c:147:0
	.fnstart
	.cfi_startproc
@ %bb.0:
	.save	{r7, lr}
	push	{r7, lr}
	.cfi_def_cfa_offset 8
	.cfi_offset lr, -4
	.cfi_offset r7, -8
	.pad	#32
	sub	sp, #32
	.cfi_def_cfa_offset 40
                                        @ kill: def $r2 killed $r1
	str	r0, [sp, #28]
	strh.w	r1, [sp, #26]
	movs	r0, #0
.Ltmp69:
	.loc	1 148 11 prologue_end           @ ../../libraries/zf_driver/zf_driver_soft_spi.c:148:11
	strb.w	r0, [sp, #25]
	.loc	1 149 25                        @ ../../libraries/zf_driver/zf_driver_soft_spi.c:149:25
	ldrh.w	r1, [sp, #26]
	.loc	1 149 12 is_stmt 0              @ ../../libraries/zf_driver/zf_driver_soft_spi.c:149:12
	strh.w	r1, [sp, #22]
	.loc	1 150 12 is_stmt 1              @ ../../libraries/zf_driver/zf_driver_soft_spi.c:150:12
	strh.w	r0, [sp, #20]
.Ltmp70:
	.loc	1 152 8                         @ ../../libraries/zf_driver/zf_driver_soft_spi.c:152:8
	ldr	r1, [sp, #28]
	.loc	1 152 29 is_stmt 0              @ ../../libraries/zf_driver/zf_driver_soft_spi.c:152:29
	ldrb	r1, [r1]
.Ltmp71:
	.loc	1 152 8                         @ ../../libraries/zf_driver/zf_driver_soft_spi.c:152:8
	cmp.w	r0, r1, lsr #7
	beq	.LBB4_2
	b	.LBB4_1
.LBB4_1:
.Ltmp72:
	.loc	1 154 9 is_stmt 1               @ ../../libraries/zf_driver/zf_driver_soft_spi.c:154:9
	ldr	r0, [sp, #28]
	ldrb	r1, [r0, #4]
	ubfx	r2, r1, #5, #3
	movw	r0, :lower16:PORTPTR
	movt	r0, :upper16:PORTPTR
	ldr.w	r0, [r0, r2, lsl #2]
	and	r2, r1, #31
	movs	r1, #1
	lsls	r1, r2
	bl	GPIO_ClearPinsOutput
	.loc	1 155 5                         @ ../../libraries/zf_driver/zf_driver_soft_spi.c:155:5
	b	.LBB4_2
.Ltmp73:
.LBB4_2:
	.loc	1 157 13                        @ ../../libraries/zf_driver/zf_driver_soft_spi.c:157:13
	ldr	r0, [sp, #28]
	.loc	1 157 34 is_stmt 0              @ ../../libraries/zf_driver/zf_driver_soft_spi.c:157:34
	ldrb	r0, [r0]
	.loc	1 157 39                        @ ../../libraries/zf_driver/zf_driver_soft_spi.c:157:39
	lsls	r0, r0, #26
	cbz	r0, .LBB4_4
	b	.LBB4_3
.LBB4_3:
	.loc	1 157 47                        @ ../../libraries/zf_driver/zf_driver_soft_spi.c:157:47
	ldr	r0, [sp, #28]
	.loc	1 157 68                        @ ../../libraries/zf_driver/zf_driver_soft_spi.c:157:68
	ldrb	r0, [r0]
	and	r0, r0, #63
.Ltmp74:
	.loc	1 157 8                         @ ../../libraries/zf_driver/zf_driver_soft_spi.c:157:8
	cmp	r0, #1
	bne	.LBB4_5
	b	.LBB4_4
.LBB4_4:
.Ltmp75:
	.loc	1 159 9 is_stmt 1               @ ../../libraries/zf_driver/zf_driver_soft_spi.c:159:9
	ldr	r0, [sp, #28]
	ldrb	r1, [r0, #1]
	ubfx	r2, r1, #5, #3
	movw	r0, :lower16:PORTPTR
	movt	r0, :upper16:PORTPTR
	ldr.w	r0, [r0, r2, lsl #2]
	and	r2, r1, #31
	movs	r1, #1
	lsls	r1, r2
	bl	GPIO_ClearPinsOutput
	.loc	1 160 5                         @ ../../libraries/zf_driver/zf_driver_soft_spi.c:160:5
	b	.LBB4_6
.Ltmp76:
.LBB4_5:
	.loc	1 163 9                         @ ../../libraries/zf_driver/zf_driver_soft_spi.c:163:9
	ldr	r0, [sp, #28]
	ldrb	r1, [r0, #1]
	ubfx	r2, r1, #5, #3
	movw	r0, :lower16:PORTPTR
	movt	r0, :upper16:PORTPTR
	ldr.w	r0, [r0, r2, lsl #2]
	and	r2, r1, #31
	movs	r1, #1
	lsls	r1, r2
	bl	GPIO_SetPinsOutput
	b	.LBB4_6
.Ltmp77:
.LBB4_6:
	.loc	1 166 13                        @ ../../libraries/zf_driver/zf_driver_soft_spi.c:166:13
	ldr	r0, [sp, #28]
	ldrb	r0, [r0]
.Ltmp78:
	.loc	1 166 8 is_stmt 0               @ ../../libraries/zf_driver/zf_driver_soft_spi.c:166:8
	lsls	r0, r0, #31
	cmp	r0, #0
	bne	.LBB4_23
	b	.LBB4_7
.LBB4_7:
	.loc	1 0 8                           @ ../../libraries/zf_driver/zf_driver_soft_spi.c:0:8
	movs	r0, #16
.Ltmp79:
	.loc	1 168 18 is_stmt 1              @ ../../libraries/zf_driver/zf_driver_soft_spi.c:168:18
	strb.w	r0, [sp, #25]
	.loc	1 168 13 is_stmt 0              @ ../../libraries/zf_driver/zf_driver_soft_spi.c:168:13
	b	.LBB4_8
.LBB4_8:                                @ =>This Loop Header: Depth=1
                                        @     Child Loop BB4_13 Depth 2
                                        @     Child Loop BB4_18 Depth 2
.Ltmp80:
	.loc	1 168 28                        @ ../../libraries/zf_driver/zf_driver_soft_spi.c:168:28
	ldrb.w	r0, [sp, #25]
.Ltmp81:
	.loc	1 168 9                         @ ../../libraries/zf_driver/zf_driver_soft_spi.c:168:9
	cmp	r0, #1
	blt	.LBB4_22
	b	.LBB4_9
.LBB4_9:                                @   in Loop: Header=BB4_8 Depth=1
.Ltmp82:
	.loc	1 170 25 is_stmt 1              @ ../../libraries/zf_driver/zf_driver_soft_spi.c:170:25
	ldrh.w	r0, [sp, #22]
.Ltmp83:
	.loc	1 170 16 is_stmt 0              @ ../../libraries/zf_driver/zf_driver_soft_spi.c:170:16
	lsls	r0, r0, #16
	cmp	r0, #0
	bpl	.LBB4_11
	b	.LBB4_10
.LBB4_10:                               @   in Loop: Header=BB4_8 Depth=1
.Ltmp84:
	.loc	1 172 17 is_stmt 1              @ ../../libraries/zf_driver/zf_driver_soft_spi.c:172:17
	ldr	r0, [sp, #28]
	ldrb	r1, [r0, #2]
	ubfx	r2, r1, #5, #3
	movw	r0, :lower16:PORTPTR
	movt	r0, :upper16:PORTPTR
	ldr.w	r0, [r0, r2, lsl #2]
	and	r2, r1, #31
	movs	r1, #1
	lsls	r1, r2
	bl	GPIO_SetPinsOutput
	.loc	1 173 13                        @ ../../libraries/zf_driver/zf_driver_soft_spi.c:173:13
	b	.LBB4_12
.Ltmp85:
.LBB4_11:                               @   in Loop: Header=BB4_8 Depth=1
	.loc	1 176 17                        @ ../../libraries/zf_driver/zf_driver_soft_spi.c:176:17
	ldr	r0, [sp, #28]
	ldrb	r1, [r0, #2]
	ubfx	r2, r1, #5, #3
	movw	r0, :lower16:PORTPTR
	movt	r0, :upper16:PORTPTR
	ldr.w	r0, [r0, r2, lsl #2]
	and	r2, r1, #31
	movs	r1, #1
	lsls	r1, r2
	bl	GPIO_ClearPinsOutput
	b	.LBB4_12
.Ltmp86:
.LBB4_12:                               @   in Loop: Header=BB4_8 Depth=1
	.loc	1 178 13                        @ ../../libraries/zf_driver/zf_driver_soft_spi.c:178:13
	ldr	r0, [sp, #28]
	ldr	r0, [r0, #8]
	str	r0, [sp, #16]
	b	.LBB4_13
.LBB4_13:                               @   Parent Loop BB4_8 Depth=1
                                        @ =>  This Inner Loop Header: Depth=2
.Ltmp87:
	.loc	1 178 13 is_stmt 0              @ ../../libraries/zf_driver/zf_driver_soft_spi.c:178:13
	ldr	r0, [sp, #16]
	subs	r1, r0, #1
	str	r1, [sp, #16]
.Ltmp88:
	.loc	1 178 13                        @ ../../libraries/zf_driver/zf_driver_soft_spi.c:178:13
	cbz	r0, .LBB4_15
	b	.LBB4_14
.LBB4_14:                               @   in Loop: Header=BB4_13 Depth=2
.Ltmp89:
	.loc	1 178 13                        @ ../../libraries/zf_driver/zf_driver_soft_spi.c:178:13
	b	.LBB4_13
.Ltmp90:
.LBB4_15:                               @   in Loop: Header=BB4_8 Depth=1
	.loc	1 179 31 is_stmt 1              @ ../../libraries/zf_driver/zf_driver_soft_spi.c:179:31
	ldr	r0, [sp, #28]
	.loc	1 179 45 is_stmt 0              @ ../../libraries/zf_driver/zf_driver_soft_spi.c:179:45
	ldrb	r0, [r0, #1]
	.loc	1 179 13                        @ ../../libraries/zf_driver/zf_driver_soft_spi.c:179:13
	bl	gpio_toggle_level
	.loc	1 180 26 is_stmt 1              @ ../../libraries/zf_driver/zf_driver_soft_spi.c:180:26
	ldrh.w	r0, [sp, #22]
	.loc	1 180 37 is_stmt 0              @ ../../libraries/zf_driver/zf_driver_soft_spi.c:180:37
	lsls	r0, r0, #1
	.loc	1 180 24                        @ ../../libraries/zf_driver/zf_driver_soft_spi.c:180:24
	strh.w	r0, [sp, #22]
	.loc	1 181 25 is_stmt 1              @ ../../libraries/zf_driver/zf_driver_soft_spi.c:181:25
	ldrh.w	r0, [sp, #20]
	.loc	1 181 35 is_stmt 0              @ ../../libraries/zf_driver/zf_driver_soft_spi.c:181:35
	lsls	r0, r0, #1
	.loc	1 181 23                        @ ../../libraries/zf_driver/zf_driver_soft_spi.c:181:23
	strh.w	r0, [sp, #20]
.Ltmp91:
	.loc	1 182 16 is_stmt 1              @ ../../libraries/zf_driver/zf_driver_soft_spi.c:182:16
	ldr	r0, [sp, #28]
	.loc	1 182 37 is_stmt 0              @ ../../libraries/zf_driver/zf_driver_soft_spi.c:182:37
	ldrb	r0, [r0]
	lsrs	r0, r0, #6
.Ltmp92:
	.loc	1 182 16                        @ ../../libraries/zf_driver/zf_driver_soft_spi.c:182:16
	lsls	r0, r0, #31
	cbz	r0, .LBB4_17
	b	.LBB4_16
.LBB4_16:                               @   in Loop: Header=BB4_8 Depth=1
.Ltmp93:
	.loc	1 184 45 is_stmt 1              @ ../../libraries/zf_driver/zf_driver_soft_spi.c:184:45
	ldr	r0, [sp, #28]
	.loc	1 184 59 is_stmt 0              @ ../../libraries/zf_driver/zf_driver_soft_spi.c:184:59
	ldrb	r0, [r0, #3]
	.loc	1 184 30                        @ ../../libraries/zf_driver/zf_driver_soft_spi.c:184:30
	bl	gpio_get_level
	mov	r1, r0
	.loc	1 184 27                        @ ../../libraries/zf_driver/zf_driver_soft_spi.c:184:27
	ldrh.w	r0, [sp, #20]
	orrs	r0, r1
	strh.w	r0, [sp, #20]
	.loc	1 185 13 is_stmt 1              @ ../../libraries/zf_driver/zf_driver_soft_spi.c:185:13
	b	.LBB4_17
.Ltmp94:
.LBB4_17:                               @   in Loop: Header=BB4_8 Depth=1
	.loc	1 186 13                        @ ../../libraries/zf_driver/zf_driver_soft_spi.c:186:13
	ldr	r0, [sp, #28]
	ldr	r0, [r0, #8]
	str	r0, [sp, #12]
	b	.LBB4_18
.LBB4_18:                               @   Parent Loop BB4_8 Depth=1
                                        @ =>  This Inner Loop Header: Depth=2
.Ltmp95:
	.loc	1 186 13 is_stmt 0              @ ../../libraries/zf_driver/zf_driver_soft_spi.c:186:13
	ldr	r0, [sp, #12]
	subs	r1, r0, #1
	str	r1, [sp, #12]
.Ltmp96:
	.loc	1 186 13                        @ ../../libraries/zf_driver/zf_driver_soft_spi.c:186:13
	cbz	r0, .LBB4_20
	b	.LBB4_19
.LBB4_19:                               @   in Loop: Header=BB4_18 Depth=2
.Ltmp97:
	.loc	1 186 13                        @ ../../libraries/zf_driver/zf_driver_soft_spi.c:186:13
	b	.LBB4_18
.Ltmp98:
.LBB4_20:                               @   in Loop: Header=BB4_8 Depth=1
	.loc	1 187 31 is_stmt 1              @ ../../libraries/zf_driver/zf_driver_soft_spi.c:187:31
	ldr	r0, [sp, #28]
	.loc	1 187 45 is_stmt 0              @ ../../libraries/zf_driver/zf_driver_soft_spi.c:187:45
	ldrb	r0, [r0, #1]
	.loc	1 187 13                        @ ../../libraries/zf_driver/zf_driver_soft_spi.c:187:13
	bl	gpio_toggle_level
	.loc	1 188 9 is_stmt 1               @ ../../libraries/zf_driver/zf_driver_soft_spi.c:188:9
	b	.LBB4_21
.Ltmp99:
.LBB4_21:                               @   in Loop: Header=BB4_8 Depth=1
	.loc	1 168 39                        @ ../../libraries/zf_driver/zf_driver_soft_spi.c:168:39
	ldrb.w	r0, [sp, #25]
	subs	r0, #1
	strb.w	r0, [sp, #25]
	.loc	1 168 9 is_stmt 0               @ ../../libraries/zf_driver/zf_driver_soft_spi.c:168:9
	b	.LBB4_8
.Ltmp100:
.LBB4_22:
	.loc	1 189 5 is_stmt 1               @ ../../libraries/zf_driver/zf_driver_soft_spi.c:189:5
	b	.LBB4_39
.Ltmp101:
.LBB4_23:
	.loc	1 0 5 is_stmt 0                 @ ../../libraries/zf_driver/zf_driver_soft_spi.c:0:5
	movs	r0, #16
.Ltmp102:
	.loc	1 192 18 is_stmt 1              @ ../../libraries/zf_driver/zf_driver_soft_spi.c:192:18
	strb.w	r0, [sp, #25]
	.loc	1 192 13 is_stmt 0              @ ../../libraries/zf_driver/zf_driver_soft_spi.c:192:13
	b	.LBB4_24
.LBB4_24:                               @ =>This Loop Header: Depth=1
                                        @     Child Loop BB4_29 Depth 2
                                        @     Child Loop BB4_34 Depth 2
.Ltmp103:
	.loc	1 192 28                        @ ../../libraries/zf_driver/zf_driver_soft_spi.c:192:28
	ldrb.w	r0, [sp, #25]
.Ltmp104:
	.loc	1 192 9                         @ ../../libraries/zf_driver/zf_driver_soft_spi.c:192:9
	cmp	r0, #1
	blt	.LBB4_38
	b	.LBB4_25
.LBB4_25:                               @   in Loop: Header=BB4_24 Depth=1
.Ltmp105:
	.loc	1 194 31 is_stmt 1              @ ../../libraries/zf_driver/zf_driver_soft_spi.c:194:31
	ldr	r0, [sp, #28]
	.loc	1 194 45 is_stmt 0              @ ../../libraries/zf_driver/zf_driver_soft_spi.c:194:45
	ldrb	r0, [r0, #1]
	.loc	1 194 13                        @ ../../libraries/zf_driver/zf_driver_soft_spi.c:194:13
	bl	gpio_toggle_level
.Ltmp106:
	.loc	1 195 16 is_stmt 1              @ ../../libraries/zf_driver/zf_driver_soft_spi.c:195:16
	ldrh.w	r0, [sp, #22]
.Ltmp107:
	.loc	1 195 16 is_stmt 0              @ ../../libraries/zf_driver/zf_driver_soft_spi.c:195:16
	lsls	r0, r0, #16
	cmp	r0, #0
	bpl	.LBB4_27
	b	.LBB4_26
.LBB4_26:                               @   in Loop: Header=BB4_24 Depth=1
.Ltmp108:
	.loc	1 197 17 is_stmt 1              @ ../../libraries/zf_driver/zf_driver_soft_spi.c:197:17
	ldr	r0, [sp, #28]
	ldrb	r1, [r0, #2]
	ubfx	r2, r1, #5, #3
	movw	r0, :lower16:PORTPTR
	movt	r0, :upper16:PORTPTR
	ldr.w	r0, [r0, r2, lsl #2]
	and	r2, r1, #31
	movs	r1, #1
	lsls	r1, r2
	bl	GPIO_SetPinsOutput
	.loc	1 198 13                        @ ../../libraries/zf_driver/zf_driver_soft_spi.c:198:13
	b	.LBB4_28
.Ltmp109:
.LBB4_27:                               @   in Loop: Header=BB4_24 Depth=1
	.loc	1 201 17                        @ ../../libraries/zf_driver/zf_driver_soft_spi.c:201:17
	ldr	r0, [sp, #28]
	ldrb	r1, [r0, #2]
	ubfx	r2, r1, #5, #3
	movw	r0, :lower16:PORTPTR
	movt	r0, :upper16:PORTPTR
	ldr.w	r0, [r0, r2, lsl #2]
	and	r2, r1, #31
	movs	r1, #1
	lsls	r1, r2
	bl	GPIO_ClearPinsOutput
	b	.LBB4_28
.Ltmp110:
.LBB4_28:                               @   in Loop: Header=BB4_24 Depth=1
	.loc	1 203 13                        @ ../../libraries/zf_driver/zf_driver_soft_spi.c:203:13
	ldr	r0, [sp, #28]
	ldr	r0, [r0, #8]
	str	r0, [sp, #8]
	b	.LBB4_29
.LBB4_29:                               @   Parent Loop BB4_24 Depth=1
                                        @ =>  This Inner Loop Header: Depth=2
.Ltmp111:
	.loc	1 203 13 is_stmt 0              @ ../../libraries/zf_driver/zf_driver_soft_spi.c:203:13
	ldr	r0, [sp, #8]
	subs	r1, r0, #1
	str	r1, [sp, #8]
.Ltmp112:
	.loc	1 203 13                        @ ../../libraries/zf_driver/zf_driver_soft_spi.c:203:13
	cbz	r0, .LBB4_31
	b	.LBB4_30
.LBB4_30:                               @   in Loop: Header=BB4_29 Depth=2
.Ltmp113:
	.loc	1 203 13                        @ ../../libraries/zf_driver/zf_driver_soft_spi.c:203:13
	b	.LBB4_29
.Ltmp114:
.LBB4_31:                               @   in Loop: Header=BB4_24 Depth=1
	.loc	1 204 31 is_stmt 1              @ ../../libraries/zf_driver/zf_driver_soft_spi.c:204:31
	ldr	r0, [sp, #28]
	.loc	1 204 45 is_stmt 0              @ ../../libraries/zf_driver/zf_driver_soft_spi.c:204:45
	ldrb	r0, [r0, #1]
	.loc	1 204 13                        @ ../../libraries/zf_driver/zf_driver_soft_spi.c:204:13
	bl	gpio_toggle_level
	.loc	1 205 26 is_stmt 1              @ ../../libraries/zf_driver/zf_driver_soft_spi.c:205:26
	ldrh.w	r0, [sp, #22]
	.loc	1 205 37 is_stmt 0              @ ../../libraries/zf_driver/zf_driver_soft_spi.c:205:37
	lsls	r0, r0, #1
	.loc	1 205 24                        @ ../../libraries/zf_driver/zf_driver_soft_spi.c:205:24
	strh.w	r0, [sp, #22]
	.loc	1 206 25 is_stmt 1              @ ../../libraries/zf_driver/zf_driver_soft_spi.c:206:25
	ldrh.w	r0, [sp, #20]
	.loc	1 206 35 is_stmt 0              @ ../../libraries/zf_driver/zf_driver_soft_spi.c:206:35
	lsls	r0, r0, #1
	.loc	1 206 23                        @ ../../libraries/zf_driver/zf_driver_soft_spi.c:206:23
	strh.w	r0, [sp, #20]
.Ltmp115:
	.loc	1 207 16 is_stmt 1              @ ../../libraries/zf_driver/zf_driver_soft_spi.c:207:16
	ldr	r0, [sp, #28]
	.loc	1 207 37 is_stmt 0              @ ../../libraries/zf_driver/zf_driver_soft_spi.c:207:37
	ldrb	r0, [r0]
	lsrs	r0, r0, #6
.Ltmp116:
	.loc	1 207 16                        @ ../../libraries/zf_driver/zf_driver_soft_spi.c:207:16
	lsls	r0, r0, #31
	cbz	r0, .LBB4_33
	b	.LBB4_32
.LBB4_32:                               @   in Loop: Header=BB4_24 Depth=1
.Ltmp117:
	.loc	1 209 45 is_stmt 1              @ ../../libraries/zf_driver/zf_driver_soft_spi.c:209:45
	ldr	r0, [sp, #28]
	.loc	1 209 59 is_stmt 0              @ ../../libraries/zf_driver/zf_driver_soft_spi.c:209:59
	ldrb	r0, [r0, #3]
	.loc	1 209 30                        @ ../../libraries/zf_driver/zf_driver_soft_spi.c:209:30
	bl	gpio_get_level
	mov	r1, r0
	.loc	1 209 27                        @ ../../libraries/zf_driver/zf_driver_soft_spi.c:209:27
	ldrh.w	r0, [sp, #20]
	orrs	r0, r1
	strh.w	r0, [sp, #20]
	.loc	1 210 13 is_stmt 1              @ ../../libraries/zf_driver/zf_driver_soft_spi.c:210:13
	b	.LBB4_33
.Ltmp118:
.LBB4_33:                               @   in Loop: Header=BB4_24 Depth=1
	.loc	1 211 13                        @ ../../libraries/zf_driver/zf_driver_soft_spi.c:211:13
	ldr	r0, [sp, #28]
	ldr	r0, [r0, #8]
	str	r0, [sp, #4]
	b	.LBB4_34
.LBB4_34:                               @   Parent Loop BB4_24 Depth=1
                                        @ =>  This Inner Loop Header: Depth=2
.Ltmp119:
	.loc	1 211 13 is_stmt 0              @ ../../libraries/zf_driver/zf_driver_soft_spi.c:211:13
	ldr	r0, [sp, #4]
	subs	r1, r0, #1
	str	r1, [sp, #4]
.Ltmp120:
	.loc	1 211 13                        @ ../../libraries/zf_driver/zf_driver_soft_spi.c:211:13
	cbz	r0, .LBB4_36
	b	.LBB4_35
.LBB4_35:                               @   in Loop: Header=BB4_34 Depth=2
.Ltmp121:
	.loc	1 211 13                        @ ../../libraries/zf_driver/zf_driver_soft_spi.c:211:13
	b	.LBB4_34
.Ltmp122:
.LBB4_36:                               @   in Loop: Header=BB4_24 Depth=1
	.loc	1 212 9 is_stmt 1               @ ../../libraries/zf_driver/zf_driver_soft_spi.c:212:9
	b	.LBB4_37
.Ltmp123:
.LBB4_37:                               @   in Loop: Header=BB4_24 Depth=1
	.loc	1 192 39                        @ ../../libraries/zf_driver/zf_driver_soft_spi.c:192:39
	ldrb.w	r0, [sp, #25]
	subs	r0, #1
	strb.w	r0, [sp, #25]
	.loc	1 192 9 is_stmt 0               @ ../../libraries/zf_driver/zf_driver_soft_spi.c:192:9
	b	.LBB4_24
.Ltmp124:
.LBB4_38:
	.loc	1 0 9                           @ ../../libraries/zf_driver/zf_driver_soft_spi.c:0:9
	b	.LBB4_39
.LBB4_39:
.Ltmp125:
	.loc	1 215 8 is_stmt 1               @ ../../libraries/zf_driver/zf_driver_soft_spi.c:215:8
	ldr	r0, [sp, #28]
	.loc	1 215 29 is_stmt 0              @ ../../libraries/zf_driver/zf_driver_soft_spi.c:215:29
	ldrb	r1, [r0]
	movs	r0, #0
.Ltmp126:
	.loc	1 215 8                         @ ../../libraries/zf_driver/zf_driver_soft_spi.c:215:8
	cmp.w	r0, r1, lsr #7
	beq	.LBB4_41
	b	.LBB4_40
.LBB4_40:
.Ltmp127:
	.loc	1 217 9 is_stmt 1               @ ../../libraries/zf_driver/zf_driver_soft_spi.c:217:9
	ldr	r0, [sp, #28]
	ldrb	r1, [r0, #4]
	ubfx	r2, r1, #5, #3
	movw	r0, :lower16:PORTPTR
	movt	r0, :upper16:PORTPTR
	ldr.w	r0, [r0, r2, lsl #2]
	and	r2, r1, #31
	movs	r1, #1
	lsls	r1, r2
	bl	GPIO_SetPinsOutput
	.loc	1 218 5                         @ ../../libraries/zf_driver/zf_driver_soft_spi.c:218:5
	b	.LBB4_41
.Ltmp128:
.LBB4_41:
	.loc	1 219 12                        @ ../../libraries/zf_driver/zf_driver_soft_spi.c:219:12
	ldrh.w	r0, [sp, #20]
	.loc	1 219 5 is_stmt 0               @ ../../libraries/zf_driver/zf_driver_soft_spi.c:219:5
	add	sp, #32
	pop	{r7, pc}
.Ltmp129:
.Lfunc_end4:
	.size	soft_spi_16bit_data_handler, .Lfunc_end4-soft_spi_16bit_data_handler
	.cfi_endproc
	.cantunwind
	.fnend
                                        @ -- End function
	.section	.text.soft_spi_write_16bit_array,"ax",%progbits
	.hidden	soft_spi_write_16bit_array      @ -- Begin function soft_spi_write_16bit_array
	.globl	soft_spi_write_16bit_array
	.p2align	3
	.type	soft_spi_write_16bit_array,%function
	.code	16                              @ @soft_spi_write_16bit_array
	.thumb_func
soft_spi_write_16bit_array:
.Lfunc_begin5:
	.loc	1 279 0 is_stmt 1               @ ../../libraries/zf_driver/zf_driver_soft_spi.c:279:0
	.fnstart
	.cfi_startproc
@ %bb.0:
	.save	{r7, lr}
	push	{r7, lr}
	.cfi_def_cfa_offset 8
	.cfi_offset lr, -4
	.cfi_offset r7, -8
	.pad	#16
	sub	sp, #16
	.cfi_def_cfa_offset 24
	str	r0, [sp, #12]
	str	r1, [sp, #8]
	str	r2, [sp, #4]
.Ltmp130:
	.loc	1 280 5 prologue_end            @ ../../libraries/zf_driver/zf_driver_soft_spi.c:280:5
	ldr	r0, [sp, #12]
	cmp	r0, #0
	it	ne
	movne	r0, #1
	movw	r1, :lower16:.L.str
	movt	r1, :upper16:.L.str
	str	r1, [sp]                        @ 4-byte Spill
	mov.w	r2, #280
	bl	debug_assert_handler
	ldr	r1, [sp]                        @ 4-byte Reload
	.loc	1 281 5                         @ ../../libraries/zf_driver/zf_driver_soft_spi.c:281:5
	ldr	r0, [sp, #8]
	cmp	r0, #0
	it	ne
	movne	r0, #1
	movw	r2, #281
	bl	debug_assert_handler
	.loc	1 282 5                         @ ../../libraries/zf_driver/zf_driver_soft_spi.c:282:5
	b	.LBB5_1
.LBB5_1:                                @ =>This Inner Loop Header: Depth=1
	.loc	1 282 15 is_stmt 0              @ ../../libraries/zf_driver/zf_driver_soft_spi.c:282:15
	ldr	r0, [sp, #4]
	subs	r1, r0, #1
	str	r1, [sp, #4]
	.loc	1 282 5                         @ ../../libraries/zf_driver/zf_driver_soft_spi.c:282:5
	cbz	r0, .LBB5_3
	b	.LBB5_2
.LBB5_2:                                @   in Loop: Header=BB5_1 Depth=1
.Ltmp131:
	.loc	1 284 37 is_stmt 1              @ ../../libraries/zf_driver/zf_driver_soft_spi.c:284:37
	ldr	r0, [sp, #12]
	.loc	1 284 57 is_stmt 0              @ ../../libraries/zf_driver/zf_driver_soft_spi.c:284:57
	ldr	r1, [sp, #8]
	adds	r2, r1, #2
	str	r2, [sp, #8]
	.loc	1 284 51                        @ ../../libraries/zf_driver/zf_driver_soft_spi.c:284:51
	ldrh	r1, [r1]
	.loc	1 284 9                         @ ../../libraries/zf_driver/zf_driver_soft_spi.c:284:9
	bl	soft_spi_16bit_data_handler
.Ltmp132:
	.loc	1 282 5 is_stmt 1               @ ../../libraries/zf_driver/zf_driver_soft_spi.c:282:5
	b	.LBB5_1
.LBB5_3:
	.loc	1 286 1                         @ ../../libraries/zf_driver/zf_driver_soft_spi.c:286:1
	add	sp, #16
	pop	{r7, pc}
.Ltmp133:
.Lfunc_end5:
	.size	soft_spi_write_16bit_array, .Lfunc_end5-soft_spi_write_16bit_array
	.cfi_endproc
	.cantunwind
	.fnend
                                        @ -- End function
	.section	.text.soft_spi_write_8bit_register,"ax",%progbits
	.hidden	soft_spi_write_8bit_register    @ -- Begin function soft_spi_write_8bit_register
	.globl	soft_spi_write_8bit_register
	.p2align	3
	.type	soft_spi_write_8bit_register,%function
	.code	16                              @ @soft_spi_write_8bit_register
	.thumb_func
soft_spi_write_8bit_register:
.Lfunc_begin6:
	.loc	1 298 0                         @ ../../libraries/zf_driver/zf_driver_soft_spi.c:298:0
	.fnstart
	.cfi_startproc
@ %bb.0:
	.save	{r7, lr}
	push	{r7, lr}
	.cfi_def_cfa_offset 8
	.cfi_offset lr, -4
	.cfi_offset r7, -8
	.pad	#8
	sub	sp, #8
	.cfi_def_cfa_offset 16
                                        @ kill: def $r3 killed $r2
                                        @ kill: def $r3 killed $r1
	str	r0, [sp, #4]
	strb.w	r1, [sp, #3]
	strb.w	r2, [sp, #2]
.Ltmp134:
	.loc	1 299 5 prologue_end            @ ../../libraries/zf_driver/zf_driver_soft_spi.c:299:5
	ldr	r0, [sp, #4]
	cmp	r0, #0
	it	ne
	movne	r0, #1
	movw	r1, :lower16:.L.str
	movt	r1, :upper16:.L.str
	movw	r2, #299
	bl	debug_assert_handler
	.loc	1 300 32                        @ ../../libraries/zf_driver/zf_driver_soft_spi.c:300:32
	ldr	r0, [sp, #4]
	.loc	1 300 46 is_stmt 0              @ ../../libraries/zf_driver/zf_driver_soft_spi.c:300:46
	ldrb.w	r1, [sp, #3]
	.loc	1 300 5                         @ ../../libraries/zf_driver/zf_driver_soft_spi.c:300:5
	bl	soft_spi_8bit_data_handler
	.loc	1 301 32 is_stmt 1              @ ../../libraries/zf_driver/zf_driver_soft_spi.c:301:32
	ldr	r0, [sp, #4]
	.loc	1 301 46 is_stmt 0              @ ../../libraries/zf_driver/zf_driver_soft_spi.c:301:46
	ldrb.w	r1, [sp, #2]
	.loc	1 301 5                         @ ../../libraries/zf_driver/zf_driver_soft_spi.c:301:5
	bl	soft_spi_8bit_data_handler
	.loc	1 302 1 is_stmt 1               @ ../../libraries/zf_driver/zf_driver_soft_spi.c:302:1
	add	sp, #8
	pop	{r7, pc}
.Ltmp135:
.Lfunc_end6:
	.size	soft_spi_write_8bit_register, .Lfunc_end6-soft_spi_write_8bit_register
	.cfi_endproc
	.cantunwind
	.fnend
                                        @ -- End function
	.section	.text.soft_spi_write_8bit_registers,"ax",%progbits
	.hidden	soft_spi_write_8bit_registers   @ -- Begin function soft_spi_write_8bit_registers
	.globl	soft_spi_write_8bit_registers
	.p2align	3
	.type	soft_spi_write_8bit_registers,%function
	.code	16                              @ @soft_spi_write_8bit_registers
	.thumb_func
soft_spi_write_8bit_registers:
.Lfunc_begin7:
	.loc	1 314 0                         @ ../../libraries/zf_driver/zf_driver_soft_spi.c:314:0
	.fnstart
	.cfi_startproc
@ %bb.0:
	.save	{r7, lr}
	push	{r7, lr}
	.cfi_def_cfa_offset 8
	.cfi_offset lr, -4
	.cfi_offset r7, -8
	.pad	#24
	sub	sp, #24
	.cfi_def_cfa_offset 32
                                        @ kill: def $r12 killed $r1
	str	r0, [sp, #20]
	strb.w	r1, [sp, #19]
	str	r2, [sp, #12]
	str	r3, [sp, #8]
.Ltmp136:
	.loc	1 315 5 prologue_end            @ ../../libraries/zf_driver/zf_driver_soft_spi.c:315:5
	ldr	r0, [sp, #20]
	cmp	r0, #0
	it	ne
	movne	r0, #1
	movw	r1, :lower16:.L.str
	movt	r1, :upper16:.L.str
	str	r1, [sp, #4]                    @ 4-byte Spill
	movw	r2, #315
	bl	debug_assert_handler
	ldr	r1, [sp, #4]                    @ 4-byte Reload
	.loc	1 316 5                         @ ../../libraries/zf_driver/zf_driver_soft_spi.c:316:5
	ldr	r0, [sp, #12]
	cmp	r0, #0
	it	ne
	movne	r0, #1
	mov.w	r2, #316
	bl	debug_assert_handler
	.loc	1 317 32                        @ ../../libraries/zf_driver/zf_driver_soft_spi.c:317:32
	ldr	r0, [sp, #20]
	.loc	1 317 46 is_stmt 0              @ ../../libraries/zf_driver/zf_driver_soft_spi.c:317:46
	ldrb.w	r1, [sp, #19]
	.loc	1 317 5                         @ ../../libraries/zf_driver/zf_driver_soft_spi.c:317:5
	bl	soft_spi_8bit_data_handler
	.loc	1 318 5 is_stmt 1               @ ../../libraries/zf_driver/zf_driver_soft_spi.c:318:5
	b	.LBB7_1
.LBB7_1:                                @ =>This Inner Loop Header: Depth=1
	.loc	1 318 15 is_stmt 0              @ ../../libraries/zf_driver/zf_driver_soft_spi.c:318:15
	ldr	r0, [sp, #8]
	subs	r1, r0, #1
	str	r1, [sp, #8]
	.loc	1 318 5                         @ ../../libraries/zf_driver/zf_driver_soft_spi.c:318:5
	cbz	r0, .LBB7_3
	b	.LBB7_2
.LBB7_2:                                @   in Loop: Header=BB7_1 Depth=1
.Ltmp137:
	.loc	1 320 36 is_stmt 1              @ ../../libraries/zf_driver/zf_driver_soft_spi.c:320:36
	ldr	r0, [sp, #20]
	.loc	1 320 56 is_stmt 0              @ ../../libraries/zf_driver/zf_driver_soft_spi.c:320:56
	ldr	r1, [sp, #12]
	adds	r2, r1, #1
	str	r2, [sp, #12]
	.loc	1 320 50                        @ ../../libraries/zf_driver/zf_driver_soft_spi.c:320:50
	ldrb	r1, [r1]
	.loc	1 320 9                         @ ../../libraries/zf_driver/zf_driver_soft_spi.c:320:9
	bl	soft_spi_8bit_data_handler
.Ltmp138:
	.loc	1 318 5 is_stmt 1               @ ../../libraries/zf_driver/zf_driver_soft_spi.c:318:5
	b	.LBB7_1
.LBB7_3:
	.loc	1 322 1                         @ ../../libraries/zf_driver/zf_driver_soft_spi.c:322:1
	add	sp, #24
	pop	{r7, pc}
.Ltmp139:
.Lfunc_end7:
	.size	soft_spi_write_8bit_registers, .Lfunc_end7-soft_spi_write_8bit_registers
	.cfi_endproc
	.cantunwind
	.fnend
                                        @ -- End function
	.section	.text.soft_spi_write_16bit_register,"ax",%progbits
	.hidden	soft_spi_write_16bit_register   @ -- Begin function soft_spi_write_16bit_register
	.globl	soft_spi_write_16bit_register
	.p2align	3
	.type	soft_spi_write_16bit_register,%function
	.code	16                              @ @soft_spi_write_16bit_register
	.thumb_func
soft_spi_write_16bit_register:
.Lfunc_begin8:
	.loc	1 334 0                         @ ../../libraries/zf_driver/zf_driver_soft_spi.c:334:0
	.fnstart
	.cfi_startproc
@ %bb.0:
	.save	{r7, lr}
	push	{r7, lr}
	.cfi_def_cfa_offset 8
	.cfi_offset lr, -4
	.cfi_offset r7, -8
	.pad	#8
	sub	sp, #8
	.cfi_def_cfa_offset 16
                                        @ kill: def $r3 killed $r2
                                        @ kill: def $r3 killed $r1
	str	r0, [sp, #4]
	strh.w	r1, [sp, #2]
	strh.w	r2, [sp]
.Ltmp140:
	.loc	1 335 5 prologue_end            @ ../../libraries/zf_driver/zf_driver_soft_spi.c:335:5
	ldr	r0, [sp, #4]
	cmp	r0, #0
	it	ne
	movne	r0, #1
	movw	r1, :lower16:.L.str
	movt	r1, :upper16:.L.str
	movw	r2, #335
	bl	debug_assert_handler
	.loc	1 336 33                        @ ../../libraries/zf_driver/zf_driver_soft_spi.c:336:33
	ldr	r0, [sp, #4]
	.loc	1 336 47 is_stmt 0              @ ../../libraries/zf_driver/zf_driver_soft_spi.c:336:47
	ldrh.w	r1, [sp, #2]
	.loc	1 336 5                         @ ../../libraries/zf_driver/zf_driver_soft_spi.c:336:5
	bl	soft_spi_16bit_data_handler
	.loc	1 337 33 is_stmt 1              @ ../../libraries/zf_driver/zf_driver_soft_spi.c:337:33
	ldr	r0, [sp, #4]
	.loc	1 337 47 is_stmt 0              @ ../../libraries/zf_driver/zf_driver_soft_spi.c:337:47
	ldrh.w	r1, [sp]
	.loc	1 337 5                         @ ../../libraries/zf_driver/zf_driver_soft_spi.c:337:5
	bl	soft_spi_16bit_data_handler
	.loc	1 338 1 is_stmt 1               @ ../../libraries/zf_driver/zf_driver_soft_spi.c:338:1
	add	sp, #8
	pop	{r7, pc}
.Ltmp141:
.Lfunc_end8:
	.size	soft_spi_write_16bit_register, .Lfunc_end8-soft_spi_write_16bit_register
	.cfi_endproc
	.cantunwind
	.fnend
                                        @ -- End function
	.section	.text.soft_spi_write_16bit_registers,"ax",%progbits
	.hidden	soft_spi_write_16bit_registers  @ -- Begin function soft_spi_write_16bit_registers
	.globl	soft_spi_write_16bit_registers
	.p2align	3
	.type	soft_spi_write_16bit_registers,%function
	.code	16                              @ @soft_spi_write_16bit_registers
	.thumb_func
soft_spi_write_16bit_registers:
.Lfunc_begin9:
	.loc	1 351 0                         @ ../../libraries/zf_driver/zf_driver_soft_spi.c:351:0
	.fnstart
	.cfi_startproc
@ %bb.0:
	.save	{r7, lr}
	push	{r7, lr}
	.cfi_def_cfa_offset 8
	.cfi_offset lr, -4
	.cfi_offset r7, -8
	.pad	#24
	sub	sp, #24
	.cfi_def_cfa_offset 32
                                        @ kill: def $r12 killed $r1
	str	r0, [sp, #20]
	strh.w	r1, [sp, #18]
	str	r2, [sp, #12]
	str	r3, [sp, #8]
.Ltmp142:
	.loc	1 352 5 prologue_end            @ ../../libraries/zf_driver/zf_driver_soft_spi.c:352:5
	ldr	r0, [sp, #20]
	cmp	r0, #0
	it	ne
	movne	r0, #1
	movw	r1, :lower16:.L.str
	movt	r1, :upper16:.L.str
	str	r1, [sp, #4]                    @ 4-byte Spill
	mov.w	r2, #352
	bl	debug_assert_handler
	ldr	r1, [sp, #4]                    @ 4-byte Reload
	.loc	1 353 5                         @ ../../libraries/zf_driver/zf_driver_soft_spi.c:353:5
	ldr	r0, [sp, #12]
	cmp	r0, #0
	it	ne
	movne	r0, #1
	movw	r2, #353
	bl	debug_assert_handler
	.loc	1 354 33                        @ ../../libraries/zf_driver/zf_driver_soft_spi.c:354:33
	ldr	r0, [sp, #20]
	.loc	1 354 47 is_stmt 0              @ ../../libraries/zf_driver/zf_driver_soft_spi.c:354:47
	ldrh.w	r1, [sp, #18]
	.loc	1 354 5                         @ ../../libraries/zf_driver/zf_driver_soft_spi.c:354:5
	bl	soft_spi_16bit_data_handler
	.loc	1 355 5 is_stmt 1               @ ../../libraries/zf_driver/zf_driver_soft_spi.c:355:5
	b	.LBB9_1
.LBB9_1:                                @ =>This Inner Loop Header: Depth=1
	.loc	1 355 15 is_stmt 0              @ ../../libraries/zf_driver/zf_driver_soft_spi.c:355:15
	ldr	r0, [sp, #8]
	subs	r1, r0, #1
	str	r1, [sp, #8]
	.loc	1 355 5                         @ ../../libraries/zf_driver/zf_driver_soft_spi.c:355:5
	cbz	r0, .LBB9_3
	b	.LBB9_2
.LBB9_2:                                @   in Loop: Header=BB9_1 Depth=1
.Ltmp143:
	.loc	1 357 37 is_stmt 1              @ ../../libraries/zf_driver/zf_driver_soft_spi.c:357:37
	ldr	r0, [sp, #20]
	.loc	1 357 57 is_stmt 0              @ ../../libraries/zf_driver/zf_driver_soft_spi.c:357:57
	ldr	r1, [sp, #12]
	adds	r2, r1, #2
	str	r2, [sp, #12]
	.loc	1 357 51                        @ ../../libraries/zf_driver/zf_driver_soft_spi.c:357:51
	ldrh	r1, [r1]
	.loc	1 357 9                         @ ../../libraries/zf_driver/zf_driver_soft_spi.c:357:9
	bl	soft_spi_16bit_data_handler
.Ltmp144:
	.loc	1 355 5 is_stmt 1               @ ../../libraries/zf_driver/zf_driver_soft_spi.c:355:5
	b	.LBB9_1
.LBB9_3:
	.loc	1 359 1                         @ ../../libraries/zf_driver/zf_driver_soft_spi.c:359:1
	add	sp, #24
	pop	{r7, pc}
.Ltmp145:
.Lfunc_end9:
	.size	soft_spi_write_16bit_registers, .Lfunc_end9-soft_spi_write_16bit_registers
	.cfi_endproc
	.cantunwind
	.fnend
                                        @ -- End function
	.section	.text.soft_spi_read_8bit,"ax",%progbits
	.hidden	soft_spi_read_8bit              @ -- Begin function soft_spi_read_8bit
	.globl	soft_spi_read_8bit
	.p2align	3
	.type	soft_spi_read_8bit,%function
	.code	16                              @ @soft_spi_read_8bit
	.thumb_func
soft_spi_read_8bit:
.Lfunc_begin10:
	.loc	1 370 0                         @ ../../libraries/zf_driver/zf_driver_soft_spi.c:370:0
	.fnstart
	.cfi_startproc
@ %bb.0:
	.save	{r7, lr}
	push	{r7, lr}
	.cfi_def_cfa_offset 8
	.cfi_offset lr, -4
	.cfi_offset r7, -8
	.pad	#8
	sub	sp, #8
	.cfi_def_cfa_offset 16
	str	r0, [sp, #4]
.Ltmp146:
	.loc	1 371 5 prologue_end            @ ../../libraries/zf_driver/zf_driver_soft_spi.c:371:5
	ldr	r0, [sp, #4]
	cmp	r0, #0
	it	ne
	movne	r0, #1
	movw	r1, :lower16:.L.str
	movt	r1, :upper16:.L.str
	movw	r2, #371
	bl	debug_assert_handler
	.loc	1 372 39                        @ ../../libraries/zf_driver/zf_driver_soft_spi.c:372:39
	ldr	r0, [sp, #4]
	movs	r1, #0
	.loc	1 372 12 is_stmt 0              @ ../../libraries/zf_driver/zf_driver_soft_spi.c:372:12
	bl	soft_spi_8bit_data_handler
	.loc	1 372 5                         @ ../../libraries/zf_driver/zf_driver_soft_spi.c:372:5
	add	sp, #8
	pop	{r7, pc}
.Ltmp147:
.Lfunc_end10:
	.size	soft_spi_read_8bit, .Lfunc_end10-soft_spi_read_8bit
	.cfi_endproc
	.cantunwind
	.fnend
                                        @ -- End function
	.section	.text.soft_spi_read_8bit_array,"ax",%progbits
	.hidden	soft_spi_read_8bit_array        @ -- Begin function soft_spi_read_8bit_array
	.globl	soft_spi_read_8bit_array
	.p2align	3
	.type	soft_spi_read_8bit_array,%function
	.code	16                              @ @soft_spi_read_8bit_array
	.thumb_func
soft_spi_read_8bit_array:
.Lfunc_begin11:
	.loc	1 385 0 is_stmt 1               @ ../../libraries/zf_driver/zf_driver_soft_spi.c:385:0
	.fnstart
	.cfi_startproc
@ %bb.0:
	.save	{r7, lr}
	push	{r7, lr}
	.cfi_def_cfa_offset 8
	.cfi_offset lr, -4
	.cfi_offset r7, -8
	.pad	#16
	sub	sp, #16
	.cfi_def_cfa_offset 24
	str	r0, [sp, #12]
	str	r1, [sp, #8]
	str	r2, [sp, #4]
.Ltmp148:
	.loc	1 386 5 prologue_end            @ ../../libraries/zf_driver/zf_driver_soft_spi.c:386:5
	ldr	r0, [sp, #12]
	cmp	r0, #0
	it	ne
	movne	r0, #1
	movw	r1, :lower16:.L.str
	movt	r1, :upper16:.L.str
	str	r1, [sp]                        @ 4-byte Spill
	mov.w	r2, #386
	bl	debug_assert_handler
	ldr	r1, [sp]                        @ 4-byte Reload
	.loc	1 387 5                         @ ../../libraries/zf_driver/zf_driver_soft_spi.c:387:5
	ldr	r0, [sp, #8]
	cmp	r0, #0
	it	ne
	movne	r0, #1
	movw	r2, #387
	bl	debug_assert_handler
	.loc	1 388 5                         @ ../../libraries/zf_driver/zf_driver_soft_spi.c:388:5
	b	.LBB11_1
.LBB11_1:                               @ =>This Inner Loop Header: Depth=1
	.loc	1 388 15 is_stmt 0              @ ../../libraries/zf_driver/zf_driver_soft_spi.c:388:15
	ldr	r0, [sp, #4]
	subs	r1, r0, #1
	str	r1, [sp, #4]
	.loc	1 388 5                         @ ../../libraries/zf_driver/zf_driver_soft_spi.c:388:5
	cbz	r0, .LBB11_3
	b	.LBB11_2
.LBB11_2:                               @   in Loop: Header=BB11_1 Depth=1
.Ltmp149:
	.loc	1 390 47 is_stmt 1              @ ../../libraries/zf_driver/zf_driver_soft_spi.c:390:47
	ldr	r0, [sp, #12]
	movs	r1, #0
	.loc	1 390 20 is_stmt 0              @ ../../libraries/zf_driver/zf_driver_soft_spi.c:390:20
	bl	soft_spi_8bit_data_handler
	.loc	1 390 15                        @ ../../libraries/zf_driver/zf_driver_soft_spi.c:390:15
	ldr	r1, [sp, #8]
	adds	r2, r1, #1
	str	r2, [sp, #8]
	.loc	1 390 18                        @ ../../libraries/zf_driver/zf_driver_soft_spi.c:390:18
	strb	r0, [r1]
.Ltmp150:
	.loc	1 388 5 is_stmt 1               @ ../../libraries/zf_driver/zf_driver_soft_spi.c:388:5
	b	.LBB11_1
.LBB11_3:
	.loc	1 392 1                         @ ../../libraries/zf_driver/zf_driver_soft_spi.c:392:1
	add	sp, #16
	pop	{r7, pc}
.Ltmp151:
.Lfunc_end11:
	.size	soft_spi_read_8bit_array, .Lfunc_end11-soft_spi_read_8bit_array
	.cfi_endproc
	.cantunwind
	.fnend
                                        @ -- End function
	.section	.text.soft_spi_read_16bit,"ax",%progbits
	.hidden	soft_spi_read_16bit             @ -- Begin function soft_spi_read_16bit
	.globl	soft_spi_read_16bit
	.p2align	3
	.type	soft_spi_read_16bit,%function
	.code	16                              @ @soft_spi_read_16bit
	.thumb_func
soft_spi_read_16bit:
.Lfunc_begin12:
	.loc	1 403 0                         @ ../../libraries/zf_driver/zf_driver_soft_spi.c:403:0
	.fnstart
	.cfi_startproc
@ %bb.0:
	.save	{r7, lr}
	push	{r7, lr}
	.cfi_def_cfa_offset 8
	.cfi_offset lr, -4
	.cfi_offset r7, -8
	.pad	#8
	sub	sp, #8
	.cfi_def_cfa_offset 16
	str	r0, [sp, #4]
.Ltmp152:
	.loc	1 404 5 prologue_end            @ ../../libraries/zf_driver/zf_driver_soft_spi.c:404:5
	ldr	r0, [sp, #4]
	cmp	r0, #0
	it	ne
	movne	r0, #1
	movw	r1, :lower16:.L.str
	movt	r1, :upper16:.L.str
	mov.w	r2, #404
	bl	debug_assert_handler
	.loc	1 405 40                        @ ../../libraries/zf_driver/zf_driver_soft_spi.c:405:40
	ldr	r0, [sp, #4]
	movs	r1, #0
	.loc	1 405 12 is_stmt 0              @ ../../libraries/zf_driver/zf_driver_soft_spi.c:405:12
	bl	soft_spi_16bit_data_handler
	.loc	1 405 5                         @ ../../libraries/zf_driver/zf_driver_soft_spi.c:405:5
	add	sp, #8
	pop	{r7, pc}
.Ltmp153:
.Lfunc_end12:
	.size	soft_spi_read_16bit, .Lfunc_end12-soft_spi_read_16bit
	.cfi_endproc
	.cantunwind
	.fnend
                                        @ -- End function
	.section	.text.soft_spi_read_16bit_array,"ax",%progbits
	.hidden	soft_spi_read_16bit_array       @ -- Begin function soft_spi_read_16bit_array
	.globl	soft_spi_read_16bit_array
	.p2align	3
	.type	soft_spi_read_16bit_array,%function
	.code	16                              @ @soft_spi_read_16bit_array
	.thumb_func
soft_spi_read_16bit_array:
.Lfunc_begin13:
	.loc	1 418 0 is_stmt 1               @ ../../libraries/zf_driver/zf_driver_soft_spi.c:418:0
	.fnstart
	.cfi_startproc
@ %bb.0:
	.save	{r7, lr}
	push	{r7, lr}
	.cfi_def_cfa_offset 8
	.cfi_offset lr, -4
	.cfi_offset r7, -8
	.pad	#16
	sub	sp, #16
	.cfi_def_cfa_offset 24
	str	r0, [sp, #12]
	str	r1, [sp, #8]
	str	r2, [sp, #4]
.Ltmp154:
	.loc	1 419 5 prologue_end            @ ../../libraries/zf_driver/zf_driver_soft_spi.c:419:5
	ldr	r0, [sp, #12]
	cmp	r0, #0
	it	ne
	movne	r0, #1
	movw	r1, :lower16:.L.str
	movt	r1, :upper16:.L.str
	str	r1, [sp]                        @ 4-byte Spill
	movw	r2, #419
	bl	debug_assert_handler
	ldr	r1, [sp]                        @ 4-byte Reload
	.loc	1 420 5                         @ ../../libraries/zf_driver/zf_driver_soft_spi.c:420:5
	ldr	r0, [sp, #8]
	cmp	r0, #0
	it	ne
	movne	r0, #1
	mov.w	r2, #420
	bl	debug_assert_handler
	.loc	1 421 5                         @ ../../libraries/zf_driver/zf_driver_soft_spi.c:421:5
	b	.LBB13_1
.LBB13_1:                               @ =>This Inner Loop Header: Depth=1
	.loc	1 421 15 is_stmt 0              @ ../../libraries/zf_driver/zf_driver_soft_spi.c:421:15
	ldr	r0, [sp, #4]
	subs	r1, r0, #1
	str	r1, [sp, #4]
	.loc	1 421 5                         @ ../../libraries/zf_driver/zf_driver_soft_spi.c:421:5
	cbz	r0, .LBB13_3
	b	.LBB13_2
.LBB13_2:                               @   in Loop: Header=BB13_1 Depth=1
.Ltmp155:
	.loc	1 423 48 is_stmt 1              @ ../../libraries/zf_driver/zf_driver_soft_spi.c:423:48
	ldr	r0, [sp, #12]
	movs	r1, #0
	.loc	1 423 20 is_stmt 0              @ ../../libraries/zf_driver/zf_driver_soft_spi.c:423:20
	bl	soft_spi_16bit_data_handler
	.loc	1 423 15                        @ ../../libraries/zf_driver/zf_driver_soft_spi.c:423:15
	ldr	r1, [sp, #8]
	adds	r2, r1, #2
	str	r2, [sp, #8]
	.loc	1 423 18                        @ ../../libraries/zf_driver/zf_driver_soft_spi.c:423:18
	strh	r0, [r1]
.Ltmp156:
	.loc	1 421 5 is_stmt 1               @ ../../libraries/zf_driver/zf_driver_soft_spi.c:421:5
	b	.LBB13_1
.LBB13_3:
	.loc	1 425 1                         @ ../../libraries/zf_driver/zf_driver_soft_spi.c:425:1
	add	sp, #16
	pop	{r7, pc}
.Ltmp157:
.Lfunc_end13:
	.size	soft_spi_read_16bit_array, .Lfunc_end13-soft_spi_read_16bit_array
	.cfi_endproc
	.cantunwind
	.fnend
                                        @ -- End function
	.section	.text.soft_spi_read_8bit_register,"ax",%progbits
	.hidden	soft_spi_read_8bit_register     @ -- Begin function soft_spi_read_8bit_register
	.globl	soft_spi_read_8bit_register
	.p2align	3
	.type	soft_spi_read_8bit_register,%function
	.code	16                              @ @soft_spi_read_8bit_register
	.thumb_func
soft_spi_read_8bit_register:
.Lfunc_begin14:
	.loc	1 437 0                         @ ../../libraries/zf_driver/zf_driver_soft_spi.c:437:0
	.fnstart
	.cfi_startproc
@ %bb.0:
	.save	{r7, lr}
	push	{r7, lr}
	.cfi_def_cfa_offset 8
	.cfi_offset lr, -4
	.cfi_offset r7, -8
	.pad	#8
	sub	sp, #8
	.cfi_def_cfa_offset 16
                                        @ kill: def $r2 killed $r1
	str	r0, [sp, #4]
	strb.w	r1, [sp, #3]
.Ltmp158:
	.loc	1 438 5 prologue_end            @ ../../libraries/zf_driver/zf_driver_soft_spi.c:438:5
	ldr	r0, [sp, #4]
	cmp	r0, #0
	it	ne
	movne	r0, #1
	movw	r1, :lower16:.L.str
	movt	r1, :upper16:.L.str
	mov.w	r2, #438
	bl	debug_assert_handler
	.loc	1 439 32                        @ ../../libraries/zf_driver/zf_driver_soft_spi.c:439:32
	ldr	r0, [sp, #4]
	.loc	1 439 46 is_stmt 0              @ ../../libraries/zf_driver/zf_driver_soft_spi.c:439:46
	ldrb.w	r1, [sp, #3]
	.loc	1 439 5                         @ ../../libraries/zf_driver/zf_driver_soft_spi.c:439:5
	bl	soft_spi_8bit_data_handler
	.loc	1 440 39 is_stmt 1              @ ../../libraries/zf_driver/zf_driver_soft_spi.c:440:39
	ldr	r0, [sp, #4]
	movs	r1, #0
	.loc	1 440 12 is_stmt 0              @ ../../libraries/zf_driver/zf_driver_soft_spi.c:440:12
	bl	soft_spi_8bit_data_handler
	.loc	1 440 5                         @ ../../libraries/zf_driver/zf_driver_soft_spi.c:440:5
	add	sp, #8
	pop	{r7, pc}
.Ltmp159:
.Lfunc_end14:
	.size	soft_spi_read_8bit_register, .Lfunc_end14-soft_spi_read_8bit_register
	.cfi_endproc
	.cantunwind
	.fnend
                                        @ -- End function
	.section	.text.soft_spi_read_8bit_registers,"ax",%progbits
	.hidden	soft_spi_read_8bit_registers    @ -- Begin function soft_spi_read_8bit_registers
	.globl	soft_spi_read_8bit_registers
	.p2align	3
	.type	soft_spi_read_8bit_registers,%function
	.code	16                              @ @soft_spi_read_8bit_registers
	.thumb_func
soft_spi_read_8bit_registers:
.Lfunc_begin15:
	.loc	1 454 0 is_stmt 1               @ ../../libraries/zf_driver/zf_driver_soft_spi.c:454:0
	.fnstart
	.cfi_startproc
@ %bb.0:
	.save	{r7, lr}
	push	{r7, lr}
	.cfi_def_cfa_offset 8
	.cfi_offset lr, -4
	.cfi_offset r7, -8
	.pad	#24
	sub	sp, #24
	.cfi_def_cfa_offset 32
                                        @ kill: def $r12 killed $r1
	str	r0, [sp, #20]
	strb.w	r1, [sp, #19]
	str	r2, [sp, #12]
	str	r3, [sp, #8]
.Ltmp160:
	.loc	1 455 5 prologue_end            @ ../../libraries/zf_driver/zf_driver_soft_spi.c:455:5
	ldr	r0, [sp, #20]
	cmp	r0, #0
	it	ne
	movne	r0, #1
	movw	r1, :lower16:.L.str
	movt	r1, :upper16:.L.str
	str	r1, [sp, #4]                    @ 4-byte Spill
	movw	r2, #455
	bl	debug_assert_handler
	ldr	r1, [sp, #4]                    @ 4-byte Reload
	.loc	1 456 5                         @ ../../libraries/zf_driver/zf_driver_soft_spi.c:456:5
	ldr	r0, [sp, #12]
	cmp	r0, #0
	it	ne
	movne	r0, #1
	mov.w	r2, #456
	bl	debug_assert_handler
	.loc	1 457 32                        @ ../../libraries/zf_driver/zf_driver_soft_spi.c:457:32
	ldr	r0, [sp, #20]
	.loc	1 457 46 is_stmt 0              @ ../../libraries/zf_driver/zf_driver_soft_spi.c:457:46
	ldrb.w	r1, [sp, #19]
	.loc	1 457 5                         @ ../../libraries/zf_driver/zf_driver_soft_spi.c:457:5
	bl	soft_spi_8bit_data_handler
	.loc	1 458 5 is_stmt 1               @ ../../libraries/zf_driver/zf_driver_soft_spi.c:458:5
	b	.LBB15_1
.LBB15_1:                               @ =>This Inner Loop Header: Depth=1
	.loc	1 458 15 is_stmt 0              @ ../../libraries/zf_driver/zf_driver_soft_spi.c:458:15
	ldr	r0, [sp, #8]
	subs	r1, r0, #1
	str	r1, [sp, #8]
	.loc	1 458 5                         @ ../../libraries/zf_driver/zf_driver_soft_spi.c:458:5
	cbz	r0, .LBB15_3
	b	.LBB15_2
.LBB15_2:                               @   in Loop: Header=BB15_1 Depth=1
.Ltmp161:
	.loc	1 460 47 is_stmt 1              @ ../../libraries/zf_driver/zf_driver_soft_spi.c:460:47
	ldr	r0, [sp, #20]
	movs	r1, #0
	.loc	1 460 20 is_stmt 0              @ ../../libraries/zf_driver/zf_driver_soft_spi.c:460:20
	bl	soft_spi_8bit_data_handler
	.loc	1 460 15                        @ ../../libraries/zf_driver/zf_driver_soft_spi.c:460:15
	ldr	r1, [sp, #12]
	adds	r2, r1, #1
	str	r2, [sp, #12]
	.loc	1 460 18                        @ ../../libraries/zf_driver/zf_driver_soft_spi.c:460:18
	strb	r0, [r1]
.Ltmp162:
	.loc	1 458 5 is_stmt 1               @ ../../libraries/zf_driver/zf_driver_soft_spi.c:458:5
	b	.LBB15_1
.LBB15_3:
	.loc	1 462 1                         @ ../../libraries/zf_driver/zf_driver_soft_spi.c:462:1
	add	sp, #24
	pop	{r7, pc}
.Ltmp163:
.Lfunc_end15:
	.size	soft_spi_read_8bit_registers, .Lfunc_end15-soft_spi_read_8bit_registers
	.cfi_endproc
	.cantunwind
	.fnend
                                        @ -- End function
	.section	.text.soft_spi_read_16bit_register,"ax",%progbits
	.hidden	soft_spi_read_16bit_register    @ -- Begin function soft_spi_read_16bit_register
	.globl	soft_spi_read_16bit_register
	.p2align	3
	.type	soft_spi_read_16bit_register,%function
	.code	16                              @ @soft_spi_read_16bit_register
	.thumb_func
soft_spi_read_16bit_register:
.Lfunc_begin16:
	.loc	1 474 0                         @ ../../libraries/zf_driver/zf_driver_soft_spi.c:474:0
	.fnstart
	.cfi_startproc
@ %bb.0:
	.save	{r7, lr}
	push	{r7, lr}
	.cfi_def_cfa_offset 8
	.cfi_offset lr, -4
	.cfi_offset r7, -8
	.pad	#8
	sub	sp, #8
	.cfi_def_cfa_offset 16
                                        @ kill: def $r2 killed $r1
	str	r0, [sp, #4]
	strh.w	r1, [sp, #2]
.Ltmp164:
	.loc	1 475 5 prologue_end            @ ../../libraries/zf_driver/zf_driver_soft_spi.c:475:5
	ldr	r0, [sp, #4]
	cmp	r0, #0
	it	ne
	movne	r0, #1
	movw	r1, :lower16:.L.str
	movt	r1, :upper16:.L.str
	movw	r2, #475
	bl	debug_assert_handler
	.loc	1 476 33                        @ ../../libraries/zf_driver/zf_driver_soft_spi.c:476:33
	ldr	r0, [sp, #4]
	.loc	1 476 47 is_stmt 0              @ ../../libraries/zf_driver/zf_driver_soft_spi.c:476:47
	ldrh.w	r1, [sp, #2]
	.loc	1 476 5                         @ ../../libraries/zf_driver/zf_driver_soft_spi.c:476:5
	bl	soft_spi_16bit_data_handler
	.loc	1 477 40 is_stmt 1              @ ../../libraries/zf_driver/zf_driver_soft_spi.c:477:40
	ldr	r0, [sp, #4]
	movs	r1, #0
	.loc	1 477 12 is_stmt 0              @ ../../libraries/zf_driver/zf_driver_soft_spi.c:477:12
	bl	soft_spi_16bit_data_handler
	.loc	1 477 5                         @ ../../libraries/zf_driver/zf_driver_soft_spi.c:477:5
	add	sp, #8
	pop	{r7, pc}
.Ltmp165:
.Lfunc_end16:
	.size	soft_spi_read_16bit_register, .Lfunc_end16-soft_spi_read_16bit_register
	.cfi_endproc
	.cantunwind
	.fnend
                                        @ -- End function
	.section	.text.soft_spi_read_16bit_registers,"ax",%progbits
	.hidden	soft_spi_read_16bit_registers   @ -- Begin function soft_spi_read_16bit_registers
	.globl	soft_spi_read_16bit_registers
	.p2align	3
	.type	soft_spi_read_16bit_registers,%function
	.code	16                              @ @soft_spi_read_16bit_registers
	.thumb_func
soft_spi_read_16bit_registers:
.Lfunc_begin17:
	.loc	1 491 0 is_stmt 1               @ ../../libraries/zf_driver/zf_driver_soft_spi.c:491:0
	.fnstart
	.cfi_startproc
@ %bb.0:
	.save	{r7, lr}
	push	{r7, lr}
	.cfi_def_cfa_offset 8
	.cfi_offset lr, -4
	.cfi_offset r7, -8
	.pad	#24
	sub	sp, #24
	.cfi_def_cfa_offset 32
                                        @ kill: def $r12 killed $r1
	str	r0, [sp, #20]
	strh.w	r1, [sp, #18]
	str	r2, [sp, #12]
	str	r3, [sp, #8]
.Ltmp166:
	.loc	1 492 5 prologue_end            @ ../../libraries/zf_driver/zf_driver_soft_spi.c:492:5
	ldr	r0, [sp, #20]
	cmp	r0, #0
	it	ne
	movne	r0, #1
	movw	r1, :lower16:.L.str
	movt	r1, :upper16:.L.str
	str	r1, [sp, #4]                    @ 4-byte Spill
	mov.w	r2, #492
	bl	debug_assert_handler
	ldr	r1, [sp, #4]                    @ 4-byte Reload
	.loc	1 493 5                         @ ../../libraries/zf_driver/zf_driver_soft_spi.c:493:5
	ldr	r0, [sp, #12]
	cmp	r0, #0
	it	ne
	movne	r0, #1
	movw	r2, #493
	bl	debug_assert_handler
	.loc	1 494 33                        @ ../../libraries/zf_driver/zf_driver_soft_spi.c:494:33
	ldr	r0, [sp, #20]
	.loc	1 494 47 is_stmt 0              @ ../../libraries/zf_driver/zf_driver_soft_spi.c:494:47
	ldrh.w	r1, [sp, #18]
	.loc	1 494 5                         @ ../../libraries/zf_driver/zf_driver_soft_spi.c:494:5
	bl	soft_spi_16bit_data_handler
	.loc	1 495 5 is_stmt 1               @ ../../libraries/zf_driver/zf_driver_soft_spi.c:495:5
	b	.LBB17_1
.LBB17_1:                               @ =>This Inner Loop Header: Depth=1
	.loc	1 495 15 is_stmt 0              @ ../../libraries/zf_driver/zf_driver_soft_spi.c:495:15
	ldr	r0, [sp, #8]
	subs	r1, r0, #1
	str	r1, [sp, #8]
	.loc	1 495 5                         @ ../../libraries/zf_driver/zf_driver_soft_spi.c:495:5
	cbz	r0, .LBB17_3
	b	.LBB17_2
.LBB17_2:                               @   in Loop: Header=BB17_1 Depth=1
.Ltmp167:
	.loc	1 497 48 is_stmt 1              @ ../../libraries/zf_driver/zf_driver_soft_spi.c:497:48
	ldr	r0, [sp, #20]
	movs	r1, #0
	.loc	1 497 20 is_stmt 0              @ ../../libraries/zf_driver/zf_driver_soft_spi.c:497:20
	bl	soft_spi_16bit_data_handler
	.loc	1 497 15                        @ ../../libraries/zf_driver/zf_driver_soft_spi.c:497:15
	ldr	r1, [sp, #12]
	adds	r2, r1, #2
	str	r2, [sp, #12]
	.loc	1 497 18                        @ ../../libraries/zf_driver/zf_driver_soft_spi.c:497:18
	strh	r0, [r1]
.Ltmp168:
	.loc	1 495 5 is_stmt 1               @ ../../libraries/zf_driver/zf_driver_soft_spi.c:495:5
	b	.LBB17_1
.LBB17_3:
	.loc	1 499 1                         @ ../../libraries/zf_driver/zf_driver_soft_spi.c:499:1
	add	sp, #24
	pop	{r7, pc}
.Ltmp169:
.Lfunc_end17:
	.size	soft_spi_read_16bit_registers, .Lfunc_end17-soft_spi_read_16bit_registers
	.cfi_endproc
	.cantunwind
	.fnend
                                        @ -- End function
	.section	.text.soft_spi_transfer_8bit,"ax",%progbits
	.hidden	soft_spi_transfer_8bit          @ -- Begin function soft_spi_transfer_8bit
	.globl	soft_spi_transfer_8bit
	.p2align	3
	.type	soft_spi_transfer_8bit,%function
	.code	16                              @ @soft_spi_transfer_8bit
	.thumb_func
soft_spi_transfer_8bit:
.Lfunc_begin18:
	.loc	1 512 0                         @ ../../libraries/zf_driver/zf_driver_soft_spi.c:512:0
	.fnstart
	.cfi_startproc
@ %bb.0:
	.save	{r7, lr}
	push	{r7, lr}
	.cfi_def_cfa_offset 8
	.cfi_offset lr, -4
	.cfi_offset r7, -8
	.pad	#24
	sub	sp, #24
	.cfi_def_cfa_offset 32
	str	r0, [sp, #20]
	str	r1, [sp, #16]
	str	r2, [sp, #12]
	str	r3, [sp, #8]
.Ltmp170:
	.loc	1 513 5 prologue_end            @ ../../libraries/zf_driver/zf_driver_soft_spi.c:513:5
	ldr	r0, [sp, #20]
	cmp	r0, #0
	it	ne
	movne	r0, #1
	movw	r1, :lower16:.L.str
	movt	r1, :upper16:.L.str
	str	r1, [sp, #4]                    @ 4-byte Spill
	movw	r2, #513
	bl	debug_assert_handler
	ldr	r1, [sp, #4]                    @ 4-byte Reload
	.loc	1 514 5                         @ ../../libraries/zf_driver/zf_driver_soft_spi.c:514:5
	ldr	r0, [sp, #16]
	cmp	r0, #0
	it	ne
	movne	r0, #1
	movw	r2, #514
	bl	debug_assert_handler
	.loc	1 515 5                         @ ../../libraries/zf_driver/zf_driver_soft_spi.c:515:5
	b	.LBB18_1
.LBB18_1:                               @ =>This Inner Loop Header: Depth=1
	.loc	1 515 15 is_stmt 0              @ ../../libraries/zf_driver/zf_driver_soft_spi.c:515:15
	ldr	r0, [sp, #8]
	subs	r1, r0, #1
	str	r1, [sp, #8]
	.loc	1 515 5                         @ ../../libraries/zf_driver/zf_driver_soft_spi.c:515:5
	cbz	r0, .LBB18_6
	b	.LBB18_2
.LBB18_2:                               @   in Loop: Header=BB18_1 Depth=1
.Ltmp171:
	.loc	1 517 20 is_stmt 1              @ ../../libraries/zf_driver/zf_driver_soft_spi.c:517:20
	ldr	r0, [sp, #12]
.Ltmp172:
	.loc	1 517 12 is_stmt 0              @ ../../libraries/zf_driver/zf_driver_soft_spi.c:517:12
	cbz	r0, .LBB18_4
	b	.LBB18_3
.LBB18_3:                               @   in Loop: Header=BB18_1 Depth=1
.Ltmp173:
	.loc	1 519 55 is_stmt 1              @ ../../libraries/zf_driver/zf_driver_soft_spi.c:519:55
	ldr	r0, [sp, #20]
	.loc	1 519 70 is_stmt 0              @ ../../libraries/zf_driver/zf_driver_soft_spi.c:519:70
	ldr	r1, [sp, #16]
	.loc	1 519 69                        @ ../../libraries/zf_driver/zf_driver_soft_spi.c:519:69
	ldrb	r1, [r1]
	.loc	1 519 28                        @ ../../libraries/zf_driver/zf_driver_soft_spi.c:519:28
	bl	soft_spi_8bit_data_handler
	.loc	1 519 14                        @ ../../libraries/zf_driver/zf_driver_soft_spi.c:519:14
	ldr	r1, [sp, #12]
	.loc	1 519 26                        @ ../../libraries/zf_driver/zf_driver_soft_spi.c:519:26
	strb	r0, [r1]
	.loc	1 520 26 is_stmt 1              @ ../../libraries/zf_driver/zf_driver_soft_spi.c:520:26
	ldr	r0, [sp, #16]
	adds	r0, #1
	str	r0, [sp, #16]
	.loc	1 521 25                        @ ../../libraries/zf_driver/zf_driver_soft_spi.c:521:25
	ldr	r0, [sp, #12]
	adds	r0, #1
	str	r0, [sp, #12]
	.loc	1 522 9                         @ ../../libraries/zf_driver/zf_driver_soft_spi.c:522:9
	b	.LBB18_5
.Ltmp174:
.LBB18_4:                               @   in Loop: Header=BB18_1 Depth=1
	.loc	1 525 40                        @ ../../libraries/zf_driver/zf_driver_soft_spi.c:525:40
	ldr	r0, [sp, #20]
	.loc	1 525 55 is_stmt 0              @ ../../libraries/zf_driver/zf_driver_soft_spi.c:525:55
	ldr	r1, [sp, #16]
	.loc	1 525 54                        @ ../../libraries/zf_driver/zf_driver_soft_spi.c:525:54
	ldrb	r1, [r1]
	.loc	1 525 13                        @ ../../libraries/zf_driver/zf_driver_soft_spi.c:525:13
	bl	soft_spi_8bit_data_handler
	.loc	1 526 26 is_stmt 1              @ ../../libraries/zf_driver/zf_driver_soft_spi.c:526:26
	ldr	r0, [sp, #16]
	adds	r0, #1
	str	r0, [sp, #16]
	b	.LBB18_5
.Ltmp175:
.LBB18_5:                               @   in Loop: Header=BB18_1 Depth=1
	.loc	1 515 5                         @ ../../libraries/zf_driver/zf_driver_soft_spi.c:515:5
	b	.LBB18_1
.LBB18_6:
	.loc	1 529 1                         @ ../../libraries/zf_driver/zf_driver_soft_spi.c:529:1
	add	sp, #24
	pop	{r7, pc}
.Ltmp176:
.Lfunc_end18:
	.size	soft_spi_transfer_8bit, .Lfunc_end18-soft_spi_transfer_8bit
	.cfi_endproc
	.cantunwind
	.fnend
                                        @ -- End function
	.section	.text.soft_spi_transfer_16bit,"ax",%progbits
	.hidden	soft_spi_transfer_16bit         @ -- Begin function soft_spi_transfer_16bit
	.globl	soft_spi_transfer_16bit
	.p2align	3
	.type	soft_spi_transfer_16bit,%function
	.code	16                              @ @soft_spi_transfer_16bit
	.thumb_func
soft_spi_transfer_16bit:
.Lfunc_begin19:
	.loc	1 542 0                         @ ../../libraries/zf_driver/zf_driver_soft_spi.c:542:0
	.fnstart
	.cfi_startproc
@ %bb.0:
	.save	{r7, lr}
	push	{r7, lr}
	.cfi_def_cfa_offset 8
	.cfi_offset lr, -4
	.cfi_offset r7, -8
	.pad	#24
	sub	sp, #24
	.cfi_def_cfa_offset 32
	str	r0, [sp, #20]
	str	r1, [sp, #16]
	str	r2, [sp, #12]
	str	r3, [sp, #8]
.Ltmp177:
	.loc	1 543 5 prologue_end            @ ../../libraries/zf_driver/zf_driver_soft_spi.c:543:5
	ldr	r0, [sp, #20]
	cmp	r0, #0
	it	ne
	movne	r0, #1
	movw	r1, :lower16:.L.str
	movt	r1, :upper16:.L.str
	str	r1, [sp, #4]                    @ 4-byte Spill
	movw	r2, #543
	bl	debug_assert_handler
	ldr	r1, [sp, #4]                    @ 4-byte Reload
	.loc	1 544 5                         @ ../../libraries/zf_driver/zf_driver_soft_spi.c:544:5
	ldr	r0, [sp, #16]
	cmp	r0, #0
	it	ne
	movne	r0, #1
	mov.w	r2, #544
	bl	debug_assert_handler
	.loc	1 545 5                         @ ../../libraries/zf_driver/zf_driver_soft_spi.c:545:5
	b	.LBB19_1
.LBB19_1:                               @ =>This Inner Loop Header: Depth=1
	.loc	1 545 15 is_stmt 0              @ ../../libraries/zf_driver/zf_driver_soft_spi.c:545:15
	ldr	r0, [sp, #8]
	subs	r1, r0, #1
	str	r1, [sp, #8]
	.loc	1 545 5                         @ ../../libraries/zf_driver/zf_driver_soft_spi.c:545:5
	cbz	r0, .LBB19_6
	b	.LBB19_2
.LBB19_2:                               @   in Loop: Header=BB19_1 Depth=1
.Ltmp178:
	.loc	1 547 20 is_stmt 1              @ ../../libraries/zf_driver/zf_driver_soft_spi.c:547:20
	ldr	r0, [sp, #12]
.Ltmp179:
	.loc	1 547 12 is_stmt 0              @ ../../libraries/zf_driver/zf_driver_soft_spi.c:547:12
	cbz	r0, .LBB19_4
	b	.LBB19_3
.LBB19_3:                               @   in Loop: Header=BB19_1 Depth=1
.Ltmp180:
	.loc	1 549 56 is_stmt 1              @ ../../libraries/zf_driver/zf_driver_soft_spi.c:549:56
	ldr	r0, [sp, #20]
	.loc	1 549 71 is_stmt 0              @ ../../libraries/zf_driver/zf_driver_soft_spi.c:549:71
	ldr	r1, [sp, #16]
	.loc	1 549 70                        @ ../../libraries/zf_driver/zf_driver_soft_spi.c:549:70
	ldrh	r1, [r1]
	.loc	1 549 28                        @ ../../libraries/zf_driver/zf_driver_soft_spi.c:549:28
	bl	soft_spi_16bit_data_handler
	.loc	1 549 14                        @ ../../libraries/zf_driver/zf_driver_soft_spi.c:549:14
	ldr	r1, [sp, #12]
	.loc	1 549 26                        @ ../../libraries/zf_driver/zf_driver_soft_spi.c:549:26
	strh	r0, [r1]
	.loc	1 550 26 is_stmt 1              @ ../../libraries/zf_driver/zf_driver_soft_spi.c:550:26
	ldr	r0, [sp, #16]
	adds	r0, #2
	str	r0, [sp, #16]
	.loc	1 551 25                        @ ../../libraries/zf_driver/zf_driver_soft_spi.c:551:25
	ldr	r0, [sp, #12]
	adds	r0, #2
	str	r0, [sp, #12]
	.loc	1 552 9                         @ ../../libraries/zf_driver/zf_driver_soft_spi.c:552:9
	b	.LBB19_5
.Ltmp181:
.LBB19_4:                               @   in Loop: Header=BB19_1 Depth=1
	.loc	1 555 41                        @ ../../libraries/zf_driver/zf_driver_soft_spi.c:555:41
	ldr	r0, [sp, #20]
	.loc	1 555 56 is_stmt 0              @ ../../libraries/zf_driver/zf_driver_soft_spi.c:555:56
	ldr	r1, [sp, #16]
	.loc	1 555 55                        @ ../../libraries/zf_driver/zf_driver_soft_spi.c:555:55
	ldrh	r1, [r1]
	.loc	1 555 13                        @ ../../libraries/zf_driver/zf_driver_soft_spi.c:555:13
	bl	soft_spi_16bit_data_handler
	.loc	1 556 26 is_stmt 1              @ ../../libraries/zf_driver/zf_driver_soft_spi.c:556:26
	ldr	r0, [sp, #16]
	adds	r0, #2
	str	r0, [sp, #16]
	b	.LBB19_5
.Ltmp182:
.LBB19_5:                               @   in Loop: Header=BB19_1 Depth=1
	.loc	1 545 5                         @ ../../libraries/zf_driver/zf_driver_soft_spi.c:545:5
	b	.LBB19_1
.LBB19_6:
	.loc	1 559 1                         @ ../../libraries/zf_driver/zf_driver_soft_spi.c:559:1
	add	sp, #24
	pop	{r7, pc}
.Ltmp183:
.Lfunc_end19:
	.size	soft_spi_transfer_16bit, .Lfunc_end19-soft_spi_transfer_16bit
	.cfi_endproc
	.cantunwind
	.fnend
                                        @ -- End function
	.section	.text.soft_spi_init,"ax",%progbits
	.hidden	soft_spi_init                   @ -- Begin function soft_spi_init
	.globl	soft_spi_init
	.p2align	3
	.type	soft_spi_init,%function
	.code	16                              @ @soft_spi_init
	.thumb_func
soft_spi_init:
.Lfunc_begin20:
	.loc	1 575 0                         @ ../../libraries/zf_driver/zf_driver_soft_spi.c:575:0
	.fnstart
	.cfi_startproc
@ %bb.0:
	.save	{r7, lr}
	push	{r7, lr}
	.cfi_def_cfa_offset 8
	.cfi_offset lr, -4
	.cfi_offset r7, -8
	.pad	#32
	sub	sp, #32
	.cfi_def_cfa_offset 40
	mov	r12, r0
	ldr	r0, [sp, #48]
	ldr	r0, [sp, #44]
	ldr	r0, [sp, #40]
                                        @ kill: def $lr killed $r3
                                        @ kill: def $lr killed $r1
	str.w	r12, [sp, #28]
	strb.w	r1, [sp, #27]
	str	r2, [sp, #20]
	strb.w	r3, [sp, #19]
	strb.w	r0, [sp, #18]
.Ltmp184:
	.loc	1 576 5 prologue_end            @ ../../libraries/zf_driver/zf_driver_soft_spi.c:576:5
	ldr	r0, [sp, #28]
	cmp	r0, #0
	it	ne
	movne	r0, #1
	movw	r1, :lower16:.L.str
	movt	r1, :upper16:.L.str
	str	r1, [sp, #8]                    @ 4-byte Spill
	mov.w	r2, #576
	bl	debug_assert_handler
	ldr	r1, [sp, #8]                    @ 4-byte Reload
	.loc	1 577 5                         @ ../../libraries/zf_driver/zf_driver_soft_spi.c:577:5
	ldrb.w	r0, [sp, #19]
	ldrb.w	r2, [sp, #18]
	subs	r0, r0, r2
	it	ne
	movne	r0, #1
	movw	r2, #577
	bl	debug_assert_handler
	ldr	r1, [sp, #8]                    @ 4-byte Reload
	.loc	1 578 5                         @ ../../libraries/zf_driver/zf_driver_soft_spi.c:578:5
	ldrb.w	r0, [sp, #19]
	ldr	r2, [sp, #44]
	subs	r0, r0, r2
	it	ne
	movne	r0, #1
	movw	r2, #578
	bl	debug_assert_handler
	ldr	r1, [sp, #8]                    @ 4-byte Reload
	.loc	1 579 5                         @ ../../libraries/zf_driver/zf_driver_soft_spi.c:579:5
	ldrb.w	r0, [sp, #19]
	ldr	r2, [sp, #48]
	subs	r0, r0, r2
	it	ne
	movne	r0, #1
	movw	r2, #579
	bl	debug_assert_handler
	ldr	r1, [sp, #8]                    @ 4-byte Reload
	.loc	1 580 5                         @ ../../libraries/zf_driver/zf_driver_soft_spi.c:580:5
	ldrb.w	r0, [sp, #18]
	ldr	r2, [sp, #44]
	subs	r0, r0, r2
	it	ne
	movne	r0, #1
	mov.w	r2, #580
	bl	debug_assert_handler
	ldr	r1, [sp, #8]                    @ 4-byte Reload
	.loc	1 581 5                         @ ../../libraries/zf_driver/zf_driver_soft_spi.c:581:5
	ldrb.w	r0, [sp, #18]
	ldr	r2, [sp, #48]
	subs	r0, r0, r2
	it	ne
	movne	r0, #1
	movw	r2, #581
	bl	debug_assert_handler
	.loc	1 582 5                         @ ../../libraries/zf_driver/zf_driver_soft_spi.c:582:5
	ldr	r1, [sp, #44]
	ldr	r2, [sp, #48]
	movs	r0, #1
	cmp	r1, r2
	str	r0, [sp, #12]                   @ 4-byte Spill
	bne	.LBB20_2
	b	.LBB20_1
.LBB20_1:
	ldr	r0, [sp, #48]
	movw	r1, #65535
	subs	r0, r0, r1
	clz	r0, r0
	lsrs	r0, r0, #5
	str	r0, [sp, #12]                   @ 4-byte Spill
	b	.LBB20_2
.LBB20_2:
	.loc	1 0 5 is_stmt 0                 @ ../../libraries/zf_driver/zf_driver_soft_spi.c:0:5
	ldr	r0, [sp, #12]                   @ 4-byte Reload
	.loc	1 582 5                         @ ../../libraries/zf_driver/zf_driver_soft_spi.c:582:5
	and	r0, r0, #1
	movw	r1, :lower16:.L.str
	movt	r1, :upper16:.L.str
	str	r1, [sp, #4]                    @ 4-byte Spill
	movw	r2, #582
	bl	debug_assert_handler
	ldr	r1, [sp, #4]                    @ 4-byte Reload
	.loc	1 584 5 is_stmt 1               @ ../../libraries/zf_driver/zf_driver_soft_spi.c:584:5
	ldrb.w	r2, [sp, #27]
	movs	r0, #0
	cmp	r2, #4
	it	lt
	movlt	r0, #1
	mov.w	r2, #584
	bl	debug_assert_handler
	.loc	1 586 33                        @ ../../libraries/zf_driver/zf_driver_soft_spi.c:586:33
	ldrb.w	r2, [sp, #27]
	.loc	1 586 5 is_stmt 0               @ ../../libraries/zf_driver/zf_driver_soft_spi.c:586:5
	ldr	r1, [sp, #28]
	.loc	1 586 31                        @ ../../libraries/zf_driver/zf_driver_soft_spi.c:586:31
	ldrb	r0, [r1]
	and	r2, r2, #63
	and	r0, r0, #192
	add	r0, r2
	strb	r0, [r1]
	.loc	1 587 27 is_stmt 1              @ ../../libraries/zf_driver/zf_driver_soft_spi.c:587:27
	ldr	r0, [sp, #20]
	.loc	1 587 5 is_stmt 0               @ ../../libraries/zf_driver/zf_driver_soft_spi.c:587:5
	ldr	r1, [sp, #28]
	.loc	1 587 25                        @ ../../libraries/zf_driver/zf_driver_soft_spi.c:587:25
	str	r0, [r1, #8]
	.loc	1 589 29 is_stmt 1              @ ../../libraries/zf_driver/zf_driver_soft_spi.c:589:29
	ldrb.w	r0, [sp, #19]
	.loc	1 589 5 is_stmt 0               @ ../../libraries/zf_driver/zf_driver_soft_spi.c:589:5
	ldr	r1, [sp, #28]
	.loc	1 589 27                        @ ../../libraries/zf_driver/zf_driver_soft_spi.c:589:27
	strb	r0, [r1, #1]
	.loc	1 590 30 is_stmt 1              @ ../../libraries/zf_driver/zf_driver_soft_spi.c:590:30
	ldrb.w	r0, [sp, #18]
	.loc	1 590 5 is_stmt 0               @ ../../libraries/zf_driver/zf_driver_soft_spi.c:590:5
	ldr	r1, [sp, #28]
	.loc	1 590 28                        @ ../../libraries/zf_driver/zf_driver_soft_spi.c:590:28
	strb	r0, [r1, #2]
.Ltmp185:
	.loc	1 591 13 is_stmt 1              @ ../../libraries/zf_driver/zf_driver_soft_spi.c:591:13
	ldrb.w	r0, [sp, #27]
	.loc	1 591 18 is_stmt 0              @ ../../libraries/zf_driver/zf_driver_soft_spi.c:591:18
	cbz	r0, .LBB20_4
	b	.LBB20_3
.LBB20_3:
	.loc	1 591 26                        @ ../../libraries/zf_driver/zf_driver_soft_spi.c:591:26
	ldrb.w	r0, [sp, #27]
.Ltmp186:
	.loc	1 591 8                         @ ../../libraries/zf_driver/zf_driver_soft_spi.c:591:8
	cmp	r0, #1
	bne	.LBB20_5
	b	.LBB20_4
.LBB20_4:
.Ltmp187:
	.loc	1 593 19 is_stmt 1              @ ../../libraries/zf_driver/zf_driver_soft_spi.c:593:19
	ldrb.w	r0, [sp, #19]
	movs	r1, #1
	movs	r2, #0
	movs	r3, #72
	.loc	1 593 9 is_stmt 0               @ ../../libraries/zf_driver/zf_driver_soft_spi.c:593:9
	bl	gpio_init
	.loc	1 594 5 is_stmt 1               @ ../../libraries/zf_driver/zf_driver_soft_spi.c:594:5
	b	.LBB20_6
.Ltmp188:
.LBB20_5:
	.loc	1 597 19                        @ ../../libraries/zf_driver/zf_driver_soft_spi.c:597:19
	ldrb.w	r0, [sp, #19]
	movs	r2, #1
	movs	r3, #72
	.loc	1 597 9 is_stmt 0               @ ../../libraries/zf_driver/zf_driver_soft_spi.c:597:9
	mov	r1, r2
	bl	gpio_init
	b	.LBB20_6
.Ltmp189:
.LBB20_6:
	.loc	1 599 15 is_stmt 1              @ ../../libraries/zf_driver/zf_driver_soft_spi.c:599:15
	ldrb.w	r0, [sp, #18]
	movs	r2, #1
	movs	r3, #72
	.loc	1 599 5 is_stmt 0               @ ../../libraries/zf_driver/zf_driver_soft_spi.c:599:5
	mov	r1, r2
	bl	gpio_init
.Ltmp190:
	.loc	1 601 29 is_stmt 1              @ ../../libraries/zf_driver/zf_driver_soft_spi.c:601:29
	ldr	r0, [sp, #44]
	movw	r1, #65535
.Ltmp191:
	.loc	1 601 8 is_stmt 0               @ ../../libraries/zf_driver/zf_driver_soft_spi.c:601:8
	cmp	r0, r1
	bne	.LBB20_8
	b	.LBB20_7
.LBB20_7:
.Ltmp192:
	.loc	1 603 9 is_stmt 1               @ ../../libraries/zf_driver/zf_driver_soft_spi.c:603:9
	ldr	r1, [sp, #28]
	.loc	1 603 39 is_stmt 0              @ ../../libraries/zf_driver/zf_driver_soft_spi.c:603:39
	ldrb	r0, [r1]
	and	r0, r0, #191
	strb	r0, [r1]
	.loc	1 604 5 is_stmt 1               @ ../../libraries/zf_driver/zf_driver_soft_spi.c:604:5
	b	.LBB20_9
.Ltmp193:
.LBB20_8:
	.loc	1 607 9                         @ ../../libraries/zf_driver/zf_driver_soft_spi.c:607:9
	ldr	r1, [sp, #28]
	.loc	1 607 39 is_stmt 0              @ ../../libraries/zf_driver/zf_driver_soft_spi.c:607:39
	ldrb	r0, [r1]
	orr	r0, r0, #64
	strb	r0, [r1]
	.loc	1 608 49 is_stmt 1              @ ../../libraries/zf_driver/zf_driver_soft_spi.c:608:49
	ldr	r0, [sp, #44]
	.loc	1 608 9 is_stmt 0               @ ../../libraries/zf_driver/zf_driver_soft_spi.c:608:9
	ldr	r1, [sp, #28]
	.loc	1 608 32                        @ ../../libraries/zf_driver/zf_driver_soft_spi.c:608:32
	strb	r0, [r1, #3]
	.loc	1 609 19 is_stmt 1              @ ../../libraries/zf_driver/zf_driver_soft_spi.c:609:19
	ldr	r0, [sp, #28]
	.loc	1 609 33 is_stmt 0              @ ../../libraries/zf_driver/zf_driver_soft_spi.c:609:33
	ldrb	r0, [r0, #3]
	movs	r1, #0
	movs	r2, #1
	movs	r3, #72
	.loc	1 609 9                         @ ../../libraries/zf_driver/zf_driver_soft_spi.c:609:9
	bl	gpio_init
	b	.LBB20_9
.Ltmp194:
.LBB20_9:
	.loc	1 611 29 is_stmt 1              @ ../../libraries/zf_driver/zf_driver_soft_spi.c:611:29
	ldr	r0, [sp, #48]
	movw	r1, #65535
.Ltmp195:
	.loc	1 611 8 is_stmt 0               @ ../../libraries/zf_driver/zf_driver_soft_spi.c:611:8
	cmp	r0, r1
	bne	.LBB20_11
	b	.LBB20_10
.LBB20_10:
.Ltmp196:
	.loc	1 613 9 is_stmt 1               @ ../../libraries/zf_driver/zf_driver_soft_spi.c:613:9
	ldr	r1, [sp, #28]
	.loc	1 613 37 is_stmt 0              @ ../../libraries/zf_driver/zf_driver_soft_spi.c:613:37
	ldrb	r0, [r1]
	and	r0, r0, #127
	strb	r0, [r1]
	.loc	1 614 5 is_stmt 1               @ ../../libraries/zf_driver/zf_driver_soft_spi.c:614:5
	b	.LBB20_12
.Ltmp197:
.LBB20_11:
	.loc	1 617 9                         @ ../../libraries/zf_driver/zf_driver_soft_spi.c:617:9
	ldr	r1, [sp, #28]
	.loc	1 617 37 is_stmt 0              @ ../../libraries/zf_driver/zf_driver_soft_spi.c:617:37
	ldrb	r0, [r1]
	orr	r0, r0, #128
	strb	r0, [r1]
	.loc	1 618 47 is_stmt 1              @ ../../libraries/zf_driver/zf_driver_soft_spi.c:618:47
	ldr	r0, [sp, #48]
	.loc	1 618 9 is_stmt 0               @ ../../libraries/zf_driver/zf_driver_soft_spi.c:618:9
	ldr	r1, [sp, #28]
	.loc	1 618 30                        @ ../../libraries/zf_driver/zf_driver_soft_spi.c:618:30
	strb	r0, [r1, #4]
	.loc	1 619 19 is_stmt 1              @ ../../libraries/zf_driver/zf_driver_soft_spi.c:619:19
	ldr	r0, [sp, #28]
	.loc	1 619 33 is_stmt 0              @ ../../libraries/zf_driver/zf_driver_soft_spi.c:619:33
	ldrb	r0, [r0, #4]
	movs	r2, #1
	movs	r3, #72
	.loc	1 619 9                         @ ../../libraries/zf_driver/zf_driver_soft_spi.c:619:9
	mov	r1, r2
	bl	gpio_init
	b	.LBB20_12
.Ltmp198:
.LBB20_12:
	.loc	1 621 1 is_stmt 1               @ ../../libraries/zf_driver/zf_driver_soft_spi.c:621:1
	add	sp, #32
	pop	{r7, pc}
.Ltmp199:
.Lfunc_end20:
	.size	soft_spi_init, .Lfunc_end20-soft_spi_init
	.cfi_endproc
	.cantunwind
	.fnend
                                        @ -- End function
	.section	.text.GPIO_ClearPinsOutput,"ax",%progbits
	.p2align	3                               @ -- Begin function GPIO_ClearPinsOutput
	.type	GPIO_ClearPinsOutput,%function
	.code	16                              @ @GPIO_ClearPinsOutput
	.thumb_func
GPIO_ClearPinsOutput:
.Lfunc_begin21:
	.file	3 "E:\\FILE_SMART_CAR\\\346\231\272\350\203\275\350\247\206\350\247\211\\RT1064_Library-master\\RT1064_Library-master\\SeekFree_RT1064_Opensource_Library\\project\\mdk" "../../libraries/sdk/drives\\fsl_gpio.h"
	.loc	3 150 0                         @ ../../libraries/sdk/drives\fsl_gpio.h:150:0
	.fnstart
	.cfi_startproc
@ %bb.0:
	.save	{r7, lr}
	push	{r7, lr}
	.cfi_def_cfa_offset 8
	.cfi_offset lr, -4
	.cfi_offset r7, -8
	.pad	#8
	sub	sp, #8
	.cfi_def_cfa_offset 16
	str	r0, [sp, #4]
	str	r1, [sp]
.Ltmp200:
	.loc	3 151 20 prologue_end           @ ../../libraries/sdk/drives\fsl_gpio.h:151:20
	ldr	r0, [sp, #4]
	.loc	3 151 26 is_stmt 0              @ ../../libraries/sdk/drives\fsl_gpio.h:151:26
	ldr	r1, [sp]
	.loc	3 151 5                         @ ../../libraries/sdk/drives\fsl_gpio.h:151:5
	bl	GPIO_PortClear
	.loc	3 152 1 is_stmt 1               @ ../../libraries/sdk/drives\fsl_gpio.h:152:1
	add	sp, #8
	pop	{r7, pc}
.Ltmp201:
.Lfunc_end21:
	.size	GPIO_ClearPinsOutput, .Lfunc_end21-GPIO_ClearPinsOutput
	.cfi_endproc
	.cantunwind
	.fnend
                                        @ -- End function
	.section	.text.GPIO_SetPinsOutput,"ax",%progbits
	.p2align	3                               @ -- Begin function GPIO_SetPinsOutput
	.type	GPIO_SetPinsOutput,%function
	.code	16                              @ @GPIO_SetPinsOutput
	.thumb_func
GPIO_SetPinsOutput:
.Lfunc_begin22:
	.loc	3 126 0                         @ ../../libraries/sdk/drives\fsl_gpio.h:126:0
	.fnstart
	.cfi_startproc
@ %bb.0:
	.save	{r7, lr}
	push	{r7, lr}
	.cfi_def_cfa_offset 8
	.cfi_offset lr, -4
	.cfi_offset r7, -8
	.pad	#8
	sub	sp, #8
	.cfi_def_cfa_offset 16
	str	r0, [sp, #4]
	str	r1, [sp]
.Ltmp202:
	.loc	3 127 18 prologue_end           @ ../../libraries/sdk/drives\fsl_gpio.h:127:18
	ldr	r0, [sp, #4]
	.loc	3 127 24 is_stmt 0              @ ../../libraries/sdk/drives\fsl_gpio.h:127:24
	ldr	r1, [sp]
	.loc	3 127 5                         @ ../../libraries/sdk/drives\fsl_gpio.h:127:5
	bl	GPIO_PortSet
	.loc	3 128 1 is_stmt 1               @ ../../libraries/sdk/drives\fsl_gpio.h:128:1
	add	sp, #8
	pop	{r7, pc}
.Ltmp203:
.Lfunc_end22:
	.size	GPIO_SetPinsOutput, .Lfunc_end22-GPIO_SetPinsOutput
	.cfi_endproc
	.cantunwind
	.fnend
                                        @ -- End function
	.section	.text.GPIO_PortClear,"ax",%progbits
	.p2align	3                               @ -- Begin function GPIO_PortClear
	.type	GPIO_PortClear,%function
	.code	16                              @ @GPIO_PortClear
	.thumb_func
GPIO_PortClear:
.Lfunc_begin23:
	.loc	3 137 0                         @ ../../libraries/sdk/drives\fsl_gpio.h:137:0
	.fnstart
	.cfi_startproc
@ %bb.0:
	.pad	#8
	sub	sp, #8
	.cfi_def_cfa_offset 8
	str	r0, [sp, #4]
	str	r1, [sp]
.Ltmp204:
	.loc	3 139 22 prologue_end           @ ../../libraries/sdk/drives\fsl_gpio.h:139:22
	ldr	r0, [sp]
	.loc	3 139 5 is_stmt 0               @ ../../libraries/sdk/drives\fsl_gpio.h:139:5
	ldr	r1, [sp, #4]
	.loc	3 139 20                        @ ../../libraries/sdk/drives\fsl_gpio.h:139:20
	str.w	r0, [r1, #136]
	.loc	3 143 1 is_stmt 1               @ ../../libraries/sdk/drives\fsl_gpio.h:143:1
	add	sp, #8
	bx	lr
.Ltmp205:
.Lfunc_end23:
	.size	GPIO_PortClear, .Lfunc_end23-GPIO_PortClear
	.cfi_endproc
	.cantunwind
	.fnend
                                        @ -- End function
	.section	.text.GPIO_PortSet,"ax",%progbits
	.p2align	3                               @ -- Begin function GPIO_PortSet
	.type	GPIO_PortSet,%function
	.code	16                              @ @GPIO_PortSet
	.thumb_func
GPIO_PortSet:
.Lfunc_begin24:
	.loc	3 113 0                         @ ../../libraries/sdk/drives\fsl_gpio.h:113:0
	.fnstart
	.cfi_startproc
@ %bb.0:
	.pad	#8
	sub	sp, #8
	.cfi_def_cfa_offset 8
	str	r0, [sp, #4]
	str	r1, [sp]
.Ltmp206:
	.loc	3 115 20 prologue_end           @ ../../libraries/sdk/drives\fsl_gpio.h:115:20
	ldr	r0, [sp]
	.loc	3 115 5 is_stmt 0               @ ../../libraries/sdk/drives\fsl_gpio.h:115:5
	ldr	r1, [sp, #4]
	.loc	3 115 18                        @ ../../libraries/sdk/drives\fsl_gpio.h:115:18
	str.w	r0, [r1, #132]
	.loc	3 119 1 is_stmt 1               @ ../../libraries/sdk/drives\fsl_gpio.h:119:1
	add	sp, #8
	bx	lr
.Ltmp207:
.Lfunc_end24:
	.size	GPIO_PortSet, .Lfunc_end24-GPIO_PortSet
	.cfi_endproc
	.cantunwind
	.fnend
                                        @ -- End function
	.type	.L.str,%object                  @ @.str
	.section	.rodata.str1.1,"aMS",%progbits,1
.L.str:
	.asciz	"../../libraries/zf_driver/zf_driver_soft_spi.c"
	.size	.L.str, 47

	.file	4 "E:\\FILE_SMART_CAR\\\346\231\272\350\203\275\350\247\206\350\247\211\\RT1064_Library-master\\RT1064_Library-master\\SeekFree_RT1064_Opensource_Library\\project\\mdk" "../../libraries/zf_common\\zf_common_typedef.h"
	.file	5 "E:\\FILE_SMART_CAR\\\346\231\272\350\203\275\350\247\206\350\247\211\\RT1064_Library-master\\RT1064_Library-master\\SeekFree_RT1064_Opensource_Library\\project\\mdk" "../../libraries/zf_driver/zf_driver_soft_spi.h"
	.file	6 "D:\\KEIL\\ARM\\ARMCLANG\\Bin\\..\\include" "stdint.h"
	.file	7 "E:\\FILE_SMART_CAR\\\346\231\272\350\203\275\350\247\206\350\247\211\\RT1064_Library-master\\RT1064_Library-master\\SeekFree_RT1064_Opensource_Library\\project\\mdk" "../../libraries/sdk/deceive\\MIMXRT1064.h"
	.section	.debug_abbrev,"",%progbits
	.byte	1                               @ Abbreviation Code
	.byte	17                              @ DW_TAG_compile_unit
	.byte	1                               @ DW_CHILDREN_yes
	.byte	37                              @ DW_AT_producer
	.byte	14                              @ DW_FORM_strp
	.byte	19                              @ DW_AT_language
	.byte	5                               @ DW_FORM_data2
	.byte	3                               @ DW_AT_name
	.byte	14                              @ DW_FORM_strp
	.byte	16                              @ DW_AT_stmt_list
	.byte	23                              @ DW_FORM_sec_offset
	.byte	27                              @ DW_AT_comp_dir
	.byte	14                              @ DW_FORM_strp
	.byte	17                              @ DW_AT_low_pc
	.byte	1                               @ DW_FORM_addr
	.byte	85                              @ DW_AT_ranges
	.byte	23                              @ DW_FORM_sec_offset
	.byte	0                               @ EOM(1)
	.byte	0                               @ EOM(2)
	.byte	2                               @ Abbreviation Code
	.byte	52                              @ DW_TAG_variable
	.byte	0                               @ DW_CHILDREN_no
	.byte	73                              @ DW_AT_type
	.byte	19                              @ DW_FORM_ref4
	.byte	58                              @ DW_AT_decl_file
	.byte	11                              @ DW_FORM_data1
	.byte	59                              @ DW_AT_decl_line
	.byte	11                              @ DW_FORM_data1
	.byte	2                               @ DW_AT_location
	.byte	24                              @ DW_FORM_exprloc
	.byte	0                               @ EOM(1)
	.byte	0                               @ EOM(2)
	.byte	3                               @ Abbreviation Code
	.byte	1                               @ DW_TAG_array_type
	.byte	1                               @ DW_CHILDREN_yes
	.byte	73                              @ DW_AT_type
	.byte	19                              @ DW_FORM_ref4
	.byte	0                               @ EOM(1)
	.byte	0                               @ EOM(2)
	.byte	4                               @ Abbreviation Code
	.byte	33                              @ DW_TAG_subrange_type
	.byte	0                               @ DW_CHILDREN_no
	.byte	73                              @ DW_AT_type
	.byte	19                              @ DW_FORM_ref4
	.byte	55                              @ DW_AT_count
	.byte	11                              @ DW_FORM_data1
	.byte	0                               @ EOM(1)
	.byte	0                               @ EOM(2)
	.byte	5                               @ Abbreviation Code
	.byte	36                              @ DW_TAG_base_type
	.byte	0                               @ DW_CHILDREN_no
	.byte	3                               @ DW_AT_name
	.byte	14                              @ DW_FORM_strp
	.byte	62                              @ DW_AT_encoding
	.byte	11                              @ DW_FORM_data1
	.byte	11                              @ DW_AT_byte_size
	.byte	11                              @ DW_FORM_data1
	.byte	0                               @ EOM(1)
	.byte	0                               @ EOM(2)
	.byte	6                               @ Abbreviation Code
	.byte	36                              @ DW_TAG_base_type
	.byte	0                               @ DW_CHILDREN_no
	.byte	3                               @ DW_AT_name
	.byte	14                              @ DW_FORM_strp
	.byte	11                              @ DW_AT_byte_size
	.byte	11                              @ DW_FORM_data1
	.byte	62                              @ DW_AT_encoding
	.byte	11                              @ DW_FORM_data1
	.byte	0                               @ EOM(1)
	.byte	0                               @ EOM(2)
	.byte	7                               @ Abbreviation Code
	.byte	4                               @ DW_TAG_enumeration_type
	.byte	1                               @ DW_CHILDREN_yes
	.byte	73                              @ DW_AT_type
	.byte	19                              @ DW_FORM_ref4
	.byte	11                              @ DW_AT_byte_size
	.byte	11                              @ DW_FORM_data1
	.byte	58                              @ DW_AT_decl_file
	.byte	11                              @ DW_FORM_data1
	.byte	59                              @ DW_AT_decl_line
	.byte	11                              @ DW_FORM_data1
	.byte	0                               @ EOM(1)
	.byte	0                               @ EOM(2)
	.byte	8                               @ Abbreviation Code
	.byte	40                              @ DW_TAG_enumerator
	.byte	0                               @ DW_CHILDREN_no
	.byte	3                               @ DW_AT_name
	.byte	14                              @ DW_FORM_strp
	.byte	28                              @ DW_AT_const_value
	.byte	15                              @ DW_FORM_udata
	.byte	0                               @ EOM(1)
	.byte	0                               @ EOM(2)
	.byte	9                               @ Abbreviation Code
	.byte	22                              @ DW_TAG_typedef
	.byte	0                               @ DW_CHILDREN_no
	.byte	73                              @ DW_AT_type
	.byte	19                              @ DW_FORM_ref4
	.byte	3                               @ DW_AT_name
	.byte	14                              @ DW_FORM_strp
	.byte	58                              @ DW_AT_decl_file
	.byte	11                              @ DW_FORM_data1
	.byte	59                              @ DW_AT_decl_line
	.byte	11                              @ DW_FORM_data1
	.byte	0                               @ EOM(1)
	.byte	0                               @ EOM(2)
	.byte	10                              @ Abbreviation Code
	.byte	46                              @ DW_TAG_subprogram
	.byte	1                               @ DW_CHILDREN_yes
	.byte	17                              @ DW_AT_low_pc
	.byte	1                               @ DW_FORM_addr
	.byte	18                              @ DW_AT_high_pc
	.byte	6                               @ DW_FORM_data4
	.byte	64                              @ DW_AT_frame_base
	.byte	24                              @ DW_FORM_exprloc
	.byte	3                               @ DW_AT_name
	.byte	14                              @ DW_FORM_strp
	.byte	58                              @ DW_AT_decl_file
	.byte	11                              @ DW_FORM_data1
	.byte	59                              @ DW_AT_decl_line
	.byte	11                              @ DW_FORM_data1
	.byte	39                              @ DW_AT_prototyped
	.byte	25                              @ DW_FORM_flag_present
	.byte	63                              @ DW_AT_external
	.byte	25                              @ DW_FORM_flag_present
	.byte	0                               @ EOM(1)
	.byte	0                               @ EOM(2)
	.byte	11                              @ Abbreviation Code
	.byte	5                               @ DW_TAG_formal_parameter
	.byte	0                               @ DW_CHILDREN_no
	.byte	2                               @ DW_AT_location
	.byte	24                              @ DW_FORM_exprloc
	.byte	3                               @ DW_AT_name
	.byte	14                              @ DW_FORM_strp
	.byte	58                              @ DW_AT_decl_file
	.byte	11                              @ DW_FORM_data1
	.byte	59                              @ DW_AT_decl_line
	.byte	11                              @ DW_FORM_data1
	.byte	73                              @ DW_AT_type
	.byte	19                              @ DW_FORM_ref4
	.byte	0                               @ EOM(1)
	.byte	0                               @ EOM(2)
	.byte	12                              @ Abbreviation Code
	.byte	46                              @ DW_TAG_subprogram
	.byte	1                               @ DW_CHILDREN_yes
	.byte	17                              @ DW_AT_low_pc
	.byte	1                               @ DW_FORM_addr
	.byte	18                              @ DW_AT_high_pc
	.byte	6                               @ DW_FORM_data4
	.byte	64                              @ DW_AT_frame_base
	.byte	24                              @ DW_FORM_exprloc
	.byte	3                               @ DW_AT_name
	.byte	14                              @ DW_FORM_strp
	.byte	58                              @ DW_AT_decl_file
	.byte	11                              @ DW_FORM_data1
	.byte	59                              @ DW_AT_decl_line
	.byte	11                              @ DW_FORM_data1
	.byte	39                              @ DW_AT_prototyped
	.byte	25                              @ DW_FORM_flag_present
	.byte	73                              @ DW_AT_type
	.byte	19                              @ DW_FORM_ref4
	.byte	0                               @ EOM(1)
	.byte	0                               @ EOM(2)
	.byte	13                              @ Abbreviation Code
	.byte	52                              @ DW_TAG_variable
	.byte	0                               @ DW_CHILDREN_no
	.byte	2                               @ DW_AT_location
	.byte	24                              @ DW_FORM_exprloc
	.byte	3                               @ DW_AT_name
	.byte	14                              @ DW_FORM_strp
	.byte	58                              @ DW_AT_decl_file
	.byte	11                              @ DW_FORM_data1
	.byte	59                              @ DW_AT_decl_line
	.byte	11                              @ DW_FORM_data1
	.byte	73                              @ DW_AT_type
	.byte	19                              @ DW_FORM_ref4
	.byte	0                               @ EOM(1)
	.byte	0                               @ EOM(2)
	.byte	14                              @ Abbreviation Code
	.byte	11                              @ DW_TAG_lexical_block
	.byte	1                               @ DW_CHILDREN_yes
	.byte	17                              @ DW_AT_low_pc
	.byte	1                               @ DW_FORM_addr
	.byte	18                              @ DW_AT_high_pc
	.byte	6                               @ DW_FORM_data4
	.byte	0                               @ EOM(1)
	.byte	0                               @ EOM(2)
	.byte	15                              @ Abbreviation Code
	.byte	46                              @ DW_TAG_subprogram
	.byte	1                               @ DW_CHILDREN_yes
	.byte	17                              @ DW_AT_low_pc
	.byte	1                               @ DW_FORM_addr
	.byte	18                              @ DW_AT_high_pc
	.byte	6                               @ DW_FORM_data4
	.byte	64                              @ DW_AT_frame_base
	.byte	24                              @ DW_FORM_exprloc
	.byte	3                               @ DW_AT_name
	.byte	14                              @ DW_FORM_strp
	.byte	58                              @ DW_AT_decl_file
	.byte	11                              @ DW_FORM_data1
	.byte	59                              @ DW_AT_decl_line
	.byte	5                               @ DW_FORM_data2
	.byte	39                              @ DW_AT_prototyped
	.byte	25                              @ DW_FORM_flag_present
	.byte	63                              @ DW_AT_external
	.byte	25                              @ DW_FORM_flag_present
	.byte	0                               @ EOM(1)
	.byte	0                               @ EOM(2)
	.byte	16                              @ Abbreviation Code
	.byte	5                               @ DW_TAG_formal_parameter
	.byte	0                               @ DW_CHILDREN_no
	.byte	2                               @ DW_AT_location
	.byte	24                              @ DW_FORM_exprloc
	.byte	3                               @ DW_AT_name
	.byte	14                              @ DW_FORM_strp
	.byte	58                              @ DW_AT_decl_file
	.byte	11                              @ DW_FORM_data1
	.byte	59                              @ DW_AT_decl_line
	.byte	5                               @ DW_FORM_data2
	.byte	73                              @ DW_AT_type
	.byte	19                              @ DW_FORM_ref4
	.byte	0                               @ EOM(1)
	.byte	0                               @ EOM(2)
	.byte	17                              @ Abbreviation Code
	.byte	46                              @ DW_TAG_subprogram
	.byte	1                               @ DW_CHILDREN_yes
	.byte	17                              @ DW_AT_low_pc
	.byte	1                               @ DW_FORM_addr
	.byte	18                              @ DW_AT_high_pc
	.byte	6                               @ DW_FORM_data4
	.byte	64                              @ DW_AT_frame_base
	.byte	24                              @ DW_FORM_exprloc
	.byte	3                               @ DW_AT_name
	.byte	14                              @ DW_FORM_strp
	.byte	58                              @ DW_AT_decl_file
	.byte	11                              @ DW_FORM_data1
	.byte	59                              @ DW_AT_decl_line
	.byte	5                               @ DW_FORM_data2
	.byte	39                              @ DW_AT_prototyped
	.byte	25                              @ DW_FORM_flag_present
	.byte	73                              @ DW_AT_type
	.byte	19                              @ DW_FORM_ref4
	.byte	63                              @ DW_AT_external
	.byte	25                              @ DW_FORM_flag_present
	.byte	0                               @ EOM(1)
	.byte	0                               @ EOM(2)
	.byte	18                              @ Abbreviation Code
	.byte	46                              @ DW_TAG_subprogram
	.byte	1                               @ DW_CHILDREN_yes
	.byte	17                              @ DW_AT_low_pc
	.byte	1                               @ DW_FORM_addr
	.byte	18                              @ DW_AT_high_pc
	.byte	6                               @ DW_FORM_data4
	.byte	64                              @ DW_AT_frame_base
	.byte	24                              @ DW_FORM_exprloc
	.byte	3                               @ DW_AT_name
	.byte	14                              @ DW_FORM_strp
	.byte	58                              @ DW_AT_decl_file
	.byte	11                              @ DW_FORM_data1
	.byte	59                              @ DW_AT_decl_line
	.byte	11                              @ DW_FORM_data1
	.byte	39                              @ DW_AT_prototyped
	.byte	25                              @ DW_FORM_flag_present
	.byte	0                               @ EOM(1)
	.byte	0                               @ EOM(2)
	.byte	19                              @ Abbreviation Code
	.byte	15                              @ DW_TAG_pointer_type
	.byte	0                               @ DW_CHILDREN_no
	.byte	73                              @ DW_AT_type
	.byte	19                              @ DW_FORM_ref4
	.byte	0                               @ EOM(1)
	.byte	0                               @ EOM(2)
	.byte	20                              @ Abbreviation Code
	.byte	19                              @ DW_TAG_structure_type
	.byte	1                               @ DW_CHILDREN_yes
	.byte	11                              @ DW_AT_byte_size
	.byte	11                              @ DW_FORM_data1
	.byte	58                              @ DW_AT_decl_file
	.byte	11                              @ DW_FORM_data1
	.byte	59                              @ DW_AT_decl_line
	.byte	11                              @ DW_FORM_data1
	.byte	0                               @ EOM(1)
	.byte	0                               @ EOM(2)
	.byte	21                              @ Abbreviation Code
	.byte	13                              @ DW_TAG_member
	.byte	0                               @ DW_CHILDREN_no
	.byte	3                               @ DW_AT_name
	.byte	14                              @ DW_FORM_strp
	.byte	73                              @ DW_AT_type
	.byte	19                              @ DW_FORM_ref4
	.byte	58                              @ DW_AT_decl_file
	.byte	11                              @ DW_FORM_data1
	.byte	59                              @ DW_AT_decl_line
	.byte	11                              @ DW_FORM_data1
	.byte	56                              @ DW_AT_data_member_location
	.byte	11                              @ DW_FORM_data1
	.byte	0                               @ EOM(1)
	.byte	0                               @ EOM(2)
	.byte	22                              @ Abbreviation Code
	.byte	23                              @ DW_TAG_union_type
	.byte	1                               @ DW_CHILDREN_yes
	.byte	11                              @ DW_AT_byte_size
	.byte	11                              @ DW_FORM_data1
	.byte	58                              @ DW_AT_decl_file
	.byte	11                              @ DW_FORM_data1
	.byte	59                              @ DW_AT_decl_line
	.byte	11                              @ DW_FORM_data1
	.byte	0                               @ EOM(1)
	.byte	0                               @ EOM(2)
	.byte	23                              @ Abbreviation Code
	.byte	13                              @ DW_TAG_member
	.byte	0                               @ DW_CHILDREN_no
	.byte	73                              @ DW_AT_type
	.byte	19                              @ DW_FORM_ref4
	.byte	58                              @ DW_AT_decl_file
	.byte	11                              @ DW_FORM_data1
	.byte	59                              @ DW_AT_decl_line
	.byte	11                              @ DW_FORM_data1
	.byte	56                              @ DW_AT_data_member_location
	.byte	11                              @ DW_FORM_data1
	.byte	0                               @ EOM(1)
	.byte	0                               @ EOM(2)
	.byte	24                              @ Abbreviation Code
	.byte	13                              @ DW_TAG_member
	.byte	0                               @ DW_CHILDREN_no
	.byte	3                               @ DW_AT_name
	.byte	14                              @ DW_FORM_strp
	.byte	73                              @ DW_AT_type
	.byte	19                              @ DW_FORM_ref4
	.byte	58                              @ DW_AT_decl_file
	.byte	11                              @ DW_FORM_data1
	.byte	59                              @ DW_AT_decl_line
	.byte	11                              @ DW_FORM_data1
	.byte	11                              @ DW_AT_byte_size
	.byte	11                              @ DW_FORM_data1
	.byte	13                              @ DW_AT_bit_size
	.byte	11                              @ DW_FORM_data1
	.byte	12                              @ DW_AT_bit_offset
	.byte	11                              @ DW_FORM_data1
	.byte	56                              @ DW_AT_data_member_location
	.byte	11                              @ DW_FORM_data1
	.byte	0                               @ EOM(1)
	.byte	0                               @ EOM(2)
	.byte	25                              @ Abbreviation Code
	.byte	38                              @ DW_TAG_const_type
	.byte	0                               @ DW_CHILDREN_no
	.byte	73                              @ DW_AT_type
	.byte	19                              @ DW_FORM_ref4
	.byte	0                               @ EOM(1)
	.byte	0                               @ EOM(2)
	.byte	26                              @ Abbreviation Code
	.byte	53                              @ DW_TAG_volatile_type
	.byte	0                               @ DW_CHILDREN_no
	.byte	73                              @ DW_AT_type
	.byte	19                              @ DW_FORM_ref4
	.byte	0                               @ EOM(1)
	.byte	0                               @ EOM(2)
	.byte	27                              @ Abbreviation Code
	.byte	22                              @ DW_TAG_typedef
	.byte	0                               @ DW_CHILDREN_no
	.byte	73                              @ DW_AT_type
	.byte	19                              @ DW_FORM_ref4
	.byte	3                               @ DW_AT_name
	.byte	14                              @ DW_FORM_strp
	.byte	58                              @ DW_AT_decl_file
	.byte	11                              @ DW_FORM_data1
	.byte	59                              @ DW_AT_decl_line
	.byte	5                               @ DW_FORM_data2
	.byte	0                               @ EOM(1)
	.byte	0                               @ EOM(2)
	.byte	28                              @ Abbreviation Code
	.byte	19                              @ DW_TAG_structure_type
	.byte	1                               @ DW_CHILDREN_yes
	.byte	11                              @ DW_AT_byte_size
	.byte	11                              @ DW_FORM_data1
	.byte	58                              @ DW_AT_decl_file
	.byte	11                              @ DW_FORM_data1
	.byte	59                              @ DW_AT_decl_line
	.byte	5                               @ DW_FORM_data2
	.byte	0                               @ EOM(1)
	.byte	0                               @ EOM(2)
	.byte	29                              @ Abbreviation Code
	.byte	13                              @ DW_TAG_member
	.byte	0                               @ DW_CHILDREN_no
	.byte	3                               @ DW_AT_name
	.byte	14                              @ DW_FORM_strp
	.byte	73                              @ DW_AT_type
	.byte	19                              @ DW_FORM_ref4
	.byte	58                              @ DW_AT_decl_file
	.byte	11                              @ DW_FORM_data1
	.byte	59                              @ DW_AT_decl_line
	.byte	5                               @ DW_FORM_data2
	.byte	56                              @ DW_AT_data_member_location
	.byte	11                              @ DW_FORM_data1
	.byte	0                               @ EOM(1)
	.byte	0                               @ EOM(2)
	.byte	0                               @ EOM(3)
	.section	.debug_info,"",%progbits
.Lcu_begin0:
	.long	.Ldebug_info_end0-.Ldebug_info_start0 @ Length of Unit
.Ldebug_info_start0:
	.short	4                               @ DWARF version number
	.long	.debug_abbrev                   @ Offset Into Abbrev. Section
	.byte	4                               @ Address Size (in bytes)
	.byte	1                               @ Abbrev [1] 0xb:0xc11 DW_TAG_compile_unit
	.long	.Linfo_string0                  @ DW_AT_producer
	.short	12                              @ DW_AT_language
	.long	.Linfo_string1                  @ DW_AT_name
	.long	.Lline_table_start0             @ DW_AT_stmt_list
	.long	.Linfo_string2                  @ DW_AT_comp_dir
	.long	0                               @ DW_AT_low_pc
	.long	.Ldebug_ranges0                 @ DW_AT_ranges
	.byte	2                               @ Abbrev [2] 0x26:0xd DW_TAG_variable
	.long	51                              @ DW_AT_type
	.byte	1                               @ DW_AT_decl_file
	.byte	232                             @ DW_AT_decl_line
	.byte	5                               @ DW_AT_location
	.byte	3
	.long	.L.str
	.byte	3                               @ Abbrev [3] 0x33:0xc DW_TAG_array_type
	.long	63                              @ DW_AT_type
	.byte	4                               @ Abbrev [4] 0x38:0x6 DW_TAG_subrange_type
	.long	70                              @ DW_AT_type
	.byte	47                              @ DW_AT_count
	.byte	0                               @ End Of Children Mark
	.byte	5                               @ Abbrev [5] 0x3f:0x7 DW_TAG_base_type
	.long	.Linfo_string3                  @ DW_AT_name
	.byte	6                               @ DW_AT_encoding
	.byte	1                               @ DW_AT_byte_size
	.byte	6                               @ Abbrev [6] 0x46:0x7 DW_TAG_base_type
	.long	.Linfo_string4                  @ DW_AT_name
	.byte	8                               @ DW_AT_byte_size
	.byte	7                               @ DW_AT_encoding
	.byte	7                               @ Abbrev [7] 0x4d:0x1b9 DW_TAG_enumeration_type
	.long	518                             @ DW_AT_type
	.byte	1                               @ DW_AT_byte_size
	.byte	2                               @ DW_AT_decl_file
	.byte	48                              @ DW_AT_decl_line
	.byte	8                               @ Abbrev [8] 0x55:0x6 DW_TAG_enumerator
	.long	.Linfo_string6                  @ DW_AT_name
	.byte	32                              @ DW_AT_const_value
	.byte	8                               @ Abbrev [8] 0x5b:0x6 DW_TAG_enumerator
	.long	.Linfo_string7                  @ DW_AT_name
	.byte	33                              @ DW_AT_const_value
	.byte	8                               @ Abbrev [8] 0x61:0x6 DW_TAG_enumerator
	.long	.Linfo_string8                  @ DW_AT_name
	.byte	34                              @ DW_AT_const_value
	.byte	8                               @ Abbrev [8] 0x67:0x6 DW_TAG_enumerator
	.long	.Linfo_string9                  @ DW_AT_name
	.byte	35                              @ DW_AT_const_value
	.byte	8                               @ Abbrev [8] 0x6d:0x6 DW_TAG_enumerator
	.long	.Linfo_string10                 @ DW_AT_name
	.byte	41                              @ DW_AT_const_value
	.byte	8                               @ Abbrev [8] 0x73:0x6 DW_TAG_enumerator
	.long	.Linfo_string11                 @ DW_AT_name
	.byte	42                              @ DW_AT_const_value
	.byte	8                               @ Abbrev [8] 0x79:0x6 DW_TAG_enumerator
	.long	.Linfo_string12                 @ DW_AT_name
	.byte	43                              @ DW_AT_const_value
	.byte	8                               @ Abbrev [8] 0x7f:0x6 DW_TAG_enumerator
	.long	.Linfo_string13                 @ DW_AT_name
	.byte	44                              @ DW_AT_const_value
	.byte	8                               @ Abbrev [8] 0x85:0x6 DW_TAG_enumerator
	.long	.Linfo_string14                 @ DW_AT_name
	.byte	45                              @ DW_AT_const_value
	.byte	8                               @ Abbrev [8] 0x8b:0x6 DW_TAG_enumerator
	.long	.Linfo_string15                 @ DW_AT_name
	.byte	46                              @ DW_AT_const_value
	.byte	8                               @ Abbrev [8] 0x91:0x6 DW_TAG_enumerator
	.long	.Linfo_string16                 @ DW_AT_name
	.byte	47                              @ DW_AT_const_value
	.byte	8                               @ Abbrev [8] 0x97:0x6 DW_TAG_enumerator
	.long	.Linfo_string17                 @ DW_AT_name
	.byte	48                              @ DW_AT_const_value
	.byte	8                               @ Abbrev [8] 0x9d:0x6 DW_TAG_enumerator
	.long	.Linfo_string18                 @ DW_AT_name
	.byte	49                              @ DW_AT_const_value
	.byte	8                               @ Abbrev [8] 0xa3:0x6 DW_TAG_enumerator
	.long	.Linfo_string19                 @ DW_AT_name
	.byte	50                              @ DW_AT_const_value
	.byte	8                               @ Abbrev [8] 0xa9:0x6 DW_TAG_enumerator
	.long	.Linfo_string20                 @ DW_AT_name
	.byte	51                              @ DW_AT_const_value
	.byte	8                               @ Abbrev [8] 0xaf:0x6 DW_TAG_enumerator
	.long	.Linfo_string21                 @ DW_AT_name
	.byte	52                              @ DW_AT_const_value
	.byte	8                               @ Abbrev [8] 0xb5:0x6 DW_TAG_enumerator
	.long	.Linfo_string22                 @ DW_AT_name
	.byte	53                              @ DW_AT_const_value
	.byte	8                               @ Abbrev [8] 0xbb:0x6 DW_TAG_enumerator
	.long	.Linfo_string23                 @ DW_AT_name
	.byte	54                              @ DW_AT_const_value
	.byte	8                               @ Abbrev [8] 0xc1:0x6 DW_TAG_enumerator
	.long	.Linfo_string24                 @ DW_AT_name
	.byte	55                              @ DW_AT_const_value
	.byte	8                               @ Abbrev [8] 0xc7:0x6 DW_TAG_enumerator
	.long	.Linfo_string25                 @ DW_AT_name
	.byte	56                              @ DW_AT_const_value
	.byte	8                               @ Abbrev [8] 0xcd:0x6 DW_TAG_enumerator
	.long	.Linfo_string26                 @ DW_AT_name
	.byte	57                              @ DW_AT_const_value
	.byte	8                               @ Abbrev [8] 0xd3:0x6 DW_TAG_enumerator
	.long	.Linfo_string27                 @ DW_AT_name
	.byte	58                              @ DW_AT_const_value
	.byte	8                               @ Abbrev [8] 0xd9:0x6 DW_TAG_enumerator
	.long	.Linfo_string28                 @ DW_AT_name
	.byte	59                              @ DW_AT_const_value
	.byte	8                               @ Abbrev [8] 0xdf:0x6 DW_TAG_enumerator
	.long	.Linfo_string29                 @ DW_AT_name
	.byte	60                              @ DW_AT_const_value
	.byte	8                               @ Abbrev [8] 0xe5:0x6 DW_TAG_enumerator
	.long	.Linfo_string30                 @ DW_AT_name
	.byte	61                              @ DW_AT_const_value
	.byte	8                               @ Abbrev [8] 0xeb:0x6 DW_TAG_enumerator
	.long	.Linfo_string31                 @ DW_AT_name
	.byte	62                              @ DW_AT_const_value
	.byte	8                               @ Abbrev [8] 0xf1:0x6 DW_TAG_enumerator
	.long	.Linfo_string32                 @ DW_AT_name
	.byte	63                              @ DW_AT_const_value
	.byte	8                               @ Abbrev [8] 0xf7:0x6 DW_TAG_enumerator
	.long	.Linfo_string33                 @ DW_AT_name
	.byte	64                              @ DW_AT_const_value
	.byte	8                               @ Abbrev [8] 0xfd:0x6 DW_TAG_enumerator
	.long	.Linfo_string34                 @ DW_AT_name
	.byte	65                              @ DW_AT_const_value
	.byte	8                               @ Abbrev [8] 0x103:0x6 DW_TAG_enumerator
	.long	.Linfo_string35                 @ DW_AT_name
	.byte	66                              @ DW_AT_const_value
	.byte	8                               @ Abbrev [8] 0x109:0x6 DW_TAG_enumerator
	.long	.Linfo_string36                 @ DW_AT_name
	.byte	67                              @ DW_AT_const_value
	.byte	8                               @ Abbrev [8] 0x10f:0x6 DW_TAG_enumerator
	.long	.Linfo_string37                 @ DW_AT_name
	.byte	68                              @ DW_AT_const_value
	.byte	8                               @ Abbrev [8] 0x115:0x6 DW_TAG_enumerator
	.long	.Linfo_string38                 @ DW_AT_name
	.byte	69                              @ DW_AT_const_value
	.byte	8                               @ Abbrev [8] 0x11b:0x6 DW_TAG_enumerator
	.long	.Linfo_string39                 @ DW_AT_name
	.byte	70                              @ DW_AT_const_value
	.byte	8                               @ Abbrev [8] 0x121:0x6 DW_TAG_enumerator
	.long	.Linfo_string40                 @ DW_AT_name
	.byte	71                              @ DW_AT_const_value
	.byte	8                               @ Abbrev [8] 0x127:0x6 DW_TAG_enumerator
	.long	.Linfo_string41                 @ DW_AT_name
	.byte	72                              @ DW_AT_const_value
	.byte	8                               @ Abbrev [8] 0x12d:0x6 DW_TAG_enumerator
	.long	.Linfo_string42                 @ DW_AT_name
	.byte	73                              @ DW_AT_const_value
	.byte	8                               @ Abbrev [8] 0x133:0x6 DW_TAG_enumerator
	.long	.Linfo_string43                 @ DW_AT_name
	.byte	74                              @ DW_AT_const_value
	.byte	8                               @ Abbrev [8] 0x139:0x6 DW_TAG_enumerator
	.long	.Linfo_string44                 @ DW_AT_name
	.byte	75                              @ DW_AT_const_value
	.byte	8                               @ Abbrev [8] 0x13f:0x6 DW_TAG_enumerator
	.long	.Linfo_string45                 @ DW_AT_name
	.byte	76                              @ DW_AT_const_value
	.byte	8                               @ Abbrev [8] 0x145:0x6 DW_TAG_enumerator
	.long	.Linfo_string46                 @ DW_AT_name
	.byte	77                              @ DW_AT_const_value
	.byte	8                               @ Abbrev [8] 0x14b:0x6 DW_TAG_enumerator
	.long	.Linfo_string47                 @ DW_AT_name
	.byte	78                              @ DW_AT_const_value
	.byte	8                               @ Abbrev [8] 0x151:0x6 DW_TAG_enumerator
	.long	.Linfo_string48                 @ DW_AT_name
	.byte	79                              @ DW_AT_const_value
	.byte	8                               @ Abbrev [8] 0x157:0x6 DW_TAG_enumerator
	.long	.Linfo_string49                 @ DW_AT_name
	.byte	80                              @ DW_AT_const_value
	.byte	8                               @ Abbrev [8] 0x15d:0x6 DW_TAG_enumerator
	.long	.Linfo_string50                 @ DW_AT_name
	.byte	81                              @ DW_AT_const_value
	.byte	8                               @ Abbrev [8] 0x163:0x6 DW_TAG_enumerator
	.long	.Linfo_string51                 @ DW_AT_name
	.byte	82                              @ DW_AT_const_value
	.byte	8                               @ Abbrev [8] 0x169:0x6 DW_TAG_enumerator
	.long	.Linfo_string52                 @ DW_AT_name
	.byte	83                              @ DW_AT_const_value
	.byte	8                               @ Abbrev [8] 0x16f:0x6 DW_TAG_enumerator
	.long	.Linfo_string53                 @ DW_AT_name
	.byte	84                              @ DW_AT_const_value
	.byte	8                               @ Abbrev [8] 0x175:0x6 DW_TAG_enumerator
	.long	.Linfo_string54                 @ DW_AT_name
	.byte	85                              @ DW_AT_const_value
	.byte	8                               @ Abbrev [8] 0x17b:0x6 DW_TAG_enumerator
	.long	.Linfo_string55                 @ DW_AT_name
	.byte	86                              @ DW_AT_const_value
	.byte	8                               @ Abbrev [8] 0x181:0x6 DW_TAG_enumerator
	.long	.Linfo_string56                 @ DW_AT_name
	.byte	87                              @ DW_AT_const_value
	.byte	8                               @ Abbrev [8] 0x187:0x6 DW_TAG_enumerator
	.long	.Linfo_string57                 @ DW_AT_name
	.byte	88                              @ DW_AT_const_value
	.byte	8                               @ Abbrev [8] 0x18d:0x6 DW_TAG_enumerator
	.long	.Linfo_string58                 @ DW_AT_name
	.byte	89                              @ DW_AT_const_value
	.byte	8                               @ Abbrev [8] 0x193:0x6 DW_TAG_enumerator
	.long	.Linfo_string59                 @ DW_AT_name
	.byte	90                              @ DW_AT_const_value
	.byte	8                               @ Abbrev [8] 0x199:0x6 DW_TAG_enumerator
	.long	.Linfo_string60                 @ DW_AT_name
	.byte	91                              @ DW_AT_const_value
	.byte	8                               @ Abbrev [8] 0x19f:0x6 DW_TAG_enumerator
	.long	.Linfo_string61                 @ DW_AT_name
	.byte	92                              @ DW_AT_const_value
	.byte	8                               @ Abbrev [8] 0x1a5:0x6 DW_TAG_enumerator
	.long	.Linfo_string62                 @ DW_AT_name
	.byte	93                              @ DW_AT_const_value
	.byte	8                               @ Abbrev [8] 0x1ab:0x6 DW_TAG_enumerator
	.long	.Linfo_string63                 @ DW_AT_name
	.byte	94                              @ DW_AT_const_value
	.byte	8                               @ Abbrev [8] 0x1b1:0x6 DW_TAG_enumerator
	.long	.Linfo_string64                 @ DW_AT_name
	.byte	95                              @ DW_AT_const_value
	.byte	8                               @ Abbrev [8] 0x1b7:0x6 DW_TAG_enumerator
	.long	.Linfo_string65                 @ DW_AT_name
	.byte	96                              @ DW_AT_const_value
	.byte	8                               @ Abbrev [8] 0x1bd:0x6 DW_TAG_enumerator
	.long	.Linfo_string66                 @ DW_AT_name
	.byte	97                              @ DW_AT_const_value
	.byte	8                               @ Abbrev [8] 0x1c3:0x6 DW_TAG_enumerator
	.long	.Linfo_string67                 @ DW_AT_name
	.byte	98                              @ DW_AT_const_value
	.byte	8                               @ Abbrev [8] 0x1c9:0x6 DW_TAG_enumerator
	.long	.Linfo_string68                 @ DW_AT_name
	.byte	99                              @ DW_AT_const_value
	.byte	8                               @ Abbrev [8] 0x1cf:0x6 DW_TAG_enumerator
	.long	.Linfo_string69                 @ DW_AT_name
	.byte	100                             @ DW_AT_const_value
	.byte	8                               @ Abbrev [8] 0x1d5:0x6 DW_TAG_enumerator
	.long	.Linfo_string70                 @ DW_AT_name
	.byte	108                             @ DW_AT_const_value
	.byte	8                               @ Abbrev [8] 0x1db:0x6 DW_TAG_enumerator
	.long	.Linfo_string71                 @ DW_AT_name
	.byte	109                             @ DW_AT_const_value
	.byte	8                               @ Abbrev [8] 0x1e1:0x6 DW_TAG_enumerator
	.long	.Linfo_string72                 @ DW_AT_name
	.byte	110                             @ DW_AT_const_value
	.byte	8                               @ Abbrev [8] 0x1e7:0x6 DW_TAG_enumerator
	.long	.Linfo_string73                 @ DW_AT_name
	.byte	111                             @ DW_AT_const_value
	.byte	8                               @ Abbrev [8] 0x1ed:0x6 DW_TAG_enumerator
	.long	.Linfo_string74                 @ DW_AT_name
	.byte	112                             @ DW_AT_const_value
	.byte	8                               @ Abbrev [8] 0x1f3:0x6 DW_TAG_enumerator
	.long	.Linfo_string75                 @ DW_AT_name
	.byte	113                             @ DW_AT_const_value
	.byte	8                               @ Abbrev [8] 0x1f9:0x6 DW_TAG_enumerator
	.long	.Linfo_string76                 @ DW_AT_name
	.byte	122                             @ DW_AT_const_value
	.byte	8                               @ Abbrev [8] 0x1ff:0x6 DW_TAG_enumerator
	.long	.Linfo_string77                 @ DW_AT_name
	.byte	123                             @ DW_AT_const_value
	.byte	0                               @ End Of Children Mark
	.byte	5                               @ Abbrev [5] 0x206:0x7 DW_TAG_base_type
	.long	.Linfo_string5                  @ DW_AT_name
	.byte	8                               @ DW_AT_encoding
	.byte	1                               @ DW_AT_byte_size
	.byte	7                               @ Abbrev [7] 0x20d:0x15 DW_TAG_enumeration_type
	.long	518                             @ DW_AT_type
	.byte	1                               @ DW_AT_byte_size
	.byte	2                               @ DW_AT_decl_file
	.byte	140                             @ DW_AT_decl_line
	.byte	8                               @ Abbrev [8] 0x215:0x6 DW_TAG_enumerator
	.long	.Linfo_string78                 @ DW_AT_name
	.byte	0                               @ DW_AT_const_value
	.byte	8                               @ Abbrev [8] 0x21b:0x6 DW_TAG_enumerator
	.long	.Linfo_string79                 @ DW_AT_name
	.byte	1                               @ DW_AT_const_value
	.byte	0                               @ End Of Children Mark
	.byte	7                               @ Abbrev [7] 0x222:0x15 DW_TAG_enumeration_type
	.long	518                             @ DW_AT_type
	.byte	1                               @ DW_AT_byte_size
	.byte	2                               @ DW_AT_decl_file
	.byte	146                             @ DW_AT_decl_line
	.byte	8                               @ Abbrev [8] 0x22a:0x6 DW_TAG_enumerator
	.long	.Linfo_string80                 @ DW_AT_name
	.byte	0                               @ DW_AT_const_value
	.byte	8                               @ Abbrev [8] 0x230:0x6 DW_TAG_enumerator
	.long	.Linfo_string81                 @ DW_AT_name
	.byte	1                               @ DW_AT_const_value
	.byte	0                               @ End Of Children Mark
	.byte	7                               @ Abbrev [7] 0x237:0xde DW_TAG_enumeration_type
	.long	789                             @ DW_AT_type
	.byte	4                               @ DW_AT_byte_size
	.byte	2                               @ DW_AT_decl_file
	.byte	89                              @ DW_AT_decl_line
	.byte	8                               @ Abbrev [8] 0x23f:0x8 DW_TAG_enumerator
	.long	.Linfo_string83                 @ DW_AT_name
	.ascii	"\200\200\004"                  @ DW_AT_const_value
	.byte	8                               @ Abbrev [8] 0x247:0x6 DW_TAG_enumerator
	.long	.Linfo_string84                 @ DW_AT_name
	.byte	0                               @ DW_AT_const_value
	.byte	8                               @ Abbrev [8] 0x24d:0x8 DW_TAG_enumerator
	.long	.Linfo_string85                 @ DW_AT_name
	.ascii	"\200\200\001"                  @ DW_AT_const_value
	.byte	8                               @ Abbrev [8] 0x255:0x8 DW_TAG_enumerator
	.long	.Linfo_string86                 @ DW_AT_name
	.ascii	"\200\200\002"                  @ DW_AT_const_value
	.byte	8                               @ Abbrev [8] 0x25d:0x8 DW_TAG_enumerator
	.long	.Linfo_string87                 @ DW_AT_name
	.ascii	"\200\200\003"                  @ DW_AT_const_value
	.byte	8                               @ Abbrev [8] 0x265:0x7 DW_TAG_enumerator
	.long	.Linfo_string88                 @ DW_AT_name
	.ascii	"\200`"                         @ DW_AT_const_value
	.byte	8                               @ Abbrev [8] 0x26c:0x7 DW_TAG_enumerator
	.long	.Linfo_string89                 @ DW_AT_name
	.ascii	"\200 "                         @ DW_AT_const_value
	.byte	8                               @ Abbrev [8] 0x273:0x7 DW_TAG_enumerator
	.long	.Linfo_string90                 @ DW_AT_name
	.ascii	"\200\020"                      @ DW_AT_const_value
	.byte	8                               @ Abbrev [8] 0x27a:0x6 DW_TAG_enumerator
	.long	.Linfo_string91                 @ DW_AT_name
	.byte	0                               @ DW_AT_const_value
	.byte	8                               @ Abbrev [8] 0x280:0x6 DW_TAG_enumerator
	.long	.Linfo_string92                 @ DW_AT_name
	.byte	64                              @ DW_AT_const_value
	.byte	8                               @ Abbrev [8] 0x286:0x7 DW_TAG_enumerator
	.long	.Linfo_string93                 @ DW_AT_name
	.ascii	"\300\001"                      @ DW_AT_const_value
	.byte	8                               @ Abbrev [8] 0x28d:0x6 DW_TAG_enumerator
	.long	.Linfo_string94                 @ DW_AT_name
	.byte	0                               @ DW_AT_const_value
	.byte	8                               @ Abbrev [8] 0x293:0x6 DW_TAG_enumerator
	.long	.Linfo_string95                 @ DW_AT_name
	.byte	8                               @ DW_AT_const_value
	.byte	8                               @ Abbrev [8] 0x299:0x6 DW_TAG_enumerator
	.long	.Linfo_string96                 @ DW_AT_name
	.byte	16                              @ DW_AT_const_value
	.byte	8                               @ Abbrev [8] 0x29f:0x6 DW_TAG_enumerator
	.long	.Linfo_string97                 @ DW_AT_name
	.byte	24                              @ DW_AT_const_value
	.byte	8                               @ Abbrev [8] 0x2a5:0x6 DW_TAG_enumerator
	.long	.Linfo_string98                 @ DW_AT_name
	.byte	32                              @ DW_AT_const_value
	.byte	8                               @ Abbrev [8] 0x2ab:0x6 DW_TAG_enumerator
	.long	.Linfo_string99                 @ DW_AT_name
	.byte	40                              @ DW_AT_const_value
	.byte	8                               @ Abbrev [8] 0x2b1:0x6 DW_TAG_enumerator
	.long	.Linfo_string100                @ DW_AT_name
	.byte	48                              @ DW_AT_const_value
	.byte	8                               @ Abbrev [8] 0x2b7:0x6 DW_TAG_enumerator
	.long	.Linfo_string101                @ DW_AT_name
	.byte	56                              @ DW_AT_const_value
	.byte	8                               @ Abbrev [8] 0x2bd:0x6 DW_TAG_enumerator
	.long	.Linfo_string102                @ DW_AT_name
	.byte	0                               @ DW_AT_const_value
	.byte	8                               @ Abbrev [8] 0x2c3:0x6 DW_TAG_enumerator
	.long	.Linfo_string103                @ DW_AT_name
	.byte	1                               @ DW_AT_const_value
	.byte	8                               @ Abbrev [8] 0x2c9:0x6 DW_TAG_enumerator
	.long	.Linfo_string104                @ DW_AT_name
	.byte	112                             @ DW_AT_const_value
	.byte	8                               @ Abbrev [8] 0x2cf:0x6 DW_TAG_enumerator
	.long	.Linfo_string105                @ DW_AT_name
	.byte	72                              @ DW_AT_const_value
	.byte	8                               @ Abbrev [8] 0x2d5:0x7 DW_TAG_enumerator
	.long	.Linfo_string106                @ DW_AT_name
	.ascii	"\310`"                         @ DW_AT_const_value
	.byte	8                               @ Abbrev [8] 0x2dc:0x8 DW_TAG_enumerator
	.long	.Linfo_string107                @ DW_AT_name
	.ascii	"\310\340\001"                  @ DW_AT_const_value
	.byte	8                               @ Abbrev [8] 0x2e4:0x6 DW_TAG_enumerator
	.long	.Linfo_string108                @ DW_AT_name
	.byte	72                              @ DW_AT_const_value
	.byte	8                               @ Abbrev [8] 0x2ea:0x7 DW_TAG_enumerator
	.long	.Linfo_string109                @ DW_AT_name
	.ascii	"\310\020"                      @ DW_AT_const_value
	.byte	8                               @ Abbrev [8] 0x2f1:0x6 DW_TAG_enumerator
	.long	.Linfo_string110                @ DW_AT_name
	.byte	72                              @ DW_AT_const_value
	.byte	8                               @ Abbrev [8] 0x2f7:0x7 DW_TAG_enumerator
	.long	.Linfo_string111                @ DW_AT_name
	.ascii	"\310\020"                      @ DW_AT_const_value
	.byte	8                               @ Abbrev [8] 0x2fe:0x7 DW_TAG_enumerator
	.long	.Linfo_string112                @ DW_AT_name
	.ascii	"\310a"                         @ DW_AT_const_value
	.byte	8                               @ Abbrev [8] 0x305:0x8 DW_TAG_enumerator
	.long	.Linfo_string113                @ DW_AT_name
	.ascii	"\310\341\001"                  @ DW_AT_const_value
	.byte	8                               @ Abbrev [8] 0x30d:0x7 DW_TAG_enumerator
	.long	.Linfo_string114                @ DW_AT_name
	.ascii	"\310\001"                      @ DW_AT_const_value
	.byte	0                               @ End Of Children Mark
	.byte	5                               @ Abbrev [5] 0x315:0x7 DW_TAG_base_type
	.long	.Linfo_string82                 @ DW_AT_name
	.byte	7                               @ DW_AT_encoding
	.byte	4                               @ DW_AT_byte_size
	.byte	9                               @ Abbrev [9] 0x31c:0xb DW_TAG_typedef
	.long	77                              @ DW_AT_type
	.long	.Linfo_string115                @ DW_AT_name
	.byte	2                               @ DW_AT_decl_file
	.byte	64                              @ DW_AT_decl_line
	.byte	10                              @ Abbrev [10] 0x327:0x2e DW_TAG_subprogram
	.long	.Lfunc_begin0                   @ DW_AT_low_pc
	.long	.Lfunc_end0-.Lfunc_begin0       @ DW_AT_high_pc
	.byte	1                               @ DW_AT_frame_base
	.byte	93
	.long	.Linfo_string116                @ DW_AT_name
	.byte	1                               @ DW_AT_decl_file
	.byte	230                             @ DW_AT_decl_line
                                        @ DW_AT_prototyped
                                        @ DW_AT_external
	.byte	11                              @ Abbrev [11] 0x338:0xe DW_TAG_formal_parameter
	.byte	2                               @ DW_AT_location
	.byte	145
	.byte	4
	.long	.Linfo_string144                @ DW_AT_name
	.byte	1                               @ DW_AT_decl_file
	.byte	230                             @ DW_AT_decl_line
	.long	2651                            @ DW_AT_type
	.byte	11                              @ Abbrev [11] 0x346:0xe DW_TAG_formal_parameter
	.byte	2                               @ DW_AT_location
	.byte	145
	.byte	3
	.long	.Linfo_string157                @ DW_AT_name
	.byte	1                               @ DW_AT_decl_file
	.byte	230                             @ DW_AT_decl_line
	.long	2830                            @ DW_AT_type
	.byte	0                               @ End Of Children Mark
	.byte	12                              @ Abbrev [12] 0x355:0xbc DW_TAG_subprogram
	.long	.Lfunc_begin1                   @ DW_AT_low_pc
	.long	.Lfunc_end1-.Lfunc_begin1       @ DW_AT_high_pc
	.byte	1                               @ DW_AT_frame_base
	.byte	93
	.long	.Linfo_string117                @ DW_AT_name
	.byte	1                               @ DW_AT_decl_file
	.byte	62                              @ DW_AT_decl_line
                                        @ DW_AT_prototyped
	.long	2622                            @ DW_AT_type
	.byte	11                              @ Abbrev [11] 0x36a:0xe DW_TAG_formal_parameter
	.byte	2                               @ DW_AT_location
	.byte	145
	.byte	20
	.long	.Linfo_string144                @ DW_AT_name
	.byte	1                               @ DW_AT_decl_file
	.byte	62                              @ DW_AT_decl_line
	.long	2651                            @ DW_AT_type
	.byte	11                              @ Abbrev [11] 0x378:0xe DW_TAG_formal_parameter
	.byte	2                               @ DW_AT_location
	.byte	145
	.byte	19
	.long	.Linfo_string157                @ DW_AT_name
	.byte	1                               @ DW_AT_decl_file
	.byte	62                              @ DW_AT_decl_line
	.long	2830                            @ DW_AT_type
	.byte	13                              @ Abbrev [13] 0x386:0xe DW_TAG_variable
	.byte	2                               @ DW_AT_location
	.byte	145
	.byte	18
	.long	.Linfo_string158                @ DW_AT_name
	.byte	1                               @ DW_AT_decl_file
	.byte	64                              @ DW_AT_decl_line
	.long	2622                            @ DW_AT_type
	.byte	13                              @ Abbrev [13] 0x394:0xe DW_TAG_variable
	.byte	2                               @ DW_AT_location
	.byte	145
	.byte	17
	.long	.Linfo_string159                @ DW_AT_name
	.byte	1                               @ DW_AT_decl_file
	.byte	65                              @ DW_AT_decl_line
	.long	2622                            @ DW_AT_type
	.byte	13                              @ Abbrev [13] 0x3a2:0xe DW_TAG_variable
	.byte	2                               @ DW_AT_location
	.byte	145
	.byte	16
	.long	.Linfo_string160                @ DW_AT_name
	.byte	1                               @ DW_AT_decl_file
	.byte	66                              @ DW_AT_decl_line
	.long	2622                            @ DW_AT_type
	.byte	14                              @ Abbrev [14] 0x3b0:0x18 DW_TAG_lexical_block
	.long	.Ltmp19                         @ DW_AT_low_pc
	.long	.Ltmp23-.Ltmp19                 @ DW_AT_high_pc
	.byte	13                              @ Abbrev [13] 0x3b9:0xe DW_TAG_variable
	.byte	2                               @ DW_AT_location
	.byte	145
	.byte	12
	.long	.Linfo_string161                @ DW_AT_name
	.byte	1                               @ DW_AT_decl_file
	.byte	94                              @ DW_AT_decl_line
	.long	2835                            @ DW_AT_type
	.byte	0                               @ End Of Children Mark
	.byte	14                              @ Abbrev [14] 0x3c8:0x18 DW_TAG_lexical_block
	.long	.Ltmp27                         @ DW_AT_low_pc
	.long	.Ltmp31-.Ltmp27                 @ DW_AT_high_pc
	.byte	13                              @ Abbrev [13] 0x3d1:0xe DW_TAG_variable
	.byte	2                               @ DW_AT_location
	.byte	145
	.byte	8
	.long	.Linfo_string161                @ DW_AT_name
	.byte	1                               @ DW_AT_decl_file
	.byte	102                             @ DW_AT_decl_line
	.long	2835                            @ DW_AT_type
	.byte	0                               @ End Of Children Mark
	.byte	14                              @ Abbrev [14] 0x3e0:0x18 DW_TAG_lexical_block
	.long	.Ltmp43                         @ DW_AT_low_pc
	.long	.Ltmp47-.Ltmp43                 @ DW_AT_high_pc
	.byte	13                              @ Abbrev [13] 0x3e9:0xe DW_TAG_variable
	.byte	2                               @ DW_AT_location
	.byte	145
	.byte	4
	.long	.Linfo_string161                @ DW_AT_name
	.byte	1                               @ DW_AT_decl_file
	.byte	119                             @ DW_AT_decl_line
	.long	2835                            @ DW_AT_type
	.byte	0                               @ End Of Children Mark
	.byte	14                              @ Abbrev [14] 0x3f8:0x18 DW_TAG_lexical_block
	.long	.Ltmp51                         @ DW_AT_low_pc
	.long	.Ltmp55-.Ltmp51                 @ DW_AT_high_pc
	.byte	13                              @ Abbrev [13] 0x401:0xe DW_TAG_variable
	.byte	2                               @ DW_AT_location
	.byte	145
	.byte	0
	.long	.Linfo_string161                @ DW_AT_name
	.byte	1                               @ DW_AT_decl_file
	.byte	127                             @ DW_AT_decl_line
	.long	2835                            @ DW_AT_type
	.byte	0                               @ End Of Children Mark
	.byte	0                               @ End Of Children Mark
	.byte	10                              @ Abbrev [10] 0x411:0x3c DW_TAG_subprogram
	.long	.Lfunc_begin2                   @ DW_AT_low_pc
	.long	.Lfunc_end2-.Lfunc_begin2       @ DW_AT_high_pc
	.byte	1                               @ DW_AT_frame_base
	.byte	93
	.long	.Linfo_string119                @ DW_AT_name
	.byte	1                               @ DW_AT_decl_file
	.byte	245                             @ DW_AT_decl_line
                                        @ DW_AT_prototyped
                                        @ DW_AT_external
	.byte	11                              @ Abbrev [11] 0x422:0xe DW_TAG_formal_parameter
	.byte	2                               @ DW_AT_location
	.byte	145
	.byte	12
	.long	.Linfo_string144                @ DW_AT_name
	.byte	1                               @ DW_AT_decl_file
	.byte	245                             @ DW_AT_decl_line
	.long	2651                            @ DW_AT_type
	.byte	11                              @ Abbrev [11] 0x430:0xe DW_TAG_formal_parameter
	.byte	2                               @ DW_AT_location
	.byte	145
	.byte	8
	.long	.Linfo_string157                @ DW_AT_name
	.byte	1                               @ DW_AT_decl_file
	.byte	245                             @ DW_AT_decl_line
	.long	2851                            @ DW_AT_type
	.byte	11                              @ Abbrev [11] 0x43e:0xe DW_TAG_formal_parameter
	.byte	2                               @ DW_AT_location
	.byte	145
	.byte	4
	.long	.Linfo_string163                @ DW_AT_name
	.byte	1                               @ DW_AT_decl_file
	.byte	245                             @ DW_AT_decl_line
	.long	2819                            @ DW_AT_type
	.byte	0                               @ End Of Children Mark
	.byte	15                              @ Abbrev [15] 0x44d:0x31 DW_TAG_subprogram
	.long	.Lfunc_begin3                   @ DW_AT_low_pc
	.long	.Lfunc_end3-.Lfunc_begin3       @ DW_AT_high_pc
	.byte	1                               @ DW_AT_frame_base
	.byte	93
	.long	.Linfo_string120                @ DW_AT_name
	.byte	1                               @ DW_AT_decl_file
	.short	263                             @ DW_AT_decl_line
                                        @ DW_AT_prototyped
                                        @ DW_AT_external
	.byte	16                              @ Abbrev [16] 0x45f:0xf DW_TAG_formal_parameter
	.byte	2                               @ DW_AT_location
	.byte	145
	.byte	4
	.long	.Linfo_string144                @ DW_AT_name
	.byte	1                               @ DW_AT_decl_file
	.short	263                             @ DW_AT_decl_line
	.long	2651                            @ DW_AT_type
	.byte	16                              @ Abbrev [16] 0x46e:0xf DW_TAG_formal_parameter
	.byte	2                               @ DW_AT_location
	.byte	145
	.byte	2
	.long	.Linfo_string157                @ DW_AT_name
	.byte	1                               @ DW_AT_decl_file
	.short	263                             @ DW_AT_decl_line
	.long	2633                            @ DW_AT_type
	.byte	0                               @ End Of Children Mark
	.byte	12                              @ Abbrev [12] 0x47e:0xbc DW_TAG_subprogram
	.long	.Lfunc_begin4                   @ DW_AT_low_pc
	.long	.Lfunc_end4-.Lfunc_begin4       @ DW_AT_high_pc
	.byte	1                               @ DW_AT_frame_base
	.byte	93
	.long	.Linfo_string121                @ DW_AT_name
	.byte	1                               @ DW_AT_decl_file
	.byte	146                             @ DW_AT_decl_line
                                        @ DW_AT_prototyped
	.long	2633                            @ DW_AT_type
	.byte	11                              @ Abbrev [11] 0x493:0xe DW_TAG_formal_parameter
	.byte	2                               @ DW_AT_location
	.byte	145
	.byte	28
	.long	.Linfo_string144                @ DW_AT_name
	.byte	1                               @ DW_AT_decl_file
	.byte	146                             @ DW_AT_decl_line
	.long	2651                            @ DW_AT_type
	.byte	11                              @ Abbrev [11] 0x4a1:0xe DW_TAG_formal_parameter
	.byte	2                               @ DW_AT_location
	.byte	145
	.byte	26
	.long	.Linfo_string157                @ DW_AT_name
	.byte	1                               @ DW_AT_decl_file
	.byte	146                             @ DW_AT_decl_line
	.long	2856                            @ DW_AT_type
	.byte	13                              @ Abbrev [13] 0x4af:0xe DW_TAG_variable
	.byte	2                               @ DW_AT_location
	.byte	145
	.byte	25
	.long	.Linfo_string158                @ DW_AT_name
	.byte	1                               @ DW_AT_decl_file
	.byte	148                             @ DW_AT_decl_line
	.long	2622                            @ DW_AT_type
	.byte	13                              @ Abbrev [13] 0x4bd:0xe DW_TAG_variable
	.byte	2                               @ DW_AT_location
	.byte	145
	.byte	22
	.long	.Linfo_string159                @ DW_AT_name
	.byte	1                               @ DW_AT_decl_file
	.byte	149                             @ DW_AT_decl_line
	.long	2633                            @ DW_AT_type
	.byte	13                              @ Abbrev [13] 0x4cb:0xe DW_TAG_variable
	.byte	2                               @ DW_AT_location
	.byte	145
	.byte	20
	.long	.Linfo_string160                @ DW_AT_name
	.byte	1                               @ DW_AT_decl_file
	.byte	150                             @ DW_AT_decl_line
	.long	2633                            @ DW_AT_type
	.byte	14                              @ Abbrev [14] 0x4d9:0x18 DW_TAG_lexical_block
	.long	.Ltmp86                         @ DW_AT_low_pc
	.long	.Ltmp90-.Ltmp86                 @ DW_AT_high_pc
	.byte	13                              @ Abbrev [13] 0x4e2:0xe DW_TAG_variable
	.byte	2                               @ DW_AT_location
	.byte	145
	.byte	16
	.long	.Linfo_string161                @ DW_AT_name
	.byte	1                               @ DW_AT_decl_file
	.byte	178                             @ DW_AT_decl_line
	.long	2835                            @ DW_AT_type
	.byte	0                               @ End Of Children Mark
	.byte	14                              @ Abbrev [14] 0x4f1:0x18 DW_TAG_lexical_block
	.long	.Ltmp94                         @ DW_AT_low_pc
	.long	.Ltmp98-.Ltmp94                 @ DW_AT_high_pc
	.byte	13                              @ Abbrev [13] 0x4fa:0xe DW_TAG_variable
	.byte	2                               @ DW_AT_location
	.byte	145
	.byte	12
	.long	.Linfo_string161                @ DW_AT_name
	.byte	1                               @ DW_AT_decl_file
	.byte	186                             @ DW_AT_decl_line
	.long	2835                            @ DW_AT_type
	.byte	0                               @ End Of Children Mark
	.byte	14                              @ Abbrev [14] 0x509:0x18 DW_TAG_lexical_block
	.long	.Ltmp110                        @ DW_AT_low_pc
	.long	.Ltmp114-.Ltmp110               @ DW_AT_high_pc
	.byte	13                              @ Abbrev [13] 0x512:0xe DW_TAG_variable
	.byte	2                               @ DW_AT_location
	.byte	145
	.byte	8
	.long	.Linfo_string161                @ DW_AT_name
	.byte	1                               @ DW_AT_decl_file
	.byte	203                             @ DW_AT_decl_line
	.long	2835                            @ DW_AT_type
	.byte	0                               @ End Of Children Mark
	.byte	14                              @ Abbrev [14] 0x521:0x18 DW_TAG_lexical_block
	.long	.Ltmp118                        @ DW_AT_low_pc
	.long	.Ltmp122-.Ltmp118               @ DW_AT_high_pc
	.byte	13                              @ Abbrev [13] 0x52a:0xe DW_TAG_variable
	.byte	2                               @ DW_AT_location
	.byte	145
	.byte	4
	.long	.Linfo_string161                @ DW_AT_name
	.byte	1                               @ DW_AT_decl_file
	.byte	211                             @ DW_AT_decl_line
	.long	2835                            @ DW_AT_type
	.byte	0                               @ End Of Children Mark
	.byte	0                               @ End Of Children Mark
	.byte	15                              @ Abbrev [15] 0x53a:0x40 DW_TAG_subprogram
	.long	.Lfunc_begin5                   @ DW_AT_low_pc
	.long	.Lfunc_end5-.Lfunc_begin5       @ DW_AT_high_pc
	.byte	1                               @ DW_AT_frame_base
	.byte	93
	.long	.Linfo_string124                @ DW_AT_name
	.byte	1                               @ DW_AT_decl_file
	.short	278                             @ DW_AT_decl_line
                                        @ DW_AT_prototyped
                                        @ DW_AT_external
	.byte	16                              @ Abbrev [16] 0x54c:0xf DW_TAG_formal_parameter
	.byte	2                               @ DW_AT_location
	.byte	145
	.byte	12
	.long	.Linfo_string144                @ DW_AT_name
	.byte	1                               @ DW_AT_decl_file
	.short	278                             @ DW_AT_decl_line
	.long	2651                            @ DW_AT_type
	.byte	16                              @ Abbrev [16] 0x55b:0xf DW_TAG_formal_parameter
	.byte	2                               @ DW_AT_location
	.byte	145
	.byte	8
	.long	.Linfo_string157                @ DW_AT_name
	.byte	1                               @ DW_AT_decl_file
	.short	278                             @ DW_AT_decl_line
	.long	2861                            @ DW_AT_type
	.byte	16                              @ Abbrev [16] 0x56a:0xf DW_TAG_formal_parameter
	.byte	2                               @ DW_AT_location
	.byte	145
	.byte	4
	.long	.Linfo_string163                @ DW_AT_name
	.byte	1                               @ DW_AT_decl_file
	.short	278                             @ DW_AT_decl_line
	.long	2819                            @ DW_AT_type
	.byte	0                               @ End Of Children Mark
	.byte	15                              @ Abbrev [15] 0x57a:0x40 DW_TAG_subprogram
	.long	.Lfunc_begin6                   @ DW_AT_low_pc
	.long	.Lfunc_end6-.Lfunc_begin6       @ DW_AT_high_pc
	.byte	1                               @ DW_AT_frame_base
	.byte	93
	.long	.Linfo_string125                @ DW_AT_name
	.byte	1                               @ DW_AT_decl_file
	.short	297                             @ DW_AT_decl_line
                                        @ DW_AT_prototyped
                                        @ DW_AT_external
	.byte	16                              @ Abbrev [16] 0x58c:0xf DW_TAG_formal_parameter
	.byte	2                               @ DW_AT_location
	.byte	145
	.byte	4
	.long	.Linfo_string144                @ DW_AT_name
	.byte	1                               @ DW_AT_decl_file
	.short	297                             @ DW_AT_decl_line
	.long	2651                            @ DW_AT_type
	.byte	16                              @ Abbrev [16] 0x59b:0xf DW_TAG_formal_parameter
	.byte	2                               @ DW_AT_location
	.byte	145
	.byte	3
	.long	.Linfo_string164                @ DW_AT_name
	.byte	1                               @ DW_AT_decl_file
	.short	297                             @ DW_AT_decl_line
	.long	2830                            @ DW_AT_type
	.byte	16                              @ Abbrev [16] 0x5aa:0xf DW_TAG_formal_parameter
	.byte	2                               @ DW_AT_location
	.byte	145
	.byte	2
	.long	.Linfo_string157                @ DW_AT_name
	.byte	1                               @ DW_AT_decl_file
	.short	297                             @ DW_AT_decl_line
	.long	2830                            @ DW_AT_type
	.byte	0                               @ End Of Children Mark
	.byte	15                              @ Abbrev [15] 0x5ba:0x4f DW_TAG_subprogram
	.long	.Lfunc_begin7                   @ DW_AT_low_pc
	.long	.Lfunc_end7-.Lfunc_begin7       @ DW_AT_high_pc
	.byte	1                               @ DW_AT_frame_base
	.byte	93
	.long	.Linfo_string126                @ DW_AT_name
	.byte	1                               @ DW_AT_decl_file
	.short	313                             @ DW_AT_decl_line
                                        @ DW_AT_prototyped
                                        @ DW_AT_external
	.byte	16                              @ Abbrev [16] 0x5cc:0xf DW_TAG_formal_parameter
	.byte	2                               @ DW_AT_location
	.byte	145
	.byte	20
	.long	.Linfo_string144                @ DW_AT_name
	.byte	1                               @ DW_AT_decl_file
	.short	313                             @ DW_AT_decl_line
	.long	2651                            @ DW_AT_type
	.byte	16                              @ Abbrev [16] 0x5db:0xf DW_TAG_formal_parameter
	.byte	2                               @ DW_AT_location
	.byte	145
	.byte	19
	.long	.Linfo_string164                @ DW_AT_name
	.byte	1                               @ DW_AT_decl_file
	.short	313                             @ DW_AT_decl_line
	.long	2830                            @ DW_AT_type
	.byte	16                              @ Abbrev [16] 0x5ea:0xf DW_TAG_formal_parameter
	.byte	2                               @ DW_AT_location
	.byte	145
	.byte	12
	.long	.Linfo_string157                @ DW_AT_name
	.byte	1                               @ DW_AT_decl_file
	.short	313                             @ DW_AT_decl_line
	.long	2851                            @ DW_AT_type
	.byte	16                              @ Abbrev [16] 0x5f9:0xf DW_TAG_formal_parameter
	.byte	2                               @ DW_AT_location
	.byte	145
	.byte	8
	.long	.Linfo_string163                @ DW_AT_name
	.byte	1                               @ DW_AT_decl_file
	.short	313                             @ DW_AT_decl_line
	.long	2819                            @ DW_AT_type
	.byte	0                               @ End Of Children Mark
	.byte	15                              @ Abbrev [15] 0x609:0x40 DW_TAG_subprogram
	.long	.Lfunc_begin8                   @ DW_AT_low_pc
	.long	.Lfunc_end8-.Lfunc_begin8       @ DW_AT_high_pc
	.byte	1                               @ DW_AT_frame_base
	.byte	93
	.long	.Linfo_string127                @ DW_AT_name
	.byte	1                               @ DW_AT_decl_file
	.short	333                             @ DW_AT_decl_line
                                        @ DW_AT_prototyped
                                        @ DW_AT_external
	.byte	16                              @ Abbrev [16] 0x61b:0xf DW_TAG_formal_parameter
	.byte	2                               @ DW_AT_location
	.byte	145
	.byte	4
	.long	.Linfo_string144                @ DW_AT_name
	.byte	1                               @ DW_AT_decl_file
	.short	333                             @ DW_AT_decl_line
	.long	2651                            @ DW_AT_type
	.byte	16                              @ Abbrev [16] 0x62a:0xf DW_TAG_formal_parameter
	.byte	2                               @ DW_AT_location
	.byte	145
	.byte	2
	.long	.Linfo_string164                @ DW_AT_name
	.byte	1                               @ DW_AT_decl_file
	.short	333                             @ DW_AT_decl_line
	.long	2856                            @ DW_AT_type
	.byte	16                              @ Abbrev [16] 0x639:0xf DW_TAG_formal_parameter
	.byte	2                               @ DW_AT_location
	.byte	145
	.byte	0
	.long	.Linfo_string157                @ DW_AT_name
	.byte	1                               @ DW_AT_decl_file
	.short	333                             @ DW_AT_decl_line
	.long	2633                            @ DW_AT_type
	.byte	0                               @ End Of Children Mark
	.byte	15                              @ Abbrev [15] 0x649:0x4f DW_TAG_subprogram
	.long	.Lfunc_begin9                   @ DW_AT_low_pc
	.long	.Lfunc_end9-.Lfunc_begin9       @ DW_AT_high_pc
	.byte	1                               @ DW_AT_frame_base
	.byte	93
	.long	.Linfo_string128                @ DW_AT_name
	.byte	1                               @ DW_AT_decl_file
	.short	350                             @ DW_AT_decl_line
                                        @ DW_AT_prototyped
                                        @ DW_AT_external
	.byte	16                              @ Abbrev [16] 0x65b:0xf DW_TAG_formal_parameter
	.byte	2                               @ DW_AT_location
	.byte	145
	.byte	20
	.long	.Linfo_string144                @ DW_AT_name
	.byte	1                               @ DW_AT_decl_file
	.short	350                             @ DW_AT_decl_line
	.long	2651                            @ DW_AT_type
	.byte	16                              @ Abbrev [16] 0x66a:0xf DW_TAG_formal_parameter
	.byte	2                               @ DW_AT_location
	.byte	145
	.byte	18
	.long	.Linfo_string164                @ DW_AT_name
	.byte	1                               @ DW_AT_decl_file
	.short	350                             @ DW_AT_decl_line
	.long	2856                            @ DW_AT_type
	.byte	16                              @ Abbrev [16] 0x679:0xf DW_TAG_formal_parameter
	.byte	2                               @ DW_AT_location
	.byte	145
	.byte	12
	.long	.Linfo_string157                @ DW_AT_name
	.byte	1                               @ DW_AT_decl_file
	.short	350                             @ DW_AT_decl_line
	.long	2861                            @ DW_AT_type
	.byte	16                              @ Abbrev [16] 0x688:0xf DW_TAG_formal_parameter
	.byte	2                               @ DW_AT_location
	.byte	145
	.byte	8
	.long	.Linfo_string163                @ DW_AT_name
	.byte	1                               @ DW_AT_decl_file
	.short	350                             @ DW_AT_decl_line
	.long	2819                            @ DW_AT_type
	.byte	0                               @ End Of Children Mark
	.byte	17                              @ Abbrev [17] 0x698:0x26 DW_TAG_subprogram
	.long	.Lfunc_begin10                  @ DW_AT_low_pc
	.long	.Lfunc_end10-.Lfunc_begin10     @ DW_AT_high_pc
	.byte	1                               @ DW_AT_frame_base
	.byte	93
	.long	.Linfo_string129                @ DW_AT_name
	.byte	1                               @ DW_AT_decl_file
	.short	369                             @ DW_AT_decl_line
                                        @ DW_AT_prototyped
	.long	2622                            @ DW_AT_type
                                        @ DW_AT_external
	.byte	16                              @ Abbrev [16] 0x6ae:0xf DW_TAG_formal_parameter
	.byte	2                               @ DW_AT_location
	.byte	145
	.byte	4
	.long	.Linfo_string144                @ DW_AT_name
	.byte	1                               @ DW_AT_decl_file
	.short	369                             @ DW_AT_decl_line
	.long	2651                            @ DW_AT_type
	.byte	0                               @ End Of Children Mark
	.byte	15                              @ Abbrev [15] 0x6be:0x40 DW_TAG_subprogram
	.long	.Lfunc_begin11                  @ DW_AT_low_pc
	.long	.Lfunc_end11-.Lfunc_begin11     @ DW_AT_high_pc
	.byte	1                               @ DW_AT_frame_base
	.byte	93
	.long	.Linfo_string130                @ DW_AT_name
	.byte	1                               @ DW_AT_decl_file
	.short	384                             @ DW_AT_decl_line
                                        @ DW_AT_prototyped
                                        @ DW_AT_external
	.byte	16                              @ Abbrev [16] 0x6d0:0xf DW_TAG_formal_parameter
	.byte	2                               @ DW_AT_location
	.byte	145
	.byte	12
	.long	.Linfo_string144                @ DW_AT_name
	.byte	1                               @ DW_AT_decl_file
	.short	384                             @ DW_AT_decl_line
	.long	2651                            @ DW_AT_type
	.byte	16                              @ Abbrev [16] 0x6df:0xf DW_TAG_formal_parameter
	.byte	2                               @ DW_AT_location
	.byte	145
	.byte	8
	.long	.Linfo_string157                @ DW_AT_name
	.byte	1                               @ DW_AT_decl_file
	.short	384                             @ DW_AT_decl_line
	.long	2866                            @ DW_AT_type
	.byte	16                              @ Abbrev [16] 0x6ee:0xf DW_TAG_formal_parameter
	.byte	2                               @ DW_AT_location
	.byte	145
	.byte	4
	.long	.Linfo_string163                @ DW_AT_name
	.byte	1                               @ DW_AT_decl_file
	.short	384                             @ DW_AT_decl_line
	.long	2819                            @ DW_AT_type
	.byte	0                               @ End Of Children Mark
	.byte	17                              @ Abbrev [17] 0x6fe:0x26 DW_TAG_subprogram
	.long	.Lfunc_begin12                  @ DW_AT_low_pc
	.long	.Lfunc_end12-.Lfunc_begin12     @ DW_AT_high_pc
	.byte	1                               @ DW_AT_frame_base
	.byte	93
	.long	.Linfo_string131                @ DW_AT_name
	.byte	1                               @ DW_AT_decl_file
	.short	402                             @ DW_AT_decl_line
                                        @ DW_AT_prototyped
	.long	2633                            @ DW_AT_type
                                        @ DW_AT_external
	.byte	16                              @ Abbrev [16] 0x714:0xf DW_TAG_formal_parameter
	.byte	2                               @ DW_AT_location
	.byte	145
	.byte	4
	.long	.Linfo_string144                @ DW_AT_name
	.byte	1                               @ DW_AT_decl_file
	.short	402                             @ DW_AT_decl_line
	.long	2651                            @ DW_AT_type
	.byte	0                               @ End Of Children Mark
	.byte	15                              @ Abbrev [15] 0x724:0x40 DW_TAG_subprogram
	.long	.Lfunc_begin13                  @ DW_AT_low_pc
	.long	.Lfunc_end13-.Lfunc_begin13     @ DW_AT_high_pc
	.byte	1                               @ DW_AT_frame_base
	.byte	93
	.long	.Linfo_string132                @ DW_AT_name
	.byte	1                               @ DW_AT_decl_file
	.short	417                             @ DW_AT_decl_line
                                        @ DW_AT_prototyped
                                        @ DW_AT_external
	.byte	16                              @ Abbrev [16] 0x736:0xf DW_TAG_formal_parameter
	.byte	2                               @ DW_AT_location
	.byte	145
	.byte	12
	.long	.Linfo_string144                @ DW_AT_name
	.byte	1                               @ DW_AT_decl_file
	.short	417                             @ DW_AT_decl_line
	.long	2651                            @ DW_AT_type
	.byte	16                              @ Abbrev [16] 0x745:0xf DW_TAG_formal_parameter
	.byte	2                               @ DW_AT_location
	.byte	145
	.byte	8
	.long	.Linfo_string157                @ DW_AT_name
	.byte	1                               @ DW_AT_decl_file
	.short	417                             @ DW_AT_decl_line
	.long	2871                            @ DW_AT_type
	.byte	16                              @ Abbrev [16] 0x754:0xf DW_TAG_formal_parameter
	.byte	2                               @ DW_AT_location
	.byte	145
	.byte	4
	.long	.Linfo_string163                @ DW_AT_name
	.byte	1                               @ DW_AT_decl_file
	.short	417                             @ DW_AT_decl_line
	.long	2819                            @ DW_AT_type
	.byte	0                               @ End Of Children Mark
	.byte	17                              @ Abbrev [17] 0x764:0x35 DW_TAG_subprogram
	.long	.Lfunc_begin14                  @ DW_AT_low_pc
	.long	.Lfunc_end14-.Lfunc_begin14     @ DW_AT_high_pc
	.byte	1                               @ DW_AT_frame_base
	.byte	93
	.long	.Linfo_string133                @ DW_AT_name
	.byte	1                               @ DW_AT_decl_file
	.short	436                             @ DW_AT_decl_line
                                        @ DW_AT_prototyped
	.long	2622                            @ DW_AT_type
                                        @ DW_AT_external
	.byte	16                              @ Abbrev [16] 0x77a:0xf DW_TAG_formal_parameter
	.byte	2                               @ DW_AT_location
	.byte	145
	.byte	4
	.long	.Linfo_string144                @ DW_AT_name
	.byte	1                               @ DW_AT_decl_file
	.short	436                             @ DW_AT_decl_line
	.long	2651                            @ DW_AT_type
	.byte	16                              @ Abbrev [16] 0x789:0xf DW_TAG_formal_parameter
	.byte	2                               @ DW_AT_location
	.byte	145
	.byte	3
	.long	.Linfo_string164                @ DW_AT_name
	.byte	1                               @ DW_AT_decl_file
	.short	436                             @ DW_AT_decl_line
	.long	2830                            @ DW_AT_type
	.byte	0                               @ End Of Children Mark
	.byte	15                              @ Abbrev [15] 0x799:0x4f DW_TAG_subprogram
	.long	.Lfunc_begin15                  @ DW_AT_low_pc
	.long	.Lfunc_end15-.Lfunc_begin15     @ DW_AT_high_pc
	.byte	1                               @ DW_AT_frame_base
	.byte	93
	.long	.Linfo_string134                @ DW_AT_name
	.byte	1                               @ DW_AT_decl_file
	.short	453                             @ DW_AT_decl_line
                                        @ DW_AT_prototyped
                                        @ DW_AT_external
	.byte	16                              @ Abbrev [16] 0x7ab:0xf DW_TAG_formal_parameter
	.byte	2                               @ DW_AT_location
	.byte	145
	.byte	20
	.long	.Linfo_string144                @ DW_AT_name
	.byte	1                               @ DW_AT_decl_file
	.short	453                             @ DW_AT_decl_line
	.long	2651                            @ DW_AT_type
	.byte	16                              @ Abbrev [16] 0x7ba:0xf DW_TAG_formal_parameter
	.byte	2                               @ DW_AT_location
	.byte	145
	.byte	19
	.long	.Linfo_string164                @ DW_AT_name
	.byte	1                               @ DW_AT_decl_file
	.short	453                             @ DW_AT_decl_line
	.long	2830                            @ DW_AT_type
	.byte	16                              @ Abbrev [16] 0x7c9:0xf DW_TAG_formal_parameter
	.byte	2                               @ DW_AT_location
	.byte	145
	.byte	12
	.long	.Linfo_string157                @ DW_AT_name
	.byte	1                               @ DW_AT_decl_file
	.short	453                             @ DW_AT_decl_line
	.long	2866                            @ DW_AT_type
	.byte	16                              @ Abbrev [16] 0x7d8:0xf DW_TAG_formal_parameter
	.byte	2                               @ DW_AT_location
	.byte	145
	.byte	8
	.long	.Linfo_string163                @ DW_AT_name
	.byte	1                               @ DW_AT_decl_file
	.short	453                             @ DW_AT_decl_line
	.long	2819                            @ DW_AT_type
	.byte	0                               @ End Of Children Mark
	.byte	17                              @ Abbrev [17] 0x7e8:0x35 DW_TAG_subprogram
	.long	.Lfunc_begin16                  @ DW_AT_low_pc
	.long	.Lfunc_end16-.Lfunc_begin16     @ DW_AT_high_pc
	.byte	1                               @ DW_AT_frame_base
	.byte	93
	.long	.Linfo_string135                @ DW_AT_name
	.byte	1                               @ DW_AT_decl_file
	.short	473                             @ DW_AT_decl_line
                                        @ DW_AT_prototyped
	.long	2633                            @ DW_AT_type
                                        @ DW_AT_external
	.byte	16                              @ Abbrev [16] 0x7fe:0xf DW_TAG_formal_parameter
	.byte	2                               @ DW_AT_location
	.byte	145
	.byte	4
	.long	.Linfo_string144                @ DW_AT_name
	.byte	1                               @ DW_AT_decl_file
	.short	473                             @ DW_AT_decl_line
	.long	2651                            @ DW_AT_type
	.byte	16                              @ Abbrev [16] 0x80d:0xf DW_TAG_formal_parameter
	.byte	2                               @ DW_AT_location
	.byte	145
	.byte	2
	.long	.Linfo_string164                @ DW_AT_name
	.byte	1                               @ DW_AT_decl_file
	.short	473                             @ DW_AT_decl_line
	.long	2856                            @ DW_AT_type
	.byte	0                               @ End Of Children Mark
	.byte	15                              @ Abbrev [15] 0x81d:0x4f DW_TAG_subprogram
	.long	.Lfunc_begin17                  @ DW_AT_low_pc
	.long	.Lfunc_end17-.Lfunc_begin17     @ DW_AT_high_pc
	.byte	1                               @ DW_AT_frame_base
	.byte	93
	.long	.Linfo_string136                @ DW_AT_name
	.byte	1                               @ DW_AT_decl_file
	.short	490                             @ DW_AT_decl_line
                                        @ DW_AT_prototyped
                                        @ DW_AT_external
	.byte	16                              @ Abbrev [16] 0x82f:0xf DW_TAG_formal_parameter
	.byte	2                               @ DW_AT_location
	.byte	145
	.byte	20
	.long	.Linfo_string144                @ DW_AT_name
	.byte	1                               @ DW_AT_decl_file
	.short	490                             @ DW_AT_decl_line
	.long	2651                            @ DW_AT_type
	.byte	16                              @ Abbrev [16] 0x83e:0xf DW_TAG_formal_parameter
	.byte	2                               @ DW_AT_location
	.byte	145
	.byte	18
	.long	.Linfo_string164                @ DW_AT_name
	.byte	1                               @ DW_AT_decl_file
	.short	490                             @ DW_AT_decl_line
	.long	2856                            @ DW_AT_type
	.byte	16                              @ Abbrev [16] 0x84d:0xf DW_TAG_formal_parameter
	.byte	2                               @ DW_AT_location
	.byte	145
	.byte	12
	.long	.Linfo_string157                @ DW_AT_name
	.byte	1                               @ DW_AT_decl_file
	.short	490                             @ DW_AT_decl_line
	.long	2871                            @ DW_AT_type
	.byte	16                              @ Abbrev [16] 0x85c:0xf DW_TAG_formal_parameter
	.byte	2                               @ DW_AT_location
	.byte	145
	.byte	8
	.long	.Linfo_string163                @ DW_AT_name
	.byte	1                               @ DW_AT_decl_file
	.short	490                             @ DW_AT_decl_line
	.long	2819                            @ DW_AT_type
	.byte	0                               @ End Of Children Mark
	.byte	15                              @ Abbrev [15] 0x86c:0x4f DW_TAG_subprogram
	.long	.Lfunc_begin18                  @ DW_AT_low_pc
	.long	.Lfunc_end18-.Lfunc_begin18     @ DW_AT_high_pc
	.byte	1                               @ DW_AT_frame_base
	.byte	93
	.long	.Linfo_string137                @ DW_AT_name
	.byte	1                               @ DW_AT_decl_file
	.short	511                             @ DW_AT_decl_line
                                        @ DW_AT_prototyped
                                        @ DW_AT_external
	.byte	16                              @ Abbrev [16] 0x87e:0xf DW_TAG_formal_parameter
	.byte	2                               @ DW_AT_location
	.byte	145
	.byte	20
	.long	.Linfo_string144                @ DW_AT_name
	.byte	1                               @ DW_AT_decl_file
	.short	511                             @ DW_AT_decl_line
	.long	2651                            @ DW_AT_type
	.byte	16                              @ Abbrev [16] 0x88d:0xf DW_TAG_formal_parameter
	.byte	2                               @ DW_AT_location
	.byte	145
	.byte	16
	.long	.Linfo_string165                @ DW_AT_name
	.byte	1                               @ DW_AT_decl_file
	.short	511                             @ DW_AT_decl_line
	.long	2851                            @ DW_AT_type
	.byte	16                              @ Abbrev [16] 0x89c:0xf DW_TAG_formal_parameter
	.byte	2                               @ DW_AT_location
	.byte	145
	.byte	12
	.long	.Linfo_string166                @ DW_AT_name
	.byte	1                               @ DW_AT_decl_file
	.short	511                             @ DW_AT_decl_line
	.long	2866                            @ DW_AT_type
	.byte	16                              @ Abbrev [16] 0x8ab:0xf DW_TAG_formal_parameter
	.byte	2                               @ DW_AT_location
	.byte	145
	.byte	8
	.long	.Linfo_string163                @ DW_AT_name
	.byte	1                               @ DW_AT_decl_file
	.short	511                             @ DW_AT_decl_line
	.long	2819                            @ DW_AT_type
	.byte	0                               @ End Of Children Mark
	.byte	15                              @ Abbrev [15] 0x8bb:0x4f DW_TAG_subprogram
	.long	.Lfunc_begin19                  @ DW_AT_low_pc
	.long	.Lfunc_end19-.Lfunc_begin19     @ DW_AT_high_pc
	.byte	1                               @ DW_AT_frame_base
	.byte	93
	.long	.Linfo_string138                @ DW_AT_name
	.byte	1                               @ DW_AT_decl_file
	.short	541                             @ DW_AT_decl_line
                                        @ DW_AT_prototyped
                                        @ DW_AT_external
	.byte	16                              @ Abbrev [16] 0x8cd:0xf DW_TAG_formal_parameter
	.byte	2                               @ DW_AT_location
	.byte	145
	.byte	20
	.long	.Linfo_string144                @ DW_AT_name
	.byte	1                               @ DW_AT_decl_file
	.short	541                             @ DW_AT_decl_line
	.long	2651                            @ DW_AT_type
	.byte	16                              @ Abbrev [16] 0x8dc:0xf DW_TAG_formal_parameter
	.byte	2                               @ DW_AT_location
	.byte	145
	.byte	16
	.long	.Linfo_string165                @ DW_AT_name
	.byte	1                               @ DW_AT_decl_file
	.short	541                             @ DW_AT_decl_line
	.long	2861                            @ DW_AT_type
	.byte	16                              @ Abbrev [16] 0x8eb:0xf DW_TAG_formal_parameter
	.byte	2                               @ DW_AT_location
	.byte	145
	.byte	12
	.long	.Linfo_string166                @ DW_AT_name
	.byte	1                               @ DW_AT_decl_file
	.short	541                             @ DW_AT_decl_line
	.long	2871                            @ DW_AT_type
	.byte	16                              @ Abbrev [16] 0x8fa:0xf DW_TAG_formal_parameter
	.byte	2                               @ DW_AT_location
	.byte	145
	.byte	8
	.long	.Linfo_string163                @ DW_AT_name
	.byte	1                               @ DW_AT_decl_file
	.short	541                             @ DW_AT_decl_line
	.long	2819                            @ DW_AT_type
	.byte	0                               @ End Of Children Mark
	.byte	15                              @ Abbrev [15] 0x90a:0x7c DW_TAG_subprogram
	.long	.Lfunc_begin20                  @ DW_AT_low_pc
	.long	.Lfunc_end20-.Lfunc_begin20     @ DW_AT_high_pc
	.byte	1                               @ DW_AT_frame_base
	.byte	93
	.long	.Linfo_string139                @ DW_AT_name
	.byte	1                               @ DW_AT_decl_file
	.short	574                             @ DW_AT_decl_line
                                        @ DW_AT_prototyped
                                        @ DW_AT_external
	.byte	16                              @ Abbrev [16] 0x91c:0xf DW_TAG_formal_parameter
	.byte	2                               @ DW_AT_location
	.byte	145
	.byte	28
	.long	.Linfo_string144                @ DW_AT_name
	.byte	1                               @ DW_AT_decl_file
	.short	574                             @ DW_AT_decl_line
	.long	2651                            @ DW_AT_type
	.byte	16                              @ Abbrev [16] 0x92b:0xf DW_TAG_formal_parameter
	.byte	2                               @ DW_AT_location
	.byte	145
	.byte	27
	.long	.Linfo_string147                @ DW_AT_name
	.byte	1                               @ DW_AT_decl_file
	.short	574                             @ DW_AT_decl_line
	.long	2622                            @ DW_AT_type
	.byte	16                              @ Abbrev [16] 0x93a:0xf DW_TAG_formal_parameter
	.byte	2                               @ DW_AT_location
	.byte	145
	.byte	20
	.long	.Linfo_string154                @ DW_AT_name
	.byte	1                               @ DW_AT_decl_file
	.short	574                             @ DW_AT_decl_line
	.long	2819                            @ DW_AT_type
	.byte	16                              @ Abbrev [16] 0x949:0xf DW_TAG_formal_parameter
	.byte	2                               @ DW_AT_location
	.byte	145
	.byte	19
	.long	.Linfo_string150                @ DW_AT_name
	.byte	1                               @ DW_AT_decl_file
	.short	574                             @ DW_AT_decl_line
	.long	796                             @ DW_AT_type
	.byte	16                              @ Abbrev [16] 0x958:0xf DW_TAG_formal_parameter
	.byte	2                               @ DW_AT_location
	.byte	145
	.byte	18
	.long	.Linfo_string151                @ DW_AT_name
	.byte	1                               @ DW_AT_decl_file
	.short	574                             @ DW_AT_decl_line
	.long	796                             @ DW_AT_type
	.byte	16                              @ Abbrev [16] 0x967:0xf DW_TAG_formal_parameter
	.byte	2                               @ DW_AT_location
	.byte	145
	.byte	44
	.long	.Linfo_string152                @ DW_AT_name
	.byte	1                               @ DW_AT_decl_file
	.short	574                             @ DW_AT_decl_line
	.long	2819                            @ DW_AT_type
	.byte	16                              @ Abbrev [16] 0x976:0xf DW_TAG_formal_parameter
	.byte	2                               @ DW_AT_location
	.byte	145
	.byte	48
	.long	.Linfo_string153                @ DW_AT_name
	.byte	1                               @ DW_AT_decl_file
	.short	574                             @ DW_AT_decl_line
	.long	2819                            @ DW_AT_type
	.byte	0                               @ End Of Children Mark
	.byte	18                              @ Abbrev [18] 0x986:0x2e DW_TAG_subprogram
	.long	.Lfunc_begin21                  @ DW_AT_low_pc
	.long	.Lfunc_end21-.Lfunc_begin21     @ DW_AT_high_pc
	.byte	1                               @ DW_AT_frame_base
	.byte	93
	.long	.Linfo_string140                @ DW_AT_name
	.byte	3                               @ DW_AT_decl_file
	.byte	149                             @ DW_AT_decl_line
                                        @ DW_AT_prototyped
	.byte	11                              @ Abbrev [11] 0x997:0xe DW_TAG_formal_parameter
	.byte	2                               @ DW_AT_location
	.byte	145
	.byte	4
	.long	.Linfo_string167                @ DW_AT_name
	.byte	3                               @ DW_AT_decl_file
	.byte	149                             @ DW_AT_decl_line
	.long	2876                            @ DW_AT_type
	.byte	11                              @ Abbrev [11] 0x9a5:0xe DW_TAG_formal_parameter
	.byte	2                               @ DW_AT_location
	.byte	145
	.byte	0
	.long	.Linfo_string183                @ DW_AT_name
	.byte	3                               @ DW_AT_decl_file
	.byte	149                             @ DW_AT_decl_line
	.long	3060                            @ DW_AT_type
	.byte	0                               @ End Of Children Mark
	.byte	18                              @ Abbrev [18] 0x9b4:0x2e DW_TAG_subprogram
	.long	.Lfunc_begin22                  @ DW_AT_low_pc
	.long	.Lfunc_end22-.Lfunc_begin22     @ DW_AT_high_pc
	.byte	1                               @ DW_AT_frame_base
	.byte	93
	.long	.Linfo_string141                @ DW_AT_name
	.byte	3                               @ DW_AT_decl_file
	.byte	125                             @ DW_AT_decl_line
                                        @ DW_AT_prototyped
	.byte	11                              @ Abbrev [11] 0x9c5:0xe DW_TAG_formal_parameter
	.byte	2                               @ DW_AT_location
	.byte	145
	.byte	4
	.long	.Linfo_string167                @ DW_AT_name
	.byte	3                               @ DW_AT_decl_file
	.byte	125                             @ DW_AT_decl_line
	.long	2876                            @ DW_AT_type
	.byte	11                              @ Abbrev [11] 0x9d3:0xe DW_TAG_formal_parameter
	.byte	2                               @ DW_AT_location
	.byte	145
	.byte	0
	.long	.Linfo_string183                @ DW_AT_name
	.byte	3                               @ DW_AT_decl_file
	.byte	125                             @ DW_AT_decl_line
	.long	3060                            @ DW_AT_type
	.byte	0                               @ End Of Children Mark
	.byte	18                              @ Abbrev [18] 0x9e2:0x2e DW_TAG_subprogram
	.long	.Lfunc_begin23                  @ DW_AT_low_pc
	.long	.Lfunc_end23-.Lfunc_begin23     @ DW_AT_high_pc
	.byte	1                               @ DW_AT_frame_base
	.byte	93
	.long	.Linfo_string142                @ DW_AT_name
	.byte	3                               @ DW_AT_decl_file
	.byte	136                             @ DW_AT_decl_line
                                        @ DW_AT_prototyped
	.byte	11                              @ Abbrev [11] 0x9f3:0xe DW_TAG_formal_parameter
	.byte	2                               @ DW_AT_location
	.byte	145
	.byte	4
	.long	.Linfo_string167                @ DW_AT_name
	.byte	3                               @ DW_AT_decl_file
	.byte	136                             @ DW_AT_decl_line
	.long	2876                            @ DW_AT_type
	.byte	11                              @ Abbrev [11] 0xa01:0xe DW_TAG_formal_parameter
	.byte	2                               @ DW_AT_location
	.byte	145
	.byte	0
	.long	.Linfo_string183                @ DW_AT_name
	.byte	3                               @ DW_AT_decl_file
	.byte	136                             @ DW_AT_decl_line
	.long	3060                            @ DW_AT_type
	.byte	0                               @ End Of Children Mark
	.byte	18                              @ Abbrev [18] 0xa10:0x2e DW_TAG_subprogram
	.long	.Lfunc_begin24                  @ DW_AT_low_pc
	.long	.Lfunc_end24-.Lfunc_begin24     @ DW_AT_high_pc
	.byte	1                               @ DW_AT_frame_base
	.byte	93
	.long	.Linfo_string143                @ DW_AT_name
	.byte	3                               @ DW_AT_decl_file
	.byte	112                             @ DW_AT_decl_line
                                        @ DW_AT_prototyped
	.byte	11                              @ Abbrev [11] 0xa21:0xe DW_TAG_formal_parameter
	.byte	2                               @ DW_AT_location
	.byte	145
	.byte	4
	.long	.Linfo_string167                @ DW_AT_name
	.byte	3                               @ DW_AT_decl_file
	.byte	112                             @ DW_AT_decl_line
	.long	2876                            @ DW_AT_type
	.byte	11                              @ Abbrev [11] 0xa2f:0xe DW_TAG_formal_parameter
	.byte	2                               @ DW_AT_location
	.byte	145
	.byte	0
	.long	.Linfo_string183                @ DW_AT_name
	.byte	3                               @ DW_AT_decl_file
	.byte	112                             @ DW_AT_decl_line
	.long	3060                            @ DW_AT_type
	.byte	0                               @ End Of Children Mark
	.byte	9                               @ Abbrev [9] 0xa3e:0xb DW_TAG_typedef
	.long	518                             @ DW_AT_type
	.long	.Linfo_string118                @ DW_AT_name
	.byte	4                               @ DW_AT_decl_file
	.byte	55                              @ DW_AT_decl_line
	.byte	9                               @ Abbrev [9] 0xa49:0xb DW_TAG_typedef
	.long	2644                            @ DW_AT_type
	.long	.Linfo_string123                @ DW_AT_name
	.byte	4                               @ DW_AT_decl_file
	.byte	56                              @ DW_AT_decl_line
	.byte	5                               @ Abbrev [5] 0xa54:0x7 DW_TAG_base_type
	.long	.Linfo_string122                @ DW_AT_name
	.byte	7                               @ DW_AT_encoding
	.byte	2                               @ DW_AT_byte_size
	.byte	19                              @ Abbrev [19] 0xa5b:0x5 DW_TAG_pointer_type
	.long	2656                            @ DW_AT_type
	.byte	9                               @ Abbrev [9] 0xa60:0xb DW_TAG_typedef
	.long	2667                            @ DW_AT_type
	.long	.Linfo_string156                @ DW_AT_name
	.byte	5                               @ DW_AT_decl_file
	.byte	60                              @ DW_AT_decl_line
	.byte	20                              @ Abbrev [20] 0xa6b:0x98 DW_TAG_structure_type
	.byte	12                              @ DW_AT_byte_size
	.byte	5                               @ DW_AT_decl_file
	.byte	43                              @ DW_AT_decl_line
	.byte	21                              @ Abbrev [21] 0xa6f:0xc DW_TAG_member
	.long	.Linfo_string145                @ DW_AT_name
	.long	2683                            @ DW_AT_type
	.byte	5                               @ DW_AT_decl_file
	.byte	54                              @ DW_AT_decl_line
	.byte	0                               @ DW_AT_data_member_location
	.byte	22                              @ Abbrev [22] 0xa7b:0x4b DW_TAG_union_type
	.byte	1                               @ DW_AT_byte_size
	.byte	5                               @ DW_AT_decl_file
	.byte	45                              @ DW_AT_decl_line
	.byte	21                              @ Abbrev [21] 0xa7f:0xc DW_TAG_member
	.long	.Linfo_string146                @ DW_AT_name
	.long	2622                            @ DW_AT_type
	.byte	5                               @ DW_AT_decl_file
	.byte	47                              @ DW_AT_decl_line
	.byte	0                               @ DW_AT_data_member_location
	.byte	23                              @ Abbrev [23] 0xa8b:0x8 DW_TAG_member
	.long	2707                            @ DW_AT_type
	.byte	5                               @ DW_AT_decl_file
	.byte	48                              @ DW_AT_decl_line
	.byte	0                               @ DW_AT_data_member_location
	.byte	20                              @ Abbrev [20] 0xa93:0x32 DW_TAG_structure_type
	.byte	1                               @ DW_AT_byte_size
	.byte	5                               @ DW_AT_decl_file
	.byte	48                              @ DW_AT_decl_line
	.byte	24                              @ Abbrev [24] 0xa97:0xf DW_TAG_member
	.long	.Linfo_string147                @ DW_AT_name
	.long	2622                            @ DW_AT_type
	.byte	5                               @ DW_AT_decl_file
	.byte	50                              @ DW_AT_decl_line
	.byte	1                               @ DW_AT_byte_size
	.byte	6                               @ DW_AT_bit_size
	.byte	2                               @ DW_AT_bit_offset
	.byte	0                               @ DW_AT_data_member_location
	.byte	24                              @ Abbrev [24] 0xaa6:0xf DW_TAG_member
	.long	.Linfo_string148                @ DW_AT_name
	.long	2622                            @ DW_AT_type
	.byte	5                               @ DW_AT_decl_file
	.byte	51                              @ DW_AT_decl_line
	.byte	1                               @ DW_AT_byte_size
	.byte	1                               @ DW_AT_bit_size
	.byte	1                               @ DW_AT_bit_offset
	.byte	0                               @ DW_AT_data_member_location
	.byte	24                              @ Abbrev [24] 0xab5:0xf DW_TAG_member
	.long	.Linfo_string149                @ DW_AT_name
	.long	2622                            @ DW_AT_type
	.byte	5                               @ DW_AT_decl_file
	.byte	52                              @ DW_AT_decl_line
	.byte	1                               @ DW_AT_byte_size
	.byte	1                               @ DW_AT_bit_size
	.byte	0                               @ DW_AT_bit_offset
	.byte	0                               @ DW_AT_data_member_location
	.byte	0                               @ End Of Children Mark
	.byte	0                               @ End Of Children Mark
	.byte	21                              @ Abbrev [21] 0xac6:0xc DW_TAG_member
	.long	.Linfo_string150                @ DW_AT_name
	.long	796                             @ DW_AT_type
	.byte	5                               @ DW_AT_decl_file
	.byte	55                              @ DW_AT_decl_line
	.byte	1                               @ DW_AT_data_member_location
	.byte	21                              @ Abbrev [21] 0xad2:0xc DW_TAG_member
	.long	.Linfo_string151                @ DW_AT_name
	.long	796                             @ DW_AT_type
	.byte	5                               @ DW_AT_decl_file
	.byte	56                              @ DW_AT_decl_line
	.byte	2                               @ DW_AT_data_member_location
	.byte	21                              @ Abbrev [21] 0xade:0xc DW_TAG_member
	.long	.Linfo_string152                @ DW_AT_name
	.long	796                             @ DW_AT_type
	.byte	5                               @ DW_AT_decl_file
	.byte	57                              @ DW_AT_decl_line
	.byte	3                               @ DW_AT_data_member_location
	.byte	21                              @ Abbrev [21] 0xaea:0xc DW_TAG_member
	.long	.Linfo_string153                @ DW_AT_name
	.long	796                             @ DW_AT_type
	.byte	5                               @ DW_AT_decl_file
	.byte	58                              @ DW_AT_decl_line
	.byte	4                               @ DW_AT_data_member_location
	.byte	21                              @ Abbrev [21] 0xaf6:0xc DW_TAG_member
	.long	.Linfo_string154                @ DW_AT_name
	.long	2819                            @ DW_AT_type
	.byte	5                               @ DW_AT_decl_file
	.byte	59                              @ DW_AT_decl_line
	.byte	8                               @ DW_AT_data_member_location
	.byte	0                               @ End Of Children Mark
	.byte	9                               @ Abbrev [9] 0xb03:0xb DW_TAG_typedef
	.long	789                             @ DW_AT_type
	.long	.Linfo_string155                @ DW_AT_name
	.byte	4                               @ DW_AT_decl_file
	.byte	57                              @ DW_AT_decl_line
	.byte	25                              @ Abbrev [25] 0xb0e:0x5 DW_TAG_const_type
	.long	2622                            @ DW_AT_type
	.byte	9                               @ Abbrev [9] 0xb13:0xb DW_TAG_typedef
	.long	2846                            @ DW_AT_type
	.long	.Linfo_string162                @ DW_AT_name
	.byte	4                               @ DW_AT_decl_file
	.byte	67                              @ DW_AT_decl_line
	.byte	26                              @ Abbrev [26] 0xb1e:0x5 DW_TAG_volatile_type
	.long	2819                            @ DW_AT_type
	.byte	19                              @ Abbrev [19] 0xb23:0x5 DW_TAG_pointer_type
	.long	2830                            @ DW_AT_type
	.byte	25                              @ Abbrev [25] 0xb28:0x5 DW_TAG_const_type
	.long	2633                            @ DW_AT_type
	.byte	19                              @ Abbrev [19] 0xb2d:0x5 DW_TAG_pointer_type
	.long	2856                            @ DW_AT_type
	.byte	19                              @ Abbrev [19] 0xb32:0x5 DW_TAG_pointer_type
	.long	2622                            @ DW_AT_type
	.byte	19                              @ Abbrev [19] 0xb37:0x5 DW_TAG_pointer_type
	.long	2633                            @ DW_AT_type
	.byte	19                              @ Abbrev [19] 0xb3c:0x5 DW_TAG_pointer_type
	.long	2881                            @ DW_AT_type
	.byte	27                              @ Abbrev [27] 0xb41:0xc DW_TAG_typedef
	.long	2893                            @ DW_AT_type
	.long	.Linfo_string182                @ DW_AT_name
	.byte	7                               @ DW_AT_decl_file
	.short	24294                           @ DW_AT_decl_line
	.byte	28                              @ Abbrev [28] 0xb4d:0xa2 DW_TAG_structure_type
	.byte	144                             @ DW_AT_byte_size
	.byte	7                               @ DW_AT_decl_file
	.short	24281                           @ DW_AT_decl_line
	.byte	29                              @ Abbrev [29] 0xb52:0xd DW_TAG_member
	.long	.Linfo_string168                @ DW_AT_name
	.long	3055                            @ DW_AT_type
	.byte	7                               @ DW_AT_decl_file
	.short	24282                           @ DW_AT_decl_line
	.byte	0                               @ DW_AT_data_member_location
	.byte	29                              @ Abbrev [29] 0xb5f:0xd DW_TAG_member
	.long	.Linfo_string170                @ DW_AT_name
	.long	3055                            @ DW_AT_type
	.byte	7                               @ DW_AT_decl_file
	.short	24283                           @ DW_AT_decl_line
	.byte	4                               @ DW_AT_data_member_location
	.byte	29                              @ Abbrev [29] 0xb6c:0xd DW_TAG_member
	.long	.Linfo_string171                @ DW_AT_name
	.long	3071                            @ DW_AT_type
	.byte	7                               @ DW_AT_decl_file
	.short	24284                           @ DW_AT_decl_line
	.byte	8                               @ DW_AT_data_member_location
	.byte	29                              @ Abbrev [29] 0xb79:0xd DW_TAG_member
	.long	.Linfo_string172                @ DW_AT_name
	.long	3055                            @ DW_AT_type
	.byte	7                               @ DW_AT_decl_file
	.short	24285                           @ DW_AT_decl_line
	.byte	12                              @ DW_AT_data_member_location
	.byte	29                              @ Abbrev [29] 0xb86:0xd DW_TAG_member
	.long	.Linfo_string173                @ DW_AT_name
	.long	3055                            @ DW_AT_type
	.byte	7                               @ DW_AT_decl_file
	.short	24286                           @ DW_AT_decl_line
	.byte	16                              @ DW_AT_data_member_location
	.byte	29                              @ Abbrev [29] 0xb93:0xd DW_TAG_member
	.long	.Linfo_string174                @ DW_AT_name
	.long	3055                            @ DW_AT_type
	.byte	7                               @ DW_AT_decl_file
	.short	24287                           @ DW_AT_decl_line
	.byte	20                              @ DW_AT_data_member_location
	.byte	29                              @ Abbrev [29] 0xba0:0xd DW_TAG_member
	.long	.Linfo_string175                @ DW_AT_name
	.long	3055                            @ DW_AT_type
	.byte	7                               @ DW_AT_decl_file
	.short	24288                           @ DW_AT_decl_line
	.byte	24                              @ DW_AT_data_member_location
	.byte	29                              @ Abbrev [29] 0xbad:0xd DW_TAG_member
	.long	.Linfo_string176                @ DW_AT_name
	.long	3055                            @ DW_AT_type
	.byte	7                               @ DW_AT_decl_file
	.short	24289                           @ DW_AT_decl_line
	.byte	28                              @ DW_AT_data_member_location
	.byte	29                              @ Abbrev [29] 0xbba:0xd DW_TAG_member
	.long	.Linfo_string177                @ DW_AT_name
	.long	3076                            @ DW_AT_type
	.byte	7                               @ DW_AT_decl_file
	.short	24290                           @ DW_AT_decl_line
	.byte	32                              @ DW_AT_data_member_location
	.byte	29                              @ Abbrev [29] 0xbc7:0xd DW_TAG_member
	.long	.Linfo_string179                @ DW_AT_name
	.long	3055                            @ DW_AT_type
	.byte	7                               @ DW_AT_decl_file
	.short	24291                           @ DW_AT_decl_line
	.byte	132                             @ DW_AT_data_member_location
	.byte	29                              @ Abbrev [29] 0xbd4:0xd DW_TAG_member
	.long	.Linfo_string180                @ DW_AT_name
	.long	3055                            @ DW_AT_type
	.byte	7                               @ DW_AT_decl_file
	.short	24292                           @ DW_AT_decl_line
	.byte	136                             @ DW_AT_data_member_location
	.byte	29                              @ Abbrev [29] 0xbe1:0xd DW_TAG_member
	.long	.Linfo_string181                @ DW_AT_name
	.long	3055                            @ DW_AT_type
	.byte	7                               @ DW_AT_decl_file
	.short	24293                           @ DW_AT_decl_line
	.byte	140                             @ DW_AT_data_member_location
	.byte	0                               @ End Of Children Mark
	.byte	26                              @ Abbrev [26] 0xbef:0x5 DW_TAG_volatile_type
	.long	3060                            @ DW_AT_type
	.byte	9                               @ Abbrev [9] 0xbf4:0xb DW_TAG_typedef
	.long	789                             @ DW_AT_type
	.long	.Linfo_string169                @ DW_AT_name
	.byte	6                               @ DW_AT_decl_file
	.byte	64                              @ DW_AT_decl_line
	.byte	25                              @ Abbrev [25] 0xbff:0x5 DW_TAG_const_type
	.long	3055                            @ DW_AT_type
	.byte	3                               @ Abbrev [3] 0xc04:0xc DW_TAG_array_type
	.long	3088                            @ DW_AT_type
	.byte	4                               @ Abbrev [4] 0xc09:0x6 DW_TAG_subrange_type
	.long	70                              @ DW_AT_type
	.byte	100                             @ DW_AT_count
	.byte	0                               @ End Of Children Mark
	.byte	9                               @ Abbrev [9] 0xc10:0xb DW_TAG_typedef
	.long	518                             @ DW_AT_type
	.long	.Linfo_string178                @ DW_AT_name
	.byte	6                               @ DW_AT_decl_file
	.byte	62                              @ DW_AT_decl_line
	.byte	0                               @ End Of Children Mark
.Ldebug_info_end0:
	.section	.debug_ranges,"",%progbits
.Ldebug_ranges0:
	.long	.Lfunc_begin0
	.long	.Lfunc_end0
	.long	.Lfunc_begin1
	.long	.Lfunc_end1
	.long	.Lfunc_begin2
	.long	.Lfunc_end2
	.long	.Lfunc_begin3
	.long	.Lfunc_end3
	.long	.Lfunc_begin4
	.long	.Lfunc_end4
	.long	.Lfunc_begin5
	.long	.Lfunc_end5
	.long	.Lfunc_begin6
	.long	.Lfunc_end6
	.long	.Lfunc_begin7
	.long	.Lfunc_end7
	.long	.Lfunc_begin8
	.long	.Lfunc_end8
	.long	.Lfunc_begin9
	.long	.Lfunc_end9
	.long	.Lfunc_begin10
	.long	.Lfunc_end10
	.long	.Lfunc_begin11
	.long	.Lfunc_end11
	.long	.Lfunc_begin12
	.long	.Lfunc_end12
	.long	.Lfunc_begin13
	.long	.Lfunc_end13
	.long	.Lfunc_begin14
	.long	.Lfunc_end14
	.long	.Lfunc_begin15
	.long	.Lfunc_end15
	.long	.Lfunc_begin16
	.long	.Lfunc_end16
	.long	.Lfunc_begin17
	.long	.Lfunc_end17
	.long	.Lfunc_begin18
	.long	.Lfunc_end18
	.long	.Lfunc_begin19
	.long	.Lfunc_end19
	.long	.Lfunc_begin20
	.long	.Lfunc_end20
	.long	.Lfunc_begin21
	.long	.Lfunc_end21
	.long	.Lfunc_begin22
	.long	.Lfunc_end22
	.long	.Lfunc_begin23
	.long	.Lfunc_end23
	.long	.Lfunc_begin24
	.long	.Lfunc_end24
	.long	0
	.long	0
	.section	.debug_str,"MS",%progbits,1
.Linfo_string0:
	.asciz	"Component: Arm Compiler for Embedded 6.19 Tool: armclang [5e73cb00]" @ string offset=0
.Linfo_string1:
	.asciz	"../../libraries/zf_driver\\zf_driver_soft_spi.c" @ string offset=68
.Linfo_string2:
	.asciz	"E:\\FILE_SMART_CAR\\\346\231\272\350\203\275\350\247\206\350\247\211\\RT1064_Library-master\\RT1064_Library-master\\SeekFree_RT1064_Opensource_Library\\project\\mdk" @ string offset=115
.Linfo_string3:
	.asciz	"char"                          @ string offset=237
.Linfo_string4:
	.asciz	"__ARRAY_SIZE_TYPE__"           @ string offset=242
.Linfo_string5:
	.asciz	"unsigned char"                 @ string offset=262
.Linfo_string6:
	.asciz	"B0"                            @ string offset=276
.Linfo_string7:
	.asciz	"B1"                            @ string offset=279
.Linfo_string8:
	.asciz	"B2"                            @ string offset=282
.Linfo_string9:
	.asciz	"B3"                            @ string offset=285
.Linfo_string10:
	.asciz	"B9"                            @ string offset=288
.Linfo_string11:
	.asciz	"B10"                           @ string offset=291
.Linfo_string12:
	.asciz	"B11"                           @ string offset=295
.Linfo_string13:
	.asciz	"B12"                           @ string offset=299
.Linfo_string14:
	.asciz	"B13"                           @ string offset=303
.Linfo_string15:
	.asciz	"B14"                           @ string offset=307
.Linfo_string16:
	.asciz	"B15"                           @ string offset=311
.Linfo_string17:
	.asciz	"B16"                           @ string offset=315
.Linfo_string18:
	.asciz	"B17"                           @ string offset=319
.Linfo_string19:
	.asciz	"B18"                           @ string offset=323
.Linfo_string20:
	.asciz	"B19"                           @ string offset=327
.Linfo_string21:
	.asciz	"B20"                           @ string offset=331
.Linfo_string22:
	.asciz	"B21"                           @ string offset=335
.Linfo_string23:
	.asciz	"B22"                           @ string offset=339
.Linfo_string24:
	.asciz	"B23"                           @ string offset=343
.Linfo_string25:
	.asciz	"B24"                           @ string offset=347
.Linfo_string26:
	.asciz	"B25"                           @ string offset=351
.Linfo_string27:
	.asciz	"B26"                           @ string offset=355
.Linfo_string28:
	.asciz	"B27"                           @ string offset=359
.Linfo_string29:
	.asciz	"B28"                           @ string offset=363
.Linfo_string30:
	.asciz	"B29"                           @ string offset=367
.Linfo_string31:
	.asciz	"B30"                           @ string offset=371
.Linfo_string32:
	.asciz	"B31"                           @ string offset=375
.Linfo_string33:
	.asciz	"C0"                            @ string offset=379
.Linfo_string34:
	.asciz	"C1"                            @ string offset=382
.Linfo_string35:
	.asciz	"C2"                            @ string offset=385
.Linfo_string36:
	.asciz	"C3"                            @ string offset=388
.Linfo_string37:
	.asciz	"C4"                            @ string offset=391
.Linfo_string38:
	.asciz	"C5"                            @ string offset=394
.Linfo_string39:
	.asciz	"C6"                            @ string offset=397
.Linfo_string40:
	.asciz	"C7"                            @ string offset=400
.Linfo_string41:
	.asciz	"C8"                            @ string offset=403
.Linfo_string42:
	.asciz	"C9"                            @ string offset=406
.Linfo_string43:
	.asciz	"C10"                           @ string offset=409
.Linfo_string44:
	.asciz	"C11"                           @ string offset=413
.Linfo_string45:
	.asciz	"C12"                           @ string offset=417
.Linfo_string46:
	.asciz	"C13"                           @ string offset=421
.Linfo_string47:
	.asciz	"C14"                           @ string offset=425
.Linfo_string48:
	.asciz	"C15"                           @ string offset=429
.Linfo_string49:
	.asciz	"C16"                           @ string offset=433
.Linfo_string50:
	.asciz	"C17"                           @ string offset=437
.Linfo_string51:
	.asciz	"C18"                           @ string offset=441
.Linfo_string52:
	.asciz	"C19"                           @ string offset=445
.Linfo_string53:
	.asciz	"C20"                           @ string offset=449
.Linfo_string54:
	.asciz	"C21"                           @ string offset=453
.Linfo_string55:
	.asciz	"C22"                           @ string offset=457
.Linfo_string56:
	.asciz	"C23"                           @ string offset=461
.Linfo_string57:
	.asciz	"C24"                           @ string offset=465
.Linfo_string58:
	.asciz	"C25"                           @ string offset=469
.Linfo_string59:
	.asciz	"C26"                           @ string offset=473
.Linfo_string60:
	.asciz	"C27"                           @ string offset=477
.Linfo_string61:
	.asciz	"C28"                           @ string offset=481
.Linfo_string62:
	.asciz	"C29"                           @ string offset=485
.Linfo_string63:
	.asciz	"C30"                           @ string offset=489
.Linfo_string64:
	.asciz	"C31"                           @ string offset=493
.Linfo_string65:
	.asciz	"D0"                            @ string offset=497
.Linfo_string66:
	.asciz	"D1"                            @ string offset=500
.Linfo_string67:
	.asciz	"D2"                            @ string offset=503
.Linfo_string68:
	.asciz	"D3"                            @ string offset=506
.Linfo_string69:
	.asciz	"D4"                            @ string offset=509
.Linfo_string70:
	.asciz	"D12"                           @ string offset=512
.Linfo_string71:
	.asciz	"D13"                           @ string offset=516
.Linfo_string72:
	.asciz	"D14"                           @ string offset=520
.Linfo_string73:
	.asciz	"D15"                           @ string offset=524
.Linfo_string74:
	.asciz	"D16"                           @ string offset=528
.Linfo_string75:
	.asciz	"D17"                           @ string offset=532
.Linfo_string76:
	.asciz	"D26"                           @ string offset=536
.Linfo_string77:
	.asciz	"D27"                           @ string offset=540
.Linfo_string78:
	.asciz	"GPI"                           @ string offset=544
.Linfo_string79:
	.asciz	"GPO"                           @ string offset=548
.Linfo_string80:
	.asciz	"GPIO_LOW"                      @ string offset=552
.Linfo_string81:
	.asciz	"GPIO_HIGH"                     @ string offset=561
.Linfo_string82:
	.asciz	"unsigned int"                  @ string offset=571
.Linfo_string83:
	.asciz	"HYS_EN"                        @ string offset=584
.Linfo_string84:
	.asciz	"PULLDOWN_100K"                 @ string offset=591
.Linfo_string85:
	.asciz	"PULLUP_47K"                    @ string offset=605
.Linfo_string86:
	.asciz	"PULLUP_100K"                   @ string offset=616
.Linfo_string87:
	.asciz	"PULLUP_22K"                    @ string offset=628
.Linfo_string88:
	.asciz	"PULL_EN"                       @ string offset=639
.Linfo_string89:
	.asciz	"KEEPER_EN"                     @ string offset=647
.Linfo_string90:
	.asciz	"OD_EN"                         @ string offset=657
.Linfo_string91:
	.asciz	"SPEED_50MHZ"                   @ string offset=663
.Linfo_string92:
	.asciz	"SPEED_100MHZ"                  @ string offset=675
.Linfo_string93:
	.asciz	"SPEED_200MHZ"                  @ string offset=688
.Linfo_string94:
	.asciz	"DSE_DIS"                       @ string offset=701
.Linfo_string95:
	.asciz	"DSE_R0"                        @ string offset=709
.Linfo_string96:
	.asciz	"DSE_R0_2"                      @ string offset=716
.Linfo_string97:
	.asciz	"DSE_R0_3"                      @ string offset=725
.Linfo_string98:
	.asciz	"DSE_R0_4"                      @ string offset=734
.Linfo_string99:
	.asciz	"DSE_R0_5"                      @ string offset=743
.Linfo_string100:
	.asciz	"DSE_R0_6"                      @ string offset=752
.Linfo_string101:
	.asciz	"DSE_R0_7"                      @ string offset=761
.Linfo_string102:
	.asciz	"SRE_SLOW"                      @ string offset=770
.Linfo_string103:
	.asciz	"SRE_FAST"                      @ string offset=779
.Linfo_string104:
	.asciz	"GPI_ANAOG_IN"                  @ string offset=788
.Linfo_string105:
	.asciz	"GPI_FLOATING_IN"               @ string offset=801
.Linfo_string106:
	.asciz	"GPI_PULL_DOWN"                 @ string offset=817
.Linfo_string107:
	.asciz	"GPI_PULL_UP"                   @ string offset=831
.Linfo_string108:
	.asciz	"GPO_PUSH_PULL"                 @ string offset=843
.Linfo_string109:
	.asciz	"GPO_OPEN_DTAIN"                @ string offset=857
.Linfo_string110:
	.asciz	"GPO_AF_PUSH_PULL"              @ string offset=872
.Linfo_string111:
	.asciz	"GPO_AF_OPEN_DTAIN"             @ string offset=889
.Linfo_string112:
	.asciz	"FAST_GPI_PULL_DOWN"            @ string offset=907
.Linfo_string113:
	.asciz	"FAST_GPI_PULL_UP"              @ string offset=926
.Linfo_string114:
	.asciz	"FAST_GPO_PUSH_PULL"            @ string offset=943
.Linfo_string115:
	.asciz	"gpio_pin_enum"                 @ string offset=962
.Linfo_string116:
	.asciz	"soft_spi_write_8bit"           @ string offset=976
.Linfo_string117:
	.asciz	"soft_spi_8bit_data_handler"    @ string offset=996
.Linfo_string118:
	.asciz	"uint8"                         @ string offset=1023
.Linfo_string119:
	.asciz	"soft_spi_write_8bit_array"     @ string offset=1029
.Linfo_string120:
	.asciz	"soft_spi_write_16bit"          @ string offset=1055
.Linfo_string121:
	.asciz	"soft_spi_16bit_data_handler"   @ string offset=1076
.Linfo_string122:
	.asciz	"unsigned short"                @ string offset=1104
.Linfo_string123:
	.asciz	"uint16"                        @ string offset=1119
.Linfo_string124:
	.asciz	"soft_spi_write_16bit_array"    @ string offset=1126
.Linfo_string125:
	.asciz	"soft_spi_write_8bit_register"  @ string offset=1153
.Linfo_string126:
	.asciz	"soft_spi_write_8bit_registers" @ string offset=1182
.Linfo_string127:
	.asciz	"soft_spi_write_16bit_register" @ string offset=1212
.Linfo_string128:
	.asciz	"soft_spi_write_16bit_registers" @ string offset=1242
.Linfo_string129:
	.asciz	"soft_spi_read_8bit"            @ string offset=1273
.Linfo_string130:
	.asciz	"soft_spi_read_8bit_array"      @ string offset=1292
.Linfo_string131:
	.asciz	"soft_spi_read_16bit"           @ string offset=1317
.Linfo_string132:
	.asciz	"soft_spi_read_16bit_array"     @ string offset=1337
.Linfo_string133:
	.asciz	"soft_spi_read_8bit_register"   @ string offset=1363
.Linfo_string134:
	.asciz	"soft_spi_read_8bit_registers"  @ string offset=1391
.Linfo_string135:
	.asciz	"soft_spi_read_16bit_register"  @ string offset=1420
.Linfo_string136:
	.asciz	"soft_spi_read_16bit_registers" @ string offset=1449
.Linfo_string137:
	.asciz	"soft_spi_transfer_8bit"        @ string offset=1479
.Linfo_string138:
	.asciz	"soft_spi_transfer_16bit"       @ string offset=1502
.Linfo_string139:
	.asciz	"soft_spi_init"                 @ string offset=1526
.Linfo_string140:
	.asciz	"GPIO_ClearPinsOutput"          @ string offset=1540
.Linfo_string141:
	.asciz	"GPIO_SetPinsOutput"            @ string offset=1561
.Linfo_string142:
	.asciz	"GPIO_PortClear"                @ string offset=1580
.Linfo_string143:
	.asciz	"GPIO_PortSet"                  @ string offset=1595
.Linfo_string144:
	.asciz	"soft_spi_obj"                  @ string offset=1608
.Linfo_string145:
	.asciz	"config"                        @ string offset=1621
.Linfo_string146:
	.asciz	"config_info"                   @ string offset=1628
.Linfo_string147:
	.asciz	"mode"                          @ string offset=1640
.Linfo_string148:
	.asciz	"use_miso"                      @ string offset=1645
.Linfo_string149:
	.asciz	"use_cs"                        @ string offset=1654
.Linfo_string150:
	.asciz	"sck_pin"                       @ string offset=1661
.Linfo_string151:
	.asciz	"mosi_pin"                      @ string offset=1669
.Linfo_string152:
	.asciz	"miso_pin"                      @ string offset=1678
.Linfo_string153:
	.asciz	"cs_pin"                        @ string offset=1687
.Linfo_string154:
	.asciz	"delay"                         @ string offset=1694
.Linfo_string155:
	.asciz	"uint32"                        @ string offset=1700
.Linfo_string156:
	.asciz	"soft_spi_info_struct"          @ string offset=1707
.Linfo_string157:
	.asciz	"data"                          @ string offset=1728
.Linfo_string158:
	.asciz	"temp"                          @ string offset=1733
.Linfo_string159:
	.asciz	"write_data"                    @ string offset=1738
.Linfo_string160:
	.asciz	"read_data"                     @ string offset=1749
.Linfo_string161:
	.asciz	"i"                             @ string offset=1759
.Linfo_string162:
	.asciz	"vuint32"                       @ string offset=1761
.Linfo_string163:
	.asciz	"len"                           @ string offset=1769
.Linfo_string164:
	.asciz	"register_name"                 @ string offset=1773
.Linfo_string165:
	.asciz	"write_buffer"                  @ string offset=1787
.Linfo_string166:
	.asciz	"read_buffer"                   @ string offset=1800
.Linfo_string167:
	.asciz	"base"                          @ string offset=1812
.Linfo_string168:
	.asciz	"DR"                            @ string offset=1817
.Linfo_string169:
	.asciz	"uint32_t"                      @ string offset=1820
.Linfo_string170:
	.asciz	"GDIR"                          @ string offset=1829
.Linfo_string171:
	.asciz	"PSR"                           @ string offset=1834
.Linfo_string172:
	.asciz	"ICR1"                          @ string offset=1838
.Linfo_string173:
	.asciz	"ICR2"                          @ string offset=1843
.Linfo_string174:
	.asciz	"IMR"                           @ string offset=1848
.Linfo_string175:
	.asciz	"ISR"                           @ string offset=1852
.Linfo_string176:
	.asciz	"EDGE_SEL"                      @ string offset=1856
.Linfo_string177:
	.asciz	"RESERVED_0"                    @ string offset=1865
.Linfo_string178:
	.asciz	"uint8_t"                       @ string offset=1876
.Linfo_string179:
	.asciz	"DR_SET"                        @ string offset=1884
.Linfo_string180:
	.asciz	"DR_CLEAR"                      @ string offset=1891
.Linfo_string181:
	.asciz	"DR_TOGGLE"                     @ string offset=1900
.Linfo_string182:
	.asciz	"GPIO_Type"                     @ string offset=1910
.Linfo_string183:
	.asciz	"mask"                          @ string offset=1920
	.ident	"Component: Arm Compiler for Embedded 6.19 Tool: armclang [5e73cb00]"
	.section	".note.GNU-stack","",%progbits
	.eabi_attribute	30, 6	@ Tag_ABI_optimization_goals
	.ARM_attribute	16, 1	@ Tag_AV_eba
	.section	.debug_line,"",%progbits
.Lline_table_start0:
