I0,I1,I2,I3
0.000000,0.000000,0.000000,0.000000
0.000000,0.000000,0.000000,0.000000
0.000000,0.000000,0.000000,0.000000
0.000000,0.000000,0.000000,0.000000
0.000000,0.000000,0.000000,0.000000
0.000000,0.000000,0.000000,0.000000
0.000000,0.000000,0.000000,0.000000
0.000000,0.000000,0.000000,0.000000
0.000000,0.000000,0.000000,0.000000
0.000000,0.000000,0.000000,0.000000
0.000000,0.000000,0.000000,0.000000
0.000000,0.000000,0.000000,0.000000
0.000000,0.000000,0.000000,0.000000
0.000000,0.000000,0.000000,0.000000
0.000000,0.000000,0.000000,0.000000
0.000000,0.000000,0.000000,0.000000
0.000000,0.000000,0.000000,0.000000
0.000000,0.000000,0.000000,0.000000
0.000000,0.000000,0.000000,0.000000
0.000000,0.000000,0.000000,0.000000
0.000000,0.000000,0.000000,0.000000
0.000000,0.000000,0.000000,0.000000
0.000000,0.000000,0.000000,0.000000
0.000000,0.000000,0.000000,0.000000
0.000000,0.000000,0.000000,0.000000
0.000000,0.000000,0.000000,0.000000
0.000000,0.000000,0.000000,0.000000
0.000000,0.000000,0.000000,0.000000
0.000000,0.000000,0.000000,0.000000
0.000000,0.000000,0.000000,0.000000
0.000000,0.000000,0.000000,0.000000
0.000000,0.000000,0.000000,0.000000
0.000000,0.000000,0.000000,0.000000
0.000000,0.000000,0.000000,0.000000
0.000000,0.000000,0.000000,0.000000
0.000000,0.000000,0.000000,0.000000
0.000000,0.000000,0.000000,0.000000
0.000000,0.000000,0.000000,0.000000
0.000000,0.000000,0.000000,0.000000
0.000000,0.000000,0.000000,0.000000
0.000000,0.000000,0.000000,0.000000
0.000000,0.000000,0.000000,0.000000
0.000000,0.000000,0.000000,0.000000
0.000000,0.000000,0.000000,0.000000
0.000000,0.000000,0.000000,0.000000
0.000000,0.000000,0.000000,0.000000
0.000000,0.000000,0.000000,0.000000
0.000000,0.000000,0.000000,0.000000
0.000000,0.000000,0.000000,0.000000
0.000000,0.000000,0.000000,0.000000
0.000000,0.000000,0.000000,0.000000
0.000000,0.000000,0.000000,0.000000
0.000000,0.000000,0.000000,0.000000
0.000000,0.000000,0.000000,0.000000
0.000000,0.000000,0.000000,0.000000
0.000000,0.000000,0.000000,0.000000
0.000000,0.000000,0.000000,0.000000
0.000000,0.000000,0.000000,0.000000
0.000000,0.000000,0.000000,0.000000
0.000000,0.000000,0.000000,0.000000
0.000000,0.000000,0.000000,0.000000
0.000000,0.000000,0.000000,0.000000
0.000000,0.000000,0.000000,0.000000
0.000000,0.000000,0.000000,0.000000
0.000000,0.000000,0.000000,0.000000
0.000000,0.000000,0.000000,0.000000
0.000000,0.000000,0.000000,0.000000
0.000000,0.000000,0.000000,0.000000
0.000000,0.000000,0.000000,0.000000
0.000000,0.000000,0.000000,0.000000
0.000000,0.000000,0.000000,0.000000
0.000000,0.000000,0.000000,0.000000
0.000000,0.000000,0.000000,0.000000
0.000000,0.000000,0.000000,0.000000
0.000000,0.000000,0.000000,0.000000
0.000000,0.000000,0.000000,0.000000
0.000000,0.000000,0.000000,0.000000
0.000000,0.000000,0.000000,0.000000
0.000000,0.000000,0.000000,0.000000
0.000000,0.000000,0.000000,0.000000
0.000000,0.000000,0.000000,0.000000
0.000000,0.000000,0.000000,0.000000
0.000000,0.000000,0.000000,0.000000
0.000000,0.000000,0.000000,0.000000
0.000000,0.000000,0.000000,0.000000
0.000000,0.000000,0.000000,0.000000
0.000000,0.000000,0.000000,0.000000
0.000000,0.000000,0.000000,0.000000
0.000000,0.000000,0.000000,0.000000
0.000000,0.000000,0.000000,0.000000
0.000000,0.000000,0.000000,0.000000
0.000000,0.000000,0.000000,0.000000
0.000000,0.000000,0.000000,0.000000
0.000000,0.000000,0.000000,0.000000
0.000000,0.000000,0.000000,0.000000
0.000000,0.000000,0.000000,0.000000
0.000000,0.000000,0.000000,0.000000
0.000000,0.000000,0.000000,0.000000
0.000000,0.000000,0.000000,0.000000
0.000000,0.000000,0.000000,0.000000
0.000000,0.000000,0.000000,0.000000
0.000000,0.000000,0.000000,0.000000
0.000000,0.000000,0.000000,0.000000
0.000000,0.000000,0.000000,0.000000
0.000000,0.000000,0.000000,0.000000
0.000000,0.000000,0.000000,0.000000
0.000000,0.000000,0.000000,0.000000
0.000000,0.000000,0.000000,0.000000
0.000000,0.000000,0.000000,0.000000
0.000000,0.000000,0.000000,0.000000
0.000000,0.000000,0.000000,0.000000
0.000000,0.000000,0.000000,0.000000
0.000000,0.000000,0.000000,0.000000
0.000000,0.000000,0.000000,0.000000
0.000000,0.000000,0.000000,0.000000
0.000000,0.000000,0.000000,0.000000
0.000000,0.000000,0.000000,0.000000
0.000000,0.000000,0.000000,0.000000
0.000000,0.000000,0.000000,0.000000
0.000000,0.000000,0.000000,0.000000
0.000000,0.000000,0.000000,0.000000
0.000000,0.000000,0.000000,0.000000
0.000000,0.000000,0.000000,0.000000
0.000000,0.000000,0.000000,0.000000
0.000000,0.000000,0.000000,0.000000
0.000000,0.000000,0.000000,0.000000
0.000000,0.000000,0.000000,0.000000
0.000000,0.000000,0.000000,0.000000
0.000000,0.000000,0.000000,0.000000
0.000000,0.000000,0.000000,0.000000
0.000000,0.000000,0.000000,0.000000
0.000000,0.000000,0.000000,0.000000
0.000000,0.000000,0.000000,0.000000
0.000000,0.000000,0.000000,0.000000
0.000000,0.000000,0.000000,0.000000
0.000000,0.000000,0.000000,0.000000
0.000000,0.000000,0.000000,0.000000
0.000000,0.000000,0.000000,0.000000
0.000000,0.000000,0.000000,0.000000
0.000000,0.000000,0.000000,0.000000
0.000000,0.000000,0.000000,0.000000
0.000000,0.000000,0.000000,0.000000
0.000000,0.000000,0.000000,0.000000
0.000000,0.000000,0.000000,0.000000
0.000000,0.000000,0.000000,0.000000
0.000000,0.000000,0.000000,0.000000
0.000000,0.000000,0.000000,0.000000
0.000000,0.000000,0.000000,0.000000
0.000000,0.000000,0.000000,0.000000
0.000000,0.000000,0.000000,0.000000
0.000000,0.000000,0.000000,0.000000
0.000000,0.000000,0.000000,0.000000
0.000000,0.000000,0.000000,0.000000
0.000000,0.000000,0.000000,0.000000
0.000000,0.000000,0.000000,0.000000
0.000000,0.000000,0.000000,0.000000
0.000000,0.000000,0.000000,0.000000
0.000000,0.000000,0.000000,0.000000
0.000000,0.000000,0.000000,0.000000
0.000000,0.000000,0.000000,0.000000
0.000000,0.000000,0.000000,0.000000
0.000000,0.000000,0.000000,0.000000
0.000000,0.000000,0.000000,0.000000
0.000000,0.000000,0.000000,0.000000
0.000000,0.000000,0.000000,0.000000
0.000000,0.000000,0.000000,0.000000
0.000000,0.000000,0.000000,0.000000
0.000000,0.000000,0.000000,0.000000
0.000000,0.000000,0.000000,0.000000
0.000000,0.000000,0.000000,0.000000
0.000000,0.000000,0.000000,0.000000
0.000000,0.000000,0.000000,0.000000
0.000000,0.000000,0.000000,0.000000
0.000000,0.000000,0.000000,0.000000
0.000000,0.000000,0.000000,0.000000
0.000000,0.000000,0.000000,0.000000
0.000000,0.000000,0.000000,0.000000
0.000000,0.000000,0.000000,0.000000
0.000000,0.000000,0.000000,0.000000
0.000000,0.000000,0.000000,0.000000
0.000000,0.000000,0.000000,0.000000
0.000000,0.000000,0.000000,0.000000
0.000000,0.000000,0.000000,0.000000
0.000000,0.000000,0.000000,0.000000
0.000000,0.000000,0.000000,0.000000
0.000000,0.000000,0.000000,0.000000
0.000000,0.000000,0.000000,0.000000
0.000000,0.000000,0.000000,0.000000
0.000000,0.000000,0.000000,0.000000
0.000000,0.000000,0.000000,0.000000
0.000000,0.000000,0.000000,0.000000
0.000000,0.000000,0.000000,0.000000
0.000000,0.000000,0.000000,0.000000
0.000000,0.000000,0.000000,0.000000
0.000000,0.000000,0.000000,0.000000
0.000000,0.000000,0.000000,0.000000
0.000000,0.000000,0.000000,0.000000
0.000000,0.000000,0.000000,0.000000
0.000000,0.000000,0.000000,0.000000
0.000000,0.000000,0.000000,0.000000
0.000000,0.000000,0.000000,0.000000
0.000000,0.000000,0.000000,0.000000
0.000000,0.000000,0.000000,0.000000
0.000000,0.000000,0.000000,0.000000
0.000000,0.000000,0.000000,0.000000
0.000000,0.000000,0.000000,0.000000
0.000000,0.000000,0.000000,0.000000
0.000000,0.000000,0.000000,0.000000
0.000000,0.000000,0.000000,0.000000
0.000000,0.000000,0.000000,0.000000
0.000000,0.000000,0.000000,0.000000
0.000000,0.000000,0.000000,0.000000
0.000000,0.000000,0.000000,0.000000
0.000000,0.000000,0.000000,0.000000
0.000000,0.000000,0.000000,0.000000
0.000000,0.000000,0.000000,0.000000
0.000000,0.000000,0.000000,0.000000
0.000000,0.000000,0.000000,0.000000
0.000000,0.000000,0.000000,0.000000
0.000000,0.000000,0.000000,0.000000
0.000000,0.000000,0.000000,0.000000
0.000000,0.000000,0.000000,0.000000
0.000000,0.000000,0.000000,0.000000
0.000000,0.000000,0.000000,0.000000
0.000000,0.000000,0.000000,0.000000
0.000000,0.000000,0.000000,0.000000
0.000000,0.000000,0.000000,0.000000
0.000000,0.000000,0.000000,0.000000
0.000000,0.000000,0.000000,0.000000
0.000000,0.000000,0.000000,0.000000
0.000000,0.000000,0.000000,0.000000
0.000000,0.000000,0.000000,0.000000
0.000000,0.000000,0.000000,0.000000
0.000000,0.000000,0.000000,0.000000
0.000000,0.000000,0.000000,0.000000
0.000000,0.000000,0.000000,0.000000
0.000000,0.000000,0.000000,0.000000
0.000000,0.000000,0.000000,0.000000
0.000000,0.000000,0.000000,0.000000
0.000000,0.000000,0.000000,0.000000
0.000000,0.000000,0.000000,0.000000
0.000000,0.000000,0.000000,0.000000
0.000000,0.000000,0.000000,0.000000
0.000000,0.000000,0.000000,0.000000
0.000000,0.000000,0.000000,0.000000
0.000000,0.000000,0.000000,0.000000
0.000000,0.000000,0.000000,0.000000
0.000000,0.000000,0.000000,0.000000
0.000000,0.000000,0.000000,0.000000
0.000000,0.000000,0.000000,0.000000
0.000000,0.000000,0.000000,0.000000
0.000000,0.000000,0.000000,0.000000
0.000000,0.000000,0.000000,0.000000
0.000000,0.000000,0.000000,0.000000
0.000000,0.000000,0.000000,0.000000
0.000000,0.000000,0.000000,0.000000
0.000000,0.000000,0.000000,0.000000
0.000000,0.000000,0.000000,0.000000
0.000000,0.000000,0.000000,0.000000
0.000000,0.000000,0.000000,0.000000
0.000000,0.000000,0.000000,0.000000
0.000000,0.000000,0.000000,0.000000
0.000000,0.000000,0.000000,0.000000
0.000000,0.000000,0.000000,0.000000
0.000000,0.000000,0.000000,0.000000
0.000000,0.000000,0.000000,0.000000
0.000000,0.000000,0.000000,0.000000
0.000000,0.000000,0.000000,0.000000
0.000000,0.000000,0.000000,0.000000
0.000000,0.000000,0.000000,0.000000
0.000000,0.000000,0.000000,0.000000
0.000000,0.000000,0.000000,0.000000
0.000000,0.000000,0.000000,0.000000
0.000000,0.000000,0.000000,0.000000
0.000000,0.000000,0.000000,0.000000
0.000000,0.000000,0.000000,0.000000
0.000000,0.000000,0.000000,0.000000
0.000000,0.000000,0.000000,0.000000
0.000000,0.000000,0.000000,0.000000
0.000000,0.000000,0.000000,0.000000
0.000000,0.000000,0.000000,0.000000
0.000000,0.000000,0.000000,0.000000
0.000000,0.000000,0.000000,0.000000
0.000000,0.000000,0.000000,0.000000
0.000000,0.000000,0.000000,0.000000
0.000000,0.000000,0.000000,0.000000
0.000000,0.000000,0.000000,0.000000
0.000000,0.000000,0.000000,0.000000
0.000000,0.000000,0.000000,0.000000
0.000000,0.000000,0.000000,0.000000
0.000000,0.000000,0.000000,0.000000
0.000000,0.000000,0.000000,0.000000
0.000000,0.000000,0.000000,0.000000
0.000000,0.000000,0.000000,0.000000
0.000000,0.000000,0.000000,0.000000
0.000000,0.000000,0.000000,0.000000
0.000000,0.000000,0.000000,0.000000
0.000000,0.000000,0.000000,0.000000
0.000000,0.000000,0.000000,0.000000
0.000000,0.000000,0.000000,0.000000
0.000000,0.000000,0.000000,0.000000
0.000000,0.000000,0.000000,0.000000
0.000000,0.000000,0.000000,0.000000
0.000000,0.000000,0.000000,0.000000
0.000000,0.000000,0.000000,0.000000
0.000000,0.000000,0.000000,0.000000
0.000000,0.000000,0.000000,0.000000
0.000000,0.000000,0.000000,0.000000
0.000000,0.000000,0.000000,0.000000
0.000000,0.000000,0.000000,0.000000
0.000000,0.000000,0.000000,0.000000
0.000000,0.000000,0.000000,0.000000
0.000000,0.000000,0.000000,0.000000
0.000000,0.000000,0.000000,0.000000
0.000000,0.000000,0.000000,0.000000
0.000000,0.000000,0.000000,0.000000
0.000000,0.000000,0.000000,0.000000
0.000000,0.000000,0.000000,0.000000
0.000000,0.000000,0.000000,0.000000
0.000000,0.000000,0.000000,0.000000
0.000000,0.000000,0.000000,0.000000
0.000000,0.000000,0.000000,0.000000
0.000000,0.000000,0.000000,0.000000
0.000000,0.000000,0.000000,0.000000
0.000000,0.000000,0.000000,0.000000
0.000000,0.000000,0.000000,0.000000
0.000000,0.000000,0.000000,0.000000
0.000000,0.000000,0.000000,0.000000
0.000000,0.000000,0.000000,0.000000
0.000000,0.000000,0.000000,0.000000
0.000000,0.000000,0.000000,0.000000
0.000000,0.000000,0.000000,0.000000
0.000000,0.000000,0.000000,0.000000
0.000000,0.000000,0.000000,0.000000
0.000000,0.000000,0.000000,0.000000
0.000000,0.000000,0.000000,0.000000
0.000000,0.000000,0.000000,0.000000
0.000000,0.000000,0.000000,0.000000
0.000000,0.000000,0.000000,0.000000
0.000000,0.000000,0.000000,0.000000
0.000000,0.000000,0.000000,0.000000
0.000000,0.000000,0.000000,0.000000
0.000000,0.000000,0.000000,0.000000
0.000000,0.000000,0.000000,0.000000
0.000000,0.000000,0.000000,0.000000
0.000000,0.000000,0.000000,0.000000
0.000000,0.000000,0.000000,0.000000
0.000000,0.000000,0.000000,0.000000
0.000000,0.000000,0.000000,0.000000
0.000000,0.000000,0.000000,0.000000
0.000000,0.000000,0.000000,0.000000
0.000000,0.000000,0.000000,0.000000
0.000000,0.000000,0.000000,0.000000
0.000000,0.000000,0.000000,0.000000
0.000000,0.000000,0.000000,0.000000
0.000000,0.000000,0.000000,0.000000
0.000000,0.000000,0.000000,0.000000
0.000000,0.000000,0.000000,0.000000
0.000000,0.000000,0.000000,0.000000
0.000000,0.000000,0.000000,0.000000
0.000000,0.000000,0.000000,0.000000
0.000000,0.000000,0.000000,0.000000
0.000000,0.000000,0.000000,0.000000
0.000000,0.000000,0.000000,0.000000
0.000000,0.000000,0.000000,0.000000
0.000000,0.000000,0.000000,0.000000
0.000000,0.000000,0.000000,0.000000
0.000000,0.000000,0.000000,0.000000
0.000000,0.000000,0.000000,0.000000
0.000000,0.000000,0.000000,0.000000
0.000000,0.000000,0.000000,0.000000
0.000000,0.000000,0.000000,0.000000
0.000000,0.000000,0.000000,0.000000
0.000000,0.000000,0.000000,0.000000
0.000000,0.000000,0.000000,0.000000
0.000000,0.000000,0.000000,0.000000
0.000000,0.000000,0.000000,0.000000
0.000000,0.000000,0.000000,0.000000
0.000000,0.000000,0.000000,0.000000
0.000000,0.000000,0.000000,0.000000
0.000000,0.000000,0.000000,0.000000
0.000000,0.000000,0.000000,0.000000
0.000000,0.000000,0.000000,0.000000
0.000000,0.000000,0.000000,0.000000
0.000000,0.000000,0.000000,0.000000
0.000000,0.000000,0.000000,0.000000
0.000000,0.000000,0.000000,0.000000
0.000000,0.000000,0.000000,0.000000
0.000000,0.000000,0.000000,0.000000
0.000000,0.000000,0.000000,0.000000
0.000000,0.000000,0.000000,0.000000
0.000000,0.000000,0.000000,0.000000
0.000000,0.000000,0.000000,0.000000
0.000000,0.000000,0.000000,0.000000
0.000000,0.000000,0.000000,0.000000
0.000000,0.000000,0.000000,0.000000
0.000000,0.000000,0.000000,0.000000
0.000000,0.000000,0.000000,0.000000
0.000000,0.000000,0.000000,0.000000
0.000000,0.000000,0.000000,0.000000
0.000000,0.000000,0.000000,0.000000
0.000000,0.000000,0.000000,0.000000
0.000000,0.000000,0.000000,0.000000
0.000000,0.000000,0.000000,0.000000
0.000000,0.000000,0.000000,0.000000
0.000000,0.000000,0.000000,0.000000
0.000000,0.000000,0.000000,0.000000
0.000000,0.000000,0.000000,0.000000
0.000000,0.000000,0.000000,0.000000
0.000000,0.000000,0.000000,0.000000
0.000000,0.000000,0.000000,0.000000
0.000000,0.000000,0.000000,0.000000
0.000000,0.000000,0.000000,0.000000
0.000000,0.000000,0.000000,0.000000
0.000000,0.000000,0.000000,0.000000
0.000000,0.000000,0.000000,0.000000
0.000000,0.000000,0.000000,0.000000
0.000000,0.000000,0.000000,0.000000
0.000000,0.000000,0.000000,0.000000
0.000000,0.000000,0.000000,0.000000
0.000000,0.000000,0.000000,0.000000
0.000000,0.000000,0.000000,0.000000
0.000000,0.000000,0.000000,0.000000
0.000000,0.000000,0.000000,0.000000
0.000000,0.000000,0.000000,0.000000
0.000000,0.000000,0.000000,0.000000
0.000000,0.000000,0.000000,0.000000
0.000000,0.000000,0.000000,0.000000
0.000000,0.000000,0.000000,0.000000
0.000000,0.000000,0.000000,0.000000
0.000000,0.000000,0.000000,0.000000
0.000000,0.000000,0.000000,0.000000
0.000000,0.000000,0.000000,0.000000
0.000000,0.000000,0.000000,0.000000
0.000000,0.000000,0.000000,0.000000
0.000000,0.000000,0.000000,0.000000
0.000000,0.000000,0.000000,0.000000
0.000000,0.000000,0.000000,0.000000
0.000000,0.000000,0.000000,0.000000
0.000000,0.000000,0.000000,0.000000
0.000000,0.000000,0.000000,0.000000
0.000000,0.000000,0.000000,0.000000
0.000000,0.000000,0.000000,0.000000
0.000000,0.000000,0.000000,0.000000
0.000000,0.000000,0.000000,0.000000
0.000000,0.000000,0.000000,0.000000
0.000000,0.000000,0.000000,0.000000
0.000000,0.000000,0.000000,0.000000
0.000000,0.000000,0.000000,0.000000
0.000000,0.000000,0.000000,0.000000
0.000000,0.000000,0.000000,0.000000
0.000000,0.000000,0.000000,0.000000
0.000000,0.000000,0.000000,0.000000
0.000000,0.000000,0.000000,0.000000
0.000000,0.000000,0.000000,0.000000
0.000000,0.000000,0.000000,0.000000
0.000000,0.000000,0.000000,0.000000
0.000000,0.000000,0.000000,0.000000
0.000000,0.000000,0.000000,0.000000
0.000000,0.000000,0.000000,0.000000
0.000000,0.000000,0.000000,0.000000
0.000000,0.000000,0.000000,0.000000
0.000000,0.000000,0.000000,0.000000
0.000000,0.000000,0.000000,0.000000
0.000000,0.000000,0.000000,0.000000
0.000000,0.000000,0.000000,0.000000
0.000000,0.000000,0.000000,0.000000
0.000000,0.000000,0.000000,0.000000
0.000000,0.000000,0.000000,0.000000
0.000000,0.000000,0.000000,0.000000
0.000000,0.000000,0.000000,0.000000
0.000000,0.000000,0.000000,0.000000
0.000000,0.000000,0.000000,0.000000
0.000000,0.000000,0.000000,0.000000
0.000000,0.000000,0.000000,0.000000
0.000000,0.000000,0.000000,0.000000
0.000000,0.000000,0.000000,0.000000
0.000000,0.000000,0.000000,0.000000
0.000000,0.000000,0.000000,0.000000
0.000000,0.000000,0.000000,0.000000
0.000000,0.000000,0.000000,0.000000
0.000000,0.000000,0.000000,0.000000
0.000000,0.000000,0.000000,0.000000
0.000000,0.000000,0.000000,0.000000
0.000000,0.000000,0.000000,0.000000
0.000000,0.000000,0.000000,0.000000
0.000000,0.000000,0.000000,0.000000
0.000000,0.000000,0.000000,0.000000
0.000000,0.000000,0.000000,0.000000
0.000000,0.000000,0.000000,0.000000
0.000000,0.000000,0.000000,0.000000
0.000000,0.000000,0.000000,0.000000
0.000000,0.000000,0.000000,0.000000
0.000000,0.000000,0.000000,0.000000
0.000000,0.000000,0.000000,0.000000
0.000000,0.000000,0.000000,0.000000
0.000000,0.000000,0.000000,0.000000
0.000000,0.000000,0.000000,0.000000
0.000000,0.000000,0.000000,0.000000
0.000000,0.000000,0.000000,0.000000
0.000000,0.000000,0.000000,0.000000
0.000000,0.000000,0.000000,0.000000
0.000000,0.000000,0.000000,0.000000
0.000000,0.000000,0.000000,0.000000
0.000000,0.000000,0.000000,0.000000
0.000000,0.000000,0.000000,0.000000
0.000000,0.000000,0.000000,0.000000
0.000000,0.000000,0.000000,0.000000
0.000000,0.000000,0.000000,0.000000
0.000000,0.000000,0.000000,0.000000
0.000000,0.000000,0.000000,0.000000
0.000000,0.000000,0.000000,0.000000
0.000000,0.000000,0.000000,0.000000
0.000000,0.000000,0.000000,0.000000
0.000000,0.000000,0.000000,0.000000
0.000000,0.000000,0.000000,0.000000
0.000000,0.000000,0.000000,0.000000
0.000000,0.000000,0.000000,0.000000
0.000000,0.000000,0.000000,0.000000
0.000000,0.000000,0.000000,0.000000
0.000000,0.000000,0.000000,0.000000
0.000000,0.000000,0.000000,0.000000
0.000000,0.000000,0.000000,0.000000
0.000000,0.000000,0.000000,0.000000
0.000000,0.000000,0.000000,0.000000
0.000000,0.000000,0.000000,0.000000
0.000000,0.000000,0.000000,0.000000
0.000000,0.000000,0.000000,0.000000
0.000000,0.000000,0.000000,0.000000
0.000000,0.000000,0.000000,0.000000
0.000000,0.000000,0.000000,0.000000
0.000000,0.000000,0.000000,0.000000
0.000000,0.000000,0.000000,0.000000
0.000000,0.000000,0.000000,0.000000
0.000000,0.000000,0.000000,0.000000
0.000000,0.000000,0.000000,0.000000
0.000000,0.000000,0.000000,0.000000
0.000000,0.000000,0.000000,0.000000
0.000000,0.000000,0.000000,0.000000
0.000000,0.000000,0.000000,0.000000
0.000000,0.000000,0.000000,0.000000
0.000000,0.000000,0.000000,0.000000
0.000000,0.000000,0.000000,0.000000
0.000000,0.000000,0.000000,0.000000
0.000000,0.000000,0.000000,0.000000
0.000000,0.000000,0.000000,0.000000
0.000000,0.000000,0.000000,0.000000
0.000000,0.000000,0.000000,0.000000
0.000000,0.000000,0.000000,0.000000
0.000000,0.000000,0.000000,0.000000
0.000000,0.000000,0.000000,0.000000
0.000000,0.000000,0.000000,0.000000
0.000000,0.000000,0.000000,0.000000
0.000000,0.000000,0.000000,0.000000
0.000000,0.000000,0.000000,0.000000
0.000000,0.000000,0.000000,0.000000
0.000000,0.000000,0.000000,0.000000
0.000000,0.000000,0.000000,0.000000
0.000000,0.000000,0.000000,0.000000
0.000000,0.000000,0.000000,0.000000
0.000000,0.000000,0.000000,0.000000
0.000000,0.000000,0.000000,0.000000
0.000000,0.000000,0.000000,0.000000
0.000000,0.000000,0.000000,0.000000
0.000000,0.000000,0.000000,0.000000
0.000000,0.000000,0.000000,0.000000
0.000000,0.000000,0.000000,0.000000
0.000000,0.000000,0.000000,0.000000
0.000000,0.000000,0.000000,0.000000
0.000000,0.000000,0.000000,0.000000
0.000000,0.000000,0.000000,0.000000
0.000000,0.000000,0.000000,0.000000
0.000000,0.000000,0.000000,0.000000
0.000000,0.000000,0.000000,0.000000
0.000000,0.000000,0.000000,0.000000
0.000000,0.000000,0.000000,0.000000
0.000000,0.000000,0.000000,0.000000
0.000000,0.000000,0.000000,0.000000
0.000000,0.000000,0.000000,0.000000
0.000000,0.000000,0.000000,0.000000
0.000000,0.000000,0.000000,0.000000
0.000000,0.000000,0.000000,0.000000
0.000000,0.000000,0.000000,0.000000
0.000000,0.000000,0.000000,0.000000
0.000000,0.000000,0.000000,0.000000
0.000000,0.000000,0.000000,0.000000
0.000000,0.000000,0.000000,0.000000
0.000000,0.000000,0.000000,0.000000
0.000000,0.000000,0.000000,0.000000
0.000000,0.000000,0.000000,0.000000
0.000000,0.000000,0.000000,0.000000
0.000000,0.000000,0.000000,0.000000
0.000000,0.000000,0.000000,0.000000
0.000000,0.000000,0.000000,0.000000
0.000000,0.000000,0.000000,0.000000
0.000000,0.000000,0.000000,0.000000
0.000000,0.000000,0.000000,0.000000
0.000000,0.000000,0.000000,0.000000
0.000000,0.000000,0.000000,0.000000
0.000000,0.000000,0.000000,0.000000
0.000000,0.000000,0.000000,0.000000
0.000000,0.000000,0.000000,0.000000
0.000000,0.000000,0.000000,0.000000
0.000000,0.000000,0.000000,0.000000
0.000000,0.000000,0.000000,0.000000
0.000000,0.000000,0.000000,0.000000
0.000000,0.000000,0.000000,0.000000
0.000000,0.000000,0.000000,0.000000
0.000000,0.000000,0.000000,0.000000
0.000000,0.000000,0.000000,0.000000
0.000000,0.000000,0.000000,0.000000
0.000000,0.000000,0.000000,0.000000
0.000000,0.000000,0.000000,0.000000
0.000000,0.000000,0.000000,0.000000
0.000000,0.000000,0.000000,0.000000
0.000000,0.000000,0.000000,0.000000
0.000000,0.000000,0.000000,0.000000
0.000000,0.000000,0.000000,0.000000
0.000000,0.000000,0.000000,0.000000
0.000000,0.000000,0.000000,0.000000
0.000000,0.000000,0.000000,0.000000
0.000000,0.000000,0.000000,0.000000
0.000000,0.000000,0.000000,0.000000
0.000000,0.000000,0.000000,0.000000
0.000000,0.000000,0.000000,0.000000
0.000000,0.000000,0.000000,0.000000
0.000000,0.000000,0.000000,0.000000
0.000000,0.000000,0.000000,0.000000
0.000000,0.000000,0.000000,0.000000
0.000000,0.000000,0.000000,0.000000
0.000000,0.000000,0.000000,0.000000
0.000000,0.000000,0.000000,0.000000
0.000000,0.000000,0.000000,0.000000
0.000000,0.000000,0.000000,0.000000
0.000000,0.000000,0.000000,0.000000
0.000000,0.000000,0.000000,0.000000
0.000000,0.000000,0.000000,0.000000
0.000000,0.000000,0.000000,0.000000
0.000000,0.000000,0.000000,0.000000
0.000000,0.000000,0.000000,0.000000
0.000000,0.000000,0.000000,0.000000
0.000000,0.000000,0.000000,0.000000
0.000000,0.000000,0.000000,0.000000
0.000000,0.000000,0.000000,0.000000
0.000000,0.000000,0.000000,0.000000
0.000000,0.000000,0.000000,0.000000
0.000000,0.000000,0.000000,0.000000
0.000000,0.000000,0.000000,0.000000
0.000000,0.000000,0.000000,0.000000
0.000000,0.000000,0.000000,0.000000
0.000000,0.000000,0.000000,0.000000
0.000000,0.000000,0.000000,0.000000
0.000000,0.000000,0.000000,0.000000
0.000000,0.000000,0.000000,0.000000
0.000000,0.000000,0.000000,0.000000
0.000000,0.000000,0.000000,0.000000
0.000000,0.000000,0.000000,0.000000
0.000000,0.000000,0.000000,0.000000
0.000000,0.000000,0.000000,0.000000
0.000000,0.000000,0.000000,0.000000
0.000000,0.000000,0.000000,0.000000
0.000000,0.000000,0.000000,0.000000
0.000000,0.000000,0.000000,0.000000
0.000000,0.000000,0.000000,0.000000
0.000000,0.000000,0.000000,0.000000
0.000000,0.000000,0.000000,0.000000
0.000000,0.000000,0.000000,0.000000
0.000000,0.000000,0.000000,0.000000
0.000000,0.000000,0.000000,0.000000
0.000000,0.000000,0.000000,0.000000
0.000000,0.000000,0.000000,0.000000
0.000000,0.000000,0.000000,0.000000
0.000000,0.000000,0.000000,0.000000
0.000000,0.000000,0.000000,0.000000
0.000000,0.000000,0.000000,0.000000
0.000000,0.000000,0.000000,0.000000
0.000000,0.000000,0.000000,0.000000
0.000000,0.000000,0.000000,0.000000
0.000000,0.000000,0.000000,0.000000
0.000000,0.000000,0.000000,0.000000
0.000000,0.000000,0.000000,0.000000
0.000000,0.000000,0.000000,0.000000
0.000000,0.000000,0.000000,0.000000
0.000000,0.000000,0.000000,0.000000
0.000000,0.000000,0.000000,0.000000
0.000000,0.000000,0.000000,0.000000
0.000000,0.000000,0.000000,0.000000
0.000000,0.000000,0.000000,0.000000
0.000000,0.000000,0.000000,0.000000
0.000000,0.000000,0.000000,0.000000
0.000000,0.000000,0.000000,0.000000
0.000000,0.000000,0.000000,0.000000
0.000000,0.000000,0.000000,0.000000
0.000000,0.000000,0.000000,0.000000
0.000000,0.000000,0.000000,0.000000
0.000000,0.000000,0.000000,0.000000
0.000000,0.000000,0.000000,0.000000
0.000000,0.000000,0.000000,0.000000
0.000000,0.000000,0.000000,0.000000
0.000000,0.000000,0.000000,0.000000
0.000000,0.000000,0.000000,0.000000
0.000000,0.000000,0.000000,0.000000
0.000000,0.000000,0.000000,0.000000
0.000000,0.000000,0.000000,0.000000
0.000000,0.000000,0.000000,0.000000
0.000000,0.000000,0.000000,0.000000
0.000000,0.000000,0.000000,0.000000
0.000000,0.000000,0.000000,0.000000
0.000000,0.000000,0.000000,0.000000
0.000000,0.000000,0.000000,0.000000
0.000000,0.000000,0.000000,0.000000
0.000000,0.000000,0.000000,0.000000
0.000000,0.000000,0.000000,0.000000
0.000000,0.000000,0.000000,0.000000
0.000000,0.000000,0.000000,0.000000
0.000000,0.000000,0.000000,0.000000
0.000000,0.000000,0.000000,0.000000
0.000000,0.000000,0.000000,0.000000
0.000000,0.000000,0.000000,0.000000
0.000000,0.000000,0.000000,0.000000
0.000000,0.000000,0.000000,0.000000
0.000000,0.000000,0.000000,0.000000
0.000000,0.000000,0.000000,0.000000
0.000000,0.000000,0.000000,0.000000
0.000000,0.000000,0.000000,0.000000
0.000000,0.000000,0.000000,0.000000
0.000000,0.000000,0.000000,0.000000
0.000000,0.000000,0.000000,0.000000
0.000000,0.000000,0.000000,0.000000
0.000000,0.000000,0.000000,0.000000
0.000000,0.000000,0.000000,0.000000
0.000000,0.000000,0.000000,0.000000
0.000000,0.000000,0.000000,0.000000
0.000000,0.000000,0.000000,0.000000
0.000000,0.000000,0.000000,0.000000
0.000000,0.000000,0.000000,0.000000
0.000000,0.000000,0.000000,0.000000
0.000000,0.000000,0.000000,0.000000
0.000000,0.000000,0.000000,0.000000
0.000000,0.000000,0.000000,0.000000
0.000000,0.000000,0.000000,0.000000
0.000000,0.000000,0.000000,0.000000
0.000000,0.000000,0.000000,0.000000
0.000000,0.000000,0.000000,0.000000
0.000000,0.000000,0.000000,0.000000
0.000000,0.000000,0.000000,0.000000
0.000000,0.000000,0.000000,0.000000
0.000000,0.000000,0.000000,0.000000
0.000000,0.000000,0.000000,0.000000
0.000000,0.000000,0.000000,0.000000
0.000000,0.000000,0.000000,0.000000
0.000000,0.000000,0.000000,0.000000
0.000000,0.000000,0.000000,0.000000
0.000000,0.000000,0.000000,0.000000
0.000000,0.000000,0.000000,0.000000
0.000000,0.000000,0.000000,0.000000
0.000000,0.000000,0.000000,0.000000
0.000000,0.000000,0.000000,0.000000
0.000000,0.000000,0.000000,0.000000
0.000000,0.000000,0.000000,0.000000
0.000000,0.000000,0.000000,0.000000
0.000000,0.000000,0.000000,0.000000
0.000000,0.000000,0.000000,0.000000
0.000000,0.000000,0.000000,0.000000
0.000000,0.000000,0.000000,0.000000
0.000000,0.000000,0.000000,0.000000
0.000000,0.000000,0.000000,0.000000
0.000000,0.000000,0.000000,0.000000
0.000000,0.000000,0.000000,0.000000
0.000000,0.000000,0.000000,0.000000
0.000000,0.000000,0.000000,0.000000
0.000000,0.000000,0.000000,0.000000
0.000000,0.000000,0.000000,0.000000
0.000000,0.000000,0.000000,0.000000
0.000000,0.000000,0.000000,0.000000
0.000000,0.000000,0.000000,0.000000
0.000000,0.000000,0.000000,0.000000
0.000000,0.000000,0.000000,0.000000
0.000000,0.000000,0.000000,0.000000
0.000000,0.000000,0.000000,0.000000
0.000000,0.000000,0.000000,0.000000
0.000000,0.000000,0.000000,0.000000
0.000000,0.000000,0.000000,0.000000
0.000000,0.000000,0.000000,0.000000
0.000000,0.000000,0.000000,0.000000
0.000000,0.000000,0.000000,0.000000
0.000000,0.000000,0.000000,0.000000
0.000000,0.000000,0.000000,0.000000
0.000000,0.000000,0.000000,0.000000
0.000000,0.000000,0.000000,0.000000
0.000000,0.000000,0.000000,0.000000
0.000000,0.000000,0.000000,0.000000
0.000000,0.000000,0.000000,0.000000
0.000000,0.000000,0.000000,0.000000
0.000000,0.000000,0.000000,0.000000
0.000000,0.000000,0.000000,0.000000
0.000000,0.000000,0.000000,0.000000
0.000000,0.000000,0.000000,0.000000
0.000000,0.000000,0.000000,0.000000
0.000000,0.000000,0.000000,0.000000
0.000000,0.000000,0.000000,0.000000
0.000000,0.000000,0.000000,0.000000
0.000000,0.000000,0.000000,0.000000
0.000000,0.000000,0.000000,0.000000
0.000000,0.000000,0.000000,0.000000
0.000000,0.000000,0.000000,0.000000
0.000000,0.000000,0.000000,0.000000
0.000000,0.000000,0.000000,0.000000
0.000000,0.000000,0.000000,0.000000
0.000000,0.000000,0.000000,0.000000
0.000000,0.000000,0.000000,0.000000
0.000000,0.000000,0.000000,0.000000
0.000000,0.000000,0.000000,0.000000
0.000000,0.000000,0.000000,0.000000
0.000000,0.000000,0.000000,0.000000
0.000000,0.000000,0.000000,0.000000
0.000000,0.000000,0.000000,0.000000
0.000000,0.000000,0.000000,0.000000
0.000000,0.000000,0.000000,0.000000
0.000000,0.000000,0.000000,0.000000
0.000000,0.000000,0.000000,0.000000
0.000000,0.000000,0.000000,0.000000
0.000000,0.000000,0.000000,0.000000
0.000000,0.000000,0.000000,0.000000
0.000000,0.000000,0.000000,0.000000
0.000000,0.000000,0.000000,0.000000
0.000000,0.000000,0.000000,0.000000
0.000000,0.000000,0.000000,0.000000
0.000000,0.000000,0.000000,0.000000
0.000000,0.000000,0.000000,0.000000
0.000000,0.000000,0.000000,0.000000
0.000000,0.000000,0.000000,0.000000
0.000000,0.000000,0.000000,0.000000
0.000000,0.000000,0.000000,0.000000
0.000000,0.000000,0.000000,0.000000
0.000000,0.000000,0.000000,0.000000
0.000000,0.000000,0.000000,0.000000
0.000000,0.000000,0.000000,0.000000
0.000000,0.000000,0.000000,0.000000
0.000000,0.000000,0.000000,0.000000
0.000000,0.000000,0.000000,0.000000
0.000000,0.000000,0.000000,0.000000
0.000000,0.000000,0.000000,0.000000
0.000000,0.000000,0.000000,0.000000
0.000000,0.000000,0.000000,0.000000
0.000000,0.000000,0.000000,0.000000
0.000000,0.000000,0.000000,0.000000
0.000000,0.000000,0.000000,0.000000
0.000000,0.000000,0.000000,0.000000
0.000000,0.000000,0.000000,0.000000
0.000000,0.000000,0.000000,0.000000
0.000000,0.000000,0.000000,0.000000
0.000000,0.000000,0.000000,0.000000
0.000000,0.000000,0.000000,0.000000
0.000000,0.000000,0.000000,0.000000
0.000000,0.000000,0.000000,0.000000
0.000000,0.000000,0.000000,0.000000
0.000000,0.000000,0.000000,0.000000
0.000000,0.000000,0.000000,0.000000
0.000000,0.000000,0.000000,0.000000
0.000000,0.000000,0.000000,0.000000
0.000000,0.000000,0.000000,0.000000
0.000000,0.000000,0.000000,0.000000
0.000000,0.000000,0.000000,0.000000
0.000000,0.000000,0.000000,0.000000
0.000000,0.000000,0.000000,0.000000
0.000000,0.000000,0.000000,0.000000
0.000000,0.000000,0.000000,0.000000
0.000000,0.000000,0.000000,0.000000
0.000000,0.000000,0.000000,0.000000
0.000000,0.000000,0.000000,0.000000
0.000000,0.000000,0.000000,0.000000
0.000000,0.000000,0.000000,0.000000
0.000000,0.000000,0.000000,0.000000
0.000000,0.000000,0.000000,0.000000
0.000000,0.000000,0.000000,0.000000
0.000000,0.000000,0.000000,0.000000
0.000000,0.000000,0.000000,0.000000
0.000000,0.000000,0.000000,0.000000
0.000000,0.000000,0.000000,0.000000
0.000000,0.000000,0.000000,0.000000
0.000000,0.000000,0.000000,0.000000
0.000000,0.000000,0.000000,0.000000
0.000000,0.000000,0.000000,0.000000
0.000000,0.000000,0.000000,0.000000
0.000000,0.000000,0.000000,0.000000
0.000000,0.000000,0.000000,0.000000
0.000000,0.000000,0.000000,0.000000
0.000000,0.000000,0.000000,0.000000
0.000000,0.000000,0.000000,0.000000
0.000000,0.000000,0.000000,0.000000
0.000000,0.000000,0.000000,0.000000
0.000000,0.000000,0.000000,0.000000
0.000000,0.000000,0.000000,0.000000
0.000000,0.000000,0.000000,0.000000
0.000000,0.000000,0.000000,0.000000
0.000000,0.000000,0.000000,0.000000
0.000000,0.000000,0.000000,0.000000
0.000000,0.000000,0.000000,0.000000
0.000000,0.000000,0.000000,0.000000
0.000000,0.000000,0.000000,0.000000
0.000000,0.000000,0.000000,0.000000
0.000000,0.000000,0.000000,0.000000
0.000000,0.000000,0.000000,0.000000
0.000000,0.000000,0.000000,0.000000
0.000000,0.000000,0.000000,0.000000
0.000000,0.000000,0.000000,0.000000
0.000000,0.000000,0.000000,0.000000
0.000000,0.000000,0.000000,0.000000
0.000000,0.000000,0.000000,0.000000
0.000000,0.000000,0.000000,0.000000
0.000000,0.000000,0.000000,0.000000
0.000000,0.000000,0.000000,0.000000
0.000000,0.000000,0.000000,0.000000
0.000000,0.000000,0.000000,0.000000
0.000000,0.000000,0.000000,0.000000
0.000000,0.000000,0.000000,0.000000
0.000000,0.000000,0.000000,0.000000
0.000000,0.000000,0.000000,0.000000
0.000000,0.000000,0.000000,0.000000
0.000000,0.000000,0.000000,0.000000
0.000000,0.000000,0.000000,0.000000
0.000000,0.000000,0.000000,0.000000
0.000000,0.000000,0.000000,0.000000
0.000000,0.000000,0.000000,0.000000
0.000000,0.000000,0.000000,0.000000
0.000000,0.000000,0.000000,0.000000
0.000000,0.000000,0.000000,0.000000
0.000000,0.000000,0.000000,0.000000
0.000000,0.000000,0.000000,0.000000
0.000000,0.000000,0.000000,0.000000
0.000000,0.000000,0.000000,0.000000
0.000000,0.000000,0.000000,0.000000
0.000000,0.000000,0.000000,0.000000
0.000000,0.000000,0.000000,0.000000
0.000000,0.000000,0.000000,0.000000
0.000000,0.000000,0.000000,0.000000
0.000000,0.000000,0.000000,0.000000
0.000000,0.000000,0.000000,0.000000
0.000000,0.000000,0.000000,0.000000
0.000000,0.000000,0.000000,0.000000
0.000000,0.000000,0.000000,0.000000
0.000000,0.000000,0.000000,0.000000
0.000000,0.000000,0.000000,0.000000
0.000000,0.000000,0.000000,0.000000
0.000000,0.000000,0.000000,0.000000
0.000000,0.000000,0.000000,0.000000
0.000000,0.000000,0.000000,0.000000
0.000000,0.000000,0.000000,0.000000
0.000000,0.000000,0.000000,0.000000
0.000000,0.000000,0.000000,0.000000
0.000000,0.000000,0.000000,0.000000
0.000000,0.000000,0.000000,0.000000
0.000000,0.000000,0.000000,0.000000
0.000000,0.000000,0.000000,0.000000
0.000000,0.000000,0.000000,0.000000
0.000000,0.000000,0.000000,0.000000
0.000000,0.000000,0.000000,0.000000
0.000000,0.000000,0.000000,0.000000
0.000000,0.000000,0.000000,0.000000
0.000000,0.000000,0.000000,0.000000
0.000000,0.000000,0.000000,0.000000
0.000000,0.000000,0.000000,0.000000
0.000000,0.000000,0.000000,0.000000
0.000000,0.000000,0.000000,0.000000
0.000000,0.000000,0.000000,0.000000
0.000000,0.000000,0.000000,0.000000
0.000000,0.000000,0.000000,0.000000
0.000000,0.000000,0.000000,0.000000
0.000000,0.000000,0.000000,0.000000
0.000000,0.000000,0.000000,0.000000
0.000000,0.000000,0.000000,0.000000
0.000000,0.000000,0.000000,0.000000
0.000000,0.000000,0.000000,0.000000
0.000000,0.000000,0.000000,0.000000
0.000000,0.000000,0.000000,0.000000
0.000000,0.000000,0.000000,0.000000
0.000000,0.000000,0.000000,0.000000
0.000000,0.000000,0.000000,0.000000
0.000000,0.000000,0.000000,0.000000
0.000000,0.000000,0.000000,0.000000
0.000000,0.000000,0.000000,0.000000
0.000000,0.000000,0.000000,0.000000
0.000000,0.000000,0.000000,0.000000
0.000000,0.000000,0.000000,0.000000
0.000000,0.000000,0.000000,0.000000
0.000000,0.000000,0.000000,0.000000
0.000000,0.000000,0.000000,0.000000
0.000000,0.000000,0.000000,0.000000
0.000000,0.000000,0.000000,0.000000
0.000000,0.000000,0.000000,0.000000
0.000000,0.000000,0.000000,0.000000
0.000000,0.000000,0.000000,0.000000
0.000000,0.000000,0.000000,0.000000
0.000000,0.000000,0.000000,0.000000
0.000000,0.000000,0.000000,0.000000
0.000000,0.000000,0.000000,0.000000
0.000000,0.000000,0.000000,0.000000
0.000000,0.000000,0.000000,0.000000
0.000000,0.000000,0.000000,0.000000
0.000000,0.000000,0.000000,0.000000
0.000000,0.000000,0.000000,0.000000
0.000000,0.000000,0.000000,0.000000
0.000000,0.000000,0.000000,0.000000
0.000000,0.000000,0.000000,0.000000
0.000000,0.000000,0.000000,0.000000
0.000000,0.000000,0.000000,0.000000
0.000000,0.000000,0.000000,0.000000
0.000000,0.000000,0.000000,0.000000
0.000000,0.000000,0.000000,0.000000
0.000000,0.000000,0.000000,0.000000
0.000000,0.000000,0.000000,0.000000
0.000000,0.000000,0.000000,0.000000
0.000000,0.000000,0.000000,0.000000
0.000000,0.000000,0.000000,0.000000
0.000000,0.000000,0.000000,0.000000
0.000000,0.000000,0.000000,0.000000
0.000000,0.000000,0.000000,0.000000
0.000000,0.000000,0.000000,0.000000
0.000000,0.000000,0.000000,0.000000
0.000000,0.000000,0.000000,0.000000
0.000000,0.000000,0.000000,0.000000
0.000000,0.000000,0.000000,0.000000
0.000000,0.000000,0.000000,0.000000
0.000000,0.000000,0.000000,0.000000
0.000000,0.000000,0.000000,0.000000
0.000000,0.000000,0.000000,0.000000
0.000000,0.000000,0.000000,0.000000
0.000000,0.000000,0.000000,0.000000
0.000000,0.000000,0.000000,0.000000
0.000000,0.000000,0.000000,0.000000
0.000000,0.000000,0.000000,0.000000
0.000000,0.000000,0.000000,0.000000
0.000000,0.000000,0.000000,0.000000
0.000000,0.000000,0.000000,0.000000
0.000000,0.000000,0.000000,0.000000
0.000000,0.000000,0.000000,0.000000
0.000000,0.000000,0.000000,0.000000
0.000000,0.000000,0.000000,0.000000
0.000000,0.000000,0.000000,0.000000
0.000000,0.000000,0.000000,0.000000
0.000000,0.000000,0.000000,0.000000
0.000000,0.000000,0.000000,0.000000
0.000000,0.000000,0.000000,0.000000
0.000000,0.000000,0.000000,0.000000
0.000000,0.000000,0.000000,0.000000
0.000000,0.000000,0.000000,0.000000
0.000000,0.000000,0.000000,0.000000
0.000000,0.000000,0.000000,0.000000
0.000000,0.000000,0.000000,0.000000
0.000000,0.000000,0.000000,0.000000
0.000000,0.000000,0.000000,0.000000
0.000000,0.000000,0.000000,0.000000
0.000000,0.000000,0.000000,0.000000
0.000000,0.000000,0.000000,0.000000
0.000000,0.000000,0.000000,0.000000
0.000000,0.000000,0.000000,0.000000
0.000000,0.000000,0.000000,0.000000
0.000000,0.000000,0.000000,0.000000
0.000000,0.000000,0.000000,0.000000
0.000000,0.000000,0.000000,0.000000
0.000000,0.000000,0.000000,0.000000
0.000000,0.000000,0.000000,0.000000
0.000000,0.000000,0.000000,0.000000
0.000000,0.000000,0.000000,0.000000
0.000000,0.000000,0.000000,0.000000
0.000000,0.000000,0.000000,0.000000
0.000000,0.000000,0.000000,0.000000
0.000000,0.000000,0.000000,0.000000
0.000000,0.000000,0.000000,0.000000
0.000000,0.000000,0.000000,0.000000
0.000000,0.000000,0.000000,0.000000
0.000000,0.000000,0.000000,0.000000
0.000000,0.000000,0.000000,0.000000
0.000000,0.000000,0.000000,0.000000
0.000000,0.000000,0.000000,0.000000
0.000000,0.000000,0.000000,0.000000
0.000000,0.000000,0.000000,0.000000
0.000000,0.000000,0.000000,0.000000
0.000000,0.000000,0.000000,0.000000
0.000000,0.000000,0.000000,0.000000
0.000000,0.000000,0.000000,0.000000
0.000000,0.000000,0.000000,0.000000
0.000000,0.000000,0.000000,0.000000
0.000000,0.000000,0.000000,0.000000
0.000000,0.000000,0.000000,0.000000
0.000000,0.000000,0.000000,0.000000
0.000000,0.000000,0.000000,0.000000
0.000000,0.000000,0.000000,0.000000
0.000000,0.000000,0.000000,0.000000
0.000000,0.000000,0.000000,0.000000
0.000000,0.000000,0.000000,0.000000
0.000000,0.000000,0.000000,0.000000
0.000000,0.000000,0.000000,0.000000
0.000000,0.000000,0.000000,0.000000
0.000000,0.000000,0.000000,0.000000
0.000000,0.000000,0.000000,0.000000
0.000000,0.000000,0.000000,0.000000
0.000000,0.000000,0.000000,0.000000
0.000000,0.000000,0.000000,0.000000
0.000000,0.000000,0.000000,0.000000
0.000000,0.000000,0.000000,0.000000
0.000000,0.000000,0.000000,0.000000
0.000000,0.000000,0.000000,0.000000
0.000000,0.000000,0.000000,0.000000
0.000000,0.000000,0.000000,0.000000
0.000000,0.000000,0.000000,0.000000
0.000000,0.000000,0.000000,0.000000
0.000000,0.000000,0.000000,0.000000
0.000000,0.000000,0.000000,0.000000
0.000000,0.000000,0.000000,0.000000
0.000000,0.000000,0.000000,0.000000
0.000000,0.000000,0.000000,0.000000
0.000000,0.000000,0.000000,0.000000
0.000000,0.000000,0.000000,0.000000
0.000000,0.000000,0.000000,0.000000
0.000000,0.000000,0.000000,0.000000
0.000000,0.000000,0.000000,0.000000
0.000000,0.000000,0.000000,0.000000
0.000000,0.000000,0.000000,0.000000
0.000000,0.000000,0.000000,0.000000
0.000000,0.000000,0.000000,0.000000
0.000000,0.000000,0.000000,0.000000
0.000000,0.000000,0.000000,0.000000
0.000000,0.000000,0.000000,0.000000
0.000000,0.000000,0.000000,0.000000
0.000000,0.000000,0.000000,0.000000
0.000000,0.000000,0.000000,0.000000
0.000000,0.000000,0.000000,0.000000
0.000000,0.000000,0.000000,0.000000
0.000000,0.000000,0.000000,0.000000
0.000000,0.000000,0.000000,0.000000
0.000000,0.000000,0.000000,0.000000
0.000000,0.000000,0.000000,0.000000
0.000000,0.000000,0.000000,0.000000
0.000000,0.000000,0.000000,0.000000
0.000000,0.000000,0.000000,0.000000
0.000000,0.000000,0.000000,0.000000
0.000000,0.000000,0.000000,0.000000
0.000000,0.000000,0.000000,0.000000
0.000000,0.000000,0.000000,0.000000
0.000000,0.000000,0.000000,0.000000
0.000000,0.000000,0.000000,0.000000
0.000000,0.000000,0.000000,0.000000
0.000000,0.000000,0.000000,0.000000
0.000000,0.000000,0.000000,0.000000
0.000000,0.000000,0.000000,0.000000
0.000000,0.000000,0.000000,0.000000
0.000000,0.000000,0.000000,0.000000
0.000000,0.000000,0.000000,0.000000
0.000000,0.000000,0.000000,0.000000
0.000000,0.000000,0.000000,0.000000
0.000000,0.000000,0.000000,0.000000
0.000000,0.000000,0.000000,0.000000
0.000000,0.000000,0.000000,0.000000
0.000000,0.000000,0.000000,0.000000
0.000000,0.000000,0.000000,0.000000
0.000000,0.000000,0.000000,0.000000
0.000000,0.000000,0.000000,0.000000
0.000000,0.000000,0.000000,0.000000
0.000000,0.000000,0.000000,0.000000
0.000000,0.000000,0.000000,0.000000
0.000000,0.000000,0.000000,0.000000
0.000000,0.000000,0.000000,0.000000
0.000000,0.000000,0.000000,0.000000
0.000000,0.000000,0.000000,0.000000
0.000000,0.000000,0.000000,0.000000
0.000000,0.000000,0.000000,0.000000
0.000000,0.000000,0.000000,0.000000
0.000000,0.000000,0.000000,0.000000
0.000000,0.000000,0.000000,0.000000
0.000000,0.000000,0.000000,0.000000
0.000000,0.000000,0.000000,0.000000
0.000000,0.000000,0.000000,0.000000
0.000000,0.000000,0.000000,0.000000
0.000000,0.000000,0.000000,0.000000
0.000000,0.000000,0.000000,0.000000
0.000000,0.000000,0.000000,0.000000
0.000000,0.000000,0.000000,0.000000
0.000000,0.000000,0.000000,0.000000
0.000000,0.000000,0.000000,0.000000
0.000000,0.000000,0.000000,0.000000
0.000000,0.000000,0.000000,0.000000
0.000000,0.000000,0.000000,0.000000
0.000000,0.000000,0.000000,0.000000
0.000000,0.000000,0.000000,0.000000
0.000000,0.000000,0.000000,0.000000
0.000000,0.000000,0.000000,0.000000
0.000000,0.000000,0.000000,0.000000
0.000000,0.000000,0.000000,0.000000
0.000000,0.000000,0.000000,0.000000
0.000000,0.000000,0.000000,0.000000
0.000000,0.000000,0.000000,0.000000
0.000000,0.000000,0.000000,0.000000
0.000000,0.000000,0.000000,0.000000
0.000000,0.000000,0.000000,0.000000
0.000000,0.000000,0.000000,0.000000
0.000000,0.000000,0.000000,0.000000
0.000000,0.000000,0.000000,0.000000
0.000000,0.000000,0.000000,0.000000
0.000000,0.000000,0.000000,0.000000
0.000000,0.000000,0.000000,0.000000
0.000000,0.000000,0.000000,0.000000
0.000000,0.000000,0.000000,0.000000
0.000000,0.000000,0.000000,0.000000
0.000000,0.000000,0.000000,0.000000
0.000000,0.000000,0.000000,0.000000
0.000000,0.000000,0.000000,0.000000
0.000000,0.000000,0.000000,0.000000
0.000000,0.000000,0.000000,0.000000
0.000000,0.000000,0.000000,0.000000
0.000000,0.000000,0.000000,0.000000
0.000000,0.000000,0.000000,0.000000
0.000000,0.000000,0.000000,0.000000
0.000000,0.000000,0.000000,0.000000
0.000000,0.000000,0.000000,0.000000
0.000000,0.000000,0.000000,0.000000
0.000000,0.000000,0.000000,0.000000
0.000000,0.000000,0.000000,0.000000
0.000000,0.000000,0.000000,0.000000
0.000000,0.000000,0.000000,0.000000
0.000000,0.000000,0.000000,0.000000
0.000000,0.000000,0.000000,0.000000
0.000000,0.000000,0.000000,0.000000
0.000000,0.000000,0.000000,0.000000
0.000000,0.000000,0.000000,0.000000
0.000000,0.000000,0.000000,0.000000
0.000000,0.000000,0.000000,0.000000
0.000000,0.000000,0.000000,0.000000
0.000000,0.000000,0.000000,0.000000
0.000000,0.000000,0.000000,0.000000
0.000000,0.000000,0.000000,0.000000
0.000000,0.000000,0.000000,0.000000
0.000000,0.000000,0.000000,0.000000
0.000000,0.000000,0.000000,0.000000
0.000000,0.000000,0.000000,0.000000
0.000000,0.000000,0.000000,0.000000
0.000000,0.000000,0.000000,0.000000
0.000000,0.000000,0.000000,0.000000
0.000000,0.000000,0.000000,0.000000
0.000000,0.000000,0.000000,0.000000
0.000000,0.000000,0.000000,0.000000
0.000000,0.000000,0.000000,0.000000
0.000000,0.000000,0.000000,0.000000
0.000000,0.000000,0.000000,0.000000
0.000000,0.000000,0.000000,0.000000
0.000000,0.000000,0.000000,0.000000
0.000000,0.000000,0.000000,0.000000
0.000000,0.000000,0.000000,0.000000
0.000000,0.000000,0.000000,0.000000
0.000000,0.000000,0.000000,0.000000
0.000000,0.000000,0.000000,0.000000
0.000000,0.000000,0.000000,0.000000
0.000000,0.000000,0.000000,0.000000
0.000000,0.000000,0.000000,0.000000
0.000000,0.000000,0.000000,0.000000
0.000000,0.000000,0.000000,0.000000
0.000000,0.000000,0.000000,0.000000
0.000000,0.000000,0.000000,0.000000
0.000000,0.000000,0.000000,0.000000
0.000000,0.000000,0.000000,0.000000
0.000000,0.000000,0.000000,0.000000
0.000000,0.000000,0.000000,0.000000
0.000000,0.000000,0.000000,0.000000
0.000000,0.000000,0.000000,0.000000
0.000000,0.000000,0.000000,0.000000
0.000000,0.000000,0.000000,0.000000
0.000000,0.000000,0.000000,0.000000
0.000000,0.000000,0.000000,0.000000
0.000000,0.000000,0.000000,0.000000
0.000000,0.000000,0.000000,0.000000
0.000000,0.000000,0.000000,0.000000
0.000000,0.000000,0.000000,0.000000
0.000000,0.000000,0.000000,0.000000
0.000000,0.000000,0.000000,0.000000
0.000000,0.000000,0.000000,0.000000
0.000000,0.000000,0.000000,0.000000
0.000000,0.000000,0.000000,0.000000
0.000000,0.000000,0.000000,0.000000
0.000000,0.000000,0.000000,0.000000
0.000000,0.000000,0.000000,0.000000
0.000000,0.000000,0.000000,0.000000
0.000000,0.000000,0.000000,0.000000
0.000000,0.000000,0.000000,0.000000
0.000000,0.000000,0.000000,0.000000
0.000000,0.000000,0.000000,0.000000
0.000000,0.000000,0.000000,0.000000
0.000000,0.000000,0.000000,0.000000
0.000000,0.000000,0.000000,0.000000
0.000000,0.000000,0.000000,0.000000
0.000000,0.000000,0.000000,0.000000
0.000000,0.000000,0.000000,0.000000
0.000000,0.000000,0.000000,0.000000
0.000000,0.000000,0.000000,0.000000
0.000000,0.000000,0.000000,0.000000
0.000000,0.000000,0.000000,0.000000
0.000000,0.000000,0.000000,0.000000
0.000000,0.000000,0.000000,0.000000
0.000000,0.000000,0.000000,0.000000
0.000000,0.000000,0.000000,0.000000
0.000000,0.000000,0.000000,0.000000
0.000000,0.000000,0.000000,0.000000
0.000000,0.000000,0.000000,0.000000
0.000000,0.000000,0.000000,0.000000
0.000000,0.000000,0.000000,0.000000
0.000000,0.000000,0.000000,0.000000
0.000000,0.000000,0.000000,0.000000
0.000000,0.000000,0.000000,0.000000
0.000000,0.000000,0.000000,0.000000
0.000000,0.000000,0.000000,0.000000
0.000000,0.000000,0.000000,0.000000
0.000000,0.000000,0.000000,0.000000
0.000000,0.000000,0.000000,0.000000
0.000000,0.000000,0.000000,0.000000
0.000000,0.000000,0.000000,0.000000
0.000000,0.000000,0.000000,0.000000
0.000000,0.000000,0.000000,0.000000
0.000000,0.000000,0.000000,0.000000
0.000000,0.000000,0.000000,0.000000
0.000000,0.000000,0.000000,0.000000
0.000000,0.000000,0.000000,0.000000
0.000000,0.000000,0.000000,0.000000
0.000000,0.000000,0.000000,0.000000
0.000000,0.000000,0.000000,0.000000
0.000000,0.000000,0.000000,0.000000
0.000000,0.000000,0.000000,0.000000
0.000000,0.000000,0.000000,0.000000
0.000000,0.000000,0.000000,0.000000
0.000000,0.000000,0.000000,0.000000
0.000000,0.000000,0.000000,0.000000
0.000000,0.000000,0.000000,0.000000
0.000000,0.000000,0.000000,0.000000
0.000000,0.000000,0.000000,0.000000
0.000000,0.000000,0.000000,0.000000
0.000000,0.000000,0.000000,0.000000
0.000000,0.000000,0.000000,0.000000
0.000000,0.000000,0.000000,0.000000
0.000000,0.000000,0.000000,0.000000
0.000000,0.000000,0.000000,0.000000
0.000000,0.000000,0.000000,0.000000
0.000000,0.000000,0.000000,0.000000
0.000000,0.000000,0.000000,0.000000
0.000000,0.000000,0.000000,0.000000
0.000000,0.000000,0.000000,0.000000
0.000000,0.000000,0.000000,0.000000
0.000000,0.000000,0.000000,0.000000
0.000000,0.000000,0.000000,0.000000
0.000000,0.000000,0.000000,0.000000
0.000000,0.000000,0.000000,0.000000
0.000000,0.000000,0.000000,0.000000
0.000000,0.000000,0.000000,0.000000
0.000000,0.000000,0.000000,0.000000
0.000000,0.000000,0.000000,0.000000
0.000000,0.000000,0.000000,0.000000
0.000000,0.000000,0.000000,0.000000
0.000000,0.000000,0.000000,0.000000
0.000000,0.000000,0.000000,0.000000
0.000000,0.000000,0.000000,0.000000
0.000000,0.000000,0.000000,0.000000
0.000000,0.000000,0.000000,0.000000
0.000000,0.000000,0.000000,0.000000
0.000000,0.000000,0.000000,0.000000
0.000000,0.000000,0.000000,0.000000
0.000000,0.000000,0.000000,0.000000
0.000000,0.000000,0.000000,0.000000
0.000000,0.000000,0.000000,0.000000
0.000000,0.000000,0.000000,0.000000
0.000000,0.000000,0.000000,0.000000
0.000000,0.000000,0.000000,0.000000
0.000000,0.000000,0.000000,0.000000
0.000000,0.000000,0.000000,0.000000
0.000000,0.000000,0.000000,0.000000
0.000000,0.000000,0.000000,0.000000
0.000000,0.000000,0.000000,0.000000
0.000000,0.000000,0.000000,0.000000
0.000000,0.000000,0.000000,0.000000
0.000000,0.000000,0.000000,0.000000
0.000000,0.000000,0.000000,0.000000
0.000000,0.000000,0.000000,0.000000
0.000000,0.000000,0.000000,0.000000
0.000000,0.000000,0.000000,0.000000
0.000000,0.000000,0.000000,0.000000
0.000000,0.000000,0.000000,0.000000
0.000000,0.000000,0.000000,0.000000
0.000000,0.000000,0.000000,0.000000
0.000000,0.000000,0.000000,0.000000
0.000000,0.000000,0.000000,0.000000
0.000000,0.000000,0.000000,0.000000
0.000000,0.000000,0.000000,0.000000
0.000000,0.000000,0.000000,0.000000
0.000000,0.000000,0.000000,0.000000
0.000000,0.000000,0.000000,0.000000
0.000000,0.000000,0.000000,0.000000
0.000000,0.000000,0.000000,0.000000
0.000000,0.000000,0.000000,0.000000
0.000000,0.000000,0.000000,0.000000
0.000000,0.000000,0.000000,0.000000
0.000000,0.000000,0.000000,0.000000
0.000000,0.000000,0.000000,0.000000
0.000000,0.000000,0.000000,0.000000
0.000000,0.000000,0.000000,0.000000
0.000000,0.000000,0.000000,0.000000
0.000000,0.000000,0.000000,0.000000
0.000000,0.000000,0.000000,0.000000
0.000000,0.000000,0.000000,0.000000
0.000000,0.000000,0.000000,0.000000
0.000000,0.000000,0.000000,0.000000
0.000000,0.000000,0.000000,0.000000
0.000000,0.000000,0.000000,0.000000
0.000000,0.000000,0.000000,0.000000
0.000000,0.000000,0.000000,0.000000
0.000000,0.000000,0.000000,0.000000
0.000000,0.000000,0.000000,0.000000
0.000000,0.000000,0.000000,0.000000
0.000000,0.000000,0.000000,0.000000
0.000000,0.000000,0.000000,0.000000
0.000000,0.000000,0.000000,0.000000
0.000000,0.000000,0.000000,0.000000
0.000000,0.000000,0.000000,0.000000
0.000000,0.000000,0.000000,0.000000
0.000000,0.000000,0.000000,0.000000
0.000000,0.000000,0.000000,0.000000
0.000000,0.000000,0.000000,0.000000
0.000000,0.000000,0.000000,0.000000
0.000000,0.000000,0.000000,0.000000
0.000000,0.000000,0.000000,0.000000
0.000000,0.000000,0.000000,0.000000
0.000000,0.000000,0.000000,0.000000
0.000000,0.000000,0.000000,0.000000
0.000000,0.000000,0.000000,0.000000
0.000000,0.000000,0.000000,0.000000
0.000000,0.000000,0.000000,0.000000
0.000000,0.000000,0.000000,0.000000
0.000000,0.000000,0.000000,0.000000
0.000000,0.000000,0.000000,0.000000
0.000000,0.000000,0.000000,0.000000
0.000000,0.000000,0.000000,0.000000
0.000000,0.000000,0.000000,0.000000
0.000000,0.000000,0.000000,0.000000
0.000000,0.000000,0.000000,0.000000
0.000000,0.000000,0.000000,0.000000
0.000000,0.000000,0.000000,0.000000
0.000000,0.000000,0.000000,0.000000
0.000000,0.000000,0.000000,0.000000
0.000000,0.000000,0.000000,0.000000
0.000000,0.000000,0.000000,0.000000
0.000000,0.000000,0.000000,0.000000
0.000000,0.000000,0.000000,0.000000
0.000000,0.000000,0.000000,0.000000
0.000000,0.000000,0.000000,0.000000
0.000000,0.000000,0.000000,0.000000
0.000000,0.000000,0.000000,0.000000
0.000000,0.000000,0.000000,0.000000
0.000000,0.000000,0.000000,0.000000
0.000000,0.000000,0.000000,0.000000
0.000000,0.000000,0.000000,0.000000
0.000000,0.000000,0.000000,0.000000
0.000000,0.000000,0.000000,0.000000
0.000000,0.000000,0.000000,0.000000
0.000000,0.000000,0.000000,0.000000
0.000000,0.000000,0.000000,0.000000
0.000000,0.000000,0.000000,0.000000
0.000000,0.000000,0.000000,0.000000
0.000000,0.000000,0.000000,0.000000
0.000000,0.000000,0.000000,0.000000
0.000000,0.000000,0.000000,0.000000
0.000000,0.000000,0.000000,0.000000
0.000000,0.000000,0.000000,0.000000
0.000000,0.000000,0.000000,0.000000
0.000000,0.000000,0.000000,0.000000
0.000000,0.000000,0.000000,0.000000
0.000000,0.000000,0.000000,0.000000
0.000000,0.000000,0.000000,0.000000
0.000000,0.000000,0.000000,0.000000
0.000000,0.000000,0.000000,0.000000
0.000000,0.000000,0.000000,0.000000
0.000000,0.000000,0.000000,0.000000
0.000000,0.000000,0.000000,0.000000
0.000000,0.000000,0.000000,0.000000
0.000000,0.000000,0.000000,0.000000
0.000000,0.000000,0.000000,0.000000
0.000000,0.000000,0.000000,0.000000
0.000000,0.000000,0.000000,0.000000
0.000000,0.000000,0.000000,0.000000
0.000000,0.000000,0.000000,0.000000
0.000000,0.000000,0.000000,0.000000
0.000000,0.000000,0.000000,0.000000
0.000000,0.000000,0.000000,0.000000
0.000000,0.000000,0.000000,0.000000
0.000000,0.000000,0.000000,0.000000
0.000000,0.000000,0.000000,0.000000
0.000000,0.000000,0.000000,0.000000
0.000000,0.000000,0.000000,0.000000
0.000000,0.000000,0.000000,0.000000
0.000000,0.000000,0.000000,0.000000
0.000000,0.000000,0.000000,0.000000
0.000000,0.000000,0.000000,0.000000
0.000000,0.000000,0.000000,0.000000
0.000000,0.000000,0.000000,0.000000
0.000000,0.000000,0.000000,0.000000
0.000000,0.000000,0.000000,0.000000
0.000000,0.000000,0.000000,0.000000
0.000000,0.000000,0.000000,0.000000
0.000000,0.000000,0.000000,0.000000
0.000000,0.000000,0.000000,0.000000
0.000000,0.000000,0.000000,0.000000
0.000000,0.000000,0.000000,0.000000
0.000000,0.000000,0.000000,0.000000
0.000000,0.000000,0.000000,0.000000
0.000000,0.000000,0.000000,0.000000
0.000000,0.000000,0.000000,0.000000
0.000000,0.000000,0.000000,0.000000
0.000000,0.000000,0.000000,0.000000
0.000000,0.000000,0.000000,0.000000
0.000000,0.000000,0.000000,0.000000
0.000000,0.000000,0.000000,0.000000
0.000000,0.000000,0.000000,0.000000
0.000000,0.000000,0.000000,0.000000
0.000000,0.000000,0.000000,0.000000
0.000000,0.000000,0.000000,0.000000
0.000000,0.000000,0.000000,0.000000
0.000000,0.000000,0.000000,0.000000
0.000000,0.000000,0.000000,0.000000
0.000000,0.000000,0.000000,0.000000
0.000000,0.000000,0.000000,0.000000
0.000000,0.000000,0.000000,0.000000
0.000000,0.000000,0.000000,0.000000
0.000000,0.000000,0.000000,0.000000
0.000000,0.000000,0.000000,0.000000
0.000000,0.000000,0.000000,0.000000
0.000000,0.000000,0.000000,0.000000
0.000000,0.000000,0.000000,0.000000
0.000000,0.000000,0.000000,0.000000
0.000000,0.000000,0.000000,0.000000
0.000000,0.000000,0.000000,0.000000
0.000000,0.000000,0.000000,0.000000
0.000000,0.000000,0.000000,0.000000
0.000000,0.000000,0.000000,0.000000
0.000000,0.000000,0.000000,0.000000
0.000000,0.000000,0.000000,0.000000
0.000000,0.000000,0.000000,0.000000
0.000000,0.000000,0.000000,0.000000
0.000000,0.000000,0.000000,0.000000
0.000000,0.000000,0.000000,0.000000
0.000000,0.000000,0.000000,0.000000
0.000000,0.000000,0.000000,0.000000
0.000000,0.000000,0.000000,0.000000
0.000000,0.000000,0.000000,0.000000
0.000000,0.000000,0.000000,0.000000
0.000000,0.000000,0.000000,0.000000
0.000000,0.000000,0.000000,0.000000
0.000000,0.000000,0.000000,0.000000
0.000000,0.000000,0.000000,0.000000
0.000000,0.000000,0.000000,0.000000
0.000000,0.000000,0.000000,0.000000
0.000000,0.000000,0.000000,0.000000
0.000000,0.000000,0.000000,0.000000
0.000000,0.000000,0.000000,0.000000
0.000000,0.000000,0.000000,0.000000
0.000000,0.000000,0.000000,0.000000
0.000000,0.000000,0.000000,0.000000
0.000000,0.000000,0.000000,0.000000
0.000000,0.000000,0.000000,0.000000
0.000000,0.000000,0.000000,0.000000
0.000000,0.000000,0.000000,0.000000
0.000000,0.000000,0.000000,0.000000
0.000000,0.000000,0.000000,0.000000
0.000000,0.000000,0.000000,0.000000
0.000000,0.000000,0.000000,0.000000
0.000000,0.000000,0.000000,0.000000
0.000000,0.000000,0.000000,0.000000
0.000000,0.000000,0.000000,0.000000
0.000000,0.000000,0.000000,0.000000
0.000000,0.000000,0.000000,0.000000
0.000000,0.000000,0.000000,0.000000
0.000000,0.000000,0.000000,0.000000
0.000000,0.000000,0.000000,0.000000
0.000000,0.000000,0.000000,0.000000
0.000000,0.000000,0.000000,0.000000
0.000000,0.000000,0.000000,0.000000
0.000000,0.000000,0.000000,0.000000
0.000000,0.000000,0.000000,0.000000
0.000000,0.000000,0.000000,0.000000
0.000000,0.000000,0.000000,0.000000
0.000000,0.000000,0.000000,0.000000
0.000000,0.000000,0.000000,0.000000
0.000000,0.000000,0.000000,0.000000
0.000000,0.000000,0.000000,0.000000
0.000000,0.000000,0.000000,0.000000
0.000000,0.000000,0.000000,0.000000
0.000000,0.000000,0.000000,0.000000
0.000000,0.000000,0.000000,0.000000
0.000000,0.000000,0.000000,0.000000
0.000000,0.000000,0.000000,0.000000
0.000000,0.000000,0.000000,0.000000
0.000000,0.000000,0.000000,0.000000
0.000000,0.000000,0.000000,0.000000
0.000000,0.000000,0.000000,0.000000
0.000000,0.000000,0.000000,0.000000
0.000000,0.000000,0.000000,0.000000
0.000000,0.000000,0.000000,0.000000
0.000000,0.000000,0.000000,0.000000
0.000000,0.000000,0.000000,0.000000
0.000000,0.000000,0.000000,0.000000
0.000000,0.000000,0.000000,0.000000
0.000000,0.000000,0.000000,0.000000
0.000000,0.000000,0.000000,0.000000
0.000000,0.000000,0.000000,0.000000
0.000000,0.000000,0.000000,0.000000
0.000000,0.000000,0.000000,0.000000
0.000000,0.000000,0.000000,0.000000
0.000000,0.000000,0.000000,0.000000
0.000000,0.000000,0.000000,0.000000
0.000000,0.000000,0.000000,0.000000
0.000000,0.000000,0.000000,0.000000
0.000000,0.000000,0.000000,0.000000
0.000000,0.000000,0.000000,0.000000
0.000000,0.000000,0.000000,0.000000
0.000000,0.000000,0.000000,0.000000
0.000000,0.000000,0.000000,0.000000
0.000000,0.000000,0.000000,0.000000
0.000000,0.000000,0.000000,0.000000
0.000000,0.000000,0.000000,0.000000
0.000000,0.000000,0.000000,0.000000
0.000000,0.000000,0.000000,0.000000
0.000000,0.000000,0.000000,0.000000
0.000000,0.000000,0.000000,0.000000
0.000000,0.000000,0.000000,0.000000
0.000000,0.000000,0.000000,0.000000
0.000000,0.000000,0.000000,0.000000
0.000000,0.000000,0.000000,0.000000
0.000000,0.000000,0.000000,0.000000
0.000000,0.000000,0.000000,0.000000
0.000000,0.000000,0.000000,0.000000
0.000000,0.000000,0.000000,0.000000
0.000000,0.000000,0.000000,0.000000
0.000000,0.000000,0.000000,0.000000
0.000000,0.000000,0.000000,0.000000
0.000000,0.000000,0.000000,0.000000
0.000000,0.000000,0.000000,0.000000
0.000000,0.000000,0.000000,0.000000
0.000000,0.000000,0.000000,0.000000
0.000000,0.000000,0.000000,0.000000
0.000000,0.000000,0.000000,0.000000
0.000000,0.000000,0.000000,0.000000
0.000000,0.000000,0.000000,0.000000
0.000000,0.000000,0.000000,0.000000
0.000000,0.000000,0.000000,0.000000
0.000000,0.000000,0.000000,0.000000
0.000000,0.000000,0.000000,0.000000
0.000000,0.000000,0.000000,0.000000
0.000000,0.000000,0.000000,0.000000
0.000000,0.000000,0.000000,0.000000
0.000000,0.000000,0.000000,0.000000
0.000000,0.000000,0.000000,0.000000
0.000000,0.000000,0.000000,0.000000
0.000000,0.000000,0.000000,0.000000
0.000000,0.000000,0.000000,0.000000
0.000000,0.000000,0.000000,0.000000
0.000000,0.000000,0.000000,0.000000
0.000000,0.000000,0.000000,0.000000
0.000000,0.000000,0.000000,0.000000
0.000000,0.000000,0.000000,0.000000
0.000000,0.000000,0.000000,0.000000
0.000000,0.000000,0.000000,0.000000
0.000000,0.000000,0.000000,0.000000
0.000000,0.000000,0.000000,0.000000
0.000000,0.000000,0.000000,0.000000
0.000000,0.000000,0.000000,0.000000
0.000000,0.000000,0.000000,0.000000
0.000000,0.000000,0.000000,0.000000
0.000000,0.000000,0.000000,0.000000
0.000000,0.000000,0.000000,0.000000
0.000000,0.000000,0.000000,0.000000
0.000000,0.000000,0.000000,0.000000
0.000000,0.000000,0.000000,0.000000
0.000000,0.000000,0.000000,0.000000
0.000000,0.000000,0.000000,0.000000
0.000000,0.000000,0.000000,0.000000
0.000000,0.000000,0.000000,0.000000
0.000000,0.000000,0.000000,0.000000
0.000000,0.000000,0.000000,0.000000
0.000000,0.000000,0.000000,0.000000
0.000000,0.000000,0.000000,0.000000
0.000000,0.000000,0.000000,0.000000
0.000000,0.000000,0.000000,0.000000
0.000000,0.000000,0.000000,0.000000
0.000000,0.000000,0.000000,0.000000
0.000000,0.000000,0.000000,0.000000
0.000000,0.000000,0.000000,0.000000
0.000000,0.000000,0.000000,0.000000
0.000000,0.000000,0.000000,0.000000
0.000000,0.000000,0.000000,0.000000
0.000000,0.000000,0.000000,0.000000
0.000000,0.000000,0.000000,0.000000
0.000000,0.000000,0.000000,0.000000
0.000000,0.000000,0.000000,0.000000
0.000000,0.000000,0.000000,0.000000
0.000000,0.000000,0.000000,0.000000
0.000000,0.000000,0.000000,0.000000
0.000000,0.000000,0.000000,0.000000
0.000000,0.000000,0.000000,0.000000
0.000000,0.000000,0.000000,0.000000
0.000000,0.000000,0.000000,0.000000
0.000000,0.000000,0.000000,0.000000
0.000000,0.000000,0.000000,0.000000
0.000000,0.000000,0.000000,0.000000
0.000000,0.000000,0.000000,0.000000
0.000000,0.000000,0.000000,0.000000
0.000000,0.000000,0.000000,0.000000
0.000000,0.000000,0.000000,0.000000
0.000000,0.000000,0.000000,0.000000
0.000000,0.000000,0.000000,0.000000
0.000000,0.000000,0.000000,0.000000
0.000000,0.000000,0.000000,0.000000
0.000000,0.000000,0.000000,0.000000
0.000000,0.000000,0.000000,0.000000
0.000000,0.000000,0.000000,0.000000
0.000000,0.000000,0.000000,0.000000
0.000000,0.000000,0.000000,0.000000
0.000000,0.000000,0.000000,0.000000
0.000000,0.000000,0.000000,0.000000
0.000000,0.000000,0.000000,0.000000
0.000000,0.000000,0.000000,0.000000
0.000000,0.000000,0.000000,0.000000
0.000000,0.000000,0.000000,0.000000
0.000000,0.000000,0.000000,0.000000
0.000000,0.000000,0.000000,0.000000
0.000000,0.000000,0.000000,0.000000
0.000000,0.000000,0.000000,0.000000
0.000000,0.000000,0.000000,0.000000
0.000000,0.000000,0.000000,0.000000
0.000000,0.000000,0.000000,0.000000
0.000000,0.000000,0.000000,0.000000
0.000000,0.000000,0.000000,0.000000
0.000000,0.000000,0.000000,0.000000
0.000000,0.000000,0.000000,0.000000
0.000000,0.000000,0.000000,0.000000
0.000000,0.000000,0.000000,0.000000
0.000000,0.000000,0.000000,0.000000
0.000000,0.000000,0.000000,0.000000
0.000000,0.000000,0.000000,0.000000
0.000000,0.000000,0.000000,0.000000
0.000000,0.000000,0.000000,0.000000
0.000000,0.000000,0.000000,0.000000
0.000000,0.000000,0.000000,0.000000
0.000000,0.000000,0.000000,0.000000
0.000000,0.000000,0.000000,0.000000
0.000000,0.000000,0.000000,0.000000
0.000000,0.000000,0.000000,0.000000
0.000000,0.000000,0.000000,0.000000
0.000000,0.000000,0.000000,0.000000
0.000000,0.000000,0.000000,0.000000
0.000000,0.000000,0.000000,0.000000
0.000000,0.000000,0.000000,0.000000
0.000000,0.000000,0.000000,0.000000
0.000000,0.000000,0.000000,0.000000
0.000000,0.000000,0.000000,0.000000
0.000000,0.000000,0.000000,0.000000
0.000000,0.000000,0.000000,0.000000
0.000000,0.000000,0.000000,0.000000
0.000000,0.000000,0.000000,0.000000
0.000000,0.000000,0.000000,0.000000
0.000000,0.000000,0.000000,0.000000
0.000000,0.000000,0.000000,0.000000
0.000000,0.000000,0.000000,0.000000
0.000000,0.000000,0.000000,0.000000
0.000000,0.000000,0.000000,0.000000
0.000000,0.000000,0.000000,0.000000
0.000000,0.000000,0.000000,0.000000
0.000000,0.000000,0.000000,0.000000
0.000000,0.000000,0.000000,0.000000
0.000000,0.000000,0.000000,0.000000
0.000000,0.000000,0.000000,0.000000
0.000000,0.000000,0.000000,0.000000
0.000000,0.000000,0.000000,0.000000
0.000000,0.000000,0.000000,0.000000
0.000000,0.000000,0.000000,0.000000
0.000000,0.000000,0.000000,0.000000
0.000000,0.000000,0.000000,0.000000
0.000000,0.000000,0.000000,0.000000
0.000000,0.000000,0.000000,0.000000
0.000000,0.000000,0.000000,0.000000
0.000000,0.000000,0.000000,0.000000
0.000000,0.000000,0.000000,0.000000
0.000000,0.000000,0.000000,0.000000
0.000000,0.000000,0.000000,0.000000
0.000000,0.000000,0.000000,0.000000
0.000000,0.000000,0.000000,0.000000
0.000000,0.000000,0.000000,0.000000
0.000000,0.000000,0.000000,0.000000
0.000000,0.000000,0.000000,0.000000
0.000000,0.000000,0.000000,0.000000
0.000000,0.000000,0.000000,0.000000
0.000000,0.000000,0.000000,0.000000
0.000000,0.000000,0.000000,0.000000
0.000000,0.000000,0.000000,0.000000
0.000000,0.000000,0.000000,0.000000
0.000000,0.000000,0.000000,0.000000
0.000000,0.000000,0.000000,0.000000
0.000000,0.000000,0.000000,0.000000
0.000000,0.000000,0.000000,0.000000
0.000000,0.000000,0.000000,0.000000
0.000000,0.000000,0.000000,0.000000
0.000000,0.000000,0.000000,0.000000
0.000000,0.000000,0.000000,0.000000
0.000000,0.000000,0.000000,0.000000
0.000000,0.000000,0.000000,0.000000
0.000000,0.000000,0.000000,0.000000
0.000000,0.000000,0.000000,0.000000
0.000000,0.000000,0.000000,0.000000
0.000000,0.000000,0.000000,0.000000
0.000000,0.000000,0.000000,0.000000
0.000000,0.000000,0.000000,0.000000
0.000000,0.000000,0.000000,0.000000
0.000000,0.000000,0.000000,0.000000
0.000000,0.000000,0.000000,0.000000
0.000000,0.000000,0.000000,0.000000
0.000000,0.000000,0.000000,0.000000
0.000000,0.000000,0.000000,0.000000
0.000000,0.000000,0.000000,0.000000
0.000000,0.000000,0.000000,0.000000
0.000000,0.000000,0.000000,0.000000
0.000000,0.000000,0.000000,0.000000
0.000000,0.000000,0.000000,0.000000
0.000000,0.000000,0.000000,0.000000
0.000000,0.000000,0.000000,0.000000
0.000000,0.000000,0.000000,0.000000
0.000000,0.000000,0.000000,0.000000
0.000000,0.000000,0.000000,0.000000
0.000000,0.000000,0.000000,0.000000
0.000000,0.000000,0.000000,0.000000
0.000000,0.000000,0.000000,0.000000
0.000000,0.000000,0.000000,0.000000
0.000000,0.000000,0.000000,0.000000
0.000000,0.000000,0.000000,0.000000
0.000000,0.000000,0.000000,0.000000
0.000000,0.000000,0.000000,0.000000
0.000000,0.000000,0.000000,0.000000
0.000000,0.000000,0.000000,0.000000
0.000000,0.000000,0.000000,0.000000
0.000000,0.000000,0.000000,0.000000
0.000000,0.000000,0.000000,0.000000
0.000000,0.000000,0.000000,0.000000
0.000000,0.000000,0.000000,0.000000
0.000000,0.000000,0.000000,0.000000
0.000000,0.000000,0.000000,0.000000
0.000000,0.000000,0.000000,0.000000
0.000000,0.000000,0.000000,0.000000
0.000000,0.000000,0.000000,0.000000
0.000000,0.000000,0.000000,0.000000
0.000000,0.000000,0.000000,0.000000
0.000000,0.000000,0.000000,0.000000
0.000000,0.000000,0.000000,0.000000
0.000000,0.000000,0.000000,0.000000
0.000000,0.000000,0.000000,0.000000
0.000000,0.000000,0.000000,0.000000
0.000000,0.000000,0.000000,0.000000
0.000000,0.000000,0.000000,0.000000
0.000000,0.000000,0.000000,0.000000
0.000000,0.000000,0.000000,0.000000
0.000000,0.000000,0.000000,0.000000
0.000000,0.000000,0.000000,0.000000
0.000000,0.000000,0.000000,0.000000
0.000000,0.000000,0.000000,0.000000
0.000000,0.000000,0.000000,0.000000
0.000000,0.000000,0.000000,0.000000
0.000000,0.000000,0.000000,0.000000
0.000000,0.000000,0.000000,0.000000
0.000000,0.000000,0.000000,0.000000
0.000000,0.000000,0.000000,0.000000
0.000000,0.000000,0.000000,0.000000
0.000000,0.000000,0.000000,0.000000
0.000000,0.000000,0.000000,0.000000
0.000000,0.000000,0.000000,0.000000
0.000000,0.000000,0.000000,0.000000
0.000000,0.000000,0.000000,0.000000
0.000000,0.000000,0.000000,0.000000
0.000000,0.000000,0.000000,0.000000
0.000000,0.000000,0.000000,0.000000
0.000000,0.000000,0.000000,0.000000
0.000000,0.000000,0.000000,0.000000
0.000000,0.000000,0.000000,0.000000
0.000000,0.000000,0.000000,0.000000
0.000000,0.000000,0.000000,0.000000
0.000000,0.000000,0.000000,0.000000
0.000000,0.000000,0.000000,0.000000
0.000000,0.000000,0.000000,0.000000
0.000000,0.000000,0.000000,0.000000
0.000000,0.000000,0.000000,0.000000
0.000000,0.000000,0.000000,0.000000
0.000000,0.000000,0.000000,0.000000
0.000000,0.000000,0.000000,0.000000
0.000000,0.000000,0.000000,0.000000
0.000000,0.000000,0.000000,0.000000
0.000000,0.000000,0.000000,0.000000
0.000000,0.000000,0.000000,0.000000
0.000000,0.000000,0.000000,0.000000
0.000000,0.000000,0.000000,0.000000
0.000000,0.000000,0.000000,0.000000
0.000000,0.000000,0.000000,0.000000
0.000000,0.000000,0.000000,0.000000
0.000000,0.000000,0.000000,0.000000
0.000000,0.000000,0.000000,0.000000
0.000000,0.000000,0.000000,0.000000
0.000000,0.000000,0.000000,0.000000
0.000000,0.000000,0.000000,0.000000
0.000000,0.000000,0.000000,0.000000
0.000000,0.000000,0.000000,0.000000
0.000000,0.000000,0.000000,0.000000
0.000000,0.000000,0.000000,0.000000
0.000000,0.000000,0.000000,0.000000
0.000000,0.000000,0.000000,0.000000
0.000000,0.000000,0.000000,0.000000
0.000000,0.000000,0.000000,0.000000
0.000000,0.000000,0.000000,0.000000
0.000000,0.000000,0.000000,0.000000
0.000000,0.000000,0.000000,0.000000
0.000000,0.000000,0.000000,0.000000
0.000000,0.000000,0.000000,0.000000
0.000000,0.000000,0.000000,0.000000
0.000000,0.000000,0.000000,0.000000
0.000000,0.000000,0.000000,0.000000
0.000000,0.000000,0.000000,0.000000
0.000000,0.000000,0.000000,0.000000
0.000000,0.000000,0.000000,0.000000
0.000000,0.000000,0.000000,0.000000
0.000000,0.000000,0.000000,0.000000
0.000000,0.000000,0.000000,0.000000
0.000000,0.000000,0.000000,0.000000
0.000000,0.000000,0.000000,0.000000
0.000000,0.000000,0.000000,0.000000
0.000000,0.000000,0.000000,0.000000
0.000000,0.000000,0.000000,0.000000
0.000000,0.000000,0.000000,0.000000
0.000000,0.000000,0.000000,0.000000
0.000000,0.000000,0.000000,0.000000
0.000000,0.000000,0.000000,0.000000
0.000000,0.000000,0.000000,0.000000
0.000000,0.000000,0.000000,0.000000
0.000000,0.000000,0.000000,0.000000
0.000000,0.000000,0.000000,0.000000
0.000000,0.000000,0.000000,0.000000
0.000000,0.000000,0.000000,0.000000
0.000000,0.000000,0.000000,0.000000
0.000000,0.000000,0.000000,0.000000
0.000000,0.000000,0.000000,0.000000
0.000000,0.000000,0.000000,0.000000
0.000000,0.000000,0.000000,0.000000
0.000000,0.000000,0.000000,0.000000
0.000000,0.000000,0.000000,0.000000
0.000000,0.000000,0.000000,0.000000
0.000000,0.000000,0.000000,0.000000
0.000000,0.000000,0.000000,0.000000
0.000000,0.000000,0.000000,0.000000
0.000000,0.000000,0.000000,0.000000
0.000000,0.000000,0.000000,0.000000
0.000000,0.000000,0.000000,0.000000
0.000000,0.000000,0.000000,0.000000
0.000000,0.000000,0.000000,0.000000
0.000000,0.000000,0.000000,0.000000
0.000000,0.000000,0.000000,0.000000
0.000000,0.000000,0.000000,0.000000
0.000000,0.000000,0.000000,0.000000
0.000000,0.000000,0.000000,0.000000
0.000000,0.000000,0.000000,0.000000
0.000000,0.000000,0.000000,0.000000
0.000000,0.000000,0.000000,0.000000
0.000000,0.000000,0.000000,0.000000
0.000000,0.000000,0.000000,0.000000
0.000000,0.000000,0.000000,0.000000
0.000000,0.000000,0.000000,0.000000
0.000000,0.000000,0.000000,0.000000
0.000000,0.000000,0.000000,0.000000
0.000000,0.000000,0.000000,0.000000
0.000000,0.000000,0.000000,0.000000
0.000000,0.000000,0.000000,0.000000
0.000000,0.000000,0.000000,0.000000
0.000000,0.000000,0.000000,0.000000
0.000000,0.000000,0.000000,0.000000
0.000000,0.000000,0.000000,0.000000
0.000000,0.000000,0.000000,0.000000
0.000000,0.000000,0.000000,0.000000
0.000000,0.000000,0.000000,0.000000
0.000000,0.000000,0.000000,0.000000
0.000000,0.000000,0.000000,0.000000
0.000000,0.000000,0.000000,0.000000
0.000000,0.000000,0.000000,0.000000
0.000000,0.000000,0.000000,0.000000
0.000000,0.000000,0.000000,0.000000
0.000000,0.000000,0.000000,0.000000
0.000000,0.000000,0.000000,0.000000
0.000000,0.000000,0.000000,0.000000
0.000000,0.000000,0.000000,0.000000
0.000000,0.000000,0.000000,0.000000
0.000000,0.000000,0.000000,0.000000
0.000000,0.000000,0.000000,0.000000
0.000000,0.000000,0.000000,0.000000
0.000000,0.000000,0.000000,0.000000
0.000000,0.000000,0.000000,0.000000
0.000000,0.000000,0.000000,0.000000
0.000000,0.000000,0.000000,0.000000
0.000000,0.000000,0.000000,0.000000
0.000000,0.000000,0.000000,0.000000
0.000000,0.000000,0.000000,0.000000
0.000000,0.000000,0.000000,0.000000
0.000000,0.000000,0.000000,0.000000
0.000000,0.000000,0.000000,0.000000
0.000000,0.000000,0.000000,0.000000
0.000000,0.000000,0.000000,0.000000
0.000000,0.000000,0.000000,0.000000
0.000000,0.000000,0.000000,0.000000
0.000000,0.000000,0.000000,0.000000
0.000000,0.000000,0.000000,0.000000
0.000000,0.000000,0.000000,0.000000
0.000000,0.000000,0.000000,0.000000
0.000000,0.000000,0.000000,0.000000
0.000000,0.000000,0.000000,0.000000
0.000000,0.000000,0.000000,0.000000
0.000000,0.000000,0.000000,0.000000
0.000000,0.000000,0.000000,0.000000
0.000000,0.000000,0.000000,0.000000
0.000000,0.000000,0.000000,0.000000
0.000000,0.000000,0.000000,0.000000
0.000000,0.000000,0.000000,0.000000
0.000000,0.000000,0.000000,0.000000
0.000000,0.000000,0.000000,0.000000
0.000000,0.000000,0.000000,0.000000
0.000000,0.000000,0.000000,0.000000
0.000000,0.000000,0.000000,0.000000
0.000000,0.000000,0.000000,0.000000
0.000000,0.000000,0.000000,0.000000
0.000000,0.000000,0.000000,0.000000
0.000000,0.000000,0.000000,0.000000
0.000000,0.000000,0.000000,0.000000
0.000000,0.000000,0.000000,0.000000
0.000000,0.000000,0.000000,0.000000
0.000000,0.000000,0.000000,0.000000
0.000000,0.000000,0.000000,0.000000
0.000000,0.000000,0.000000,0.000000
0.000000,0.000000,0.000000,0.000000
0.000000,0.000000,0.000000,0.000000
0.000000,0.000000,0.000000,0.000000
0.000000,0.000000,0.000000,0.000000
0.000000,0.000000,0.000000,0.000000
0.000000,0.000000,0.000000,0.000000
0.000000,0.000000,0.000000,0.000000
0.000000,0.000000,0.000000,0.000000
0.000000,0.000000,0.000000,0.000000
0.000000,0.000000,0.000000,0.000000
0.000000,0.000000,0.000000,0.000000
0.000000,0.000000,0.000000,0.000000
0.000000,0.000000,0.000000,0.000000
0.000000,0.000000,0.000000,0.000000
0.000000,0.000000,0.000000,0.000000
0.000000,0.000000,0.000000,0.000000
0.000000,0.000000,0.000000,0.000000
0.000000,0.000000,0.000000,0.000000
0.000000,0.000000,0.000000,0.000000
0.000000,0.000000,0.000000,0.000000
0.000000,0.000000,0.000000,0.000000
0.000000,0.000000,0.000000,0.000000
0.000000,0.000000,0.000000,0.000000
0.000000,0.000000,0.000000,0.000000
0.000000,0.000000,0.000000,0.000000
0.000000,0.000000,0.000000,0.000000
0.000000,0.000000,0.000000,0.000000
0.000000,0.000000,0.000000,0.000000
0.000000,0.000000,0.000000,0.000000
0.000000,0.000000,0.000000,0.000000
0.000000,0.000000,0.000000,0.000000
0.000000,0.000000,0.000000,0.000000
0.000000,0.000000,0.000000,0.000000
0.000000,0.000000,0.000000,0.000000
0.000000,0.000000,0.000000,0.000000
0.000000,0.000000,0.000000,0.000000
0.000000,0.000000,0.000000,0.000000
0.000000,0.000000,0.000000,0.000000
0.000000,0.000000,0.000000,0.000000
0.000000,0.000000,0.000000,0.000000
0.000000,0.000000,0.000000,0.000000
0.000000,0.000000,0.000000,0.000000
0.000000,0.000000,0.000000,0.000000
0.000000,0.000000,0.000000,0.000000
0.000000,0.000000,0.000000,0.000000
0.000000,0.000000,0.000000,0.000000
0.000000,0.000000,0.000000,0.000000
0.000000,0.000000,0.000000,0.000000
0.000000,0.000000,0.000000,0.000000
0.000000,0.000000,0.000000,0.000000
0.000000,0.000000,0.000000,0.000000
0.000000,0.000000,0.000000,0.000000
0.000000,0.000000,0.000000,0.000000
0.000000,0.000000,0.000000,0.000000
0.000000,0.000000,0.000000,0.000000
0.000000,0.000000,0.000000,0.000000
0.000000,0.000000,0.000000,0.000000
0.000000,0.000000,0.000000,0.000000
0.000000,0.000000,0.000000,0.000000
0.000000,0.000000,0.000000,0.000000
0.000000,0.000000,0.000000,0.000000
0.000000,0.000000,0.000000,0.000000
0.000000,0.000000,0.000000,0.000000
0.000000,0.000000,0.000000,0.000000
0.000000,0.000000,0.000000,0.000000
0.000000,0.000000,0.000000,0.000000
0.000000,0.000000,0.000000,0.000000
0.000000,0.000000,0.000000,0.000000
0.000000,0.000000,0.000000,0.000000
0.000000,0.000000,0.000000,0.000000
0.000000,0.000000,0.000000,0.000000
0.000000,0.000000,0.000000,0.000000
0.000000,0.000000,0.000000,0.000000
0.000000,0.000000,0.000000,0.000000
0.000000,0.000000,0.000000,0.000000
0.000000,0.000000,0.000000,0.000000
0.000000,0.000000,0.000000,0.000000
0.000000,0.000000,0.000000,0.000000
0.000000,0.000000,0.000000,0.000000
0.000000,0.000000,0.000000,0.000000
0.000000,0.000000,0.000000,0.000000
0.000000,0.000000,0.000000,0.000000
0.000000,0.000000,0.000000,0.000000
0.000000,0.000000,0.000000,0.000000
0.000000,0.000000,0.000000,0.000000
0.000000,0.000000,0.000000,0.000000
0.000000,0.000000,0.000000,0.000000
0.000000,0.000000,0.000000,0.000000
0.000000,0.000000,0.000000,0.000000
0.000000,0.000000,0.000000,0.000000
0.000000,0.000000,0.000000,0.000000
0.000000,0.000000,0.000000,0.000000
0.000000,0.000000,0.000000,0.000000
0.000000,0.000000,0.000000,0.000000
0.000000,0.000000,0.000000,0.000000
0.000000,0.000000,0.000000,0.000000
0.000000,0.000000,0.000000,0.000000
0.000000,0.000000,0.000000,0.000000
0.000000,0.000000,0.000000,0.000000
0.000000,0.000000,0.000000,0.000000
0.000000,0.000000,0.000000,0.000000
0.000000,0.000000,0.000000,0.000000
0.000000,0.000000,0.000000,0.000000
0.000000,0.000000,0.000000,0.000000
0.000000,0.000000,0.000000,0.000000
0.000000,0.000000,0.000000,0.000000
0.000000,0.000000,0.000000,0.000000
0.000000,0.000000,0.000000,0.000000
0.000000,0.000000,0.000000,0.000000
0.000000,0.000000,0.000000,0.000000
0.000000,0.000000,0.000000,0.000000
0.000000,0.000000,0.000000,0.000000
0.000000,0.000000,0.000000,0.000000
0.000000,0.000000,0.000000,0.000000
0.000000,0.000000,0.000000,0.000000
0.000000,0.000000,0.000000,0.000000
0.000000,0.000000,0.000000,0.000000
0.000000,0.000000,0.000000,0.000000
0.000000,0.000000,0.000000,0.000000
0.000000,0.000000,0.000000,0.000000
0.000000,0.000000,0.000000,0.000000
0.000000,0.000000,0.000000,0.000000
0.000000,0.000000,0.000000,0.000000
0.000000,0.000000,0.000000,0.000000
0.000000,0.000000,0.000000,0.000000
0.000000,0.000000,0.000000,0.000000
0.000000,0.000000,0.000000,0.000000
0.000000,0.000000,0.000000,0.000000
0.000000,0.000000,0.000000,0.000000
0.000000,0.000000,0.000000,0.000000
0.000000,0.000000,0.000000,0.000000
0.000000,0.000000,0.000000,0.000000
0.000000,0.000000,0.000000,0.000000
0.000000,0.000000,0.000000,0.000000
0.000000,0.000000,0.000000,0.000000
0.000000,0.000000,0.000000,0.000000
0.000000,0.000000,0.000000,0.000000
0.000000,0.000000,0.000000,0.000000
0.000000,0.000000,0.000000,0.000000
0.000000,0.000000,0.000000,0.000000
0.000000,0.000000,0.000000,0.000000
0.000000,0.000000,0.000000,0.000000
0.000000,0.000000,0.000000,0.000000
0.000000,0.000000,0.000000,0.000000
0.000000,0.000000,0.000000,0.000000
0.000000,0.000000,0.000000,0.000000
0.000000,0.000000,0.000000,0.000000
0.000000,0.000000,0.000000,0.000000
0.000000,0.000000,0.000000,0.000000
0.000000,0.000000,0.000000,0.000000
0.000000,0.000000,0.000000,0.000000
0.000000,0.000000,0.000000,0.000000
0.000000,0.000000,0.000000,0.000000
0.000000,0.000000,0.000000,0.000000
0.000000,0.000000,0.000000,0.000000
0.000000,0.000000,0.000000,0.000000
0.000000,0.000000,0.000000,0.000000
0.000000,0.000000,0.000000,0.000000
0.000000,0.000000,0.000000,0.000000
0.000000,0.000000,0.000000,0.000000
0.000000,0.000000,0.000000,0.000000
0.000000,0.000000,0.000000,0.000000
0.000000,0.000000,0.000000,0.000000
0.000000,0.000000,0.000000,0.000000
0.000000,0.000000,0.000000,0.000000
0.000000,0.000000,0.000000,0.000000
0.000000,0.000000,0.000000,0.000000
0.000000,0.000000,0.000000,0.000000
0.000000,0.000000,0.000000,0.000000
0.000000,0.000000,0.000000,0.000000
0.000000,0.000000,0.000000,0.000000
0.000000,0.000000,0.000000,0.000000
0.000000,0.000000,0.000000,0.000000
0.000000,0.000000,0.000000,0.000000
0.000000,0.000000,0.000000,0.000000
0.000000,0.000000,0.000000,0.000000
0.000000,0.000000,0.000000,0.000000
0.000000,0.000000,0.000000,0.000000
0.000000,0.000000,0.000000,0.000000
0.000000,0.000000,0.000000,0.000000
0.000000,0.000000,0.000000,0.000000
0.000000,0.000000,0.000000,0.000000
0.000000,0.000000,0.000000,0.000000
0.000000,0.000000,0.000000,0.000000
0.000000,0.000000,0.000000,0.000000
0.000000,0.000000,0.000000,0.000000
0.000000,0.000000,0.000000,0.000000
0.000000,0.000000,0.000000,0.000000
0.000000,0.000000,0.000000,0.000000
0.000000,0.000000,0.000000,0.000000
0.000000,0.000000,0.000000,0.000000
0.000000,0.000000,0.000000,0.000000
0.000000,0.000000,0.000000,0.000000
0.000000,0.000000,0.000000,0.000000
0.000000,0.000000,0.000000,0.000000
0.000000,0.000000,0.000000,0.000000
0.000000,0.000000,0.000000,0.000000
0.000000,0.000000,0.000000,0.000000
0.000000,0.000000,0.000000,0.000000
0.000000,0.000000,0.000000,0.000000
0.000000,0.000000,0.000000,0.000000
0.000000,0.000000,0.000000,0.000000
0.000000,0.000000,0.000000,0.000000
0.000000,0.000000,0.000000,0.000000
0.000000,0.000000,0.000000,0.000000
0.000000,0.000000,0.000000,0.000000
0.000000,0.000000,0.000000,0.000000
0.000000,0.000000,0.000000,0.000000
0.000000,0.000000,0.000000,0.000000
0.000000,0.000000,0.000000,0.000000
0.000000,0.000000,0.000000,0.000000
0.000000,0.000000,0.000000,0.000000
0.000000,0.000000,0.000000,0.000000
0.000000,0.000000,0.000000,0.000000
0.000000,0.000000,0.000000,0.000000
0.000000,0.000000,0.000000,0.000000
0.000000,0.000000,0.000000,0.000000
0.000000,0.000000,0.000000,0.000000
0.000000,0.000000,0.000000,0.000000
0.000000,0.000000,0.000000,0.000000
0.000000,0.000000,0.000000,0.000000
0.000000,0.000000,0.000000,0.000000
0.000000,0.000000,0.000000,0.000000
0.000000,0.000000,0.000000,0.000000
0.000000,0.000000,0.000000,0.000000
0.000000,0.000000,0.000000,0.000000
0.000000,0.000000,0.000000,0.000000
0.000000,0.000000,0.000000,0.000000
0.000000,0.000000,0.000000,0.000000
0.000000,0.000000,0.000000,0.000000
0.000000,0.000000,0.000000,0.000000
0.000000,0.000000,0.000000,0.000000
0.000000,0.000000,0.000000,0.000000
0.000000,0.000000,0.000000,0.000000
0.000000,0.000000,0.000000,0.000000
0.000000,0.000000,0.000000,0.000000
0.000000,0.000000,0.000000,0.000000
0.000000,0.000000,0.000000,0.000000
0.000000,0.000000,0.000000,0.000000
0.000000,0.000000,0.000000,0.000000
0.000000,0.000000,0.000000,0.000000
0.000000,0.000000,0.000000,0.000000
0.000000,0.000000,0.000000,0.000000
0.000000,0.000000,0.000000,0.000000
0.000000,0.000000,0.000000,0.000000
0.000000,0.000000,0.000000,0.000000
0.000000,0.000000,0.000000,0.000000
0.000000,0.000000,0.000000,0.000000
0.000000,0.000000,0.000000,0.000000
0.000000,0.000000,0.000000,0.000000
0.000000,0.000000,0.000000,0.000000
0.000000,0.000000,0.000000,0.000000
0.000000,0.000000,0.000000,0.000000
0.000000,0.000000,0.000000,0.000000
0.000000,0.000000,0.000000,0.000000
0.000000,0.000000,0.000000,0.000000
0.000000,0.000000,0.000000,0.000000
0.000000,0.000000,0.000000,0.000000
0.000000,0.000000,0.000000,0.000000
0.000000,0.000000,0.000000,0.000000
0.000000,0.000000,0.000000,0.000000
0.000000,0.000000,0.000000,0.000000
0.000000,0.000000,0.000000,0.000000
0.000000,0.000000,0.000000,0.000000
0.000000,0.000000,0.000000,0.000000
0.000000,0.000000,0.000000,0.000000
0.000000,0.000000,0.000000,0.000000
0.000000,0.000000,0.000000,0.000000
0.000000,0.000000,0.000000,0.000000
0.000000,0.000000,0.000000,0.000000
0.000000,0.000000,0.000000,0.000000
0.000000,0.000000,0.000000,0.000000
0.000000,0.000000,0.000000,0.000000
0.000000,0.000000,0.000000,0.000000
0.000000,0.000000,0.000000,0.000000
0.000000,0.000000,0.000000,0.000000
0.000000,0.000000,0.000000,0.000000
0.000000,0.000000,0.000000,0.000000
0.000000,0.000000,0.000000,0.000000
0.000000,0.000000,0.000000,0.000000
0.000000,0.000000,0.000000,0.000000
0.000000,0.000000,0.000000,0.000000
0.000000,0.000000,0.000000,0.000000
0.000000,0.000000,0.000000,0.000000
0.000000,0.000000,0.000000,0.000000
0.000000,0.000000,0.000000,0.000000
0.000000,0.000000,0.000000,0.000000
0.000000,0.000000,0.000000,0.000000
0.000000,0.000000,0.000000,0.000000
0.000000,0.000000,0.000000,0.000000
0.000000,0.000000,0.000000,0.000000
0.000000,0.000000,0.000000,0.000000
0.000000,0.000000,0.000000,0.000000
0.000000,0.000000,0.000000,0.000000
0.000000,0.000000,0.000000,0.000000
0.000000,0.000000,0.000000,0.000000
0.000000,0.000000,0.000000,0.000000
0.000000,0.000000,0.000000,0.000000
0.000000,0.000000,0.000000,0.000000
0.000000,0.000000,0.000000,0.000000
0.000000,0.000000,0.000000,0.000000
0.000000,0.000000,0.000000,0.000000
0.000000,0.000000,0.000000,0.000000
0.000000,0.000000,0.000000,0.000000
0.000000,0.000000,0.000000,0.000000
0.000000,0.000000,0.000000,0.000000
0.000000,0.000000,0.000000,0.000000
0.000000,0.000000,0.000000,0.000000
0.000000,0.000000,0.000000,0.000000
0.000000,0.000000,0.000000,0.000000
0.000000,0.000000,0.000000,0.000000
0.000000,0.000000,0.000000,0.000000
0.000000,0.000000,0.000000,0.000000
0.000000,0.000000,0.000000,0.000000
0.000000,0.000000,0.000000,0.000000
0.000000,0.000000,0.000000,0.000000
0.000000,0.000000,0.000000,0.000000
0.000000,0.000000,0.000000,0.000000
0.000000,0.000000,0.000000,0.000000
0.000000,0.000000,0.000000,0.000000
0.000000,0.000000,0.000000,0.000000
0.000000,0.000000,0.000000,0.000000
0.000000,0.000000,0.000000,0.000000
0.000000,0.000000,0.000000,0.000000
0.000000,0.000000,0.000000,0.000000
0.000000,0.000000,0.000000,0.000000
0.000000,0.000000,0.000000,0.000000
0.000000,0.000000,0.000000,0.000000
0.000000,0.000000,0.000000,0.000000
0.000000,0.000000,0.000000,0.000000
0.000000,0.000000,0.000000,0.000000
0.000000,0.000000,0.000000,0.000000
0.000000,0.000000,0.000000,0.000000
0.000000,0.000000,0.000000,0.000000
0.000000,0.000000,0.000000,0.000000
0.000000,0.000000,0.000000,0.000000
0.000000,0.000000,0.000000,0.000000
0.000000,0.000000,0.000000,0.000000
0.000000,0.000000,0.000000,0.000000
0.000000,0.000000,0.000000,0.000000
0.000000,0.000000,0.000000,0.000000
0.000000,0.000000,0.000000,0.000000
0.000000,0.000000,0.000000,0.000000
0.000000,0.000000,0.000000,0.000000
0.000000,0.000000,0.000000,0.000000
0.000000,0.000000,0.000000,0.000000
0.000000,0.000000,0.000000,0.000000
0.000000,0.000000,0.000000,0.000000
0.000000,0.000000,0.000000,0.000000
0.000000,0.000000,0.000000,0.000000
0.000000,0.000000,0.000000,0.000000
0.000000,0.000000,0.000000,0.000000
0.000000,0.000000,0.000000,0.000000
0.000000,0.000000,0.000000,0.000000
0.000000,0.000000,0.000000,0.000000
0.000000,0.000000,0.000000,0.000000
0.000000,0.000000,0.000000,0.000000
0.000000,0.000000,0.000000,0.000000
0.000000,0.000000,0.000000,0.000000
0.000000,0.000000,0.000000,0.000000
0.000000,0.000000,0.000000,0.000000
0.000000,0.000000,0.000000,0.000000
0.000000,0.000000,0.000000,0.000000
0.000000,0.000000,0.000000,0.000000
0.000000,0.000000,0.000000,0.000000
0.000000,0.000000,0.000000,0.000000
0.000000,0.000000,0.000000,0.000000
0.000000,0.000000,0.000000,0.000000
0.000000,0.000000,0.000000,0.000000
0.000000,0.000000,0.000000,0.000000
0.000000,0.000000,0.000000,0.000000
0.000000,0.000000,0.000000,0.000000
0.000000,0.000000,0.000000,0.000000
0.000000,0.000000,0.000000,0.000000
0.000000,0.000000,0.000000,0.000000
0.000000,0.000000,0.000000,0.000000
0.000000,0.000000,0.000000,0.000000
0.000000,0.000000,0.000000,0.000000
0.000000,0.000000,0.000000,0.000000
0.000000,0.000000,0.000000,0.000000
0.000000,0.000000,0.000000,0.000000
0.000000,0.000000,0.000000,0.000000
0.000000,0.000000,0.000000,0.000000
0.000000,0.000000,0.000000,0.000000
0.000000,0.000000,0.000000,0.000000
0.000000,0.000000,0.000000,0.000000
0.000000,0.000000,0.000000,0.000000
0.000000,0.000000,0.000000,0.000000
0.000000,0.000000,0.000000,0.000000
0.000000,0.000000,0.000000,0.000000
0.000000,0.000000,0.000000,0.000000
0.000000,0.000000,0.000000,0.000000
0.000000,0.000000,0.000000,0.000000
0.000000,0.000000,0.000000,0.000000
0.000000,0.000000,0.000000,0.000000
0.000000,0.000000,0.000000,0.000000
0.000000,0.000000,0.000000,0.000000
0.000000,0.000000,0.000000,0.000000
0.000000,0.000000,0.000000,0.000000
0.000000,0.000000,0.000000,0.000000
0.000000,0.000000,0.000000,0.000000
0.000000,0.000000,0.000000,0.000000
0.000000,0.000000,0.000000,0.000000
0.000000,0.000000,0.000000,0.000000
0.000000,0.000000,0.000000,0.000000
0.000000,0.000000,0.000000,0.000000
0.000000,0.000000,0.000000,0.000000
0.000000,0.000000,0.000000,0.000000
0.000000,0.000000,0.000000,0.000000
0.000000,0.000000,0.000000,0.000000
0.000000,0.000000,0.000000,0.000000
0.000000,0.000000,0.000000,0.000000
0.000000,0.000000,0.000000,0.000000
0.000000,0.000000,0.000000,0.000000
0.000000,0.000000,0.000000,0.000000
0.000000,0.000000,0.000000,0.000000
0.000000,0.000000,0.000000,0.000000
0.000000,0.000000,0.000000,0.000000
0.000000,0.000000,0.000000,0.000000
0.000000,0.000000,0.000000,0.000000
0.000000,0.000000,0.000000,0.000000
0.000000,0.000000,0.000000,0.000000
0.000000,0.000000,0.000000,0.000000
0.000000,0.000000,0.000000,0.000000
0.000000,0.000000,0.000000,0.000000
0.000000,0.000000,0.000000,0.000000
0.000000,0.000000,0.000000,0.000000
0.000000,0.000000,0.000000,0.000000
0.000000,0.000000,0.000000,0.000000
0.000000,0.000000,0.000000,0.000000
0.000000,0.000000,0.000000,0.000000
0.000000,0.000000,0.000000,0.000000
0.000000,0.000000,0.000000,0.000000
0.000000,0.000000,0.000000,0.000000
0.000000,0.000000,0.000000,0.000000
0.000000,0.000000,0.000000,0.000000
0.000000,0.000000,0.000000,0.000000
0.000000,0.000000,0.000000,0.000000
0.000000,0.000000,0.000000,0.000000
0.000000,0.000000,0.000000,0.000000
0.000000,0.000000,0.000000,0.000000
0.000000,0.000000,0.000000,0.000000
0.000000,0.000000,0.000000,0.000000
0.000000,0.000000,0.000000,0.000000
0.000000,0.000000,0.000000,0.000000
0.000000,0.000000,0.000000,0.000000
0.000000,0.000000,0.000000,0.000000
0.000000,0.000000,0.000000,0.000000
0.000000,0.000000,0.000000,0.000000
0.000000,0.000000,0.000000,0.000000
0.000000,0.000000,0.000000,0.000000
0.000000,0.000000,0.000000,0.000000
0.000000,0.000000,0.000000,0.000000
0.000000,0.000000,0.000000,0.000000
0.000000,0.000000,0.000000,0.000000
0.000000,0.000000,0.000000,0.000000
0.000000,0.000000,0.000000,0.000000
0.000000,0.000000,0.000000,0.000000
0.000000,0.000000,0.000000,0.000000
0.000000,0.000000,0.000000,0.000000
0.000000,0.000000,0.000000,0.000000
0.000000,0.000000,0.000000,0.000000
0.000000,0.000000,0.000000,0.000000
0.000000,0.000000,0.000000,0.000000
0.000000,0.000000,0.000000,0.000000
0.000000,0.000000,0.000000,0.000000
0.000000,0.000000,0.000000,0.000000
0.000000,0.000000,0.000000,0.000000
0.000000,0.000000,0.000000,0.000000
0.000000,0.000000,0.000000,0.000000
0.000000,0.000000,0.000000,0.000000
0.000000,0.000000,0.000000,0.000000
0.000000,0.000000,0.000000,0.000000
0.000000,0.000000,0.000000,0.000000
0.000000,0.000000,0.000000,0.000000
0.000000,0.000000,0.000000,0.000000
0.000000,0.000000,0.000000,0.000000
0.000000,0.000000,0.000000,0.000000
0.000000,0.000000,0.000000,0.000000
0.000000,0.000000,0.000000,0.000000
0.000000,0.000000,0.000000,0.000000
0.000000,0.000000,0.000000,0.000000
0.000000,0.000000,0.000000,0.000000
0.000000,0.000000,0.000000,0.000000
0.000000,0.000000,0.000000,0.000000
0.000000,0.000000,0.000000,0.000000
0.000000,0.000000,0.000000,0.000000
0.000000,0.000000,0.000000,0.000000
0.000000,0.000000,0.000000,0.000000
0.000000,0.000000,0.000000,0.000000
0.000000,0.000000,0.000000,0.000000
0.000000,0.000000,0.000000,0.000000
0.000000,0.000000,0.000000,0.000000
0.000000,0.000000,0.000000,0.000000
0.000000,0.000000,0.000000,0.000000
0.000000,0.000000,0.000000,0.000000
0.000000,0.000000,0.000000,0.000000
0.000000,0.000000,0.000000,0.000000
0.000000,0.000000,0.000000,0.000000
0.000000,0.000000,0.000000,0.000000
0.000000,0.000000,0.000000,0.000000
0.000000,0.000000,0.000000,0.000000
0.000000,0.000000,0.000000,0.000000
0.000000,0.000000,0.000000,0.000000
0.000000,0.000000,0.000000,0.000000
0.000000,0.000000,0.000000,0.000000
0.000000,0.000000,0.000000,0.000000
0.000000,0.000000,0.000000,0.000000
0.000000,0.000000,0.000000,0.000000
0.000000,0.000000,0.000000,0.000000
0.000000,0.000000,0.000000,0.000000
0.000000,0.000000,0.000000,0.000000
0.000000,0.000000,0.000000,0.000000
0.000000,0.000000,0.000000,0.000000
0.000000,0.000000,0.000000,0.000000
0.000000,0.000000,0.000000,0.000000
0.000000,0.000000,0.000000,0.000000
0.000000,0.000000,0.000000,0.000000
0.000000,0.000000,0.000000,0.000000
0.000000,0.000000,0.000000,0.000000
0.000000,0.000000,0.000000,0.000000
0.000000,0.000000,0.000000,0.000000
0.000000,0.000000,0.000000,0.000000
0.000000,0.000000,0.000000,0.000000
0.000000,0.000000,0.000000,0.000000
0.000000,0.000000,0.000000,0.000000
0.000000,0.000000,0.000000,0.000000
0.000000,0.000000,0.000000,0.000000
0.000000,0.000000,0.000000,0.000000
0.000000,0.000000,0.000000,0.000000
0.000000,0.000000,0.000000,0.000000
0.000000,0.000000,0.000000,0.000000
0.000000,0.000000,0.000000,0.000000
0.000000,0.000000,0.000000,0.000000
0.000000,0.000000,0.000000,0.000000
0.000000,0.000000,0.000000,0.000000
0.000000,0.000000,0.000000,0.000000
0.000000,0.000000,0.000000,0.000000
0.000000,0.000000,0.000000,0.000000
0.000000,0.000000,0.000000,0.000000
0.000000,0.000000,0.000000,0.000000
0.000000,0.000000,0.000000,0.000000
0.000000,0.000000,0.000000,0.000000
0.000000,0.000000,0.000000,0.000000
0.000000,0.000000,0.000000,0.000000
0.000000,0.000000,0.000000,0.000000
0.000000,0.000000,0.000000,0.000000
0.000000,0.000000,0.000000,0.000000
0.000000,0.000000,0.000000,0.000000
0.000000,0.000000,0.000000,0.000000
0.000000,0.000000,0.000000,0.000000
0.000000,0.000000,0.000000,0.000000
0.000000,0.000000,0.000000,0.000000
0.000000,0.000000,0.000000,0.000000
0.000000,0.000000,0.000000,0.000000
0.000000,0.000000,0.000000,0.000000
0.000000,0.000000,0.000000,0.000000
0.000000,0.000000,0.000000,0.000000
0.000000,0.000000,0.000000,0.000000
0.000000,0.000000,0.000000,0.000000
0.000000,0.000000,0.000000,0.000000
0.000000,0.000000,0.000000,0.000000
0.000000,0.000000,0.000000,0.000000
0.000000,0.000000,0.000000,0.000000
0.000000,0.000000,0.000000,0.000000
0.000000,0.000000,0.000000,0.000000
0.000000,0.000000,0.000000,0.000000
0.000000,0.000000,0.000000,0.000000
0.000000,0.000000,0.000000,0.000000
0.000000,0.000000,0.000000,0.000000
0.000000,0.000000,0.000000,0.000000
0.000000,0.000000,0.000000,0.000000
0.000000,0.000000,0.000000,0.000000
0.000000,0.000000,0.000000,0.000000
0.000000,0.000000,0.000000,0.000000
0.000000,0.000000,0.000000,0.000000
0.000000,0.000000,0.000000,0.000000
0.000000,0.000000,0.000000,0.000000
0.000000,0.000000,0.000000,0.000000
0.000000,0.000000,0.000000,0.000000
0.000000,0.000000,0.000000,0.000000
0.000000,0.000000,0.000000,0.000000
0.000000,0.000000,0.000000,0.000000
0.000000,0.000000,0.000000,0.000000
0.000000,0.000000,0.000000,0.000000
0.000000,0.000000,0.000000,0.000000
0.000000,0.000000,0.000000,0.000000
0.000000,0.000000,0.000000,0.000000
0.000000,0.000000,0.000000,0.000000
0.000000,0.000000,0.000000,0.000000
0.000000,0.000000,0.000000,0.000000
0.000000,0.000000,0.000000,0.000000
0.000000,0.000000,0.000000,0.000000
0.000000,0.000000,0.000000,0.000000
0.000000,0.000000,0.000000,0.000000
0.000000,0.000000,0.000000,0.000000
0.000000,0.000000,0.000000,0.000000
0.000000,0.000000,0.000000,0.000000
0.000000,0.000000,0.000000,0.000000
0.000000,0.000000,0.000000,0.000000
0.000000,0.000000,0.000000,0.000000
0.000000,0.000000,0.000000,0.000000
0.000000,0.000000,0.000000,0.000000
0.000000,0.000000,0.000000,0.000000
0.000000,0.000000,0.000000,0.000000
0.000000,0.000000,0.000000,0.000000
0.000000,0.000000,0.000000,0.000000
0.000000,0.000000,0.000000,0.000000
0.000000,0.000000,0.000000,0.000000
0.000000,0.000000,0.000000,0.000000
0.000000,0.000000,0.000000,0.000000
0.000000,0.000000,0.000000,0.000000
0.000000,0.000000,0.000000,0.000000
0.000000,0.000000,0.000000,0.000000
0.000000,0.000000,0.000000,0.000000
0.000000,0.000000,0.000000,0.000000
0.000000,0.000000,0.000000,0.000000
0.000000,0.000000,0.000000,0.000000
0.000000,0.000000,0.000000,0.000000
0.000000,0.000000,0.000000,0.000000
0.000000,0.000000,0.000000,0.000000
0.000000,0.000000,0.000000,0.000000
0.000000,0.000000,0.000000,0.000000
0.000000,0.000000,0.000000,0.000000
0.000000,0.000000,0.000000,0.000000
0.000000,0.000000,0.000000,0.000000
0.000000,0.000000,0.000000,0.000000
0.000000,0.000000,0.000000,0.000000
0.000000,0.000000,0.000000,0.000000
0.000000,0.000000,0.000000,0.000000
0.000000,0.000000,0.000000,0.000000
0.000000,0.000000,0.000000,0.000000
0.000000,0.000000,0.000000,0.000000
0.000000,0.000000,0.000000,0.000000
0.000000,0.000000,0.000000,0.000000
0.000000,0.000000,0.000000,0.000000
0.000000,0.000000,0.000000,0.000000
0.000000,0.000000,0.000000,0.000000
0.000000,0.000000,0.000000,0.000000
0.000000,0.000000,0.000000,0.000000
0.000000,0.000000,0.000000,0.000000
0.000000,0.000000,0.000000,0.000000
0.000000,0.000000,0.000000,0.000000
0.000000,0.000000,0.000000,0.000000
0.000000,0.000000,0.000000,0.000000
0.000000,0.000000,0.000000,0.000000
0.000000,0.000000,0.000000,0.000000
0.000000,0.000000,0.000000,0.000000
0.000000,0.000000,0.000000,0.000000
0.000000,0.000000,0.000000,0.000000
0.000000,0.000000,0.000000,0.000000
0.000000,0.000000,0.000000,0.000000
0.000000,0.000000,0.000000,0.000000
0.000000,0.000000,0.000000,0.000000
0.000000,0.000000,0.000000,0.000000
0.000000,0.000000,0.000000,0.000000
0.000000,0.000000,0.000000,0.000000
0.000000,0.000000,0.000000,0.000000
0.000000,0.000000,0.000000,0.000000
0.000000,0.000000,0.000000,0.000000
0.000000,0.000000,0.000000,0.000000
0.000000,0.000000,0.000000,0.000000
0.000000,0.000000,0.000000,0.000000
0.000000,0.000000,0.000000,0.000000
0.000000,0.000000,0.000000,0.000000
0.000000,0.000000,0.000000,0.000000
0.000000,0.000000,0.000000,0.000000
0.000000,0.000000,0.000000,0.000000
0.000000,0.000000,0.000000,0.000000
0.000000,0.000000,0.000000,0.000000
0.000000,0.000000,0.000000,0.000000
0.000000,0.000000,0.000000,0.000000
0.000000,0.000000,0.000000,0.000000
0.000000,0.000000,0.000000,0.000000
0.000000,0.000000,0.000000,0.000000
0.000000,0.000000,0.000000,0.000000
0.000000,0.000000,0.000000,0.000000
0.000000,0.000000,0.000000,0.000000
0.000000,0.000000,0.000000,0.000000
0.000000,0.000000,0.000000,0.000000
0.000000,0.000000,0.000000,0.000000
0.000000,0.000000,0.000000,0.000000
0.000000,0.000000,0.000000,0.000000
0.000000,0.000000,0.000000,0.000000
0.000000,0.000000,0.000000,0.000000
0.000000,0.000000,0.000000,0.000000
0.000000,0.000000,0.000000,0.000000
0.000000,0.000000,0.000000,0.000000
0.000000,0.000000,0.000000,0.000000
0.000000,0.000000,0.000000,0.000000
0.000000,0.000000,0.000000,0.000000
0.000000,0.000000,0.000000,0.000000
0.000000,0.000000,0.000000,0.000000
0.000000,0.000000,0.000000,0.000000
0.000000,0.000000,0.000000,0.000000
0.000000,0.000000,0.000000,0.000000
0.000000,0.000000,0.000000,0.000000
0.000000,0.000000,0.000000,0.000000
0.000000,0.000000,0.000000,0.000000
0.000000,0.000000,0.000000,0.000000
0.000000,0.000000,0.000000,0.000000
0.000000,0.000000,0.000000,0.000000
0.000000,0.000000,0.000000,0.000000
0.000000,0.000000,0.000000,0.000000
0.000000,0.000000,0.000000,0.000000
0.000000,0.000000,0.000000,0.000000
0.000000,0.000000,0.000000,0.000000
0.000000,0.000000,0.000000,0.000000
0.000000,0.000000,0.000000,0.000000
0.000000,0.000000,0.000000,0.000000
0.000000,0.000000,0.000000,0.000000
0.000000,0.000000,0.000000,0.000000
0.000000,0.000000,0.000000,0.000000
0.000000,0.000000,0.000000,0.000000
0.000000,0.000000,0.000000,0.000000
0.000000,0.000000,0.000000,0.000000
0.000000,0.000000,0.000000,0.000000
0.000000,0.000000,0.000000,0.000000
0.000000,0.000000,0.000000,0.000000
0.000000,0.000000,0.000000,0.000000
0.000000,0.000000,0.000000,0.000000
0.000000,0.000000,0.000000,0.000000
0.000000,0.000000,0.000000,0.000000
0.000000,0.000000,0.000000,0.000000
0.000000,0.000000,0.000000,0.000000
0.000000,0.000000,0.000000,0.000000
0.000000,0.000000,0.000000,0.000000
0.000000,0.000000,0.000000,0.000000
0.000000,0.000000,0.000000,0.000000
0.000000,0.000000,0.000000,0.000000
0.000000,0.000000,0.000000,0.000000
0.000000,0.000000,0.000000,0.000000
0.000000,0.000000,0.000000,0.000000
0.000000,0.000000,0.000000,0.000000
0.000000,0.000000,0.000000,0.000000
0.000000,0.000000,0.000000,0.000000
0.000000,0.000000,0.000000,0.000000
0.000000,0.000000,0.000000,0.000000
0.000000,0.000000,0.000000,0.000000
0.000000,0.000000,0.000000,0.000000
0.000000,0.000000,0.000000,0.000000
0.000000,0.000000,0.000000,0.000000
0.000000,0.000000,0.000000,0.000000
0.000000,0.000000,0.000000,0.000000
0.000000,0.000000,0.000000,0.000000
0.000000,0.000000,0.000000,0.000000
0.000000,0.000000,0.000000,0.000000
0.000000,0.000000,0.000000,0.000000
0.000000,0.000000,0.000000,0.000000
0.000000,0.000000,0.000000,0.000000
0.000000,0.000000,0.000000,0.000000
0.000000,0.000000,0.000000,0.000000
0.000000,0.000000,0.000000,0.000000
0.000000,0.000000,0.000000,0.000000
0.000000,0.000000,0.000000,0.000000
0.000000,0.000000,0.000000,0.000000
0.000000,0.000000,0.000000,0.000000
0.000000,0.000000,0.000000,0.000000
0.000000,0.000000,0.000000,0.000000
0.000000,0.000000,0.000000,0.000000
0.000000,0.000000,0.000000,0.000000
0.000000,0.000000,0.000000,0.000000
0.000000,0.000000,0.000000,0.000000
0.000000,0.000000,0.000000,0.000000
0.000000,0.000000,0.000000,0.000000
0.000000,0.000000,0.000000,0.000000
0.000000,0.000000,0.000000,0.000000
0.000000,0.000000,0.000000,0.000000
0.000000,0.000000,0.000000,0.000000
0.000000,0.000000,0.000000,0.000000
0.000000,0.000000,0.000000,0.000000
0.000000,0.000000,0.000000,0.000000
0.000000,0.000000,0.000000,0.000000
0.000000,0.000000,0.000000,0.000000
0.000000,0.000000,0.000000,0.000000
0.000000,0.000000,0.000000,0.000000
0.000000,0.000000,0.000000,0.000000
0.000000,0.000000,0.000000,0.000000
0.000000,0.000000,0.000000,0.000000
0.000000,0.000000,0.000000,0.000000
0.000000,0.000000,0.000000,0.000000
0.000000,0.000000,0.000000,0.000000
0.000000,0.000000,0.000000,0.000000
0.000000,0.000000,0.000000,0.000000
0.000000,0.000000,0.000000,0.000000
0.000000,0.000000,0.000000,0.000000
0.000000,0.000000,0.000000,0.000000
0.000000,0.000000,0.000000,0.000000
0.000000,0.000000,0.000000,0.000000
0.000000,0.000000,0.000000,0.000000
0.000000,0.000000,0.000000,0.000000
0.000000,0.000000,0.000000,0.000000
0.000000,0.000000,0.000000,0.000000
0.000000,0.000000,0.000000,0.000000
0.000000,0.000000,0.000000,0.000000
0.000000,0.000000,0.000000,0.000000
0.000000,0.000000,0.000000,0.000000
0.000000,0.000000,0.000000,0.000000
0.000000,0.000000,0.000000,0.000000
0.000000,0.000000,0.000000,0.000000
0.000000,0.000000,0.000000,0.000000
0.000000,0.000000,0.000000,0.000000
0.000000,0.000000,0.000000,0.000000
0.000000,0.000000,0.000000,0.000000
0.000000,0.000000,0.000000,0.000000
0.000000,0.000000,0.000000,0.000000
0.000000,0.000000,0.000000,0.000000
0.000000,0.000000,0.000000,0.000000
0.000000,0.000000,0.000000,0.000000
0.000000,0.000000,0.000000,0.000000
0.000000,0.000000,0.000000,0.000000
0.000000,0.000000,0.000000,0.000000
0.000000,0.000000,0.000000,0.000000
0.000000,0.000000,0.000000,0.000000
0.000000,0.000000,0.000000,0.000000
0.000000,0.000000,0.000000,0.000000
0.000000,0.000000,0.000000,0.000000
0.000000,0.000000,0.000000,0.000000
0.000000,0.000000,0.000000,0.000000
0.000000,0.000000,0.000000,0.000000
0.000000,0.000000,0.000000,0.000000
0.000000,0.000000,0.000000,0.000000
0.000000,0.000000,0.000000,0.000000
0.000000,0.000000,0.000000,0.000000
0.000000,0.000000,0.000000,0.000000
0.000000,0.000000,0.000000,0.000000
0.000000,0.000000,0.000000,0.000000
0.000000,0.000000,0.000000,0.000000
0.000000,0.000000,0.000000,0.000000
0.000000,0.000000,0.000000,0.000000
0.000000,0.000000,0.000000,0.000000
0.000000,0.000000,0.000000,0.000000
0.000000,0.000000,0.000000,0.000000
0.000000,0.000000,0.000000,0.000000
0.000000,0.000000,0.000000,0.000000
0.000000,0.000000,0.000000,0.000000
0.000000,0.000000,0.000000,0.000000
0.000000,0.000000,0.000000,0.000000
0.000000,0.000000,0.000000,0.000000
0.000000,0.000000,0.000000,0.000000
0.000000,0.000000,0.000000,0.000000
0.000000,0.000000,0.000000,0.000000
0.000000,0.000000,0.000000,0.000000
0.000000,0.000000,0.000000,0.000000
0.000000,0.000000,0.000000,0.000000
0.000000,0.000000,0.000000,0.000000
0.000000,0.000000,0.000000,0.000000
0.000000,0.000000,0.000000,0.000000
0.000000,0.000000,0.000000,0.000000
0.000000,0.000000,0.000000,0.000000
0.000000,0.000000,0.000000,0.000000
0.000000,0.000000,0.000000,0.000000
0.000000,0.000000,0.000000,0.000000
0.000000,0.000000,0.000000,0.000000
0.000000,0.000000,0.000000,0.000000
0.000000,0.000000,0.000000,0.000000
0.000000,0.000000,0.000000,0.000000
0.000000,0.000000,0.000000,0.000000
0.000000,0.000000,0.000000,0.000000
0.000000,0.000000,0.000000,0.000000
0.000000,0.000000,0.000000,0.000000
0.000000,0.000000,0.000000,0.000000
0.000000,0.000000,0.000000,0.000000
0.000000,0.000000,0.000000,0.000000
0.000000,0.000000,0.000000,0.000000
0.000000,0.000000,0.000000,0.000000
0.000000,0.000000,0.000000,0.000000
0.000000,0.000000,0.000000,0.000000
0.000000,0.000000,0.000000,0.000000
0.000000,0.000000,0.000000,0.000000
0.000000,0.000000,0.000000,0.000000
0.000000,0.000000,0.000000,0.000000
0.000000,0.000000,0.000000,0.000000
0.000000,0.000000,0.000000,0.000000
0.000000,0.000000,0.000000,0.000000
0.000000,0.000000,0.000000,0.000000
0.000000,0.000000,0.000000,0.000000
0.000000,0.000000,0.000000,0.000000
0.000000,0.000000,0.000000,0.000000
0.000000,0.000000,0.000000,0.000000
0.000000,0.000000,0.000000,0.000000
0.000000,0.000000,0.000000,0.000000
0.000000,0.000000,0.000000,0.000000
0.000000,0.000000,0.000000,0.000000
0.000000,0.000000,0.000000,0.000000
0.000000,0.000000,0.000000,0.000000
0.000000,0.000000,0.000000,0.000000
0.000000,0.000000,0.000000,0.000000
0.000000,0.000000,0.000000,0.000000
0.000000,0.000000,0.000000,0.000000
0.000000,0.000000,0.000000,0.000000
0.000000,0.000000,0.000000,0.000000
0.000000,0.000000,0.000000,0.000000
0.000000,0.000000,0.000000,0.000000
0.000000,0.000000,0.000000,0.000000
0.000000,0.000000,0.000000,0.000000
0.000000,0.000000,0.000000,0.000000
0.000000,0.000000,0.000000,0.000000
0.000000,0.000000,0.000000,0.000000
0.000000,0.000000,0.000000,0.000000
0.000000,0.000000,0.000000,0.000000
0.000000,0.000000,0.000000,0.000000
0.000000,0.000000,0.000000,0.000000
0.000000,0.000000,0.000000,0.000000
0.000000,0.000000,0.000000,0.000000
0.000000,0.000000,0.000000,0.000000
0.000000,0.000000,0.000000,0.000000
0.000000,0.000000,0.000000,0.000000
0.000000,0.000000,0.000000,0.000000
0.000000,0.000000,0.000000,0.000000
0.000000,0.000000,0.000000,0.000000
0.000000,0.000000,0.000000,0.000000
0.000000,0.000000,0.000000,0.000000
0.000000,0.000000,0.000000,0.000000
0.000000,0.000000,0.000000,0.000000
0.000000,0.000000,0.000000,0.000000
0.000000,0.000000,0.000000,0.000000
0.000000,0.000000,0.000000,0.000000
0.000000,0.000000,0.000000,0.000000
0.000000,0.000000,0.000000,0.000000
0.000000,0.000000,0.000000,0.000000
0.000000,0.000000,0.000000,0.000000
0.000000,0.000000,0.000000,0.000000
0.000000,0.000000,0.000000,0.000000
0.000000,0.000000,0.000000,0.000000
0.000000,0.000000,0.000000,0.000000
0.000000,0.000000,0.000000,0.000000
0.000000,0.000000,0.000000,0.000000
0.000000,0.000000,0.000000,0.000000
0.000000,0.000000,0.000000,0.000000
0.000000,0.000000,0.000000,0.000000
0.000000,0.000000,0.000000,0.000000
0.000000,0.000000,0.000000,0.000000
0.000000,0.000000,0.000000,0.000000
0.000000,0.000000,0.000000,0.000000
0.000000,0.000000,0.000000,0.000000
0.000000,0.000000,0.000000,0.000000
0.000000,0.000000,0.000000,0.000000
0.000000,0.000000,0.000000,0.000000
0.000000,0.000000,0.000000,0.000000
0.000000,0.000000,0.000000,0.000000
0.000000,0.000000,0.000000,0.000000
0.000000,0.000000,0.000000,0.000000
0.000000,0.000000,0.000000,0.000000
0.000000,0.000000,0.000000,0.000000
0.000000,0.000000,0.000000,0.000000
0.000000,0.000000,0.000000,0.000000
0.000000,0.000000,0.000000,0.000000
0.000000,0.000000,0.000000,0.000000
0.000000,0.000000,0.000000,0.000000
0.000000,0.000000,0.000000,0.000000
0.000000,0.000000,0.000000,0.000000
0.000000,0.000000,0.000000,0.000000
0.000000,0.000000,0.000000,0.000000
0.000000,0.000000,0.000000,0.000000
0.000000,0.000000,0.000000,0.000000
0.000000,0.000000,0.000000,0.000000
0.000000,0.000000,0.000000,0.000000
0.000000,0.000000,0.000000,0.000000
0.000000,0.000000,0.000000,0.000000
0.000000,0.000000,0.000000,0.000000
0.000000,0.000000,0.000000,0.000000
0.000000,0.000000,0.000000,0.000000
0.000000,0.000000,0.000000,0.000000
0.000000,0.000000,0.000000,0.000000
0.000000,0.000000,0.000000,0.000000
0.000000,0.000000,0.000000,0.000000
0.000000,0.000000,0.000000,0.000000
0.000000,0.000000,0.000000,0.000000
0.000000,0.000000,0.000000,0.000000
0.000000,0.000000,0.000000,0.000000
0.000000,0.000000,0.000000,0.000000
0.000000,0.000000,0.000000,0.000000
0.000000,0.000000,0.000000,0.000000
0.000000,0.000000,0.000000,0.000000
0.000000,0.000000,0.000000,0.000000
0.000000,0.000000,0.000000,0.000000
0.000000,0.000000,0.000000,0.000000
0.000000,0.000000,0.000000,0.000000
0.000000,0.000000,0.000000,0.000000
0.000000,0.000000,0.000000,0.000000
0.000000,0.000000,0.000000,0.000000
0.000000,0.000000,0.000000,0.000000
0.000000,0.000000,0.000000,0.000000
0.000000,0.000000,0.000000,0.000000
0.000000,0.000000,0.000000,0.000000
0.000000,0.000000,0.000000,0.000000
0.000000,0.000000,0.000000,0.000000
0.000000,0.000000,0.000000,0.000000
0.000000,0.000000,0.000000,0.000000
0.000000,0.000000,0.000000,0.000000
0.000000,0.000000,0.000000,0.000000
0.000000,0.000000,0.000000,0.000000
0.000000,0.000000,0.000000,0.000000
0.000000,0.000000,0.000000,0.000000
0.000000,0.000000,0.000000,0.000000
0.000000,0.000000,0.000000,0.000000
0.000000,0.000000,0.000000,0.000000
0.000000,0.000000,0.000000,0.000000
0.000000,0.000000,0.000000,0.000000
0.000000,0.000000,0.000000,0.000000
0.000000,0.000000,0.000000,0.000000
0.000000,0.000000,0.000000,0.000000
0.000000,0.000000,0.000000,0.000000
0.000000,0.000000,0.000000,0.000000
0.000000,0.000000,0.000000,0.000000
0.000000,0.000000,0.000000,0.000000
0.000000,0.000000,0.000000,0.000000
0.000000,0.000000,0.000000,0.000000
0.000000,0.000000,0.000000,0.000000
0.000000,0.000000,0.000000,0.000000
0.000000,0.000000,0.000000,0.000000
0.000000,0.000000,0.000000,0.000000
0.000000,0.000000,0.000000,0.000000
0.000000,0.000000,0.000000,0.000000
0.000000,0.000000,0.000000,0.000000
0.000000,0.000000,0.000000,0.000000
0.000000,0.000000,0.000000,0.000000
0.000000,0.000000,0.000000,0.000000
0.000000,0.000000,0.000000,0.000000
0.000000,0.000000,0.000000,0.000000
0.000000,0.000000,0.000000,0.000000
0.000000,0.000000,0.000000,0.000000
0.000000,0.000000,0.000000,0.000000
0.000000,0.000000,0.000000,0.000000
0.000000,0.000000,0.000000,0.000000
0.000000,0.000000,0.000000,0.000000
0.000000,0.000000,0.000000,0.000000
0.000000,0.000000,0.000000,0.000000
0.000000,0.000000,0.000000,0.000000
0.000000,0.000000,0.000000,0.000000
0.000000,0.000000,0.000000,0.000000
0.000000,0.000000,0.000000,0.000000
0.000000,0.000000,0.000000,0.000000
0.000000,0.000000,0.000000,0.000000
0.000000,0.000000,0.000000,0.000000
0.000000,0.000000,0.000000,0.000000
0.000000,0.000000,0.000000,0.000000
0.000000,0.000000,0.000000,0.000000
0.000000,0.000000,0.000000,0.000000
0.000000,0.000000,0.000000,0.000000
0.000000,0.000000,0.000000,0.000000
0.000000,0.000000,0.000000,0.000000
0.000000,0.000000,0.000000,0.000000
0.000000,0.000000,0.000000,0.000000
0.000000,0.000000,0.000000,0.000000
0.000000,0.000000,0.000000,0.000000
0.000000,0.000000,0.000000,0.000000
0.000000,0.000000,0.000000,0.000000
0.000000,0.000000,0.000000,0.000000
0.000000,0.000000,0.000000,0.000000
0.000000,0.000000,0.000000,0.000000
0.000000,0.000000,0.000000,0.000000
0.000000,0.000000,0.000000,0.000000
0.000000,0.000000,0.000000,0.000000
0.000000,0.000000,0.000000,0.000000
0.000000,0.000000,0.000000,0.000000
0.000000,0.000000,0.000000,0.000000
0.000000,0.000000,0.000000,0.000000
0.000000,0.000000,0.000000,0.000000
0.000000,0.000000,0.000000,0.000000
0.000000,0.000000,0.000000,0.000000
0.000000,0.000000,0.000000,0.000000
0.000000,0.000000,0.000000,0.000000
0.000000,0.000000,0.000000,0.000000
0.000000,0.000000,0.000000,0.000000
0.000000,0.000000,0.000000,0.000000
0.000000,0.000000,0.000000,0.000000
0.000000,0.000000,0.000000,0.000000
0.000000,0.000000,0.000000,0.000000
0.000000,0.000000,0.000000,0.000000
0.000000,0.000000,0.000000,0.000000
0.000000,0.000000,0.000000,0.000000
0.000000,0.000000,0.000000,0.000000
0.000000,0.000000,0.000000,0.000000
0.000000,0.000000,0.000000,0.000000
0.000000,0.000000,0.000000,0.000000
0.000000,0.000000,0.000000,0.000000
0.000000,0.000000,0.000000,0.000000
0.000000,0.000000,0.000000,0.000000
0.000000,0.000000,0.000000,0.000000
0.000000,0.000000,0.000000,0.000000
0.000000,0.000000,0.000000,0.000000
0.000000,0.000000,0.000000,0.000000
0.000000,0.000000,0.000000,0.000000
0.000000,0.000000,0.000000,0.000000
0.000000,0.000000,0.000000,0.000000
0.000000,0.000000,0.000000,0.000000
0.000000,0.000000,0.000000,0.000000
0.000000,0.000000,0.000000,0.000000
0.000000,0.000000,0.000000,0.000000
0.000000,0.000000,0.000000,0.000000
0.000000,0.000000,0.000000,0.000000
0.000000,0.000000,0.000000,0.000000
0.000000,0.000000,0.000000,0.000000
0.000000,0.000000,0.000000,0.000000
0.000000,0.000000,0.000000,0.000000
0.000000,0.000000,0.000000,0.000000
0.000000,0.000000,0.000000,0.000000
0.000000,0.000000,0.000000,0.000000
0.000000,0.000000,0.000000,0.000000
0.000000,0.000000,0.000000,0.000000
0.000000,0.000000,0.000000,0.000000
0.000000,0.000000,0.000000,0.000000
0.000000,0.000000,0.000000,0.000000
0.000000,0.000000,0.000000,0.000000
0.000000,0.000000,0.000000,0.000000
0.000000,0.000000,0.000000,0.000000
0.000000,0.000000,0.000000,0.000000
0.000000,0.000000,0.000000,0.000000
0.000000,0.000000,0.000000,0.000000
0.000000,0.000000,0.000000,0.000000
0.000000,0.000000,0.000000,0.000000
0.000000,0.000000,0.000000,0.000000
0.000000,0.000000,0.000000,0.000000
0.000000,0.000000,0.000000,0.000000
0.000000,0.000000,0.000000,0.000000
0.000000,0.000000,0.000000,0.000000
0.000000,0.000000,0.000000,0.000000
0.000000,0.000000,0.000000,0.000000
0.000000,0.000000,0.000000,0.000000
0.000000,0.000000,0.000000,0.000000
0.000000,0.000000,0.000000,0.000000
0.000000,0.000000,0.000000,0.000000
0.000000,0.000000,0.000000,0.000000
0.000000,0.000000,0.000000,0.000000
0.000000,0.000000,0.000000,0.000000
0.000000,0.000000,0.000000,0.000000
0.000000,0.000000,0.000000,0.000000
0.000000,0.000000,0.000000,0.000000
0.000000,0.000000,0.000000,0.000000
0.000000,0.000000,0.000000,0.000000
0.000000,0.000000,0.000000,0.000000
0.000000,0.000000,0.000000,0.000000
0.000000,0.000000,0.000000,0.000000
0.000000,0.000000,0.000000,0.000000
0.000000,0.000000,0.000000,0.000000
0.000000,0.000000,0.000000,0.000000
0.000000,0.000000,0.000000,0.000000
0.000000,0.000000,0.000000,0.000000
0.000000,0.000000,0.000000,0.000000
0.000000,0.000000,0.000000,0.000000
0.000000,0.000000,0.000000,0.000000
0.000000,0.000000,0.000000,0.000000
0.000000,0.000000,0.000000,0.000000
0.000000,0.000000,0.000000,0.000000
0.000000,0.000000,0.000000,0.000000
0.000000,0.000000,0.000000,0.000000
0.000000,0.000000,0.000000,0.000000
0.000000,0.000000,0.000000,0.000000
0.000000,0.000000,0.000000,0.000000
0.000000,0.000000,0.000000,0.000000
0.000000,0.000000,0.000000,0.000000
0.000000,0.000000,0.000000,0.000000
0.000000,0.000000,0.000000,0.000000
0.000000,0.000000,0.000000,0.000000
0.000000,0.000000,0.000000,0.000000
0.000000,0.000000,0.000000,0.000000
0.000000,0.000000,0.000000,0.000000
0.000000,0.000000,0.000000,0.000000
0.000000,0.000000,0.000000,0.000000
0.000000,0.000000,0.000000,0.000000
0.000000,0.000000,0.000000,0.000000
0.000000,0.000000,0.000000,0.000000
0.000000,0.000000,0.000000,0.000000
0.000000,0.000000,0.000000,0.000000
0.000000,0.000000,0.000000,0.000000
0.000000,0.000000,0.000000,0.000000
0.000000,0.000000,0.000000,0.000000
0.000000,0.000000,0.000000,0.000000
0.000000,0.000000,0.000000,0.000000
0.000000,0.000000,0.000000,0.000000
0.000000,0.000000,0.000000,0.000000
0.000000,0.000000,0.000000,0.000000
0.000000,0.000000,0.000000,0.000000
0.000000,0.000000,0.000000,0.000000
0.000000,0.000000,0.000000,0.000000
0.000000,0.000000,0.000000,0.000000
0.000000,0.000000,0.000000,0.000000
0.000000,0.000000,0.000000,0.000000
0.000000,0.000000,0.000000,0.000000
0.000000,0.000000,0.000000,0.000000
0.000000,0.000000,0.000000,0.000000
0.000000,0.000000,0.000000,0.000000
0.000000,0.000000,0.000000,0.000000
0.000000,0.000000,0.000000,0.000000
0.000000,0.000000,0.000000,0.000000
0.000000,0.000000,0.000000,0.000000
0.000000,0.000000,0.000000,0.000000
0.000000,0.000000,0.000000,0.000000
0.000000,0.000000,0.000000,0.000000
0.000000,0.000000,0.000000,0.000000
0.000000,0.000000,0.000000,0.000000
0.000000,0.000000,0.000000,0.000000
0.000000,0.000000,0.000000,0.000000
0.000000,0.000000,0.000000,0.000000
0.000000,0.000000,0.000000,0.000000
0.000000,0.000000,0.000000,0.000000
0.000000,0.000000,0.000000,0.000000
0.000000,0.000000,0.000000,0.000000
0.000000,0.000000,0.000000,0.000000
0.000000,0.000000,0.000000,0.000000
0.000000,0.000000,0.000000,0.000000
0.000000,0.000000,0.000000,0.000000
0.000000,0.000000,0.000000,0.000000
0.000000,0.000000,0.000000,0.000000
0.000000,0.000000,0.000000,0.000000
0.000000,0.000000,0.000000,0.000000
0.000000,0.000000,0.000000,0.000000
0.000000,0.000000,0.000000,0.000000
0.000000,0.000000,0.000000,0.000000
0.000000,0.000000,0.000000,0.000000
0.000000,0.000000,0.000000,0.000000
0.000000,0.000000,0.000000,0.000000
0.000000,0.000000,0.000000,0.000000
0.000000,0.000000,0.000000,0.000000
0.000000,0.000000,0.000000,0.000000
0.000000,0.000000,0.000000,0.000000
0.000000,0.000000,0.000000,0.000000
0.000000,0.000000,0.000000,0.000000
0.000000,0.000000,0.000000,0.000000
0.000000,0.000000,0.000000,0.000000
0.000000,0.000000,0.000000,0.000000
0.000000,0.000000,0.000000,0.000000
0.000000,0.000000,0.000000,0.000000
0.000000,0.000000,0.000000,0.000000
0.000000,0.000000,0.000000,0.000000
0.000000,0.000000,0.000000,0.000000
0.000000,0.000000,0.000000,0.000000
0.000000,0.000000,0.000000,0.000000
0.000000,0.000000,0.000000,0.000000
0.000000,0.000000,0.000000,0.000000
0.000000,0.000000,0.000000,0.000000
0.000000,0.000000,0.000000,0.000000
0.000000,0.000000,0.000000,0.000000
0.000000,0.000000,0.000000,0.000000
0.000000,0.000000,0.000000,0.000000
0.000000,0.000000,0.000000,0.000000
0.000000,0.000000,0.000000,0.000000
0.000000,0.000000,0.000000,0.000000
0.000000,0.000000,0.000000,0.000000
0.000000,0.000000,0.000000,0.000000
0.000000,0.000000,0.000000,0.000000
0.000000,0.000000,0.000000,0.000000
0.000000,0.000000,0.000000,0.000000
0.000000,0.000000,0.000000,0.000000
0.000000,0.000000,0.000000,0.000000
0.000000,0.000000,0.000000,0.000000
0.000000,0.000000,0.000000,0.000000
0.000000,0.000000,0.000000,0.000000
0.000000,0.000000,0.000000,0.000000
0.000000,0.000000,0.000000,0.000000
0.000000,0.000000,0.000000,0.000000
0.000000,0.000000,0.000000,0.000000
0.000000,0.000000,0.000000,0.000000
0.000000,0.000000,0.000000,0.000000
0.000000,0.000000,0.000000,0.000000
0.000000,0.000000,0.000000,0.000000
0.000000,0.000000,0.000000,0.000000
0.000000,0.000000,0.000000,0.000000
0.000000,0.000000,0.000000,0.000000
0.000000,0.000000,0.000000,0.000000
0.000000,0.000000,0.000000,0.000000
0.000000,0.000000,0.000000,0.000000
0.000000,0.000000,0.000000,0.000000
0.000000,0.000000,0.000000,0.000000
0.000000,0.000000,0.000000,0.000000
0.000000,0.000000,0.000000,0.000000
0.000000,0.000000,0.000000,0.000000
0.000000,0.000000,0.000000,0.000000
0.000000,0.000000,0.000000,0.000000
0.000000,0.000000,0.000000,0.000000
0.000000,0.000000,0.000000,0.000000
0.000000,0.000000,0.000000,0.000000
0.000000,0.000000,0.000000,0.000000
0.000000,0.000000,0.000000,0.000000
0.000000,0.000000,0.000000,0.000000
0.000000,0.000000,0.000000,0.000000
0.000000,0.000000,0.000000,0.000000
0.000000,0.000000,0.000000,0.000000
0.000000,0.000000,0.000000,0.000000
0.000000,0.000000,0.000000,0.000000
0.000000,0.000000,0.000000,0.000000
0.000000,0.000000,0.000000,0.000000
0.000000,0.000000,0.000000,0.000000
0.000000,0.000000,0.000000,0.000000
0.000000,0.000000,0.000000,0.000000
0.000000,0.000000,0.000000,0.000000
0.000000,0.000000,0.000000,0.000000
0.000000,0.000000,0.000000,0.000000
0.000000,0.000000,0.000000,0.000000
0.000000,0.000000,0.000000,0.000000
0.000000,0.000000,0.000000,0.000000
0.000000,0.000000,0.000000,0.000000
0.000000,0.000000,0.000000,0.000000
0.000000,0.000000,0.000000,0.000000
0.000000,0.000000,0.000000,0.000000
0.000000,0.000000,0.000000,0.000000
0.000000,0.000000,0.000000,0.000000
0.000000,0.000000,0.000000,0.000000
0.000000,0.000000,0.000000,0.000000
0.000000,0.000000,0.000000,0.000000
0.000000,0.000000,0.000000,0.000000
0.000000,0.000000,0.000000,0.000000
0.000000,0.000000,0.000000,0.000000
0.000000,0.000000,0.000000,0.000000
0.000000,0.000000,0.000000,0.000000
0.000000,0.000000,0.000000,0.000000
0.000000,0.000000,0.000000,0.000000
0.000000,0.000000,0.000000,0.000000
0.000000,0.000000,0.000000,0.000000
0.000000,0.000000,0.000000,0.000000
0.000000,0.000000,0.000000,0.000000
0.000000,0.000000,0.000000,0.000000
0.000000,0.000000,0.000000,0.000000
0.000000,0.000000,0.000000,0.000000
0.000000,0.000000,0.000000,0.000000
0.000000,0.000000,0.000000,0.000000
0.000000,0.000000,0.000000,0.000000
0.000000,0.000000,0.000000,0.000000
0.000000,0.000000,0.000000,0.000000
0.000000,0.000000,0.000000,0.000000
0.000000,0.000000,0.000000,0.000000
0.000000,0.000000,0.000000,0.000000
0.000000,0.000000,0.000000,0.000000
0.000000,0.000000,0.000000,0.000000
0.000000,0.000000,0.000000,0.000000
0.000000,0.000000,0.000000,0.000000
0.000000,0.000000,0.000000,0.000000
0.000000,0.000000,0.000000,0.000000
0.000000,0.000000,0.000000,0.000000
0.000000,0.000000,0.000000,0.000000
0.000000,0.000000,0.000000,0.000000
0.000000,0.000000,0.000000,0.000000
0.000000,0.000000,0.000000,0.000000
0.000000,0.000000,0.000000,0.000000
0.000000,0.000000,0.000000,0.000000
0.000000,0.000000,0.000000,0.000000
0.000000,0.000000,0.000000,0.000000
0.000000,0.000000,0.000000,0.000000
0.000000,0.000000,0.000000,0.000000
0.000000,0.000000,0.000000,0.000000
0.000000,0.000000,0.000000,0.000000
0.000000,0.000000,0.000000,0.000000
0.000000,0.000000,0.000000,0.000000
0.000000,0.000000,0.000000,0.000000
0.000000,0.000000,0.000000,0.000000
0.000000,0.000000,0.000000,0.000000
0.000000,0.000000,0.000000,0.000000
0.000000,0.000000,0.000000,0.000000
0.000000,0.000000,0.000000,0.000000
0.000000,0.000000,0.000000,0.000000
0.000000,0.000000,0.000000,0.000000
0.000000,0.000000,0.000000,0.000000
0.000000,0.000000,0.000000,0.000000
0.000000,0.000000,0.000000,0.000000
0.000000,0.000000,0.000000,0.000000
0.000000,0.000000,0.000000,0.000000
0.000000,0.000000,0.000000,0.000000
0.000000,0.000000,0.000000,0.000000
0.000000,0.000000,0.000000,0.000000
0.000000,0.000000,0.000000,0.000000
0.000000,0.000000,0.000000,0.000000
0.000000,0.000000,0.000000,0.000000
0.000000,0.000000,0.000000,0.000000
0.000000,0.000000,0.000000,0.000000
0.000000,0.000000,0.000000,0.000000
0.000000,0.000000,0.000000,0.000000
0.000000,0.000000,0.000000,0.000000
0.000000,0.000000,0.000000,0.000000
0.000000,0.000000,0.000000,0.000000
0.000000,0.000000,0.000000,0.000000
0.000000,0.000000,0.000000,0.000000
0.000000,0.000000,0.000000,0.000000
0.000000,0.000000,0.000000,0.000000
0.000000,0.000000,0.000000,0.000000
0.000000,0.000000,0.000000,0.000000
0.000000,0.000000,0.000000,0.000000
0.000000,0.000000,0.000000,0.000000
0.000000,0.000000,0.000000,0.000000
0.000000,0.000000,0.000000,0.000000
0.000000,0.000000,0.000000,0.000000
0.000000,0.000000,0.000000,0.000000
0.000000,0.000000,0.000000,0.000000
0.000000,0.000000,0.000000,0.000000
0.000000,0.000000,0.000000,0.000000
0.000000,0.000000,0.000000,0.000000
0.000000,0.000000,0.000000,0.000000
0.000000,0.000000,0.000000,0.000000
0.000000,0.000000,0.000000,0.000000
0.000000,0.000000,0.000000,0.000000
0.000000,0.000000,0.000000,0.000000
0.000000,0.000000,0.000000,0.000000
0.000000,0.000000,0.000000,0.000000
0.000000,0.000000,0.000000,0.000000
0.000000,0.000000,0.000000,0.000000
0.000000,0.000000,0.000000,0.000000
0.000000,0.000000,0.000000,0.000000
0.000000,0.000000,0.000000,0.000000
0.000000,0.000000,0.000000,0.000000
0.000000,0.000000,0.000000,0.000000
0.000000,0.000000,0.000000,0.000000
0.000000,0.000000,0.000000,0.000000
0.000000,0.000000,0.000000,0.000000
0.000000,0.000000,0.000000,0.000000
0.000000,0.000000,0.000000,0.000000
0.000000,0.000000,0.000000,0.000000
0.000000,0.000000,0.000000,0.000000
0.000000,0.000000,0.000000,0.000000
0.000000,0.000000,0.000000,0.000000
0.000000,0.000000,0.000000,0.000000
0.000000,0.000000,0.000000,0.000000
0.000000,0.000000,0.000000,0.000000
0.000000,0.000000,0.000000,0.000000
0.000000,0.000000,0.000000,0.000000
0.000000,0.000000,0.000000,0.000000
0.000000,0.000000,0.000000,0.000000
0.000000,0.000000,0.000000,0.000000
0.000000,0.000000,0.000000,0.000000
0.000000,0.000000,0.000000,0.000000
0.000000,0.000000,0.000000,0.000000
0.000000,0.000000,0.000000,0.000000
0.000000,0.000000,0.000000,0.000000
0.000000,0.000000,0.000000,0.000000
0.000000,0.000000,0.000000,0.000000
0.000000,0.000000,0.000000,0.000000
0.000000,0.000000,0.000000,0.000000
0.000000,0.000000,0.000000,0.000000
0.000000,0.000000,0.000000,0.000000
0.000000,0.000000,0.000000,0.000000
0.000000,0.000000,0.000000,0.000000
0.000000,0.000000,0.000000,0.000000
0.000000,0.000000,0.000000,0.000000
0.000000,0.000000,0.000000,0.000000
0.000000,0.000000,0.000000,0.000000
0.000000,0.000000,0.000000,0.000000
0.000000,0.000000,0.000000,0.000000
0.000000,0.000000,0.000000,0.000000
0.000000,0.000000,0.000000,0.000000
0.000000,0.000000,0.000000,0.000000
0.000000,0.000000,0.000000,0.000000
0.000000,0.000000,0.000000,0.000000
0.000000,0.000000,0.000000,0.000000
0.000000,0.000000,0.000000,0.000000
0.000000,0.000000,0.000000,0.000000
0.000000,0.000000,0.000000,0.000000
0.000000,0.000000,0.000000,0.000000
0.000000,0.000000,0.000000,0.000000
0.000000,0.000000,0.000000,0.000000
0.000000,0.000000,0.000000,0.000000
0.000000,0.000000,0.000000,0.000000
0.000000,0.000000,0.000000,0.000000
0.000000,0.000000,0.000000,0.000000
0.000000,0.000000,0.000000,0.000000
0.000000,0.000000,0.000000,0.000000
0.000000,0.000000,0.000000,0.000000
0.000000,0.000000,0.000000,0.000000
0.000000,0.000000,0.000000,0.000000
0.000000,0.000000,0.000000,0.000000
0.000000,0.000000,0.000000,0.000000
0.000000,0.000000,0.000000,0.000000
0.000000,0.000000,0.000000,0.000000
0.000000,0.000000,0.000000,0.000000
0.000000,0.000000,0.000000,0.000000
0.000000,0.000000,0.000000,0.000000
0.000000,0.000000,0.000000,0.000000
0.000000,0.000000,0.000000,0.000000
0.000000,0.000000,0.000000,0.000000
0.000000,0.000000,0.000000,0.000000
0.000000,0.000000,0.000000,0.000000
0.000000,0.000000,0.000000,0.000000
0.000000,0.000000,0.000000,0.000000
0.000000,0.000000,0.000000,0.000000
0.000000,0.000000,0.000000,0.000000
0.000000,0.000000,0.000000,0.000000
0.000000,0.000000,0.000000,0.000000
0.000000,0.000000,0.000000,0.000000
0.000000,0.000000,0.000000,0.000000
0.000000,0.000000,0.000000,0.000000
0.000000,0.000000,0.000000,0.000000
0.000000,0.000000,0.000000,0.000000
0.000000,0.000000,0.000000,0.000000
0.000000,0.000000,0.000000,0.000000
0.000000,0.000000,0.000000,0.000000
0.000000,0.000000,0.000000,0.000000
0.000000,0.000000,0.000000,0.000000
0.000000,0.000000,0.000000,0.000000
0.000000,0.000000,0.000000,0.000000
0.000000,0.000000,0.000000,0.000000
0.000000,0.000000,0.000000,0.000000
0.000000,0.000000,0.000000,0.000000
0.000000,0.000000,0.000000,0.000000
0.000000,0.000000,0.000000,0.000000
0.000000,0.000000,0.000000,0.000000
0.000000,0.000000,0.000000,0.000000
0.000000,0.000000,0.000000,0.000000
0.000000,0.000000,0.000000,0.000000
0.000000,0.000000,0.000000,0.000000
0.000000,0.000000,0.000000,0.000000
0.000000,0.000000,0.000000,0.000000
0.000000,0.000000,0.000000,0.000000
0.000000,0.000000,0.000000,0.000000
0.000000,0.000000,0.000000,0.000000
0.000000,0.000000,0.000000,0.000000
0.000000,0.000000,0.000000,0.000000
0.000000,0.000000,0.000000,0.000000
0.000000,0.000000,0.000000,0.000000
0.000000,0.000000,0.000000,0.000000
0.000000,0.000000,0.000000,0.000000
0.000000,0.000000,0.000000,0.000000
0.000000,0.000000,0.000000,0.000000
0.000000,0.000000,0.000000,0.000000
0.000000,0.000000,0.000000,0.000000
0.000000,0.000000,0.000000,0.000000
0.000000,0.000000,0.000000,0.000000
0.000000,0.000000,0.000000,0.000000
0.000000,0.000000,0.000000,0.000000
0.000000,0.000000,0.000000,0.000000
0.000000,0.000000,0.000000,0.000000
0.000000,0.000000,0.000000,0.000000
0.000000,0.000000,0.000000,0.000000
0.000000,0.000000,0.000000,0.000000
0.000000,0.000000,0.000000,0.000000
0.000000,0.000000,0.000000,0.000000
0.000000,0.000000,0.000000,0.000000
0.000000,0.000000,0.000000,0.000000
0.000000,0.000000,0.000000,0.000000
0.000000,0.000000,0.000000,0.000000
0.000000,0.000000,0.000000,0.000000
0.000000,0.000000,0.000000,0.000000
0.000000,0.000000,0.000000,0.000000
0.000000,0.000000,0.000000,0.000000
0.000000,0.000000,0.000000,0.000000
0.000000,0.000000,0.000000,0.000000
0.000000,0.000000,0.000000,0.000000
0.000000,0.000000,0.000000,0.000000
0.000000,0.000000,0.000000,0.000000
0.000000,0.000000,0.000000,0.000000
0.000000,0.000000,0.000000,0.000000
0.000000,0.000000,0.000000,0.000000
0.000000,0.000000,0.000000,0.000000
0.000000,0.000000,0.000000,0.000000
0.000000,0.000000,0.000000,0.000000
0.000000,0.000000,0.000000,0.000000
0.000000,0.000000,0.000000,0.000000
0.000000,0.000000,0.000000,0.000000
0.000000,0.000000,0.000000,0.000000
0.000000,0.000000,0.000000,0.000000
0.000000,0.000000,0.000000,0.000000
0.000000,0.000000,0.000000,0.000000
0.000000,0.000000,0.000000,0.000000
0.000000,0.000000,0.000000,0.000000
0.000000,0.000000,0.000000,0.000000
0.000000,0.000000,0.000000,0.000000
0.000000,0.000000,0.000000,0.000000
0.000000,0.000000,0.000000,0.000000
0.000000,0.000000,0.000000,0.000000
0.000000,0.000000,0.000000,0.000000
0.000000,0.000000,0.000000,0.000000
0.000000,0.000000,0.000000,0.000000
0.000000,0.000000,0.000000,0.000000
0.000000,0.000000,0.000000,0.000000
0.000000,0.000000,0.000000,0.000000
0.000000,0.000000,0.000000,0.000000
0.000000,0.000000,0.000000,0.000000
0.000000,0.000000,0.000000,0.000000
0.000000,0.000000,0.000000,0.000000
0.000000,0.000000,0.000000,0.000000
0.000000,0.000000,0.000000,0.000000
0.000000,0.000000,0.000000,0.000000
0.000000,0.000000,0.000000,0.000000
0.000000,0.000000,0.000000,0.000000
0.000000,0.000000,0.000000,0.000000
0.000000,0.000000,0.000000,0.000000
0.000000,0.000000,0.000000,0.000000
0.000000,0.000000,0.000000,0.000000
0.000000,0.000000,0.000000,0.000000
0.000000,0.000000,0.000000,0.000000
0.000000,0.000000,0.000000,0.000000
0.000000,0.000000,0.000000,0.000000
0.000000,0.000000,0.000000,0.000000
0.000000,0.000000,0.000000,0.000000
0.000000,0.000000,0.000000,0.000000
0.000000,0.000000,0.000000,0.000000
0.000000,0.000000,0.000000,0.000000
0.000000,0.000000,0.000000,0.000000
0.000000,0.000000,0.000000,0.000000
0.000000,0.000000,0.000000,0.000000
0.000000,0.000000,0.000000,0.000000
0.000000,0.000000,0.000000,0.000000
0.000000,0.000000,0.000000,0.000000
0.000000,0.000000,0.000000,0.000000
0.000000,0.000000,0.000000,0.000000
0.000000,0.000000,0.000000,0.000000
0.000000,0.000000,0.000000,0.000000
0.000000,0.000000,0.000000,0.000000
0.000000,0.000000,0.000000,0.000000
0.000000,0.000000,0.000000,0.000000
0.000000,0.000000,0.000000,0.000000
0.000000,0.000000,0.000000,0.000000
0.000000,0.000000,0.000000,0.000000
0.000000,0.000000,0.000000,0.000000
0.000000,0.000000,0.000000,0.000000
0.000000,0.000000,0.000000,0.000000
0.000000,0.000000,0.000000,0.000000
0.000000,0.000000,0.000000,0.000000
0.000000,0.000000,0.000000,0.000000
0.000000,0.000000,0.000000,0.000000
0.000000,0.000000,0.000000,0.000000
0.000000,0.000000,0.000000,0.000000
0.000000,0.000000,0.000000,0.000000
0.000000,0.000000,0.000000,0.000000
0.000000,0.000000,0.000000,0.000000
0.000000,0.000000,0.000000,0.000000
0.000000,0.000000,0.000000,0.000000
0.000000,0.000000,0.000000,0.000000
0.000000,0.000000,0.000000,0.000000
0.000000,0.000000,0.000000,0.000000
0.000000,0.000000,0.000000,nan
0.000000,0.000000,0.000000,0.000000
0.000000,0.000000,0.000000,0.000000
0.000000,0.000000,0.000000,0.000000
0.000000,0.000000,0.000000,0.000000
0.000000,0.000000,0.000000,0.000000
0.000000,0.000000,0.000000,0.000000
0.000000,0.000000,0.000000,0.000000
0.000000,0.000000,0.000000,0.000000
0.000000,0.000000,0.000000,0.000000
0.000000,0.000000,0.000000,0.000000
0.000000,0.000000,0.000000,0.000000
0.000000,0.000000,0.000000,0.000000
0.000000,0.000000,0.000000,0.000000
0.000000,0.000000,0.000000,0.000000
0.000000,0.000000,0.000000,0.000000
0.000000,0.000000,0.000000,0.000000
0.000000,0.000000,0.000000,0.000000
0.000000,0.000000,0.000000,0.000000
0.000000,0.000000,0.000000,0.000000
0.000000,0.000000,0.000000,0.000000
0.000000,0.000000,0.000000,0.000000
0.000000,0.000000,0.000000,0.000000
0.000000,0.000000,0.000000,0.000000
0.000000,0.000000,0.000000,0.000000
0.000000,0.000000,0.000000,0.000000
0.000000,0.000000,0.000000,0.000000
0.000000,0.000000,0.000000,0.000000
0.000000,0.000000,0.000000,0.000000
0.000000,0.000000,0.000000,0.000000
0.000000,0.000000,0.000000,0.000000
0.000000,0.000000,0.000000,0.000000
0.000000,0.000000,0.000000,0.000000
0.000000,0.000000,0.000000,0.000000
0.000000,0.000000,0.000000,0.000000
0.000000,0.000000,0.000000,0.000000
0.000000,0.000000,0.000000,0.000000
0.000000,0.000000,0.000000,0.000000
0.000000,0.000000,0.000000,0.000000
0.000000,0.000000,0.000000,0.000000
0.000000,0.000000,0.000000,0.000000
0.000000,0.000000,0.000000,0.000000
0.000000,0.000000,0.000000,0.000000
0.000000,0.000000,0.000000,0.000000
0.000000,0.000000,0.000000,0.000000
0.000000,0.000000,0.000000,0.000000
0.000000,0.000000,0.000000,0.000000
0.000000,0.000000,0.000000,0.000000
0.000000,0.000000,0.000000,0.000000
0.000000,0.000000,0.000000,0.000000
0.000000,0.000000,0.000000,0.000000
0.000000,0.000000,0.000000,0.000000
0.000000,0.000000,0.000000,0.000000
0.000000,0.000000,0.000000,0.000000
0.000000,0.000000,0.000000,0.000000
0.000000,0.000000,0.000000,0.000000
0.000000,0.000000,0.000000,0.000000
0.000000,0.000000,0.000000,0.000000
0.000000,0.000000,0.000000,0.000000
0.000000,0.000000,0.000000,0.000000
0.000000,0.000000,0.000000,0.000000
0.000000,0.000000,0.000000,0.000000
0.000000,0.000000,0.000000,0.000000
0.000000,0.000000,0.000000,0.000000
0.000000,0.000000,0.000000,0.000000
0.000000,0.000000,0.000000,0.000000
0.000000,0.000000,0.000000,0.000000
0.000000,0.000000,0.000000,0.000000
0.000000,0.000000,0.000000,0.000000
0.000000,0.000000,0.000000,0.000000
0.000000,0.000000,0.000000,0.000000
0.000000,0.000000,0.000000,0.000000
0.000000,0.000000,0.000000,0.000000
0.000000,0.000000,0.000000,0.000000
0.000000,0.000000,0.000000,0.000000
0.000000,0.000000,0.000000,0.000000
0.000000,0.000000,0.000000,0.000000
0.000000,0.000000,0.000000,0.000000
0.000000,0.000000,0.000000,0.000000
0.000000,0.000000,0.000000,0.000000
0.000000,0.000000,0.000000,0.000000
0.000000,0.000000,0.000000,0.000000
0.000000,0.000000,0.000000,0.000000
0.000000,0.000000,0.000000,0.000000
0.000000,0.000000,0.000000,0.000000
0.000000,0.000000,0.000000,0.000000
0.000000,0.000000,0.000000,0.000000
0.000000,0.000000,0.000000,0.000000
0.000000,0.000000,0.000000,0.000000
0.000000,0.000000,0.000000,0.000000
0.000000,0.000000,0.000000,0.000000
0.000000,0.000000,0.000000,0.000000
0.000000,0.000000,0.000000,0.000000
0.000000,0.000000,0.000000,0.000000
0.000000,0.000000,0.000000,0.000000
0.000000,0.000000,0.000000,0.000000
0.000000,0.000000,0.000000,0.000000
0.000000,0.000000,0.000000,0.000000
0.000000,0.000000,0.000000,0.000000
0.000000,0.000000,0.000000,0.000000
0.000000,0.000000,0.000000,0.000000
0.000000,0.000000,0.000000,0.000000
0.000000,0.000000,0.000000,0.000000
0.000000,0.000000,0.000000,0.000000
0.000000,0.000000,0.000000,0.000000
0.000000,0.000000,0.000000,0.000000
0.000000,0.000000,0.000000,0.000000
0.000000,0.000000,0.000000,0.000000
0.000000,0.000000,0.000000,0.000000
0.000000,0.000000,0.000000,0.000000
0.000000,0.000000,0.000000,0.000000
0.000000,0.000000,0.000000,0.000000
0.000000,0.000000,0.000000,0.000000
0.000000,0.000000,0.000000,0.000000
0.000000,0.000000,0.000000,0.000000
0.000000,0.000000,0.000000,0.000000
0.000000,0.000000,0.000000,0.000000
0.000000,0.000000,0.000000,0.000000
0.000000,0.000000,0.000000,0.000000
0.000000,0.000000,0.000000,0.000000
0.000000,0.000000,0.000000,0.000000
0.000000,0.000000,0.000000,0.000000
0.000000,0.000000,0.000000,0.000000
0.000000,0.000000,0.000000,0.000000
0.000000,0.000000,0.000000,0.000000
0.000000,0.000000,0.000000,0.000000
0.000000,0.000000,0.000000,0.000000
0.000000,0.000000,0.000000,0.000000
0.000000,0.000000,0.000000,0.000000
0.000000,0.000000,0.000000,0.000000
0.000000,0.000000,0.000000,0.000000
0.000000,0.000000,0.000000,0.000000
0.000000,0.000000,0.000000,0.000000
0.000000,0.000000,0.000000,0.000000
0.000000,0.000000,0.000000,0.000000
0.000000,0.000000,0.000000,0.000000
0.000000,0.000000,0.000000,0.000000
0.000000,0.000000,0.000000,0.000000
0.000000,0.000000,0.000000,0.000000
0.000000,0.000000,0.000000,0.000000
0.000000,0.000000,0.000000,0.000000
0.000000,0.000000,0.000000,0.000000
0.000000,0.000000,0.000000,0.000000
0.000000,0.000000,0.000000,0.000000
0.000000,0.000000,0.000000,0.000000
0.000000,0.000000,0.000000,0.000000
0.000000,0.000000,0.000000,0.000000
0.000000,0.000000,0.000000,0.000000
0.000000,0.000000,0.000000,0.000000
0.000000,0.000000,0.000000,0.000000
0.000000,0.000000,0.000000,0.000000
0.000000,0.000000,0.000000,0.000000
0.000000,0.000000,0.000000,0.000000
0.000000,0.000000,0.000000,0.000000
0.000000,0.000000,0.000000,0.000000
0.000000,0.000000,0.000000,0.000000
0.000000,0.000000,0.000000,0.000000
0.000000,0.000000,0.000000,0.000000
0.000000,0.000000,0.000000,0.000000
0.000000,0.000000,0.000000,0.000000
0.000000,0.000000,0.000000,0.000000
0.000000,0.000000,0.000000,0.000000
0.000000,0.000000,0.000000,0.000000
0.000000,0.000000,0.000000,0.000000
0.000000,0.000000,0.000000,0.000000
0.000000,0.000000,0.000000,0.000000
0.000000,0.000000,0.000000,0.000000
0.000000,0.000000,0.000000,0.000000
0.000000,0.000000,0.000000,0.000000
0.000000,0.000000,0.000000,0.000000
0.000000,0.000000,0.000000,0.000000
0.000000,0.000000,0.000000,0.000000
0.000000,0.000000,0.000000,0.000000
0.000000,0.000000,0.000000,0.000000
0.000000,0.000000,0.000000,0.000000
0.000000,0.000000,0.000000,0.000000
0.000000,0.000000,0.000000,0.000000
0.000000,0.000000,0.000000,0.000000
0.000000,0.000000,0.000000,0.000000
0.000000,0.000000,0.000000,0.000000
0.000000,0.000000,0.000000,0.000000
0.000000,0.000000,0.000000,0.000000
0.000000,0.000000,0.000000,0.000000
0.000000,0.000000,0.000000,0.000000
0.000000,0.000000,0.000000,0.000000
0.000000,0.000000,0.000000,0.000000
0.000000,0.000000,0.000000,0.000000
0.000000,0.000000,0.000000,0.000000
0.000000,0.000000,0.000000,0.000000
0.000000,0.000000,0.000000,0.000000
0.000000,0.000000,0.000000,0.000000
0.000000,0.000000,0.000000,0.000000
0.000000,0.000000,0.000000,0.000000
0.000000,0.000000,0.000000,0.000000
0.000000,0.000000,0.000000,0.000000
0.000000,0.000000,0.000000,0.000000
0.000000,0.000000,0.000000,0.000000
0.000000,0.000000,0.000000,0.000000
0.000000,0.000000,0.000000,0.000000
0.000000,0.000000,0.000000,0.000000
0.000000,0.000000,0.000000,0.000000
0.000000,0.000000,0.000000,0.000000
0.000000,0.000000,0.000000,0.000000
0.000000,0.000000,0.000000,0.000000
0.000000,0.000000,0.000000,0.000000
0.000000,0.000000,0.000000,0.000000
0.000000,0.000000,0.000000,0.000000
0.000000,0.000000,0.000000,0.000000
0.000000,0.000000,0.000000,0.000000
0.000000,0.000000,0.000000,0.000000
0.000000,0.000000,0.000000,0.000000
0.000000,0.000000,0.000000,0.000000
0.000000,0.000000,0.000000,0.000000
0.000000,0.000000,0.000000,0.000000
0.000000,0.000000,0.000000,0.000000
0.000000,0.000000,0.000000,0.000000
0.000000,0.000000,0.000000,0.000000
0.000000,0.000000,0.000000,0.000000
0.000000,0.000000,0.000000,0.000000
0.000000,0.000000,0.000000,0.000000
0.000000,0.000000,0.000000,0.000000
0.000000,0.000000,0.000000,0.000000
0.000000,0.000000,0.000000,0.000000
0.000000,0.000000,0.000000,0.000000
0.000000,0.000000,0.000000,0.000000
0.000000,0.000000,0.000000,0.000000
0.000000,0.000000,0.000000,0.000000
0.000000,0.000000,0.000000,0.000000
0.000000,0.000000,0.000000,0.000000
0.000000,0.000000,0.000000,0.000000
0.000000,0.000000,0.000000,0.000000
0.000000,0.000000,0.000000,0.000000
0.000000,0.000000,0.000000,0.000000
0.000000,0.000000,0.000000,0.000000
0.000000,0.000000,0.000000,0.000000
0.000000,0.000000,0.000000,0.000000
0.000000,0.000000,0.000000,0.000000
0.000000,0.000000,0.000000,0.000000
0.000000,0.000000,0.000000,0.000000
0.000000,0.000000,0.000000,0.000000
0.000000,0.000000,0.000000,0.000000
0.000000,0.000000,0.000000,0.000000
0.000000,0.000000,0.000000,0.000000
0.000000,0.000000,0.000000,0.000000
0.000000,0.000000,0.000000,0.000000
0.000000,0.000000,0.000000,0.000000
0.000000,0.000000,0.000000,0.000000
0.000000,0.000000,0.000000,0.000000
0.000000,0.000000,0.000000,0.000000
0.000000,0.000000,0.000000,0.000000
0.000000,0.000000,0.000000,0.000000
0.000000,0.000000,0.000000,0.000000
0.000000,0.000000,0.000000,0.000000
0.000000,0.000000,0.000000,0.000000
0.000000,0.000000,0.000000,0.000000
0.000000,0.000000,0.000000,0.000000
0.000000,0.000000,0.000000,0.000000
0.000000,0.000000,0.000000,0.000000
0.000000,0.000000,0.000000,0.000000
0.000000,0.000000,0.000000,0.000000
0.000000,0.000000,0.000000,0.000000
0.000000,0.000000,0.000000,0.000000
0.000000,0.000000,0.000000,0.000000
0.000000,0.000000,0.000000,0.000000
0.000000,0.000000,0.000000,0.000000
0.000000,0.000000,0.000000,0.000000
0.000000,0.000000,0.000000,0.000000
0.000000,0.000000,0.000000,0.000000
0.000000,0.000000,0.000000,0.000000
0.000000,0.000000,0.000000,0.000000
0.000000,0.000000,0.000000,0.000000
0.000000,0.000000,0.000000,0.000000
0.000000,0.000000,0.000000,0.000000
0.000000,0.000000,0.000000,0.000000
0.000000,0.000000,0.000000,0.000000
0.000000,0.000000,0.000000,0.000000
0.000000,0.000000,0.000000,0.000000
0.000000,0.000000,0.000000,0.000000
0.000000,0.000000,0.000000,0.000000
0.000000,0.000000,0.000000,0.000000
0.000000,0.000000,0.000000,0.000000
0.000000,0.000000,0.000000,0.000000
0.000000,0.000000,0.000000,0.000000
0.000000,0.000000,0.000000,0.000000
0.000000,0.000000,0.000000,0.000000
0.000000,0.000000,0.000000,0.000000
0.000000,0.000000,0.000000,0.000000
0.000000,0.000000,0.000000,0.000000
0.000000,0.000000,0.000000,0.000000
0.000000,0.000000,0.000000,0.000000
0.000000,0.000000,0.000000,0.000000
0.000000,0.000000,0.000000,0.000000
0.000000,0.000000,0.000000,0.000000
0.000000,0.000000,0.000000,0.000000
0.000000,0.000000,0.000000,0.000000
0.000000,0.000000,0.000000,0.000000
0.000000,0.000000,0.000000,0.000000
0.000000,0.000000,0.000000,0.000000
0.000000,0.000000,0.000000,0.000000
0.000000,0.000000,0.000000,0.000000
0.000000,0.000000,0.000000,0.000000
0.000000,0.000000,0.000000,0.000000
0.000000,0.000000,0.000000,0.000000
0.000000,0.000000,0.000000,0.000000
0.000000,0.000000,0.000000,0.000000
0.000000,0.000000,0.000000,0.000000
0.000000,0.000000,0.000000,0.000000
0.000000,0.000000,0.000000,0.000000
0.000000,0.000000,0.000000,0.000000
0.000000,0.000000,0.000000,0.000000
0.000000,0.000000,0.000000,0.000000
0.000000,0.000000,0.000000,0.000000
0.000000,0.000000,0.000000,0.000000
0.000000,0.000000,0.000000,0.000000
0.000000,0.000000,0.000000,0.000000
0.000000,0.000000,0.000000,0.000000
0.000000,0.000000,0.000000,0.000000
0.000000,0.000000,0.000000,0.000000
0.000000,0.000000,0.000000,0.000000
0.000000,0.000000,0.000000,0.000000
0.000000,0.000000,0.000000,0.000000
0.000000,0.000000,0.000000,0.000000
0.000000,0.000000,0.000000,0.000000
0.000000,0.000000,0.000000,0.000000
0.000000,0.000000,0.000000,0.000000
0.000000,0.000000,0.000000,0.000000
0.000000,0.000000,0.000000,0.000000
0.000000,0.000000,0.000000,0.000000
0.000000,0.000000,0.000000,0.000000
0.000000,0.000000,0.000000,0.000000
0.000000,0.000000,0.000000,0.000000
0.000000,0.000000,0.000000,0.000000
0.000000,0.000000,0.000000,0.000000
0.000000,0.000000,0.000000,0.000000
0.000000,0.000000,0.000000,0.000000
0.000000,0.000000,0.000000,0.000000
0.000000,0.000000,0.000000,0.000000
0.000000,0.000000,0.000000,0.000000
0.000000,0.000000,0.000000,0.000000
0.000000,0.000000,0.000000,0.000000
0.000000,0.000000,0.000000,0.000000
0.000000,0.000000,0.000000,0.000000
0.000000,0.000000,0.000000,0.000000
0.000000,0.000000,0.000000,0.000000
0.000000,0.000000,0.000000,0.000000
0.000000,0.000000,0.000000,0.000000
0.000000,0.000000,0.000000,0.000000
0.000000,0.000000,0.000000,0.000000
0.000000,0.000000,0.000000,0.000000
0.000000,0.000000,0.000000,0.000000
0.000000,0.000000,0.000000,0.000000
0.000000,0.000000,0.000000,0.000000
0.000000,0.000000,0.000000,0.000000
0.000000,0.000000,0.000000,0.000000
0.000000,0.000000,0.000000,0.000000
0.000000,0.000000,0.000000,0.000000
0.000000,0.000000,0.000000,0.000000
0.000000,0.000000,0.000000,0.000000
0.000000,0.000000,0.000000,0.000000
0.000000,0.000000,0.000000,0.000000
0.000000,0.000000,0.000000,0.000000
0.000000,0.000000,0.000000,0.000000
0.000000,0.000000,0.000000,0.000000
0.000000,0.000000,0.000000,0.000000
0.000000,0.000000,0.000000,0.000000
0.000000,0.000000,0.000000,0.000000
0.000000,0.000000,0.000000,0.000000
0.000000,0.000000,0.000000,0.000000
0.000000,0.000000,0.000000,0.000000
0.000000,0.000000,0.000000,0.000000
0.000000,0.000000,0.000000,0.000000
0.000000,0.000000,0.000000,0.000000
0.000000,0.000000,0.000000,0.000000
0.000000,0.000000,0.000000,0.000000
0.000000,0.000000,0.000000,0.000000
0.000000,0.000000,0.000000,0.000000
0.000000,0.000000,0.000000,0.000000
0.000000,0.000000,0.000000,0.000000
0.000000,0.000000,0.000000,0.000000
0.000000,0.000000,0.000000,0.000000
0.000000,0.000000,0.000000,0.000000
0.000000,0.000000,0.000000,0.000000
0.000000,0.000000,0.000000,0.000000
0.000000,0.000000,0.000000,0.000000
0.000000,0.000000,0.000000,0.000000
0.000000,0.000000,0.000000,0.000000
0.000000,0.000000,0.000000,0.000000
0.000000,0.000000,0.000000,0.000000
0.000000,0.000000,0.000000,0.000000
0.000000,0.000000,0.000000,0.000000
0.000000,0.000000,0.000000,0.000000
0.000000,0.000000,0.000000,0.000000
0.000000,0.000000,0.000000,0.000000
0.000000,0.000000,0.000000,0.000000
0.000000,0.000000,0.000000,0.000000
0.000000,0.000000,0.000000,0.000000
0.000000,0.000000,0.000000,0.000000
0.000000,0.000000,0.000000,0.000000
0.000000,0.000000,0.000000,0.000000
0.000000,0.000000,0.000000,0.000000
0.000000,0.000000,0.000000,0.000000
0.000000,0.000000,0.000000,0.000000
0.000000,0.000000,0.000000,0.000000
0.000000,0.000000,0.000000,0.000000
0.000000,0.000000,0.000000,0.000000
0.000000,0.000000,0.000000,0.000000
0.000000,0.000000,0.000000,0.000000
0.000000,0.000000,0.000000,0.000000
0.000000,0.000000,0.000000,0.000000
0.000000,0.000000,0.000000,0.000000
0.000000,0.000000,0.000000,0.000000
0.000000,0.000000,0.000000,0.000000
0.000000,0.000000,0.000000,0.000000
0.000000,0.000000,0.000000,0.000000
0.000000,0.000000,0.000000,0.000000
0.000000,0.000000,0.000000,0.000000
0.000000,0.000000,0.000000,0.000000
0.000000,0.000000,0.000000,0.000000
0.000000,0.000000,0.000000,0.000000
0.000000,0.000000,0.000000,0.000000
0.000000,0.000000,0.000000,0.000000
0.000000,0.000000,0.000000,0.000000
0.000000,0.000000,0.000000,0.000000
0.000000,0.000000,0.000000,0.000000
0.000000,0.000000,0.000000,0.000000
0.000000,0.000000,0.000000,0.000000
0.000000,0.000000,0.000000,0.000000
0.000000,0.000000,0.000000,0.000000
0.000000,0.000000,0.000000,0.000000
0.000000,0.000000,0.000000,0.000000
0.000000,0.000000,0.000000,0.000000
0.000000,0.000000,0.000000,0.000000
0.000000,0.000000,0.000000,0.000000
0.000000,0.000000,0.000000,0.000000
0.000000,0.000000,0.000000,0.000000
0.000000,0.000000,0.000000,0.000000
0.000000,0.000000,0.000000,0.000000
0.000000,0.000000,0.000000,0.000000
0.000000,0.000000,0.000000,0.000000
0.000000,0.000000,0.000000,0.000000
0.000000,0.000000,0.000000,0.000000
0.000000,0.000000,0.000000,0.000000
0.000000,0.000000,0.000000,0.000000
0.000000,0.000000,0.000000,0.000000
0.000000,0.000000,0.000000,0.000000
0.000000,0.000000,0.000000,0.000000
0.000000,0.000000,0.000000,0.000000
0.000000,0.000000,0.000000,0.000000
0.000000,0.000000,0.000000,0.000000
0.000000,0.000000,0.000000,0.000000
0.000000,0.000000,0.000000,0.000000
0.000000,0.000000,0.000000,0.000000
0.000000,0.000000,0.000000,0.000000
0.000000,0.000000,0.000000,0.000000
0.000000,0.000000,0.000000,0.000000
0.000000,0.000000,0.000000,0.000000
0.000000,0.000000,0.000000,0.000000
0.000000,0.000000,0.000000,0.000000
0.000000,0.000000,0.000000,0.000000
0.000000,0.000000,0.000000,0.000000
0.000000,0.000000,0.000000,0.000000
0.000000,0.000000,0.000000,0.000000
0.000000,0.000000,0.000000,0.000000
0.000000,0.000000,0.000000,0.000000
0.000000,0.000000,0.000000,0.000000
0.000000,0.000000,0.000000,0.000000
0.000000,0.000000,0.000000,0.000000
0.000000,0.000000,0.000000,0.000000
0.000000,0.000000,0.000000,0.000000
0.000000,0.000000,0.000000,0.000000
0.000000,0.000000,0.000000,0.000000
0.000000,0.000000,0.000000,0.000000
0.000000,0.000000,0.000000,0.000000
0.000000,0.000000,0.000000,0.000000
0.000000,0.000000,0.000000,0.000000
0.000000,0.000000,0.000000,0.000000
0.000000,0.000000,0.000000,0.000000
0.000000,0.000000,0.000000,0.000000
0.000000,0.000000,0.000000,0.000000
0.000000,0.000000,0.000000,0.000000
0.000000,0.000000,0.000000,0.000000
0.000000,0.000000,0.000000,0.000000
0.000000,0.000000,0.000000,0.000000
0.000000,0.000000,0.000000,0.000000
0.000000,0.000000,0.000000,0.000000
0.000000,0.000000,0.000000,0.000000
0.000000,0.000000,0.000000,0.000000
0.000000,0.000000,0.000000,0.000000
0.000000,0.000000,0.000000,0.000000
0.000000,0.000000,0.000000,0.000000
0.000000,0.000000,0.000000,0.000000
0.000000,0.000000,0.000000,0.000000
0.000000,0.000000,0.000000,0.000000
0.000000,0.000000,0.000000,0.000000
0.000000,0.000000,0.000000,0.000000
0.000000,0.000000,0.000000,0.000000
0.000000,0.000000,0.000000,0.000000
0.000000,0.000000,0.000000,0.000000
0.000000,0.000000,0.000000,0.000000
0.000000,0.000000,0.000000,0.000000
0.000000,0.000000,0.000000,0.000000
0.000000,0.000000,0.000000,0.000000
0.000000,0.000000,0.000000,0.000000
0.000000,0.000000,0.000000,0.000000
0.000000,0.000000,0.000000,0.000000
0.000000,0.000000,0.000000,0.000000
0.000000,0.000000,0.000000,0.000000
0.000000,0.000000,0.000000,0.000000
0.000000,0.000000,0.000000,0.000000
0.000000,0.000000,0.000000,0.000000
0.000000,0.000000,0.000000,0.000000
0.000000,0.000000,0.000000,0.000000
0.000000,0.000000,0.000000,0.000000
0.000000,0.000000,0.000000,0.000000
0.000000,0.000000,0.000000,0.000000
0.000000,0.000000,0.000000,0.000000
0.000000,0.000000,0.000000,0.000000
0.000000,0.000000,0.000000,0.000000
0.000000,0.000000,0.000000,0.000000
0.000000,0.000000,0.000000,0.000000
0.000000,0.000000,0.000000,0.000000
0.000000,0.000000,0.000000,0.000000
0.000000,0.000000,0.000000,0.000000
0.000000,0.000000,0.000000,0.000000
0.000000,0.000000,0.000000,0.000000
0.000000,0.000000,0.000000,0.000000
0.000000,0.000000,0.000000,0.000000
0.000000,0.000000,0.000000,0.000000
0.000000,0.000000,0.000000,0.000000
0.000000,0.000000,0.000000,0.000000
0.000000,0.000000,0.000000,0.000000
0.000000,0.000000,0.000000,0.000000
0.000000,0.000000,0.000000,0.000000
0.000000,0.000000,0.000000,0.000000
0.000000,0.000000,0.000000,0.000000
0.000000,0.000000,0.000000,0.000000
0.000000,0.000000,0.000000,0.000000
0.000000,0.000000,0.000000,0.000000
0.000000,0.000000,0.000000,0.000000
0.000000,0.000000,0.000000,0.000000
0.000000,0.000000,0.000000,0.000000
0.000000,0.000000,0.000000,0.000000
0.000000,0.000000,0.000000,0.000000
0.000000,0.000000,0.000000,0.000000
0.000000,0.000000,0.000000,0.000000
0.000000,0.000000,0.000000,0.000000
0.000000,0.000000,0.000000,0.000000
0.000000,0.000000,0.000000,0.000000
0.000000,0.000000,0.000000,0.000000
0.000000,0.000000,0.000000,0.000000
0.000000,0.000000,0.000000,0.000000
0.000000,0.000000,0.000000,0.000000
0.000000,0.000000,0.000000,0.000000
0.000000,0.000000,0.000000,0.000000
0.000000,0.000000,0.000000,0.000000
0.000000,0.000000,0.000000,0.000000
0.000000,0.000000,0.000000,0.000000
0.000000,0.000000,0.000000,0.000000
0.000000,0.000000,0.000000,0.000000
0.000000,0.000000,0.000000,0.000000
0.000000,0.000000,0.000000,0.000000
0.000000,0.000000,0.000000,0.000000
0.000000,0.000000,0.000000,0.000000
0.000000,0.000000,0.000000,0.000000
0.000000,0.000000,0.000000,0.000000
0.000000,0.000000,0.000000,0.000000
0.000000,0.000000,0.000000,0.000000
0.000000,0.000000,0.000000,0.000000
0.000000,0.000000,0.000000,0.000000
0.000000,0.000000,0.000000,0.000000
0.000000,0.000000,0.000000,0.000000
0.000000,0.000000,0.000000,0.000000
0.000000,0.000000,0.000000,0.000000
0.000000,0.000000,0.000000,0.000000
0.000000,0.000000,0.000000,0.000000
0.000000,0.000000,0.000000,0.000000
0.000000,0.000000,0.000000,0.000000
0.000000,0.000000,0.000000,0.000000
0.000000,0.000000,0.000000,0.000000
0.000000,0.000000,0.000000,0.000000
0.000000,0.000000,0.000000,0.000000
0.000000,0.000000,0.000000,0.000000
0.000000,0.000000,0.000000,0.000000
0.000000,0.000000,0.000000,0.000000
0.000000,0.000000,0.000000,0.000000
0.000000,0.000000,0.000000,0.000000
0.000000,0.000000,0.000000,0.000000
0.000000,0.000000,0.000000,0.000000
0.000000,0.000000,0.000000,0.000000
0.000000,0.000000,0.000000,0.000000
0.000000,0.000000,0.000000,0.000000
0.000000,0.000000,0.000000,0.000000
0.000000,0.000000,0.000000,0.000000
0.000000,0.000000,0.000000,0.000000
0.000000,0.000000,0.000000,0.000000
0.000000,0.000000,0.000000,0.000000
0.000000,0.000000,0.000000,0.000000
0.000000,0.000000,0.000000,0.000000
0.000000,0.000000,0.000000,0.000000
0.000000,0.000000,0.000000,0.000000
0.000000,0.000000,0.000000,0.000000
0.000000,0.000000,0.000000,0.000000
0.000000,0.000000,0.000000,0.000000
0.000000,0.000000,0.000000,0.000000
0.000000,0.000000,0.000000,0.000000
0.000000,0.000000,0.000000,0.000000
0.000000,0.000000,0.000000,0.000000
0.000000,0.000000,0.000000,0.000000
0.000000,0.000000,0.000000,0.000000
0.000000,0.000000,0.000000,0.000000
0.000000,0.000000,0.000000,0.000000
0.000000,0.000000,0.000000,0.000000
0.000000,0.000000,0.000000,0.000000
0.000000,0.000000,0.000000,0.000000
0.000000,0.000000,0.000000,0.000000
0.000000,0.000000,0.000000,0.000000
0.000000,0.000000,0.000000,0.000000
0.000000,0.000000,0.000000,0.000000
0.000000,0.000000,0.000000,0.000000
0.000000,0.000000,0.000000,0.000000
0.000000,0.000000,0.000000,0.000000
0.000000,0.000000,0.000000,0.000000
0.000000,0.000000,0.000000,0.000000
0.000000,0.000000,0.000000,0.000000
0.000000,0.000000,0.000000,0.000000
0.000000,0.000000,0.000000,0.000000
0.000000,0.000000,0.000000,0.000000
0.000000,0.000000,0.000000,0.000000
0.000000,0.000000,0.000000,0.000000
0.000000,0.000000,0.000000,0.000000
0.000000,0.000000,0.000000,0.000000
0.000000,0.000000,0.000000,0.000000
0.000000,0.000000,0.000000,0.000000
0.000000,0.000000,0.000000,0.000000
0.000000,0.000000,0.000000,0.000000
0.000000,0.000000,0.000000,0.000000
0.000000,0.000000,0.000000,0.000000
0.000000,0.000000,0.000000,0.000000
0.000000,0.000000,0.000000,0.000000
0.000000,0.000000,0.000000,0.000000
0.000000,0.000000,0.000000,0.000000
0.000000,0.000000,0.000000,0.000000
0.000000,0.000000,0.000000,0.000000
0.000000,0.000000,0.000000,0.000000
0.000000,0.000000,0.000000,0.000000
0.000000,0.000000,0.000000,0.000000
0.000000,0.000000,0.000000,0.000000
0.000000,0.000000,0.000000,0.000000
0.000000,0.000000,0.000000,0.000000
0.000000,0.000000,0.000000,0.000000
0.000000,0.000000,0.000000,0.000000
0.000000,0.000000,0.000000,0.000000
0.000000,0.000000,0.000000,0.000000
0.000000,0.000000,0.000000,0.000000
0.000000,0.000000,0.000000,0.000000
0.000000,0.000000,0.000000,0.000000
0.000000,0.000000,0.000000,0.000000
0.000000,0.000000,0.000000,0.000000
0.000000,0.000000,0.000000,0.000000
0.000000,0.000000,0.000000,0.000000
0.000000,0.000000,0.000000,0.000000
0.000000,0.000000,0.000000,0.000000
0.000000,0.000000,0.000000,0.000000
0.000000,0.000000,0.000000,0.000000
0.000000,0.000000,0.000000,0.000000
0.000000,0.000000,0.000000,0.000000
0.000000,0.000000,0.000000,0.000000
0.000000,0.000000,0.000000,0.000000
0.000000,0.000000,0.000000,0.000000
0.000000,0.000000,0.000000,0.000000
0.000000,0.000000,0.000000,0.000000
0.000000,0.000000,0.000000,0.000000
0.000000,0.000000,0.000000,0.000000
0.000000,0.000000,0.000000,0.000000
0.000000,0.000000,0.000000,0.000000
0.000000,0.000000,0.000000,0.000000
0.000000,0.000000,0.000000,0.000000
0.000000,0.000000,0.000000,0.000000
0.000000,0.000000,0.000000,0.000000
0.000000,0.000000,0.000000,0.000000
0.000000,0.000000,0.000000,0.000000
0.000000,0.000000,0.000000,0.000000
0.000000,0.000000,0.000000,0.000000
0.000000,0.000000,0.000000,0.000000
0.000000,0.000000,0.000000,0.000000
0.000000,0.000000,0.000000,0.000000
0.000000,0.000000,0.000000,0.000000
0.000000,0.000000,0.000000,0.000000
0.000000,0.000000,0.000000,0.000000
0.000000,0.000000,0.000000,0.000000
0.000000,0.000000,0.000000,0.000000
0.000000,0.000000,0.000000,0.000000
0.000000,0.000000,0.000000,0.000000
0.000000,0.000000,0.000000,0.000000
0.000000,0.000000,0.000000,0.000000
0.000000,0.000000,0.000000,0.000000
0.000000,0.000000,0.000000,0.000000
0.000000,0.000000,0.000000,0.000000
0.000000,0.000000,0.000000,0.000000
0.000000,0.000000,0.000000,0.000000
0.000000,0.000000,0.000000,0.000000
0.000000,0.000000,0.000000,0.000000
0.000000,0.000000,0.000000,0.000000
0.000000,0.000000,0.000000,0.000000
0.000000,0.000000,0.000000,0.000000
0.000000,0.000000,0.000000,0.000000
0.000000,0.000000,0.000000,0.000000
0.000000,0.000000,0.000000,0.000000
0.000000,0.000000,0.000000,0.000000
0.000000,0.000000,0.000000,0.000000
0.000000,0.000000,0.000000,0.000000
0.000000,0.000000,0.000000,0.000000
0.000000,0.000000,0.000000,0.000000
0.000000,0.000000,0.000000,0.000000
0.000000,0.000000,0.000000,0.000000
0.000000,0.000000,0.000000,0.000000
0.000000,0.000000,0.000000,0.000000
0.000000,0.000000,0.000000,0.000000
0.000000,0.000000,0.000000,0.000000
0.000000,0.000000,0.000000,0.000000
0.000000,0.000000,0.000000,0.000000
0.000000,0.000000,0.000000,0.000000
0.000000,0.000000,0.000000,0.000000
0.000000,0.000000,0.000000,0.000000
0.000000,0.000000,0.000000,0.000000
0.000000,0.000000,0.000000,0.000000
0.000000,0.000000,0.000000,0.000000
0.000000,0.000000,0.000000,0.000000
0.000000,0.000000,0.000000,0.000000
0.000000,0.000000,0.000000,0.000000
0.000000,0.000000,0.000000,0.000000
0.000000,0.000000,0.000000,0.000000
0.000000,0.000000,0.000000,0.000000
0.000000,0.000000,0.000000,0.000000
0.000000,0.000000,0.000000,0.000000
0.000000,0.000000,0.000000,0.000000
0.000000,0.000000,0.000000,0.000000
0.000000,0.000000,0.000000,0.000000
0.000000,0.000000,0.000000,0.000000
0.000000,0.000000,0.000000,0.000000
0.000000,0.000000,0.000000,0.000000
0.000000,0.000000,0.000000,0.000000
0.000000,0.000000,0.000000,0.000000
0.000000,0.000000,0.000000,0.000000
0.000000,0.000000,0.000000,0.000000
0.000000,0.000000,0.000000,0.000000
0.000000,0.000000,0.000000,0.000000
0.000000,0.000000,0.000000,0.000000
0.000000,0.000000,0.000000,0.000000
0.000000,0.000000,0.000000,0.000000
0.000000,0.000000,0.000000,0.000000
0.000000,0.000000,0.000000,0.000000
0.000000,0.000000,0.000000,0.000000
0.000000,0.000000,0.000000,0.000000
0.000000,0.000000,0.000000,0.000000
0.000000,0.000000,0.000000,0.000000
0.000000,0.000000,0.000000,0.000000
0.000000,0.000000,0.000000,0.000000
0.000000,0.000000,0.000000,0.000000
0.000000,0.000000,0.000000,0.000000
0.000000,0.000000,0.000000,0.000000
0.000000,0.000000,0.000000,0.000000
0.000000,0.000000,0.000000,0.000000
0.000000,0.000000,0.000000,0.000000
0.000000,0.000000,0.000000,0.000000
0.000000,0.000000,0.000000,0.000000
0.000000,0.000000,0.000000,0.000000
0.000000,0.000000,0.000000,0.000000
0.000000,0.000000,0.000000,0.000000
0.000000,0.000000,0.000000,0.000000
0.000000,0.000000,0.000000,0.000000
0.000000,0.000000,0.000000,0.000000
0.000000,0.000000,0.000000,0.000000
0.000000,0.000000,0.000000,0.000000
0.000000,0.000000,0.000000,0.000000
0.000000,0.000000,0.000000,0.000000
0.000000,0.000000,0.000000,0.000000
0.000000,0.000000,0.000000,0.000000
0.000000,0.000000,0.000000,0.000000
0.000000,0.000000,0.000000,0.000000
0.000000,0.000000,0.000000,0.000000
0.000000,0.000000,0.000000,0.000000
0.000000,0.000000,0.000000,0.000000
0.000000,0.000000,0.000000,0.000000
0.000000,0.000000,0.000000,0.000000
0.000000,0.000000,0.000000,0.000000
0.000000,0.000000,0.000000,0.000000
0.000000,0.000000,0.000000,0.000000
0.000000,0.000000,0.000000,0.000000
0.000000,0.000000,0.000000,0.000000
0.000000,0.000000,0.000000,0.000000
0.000000,0.000000,0.000000,0.000000
0.000000,0.000000,0.000000,0.000000
0.000000,0.000000,0.000000,0.000000
0.000000,0.000000,0.000000,0.000000
0.000000,0.000000,0.000000,0.000000
0.000000,0.000000,0.000000,0.000000
0.000000,0.000000,0.000000,0.000000
0.000000,0.000000,0.000000,0.000000
0.000000,0.000000,0.000000,0.000000
0.000000,0.000000,0.000000,0.000000
0.000000,0.000000,0.000000,0.000000
0.000000,0.000000,0.000000,0.000000
0.000000,0.000000,0.000000,0.000000
0.000000,0.000000,0.000000,0.000000
0.000000,0.000000,0.000000,0.000000
0.000000,0.000000,0.000000,0.000000
0.000000,0.000000,0.000000,0.000000
0.000000,0.000000,0.000000,0.000000
0.000000,0.000000,0.000000,0.000000
0.000000,0.000000,0.000000,0.000000
0.000000,0.000000,0.000000,0.000000
0.000000,0.000000,0.000000,0.000000
0.000000,0.000000,0.000000,0.000000
0.000000,0.000000,0.000000,0.000000
0.000000,0.000000,0.000000,0.000000
0.000000,0.000000,0.000000,0.000000
0.000000,0.000000,0.000000,0.000000
0.000000,0.000000,0.000000,0.000000
0.000000,0.000000,0.000000,0.000000
0.000000,0.000000,0.000000,0.000000
0.000000,0.000000,0.000000,0.000000
0.000000,0.000000,0.000000,0.000000
0.000000,0.000000,0.000000,0.000000
0.000000,0.000000,0.000000,0.000000
0.000000,0.000000,0.000000,0.000000
0.000000,0.000000,0.000000,0.000000
0.000000,0.000000,0.000000,0.000000
0.000000,0.000000,0.000000,0.000000
0.000000,0.000000,0.000000,0.000000
0.000000,0.000000,0.000000,0.000000
0.000000,0.000000,0.000000,0.000000
0.000000,0.000000,0.000000,0.000000
0.000000,0.000000,0.000000,0.000000
0.000000,0.000000,0.000000,0.000000
0.000000,0.000000,0.000000,0.000000
0.000000,0.000000,0.000000,0.000000
0.000000,0.000000,0.000000,0.000000
0.000000,0.000000,0.000000,0.000000
0.000000,0.000000,0.000000,0.000000
0.000000,0.000000,0.000000,0.000000
0.000000,0.000000,0.000000,0.000000
0.000000,0.000000,0.000000,0.000000
0.000000,0.000000,0.000000,0.000000
0.000000,0.000000,0.000000,0.000000
0.000000,0.000000,0.000000,0.000000
0.000000,0.000000,0.000000,0.000000
0.000000,0.000000,0.000000,0.000000
0.000000,0.000000,0.000000,0.000000
0.000000,0.000000,0.000000,0.000000
0.000000,0.000000,0.000000,0.000000
0.000000,0.000000,0.000000,0.000000
0.000000,0.000000,0.000000,0.000000
0.000000,0.000000,0.000000,0.000000
0.000000,0.000000,0.000000,0.000000
0.000000,0.000000,0.000000,0.000000
0.000000,0.000000,0.000000,0.000000
0.000000,0.000000,0.000000,0.000000
0.000000,0.000000,0.000000,0.000000
0.000000,0.000000,0.000000,0.000000
0.000000,0.000000,0.000000,0.000000
0.000000,0.000000,0.000000,0.000000
0.000000,0.000000,0.000000,0.000000
0.000000,0.000000,0.000000,0.000000
0.000000,0.000000,0.000000,0.000000
0.000000,0.000000,0.000000,0.000000
0.000000,0.000000,0.000000,0.000000
0.000000,0.000000,0.000000,0.000000
0.000000,0.000000,0.000000,0.000000
0.000000,0.000000,0.000000,0.000000
0.000000,0.000000,0.000000,0.000000
0.000000,0.000000,0.000000,0.000000
0.000000,0.000000,0.000000,0.000000
0.000000,0.000000,0.000000,0.000000
0.000000,0.000000,0.000000,0.000000
0.000000,0.000000,0.000000,0.000000
0.000000,0.000000,0.000000,0.000000
0.000000,0.000000,0.000000,0.000000
0.000000,0.000000,0.000000,0.000000
0.000000,0.000000,0.000000,0.000000
0.000000,0.000000,0.000000,0.000000
0.000000,0.000000,0.000000,0.000000
0.000000,0.000000,0.000000,0.000000
0.000000,0.000000,0.000000,0.000000
0.000000,0.000000,0.000000,0.000000
0.000000,0.000000,0.000000,0.000000
0.000000,0.000000,0.000000,0.000000
0.000000,0.000000,0.000000,0.000000
0.000000,0.000000,0.000000,0.000000
0.000000,0.000000,0.000000,0.000000
0.000000,0.000000,0.000000,0.000000
0.000000,0.000000,0.000000,0.000000
0.000000,0.000000,0.000000,0.000000
0.000000,0.000000,0.000000,0.000000
0.000000,0.000000,0.000000,0.000000
0.000000,0.000000,0.000000,0.000000
0.000000,0.000000,0.000000,0.000000
0.000000,0.000000,0.000000,0.000000
0.000000,0.000000,0.000000,0.000000
0.000000,0.000000,0.000000,0.000000
0.000000,0.000000,0.000000,0.000000
0.000000,0.000000,0.000000,0.000000
0.000000,0.000000,0.000000,0.000000
0.000000,0.000000,0.000000,0.000000
0.000000,0.000000,0.000000,0.000000
0.000000,0.000000,0.000000,0.000000
0.000000,0.000000,0.000000,0.000000
0.000000,0.000000,0.000000,0.000000
0.000000,0.000000,0.000000,0.000000
0.000000,0.000000,0.000000,0.000000
0.000000,0.000000,0.000000,0.000000
0.000000,0.000000,0.000000,0.000000
0.000000,0.000000,0.000000,0.000000
0.000000,0.000000,0.000000,0.000000
0.000000,0.000000,0.000000,0.000000
0.000000,0.000000,0.000000,0.000000
0.000000,0.000000,0.000000,0.000000
0.000000,0.000000,0.000000,0.000000
0.000000,0.000000,0.000000,0.000000
0.000000,0.000000,0.000000,0.000000
0.000000,0.000000,0.000000,0.000000
0.000000,0.000000,0.000000,0.000000
0.000000,0.000000,0.000000,0.000000
0.000000,0.000000,0.000000,0.000000
0.000000,0.000000,0.000000,0.000000
0.000000,0.000000,0.000000,0.000000
0.000000,0.000000,0.000000,0.000000
0.000000,0.000000,0.000000,0.000000
0.000000,0.000000,0.000000,0.000000
0.000000,0.000000,0.000000,0.000000
0.000000,0.000000,0.000000,0.000000
0.000000,0.000000,0.000000,0.000000
0.000000,0.000000,0.000000,0.000000
0.000000,0.000000,0.000000,0.000000
0.000000,0.000000,0.000000,0.000000
0.000000,0.000000,0.000000,0.000000
0.000000,0.000000,0.000000,0.000000
0.000000,0.000000,0.000000,0.000000
0.000000,0.000000,0.000000,0.000000
0.000000,0.000000,0.000000,0.000000
0.000000,0.000000,0.000000,0.000000
0.000000,0.000000,0.000000,0.000000
0.000000,0.000000,0.000000,0.000000
0.000000,0.000000,0.000000,0.000000
0.000000,0.000000,0.000000,0.000000
0.000000,0.000000,0.000000,0.000000
0.000000,0.000000,0.000000,0.000000
0.000000,0.000000,0.000000,0.000000
0.000000,0.000000,0.000000,0.000000
0.000000,0.000000,0.000000,0.000000
0.000000,0.000000,0.000000,0.000000
0.000000,0.000000,0.000000,0.000000
0.000000,0.000000,0.000000,0.000000
0.000000,0.000000,0.000000,0.000000
0.000000,0.000000,0.000000,0.000000
0.000000,0.000000,0.000000,0.000000
0.000000,0.000000,0.000000,0.000000
0.000000,0.000000,0.000000,0.000000
0.000000,0.000000,0.000000,0.000000
0.000000,0.000000,0.000000,0.000000
0.000000,0.000000,0.000000,0.000000
0.000000,0.000000,0.000000,0.000000
0.000000,0.000000,0.000000,0.000000
0.000000,0.000000,0.000000,0.000000
0.000000,0.000000,0.000000,0.000000
0.000000,0.000000,0.000000,0.000000
0.000000,0.000000,0.000000,0.000000
0.000000,0.000000,0.000000,0.000000
0.000000,0.000000,0.000000,0.000000
0.000000,0.000000,0.000000,0.000000
0.000000,0.000000,0.000000,0.000000
0.000000,0.000000,0.000000,0.000000
0.000000,0.000000,0.000000,0.000000
0.000000,0.000000,0.000000,0.000000
0.000000,0.000000,0.000000,0.000000
0.000000,0.000000,0.000000,0.000000
0.000000,0.000000,0.000000,0.000000
0.000000,0.000000,0.000000,0.000000
0.000000,0.000000,0.000000,0.000000
0.000000,0.000000,0.000000,0.000000
0.000000,0.000000,0.000000,0.000000
0.000000,0.000000,0.000000,0.000000
0.000000,0.000000,0.000000,0.000000
0.000000,0.000000,0.000000,0.000000
0.000000,0.000000,0.000000,0.000000
0.000000,0.000000,0.000000,0.000000
0.000000,0.000000,0.000000,0.000000
0.000000,0.000000,0.000000,0.000000
0.000000,0.000000,0.000000,0.000000
0.000000,0.000000,0.000000,0.000000
0.000000,0.000000,0.000000,0.000000
0.000000,0.000000,0.000000,0.000000
0.000000,0.000000,0.000000,0.000000
0.000000,0.000000,0.000000,0.000000
0.000000,0.000000,0.000000,0.000000
0.000000,0.000000,0.000000,0.000000
0.000000,0.000000,0.000000,0.000000
0.000000,0.000000,0.000000,0.000000
0.000000,0.000000,0.000000,0.000000
0.000000,0.000000,0.000000,0.000000
0.000000,0.000000,0.000000,0.000000
0.000000,0.000000,0.000000,0.000000
0.000000,0.000000,0.000000,0.000000
0.000000,0.000000,0.000000,0.000000
0.000000,0.000000,0.000000,0.000000
0.000000,0.000000,0.000000,0.000000
0.000000,0.000000,0.000000,0.000000
0.000000,0.000000,0.000000,0.000000
0.000000,0.000000,0.000000,0.000000
0.000000,0.000000,0.000000,0.000000
0.000000,0.000000,0.000000,0.000000
0.000000,0.000000,0.000000,0.000000
0.000000,0.000000,0.000000,0.000000
0.000000,0.000000,0.000000,0.000000
0.000000,0.000000,0.000000,0.000000
0.000000,0.000000,0.000000,0.000000
0.000000,0.000000,0.000000,0.000000
0.000000,0.000000,0.000000,0.000000
0.000000,0.000000,0.000000,0.000000
0.000000,0.000000,0.000000,0.000000
0.000000,0.000000,0.000000,0.000000
0.000000,0.000000,0.000000,0.000000
0.000000,0.000000,0.000000,0.000000
0.000000,0.000000,0.000000,0.000000
0.000000,0.000000,0.000000,0.000000
0.000000,0.000000,0.000000,0.000000
0.000000,0.000000,0.000000,0.000000
0.000000,0.000000,0.000000,0.000000
0.000000,0.000000,0.000000,0.000000
0.000000,0.000000,0.000000,0.000000
0.000000,0.000000,0.000000,0.000000
0.000000,0.000000,0.000000,0.000000
0.000000,0.000000,0.000000,0.000000
0.000000,0.000000,0.000000,0.000000
0.000000,0.000000,0.000000,0.000000
0.000000,0.000000,0.000000,0.000000
0.000000,0.000000,0.000000,0.000000
0.000000,0.000000,0.000000,0.000000
0.000000,0.000000,0.000000,0.000000
0.000000,0.000000,0.000000,0.000000
0.000000,0.000000,0.000000,0.000000
0.000000,0.000000,0.000000,0.000000
0.000000,0.000000,0.000000,0.000000
0.000000,0.000000,0.000000,0.000000
0.000000,0.000000,0.000000,0.000000
0.000000,0.000000,0.000000,0.000000
0.000000,0.000000,0.000000,0.000000
0.000000,0.000000,0.000000,0.000000
0.000000,0.000000,0.000000,0.000000
0.000000,0.000000,0.000000,0.000000
0.000000,0.000000,0.000000,0.000000
0.000000,0.000000,0.000000,0.000000
0.000000,0.000000,0.000000,0.000000
0.000000,0.000000,0.000000,0.000000
0.000000,0.000000,0.000000,0.000000
0.000000,0.000000,0.000000,0.000000
0.000000,0.000000,0.000000,0.000000
0.000000,0.000000,0.000000,0.000000
0.000000,0.000000,0.000000,0.000000
0.000000,0.000000,0.000000,0.000000
0.000000,0.000000,0.000000,0.000000
0.000000,0.000000,0.000000,0.000000
0.000000,0.000000,0.000000,0.000000
0.000000,0.000000,0.000000,0.000000
0.000000,0.000000,0.000000,0.000000
0.000000,0.000000,0.000000,0.000000
0.000000,0.000000,0.000000,0.000000
0.000000,0.000000,0.000000,0.000000
0.000000,0.000000,0.000000,0.000000
0.000000,0.000000,0.000000,0.000000
0.000000,0.000000,0.000000,0.000000
0.000000,0.000000,0.000000,0.000000
0.000000,0.000000,0.000000,0.000000
0.000000,0.000000,0.000000,0.000000
0.000000,0.000000,0.000000,0.000000
0.000000,0.000000,0.000000,0.000000
0.000000,0.000000,0.000000,0.000000
0.000000,0.000000,0.000000,0.000000
0.000000,0.000000,0.000000,0.000000
0.000000,0.000000,0.000000,0.000000
0.000000,0.000000,0.000000,0.000000
0.000000,0.000000,0.000000,0.000000
0.000000,0.000000,0.000000,0.000000
0.000000,0.000000,0.000000,0.000000
0.000000,0.000000,0.000000,0.000000
0.000000,0.000000,0.000000,0.000000
0.000000,0.000000,0.000000,0.000000
0.000000,0.000000,0.000000,0.000000
0.000000,0.000000,0.000000,0.000000
0.000000,0.000000,0.000000,0.000000
0.000000,0.000000,0.000000,0.000000
0.000000,0.000000,0.000000,0.000000
0.000000,0.000000,0.000000,0.000000
0.000000,0.000000,0.000000,0.000000
0.000000,0.000000,0.000000,0.000000
0.000000,0.000000,0.000000,0.000000
0.000000,0.000000,0.000000,0.000000
0.000000,0.000000,0.000000,0.000000
0.000000,0.000000,0.000000,0.000000
0.000000,0.000000,0.000000,0.000000
0.000000,0.000000,0.000000,0.000000
0.000000,0.000000,0.000000,0.000000
0.000000,0.000000,0.000000,0.000000
0.000000,0.000000,0.000000,0.000000
0.000000,0.000000,0.000000,0.000000
0.000000,0.000000,0.000000,0.000000
0.000000,0.000000,0.000000,0.000000
0.000000,0.000000,0.000000,0.000000
0.000000,0.000000,0.000000,0.000000
0.000000,0.000000,0.000000,0.000000
0.000000,0.000000,0.000000,0.000000
0.000000,0.000000,0.000000,0.000000
0.000000,0.000000,0.000000,0.000000
0.000000,0.000000,0.000000,0.000000
0.000000,0.000000,0.000000,0.000000
0.000000,0.000000,0.000000,0.000000
0.000000,0.000000,0.000000,0.000000
0.000000,0.000000,0.000000,0.000000
0.000000,0.000000,0.000000,0.000000
0.000000,0.000000,0.000000,0.000000
0.000000,0.000000,0.000000,0.000000
0.000000,0.000000,0.000000,0.000000
0.000000,0.000000,0.000000,0.000000
0.000000,0.000000,0.000000,0.000000
0.000000,0.000000,0.000000,0.000000
0.000000,0.000000,0.000000,0.000000
0.000000,0.000000,0.000000,0.000000
0.000000,0.000000,0.000000,0.000000
0.000000,0.000000,0.000000,0.000000
0.000000,0.000000,0.000000,0.000000
0.000000,0.000000,0.000000,0.000000
0.000000,0.000000,0.000000,0.000000
0.000000,0.000000,0.000000,0.000000
0.000000,0.000000,0.000000,0.000000
0.000000,0.000000,0.000000,0.000000
0.000000,0.000000,0.000000,0.000000
0.000000,0.000000,0.000000,0.000000
0.000000,0.000000,0.000000,0.000000
0.000000,0.000000,0.000000,0.000000
0.000000,0.000000,0.000000,0.000000
0.000000,0.000000,0.000000,0.000000
0.000000,0.000000,0.000000,0.000000
0.000000,0.000000,0.000000,0.000000
0.000000,0.000000,0.000000,0.000000
0.000000,0.000000,0.000000,0.000000
0.000000,0.000000,0.000000,0.000000
0.000000,0.000000,0.000000,0.000000
0.000000,0.000000,0.000000,0.000000
0.000000,0.000000,0.000000,0.000000
0.000000,0.000000,0.000000,0.000000
0.000000,0.000000,0.000000,0.000000
0.000000,0.000000,0.000000,0.000000
0.000000,0.000000,0.000000,0.000000
0.000000,0.000000,0.000000,0.000000
0.000000,0.000000,0.000000,0.000000
0.000000,0.000000,0.000000,0.000000
0.000000,0.000000,0.000000,0.000000
0.000000,0.000000,0.000000,0.000000
0.000000,0.000000,0.000000,0.000000
0.000000,0.000000,0.000000,0.000000
0.000000,0.000000,0.000000,0.000000
0.000000,0.000000,0.000000,0.000000
0.000000,0.000000,0.000000,0.000000
0.000000,0.000000,0.000000,0.000000
0.000000,0.000000,0.000000,0.000000
0.000000,0.000000,0.000000,0.000000
0.000000,0.000000,0.000000,0.000000
0.000000,0.000000,0.000000,0.000000
0.000000,0.000000,0.000000,0.000000
0.000000,0.000000,0.000000,0.000000
0.000000,0.000000,0.000000,0.000000
0.000000,0.000000,0.000000,0.000000
0.000000,0.000000,0.000000,0.000000
0.000000,0.000000,0.000000,0.000000
0.000000,0.000000,0.000000,0.000000
0.000000,0.000000,0.000000,0.000000
0.000000,0.000000,0.000000,0.000000
0.000000,0.000000,0.000000,0.000000
0.000000,0.000000,0.000000,0.000000
0.000000,0.000000,0.000000,0.000000
0.000000,0.000000,0.000000,0.000000
0.000000,0.000000,0.000000,0.000000
0.000000,0.000000,0.000000,0.000000
0.000000,0.000000,0.000000,0.000000
0.000000,0.000000,0.000000,0.000000
0.000000,0.000000,0.000000,0.000000
0.000000,0.000000,0.000000,0.000000
0.000000,0.000000,0.000000,0.000000
0.000000,0.000000,0.000000,0.000000
0.000000,0.000000,0.000000,0.000000
0.000000,0.000000,0.000000,0.000000
0.000000,0.000000,0.000000,0.000000
0.000000,0.000000,0.000000,0.000000
0.000000,0.000000,0.000000,0.000000
0.000000,0.000000,0.000000,0.000000
0.000000,0.000000,0.000000,0.000000
0.000000,0.000000,0.000000,0.000000
0.000000,0.000000,0.000000,0.000000
0.000000,0.000000,0.000000,0.000000
0.000000,0.000000,0.000000,0.000000
0.000000,0.000000,0.000000,0.000000
0.000000,0.000000,0.000000,0.000000
0.000000,0.000000,0.000000,0.000000
0.000000,0.000000,0.000000,0.000000
0.000000,0.000000,0.000000,0.000000
0.000000,0.000000,0.000000,0.000000
0.000000,0.000000,0.000000,0.000000
0.000000,0.000000,0.000000,0.000000
0.000000,0.000000,0.000000,0.000000
0.000000,0.000000,0.000000,0.000000
0.000000,0.000000,0.000000,0.000000
0.000000,0.000000,0.000000,0.000000
0.000000,0.000000,0.000000,0.000000
0.000000,0.000000,0.000000,0.000000
0.000000,0.000000,0.000000,0.000000
0.000000,0.000000,0.000000,0.000000
0.000000,0.000000,0.000000,0.000000
0.000000,0.000000,0.000000,0.000000
0.000000,0.000000,0.000000,0.000000
0.000000,0.000000,0.000000,0.000000
0.000000,0.000000,0.000000,0.000000
0.000000,0.000000,0.000000,0.000000
0.000000,0.000000,0.000000,0.000000
0.000000,0.000000,0.000000,0.000000
0.000000,0.000000,0.000000,0.000000
0.000000,0.000000,0.000000,0.000000
0.000000,0.000000,0.000000,0.000000
0.000000,0.000000,0.000000,0.000000
0.000000,0.000000,0.000000,0.000000
0.000000,0.000000,0.000000,0.000000
0.000000,0.000000,0.000000,0.000000
0.000000,0.000000,0.000000,0.000000
0.000000,0.000000,0.000000,0.000000
0.000000,0.000000,0.000000,0.000000
0.000000,0.000000,0.000000,0.000000
0.000000,0.000000,0.000000,0.000000
0.000000,0.000000,0.000000,0.000000
0.000000,0.000000,0.000000,0.000000
0.000000,0.000000,0.000000,0.000000
0.000000,0.000000,0.000000,0.000000
0.000000,0.000000,0.000000,0.000000
0.000000,0.000000,0.000000,0.000000
0.000000,0.000000,0.000000,0.000000
0.000000,0.000000,0.000000,0.000000
0.000000,0.000000,0.000000,0.000000
0.000000,0.000000,0.000000,0.000000
0.000000,0.000000,0.000000,0.000000
0.000000,0.000000,0.000000,0.000000
0.000000,0.000000,0.000000,0.000000
0.000000,0.000000,0.000000,0.000000
0.000000,0.000000,0.000000,0.000000
0.000000,0.000000,0.000000,0.000000
0.000000,0.000000,0.000000,0.000000
0.000000,0.000000,0.000000,0.000000
0.000000,0.000000,0.000000,0.000000
0.000000,0.000000,0.000000,0.000000
0.000000,0.000000,0.000000,0.000000
0.000000,0.000000,0.000000,0.000000
0.000000,0.000000,0.000000,0.000000
0.000000,0.000000,0.000000,0.000000
0.000000,0.000000,0.000000,0.000000
0.000000,0.000000,0.000000,0.000000
0.000000,0.000000,0.000000,0.000000
0.000000,0.000000,0.000000,0.000000
0.000000,0.000000,0.000000,0.000000
0.000000,0.000000,0.000000,0.000000
0.000000,0.000000,0.000000,0.000000
0.000000,0.000000,0.000000,0.000000
0.000000,0.000000,0.000000,0.000000
0.000000,0.000000,0.000000,0.000000
0.000000,0.000000,0.000000,0.000000
0.000000,0.000000,0.000000,0.000000
0.000000,0.000000,0.000000,0.000000
0.000000,0.000000,0.000000,0.000000
0.000000,0.000000,0.000000,0.000000
0.000000,0.000000,0.000000,0.000000
0.000000,0.000000,0.000000,0.000000
0.000000,0.000000,0.000000,0.000000
0.000000,0.000000,0.000000,0.000000
0.000000,0.000000,0.000000,0.000000
0.000000,0.000000,0.000000,0.000000
0.000000,0.000000,0.000000,0.000000
0.000000,0.000000,0.000000,0.000000
0.000000,0.000000,0.000000,0.000000
0.000000,0.000000,0.000000,0.000000
0.000000,0.000000,0.000000,0.000000
0.000000,0.000000,0.000000,0.000000
0.000000,0.000000,0.000000,0.000000
0.000000,0.000000,0.000000,0.000000
0.000000,0.000000,0.000000,0.000000
0.000000,0.000000,0.000000,0.000000
0.000000,0.000000,0.000000,0.000000
0.000000,0.000000,0.000000,0.000000
0.000000,0.000000,0.000000,0.000000
0.000000,0.000000,0.000000,0.000000
0.000000,0.000000,0.000000,0.000000
0.000000,0.000000,0.000000,0.000000
0.000000,0.000000,0.000000,0.000000
0.000000,0.000000,0.000000,0.000000
0.000000,0.000000,0.000000,0.000000
0.000000,0.000000,0.000000,0.000000
0.000000,0.000000,0.000000,0.000000
0.000000,0.000000,0.000000,0.000000
0.000000,0.000000,0.000000,0.000000
0.000000,0.000000,0.000000,0.000000
0.000000,0.000000,0.000000,0.000000
0.000000,0.000000,0.000000,0.000000
0.000000,0.000000,0.000000,0.000000
0.000000,0.000000,0.000000,0.000000
0.000000,0.000000,0.000000,0.000000
0.000000,0.000000,0.000000,0.000000
0.000000,0.000000,0.000000,0.000000
0.000000,0.000000,0.000000,0.000000
0.000000,0.000000,0.000000,0.000000
0.000000,0.000000,0.000000,0.000000
0.000000,0.000000,0.000000,0.000000
0.000000,0.000000,0.000000,0.000000
0.000000,0.000000,0.000000,0.000000
0.000000,0.000000,0.000000,0.000000
0.000000,0.000000,0.000000,0.000000
0.000000,0.000000,0.000000,0.000000
0.000000,0.000000,0.000000,0.000000
0.000000,0.000000,0.000000,0.000000
0.000000,0.000000,0.000000,0.000000
0.000000,0.000000,0.000000,0.000000
0.000000,0.000000,0.000000,0.000000
0.000000,0.000000,0.000000,0.000000
0.000000,0.000000,0.000000,0.000000
0.000000,0.000000,0.000000,0.000000
0.000000,0.000000,0.000000,0.000000
0.000000,0.000000,0.000000,0.000000
0.000000,0.000000,0.000000,0.000000
0.000000,0.000000,0.000000,0.000000
0.000000,0.000000,0.000000,0.000000
0.000000,0.000000,0.000000,0.000000
0.000000,0.000000,0.000000,0.000000
0.000000,0.000000,0.000000,0.000000
0.000000,0.000000,0.000000,0.000000
0.000000,0.000000,0.000000,0.000000
0.000000,0.000000,0.000000,0.000000
0.000000,0.000000,0.000000,0.000000
0.000000,0.000000,0.000000,0.000000
0.000000,0.000000,0.000000,0.000000
0.000000,0.000000,0.000000,0.000000
0.000000,0.000000,0.000000,0.000000
0.000000,0.000000,0.000000,0.000000
0.000000,0.000000,0.000000,0.000000
0.000000,0.000000,0.000000,0.000000
0.000000,0.000000,0.000000,0.000000
0.000000,0.000000,0.000000,0.000000
0.000000,0.000000,0.000000,0.000000
0.000000,0.000000,0.000000,0.000000
0.000000,0.000000,0.000000,0.000000
0.000000,0.000000,0.000000,0.000000
0.000000,0.000000,0.000000,0.000000
0.000000,0.000000,0.000000,0.000000
0.000000,0.000000,0.000000,0.000000
0.000000,0.000000,0.000000,0.000000
0.000000,0.000000,0.000000,0.000000
0.000000,0.000000,0.000000,0.000000
0.000000,0.000000,0.000000,0.000000
0.000000,0.000000,0.000000,0.000000
0.000000,0.000000,0.000000,0.000000
0.000000,0.000000,0.000000,0.000000
0.000000,0.000000,0.000000,0.000000
0.000000,0.000000,0.000000,0.000000
0.000000,0.000000,0.000000,0.000000
0.000000,0.000000,0.000000,0.000000
0.000000,0.000000,0.000000,0.000000
0.000000,0.000000,0.000000,0.000000
0.000000,0.000000,0.000000,0.000000
0.000000,0.000000,0.000000,0.000000
0.000000,0.000000,0.000000,0.000000
0.000000,0.000000,0.000000,0.000000
0.000000,0.000000,0.000000,0.000000
0.000000,0.000000,0.000000,0.000000
0.000000,0.000000,0.000000,0.000000
0.000000,0.000000,0.000000,0.000000
0.000000,0.000000,0.000000,0.000000
0.000000,0.000000,0.000000,0.000000
0.000000,0.000000,0.000000,0.000000
0.000000,0.000000,0.000000,0.000000
0.000000,0.000000,0.000000,0.000000
0.000000,0.000000,0.000000,0.000000
0.000000,0.000000,0.000000,0.000000
0.000000,0.000000,0.000000,0.000000
0.000000,0.000000,0.000000,0.000000
0.000000,0.000000,0.000000,0.000000
0.000000,0.000000,0.000000,0.000000
0.000000,0.000000,0.000000,0.000000
0.000000,0.000000,0.000000,0.000000
0.000000,0.000000,0.000000,0.000000
0.000000,0.000000,0.000000,0.000000
0.000000,0.000000,0.000000,0.000000
0.000000,0.000000,0.000000,0.000000
0.000000,0.000000,0.000000,0.000000
0.000000,0.000000,0.000000,0.000000
0.000000,0.000000,0.000000,0.000000
0.000000,0.000000,0.000000,0.000000
0.000000,0.000000,0.000000,0.000000
0.000000,0.000000,0.000000,0.000000
0.000000,0.000000,0.000000,0.000000
0.000000,0.000000,0.000000,0.000000
0.000000,0.000000,0.000000,0.000000
0.000000,0.000000,0.000000,0.000000
0.000000,0.000000,0.000000,0.000000
0.000000,0.000000,0.000000,0.000000
0.000000,0.000000,0.000000,0.000000
0.000000,0.000000,0.000000,0.000000
0.000000,0.000000,0.000000,0.000000
0.000000,0.000000,0.000000,0.000000
0.000000,0.000000,0.000000,0.000000
0.000000,0.000000,0.000000,0.000000
0.000000,0.000000,0.000000,0.000000
0.000000,0.000000,0.000000,0.000000
0.000000,0.000000,0.000000,0.000000
0.000000,0.000000,0.000000,0.000000
0.000000,0.000000,0.000000,0.000000
0.000000,0.000000,0.000000,0.000000
0.000000,0.000000,0.000000,0.000000
0.000000,0.000000,0.000000,0.000000
0.000000,0.000000,0.000000,0.000000
0.000000,0.000000,0.000000,0.000000
0.000000,0.000000,0.000000,0.000000
0.000000,0.000000,0.000000,0.000000
0.000000,0.000000,0.000000,0.000000
0.000000,0.000000,0.000000,0.000000
0.000000,0.000000,0.000000,0.000000
0.000000,0.000000,0.000000,0.000000
0.000000,0.000000,0.000000,0.000000
0.000000,0.000000,0.000000,0.000000
0.000000,0.000000,0.000000,0.000000
0.000000,0.000000,0.000000,0.000000
0.000000,0.000000,0.000000,0.000000
0.000000,0.000000,0.000000,0.000000
0.000000,0.000000,0.000000,0.000000
0.000000,0.000000,0.000000,0.000000
0.000000,0.000000,0.000000,0.000000
0.000000,0.000000,0.000000,0.000000
0.000000,0.000000,0.000000,0.000000
0.000000,0.000000,0.000000,0.000000
0.000000,0.000000,0.000000,0.000000
0.000000,0.000000,0.000000,0.000000
0.000000,0.000000,0.000000,0.000000
0.000000,0.000000,0.000000,0.000000
0.000000,0.000000,0.000000,0.000000
0.000000,0.000000,0.000000,0.000000
0.000000,0.000000,0.000000,0.000000
0.000000,0.000000,0.000000,0.000000
0.000000,0.000000,0.000000,0.000000
0.000000,0.000000,0.000000,0.000000
0.000000,0.000000,0.000000,0.000000
0.000000,0.000000,0.000000,0.000000
0.000000,0.000000,0.000000,0.000000
0.000000,0.000000,0.000000,0.000000
0.000000,0.000000,0.000000,0.000000
0.000000,0.000000,0.000000,0.000000
0.000000,0.000000,0.000000,0.000000
0.000000,0.000000,0.000000,0.000000
0.000000,0.000000,0.000000,0.000000
0.000000,0.000000,0.000000,0.000000
0.000000,0.000000,0.000000,0.000000
0.000000,0.000000,0.000000,0.000000
0.000000,0.000000,0.000000,0.000000
0.000000,0.000000,0.000000,0.000000
0.000000,0.000000,0.000000,0.000000
0.000000,0.000000,0.000000,0.000000
0.000000,0.000000,0.000000,0.000000
0.000000,0.000000,0.000000,0.000000
0.000000,0.000000,0.000000,0.000000
0.000000,0.000000,0.000000,0.000000
0.000000,0.000000,0.000000,0.000000
0.000000,0.000000,0.000000,0.000000
0.000000,0.000000,0.000000,0.000000
0.000000,0.000000,0.000000,0.000000
0.000000,0.000000,0.000000,0.000000
0.000000,0.000000,0.000000,0.000000
0.000000,0.000000,0.000000,0.000000
0.000000,0.000000,0.000000,0.000000
0.000000,0.000000,0.000000,0.000000
0.000000,0.000000,0.000000,0.000000
0.000000,0.000000,0.000000,0.000000
0.000000,0.000000,0.000000,0.000000
0.000000,0.000000,0.000000,0.000000
0.000000,0.000000,0.000000,0.000000
0.000000,0.000000,0.000000,0.000000
0.000000,0.000000,0.000000,0.000000
0.000000,0.000000,0.000000,0.000000
0.000000,0.000000,0.000000,0.000000
0.000000,0.000000,0.000000,0.000000
0.000000,0.000000,0.000000,0.000000
0.000000,0.000000,0.000000,0.000000
0.000000,0.000000,0.000000,0.000000
0.000000,0.000000,0.000000,0.000000
0.000000,0.000000,0.000000,0.000000
0.000000,0.000000,0.000000,0.000000
0.000000,0.000000,0.000000,0.000000
0.000000,0.000000,0.000000,0.000000
0.000000,0.000000,0.000000,0.000000
0.000000,0.000000,0.000000,0.000000
0.000000,0.000000,0.000000,0.000000
0.000000,0.000000,0.000000,0.000000
0.000000,0.000000,0.000000,0.000000
0.000000,0.000000,0.000000,0.000000
0.000000,0.000000,0.000000,0.000000
0.000000,0.000000,0.000000,0.000000
0.000000,0.000000,0.000000,0.000000
0.000000,0.000000,0.000000,0.000000
0.000000,0.000000,0.000000,0.000000
0.000000,0.000000,0.000000,0.000000
0.000000,0.000000,0.000000,0.000000
0.000000,0.000000,0.000000,0.000000
0.000000,0.000000,0.000000,0.000000
0.000000,0.000000,0.000000,0.000000
0.000000,0.000000,0.000000,0.000000
0.000000,0.000000,0.000000,0.000000
0.000000,0.000000,0.000000,0.000000
0.000000,0.000000,0.000000,0.000000
0.000000,0.000000,0.000000,0.000000
0.000000,0.000000,0.000000,0.000000
0.000000,0.000000,0.000000,0.000000
0.000000,0.000000,0.000000,0.000000
0.000000,0.000000,0.000000,0.000000
0.000000,0.000000,0.000000,0.000000
0.000000,0.000000,0.000000,0.000000
0.000000,0.000000,0.000000,0.000000
0.000000,0.000000,0.000000,0.000000
0.000000,0.000000,0.000000,0.000000
0.000000,0.000000,0.000000,0.000000
0.000000,0.000000,0.000000,0.000000
0.000000,0.000000,0.000000,0.000000
0.000000,0.000000,0.000000,0.000000
0.000000,0.000000,0.000000,0.000000
0.000000,0.000000,0.000000,0.000000
0.000000,0.000000,0.000000,0.000000
0.000000,0.000000,0.000000,0.000000
0.000000,0.000000,0.000000,0.000000
0.000000,0.000000,0.000000,0.000000
0.000000,0.000000,0.000000,0.000000
0.000000,0.000000,0.000000,0.000000
0.000000,0.000000,0.000000,0.000000
0.000000,0.000000,0.000000,0.000000
0.000000,0.000000,0.000000,0.000000
0.000000,0.000000,0.000000,0.000000
0.000000,0.000000,0.000000,0.000000
0.000000,0.000000,0.000000,0.000000
0.000000,0.000000,0.000000,0.000000
0.000000,0.000000,0.000000,0.000000
0.000000,0.000000,0.000000,0.000000
0.000000,0.000000,0.000000,0.000000
0.000000,0.000000,0.000000,0.000000
0.000000,0.000000,0.000000,0.000000
0.000000,0.000000,0.000000,0.000000
0.000000,0.000000,0.000000,0.000000
0.000000,0.000000,0.000000,0.000000
0.000000,0.000000,0.000000,0.000000
0.000000,0.000000,0.000000,0.000000
0.000000,0.000000,0.000000,0.000000
0.000000,0.000000,0.000000,0.000000
0.000000,0.000000,0.000000,0.000000
0.000000,0.000000,0.000000,0.000000
0.000000,0.000000,0.000000,0.000000
0.000000,0.000000,0.000000,0.000000
0.000000,0.000000,0.000000,0.000000
0.000000,0.000000,0.000000,0.000000
0.000000,0.000000,0.000000,0.000000
0.000000,0.000000,0.000000,0.000000
0.000000,0.000000,0.000000,0.000000
0.000000,0.000000,0.000000,0.000000
0.000000,0.000000,0.000000,0.000000
0.000000,0.000000,0.000000,0.000000
0.000000,0.000000,0.000000,0.000000
0.000000,0.000000,0.000000,0.000000
0.000000,0.000000,0.000000,0.000000
0.000000,0.000000,0.000000,0.000000
0.000000,0.000000,0.000000,0.000000
0.000000,0.000000,0.000000,0.000000
0.000000,0.000000,0.000000,0.000000
0.000000,0.000000,0.000000,0.000000
0.000000,0.000000,0.000000,0.000000
0.000000,0.000000,0.000000,0.000000
0.000000,0.000000,0.000000,0.000000
0.000000,0.000000,0.000000,0.000000
0.000000,0.000000,0.000000,0.000000
0.000000,0.000000,0.000000,0.000000
0.000000,0.000000,0.000000,0.000000
0.000000,0.000000,0.000000,0.000000
0.000000,0.000000,0.000000,0.000000
0.000000,0.000000,0.000000,0.000000
0.000000,0.000000,0.000000,0.000000
0.000000,0.000000,0.000000,0.000000
0.000000,0.000000,0.000000,0.000000
0.000000,0.000000,0.000000,0.000000
0.000000,0.000000,0.000000,0.000000
0.000000,0.000000,0.000000,0.000000
0.000000,0.000000,0.000000,0.000000
0.000000,0.000000,0.000000,0.000000
0.000000,0.000000,0.000000,0.000000
0.000000,0.000000,0.000000,0.000000
0.000000,0.000000,0.000000,0.000000
0.000000,0.000000,0.000000,0.000000
0.000000,0.000000,0.000000,0.000000
0.000000,0.000000,0.000000,0.000000
0.000000,0.000000,0.000000,0.000000
0.000000,0.000000,0.000000,0.000000
0.000000,0.000000,0.000000,0.000000
0.000000,0.000000,0.000000,0.000000
0.000000,0.000000,0.000000,0.000000
0.000000,0.000000,0.000000,0.000000
0.000000,0.000000,0.000000,0.000000
0.000000,0.000000,0.000000,0.000000
0.000000,0.000000,0.000000,0.000000
0.000000,0.000000,0.000000,0.000000
0.000000,0.000000,0.000000,0.000000
0.000000,0.000000,0.000000,0.000000
0.000000,0.000000,0.000000,0.000000
0.000000,0.000000,0.000000,0.000000
0.000000,0.000000,0.000000,0.000000
0.000000,0.000000,0.000000,0.000000
0.000000,0.000000,0.000000,0.000000
0.000000,0.000000,0.000000,0.000000
0.000000,0.000000,0.000000,0.000000
0.000000,0.000000,0.000000,0.000000
0.000000,0.000000,0.000000,0.000000
0.000000,0.000000,0.000000,0.000000
0.000000,0.000000,0.000000,0.000000
0.000000,0.000000,0.000000,0.000000
0.000000,0.000000,0.000000,0.000000
0.000000,0.000000,0.000000,0.000000
0.000000,0.000000,0.000000,0.000000
0.000000,0.000000,0.000000,0.000000
0.000000,0.000000,0.000000,0.000000
0.000000,0.000000,0.000000,0.000000
0.000000,0.000000,0.000000,0.000000
0.000000,0.000000,0.000000,0.000000
0.000000,0.000000,0.000000,0.000000
0.000000,0.000000,0.000000,0.000000
0.000000,0.000000,0.000000,0.000000
0.000000,0.000000,0.000000,0.000000
0.000000,0.000000,0.000000,0.000000
0.000000,0.000000,0.000000,0.000000
0.000000,0.000000,0.000000,0.000000
0.000000,0.000000,0.000000,0.000000
0.000000,0.000000,0.000000,0.000000
0.000000,0.000000,0.000000,0.000000
0.000000,0.000000,0.000000,0.000000
0.000000,0.000000,0.000000,0.000000
0.000000,0.000000,0.000000,0.000000
0.000000,0.000000,0.000000,0.000000
0.000000,0.000000,0.000000,nan
0.000000,0.000000,0.000000,0.000000
0.000000,0.000000,0.000000,0.000000
0.000000,0.000000,0.000000,0.000000
0.000000,0.000000,0.000000,0.000000
0.000000,0.000000,0.000000,0.000000
0.000000,0.000000,0.000000,0.000000
0.000000,0.000000,0.000000,0.000000
0.000000,0.000000,0.000000,0.000000
0.000000,0.000000,0.000000,0.000000
0.000000,0.000000,0.000000,0.000000
0.000000,0.000000,0.000000,0.000000
0.000000,0.000000,0.000000,0.000000
0.000000,0.000000,0.000000,0.000000
0.000000,0.000000,0.000000,0.000000
0.000000,0.000000,0.000000,0.000000
0.000000,0.000000,0.000000,0.000000
0.000000,0.000000,0.000000,0.000000
0.000000,0.000000,0.000000,0.000000
0.000000,0.000000,0.000000,0.000000
0.000000,0.000000,0.000000,0.000000
0.000000,0.000000,0.000000,0.000000
0.000000,0.000000,0.000000,0.000000
0.000000,0.000000,0.000000,0.000000
0.000000,0.000000,0.000000,0.000000
0.000000,0.000000,0.000000,0.000000
0.000000,0.000000,0.000000,0.000000
0.000000,0.000000,0.000000,0.000000
0.000000,0.000000,0.000000,0.000000
0.000000,0.000000,0.000000,0.000000
0.000000,0.000000,0.000000,0.000000
0.000000,0.000000,0.000000,0.000000
0.000000,0.000000,0.000000,0.000000
0.000000,0.000000,0.000000,0.000000
0.000000,0.000000,0.000000,0.000000
0.000000,0.000000,0.000000,0.000000
0.000000,0.000000,0.000000,0.000000
0.000000,0.000000,0.000000,0.000000
0.000000,0.000000,0.000000,0.000000
0.000000,0.000000,0.000000,0.000000
0.000000,0.000000,0.000000,0.000000
0.000000,0.000000,0.000000,0.000000
0.000000,0.000000,0.000000,0.000000
0.000000,0.000000,0.000000,0.000000
0.000000,0.000000,0.000000,0.000000
0.000000,0.000000,0.000000,0.000000
0.000000,0.000000,0.000000,0.000000
0.000000,0.000000,0.000000,0.000000
0.000000,0.000000,0.000000,0.000000
0.000000,0.000000,0.000000,0.000000
0.000000,0.000000,0.000000,0.000000
0.000000,0.000000,0.000000,0.000000
0.000000,0.000000,0.000000,0.000000
0.000000,0.000000,0.000000,0.000000
0.000000,0.000000,0.000000,0.000000
0.000000,0.000000,0.000000,0.000000
0.000000,0.000000,0.000000,0.000000
0.000000,0.000000,0.000000,0.000000
0.000000,0.000000,0.000000,0.000000
0.000000,0.000000,0.000000,0.000000
0.000000,0.000000,0.000000,0.000000
0.000000,0.000000,0.000000,0.000000
0.000000,0.000000,0.000000,0.000000
0.000000,0.000000,0.000000,0.000000
0.000000,0.000000,0.000000,0.000000
0.000000,0.000000,0.000000,0.000000
0.000000,0.000000,0.000000,0.000000
0.000000,0.000000,0.000000,0.000000
0.000000,0.000000,0.000000,0.000000
0.000000,0.000000,0.000000,0.000000
0.000000,0.000000,0.000000,0.000000
0.000000,0.000000,0.000000,0.000000
0.000000,0.000000,0.000000,0.000000
0.000000,0.000000,0.000000,0.000000
0.000000,0.000000,0.000000,0.000000
0.000000,0.000000,0.000000,0.000000
0.000000,0.000000,0.000000,0.000000
0.000000,0.000000,0.000000,0.000000
0.000000,0.000000,0.000000,0.000000
0.000000,0.000000,0.000000,0.000000
0.000000,0.000000,0.000000,0.000000
0.000000,0.000000,0.000000,0.000000
0.000000,0.000000,0.000000,0.000000
0.000000,0.000000,0.000000,0.000000
0.000000,0.000000,0.000000,0.000000
0.000000,0.000000,0.000000,0.000000
0.000000,0.000000,0.000000,0.000000
0.000000,0.000000,0.000000,0.000000
0.000000,0.000000,0.000000,0.000000
0.000000,0.000000,0.000000,0.000000
0.000000,0.000000,0.000000,0.000000
0.000000,0.000000,0.000000,0.000000
0.000000,0.000000,0.000000,0.000000
0.000000,0.000000,0.000000,0.000000
0.000000,0.000000,0.000000,0.000000
0.000000,0.000000,0.000000,0.000000
0.000000,0.000000,0.000000,0.000000
0.000000,0.000000,0.000000,0.000000
0.000000,0.000000,0.000000,0.000000
0.000000,0.000000,0.000000,0.000000
0.000000,0.000000,0.000000,0.000000
0.000000,0.000000,0.000000,0.000000
0.000000,0.000000,0.000000,0.000000
0.000000,0.000000,0.000000,0.000000
0.000000,0.000000,0.000000,0.000000
0.000000,0.000000,0.000000,0.000000
0.000000,0.000000,0.000000,0.000000
0.000000,0.000000,0.000000,0.000000
0.000000,0.000000,0.000000,0.000000
0.000000,0.000000,0.000000,0.000000
0.000000,0.000000,0.000000,0.000000
0.000000,0.000000,0.000000,0.000000
0.000000,0.000000,0.000000,0.000000
0.000000,0.000000,0.000000,0.000000
0.000000,0.000000,0.000000,0.000000
0.000000,0.000000,0.000000,0.000000
0.000000,0.000000,0.000000,0.000000
0.000000,0.000000,0.000000,0.000000
0.000000,0.000000,0.000000,0.000000
0.000000,0.000000,0.000000,0.000000
0.000000,0.000000,0.000000,0.000000
0.000000,0.000000,0.000000,0.000000
0.000000,0.000000,0.000000,0.000000
0.000000,0.000000,0.000000,0.000000
0.000000,0.000000,0.000000,0.000000
0.000000,0.000000,0.000000,0.000000
0.000000,0.000000,0.000000,0.000000
0.000000,0.000000,0.000000,0.000000
0.000000,0.000000,0.000000,0.000000
0.000000,0.000000,0.000000,0.000000
0.000000,0.000000,0.000000,0.000000
0.000000,0.000000,0.000000,0.000000
0.000000,0.000000,0.000000,0.000000
0.000000,0.000000,0.000000,0.000000
0.000000,0.000000,0.000000,0.000000
0.000000,0.000000,0.000000,0.000000
0.000000,0.000000,0.000000,0.000000
0.000000,0.000000,0.000000,0.000000
0.000000,0.000000,0.000000,0.000000
0.000000,0.000000,0.000000,0.000000
0.000000,0.000000,0.000000,0.000000
0.000000,0.000000,0.000000,0.000000
0.000000,0.000000,0.000000,0.000000
0.000000,0.000000,0.000000,0.000000
0.000000,0.000000,0.000000,0.000000
0.000000,0.000000,0.000000,0.000000
0.000000,0.000000,0.000000,0.000000
0.000000,0.000000,0.000000,0.000000
0.000000,0.000000,0.000000,0.000000
0.000000,0.000000,0.000000,0.000000
0.000000,0.000000,0.000000,0.000000
0.000000,0.000000,0.000000,0.000000
0.000000,0.000000,0.000000,0.000000
0.000000,0.000000,0.000000,0.000000
0.000000,0.000000,0.000000,0.000000
0.000000,0.000000,0.000000,0.000000
0.000000,0.000000,0.000000,0.000000
0.000000,0.000000,0.000000,0.000000
0.000000,0.000000,0.000000,0.000000
0.000000,0.000000,0.000000,0.000000
0.000000,0.000000,0.000000,0.000000
0.000000,0.000000,0.000000,0.000000
0.000000,0.000000,0.000000,0.000000
0.000000,0.000000,0.000000,0.000000
0.000000,0.000000,0.000000,0.000000
0.000000,0.000000,0.000000,0.000000
0.000000,0.000000,0.000000,0.000000
0.000000,0.000000,0.000000,0.000000
0.000000,0.000000,0.000000,0.000000
0.000000,0.000000,0.000000,0.000000
0.000000,0.000000,0.000000,0.000000
0.000000,0.000000,0.000000,0.000000
0.000000,0.000000,0.000000,0.000000
0.000000,0.000000,0.000000,0.000000
0.000000,0.000000,0.000000,0.000000
0.000000,0.000000,0.000000,0.000000
0.000000,0.000000,0.000000,0.000000
0.000000,0.000000,0.000000,0.000000
0.000000,0.000000,0.000000,0.000000
0.000000,0.000000,0.000000,0.000000
0.000000,0.000000,0.000000,0.000000
0.000000,0.000000,0.000000,0.000000
0.000000,0.000000,0.000000,0.000000
0.000000,0.000000,0.000000,0.000000
0.000000,0.000000,0.000000,0.000000
0.000000,0.000000,0.000000,0.000000
0.000000,0.000000,0.000000,0.000000
0.000000,0.000000,0.000000,0.000000
0.000000,0.000000,0.000000,0.000000
0.000000,0.000000,0.000000,0.000000
0.000000,0.000000,0.000000,0.000000
0.000000,0.000000,0.000000,0.000000
0.000000,0.000000,0.000000,0.000000
0.000000,0.000000,0.000000,0.000000
0.000000,0.000000,0.000000,0.000000
0.000000,0.000000,0.000000,0.000000
0.000000,0.000000,0.000000,0.000000
0.000000,0.000000,0.000000,0.000000
0.000000,0.000000,0.000000,0.000000
0.000000,0.000000,0.000000,0.000000
0.000000,0.000000,0.000000,0.000000
0.000000,0.000000,0.000000,0.000000
0.000000,0.000000,0.000000,0.000000
0.000000,0.000000,0.000000,0.000000
0.000000,0.000000,0.000000,0.000000
0.000000,0.000000,0.000000,0.000000
0.000000,0.000000,0.000000,0.000000
0.000000,0.000000,0.000000,0.000000
0.000000,0.000000,0.000000,0.000000
0.000000,0.000000,0.000000,0.000000
0.000000,0.000000,0.000000,0.000000
0.000000,0.000000,0.000000,0.000000
0.000000,0.000000,0.000000,0.000000
0.000000,0.000000,0.000000,0.000000
0.000000,0.000000,0.000000,0.000000
0.000000,0.000000,0.000000,0.000000
0.000000,0.000000,0.000000,0.000000
0.000000,0.000000,0.000000,0.000000
0.000000,0.000000,0.000000,0.000000
0.000000,0.000000,0.000000,0.000000
0.000000,0.000000,0.000000,0.000000
0.000000,0.000000,0.000000,0.000000
0.000000,0.000000,0.000000,0.000000
0.000000,0.000000,0.000000,0.000000
0.000000,0.000000,0.000000,0.000000
0.000000,0.000000,0.000000,0.000000
0.000000,0.000000,0.000000,0.000000
0.000000,0.000000,0.000000,0.000000
0.000000,0.000000,0.000000,0.000000
0.000000,0.000000,0.000000,0.000000
0.000000,0.000000,0.000000,0.000000
0.000000,0.000000,0.000000,0.000000
0.000000,0.000000,0.000000,0.000000
0.000000,0.000000,0.000000,0.000000
0.000000,0.000000,0.000000,0.000000
0.000000,0.000000,0.000000,0.000000
0.000000,0.000000,0.000000,0.000000
0.000000,0.000000,0.000000,0.000000
0.000000,0.000000,0.000000,0.000000
0.000000,0.000000,0.000000,0.000000
0.000000,0.000000,0.000000,0.000000
0.000000,0.000000,0.000000,0.000000
0.000000,0.000000,0.000000,0.000000
0.000000,0.000000,0.000000,0.000000
0.000000,0.000000,0.000000,0.000000
0.000000,0.000000,0.000000,0.000000
0.000000,0.000000,0.000000,0.000000
0.000000,0.000000,0.000000,0.000000
0.000000,0.000000,0.000000,0.000000
0.000000,0.000000,0.000000,0.000000
0.000000,0.000000,0.000000,0.000000
0.000000,0.000000,0.000000,0.000000
0.000000,0.000000,0.000000,0.000000
0.000000,0.000000,0.000000,0.000000
0.000000,0.000000,0.000000,0.000000
0.000000,0.000000,0.000000,0.000000
0.000000,0.000000,0.000000,0.000000
0.000000,0.000000,0.000000,0.000000
0.000000,0.000000,0.000000,0.000000
0.000000,0.000000,0.000000,0.000000
0.000000,0.000000,0.000000,0.000000
0.000000,0.000000,0.000000,0.000000
0.000000,0.000000,0.000000,0.000000
0.000000,0.000000,0.000000,0.000000
0.000000,0.000000,0.000000,0.000000
0.000000,0.000000,0.000000,0.000000
0.000000,0.000000,0.000000,0.000000
0.000000,0.000000,0.000000,0.000000
0.000000,0.000000,0.000000,0.000000
0.000000,0.000000,0.000000,0.000000
0.000000,0.000000,0.000000,0.000000
0.000000,0.000000,0.000000,0.000000
0.000000,0.000000,0.000000,0.000000
0.000000,0.000000,0.000000,0.000000
0.000000,0.000000,0.000000,0.000000
0.000000,0.000000,0.000000,0.000000
0.000000,0.000000,0.000000,0.000000
0.000000,0.000000,0.000000,0.000000
0.000000,0.000000,0.000000,0.000000
0.000000,0.000000,0.000000,0.000000
0.000000,0.000000,0.000000,0.000000
0.000000,0.000000,0.000000,0.000000
0.000000,0.000000,0.000000,0.000000
0.000000,0.000000,0.000000,0.000000
0.000000,0.000000,0.000000,0.000000
0.000000,0.000000,0.000000,0.000000
0.000000,0.000000,0.000000,0.000000
0.000000,0.000000,0.000000,0.000000
0.000000,0.000000,0.000000,0.000000
0.000000,0.000000,0.000000,0.000000
0.000000,0.000000,0.000000,0.000000
0.000000,0.000000,0.000000,0.000000
0.000000,0.000000,0.000000,0.000000
0.000000,0.000000,0.000000,0.000000
0.000000,0.000000,0.000000,0.000000
0.000000,0.000000,0.000000,0.000000
0.000000,0.000000,0.000000,0.000000
0.000000,0.000000,0.000000,0.000000
0.000000,0.000000,0.000000,0.000000
0.000000,0.000000,0.000000,0.000000
0.000000,0.000000,0.000000,0.000000
0.000000,0.000000,0.000000,0.000000
0.000000,0.000000,0.000000,0.000000
0.000000,0.000000,0.000000,0.000000
0.000000,0.000000,0.000000,0.000000
0.000000,0.000000,0.000000,0.000000
0.000000,0.000000,0.000000,0.000000
0.000000,0.000000,0.000000,0.000000
0.000000,0.000000,0.000000,0.000000
0.000000,0.000000,0.000000,0.000000
0.000000,0.000000,0.000000,0.000000
0.000000,0.000000,0.000000,0.000000
0.000000,0.000000,0.000000,0.000000
0.000000,0.000000,0.000000,0.000000
0.000000,0.000000,0.000000,0.000000
0.000000,0.000000,0.000000,0.000000
0.000000,0.000000,0.000000,0.000000
0.000000,0.000000,0.000000,0.000000
0.000000,0.000000,0.000000,0.000000
0.000000,0.000000,0.000000,0.000000
0.000000,0.000000,0.000000,0.000000
0.000000,0.000000,0.000000,0.000000
0.000000,0.000000,0.000000,0.000000
0.000000,0.000000,0.000000,0.000000
0.000000,0.000000,0.000000,0.000000
0.000000,0.000000,0.000000,0.000000
0.000000,0.000000,0.000000,0.000000
0.000000,0.000000,0.000000,0.000000
0.000000,0.000000,0.000000,0.000000
0.000000,0.000000,0.000000,0.000000
0.000000,0.000000,0.000000,0.000000
0.000000,0.000000,0.000000,0.000000
0.000000,0.000000,0.000000,0.000000
0.000000,0.000000,0.000000,0.000000
0.000000,0.000000,0.000000,0.000000
0.000000,0.000000,0.000000,0.000000
0.000000,0.000000,0.000000,0.000000
0.000000,0.000000,0.000000,0.000000
0.000000,0.000000,0.000000,0.000000
0.000000,0.000000,0.000000,0.000000
0.000000,0.000000,0.000000,0.000000
0.000000,0.000000,0.000000,0.000000
0.000000,0.000000,0.000000,0.000000
0.000000,0.000000,0.000000,0.000000
0.000000,0.000000,0.000000,0.000000
0.000000,0.000000,0.000000,0.000000
0.000000,0.000000,0.000000,0.000000
0.000000,0.000000,0.000000,0.000000
0.000000,0.000000,0.000000,0.000000
0.000000,0.000000,0.000000,0.000000
0.000000,0.000000,0.000000,0.000000
0.000000,0.000000,0.000000,0.000000
0.000000,0.000000,0.000000,0.000000
0.000000,0.000000,0.000000,0.000000
0.000000,0.000000,0.000000,0.000000
0.000000,0.000000,0.000000,0.000000
0.000000,0.000000,0.000000,0.000000
0.000000,0.000000,0.000000,0.000000
0.000000,0.000000,0.000000,0.000000
0.000000,0.000000,0.000000,0.000000
0.000000,0.000000,0.000000,0.000000
0.000000,0.000000,0.000000,0.000000
0.000000,0.000000,0.000000,0.000000
0.000000,0.000000,0.000000,0.000000
0.000000,0.000000,0.000000,0.000000
0.000000,0.000000,0.000000,0.000000
0.000000,0.000000,0.000000,0.000000
0.000000,0.000000,0.000000,0.000000
0.000000,0.000000,0.000000,0.000000
0.000000,0.000000,0.000000,0.000000
0.000000,0.000000,0.000000,0.000000
0.000000,0.000000,0.000000,0.000000
0.000000,0.000000,0.000000,0.000000
0.000000,0.000000,0.000000,0.000000
0.000000,0.000000,0.000000,0.000000
0.000000,0.000000,0.000000,0.000000
0.000000,0.000000,0.000000,0.000000
0.000000,0.000000,0.000000,0.000000
0.000000,0.000000,0.000000,0.000000
0.000000,0.000000,0.000000,0.000000
0.000000,0.000000,0.000000,0.000000
0.000000,0.000000,0.000000,0.000000
0.000000,0.000000,0.000000,0.000000
0.000000,0.000000,0.000000,0.000000
0.000000,0.000000,0.000000,0.000000
0.000000,0.000000,0.000000,0.000000
0.000000,0.000000,0.000000,0.000000
0.000000,0.000000,0.000000,0.000000
0.000000,0.000000,0.000000,0.000000
0.000000,0.000000,0.000000,0.000000
0.000000,0.000000,0.000000,0.000000
0.000000,0.000000,0.000000,0.000000
0.000000,0.000000,0.000000,0.000000
0.000000,0.000000,0.000000,0.000000
0.000000,0.000000,0.000000,0.000000
0.000000,0.000000,0.000000,0.000000
0.000000,0.000000,0.000000,0.000000
0.000000,0.000000,0.000000,0.000000
0.000000,0.000000,0.000000,0.000000
0.000000,0.000000,0.000000,0.000000
0.000000,0.000000,0.000000,0.000000
0.000000,0.000000,0.000000,0.000000
0.000000,0.000000,0.000000,0.000000
0.000000,0.000000,0.000000,0.000000
0.000000,0.000000,0.000000,0.000000
0.000000,0.000000,0.000000,0.000000
0.000000,0.000000,0.000000,0.000000
0.000000,0.000000,0.000000,0.000000
0.000000,0.000000,0.000000,0.000000
0.000000,0.000000,0.000000,0.000000
0.000000,0.000000,0.000000,0.000000
0.000000,0.000000,0.000000,0.000000
0.000000,0.000000,0.000000,0.000000
0.000000,0.000000,0.000000,0.000000
0.000000,0.000000,0.000000,0.000000
0.000000,0.000000,0.000000,0.000000
0.000000,0.000000,0.000000,0.000000
0.000000,0.000000,0.000000,0.000000
0.000000,0.000000,0.000000,0.000000
0.000000,0.000000,0.000000,0.000000
0.000000,0.000000,0.000000,0.000000
0.000000,0.000000,0.000000,0.000000
0.000000,0.000000,0.000000,0.000000
0.000000,0.000000,0.000000,0.000000
0.000000,0.000000,0.000000,0.000000
0.000000,0.000000,0.000000,0.000000
0.000000,0.000000,0.000000,0.000000
0.000000,0.000000,0.000000,0.000000
0.000000,0.000000,0.000000,0.000000
0.000000,0.000000,0.000000,0.000000
0.000000,0.000000,0.000000,0.000000
0.000000,0.000000,0.000000,0.000000
0.000000,0.000000,0.000000,0.000000
0.000000,0.000000,0.000000,0.000000
0.000000,0.000000,0.000000,0.000000
0.000000,0.000000,0.000000,0.000000
0.000000,0.000000,0.000000,0.000000
0.000000,0.000000,0.000000,0.000000
0.000000,0.000000,0.000000,0.000000
0.000000,0.000000,0.000000,0.000000
0.000000,0.000000,0.000000,0.000000
0.000000,0.000000,0.000000,0.000000
0.000000,0.000000,0.000000,0.000000
0.000000,0.000000,0.000000,0.000000
0.000000,0.000000,0.000000,0.000000
0.000000,0.000000,0.000000,0.000000
0.000000,0.000000,0.000000,0.000000
0.000000,0.000000,0.000000,0.000000
0.000000,0.000000,0.000000,0.000000
0.000000,0.000000,0.000000,0.000000
0.000000,0.000000,0.000000,0.000000
0.000000,0.000000,0.000000,0.000000
0.000000,0.000000,0.000000,0.000000
0.000000,0.000000,0.000000,0.000000
0.000000,0.000000,0.000000,0.000000
0.000000,0.000000,0.000000,0.000000
0.000000,0.000000,0.000000,0.000000
0.000000,0.000000,0.000000,0.000000
0.000000,0.000000,0.000000,0.000000
0.000000,0.000000,0.000000,0.000000
0.000000,0.000000,0.000000,0.000000
0.000000,0.000000,0.000000,0.000000
0.000000,0.000000,0.000000,0.000000
0.000000,0.000000,0.000000,0.000000
0.000000,0.000000,0.000000,0.000000
0.000000,0.000000,0.000000,0.000000
0.000000,0.000000,0.000000,0.000000
0.000000,0.000000,0.000000,0.000000
0.000000,0.000000,0.000000,0.000000
0.000000,0.000000,0.000000,0.000000
0.000000,0.000000,0.000000,0.000000
0.000000,0.000000,0.000000,0.000000
0.000000,0.000000,0.000000,0.000000
0.000000,0.000000,0.000000,0.000000
0.000000,0.000000,0.000000,0.000000
0.000000,0.000000,0.000000,0.000000
0.000000,0.000000,0.000000,0.000000
0.000000,0.000000,0.000000,0.000000
0.000000,0.000000,0.000000,0.000000
0.000000,0.000000,0.000000,0.000000
0.000000,0.000000,0.000000,0.000000
0.000000,0.000000,0.000000,0.000000
0.000000,0.000000,0.000000,0.000000
0.000000,0.000000,0.000000,0.000000
0.000000,0.000000,0.000000,0.000000
0.000000,0.000000,0.000000,0.000000
0.000000,0.000000,0.000000,0.000000
0.000000,0.000000,0.000000,0.000000
0.000000,0.000000,0.000000,0.000000
0.000000,0.000000,0.000000,0.000000
0.000000,0.000000,0.000000,0.000000
0.000000,0.000000,0.000000,0.000000
0.000000,0.000000,0.000000,0.000000
0.000000,0.000000,0.000000,0.000000
0.000000,0.000000,0.000000,0.000000
0.000000,0.000000,0.000000,0.000000
0.000000,0.000000,0.000000,0.000000
0.000000,0.000000,0.000000,0.000000
0.000000,0.000000,0.000000,0.000000
0.000000,0.000000,0.000000,0.000000
0.000000,0.000000,0.000000,0.000000
0.000000,0.000000,0.000000,0.000000
0.000000,0.000000,0.000000,0.000000
0.000000,0.000000,0.000000,0.000000
0.000000,0.000000,0.000000,0.000000
0.000000,0.000000,0.000000,0.000000
0.000000,0.000000,0.000000,0.000000
0.000000,0.000000,0.000000,0.000000
0.000000,0.000000,0.000000,0.000000
0.000000,0.000000,0.000000,0.000000
0.000000,0.000000,0.000000,0.000000
0.000000,0.000000,0.000000,0.000000
0.000000,0.000000,0.000000,0.000000
0.000000,0.000000,0.000000,0.000000
0.000000,0.000000,0.000000,0.000000
0.000000,0.000000,0.000000,0.000000
0.000000,0.000000,0.000000,0.000000
0.000000,0.000000,0.000000,0.000000
0.000000,0.000000,0.000000,0.000000
0.000000,0.000000,0.000000,0.000000
0.000000,0.000000,0.000000,0.000000
0.000000,0.000000,0.000000,0.000000
0.000000,0.000000,0.000000,0.000000
0.000000,0.000000,0.000000,0.000000
0.000000,0.000000,0.000000,0.000000
0.000000,0.000000,0.000000,0.000000
0.000000,0.000000,0.000000,0.000000
0.000000,0.000000,0.000000,0.000000
0.000000,0.000000,0.000000,0.000000
0.000000,0.000000,0.000000,0.000000
0.000000,0.000000,0.000000,0.000000
0.000000,0.000000,0.000000,0.000000
0.000000,0.000000,0.000000,0.000000
0.000000,0.000000,0.000000,0.000000
0.000000,0.000000,0.000000,0.000000
0.000000,0.000000,0.000000,0.000000
0.000000,0.000000,0.000000,0.000000
0.000000,0.000000,0.000000,0.000000
0.000000,0.000000,0.000000,0.000000
0.000000,0.000000,0.000000,0.000000
0.000000,0.000000,0.000000,0.000000
0.000000,0.000000,0.000000,0.000000
0.000000,0.000000,0.000000,0.000000
0.000000,0.000000,0.000000,0.000000
0.000000,0.000000,0.000000,0.000000
0.000000,0.000000,0.000000,0.000000
0.000000,0.000000,0.000000,0.000000
0.000000,0.000000,0.000000,0.000000
0.000000,0.000000,0.000000,0.000000
0.000000,0.000000,0.000000,0.000000
0.000000,0.000000,0.000000,0.000000
0.000000,0.000000,0.000000,0.000000
0.000000,0.000000,0.000000,0.000000
0.000000,0.000000,0.000000,0.000000
0.000000,0.000000,0.000000,0.000000
0.000000,0.000000,0.000000,0.000000
0.000000,0.000000,0.000000,0.000000
0.000000,0.000000,0.000000,0.000000
0.000000,0.000000,0.000000,0.000000
0.000000,0.000000,0.000000,0.000000
0.000000,0.000000,0.000000,0.000000
0.000000,0.000000,0.000000,0.000000
0.000000,0.000000,0.000000,0.000000
0.000000,0.000000,0.000000,0.000000
0.000000,0.000000,0.000000,0.000000
0.000000,0.000000,0.000000,0.000000
0.000000,0.000000,0.000000,0.000000
0.000000,0.000000,0.000000,0.000000
0.000000,0.000000,0.000000,0.000000
0.000000,0.000000,0.000000,0.000000
0.000000,0.000000,0.000000,0.000000
0.000000,0.000000,0.000000,0.000000
0.000000,0.000000,0.000000,0.000000
0.000000,0.000000,0.000000,0.000000
0.000000,0.000000,0.000000,0.000000
0.000000,0.000000,0.000000,0.000000
0.000000,0.000000,0.000000,0.000000
0.000000,0.000000,0.000000,0.000000
0.000000,0.000000,0.000000,0.000000
0.000000,0.000000,0.000000,0.000000
0.000000,0.000000,0.000000,0.000000
0.000000,0.000000,0.000000,0.000000
0.000000,0.000000,0.000000,0.000000
0.000000,0.000000,0.000000,0.000000
0.000000,0.000000,0.000000,0.000000
0.000000,0.000000,0.000000,0.000000
0.000000,0.000000,0.000000,0.000000
0.000000,0.000000,0.000000,0.000000
0.000000,0.000000,0.000000,0.000000
0.000000,0.000000,0.000000,0.000000
0.000000,0.000000,0.000000,0.000000
0.000000,0.000000,0.000000,0.000000
0.000000,0.000000,0.000000,0.000000
0.000000,0.000000,0.000000,0.000000
0.000000,0.000000,0.000000,0.000000
0.000000,0.000000,0.000000,0.000000
0.000000,0.000000,0.000000,0.000000
0.000000,0.000000,0.000000,0.000000
0.000000,0.000000,0.000000,0.000000
0.000000,0.000000,0.000000,0.000000
0.000000,0.000000,0.000000,0.000000
0.000000,0.000000,0.000000,0.000000
0.000000,0.000000,0.000000,0.000000
0.000000,0.000000,0.000000,0.000000
0.000000,0.000000,0.000000,0.000000
0.000000,0.000000,0.000000,0.000000
0.000000,0.000000,0.000000,0.000000
0.000000,0.000000,0.000000,0.000000
0.000000,0.000000,0.000000,0.000000
0.000000,0.000000,0.000000,0.000000
0.000000,0.000000,0.000000,0.000000
0.000000,0.000000,0.000000,0.000000
0.000000,0.000000,0.000000,0.000000
0.000000,0.000000,0.000000,0.000000
0.000000,0.000000,0.000000,0.000000
0.000000,0.000000,0.000000,0.000000
0.000000,0.000000,0.000000,0.000000
0.000000,0.000000,0.000000,0.000000
0.000000,0.000000,0.000000,0.000000
0.000000,0.000000,0.000000,0.000000
0.000000,0.000000,0.000000,0.000000
0.000000,0.000000,0.000000,0.000000
0.000000,0.000000,0.000000,0.000000
0.000000,0.000000,0.000000,0.000000
0.000000,0.000000,0.000000,0.000000
0.000000,0.000000,0.000000,0.000000
0.000000,0.000000,0.000000,0.000000
0.000000,0.000000,0.000000,0.000000
0.000000,0.000000,0.000000,0.000000
0.000000,0.000000,0.000000,0.000000
0.000000,0.000000,0.000000,0.000000
0.000000,0.000000,0.000000,0.000000
0.000000,0.000000,0.000000,0.000000
0.000000,0.000000,0.000000,0.000000
0.000000,0.000000,0.000000,0.000000
0.000000,0.000000,0.000000,0.000000
0.000000,0.000000,0.000000,0.000000
0.000000,0.000000,0.000000,0.000000
0.000000,0.000000,0.000000,0.000000
0.000000,0.000000,0.000000,0.000000
0.000000,0.000000,0.000000,0.000000
0.000000,0.000000,0.000000,0.000000
0.000000,0.000000,0.000000,0.000000
0.000000,0.000000,0.000000,0.000000
0.000000,0.000000,0.000000,0.000000
0.000000,0.000000,0.000000,0.000000
0.000000,0.000000,0.000000,0.000000
0.000000,0.000000,0.000000,0.000000
0.000000,0.000000,0.000000,0.000000
0.000000,0.000000,0.000000,0.000000
0.000000,0.000000,0.000000,0.000000
0.000000,0.000000,0.000000,0.000000
0.000000,0.000000,0.000000,0.000000
0.000000,0.000000,0.000000,0.000000
0.000000,0.000000,0.000000,0.000000
0.000000,0.000000,0.000000,0.000000
0.000000,0.000000,0.000000,0.000000
0.000000,0.000000,0.000000,0.000000
0.000000,0.000000,0.000000,0.000000
0.000000,0.000000,0.000000,0.000000
0.000000,0.000000,0.000000,0.000000
0.000000,0.000000,0.000000,0.000000
0.000000,0.000000,0.000000,0.000000
0.000000,0.000000,0.000000,0.000000
0.000000,0.000000,0.000000,0.000000
0.000000,0.000000,0.000000,0.000000
0.000000,0.000000,0.000000,0.000000
0.000000,0.000000,0.000000,0.000000
0.000000,0.000000,0.000000,0.000000
0.000000,0.000000,0.000000,0.000000
0.000000,0.000000,0.000000,0.000000
0.000000,0.000000,0.000000,0.000000
0.000000,0.000000,0.000000,0.000000
0.000000,0.000000,0.000000,0.000000
0.000000,0.000000,0.000000,0.000000
0.000000,0.000000,0.000000,0.000000
0.000000,0.000000,0.000000,0.000000
0.000000,0.000000,0.000000,0.000000
0.000000,0.000000,0.000000,0.000000
0.000000,0.000000,0.000000,0.000000
0.000000,0.000000,0.000000,0.000000
0.000000,0.000000,0.000000,0.000000
0.000000,0.000000,0.000000,0.000000
0.000000,0.000000,0.000000,0.000000
0.000000,0.000000,0.000000,0.000000
0.000000,0.000000,0.000000,0.000000
0.000000,0.000000,0.000000,0.000000
0.000000,0.000000,0.000000,0.000000
0.000000,0.000000,0.000000,0.000000
0.000000,0.000000,0.000000,0.000000
0.000000,0.000000,0.000000,0.000000
0.000000,0.000000,0.000000,0.000000
0.000000,0.000000,0.000000,0.000000
0.000000,0.000000,0.000000,0.000000
0.000000,0.000000,0.000000,0.000000
0.000000,0.000000,0.000000,0.000000
0.000000,0.000000,0.000000,0.000000
0.000000,0.000000,0.000000,0.000000
0.000000,0.000000,0.000000,0.000000
0.000000,0.000000,0.000000,0.000000
0.000000,0.000000,0.000000,0.000000
0.000000,0.000000,0.000000,0.000000
0.000000,0.000000,0.000000,0.000000
0.000000,0.000000,0.000000,0.000000
0.000000,0.000000,0.000000,0.000000
0.000000,0.000000,0.000000,0.000000
0.000000,0.000000,0.000000,0.000000
0.000000,0.000000,0.000000,0.000000
0.000000,0.000000,0.000000,0.000000
0.000000,0.000000,0.000000,0.000000
0.000000,0.000000,0.000000,0.000000
0.000000,0.000000,0.000000,0.000000
0.000000,0.000000,0.000000,0.000000
0.000000,0.000000,0.000000,0.000000
0.000000,0.000000,0.000000,0.000000
0.000000,0.000000,0.000000,0.000000
0.000000,0.000000,0.000000,0.000000
0.000000,0.000000,0.000000,0.000000
0.000000,0.000000,0.000000,0.000000
0.000000,0.000000,0.000000,0.000000
0.000000,0.000000,0.000000,0.000000
0.000000,0.000000,0.000000,0.000000
0.000000,0.000000,0.000000,0.000000
0.000000,0.000000,0.000000,0.000000
0.000000,0.000000,0.000000,0.000000
0.000000,0.000000,0.000000,0.000000
0.000000,0.000000,0.000000,0.000000
0.000000,0.000000,0.000000,0.000000
0.000000,0.000000,0.000000,0.000000
0.000000,0.000000,0.000000,0.000000
0.000000,0.000000,0.000000,0.000000
0.000000,0.000000,0.000000,0.000000
0.000000,0.000000,0.000000,0.000000
0.000000,0.000000,0.000000,0.000000
0.000000,0.000000,0.000000,0.000000
0.000000,0.000000,0.000000,0.000000
0.000000,0.000000,0.000000,0.000000
0.000000,0.000000,0.000000,0.000000
0.000000,0.000000,0.000000,0.000000
0.000000,0.000000,0.000000,0.000000
0.000000,0.000000,0.000000,0.000000
0.000000,0.000000,0.000000,0.000000
0.000000,0.000000,0.000000,0.000000
0.000000,0.000000,0.000000,0.000000
0.000000,0.000000,0.000000,0.000000
0.000000,0.000000,0.000000,0.000000
0.000000,0.000000,0.000000,0.000000
0.000000,0.000000,0.000000,0.000000
0.000000,0.000000,0.000000,0.000000
0.000000,0.000000,0.000000,0.000000
0.000000,0.000000,0.000000,0.000000
0.000000,0.000000,0.000000,0.000000
0.000000,0.000000,0.000000,0.000000
0.000000,0.000000,0.000000,0.000000
0.000000,0.000000,0.000000,0.000000
0.000000,0.000000,0.000000,0.000000
0.000000,0.000000,0.000000,0.000000
0.000000,0.000000,0.000000,0.000000
0.000000,0.000000,0.000000,0.000000
0.000000,0.000000,0.000000,0.000000
0.000000,0.000000,0.000000,0.000000
0.000000,0.000000,0.000000,0.000000
0.000000,0.000000,0.000000,0.000000
0.000000,0.000000,0.000000,0.000000
0.000000,0.000000,0.000000,0.000000
0.000000,0.000000,0.000000,0.000000
0.000000,0.000000,0.000000,0.000000
0.000000,0.000000,0.000000,0.000000
0.000000,0.000000,0.000000,0.000000
0.000000,0.000000,0.000000,0.000000
0.000000,0.000000,0.000000,0.000000
0.000000,0.000000,0.000000,0.000000
0.000000,0.000000,0.000000,0.000000
0.000000,0.000000,0.000000,0.000000
0.000000,0.000000,0.000000,0.000000
0.000000,0.000000,0.000000,0.000000
0.000000,0.000000,0.000000,0.000000
0.000000,0.000000,0.000000,0.000000
0.000000,0.000000,0.000000,0.000000
0.000000,0.000000,0.000000,0.000000
0.000000,0.000000,0.000000,0.000000
0.000000,0.000000,0.000000,0.000000
0.000000,0.000000,0.000000,0.000000
0.000000,0.000000,0.000000,0.000000
0.000000,0.000000,0.000000,0.000000
0.000000,0.000000,0.000000,0.000000
0.000000,0.000000,0.000000,0.000000
0.000000,0.000000,0.000000,0.000000
0.000000,0.000000,0.000000,0.000000
0.000000,0.000000,0.000000,0.000000
0.000000,0.000000,0.000000,0.000000
0.000000,0.000000,0.000000,0.000000
0.000000,0.000000,0.000000,0.000000
0.000000,0.000000,0.000000,0.000000
0.000000,0.000000,0.000000,0.000000
0.000000,0.000000,0.000000,0.000000
0.000000,0.000000,0.000000,0.000000
0.000000,0.000000,0.000000,0.000000
0.000000,0.000000,0.000000,0.000000
0.000000,0.000000,0.000000,0.000000
0.000000,0.000000,0.000000,0.000000
0.000000,0.000000,0.000000,0.000000
0.000000,0.000000,0.000000,0.000000
0.000000,0.000000,0.000000,0.000000
0.000000,0.000000,0.000000,0.000000
0.000000,0.000000,0.000000,0.000000
0.000000,0.000000,0.000000,0.000000
0.000000,0.000000,0.000000,0.000000
0.000000,0.000000,0.000000,0.000000
0.000000,0.000000,0.000000,0.000000
0.000000,0.000000,0.000000,0.000000
0.000000,0.000000,0.000000,0.000000
0.000000,0.000000,0.000000,0.000000
0.000000,0.000000,0.000000,0.000000
0.000000,0.000000,0.000000,0.000000
0.000000,0.000000,0.000000,0.000000
0.000000,0.000000,0.000000,0.000000
0.000000,0.000000,0.000000,0.000000
0.000000,0.000000,0.000000,0.000000
0.000000,0.000000,0.000000,0.000000
0.000000,0.000000,0.000000,0.000000
0.000000,0.000000,0.000000,0.000000
0.000000,0.000000,0.000000,0.000000
0.000000,0.000000,0.000000,0.000000
0.000000,0.000000,0.000000,0.000000
0.000000,0.000000,0.000000,0.000000
0.000000,0.000000,0.000000,0.000000
0.000000,0.000000,0.000000,0.000000
0.000000,0.000000,0.000000,0.000000
0.000000,0.000000,0.000000,0.000000
0.000000,0.000000,0.000000,0.000000
0.000000,0.000000,0.000000,0.000000
0.000000,0.000000,0.000000,0.000000
0.000000,0.000000,0.000000,0.000000
0.000000,0.000000,0.000000,0.000000
0.000000,0.000000,0.000000,0.000000
0.000000,0.000000,0.000000,0.000000
0.000000,0.000000,0.000000,0.000000
0.000000,0.000000,0.000000,0.000000
0.000000,0.000000,0.000000,0.000000
0.000000,0.000000,0.000000,0.000000
0.000000,0.000000,0.000000,0.000000
0.000000,0.000000,0.000000,0.000000
0.000000,0.000000,0.000000,0.000000
0.000000,0.000000,0.000000,0.000000
0.000000,0.000000,0.000000,0.000000
0.000000,0.000000,0.000000,0.000000
0.000000,0.000000,0.000000,0.000000
0.000000,0.000000,0.000000,0.000000
0.000000,0.000000,0.000000,0.000000
0.000000,0.000000,0.000000,0.000000
0.000000,0.000000,0.000000,0.000000
0.000000,0.000000,0.000000,0.000000
0.000000,0.000000,0.000000,0.000000
0.000000,0.000000,0.000000,0.000000
0.000000,0.000000,0.000000,0.000000
0.000000,0.000000,0.000000,0.000000
0.000000,0.000000,0.000000,0.000000
0.000000,0.000000,0.000000,0.000000
0.000000,0.000000,0.000000,0.000000
0.000000,0.000000,0.000000,0.000000
0.000000,0.000000,0.000000,0.000000
0.000000,0.000000,0.000000,0.000000
0.000000,0.000000,0.000000,0.000000
0.000000,0.000000,0.000000,0.000000
0.000000,0.000000,0.000000,0.000000
0.000000,0.000000,0.000000,0.000000
0.000000,0.000000,0.000000,0.000000
0.000000,0.000000,0.000000,0.000000
0.000000,0.000000,0.000000,0.000000
0.000000,0.000000,0.000000,0.000000
0.000000,0.000000,0.000000,0.000000
0.000000,0.000000,0.000000,0.000000
0.000000,0.000000,0.000000,0.000000
0.000000,0.000000,0.000000,0.000000
0.000000,0.000000,0.000000,0.000000
0.000000,0.000000,0.000000,0.000000
0.000000,0.000000,0.000000,0.000000
0.000000,0.000000,0.000000,0.000000
0.000000,0.000000,0.000000,0.000000
0.000000,0.000000,0.000000,0.000000
0.000000,0.000000,0.000000,0.000000
0.000000,0.000000,0.000000,0.000000
0.000000,0.000000,0.000000,0.000000
0.000000,0.000000,0.000000,0.000000
0.000000,0.000000,0.000000,0.000000
0.000000,0.000000,0.000000,0.000000
0.000000,0.000000,0.000000,0.000000
0.000000,0.000000,0.000000,0.000000
0.000000,0.000000,0.000000,0.000000
0.000000,0.000000,0.000000,0.000000
0.000000,0.000000,0.000000,0.000000
0.000000,0.000000,0.000000,0.000000
0.000000,0.000000,0.000000,0.000000
0.000000,0.000000,0.000000,0.000000
0.000000,0.000000,0.000000,0.000000
0.000000,0.000000,0.000000,0.000000
0.000000,0.000000,0.000000,0.000000
0.000000,0.000000,0.000000,0.000000
0.000000,0.000000,0.000000,0.000000
0.000000,0.000000,0.000000,0.000000
0.000000,0.000000,0.000000,0.000000
0.000000,0.000000,0.000000,0.000000
0.000000,0.000000,0.000000,0.000000
0.000000,0.000000,0.000000,0.000000
0.000000,0.000000,0.000000,0.000000
0.000000,0.000000,0.000000,0.000000
0.000000,0.000000,0.000000,0.000000
0.000000,0.000000,0.000000,0.000000
0.000000,0.000000,0.000000,0.000000
0.000000,0.000000,0.000000,0.000000
0.000000,0.000000,0.000000,0.000000
0.000000,0.000000,0.000000,0.000000
0.000000,0.000000,0.000000,0.000000
0.000000,0.000000,0.000000,0.000000
0.000000,0.000000,0.000000,0.000000
0.000000,0.000000,0.000000,0.000000
0.000000,0.000000,0.000000,0.000000
0.000000,0.000000,0.000000,0.000000
0.000000,0.000000,0.000000,0.000000
0.000000,0.000000,0.000000,0.000000
0.000000,0.000000,0.000000,0.000000
0.000000,0.000000,0.000000,0.000000
0.000000,0.000000,0.000000,0.000000
0.000000,0.000000,0.000000,0.000000
0.000000,0.000000,0.000000,0.000000
0.000000,0.000000,0.000000,0.000000
0.000000,0.000000,0.000000,0.000000
0.000000,0.000000,0.000000,0.000000
0.000000,0.000000,0.000000,0.000000
0.000000,0.000000,0.000000,0.000000
0.000000,0.000000,0.000000,0.000000
0.000000,0.000000,0.000000,0.000000
0.000000,0.000000,0.000000,0.000000
0.000000,0.000000,0.000000,0.000000
0.000000,0.000000,0.000000,0.000000
0.000000,0.000000,0.000000,0.000000
0.000000,0.000000,0.000000,0.000000
0.000000,0.000000,0.000000,0.000000
0.000000,0.000000,0.000000,0.000000
0.000000,0.000000,0.000000,0.000000
0.000000,0.000000,0.000000,0.000000
0.000000,0.000000,0.000000,0.000000
0.000000,0.000000,0.000000,0.000000
0.000000,0.000000,0.000000,0.000000
0.000000,0.000000,0.000000,0.000000
0.000000,0.000000,0.000000,0.000000
0.000000,0.000000,0.000000,0.000000
0.000000,0.000000,0.000000,0.000000
0.000000,0.000000,0.000000,0.000000
0.000000,0.000000,0.000000,0.000000
0.000000,0.000000,0.000000,0.000000
0.000000,0.000000,0.000000,0.000000
0.000000,0.000000,0.000000,0.000000
0.000000,0.000000,0.000000,0.000000
0.000000,0.000000,0.000000,0.000000
0.000000,0.000000,0.000000,0.000000
0.000000,0.000000,0.000000,0.000000
0.000000,0.000000,0.000000,0.000000
0.000000,0.000000,0.000000,0.000000
0.000000,0.000000,0.000000,0.000000
0.000000,0.000000,0.000000,0.000000
0.000000,0.000000,0.000000,0.000000
0.000000,0.000000,0.000000,0.000000
0.000000,0.000000,0.000000,0.000000
0.000000,0.000000,0.000000,0.000000
0.000000,0.000000,0.000000,0.000000
0.000000,0.000000,0.000000,0.000000
0.000000,0.000000,0.000000,0.000000
0.000000,0.000000,0.000000,0.000000
0.000000,0.000000,0.000000,0.000000
0.000000,0.000000,0.000000,0.000000
0.000000,0.000000,0.000000,0.000000
0.000000,0.000000,0.000000,0.000000
0.000000,0.000000,0.000000,0.000000
0.000000,0.000000,0.000000,0.000000
0.000000,0.000000,0.000000,0.000000
0.000000,0.000000,0.000000,0.000000
0.000000,0.000000,0.000000,0.000000
0.000000,0.000000,0.000000,0.000000
0.000000,0.000000,0.000000,0.000000
0.000000,0.000000,0.000000,0.000000
0.000000,0.000000,0.000000,0.000000
0.000000,0.000000,0.000000,0.000000
0.000000,0.000000,0.000000,0.000000
0.000000,0.000000,0.000000,0.000000
0.000000,0.000000,0.000000,0.000000
0.000000,0.000000,0.000000,0.000000
0.000000,0.000000,0.000000,0.000000
0.000000,0.000000,0.000000,0.000000
0.000000,0.000000,0.000000,0.000000
0.000000,0.000000,0.000000,0.000000
0.000000,0.000000,0.000000,0.000000
0.000000,0.000000,0.000000,0.000000
0.000000,0.000000,0.000000,0.000000
0.000000,0.000000,0.000000,0.000000
0.000000,0.000000,0.000000,0.000000
0.000000,0.000000,0.000000,0.000000
0.000000,0.000000,0.000000,0.000000
0.000000,0.000000,0.000000,0.000000
0.000000,0.000000,0.000000,0.000000
0.000000,0.000000,0.000000,0.000000
0.000000,0.000000,0.000000,0.000000
0.000000,0.000000,0.000000,0.000000
0.000000,0.000000,0.000000,0.000000
0.000000,0.000000,0.000000,0.000000
0.000000,0.000000,0.000000,0.000000
0.000000,0.000000,0.000000,0.000000
0.000000,0.000000,0.000000,0.000000
0.000000,0.000000,0.000000,0.000000
0.000000,0.000000,0.000000,0.000000
0.000000,0.000000,0.000000,0.000000
0.000000,0.000000,0.000000,0.000000
0.000000,0.000000,0.000000,0.000000
0.000000,0.000000,0.000000,0.000000
0.000000,0.000000,0.000000,0.000000
0.000000,0.000000,0.000000,0.000000
0.000000,0.000000,0.000000,0.000000
0.000000,0.000000,0.000000,0.000000
0.000000,0.000000,0.000000,0.000000
0.000000,0.000000,0.000000,0.000000
0.000000,0.000000,0.000000,0.000000
0.000000,0.000000,0.000000,0.000000
0.000000,0.000000,0.000000,0.000000
0.000000,0.000000,0.000000,0.000000
0.000000,0.000000,0.000000,0.000000
0.000000,0.000000,0.000000,0.000000
0.000000,0.000000,0.000000,0.000000
0.000000,0.000000,0.000000,0.000000
0.000000,0.000000,0.000000,0.000000
0.000000,0.000000,0.000000,0.000000
0.000000,0.000000,0.000000,0.000000
0.000000,0.000000,0.000000,0.000000
0.000000,0.000000,0.000000,0.000000
0.000000,0.000000,0.000000,0.000000
0.000000,0.000000,0.000000,0.000000
0.000000,0.000000,0.000000,0.000000
0.000000,0.000000,0.000000,0.000000
0.000000,0.000000,0.000000,0.000000
0.000000,0.000000,0.000000,0.000000
0.000000,0.000000,0.000000,0.000000
0.000000,0.000000,0.000000,0.000000
0.000000,0.000000,0.000000,0.000000
0.000000,0.000000,0.000000,0.000000
0.000000,0.000000,0.000000,0.000000
0.000000,0.000000,0.000000,0.000000
0.000000,0.000000,0.000000,0.000000
0.000000,0.000000,0.000000,0.000000
0.000000,0.000000,0.000000,0.000000
0.000000,0.000000,0.000000,0.000000
0.000000,0.000000,0.000000,0.000000
0.000000,0.000000,0.000000,0.000000
0.003231,0.006835,0.000000,0.000000
-0.009682,0.011816,0.000000,0.000000
-0.040536,0.013098,0.000000,0.000000
-0.086099,0.013810,0.000000,0.000000
-0.108335,0.020067,0.000000,0.000000
-0.103305,0.025031,0.000000,0.000000
-0.097197,0.029369,0.000000,0.000000
-0.094318,0.033090,0.000000,0.000000
-0.093222,0.038680,0.000000,0.000000
-0.092477,0.044891,0.000000,0.000000
-0.094209,0.056707,0.000000,0.000000
-0.112276,0.097204,0.000000,0.000000
-0.150259,0.163930,0.000000,0.000000
-0.236624,0.314990,0.000000,0.000000
-0.261361,0.380523,0.000000,0.000000
-0.274611,0.431059,0.000000,0.000000
-0.272141,0.466439,0.000000,0.000000
-0.265512,0.504825,0.000000,0.000000
-0.255384,0.547445,0.000000,0.000000
-0.247204,0.601899,0.000000,0.000000
-0.238679,0.668125,0.000000,0.000000
-0.224941,0.747786,0.000000,0.000000
-0.235696,0.882727,0.000000,0.000000
-0.222447,0.959791,0.000000,0.000000
-0.203338,1.043926,0.000000,0.000000
-0.186569,1.157417,0.000000,0.000000
-0.152588,1.288980,0.000000,0.000000
-0.105774,1.455009,0.000000,0.000000
-0.051460,1.635285,0.000000,0.000000
0.041539,1.883850,0.000000,0.000000
0.164180,2.195431,0.000000,0.000000
0.474799,2.956902,0.000000,0.000000
0.668585,3.403757,0.000000,0.000000
0.888351,3.864426,0.000000,0.000000
1.079185,4.252031,0.000000,0.000000
1.226877,4.593891,0.000000,0.000000
1.319582,4.965907,0.000000,0.000000
1.423488,5.715809,0.000000,0.000000
1.409098,6.192510,0.000000,0.000000
1.355839,6.771353,0.000000,0.000000
1.317279,7.446053,0.000000,0.000000
1.259776,8.210102,0.000000,0.000000
1.161536,8.925099,0.000000,0.000000
0.984352,9.515936,0.000000,0.000000
0.834375,9.947189,0.000000,0.000000
0.756430,10.389373,0.000000,0.000000
0.703207,11.301916,0.000000,0.000000
0.729262,11.676978,0.000000,0.000000
0.778408,11.920656,0.000000,0.000000
0.863564,12.198761,0.000000,0.000000
0.985707,12.593927,0.000000,0.000000
1.159199,13.108378,0.000000,0.000000
1.366182,13.642977,0.000000,0.000000
1.567016,14.115425,0.000000,0.000000
1.722533,14.524840,0.000000,0.000000
1.903719,15.471447,0.000000,0.000000
1.954782,16.156252,0.000000,0.000000
1.897304,16.879896,0.000000,0.000000
1.724100,17.477827,0.000000,0.000000
1.581146,18.074751,0.000000,0.000000
1.493290,18.677179,0.000000,0.000000
1.393913,20.052195,0.000000,0.000000
1.336753,20.698296,0.000000,0.000000
1.341064,21.218752,0.000000,0.000000
1.434715,21.641716,0.000000,0.000000
1.620206,22.053093,0.000000,0.000000
1.799528,22.507008,0.000000,0.000000
1.964158,22.976667,0.000000,0.000000
2.114082,23.550474,0.000000,0.000000
2.368006,24.748238,0.000000,0.000000
2.466811,25.229591,0.000000,0.000000
2.473745,25.580391,0.000000,0.000000
2.471477,25.946589,0.000000,0.000000
2.467306,26.458059,0.000000,0.000000
2.449088,27.069818,0.000000,0.000000
2.441354,27.826063,0.000000,0.000000
2.439327,28.653608,0.000000,0.000000
2.453251,29.423811,0.000000,0.000000
2.772123,30.773794,0.000000,0.000000
3.042865,31.318830,0.000000,0.000000
3.270171,31.919315,0.000000,0.000000
3.416986,32.500023,0.000000,0.000000
3.530071,33.101509,0.000000,0.000000
3.645918,33.656376,0.000000,0.000000
3.737398,34.139179,0.000000,0.000000
3.791955,34.521954,0.000000,0.000000
3.805089,35.413963,0.000000,0.000000
3.782679,36.038097,0.000000,0.000000
3.762354,36.831890,0.000000,0.000000
3.739774,37.738438,0.000000,0.000000
3.769667,38.744507,0.000000,0.000000
3.876580,39.656178,0.000000,0.000000
4.007015,40.263626,0.000000,0.000000
4.182600,40.760418,0.000000,0.000000
4.306656,41.227768,0.000000,0.000000
4.652954,42.296318,0.000000,0.000000
4.757718,42.844822,0.000000,0.000000
4.793317,43.259434,0.000000,0.000000
4.886598,43.728321,0.000000,0.000000
4.992459,44.245430,0.000000,0.000000
5.164062,44.895508,0.000000,0.000000
5.394572,45.651901,0.000000,0.000000
5.653857,46.521908,0.000000,0.000000
5.941810,47.491138,0.000000,0.000000
6.443105,48.977566,0.000000,0.000000
6.654396,49.482605,0.000000,0.000000
6.795420,49.945072,0.000000,0.000000
6.869648,50.381924,0.000000,0.000000
6.958821,50.845730,0.000000,0.000000
7.040164,51.405792,0.000000,0.000000
7.157948,52.038727,0.000000,0.000000
7.290850,52.771896,0.000000,0.000000
7.476558,53.445549,0.000000,0.000000
7.636628,54.517990,0.000000,0.000000
7.681590,55.135757,0.000000,0.000000
7.711764,55.865887,0.000000,0.000000
7.789896,56.624722,0.000000,0.000000
7.971794,57.276054,0.000000,0.000000
8.202578,57.894661,0.000000,0.000000
8.385910,58.554657,0.000000,0.000000
8.517518,59.922695,0.000000,0.000000
8.476993,60.602650,0.000000,0.000000
8.533707,61.225521,0.000000,0.000000
8.662211,61.790691,0.000000,0.000000
8.863345,62.433876,0.000000,0.000000
9.064013,63.161854,0.000000,0.000000
9.201271,63.985134,0.000000,0.000000
9.281175,64.852715,0.000000,0.000000
9.346061,65.684547,0.000000,0.000000
9.630735,67.072594,0.000000,0.000000
9.709698,67.688385,0.000000,0.000000
9.709393,68.318687,0.000000,0.000000
9.702136,68.975670,0.000000,0.000000
9.697103,69.640175,0.000000,0.000000
9.719625,70.281929,0.000000,0.000000
9.801973,70.939880,0.000000,0.000000
9.876413,71.700729,0.000000,0.000000
9.968390,72.503960,0.000000,0.000000
10.313849,74.252724,0.000000,0.000000
10.602911,75.131096,0.000000,0.000000
10.929335,75.934639,0.000000,0.000000
11.242273,76.737595,0.000000,0.000000
11.393331,77.425827,0.000000,0.000000
11.472895,78.168663,0.000000,0.000000
11.580520,78.930267,0.000000,0.000000
11.643985,79.683258,0.000000,0.000000
11.680488,80.390381,0.000000,0.000000
11.657427,81.100540,0.000000,0.000000
11.685613,82.707184,0.000000,0.000000
11.802261,83.442245,0.000000,0.000000
11.926715,84.054710,0.000000,0.000000
12.097010,84.669754,0.000000,0.000000
12.327932,85.386307,0.000000,0.000000
12.597077,86.184685,0.000000,0.000000
12.898390,87.026741,0.000000,0.000000
13.184411,87.832726,0.000000,0.000000
13.305783,88.484314,0.000000,0.000000
13.388181,89.067451,0.000000,0.000000
13.635466,90.587158,0.000000,0.000000
13.774890,91.517021,0.000000,0.000000
13.897953,92.519341,0.000000,0.000000
13.914926,93.491211,0.000000,0.000000
13.879555,94.470779,0.000000,0.000000
13.835604,95.425514,0.000000,0.000000
13.814996,96.335770,0.000000,0.000000
13.846863,97.211502,0.000000,0.000000
13.938233,97.910294,0.000000,0.000000
14.082409,98.569153,0.000000,0.000000
14.265367,99.211990,0.000000,0.000000
14.425266,99.893478,0.000000,0.000000
14.716535,101.193970,0.000000,0.000000
14.859525,101.953712,0.000000,0.000000
15.039125,102.838730,0.000000,0.000000
15.244213,103.854202,0.000000,0.000000
15.441055,104.949165,0.000000,0.000000
15.628531,106.080971,0.000000,0.000000
15.707651,107.099556,0.000000,0.000000
15.712584,108.080391,0.000000,0.000000
15.660847,109.000259,0.000000,0.000000
15.633532,109.826935,0.000000,0.000000
15.590323,110.634308,0.000000,0.000000
15.546256,111.374847,0.000000,0.000000
15.544480,112.002563,0.000000,0.000000
15.607855,112.680626,0.000000,0.000000
15.685600,113.361122,0.000000,0.000000
15.843616,114.050468,0.000000,0.000000
16.061426,114.740250,0.000000,0.000000
16.313375,115.458954,0.000000,0.000000
16.571514,116.195213,0.000000,0.000000
16.798079,117.043205,0.000000,0.000000
17.029308,117.894493,0.000000,0.000000
17.245327,118.677162,0.000000,0.000000
17.357985,119.472054,0.000000,0.000000
17.269871,120.166351,0.000000,0.000000
17.206209,120.824806,0.000000,0.000000
17.144426,121.435524,0.000000,0.000000
17.174807,122.092140,0.000000,0.000000
17.205568,122.803246,0.000000,0.000000
17.272026,123.559402,0.000000,0.000000
17.380854,124.318687,0.000000,0.000000
17.441698,124.998543,0.000000,0.000000
17.427210,125.721184,0.000000,0.000000
17.284615,127.477943,0.000000,0.000000
17.211002,128.384140,0.000000,0.000000
17.207211,129.275330,0.000000,0.000000
17.219728,130.119751,0.000000,0.000000
17.320412,130.856247,0.000000,0.000000
17.432997,131.616028,0.000000,0.000000
17.551273,132.441849,0.000000,0.000000
17.668909,133.327545,0.000000,0.000000
17.776548,134.216446,0.000000,0.000000
18.096149,135.983902,0.000000,0.000000
18.291162,136.871399,0.000000,0.000000
18.485607,137.810486,0.000000,0.000000
18.560539,138.653473,0.000000,0.000000
18.517405,139.286407,0.000000,0.000000
18.483740,139.979370,0.000000,0.000000
18.444935,140.705597,0.000000,0.000000
18.373749,141.436050,0.000000,0.000000
18.311253,142.172806,0.000000,0.000000
18.276075,143.556091,0.000000,0.000000
18.300665,144.228943,0.000000,0.000000
18.352354,144.889008,0.000000,0.000000
18.444433,145.571198,0.000000,0.000000
18.546549,146.335388,0.000000,0.000000
18.554319,147.145020,0.000000,0.000000
18.463772,147.916809,0.000000,0.000000
18.448648,148.607224,0.000000,0.000000
18.453255,149.317886,0.000000,0.000000
18.599504,150.787125,0.000000,0.000000
18.696886,151.502563,0.000000,0.000000
18.828907,152.232376,0.000000,0.000000
19.018152,152.982574,0.000000,0.000000
19.205116,153.823944,0.000000,0.000000
19.317678,154.674423,0.000000,0.000000
19.349640,155.409088,0.000000,0.000000
19.379145,156.072922,0.000000,0.000000
19.522100,157.507339,0.000000,0.000000
19.563356,158.242889,0.000000,0.000000
19.609339,158.976196,0.000000,0.000000
19.655596,159.705200,0.000000,0.000000
19.738214,160.471024,0.000000,0.000000
19.883232,161.284180,0.000000,0.000000
20.044264,162.134933,0.000000,0.000000
20.167961,162.992325,0.000000,0.000000
20.273148,163.792572,0.000000,0.000000
20.365259,165.309723,0.000000,0.000000
20.353813,166.111694,0.000000,0.000000
20.349922,166.959732,0.000000,0.000000
20.383512,167.897583,0.000000,0.000000
20.397533,168.863922,0.000000,0.000000
20.335091,169.787918,0.000000,0.000000
20.263020,170.717560,0.000000,0.000000
20.202717,171.564758,0.000000,0.000000
20.173220,172.440536,0.000000,0.000000
20.298355,174.081985,0.000000,0.000000
20.394775,174.876785,0.000000,0.000000
20.433632,175.628464,0.000000,0.000000
20.466816,176.372635,0.000000,0.000000
20.515383,177.156586,0.000000,0.000000
20.569502,177.958801,0.000000,0.000000
20.607027,178.779633,0.000000,0.000000
20.649660,179.651245,0.000000,0.000000
20.695284,180.505035,0.000000,0.000000
20.691057,182.184509,0.000000,0.000000
20.628340,183.008881,0.000000,0.000000
20.504814,183.863724,0.000000,0.000000
20.351038,184.745697,0.000000,0.000000
20.182102,185.616608,0.000000,0.000000
20.079617,186.489502,0.000000,0.000000
20.068003,187.339355,0.000000,0.000000
20.136522,188.221008,0.000000,0.000000
20.251841,189.061829,0.000000,0.000000
20.663176,190.706741,0.000000,0.000000
20.909243,191.627731,0.000000,0.000000
21.004192,192.548950,0.000000,0.000000
21.045261,193.383270,0.000000,0.000000
21.027149,194.138458,0.000000,0.000000
21.019779,194.888916,0.000000,0.000000
21.054405,195.713028,0.000000,0.000000
21.098450,196.545868,0.000000,0.000000
21.084326,197.332062,0.000000,0.000000
21.118538,199.027008,0.000000,0.000000
21.238853,199.971985,0.000000,0.000000
21.402134,200.946991,0.000000,0.000000
21.640242,201.942871,0.000000,0.000000
21.877350,202.847015,0.000000,0.000000
22.165091,203.734528,0.000000,0.000000
22.391603,204.497269,0.000000,0.000000
22.566036,205.188004,0.000000,0.000000
22.735195,205.890244,0.000000,0.000000
23.087250,207.511932,0.000000,0.000000
23.206812,208.242630,0.000000,0.000000
23.319908,208.958755,0.000000,0.000000
23.474403,209.699554,0.000000,0.000000
23.692142,210.517395,0.000000,0.000000
23.939203,211.388153,0.000000,0.000000
24.160479,212.200531,0.000000,0.000000
24.341938,212.965240,0.000000,0.000000
24.761738,214.637695,0.000000,0.000000
24.935257,215.384842,0.000000,0.000000
25.113144,216.116852,0.000000,0.000000
25.316961,216.900360,0.000000,0.000000
25.544346,217.751129,0.000000,0.000000
25.767939,218.622467,0.000000,0.000000
25.954136,219.478928,0.000000,0.000000
26.121958,220.339844,0.000000,0.000000
26.305902,221.195221,0.000000,0.000000
26.702971,222.699722,0.000000,0.000000
26.939085,223.457001,0.000000,0.000000
27.193308,224.261688,0.000000,0.000000
27.421562,225.074707,0.000000,0.000000
27.621109,225.835571,0.000000,0.000000
27.819408,226.632050,0.000000,0.000000
28.034901,227.452057,0.000000,0.000000
28.264069,228.353989,0.000000,0.000000
28.626783,230.280426,0.000000,0.000000
28.778805,231.306244,0.000000,0.000000
28.972694,232.353195,0.000000,0.000000
29.165213,233.426132,0.000000,0.000000
29.311623,234.446060,0.000000,0.000000
29.405485,235.396500,0.000000,0.000000
29.517534,236.341980,0.000000,0.000000
29.653070,237.256714,0.000000,0.000000
29.830135,238.090179,0.000000,0.000000
30.132908,239.543320,0.000000,0.000000
30.248840,240.349411,0.000000,0.000000
30.330898,241.183716,0.000000,0.000000
30.450363,241.988113,0.000000,0.000000
30.636204,242.711380,0.000000,0.000000
30.831335,243.446289,0.000000,0.000000
31.018364,244.187988,0.000000,0.000000
31.184944,245.000107,0.000000,0.000000
31.319429,245.833115,0.000000,0.000000
31.584852,247.527145,0.000000,0.000000
31.763874,248.317078,0.000000,0.000000
31.956093,249.076981,0.000000,0.000000
32.135880,249.873901,0.000000,0.000000
32.287796,250.713562,0.000000,0.000000
32.435745,251.547241,0.000000,0.000000
32.545074,252.380325,0.000000,0.000000
32.685326,253.186356,0.000000,0.000000
32.869690,253.988602,0.000000,0.000000
33.349129,255.692139,0.000000,0.000000
33.609936,256.565674,0.000000,0.000000
33.767197,257.401703,0.000000,0.000000
33.892159,258.197571,0.000000,0.000000
34.098919,258.958008,0.000000,0.000000
34.387341,259.750641,0.000000,0.000000
34.732952,260.539276,0.000000,0.000000
35.085480,261.305267,0.000000,0.000000
35.659023,262.688385,0.000000,0.000000
35.986336,263.372284,0.000000,0.000000
36.328922,264.041534,0.000000,0.000000
36.614529,264.729889,0.000000,0.000000
36.911674,265.433563,0.000000,0.000000
37.233059,266.232513,0.000000,0.000000
37.614151,267.067047,0.000000,0.000000
38.025494,267.868256,0.000000,0.000000
38.669418,269.172363,0.000000,0.000000
39.088291,269.892944,0.000000,0.000000
39.561592,270.593475,0.000000,0.000000
39.965668,271.276245,0.000000,0.000000
40.386433,271.909790,0.000000,0.000000
40.846863,272.508820,0.000000,0.000000
41.426315,273.107849,0.000000,0.000000
42.008450,273.733673,0.000000,0.000000
42.710926,274.949982,0.000000,0.000000
43.069172,275.628479,0.000000,0.000000
43.443096,276.324921,0.000000,0.000000
43.832329,277.023315,0.000000,0.000000
44.229473,277.713074,0.000000,0.000000
44.679050,278.420868,0.000000,0.000000
45.191406,279.177277,0.000000,0.000000
45.651237,279.853210,0.000000,0.000000
46.456161,281.293640,0.000000,0.000000
46.943962,282.096649,0.000000,0.000000
47.467312,282.951050,0.000000,0.000000
47.998333,283.813782,0.000000,0.000000
48.555573,284.657318,0.000000,0.000000
49.146122,285.520569,0.000000,0.000000
49.541996,286.234131,0.000000,0.000000
49.905979,286.866791,0.000000,0.000000
50.866318,288.099152,0.000000,0.000000
51.406239,288.717834,0.000000,0.000000
51.889706,289.324829,0.000000,0.000000
52.340649,289.966888,0.000000,0.000000
52.785282,290.651428,0.000000,0.000000
53.252621,291.350708,0.000000,0.000000
53.727974,292.112671,0.000000,0.000000
54.261776,292.893127,0.000000,0.000000
55.376900,294.450958,0.000000,0.000000
55.959003,295.214874,0.000000,0.000000
56.533100,295.945496,0.000000,0.000000
57.044128,296.648682,0.000000,0.000000
57.503170,297.332275,0.000000,0.000000
57.868172,297.977081,0.000000,0.000000
58.290943,298.616302,0.000000,0.000000
58.750851,299.237335,0.000000,0.000000
59.239658,299.876770,0.000000,0.000000
60.268654,301.168518,0.000000,0.000000
60.734406,301.835480,0.000000,0.000000
61.165585,302.503632,0.000000,0.000000
61.549072,303.192719,0.000000,0.000000
61.997467,303.903320,0.000000,0.000000
62.445805,304.591003,0.000000,0.000000
62.923149,305.267426,0.000000,0.000000
63.449844,305.919830,0.000000,0.000000
64.630844,307.178162,0.000000,0.000000
65.237587,307.869476,0.000000,0.000000
65.809181,308.538971,0.000000,0.000000
66.303535,309.180328,0.000000,0.000000
66.737953,309.760254,0.000000,0.000000
67.236313,310.320923,0.000000,0.000000
67.746254,310.877563,0.000000,0.000000
68.288834,311.422699,0.000000,0.000000
69.373024,312.483521,0.000000,0.000000
69.983681,313.058716,0.000000,0.000000
70.621719,313.625641,0.000000,0.000000
71.168015,314.182922,0.000000,0.000000
71.689240,314.717743,0.000000,0.000000
72.241913,315.243469,0.000000,0.000000
72.867935,315.794983,0.000000,0.000000
73.597778,316.368774,0.000000,0.000000
74.397461,316.982910,0.000000,0.000000
75.932053,318.347534,0.000000,0.000000
76.496056,319.037476,0.000000,0.000000
76.994621,319.644470,0.000000,0.000000
77.515068,320.183350,0.000000,0.000000
78.069191,320.761719,0.000000,0.000000
78.673157,321.403351,0.000000,0.000000
79.248154,322.043365,0.000000,0.000000
79.803223,322.707703,0.000000,0.000000
80.852997,323.973541,0.000000,0.000000
81.413513,324.601166,0.000000,0.000000
81.949928,325.163818,0.000000,0.000000
82.487671,325.716766,0.000000,0.000000
83.037827,326.285980,0.000000,0.000000
83.619667,326.842438,0.000000,0.000000
84.241577,327.418610,0.000000,0.000000
84.804840,328.028564,0.000000,0.000000
85.868408,329.285065,0.000000,0.000000
86.431076,329.906555,0.000000,0.000000
87.067741,330.532074,0.000000,0.000000
87.700317,331.155334,0.000000,0.000000
88.234047,331.741913,0.000000,0.000000
88.729874,332.324921,0.000000,0.000000
89.267151,332.893646,0.000000,0.000000
89.875015,333.475891,0.000000,0.000000
90.537956,334.075928,0.000000,0.000000
91.923973,335.264130,0.000000,0.000000
92.606232,335.850128,0.000000,0.000000
93.234367,336.419342,0.000000,0.000000
93.841965,337.032562,0.000000,0.000000
94.437737,337.640778,0.000000,0.000000
95.022919,338.253143,0.000000,0.000000
95.634842,338.895874,0.000000,0.000000
96.182274,339.478271,0.000000,0.000000
96.658943,339.958649,0.000000,0.000000
97.230980,340.591949,0.000000,0.000000
97.662682,341.079132,0.000000,0.000000
98.032234,341.467865,0.000000,0.000000
98.385895,341.910339,0.000000,0.000000
98.778923,342.319550,0.000000,0.000000
99.217636,342.703949,0.000000,0.000000
99.660034,343.051575,0.000000,0.000000
100.102234,343.344574,0.000000,0.000000
100.549248,343.530579,0.000000,0.000000
101.427467,343.536652,0.000000,0.000000
101.943756,343.461639,0.000000,0.000000
102.447441,343.451141,0.000000,0.000000
102.917068,343.458130,0.000000,0.000000
103.254578,343.387085,0.000000,0.000000
103.426102,343.176819,0.000000,0.000000
103.474236,342.904877,0.000000,0.000000
103.451820,342.622986,0.000000,0.000000
103.521500,342.457458,0.000000,0.000000
103.736710,342.513733,0.000000,0.000000
104.463310,342.836761,0.000000,0.000000
104.715759,342.811157,0.000000,0.000000
104.772720,342.706757,0.000000,0.000000
104.809853,342.580200,0.000000,0.000000
104.957954,342.522308,0.000000,0.000000
105.217804,342.542877,0.000000,0.000000
105.526680,342.560852,0.000000,0.000000
105.792717,342.480896,0.000000,0.000000
106.036285,342.286102,0.000000,0.000000
106.252815,342.146271,0.000000,0.000000
106.407104,342.016724,0.000000,0.000000
106.520134,341.921417,0.000000,0.000000
106.611855,341.864929,0.000000,0.000000
106.726364,341.786621,0.000000,0.000000
106.989113,341.529694,0.000000,0.000000
107.098198,341.428406,0.000000,0.000000
107.225296,341.351440,0.000000,0.000000
107.369598,341.224945,0.000000,0.000000
107.523987,341.007782,0.000000,0.000000
107.698181,340.739197,0.000000,0.000000
107.888992,340.455627,0.000000,0.000000
108.080635,340.215912,0.000000,0.000000
108.265320,340.009979,0.000000,0.000000
108.442368,339.814545,0.000000,0.000000
108.612671,339.627045,0.000000,0.000000
108.768745,339.460968,0.000000,0.000000
108.917854,339.308380,0.000000,0.000000
109.029121,339.184540,0.000000,0.000000
109.155479,339.039551,0.000000,0.000000
109.281326,338.872131,0.000000,0.000000
109.410301,338.691284,0.000000,0.000000
109.526688,338.501404,0.000000,0.000000
109.606369,338.315521,0.000000,0.000000
109.717308,337.871033,0.000000,0.000000
109.730034,337.654938,0.000000,0.000000
109.664490,337.412079,0.000000,0.000000
109.520447,337.071960,0.000000,0.000000
109.323822,336.569061,0.000000,0.000000
109.096909,335.921173,0.000000,0.000000
108.825043,335.291290,0.000000,0.000000
108.604652,334.776001,0.000000,0.000000
108.474411,334.420959,0.000000,0.000000
108.466644,334.263855,0.000000,0.000000
108.546104,334.162933,0.000000,0.000000
108.628723,333.963715,0.000000,0.000000
108.694519,333.686371,0.000000,0.000000
108.723289,333.443848,0.000000,0.000000
108.691223,333.280853,0.000000,0.000000
108.642464,333.162750,0.000000,0.000000
108.598213,333.029175,0.000000,0.000000
108.590851,332.905518,0.000000,0.000000
108.571014,332.759644,0.000000,0.000000
108.594086,332.436646,0.000000,0.000000
108.627167,332.216034,0.000000,0.000000
108.644394,331.984253,0.000000,0.000000
108.626945,331.754730,0.000000,0.000000
108.570259,331.507813,0.000000,0.000000
108.522881,331.261017,0.000000,0.000000
108.513771,331.080811,0.000000,0.000000
108.561134,330.921906,0.000000,0.000000
108.629677,330.736572,0.000000,0.000000
108.712425,330.491455,0.000000,0.000000
108.852386,330.225800,0.000000,0.000000
109.026604,329.936493,0.000000,0.000000
109.156532,329.705444,0.000000,0.000000
109.227058,329.582428,0.000000,0.000000
109.265388,329.413696,0.000000,0.000000
109.358253,328.944550,0.000000,0.000000
109.434013,328.743439,0.000000,0.000000
109.506264,328.603088,0.000000,0.000000
109.583458,328.428009,0.000000,0.000000
109.675529,328.212860,0.000000,0.000000
109.804756,327.987457,0.000000,0.000000
109.920464,327.781555,0.000000,0.000000
110.012276,327.608582,0.000000,0.000000
110.112175,327.425842,0.000000,0.000000
110.210846,327.257416,0.000000,0.000000
110.334229,327.066620,0.000000,0.000000
110.475624,326.854034,0.000000,0.000000
110.763687,326.453491,0.000000,0.000000
110.911270,326.268646,0.000000,0.000000
111.056793,326.046021,0.000000,0.000000
111.172516,325.812744,0.000000,0.000000
111.297249,325.552979,0.000000,0.000000
111.449539,325.295349,0.000000,0.000000
111.628189,325.046417,0.000000,0.000000
111.804680,324.819000,0.000000,0.000000
111.972969,324.592896,0.000000,0.000000
112.166092,324.303650,0.000000,0.000000
112.366447,324.020325,0.000000,0.000000
112.695450,323.633850,0.000000,0.000000
112.848808,323.434235,0.000000,0.000000
113.021011,323.228821,0.000000,0.000000
113.195595,322.999390,0.000000,0.000000
113.394417,322.784271,0.000000,0.000000
113.612106,322.564758,0.000000,0.000000
113.749382,322.344177,0.000000,0.000000
113.864250,322.154388,0.000000,0.000000
113.989372,321.980286,0.000000,0.000000
114.112350,321.806946,0.000000,0.000000
114.241623,321.631775,0.000000,0.000000
114.514206,321.330963,0.000000,0.000000
114.621109,321.206085,0.000000,0.000000
114.674522,321.064667,0.000000,0.000000
114.697746,320.905609,0.000000,0.000000
114.667572,320.785553,0.000000,0.000000
114.621841,320.704834,0.000000,0.000000
114.677017,320.607391,0.000000,0.000000
114.849373,320.426270,0.000000,0.000000
114.958580,320.251007,0.000000,0.000000
115.018120,320.111694,0.000000,0.000000
115.079155,320.004303,0.000000,0.000000
115.175049,319.763428,0.000000,0.000000
115.221657,319.619629,0.000000,0.000000
115.238632,319.516327,0.000000,0.000000
115.242867,319.432465,0.000000,0.000000
115.246483,319.372253,0.000000,0.000000
115.262650,319.324402,0.000000,0.000000
115.280571,319.246735,0.000000,0.000000
115.299828,319.171021,0.000000,0.000000
115.302010,319.116333,0.000000,0.000000
115.278625,319.060303,0.000000,0.000000
115.253433,319.007935,0.000000,0.000000
115.239700,318.955170,0.000000,0.000000
115.240105,318.944611,0.000000,0.000000
115.222496,318.908478,0.000000,0.000000
115.192665,318.865967,0.000000,0.000000
115.159477,318.840698,0.000000,0.000000
115.130692,318.818909,0.000000,0.000000
115.109985,318.810791,0.000000,0.000000
115.083664,318.799927,0.000000,0.000000
115.059502,318.782379,0.000000,0.000000
115.029938,318.777618,0.000000,0.000000
115.000870,318.783508,0.000000,0.000000
114.942223,318.791504,0.000000,0.000000
114.902199,318.800476,0.000000,0.000000
114.855713,318.809021,0.000000,0.000000
114.813858,318.823975,0.000000,0.000000
114.765701,318.841583,0.000000,0.000000
114.708511,318.859161,0.000000,0.000000
114.660042,318.880310,0.000000,0.000000
114.619415,318.901917,0.000000,0.000000
114.579071,318.924072,0.000000,0.000000
114.532303,318.950104,0.000000,0.000000
114.479332,318.981842,0.000000,0.000000
114.360870,319.058014,0.000000,0.000000
114.296196,319.101257,0.000000,0.000000
114.234413,319.139069,0.000000,0.000000
114.171410,319.178650,0.000000,0.000000
114.105812,319.224304,0.000000,0.000000
114.035248,319.273956,0.000000,0.000000
113.976173,319.308838,0.000000,0.000000
113.903572,319.361420,0.000000,0.000000
113.841331,319.415436,0.000000,0.000000
113.785339,319.458069,0.000000,0.000000
113.718758,319.508759,0.000000,0.000000
113.610161,319.590881,0.000000,0.000000
113.551361,319.636108,0.000000,0.000000
113.487526,319.682312,0.000000,0.000000
113.416504,319.734985,0.000000,0.000000
113.355385,319.779602,0.000000,0.000000
113.297714,319.826965,0.000000,0.000000
113.239830,319.872498,0.000000,0.000000
113.176834,319.920258,0.000000,0.000000
113.123085,319.958679,0.000000,0.000000
113.013344,320.033722,0.000000,0.000000
112.961395,320.068726,0.000000,0.000000
112.915047,320.101013,0.000000,0.000000
112.867378,320.138885,0.000000,0.000000
112.821465,320.178802,0.000000,0.000000
112.783455,320.205475,0.000000,0.000000
112.751068,320.228119,0.000000,0.000000
112.715179,320.249359,0.000000,0.000000
112.679214,320.265045,0.000000,0.000000
112.641411,320.274445,0.000000,0.000000
112.599640,320.284302,0.000000,0.000000
112.526840,320.289642,0.000000,0.000000
112.503960,320.287323,0.000000,0.000000
112.485321,320.286469,0.000000,0.000000
112.473793,320.287170,0.000000,0.000000
112.471588,320.288300,0.000000,0.000000
112.474785,320.289063,0.000000,0.000000
112.493034,320.290497,0.000000,0.000000
112.495903,320.290619,0.000000,0.000000
112.493752,320.290527,0.000000,0.000000
112.483719,320.290070,0.000000,0.000000
112.467949,320.289307,0.000000,0.000000
112.451584,320.286011,0.000000,0.000000
112.435860,320.277130,0.000000,0.000000
112.431274,320.268188,0.000000,0.000000
112.433022,320.262054,0.000000,0.000000
112.432877,320.250854,0.000000,0.000000
112.432861,320.237152,0.000000,0.000000
112.433044,320.226593,0.000000,0.000000
112.438461,320.230103,0.000000,0.000000
112.461411,320.214203,0.000000,0.000000
112.511559,320.145386,0.000000,0.000000
112.594208,320.027527,0.000000,0.000000
112.591705,320.040466,0.000000,0.000000
112.605278,320.028748,0.000000,0.000000
112.612587,320.019806,0.000000,0.000000
112.628807,320.030396,0.000000,0.000000
112.662422,320.052399,0.000000,0.000000
112.687004,320.068573,0.000000,0.000000
112.713364,320.085938,0.000000,0.000000
112.736710,320.101379,0.000000,0.000000
112.766014,320.120819,0.000000,0.000000
112.801849,320.144684,0.000000,0.000000
112.875771,320.194214,0.000000,0.000000
112.922760,320.225922,0.000000,0.000000
112.977974,320.263397,0.000000,0.000000
113.018875,320.291290,0.000000,0.000000
113.066795,320.324188,0.000000,0.000000
113.126999,320.365814,0.000000,0.000000
113.237450,320.323334,0.000000,0.000000
113.283432,320.222717,0.000000,0.000000
113.326042,320.142517,0.000000,0.000000
113.380325,320.064880,0.000000,0.000000
113.436935,319.972076,0.000000,0.000000
113.510231,319.870117,0.000000,0.000000
113.602180,319.752502,0.000000,0.000000
113.746773,319.565399,0.000000,0.000000
113.819466,319.450714,0.000000,0.000000
113.909737,319.313690,0.000000,0.000000
114.014755,319.156677,0.000000,0.000000
114.124870,319.019165,0.000000,0.000000
114.237450,318.881348,0.000000,0.000000
114.441864,318.625336,0.000000,0.000000
114.545334,318.488281,0.000000,0.000000
114.649033,318.346161,0.000000,0.000000
114.761108,318.195496,0.000000,0.000000
114.857483,318.060028,0.000000,0.000000
114.970673,317.909576,0.000000,0.000000
115.254875,317.558441,0.000000,0.000000
115.425644,317.386047,0.000000,0.000000
115.554352,317.221863,0.000000,0.000000
115.694183,317.032318,0.000000,0.000000
115.905312,316.792664,0.000000,0.000000
116.160553,316.535950,0.000000,0.000000
116.603760,316.101410,0.000000,0.000000
116.722542,315.967773,0.000000,0.000000
116.904503,315.754181,0.000000,0.000000
117.131058,315.499695,0.000000,0.000000
117.375412,315.222443,0.000000,0.000000
117.655838,314.972473,0.000000,0.000000
118.244347,314.438934,0.000000,0.000000
118.560951,314.158386,0.000000,0.000000
118.853828,313.881104,0.000000,0.000000
119.099609,313.628754,0.000000,0.000000
119.256088,313.438080,0.000000,0.000000
119.664436,312.983429,0.000000,0.000000
119.918472,312.769836,0.000000,0.000000
120.182640,312.565887,0.000000,0.000000
120.420418,312.371399,0.000000,0.000000
120.593628,312.242310,0.000000,0.000000
120.795662,312.121552,0.000000,0.000000
121.284927,311.837585,0.000000,0.000000
121.596634,311.647827,0.000000,0.000000
121.944969,311.414612,0.000000,0.000000
122.309418,311.145630,0.000000,0.000000
122.710892,310.852417,0.000000,0.000000
123.126450,310.589539,0.000000,0.000000
123.847809,310.219818,0.000000,0.000000
124.039032,310.140717,0.000000,0.000000
124.187401,310.081604,0.000000,0.000000
124.360588,310.011139,0.000000,0.000000
124.888412,309.794647,0.000000,0.000000
125.230873,309.621277,0.000000,0.000000
125.484390,309.480408,0.000000,0.000000
125.718239,309.313171,0.000000,0.000000
126.091301,308.956848,0.000000,0.000000
126.307068,308.828674,0.000000,0.000000
126.535667,308.742676,0.000000,0.000000
126.824120,308.670959,0.000000,0.000000
127.098938,308.564972,0.000000,0.000000
127.357964,308.421326,0.000000,0.000000
127.603355,308.287933,0.000000,0.000000
127.981598,308.100983,0.000000,0.000000
128.147552,308.023071,0.000000,0.000000
128.354309,307.944489,0.000000,0.000000
128.585541,307.866272,0.000000,0.000000
128.813293,307.797333,0.000000,0.000000
129.077713,307.703583,0.000000,0.000000
129.526550,307.434509,0.000000,0.000000
129.698990,307.292419,0.000000,0.000000
129.891556,307.172424,0.000000,0.000000
130.107727,307.071777,0.000000,0.000000
130.284348,307.007324,0.000000,0.000000
130.673904,306.905487,0.000000,0.000000
130.850067,306.844055,0.000000,0.000000
131.047882,306.758911,0.000000,0.000000
131.262543,306.659943,0.000000,0.000000
131.742996,306.427368,0.000000,0.000000
131.984024,306.302856,0.000000,0.000000
132.264130,306.165619,0.000000,0.000000
132.557648,306.029114,0.000000,0.000000
133.085175,305.821777,0.000000,0.000000
133.235092,305.768860,0.000000,0.000000
133.445465,305.716766,0.000000,0.000000
133.866165,305.640381,0.000000,0.000000
134.073349,305.598755,0.000000,0.000000
134.263275,305.558624,0.000000,0.000000
134.468002,305.503632,0.000000,0.000000
134.950104,305.361725,0.000000,0.000000
135.202515,305.301544,0.000000,0.000000
135.423019,305.247559,0.000000,0.000000
135.866928,305.106812,0.000000,0.000000
136.109970,305.023163,0.000000,0.000000
136.356796,304.946014,0.000000,0.000000
136.591614,304.914276,0.000000,0.000000
137.122040,304.920929,0.000000,0.000000
137.433716,304.903809,0.000000,0.000000
137.755997,304.876526,0.000000,0.000000
138.293823,304.839386,0.000000,0.000000
138.522461,304.853241,0.000000,0.000000
138.803802,304.913422,0.000000,0.000000
139.143356,305.000854,0.000000,0.000000
139.830566,305.263977,0.000000,0.000000
140.219696,305.440430,0.000000,0.000000
140.571152,305.495270,0.000000,0.000000
141.281387,305.438477,0.000000,0.000000
141.730713,305.477356,0.000000,0.000000
142.185272,305.534485,0.000000,0.000000
142.932251,305.594604,0.000000,0.000000
143.228928,305.608826,0.000000,0.000000
143.552444,305.607178,0.000000,0.000000
143.814835,305.639984,0.000000,0.000000
144.319092,305.797729,0.000000,0.000000
144.584137,305.880859,0.000000,0.000000
144.903534,305.967773,0.000000,0.000000
145.704605,306.229614,0.000000,0.000000
146.158875,306.359161,0.000000,0.000000
146.596771,306.419830,0.000000,0.000000
147.024368,306.500214,0.000000,0.000000
147.605530,306.695404,0.000000,0.000000
147.871201,306.764343,0.000000,0.000000
148.139954,306.830353,0.000000,0.000000
148.737106,306.955902,0.000000,0.000000
149.032700,307.007141,0.000000,0.000000
149.282211,307.068115,0.000000,0.000000
149.535446,307.162689,0.000000,0.000000
150.055542,307.352692,0.000000,0.000000
150.330322,307.438293,0.000000,0.000000
150.620041,307.515503,0.000000,0.000000
151.178925,307.654785,0.000000,0.000000
151.435516,307.754547,0.000000,0.000000
151.697266,307.874146,0.000000,0.000000
152.262955,308.095154,0.000000,0.000000
152.550568,308.198761,0.000000,0.000000
152.838898,308.305786,0.000000,0.000000
153.114456,308.410248,0.000000,0.000000
153.571762,308.603973,0.000000,0.000000
153.700836,308.661713,0.000000,0.000000
153.686935,308.651245,0.000000,0.000000
153.744492,308.686523,0.000000,0.000000
153.724030,308.707733,0.000000,0.000000
153.635834,308.746155,0.000000,0.000000
153.786560,308.914734,0.000000,0.000000
153.935760,309.147827,0.000000,0.000000
154.029678,309.428192,0.000000,0.000000
154.038971,309.769409,0.000000,0.000000
153.944550,310.434601,0.000000,0.000000
153.906754,310.750427,0.000000,0.000000
153.950485,311.101563,0.000000,0.000000
154.076172,311.345154,0.000000,0.000000
154.201080,311.404510,0.000000,0.000000
154.210068,311.394196,0.000000,0.000000
154.125565,311.392517,0.000000,0.000000
154.078430,311.472931,0.000000,0.000000
154.110657,311.648743,0.000000,0.000000
154.160629,311.861176,0.000000,0.000000
154.132217,312.099060,0.000000,0.000000
154.089447,312.219879,0.000000,0.000000
154.064590,312.339264,0.000000,0.000000
154.057083,312.478210,0.000000,0.000000
154.012619,312.836456,0.000000,0.000000
153.952194,313.035126,0.000000,0.000000
153.840897,313.254761,0.000000,0.000000
153.728790,313.458344,0.000000,0.000000
153.609299,313.819183,0.000000,0.000000
153.529144,313.994171,0.000000,0.000000
153.400391,314.158173,0.000000,0.000000
153.281082,314.225708,0.000000,0.000000
153.038803,314.354675,0.000000,0.000000
152.830124,314.481079,0.000000,0.000000
152.568893,314.644165,0.000000,0.000000
151.942780,315.036438,0.000000,0.000000
151.649353,315.205597,0.000000,0.000000
151.372452,315.413605,0.000000,0.000000
150.949188,315.688049,0.000000,0.000000
150.124298,316.386749,0.000000,0.000000
149.875519,316.704010,0.000000,0.000000
149.689133,316.918854,0.000000,0.000000
149.173615,317.457825,0.000000,0.000000
148.815521,317.843353,0.000000,0.000000
148.418976,318.325562,0.000000,0.000000
147.791168,318.907288,0.000000,0.000000
147.516403,318.969574,0.000000,0.000000
147.096741,319.079315,0.000000,0.000000
146.624329,319.239777,0.000000,0.000000
145.807068,319.636780,0.000000,0.000000
145.508133,319.831390,0.000000,0.000000
145.263870,320.047302,0.000000,0.000000
144.732071,320.404388,0.000000,0.000000
144.442734,320.647156,0.000000,0.000000
144.168427,320.940765,0.000000,0.000000
143.846481,321.336182,0.000000,0.000000
143.095383,322.103668,0.000000,0.000000
142.687439,322.499817,0.000000,0.000000
142.268036,322.900177,0.000000,0.000000
141.820694,323.338715,0.000000,0.000000
141.250183,323.697327,0.000000,0.000000
140.284576,324.467133,0.000000,0.000000
139.903198,324.837860,0.000000,0.000000
139.597839,325.183411,0.000000,0.000000
139.203979,325.564606,0.000000,0.000000
138.511780,326.182861,0.000000,0.000000
138.345978,326.431580,0.000000,0.000000
138.253571,326.722839,0.000000,0.000000
138.156784,327.060699,0.000000,0.000000
138.080063,327.474060,0.000000,0.000000
138.006226,327.912323,0.000000,0.000000
137.862579,328.827881,0.000000,0.000000
137.895905,329.168396,0.000000,0.000000
137.941940,329.437134,0.000000,0.000000
137.922211,329.694885,0.000000,0.000000
137.673813,329.845093,0.000000,0.000000
137.125061,330.230316,0.000000,0.000000
136.897659,330.533691,0.000000,0.000000
136.732758,330.861908,0.000000,0.000000
136.524536,331.134491,0.000000,0.000000
136.155853,331.600769,0.000000,0.000000
136.011200,331.859070,0.000000,0.000000
135.868866,332.186798,0.000000,0.000000
135.745392,332.588623,0.000000,0.000000
135.436615,333.609009,0.000000,0.000000
135.277481,334.171814,0.000000,0.000000
135.165588,334.683167,0.000000,0.000000
135.053711,335.017914,0.000000,0.000000
134.913681,335.232330,0.000000,0.000000
134.631958,335.705536,0.000000,0.000000
134.457199,335.936218,0.000000,0.000000
134.274475,336.190704,0.000000,0.000000
134.082458,336.489532,0.000000,0.000000
133.744812,337.111633,0.000000,0.000000
133.528107,337.568939,0.000000,0.000000
133.277328,338.052277,0.000000,0.000000
133.029556,338.412933,0.000000,0.000000
132.713135,338.874634,0.000000,0.000000
132.498016,339.193542,0.000000,0.000000
132.300247,339.567139,0.000000,0.000000
132.060059,339.993164,0.000000,0.000000
131.531250,340.866272,0.000000,0.000000
131.224213,341.385101,0.000000,0.000000
130.885986,341.908386,0.000000,0.000000
130.556458,342.345001,0.000000,0.000000
130.376724,342.640991,0.000000,0.000000
130.301544,342.910065,0.000000,0.000000
129.976151,343.526215,0.000000,0.000000
129.773773,343.942596,0.000000,0.000000
129.562973,344.418854,0.000000,0.000000
129.309921,345.022156,0.000000,0.000000
129.049957,345.664154,0.000000,0.000000
128.914063,346.229309,0.000000,0.000000
128.775436,346.557709,0.000000,0.000000
128.575256,346.958801,0.000000,0.000000
128.192825,347.719757,0.000000,0.000000
127.927795,348.167175,0.000000,0.000000
127.608856,348.702820,0.000000,0.000000
127.247284,349.263733,0.000000,0.000000
126.526665,350.128113,0.000000,0.000000
126.240173,350.543793,0.000000,0.000000
126.003212,350.958679,0.000000,0.000000
125.819366,351.604584,0.000000,0.000000
125.673943,351.961182,0.000000,0.000000
125.496147,352.331512,0.000000,0.000000
125.345718,352.760254,0.000000,0.000000
125.137924,353.577118,0.000000,0.000000
125.033661,353.964172,0.000000,0.000000
124.901260,354.348724,0.000000,0.000000
124.745781,354.733856,0.000000,0.000000
124.518204,355.136139,0.000000,0.000000
123.934090,356.067169,0.000000,0.000000
123.569130,356.587067,0.000000,0.000000
123.175995,357.129333,0.000000,0.000000
122.784813,357.663788,0.000000,0.000000
122.429222,358.155701,0.000000,0.000000
122.222710,358.553162,0.000000,0.000000
122.118973,358.908020,0.000000,0.000000
122.066597,359.272644,0.000000,0.000000
121.975548,359.715790,0.000000,0.000000
121.870476,360.169464,0.000000,0.000000
121.795990,360.657166,0.000000,0.000000
121.706841,361.187653,0.000000,0.000000
121.614647,361.651184,0.000000,0.000000
121.489250,362.026398,0.000000,0.000000
121.336670,362.426331,0.000000,0.000000
121.142456,362.865021,0.000000,0.000000
120.907745,363.317841,0.000000,0.000000
120.648689,363.813568,0.000000,0.000000
120.378525,364.327454,0.000000,0.000000
119.727905,365.370758,0.000000,0.000000
119.393356,365.861572,0.000000,0.000000
119.153534,366.319000,0.000000,0.000000
119.040604,366.722839,0.000000,0.000000
118.988174,367.133484,0.000000,0.000000
118.896660,367.589539,0.000000,0.000000
118.807869,368.080200,0.000000,0.000000
118.727119,368.574707,0.000000,0.000000
118.632881,369.080444,0.000000,0.000000
118.524574,369.576233,0.000000,0.000000
118.390259,370.004150,0.000000,0.000000
118.262817,370.360931,0.000000,0.000000
118.082558,370.782013,0.000000,0.000000
117.889381,371.230743,0.000000,0.000000
117.632912,371.687897,0.000000,0.000000
117.352753,372.186951,0.000000,0.000000
117.061958,372.718506,0.000000,0.000000
116.812172,373.250824,0.000000,0.000000
116.612541,373.686249,0.000000,0.000000
116.476868,374.071014,0.000000,0.000000
116.377823,374.435425,0.000000,0.000000
116.246597,374.861237,0.000000,0.000000
116.092400,375.330048,0.000000,0.000000
115.965149,375.817200,0.000000,0.000000
115.852547,376.305145,0.000000,0.000000
115.729866,376.820404,0.000000,0.000000
115.624870,377.354218,0.000000,0.000000
115.493454,377.886688,0.000000,0.000000
115.360611,378.350830,0.000000,0.000000
115.200272,378.818451,0.000000,0.000000
115.040787,379.218506,0.000000,0.000000
114.874191,379.621155,0.000000,0.000000
114.702995,380.021393,0.000000,0.000000
114.502609,380.475006,0.000000,0.000000
114.306801,380.915039,0.000000,0.000000
114.117737,381.344330,0.000000,0.000000
113.948677,381.750031,113.948677,381.750031
113.784500,382.127625,113.948677,381.750031
113.634384,382.505981,113.948677,381.750031
113.502510,382.781464,113.948677,381.750031
113.451508,382.780975,113.948677,381.750031
113.538177,382.728363,113.948677,381.750031
113.412476,382.668640,113.948677,381.750031
113.324379,382.436157,113.948677,381.750031
113.257286,382.085388,113.948677,381.750031
113.207787,381.594269,113.948677,381.750031
113.183212,381.002411,113.948677,381.750031
113.298302,380.554688,113.948677,381.750031
113.370834,380.595062,113.948677,381.750031
113.324738,380.865356,113.948677,381.750031
113.265617,380.983795,113.948677,381.750031
113.237419,380.873840,113.948677,381.750031
113.279778,380.603455,113.948677,381.750031
113.420799,380.154602,113.948677,381.750031
113.689873,379.664673,113.948677,381.750031
113.983810,379.295837,113.948677,381.750031
114.080986,379.267426,113.948677,381.750031
114.040947,379.346069,113.948677,381.750031
114.031059,379.284058,113.948677,381.750031
114.103386,379.010681,113.948677,381.750031
114.259499,378.645569,113.948677,381.750031
114.542297,378.214539,113.948677,381.750031
114.548691,378.179840,113.948677,381.750031
114.547073,378.113098,113.948677,381.750031
114.543518,378.005219,113.948677,381.750031
114.554520,377.857666,113.948677,381.750031
114.600327,377.624268,113.948677,381.750031
114.705223,377.284180,113.948677,381.750031
114.827576,376.945801,113.948677,381.750031
114.989670,376.577515,113.948677,381.750031
115.175255,376.096832,113.948677,381.750031
115.430733,375.412781,113.948677,381.750031
115.764526,374.497345,113.948677,381.750031
116.084793,373.606720,113.948677,381.750031
116.431290,372.715149,113.948677,381.750031
116.792252,371.897736,113.948677,381.750031
117.213791,370.925903,113.948677,381.750031
117.577606,370.070801,113.948677,381.750031
117.816826,369.291138,113.948677,381.750031
117.927597,368.761444,113.948677,381.750031
117.987312,368.401031,113.948677,381.750031
118.057625,368.230377,113.948677,381.750031
118.157951,368.045654,113.948677,381.750031
118.232170,367.778625,113.948677,381.750031
118.275078,367.495056,113.948677,381.750031
118.308815,367.207245,113.948677,381.750031
118.340881,366.980591,113.948677,381.750031
118.382843,366.773499,113.948677,381.750031
118.402397,366.525299,113.948677,381.750031
118.434570,366.179626,113.948677,381.750031
118.493500,365.662567,113.948677,381.750031
118.556404,365.039795,113.948677,381.750031
118.653748,364.505463,113.948677,381.750031
118.820023,363.869629,113.948677,381.750031
119.117210,363.067139,113.948677,381.750031
119.519547,362.054535,113.948677,381.750031
119.991318,360.913727,113.948677,381.750031
120.561508,359.654724,113.948677,381.750031
121.056808,358.492462,113.948677,381.750031
121.272430,357.903839,113.948677,381.750031
121.396339,357.762604,113.948677,381.750031
121.545876,357.511932,113.948677,381.750031
121.721825,357.069641,113.948677,381.750031
122.012352,356.469269,113.948677,381.750031
122.417198,355.697693,113.948677,381.750031
122.900009,354.823883,113.948677,381.750031
123.386162,353.892120,113.948677,381.750031
123.821785,353.059265,113.948677,381.750031
123.821785,353.059265,113.948677,381.750031
124.253281,352.471039,113.948677,381.750031
124.497520,352.228363,113.948677,381.750031
124.558998,352.083618,113.948677,381.750031
124.686302,351.874084,113.948677,381.750031
124.829437,351.597900,113.948677,381.750031
124.992699,351.251617,113.948677,381.750031
125.137978,350.843475,113.948677,381.750031
125.333633,350.381500,113.948677,381.750031
125.596718,349.892456,113.948677,381.750031
125.993073,349.400818,113.948677,381.750031
126.356186,348.908020,113.948677,381.750031
126.700966,348.501556,113.948677,381.750031
127.025612,348.203033,113.948677,381.750031
127.280411,348.054138,113.948677,381.750031
127.486855,348.056976,113.948677,381.750031
127.809914,348.098175,113.948677,381.750031
128.061844,348.233978,113.948677,381.750031
128.232208,348.448700,113.948677,381.750031
128.352921,348.650452,113.948677,381.750031
128.384171,348.752899,113.948677,381.750031
128.267212,348.769928,113.948677,381.750031
128.071716,348.706726,113.948677,381.750031
127.928864,348.595062,113.948677,381.750031
127.858429,348.467651,113.948677,381.750031
127.893005,348.310028,113.948677,381.750031
127.936623,348.211548,113.948677,381.750031
127.985115,348.131073,113.948677,381.750031
127.987114,348.136993,113.948677,381.750031
127.942558,348.221313,113.948677,381.750031
127.920906,348.317596,113.948677,381.750031
127.900276,348.347473,113.948677,381.750031
127.940712,348.234711,113.948677,381.750031
128.023880,348.120758,113.948677,381.750031
128.192276,348.104828,113.948677,381.750031
128.233139,348.117523,113.948677,381.750031
128.243332,348.198425,113.948677,381.750031
128.210175,348.270813,113.948677,381.750031
128.113754,348.221252,113.948677,381.750031
128.126114,348.163727,113.948677,381.750031
128.129532,348.141052,113.948677,381.750031
128.196625,348.224182,113.948677,381.750031
128.233276,348.246857,113.948677,381.750031
128.195724,348.248444,113.948677,381.750031
128.118149,348.242889,113.948677,381.750031
128.078354,348.281403,113.948677,381.750031
128.068878,348.318817,113.948677,381.750031
128.077545,348.317200,113.948677,381.750031
128.060623,348.297577,113.948677,381.750031
128.028503,348.299469,113.948677,381.750031
128.040405,348.308441,113.948677,381.750031
128.134888,348.352936,113.948677,381.750031
128.174332,348.377899,113.948677,381.750031
128.186676,348.380890,113.948677,381.750031
128.187271,348.381287,113.948677,381.750031
128.191528,348.390381,113.948677,381.750031
128.208557,348.426788,113.948677,381.750031
128.235092,348.448456,113.948677,381.750031
128.253403,348.457001,113.948677,381.750031
128.266220,348.477570,113.948677,381.750031
128.279709,348.525787,113.948677,381.750031
128.277084,348.556763,113.948677,381.750031
128.268066,348.592010,113.948677,381.750031
128.256317,348.640076,113.948677,381.750031
128.262543,348.695923,113.948677,381.750031
128.309952,348.727020,113.948677,381.750031
128.382019,348.740356,113.948677,381.750031
128.444839,348.762817,113.948677,381.750031
128.465454,348.785858,113.948677,381.750031
128.436188,348.837341,113.948677,381.750031
128.429901,348.860870,113.948677,381.750031
128.423462,348.882477,113.948677,381.750031
128.417725,348.897278,113.948677,381.750031
128.411942,348.901337,113.948677,381.750031
128.409119,348.900848,113.948677,381.750031
128.407700,348.900604,113.948677,381.750031
128.406052,348.899231,113.948677,381.750031
128.401169,348.902161,113.948677,381.750031
128.405502,348.908600,113.948677,381.750031
128.410614,348.931549,113.948677,381.750031
128.415497,348.941223,113.948677,381.750031
128.417694,348.945374,113.948677,381.750031
128.418945,348.948730,113.948677,381.750031
128.422791,348.951874,113.948677,381.750031
128.428574,348.956573,113.948677,381.750031
128.429337,348.972412,113.948677,381.750031
128.427856,348.996063,113.948677,381.750031
128.426422,349.012817,113.948677,381.750031
128.445862,348.996185,113.948677,381.750031
128.452332,348.993958,113.948677,381.750031
128.448669,348.991577,113.948677,381.750031
128.450363,348.992432,113.948677,381.750031
128.457291,348.997681,113.948677,381.750031
128.463501,349.009064,113.948677,381.750031
128.469482,349.013519,113.948677,381.750031
128.475723,349.006104,113.948677,381.750031
128.477570,349.005676,113.948677,381.750031
128.478622,349.009521,113.948677,381.750031
128.482071,349.011108,113.948677,381.750031
128.482071,349.011108,113.948677,381.750031
128.479507,349.011505,113.948677,381.750031
128.477768,349.015106,113.948677,381.750031
128.476547,349.025604,113.948677,381.750031
128.479324,349.031433,113.948677,381.750031
128.483429,349.034241,113.948677,381.750031
128.483643,349.036133,113.948677,381.750031
128.481537,349.040344,113.948677,381.750031
128.475906,349.048645,113.948677,381.750031
128.476532,349.049927,113.948677,381.750031
128.470428,349.060089,113.948677,381.750031
128.440475,349.093567,113.948677,381.750031
128.377075,349.129395,113.948677,381.750031
128.336121,349.052795,113.948677,381.750031
128.280930,348.895844,113.948677,381.750031
128.258636,348.852814,113.948677,381.750031
128.257141,348.847137,113.948677,381.750031
128.262451,348.841156,113.948677,381.750031
128.277313,348.856049,113.948677,381.750031
128.284683,348.873688,113.948677,381.750031
128.287582,348.891754,113.948677,381.750031
128.296326,348.874420,113.948677,381.750031
128.334717,348.873566,113.948677,381.750031
128.411026,348.902405,113.948677,381.750031
128.457230,348.972076,113.948677,381.750031
128.553497,349.066803,113.948677,381.750031
128.692688,349.181671,113.948677,381.750031
128.839767,349.296631,113.948677,381.750031
128.922668,349.373077,113.948677,381.750031
128.983719,349.411774,113.948677,381.750031
129.065643,349.494720,113.948677,381.750031
129.502548,349.609314,113.948677,381.750031
129.906372,349.674164,113.948677,381.750031
130.337662,349.798706,113.948677,381.750031
130.622177,349.964935,113.948677,381.750031
130.856598,350.140747,113.948677,381.750031
131.127014,350.218018,113.948677,381.750031
131.410629,350.219788,113.948677,381.750031
131.649185,350.180664,113.948677,381.750031
131.840881,350.249298,113.948677,381.750031
132.401627,350.403809,113.948677,381.750031
132.692230,350.406494,113.948677,381.750031
132.888123,350.393616,113.948677,381.750031
133.013199,350.389709,113.948677,381.750031
133.127304,350.365997,113.948677,381.750031
133.292725,350.329926,113.948677,381.750031
133.500687,350.299377,113.948677,381.750031
133.772156,350.331848,113.948677,381.750031
134.083450,350.423492,113.948677,381.750031
135.031601,350.732697,113.948677,381.750031
135.657501,350.953491,113.948677,381.750031
136.381424,351.209137,113.948677,381.750031
137.135040,351.498444,113.948677,381.750031
137.803192,351.745972,113.948677,381.750031
138.380188,351.919525,113.948677,381.750031
138.946182,352.053497,113.948677,381.750031
139.444778,352.140686,113.948677,381.750031
139.832230,352.124878,113.948677,381.750031
140.475723,351.974640,113.948677,381.750031
140.677841,351.875519,113.948677,381.750031
140.900101,351.803070,113.948677,381.750031
141.146881,351.733185,113.948677,381.750031
141.506424,351.691040,113.948677,381.750031
141.944382,351.648224,113.948677,381.750031
142.482834,351.646637,113.948677,381.750031
143.053497,351.663727,113.948677,381.750031
143.579865,351.728943,113.948677,381.750031
144.815506,351.856628,113.948677,381.750031
145.495422,351.926300,113.948677,381.750031
146.021515,351.952148,113.948677,381.750031
146.434311,351.967651,113.948677,381.750031
146.856247,351.959320,113.948677,381.750031
147.365494,351.894684,113.948677,381.750031
147.902298,351.740143,113.948677,381.750031
148.359375,351.521423,113.948677,381.750031
148.900116,351.273010,113.948677,381.750031
149.833847,351.020569,113.948677,381.750031
150.265549,351.037964,113.948677,381.750031
150.800446,351.090057,113.948677,381.750031
151.432709,351.100372,113.948677,381.750031
152.061600,351.103363,113.948677,381.750031
152.689850,351.061523,113.948677,381.750031
153.480774,350.976563,113.948677,381.750031
154.365601,350.892456,113.948677,381.750031
155.148148,350.942841,113.948677,381.750031
156.410248,351.148743,113.948677,381.750031
156.817139,351.087555,113.948677,381.750031
157.229813,350.942352,113.948677,381.750031
157.799286,350.758209,113.948677,381.750031
158.501663,350.523224,113.948677,381.750031
159.295197,350.309143,113.948677,381.750031
160.028824,350.123138,113.948677,381.750031
160.623993,349.980469,113.948677,381.750031
161.699585,349.647614,113.948677,381.750031
162.231064,349.512085,113.948677,381.750031
162.743286,349.463226,113.948677,381.750031
163.197586,349.464905,113.948677,381.750031
163.757004,349.480560,113.948677,381.750031
164.361588,349.518463,113.948677,381.750031
164.967468,349.518158,113.948677,381.750031
165.496292,349.481354,113.948677,381.750031
166.139877,349.405182,113.948677,381.750031
167.646164,349.334473,113.948677,381.750031
168.411850,349.291626,113.948677,381.750031
168.968491,349.214813,113.948677,381.750031
169.449677,349.126312,113.948677,381.750031
170.023071,349.036621,113.948677,381.750031
170.651718,348.961548,113.948677,381.750031
171.257263,348.903656,113.948677,381.750031
171.857285,348.927795,113.948677,381.750031
172.490997,349.019867,113.948677,381.750031
173.801910,349.266541,113.948677,381.750031
174.520996,349.364288,113.948677,381.750031
175.379608,349.458862,113.948677,381.750031
176.184174,349.583710,113.948677,381.750031
176.807281,349.680359,113.948677,381.750031
177.280838,349.676636,113.948677,381.750031
177.779037,349.639038,113.948677,381.750031
178.423248,349.577789,113.948677,381.750031
179.186295,349.497894,113.948677,381.750031
180.899902,349.122559,113.948677,381.750031
181.792877,348.906189,113.948677,381.750031
182.728973,348.670197,113.948677,381.750031
183.653824,348.419800,113.948677,381.750031
184.546387,348.171051,113.948677,381.750031
185.448883,347.972717,113.948677,381.750031
186.336487,347.805145,113.948677,381.750031
187.147614,347.629669,113.948677,381.750031
187.893311,347.461914,113.948677,381.750031
188.885117,347.500702,113.948677,381.750031
189.565796,347.524445,113.948677,381.750031
190.306183,347.608704,113.948677,381.750031
191.058853,347.771423,113.948677,381.750031
191.799103,347.988739,113.948677,381.750031
192.570892,348.169098,113.948677,381.750031
193.294830,348.310760,113.948677,381.750031
194.009781,348.358917,113.948677,381.750031
194.766037,348.377625,113.948677,381.750031
196.552216,348.272339,113.948677,381.750031
197.444046,348.096222,113.948677,381.750031
198.162430,347.891327,113.948677,381.750031
198.880081,347.532349,113.948677,381.750031
199.455734,347.263458,113.948677,381.750031
199.959000,347.104340,113.948677,381.750031
200.485809,346.938812,113.948677,381.750031
201.057220,346.775696,113.948677,381.750031
201.694183,346.651886,113.948677,381.750031
203.058685,346.638641,113.948677,381.750031
203.632477,346.697845,113.948677,381.750031
204.304001,346.736725,113.948677,381.750031
204.994553,346.710419,113.948677,381.750031
205.774094,346.602539,113.948677,381.750031
206.591949,346.530945,113.948677,381.750031
207.390045,346.512329,113.948677,381.750031
208.186432,346.593719,113.948677,381.750031
208.997986,346.661011,113.948677,381.750031
210.288528,346.617798,113.948677,381.750031
210.856995,346.440308,113.948677,381.750031
211.514420,346.223724,113.948677,381.750031
212.190887,345.997681,113.948677,381.750031
212.825287,345.801636,113.948677,381.750031
213.378555,345.668671,113.948677,381.750031
213.951630,345.543152,113.948677,381.750031
214.572037,345.425812,113.948677,381.750031
215.237488,345.327057,113.948677,381.750031
216.674469,345.223694,113.948677,381.750031
217.495880,345.191925,113.948677,381.750031
218.396118,345.181854,113.948677,381.750031
219.358307,345.160034,113.948677,381.750031
220.330978,345.224976,113.948677,381.750031
221.296509,345.356232,113.948677,381.750031
222.251099,345.465149,113.948677,381.750031
223.097412,345.528931,113.948677,381.750031
223.852997,345.502075,113.948677,381.750031
225.091843,345.242249,113.948677,381.750031
225.796371,345.108002,113.948677,381.750031
226.455017,344.938873,113.948677,381.750031
227.125427,344.768005,113.948677,381.750031
227.845688,344.598572,113.948677,381.750031
228.653580,344.439545,113.948677,381.750031
229.460678,344.292938,113.948677,381.750031
230.285416,344.163147,113.948677,381.750031
231.024887,344.006226,113.948677,381.750031
232.285690,343.902435,113.948677,381.750031
232.919113,343.966980,113.948677,381.750031
233.663361,344.017944,113.948677,381.750031
234.426910,344.020386,113.948677,381.750031
235.094391,343.953339,113.948677,381.750031
235.774033,343.879364,113.948677,381.750031
236.417358,343.811035,113.948677,381.750031
236.999741,343.793427,113.948677,381.750031
237.614212,343.762421,113.948677,381.750031
238.985886,343.682953,113.948677,381.750031
239.804413,343.596619,113.948677,381.750031
240.610031,343.518951,113.948677,381.750031
241.332993,343.490356,113.948677,381.750031
241.956451,343.511566,113.948677,381.750031
242.587509,343.489563,113.948677,381.750031
243.246078,343.444458,113.948677,381.750031
243.962784,343.404663,113.948677,381.750031
244.653091,343.389099,113.948677,381.750031
245.923340,343.391937,113.948677,381.750031
246.608124,343.337372,113.948677,381.750031
247.313446,343.242981,113.948677,381.750031
248.105576,343.109253,113.948677,381.750031
248.942093,342.932556,113.948677,381.750031
249.815231,342.689178,113.948677,381.750031
250.714142,342.397217,113.948677,381.750031
252.634705,341.745056,113.948677,381.750031
253.591476,341.499420,113.948677,381.750031
254.501816,341.289001,113.948677,381.750031
255.329758,341.112000,113.948677,381.750031
255.981506,341.030304,113.948677,381.750031
256.569336,340.983124,113.948677,381.750031
257.248413,340.895477,113.948677,381.750031
258.684204,340.646606,113.948677,381.750031
259.369965,340.596863,113.948677,381.750031
260.089935,340.560638,113.948677,381.750031
260.838379,340.521881,113.948677,381.750031
261.704987,340.435425,113.948677,381.750031
262.658630,340.282104,113.948677,381.750031
263.571625,340.015747,113.948677,381.750031
265.585083,339.380127,113.948677,381.750031
266.593018,339.021515,113.948677,381.750031
267.477753,338.775787,113.948677,381.750031
268.284912,338.557831,113.948677,381.750031
269.118378,338.312744,113.948677,381.750031
269.886261,338.096893,113.948677,381.750031
270.597595,337.930939,113.948677,381.750031
272.036072,337.794952,113.948677,381.750031
272.862488,337.736847,113.948677,381.750031
273.662384,337.756744,113.948677,381.750031
274.471161,337.740417,113.948677,381.750031
275.353180,337.733826,113.948677,381.750031
276.331787,337.688477,113.948677,381.750031
277.421112,337.590485,113.948677,381.750031
279.493927,337.277985,113.948677,381.750031
280.412445,337.076233,113.948677,381.750031
281.307007,336.751251,113.948677,381.750031
282.110229,336.454559,113.948677,381.750031
282.826569,336.225342,113.948677,381.750031
283.514679,336.034760,113.948677,381.750031
284.236084,335.822052,113.948677,381.750031
285.679840,335.602051,113.948677,381.750031
286.460083,335.506073,113.948677,381.750031
287.244598,335.425446,113.948677,381.750031
288.088196,335.320160,113.948677,381.750031
288.996002,335.192047,113.948677,381.750031
289.878967,335.096558,113.948677,381.750031
290.708130,335.046509,113.948677,381.750031
292.333313,334.856964,113.948677,381.750031
293.156860,334.651550,113.948677,381.750031
293.977325,334.367584,113.948677,381.750031
294.816620,334.080811,113.948677,381.750031
295.554810,333.831360,113.948677,381.750031
296.308258,333.528107,113.948677,381.750031
297.038788,333.236877,113.948677,381.750031
298.428375,332.743469,113.948677,381.750031
299.176971,332.467529,113.948677,381.750031
300.023285,332.161499,113.948677,381.750031
300.889740,331.862946,113.948677,381.750031
301.589783,331.683044,113.948677,381.750031
302.307068,331.526947,113.948677,381.750031
303.068176,331.317017,113.948677,381.750031
304.825348,330.722412,113.948677,381.750031
305.776764,330.370575,113.948677,381.750031
306.639709,330.062195,113.948677,381.750031
307.464874,329.800812,113.948677,381.750031
308.188202,329.594818,113.948677,381.750031
308.872589,329.368866,113.948677,381.750031
309.599548,329.115234,113.948677,381.750031
311.153778,328.505707,113.948677,381.750031
311.908142,328.250061,113.948677,381.750031
312.661255,328.046143,113.948677,381.750031
313.446625,327.838379,113.948677,381.750031
314.279724,327.608978,113.948677,381.750031
315.164032,327.296783,113.948677,381.750031
316.073059,326.934113,113.948677,381.750031
317.793610,326.233612,113.948677,381.750031
318.649414,325.900482,113.948677,381.750031
319.373169,325.674683,113.948677,381.750031
320.083374,325.465729,113.948677,381.750031
320.833130,325.243744,113.948677,381.750031
321.650421,324.986450,113.948677,381.750031
323.356628,324.379181,113.948677,381.750031
324.219635,324.088074,113.948677,381.750031
325.052307,323.897308,113.948677,381.750031
325.906067,323.736145,113.948677,381.750031
326.762238,323.583832,113.948677,381.750031
327.564789,323.424164,113.948677,381.750031
328.293182,323.243713,113.948677,381.750031
329.870056,322.933014,113.948677,381.750031
330.702545,322.759674,113.948677,381.750031
331.496185,322.610107,113.948677,381.750031
332.317780,322.452759,113.948677,381.750031
333.155396,322.333954,113.948677,381.750031
334.006836,322.207947,113.948677,381.750031
334.858276,322.044678,113.948677,381.750031
336.516846,321.637970,113.948677,381.750031
337.343231,321.441193,113.948677,381.750031
338.157410,321.219238,113.948677,381.750031
338.977509,320.938690,113.948677,381.750031
339.809540,320.526215,113.948677,381.750031
341.389923,319.610718,113.948677,381.750031
342.000122,319.146362,113.948677,381.750031
342.741943,318.825928,113.948677,381.750031
343.329956,318.569000,113.948677,381.750031
343.898315,318.235077,113.948677,381.750031
344.338928,317.878357,113.948677,381.750031
344.627136,317.546692,113.948677,381.750031
344.781494,317.226440,113.948677,381.750031
345.278290,316.486206,113.948677,381.750031
345.691833,316.192352,113.948677,381.750031
346.184967,315.968536,113.948677,381.750031
346.729584,315.797852,113.948677,381.750031
347.169556,315.692139,113.948677,381.750031
347.556061,315.626617,113.948677,381.750031
347.850159,315.580261,113.948677,381.750031
348.179718,315.442535,113.948677,381.750031
348.506836,315.195801,113.948677,381.750031
349.165131,314.596893,113.948677,381.750031
349.429626,314.298859,113.948677,381.750031
349.636108,313.970245,113.948677,381.750031
349.736511,313.620178,113.948677,381.750031
349.747253,313.270966,113.948677,381.750031
349.873322,312.923920,113.948677,381.750031
350.557739,312.482086,113.948677,381.750031
350.903442,312.342041,113.948677,381.750031
351.147430,312.185120,113.948677,381.750031
351.319214,312.073578,113.948677,381.750031
351.372528,312.009979,113.948677,381.750031
351.326080,311.949432,113.948677,381.750031
351.480347,311.542236,113.948677,381.750031
351.614075,311.325867,113.948677,381.750031
351.704407,311.141663,113.948677,381.750031
351.765747,310.963196,113.948677,381.750031
351.798126,310.846436,113.948677,381.750031
351.798157,310.724518,113.948677,381.750031
351.813538,310.537872,113.948677,381.750031
351.945435,309.947174,113.948677,381.750031
351.985748,309.633026,113.948677,381.750031
352.004974,309.346039,113.948677,381.750031
352.007568,309.058563,113.948677,381.750031
352.013031,308.750092,113.948677,381.750031
352.010620,308.480804,113.948677,381.750031
351.999786,308.240173,113.948677,381.750031
351.976044,308.054016,113.948677,381.750031
351.942810,307.920654,113.948677,381.750031
352.072906,307.885010,113.948677,381.750031
352.038116,307.760986,113.948677,381.750031
352.118225,307.624390,113.948677,381.750031
352.246826,307.588623,113.948677,381.750031
352.392029,307.548309,113.948677,381.750031
352.350952,307.404816,113.948677,381.750031
352.301392,307.248779,113.948677,381.750031
352.252930,307.096161,113.948677,381.750031
352.240051,307.047241,113.948677,381.750031
352.220642,307.049316,113.948677,381.750031
352.132080,307.009125,113.948677,381.750031
351.968231,306.979340,113.948677,381.750031
351.744751,306.917664,113.948677,381.750031
351.455017,306.785889,113.948677,381.750031
351.347717,306.741974,113.948677,381.750031
351.206909,306.682678,113.948677,381.750031
351.036804,306.593964,113.948677,381.750031
350.843781,306.492615,113.948677,381.750031
350.590363,306.418488,113.948677,381.750031
350.309448,306.352905,113.948677,381.750031
350.038696,306.268829,113.948677,381.750031
349.732971,306.173035,113.948677,381.750031
349.351379,306.062225,113.948677,381.750031
348.926971,305.944977,113.948677,381.750031
348.352722,305.748077,113.948677,381.750031
348.192413,305.662598,113.948677,381.750031
348.052216,305.553741,113.948677,381.750031
347.895813,305.390076,113.948677,381.750031
347.760742,305.232117,113.948677,381.750031
347.628693,305.097931,113.948677,381.750031
347.516235,305.001892,113.948677,381.750031
347.385162,304.890320,113.948677,381.750031
347.188782,304.802185,113.948677,381.750031
346.959503,304.696655,113.948677,381.750031
346.763367,304.581635,113.948677,381.750031
346.458923,304.373535,113.948677,381.750031
346.273621,304.203583,113.948677,381.750031
346.063232,303.961395,113.948677,381.750031
345.857361,303.692230,113.948677,381.750031
345.664917,303.412384,113.948677,381.750031
345.546295,303.296173,113.948677,381.750031
345.430664,303.223846,113.948677,381.750031
345.121796,302.945496,113.948677,381.750031
344.982880,302.824738,113.948677,381.750031
344.845612,302.673187,113.948677,381.750031
344.729431,302.551941,113.948677,381.750031
344.616547,302.412811,113.948677,381.750031
344.519348,302.281036,113.948677,381.750031
344.356262,302.042236,113.948677,381.750031
344.273499,301.902863,113.948677,381.750031
344.184601,301.762299,113.948677,381.750031
344.081055,301.604553,113.948677,381.750031
343.977936,301.463013,113.948677,381.750031
343.753784,301.154419,113.948677,381.750031
343.679413,301.004303,113.948677,381.750031
343.656830,300.858765,113.948677,381.750031
343.629303,300.692627,113.948677,381.750031
343.550964,300.528931,113.948677,381.750031
343.423523,300.242035,113.948677,381.750031
343.372894,300.097809,113.948677,381.750031
343.314453,299.977051,113.948677,381.750031
343.275116,299.876312,113.948677,381.750031
343.264038,299.822540,113.948677,381.750031
343.275940,299.765991,113.948677,381.750031
343.277710,299.725616,113.948677,381.750031
343.267517,299.591125,113.948677,381.750031
343.272156,299.418396,113.948677,381.750031
343.296234,299.258575,113.948677,381.750031
343.276245,299.035980,113.948677,381.750031
343.271210,298.915771,113.948677,381.750031
343.284668,298.817078,113.948677,381.750031
343.303894,298.731506,113.948677,381.750031
343.322876,298.592926,113.948677,381.750031
343.330627,298.536987,113.948677,381.750031
343.378723,298.442169,113.948677,381.750031
343.431610,298.332611,113.948677,381.750031
343.474274,298.253754,113.948677,381.750031
343.522156,298.182892,113.948677,381.750031
343.567291,298.116425,113.948677,381.750031
343.604797,298.065857,113.948677,381.750031
343.669250,298.002960,113.948677,381.750031
343.702728,297.970490,113.948677,381.750031
343.742493,297.940369,113.948677,381.750031
343.786530,297.911987,113.948677,381.750031
343.834229,297.892914,113.948677,381.750031
343.926758,297.868500,113.948677,381.750031
343.973755,297.856659,113.948677,381.750031
344.020203,297.835571,113.948677,381.750031
344.071259,297.814972,113.948677,381.750031
344.121918,297.799927,113.948677,381.750031
344.210876,297.769592,113.948677,381.750031
344.253754,297.736237,113.948677,381.750031
344.301453,297.695038,113.948677,381.750031
344.347198,297.649414,113.948677,381.750031
344.381104,297.607880,113.948677,381.750031
344.448029,297.504547,113.948677,381.750031
344.487885,297.470642,113.948677,381.750031
344.527893,297.441803,113.948677,381.750031
344.569092,297.410583,113.948677,381.750031
344.654999,297.342987,113.948677,381.750031
344.699768,297.311096,113.948677,381.750031
344.743286,297.279480,113.948677,381.750031
344.787292,297.245361,113.948677,381.750031
344.832581,297.203156,113.948677,381.750031
344.895264,297.146210,113.948677,381.750031
344.928467,297.119629,113.948677,381.750031
344.964172,297.094818,113.948677,381.750031
345.000092,297.068726,113.948677,381.750031
345.038086,297.043030,113.948677,381.750031
345.104218,297.001556,113.948677,381.750031
345.127502,296.980988,113.948677,381.750031
345.147949,296.959808,113.948677,381.750031
345.167419,296.939667,113.948677,381.750031
345.185486,296.919220,113.948677,381.750031
345.224365,296.878876,113.948677,381.750031
345.245636,296.858429,113.948677,381.750031
345.263855,296.838623,113.948677,381.750031
345.273315,296.827820,113.948677,381.750031
345.282776,296.817017,113.948677,381.750031
345.297028,296.795135,113.948677,381.750031
345.301788,296.785950,113.948677,381.750031
345.305145,296.776489,113.948677,381.750031
345.307098,296.768646,113.948677,381.750031
345.316010,296.755798,113.948677,381.750031
345.325531,296.752625,113.948677,381.750031
345.334381,296.749664,113.948677,381.750031
345.342560,296.746948,113.948677,381.750031
345.336853,296.733704,113.948677,381.750031
345.334320,296.730011,113.948677,381.750031
345.331787,296.726318,113.948677,381.750031
345.335205,296.725189,113.948677,381.750031
345.335876,296.724976,113.948677,381.750031
345.337250,296.724518,113.948677,381.750031
345.369293,296.713959,113.948677,381.750031
345.428589,296.694489,113.948677,381.750031
345.397797,296.602264,113.948677,381.750031
345.410065,296.598236,113.948677,381.750031
345.393036,296.590240,113.948677,381.750031
345.381622,296.583435,113.948677,381.750031
345.370422,296.579193,113.948677,381.750031
345.359863,296.563019,113.948677,381.750031
345.359039,296.556488,113.948677,381.750031
345.367920,296.553589,113.948677,381.750031
345.350464,296.532104,113.948677,381.750031
345.330750,296.517761,113.948677,381.750031
345.308533,296.499695,113.948677,381.750031
345.286102,296.480957,113.948677,381.750031
345.268127,296.453583,113.948677,381.750031
345.257294,296.434082,113.948677,381.750031
345.245392,296.411163,113.948677,381.750031
345.264160,296.374329,113.948677,381.750031
345.294281,296.364807,113.948677,381.750031
345.323730,296.355560,113.948677,381.750031
345.407349,296.329590,113.948677,381.750031
345.461548,296.312958,113.948677,381.750031
345.527466,296.292908,113.948677,381.750031
345.607849,296.268707,113.948677,381.750031
345.589569,296.215759,113.948677,381.750031
345.566345,296.147430,113.948677,381.750031
345.542755,296.072449,113.948677,381.750031
345.499756,295.913483,113.948677,381.750031
345.445435,295.805664,113.948677,381.750031
345.362793,295.713348,113.948677,381.750031
345.259918,295.530090,113.948677,381.750031
345.243805,295.429413,113.948677,381.750031
345.163605,295.147278,113.948677,381.750031
345.114563,294.940979,113.948677,381.750031
345.385437,294.879822,113.948677,381.750031
345.280029,294.341370,113.948677,381.750031
345.257599,294.195404,113.948677,381.750031
345.241272,294.079346,113.948677,381.750031
345.178101,293.762665,113.948677,381.750031
345.150269,293.595947,113.948677,381.750031
345.127991,293.461792,113.948677,381.750031
345.054474,293.126740,113.948677,381.750031
345.028046,292.963470,113.948677,381.750031
345.213959,292.935577,113.948677,381.750031
345.189636,292.727417,113.948677,381.750031
345.134216,292.281647,113.948677,381.750031
345.119904,292.086456,113.948677,381.750031
345.119110,291.893127,113.948677,381.750031
345.125275,291.677643,113.948677,381.750031
345.104248,291.247986,113.948677,381.750031
345.078979,290.998383,113.948677,381.750031
345.056335,290.788452,113.948677,381.750031
345.293335,290.563873,113.948677,381.750031
345.288452,290.311646,113.948677,381.750031
345.289795,289.979553,113.948677,381.750031
345.289398,289.555023,113.948677,381.750031
345.334320,288.482574,113.948677,381.750031
345.377747,287.860992,113.948677,381.750031
345.434723,287.374695,113.948677,381.750031
345.493805,286.914124,113.948677,381.750031
345.543976,286.575073,113.948677,381.750031
345.599884,286.322571,113.948677,381.750031
345.672333,286.000122,113.948677,381.750031
345.763245,285.589386,113.948677,381.750031
345.884369,285.189575,113.948677,381.750031
346.016541,284.649017,113.948677,381.750031
345.967682,284.438477,113.948677,381.750031
345.927826,284.224518,113.948677,381.750031
345.908539,283.761658,113.948677,381.750031
345.942780,283.543030,113.948677,381.750031
345.999298,283.294678,113.948677,381.750031
346.068329,283.015625,113.948677,381.750031
346.065247,282.591888,113.948677,381.750031
346.061249,282.348816,113.948677,381.750031
346.051605,282.133087,113.948677,381.750031
346.051514,281.668762,113.948677,381.750031
346.080780,281.440643,113.948677,381.750031
346.132263,281.205933,113.948677,381.750031
346.154877,280.993774,113.948677,381.750031
346.189728,280.584137,113.948677,381.750031
346.208923,280.375366,113.948677,381.750031
346.234009,280.153656,113.948677,381.750031
346.298553,279.688568,113.948677,381.750031
346.353424,279.463318,113.948677,381.750031
346.381775,279.260345,113.948677,381.750031
346.412811,279.048981,113.948677,381.750031
346.454865,278.812073,113.948677,381.750031
346.531036,278.370941,113.948677,381.750031
346.570557,278.142059,113.948677,381.750031
346.614410,277.931000,113.948677,381.750031
346.664154,277.687042,113.948677,381.750031
346.758087,277.244843,113.948677,381.750031
346.801971,277.046906,113.948677,381.750031
346.844360,276.851288,113.948677,381.750031
346.898132,276.624054,113.948677,381.750031
346.949158,276.411987,113.948677,381.750031
347.081329,275.887482,113.948677,381.750031
347.138672,275.656219,113.948677,381.750031
347.196014,275.453308,113.948677,381.750031
347.252838,275.286896,113.948677,381.750031
347.319946,275.118134,113.948677,381.750031
347.386169,275.008881,113.948677,381.750031
347.407776,275.064148,113.948677,381.750031
347.471130,274.987915,113.948677,381.750031
347.583710,274.900513,113.948677,381.750031
347.731873,274.859039,113.948677,381.750031
347.893494,274.854614,113.948677,381.750031
348.067566,274.852966,113.948677,381.750031
348.261322,274.751862,113.948677,381.750031
348.346191,274.658264,113.948677,381.750031
348.507202,274.562164,113.948677,381.750031
348.674103,274.458038,113.948677,381.750031
348.876617,274.377716,113.948677,381.750031
349.325531,274.239349,113.948677,381.750031
349.564880,274.180420,113.948677,381.750031
349.803741,274.144714,113.948677,381.750031
350.043518,274.113434,113.948677,381.750031
350.247650,274.086212,113.948677,381.750031
350.523651,274.068268,113.948677,381.750031
350.608154,274.079926,113.948677,381.750031
350.683441,274.105957,113.948677,381.750031
350.764679,274.148682,113.948677,381.750031
351.004761,274.254486,113.948677,381.750031
351.211578,274.314850,113.948677,381.750031
351.326874,274.387787,113.948677,381.750031
351.376892,274.475647,113.948677,381.750031
351.556854,274.694366,113.948677,381.750031
351.685028,274.825867,113.948677,381.750031
351.832520,274.965332,113.948677,381.750031
352.029297,275.161255,113.948677,381.750031
352.316986,275.421295,113.948677,381.750031
352.670227,275.690277,113.948677,381.750031
353.043365,275.998413,113.948677,381.750031
353.507965,276.320282,113.948677,381.750031
353.932465,276.587738,113.948677,381.750031
354.175018,276.804657,113.948677,381.750031
354.251373,276.967560,113.948677,381.750031
354.349670,277.169769,113.948677,381.750031
354.692322,277.719757,113.948677,381.750031
354.944946,278.020721,113.948677,381.750031
355.228729,278.247314,113.948677,381.750031
355.546600,278.449615,113.948677,381.750031
355.852539,278.721497,113.948677,381.750031
356.100677,279.083832,113.948677,381.750031
356.589172,279.839478,113.948677,381.750031
356.786163,280.035797,113.948677,381.750031
357.090485,280.246704,113.948677,381.750031
357.495697,280.489838,113.948677,381.750031
358.005951,280.788788,113.948677,381.750031
358.785950,281.511658,113.948677,381.750031
359.022156,281.998108,113.948677,381.750031
359.273651,282.407623,113.948677,381.750031
359.486969,282.660980,113.948677,381.750031
359.726074,282.855713,113.948677,381.750031
359.960327,283.055969,113.948677,381.750031
360.526184,283.531342,113.948677,381.750031
360.825043,283.837646,113.948677,381.750031
361.205383,284.214752,113.948677,381.750031
361.655121,284.565765,113.948677,381.750031
362.179718,284.826782,113.948677,381.750031
362.687286,284.937561,113.948677,381.750031
363.234283,285.060333,113.948677,381.750031
363.687286,285.243500,113.948677,381.750031
364.281250,285.683411,113.948677,381.750031
364.566925,285.911804,113.948677,381.750031
364.900757,286.149750,113.948677,381.750031
365.182587,286.323120,113.948677,381.750031
365.637146,286.424500,113.948677,381.750031
365.896118,286.536591,113.948677,381.750031
366.173279,286.643311,113.948677,381.750031
366.463684,286.752441,113.948677,381.750031
367.124084,286.973572,113.948677,381.750031
367.501129,287.119720,113.948677,381.750031
367.846405,287.277771,113.948677,381.750031
368.121918,287.423126,113.948677,381.750031
368.483856,287.580383,113.948677,381.750031
369.193756,287.896393,113.948677,381.750031
369.582947,288.152832,113.948677,381.750031
370.133484,288.377747,113.948677,381.750031
370.747314,288.626892,113.948677,381.750031
371.890961,289.177490,113.948677,381.750031
372.302734,289.477875,113.948677,381.750031
372.799042,289.799774,113.948677,381.750031
373.235168,290.104797,113.948677,381.750031
373.495514,290.259399,113.948677,381.750031
373.708313,290.322296,113.948677,381.750031
373.989532,290.397400,113.948677,381.750031
374.340118,290.540192,113.948677,381.750031
374.742004,290.700195,113.948677,381.750031
375.027649,290.812744,113.948677,381.750031
375.251068,290.914154,113.948677,381.750031
375.871826,291.095734,113.948677,381.750031
376.231201,291.149384,113.948677,381.750031
376.621429,291.259033,113.948677,381.750031
376.953156,291.417145,113.948677,381.750031
377.321075,291.634521,113.948677,381.750031
377.755585,291.881287,113.948677,381.750031
378.206360,292.148224,113.948677,381.750031
378.758362,292.428619,113.948677,381.750031
379.379303,292.713043,113.948677,381.750031
379.952179,293.007416,113.948677,381.750031
380.346405,293.291382,113.948677,381.750031
380.747437,293.527618,113.948677,381.750031
381.145874,293.704926,113.948677,381.750031
381.484955,293.782928,113.948677,381.750031
381.823914,293.808868,113.948677,381.750031
382.137482,293.809540,113.948677,381.750031
382.449585,293.855164,113.948677,381.750031
382.763733,293.948944,113.948677,381.750031
383.123962,294.040680,113.948677,381.750031
383.582977,294.121643,113.948677,381.750031
384.113617,294.175446,113.948677,381.750031
384.687805,294.214203,113.948677,381.750031
385.308960,294.226685,113.948677,381.750031
385.866760,294.229584,113.948677,381.750031
386.324219,294.277191,113.948677,381.750031
386.664215,294.321014,113.948677,381.750031
387.000122,294.399719,113.948677,381.750031
387.408508,294.510712,113.948677,381.750031
387.821472,294.688721,113.948677,381.750031
388.293488,294.919403,113.948677,381.750031
388.746552,295.157837,113.948677,381.750031
389.170959,295.335144,113.948677,381.750031
389.551239,295.405609,113.948677,381.750031
389.968079,295.455841,113.948677,381.750031
390.439178,295.512390,113.948677,381.750031
390.932922,295.535614,113.948677,381.750031
391.448059,295.559357,113.948677,381.750031
391.448059,295.559357,113.948677,381.750031
391.993225,295.612091,113.948677,381.750031
392.451813,295.666351,113.948677,381.750031
392.786926,295.763550,113.948677,381.750031
393.120209,295.881775,113.948677,381.750031
393.466003,295.999847,113.948677,381.750031
393.826599,296.181580,113.948677,381.750031
394.251556,296.374634,113.948677,381.750031
394.699249,296.616241,113.948677,381.750031
395.198700,296.870758,113.948677,381.750031
395.704620,297.139740,113.948677,381.750031
396.148163,297.399994,113.948677,381.750031
396.561920,297.582611,113.948677,381.750031
396.878143,297.674469,113.948677,381.750031
397.265442,297.777649,113.948677,381.750031
397.707184,297.900299,113.948677,381.750031
398.160095,297.967102,113.948677,381.750031
398.581970,298.065887,113.948677,381.750031
399.037659,298.158234,113.948677,381.750031
399.506836,298.256836,113.948677,381.750031
399.970459,298.365540,113.948677,381.750031
400.418518,298.469574,113.948677,381.750031
400.418518,298.469574,113.948677,381.750031
400.865051,298.583496,113.948677,381.750031
401.285919,298.672394,113.948677,381.750031
401.679626,298.763794,113.948677,381.750031
402.043549,298.880798,113.948677,381.750031
402.419342,298.997559,113.948677,381.750031
402.828064,299.131378,113.948677,381.750031
403.251312,299.243439,113.948677,381.750031
403.671875,299.347687,403.671875,299.347687
404.099243,299.435211,403.671875,299.347687
404.508850,299.528839,403.671875,299.347687
404.861267,299.609283,403.671875,299.347687
404.973297,299.662354,403.671875,299.347687
404.920319,299.584045,403.671875,299.347687
404.851685,299.641541,403.671875,299.347687
404.604065,299.624451,403.671875,299.347687
404.401642,299.575714,403.671875,299.347687
404.341705,299.420349,403.671875,299.347687
404.307312,299.227386,403.671875,299.347687
404.281403,299.200043,403.671875,299.347687
404.164063,299.220947,403.671875,299.347687
403.988586,299.313873,403.671875,299.347687
403.988586,299.313873,403.671875,299.347687
403.810791,299.450226,403.671875,299.347687
403.712677,299.532471,403.671875,299.347687
403.675812,299.549713,403.671875,299.347687
403.660370,299.523621,403.671875,299.347687
403.638855,299.548096,403.671875,299.347687
403.526001,299.590393,403.671875,299.347687
403.359192,299.631409,403.671875,299.347687
403.159241,299.664917,403.671875,299.347687
403.069427,299.682312,403.671875,299.347687
403.059509,299.697479,403.671875,299.347687
403.058838,299.697235,403.671875,299.347687
403.058441,299.681488,403.671875,299.347687
403.043549,299.662140,403.671875,299.347687
403.023285,299.643097,403.671875,299.347687
403.010193,299.637268,403.671875,299.347687
402.972504,299.624542,403.671875,299.347687
402.875549,299.591156,403.671875,299.347687
402.729797,299.544739,403.671875,299.347687
402.521790,299.465668,403.671875,299.347687
402.207397,299.325928,403.671875,299.347687
402.207397,299.325928,403.671875,299.347687
401.822052,299.107513,403.671875,299.347687
401.348999,298.766052,403.671875,299.347687
400.810394,298.381592,403.671875,299.347687
400.345093,298.159912,403.671875,299.347687
399.744202,297.984192,403.671875,299.347687
399.096344,297.752075,403.671875,299.347687
398.545898,297.502747,403.671875,299.347687
398.049347,297.177063,403.671875,299.347687
397.586517,296.961548,403.671875,299.347687
397.205627,296.936859,403.671875,299.347687
396.854095,296.982666,403.671875,299.347687
396.454407,296.963165,403.671875,299.347687
396.042297,296.856964,403.671875,299.347687
395.596710,296.664612,403.671875,299.347687
395.192383,296.483398,403.671875,299.347687
394.835358,296.392181,403.671875,299.347687
394.470490,296.372192,403.671875,299.347687
394.050385,296.372070,403.671875,299.347687
393.657074,296.340790,403.671875,299.347687
393.282928,296.227264,403.671875,299.347687
393.282928,296.227264,403.671875,299.347687
392.896454,296.108704,403.671875,299.347687
392.492828,296.039154,403.671875,299.347687
392.162201,295.930481,403.671875,299.347687
391.664673,295.737885,403.671875,299.347687
390.963409,295.425598,403.671875,299.347687
390.142944,295.101135,403.671875,299.347687
389.099213,294.691376,403.671875,299.347687
387.869995,294.156860,403.671875,299.347687
386.498718,293.525421,403.671875,299.347687
385.024445,292.794434,403.671875,299.347687
383.553101,291.999146,403.671875,299.347687
382.122742,291.133148,403.671875,299.347687
380.709808,290.272491,403.671875,299.347687
379.379639,289.443298,403.671875,299.347687
378.253326,288.711639,403.671875,299.347687
377.331482,288.106415,403.671875,299.347687
376.599182,287.605591,403.671875,299.347687
376.039948,287.108551,403.671875,299.347687
375.719757,286.784912,403.671875,299.347687
375.631775,286.591583,403.671875,299.347687
375.631775,286.591583,403.671875,299.347687
375.684631,286.479004,403.671875,299.347687
375.836182,286.377930,403.671875,299.347687
375.958710,286.267120,403.671875,299.347687
375.928253,286.180359,403.671875,299.347687
375.539612,286.132813,403.671875,299.347687
375.145630,286.190399,403.671875,299.347687
374.796021,286.357910,403.671875,299.347687
374.459473,286.548523,403.671875,299.347687
374.152100,286.670166,403.671875,299.347687
373.927643,286.431854,403.671875,299.347687
373.764984,286.186310,403.671875,299.347687
373.708771,285.982178,403.671875,299.347687
373.668091,285.807770,403.671875,299.347687
373.725952,285.662354,403.671875,299.347687
373.863373,285.515717,403.671875,299.347687
374.048004,285.351288,403.671875,299.347687
374.291931,285.196838,403.671875,299.347687
374.551666,285.096588,403.671875,299.347687
374.763885,285.082581,403.671875,299.347687
374.895172,285.145294,403.671875,299.347687
374.870300,285.291199,403.671875,299.347687
374.870300,285.291199,403.671875,299.347687
374.710114,285.440002,403.671875,299.347687
374.595734,285.531677,403.671875,299.347687
374.554535,285.573578,403.671875,299.347687
374.547241,285.542450,403.671875,299.347687
374.556580,285.530457,403.671875,299.347687
374.557159,285.482849,403.671875,299.347687
374.579742,285.412842,403.671875,299.347687
374.586853,285.356567,403.671875,299.347687
374.604309,285.249939,403.671875,299.347687
374.618195,285.177063,403.671875,299.347687
374.650940,285.106293,403.671875,299.347687
374.651123,285.056244,403.671875,299.347687
374.699921,285.018341,403.671875,299.347687
374.732941,284.961853,403.671875,299.347687
374.762421,284.966522,403.671875,299.347687
374.823242,285.067291,403.671875,299.347687
374.979645,285.109497,403.671875,299.347687
375.197327,285.036530,403.671875,299.347687
375.407501,284.872803,403.671875,299.347687
375.636444,284.786041,403.671875,299.347687
375.724670,284.705017,403.671875,299.347687
375.724670,284.705017,403.671875,299.347687
375.638763,284.665710,403.671875,299.347687
375.606598,284.640778,403.671875,299.347687
375.629730,284.606201,403.671875,299.347687
375.671844,284.582855,403.671875,299.347687
375.725677,284.596344,403.671875,299.347687
375.765991,284.665283,403.671875,299.347687
375.755859,284.726776,403.671875,299.347687
375.752197,284.804810,403.671875,299.347687
375.764587,284.902130,403.671875,299.347687
375.798615,284.982147,403.671875,299.347687
375.840057,285.015472,403.671875,299.347687
375.847626,285.020630,403.671875,299.347687
375.847382,285.012360,403.671875,299.347687
375.847229,285.001495,403.671875,299.347687
375.847656,284.984100,403.671875,299.347687
375.854309,284.972198,403.671875,299.347687
375.869232,284.965332,403.671875,299.347687
375.886108,284.954193,403.671875,299.347687
375.911865,284.946136,403.671875,299.347687
375.939606,284.933960,403.671875,299.347687
375.962280,284.915466,403.671875,299.347687
375.976288,284.902222,403.671875,299.347687
375.994843,284.877319,403.671875,299.347687
375.994843,284.877319,403.671875,299.347687
376.013428,284.841156,403.671875,299.347687
376.010803,284.833435,403.671875,299.347687
376.011688,284.849701,403.671875,299.347687
376.035553,284.858612,403.671875,299.347687
376.060333,284.866821,403.671875,299.347687
376.083008,284.886200,403.671875,299.347687
376.090881,284.915100,403.671875,299.347687
376.066772,284.921021,403.671875,299.347687
376.036591,284.925354,403.671875,299.347687
376.025085,284.932861,403.671875,299.347687
376.023224,284.939453,403.671875,299.347687
376.034302,284.938354,403.671875,299.347687
376.047058,284.936401,403.671875,299.347687
376.056580,284.927399,403.671875,299.347687
376.065979,284.915283,403.671875,299.347687
376.081665,284.904053,403.671875,299.347687
376.095581,284.895569,403.671875,299.347687
376.102600,284.889404,403.671875,299.347687
376.114532,284.882416,403.671875,299.347687
376.128265,284.877563,403.671875,299.347687
376.143890,284.871063,403.671875,299.347687
376.152954,284.844208,403.671875,299.347687
376.152985,284.816406,403.671875,299.347687
376.152985,284.816406,403.671875,299.347687
376.150391,284.820038,403.671875,299.347687
376.156250,284.823975,403.671875,299.347687
376.161407,284.818542,403.671875,299.347687
376.165131,284.811462,403.671875,299.347687
376.167664,284.805878,403.671875,299.347687
376.168365,284.805725,403.671875,299.347687
376.167664,284.805878,403.671875,299.347687
376.167358,284.802765,403.671875,299.347687
376.166138,284.800507,403.671875,299.347687
376.159607,284.794342,403.671875,299.347687
376.153168,284.785614,403.671875,299.347687
376.147461,284.778656,403.671875,299.347687
376.150269,284.773499,403.671875,299.347687
376.166382,284.771454,403.671875,299.347687
376.191040,284.766571,403.671875,299.347687
376.218262,284.761597,403.671875,299.347687
376.242554,284.750854,403.671875,299.347687
376.263885,284.745911,403.671875,299.347687
376.280731,284.740784,403.671875,299.347687
376.280823,284.735596,403.671875,299.347687
376.272034,284.722534,403.671875,299.347687
376.259644,284.703400,403.671875,299.347687
376.247162,284.684326,403.671875,299.347687
376.247162,284.684326,403.671875,299.347687
376.235291,284.665100,403.671875,299.347687
376.215607,284.648834,403.671875,299.347687
376.198608,284.634430,403.671875,299.347687
376.197906,284.634644,403.671875,299.347687
376.203339,284.641418,403.671875,299.347687
376.204132,284.646393,403.671875,299.347687
376.197906,284.645721,403.671875,299.347687
376.190369,284.648102,403.671875,299.347687
376.196014,284.665863,403.671875,299.347687
376.202271,284.678192,403.671875,299.347687
376.210266,284.743622,403.671875,299.347687
376.214142,284.857086,403.671875,299.347687
376.190735,284.937286,403.671875,299.347687
376.218140,284.933136,403.671875,299.347687
376.216919,284.939484,403.671875,299.347687
376.202789,284.954407,403.671875,299.347687
376.205811,284.948029,403.671875,299.347687
376.204071,284.936096,403.671875,299.347687
376.206909,284.945648,403.671875,299.347687
376.227905,284.944244,403.671875,299.347687
376.259308,284.935883,403.671875,299.347687
376.310272,284.903961,403.671875,299.347687
376.387299,284.852661,403.671875,299.347687
376.468109,284.790588,403.671875,299.347687
376.523590,284.711060,403.671875,299.347687
376.541290,284.643555,403.671875,299.347687
376.545746,284.589935,403.671875,299.347687
376.576263,284.501068,403.671875,299.347687
376.672211,284.309875,403.671875,299.347687
376.750519,284.234161,403.671875,299.347687
376.883850,284.120087,403.671875,299.347687
377.021332,284.005493,403.671875,299.347687
377.149292,283.892395,403.671875,299.347687
377.291626,283.720978,403.671875,299.347687
377.392212,283.483917,403.671875,299.347687
377.455200,283.248474,403.671875,299.347687
377.508789,282.994843,403.671875,299.347687
377.553802,282.746368,403.671875,299.347687
377.591400,282.415314,403.671875,299.347687
377.618835,282.032990,403.671875,299.347687
377.628235,281.615021,403.671875,299.347687
377.629028,281.143951,403.671875,299.347687
377.654785,280.603760,403.671875,299.347687
377.713959,279.434601,403.671875,299.347687
377.765350,278.878540,403.671875,299.347687
377.808716,278.306580,403.671875,299.347687
377.862000,277.847900,403.671875,299.347687
377.918610,277.519318,403.671875,299.347687
378.024231,277.290283,403.671875,299.347687
378.190613,277.096008,403.671875,299.347687
378.400391,276.852600,403.671875,299.347687
378.620056,276.579468,403.671875,299.347687
379.003693,276.047058,403.671875,299.347687
379.220123,275.701904,403.671875,299.347687
379.409668,275.273376,403.671875,299.347687
379.607758,274.822052,403.671875,299.347687
379.867157,274.356689,403.671875,299.347687
380.153412,273.886841,403.671875,299.347687
380.397095,273.332520,403.671875,299.347687
380.491638,272.814301,403.671875,299.347687
380.498901,271.893463,403.671875,299.347687
380.553192,271.418060,403.671875,299.347687
380.615021,271.026337,403.671875,299.347687
380.655914,270.637421,403.671875,299.347687
380.688293,270.202667,403.671875,299.347687
380.703644,269.758881,403.671875,299.347687
380.777130,269.319885,403.671875,299.347687
380.891174,268.887939,403.671875,299.347687
381.393494,267.962585,403.671875,299.347687
381.714081,267.350677,403.671875,299.347687
381.973480,266.650116,403.671875,299.347687
382.137421,265.955902,403.671875,299.347687
382.240692,265.395416,403.671875,299.347687
382.294678,264.984528,403.671875,299.347687
382.307037,264.588226,403.671875,299.347687
382.315887,264.086761,403.671875,299.347687
382.454163,262.965790,403.671875,299.347687
382.335968,262.365448,403.671875,299.347687
382.157593,261.780548,403.671875,299.347687
381.921722,261.138153,403.671875,299.347687
381.744659,260.562073,403.671875,299.347687
381.626068,260.049652,403.671875,299.347687
381.609802,259.615417,403.671875,299.347687
381.649384,258.840485,403.671875,299.347687
381.647064,258.306946,403.671875,299.347687
381.656464,257.617920,403.671875,299.347687
381.687500,256.819397,403.671875,299.347687
381.674561,255.923920,403.671875,299.347687
381.753143,255.143555,403.671875,299.347687
381.917419,254.383499,403.671875,299.347687
380.949158,255.031082,403.671875,299.347687
380.428131,254.375610,403.671875,299.347687
380.152710,253.704575,403.671875,299.347687
380.045349,253.045929,403.671875,299.347687
380.015686,252.393326,403.671875,299.347687
380.057648,251.930252,403.671875,299.347687
380.120300,251.653137,403.671875,299.347687
379.962830,250.752335,403.671875,299.347687
379.761963,250.172974,403.671875,299.347687
379.529144,249.461899,403.671875,299.347687
379.359680,248.670502,403.671875,299.347687
379.328308,247.859741,403.671875,299.347687
379.429535,247.142227,403.671875,299.347687
379.628815,246.455292,403.671875,299.347687
380.057159,244.826569,403.671875,299.347687
380.276154,244.050812,403.671875,299.347687
380.483612,243.336090,403.671875,299.347687
380.673584,242.557159,403.671875,299.347687
380.852692,241.850754,403.671875,299.347687
380.953796,241.192734,403.671875,299.347687
380.986603,240.570358,403.671875,299.347687
380.943024,239.171234,403.671875,299.347687
380.764526,238.575974,403.671875,299.347687
380.537079,237.931778,403.671875,299.347687
380.300476,237.251068,403.671875,299.347687
380.005219,236.528107,403.671875,299.347687
379.724884,235.840225,403.671875,299.347687
379.511688,235.209747,403.671875,299.347687
379.512329,234.235550,403.671875,299.347687
379.542755,233.645203,403.671875,299.347687
379.612030,232.975449,403.671875,299.347687
379.701233,232.222046,403.671875,299.347687
379.855988,231.463699,403.671875,299.347687
380.009857,230.656784,403.671875,299.347687
380.174561,229.848755,403.671875,299.347687
380.375275,228.243271,403.671875,299.347687
380.376617,227.509781,403.671875,299.347687
380.283783,226.799866,403.671875,299.347687
380.132843,226.200043,403.671875,299.347687
379.951385,225.637955,403.671875,299.347687
379.573425,224.397003,403.671875,299.347687
379.350494,223.740433,403.671875,299.347687
379.098267,223.051804,403.671875,299.347687
378.851807,222.358322,403.671875,299.347687
378.600494,221.628220,403.671875,299.347687
378.444275,220.941559,403.671875,299.347687
378.356842,219.728714,403.671875,299.347687
378.391113,219.117676,403.671875,299.347687
378.435669,218.488510,403.671875,299.347687
378.485168,217.837906,403.671875,299.347687
378.564789,217.147354,403.671875,299.347687
378.658234,216.431137,403.671875,299.347687
378.734253,215.706833,403.671875,299.347687
378.786591,214.415466,403.671875,299.347687
378.794189,213.796585,403.671875,299.347687
378.827118,213.205109,403.671875,299.347687
378.833252,212.611282,403.671875,299.347687
378.837982,211.997635,403.671875,299.347687
378.822205,211.360626,403.671875,299.347687
378.787598,210.705750,403.671875,299.347687
378.689819,209.290390,403.671875,299.347687
378.624725,208.632797,403.671875,299.347687
378.551788,208.073547,403.671875,299.347687
378.482178,207.477219,403.671875,299.347687
378.413727,206.855194,403.671875,299.347687
378.345734,206.127838,403.671875,299.347687
378.253235,205.318497,403.671875,299.347687
378.049530,203.655624,403.671875,299.347687
377.970032,202.874344,403.671875,299.347687
377.929840,202.171341,403.671875,299.347687
377.915680,201.400757,403.671875,299.347687
377.977417,200.594467,403.671875,299.347687
378.096680,199.862869,403.671875,299.347687
378.147491,199.211121,403.671875,299.347687
378.120178,197.830536,403.671875,299.347687
378.079620,196.946747,403.671875,299.347687
378.011627,195.976242,403.671875,299.347687
377.898254,195.036636,403.671875,299.347687
377.727295,194.167633,403.671875,299.347687
377.580292,193.355850,403.671875,299.347687
377.320129,191.785767,403.671875,299.347687
377.314362,191.130356,403.671875,299.347687
377.372955,190.389313,403.671875,299.347687
377.471893,189.582687,403.671875,299.347687
377.539398,188.671722,403.671875,299.347687
377.692871,186.731598,403.671875,299.347687
377.882904,185.909317,403.671875,299.347687
378.054596,185.062546,403.671875,299.347687
378.172516,184.205505,403.671875,299.347687
378.179108,183.273056,403.671875,299.347687
378.077972,182.345581,403.671875,299.347687
377.888428,181.544281,403.671875,299.347687
377.657318,180.298904,403.671875,299.347687
377.615692,179.617081,403.671875,299.347687
377.608582,178.858551,403.671875,299.347687
377.647064,178.046371,403.671875,299.347687
377.651825,177.212341,403.671875,299.347687
377.543518,176.479645,403.671875,299.347687
377.503021,175.171326,403.671875,299.347687
377.528931,174.514847,403.671875,299.347687
377.570587,173.791779,403.671875,299.347687
377.564087,172.956940,403.671875,299.347687
377.445984,172.107101,403.671875,299.347687
377.312836,171.385468,403.671875,299.347687
376.953552,169.854248,403.671875,299.347687
376.792084,169.013824,403.671875,299.347687
376.647614,168.173462,403.671875,299.347687
376.570496,167.392136,403.671875,299.347687
376.478699,166.664749,403.671875,299.347687
376.347076,166.035538,403.671875,299.347687
376.128998,164.707703,403.671875,299.347687
375.956268,163.902328,403.671875,299.347687
375.742340,163.046097,403.671875,299.347687
375.468262,162.085770,403.671875,299.347687
375.168640,161.114868,403.671875,299.347687
374.795288,160.074905,403.671875,299.347687
374.459625,159.125641,403.671875,299.347687
373.952484,157.544449,403.671875,299.347687
373.786926,156.950897,403.671875,299.347687
373.608063,156.335968,403.671875,299.347687
373.382172,155.698822,403.671875,299.347687
373.050049,155.035172,403.671875,299.347687
372.664093,154.296463,403.671875,299.347687
371.869995,152.823349,403.671875,299.347687
371.352051,152.017441,403.671875,299.347687
370.761200,151.222366,403.671875,299.347687
370.325775,150.592102,403.671875,299.347687
369.982391,150.095032,403.671875,299.347687
369.571320,149.604904,403.671875,299.347687
369.062469,149.071716,403.671875,299.347687
368.323120,147.953949,403.671875,299.347687
368.011169,147.309769,403.671875,299.347687
367.560730,146.671112,403.671875,299.347687
366.975861,145.996399,403.671875,299.347687
366.188446,145.368942,403.671875,299.347687
365.267303,144.781906,403.671875,299.347687
364.422241,144.248337,403.671875,299.347687
363.227722,143.467209,403.671875,299.347687
362.767090,143.102020,403.671875,299.347687
362.190674,142.766205,403.671875,299.347687
361.486389,142.438675,403.671875,299.347687
360.643433,142.079651,403.671875,299.347687
359.715057,141.602600,403.671875,299.347687
358.944275,140.920624,403.671875,299.347687
358.439606,140.136292,403.671875,299.347687
357.889252,139.431641,403.671875,299.347687
356.318817,138.316162,403.671875,299.347687
355.322388,137.989807,403.671875,299.347687
354.299561,137.745346,403.671875,299.347687
353.538055,137.437653,403.671875,299.347687
353.055054,136.927414,403.671875,299.347687
352.544800,136.443161,403.671875,299.347687
351.974243,136.108841,403.671875,299.347687
351.261658,135.918930,403.671875,299.347687
349.788116,135.797073,403.671875,299.347687
349.208771,135.615311,403.671875,299.347687
348.713196,135.361435,403.671875,299.347687
348.176819,135.176758,403.671875,299.347687
347.584320,135.086578,403.671875,299.347687
346.957520,135.048035,403.671875,299.347687
346.416168,134.983154,403.671875,299.347687
345.335297,134.702393,403.671875,299.347687
344.725525,134.522736,403.671875,299.347687
343.993073,134.339264,403.671875,299.347687
343.201080,134.075241,403.671875,299.347687
342.355286,133.749863,403.671875,299.347687
341.530457,133.358719,403.671875,299.347687
340.682465,132.963867,403.671875,299.347687
339.792755,132.603271,403.671875,299.347687
338.068909,131.992233,403.671875,299.347687
337.204987,131.815735,403.671875,299.347687
336.389496,131.674408,403.671875,299.347687
335.573120,131.374908,403.671875,299.347687
334.793457,130.955017,403.671875,299.347687
333.981567,130.664001,403.671875,299.347687
333.138702,130.502899,403.671875,299.347687
331.244843,130.518250,403.671875,299.347687
330.447906,130.493378,403.671875,299.347687
330.023438,130.439362,403.671875,299.347687
329.568573,130.488937,403.671875,299.347687
328.986542,130.623123,403.671875,299.347687
328.291077,130.889969,403.671875,299.347687
327.503326,131.265793,403.671875,299.347687
326.625397,131.589935,403.671875,299.347687
325.106689,131.735504,403.671875,299.347687
324.417908,131.700027,403.671875,299.347687
323.634857,131.659149,403.671875,299.347687
322.742401,131.630661,403.671875,299.347687
321.844666,131.599472,403.671875,299.347687
320.966064,131.456039,403.671875,299.347687
320.044586,131.302963,403.671875,299.347687
319.073730,131.142303,403.671875,299.347687
317.083191,130.825363,403.671875,299.347687
316.091095,130.665863,403.671875,299.347687
315.141693,130.517807,403.671875,299.347687
314.197571,130.396957,403.671875,299.347687
313.242218,130.319794,403.671875,299.347687
312.276367,130.343704,403.671875,299.347687
311.352081,130.414490,403.671875,299.347687
309.954224,130.383881,403.671875,299.347687
309.427612,130.399658,403.671875,299.347687
308.985291,130.500397,403.671875,299.347687
308.444427,130.651733,403.671875,299.347687
307.811798,130.872391,403.671875,299.347687
307.100281,131.163651,403.671875,299.347687
306.352692,131.450272,403.671875,299.347687
305.164093,131.646576,403.671875,299.347687
304.618073,131.687195,403.671875,299.347687
303.991302,131.780914,403.671875,299.347687
303.212128,131.878250,403.671875,299.347687
302.314514,131.986206,403.671875,299.347687
301.318970,132.058060,403.671875,299.347687
300.385956,131.981049,403.671875,299.347687
298.429810,131.683411,403.671875,299.347687
297.466644,131.569611,403.671875,299.347687
296.484741,131.461411,403.671875,299.347687
295.628143,131.379272,403.671875,299.347687
295.018829,131.370651,403.671875,299.347687
294.478333,131.395782,403.671875,299.347687
293.879700,131.420242,403.671875,299.347687
293.196106,131.438354,403.671875,299.347687
291.869690,131.664383,403.671875,299.347687
291.125793,131.844727,403.671875,299.347687
290.303955,132.036087,403.671875,299.347687
289.355988,132.184402,403.671875,299.347687
288.448578,132.268814,403.671875,299.347687
287.671082,132.227173,403.671875,299.347687
286.946320,132.171936,403.671875,299.347687
285.292847,131.993713,403.671875,299.347687
284.608490,131.910141,403.671875,299.347687
283.944794,131.870514,403.671875,299.347687
283.299438,131.846786,403.671875,299.347687
282.548004,131.806854,403.671875,299.347687
281.739502,131.798141,403.671875,299.347687
280.882080,131.864182,403.671875,299.347687
279.116058,132.183426,403.671875,299.347687
278.123474,132.320221,403.671875,299.347687
277.130249,132.469940,403.671875,299.347687
276.158752,132.647171,403.671875,299.347687
275.222107,132.792938,403.671875,299.347687
274.313751,132.935776,403.671875,299.347687
273.386200,133.050903,403.671875,299.347687
271.805420,132.879959,403.671875,299.347687
270.971588,132.676041,403.671875,299.347687
270.110901,132.442154,403.671875,299.347687
269.242371,132.204987,403.671875,299.347687
268.331970,131.971802,403.671875,299.347687
267.449310,131.750488,403.671875,299.347687
265.877350,131.393692,403.671875,299.347687
265.125336,131.238586,403.671875,299.347687
264.365479,131.136093,403.671875,299.347687
263.596710,131.135422,403.671875,299.347687
262.795868,131.198257,403.671875,299.347687
261.926605,131.296844,403.671875,299.347687
261.171295,131.321136,403.671875,299.347687
259.596466,131.367691,403.671875,299.347687
258.721191,131.389252,403.671875,299.347687
257.854370,131.372391,403.671875,299.347687
257.102173,131.299988,403.671875,299.347687
256.423737,131.154800,403.671875,299.347687
255.712723,131.063278,403.671875,299.347687
255.041824,131.029922,403.671875,299.347687
253.679276,130.910812,403.671875,299.347687
252.937454,130.778885,403.671875,299.347687
252.122803,130.564545,403.671875,299.347687
251.276367,130.323486,403.671875,299.347687
250.452881,130.156937,403.671875,299.347687
249.821136,130.105240,403.671875,299.347687
249.167236,130.042480,403.671875,299.347687
247.814651,129.835983,403.671875,299.347687
247.134125,129.667084,403.671875,299.347687
246.454529,129.515991,403.671875,299.347687
245.802322,129.358704,403.671875,299.347687
245.100418,129.196121,403.671875,299.347687
244.299637,128.983032,403.671875,299.347687
243.462494,128.720795,403.671875,299.347687
241.628830,127.991241,403.671875,299.347687
240.650436,127.557327,403.671875,299.347687
239.645111,127.124672,403.671875,299.347687
238.649033,126.667915,403.671875,299.347687
237.780823,126.274826,403.671875,299.347687
237.138290,126.044632,403.671875,299.347687
236.564774,125.853836,403.671875,299.347687
235.289307,125.171959,403.671875,299.347687
234.621201,124.843498,403.671875,299.347687
233.930481,124.556404,403.671875,299.347687
233.252731,124.411423,403.671875,299.347687
232.559479,124.242058,403.671875,299.347687
231.833923,124.021446,403.671875,299.347687
230.065903,123.355202,403.671875,299.347687
229.169067,122.863159,403.671875,299.347687
228.198227,122.291847,403.671875,299.347687
227.199814,121.733650,403.671875,299.347687
226.304703,121.190865,403.671875,299.347687
225.436981,120.715866,403.671875,299.347687
224.822754,120.447823,403.671875,299.347687
223.474884,119.833961,403.671875,299.347687
222.745392,119.423363,403.671875,299.347687
222.021103,118.998825,403.671875,299.347687
221.343414,118.647606,403.671875,299.347687
220.664444,118.347885,403.671875,299.347687
219.921600,118.029991,403.671875,299.347687
219.172211,117.719246,403.671875,299.347687
217.616867,117.077133,403.671875,299.347687
216.813553,116.661125,403.671875,299.347687
216.053665,116.182869,403.671875,299.347687
215.215103,115.653511,403.671875,299.347687
214.373169,115.071007,403.671875,299.347687
213.536346,114.441521,403.671875,299.347687
212.690201,113.793678,403.671875,299.347687
211.105179,112.507874,403.671875,299.347687
210.465363,112.097145,403.671875,299.347687
209.880676,111.914421,403.671875,299.347687
209.219482,111.701576,403.671875,299.347687
208.457062,111.432327,403.671875,299.347687
207.661850,111.124718,403.671875,299.347687
206.801086,110.814690,403.671875,299.347687
205.137314,110.303108,403.671875,299.347687
204.312164,110.061401,403.671875,299.347687
203.508224,109.780396,403.671875,299.347687
202.747482,109.458817,403.671875,299.347687
202.045319,109.107048,403.671875,299.347687
201.412781,108.776833,403.671875,299.347687
200.790710,108.464111,403.671875,299.347687
199.554886,107.718056,403.671875,299.347687
198.900986,107.305367,403.671875,299.347687
198.253418,106.925186,403.671875,299.347687
197.604736,106.569405,403.671875,299.347687
196.989624,106.152527,403.671875,299.347687
196.387970,105.677910,403.671875,299.347687
195.172440,104.777191,403.671875,299.347687
194.620178,104.395889,403.671875,299.347687
194.025375,103.967148,403.671875,299.347687
193.437637,103.558685,403.671875,299.347687
192.839767,103.131454,403.671875,299.347687
192.247650,102.710083,403.671875,299.347687
191.674179,102.261894,403.671875,299.347687
190.431702,101.244453,403.671875,299.347687
189.820831,100.715614,403.671875,299.347687
189.226471,100.228004,403.671875,299.347687
188.673752,99.756973,403.671875,299.347687
188.184998,99.215515,403.671875,299.347687
187.672562,98.669037,403.671875,299.347687
187.169769,98.126534,403.671875,299.347687
186.229233,96.946236,403.671875,299.347687
185.714996,96.400963,403.671875,299.347687
185.179642,95.900047,403.671875,299.347687
184.612839,95.369759,403.671875,299.347687
184.047348,94.833519,403.671875,299.347687
183.498398,94.280403,403.671875,299.347687
182.919266,93.724464,403.671875,299.347687
181.730972,92.633675,403.671875,299.347687
181.192902,92.106155,403.671875,299.347687
180.708588,91.569122,403.671875,299.347687
180.229614,90.983498,403.671875,299.347687
179.771500,90.363159,403.671875,299.347687
179.321259,89.710876,403.671875,299.347687
178.409927,88.328606,403.671875,299.347687
177.888031,87.631104,403.671875,299.347687
177.370499,86.953255,403.671875,299.347687
176.885834,86.259659,403.671875,299.347687
176.412048,85.559082,403.671875,299.347687
175.958664,84.840645,403.671875,299.347687
175.562912,84.236946,403.671875,299.347687
174.880997,82.965576,403.671875,299.347687
174.554688,82.228851,403.671875,299.347687
174.243011,81.386307,403.671875,299.347687
173.873032,80.480545,403.671875,299.347687
173.480331,79.658669,403.671875,299.347687
173.026855,78.808136,403.671875,299.347687
172.570206,78.076416,403.671875,299.347687
171.849228,76.831673,403.671875,299.347687
171.499359,76.102676,403.671875,299.347687
171.141647,75.286201,403.671875,299.347687
170.797318,74.375755,403.671875,299.347687
170.520630,73.588875,403.671875,299.347687
170.289337,72.770370,403.671875,299.347687
170.081009,71.972038,403.671875,299.347687
169.821182,70.296593,403.671875,299.347687
169.695389,69.399658,403.671875,299.347687
169.526520,68.434143,403.671875,299.347687
169.255157,67.487663,403.671875,299.347687
168.844971,66.651039,403.671875,299.347687
168.490814,65.872528,403.671875,299.347687
168.123718,65.045738,403.671875,299.347687
167.504883,63.452206,403.671875,299.347687
167.261307,62.675629,403.671875,299.347687
167.036911,61.897980,403.671875,299.347687
166.815781,61.134789,403.671875,299.347687
166.544098,60.440117,403.671875,299.347687
166.250443,59.703602,403.671875,299.347687
165.612885,58.065105,403.671875,299.347687
165.298767,57.265560,403.671875,299.347687
164.969650,56.480053,403.671875,299.347687
164.658295,55.635586,403.671875,299.347687
164.378006,54.871983,403.671875,299.347687
164.159592,54.155586,403.671875,299.347687
163.969284,53.447498,403.671875,299.347687
163.653183,51.810104,403.671875,299.347687
163.509277,51.011608,403.671875,299.347687
163.314209,50.281082,403.671875,299.347687
163.099152,49.558376,403.671875,299.347687
162.861145,48.771656,403.671875,299.347687
162.630676,47.960487,403.671875,299.347687
162.365143,47.107220,403.671875,299.347687
162.036652,46.240261,403.671875,299.347687
161.351044,44.646461,403.671875,299.347687
161.130432,43.922104,403.671875,299.347687
160.914474,43.199532,403.671875,299.347687
160.708817,42.470921,403.671875,299.347687
160.535141,41.721287,403.671875,299.347687
160.413635,40.972916,403.671875,299.347687
160.351654,40.199135,403.671875,299.347687
160.147858,38.525059,403.671875,299.347687
160.019257,37.847733,403.671875,299.347687
159.947800,37.317177,403.671875,299.347687
159.930161,36.854416,403.671875,299.347687
159.854767,36.366150,403.671875,299.347687
159.842392,35.951309,403.671875,299.347687
159.897659,35.349724,403.671875,299.347687
159.945068,34.813461,403.671875,299.347687
160.067230,33.895672,403.671875,299.347687
160.085541,33.495842,403.671875,299.347687
160.067642,33.103626,403.671875,299.347687
160.005142,32.711464,403.671875,299.347687
159.887970,32.325142,403.671875,299.347687
159.703476,31.898615,403.671875,299.347687
159.554474,31.427721,403.671875,299.347687
159.397141,30.889725,403.671875,299.347687
159.286102,30.390762,403.671875,299.347687
159.464844,29.484737,403.671875,299.347687
159.511459,29.140625,403.671875,299.347687
159.666077,28.889545,403.671875,299.347687
159.856293,28.633448,403.671875,299.347687
160.009842,28.419218,403.671875,299.347687
160.112732,28.240280,403.671875,299.347687
160.092056,28.102131,403.671875,299.347687
160.021530,27.970005,403.671875,299.347687
159.925522,27.585062,403.671875,299.347687
159.950989,27.290594,403.671875,299.347687
160.092148,26.996733,403.671875,299.347687
160.332443,26.615900,403.671875,299.347687
160.584167,26.291826,403.671875,299.347687
160.890137,26.008116,403.671875,299.347687
161.238693,25.829838,403.671875,299.347687
161.585815,25.727549,403.671875,299.347687
161.955215,25.693634,403.671875,299.347687
162.607483,25.584389,403.671875,299.347687
162.862671,25.485596,403.671875,299.347687
163.002060,25.286516,403.671875,299.347687
163.021347,24.943262,403.671875,299.347687
163.023468,24.643982,403.671875,299.347687
162.967621,24.477327,403.671875,299.347687
162.869949,24.325668,403.671875,299.347687
162.829468,24.099552,403.671875,299.347687
162.832809,23.871328,403.671875,299.347687
162.818451,23.704737,403.671875,299.347687
162.799088,23.322395,403.671875,299.347687
162.794250,23.082817,403.671875,299.347687
162.803818,22.900736,403.671875,299.347687
162.820129,22.740717,403.671875,299.347687
162.865417,22.596794,403.671875,299.347687
162.943146,22.435404,403.671875,299.347687
163.059677,22.263783,403.671875,299.347687
163.253586,22.113209,403.671875,299.347687
163.475433,21.973974,403.671875,299.347687
163.435959,22.392790,403.671875,299.347687
163.712280,22.389498,403.671875,299.347687
163.853226,22.256090,403.671875,299.347687
163.845963,22.093575,403.671875,299.347687
163.753036,21.944260,403.671875,299.347687
163.646912,21.798740,403.671875,299.347687
163.556213,21.664415,403.671875,299.347687
163.520432,21.541374,403.671875,299.347687
163.545212,21.411720,403.671875,299.347687
163.533829,21.270874,403.671875,299.347687
163.441437,21.067595,403.671875,299.347687
163.433517,20.986534,403.671875,299.347687
163.442276,20.882740,403.671875,299.347687
163.451889,20.779558,403.671875,299.347687
163.471207,20.694105,403.671875,299.347687
163.510391,20.609032,403.671875,299.347687
163.560852,20.514830,403.671875,299.347687
163.604340,20.429731,403.671875,299.347687
163.624863,20.352770,403.671875,299.347687
163.636124,20.269932,403.671875,299.347687
163.636887,20.089548,403.671875,299.347687
163.653259,19.981506,403.671875,299.347687
163.677261,19.866665,403.671875,299.347687
163.701645,19.763073,403.671875,299.347687
163.719711,19.687441,403.671875,299.347687
163.744766,19.631815,403.671875,299.347687
163.766724,19.587032,403.671875,299.347687
163.788788,19.543493,403.671875,299.347687
163.820023,19.483656,403.671875,299.347687
163.852463,19.411280,403.671875,299.347687
163.920670,19.248240,403.671875,299.347687
163.942566,19.170450,403.671875,299.347687
163.946472,19.089708,403.671875,299.347687
163.931473,18.996176,403.671875,299.347687
163.918503,18.899364,403.671875,299.347687
163.933426,18.842569,403.671875,299.347687
163.975113,18.812178,403.671875,299.347687
164.000885,18.752539,403.671875,299.347687
164.029556,18.681986,403.671875,299.347687
164.075455,18.607948,403.671875,299.347687
164.147720,18.486383,403.671875,299.347687
164.173126,18.447094,403.671875,299.347687
164.194702,18.410000,403.671875,299.347687
164.218521,18.363281,403.671875,299.347687
164.246628,18.320448,403.671875,299.347687
164.266174,18.282808,403.671875,299.347687
164.275604,18.235567,403.671875,299.347687
164.289124,18.180351,403.671875,299.347687
164.303391,18.123135,403.671875,299.347687
164.322144,18.055372,403.671875,299.347687
164.364380,17.920395,403.671875,299.347687
164.387909,17.859436,403.671875,299.347687
164.411819,17.802153,403.671875,299.347687
164.434402,17.746256,403.671875,299.347687
164.460770,17.683002,403.671875,299.347687
164.483643,17.612015,403.671875,299.347687
164.502472,17.534622,403.671875,299.347687
164.522949,17.447012,403.671875,299.347687
164.537766,17.375721,403.671875,299.347687
164.556671,17.299543,403.671875,299.347687
164.577133,17.221300,403.671875,299.347687
164.618149,17.055470,403.671875,299.347687
164.638199,16.972336,403.671875,299.347687
164.658325,16.886097,403.671875,299.347687
164.686020,16.782770,403.671875,299.347687
164.712341,16.681553,403.671875,299.347687
164.729202,16.600843,403.671875,299.347687
164.748962,16.512360,403.671875,299.347687
164.778366,16.404158,403.671875,299.347687
164.800369,16.302450,403.671875,299.347687
164.815506,16.205891,403.671875,299.347687
164.836777,16.082525,403.671875,299.347687
164.861221,15.862113,403.671875,299.347687
164.880371,15.755351,403.671875,299.347687
164.900024,15.640481,403.671875,299.347687
164.913208,15.516279,403.671875,299.347687
164.936844,15.389297,403.671875,299.347687
164.969772,15.262189,403.671875,299.347687
164.988007,15.146415,403.671875,299.347687
165.005432,15.035748,403.671875,299.347687
165.033539,14.920507,403.671875,299.347687
165.059341,14.804914,403.671875,299.347687
165.081039,14.671019,403.671875,299.347687
165.109512,14.407031,403.671875,299.347687
165.127365,14.295381,403.671875,299.347687
165.145584,14.178722,403.671875,299.347687
165.162216,14.055329,403.671875,299.347687
165.171188,13.935009,403.671875,299.347687
165.191345,13.810115,403.671875,299.347687
165.211548,13.690822,403.671875,299.347687
165.222122,13.582836,403.671875,299.347687
165.233414,13.451729,403.671875,299.347687
165.252182,13.329398,403.671875,299.347687
165.277298,13.219670,403.671875,299.347687
165.312927,12.963862,403.671875,299.347687
165.323578,12.843338,403.671875,299.347687
165.320007,12.749488,403.671875,299.347687
165.301788,12.649971,403.671875,299.347687
165.271378,12.536531,403.671875,299.347687
165.246201,12.432038,403.671875,299.347687
165.228638,12.338759,403.671875,299.347687
165.207352,12.242721,403.671875,299.347687
165.184372,12.146873,403.671875,299.347687
165.175644,12.067178,403.671875,299.347687
165.174698,11.987968,403.671875,299.347687
165.194107,11.801138,403.671875,299.347687
165.219696,11.722953,403.671875,299.347687
165.242538,11.685618,403.671875,299.347687
165.255615,11.676130,403.671875,299.347687
165.265152,11.677616,403.671875,299.347687
165.260376,11.666885,403.671875,299.347687
165.236572,11.622027,403.671875,299.347687
165.224182,11.560262,403.671875,299.347687
165.220245,11.496294,403.671875,299.347687
165.223694,11.372099,403.671875,299.347687
165.226959,11.307334,403.671875,299.347687
165.236954,11.250591,403.671875,299.347687
165.258194,11.207019,403.671875,299.347687
165.279068,11.179769,403.671875,299.347687
165.299744,11.163821,403.671875,299.347687
165.309372,11.097816,403.671875,299.347687
165.311157,11.063262,403.671875,299.347687
165.324402,11.038136,403.671875,299.347687
165.341125,11.022026,403.671875,299.347687
165.374222,11.007340,403.671875,299.347687
165.393372,11.004123,403.671875,299.347687
165.395035,11.020542,403.671875,299.347687
165.395752,11.027682,403.671875,299.347687
165.397354,11.025651,403.671875,299.347687
165.404953,11.014917,403.671875,299.347687
165.405243,11.014264,403.671875,299.347687
165.405243,11.014264,403.671875,299.347687
165.408691,11.012676,403.671875,299.347687
165.409470,11.020531,403.671875,299.347687
165.420258,11.023885,403.671875,299.347687
165.426865,11.021360,403.671875,299.347687
165.434753,11.009972,403.671875,299.347687
165.441589,10.994946,403.671875,299.347687
165.449142,10.979856,403.671875,299.347687
165.459915,10.960709,403.671875,299.347687
165.459991,10.961423,403.671875,299.347687
165.460068,10.962137,403.671875,299.347687
165.457138,10.958052,403.671875,299.347687
165.439453,10.917326,403.671875,299.347687
165.434143,10.877884,403.671875,299.347687
165.433197,10.834894,403.671875,299.347687
165.442581,10.805265,403.671875,299.347687
165.441986,10.806572,403.671875,299.347687
165.444794,10.816913,403.671875,299.347687
165.448013,10.820346,403.671875,299.347687
165.449020,10.819623,403.671875,299.347687
165.450333,10.818247,403.671875,299.347687
165.451340,10.817524,403.671875,299.347687
165.450134,10.812646,403.671875,299.347687
165.440109,10.798644,403.671875,299.347687
165.427567,10.781146,403.671875,299.347687
165.413345,10.761318,403.671875,299.347687
165.407379,10.751916,403.671875,299.347687
165.407379,10.751916,403.671875,299.347687
165.407379,10.751916,403.671875,299.347687
165.407379,10.751916,403.671875,299.347687
165.407379,10.751916,403.671875,299.347687
165.407455,10.752630,403.671875,299.347687
165.408051,10.751324,403.671875,299.347687
165.408340,10.750670,403.671875,299.347687
165.409225,10.748711,403.671875,299.347687
165.410828,10.746681,403.671875,299.347687
165.412598,10.742762,403.671875,299.347687
165.413361,10.739565,403.671875,299.347687
165.414246,10.737605,403.671875,299.347687
165.415436,10.734992,403.671875,299.347687
165.416504,10.731142,403.671875,299.347687
165.417511,10.722928,403.671875,299.347687
165.418869,10.718425,403.671875,299.347687
165.419937,10.714575,403.671875,299.347687
165.420883,10.709488,403.671875,299.347687
165.421951,10.705638,403.671875,299.347687
165.424332,10.700412,403.671875,299.347687
165.428909,10.691850,403.671875,299.347687
165.430817,10.689167,403.671875,299.347687
165.434021,10.685109,403.671875,299.347687
165.437943,10.680982,403.671875,299.347687
165.442047,10.674964,403.671875,299.347687
165.448410,10.662484,403.671875,299.347687
165.448700,10.654340,403.671875,299.347687
165.448151,10.645027,403.671875,299.347687
165.447723,10.636951,403.671875,299.347687
165.449387,10.631796,403.671875,299.347687
165.451584,10.628462,403.671875,299.347687
165.457123,10.622309,403.671875,299.347687
165.460037,10.618906,403.671875,299.347687
165.463257,10.614850,403.671875,299.347687
165.465515,10.608389,403.671875,299.347687
165.469742,10.596119,403.671875,299.347687
165.472000,10.589657,403.671875,299.347687
165.473541,10.583263,403.671875,299.347687
165.475922,10.578037,403.671875,299.347687
165.477585,10.572881,403.671875,299.347687
165.482681,10.558645,403.671875,299.347687
165.485519,10.550872,403.671875,299.347687
165.488770,10.543681,403.671875,299.347687
165.492615,10.535182,403.671875,299.347687
165.496033,10.526099,403.671875,299.347687
165.504135,10.509682,403.671875,299.347687
165.507797,10.503072,403.671875,299.347687
165.511047,10.495879,403.671875,299.347687
165.513580,10.488757,403.671875,299.347687
165.516663,10.483455,403.671875,299.347687
165.522629,10.467250,403.671875,299.347687
165.525467,10.459475,403.671875,299.347687
165.529434,10.452211,403.671875,299.347687
165.531555,10.444508,403.671875,299.347687
165.537186,10.432087,403.671875,299.347687
165.539261,10.427511,403.671875,299.347687
165.541626,10.422283,403.671875,299.347687
165.543991,10.417055,403.671875,299.347687
165.547852,10.408562,403.671875,299.347687
165.549637,10.404642,403.671875,299.347687
165.551712,10.400070,403.671875,299.347687
165.555573,10.391581,403.671875,299.347687
165.557053,10.388316,403.671875,299.347687
165.558548,10.385052,403.671875,299.347687
165.559738,10.382441,403.671875,299.347687
165.550705,10.378309,403.671875,299.347687
165.524033,10.378342,403.671875,299.347687
165.482361,10.379770,403.671875,299.347687
165.435394,10.382300,403.671875,299.347687
165.378601,10.383887,403.671875,299.347687
165.378189,10.383303,403.671875,299.347687
165.377350,10.382133,403.671875,299.347687
165.376877,10.377133,403.671875,299.347687
165.366287,10.368147,403.671875,299.347687
165.351578,10.368917,403.671875,299.347687
165.314011,10.371822,403.671875,299.347687
165.241730,10.377251,403.671875,299.347687
165.111328,10.385389,403.671875,299.347687
165.106506,10.383962,403.671875,299.347687
165.094315,10.380718,403.671875,299.347687
165.060760,10.376296,403.671875,299.347687
165.043167,10.372890,403.671875,299.347687
165.018723,10.369445,403.671875,299.347687
164.990295,10.365689,403.671875,299.347687
164.915192,10.358941,403.671875,299.347687
164.873825,10.350457,403.671875,299.347687
164.828186,10.342211,403.671875,299.347687
164.786957,10.334766,403.671875,299.347687
164.725586,10.270450,403.671875,299.347687
164.681519,10.272804,403.671875,299.347687
164.622406,10.275950,403.671875,299.347687
164.547073,10.290419,403.671875,299.347687
164.370041,10.332822,403.671875,299.347687
164.277405,10.341382,403.671875,299.347687
164.273361,10.238851,403.671875,299.347687
164.178909,10.237689,403.671875,299.347687
163.949829,10.202272,403.671875,299.347687
163.845947,10.190935,403.671875,299.347687
163.733902,10.182212,403.671875,299.347687
163.597885,10.172257,403.671875,299.347687
163.242493,10.142184,403.671875,299.347687
162.984451,10.124002,403.671875,299.347687
162.746353,10.100332,403.671875,299.347687
162.558716,10.072066,403.671875,299.347687
162.447800,10.049296,403.671875,299.347687
162.100250,10.037821,403.671875,299.347687
161.884888,10.013488,403.671875,299.347687
161.715118,9.972986,403.671875,299.347687
161.308594,9.893006,403.671875,299.347687
161.079498,9.846256,403.671875,299.347687
160.797333,9.787251,403.671875,299.347687
160.508362,9.730667,403.671875,299.347687
159.776978,9.598610,403.671875,299.347687
159.493042,9.529359,403.671875,299.347687
159.318619,9.467268,403.671875,299.347687
159.073395,9.392604,403.671875,299.347687
158.765839,9.291005,403.671875,299.347687
158.406525,9.209240,403.671875,299.347687
157.786194,9.087653,403.671875,299.347687
157.426926,9.007318,403.671875,299.347687
157.085312,8.912951,403.671875,299.347687
156.853943,8.848473,403.671875,299.347687
156.621017,8.817061,403.671875,299.347687
156.027924,8.779722,403.671875,299.347687
155.731766,8.721598,403.671875,299.347687
155.510132,8.647917,403.671875,299.347687
155.229507,8.567267,403.671875,299.347687
154.928986,8.491220,403.671875,299.347687
154.570328,8.383532,403.671875,299.347687
153.888489,8.167076,403.671875,299.347687
153.573120,8.071988,403.671875,299.347687
153.251236,7.962282,403.671875,299.347687
152.999817,7.861574,403.671875,299.347687
152.766190,7.763465,403.671875,299.347687
152.230225,7.579716,403.671875,299.347687
151.968903,7.491204,403.671875,299.347687
151.707672,7.400239,403.671875,299.347687
151.462250,7.320390,403.671875,299.347687
151.181534,7.237411,403.671875,299.347687
150.919556,7.162188,403.671875,299.347687
150.391617,6.970177,403.671875,299.347687
150.143250,6.892866,403.671875,299.347687
149.869644,6.810124,403.671875,299.347687
149.589645,6.710774,403.671875,299.347687
149.302322,6.601812,403.671875,299.347687
149.035431,6.505594,403.671875,299.347687
148.766876,6.398851,403.671875,299.347687
148.257858,6.196136,403.671875,299.347687
148.003922,6.086967,403.671875,299.347687
147.735916,5.954585,403.671875,299.347687
147.499390,5.846164,403.671875,299.347687
147.226471,5.720933,403.671875,299.347687
146.968124,5.604433,403.671875,299.347687
146.704239,5.474652,403.671875,299.347687
146.471375,5.353287,403.671875,299.347687
146.017151,5.092833,403.671875,299.347687
145.776337,4.946712,403.671875,299.347687
145.524612,4.770321,403.671875,299.347687
145.293961,4.588795,403.671875,299.347687
145.043060,4.409568,403.671875,299.347687
144.795227,4.277428,403.671875,299.347687
144.269012,3.943596,403.671875,299.347687
143.977325,3.740111,403.671875,299.347687
143.681976,3.530578,403.671875,299.347687
143.360703,3.295071,403.671875,299.347687
143.046066,3.053834,403.671875,299.347687
142.833664,2.885717,403.671875,299.347687
142.691391,2.773513,403.671875,299.347687
142.249786,2.390785,403.671875,299.347687
142.034729,2.109550,403.671875,299.347687
141.889313,1.833049,403.671875,299.347687
141.728424,1.521321,403.671875,299.347687
141.580048,1.219373,403.671875,299.347687
141.391449,1.001550,403.671875,299.347687
140.930222,0.729457,403.671875,299.347687
140.668411,0.553077,403.671875,299.347687
140.377747,0.351045,403.671875,299.347687
140.086990,0.148359,403.671875,299.347687
139.846313,-0.032084,403.671875,299.347687
139.679077,-0.192857,403.671875,299.347687
139.382233,-0.567749,403.671875,299.347687
139.247314,-0.768657,403.671875,299.347687
139.118210,-0.986745,403.671875,299.347687
138.972656,-1.195847,403.671875,299.347687
138.767609,-1.373501,403.671875,299.347687
138.541138,-1.531571,403.671875,299.347687
138.297028,-1.724319,403.671875,299.347687
137.860184,-2.091625,403.671875,299.347687
137.676804,-2.260909,403.671875,299.347687
137.519150,-2.436537,403.671875,299.347687
137.371704,-2.641248,403.671875,299.347687
137.256058,-2.830154,403.671875,299.347687
137.107513,-3.030894,403.671875,299.347687
136.719116,-3.385035,403.671875,299.347687
136.537521,-3.598938,403.671875,299.347687
136.356827,-3.851423,403.671875,299.347687
136.186356,-4.087996,403.671875,299.347687
136.031250,-4.288080,403.671875,299.347687
135.875259,-4.496354,403.671875,299.347687
135.631439,-4.995715,403.671875,299.347687
135.509430,-5.291005,403.671875,299.347687
135.331223,-5.572923,403.671875,299.347687
135.145660,-5.797795,403.671875,299.347687
134.953308,-6.038711,403.671875,299.347687
134.808029,-6.268799,403.671875,299.347687
134.585281,-6.717128,403.671875,299.347687
134.475906,-6.950477,403.671875,299.347687
134.356491,-7.202007,403.671875,299.347687
134.254883,-7.467222,403.671875,299.347687
134.139145,-7.754897,403.671875,299.347687
134.004150,-8.022226,403.671875,299.347687
133.839813,-8.286656,403.671875,299.347687
133.491241,-8.886153,403.671875,299.347687
133.349991,-9.165631,403.671875,299.347687
133.237518,-9.429578,403.671875,299.347687
133.143433,-9.686653,403.671875,299.347687
133.053635,-9.946017,403.671875,299.347687
132.964401,-10.206342,403.671875,299.347687
132.731552,-10.773224,403.671875,299.347687
132.632568,-11.053785,403.671875,299.347687
132.524734,-11.361581,403.671875,299.347687
132.424759,-11.629099,403.671875,299.347687
132.306061,-11.936765,403.671875,299.347687
132.187897,-12.216352,403.671875,299.347687
131.964203,-12.831938,403.671875,299.347687
131.888214,-13.178254,403.671875,299.347687
131.876663,-13.586572,403.671875,299.347687
131.922562,-14.037382,403.671875,299.347687
131.882248,-14.366586,403.671875,299.347687
131.865860,-14.615335,403.671875,299.347687
131.894653,-15.270610,403.671875,299.347687
131.941528,-15.664749,403.671875,299.347687
132.009628,-16.067076,403.671875,299.347687
132.011612,-16.483892,403.671875,299.347687
131.917908,-16.867451,403.671875,299.347687
131.852875,-17.207788,403.671875,299.347687
131.846313,-17.506582,403.671875,299.347687
131.931152,-18.225660,403.671875,299.347687
132.015244,-18.685823,403.671875,299.347687
132.145081,-19.197628,403.671875,299.347687
132.336090,-19.751465,403.671875,299.347687
132.571289,-20.311474,403.671875,299.347687
132.750061,-20.734564,403.671875,299.347687
132.745743,-21.002275,403.671875,299.347687
132.712585,-21.608906,403.671875,299.347687
132.757172,-21.983753,403.671875,299.347687
132.805145,-22.399176,403.671875,299.347687
132.805252,-22.793028,403.671875,299.347687
132.756912,-23.165720,403.671875,299.347687
132.753128,-23.842346,403.671875,299.347687
133.060425,-23.773088,403.671875,299.347687
133.182877,-24.074251,403.671875,299.347687
133.338577,-24.375799,403.671875,299.347687
133.706924,-25.044836,403.671875,299.347687
133.752701,-25.347494,403.671875,299.347687
133.798920,-25.655615,403.671875,299.347687
133.824280,-25.851751,403.671875,299.347687
133.815872,-25.894432,403.671875,299.347687
133.831421,-25.977598,403.671875,299.347687
133.885254,-26.325405,403.671875,299.347687
133.913681,-26.457249,403.671875,299.347687
133.959824,-26.549311,403.671875,299.347687
134.072708,-26.635969,403.671875,299.347687
134.248184,-26.756422,403.671875,299.347687
134.487061,-26.909380,403.671875,299.347687
134.779083,-27.059837,403.671875,299.347687
135.091965,-27.148823,403.671875,299.347687
135.478989,-27.219769,403.671875,299.347687
135.937546,-27.302162,403.671875,299.347687
136.405975,-27.383505,403.671875,299.347687
136.895493,-27.458403,403.671875,299.347687
137.315948,-27.513712,403.671875,299.347687
137.650421,-27.556980,403.671875,299.347687
137.998444,-27.598904,403.671875,299.347687
138.475906,-27.658115,403.671875,299.347687
138.590530,-27.672489,403.671875,299.347687
138.636383,-27.678776,403.671875,299.347687
138.635727,-27.679056,403.671875,299.347687
138.611023,-27.659168,403.671875,299.347687
138.582382,-27.630041,403.671875,299.347687
138.569473,-27.579002,403.671875,299.347687
138.619934,-27.519558,403.671875,299.347687
138.736084,-27.465490,403.671875,299.347687
138.878067,-27.399101,403.671875,299.347687
139.204956,-27.200048,403.671875,299.347687
139.405396,-27.139708,403.671875,299.347687
139.632126,-27.103634,403.671875,299.347687
139.936447,-27.019382,403.671875,299.347687
140.232834,-26.962595,403.671875,299.347687
140.571136,-26.917078,403.671875,299.347687
140.924255,-26.848547,403.671875,299.347687
141.301773,-26.762011,403.671875,299.347687
141.733597,-26.610956,403.671875,299.347687
142.120758,-26.382565,403.671875,299.347687
142.286087,-26.089298,403.671875,299.347687
142.372803,-25.808809,403.671875,299.347687
142.496399,-25.497551,403.671875,299.347687
142.560471,-25.099285,403.671875,299.347687
142.676910,-24.585613,403.671875,299.347687
142.881851,-24.036652,403.671875,299.347687
143.207977,-23.637037,403.671875,299.347687
143.570511,-23.157906,403.671875,299.347687
144.302460,-22.466953,403.671875,299.347687
144.581238,-22.305506,403.671875,299.347687
144.861954,-22.118576,403.671875,299.347687
145.163116,-21.933220,403.671875,299.347687
145.461487,-21.772976,403.671875,299.347687
145.763855,-21.573210,403.671875,299.347687
146.129410,-21.353167,403.671875,299.347687
146.570099,-21.102152,403.671875,299.347687
146.943985,-20.865181,403.671875,299.347687
147.090363,-20.668791,403.671875,299.347687
147.237091,-20.493786,403.671875,299.347687
147.677338,-20.182766,403.671875,299.347687
147.919434,-20.031475,403.671875,299.347687
148.231613,-19.823622,403.671875,299.347687
148.566040,-19.584423,403.671875,299.347687
148.893494,-19.338060,403.671875,299.347687
149.270035,-19.097593,403.671875,299.347687
149.595657,-19.008305,403.671875,299.347687
149.990173,-18.979107,403.671875,299.347687
150.492264,-18.881592,403.671875,299.347687
151.056335,-18.782818,403.671875,299.347687
151.412292,-18.679495,403.671875,299.347687
152.084579,-18.213430,403.671875,299.347687
152.495529,-17.871061,403.671875,299.347687
152.957870,-17.538618,403.671875,299.347687
153.372559,-17.185053,403.671875,299.347687
153.755524,-16.820557,403.671875,299.347687
154.169815,-16.468149,403.671875,299.347687
154.576859,-16.154505,403.671875,299.347687
154.910324,-15.899590,403.671875,299.347687
155.252487,-15.772843,403.671875,299.347687
155.754990,-15.706399,403.671875,299.347687
156.337555,-15.639576,403.671875,299.347687
156.974594,-15.566099,403.671875,299.347687
157.608505,-15.450613,403.671875,299.347687
158.259628,-15.366437,403.671875,299.347687
158.883240,-15.379858,403.671875,299.347687
159.414246,-15.393826,403.671875,299.347687
159.840897,-15.423219,403.671875,299.347687
160.202240,-15.433443,403.671875,299.347687
160.495361,-15.378531,403.671875,299.347687
160.792160,-15.357452,403.671875,299.347687
161.073029,-15.387384,403.671875,299.347687
161.387390,-15.456354,403.671875,299.347687
161.792435,-15.532782,403.671875,299.347687
162.168060,-15.532351,403.671875,299.347687
162.522995,-15.487238,403.671875,299.347687
162.859299,-15.414531,403.671875,299.347687
163.117172,-15.382885,403.671875,299.347687
163.447906,-15.368210,403.671875,299.347687
163.814728,-15.340041,403.671875,299.347687
164.231949,-15.330350,403.671875,299.347687
164.668076,-15.311112,403.671875,299.347687
165.064850,-15.287615,403.671875,299.347687
165.395706,-15.290311,403.671875,299.347687
165.732712,-15.328289,403.671875,299.347687
166.075211,-15.376090,403.671875,299.347687
166.399719,-15.424898,403.671875,299.347687
166.754654,-15.488262,403.671875,299.347687
167.164566,-15.551780,403.671875,299.347687
167.612137,-15.616135,403.671875,299.347687
168.073303,-15.578575,403.671875,299.347687
168.518555,-15.529423,403.671875,299.347687
168.951889,-15.449024,403.671875,299.347687
169.516754,-15.350630,403.671875,299.347687
170.175232,-15.222728,403.671875,299.347687
170.766541,-15.042617,403.671875,299.347687
171.252075,-14.814495,403.671875,299.347687
171.673798,-14.662052,403.671875,299.347687
172.093781,-14.694210,403.671875,299.347687
172.580460,-14.747683,403.671875,299.347687
173.191727,-14.769224,403.671875,299.347687
173.870911,-14.768008,403.671875,299.347687
174.589386,-14.731908,403.671875,299.347687
175.262009,-14.675569,403.671875,299.347687
175.813690,-14.597609,403.671875,299.347687
176.263474,-14.493490,403.671875,299.347687
176.715927,-14.460370,403.671875,299.347687
177.136734,-14.465124,403.671875,299.347687
177.501450,-14.455720,403.671875,299.347687
177.760269,-14.380834,403.671875,299.347687
178.133209,-14.254953,403.671875,299.347687
178.574890,-14.037718,403.671875,299.347687
179.140976,-13.743453,403.671875,299.347687
179.800430,-13.441500,403.671875,299.347687
180.429733,-13.089466,403.671875,299.347687
180.840820,-12.903446,403.671875,299.347687
181.052292,-12.915458,403.671875,299.347687
181.357193,-12.856274,403.671875,299.347687
181.728012,-12.704927,403.671875,299.347687
182.115707,-12.527674,403.671875,299.347687
182.571472,-12.292982,403.671875,299.347687
183.029785,-12.069859,403.671875,299.347687
183.432419,-11.911971,403.671875,299.347687
183.767090,-11.813571,403.671875,299.347687
184.166779,-11.676342,403.671875,299.347687
184.635086,-11.509774,403.671875,299.347687
185.123810,-11.302414,403.671875,299.347687
185.611282,-11.061018,403.671875,299.347687
186.097519,-10.957382,403.671875,299.347687
186.516739,-10.858517,403.671875,299.347687
187.023300,-10.692593,403.671875,299.347687
187.643784,-10.467923,403.671875,299.347687
188.325714,-10.126054,188.325714,-10.126054
189.053314,-9.715947,188.325714,-10.126054
189.779053,-9.233267,188.325714,-10.126054
190.226654,-8.843713,188.325714,-10.126054
190.534714,-8.667715,188.325714,-10.126054
190.786270,-8.496751,188.325714,-10.126054
190.782867,-8.621728,188.325714,-10.126054
190.714203,-8.677721,188.325714,-10.126054
190.622650,-8.712598,188.325714,-10.126054
190.567123,-8.828542,188.325714,-10.126054
190.394257,-9.046473,188.325714,-10.126054
190.034836,-9.315295,188.325714,-10.126054
189.543274,-9.568487,188.325714,-10.126054
189.094559,-9.718477,188.325714,-10.126054
188.880371,-9.700700,188.325714,-10.126054
188.849411,-9.634368,188.325714,-10.126054
188.867310,-9.608792,188.325714,-10.126054
188.827118,-9.596294,188.325714,-10.126054
188.720139,-9.548724,188.325714,-10.126054
188.529510,-9.499632,188.325714,-10.126054
188.267914,-9.467407,188.325714,-10.126054
187.993958,-9.447663,188.325714,-10.126054
187.779922,-9.439501,188.325714,-10.126054
187.670029,-9.430941,188.325714,-10.126054
187.619858,-9.410302,188.325714,-10.126054
187.553650,-9.414061,188.325714,-10.126054
187.488525,-9.418732,188.325714,-10.126054
187.447357,-9.427477,188.325714,-10.126054
187.386902,-9.449004,188.325714,-10.126054
187.296692,-9.475937,188.325714,-10.126054
187.157104,-9.506544,188.325714,-10.126054
187.003006,-9.532204,188.325714,-10.126054
187.003006,-9.532204,188.325714,-10.126054
186.817474,-9.556106,188.325714,-10.126054
186.521896,-9.571127,188.325714,-10.126054
186.179840,-9.560390,188.325714,-10.126054
185.679413,-9.543519,188.325714,-10.126054
185.488129,-9.523487,188.325714,-10.126054
185.242310,-9.538628,188.325714,-10.126054
184.928909,-9.591511,188.325714,-10.126054
184.607956,-9.689839,188.325714,-10.126054
184.329803,-9.777693,188.325714,-10.126054
184.098694,-9.849855,188.325714,-10.126054
183.854034,-9.922649,188.325714,-10.126054
183.551590,-9.995358,188.325714,-10.126054
183.246078,-10.032450,188.325714,-10.126054
182.844193,-10.098830,188.325714,-10.126054
182.404755,-10.177080,188.325714,-10.126054
181.983002,-10.314536,188.325714,-10.126054
181.577850,-10.432206,188.325714,-10.126054
181.189041,-10.495549,188.325714,-10.126054
180.792435,-10.561828,188.325714,-10.126054
180.004883,-10.798812,188.325714,-10.126054
179.641800,-10.969189,188.325714,-10.126054
179.297272,-11.215982,188.325714,-10.126054
178.862396,-11.504913,188.325714,-10.126054
178.238724,-11.918560,188.325714,-10.126054
177.409882,-12.511185,188.325714,-10.126054
176.434601,-13.239367,188.325714,-10.126054
175.341492,-14.081859,188.325714,-10.126054
173.334747,-15.730149,188.325714,-10.126054
172.813721,-16.124004,188.325714,-10.126054
172.438766,-16.386705,188.325714,-10.126054
172.055618,-16.681707,188.325714,-10.126054
171.658112,-17.039900,188.325714,-10.126054
171.250961,-17.406889,188.325714,-10.126054
170.845367,-17.738903,188.325714,-10.126054
170.412613,-18.078186,188.325714,-10.126054
170.009918,-18.371273,188.325714,-10.126054
169.216751,-18.986124,188.325714,-10.126054
168.747162,-19.399965,188.325714,-10.126054
168.259262,-19.894976,188.325714,-10.126054
167.891022,-20.342485,188.325714,-10.126054
167.561249,-20.728962,188.325714,-10.126054
167.220078,-21.083645,188.325714,-10.126054
166.802551,-21.377213,188.325714,-10.126054
166.350677,-21.590645,188.325714,-10.126054
165.711838,-22.156565,188.325714,-10.126054
165.377640,-22.591902,188.325714,-10.126054
165.077606,-23.102634,188.325714,-10.126054
164.771622,-23.606218,188.325714,-10.126054
164.448059,-24.080414,188.325714,-10.126054
164.164169,-24.527859,188.325714,-10.126054
163.389862,-25.188288,188.325714,-10.126054
162.804428,-25.408834,188.325714,-10.126054
162.299225,-25.542057,188.325714,-10.126054
161.992508,-25.761841,188.325714,-10.126054
161.701202,-26.183638,188.325714,-10.126054
161.651031,-26.395445,188.325714,-10.126054
161.653336,-26.592276,188.325714,-10.126054
161.619659,-26.740894,188.325714,-10.126054
161.445892,-26.915779,188.325714,-10.126054
161.335190,-27.031103,188.325714,-10.126054
161.268478,-27.222370,188.325714,-10.126054
161.323990,-27.493883,188.325714,-10.126054
161.333908,-28.006567,188.325714,-10.126054
161.210403,-28.104370,188.325714,-10.126054
161.136490,-28.128340,188.325714,-10.126054
161.166718,-28.098425,188.325714,-10.126054
161.453110,-28.001637,188.325714,-10.126054
161.633911,-28.005095,188.325714,-10.126054
161.651520,-28.092445,188.325714,-10.126054
161.455338,-28.247541,188.325714,-10.126054
161.306870,-28.359262,188.325714,-10.126054
161.248718,-28.444061,188.325714,-10.126054
161.163208,-28.575861,188.325714,-10.126054
161.054779,-28.675634,188.325714,-10.126054
160.967697,-28.746828,188.325714,-10.126054
160.950638,-28.794556,188.325714,-10.126054
161.048569,-28.849192,188.325714,-10.126054
161.186554,-28.855968,188.325714,-10.126054
161.388626,-28.802704,188.325714,-10.126054
161.632782,-28.747595,188.325714,-10.126054
161.773697,-28.676428,188.325714,-10.126054
161.600311,-28.577496,188.325714,-10.126054
161.461945,-28.541418,188.325714,-10.126054
161.338791,-28.527191,188.325714,-10.126054
161.234726,-28.528057,188.325714,-10.126054
161.178894,-28.541094,188.325714,-10.126054
161.187042,-28.566746,188.325714,-10.126054
161.246140,-28.594524,188.325714,-10.126054
161.343002,-28.622498,188.325714,-10.126054
161.467117,-28.655783,188.325714,-10.126054
161.614014,-28.706537,188.325714,-10.126054
161.758530,-28.794674,188.325714,-10.126054
161.798981,-28.896643,188.325714,-10.126054
161.698639,-29.008690,188.325714,-10.126054
161.543182,-29.120081,188.325714,-10.126054
161.500000,-29.160124,188.325714,-10.126054
161.525009,-29.127485,188.325714,-10.126054
161.545303,-29.035109,188.325714,-10.126054
161.525345,-28.899036,188.325714,-10.126054
161.492844,-28.718575,188.325714,-10.126054
161.476227,-28.501778,188.325714,-10.126054
161.530701,-28.231628,188.325714,-10.126054
161.589600,-27.958015,188.325714,-10.126054
161.717667,-27.772142,188.325714,-10.126054
161.880707,-27.708124,188.325714,-10.126054
162.049286,-27.741144,188.325714,-10.126054
162.216751,-27.896008,188.325714,-10.126054
162.351288,-28.152731,188.325714,-10.126054
162.404083,-28.316658,188.325714,-10.126054
162.509033,-28.466640,188.325714,-10.126054
162.602997,-28.567814,188.325714,-10.126054
162.753281,-28.651697,188.325714,-10.126054
162.753281,-28.651697,188.325714,-10.126054
162.972595,-28.733723,188.325714,-10.126054
163.304123,-28.809980,188.325714,-10.126054
164.258347,-28.846264,188.325714,-10.126054
164.797272,-28.815834,188.325714,-10.126054
165.271744,-28.826132,188.325714,-10.126054
165.669678,-28.887165,188.325714,-10.126054
165.980637,-28.944302,188.325714,-10.126054
166.158768,-29.039661,188.325714,-10.126054
166.282700,-29.147533,188.325714,-10.126054
166.361969,-29.262403,188.325714,-10.126054
166.512604,-29.440067,188.325714,-10.126054
166.747177,-29.629240,188.325714,-10.126054
167.038116,-29.854288,188.325714,-10.126054
167.701981,-30.331476,188.325714,-10.126054
168.042984,-30.575544,188.325714,-10.126054
168.357574,-30.775537,188.325714,-10.126054
168.661789,-30.919155,188.325714,-10.126054
168.843918,-31.018457,188.325714,-10.126054
168.998123,-31.069424,188.325714,-10.126054
169.196243,-31.082664,188.325714,-10.126054
169.442108,-31.141216,188.325714,-10.126054
169.726791,-31.200878,188.325714,-10.126054
170.394333,-31.373899,188.325714,-10.126054
170.618210,-31.486805,188.325714,-10.126054
170.741165,-31.603073,188.325714,-10.126054
170.945999,-31.725719,188.325714,-10.126054
171.162354,-31.847960,188.325714,-10.126054
171.335922,-31.941816,188.325714,-10.126054
171.543320,-32.036934,188.325714,-10.126054
171.762619,-32.150017,188.325714,-10.126054
171.997192,-32.276226,188.325714,-10.126054
172.234283,-32.410629,188.325714,-10.126054
172.530884,-32.559292,188.325714,-10.126054
173.252579,-32.801228,188.325714,-10.126054
173.614929,-32.867607,188.325714,-10.126054
174.042648,-32.916367,188.325714,-10.126054
174.559662,-32.992680,188.325714,-10.126054
175.016418,-33.058270,188.325714,-10.126054
175.358231,-33.140629,188.325714,-10.126054
175.582611,-33.237041,188.325714,-10.126054
175.859299,-33.361305,188.325714,-10.126054
176.165695,-33.482380,188.325714,-10.126054
176.888016,-33.702023,188.325714,-10.126054
177.335861,-33.842972,188.325714,-10.126054
177.831436,-34.002911,188.325714,-10.126054
178.327255,-34.214184,188.325714,-10.126054
178.805038,-34.420727,188.325714,-10.126054
179.277740,-34.604317,188.325714,-10.126054
179.621048,-34.759575,188.325714,-10.126054
179.930008,-34.920513,188.325714,-10.126054
180.343857,-35.080933,188.325714,-10.126054
180.832397,-35.197060,188.325714,-10.126054
181.887314,-35.406689,188.325714,-10.126054
182.350281,-35.478065,188.325714,-10.126054
182.769897,-35.563343,188.325714,-10.126054
183.196167,-35.674011,188.325714,-10.126054
183.678238,-35.796902,188.325714,-10.126054
184.259644,-35.862381,188.325714,-10.126054
184.913239,-35.912708,188.325714,-10.126054
185.563858,-35.974232,188.325714,-10.126054
186.140350,-36.110855,188.325714,-10.126054
186.598907,-36.334126,188.325714,-10.126054
187.553787,-36.725502,188.325714,-10.126054
188.082474,-36.872852,188.325714,-10.126054
188.631073,-37.030224,188.325714,-10.126054
189.148300,-37.229935,188.325714,-10.126054
189.674637,-37.502361,188.325714,-10.126054
190.299759,-37.811119,188.325714,-10.126054
190.830994,-38.020489,188.325714,-10.126054
191.319946,-38.068760,188.325714,-10.126054
192.295517,-38.189682,188.325714,-10.126054
192.815979,-38.334152,188.325714,-10.126054
193.398178,-38.539562,188.325714,-10.126054
193.989700,-38.809986,188.325714,-10.126054
194.601852,-39.097912,188.325714,-10.126054
195.222824,-39.453598,188.325714,-10.126054
195.870621,-39.799839,188.325714,-10.126054
196.618073,-40.188675,188.325714,-10.126054
197.448303,-40.590000,188.325714,-10.126054
199.293976,-41.480721,188.325714,-10.126054
200.214630,-41.958923,188.325714,-10.126054
200.972549,-42.397186,188.325714,-10.126054
201.692978,-42.798130,188.325714,-10.126054
202.351944,-43.127239,188.325714,-10.126054
202.930862,-43.365799,188.325714,-10.126054
203.496658,-43.497353,188.325714,-10.126054
204.030060,-43.505402,188.325714,-10.126054
205.158691,-43.642666,188.325714,-10.126054
205.710434,-43.774471,188.325714,-10.126054
206.216904,-43.966164,188.325714,-10.126054
206.657959,-44.160603,188.325714,-10.126054
207.059875,-44.285660,188.325714,-10.126054
207.492142,-44.395115,188.325714,-10.126054
207.934525,-44.526699,188.325714,-10.126054
208.409042,-44.688953,188.325714,-10.126054
208.935120,-44.914860,188.325714,-10.126054
210.112869,-45.474586,188.325714,-10.126054
210.759506,-45.828667,188.325714,-10.126054
211.458084,-46.185425,188.325714,-10.126054
212.202362,-46.546116,188.325714,-10.126054
212.983719,-46.918755,188.325714,-10.126054
213.696976,-47.298676,188.325714,-10.126054
214.340668,-47.660999,188.325714,-10.126054
214.943436,-47.946720,188.325714,-10.126054
215.882629,-48.270252,188.325714,-10.126054
216.316284,-48.392433,188.325714,-10.126054
216.763947,-48.517601,188.325714,-10.126054
217.260071,-48.677330,188.325714,-10.126054
217.735809,-48.767803,188.325714,-10.126054
218.205719,-48.840714,188.325714,-10.126054
218.718109,-48.875175,188.325714,-10.126054
219.246292,-48.886871,188.325714,-10.126054
220.445969,-49.159248,188.325714,-10.126054
221.160721,-49.365559,188.325714,-10.126054
221.935379,-49.618160,188.325714,-10.126054
222.717606,-49.958542,188.325714,-10.126054
223.469116,-50.343864,188.325714,-10.126054
224.264862,-50.770073,188.325714,-10.126054
225.071426,-51.243286,188.325714,-10.126054
225.832352,-51.686256,188.325714,-10.126054
226.745834,-52.168293,188.325714,-10.126054
227.199814,-52.405838,188.325714,-10.126054
227.732086,-52.532700,188.325714,-10.126054
228.303604,-52.693680,188.325714,-10.126054
228.788513,-52.785191,188.325714,-10.126054
229.285034,-52.860123,188.325714,-10.126054
229.827499,-52.940079,188.325714,-10.126054
231.027573,-53.077950,188.325714,-10.126054
231.605576,-53.228153,188.325714,-10.126054
232.174683,-53.429806,188.325714,-10.126054
232.781158,-53.675602,188.325714,-10.126054
233.425720,-53.947498,188.325714,-10.126054
234.089722,-54.218010,188.325714,-10.126054
234.739899,-54.422028,188.325714,-10.126054
235.434784,-54.669567,188.325714,-10.126054
236.442993,-55.063457,188.325714,-10.126054
236.956497,-55.239624,188.325714,-10.126054
237.520401,-55.430988,188.325714,-10.126054
238.168564,-55.633774,188.325714,-10.126054
238.896652,-55.854870,188.325714,-10.126054
239.581299,-56.011303,188.325714,-10.126054
240.330307,-56.138256,188.325714,-10.126054
241.122559,-56.220963,188.325714,-10.126054
242.575134,-56.377048,188.325714,-10.126054
243.161270,-56.533218,188.325714,-10.126054
243.801514,-56.726669,188.325714,-10.126054
244.466400,-57.024197,188.325714,-10.126054
245.076401,-57.252140,188.325714,-10.126054
245.648865,-57.432922,188.325714,-10.126054
246.814835,-57.725250,188.325714,-10.126054
247.390244,-57.926620,188.325714,-10.126054
248.014832,-58.153091,188.325714,-10.126054
248.659073,-58.339523,188.325714,-10.126054
249.329697,-58.525150,188.325714,-10.126054
250.062195,-58.664959,188.325714,-10.126054
251.760681,-58.796097,188.325714,-10.126054
252.715576,-58.819969,188.325714,-10.126054
253.582535,-58.878090,188.325714,-10.126054
254.158096,-59.000549,188.325714,-10.126054
254.667130,-59.127953,188.325714,-10.126054
255.291061,-59.197506,188.325714,-10.126054
255.999252,-59.256996,188.325714,-10.126054
257.306061,-59.568832,188.325714,-10.126054
257.976776,-59.789253,188.325714,-10.126054
258.687836,-60.014004,188.325714,-10.126054
259.485168,-60.230171,188.325714,-10.126054
260.322601,-60.365948,188.325714,-10.126054
261.110352,-60.415127,188.325714,-10.126054
262.542969,-60.508053,188.325714,-10.126054
263.206390,-60.628120,188.325714,-10.126054
263.826416,-60.723644,188.325714,-10.126054
264.481720,-60.795197,188.325714,-10.126054
265.135376,-60.859756,188.325714,-10.126054
265.841095,-60.927673,188.325714,-10.126054
267.479462,-61.126499,188.325714,-10.126054
268.318085,-61.315063,188.325714,-10.126054
269.061005,-61.547104,188.325714,-10.126054
269.842438,-61.772892,188.325714,-10.126054
270.644501,-61.962818,188.325714,-10.126054
271.397339,-62.102005,188.325714,-10.126054
272.806366,-62.326534,188.325714,-10.126054
273.424988,-62.424976,188.325714,-10.126054
274.083130,-62.515625,188.325714,-10.126054
274.771484,-62.583691,188.325714,-10.126054
275.453735,-62.645203,188.325714,-10.126054
276.145081,-62.708111,188.325714,-10.126054
277.548431,-62.787605,188.325714,-10.126054
278.306702,-62.817921,188.325714,-10.126054
279.117401,-62.809361,188.325714,-10.126054
279.973267,-62.801987,188.325714,-10.126054
280.859833,-62.751034,188.325714,-10.126054
281.781189,-62.700962,188.325714,-10.126054
283.572601,-62.597713,188.325714,-10.126054
284.382111,-62.585030,188.325714,-10.126054
285.114807,-62.616302,188.325714,-10.126054
285.774872,-62.670380,188.325714,-10.126054
286.391113,-62.750549,188.325714,-10.126054
287.039825,-62.806324,188.325714,-10.126054
288.438690,-62.944324,188.325714,-10.126054
289.197479,-62.993702,188.325714,-10.126054
290.004547,-62.999550,188.325714,-10.126054
290.874695,-62.952065,188.325714,-10.126054
291.800995,-62.903133,188.325714,-10.126054
292.662140,-62.872013,188.325714,-10.126054
294.202026,-62.774063,188.325714,-10.126054
295.017609,-62.690201,188.325714,-10.126054
295.880005,-62.577503,188.325714,-10.126054
296.722198,-62.487968,188.325714,-10.126054
297.495422,-62.417885,188.325714,-10.126054
298.145264,-62.401756,188.325714,-10.126054
299.468414,-62.289852,188.325714,-10.126054
300.144836,-62.274208,188.325714,-10.126054
300.879974,-62.204250,188.325714,-10.126054
301.663788,-62.107628,188.325714,-10.126054
302.470215,-62.004089,188.325714,-10.126054
303.199554,-61.975639,188.325714,-10.126054
304.588013,-61.962788,188.325714,-10.126054
305.348297,-61.872643,188.325714,-10.126054
306.171326,-61.701977,188.325714,-10.126054
307.006805,-61.432648,188.325714,-10.126054
307.882172,-61.104862,188.325714,-10.126054
308.673859,-60.770256,188.325714,-10.126054
310.027802,-60.629742,188.325714,-10.126054
310.715881,-60.621422,188.325714,-10.126054
311.438629,-60.548000,188.325714,-10.126054
312.159027,-60.458477,188.325714,-10.126054
312.886749,-60.369690,188.325714,-10.126054
314.434723,-60.403950,188.325714,-10.126054
315.208344,-60.458725,188.325714,-10.126054
315.891602,-60.369251,188.325714,-10.126054
316.550262,-60.209236,188.325714,-10.126054
317.244415,-60.006393,188.325714,-10.126054
318.768250,-59.852013,188.325714,-10.126054
319.475555,-59.864830,188.325714,-10.126054
320.132965,-59.829319,188.325714,-10.126054
320.777863,-59.719456,188.325714,-10.126054
322.206543,-59.546730,188.325714,-10.126054
323.009766,-59.564144,188.325714,-10.126054
323.780182,-59.607315,188.325714,-10.126054
324.522705,-59.640423,188.325714,-10.126054
325.220947,-59.638199,188.325714,-10.126054
326.710480,-59.732525,188.325714,-10.126054
327.487061,-59.801735,188.325714,-10.126054
328.196259,-59.831585,188.325714,-10.126054
328.914063,-59.873123,188.325714,-10.126054
329.623474,-59.888496,188.325714,-10.126054
331.052643,-59.894077,188.325714,-10.126054
331.796204,-59.968723,188.325714,-10.126054
332.558960,-60.133369,188.325714,-10.126054
333.358734,-60.417538,188.325714,-10.126054
334.202209,-60.757099,188.325714,-10.126054
335.846710,-61.663170,188.325714,-10.126054
336.450378,-61.974758,188.325714,-10.126054
337.018524,-62.191093,188.325714,-10.126054
337.621460,-62.367580,188.325714,-10.126054
338.258606,-62.677856,188.325714,-10.126054
339.485413,-63.380283,188.325714,-10.126054
340.177094,-63.562874,188.325714,-10.126054
340.896729,-63.723080,188.325714,-10.126054
341.644531,-63.974651,188.325714,-10.126054
342.397675,-64.314598,188.325714,-10.126054
343.850525,-65.343620,188.325714,-10.126054
344.604645,-65.887527,188.325714,-10.126054
345.407257,-66.317970,188.325714,-10.126054
346.219391,-66.630119,188.325714,-10.126054
346.955658,-66.978706,188.325714,-10.126054
347.642487,-67.332130,188.325714,-10.126054
348.601593,-68.407631,188.325714,-10.126054
348.885071,-69.126068,188.325714,-10.126054
349.067017,-70.013084,188.325714,-10.126054
349.214630,-70.938927,188.325714,-10.126054
349.377197,-71.820953,188.325714,-10.126054
349.640259,-72.302505,188.325714,-10.126054
350.541199,-73.336815,188.325714,-10.126054
350.961914,-73.857468,188.325714,-10.126054
351.404236,-74.330917,188.325714,-10.126054
351.792084,-74.882889,188.325714,-10.126054
352.108521,-75.530754,188.325714,-10.126054
352.363129,-76.263321,188.325714,-10.126054
352.617065,-76.943115,188.325714,-10.126054
353.120605,-78.378624,188.325714,-10.126054
353.371857,-79.120811,188.325714,-10.126054
353.638733,-79.970894,188.325714,-10.126054
353.876343,-80.886360,188.325714,-10.126054
354.100342,-81.902061,188.325714,-10.126054
354.357361,-82.953583,188.325714,-10.126054
354.640259,-83.973503,188.325714,-10.126054
354.815857,-85.815475,188.325714,-10.126054
354.835388,-86.539124,188.325714,-10.126054
354.920105,-87.095688,188.325714,-10.126054
354.900604,-87.685509,188.325714,-10.126054
354.710541,-88.076828,188.325714,-10.126054
354.389191,-88.480766,188.325714,-10.126054
353.594696,-89.419899,188.325714,-10.126054
353.154205,-89.930038,188.325714,-10.126054
352.787048,-90.534500,188.325714,-10.126054
352.514282,-91.177643,188.325714,-10.126054
352.498322,-91.913986,188.325714,-10.126054
352.591614,-92.739464,188.325714,-10.126054
352.530975,-92.669334,188.325714,-10.126054
351.554779,-92.717896,188.325714,-10.126054
350.992462,-93.407860,188.325714,-10.126054
350.801666,-94.029846,188.325714,-10.126054
350.910400,-94.459503,188.325714,-10.126054
351.148315,-94.855057,188.325714,-10.126054
351.407013,-95.272194,188.325714,-10.126054
352.090637,-96.469925,188.325714,-10.126054
352.488281,-97.204712,188.325714,-10.126054
352.198944,-96.403328,188.325714,-10.126054
351.334747,-96.788956,188.325714,-10.126054
350.966431,-97.748940,188.325714,-10.126054
351.009399,-98.806580,188.325714,-10.126054
351.298248,-99.891205,188.325714,-10.126054
351.747681,-100.928505,188.325714,-10.126054
353.241547,-102.821877,188.325714,-10.126054
352.618988,-101.835861,188.325714,-10.126054
351.674896,-102.434471,188.325714,-10.126054
351.412079,-103.490578,188.325714,-10.126054
351.513336,-104.429352,188.325714,-10.126054
351.808289,-105.188301,188.325714,-10.126054
351.975647,-105.652168,188.325714,-10.126054
352.021851,-105.523323,188.325714,-10.126054
352.694122,-105.529900,188.325714,-10.126054
353.224945,-106.166664,188.325714,-10.126054
353.476868,-107.072769,188.325714,-10.126054
353.545319,-108.148285,188.325714,-10.126054
353.526520,-109.263504,188.325714,-10.126054
353.511292,-110.299057,188.325714,-10.126054
353.358795,-111.964073,188.325714,-10.126054
353.433105,-112.466545,188.325714,-10.126054
353.552765,-113.049095,188.325714,-10.126054
353.653595,-113.762428,188.325714,-10.126054
353.740845,-114.597794,188.325714,-10.126054
353.799927,-115.555336,188.325714,-10.126054
353.825439,-116.619743,188.325714,-10.126054
353.944122,-118.502533,188.325714,-10.126054
354.025452,-119.062805,188.325714,-10.126054
354.049744,-119.750687,188.325714,-10.126054
354.052460,-120.536263,188.325714,-10.126054
353.984344,-121.379669,188.325714,-10.126054
353.834839,-122.252190,188.325714,-10.126054
353.707336,-123.102997,188.325714,-10.126054
353.525421,-124.603760,188.325714,-10.126054
353.485870,-125.425446,188.325714,-10.126054
353.443207,-126.327629,188.325714,-10.126054
353.435944,-127.309937,188.325714,-10.126054
353.462189,-128.287292,188.325714,-10.126054
353.586945,-129.137833,188.325714,-10.126054
353.953766,-130.703201,188.325714,-10.126054
354.142944,-131.413971,188.325714,-10.126054
354.272766,-132.157516,188.325714,-10.126054
354.379822,-132.871490,188.325714,-10.126054
354.441162,-133.618820,188.325714,-10.126054
354.446808,-134.435013,188.325714,-10.126054
354.406586,-135.332916,188.325714,-10.126054
354.263123,-137.246689,188.325714,-10.126054
354.172119,-138.242950,188.325714,-10.126054
354.098206,-139.276108,188.325714,-10.126054
354.001648,-140.287842,188.325714,-10.126054
353.942657,-141.177643,188.325714,-10.126054
353.905640,-142.035370,188.325714,-10.126054
353.980652,-143.614731,188.325714,-10.126054
354.095276,-144.367310,188.325714,-10.126054
354.264771,-145.116913,188.325714,-10.126054
354.473816,-145.915314,188.325714,-10.126054
354.714294,-146.745453,188.325714,-10.126054
354.994080,-147.668930,188.325714,-10.126054
355.298340,-148.589890,188.325714,-10.126054
355.945587,-150.442795,188.325714,-10.126054
356.260712,-151.459015,188.325714,-10.126054
356.526672,-152.475723,188.325714,-10.126054
356.728149,-153.440765,188.325714,-10.126054
356.850403,-154.354248,188.325714,-10.126054
356.896942,-155.206467,188.325714,-10.126054
356.846863,-156.816635,188.325714,-10.126054
356.849121,-157.612976,188.325714,-10.126054
356.888733,-158.469070,188.325714,-10.126054
356.967560,-159.441238,188.325714,-10.126054
357.082367,-160.483307,188.325714,-10.126054
357.159180,-161.489151,188.325714,-10.126054
357.175873,-162.366135,188.325714,-10.126054
357.235016,-163.994080,188.325714,-10.126054
357.482391,-164.761230,188.325714,-10.126054
357.828766,-165.544556,188.325714,-10.126054
358.270813,-166.317261,188.325714,-10.126054
358.721344,-167.031479,188.325714,-10.126054
359.121765,-168.199387,188.325714,-10.126054
359.146423,-168.523468,188.325714,-10.126054
359.180237,-168.846313,188.325714,-10.126054
359.532745,-169.386993,188.325714,-10.126054
359.842072,-169.512421,188.325714,-10.126054
360.271576,-169.575424,188.325714,-10.126054
360.680450,-169.586029,188.325714,-10.126054
360.938354,-169.690384,188.325714,-10.126054
361.029358,-170.385056,188.325714,-10.126054
361.035431,-170.687347,188.325714,-10.126054
360.988708,-170.827026,188.325714,-10.126054
360.961578,-170.853394,188.325714,-10.126054
360.922913,-171.246552,188.325714,-10.126054
360.882813,-171.503876,188.325714,-10.126054
360.809723,-171.801315,188.325714,-10.126054
360.823547,-172.020920,188.325714,-10.126054
361.321014,-172.256897,188.325714,-10.126054
361.392395,-172.358017,188.325714,-10.126054
361.600403,-172.492035,188.325714,-10.126054
361.847107,-172.608536,188.325714,-10.126054
361.982941,-172.662674,188.325714,-10.126054
362.059509,-172.500412,188.325714,-10.126054
362.101837,-172.431030,188.325714,-10.126054
362.196930,-172.460632,188.325714,-10.126054
362.388062,-172.575012,188.325714,-10.126054
363.013031,-172.754852,188.325714,-10.126054
363.410950,-172.803772,188.325714,-10.126054
363.847076,-172.862991,188.325714,-10.126054
364.338043,-172.899994,188.325714,-10.126054
365.308563,-172.900589,188.325714,-10.126054
365.727081,-172.908722,188.325714,-10.126054
366.070679,-172.923416,188.325714,-10.126054
366.329834,-172.932846,188.325714,-10.126054
366.677643,-172.905045,188.325714,-10.126054
367.001373,-172.887161,188.325714,-10.126054
367.299744,-172.882523,188.325714,-10.126054
367.772339,-172.775803,188.325714,-10.126054
367.961914,-172.714569,188.325714,-10.126054
368.133911,-172.638550,188.325714,-10.126054
368.271454,-172.578781,188.325714,-10.126054
368.421661,-172.505722,188.325714,-10.126054
368.769440,-172.320755,188.325714,-10.126054
368.994720,-172.203384,188.325714,-10.126054
369.252716,-172.059891,188.325714,-10.126054
369.420990,-171.926880,188.325714,-10.126054
369.488983,-171.815353,188.325714,-10.126054
369.614807,-171.459122,188.325714,-10.126054
369.721649,-171.132416,188.325714,-10.126054
369.897156,-170.648697,188.325714,-10.126054
370.100677,-170.059906,188.325714,-10.126054
370.314941,-169.352310,188.325714,-10.126054
370.715942,-168.005417,188.325714,-10.126054
370.862610,-167.542374,188.325714,-10.126054
371.021576,-167.135498,188.325714,-10.126054
371.163361,-166.836716,188.325714,-10.126054
371.273102,-166.737183,188.325714,-10.126054
371.512115,-166.726349,188.325714,-10.126054
371.643311,-166.572220,188.325714,-10.126054
371.747559,-166.395767,188.325714,-10.126054
371.833679,-166.229797,188.325714,-10.126054
372.073517,-165.843628,188.325714,-10.126054
372.214050,-165.690033,188.325714,-10.126054
372.363403,-165.544693,188.325714,-10.126054
372.501312,-165.406509,188.325714,-10.126054
372.612640,-165.285995,188.325714,-10.126054
372.759186,-165.154160,188.325714,-10.126054
373.093567,-164.913727,188.325714,-10.126054
373.290253,-164.857590,188.325714,-10.126054
373.448273,-164.767426,188.325714,-10.126054
373.598083,-164.671524,188.325714,-10.126054
373.897034,-164.526245,188.325714,-10.126054
374.103394,-164.447784,188.325714,-10.126054
374.316345,-164.347443,188.325714,-10.126054
374.507019,-164.272507,188.325714,-10.126054
374.845062,-164.198868,188.325714,-10.126054
375.045532,-164.163864,188.325714,-10.126054
375.264587,-164.166199,188.325714,-10.126054
375.478668,-164.192047,188.325714,-10.126054
376.019073,-164.374588,188.325714,-10.126054
376.276733,-164.509598,188.325714,-10.126054
376.585968,-164.625092,188.325714,-10.126054
376.868805,-164.756989,188.325714,-10.126054
377.607819,-165.068604,188.325714,-10.126054
377.980225,-165.234863,188.325714,-10.126054
378.337219,-165.393341,188.325714,-10.126054
378.709656,-165.567520,188.325714,-10.126054
379.273376,-165.830093,188.325714,-10.126054
379.553131,-165.940979,188.325714,-10.126054
379.824890,-166.101089,188.325714,-10.126054
380.412262,-166.405640,188.325714,-10.126054
380.659332,-166.575043,188.325714,-10.126054
380.946838,-166.784882,188.325714,-10.126054
381.522919,-167.311035,188.325714,-10.126054
381.868744,-167.622009,188.325714,-10.126054
382.248749,-167.983582,188.325714,-10.126054
382.615356,-168.353973,188.325714,-10.126054
383.196106,-168.795242,188.325714,-10.126054
383.363281,-168.917023,188.325714,-10.126054
383.562866,-169.091034,188.325714,-10.126054
383.778290,-169.261017,188.325714,-10.126054
384.010345,-169.422729,188.325714,-10.126054
384.413330,-169.716415,188.325714,-10.126054
384.594238,-169.836975,188.325714,-10.126054
384.769165,-169.951187,188.325714,-10.126054
384.946716,-170.090225,188.325714,-10.126054
385.327759,-170.368500,188.325714,-10.126054
385.530396,-170.474472,188.325714,-10.126054
385.726013,-170.576492,188.325714,-10.126054
386.135803,-170.824921,188.325714,-10.126054
386.313385,-170.943527,188.325714,-10.126054
386.488739,-171.030731,188.325714,-10.126054
386.691132,-171.112305,188.325714,-10.126054
386.921478,-171.184021,188.325714,-10.126054
387.312866,-171.325211,188.325714,-10.126054
387.468262,-171.401123,188.325714,-10.126054
387.626282,-171.485168,188.325714,-10.126054
387.958405,-171.643219,188.325714,-10.126054
388.145325,-171.723557,188.325714,-10.126054
388.318390,-171.824188,188.325714,-10.126054
388.492035,-171.895142,188.325714,-10.126054
388.800293,-171.922806,188.325714,-10.126054
388.972565,-171.973969,188.325714,-10.126054
389.157410,-172.056625,188.325714,-10.126054
389.347137,-172.137985,188.325714,-10.126054
389.716522,-172.282288,188.325714,-10.126054
389.927856,-172.333054,188.325714,-10.126054
390.111603,-172.330566,188.325714,-10.126054
390.440735,-172.337585,188.325714,-10.126054
390.597198,-172.395340,188.325714,-10.126054
390.749023,-172.456650,188.325714,-10.126054
390.914948,-172.502182,188.325714,-10.126054
391.280640,-172.558151,188.325714,-10.126054
391.513092,-172.602310,188.325714,-10.126054
391.754974,-172.663101,188.325714,-10.126054
391.933807,-172.715057,188.325714,-10.126054
392.233368,-172.820755,188.325714,-10.126054
392.356720,-172.881348,188.325714,-10.126054
392.543915,-172.916901,188.325714,-10.126054
392.978394,-173.027390,188.325714,-10.126054
393.224701,-173.107986,188.325714,-10.126054
393.448212,-173.177521,188.325714,-10.126054
393.582916,-173.234512,188.325714,-10.126054
393.840057,-173.387039,188.325714,-10.126054
394.024078,-173.455475,188.325714,-10.126054
394.214996,-173.496536,188.325714,-10.126054
394.361664,-173.528809,188.325714,-10.126054
394.670776,-173.604813,188.325714,-10.126054
394.864258,-173.678192,188.325714,-10.126054
395.035004,-173.743851,188.325714,-10.126054
395.168579,-173.781967,188.325714,-10.126054
395.487244,-173.899857,188.325714,-10.126054
395.628143,-173.954178,188.325714,-10.126054
395.757141,-174.022827,188.325714,-10.126054
395.890381,-174.090393,188.325714,-10.126054
396.170898,-174.213959,188.325714,-10.126054
396.326660,-174.281372,188.325714,-10.126054
396.472107,-174.363815,188.325714,-10.126054
396.748566,-174.498398,188.325714,-10.126054
396.879364,-174.571503,188.325714,-10.126054
397.019348,-174.646225,188.325714,-10.126054
397.149689,-174.712891,188.325714,-10.126054
397.386841,-174.870743,188.325714,-10.126054
397.494568,-174.932785,188.325714,-10.126054
397.604980,-175.002365,188.325714,-10.126054
397.712616,-175.086105,188.325714,-10.126054
397.935760,-175.274231,188.325714,-10.126054
398.047607,-175.387115,188.325714,-10.126054
398.180359,-175.503937,188.325714,-10.126054
398.507843,-175.829453,188.325714,-10.126054
398.647552,-175.965408,188.325714,-10.126054
398.744659,-176.030670,188.325714,-10.126054
398.838959,-176.099487,188.325714,-10.126054
399.069580,-176.327881,188.325714,-10.126054
399.155518,-176.448196,188.325714,-10.126054
399.228210,-176.547989,188.325714,-10.126054
399.309387,-176.664017,188.325714,-10.126054
399.453461,-176.892868,188.325714,-10.126054
399.528351,-176.996368,188.325714,-10.126054
399.594391,-177.084244,188.325714,-10.126054
399.668427,-177.168350,188.325714,-10.126054
399.848175,-177.340469,188.325714,-10.126054
399.949707,-177.433304,188.325714,-10.126054
400.028168,-177.531631,188.325714,-10.126054
400.151733,-177.717026,188.325714,-10.126054
400.221375,-177.825073,188.325714,-10.126054
400.281311,-177.928833,188.325714,-10.126054
400.353424,-178.026230,188.325714,-10.126054
400.504791,-178.176727,188.325714,-10.126054
400.574951,-178.246048,188.325714,-10.126054
400.652252,-178.329437,188.325714,-10.126054
400.744080,-178.414948,188.325714,-10.126054
400.889496,-178.553955,188.325714,-10.126054
400.949402,-178.603668,188.325714,-10.126054
401.001312,-178.647308,188.325714,-10.126054
401.084442,-178.723160,188.325714,-10.126054
401.130127,-178.760056,188.325714,-10.126054
401.183411,-178.815430,188.325714,-10.126054
401.247345,-178.882370,188.325714,-10.126054
401.318542,-178.951630,188.325714,-10.126054
401.394257,-179.013901,188.325714,-10.126054
401.505371,-179.069778,188.325714,-10.126054
401.538239,-179.062836,188.325714,-10.126054
401.567841,-179.054092,188.325714,-10.126054
401.605164,-179.054489,188.325714,-10.126054
401.644104,-179.076553,188.325714,-10.126054
401.745544,-179.155365,188.325714,-10.126054
401.783539,-179.194794,188.325714,-10.126054
401.817535,-179.233719,188.325714,-10.126054
401.850922,-179.277664,188.325714,-10.126054
401.881287,-179.317978,188.325714,-10.126054
401.910645,-179.345886,188.325714,-10.126054
401.967255,-179.388687,188.325714,-10.126054
402.003448,-179.415787,188.325714,-10.126054
402.035248,-179.439240,188.325714,-10.126054
402.057922,-179.456070,188.325714,-10.126054
402.076172,-179.468033,188.325714,-10.126054
402.096863,-179.476822,188.325714,-10.126054
402.104492,-179.479721,188.325714,-10.126054
402.113983,-179.485687,188.325714,-10.126054
402.123474,-179.491653,188.325714,-10.126054
402.129761,-179.498322,188.325714,-10.126054
402.132813,-179.504456,188.325714,-10.126054
402.141479,-179.518509,188.325714,-10.126054
402.143372,-179.521561,188.325714,-10.126054
402.144440,-179.520905,188.325714,-10.126054
402.145447,-179.519012,188.325714,-10.126054
402.146118,-179.517746,188.325714,-10.126054
402.146454,-179.517120,188.325714,-10.126054
402.146454,-179.517120,188.325714,-10.126054
402.146454,-179.517120,188.325714,-10.126054
402.145081,-179.519638,188.325714,-10.126054
402.146729,-179.527054,188.325714,-10.126054
402.155426,-179.542343,188.325714,-10.126054
402.169006,-179.565567,188.325714,-10.126054
402.186340,-179.593658,188.325714,-10.126054
402.204437,-179.622971,188.325714,-10.126054
402.219910,-179.648010,188.325714,-10.126054
402.223267,-179.652267,188.325714,-10.126054
402.222473,-179.649796,188.325714,-10.126054
402.222778,-179.647919,188.325714,-10.126054
402.225311,-179.648468,188.325714,-10.126054
402.228577,-179.650238,188.325714,-10.126054
402.228516,-179.648087,188.325714,-10.126054
402.228210,-179.637329,188.325714,-10.126054
402.228058,-179.631592,188.325714,-10.126054
402.227936,-179.627289,188.325714,-10.126054
402.227814,-179.622986,188.325714,-10.126054
402.227722,-179.619400,188.325714,-10.126054
402.227631,-179.615814,188.325714,-10.126054
402.227448,-179.609360,188.325714,-10.126054
402.227264,-179.602188,188.325714,-10.126054
402.227051,-179.594299,188.325714,-10.126054
402.235321,-179.594711,188.325714,-10.126054
402.244690,-179.595718,188.325714,-10.126054
402.267731,-179.597641,188.325714,-10.126054
402.282104,-179.598541,188.325714,-10.126054
402.296478,-179.599442,188.325714,-10.126054
402.310486,-179.599747,188.325714,-10.126054
402.328461,-179.600586,188.325714,-10.126054
402.348907,-179.600769,188.325714,-10.126054
402.370789,-179.600937,188.325714,-10.126054
402.403107,-179.601547,188.325714,-10.126054
402.422882,-179.603043,188.325714,-10.126054
402.444458,-179.605164,188.325714,-10.126054
402.467133,-179.609146,188.325714,-10.126054
402.496033,-179.621124,188.325714,-10.126054
402.536285,-179.649734,188.325714,-10.126054
402.584229,-179.690063,188.325714,-10.126054
402.622162,-179.711334,188.325714,-10.126054
402.621918,-179.686935,188.325714,-10.126054
402.645233,-179.684860,188.325714,-10.126054
402.675537,-179.660507,188.325714,-10.126054
402.705688,-179.662842,188.325714,-10.126054
402.741211,-179.665833,188.325714,-10.126054
402.767059,-179.668259,188.325714,-10.126054
402.794342,-179.670731,188.325714,-10.126054
402.826263,-179.672623,188.325714,-10.126054
402.859253,-179.676422,188.325714,-10.126054
402.895477,-179.682159,188.325714,-10.126054
402.935272,-179.687958,188.325714,-10.126054
402.990417,-179.700775,188.325714,-10.126054
403.020477,-179.709732,188.325714,-10.126054
403.050507,-179.719971,188.325714,-10.126054
403.076935,-179.731430,188.325714,-10.126054
403.102631,-179.742905,188.325714,-10.126054
403.130127,-179.755035,188.325714,-10.126054
403.157623,-179.767181,188.325714,-10.126054
403.184021,-179.779938,188.325714,-10.126054
403.209320,-179.793289,188.325714,-10.126054
403.259186,-179.824936,188.325714,-10.126054
403.283752,-179.841980,188.325714,-10.126054
403.307983,-179.858383,188.325714,-10.126054
403.334717,-179.877899,188.325714,-10.126054
403.359650,-179.900482,188.325714,-10.126054
403.383148,-179.924271,188.325714,-10.126054
403.412048,-179.949936,188.325714,-10.126054
403.440979,-179.976822,188.325714,-10.126054
403.468842,-180.001801,188.325714,-10.126054
403.492798,-180.022385,188.325714,-10.126054
403.539001,-180.062851,188.325714,-10.126054
403.560883,-180.082108,188.325714,-10.126054
403.583527,-180.105057,188.325714,-10.126054
403.606903,-180.129227,188.325714,-10.126054
403.630310,-180.153366,188.325714,-10.126054
403.653046,-180.177490,188.325714,-10.126054
403.674683,-180.197250,188.325714,-10.126054
403.696686,-180.215134,188.325714,-10.126054
403.741028,-180.245270,188.325714,-10.126054
403.764801,-180.258759,188.325714,-10.126054
403.790009,-180.270996,188.325714,-10.126054
403.813416,-180.281387,188.325714,-10.126054
403.835022,-180.289932,188.325714,-10.126054
403.862335,-180.297195,188.325714,-10.126054
403.888916,-180.303238,188.325714,-10.126054
403.912964,-180.307449,188.325714,-10.126054
403.933777,-180.311081,188.325714,-10.126054
403.976135,-180.315918,188.325714,-10.126054
403.996948,-180.317123,188.325714,-10.126054
404.016327,-180.318359,188.325714,-10.126054
404.016327,-180.306885,188.325714,-10.126054
404.016327,-180.298996,188.325714,-10.126054
404.016388,-180.282486,188.325714,-10.126054
404.016449,-180.270294,188.325714,-10.126054
404.016418,-180.276749,188.325714,-10.126054
404.016296,-180.296844,188.325714,-10.126054
404.016083,-180.327698,188.325714,-10.126054
404.015900,-180.351379,188.325714,-10.126054
404.015869,-180.353531,188.325714,-10.126054
404.015137,-180.354767,188.325714,-10.126054
404.014771,-180.355377,188.325714,-10.126054
404.014404,-180.355988,188.325714,-10.126054
404.014404,-180.356705,188.325714,-10.126054
404.014313,-180.365311,188.325714,-10.126054
403.957123,-180.347290,188.325714,-10.126054
403.903473,-180.331818,188.325714,-10.126054
403.832550,-180.319916,188.325714,-10.126054
403.745056,-180.312881,188.325714,-10.126054
403.661865,-180.307175,188.325714,-10.126054
403.607941,-180.320389,188.325714,-10.126054
403.607788,-180.343353,188.325714,-10.126054
403.580872,-180.343842,188.325714,-10.126054
403.550018,-180.346222,188.325714,-10.126054
403.549957,-180.367035,188.325714,-10.126054
403.549927,-180.395020,188.325714,-10.126054
403.461304,-180.403183,188.325714,-10.126054
403.415405,-180.413239,188.325714,-10.126054
403.365936,-180.423401,188.325714,-10.126054
403.313202,-180.424393,188.325714,-10.126054
403.313446,-180.453812,188.325714,-10.126054
403.272919,-180.454880,188.325714,-10.126054
403.222351,-180.456177,188.325714,-10.126054
403.223114,-180.504959,188.325714,-10.126054
403.225128,-180.606110,188.325714,-10.126054
403.226563,-180.664932,188.325714,-10.126054
403.228546,-180.735229,188.325714,-10.126054
403.231049,-180.813400,188.325714,-10.126054
403.141357,-180.815399,188.325714,-10.126054
403.053192,-180.810822,188.325714,-10.126054
402.973083,-180.801865,188.325714,-10.126054
402.771637,-180.795975,188.325714,-10.126054
402.639038,-180.808258,188.325714,-10.126054
402.649780,-180.970795,188.325714,-10.126054
402.439056,-180.986877,188.325714,-10.126054
402.190552,-181.007584,188.325714,-10.126054
401.987213,-181.025742,188.325714,-10.126054
402.000092,-181.167953,188.325714,-10.126054
402.025269,-181.419998,188.325714,-10.126054
402.041840,-181.568329,188.325714,-10.126054
402.059540,-181.716522,188.325714,-10.126054
401.890411,-181.737427,188.325714,-10.126054
401.729950,-181.750214,188.325714,-10.126054
401.526093,-181.764252,188.325714,-10.126054
401.306488,-181.783066,188.325714,-10.126054
401.330261,-181.932587,188.325714,-10.126054
400.950073,-182.001663,188.325714,-10.126054
400.742950,-182.041809,188.325714,-10.126054
400.554932,-182.074936,188.325714,-10.126054
400.364410,-182.110352,188.325714,-10.126054
400.174927,-182.147415,188.325714,-10.126054
399.723846,-182.233795,188.325714,-10.126054
399.473114,-182.278061,188.325714,-10.126054
399.237518,-182.322830,188.325714,-10.126054
399.029999,-182.377319,188.325714,-10.126054
398.552307,-182.477753,188.325714,-10.126054
398.244720,-182.531311,188.325714,-10.126054
397.968597,-182.601624,188.325714,-10.126054
397.720642,-182.672165,188.325714,-10.126054
397.486542,-182.726913,188.325714,-10.126054
396.974060,-182.875778,188.325714,-10.126054
396.763489,-182.932327,188.325714,-10.126054
396.508270,-182.997192,188.325714,-10.126054
396.197021,-183.158218,188.325714,-10.126054
395.797150,-183.324615,188.325714,-10.126054
394.715149,-183.882950,188.325714,-10.126054
394.171021,-184.261108,188.325714,-10.126054
393.706818,-184.627975,188.325714,-10.126054
393.218170,-184.949020,188.325714,-10.126054
392.716370,-185.193726,188.325714,-10.126054
391.810791,-185.474716,188.325714,-10.126054
391.493103,-185.535782,188.325714,-10.126054
391.254639,-185.588043,188.325714,-10.126054
391.100464,-185.677338,188.325714,-10.126054
390.950562,-185.808105,188.325714,-10.126054
390.584656,-186.064621,188.325714,-10.126054
390.371582,-186.193085,188.325714,-10.126054
390.135468,-186.330933,188.325714,-10.126054
389.857269,-186.440536,188.325714,-10.126054
389.596008,-186.523361,188.325714,-10.126054
389.273224,-186.665192,188.325714,-10.126054
389.075531,-186.760681,188.325714,-10.126054
388.871033,-186.852081,188.325714,-10.126054
388.692871,-186.924026,188.325714,-10.126054
388.346252,-187.083023,188.325714,-10.126054
388.192719,-187.153961,188.325714,-10.126054
388.018524,-187.245209,188.325714,-10.126054
387.837097,-187.344604,188.325714,-10.126054
387.501526,-187.545120,188.325714,-10.126054
387.337036,-187.652542,188.325714,-10.126054
387.180267,-187.755508,188.325714,-10.126054
387.009308,-187.850754,188.325714,-10.126054
386.677582,-188.022491,188.325714,-10.126054
386.533508,-188.105545,188.325714,-10.126054
386.366638,-188.218628,188.325714,-10.126054
386.225372,-188.313858,188.325714,-10.126054
385.901367,-188.531570,188.325714,-10.126054
385.734650,-188.628632,188.325714,-10.126054
385.548248,-188.751373,188.325714,-10.126054
385.384735,-188.889252,188.325714,-10.126054
385.080597,-189.135452,188.325714,-10.126054
384.914612,-189.270325,188.325714,-10.126054
384.765137,-189.392487,188.325714,-10.126054
384.595062,-189.539902,188.325714,-10.126054
384.245544,-189.854172,188.325714,-10.126054
384.064270,-190.027130,188.325714,-10.126054
383.911224,-190.179398,188.325714,-10.126054
383.744019,-190.349457,188.325714,-10.126054
383.351349,-190.748276,188.325714,-10.126054
383.171478,-190.988525,188.325714,-10.126054
383.011292,-191.232803,188.325714,-10.126054
382.723389,-191.586990,188.325714,-10.126054
382.520050,-191.833267,188.325714,-10.126054
382.301117,-192.148926,188.325714,-10.126054
382.060730,-192.553177,188.325714,-10.126054
381.508331,-193.500977,188.325714,-10.126054
381.189514,-193.936798,188.325714,-10.126054
380.891388,-194.384277,188.325714,-10.126054
380.639099,-194.781906,188.325714,-10.126054
380.417145,-195.183411,188.325714,-10.126054
380.266815,-195.506256,188.325714,-10.126054
380.117157,-195.841751,188.325714,-10.126054
379.971100,-196.080795,188.325714,-10.126054
379.686646,-196.484100,188.325714,-10.126054
379.543060,-196.713379,188.325714,-10.126054
379.377045,-196.985336,188.325714,-10.126054
379.189514,-197.294983,188.325714,-10.126054
378.832764,-197.918304,188.325714,-10.126054
378.667755,-198.309341,188.325714,-10.126054
378.536438,-198.671310,188.325714,-10.126054
378.437561,-198.960205,188.325714,-10.126054
378.196655,-199.526230,188.325714,-10.126054
378.065369,-199.807938,188.325714,-10.126054
377.933624,-200.047958,188.325714,-10.126054
378.187256,-200.177689,188.325714,-10.126054
377.924805,-200.770798,188.325714,-10.126054
377.769928,-201.079330,188.325714,-10.126054
377.618835,-201.384979,188.325714,-10.126054
377.504913,-201.629166,188.325714,-10.126054
377.263306,-202.156784,188.325714,-10.126054
377.133118,-202.420105,188.325714,-10.126054
377.022095,-202.676682,188.325714,-10.126054
376.920807,-202.993057,188.325714,-10.126054
376.817749,-203.344620,188.325714,-10.126054
376.584900,-203.990295,188.325714,-10.126054
376.498688,-204.244827,188.325714,-10.126054
376.403870,-204.519547,188.325714,-10.126054
376.297852,-204.812180,188.325714,-10.126054
376.190033,-205.131073,188.325714,-10.126054
375.921631,-205.737320,188.325714,-10.126054
375.797272,-206.037659,188.325714,-10.126054
375.715332,-206.319962,188.325714,-10.126054
375.644379,-206.577011,188.325714,-10.126054
375.579163,-206.891907,188.325714,-10.126054
375.531067,-207.203934,188.325714,-10.126054
375.477417,-207.886459,188.325714,-10.126054
375.485413,-208.259872,188.325714,-10.126054
375.477264,-208.622528,188.325714,-10.126054
375.403839,-208.952042,188.325714,-10.126054
375.318787,-209.258118,188.325714,-10.126054
375.235596,-209.605133,188.325714,-10.126054
375.133392,-210.280273,188.325714,-10.126054
375.107086,-210.576538,188.325714,-10.126054
375.079987,-210.873505,188.325714,-10.126054
375.040649,-211.214813,188.325714,-10.126054
375.001526,-211.536713,188.325714,-10.126054
374.956451,-212.181992,188.325714,-10.126054
374.949890,-212.523544,188.325714,-10.126054
374.976990,-212.894211,188.325714,-10.126054
374.999298,-213.229904,188.325714,-10.126054
374.973236,-213.542770,188.325714,-10.126054
374.911896,-214.238251,188.325714,-10.126054
374.903687,-214.577179,188.325714,-10.126054
374.902527,-214.896820,188.325714,-10.126054
374.912659,-215.224701,188.325714,-10.126054
374.926117,-215.527618,188.325714,-10.126054
374.956604,-216.124374,188.325714,-10.126054
375.015015,-216.448517,188.325714,-10.126054
375.136108,-216.780518,188.325714,-10.126054
375.304596,-217.124954,188.325714,-10.126054
375.521179,-217.477798,188.325714,-10.126054
375.744720,-218.137115,188.325714,-10.126054
375.772552,-218.456116,188.325714,-10.126054
375.788452,-218.800720,188.325714,-10.126054
375.801819,-219.148544,188.325714,-10.126054
375.832550,-219.518921,188.325714,-10.126054
375.959290,-220.167831,188.325714,-10.126054
376.049194,-220.425644,188.325714,-10.126054
376.168243,-220.717560,188.325714,-10.126054
376.301300,-220.981781,188.325714,-10.126054
376.445892,-221.241074,188.325714,-10.126054
376.768097,-221.794128,188.325714,-10.126054
376.975220,-222.135651,188.325714,-10.126054
377.186829,-222.521332,188.325714,-10.126054
377.322968,-222.928741,188.325714,-10.126054
377.368195,-223.269592,188.325714,-10.126054
377.463287,-223.574265,188.325714,-10.126054
377.777771,-224.119568,188.325714,-10.126054
377.967834,-224.375275,188.325714,-10.126054
378.161194,-224.632202,188.325714,-10.126054
378.381897,-224.914566,188.325714,-10.126054
378.590363,-225.186432,188.325714,-10.126054
378.807098,-225.493423,188.325714,-10.126054
379.071045,-226.105957,188.325714,-10.126054
379.161743,-226.411301,188.325714,-10.126054
379.279572,-226.753769,188.325714,-10.126054
379.428955,-227.091171,188.325714,-10.126054
379.622742,-227.401199,188.325714,-10.126054
379.832001,-227.686432,188.325714,-10.126054
380.219818,-228.148071,188.325714,-10.126054
380.411407,-228.374786,188.325714,-10.126054
380.660400,-228.627731,188.325714,-10.126054
380.963470,-228.881912,188.325714,-10.126054
381.326447,-229.155746,188.325714,-10.126054
381.755768,-229.444077,188.325714,-10.126054
382.252228,-230.015427,188.325714,-10.126054
382.423767,-230.288818,188.325714,-10.126054
382.655823,-230.546738,188.325714,-10.126054
382.929810,-230.806427,188.325714,-10.126054
383.202271,-231.060333,188.325714,-10.126054
383.732147,-231.621582,188.325714,-10.126054
383.923676,-231.840118,188.325714,-10.126054
384.146637,-232.080734,188.325714,-10.126054
384.380096,-232.310165,188.325714,-10.126054
384.657928,-232.522308,188.325714,-10.126054
385.379028,-232.892868,188.325714,-10.126054
385.812561,-233.097488,188.325714,-10.126054
386.164978,-233.304947,188.325714,-10.126054
386.407501,-233.535431,188.325714,-10.126054
386.646271,-233.776077,188.325714,-10.126054
387.159882,-234.189880,188.325714,-10.126054
387.411896,-234.383224,188.325714,-10.126054
387.708099,-234.585876,188.325714,-10.126054
387.980377,-234.774216,188.325714,-10.126054
388.183075,-234.923981,188.325714,-10.126054
388.203613,-234.982346,188.325714,-10.126054
388.291138,-235.097076,188.325714,-10.126054
388.380524,-235.161453,188.325714,-10.126054
388.446503,-235.200836,188.325714,-10.126054
388.500854,-235.232178,188.325714,-10.126054
388.680481,-235.228668,188.325714,-10.126054
388.829987,-235.191391,188.325714,-10.126054
388.999481,-235.092041,188.325714,-10.126054
389.218292,-234.898849,188.325714,-10.126054
389.906647,-234.459274,188.325714,-10.126054
390.373291,-234.307770,188.325714,-10.126054
390.856750,-234.107254,188.325714,-10.126054
391.270660,-233.856049,188.325714,-10.126054
391.664063,-233.569061,188.325714,-10.126054
392.320618,-233.124466,188.325714,-10.126054
392.660217,-232.943481,188.325714,-10.126054
392.901062,-232.786148,188.325714,-10.126054
393.079193,-232.658020,188.325714,-10.126054
393.203125,-232.552139,188.325714,-10.126054
393.273895,-232.466476,188.325714,-10.126054
393.321259,-232.381561,188.325714,-10.126054
393.426697,-232.259689,188.325714,-10.126054
393.476868,-232.203064,188.325714,-10.126054
393.555817,-232.128922,188.325714,-10.126054
393.688354,-231.993729,188.325714,-10.126054
393.809509,-231.853485,188.325714,-10.126054
393.907623,-231.711563,188.325714,-10.126054
394.014557,-231.441147,188.325714,-10.126054
394.030487,-231.318253,188.325714,-10.126054
394.014740,-231.218674,188.325714,-10.126054
393.987427,-231.118835,188.325714,-10.126054
393.964294,-231.003387,188.325714,-10.126054
393.942841,-230.832352,188.325714,-10.126054
393.908173,-230.588562,188.325714,-10.126054
393.772552,-229.817551,188.325714,-10.126054
393.676422,-229.333298,188.325714,-10.126054
393.572662,-228.764267,188.325714,-10.126054
393.477142,-228.139816,188.325714,-10.126054
393.437897,-227.515503,188.325714,-10.126054
393.459595,-226.997803,188.325714,-10.126054
393.659821,-226.319397,188.325714,-10.126054
393.824493,-226.033447,188.325714,-10.126054
394.040466,-225.704269,188.325714,-10.126054
394.308105,-225.327469,188.325714,-10.126054
394.564056,-224.977509,188.325714,-10.126054
394.698669,-224.717667,188.325714,-10.126054
394.802429,-224.230835,188.325714,-10.126054
394.865509,-223.957169,188.325714,-10.126054
394.913086,-223.670853,188.325714,-10.126054
394.979462,-223.331940,188.325714,-10.126054
395.010651,-222.933929,188.325714,-10.126054
395.051697,-222.505692,188.325714,-10.126054
395.133575,-222.038330,188.325714,-10.126054
395.417450,-221.016983,188.325714,-10.126054
395.535645,-220.620758,188.325714,-10.126054
395.614197,-220.428543,188.325714,-10.126054
395.704407,-220.290787,188.325714,-10.126054
395.866089,-220.049652,188.325714,-10.126054
396.034637,-219.819489,188.325714,-10.126054
396.310791,-219.388428,188.325714,-10.126054
396.412170,-219.178741,188.325714,-10.126054
396.542023,-218.946564,188.325714,-10.126054
396.734436,-218.654343,188.325714,-10.126054
396.965973,-218.343674,188.325714,-10.126054
397.300903,-217.918579,188.325714,-10.126054
397.868652,-216.991791,188.325714,-10.126054
397.942383,-216.659744,188.325714,-10.126054
398.083099,-216.330597,188.325714,-10.126054
398.315826,-215.971375,188.325714,-10.126054
398.658661,-215.621185,188.325714,-10.126054
399.015320,-215.266495,188.325714,-10.126054
399.397308,-214.879883,188.325714,-10.126054
399.824310,-214.502640,188.325714,-10.126054
400.161011,-214.201447,188.325714,-10.126054
400.344696,-213.998917,188.325714,-10.126054
400.510101,-213.770538,188.325714,-10.126054
400.767822,-213.513077,188.325714,-10.126054
401.148163,-213.183746,188.325714,-10.126054
401.635559,-212.799988,188.325714,-10.126054
402.722015,-212.027832,188.325714,-10.126054
403.066406,-211.833191,188.325714,-10.126054
403.480286,-211.632355,188.325714,-10.126054
403.917572,-211.412277,188.325714,-10.126054
404.376160,-211.098495,188.325714,-10.126054
404.807587,-210.701004,188.325714,-10.126054
405.234009,-210.236588,188.325714,-10.126054
405.675812,-209.697861,188.325714,-10.126054
406.070496,-209.225098,188.325714,-10.126054
406.585480,-208.518356,188.325714,-10.126054
406.792816,-208.243088,188.325714,-10.126054
407.088837,-207.934586,188.325714,-10.126054
407.418213,-207.579056,188.325714,-10.126054
407.763489,-207.132797,188.325714,-10.126054
408.111176,-206.640778,188.325714,-10.126054
408.407776,-206.114685,188.325714,-10.126054
408.565948,-205.652512,188.325714,-10.126054
408.732849,-205.079315,188.325714,-10.126054
408.866608,-204.459015,188.325714,-10.126054
409.142944,-203.146194,188.325714,-10.126054
409.313751,-202.651337,188.325714,-10.126054
409.518097,-202.316574,188.325714,-10.126054
409.734985,-202.100601,188.325714,-10.126054
409.998535,-201.901718,188.325714,-10.126054
410.296448,-201.671692,188.325714,-10.126054
410.615387,-201.378143,188.325714,-10.126054
410.913208,-201.039200,188.325714,-10.126054
411.217285,-200.653183,188.325714,-10.126054
411.526428,-200.251862,188.325714,-10.126054
411.846283,-199.834686,188.325714,-10.126054
412.143646,-199.502213,188.325714,-10.126054
412.351898,-199.220612,188.325714,-10.126054
412.525543,-198.960220,188.325714,-10.126054
412.706329,-198.646881,188.325714,-10.126054
412.890289,-198.292374,188.325714,-10.126054
413.254639,-197.489166,188.325714,-10.126054
413.440491,-197.059036,188.325714,-10.126054
413.581360,-196.619934,188.325714,-10.126054
413.723114,-196.127197,188.325714,-10.126054
413.876129,-195.693863,188.325714,-10.126054
414.080505,-195.320480,188.325714,-10.126054
414.290863,-195.006134,188.325714,-10.126054
414.529755,-194.572052,188.325714,-10.126054
414.809235,-194.158279,188.325714,-10.126054
415.125488,-193.742706,188.325714,-10.126054
415.459442,-193.308319,188.325714,-10.126054
415.796448,-192.871704,188.325714,-10.126054
416.091827,-192.480530,188.325714,-10.126054
416.356110,-192.037903,188.325714,-10.126054
416.573090,-191.581085,188.325714,-10.126054
416.650909,-191.119919,188.325714,-10.126054
416.718018,-190.675629,188.325714,-10.126054
416.822876,-190.223892,188.325714,-10.126054
417.057739,-189.543884,188.325714,-10.126054
417.152222,-189.192627,188.325714,-10.126054
417.262054,-188.848999,188.325714,-10.126054
417.389313,-188.487625,188.325714,-10.126054
417.526062,-188.085938,188.325714,-10.126054
417.697906,-187.692795,188.325714,-10.126054
417.906677,-187.280884,188.325714,-10.126054
418.159149,-186.823471,188.325714,-10.126054
418.409943,-186.353302,188.325714,-10.126054
418.698517,-185.820541,188.325714,-10.126054
419.001007,-185.305969,188.325714,-10.126054
419.277618,-184.810272,188.325714,-10.126054
419.448792,-184.426651,188.325714,-10.126054
419.520935,-184.063522,188.325714,-10.126054
419.555878,-183.635452,188.325714,-10.126054
419.592194,-183.100632,188.325714,-10.126054
419.666321,-182.493347,188.325714,-10.126054
419.727539,-181.947098,188.325714,-10.126054
419.807159,-181.501648,188.325714,-10.126054
419.889191,-181.142807,188.325714,-10.126054
419.966217,-180.818466,188.325714,-10.126054
420.021362,-180.428925,188.325714,-10.126054
420.080078,-180.007690,188.325714,-10.126054
420.128326,-179.580017,188.325714,-10.126054
420.233124,-179.156693,188.325714,-10.126054
420.372314,-178.725983,188.325714,-10.126054
420.524536,-178.259689,188.325714,-10.126054
420.670166,-177.827362,188.325714,-10.126054
420.809418,-177.314346,188.325714,-10.126054
420.919952,-176.768280,188.325714,-10.126054
421.024689,-176.180740,188.325714,-10.126054
421.113922,-175.574188,188.325714,-10.126054
421.215454,-174.967377,188.325714,-10.126054
421.325226,-174.392334,188.325714,-10.126054
421.444855,-173.867233,188.325714,-10.126054
421.529053,-173.486160,188.325714,-10.126054
421.638031,-173.156830,188.325714,-10.126054
421.767181,-172.777283,421.767181,-172.777283
421.906219,-172.396713,421.767181,-172.777283
422.075348,-171.988800,421.767181,-172.777283
422.264008,-171.667862,421.767181,-172.777283
422.401031,-171.569626,421.767181,-172.777283
422.412140,-171.545258,421.767181,-172.777283
422.444275,-171.390060,421.767181,-172.777283
422.363983,-171.407257,421.767181,-172.777283
422.283813,-171.520508,421.767181,-172.777283
422.338837,-171.621338,421.767181,-172.777283
422.509827,-171.747406,421.767181,-172.777283
422.617737,-172.001389,421.767181,-172.777283
422.670197,-172.310791,421.767181,-172.777283
422.671906,-172.655106,421.767181,-172.777283
422.634430,-172.914047,421.767181,-172.777283
422.588501,-173.029541,421.767181,-172.777283
422.588501,-173.029541,421.767181,-172.777283
422.591400,-173.027985,421.767181,-172.777283
422.557953,-173.011978,421.767181,-172.777283
422.405304,-173.071075,421.767181,-172.777283
422.141235,-173.234665,421.767181,-172.777283
421.783386,-173.506683,421.767181,-172.777283
421.429504,-173.798889,421.767181,-172.777283
421.181183,-174.018143,421.767181,-172.777283
421.147003,-174.078308,421.767181,-172.777283
421.190369,-174.122375,421.767181,-172.777283
421.215424,-174.215439,421.767181,-172.777283
421.207489,-174.284973,421.767181,-172.777283
421.136719,-174.365707,421.767181,-172.777283
420.983246,-174.478424,421.767181,-172.777283
420.777863,-174.612137,421.767181,-172.777283
420.574951,-174.727249,421.767181,-172.777283
420.425323,-174.818481,421.767181,-172.777283
420.328217,-174.935074,421.767181,-172.777283
420.238770,-175.109177,421.767181,-172.777283
420.132141,-175.324692,421.767181,-172.777283
420.067078,-175.490112,421.767181,-172.777283
420.000610,-175.578705,421.767181,-172.777283
419.883911,-175.675171,421.767181,-172.777283
419.723236,-175.807968,421.767181,-172.777283
419.541687,-175.970032,421.767181,-172.777283
419.316925,-176.201950,421.767181,-172.777283
419.064087,-176.460831,421.767181,-172.777283
418.797699,-176.744858,421.767181,-172.777283
418.598328,-176.974548,421.767181,-172.777283
418.400055,-177.153275,421.767181,-172.777283
418.182831,-177.381912,421.767181,-172.777283
417.946167,-177.685608,421.767181,-172.777283
417.714630,-178.005753,421.767181,-172.777283
417.566010,-178.251236,421.767181,-172.777283
417.448639,-178.493515,421.767181,-172.777283
417.312500,-178.817917,421.767181,-172.777283
417.181793,-179.278931,421.767181,-172.777283
416.971588,-179.937332,421.767181,-172.777283
416.657562,-180.805038,421.767181,-172.777283
416.281403,-181.843033,421.767181,-172.777283
415.861969,-183.021484,421.767181,-172.777283
415.462982,-184.272980,421.767181,-172.777283
414.978821,-185.401489,421.767181,-172.777283
414.460419,-186.142090,421.767181,-172.777283
413.918762,-186.901413,421.767181,-172.777283
413.398438,-187.715408,421.767181,-172.777283
412.951233,-188.508072,421.767181,-172.777283
412.594910,-189.275131,421.767181,-172.777283
412.390167,-189.995560,421.767181,-172.777283
412.258881,-190.526581,421.767181,-172.777283
412.189514,-190.924683,421.767181,-172.777283
412.178009,-191.267303,421.767181,-172.777283
412.169189,-191.751175,421.767181,-172.777283
412.197388,-192.351105,421.767181,-172.777283
412.233704,-193.067612,421.767181,-172.777283
412.186096,-193.917221,421.767181,-172.777283
412.038605,-194.804886,421.767181,-172.777283
411.802002,-195.606186,421.767181,-172.777283
411.513306,-196.312469,421.767181,-172.777283
411.210419,-196.925339,421.767181,-172.777283
411.026978,-197.352142,421.767181,-172.777283
410.905884,-197.686508,421.767181,-172.777283
410.753387,-197.984497,421.767181,-172.777283
410.565216,-198.216568,421.767181,-172.777283
410.354797,-198.491974,421.767181,-172.777283
410.241241,-198.767349,421.767181,-172.777283
410.136902,-199.049454,421.767181,-172.777283
410.070435,-199.449188,421.767181,-172.777283
410.018219,-199.879196,421.767181,-172.777283
409.985260,-200.347092,421.767181,-172.777283
410.092926,-201.330856,421.767181,-172.777283
410.235626,-201.782532,421.767181,-172.777283
410.426819,-202.188156,421.767181,-172.777283
410.636963,-202.618347,421.767181,-172.777283
410.856201,-202.979828,421.767181,-172.777283
411.031616,-203.207214,421.767181,-172.777283
411.095581,-203.391785,421.767181,-172.777283
410.972565,-203.549652,421.767181,-172.777283
410.790131,-203.673416,421.767181,-172.777283
410.598633,-203.747559,421.767181,-172.777283
410.397186,-203.700333,421.767181,-172.777283
410.115662,-203.643967,421.767181,-172.777283
409.457153,-203.461578,421.767181,-172.777283
409.317230,-203.549133,421.767181,-172.777283
409.396515,-203.794022,421.767181,-172.777283
409.521912,-203.935196,421.767181,-172.777283
409.731689,-204.063431,421.767181,-172.777283
410.014740,-204.196030,421.767181,-172.777283
410.348114,-204.342575,421.767181,-172.777283
410.690033,-204.494888,421.767181,-172.777283
411.042267,-204.844330,421.767181,-172.777283
411.019897,-204.932968,421.767181,-172.777283
410.867432,-204.964600,421.767181,-172.777283
410.780273,-204.966110,421.767181,-172.777283
410.771790,-205.018875,421.767181,-172.777283
410.760101,-205.032974,421.767181,-172.777283
410.791351,-204.979645,421.767181,-172.777283
410.907623,-204.845184,421.767181,-172.777283
410.933563,-204.773209,421.767181,-172.777283
410.919739,-204.744858,421.767181,-172.777283
410.867615,-204.786560,421.767181,-172.777283
410.801270,-204.855896,421.767181,-172.777283
410.785034,-204.884811,421.767181,-172.777283
410.777374,-204.883545,421.767181,-172.777283
410.783813,-204.811447,421.767181,-172.777283
410.768890,-204.782471,421.767181,-172.777283
410.752167,-204.750992,421.767181,-172.777283
410.745209,-204.712997,421.767181,-172.777283
410.752625,-204.681976,421.767181,-172.777283
410.774475,-204.672134,421.767181,-172.777283
410.806824,-204.684525,421.767181,-172.777283
410.837952,-204.698532,421.767181,-172.777283
410.838257,-204.690979,421.767181,-172.777283
410.857727,-204.680801,421.767181,-172.777283
410.889404,-204.665771,421.767181,-172.777283
410.919403,-204.654755,421.767181,-172.777283
410.951202,-204.642548,421.767181,-172.777283
411.009857,-204.607086,421.767181,-172.777283
411.040802,-204.578934,421.767181,-172.777283
411.085327,-204.549988,421.767181,-172.777283
411.143127,-204.526306,421.767181,-172.777283
411.205963,-204.504318,421.767181,-172.777283
411.245178,-204.473862,421.767181,-172.777283
411.279114,-204.440018,421.767181,-172.777283
411.344360,-204.374374,421.767181,-172.777283
411.380524,-204.331818,421.767181,-172.777283
411.406830,-204.291382,421.767181,-172.777283
411.418488,-204.255615,421.767181,-172.777283
411.440765,-204.212540,421.767181,-172.777283
411.467529,-204.171616,421.767181,-172.777283
411.488068,-204.131165,421.767181,-172.777283
411.527283,-204.034195,421.767181,-172.777283
411.549286,-203.988235,421.767181,-172.777283
411.568420,-203.953308,421.767181,-172.777283
411.580994,-203.921432,421.767181,-172.777283
411.586365,-203.892273,421.767181,-172.777283
411.590576,-203.863205,421.767181,-172.777283
411.603607,-203.813492,421.767181,-172.777283
411.616669,-203.791534,421.767181,-172.777283
411.644745,-203.769562,421.767181,-172.777283
411.673676,-203.737625,421.767181,-172.777283
411.705353,-203.693161,421.767181,-172.777283
411.737183,-203.646729,421.767181,-172.777283
411.771637,-203.616547,421.767181,-172.777283
411.809570,-203.560776,421.767181,-172.777283
411.826782,-203.543365,421.767181,-172.777283
411.854706,-203.531403,421.767181,-172.777283
411.888306,-203.517151,421.767181,-172.777283
411.917023,-203.505234,421.767181,-172.777283
411.937164,-203.490494,421.767181,-172.777283
411.948303,-203.466003,421.767181,-172.777283
411.965149,-203.446472,421.767181,-172.777283
411.975952,-203.426834,421.767181,-172.777283
411.980530,-203.409821,421.767181,-172.777283
411.973511,-203.390396,421.767181,-172.777283
411.955322,-203.382141,421.767181,-172.777283
411.934326,-203.389084,421.767181,-172.777283
411.900726,-203.415192,421.767181,-172.777283
411.910522,-203.425659,421.767181,-172.777283
411.924500,-203.414932,421.767181,-172.777283
411.930328,-203.397797,421.767181,-172.777283
411.930603,-203.380539,421.767181,-172.777283
411.930725,-203.372269,421.767181,-172.777283
411.928589,-203.372070,421.767181,-172.777283
411.928589,-203.372070,421.767181,-172.777283
411.932556,-203.369553,421.767181,-172.777283
411.938568,-203.358582,421.767181,-172.777283
411.944702,-203.339325,421.767181,-172.777283
411.955475,-203.317261,421.767181,-172.777283
411.976440,-203.293259,421.767181,-172.777283
412.031799,-203.295166,421.767181,-172.777283
412.060333,-203.344284,421.767181,-172.777283
412.029053,-203.345078,421.767181,-172.777283
412.013824,-203.348038,421.767181,-172.777283
412.017334,-203.350510,421.767181,-172.777283
412.025543,-203.356277,421.767181,-172.777283
412.026062,-203.357407,421.767181,-172.777283
412.026062,-203.357407,421.767181,-172.777283
412.026337,-203.361389,421.767181,-172.777283
412.020691,-203.368805,421.767181,-172.777283
412.011200,-203.377319,421.767181,-172.777283
411.996216,-203.384262,421.767181,-172.777283
411.967651,-203.396820,421.767181,-172.777283
411.953339,-203.403458,421.767181,-172.777283
411.942413,-203.407150,421.767181,-172.777283
411.944885,-203.407379,421.767181,-172.777283
411.943451,-203.407257,421.767181,-172.777283
411.940582,-203.407013,421.767181,-172.777283
411.967255,-203.394623,421.767181,-172.777283
412.037689,-203.366531,421.767181,-172.777283
412.100983,-203.347672,421.767181,-172.777283
412.015656,-203.408051,421.767181,-172.777283
411.910645,-203.460388,421.767181,-172.777283
411.926575,-203.543686,421.767181,-172.777283
411.919373,-203.605042,421.767181,-172.777283
411.931458,-203.592957,421.767181,-172.777283
411.948975,-203.591980,421.767181,-172.777283
411.958038,-203.586060,421.767181,-172.777283
411.980988,-203.575790,421.767181,-172.777283
411.985291,-203.575989,421.767181,-172.777283
412.020294,-203.569916,421.767181,-172.777283
412.043762,-203.578934,421.767181,-172.777283
412.102570,-203.608459,421.767181,-172.777283
412.234436,-203.661942,421.767181,-172.777283
412.354004,-203.678894,421.767181,-172.777283
412.404388,-203.658066,421.767181,-172.777283
412.504303,-203.614914,421.767181,-172.777283
412.605255,-203.597336,421.767181,-172.777283
412.708862,-203.583359,421.767181,-172.777283
412.823730,-203.556335,421.767181,-172.777283
412.968292,-203.497864,421.767181,-172.777283
413.166443,-203.388016,421.767181,-172.777283
413.401154,-203.244400,421.767181,-172.777283
413.915955,-202.878708,421.767181,-172.777283
414.086792,-202.737946,421.767181,-172.777283
414.189758,-202.658066,421.767181,-172.777283
414.313660,-202.641342,421.767181,-172.777283
414.482147,-202.626022,421.767181,-172.777283
414.673187,-202.589401,421.767181,-172.777283
415.175537,-202.566971,421.767181,-172.777283
415.545471,-202.571167,421.767181,-172.777283
415.950195,-202.581253,421.767181,-172.777283
416.362732,-202.603836,421.767181,-172.777283
416.864655,-202.576859,421.767181,-172.777283
417.421082,-202.491516,421.767181,-172.777283
417.967133,-202.356918,421.767181,-172.777283
419.017090,-202.108521,421.767181,-172.777283
419.422455,-202.025742,421.767181,-172.777283
419.681122,-201.923950,421.767181,-172.777283
419.889709,-201.786316,421.767181,-172.777283
420.166351,-201.643768,421.767181,-172.777283
420.498444,-201.560257,421.767181,-172.777283
421.337494,-201.518906,421.767181,-172.777283
421.928314,-201.507523,421.767181,-172.777283
422.598877,-201.469284,421.767181,-172.777283
423.229401,-201.428955,421.767181,-172.777283
423.669830,-201.411163,421.767181,-172.777283
424.063416,-201.356796,421.767181,-172.777283
424.442474,-201.280701,421.767181,-172.777283
425.269409,-200.987747,421.767181,-172.777283
425.813843,-200.754517,421.767181,-172.777283
426.404205,-200.510910,421.767181,-172.777283
427.059265,-200.208038,421.767181,-172.777283
427.661255,-199.893661,421.767181,-172.777283
428.279938,-199.549973,421.767181,-172.777283
429.174225,-199.136215,421.767181,-172.777283
429.482483,-199.090652,421.767181,-172.777283
429.835419,-198.980133,421.767181,-172.777283
430.187012,-198.867264,421.767181,-172.777283
430.540161,-198.722382,421.767181,-172.777283
430.930634,-198.561554,421.767181,-172.777283
431.396454,-198.405563,421.767181,-172.777283
432.404449,-198.051865,421.767181,-172.777283
432.876953,-197.830170,421.767181,-172.777283
433.382385,-197.547974,421.767181,-172.777283
433.992737,-197.225891,421.767181,-172.777283
434.586548,-196.914246,421.767181,-172.777283
435.119324,-196.714752,421.767181,-172.777283
436.184814,-196.393509,421.767181,-172.777283
436.890717,-196.214676,421.767181,-172.777283
437.645355,-196.029938,421.767181,-172.777283
438.411011,-195.899567,421.767181,-172.777283
439.105499,-195.885254,421.767181,-172.777283
439.770508,-195.860764,421.767181,-172.777283
440.486786,-195.811188,421.767181,-172.777283
441.910950,-195.564301,421.767181,-172.777283
442.561218,-195.257889,421.767181,-172.777283
443.159576,-194.835159,421.767181,-172.777283
443.726929,-194.369293,421.767181,-172.777283
444.256897,-193.956390,421.767181,-172.777283
444.787048,-193.523834,421.767181,-172.777283
445.854431,-192.698151,421.767181,-172.777283
446.329529,-192.449600,421.767181,-172.777283
446.739502,-192.321655,421.767181,-172.777283
447.251312,-192.190308,421.767181,-172.777283
447.826263,-192.070114,421.767181,-172.777283
448.460388,-191.992554,421.767181,-172.777283
449.119843,-191.916031,421.767181,-172.777283
450.584686,-191.560883,421.767181,-172.777283
451.399323,-191.291245,421.767181,-172.777283
452.212280,-191.034027,421.767181,-172.777283
452.976440,-190.782181,421.767181,-172.777283
453.656891,-190.602524,421.767181,-172.777283
454.261261,-190.445526,421.767181,-172.777283
454.782043,-190.254807,421.767181,-172.777283
455.562347,-189.742508,421.767181,-172.777283
455.933777,-189.453247,421.767181,-172.777283
456.334137,-189.094299,421.767181,-172.777283
456.761536,-188.751755,421.767181,-172.777283
457.153839,-188.493973,421.767181,-172.777283
457.549866,-188.243958,421.767181,-172.777283
458.445740,-187.580429,421.767181,-172.777283
458.945801,-187.134460,421.767181,-172.777283
459.467102,-186.639557,421.767181,-172.777283
460.034149,-186.079163,421.767181,-172.777283
460.561890,-185.618042,421.767181,-172.777283
461.049866,-185.254211,421.767181,-172.777283
461.505768,-184.916565,421.767181,-172.777283
462.376953,-184.340134,421.767181,-172.777283
462.792572,-184.057220,421.767181,-172.777283
463.195831,-183.769379,421.767181,-172.777283
463.635651,-183.452499,421.767181,-172.777283
464.100220,-183.122360,421.767181,-172.777283
464.644135,-182.722290,421.767181,-172.777283
465.227509,-182.306122,421.767181,-172.777283
466.468842,-181.535339,421.767181,-172.777283
467.051361,-181.205887,421.767181,-172.777283
467.607483,-180.878403,421.767181,-172.777283
468.138367,-180.529449,421.767181,-172.777283
468.598785,-180.101929,421.767181,-172.777283
469.120819,-179.656342,421.767181,-172.777283
469.604065,-179.281708,421.767181,-172.777283
470.543091,-178.644409,421.767181,-172.777283
471.053101,-178.252670,421.767181,-172.777283
471.631561,-177.735474,421.767181,-172.777283
472.241852,-177.129608,421.767181,-172.777283
472.825409,-176.532181,421.767181,-172.777283
473.355408,-176.066818,421.767181,-172.777283
473.842468,-175.686127,421.767181,-172.777283
474.906433,-174.594894,421.767181,-172.777283
475.470917,-173.945038,421.767181,-172.777283
475.999390,-173.405594,421.767181,-172.777283
476.456116,-172.974884,421.767181,-172.777283
476.880280,-172.534958,421.767181,-172.777283
477.328552,-172.033463,421.767181,-172.777283
477.765930,-171.582153,421.767181,-172.777283
478.716888,-170.709702,421.767181,-172.777283
479.265076,-170.205688,421.767181,-172.777283
479.835663,-169.694550,421.767181,-172.777283
480.350159,-169.237152,421.767181,-172.777283
480.876282,-168.773758,421.767181,-172.777283
481.389984,-168.298401,421.767181,-172.777283
482.402649,-167.200836,421.767181,-172.777283
482.903717,-166.607086,421.767181,-172.777283
483.313995,-166.112854,421.767181,-172.777283
483.719025,-165.620514,421.767181,-172.777283
484.113190,-165.030487,421.767181,-172.777283
484.533691,-164.319046,421.767181,-172.777283
484.961060,-163.622101,421.767181,-172.777283
485.769775,-162.561707,421.767181,-172.777283
486.179138,-161.917023,421.767181,-172.777283
486.586182,-161.184006,421.767181,-172.777283
487.026550,-160.501099,421.767181,-172.777283
487.450684,-159.862701,421.767181,-172.777283
487.904816,-159.200272,421.767181,-172.777283
488.846771,-157.859390,421.767181,-172.777283
489.296753,-157.208710,421.767181,-172.777283
489.763794,-156.575546,421.767181,-172.777283
490.243561,-155.934097,421.767181,-172.777283
490.741577,-155.266312,421.767181,-172.777283
491.262238,-154.548019,421.767181,-172.777283
491.764130,-153.802872,421.767181,-172.777283
492.766174,-152.279465,421.767181,-172.777283
493.247528,-151.510864,421.767181,-172.777283
493.719971,-150.742706,421.767181,-172.777283
494.162140,-149.985764,421.767181,-172.777283
494.598999,-149.189590,421.767181,-172.777283
494.936554,-148.427872,421.767181,-172.777283
495.181976,-147.764389,421.767181,-172.777283
495.637054,-146.454697,421.767181,-172.777283
495.773865,-145.692062,421.767181,-172.777283
495.897064,-144.907578,421.767181,-172.777283
496.070953,-144.195801,421.767181,-172.777283
496.323120,-143.512711,421.767181,-172.777283
496.609406,-142.856537,421.767181,-172.777283
497.169922,-141.395309,421.767181,-172.777283
497.443359,-140.622421,421.767181,-172.777283
497.664429,-139.870224,421.767181,-172.777283
497.859406,-139.112366,421.767181,-172.777283
498.038971,-138.316711,421.767181,-172.777283
498.440643,-136.590012,421.767181,-172.777283
498.639435,-135.730377,421.767181,-172.777283
498.776367,-134.924561,421.767181,-172.777283
498.917908,-134.118484,421.767181,-172.777283
499.112518,-133.414841,421.767181,-172.777283
499.766449,-131.945496,421.767181,-172.777283
500.184357,-131.075607,421.767181,-172.777283
500.681396,-130.146545,421.767181,-172.777283
501.203308,-129.227798,421.767181,-172.777283
501.772217,-128.271622,421.767181,-172.777283
502.364380,-127.309479,421.767181,-172.777283
502.927795,-126.327431,421.767181,-172.777283
503.929413,-124.261406,421.767181,-172.777283
504.324127,-123.272087,421.767181,-172.777283
504.643463,-122.287254,421.767181,-172.777283
504.868317,-121.327141,421.767181,-172.777283
504.830597,-120.630920,421.767181,-172.777283
504.671753,-119.978310,421.767181,-172.777283
504.612701,-118.402145,421.767181,-172.777283
504.606323,-117.617050,421.767181,-172.777283
504.677460,-116.836639,421.767181,-172.777283
504.920532,-116.147522,421.767181,-172.777283
505.181458,-115.522423,421.767181,-172.777283
505.419128,-114.876686,421.767181,-172.777283
505.909576,-113.430840,421.767181,-172.777283
506.242767,-112.635658,421.767181,-172.777283
506.579315,-111.876099,421.767181,-172.777283
506.799835,-111.196259,421.767181,-172.777283
506.997314,-110.508705,421.767181,-172.777283
507.202850,-109.801521,421.767181,-172.777283
507.448730,-109.104446,421.767181,-172.777283
507.935089,-107.810486,421.767181,-172.777283
508.201447,-107.103012,421.767181,-172.777283
508.565338,-106.318718,421.767181,-172.777283
508.842712,-105.605766,421.767181,-172.777283
509.053680,-104.946472,421.767181,-172.777283
509.269684,-104.288750,421.767181,-172.777283
509.571106,-103.578636,421.767181,-172.777283
510.159119,-102.188446,421.767181,-172.777283
510.396973,-101.521194,421.767181,-172.777283
510.667633,-100.870056,421.767181,-172.777283
511.061310,-100.233582,421.767181,-172.777283
511.556427,-99.583412,421.767181,-172.777283
512.201294,-98.920425,421.767181,-172.777283
512.902222,-98.297104,421.767181,-172.777283
514.410583,-97.082756,421.767181,-172.777283
514.931213,-96.584846,421.767181,-172.777283
515.483582,-96.056503,421.767181,-172.777283
515.917542,-95.546234,421.767181,-172.777283
516.796936,-94.504395,421.767181,-172.777283
517.301025,-93.925507,421.767181,-172.777283
517.869202,-93.287331,421.767181,-172.777283
518.486755,-92.573097,421.767181,-172.777283
519.501831,-91.152756,421.767181,-172.777283
520.067200,-90.498711,421.767181,-172.777283
520.799011,-89.960022,421.767181,-172.777283
521.674438,-89.557907,421.767181,-172.777283
522.542786,-89.250717,421.767181,-172.777283
523.497009,-88.545784,421.767181,-172.777283
523.957825,-88.182938,421.767181,-172.777283
524.511963,-87.920357,421.767181,-172.777283
525.180481,-87.770531,421.767181,-172.777283
525.875244,-87.681320,421.767181,-172.777283
526.470581,-87.513374,421.767181,-172.777283
526.994690,-87.260345,421.767181,-172.777283
527.546082,-86.987816,421.767181,-172.777283
528.989563,-86.578804,421.767181,-172.777283
529.778076,-86.307388,421.767181,-172.777283
530.502808,-85.930992,421.767181,-172.777283
531.177917,-85.562462,421.767181,-172.777283
531.930725,-85.258911,421.767181,-172.777283
532.781189,-85.010643,421.767181,-172.777283
534.433044,-84.518433,421.767181,-172.777283
535.174072,-84.245201,421.767181,-172.777283
535.892395,-83.993767,421.767181,-172.777283
536.647583,-83.832733,421.767181,-172.777283
538.325195,-83.767464,421.767181,-172.777283
539.260925,-83.795906,421.767181,-172.777283
539.965576,-83.683434,421.767181,-172.777283
540.459351,-83.554535,421.767181,-172.777283
540.960571,-83.584953,421.767181,-172.777283
541.513306,-83.728996,421.767181,-172.777283
542.906006,-84.295181,421.767181,-172.777283
543.618103,-84.491730,421.767181,-172.777283
544.185364,-84.475861,421.767181,-172.777283
544.698975,-84.350883,421.767181,-172.777283
545.311401,-84.306931,421.767181,-172.777283
546.048767,-84.353889,421.767181,-172.777283
546.845337,-84.426453,421.767181,-172.777283
548.540955,-84.503052,421.767181,-172.777283
549.293884,-84.379929,421.767181,-172.777283
550.147949,-84.299263,421.767181,-172.777283
551.011780,-84.235855,421.767181,-172.777283
551.969788,-84.262794,421.767181,-172.777283
552.969727,-84.283157,421.767181,-172.777283
554.794861,-84.071213,421.767181,-172.777283
555.629272,-83.944756,421.767181,-172.777283
556.457092,-83.890831,421.767181,-172.777283
557.341675,-83.961388,421.767181,-172.777283
558.222351,-84.130287,421.767181,-172.777283
559.044434,-84.230843,421.767181,-172.777283
560.273376,-84.368042,421.767181,-172.777283
560.765198,-84.564621,421.767181,-172.777283
561.405823,-84.843857,421.767181,-172.777283
562.134033,-85.202194,421.767181,-172.777283
562.968384,-85.584076,421.767181,-172.777283
563.892029,-85.956642,421.767181,-172.777283
565.562744,-86.840073,421.767181,-172.777283
566.232300,-87.217628,421.767181,-172.777283
566.870361,-87.483101,421.767181,-172.777283
567.507324,-87.623619,421.767181,-172.777283
568.272278,-87.718117,421.767181,-172.777283
569.131409,-87.732498,421.767181,-172.777283
570.047058,-87.708656,421.767181,-172.777283
571.861206,-87.630699,421.767181,-172.777283
572.690125,-87.622070,421.767181,-172.777283
573.469849,-87.689957,421.767181,-172.777283
574.217163,-87.789986,421.767181,-172.777283
575.021606,-87.905396,421.767181,-172.777283
575.779358,-88.064568,421.767181,-172.777283
576.447327,-88.275108,421.767181,-172.777283
577.837097,-88.829102,421.767181,-172.777283
578.567749,-89.098770,421.767181,-172.777283
579.301697,-89.362938,421.767181,-172.777283
580.057678,-89.617096,421.767181,-172.777283
580.825134,-89.856819,421.767181,-172.777283
581.558655,-89.912514,421.767181,-172.777283
582.246155,-89.842651,421.767181,-172.777283
583.949463,-89.634361,421.767181,-172.777283
584.841248,-89.481026,421.767181,-172.777283
585.624451,-89.363007,421.767181,-172.777283
586.434509,-89.279274,421.767181,-172.777283
587.129639,-89.291344,421.767181,-172.777283
587.694885,-89.396210,421.767181,-172.777283
588.357117,-89.584633,421.767181,-172.777283
590.019714,-89.973160,421.767181,-172.777283
590.963074,-90.187050,421.767181,-172.777283
591.907227,-90.420235,421.767181,-172.777283
592.856018,-90.720741,421.767181,-172.777283
593.817139,-91.093010,421.767181,-172.777283
594.841309,-91.463112,421.767181,-172.777283
596.922424,-92.114861,421.767181,-172.777283
597.896057,-92.427094,421.767181,-172.777283
598.839417,-92.729034,421.767181,-172.777283
599.743042,-93.018250,421.767181,-172.777283
600.704041,-93.333801,421.767181,-172.777283
601.343628,-93.397476,421.767181,-172.777283
602.629150,-93.336060,421.767181,-172.777283
603.330505,-93.298584,421.767181,-172.777283
604.056091,-93.247734,421.767181,-172.777283
604.713440,-93.153152,421.767181,-172.777283
605.348389,-93.089119,421.767181,-172.777283
605.936584,-93.046089,421.767181,-172.777283
606.555908,-93.057327,421.767181,-172.777283
607.878845,-93.068398,421.767181,-172.777283
608.631287,-93.065742,421.767181,-172.777283
609.450623,-93.103294,421.767181,-172.777283
610.302124,-93.258011,421.767181,-172.777283
611.207886,-93.402870,421.767181,-172.777283
612.135742,-93.573555,421.767181,-172.777283
614.046631,-94.024277,421.767181,-172.777283
614.857910,-94.203506,421.767181,-172.777283
615.616638,-94.306534,421.767181,-172.777283
616.213257,-94.355484,421.767181,-172.777283
616.796204,-94.342484,421.767181,-172.777283
617.360168,-94.293121,421.767181,-172.777283
618.670776,-94.200165,421.767181,-172.777283
619.449097,-94.134003,421.767181,-172.777283
620.295288,-94.079620,421.767181,-172.777283
621.082153,-94.058548,421.767181,-172.777283
621.664917,-94.119881,421.767181,-172.777283
622.264771,-94.164009,421.767181,-172.777283
623.708984,-94.257874,421.767181,-172.777283
624.592529,-94.338737,421.767181,-172.777283
625.554382,-94.377121,421.767181,-172.777283
626.541504,-94.401878,421.767181,-172.777283
627.546143,-94.418198,421.767181,-172.777283
628.198608,-94.497467,421.767181,-172.777283
629.262756,-94.393349,421.767181,-172.777283
629.988342,-94.255753,421.767181,-172.777283
630.835510,-94.064453,421.767181,-172.777283
631.734680,-93.822662,421.767181,-172.777283
632.698242,-93.599152,421.767181,-172.777283
633.669067,-93.364372,421.767181,-172.777283
634.517090,-93.151230,421.767181,-172.777283
635.791626,-92.877136,421.767181,-172.777283
636.385498,-92.651375,421.767181,-172.777283
637.017273,-92.391960,421.767181,-172.777283
637.629089,-92.130142,421.767181,-172.777283
638.256348,-91.875168,421.767181,-172.777283
638.907471,-91.628120,421.767181,-172.777283
640.212097,-91.388275,421.767181,-172.777283
640.931030,-91.311287,421.767181,-172.777283
641.676392,-91.173058,421.767181,-172.777283
642.513184,-90.940651,421.767181,-172.777283
643.401001,-90.627563,421.767181,-172.777283
644.351013,-90.274574,421.767181,-172.777283
645.274109,-89.933937,421.767181,-172.777283
646.925720,-89.315971,421.767181,-172.777283
647.718506,-88.974358,421.767181,-172.777283
648.468079,-88.659233,421.767181,-172.777283
649.109924,-88.423599,421.767181,-172.777283
649.847290,-88.243294,421.767181,-172.777283
650.551453,-88.097870,421.767181,-172.777283
651.988586,-87.862114,421.767181,-172.777283
652.753540,-87.722084,421.767181,-172.777283
653.599365,-87.527641,421.767181,-172.777283
654.506409,-87.321556,421.767181,-172.777283
655.403259,-87.117233,421.767181,-172.777283
657.032471,-86.797096,421.767181,-172.777283
657.694092,-86.564110,421.767181,-172.777283
658.302185,-86.296837,421.767181,-172.777283
658.945068,-86.042610,421.767181,-172.777283
660.245789,-85.466690,421.767181,-172.777283
660.995117,-85.110870,421.767181,-172.777283
661.713623,-84.777901,421.767181,-172.777283
662.369507,-84.483253,421.767181,-172.777283
663.686218,-83.913002,421.767181,-172.777283
664.463013,-83.560272,421.767181,-172.777283
665.204468,-83.223450,421.767181,-172.777283
665.838562,-82.944199,421.767181,-172.777283
666.454102,-82.696655,421.767181,-172.777283
667.639160,-82.099060,421.767181,-172.777283
668.064087,-81.779984,421.767181,-172.777283
668.339783,-81.528236,421.767181,-172.777283
668.698120,-81.384926,421.767181,-172.777283
668.937866,-81.256851,421.767181,-172.777283
669.430237,-80.537735,421.767181,-172.777283
669.443787,-80.092155,421.767181,-172.777283
669.347839,-79.495399,421.767181,-172.777283
669.291016,-78.744202,421.767181,-172.777283
669.308594,-77.996704,421.767181,-172.777283
669.297729,-76.727196,421.767181,-172.777283
669.143982,-76.298256,421.767181,-172.777283
668.956360,-76.043739,421.767181,-172.777283
668.660400,-75.768105,421.767181,-172.777283
668.318542,-75.548309,421.767181,-172.777283
668.197815,-74.878296,421.767181,-172.777283
668.453369,-74.565331,421.767181,-172.777283
668.679932,-74.331009,421.767181,-172.777283
668.817993,-74.150917,421.767181,-172.777283
668.860229,-74.025192,421.767181,-172.777283
668.646851,-73.808960,421.767181,-172.777283
668.479858,-73.697441,421.767181,-172.777283
668.474915,-73.668594,421.767181,-172.777283
668.613770,-73.560661,421.767181,-172.777283
668.728760,-73.402260,421.767181,-172.777283
668.710693,-73.182632,421.767181,-172.777283
668.602722,-73.108177,421.767181,-172.777283
668.428162,-73.008919,421.767181,-172.777283
668.255615,-72.805702,421.767181,-172.777283
668.088318,-72.454697,421.767181,-172.777283
667.708130,-71.800812,421.767181,-172.777283
667.518188,-71.560913,421.767181,-172.777283
667.345520,-71.392929,421.767181,-172.777283
667.202698,-71.288139,421.767181,-172.777283
667.099731,-71.182076,421.767181,-172.777283
666.814026,-70.751366,421.767181,-172.777283
666.660400,-70.610451,421.767181,-172.777283
666.534668,-70.545776,421.767181,-172.777283
666.392639,-70.531250,421.767181,-172.777283
666.036072,-70.528305,421.767181,-172.777283
665.808533,-70.499710,421.767181,-172.777283
665.556396,-70.507797,421.767181,-172.777283
665.379089,-70.515640,421.767181,-172.777283
665.345459,-70.564156,421.767181,-172.777283
665.360535,-70.605118,421.767181,-172.777283
665.270447,-70.672462,421.767181,-172.777283
665.216431,-70.717384,421.767181,-172.777283
665.152893,-70.763878,421.767181,-172.777283
665.098145,-70.801544,421.767181,-172.777283
665.035950,-70.826149,421.767181,-172.777283
664.938232,-70.873367,421.767181,-172.777283
664.918274,-70.884689,421.767181,-172.777283
664.920105,-70.886490,421.767181,-172.777283
664.946228,-70.880829,421.767181,-172.777283
664.940002,-70.895889,421.767181,-172.777283
664.892212,-70.919991,421.767181,-172.777283
664.841309,-70.943077,421.767181,-172.777283
664.752441,-70.917130,421.767181,-172.777283
664.720093,-70.862633,421.767181,-172.777283
664.688416,-70.799110,421.767181,-172.777283
664.652588,-70.746590,421.767181,-172.777283
664.603210,-70.704536,421.767181,-172.777283
664.553406,-70.668297,421.767181,-172.777283
664.521118,-70.636414,421.767181,-172.777283
664.448242,-70.540161,421.767181,-172.777283
664.443359,-70.491486,421.767181,-172.777283
664.413696,-70.448067,421.767181,-172.777283
664.374268,-70.406059,421.767181,-172.777283
664.338013,-70.367912,421.767181,-172.777283
664.309509,-70.319603,421.767181,-172.777283
664.283752,-70.263733,421.767181,-172.777283
664.246582,-70.148674,421.767181,-172.777283
664.255249,-70.102280,421.767181,-172.777283
664.259094,-70.050743,421.767181,-172.777283
664.248840,-70.005653,421.767181,-172.777283
664.240723,-69.954231,421.767181,-172.777283
664.229919,-69.895927,421.767181,-172.777283
664.216431,-69.781509,421.767181,-172.777283
664.214355,-69.719749,421.767181,-172.777283
664.215820,-69.651901,421.767181,-172.777283
664.221191,-69.575867,421.767181,-172.777283
664.231018,-69.500801,421.767181,-172.777283
664.265808,-69.351036,421.767181,-172.777283
664.293335,-69.272072,421.767181,-172.777283
664.318848,-69.191399,421.767181,-172.777283
664.330322,-69.116936,421.767181,-172.777283
664.346375,-68.951653,421.767181,-172.777283
664.363403,-68.846100,421.767181,-172.777283
664.388367,-68.723656,421.767181,-172.777283
664.411804,-68.607887,421.767181,-172.777283
664.449890,-68.398544,421.767181,-172.777283
664.458557,-68.290497,421.767181,-172.777283
664.482605,-68.169380,421.767181,-172.777283
664.516296,-68.031311,421.767181,-172.777283
664.550476,-67.900955,421.767181,-172.777283
664.601379,-67.670441,421.767181,-172.777283
664.617615,-67.545143,421.767181,-172.777283
664.633423,-67.416519,421.767181,-172.777283
664.656372,-67.263588,421.767181,-172.777283
664.681396,-67.131668,421.767181,-172.777283
664.731079,-66.813690,421.767181,-172.777283
664.762329,-66.640190,421.767181,-172.777283
664.774170,-66.489716,421.767181,-172.777283
664.779846,-66.334106,421.767181,-172.777283
664.793518,-66.008194,421.767181,-172.777283
664.794434,-65.859787,421.767181,-172.777283
664.790955,-65.711662,421.767181,-172.777283
664.787476,-65.534752,421.767181,-172.777283
664.796082,-65.161964,421.767181,-172.777283
664.791443,-64.970840,421.767181,-172.777283
664.779846,-64.819519,421.767181,-172.777283
664.767334,-64.662842,421.767181,-172.777283
664.741638,-64.490799,421.767181,-172.777283
664.692993,-64.137726,421.767181,-172.777283
664.669067,-63.945435,421.767181,-172.777283
664.662964,-63.775307,421.767181,-172.777283
664.656799,-63.598751,421.767181,-172.777283
664.651428,-63.273502,421.767181,-172.777283
664.628357,-63.143181,421.767181,-172.777283
664.589233,-63.040405,421.767181,-172.777283
664.547546,-62.959122,421.767181,-172.777283
664.499939,-62.880844,421.767181,-172.777283
664.420593,-62.746254,421.767181,-172.777283
664.378174,-62.680065,421.767181,-172.777283
664.335999,-62.540798,421.767181,-172.777283
664.323242,-62.404228,421.767181,-172.777283
664.322937,-62.280708,421.767181,-172.777283
664.335876,-62.024487,421.767181,-172.777283
664.343018,-61.919563,421.767181,-172.777283
664.324402,-61.838062,421.767181,-172.777283
664.279114,-61.770618,421.767181,-172.777283
664.217957,-61.651199,421.767181,-172.777283
664.247437,-61.574192,421.767181,-172.777283
664.267639,-61.514072,421.767181,-172.777283
664.284912,-61.466801,421.767181,-172.777283
664.295593,-61.430729,421.767181,-172.777283
664.282043,-61.357613,421.767181,-172.777283
664.264282,-61.317173,421.767181,-172.777283
664.249573,-61.280807,421.767181,-172.777283
664.238708,-61.260502,421.767181,-172.777283
664.241150,-61.261425,421.767181,-172.777283
664.268005,-61.254482,421.767181,-172.777283
664.276489,-61.250599,421.767181,-172.777283
664.276489,-61.250599,421.767181,-172.777283
664.266846,-61.264008,421.767181,-172.777283
664.255493,-61.279728,421.767181,-172.777283
664.251709,-61.284966,421.767181,-172.777283
664.239990,-61.287148,421.767181,-172.777283
664.230164,-61.291553,421.767181,-172.777283
664.221680,-61.295376,421.767181,-172.777283
664.213196,-61.299206,421.767181,-172.777283
664.204590,-61.303753,421.767181,-172.777283
664.196716,-61.307297,421.767181,-172.777283
664.192444,-61.312641,421.767181,-172.777283
664.183899,-61.323338,421.767181,-172.777283
664.180603,-61.324821,421.767181,-172.777283
664.179321,-61.325417,421.767181,-172.777283
664.178040,-61.326012,421.767181,-172.777283
664.178040,-61.326012,421.767181,-172.777283
664.178040,-61.326012,421.767181,-172.777283
664.168030,-61.340023,421.767181,-172.777283
664.159119,-61.322220,421.767181,-172.777283
664.153076,-61.294247,421.767181,-172.777283
664.154053,-61.257580,421.767181,-172.777283
664.158264,-61.213287,421.767181,-172.777283
664.161255,-61.181854,421.767181,-172.777283
664.155457,-61.189953,421.767181,-172.777283
664.148254,-61.180248,421.767181,-172.777283
664.137390,-61.170185,421.767181,-172.777283
664.127380,-61.184200,421.767181,-172.777283
664.116943,-61.198795,421.767181,-172.777283
664.112793,-61.204636,421.767181,-172.777283
664.112610,-61.206776,421.767181,-172.777283
664.112549,-61.207489,421.767181,-172.777283
664.112549,-61.207489,421.767181,-172.777283
664.112549,-61.207489,421.767181,-172.777283
664.112549,-61.207489,421.767181,-172.777283
664.122131,-61.194046,421.767181,-172.777283
664.137085,-61.172997,421.767181,-172.777283
664.158264,-61.143166,421.767181,-172.777283
664.183167,-61.108063,421.767181,-172.777283
664.194397,-61.092270,421.767181,-172.777283
664.192322,-61.095192,421.767181,-172.777283
664.192322,-61.095192,421.767181,-172.777283
664.192261,-61.095905,421.767181,-172.777283
664.192261,-61.095905,421.767181,-172.777283
664.194397,-61.097286,421.767181,-172.777283
664.194824,-61.096703,421.767181,-172.777283
664.196533,-61.098667,421.767181,-172.777283
664.198181,-61.096329,421.767181,-172.777283
664.200745,-61.108829,421.767181,-172.777283
664.208923,-61.153587,421.767181,-172.777283
664.217651,-61.179661,421.767181,-172.777283
664.233826,-61.206448,421.767181,-172.777283
664.256287,-61.226265,421.767181,-172.777283
664.285828,-61.230526,421.767181,-172.777283
664.382080,-61.229511,421.767181,-172.777283
664.444153,-61.226292,421.767181,-172.777283
664.480774,-61.235401,421.767181,-172.777283
664.486877,-61.251072,421.767181,-172.777283
664.524902,-61.243633,421.767181,-172.777283
664.538818,-61.223602,421.767181,-172.777283
664.568542,-61.241173,421.767181,-172.777283
664.599426,-61.260223,421.767181,-172.777283
664.620972,-61.228889,421.767181,-172.777283
664.692505,-61.280033,421.767181,-172.777283
664.732178,-61.308468,421.767181,-172.777283
664.779663,-61.342014,421.767181,-172.777283
664.812439,-61.293152,421.767181,-172.777283
664.854980,-61.229252,421.767181,-172.777283
664.924133,-61.124432,421.767181,-172.777283
664.961365,-61.067333,421.767181,-172.777283
665.011230,-60.990181,421.767181,-172.777283
665.064209,-60.907372,421.767181,-172.777283
665.181519,-60.720913,421.767181,-172.777283
665.249023,-60.611652,421.767181,-172.777283
665.337097,-60.467014,421.767181,-172.777283
665.492126,-60.560814,421.767181,-172.777283
665.557739,-60.450397,421.767181,-172.777283
665.703918,-60.199211,421.767181,-172.777283
665.889343,-60.304962,421.767181,-172.777283
666.119690,-60.433372,421.767181,-172.777283
666.358582,-60.561874,421.767181,-172.777283
666.513916,-60.640434,421.767181,-172.777283
666.803650,-60.833023,421.767181,-172.777283
666.961487,-61.001793,421.767181,-172.777283
667.105286,-61.187645,421.767181,-172.777283
667.285767,-61.404854,421.767181,-172.777283
667.452332,-61.529579,421.767181,-172.777283
667.649780,-61.624889,421.767181,-172.777283
668.171692,-61.857903,421.767181,-172.777283
668.534241,-62.012905,421.767181,-172.777283
668.909546,-62.162483,421.767181,-172.777283
669.192810,-62.263065,421.767181,-172.777283
669.394775,-62.330044,421.767181,-172.777283
669.768738,-62.458027,421.767181,-172.777283
669.985718,-62.535301,421.767181,-172.777283
670.179749,-62.616062,421.767181,-172.777283
670.429504,-62.717083,421.767181,-172.777283
670.684021,-62.815655,421.767181,-172.777283
671.018494,-62.932232,421.767181,-172.777283
671.573059,-63.103836,421.767181,-172.777283
671.739380,-63.163830,421.767181,-172.777283
671.979736,-63.275616,421.767181,-172.777283
672.238953,-63.389484,421.767181,-172.777283
672.494873,-63.487869,421.767181,-172.777283
672.747986,-63.560966,421.767181,-172.777283
673.249817,-63.729355,421.767181,-172.777283
673.506470,-63.801170,421.767181,-172.777283
673.783936,-63.879013,421.767181,-172.777283
674.048523,-63.947308,421.767181,-172.777283
674.293030,-64.014236,421.767181,-172.777283
674.563538,-64.098854,421.767181,-172.777283
675.038879,-64.236214,421.767181,-172.777283
675.264099,-64.288162,421.767181,-172.777283
675.538513,-64.340164,421.767181,-172.777283
675.848450,-64.358620,421.767181,-172.777283
676.178406,-64.349030,421.767181,-172.777283
676.527954,-64.327370,421.767181,-172.777283
677.120667,-64.371819,421.767181,-172.777283
677.357727,-64.430191,421.767181,-172.777283
677.653198,-64.476021,421.767181,-172.777283
677.941589,-64.509941,421.767181,-172.777283
678.229492,-64.537498,421.767181,-172.777283
678.514648,-64.563683,421.767181,-172.777283
679.066101,-64.609695,421.767181,-172.777283
679.370239,-64.626938,421.767181,-172.777283
679.662476,-64.637093,421.767181,-172.777283
679.909363,-64.626068,421.767181,-172.777283
680.170227,-64.626816,421.767181,-172.777283
680.773621,-64.627274,421.767181,-172.777283
681.103943,-64.581123,421.767181,-172.777283
681.452026,-64.509560,421.767181,-172.777283
681.773071,-64.483566,421.767181,-172.777283
682.061584,-64.503174,421.767181,-172.777283
682.651733,-64.461006,421.767181,-172.777283
682.930664,-64.408173,421.767181,-172.777283
683.167725,-64.358070,421.767181,-172.777283
683.417053,-64.321640,421.767181,-172.777283
683.661438,-64.287766,421.767181,-172.777283
684.210083,-64.180237,421.767181,-172.777283
684.543396,-64.116066,421.767181,-172.777283
684.908081,-64.060654,421.767181,-172.777283
685.272034,-64.037415,421.767181,-172.777283
685.543579,-64.008484,421.767181,-172.777283
686.025024,-63.941586,421.767181,-172.777283
686.278503,-63.897305,421.767181,-172.777283
686.531921,-63.852474,421.767181,-172.777283
686.803406,-63.788963,421.767181,-172.777283
687.072266,-63.712837,421.767181,-172.777283
687.601868,-63.598370,421.767181,-172.777283
687.869873,-63.533688,421.767181,-172.777283
688.125549,-63.465939,421.767181,-172.777283
688.335693,-63.396202,421.767181,-172.777283
688.595459,-63.294361,421.767181,-172.777283
689.130859,-63.029945,421.767181,-172.777283
689.394348,-62.916130,421.767181,-172.777283
689.656494,-62.858692,421.767181,-172.777283
689.922668,-62.791264,421.767181,-172.777283
690.454041,-62.618053,421.767181,-172.777283
690.682129,-62.535675,421.767181,-172.777283
690.902405,-62.445732,421.767181,-172.777283
691.133179,-62.350094,421.767181,-172.777283
691.380615,-62.262833,421.767181,-172.777283
691.619751,-62.180931,421.767181,-172.777283
692.123413,-61.879517,421.767181,-172.777283
692.384277,-61.726940,421.767181,-172.777283
692.666931,-61.620636,421.767181,-172.777283
692.959351,-61.516243,421.767181,-172.777283
693.181519,-61.425606,421.767181,-172.777283
693.405884,-61.332485,421.767181,-172.777283
693.870300,-61.121574,421.767181,-172.777283
694.133362,-60.958241,421.767181,-172.777283
694.368530,-60.781197,421.767181,-172.777283
694.614441,-60.625668,421.767181,-172.777283
694.837769,-60.522106,421.767181,-172.777283
695.313904,-60.276188,421.767181,-172.777283
695.591248,-60.104893,421.767181,-172.777283
695.869385,-59.929447,421.767181,-172.777283
696.150757,-59.755703,421.767181,-172.777283
696.353882,-59.613415,421.767181,-172.777283
696.798889,-59.321846,421.767181,-172.777283
697.006348,-59.171204,421.767181,-172.777283
697.236328,-58.982533,421.767181,-172.777283
697.471130,-58.782860,421.767181,-172.777283
697.737671,-58.559643,421.767181,-172.777283
698.223816,-58.135735,421.767181,-172.777283
698.362000,-57.993099,421.767181,-172.777283
698.546082,-57.811493,421.767181,-172.777283
698.750244,-57.583530,421.767181,-172.777283
698.999512,-57.277691,421.767181,-172.777283
699.287354,-57.008663,421.767181,-172.777283
699.742126,-56.681622,421.767181,-172.777283
699.943176,-56.487820,421.767181,-172.777283
700.148987,-56.312500,421.767181,-172.777283
700.364929,-56.063358,421.767181,-172.777283
700.569580,-55.746983,421.767181,-172.777283
701.009277,-55.091740,421.767181,-172.777283
701.231567,-54.873081,421.767181,-172.777283
701.423828,-54.655525,421.767181,-172.777283
701.605591,-54.455757,421.767181,-172.777283
701.808472,-54.232292,421.767181,-172.777283
702.038147,-53.971691,421.767181,-172.777283
702.516357,-53.523617,421.767181,-172.777283
702.756714,-53.313156,421.767181,-172.777283
702.959167,-53.082920,421.767181,-172.777283
703.132629,-52.833401,421.767181,-172.777283
703.304382,-52.551277,421.767181,-172.777283
703.636536,-52.003864,421.767181,-172.777283
703.807556,-51.763203,421.767181,-172.777283
703.974487,-51.523155,421.767181,-172.777283
704.147766,-51.256531,421.767181,-172.777283
704.310974,-50.994213,421.767181,-172.777283
704.494995,-50.682884,421.767181,-172.777283
704.807861,-50.058899,421.767181,-172.777283
704.879883,-49.919609,421.767181,-172.777283
704.827881,-49.921299,421.767181,-172.777283
704.795959,-49.807400,421.767181,-172.777283
704.798218,-49.688862,421.767181,-172.777283
704.876282,-49.482121,421.767181,-172.777283
704.942810,-49.245731,421.767181,-172.777283
704.819763,-48.910740,421.767181,-172.777283
704.701599,-48.770222,421.767181,-172.777283
704.650208,-48.633743,421.767181,-172.777283
704.637268,-48.510754,421.767181,-172.777283
704.617676,-48.397308,421.767181,-172.777283
704.523193,-48.245773,421.767181,-172.777283
704.353821,-48.042625,421.767181,-172.777283
703.992859,-47.422497,421.767181,-172.777283
703.832397,-47.040245,421.767181,-172.777283
703.652832,-46.716434,421.767181,-172.777283
703.452637,-46.452564,421.767181,-172.777283
703.255737,-46.279301,421.767181,-172.777283
703.110046,-46.152767,421.767181,-172.777283
702.969177,-45.934471,421.767181,-172.777283
702.794617,-45.644875,421.767181,-172.777283
702.737671,-45.577156,421.767181,-172.777283
702.689880,-45.551563,421.767181,-172.777283
702.660278,-45.534042,421.767181,-172.777283
702.623474,-45.523510,421.767181,-172.777283
702.565674,-45.526360,421.767181,-172.777283
702.468384,-45.509449,421.767181,-172.777283
702.228638,-45.391273,421.767181,-172.777283
702.071472,-45.279331,421.767181,-172.777283
701.955627,-45.251762,421.767181,-172.777283
701.821716,-45.253841,421.767181,-172.777283
701.641174,-45.283096,421.767181,-172.777283
701.343445,-45.323017,421.767181,-172.777283
700.926941,-45.391720,421.767181,-172.777283
700.414185,-45.464417,421.767181,-172.777283
699.526245,-45.596001,421.767181,-172.777283
699.139282,-45.626751,421.767181,-172.777283
698.745605,-45.643246,421.767181,-172.777283
698.285034,-45.654049,421.767181,-172.777283
697.733704,-45.626331,421.767181,-172.777283
697.231995,-45.582390,421.767181,-172.777283
696.650818,-45.211647,421.767181,-172.777283
696.261536,-44.941303,421.767181,-172.777283
695.839966,-44.730213,421.767181,-172.777283
695.466370,-44.678551,421.767181,-172.777283
695.146484,-44.732212,421.767181,-172.777283
694.793091,-44.768368,421.767181,-172.777283
694.360229,-44.790337,421.767181,-172.777283
693.358093,-44.824894,421.767181,-172.777283
692.916138,-44.861614,421.767181,-172.777283
692.539185,-44.865025,421.767181,-172.777283
692.296753,-44.827663,421.767181,-172.777283
692.117432,-44.747643,421.767181,-172.777283
691.846497,-44.612061,421.767181,-172.777283
691.083801,-44.226608,421.767181,-172.777283
690.623474,-43.918491,421.767181,-172.777283
690.185852,-43.554543,421.767181,-172.777283
689.799438,-43.241821,421.767181,-172.777283
689.271118,-42.976444,421.767181,-172.777283
689.072510,-42.952034,421.767181,-172.777283
688.783020,-42.926884,421.767181,-172.777283
688.406372,-42.850266,421.767181,-172.777283
687.928040,-42.687756,421.767181,-172.777283
687.371521,-42.441376,421.767181,-172.777283
686.352661,-42.382595,421.767181,-172.777283
685.996399,-42.331657,421.767181,-172.777283
685.835083,-42.246658,421.767181,-172.777283
685.615662,-42.131538,421.767181,-172.777283
685.265259,-41.963810,421.767181,-172.777283
684.865479,-41.767273,421.767181,-172.777283
684.530762,-41.651962,421.767181,-172.777283
684.276733,-41.601238,421.767181,-172.777283
683.999084,-41.517494,421.767181,-172.777283
683.667358,-41.354610,421.767181,-172.777283
682.780151,-40.759415,421.767181,-172.777283
682.272888,-40.347256,421.767181,-172.777283
681.774597,-39.896755,421.767181,-172.777283
681.438416,-39.615681,421.767181,-172.777283
681.189453,-39.470058,421.767181,-172.777283
680.952026,-39.391251,421.767181,-172.777283
680.404724,-39.125809,421.767181,-172.777283
680.148071,-38.975414,421.767181,-172.777283
679.882385,-38.827660,421.767181,-172.777283
679.606201,-38.697975,421.767181,-172.777283
679.333679,-38.564045,421.767181,-172.777283
679.030029,-38.417484,421.767181,-172.777283
678.675415,-38.259609,421.767181,-172.777283
678.227417,-38.091419,421.767181,-172.777283
677.711792,-37.942875,421.767181,-172.777283
677.246155,-37.794315,421.767181,-172.777283
676.574707,-37.341759,421.767181,-172.777283
676.220093,-37.001637,421.767181,-172.777283
675.851990,-36.639149,421.767181,-172.777283
675.568542,-36.383850,421.767181,-172.777283
675.312561,-36.212246,421.767181,-172.777283
675.010376,-35.984192,421.767181,-172.777283
674.667053,-35.757160,421.767181,-172.777283
674.351135,-35.535446,421.767181,-172.777283
674.025146,-35.294178,421.767181,-172.777283
673.655640,-35.009876,421.767181,-172.777283
673.301147,-34.763885,421.767181,-172.777283
672.980713,-34.587669,421.767181,-172.777283
672.608765,-34.404484,421.767181,-172.777283
671.769592,-33.938637,421.767181,-172.777283
671.393005,-33.603569,421.767181,-172.777283
670.966858,-33.217789,421.767181,-172.777283
670.442932,-32.760437,421.767181,-172.777283
669.854370,-32.292847,421.767181,-172.777283
669.240723,-31.855534,421.767181,-172.777283
668.676941,-31.470961,421.767181,-172.777283
668.206360,-31.148951,421.767181,-172.777283
667.777283,-30.818438,421.767181,-172.777283
667.319946,-30.512043,421.767181,-172.777283
666.881836,-30.261471,421.767181,-172.777283
666.471191,-30.054537,421.767181,-172.777283
666.098206,-29.943312,421.767181,-172.777283
665.723755,-29.830990,421.767181,-172.777283
664.917053,-29.492069,421.767181,-172.777283
664.483459,-29.303385,421.767181,-172.777283
664.100281,-29.072691,421.767181,-172.777283
663.694397,-28.836769,421.767181,-172.777283
663.283997,-28.641602,421.767181,-172.777283
662.884277,-28.468401,421.767181,-172.777283
662.478088,-28.267607,421.767181,-172.777283
662.105896,-28.072712,421.767181,-172.777283
661.708740,-27.902876,421.767181,-172.777283
661.306335,-27.713686,421.767181,-172.777283
660.858215,-27.495083,421.767181,-172.777283
659.962036,-27.084717,421.767181,-172.777283
659.565918,-26.913774,421.767181,-172.777283
659.195068,-26.759377,421.767181,-172.777283
658.789917,-26.609341,421.767181,-172.777283
658.366028,-26.479755,421.767181,-172.777283
657.920837,-26.335516,421.767181,-172.777283
657.496155,-26.196594,421.767181,-172.777283
657.106567,-26.026482,421.767181,-172.777283
656.704346,-25.870098,421.767181,-172.777283
656.270142,-25.739340,421.767181,-172.777283
655.805908,-25.606018,421.767181,-172.777283
655.367188,-25.471273,421.767181,-172.777283
654.945679,-25.321215,421.767181,-172.777283
654.547668,-25.183037,421.767181,-172.777283
654.123657,-25.030691,421.767181,-172.777283
653.684082,-24.894444,421.767181,-172.777283
653.224915,-24.737219,421.767181,-172.777283
652.728577,-24.575150,421.767181,-172.777283
652.168518,-24.422237,421.767181,-172.777283
651.549500,-24.283844,421.767181,-172.777283
650.977539,-24.127363,421.767181,-172.777283
650.514648,-23.943184,421.767181,-172.777283
650.129639,-23.809196,421.767181,-172.777283
649.709778,-23.684721,421.767181,-172.777283
649.277954,-23.562540,421.767181,-172.777283
648.771240,-23.417507,421.767181,-172.777283
648.239929,-23.263767,421.767181,-172.777283
647.753174,-23.095089,421.767181,-172.777283
647.330872,-22.943367,421.767181,-172.777283
646.849548,-22.739902,646.849548,-22.739902
646.334595,-22.567139,646.849548,-22.739902
645.884216,-22.440010,646.849548,-22.739902
645.537354,-22.362028,646.849548,-22.739902
645.424438,-22.343008,646.849548,-22.739902
645.557678,-22.299023,646.849548,-22.739902
645.451721,-22.341539,646.849548,-22.739902
645.351257,-22.350018,646.849548,-22.739902
645.215454,-22.319065,646.849548,-22.739902
645.215454,-22.319065,646.849548,-22.739902
645.061462,-22.229975,646.849548,-22.739902
644.981934,-22.155970,646.849548,-22.739902
644.966675,-22.139292,646.849548,-22.739902
645.025513,-22.207458,646.849548,-22.739902
645.145996,-22.374430,646.849548,-22.739902
645.266296,-22.564695,646.849548,-22.739902
645.287415,-22.673912,646.849548,-22.739902
645.235046,-22.710344,646.849548,-22.739902
645.191284,-22.731136,646.849548,-22.739902
645.205017,-22.782246,646.849548,-22.739902
645.302063,-22.897116,646.849548,-22.739902
645.455322,-23.055538,646.849548,-22.739902
645.637024,-23.227854,646.849548,-22.739902
645.866882,-23.433922,646.849548,-22.739902
645.998291,-23.522614,646.849548,-22.739902
646.016663,-23.524473,646.849548,-22.739902
646.015015,-23.525448,646.849548,-22.739902
646.064453,-23.580368,646.849548,-22.739902
646.155396,-23.675615,646.849548,-22.739902
646.263977,-23.792667,646.849548,-22.739902
646.401001,-23.939129,646.849548,-22.739902
646.521484,-24.089733,646.849548,-22.739902
646.640869,-24.258211,646.849548,-22.739902
646.796997,-24.486504,646.849548,-22.739902
646.796997,-24.486504,646.849548,-22.739902
647.007507,-24.764893,646.849548,-22.739902
647.292664,-25.028200,646.849548,-22.739902
647.703857,-25.279600,646.849548,-22.739902
648.243042,-25.591898,646.849548,-22.739902
648.726563,-25.849386,646.849548,-22.739902
649.173767,-26.034384,646.849548,-22.739902
649.621338,-26.189608,646.849548,-22.739902
650.118164,-26.368700,646.849548,-22.739902
650.561646,-26.573689,646.849548,-22.739902
651.006287,-26.879980,646.849548,-22.739902
651.378906,-27.198278,646.849548,-22.739902
651.606689,-27.447409,646.849548,-22.739902
651.711365,-27.635773,646.849548,-22.739902
651.801575,-27.822060,646.849548,-22.739902
651.950195,-28.069691,646.849548,-22.739902
652.162231,-28.353600,646.849548,-22.739902
652.438660,-28.669495,646.849548,-22.739902
652.690063,-28.966585,646.849548,-22.739902
652.866882,-29.210764,646.849548,-22.739902
653.039063,-29.415234,646.849548,-22.739902
653.269836,-29.614151,646.849548,-22.739902
653.581116,-29.822277,646.849548,-22.739902
653.954590,-30.032408,646.849548,-22.739902
654.375427,-30.085115,646.849548,-22.739902
654.715210,-30.081703,646.849548,-22.739902
655.056885,-30.103895,646.849548,-22.739902
656.280090,-30.144938,646.849548,-22.739902
657.202576,-30.219904,646.849548,-22.739902
658.279785,-30.308325,646.849548,-22.739902
659.521545,-30.399206,646.849548,-22.739902
660.823425,-30.503466,646.849548,-22.739902
662.095947,-30.452520,646.849548,-22.739902
663.155701,-30.282804,646.849548,-22.739902
663.784790,-30.350746,646.849548,-22.739902
664.218018,-30.555086,646.849548,-22.739902
664.612366,-30.687584,646.849548,-22.739902
665.023438,-30.761364,646.849548,-22.739902
666.098816,-30.849854,646.849548,-22.739902
666.792908,-30.778526,646.849548,-22.739902
667.517395,-30.557755,646.849548,-22.739902
668.169983,-30.295181,646.849548,-22.739902
668.881714,-29.989964,646.849548,-22.739902
669.586792,-29.691179,646.849548,-22.739902
670.209656,-29.529957,646.849548,-22.739902
670.704651,-29.490637,646.849548,-22.739902
671.062134,-29.552277,646.849548,-22.739902
671.347046,-29.721149,646.849548,-22.739902
671.552551,-29.744501,646.849548,-22.739902
672.185120,-29.836136,646.849548,-22.739902
672.441895,-29.852991,646.849548,-22.739902
672.697998,-29.816101,646.849548,-22.739902
673.006165,-29.752193,646.849548,-22.739902
673.399902,-29.689606,646.849548,-22.739902
673.888062,-29.640078,646.849548,-22.739902
674.444092,-29.572201,646.849548,-22.739902
675.016357,-29.380270,646.849548,-22.739902
675.541687,-29.163637,646.849548,-22.739902
676.030396,-28.945955,646.849548,-22.739902
676.633545,-28.463192,646.849548,-22.739902
676.681641,-28.215555,646.849548,-22.739902
676.645447,-28.017347,646.849548,-22.739902
676.550476,-27.762413,646.849548,-22.739902
676.418701,-27.602016,646.849548,-22.739902
676.268066,-27.559790,646.849548,-22.739902
676.348145,-27.526564,646.849548,-22.739902
676.377930,-27.624626,646.849548,-22.739902
676.378418,-27.770395,646.849548,-22.739902
676.355164,-27.918756,646.849548,-22.739902
676.344421,-28.034229,646.849548,-22.739902
676.380493,-28.029774,646.849548,-22.739902
676.481689,-28.027601,646.849548,-22.739902
676.582886,-28.013479,646.849548,-22.739902
676.646301,-28.021318,646.849548,-22.739902
676.656372,-28.010042,646.849548,-22.739902
676.651123,-27.969482,646.849548,-22.739902
676.686584,-27.938160,646.849548,-22.739902
676.855286,-27.907480,646.849548,-22.739902
676.883545,-27.928167,646.849548,-22.739902
676.864990,-27.907198,646.849548,-22.739902
676.848755,-27.893019,646.849548,-22.739902
676.846680,-27.884571,646.849548,-22.739902
676.798462,-27.899109,646.849548,-22.739902
676.469238,-27.805494,646.849548,-22.739902
676.295288,-27.704262,646.849548,-22.739902
676.134094,-27.549253,646.849548,-22.739902
675.948547,-27.451178,646.849548,-22.739902
675.884155,-27.426508,646.849548,-22.739902
675.965637,-27.421896,646.849548,-22.739902
676.016113,-27.366026,646.849548,-22.739902
675.984131,-27.238098,646.849548,-22.739902
675.953186,-27.191406,646.849548,-22.739902
675.927063,-27.200375,646.849548,-22.739902
675.917786,-27.238373,646.849548,-22.739902
675.889954,-27.314417,646.849548,-22.739902
675.833008,-27.416048,646.849548,-22.739902
675.720886,-27.584530,646.849548,-22.739902
675.724060,-27.605612,646.849548,-22.739902
675.737549,-27.555721,646.849548,-22.739902
675.740051,-27.485060,646.849548,-22.739902
675.743713,-27.411400,646.849548,-22.739902
675.731445,-27.344358,646.849548,-22.739902
675.709290,-27.293955,646.849548,-22.739902
675.667419,-27.218529,646.849548,-22.739902
675.640625,-27.186073,646.849548,-22.739902
675.607361,-27.150620,646.849548,-22.739902
675.564819,-27.128920,646.849548,-22.739902
675.506775,-27.137760,646.849548,-22.739902
675.460449,-27.148762,646.849548,-22.739902
675.454285,-27.154907,646.849548,-22.739902
675.472412,-27.152245,646.849548,-22.739902
675.480774,-27.155119,646.849548,-22.739902
675.477478,-27.152386,646.849548,-22.739902
675.477478,-27.152386,646.849548,-22.739902
675.477478,-27.152386,646.849548,-22.739902
675.476135,-27.144913,646.849548,-22.739902
675.460388,-27.141020,646.849548,-22.739902
675.452759,-27.129316,646.849548,-22.739902
675.455994,-27.108038,646.849548,-22.739902
675.459595,-27.084631,646.849548,-22.739902
675.463501,-27.059099,646.849548,-22.739902
675.474365,-27.037554,646.849548,-22.739902
675.505981,-27.004791,646.849548,-22.739902
675.516541,-26.990158,646.849548,-22.739902
675.523743,-26.973530,646.849548,-22.739902
675.530151,-26.957882,646.849548,-22.739902
675.535278,-26.942751,646.849548,-22.739902
675.538208,-26.929787,646.849548,-22.739902
675.544434,-26.905781,646.849548,-22.739902
675.547485,-26.896139,646.849548,-22.739902
675.551453,-26.885572,646.849548,-22.739902
675.558105,-26.880671,646.849548,-22.739902
675.566528,-26.879805,646.849548,-22.739902
675.570740,-26.881035,646.849548,-22.739902
675.572388,-26.869989,646.849548,-22.739902
675.575012,-26.863949,646.849548,-22.739902
675.575745,-26.857861,646.849548,-22.739902
675.577271,-26.856737,646.849548,-22.739902
675.579651,-26.854710,646.849548,-22.739902
675.578430,-26.854425,646.849548,-22.739902
675.576538,-26.851755,646.849548,-22.739902
675.577026,-26.849663,646.849548,-22.739902
675.577881,-26.848764,646.849548,-22.739902
675.580811,-26.847271,646.849548,-22.739902
675.585449,-26.846581,646.849548,-22.739902
675.588379,-26.847683,646.849548,-22.739902
675.588379,-26.847683,646.849548,-22.739902
675.585144,-26.845379,646.849548,-22.739902
675.584290,-26.846270,646.849548,-22.739902
675.584290,-26.846270,646.849548,-22.739902
675.584473,-26.846960,646.849548,-22.739902
675.584473,-26.846960,646.849548,-22.739902
675.584473,-26.846960,646.849548,-22.739902
675.584839,-26.848341,646.849548,-22.739902
675.585205,-26.849722,646.849548,-22.739902
675.585815,-26.851793,646.849548,-22.739902
675.586426,-26.853865,646.849548,-22.739902
675.584717,-26.855646,646.849548,-22.739902
675.583008,-26.857428,646.849548,-22.739902
675.583679,-26.858620,646.849548,-22.739902
675.583496,-26.857929,646.849548,-22.739902
675.583679,-26.858620,646.849548,-22.739902
675.584717,-26.857038,646.849548,-22.739902
675.585938,-26.854765,646.849548,-22.739902
675.586792,-26.853882,646.849548,-22.739902
675.587341,-26.851801,646.849548,-22.739902
675.584473,-26.848066,646.849548,-22.739902
675.585938,-26.845110,646.849548,-22.739902
675.586304,-26.843725,646.849548,-22.739902
675.582336,-26.844124,646.849548,-22.739902
675.581055,-26.846378,646.849548,-22.739902
675.574158,-26.857121,646.849548,-22.739902
675.569214,-26.860937,646.849548,-22.739902
675.561340,-26.859064,646.849548,-22.739902
675.557068,-26.853724,646.849548,-22.739902
675.556702,-26.850620,646.849548,-22.739902
675.553345,-26.848883,646.849548,-22.739902
675.546326,-26.839706,646.849548,-22.739902
675.498413,-26.782799,646.849548,-22.739902
675.435364,-26.713526,646.849548,-22.739902
675.382751,-26.655148,646.849548,-22.739902
675.377014,-26.641809,646.849548,-22.739902
675.376953,-26.633535,646.849548,-22.739902
675.378601,-26.628044,646.849548,-22.739902
675.387817,-26.602337,646.849548,-22.739902
675.379333,-26.574957,646.849548,-22.739902
675.351257,-26.526573,646.849548,-22.739902
675.308777,-26.463663,646.849548,-22.739902
675.280334,-26.410267,646.849548,-22.739902
675.279724,-26.384914,646.849548,-22.739902
675.271240,-26.300804,646.849548,-22.739902
675.263977,-26.259117,646.849548,-22.739902
675.259155,-26.211784,646.849548,-22.739902
675.258301,-26.154015,646.849548,-22.739902
675.257141,-26.084858,646.849548,-22.739902
675.248352,-26.004675,646.849548,-22.739902
675.226379,-25.864403,646.849548,-22.739902
675.210876,-25.784445,646.849548,-22.739902
675.192505,-25.696856,646.849548,-22.739902
675.179749,-25.586967,646.849548,-22.739902
675.160034,-25.442972,646.849548,-22.739902
675.142822,-25.274870,646.849548,-22.739902
675.136292,-25.081469,646.849548,-22.739902
675.052856,-24.655008,646.849548,-22.739902
674.997742,-24.368658,646.849548,-22.739902
674.948242,-24.028784,646.849548,-22.739902
674.901184,-23.631016,646.849548,-22.739902
674.851807,-23.161140,646.849548,-22.739902
674.769897,-22.727257,646.849548,-22.739902
674.496521,-22.074375,646.849548,-22.739902
674.309326,-21.747650,646.849548,-22.739902
674.083374,-21.360920,646.849548,-22.739902
673.863831,-20.932295,646.849548,-22.739902
673.657166,-20.495955,646.849548,-22.739902
673.451843,-20.081682,646.849548,-22.739902
673.047363,-19.229916,646.849548,-22.739902
672.865845,-18.730307,646.849548,-22.739902
672.795593,-18.196098,646.849548,-22.739902
672.850891,-17.693899,646.849548,-22.739902
672.919128,-17.246716,646.849548,-22.739902
672.919250,-16.825512,646.849548,-22.739902
672.772888,-16.033098,646.849548,-22.739902
672.628479,-15.685518,646.849548,-22.739902
672.490234,-15.337753,646.849548,-22.739902
672.331482,-14.964642,646.849548,-22.739902
672.152588,-14.525307,646.849548,-22.739902
671.935486,-14.013719,646.849548,-22.739902
671.698975,-13.543467,646.849548,-22.739902
671.248352,-12.599661,646.849548,-22.739902
671.171082,-12.209506,646.849548,-22.739902
671.240295,-11.796080,646.849548,-22.739902
671.336975,-11.295585,646.849548,-22.739902
671.384094,-10.718596,646.849548,-22.739902
671.431274,-10.128363,646.849548,-22.739902
671.536072,-9.027874,646.849548,-22.739902
671.531128,-8.689915,646.849548,-22.739902
671.503540,-8.354064,646.849548,-22.739902
671.445313,-7.979770,646.849548,-22.739902
671.335571,-7.603193,646.849548,-22.739902
671.165710,-7.162444,646.849548,-22.739902
670.740295,-6.181133,646.849548,-22.739902
670.479309,-5.585576,646.849548,-22.739902
670.172607,-4.965394,646.849548,-22.739902
669.954956,-4.452788,646.849548,-22.739902
669.851074,-4.018859,646.849548,-22.739902
669.792664,-3.629745,646.849548,-22.739902
669.665833,-2.894385,646.849548,-22.739902
669.622559,-2.526568,646.849548,-22.739902
669.554688,-2.114752,646.849548,-22.739902
669.499878,-1.680662,646.849548,-22.739902
669.392151,-1.199289,646.849548,-22.739902
669.273926,-0.653571,646.849548,-22.739902
668.927551,0.674685,646.849548,-22.739902
668.708313,1.379644,646.849548,-22.739902
668.451355,1.974089,646.849548,-22.739902
668.160828,2.454913,646.849548,-22.739902
667.967346,2.870830,646.849548,-22.739902
667.791077,3.257062,646.849548,-22.739902
667.489197,4.187468,646.849548,-22.739902
667.367798,4.723809,646.849548,-22.739902
667.253174,5.292218,646.849548,-22.739902
667.187073,5.808609,646.849548,-22.739902
667.113464,6.301568,646.849548,-22.739902
666.968018,6.787330,646.849548,-22.739902
666.617920,7.894465,646.849548,-22.739902
666.376404,8.471829,646.849548,-22.739902
666.168762,9.011312,646.849548,-22.739902
666.003296,9.419662,646.849548,-22.739902
665.867859,9.853378,646.849548,-22.739902
665.719971,10.313010,646.849548,-22.739902
665.329590,11.365346,646.849548,-22.739902
665.107666,11.952546,646.849548,-22.739902
664.833679,12.607965,646.849548,-22.739902
664.537048,13.297601,646.849548,-22.739902
664.280212,13.978992,646.849548,-22.739902
664.131653,14.569348,646.849548,-22.739902
663.764709,15.769358,646.849548,-22.739902
663.523682,16.310320,646.849548,-22.739902
663.225586,16.890728,646.849548,-22.739902
662.880066,17.474182,646.849548,-22.739902
662.566345,17.963118,646.849548,-22.739902
662.326050,18.369873,646.849548,-22.739902
661.832214,19.218786,646.849548,-22.739902
661.519409,19.688717,646.849548,-22.739902
661.168823,20.153328,646.849548,-22.739902
660.836670,20.639727,646.849548,-22.739902
660.537903,21.132166,646.849548,-22.739902
660.250610,21.662333,646.849548,-22.739902
659.985901,22.185156,646.849548,-22.739902
659.345276,23.338648,646.849548,-22.739902
659.032227,23.850115,646.849548,-22.739902
658.739624,24.291655,646.849548,-22.739902
658.428528,24.710365,646.849548,-22.739902
658.079773,25.169279,646.849548,-22.739902
657.633667,25.727978,646.849548,-22.739902
656.597778,26.963400,646.849548,-22.739902
656.091675,27.528528,646.849548,-22.739902
655.644958,28.009525,646.849548,-22.739902
655.122742,28.518816,646.849548,-22.739902
654.628052,29.013115,646.849548,-22.739902
654.216980,29.428102,646.849548,-22.739902
653.409058,30.250494,646.849548,-22.739902
652.974976,30.692457,646.849548,-22.739902
652.541992,31.136192,646.849548,-22.739902
652.163208,31.587360,646.849548,-22.739902
651.737122,32.066685,646.849548,-22.739902
651.293213,32.599758,646.849548,-22.739902
650.326599,33.565327,646.849548,-22.739902
649.773499,34.043854,646.849548,-22.739902
649.182129,34.543987,646.849548,-22.739902
648.713074,35.035858,646.849548,-22.739902
648.273560,35.519836,646.849548,-22.739902
647.786072,36.049210,646.849548,-22.739902
647.244202,36.603577,646.849548,-22.739902
646.195251,37.778248,646.849548,-22.739902
645.686951,38.427784,646.849548,-22.739902
645.126160,39.087234,646.849548,-22.739902
644.533142,39.708115,646.849548,-22.739902
643.929932,40.304592,646.849548,-22.739902
643.360291,40.846336,646.849548,-22.739902
642.316467,41.679367,646.849548,-22.739902
641.773560,41.969795,646.849548,-22.739902
641.249146,42.248646,646.849548,-22.739902
640.708008,42.559685,646.849548,-22.739902
640.117554,42.914852,646.849548,-22.739902
639.524841,43.248528,646.849548,-22.739902
638.231873,43.968052,646.849548,-22.739902
637.533020,44.345135,646.849548,-22.739902
636.886230,44.679844,646.849548,-22.739902
636.348877,45.009480,646.849548,-22.739902
635.793701,45.352104,646.849548,-22.739902
635.239014,45.679428,646.849548,-22.739902
634.006348,46.328724,646.849548,-22.739902
633.420715,46.667969,646.849548,-22.739902
632.785217,46.974003,646.849548,-22.739902
632.163025,47.167828,646.849548,-22.739902
631.496033,47.303711,646.849548,-22.739902
630.824219,47.377460,646.849548,-22.739902
629.365906,47.466129,646.849548,-22.739902
628.538513,47.537632,646.849548,-22.739902
627.708862,47.749073,646.849548,-22.739902
626.876343,48.025391,646.849548,-22.739902
626.052063,48.259701,646.849548,-22.739902
625.270569,48.426544,646.849548,-22.739902
623.927429,48.850552,646.849548,-22.739902
623.361694,49.051781,646.849548,-22.739902
622.718750,49.260532,646.849548,-22.739902
622.034424,49.425400,646.849548,-22.739902
621.413513,49.514637,646.849548,-22.739902
620.120972,49.643368,646.849548,-22.739902
619.422729,49.722290,646.849548,-22.739902
618.668579,49.784294,646.849548,-22.739902
617.882080,49.860630,646.849548,-22.739902
617.053467,50.012680,646.849548,-22.739902
616.213989,50.205959,646.849548,-22.739902
614.524780,50.402241,646.849548,-22.739902
613.616394,50.473900,646.849548,-22.739902
612.705383,50.515053,646.849548,-22.739902
611.768005,50.545414,646.849548,-22.739902
610.921082,50.571934,646.849548,-22.739902
609.781799,50.842747,646.849548,-22.739902
609.181763,51.000027,646.849548,-22.739902
608.501709,51.170681,646.849548,-22.739902
607.778137,51.368362,646.849548,-22.739902
607.021729,51.577850,646.849548,-22.739902
605.558655,52.126804,646.849548,-22.739902
604.847595,52.385216,646.849548,-22.739902
604.147888,52.571274,646.849548,-22.739902
603.491272,52.619957,646.849548,-22.739902
602.254150,52.633625,646.849548,-22.739902
601.667664,52.697533,646.849548,-22.739902
601.048889,52.796280,646.849548,-22.739902
600.355896,52.916004,646.849548,-22.739902
599.666809,52.977997,646.849548,-22.739902
598.181946,53.103603,646.849548,-22.739902
597.564514,53.177273,646.849548,-22.739902
596.923950,53.265915,646.849548,-22.739902
595.577148,53.375809,646.849548,-22.739902
594.983948,53.401134,646.849548,-22.739902
594.355408,53.399235,646.849548,-22.739902
592.940491,53.293953,646.849548,-22.739902
592.080078,53.209068,646.849548,-22.739902
591.208618,53.236252,646.849548,-22.739902
589.872375,53.357006,646.849548,-22.739902
589.262329,53.348289,646.849548,-22.739902
588.571411,53.253395,646.849548,-22.739902
587.103455,52.921837,646.849548,-22.739902
586.343079,52.718807,646.849548,-22.739902
585.663269,52.426422,646.849548,-22.739902
584.348083,52.006012,646.849548,-22.739902
583.600891,51.988865,646.849548,-22.739902
582.782532,52.141762,646.849548,-22.739902
580.919128,52.581898,646.849548,-22.739902
579.978943,52.874569,646.849548,-22.739902
578.984741,53.212990,646.849548,-22.739902
577.974976,53.530720,646.849548,-22.739902
576.011780,54.019276,646.849548,-22.739902
575.250305,54.009876,646.849548,-22.739902
574.540894,53.806732,646.849548,-22.739902
573.084900,53.309471,646.849548,-22.739902
572.390686,53.043427,646.849548,-22.739902
571.677551,52.844101,646.849548,-22.739902
570.974426,52.863487,646.849548,-22.739902
569.363037,53.235825,646.849548,-22.739902
568.470886,53.455811,646.849548,-22.739902
567.491394,53.680096,646.849548,-22.739902
565.609314,54.182987,646.849548,-22.739902
564.873291,54.226208,646.849548,-22.739902
564.220032,54.250748,646.849548,-22.739902
563.616394,54.305977,646.849548,-22.739902
562.252625,54.757576,646.849548,-22.739902
561.479370,55.024860,646.849548,-22.739902
560.747192,55.214211,646.849548,-22.739902
560.075806,55.359528,646.849548,-22.739902
558.740906,55.678696,646.849548,-22.739902
558.127930,55.935787,646.849548,-22.739902
557.534424,56.255939,646.849548,-22.739902
556.899780,56.666382,646.849548,-22.739902
555.516968,57.354614,646.849548,-22.739902
554.896057,57.578251,646.849548,-22.739902
554.195679,57.760345,646.849548,-22.739902
553.464966,58.047935,646.849548,-22.739902
552.165833,58.925373,646.849548,-22.739902
551.690369,59.468914,646.849548,-22.739902
551.257568,60.031395,646.849548,-22.739902
550.896179,60.495110,646.849548,-22.739902
550.170471,61.437618,646.849548,-22.739902
549.703918,61.862591,646.849548,-22.739902
549.117920,62.296169,646.849548,-22.739902
548.461731,62.821922,646.849548,-22.739902
547.773560,63.458382,646.849548,-22.739902
546.337952,64.863014,646.849548,-22.739902
545.555664,65.547401,646.849548,-22.739902
544.822754,66.058456,646.849548,-22.739902
544.115356,66.471703,646.849548,-22.739902
543.483887,66.918045,646.849548,-22.739902
542.919861,67.500786,646.849548,-22.739902
542.066895,68.897911,646.849548,-22.739902
541.740906,69.696388,646.849548,-22.739902
541.450378,70.472649,646.849548,-22.739902
541.183105,71.260536,646.849548,-22.739902
540.888367,72.014679,646.849548,-22.739902
540.506775,72.716652,646.849548,-22.739902
539.538025,74.181114,646.849548,-22.739902
538.974243,74.900391,646.849548,-22.739902
538.470459,75.434975,646.849548,-22.739902
538.135742,75.944496,646.849548,-22.739902
537.890259,76.588661,646.849548,-22.739902
537.741821,77.373787,646.849548,-22.739902
537.555908,78.169571,646.849548,-22.739902
537.512817,80.017899,646.849548,-22.739902
537.437195,80.840958,646.849548,-22.739902
537.310425,81.472321,646.849548,-22.739902
537.090515,82.073448,646.849548,-22.739902
536.788391,82.648163,646.849548,-22.739902
536.216919,83.198059,646.849548,-22.739902
535.625366,83.878510,646.849548,-22.739902
534.595215,85.638901,646.849548,-22.739902
534.165833,86.568825,646.849548,-22.739902
533.700439,87.327301,646.849548,-22.739902
533.328430,87.970238,646.849548,-22.739902
533.061523,88.674751,646.849548,-22.739902
532.726807,89.400101,646.849548,-22.739902
532.490723,89.993622,646.849548,-22.739902
532.414124,91.179626,646.849548,-22.739902
532.575928,91.777893,646.849548,-22.739902
532.831116,92.471497,646.849548,-22.739902
533.110718,93.202141,646.849548,-22.739902
533.292480,93.799545,646.849548,-22.739902
533.301880,94.317940,646.849548,-22.739902
532.994568,94.849968,646.849548,-22.739902
532.526062,96.111145,646.849548,-22.739902
532.704529,96.876350,646.849548,-22.739902
532.875793,97.755302,646.849548,-22.739902
533.164551,98.694626,646.849548,-22.739902
533.554138,99.739594,646.849548,-22.739902
533.907349,100.803360,646.849548,-22.739902
534.019714,101.730598,646.849548,-22.739902
533.566040,103.274445,646.849548,-22.739902
533.406372,104.124222,646.849548,-22.739902
533.336609,104.949875,646.849548,-22.739902
533.340027,105.840363,646.849548,-22.739902
533.356750,106.740211,646.849548,-22.739902
533.386353,107.659737,646.849548,-22.739902
533.368469,108.593758,646.849548,-22.739902
533.091064,110.626816,646.849548,-22.739902
533.021057,111.641548,646.849548,-22.739902
533.019470,112.551407,646.849548,-22.739902
533.082031,113.214363,646.849548,-22.739902
533.266846,113.695648,646.849548,-22.739902
533.528015,114.223701,646.849548,-22.739902
533.848083,114.833885,646.849548,-22.739902
534.138062,115.514534,646.849548,-22.739902
534.255615,116.803642,646.849548,-22.739902
534.285217,117.421791,646.849548,-22.739902
534.348022,118.112862,646.849548,-22.739902
534.429260,118.891312,646.849548,-22.739902
534.503845,119.779716,646.849548,-22.739902
534.608704,120.790329,646.849548,-22.739902
534.622681,121.842072,646.849548,-22.739902
534.577148,123.971184,646.849548,-22.739902
534.621948,125.078400,646.849548,-22.739902
534.675598,126.145996,646.849548,-22.739902
534.701721,127.089104,646.849548,-22.739902
534.768982,127.873596,646.849548,-22.739902
534.895020,128.628525,646.849548,-22.739902
535.076843,129.281708,646.849548,-22.739902
535.291870,129.780258,646.849548,-22.739902
535.680298,130.751358,646.849548,-22.739902
535.953918,131.325546,646.849548,-22.739902
536.304749,131.983887,646.849548,-22.739902
536.705261,132.731857,646.849548,-22.739902
537.151794,133.456131,646.849548,-22.739902
537.575623,134.106583,646.849548,-22.739902
537.959290,134.727051,646.849548,-22.739902
538.508972,136.002243,646.849548,-22.739902
538.732727,136.798096,646.849548,-22.739902
538.867676,137.631805,646.849548,-22.739902
538.993591,138.528687,646.849548,-22.739902
539.157654,139.450684,646.849548,-22.739902
539.376526,140.432953,646.849548,-22.739902
539.629944,141.472870,646.849548,-22.739902
540.144165,143.507935,646.849548,-22.739902
540.285034,144.335480,646.849548,-22.739902
540.497070,145.010529,646.849548,-22.739902
540.830933,145.575439,646.849548,-22.739902
541.278564,146.219284,646.849548,-22.739902
541.810669,146.999023,646.849548,-22.739902
542.414490,147.885040,646.849548,-22.739902
543.766907,149.607269,646.849548,-22.739902
544.433594,150.456635,646.849548,-22.739902
545.119263,151.362778,646.849548,-22.739902
545.767578,152.269760,646.849548,-22.739902
546.280701,153.159302,646.849548,-22.739902
546.630554,153.935242,646.849548,-22.739902
546.958191,154.671341,646.849548,-22.739902
547.357056,155.885376,646.849548,-22.739902
547.551514,156.591751,646.849548,-22.739902
547.746460,157.396942,646.849548,-22.739902
547.968079,158.327209,646.849548,-22.739902
548.256409,159.380020,646.849548,-22.739902
548.598633,160.378983,646.849548,-22.739902
549.242249,162.320511,646.849548,-22.739902
549.563110,162.920471,646.849548,-22.739902
549.963074,163.567657,646.849548,-22.739902
550.361938,164.309509,646.849548,-22.739902
550.780945,165.108246,646.849548,-22.739902
551.141907,165.847198,646.849548,-22.739902
551.401062,166.495880,646.849548,-22.739902
551.867981,167.795578,646.849548,-22.739902
552.158813,168.535339,646.849548,-22.739902
552.488586,169.346786,646.849548,-22.739902
552.757751,170.145767,646.849548,-22.739902
552.971680,171.017578,646.849548,-22.739902
553.179504,171.867752,646.849548,-22.739902
553.386780,172.741364,646.849548,-22.739902
553.796936,174.421082,646.849548,-22.739902
553.956177,175.063995,646.849548,-22.739902
554.119934,175.718460,646.849548,-22.739902
554.352905,176.439743,646.849548,-22.739902
554.651550,177.201065,646.849548,-22.739902
554.966736,178.017990,646.849548,-22.739902
555.267700,178.879211,646.849548,-22.739902
555.820435,180.551834,646.849548,-22.739902
556.137329,181.351395,646.849548,-22.739902
556.507813,182.088150,646.849548,-22.739902
556.967224,182.753372,646.849548,-22.739902
557.450928,183.397369,646.849548,-22.739902
557.898376,184.089905,646.849548,-22.739902
558.373413,184.755859,646.849548,-22.739902
558.827820,185.346390,646.849548,-22.739902
559.718140,186.411850,646.849548,-22.739902
560.194702,187.007782,646.849548,-22.739902
560.711670,187.599594,646.849548,-22.739902
561.263611,188.158981,646.849548,-22.739902
561.885254,188.678238,646.849548,-22.739902
562.493591,189.119720,646.849548,-22.739902
563.149353,189.529419,646.849548,-22.739902
563.773865,189.925858,646.849548,-22.739902
564.718445,190.745850,646.849548,-22.739902
565.053589,191.194870,646.849548,-22.739902
565.306091,191.629776,646.849548,-22.739902
565.593262,191.989960,646.849548,-22.739902
565.849548,192.293060,646.849548,-22.739902
566.103943,192.591171,646.849548,-22.739902
566.462341,193.013107,646.849548,-22.739902
566.764832,193.488174,646.849548,-22.739902
567.393188,194.380676,646.849548,-22.739902
567.670715,194.753433,646.849548,-22.739902
567.988708,195.126160,646.849548,-22.739902
568.224548,195.435089,646.849548,-22.739902
568.387695,195.669113,646.849548,-22.739902
568.464355,195.814606,646.849548,-22.739902
568.500244,195.925797,646.849548,-22.739902
568.611511,196.158417,646.849548,-22.739902
569.234558,196.860947,646.849548,-22.739902
569.511719,197.197235,646.849548,-22.739902
569.741455,197.538605,646.849548,-22.739902
569.941284,197.883072,646.849548,-22.739902
570.072388,198.152802,646.849548,-22.739902
570.158875,198.338058,646.849548,-22.739902
570.192627,198.456696,646.849548,-22.739902
570.208069,198.601974,646.849548,-22.739902
570.303162,198.895157,646.849548,-22.739902
570.483826,199.212967,646.849548,-22.739902
570.829651,199.735413,646.849548,-22.739902
570.954773,199.974518,646.849548,-22.739902
571.045959,200.155685,646.849548,-22.739902
571.121643,200.282333,646.849548,-22.739902
571.181580,200.347137,646.849548,-22.739902
571.277588,200.397903,646.849548,-22.739902
571.403198,200.512192,646.849548,-22.739902
571.513794,200.673279,646.849548,-22.739902
571.584473,200.810226,646.849548,-22.739902
571.621460,200.909836,646.849548,-22.739902
571.661133,201.027283,646.849548,-22.739902
571.766113,201.317871,646.849548,-22.739902
571.769653,201.481247,646.849548,-22.739902
571.714905,201.679642,646.849548,-22.739902
571.622803,201.864838,646.849548,-22.739902
571.525085,202.046417,646.849548,-22.739902
571.435852,202.190613,646.849548,-22.739902
571.361938,202.276657,646.849548,-22.739902
571.318542,202.351730,646.849548,-22.739902
571.297241,202.451401,646.849548,-22.739902
571.282959,202.555176,646.849548,-22.739902
571.266602,202.656586,646.849548,-22.739902
571.221924,202.748505,646.849548,-22.739902
571.100037,202.895218,646.849548,-22.739902
570.992432,202.942459,646.849548,-22.739902
570.857544,202.987930,646.849548,-22.739902
570.675171,203.031464,646.849548,-22.739902
570.509827,203.073212,646.849548,-22.739902
570.361572,203.103027,646.849548,-22.739902
570.313232,203.143890,646.849548,-22.739902
570.253967,203.199539,646.849548,-22.739902
570.036743,203.299820,646.849548,-22.739902
569.932495,203.339157,646.849548,-22.739902
569.846863,203.367249,646.849548,-22.739902
569.754944,203.408539,646.849548,-22.739902
569.661804,203.441803,646.849548,-22.739902
569.422241,203.527359,646.849548,-22.739902
569.304993,203.556229,646.849548,-22.739902
569.187500,203.584274,646.849548,-22.739902
569.091064,203.640625,646.849548,-22.739902
569.012817,203.732971,646.849548,-22.739902
568.837097,203.963486,646.849548,-22.739902
568.735229,204.055405,646.849548,-22.739902
568.622559,204.122589,646.849548,-22.739902
568.499512,204.160095,646.849548,-22.739902
568.272034,204.253326,646.849548,-22.739902
568.158691,204.343826,646.849548,-22.739902
568.036743,204.427338,646.849548,-22.739902
567.932007,204.463181,646.849548,-22.739902
567.818909,204.497086,646.849548,-22.739902
567.621460,204.605408,646.849548,-22.739902
567.552917,204.675919,646.849548,-22.739902
567.506226,204.761658,646.849548,-22.739902
567.482849,204.844315,646.849548,-22.739902
567.435425,204.906433,646.849548,-22.739902
567.357910,204.980453,646.849548,-22.739902
567.278442,205.068710,646.849548,-22.739902
567.191772,205.168839,646.849548,-22.739902
566.998596,205.399506,646.849548,-22.739902
566.901550,205.470551,646.849548,-22.739902
566.827454,205.569351,646.849548,-22.739902
566.748352,205.674240,646.849548,-22.739902
566.663879,205.782028,646.849548,-22.739902
566.584595,205.896713,646.849548,-22.739902
566.526184,206.014389,646.849548,-22.739902
566.470703,206.154892,646.849548,-22.739902
566.329590,206.383774,646.849548,-22.739902
566.247314,206.495636,646.849548,-22.739902
566.201843,206.619385,646.849548,-22.739902
566.155151,206.764450,646.849548,-22.739902
566.112854,206.926102,646.849548,-22.739902
566.079346,207.087433,646.849548,-22.739902
566.056763,207.288483,646.849548,-22.739902
566.035706,207.463913,646.849548,-22.739902
565.945618,207.673965,646.849548,-22.739902
565.919128,207.801880,646.849548,-22.739902
565.889954,207.911758,646.849548,-22.739902
565.859192,208.016998,646.849548,-22.739902
565.847473,208.136551,646.849548,-22.739902
565.838013,208.259583,646.849548,-22.739902
565.827515,208.384323,646.849548,-22.739902
565.810547,208.507446,646.849548,-22.739902
565.780579,208.758072,646.849548,-22.739902
565.775635,208.884247,646.849548,-22.739902
565.767151,208.992920,646.849548,-22.739902
565.758362,209.110977,646.849548,-22.739902
565.754150,209.256119,646.849548,-22.739902
565.743591,209.395279,646.849548,-22.739902
565.726135,209.530273,646.849548,-22.739902
565.734070,209.630112,646.849548,-22.739902
565.747253,209.723221,646.849548,-22.739902
565.792603,209.909286,646.849548,-22.739902
565.820740,210.016129,646.849548,-22.739902
565.839905,210.119125,646.849548,-22.739902
565.841248,210.221252,646.849548,-22.739902
565.833618,210.350937,646.849548,-22.739902
565.816528,210.494843,646.849548,-22.739902
565.831482,210.593079,646.849548,-22.739902
565.850952,210.699127,646.849548,-22.739902
565.869934,210.901138,646.849548,-22.739902
565.883545,210.991974,646.849548,-22.739902
565.893982,211.080429,646.849548,-22.739902
565.901794,211.167847,646.849548,-22.739902
565.916870,211.267471,646.849548,-22.739902
565.935120,211.367828,646.849548,-22.739902
565.947754,211.446930,646.849548,-22.739902
565.961304,211.525681,646.849548,-22.739902
565.982056,211.650406,646.849548,-22.739902
565.986572,211.679901,646.849548,-22.739902
565.989685,211.691345,646.849548,-22.739902
565.994324,211.707565,646.849548,-22.739902
566.002869,211.737991,646.849548,-22.739902
566.014404,211.778000,646.849548,-22.739902
566.030151,211.823425,646.849548,-22.739902
566.064087,211.912415,646.849548,-22.739902
566.077759,211.943481,646.849548,-22.739902
566.091248,211.970078,646.849548,-22.739902
566.103149,212.002075,646.849548,-22.739902
566.116272,212.038193,646.849548,-22.739902
566.131104,212.077927,646.849548,-22.739902
566.144836,212.114243,646.849548,-22.739902
566.151855,212.128616,646.849548,-22.739902
566.160156,212.138824,646.849548,-22.739902
566.168884,212.163177,646.849548,-22.739902
566.181580,212.187820,646.849548,-22.739902
566.190369,212.197510,646.849548,-22.739902
566.197632,212.204300,646.849548,-22.739902
566.205200,212.216248,646.849548,-22.739902
566.210144,212.228241,646.849548,-22.739902
566.211670,212.237518,646.849548,-22.739902
566.211853,212.246475,646.849548,-22.739902
566.211914,212.250961,646.849548,-22.739902
566.213623,212.256439,646.849548,-22.739902
566.215332,212.261917,646.849548,-22.739902
566.215881,212.267761,646.849548,-22.739902
566.219482,212.281296,646.849548,-22.739902
566.225525,212.306839,646.849548,-22.739902
566.244934,212.374817,646.849548,-22.739902
566.255737,212.409027,646.849548,-22.739902
566.263550,212.433640,646.849548,-22.739902
566.266235,212.439941,646.849548,-22.739902
566.268311,212.440399,646.849548,-22.739902
566.266968,212.438202,646.849548,-22.739902
566.266663,212.441315,646.849548,-22.739902
566.266113,212.443741,646.849548,-22.739902
566.271179,212.449265,646.849548,-22.739902
566.273499,212.452286,646.849548,-22.739902
566.275330,212.455841,646.849548,-22.739902
566.276245,212.458572,646.849548,-22.739902
566.277832,212.461456,646.849548,-22.739902
566.277527,212.464569,646.849548,-22.739902
566.277710,212.467148,646.849548,-22.739902
566.277161,212.471466,646.849548,-22.739902
566.276855,212.476486,646.849548,-22.739902
566.276978,212.482864,646.849548,-22.739902
566.278015,212.491974,646.849548,-22.739902
566.279663,212.505020,646.849548,-22.739902
566.283142,212.521622,646.849548,-22.739902
566.290344,212.541534,646.849548,-22.739902
566.297729,212.564026,646.849548,-22.739902
566.309326,212.587387,646.849548,-22.739902
566.310730,212.589569,646.849548,-22.739902
566.312561,212.591217,646.849548,-22.739902
566.312805,212.591904,646.849548,-22.739902
566.313477,212.593948,646.849548,-22.739902
566.314148,212.595993,646.849548,-22.739902
566.312439,212.598816,646.849548,-22.739902
566.307617,212.599792,646.849548,-22.739902
566.305481,212.597885,646.849548,-22.739902
566.306396,212.600601,646.849548,-22.739902
566.307312,212.603317,646.849548,-22.739902
566.308228,212.606033,646.849548,-22.739902
566.308411,212.608612,646.849548,-22.739902
566.307434,212.611588,646.849548,-22.739902
566.307373,212.617279,646.849548,-22.739902
566.308899,212.631531,646.849548,-22.739902
566.310669,212.640778,646.849548,-22.739902
566.312256,212.649338,646.849548,-22.739902
566.313843,212.655991,646.849548,-22.739902
566.314941,212.661285,646.849548,-22.739902
566.317444,212.666870,646.849548,-22.739902
566.319519,212.672989,646.849548,-22.739902
566.326233,212.687012,646.849548,-22.739902
566.331970,212.704010,646.849548,-22.739902
566.339539,212.724548,646.849548,-22.739902
566.348083,212.744019,646.849548,-22.739902
566.351563,212.752319,646.849548,-22.739902
566.354797,212.759933,646.849548,-22.739902
566.361267,212.777069,646.849548,-22.739902
566.367249,212.790955,646.849548,-22.739902
566.380005,212.816956,646.849548,-22.739902
566.387695,212.829895,646.849548,-22.739902
566.395081,212.845947,646.849548,-22.739902
566.404358,212.865524,646.849548,-22.739902
566.413635,212.885101,646.849548,-22.739902
566.423645,212.906723,646.849548,-22.739902
566.431519,212.931717,646.849548,-22.739902
566.450073,212.986053,646.849548,-22.739902
566.461731,213.012405,646.849548,-22.739902
566.474304,213.039566,646.849548,-22.739902
566.486450,213.065369,646.849548,-22.739902
566.494385,213.094131,646.849548,-22.739902
566.512146,213.147568,646.849548,-22.739902
566.521301,213.172104,646.849548,-22.739902
566.528870,213.195694,646.849548,-22.739902
566.535706,213.219147,646.849548,-22.739902
566.546570,213.244614,646.849548,-22.739902
566.573669,213.280746,646.849548,-22.739902
566.585205,213.296844,646.849548,-22.739902
566.595825,213.312134,646.849548,-22.739902
566.611572,213.319550,646.849548,-22.739902
566.639954,213.308502,646.849548,-22.739902
566.732910,213.231400,646.849548,-22.739902
566.765747,213.208588,646.849548,-22.739902
566.774902,213.212234,646.849548,-22.739902
566.781494,213.217911,646.849548,-22.739902
566.785034,213.218582,646.849548,-22.739902
566.801941,213.208496,646.849548,-22.739902
566.828186,213.179962,646.849548,-22.739902
566.886230,213.230209,646.849548,-22.739902
566.945496,213.160034,646.849548,-22.739902
566.948059,213.140915,646.849548,-22.739902
566.952148,213.080963,646.849548,-22.739902
566.955627,213.045563,646.849548,-22.739902
566.963318,213.007172,646.849548,-22.739902
566.976685,212.981277,646.849548,-22.739902
566.987488,212.959320,646.849548,-22.739902
567.022888,212.955460,646.849548,-22.739902
567.045044,212.974838,646.849548,-22.739902
567.055725,212.956055,646.849548,-22.739902
567.074341,212.919876,646.849548,-22.739902
567.096008,212.871002,646.849548,-22.739902
567.148315,212.791702,646.849548,-22.739902
567.184326,212.747849,646.849548,-22.739902
567.225952,212.700836,646.849548,-22.739902
567.276367,212.627853,646.849548,-22.739902
567.333496,212.534210,646.849548,-22.739902
567.419128,212.350998,646.849548,-22.739902
567.470703,212.257751,646.849548,-22.739902
567.538330,212.181931,646.849548,-22.739902
567.624878,212.109863,646.849548,-22.739902
567.702087,212.049316,646.849548,-22.739902
567.862427,211.902084,646.849548,-22.739902
567.947083,211.987885,646.849548,-22.739902
568.046631,212.090240,646.849548,-22.739902
568.128174,212.175095,646.849548,-22.739902
568.222412,212.274582,646.849548,-22.739902
568.467468,212.271591,646.849548,-22.739902
568.640259,212.125717,646.849548,-22.739902
568.848145,211.954025,646.849548,-22.739902
569.019043,211.818665,646.849548,-22.739902
569.158447,211.707260,646.849548,-22.739902
569.560669,211.395691,646.849548,-22.739902
569.813171,211.207947,646.849548,-22.739902
569.983337,211.091385,646.849548,-22.739902
570.099915,210.995346,646.849548,-22.739902
570.272522,210.843399,646.849548,-22.739902
570.621582,210.528687,646.849548,-22.739902
570.793701,210.328369,646.849548,-22.739902
570.921814,210.152313,646.849548,-22.739902
571.101379,210.016129,646.849548,-22.739902
571.305481,209.895798,646.849548,-22.739902
571.910583,209.507568,646.849548,-22.739902
572.287048,209.280685,646.849548,-22.739902
572.586670,209.102982,646.849548,-22.739902
572.781494,208.994629,646.849548,-22.739902
572.943237,208.900574,646.849548,-22.739902
573.427734,208.634750,646.849548,-22.739902
573.662842,208.535187,646.849548,-22.739902
573.926636,208.428925,646.849548,-22.739902
574.223022,208.310974,646.849548,-22.739902
574.535095,208.154892,646.849548,-22.739902
575.087585,207.898499,646.849548,-22.739902
575.303589,207.799911,646.849548,-22.739902
575.572571,207.642593,646.849548,-22.739902
576.062195,207.341858,646.849548,-22.739902
576.309631,207.202332,646.849548,-22.739902
576.544128,207.080887,646.849548,-22.739902
577.159363,206.831879,646.849548,-22.739902
577.460999,206.709473,646.849548,-22.739902
577.676941,206.606277,646.849548,-22.739902
578.207886,206.361923,646.849548,-22.739902
578.476990,206.247574,646.849548,-22.739902
578.738159,206.144836,646.849548,-22.739902
579.013672,206.026260,646.849548,-22.739902
579.584595,205.790176,646.849548,-22.739902
579.877136,205.692093,646.849548,-22.739902
580.153564,205.614685,646.849548,-22.739902
580.710388,205.465118,646.849548,-22.739902
580.976440,205.375961,646.849548,-22.739902
581.229675,205.288055,646.849548,-22.739902
581.782410,205.112991,646.849548,-22.739902
582.103027,205.021698,646.849548,-22.739902
582.426819,204.930008,646.849548,-22.739902
583.020142,204.760101,646.849548,-22.739902
583.291443,204.692871,646.849548,-22.739902
583.542969,204.629333,646.849548,-22.739902
584.118835,204.525803,646.849548,-22.739902
584.428467,204.476044,646.849548,-22.739902
584.992981,204.342957,646.849548,-22.739902
585.256042,204.280853,646.849548,-22.739902
585.531311,204.212204,646.849548,-22.739902
586.052979,204.042755,646.849548,-22.739902
586.328003,204.001083,646.849548,-22.739902
586.613464,203.983643,646.849548,-22.739902
587.183411,203.923447,646.849548,-22.739902
587.464172,203.868988,646.849548,-22.739902
588.056152,203.775925,646.849548,-22.739902
588.380188,203.753830,646.849548,-22.739902
588.705872,203.746353,646.849548,-22.739902
589.012451,203.751785,646.849548,-22.739902
589.476868,203.762085,646.849548,-22.739902
589.743530,203.759674,646.849548,-22.739902
590.040039,203.798080,646.849548,-22.739902
590.379395,203.844193,646.849548,-22.739902
591.105652,203.962418,646.849548,-22.739902
591.400818,203.935791,646.849548,-22.739902
591.675720,203.882965,646.849548,-22.739902
591.924255,203.856781,646.849548,-22.739902
592.184937,203.875549,646.849548,-22.739902
592.698730,203.968292,646.849548,-22.739902
592.926575,204.020584,646.849548,-22.739902
593.181335,204.061386,646.849548,-22.739902
593.433899,204.090454,646.849548,-22.739902
593.936462,204.136429,646.849548,-22.739902
594.228333,204.177399,646.849548,-22.739902
594.550293,204.231934,646.849548,-22.739902
594.833130,204.290482,646.849548,-22.739902
595.151917,204.385086,646.849548,-22.739902
595.635254,204.477554,646.849548,-22.739902
595.897644,204.508270,646.849548,-22.739902
596.161743,204.534271,646.849548,-22.739902
596.632690,204.631027,646.849548,-22.739902
596.874939,204.694458,646.849548,-22.739902
597.092590,204.759369,646.849548,-22.739902
597.566895,204.878662,646.849548,-22.739902
597.816895,204.933411,646.849548,-22.739902
598.074524,205.006393,646.849548,-22.739902
598.325439,205.053879,646.849548,-22.739902
598.900269,205.179291,646.849548,-22.739902
599.207825,205.272049,646.849548,-22.739902
599.459106,205.365250,646.849548,-22.739902
599.668274,205.451126,646.849548,-22.739902
600.126465,205.651031,646.849548,-22.739902
600.387146,205.797104,646.849548,-22.739902
600.620972,205.938324,646.849548,-22.739902
601.160522,206.186996,646.849548,-22.739902
601.393860,206.279037,646.849548,-22.739902
601.512939,206.332123,646.849548,-22.739902
601.464172,206.316483,646.849548,-22.739902
601.464966,206.335129,646.849548,-22.739902
601.705383,206.500854,646.849548,-22.739902
601.820068,206.617264,646.849548,-22.739902
601.885498,206.710068,646.849548,-22.739902
601.897034,206.772186,646.849548,-22.739902
601.900940,206.809906,646.849548,-22.739902
601.936340,206.814682,646.849548,-22.739902
601.950867,206.808334,646.849548,-22.739902
601.960999,206.802979,646.849548,-22.739902
601.982788,206.802841,646.849548,-22.739902
601.989807,206.799240,646.849548,-22.739902
601.995544,206.796310,646.849548,-22.739902
602.001953,206.792343,646.849548,-22.739902
602.005737,206.791122,646.849548,-22.739902
601.999634,206.900024,646.849548,-22.739902
601.993347,207.016098,646.849548,-22.739902
601.990540,207.078110,646.849548,-22.739902
601.988098,207.121811,646.849548,-22.739902
601.986267,207.154770,646.849548,-22.739902
601.941589,207.197617,646.849548,-22.739902
601.912842,207.224884,646.849548,-22.739902
601.868713,207.248962,646.849548,-22.739902
601.816833,207.268112,646.849548,-22.739902
601.766541,207.293518,646.849548,-22.739902
601.605164,207.330292,646.849548,-22.739902
601.524597,207.355225,646.849548,-22.739902
601.445740,207.385757,646.849548,-22.739902
601.344788,207.427521,646.849548,-22.739902
601.235474,207.499329,646.849548,-22.739902
601.124146,207.603638,646.849548,-22.739902
600.881714,207.776199,646.849548,-22.739902
600.759949,207.818863,646.849548,-22.739902
600.620728,207.889511,646.849548,-22.739902
600.449280,208.004608,646.849548,-22.739902
600.268555,208.150574,646.849548,-22.739902
600.083496,208.339157,646.849548,-22.739902
599.703247,208.819427,646.849548,-22.739902
599.447205,209.199844,646.849548,-22.739902
599.123840,209.535370,646.849548,-22.739902
598.837708,209.712250,646.849548,-22.739902
598.511230,209.874771,646.849548,-22.739902
597.625061,210.470215,646.849548,-22.739902
597.103760,210.780121,646.849548,-22.739902
596.604492,211.083588,646.849548,-22.739902
596.173340,211.382553,646.849548,-22.739902
595.732910,211.688644,646.849548,-22.739902
595.022400,212.289810,646.849548,-22.739902
594.929810,212.548492,646.849548,-22.739902
594.830994,212.891357,646.849548,-22.739902
594.488098,213.914047,646.849548,-22.739902
594.379639,214.468918,646.849548,-22.739902
594.262756,214.853836,646.849548,-22.739902
594.124512,215.070160,646.849548,-22.739902
593.733643,215.484634,646.849548,-22.739902
593.442078,215.728027,646.849548,-22.739902
593.140747,215.980637,646.849548,-22.739902
592.422791,216.551895,646.849548,-22.739902
592.056458,216.864639,646.849548,-22.739902
591.701904,217.195221,646.849548,-22.739902
591.442078,217.496552,646.849548,-22.739902
591.235229,217.795593,646.849548,-22.739902
591.135437,218.158005,646.849548,-22.739902
591.056641,218.381866,646.849548,-22.739902
590.960754,218.635345,646.849548,-22.739902
590.794434,219.082367,646.849548,-22.739902
590.647827,219.349991,646.849548,-22.739902
590.511169,219.647339,646.849548,-22.739902
590.190735,220.256927,646.849548,-22.739902
589.973206,220.609619,646.849548,-22.739902
589.696777,221.033524,646.849548,-22.739902
589.398499,221.473206,646.849548,-22.739902
588.723572,222.208740,646.849548,-22.739902
588.540222,222.480057,646.849548,-22.739902
588.513489,222.686707,646.849548,-22.739902
588.326904,223.253311,646.849548,-22.739902
588.218689,223.549850,646.849548,-22.739902
588.089050,223.820694,646.849548,-22.739902
587.731079,224.424973,646.849548,-22.739902
587.567993,224.841873,646.849548,-22.739902
587.471741,225.333282,646.849548,-22.739902
587.482544,225.778717,646.849548,-22.739902
587.531860,226.036392,646.849548,-22.739902
587.489380,226.183624,646.849548,-22.739902
587.434387,226.418030,646.849548,-22.739902
587.315857,226.691025,646.849548,-22.739902
587.103760,226.958115,646.849548,-22.739902
586.868469,227.262314,646.849548,-22.739902
586.736633,227.620667,646.849548,-22.739902
586.609009,227.891907,646.849548,-22.739902
586.455261,228.144608,646.849548,-22.739902
586.279297,228.380692,646.849548,-22.739902
586.093018,228.649857,646.849548,-22.739902
585.928040,228.969635,646.849548,-22.739902
585.821838,229.277161,646.849548,-22.739902
585.662415,229.625366,646.849548,-22.739902
585.427856,229.988831,646.849548,-22.739902
585.097229,230.468430,646.849548,-22.739902
584.731018,231.074341,646.849548,-22.739902
584.313782,231.750900,646.849548,-22.739902
583.838928,232.507950,646.849548,-22.739902
583.330688,233.326889,646.849548,-22.739902
582.828552,233.851425,646.849548,-22.739902
582.545471,234.087921,646.849548,-22.739902
582.486450,234.329346,646.849548,-22.739902
582.474365,234.565155,646.849548,-22.739902
582.398499,234.927292,646.849548,-22.739902
582.233154,235.366531,646.849548,-22.739902
582.025269,235.834198,646.849548,-22.739902
581.913574,236.189072,646.849548,-22.739902
581.790283,236.593430,646.849548,-22.739902
581.648682,237.025299,646.849548,-22.739902
581.497070,237.410309,646.849548,-22.739902
581.342590,237.720749,646.849548,-22.739902
581.216919,237.976135,646.849548,-22.739902
581.116333,238.215591,646.849548,-22.739902
580.976685,238.472290,646.849548,-22.739902
580.976685,238.472290,646.849548,-22.739902
580.814758,238.767136,646.849548,-22.739902
580.642578,239.111801,646.849548,-22.739902
580.416138,239.529999,646.849548,-22.739902
580.148926,240.038315,646.849548,-22.739902
579.863098,240.576202,646.849548,-22.739902
579.580566,241.130386,646.849548,-22.739902
579.262695,241.619247,646.849548,-22.739902
579.038757,241.890198,646.849548,-22.739902
578.914368,242.088486,646.849548,-22.739902
578.752930,242.390579,646.849548,-22.739902
578.383911,242.956696,646.849548,-22.739902
578.140015,243.333145,646.849548,-22.739902
577.878174,243.712860,646.849548,-22.739902
577.629883,244.141464,646.849548,-22.739902
577.394836,244.633362,646.849548,-22.739902
577.234192,245.118088,646.849548,-22.739902
577.103088,245.500122,646.849548,-22.739902
576.928040,245.803589,646.849548,-22.739902
576.590637,246.369461,646.849548,-22.739902
576.372559,246.756271,646.849548,-22.739902
576.148743,247.168762,646.849548,-22.739902
575.947937,247.574203,646.849548,-22.739902
575.765503,247.989655,646.849548,-22.739902
575.558899,248.504242,646.849548,-22.739902
575.308411,248.968750,646.849548,-22.739902
575.035706,249.314804,646.849548,-22.739902
574.816101,249.619064,646.849548,-22.739902
574.647888,249.923233,646.849548,-22.739902
574.248840,250.791855,646.849548,-22.739902
574.023804,251.337067,646.849548,-22.739902
573.760803,252.000504,646.849548,-22.739902
573.444763,252.710831,646.849548,-22.739902
573.181458,253.375626,646.849548,-22.739902
573.016479,253.915558,646.849548,-22.739902
572.869995,254.286942,646.849548,-22.739902
572.635803,254.626358,646.849548,-22.739902
572.421570,254.919937,646.849548,-22.739902
572.194641,255.241867,646.849548,-22.739902
571.976685,255.610123,646.849548,-22.739902
571.766052,255.961105,646.849548,-22.739902
571.548035,256.300934,646.849548,-22.739902
571.304443,256.649353,646.849548,-22.739902
571.061768,257.010956,646.849548,-22.739902
570.824036,257.431274,646.849548,-22.739902
570.602539,257.885315,646.849548,-22.739902
570.379822,258.350800,646.849548,-22.739902
570.181458,258.754578,646.849548,-22.739902
569.760742,259.560211,646.849548,-22.739902
569.519470,259.944244,646.849548,-22.739902
569.272156,260.361969,646.849548,-22.739902
569.049377,260.760010,646.849548,-22.739902
568.835876,261.155396,646.849548,-22.739902
568.607117,261.522186,646.849548,-22.739902
568.371704,261.899445,646.849548,-22.739902
568.130737,262.237701,646.849548,-22.739902
567.877625,262.601868,646.849548,-22.739902
567.615356,262.995911,567.615356,262.995911
567.345276,263.369659,567.615356,262.995911
567.073303,263.766693,567.615356,262.995911
566.870239,264.077179,567.615356,262.995911
566.789551,264.240051,567.615356,262.995911
566.885925,264.154755,567.615356,262.995911
566.781311,264.281006,567.615356,262.995911
566.866272,264.243622,567.615356,262.995911
567.025940,264.117218,567.615356,262.995911
567.290039,263.866547,567.615356,262.995911
567.529785,263.515625,567.615356,262.995911
567.465576,263.197540,567.615356,262.995911
567.281189,262.806305,567.615356,262.995911
567.222534,262.419861,567.615356,262.995911
567.184143,262.393097,567.615356,262.995911
567.193481,262.514648,567.615356,262.995911
567.258301,262.437714,567.615356,262.995911
567.293640,262.291382,567.615356,262.995911
567.282959,262.049927,567.615356,262.995911
567.280640,261.787659,567.615356,262.995911
567.288574,261.619720,567.615356,262.995911
567.393921,261.551178,567.615356,262.995911
567.511230,261.455811,567.615356,262.995911
567.547424,261.378448,567.615356,262.995911
567.529297,261.231995,567.615356,262.995911
567.517944,260.935150,567.615356,262.995911
567.551636,260.455170,567.615356,262.995911
567.625977,260.095184,567.615356,262.995911
567.719971,259.944916,567.615356,262.995911
567.907288,259.919434,567.615356,262.995911
567.963257,259.868927,567.615356,262.995911
568.016113,259.802429,567.615356,262.995911
568.062256,259.739288,567.615356,262.995911
568.107544,259.643524,567.615356,262.995911
568.135071,259.506958,567.615356,262.995911
568.122070,259.238342,567.615356,262.995911
568.159912,259.108429,567.615356,262.995911
568.230530,258.951324,567.615356,262.995911
568.285522,258.816742,567.615356,262.995911
568.344543,258.703735,567.615356,262.995911
568.392029,258.597717,567.615356,262.995911
568.479126,258.105865,567.615356,262.995911
568.524109,257.784912,567.615356,262.995911
568.561035,257.549347,567.615356,262.995911
568.593933,257.358978,567.615356,262.995911
568.621155,257.136658,567.615356,262.995911
568.618469,256.836578,567.615356,262.995911
568.616760,256.459290,567.615356,262.995911
568.733032,255.465408,567.615356,262.995911
568.889587,254.987640,567.615356,262.995911
569.026917,254.662384,567.615356,262.995911
569.071045,254.388168,567.615356,262.995911
569.128784,254.057693,567.615356,262.995911
569.312866,253.597351,567.615356,262.995911
569.569275,252.958252,567.615356,262.995911
569.927551,252.287476,567.615356,262.995911
571.059326,250.469925,567.615356,262.995911
571.790833,249.299301,567.615356,262.995911
572.426636,248.177185,567.615356,262.995911
572.825562,247.159897,567.615356,262.995911
573.052307,246.196762,567.615356,262.995911
573.371643,245.243500,567.615356,262.995911
573.726563,244.356705,567.615356,262.995911
574.724670,242.884140,567.615356,262.995911
575.268005,242.311859,567.615356,262.995911
575.807312,241.789246,567.615356,262.995911
576.377625,241.308395,567.615356,262.995911
576.987793,240.819427,567.615356,262.995911
577.624207,240.326828,567.615356,262.995911
578.925415,239.286743,567.615356,262.995911
579.513123,238.791748,567.615356,262.995911
579.983032,238.344482,567.615356,262.995911
580.240662,237.950714,567.615356,262.995911
580.280212,237.685913,567.615356,262.995911
580.242798,237.500397,567.615356,262.995911
580.339844,237.287231,567.615356,262.995911
580.479309,237.180771,567.615356,262.995911
580.664001,237.149231,567.615356,262.995911
580.809082,237.149200,567.615356,262.995911
580.930786,237.075851,567.615356,262.995911
581.060913,236.906845,567.615356,262.995911
581.192810,236.668991,567.615356,262.995911
581.316040,236.365936,567.615356,262.995911
581.451416,236.028046,567.615356,262.995911
581.976196,235.385025,567.615356,262.995911
581.976196,235.385025,567.615356,262.995911
582.323792,235.108292,567.615356,262.995911
582.628845,234.854202,567.615356,262.995911
582.912781,234.673767,567.615356,262.995911
583.162048,234.578842,567.615356,262.995911
583.261719,234.452515,567.615356,262.995911
583.243469,234.305405,567.615356,262.995911
583.201172,234.140610,567.615356,262.995911
583.186523,234.103622,567.615356,262.995911
583.199158,234.183334,567.615356,262.995911
583.223999,234.330688,567.615356,262.995911
583.344055,234.433350,567.615356,262.995911
583.506836,234.575043,567.615356,262.995911
583.636719,234.713882,567.615356,262.995911
583.696472,234.788147,567.615356,262.995911
583.712036,234.728607,567.615356,262.995911
583.752563,234.615494,567.615356,262.995911
583.801392,234.550186,567.615356,262.995911
583.857117,234.495926,567.615356,262.995911
583.924805,234.507797,567.615356,262.995911
584.091675,234.484528,567.615356,262.995911
584.093872,234.482315,567.615356,262.995911
584.053162,234.471207,567.615356,262.995911
583.976807,234.457794,567.615356,262.995911
583.949219,234.468689,567.615356,262.995911
584.055115,234.388290,567.615356,262.995911
584.049438,234.449326,567.615356,262.995911
584.065186,234.607864,567.615356,262.995911
584.008484,234.909332,567.615356,262.995911
583.951050,235.143906,567.615356,262.995911
583.694397,235.031403,567.615356,262.995911
583.590454,234.987534,567.615356,262.995911
583.597961,235.009628,567.615356,262.995911
583.692749,235.120117,567.615356,262.995911
583.786072,235.263580,567.615356,262.995911
583.848022,235.368317,567.615356,262.995911
583.900330,235.387360,567.615356,262.995911
583.929810,235.364349,567.615356,262.995911
583.967041,235.367676,567.615356,262.995911
583.977966,235.391479,567.615356,262.995911
583.978455,235.420944,567.615356,262.995911
583.965088,235.448151,567.615356,262.995911
583.945313,235.462006,567.615356,262.995911
583.925598,235.466385,567.615356,262.995911
583.913269,235.480438,567.615356,262.995911
583.931213,235.506042,567.615356,262.995911
583.990601,235.564316,567.615356,262.995911
584.010010,235.756317,567.615356,262.995911
583.923279,235.871643,567.615356,262.995911
583.898254,235.939453,567.615356,262.995911
583.912476,235.975113,567.615356,262.995911
583.929077,236.008728,567.615356,262.995911
583.946533,236.021744,567.615356,262.995911
583.966858,236.037155,567.615356,262.995911
583.988525,236.070419,567.615356,262.995911
584.012146,236.112137,567.615356,262.995911
584.071716,236.191498,567.615356,262.995911
584.137512,236.236526,567.615356,262.995911
584.242859,236.291412,567.615356,262.995911
584.364136,236.346573,567.615356,262.995911
584.389221,236.427170,567.615356,262.995911
584.419495,236.504791,567.615356,262.995911
584.512390,236.590836,567.615356,262.995911
584.623474,236.673843,567.615356,262.995911
584.771057,236.785248,567.615356,262.995911
585.230774,237.006226,567.615356,262.995911
585.498474,237.128784,567.615356,262.995911
585.879944,237.218796,567.615356,262.995911
586.292480,237.286636,567.615356,262.995911
586.712036,237.346161,567.615356,262.995911
587.112183,237.424347,567.615356,262.995911
587.524536,237.531662,567.615356,262.995911
587.963806,237.625549,567.615356,262.995911
588.447205,237.670929,567.615356,262.995911
589.256226,237.816788,567.615356,262.995911
589.608276,237.988235,567.615356,262.995911
589.838074,238.225906,567.615356,262.995911
590.074829,238.490677,567.615356,262.995911
590.363098,238.763840,567.615356,262.995911
590.583923,239.010910,567.615356,262.995911
590.740479,239.184311,567.615356,262.995911
590.943481,239.306366,567.615356,262.995911
591.600342,239.671280,567.615356,262.995911
592.091858,239.892563,567.615356,262.995911
592.719666,240.107468,567.615356,262.995911
593.295532,240.268127,567.615356,262.995911
593.809814,240.316315,567.615356,262.995911
594.205200,240.302689,567.615356,262.995911
594.510620,240.403244,567.615356,262.995911
594.743835,240.585785,567.615356,262.995911
595.565918,241.004333,567.615356,262.995911
596.087402,241.232040,567.615356,262.995911
596.649719,241.454437,567.615356,262.995911
597.308899,241.681290,567.615356,262.995911
598.068115,241.907700,567.615356,262.995911
598.724609,242.108551,567.615356,262.995911
599.119263,242.256622,567.615356,262.995911
599.419067,242.435577,567.615356,262.995911
600.223938,242.597092,567.615356,262.995911
600.644043,242.629166,567.615356,262.995911
601.047241,242.662384,567.615356,262.995911
601.558716,242.666946,567.615356,262.995911
602.082520,242.669724,567.615356,262.995911
602.503174,242.733307,567.615356,262.995911
602.833008,242.814087,567.615356,262.995911
603.183289,242.826782,567.615356,262.995911
603.570923,242.791245,567.615356,262.995911
604.299194,242.851822,567.615356,262.995911
604.775940,242.924225,567.615356,262.995911
605.443237,242.977859,567.615356,262.995911
606.223267,243.028412,567.615356,262.995911
607.080627,243.096634,567.615356,262.995911
607.849060,243.199677,567.615356,262.995911
608.468506,243.319321,567.615356,262.995911
608.984375,243.401398,567.615356,262.995911
610.009827,243.338882,567.615356,262.995911
610.648743,243.252335,567.615356,262.995911
611.257263,243.205002,567.615356,262.995911
611.753540,243.216248,567.615356,262.995911
612.237366,243.223755,567.615356,262.995911
612.688721,243.137848,567.615356,262.995911
613.155518,242.969498,567.615356,262.995911
613.725586,242.728012,567.615356,262.995911
614.358765,242.452347,567.615356,262.995911
615.441040,242.172592,567.615356,262.995911
616.036316,242.134796,567.615356,262.995911
616.741516,242.044937,567.615356,262.995911
617.623169,241.902069,567.615356,262.995911
618.574402,241.729782,567.615356,262.995911
619.460449,241.575943,567.615356,262.995911
620.237915,241.513535,567.615356,262.995911
620.935120,241.536606,567.615356,262.995911
621.688171,241.478012,567.615356,262.995911
622.963196,241.174835,567.615356,262.995911
623.409058,240.987488,567.615356,262.995911
623.855957,240.800903,567.615356,262.995911
624.308838,240.633423,567.615356,262.995911
624.804993,240.439285,567.615356,262.995911
625.369263,240.199127,567.615356,262.995911
625.992798,239.943176,567.615356,262.995911
626.681335,239.666214,567.615356,262.995911
627.411255,239.366791,567.615356,262.995911
628.603760,238.774475,567.615356,262.995911
629.130249,238.516357,567.615356,262.995911
629.678223,238.302628,567.615356,262.995911
630.276001,238.109344,567.615356,262.995911
630.918884,237.929306,567.615356,262.995911
631.620667,237.750519,567.615356,262.995911
632.394653,237.520737,567.615356,262.995911
633.171265,237.254623,567.615356,262.995911
634.637451,236.833374,567.615356,262.995911
635.255676,236.709351,567.615356,262.995911
635.916077,236.581284,567.615356,262.995911
636.566284,236.441132,567.615356,262.995911
637.302856,236.285950,567.615356,262.995911
638.063843,236.077087,567.615356,262.995911
638.748535,235.881622,567.615356,262.995911
639.341675,235.718155,567.615356,262.995911
639.875977,235.571259,567.615356,262.995911
641.138611,235.208359,567.615356,262.995911
641.851868,234.983383,567.615356,262.995911
642.649170,234.716415,567.615356,262.995911
643.418457,234.392029,567.615356,262.995911
644.130737,234.039581,567.615356,262.995911
644.846497,233.695313,567.615356,262.995911
645.554443,233.403381,567.615356,262.995911
646.273926,233.148941,567.615356,262.995911
647.671021,232.620483,567.615356,262.995911
648.444275,232.348953,567.615356,262.995911
649.279175,232.160141,567.615356,262.995911
650.065857,232.079346,567.615356,262.995911
650.865662,232.020020,567.615356,262.995911
651.639160,231.977142,567.615356,262.995911
652.478577,231.943817,567.615356,262.995911
653.276001,231.891708,567.615356,262.995911
654.729614,231.666077,567.615356,262.995911
655.429138,231.440399,567.615356,262.995911
656.105591,231.126617,567.615356,262.995911
656.834839,230.731995,567.615356,262.995911
657.620789,230.284180,567.615356,262.995911
658.439392,229.806961,567.615356,262.995911
659.309753,229.291992,567.615356,262.995911
660.232178,228.739639,567.615356,262.995911
661.016968,228.348236,567.615356,262.995911
662.266846,227.940659,567.615356,262.995911
662.909302,227.707520,567.615356,262.995911
663.432251,227.556915,567.615356,262.995911
663.968994,227.439972,567.615356,262.995911
664.577454,227.413986,567.615356,262.995911
665.255432,227.443405,567.615356,262.995911
665.926697,227.348145,567.615356,262.995911
666.656372,227.198303,567.615356,262.995911
667.937683,226.825699,567.615356,262.995911
668.538940,226.599762,567.615356,262.995911
669.195801,226.360458,567.615356,262.995911
669.917847,226.071152,567.615356,262.995911
670.724915,225.751114,567.615356,262.995911
671.573853,225.420059,567.615356,262.995911
672.427612,225.081284,567.615356,262.995911
673.136169,224.736191,567.615356,262.995911
674.286621,224.411545,567.615356,262.995911
674.971252,224.275940,567.615356,262.995911
675.751099,224.149368,567.615356,262.995911
676.654663,224.000809,567.615356,262.995911
677.586121,223.881653,567.615356,262.995911
678.477417,223.833145,567.615356,262.995911
679.418457,223.837952,567.615356,262.995911
680.382141,223.849197,567.615356,262.995911
682.440002,223.813217,567.615356,262.995911
683.234192,223.692886,567.615356,262.995911
683.831665,223.594635,567.615356,262.995911
684.400024,223.526779,567.615356,262.995911
684.972534,223.385025,567.615356,262.995911
685.526794,223.208237,567.615356,262.995911
686.143494,222.996124,567.615356,262.995911
686.803772,222.767685,567.615356,262.995911
688.304688,222.249756,567.615356,262.995911
689.140686,222.022354,567.615356,262.995911
689.995850,221.836578,567.615356,262.995911
690.790833,221.700821,567.615356,262.995911
691.446838,221.582840,567.615356,262.995911
692.036316,221.500839,567.615356,262.995911
692.690002,221.501984,567.615356,262.995911
693.367981,221.534897,567.615356,262.995911
694.671265,221.455734,567.615356,262.995911
695.325195,221.273987,567.615356,262.995911
696.054810,221.003616,567.615356,262.995911
696.678101,220.784729,567.615356,262.995911
697.299988,220.585342,567.615356,262.995911
698.014038,220.435883,567.615356,262.995911
698.763062,220.311981,567.615356,262.995911
699.558899,220.164276,567.615356,262.995911
700.385559,220.007629,567.615356,262.995911
701.979736,219.698822,567.615356,262.995911
702.803833,219.513718,567.615356,262.995911
703.596802,219.293533,567.615356,262.995911
704.401917,219.057297,567.615356,262.995911
705.149536,218.852493,567.615356,262.995911
705.815308,218.740799,567.615356,262.995911
706.441650,218.646072,567.615356,262.995911
707.093567,218.531860,567.615356,262.995911
708.609253,218.398956,567.615356,262.995911
709.532837,218.314621,567.615356,262.995911
710.458618,218.277451,567.615356,262.995911
711.359253,218.317078,567.615356,262.995911
712.287537,218.380234,567.615356,262.995911
713.189392,218.447906,567.615356,262.995911
714.092041,218.449173,567.615356,262.995911
714.893433,218.411880,567.615356,262.995911
715.698669,218.370148,567.615356,262.995911
717.056519,218.116730,567.615356,262.995911
717.599609,217.828690,567.615356,262.995911
718.248169,217.559036,567.615356,262.995911
719.034912,217.294373,567.615356,262.995911
719.925720,217.035797,567.615356,262.995911
720.869568,216.824570,567.615356,262.995911
721.831726,216.584351,567.615356,262.995911
722.765503,216.316116,567.615356,262.995911
723.537903,216.167191,567.615356,262.995911
724.950562,215.805496,567.615356,262.995911
725.693970,215.524719,567.615356,262.995911
726.452820,215.329575,567.615356,262.995911
727.141602,215.247223,567.615356,262.995911
727.823608,215.130188,567.615356,262.995911
728.569031,215.029312,567.615356,262.995911
729.395569,214.885162,567.615356,262.995911
730.278748,214.740692,567.615356,262.995911
732.033447,214.561142,567.615356,262.995911
732.908936,214.525925,567.615356,262.995911
733.813721,214.457657,567.615356,262.995911
734.691711,214.389755,567.615356,262.995911
735.410034,214.308441,567.615356,262.995911
736.022827,214.220718,567.615356,262.995911
736.674805,214.153122,567.615356,262.995911
737.333008,214.003601,567.615356,262.995911
738.780701,213.665710,567.615356,262.995911
739.521851,213.457703,567.615356,262.995911
740.198120,213.194275,567.615356,262.995911
740.829773,212.985764,567.615356,262.995911
741.545532,212.825012,567.615356,262.995911
742.362976,212.668945,567.615356,262.995911
743.249329,212.522400,567.615356,262.995911
744.151550,212.468170,567.615356,262.995911
745.113953,212.469696,567.615356,262.995911
747.193787,212.515991,567.615356,262.995911
748.123535,212.446823,567.615356,262.995911
748.888306,212.348984,567.615356,262.995911
749.530884,212.301727,567.615356,262.995911
750.212585,212.282867,567.615356,262.995911
750.900818,212.256561,567.615356,262.995911
751.583557,212.222672,567.615356,262.995911
752.265625,212.090439,567.615356,262.995911
753.683716,211.618851,567.615356,262.995911
754.452332,211.438950,567.615356,262.995911
755.260986,211.317871,567.615356,262.995911
756.079956,211.265305,567.615356,262.995911
756.904297,211.311935,567.615356,262.995911
757.753235,211.323517,567.615356,262.995911
758.648010,211.306168,567.615356,262.995911
759.576477,211.308060,567.615356,262.995911
761.252136,211.251175,567.615356,262.995911
761.991882,211.170944,567.615356,262.995911
762.742798,211.095566,567.615356,262.995911
763.509766,211.003540,567.615356,262.995911
764.304321,210.884735,567.615356,262.995911
765.122925,210.770966,567.615356,262.995911
765.926514,210.625916,567.615356,262.995911
766.767517,210.443756,567.615356,262.995911
767.644531,210.217865,567.615356,262.995911
769.450745,209.807236,567.615356,262.995911
770.238892,209.695374,567.615356,262.995911
771.012634,209.635635,567.615356,262.995911
771.819824,209.560165,567.615356,262.995911
772.628723,209.490128,567.615356,262.995911
773.468689,209.443222,567.615356,262.995911
774.294434,209.394440,567.615356,262.995911
775.144653,209.329453,567.615356,262.995911
776.812378,209.167847,567.615356,262.995911
777.666687,209.038605,567.615356,262.995911
778.498718,208.965698,567.615356,262.995911
779.277222,208.908813,567.615356,262.995911
780.065247,208.824142,567.615356,262.995911
780.887390,208.745132,567.615356,262.995911
781.664429,208.618301,567.615356,262.995911
782.416626,208.450546,567.615356,262.995911
783.874329,208.026199,567.615356,262.995911
784.656860,207.795181,567.615356,262.995911
785.494080,207.559677,567.615356,262.995911
786.339355,207.314484,567.615356,262.995911
787.113159,207.146866,567.615356,262.995911
787.901001,207.015366,567.615356,262.995911
788.747192,206.871628,567.615356,262.995911
789.606995,206.678619,567.615356,262.995911
791.085449,206.301010,567.615356,262.995911
791.869263,206.138214,567.615356,262.995911
792.733643,205.965118,567.615356,262.995911
793.614380,205.734146,567.615356,262.995911
794.495544,205.479095,567.615356,262.995911
795.487610,205.217361,567.615356,262.995911
796.468079,204.956772,567.615356,262.995911
797.403259,204.651199,567.615356,262.995911
799.019470,204.164261,567.615356,262.995911
799.849243,204.025360,567.615356,262.995911
800.697998,203.927261,567.615356,262.995911
801.505005,203.826416,567.615356,262.995911
802.258911,203.680237,567.615356,262.995911
803.012939,203.549255,567.615356,262.995911
803.783813,203.458832,567.615356,262.995911
804.626831,203.412170,567.615356,262.995911
805.504700,203.377716,567.615356,262.995911
807.102356,203.152145,567.615356,262.995911
807.908264,203.016998,567.615356,262.995911
808.644897,202.930389,567.615356,262.995911
809.366272,202.819977,567.615356,262.995911
810.136902,202.727249,567.615356,262.995911
810.952576,202.669678,567.615356,262.995911
811.826599,202.676666,567.615356,262.995911
812.718445,202.654449,567.615356,262.995911
814.560486,202.620468,567.615356,262.995911
815.521912,202.590485,567.615356,262.995911
816.452515,202.534317,567.615356,262.995911
817.264038,202.487808,567.615356,262.995911
818.021606,202.431595,567.615356,262.995911
818.839417,202.381866,567.615356,262.995911
819.659485,202.300552,567.615356,262.995911
820.482422,202.152557,567.615356,262.995911
822.155396,201.759872,567.615356,262.995911
823.097839,201.497803,567.615356,262.995911
824.062012,201.231033,567.615356,262.995911
825.068787,200.956573,567.615356,262.995911
826.109558,200.679626,567.615356,262.995911
827.030945,200.498672,567.615356,262.995911
828.469910,200.362930,567.615356,262.995911
829.213745,200.240936,567.615356,262.995911
829.962769,200.108078,567.615356,262.995911
830.736389,199.962357,567.615356,262.995911
831.492737,199.843277,567.615356,262.995911
832.243042,199.729904,567.615356,262.995911
833.055176,199.578049,567.615356,262.995911
834.729675,199.162399,567.615356,262.995911
835.490662,199.024002,567.615356,262.995911
836.217468,198.886475,567.615356,262.995911
836.980835,198.666397,567.615356,262.995911
837.771484,198.380554,567.615356,262.995911
838.499878,198.114380,567.615356,262.995911
839.158508,197.892731,567.615356,262.995911
840.626282,197.536407,567.615356,262.995911
841.466003,197.293060,567.615356,262.995911
842.296509,197.031921,567.615356,262.995911
843.051453,196.802460,567.615356,262.995911
843.788330,196.580170,567.615356,262.995911
844.522827,196.336716,567.615356,262.995911
845.276245,196.079727,567.615356,262.995911
846.788513,195.504379,567.615356,262.995911
847.546936,195.103500,567.615356,262.995911
848.272217,194.654312,567.615356,262.995911
848.962402,194.279785,567.615356,262.995911
849.660400,193.952530,567.615356,262.995911
850.419861,193.669785,567.615356,262.995911
851.277466,193.363159,567.615356,262.995911
852.994629,192.850998,567.615356,262.995911
853.865906,192.641968,567.615356,262.995911
854.765259,192.369431,567.615356,262.995911
855.587524,192.033844,567.615356,262.995911
856.303284,191.758896,567.615356,262.995911
857.039001,191.508774,567.615356,262.995911
857.819580,191.229019,567.615356,262.995911
859.403076,190.462112,567.615356,262.995911
860.263000,190.047867,567.615356,262.995911
861.133728,189.671127,567.615356,262.995911
861.926208,189.340393,567.615356,262.995911
862.646484,189.071274,567.615356,262.995911
863.345947,188.797668,567.615356,262.995911
864.081360,188.501328,567.615356,262.995911
865.771912,187.851944,567.615356,262.995911
866.606750,187.609039,567.615356,262.995911
867.360596,187.362900,567.615356,262.995911
868.065063,187.072067,567.615356,262.995911
868.827087,186.776978,567.615356,262.995911
869.630554,186.456512,567.615356,262.995911
870.415222,186.127502,567.615356,262.995911
871.925964,185.423706,567.615356,262.995911
872.680420,185.050247,567.615356,262.995911
873.431458,184.731369,567.615356,262.995911
874.165222,184.451340,567.615356,262.995911
874.949768,184.152527,567.615356,262.995911
875.751282,183.834686,567.615356,262.995911
877.256470,183.241150,567.615356,262.995911
878.003418,182.934464,567.615356,262.995911
878.749695,182.598343,567.615356,262.995911
879.498596,182.263474,567.615356,262.995911
880.255676,181.935059,567.615356,262.995911
881.011169,181.590561,567.615356,262.995911
882.491638,180.866348,567.615356,262.995911
883.208435,180.481842,567.615356,262.995911
883.917358,180.062927,567.615356,262.995911
884.607849,179.659393,567.615356,262.995911
885.285889,179.278366,567.615356,262.995911
886.602234,178.421494,567.615356,262.995911
887.268188,177.896561,567.615356,262.995911
887.905762,177.400467,567.615356,262.995911
888.476990,176.986908,567.615356,262.995911
889.699463,176.147003,567.615356,262.995911
890.427673,175.602066,567.615356,262.995911
891.188904,174.946854,567.615356,262.995911
891.939148,174.231827,567.615356,262.995911
893.323669,173.013824,567.615356,262.995911
893.927673,172.555298,567.615356,262.995911
894.493103,172.082062,567.615356,262.995911
895.080566,171.516312,567.615356,262.995911
895.618591,170.766693,567.615356,262.995911
896.431763,169.150116,567.615356,262.995911
896.771057,168.402161,567.615356,262.995911
897.184631,167.705078,567.615356,262.995911
897.730774,167.187378,567.615356,262.995911
899.000244,166.177795,567.615356,262.995911
899.705078,165.515884,567.615356,262.995911
900.437805,164.804672,567.615356,262.995911
901.100769,164.198029,567.615356,262.995911
901.721863,163.566818,567.615356,262.995911
902.834778,162.353409,567.615356,262.995911
903.330444,161.802277,567.615356,262.995911
903.837097,161.197617,567.615356,262.995911
904.372253,160.480148,567.615356,262.995911
905.406067,158.942886,567.615356,262.995911
905.936462,158.203934,567.615356,262.995911
906.489868,157.588348,567.615356,262.995911
907.036133,157.008759,567.615356,262.995911
907.551453,156.354919,567.615356,262.995911
908.508911,154.658524,567.615356,262.995911
908.922791,153.748413,567.615356,262.995911
909.369141,152.992828,567.615356,262.995911
909.829407,152.227997,567.615356,262.995911
910.257996,151.581741,567.615356,262.995911
910.943115,150.132843,567.615356,262.995911
911.240723,149.217407,567.615356,262.995911
911.520691,148.224426,567.615356,262.995911
911.897949,147.275269,567.615356,262.995911
912.332275,146.444031,567.615356,262.995911
912.744934,145.734848,567.615356,262.995911
913.439270,144.253876,567.615356,262.995911
913.632080,143.386002,567.615356,262.995911
913.763672,142.387558,567.615356,262.995911
913.818787,141.318909,567.615356,262.995911
913.828613,140.203796,567.615356,262.995911
913.828125,139.051331,567.615356,262.995911
913.919495,138.191986,567.615356,262.995911
914.636597,136.791168,567.615356,262.995911
914.982849,135.965881,567.615356,262.995911
915.279785,135.049652,567.615356,262.995911
915.533386,134.076706,567.615356,262.995911
915.747070,133.067322,567.615356,262.995911
916.002441,132.290817,567.615356,262.995911
916.273682,131.625565,567.615356,262.995911
916.535706,130.040436,567.615356,262.995911
916.501892,129.081512,567.615356,262.995911
916.375000,128.041901,567.615356,262.995911
916.173462,126.955582,567.615356,262.995911
916.046021,125.942932,567.615356,262.995911
916.140076,125.145966,567.615356,262.995911
916.394531,124.445297,567.615356,262.995911
916.655945,122.871452,567.615356,262.995911
916.623047,121.936974,567.615356,262.995911
916.512817,120.946960,567.615356,262.995911
916.437378,120.090813,567.615356,262.995911
916.476868,119.306717,567.615356,262.995911
916.607361,118.591873,567.615356,262.995911
916.686401,117.856796,567.615356,262.995911
916.473267,116.149223,567.615356,262.995911
916.160278,115.168625,567.615356,262.995911
915.775757,114.156815,567.615356,262.995911
915.327820,113.087051,567.615356,262.995911
915.006470,112.107300,567.615356,262.995911
915.004517,111.368591,567.615356,262.995911
915.131531,110.650017,567.615356,262.995911
915.161743,109.869003,567.615356,262.995911
914.867676,108.170074,567.615356,262.995911
914.664063,107.254692,567.615356,262.995911
914.560913,106.379448,567.615356,262.995911
914.530884,105.568497,567.615356,262.995911
914.533875,104.830025,567.615356,262.995911
914.509705,104.077896,567.615356,262.995911
914.444641,103.324394,567.615356,262.995911
914.046936,101.691246,567.615356,262.995911
913.696167,100.837090,567.615356,262.995911
913.344421,99.986900,567.615356,262.995911
913.248413,99.195213,567.615356,262.995911
913.356323,98.415527,567.615356,262.995911
913.401672,97.628075,567.615356,262.995911
913.343323,98.446159,567.615356,262.995911
912.559631,98.431847,567.615356,262.995911
911.593872,97.191673,567.615356,262.995911
911.482300,96.422699,567.615356,262.995911
911.529419,95.693893,567.615356,262.995911
911.543457,94.913933,567.615356,262.995911
911.511780,94.141220,567.615356,262.995911
911.486877,93.314293,567.615356,262.995911
911.518921,92.529091,567.615356,262.995911
911.732788,90.870079,567.615356,262.995911
911.883179,90.042290,567.615356,262.995911
912.046875,89.223198,567.615356,262.995911
912.194031,88.420219,567.615356,262.995911
912.344482,87.565224,567.615356,262.995911
912.478943,86.656151,567.615356,262.995911
912.586853,85.758560,567.615356,262.995911
912.692444,84.888939,567.615356,262.995911
912.882080,83.242432,567.615356,262.995911
912.928101,82.436104,567.615356,262.995911
912.885437,81.602509,567.615356,262.995911
912.815918,80.813934,567.615356,262.995911
912.739624,80.199013,567.615356,262.995911
912.690002,79.556427,567.615356,262.995911
912.674377,78.833252,567.615356,262.995911
912.426331,77.270584,567.615356,262.995911
912.327087,76.422729,567.615356,262.995911
912.242981,75.508026,567.615356,262.995911
912.174377,74.631882,567.615356,262.995911
912.075500,73.790398,567.615356,262.995911
911.974121,73.029831,567.615356,262.995911
911.861877,72.292351,567.615356,262.995911
911.743713,71.556305,567.615356,262.995911
911.552063,70.113205,567.615356,262.995911
911.421082,69.406548,567.615356,262.995911
911.296997,68.659920,567.615356,262.995911
911.185364,67.866058,567.615356,262.995911
911.119812,67.034576,567.615356,262.995911
911.070679,66.129036,567.615356,262.995911
910.980774,65.128479,567.615356,262.995911
910.714050,63.291431,567.615356,262.995911
910.649170,62.553905,567.615356,262.995911
910.539795,61.807243,567.615356,262.995911
910.382507,61.053829,567.615356,262.995911
910.246521,60.342106,567.615356,262.995911
910.158875,59.635303,567.615356,262.995911
910.069458,58.852974,567.615356,262.995911
909.780334,56.992718,567.615356,262.995911
909.543945,56.087540,567.615356,262.995911
909.274536,55.235306,567.615356,262.995911
909.038147,54.334267,567.615356,262.995911
908.870361,53.483749,567.615356,262.995911
908.707458,52.585987,567.615356,262.995911
908.556580,51.761253,567.615356,262.995911
908.298279,50.365410,567.615356,262.995911
908.177856,49.633400,567.615356,262.995911
908.030762,48.848450,567.615356,262.995911
907.859680,48.002411,567.615356,262.995911
907.731750,47.201050,567.615356,262.995911
907.638794,46.400635,567.615356,262.995911
907.548340,45.583450,567.615356,262.995911
907.182617,43.842014,567.615356,262.995911
906.874207,42.997536,567.615356,262.995911
906.588867,42.159271,567.615356,262.995911
906.397705,41.383434,567.615356,262.995911
906.209534,40.630322,567.615356,262.995911
905.969666,39.858959,567.615356,262.995911
905.706543,39.081055,567.615356,262.995911
905.177734,37.619995,567.615356,262.995911
904.944641,36.843536,567.615356,262.995911
904.729431,36.067707,567.615356,262.995911
904.500916,35.290730,567.615356,262.995911
904.267639,34.540684,567.615356,262.995911
904.029236,33.774651,567.615356,262.995911
903.772034,32.966373,567.615356,262.995911
903.046997,31.242100,567.615356,262.995911
902.608337,30.355511,567.615356,262.995911
902.165894,29.527563,567.615356,262.995911
901.783508,28.832371,567.615356,262.995911
901.480957,28.135696,567.615356,262.995911
901.202698,27.431753,567.615356,262.995911
900.904541,26.704975,567.615356,262.995911
900.198242,25.213541,567.615356,262.995911
899.867432,24.515030,567.615356,262.995911
899.556946,23.795038,567.615356,262.995911
899.223633,22.995798,567.615356,262.995911
898.781921,22.153345,567.615356,262.995911
898.300537,21.302681,567.615356,262.995911
897.811401,20.444323,567.615356,262.995911
896.623535,18.624615,567.615356,262.995911
896.127930,17.760857,567.615356,262.995911
895.723755,16.946165,567.615356,262.995911
895.386658,16.205585,567.615356,262.995911
895.060669,15.468637,567.615356,262.995911
894.735168,14.745801,567.615356,262.995911
894.400696,13.998320,567.615356,262.995911
893.648132,12.347028,567.615356,262.995911
893.341003,11.450490,567.615356,262.995911
893.048767,10.545454,567.615356,262.995911
892.698547,9.788145,567.615356,262.995911
892.295288,9.013127,567.615356,262.995911
891.864990,8.169387,567.615356,262.995911
891.384644,7.276668,567.615356,262.995911
890.331909,5.523659,567.615356,262.995911
889.862732,4.766443,567.615356,262.995911
889.446899,4.038298,567.615356,262.995911
888.998779,3.285110,567.615356,262.995911
888.593628,2.581809,567.615356,262.995911
888.191467,1.889398,567.615356,262.995911
887.789795,1.219250,567.615356,262.995911
886.733948,-0.099779,567.615356,262.995911
886.233398,-0.678109,567.615356,262.995911
885.770935,-1.181138,567.615356,262.995911
885.251953,-1.777289,567.615356,262.995911
884.642090,-2.432770,567.615356,262.995911
884.111511,-3.098989,567.615356,262.995911
883.620972,-3.746757,567.615356,262.995911
883.040894,-4.378151,567.615356,262.995911
881.624329,-5.581390,567.615356,262.995911
881.098389,-6.150835,567.615356,262.995911
880.590088,-6.775727,567.615356,262.995911
879.957886,-7.394138,567.615356,262.995911
879.282471,-7.934289,567.615356,262.995911
878.608521,-8.379714,567.615356,262.995911
877.806213,-8.790285,567.615356,262.995911
876.880981,-9.162350,567.615356,262.995911
875.403076,-9.865815,567.615356,262.995911
874.930969,-10.356142,567.615356,262.995911
874.435242,-10.873464,567.615356,262.995911
873.958008,-11.361485,567.615356,262.995911
873.532104,-11.772742,567.615356,262.995911
873.155457,-12.144989,567.615356,262.995911
872.598694,-12.514808,567.615356,262.995911
872.059692,-12.852863,567.615356,262.995911
871.066101,-13.520333,567.615356,262.995911
870.650452,-13.830917,567.615356,262.995911
870.342773,-14.080721,567.615356,262.995911
870.155945,-14.264734,567.615356,262.995911
870.023743,-14.348434,567.615356,262.995911
869.806152,-14.401342,567.615356,262.995911
869.489624,-14.568596,567.615356,262.995911
869.099426,-14.890738,567.615356,262.995911
868.749878,-15.251767,567.615356,262.995911
868.470459,-15.503716,567.615356,262.995911
868.382996,-15.708218,567.615356,262.995911
868.494751,-15.701374,567.615356,262.995911
868.435669,-15.873403,567.615356,262.995911
868.165222,-16.192778,567.615356,262.995911
867.862305,-16.469536,567.615356,262.995911
867.650696,-16.681446,567.615356,262.995911
867.542847,-16.859140,567.615356,262.995911
867.537292,-16.989239,567.615356,262.995911
867.562744,-17.081533,567.615356,262.995911
867.496704,-17.166735,567.615356,262.995911
867.328125,-17.286188,567.615356,262.995911
867.173706,-17.420580,567.615356,262.995911
867.140625,-17.621361,567.615356,262.995911
867.135742,-17.742529,567.615356,262.995911
867.119629,-17.910744,567.615356,262.995911
867.119263,-18.118345,567.615356,262.995911
867.152161,-18.324572,567.615356,262.995911
867.191528,-18.443701,567.615356,262.995911
867.277649,-18.399384,567.615356,262.995911
867.367371,-18.354149,567.615356,262.995911
867.421387,-18.457918,567.615356,262.995911
867.517517,-18.647757,567.615356,262.995911
867.574402,-18.767302,567.615356,262.995911
867.721558,-18.699163,567.615356,262.995911
867.861206,-18.635326,567.615356,262.995911
868.000488,-18.572439,567.615356,262.995911
868.302307,-18.438738,567.615356,262.995911
868.376831,-18.587866,567.615356,262.995911
868.460327,-18.735868,567.615356,262.995911
868.521606,-18.866543,567.615356,262.995911
868.572388,-18.959187,567.615356,262.995911
868.629456,-19.040247,567.615356,262.995911
868.804504,-19.237888,567.615356,262.995911
868.899231,-19.306351,567.615356,262.995911
869.041809,-19.379030,567.615356,262.995911
869.289917,-19.453192,567.615356,262.995911
869.642456,-19.537804,567.615356,262.995911
870.454651,-19.727575,567.615356,262.995911
870.957947,-19.817078,567.615356,262.995911
871.489624,-19.902437,567.615356,262.995911
871.874207,-19.972122,567.615356,262.995911
872.062134,-20.049129,567.615356,262.995911
872.220215,-20.141472,567.615356,262.995911
872.688843,-20.367374,567.615356,262.995911
872.903442,-20.414652,567.615356,262.995911
873.150208,-20.468826,567.615356,262.995911
873.425232,-20.539259,567.615356,262.995911
873.721130,-20.595804,567.615356,262.995911
873.952576,-20.655676,567.615356,262.995911
874.146118,-20.734663,567.615356,262.995911
874.337402,-20.806778,567.615356,262.995911
874.766785,-21.027901,567.615356,262.995911
875.017517,-21.191923,567.615356,262.995911
875.256714,-21.384914,567.615356,262.995911
875.530090,-21.586464,567.615356,262.995911
875.825745,-21.809690,567.615356,262.995911
876.070435,-21.964632,567.615356,262.995911
876.292175,-22.016029,567.615356,262.995911
876.519592,-22.007694,567.615356,262.995911
876.768982,-21.991426,567.615356,262.995911
876.984253,-21.992315,567.615356,262.995911
877.215027,-21.986275,567.615356,262.995911
877.480164,-21.984152,567.615356,262.995911
877.754700,-22.006685,567.615356,262.995911
878.024841,-22.088282,567.615356,262.995911
878.284485,-22.130653,567.615356,262.995911
878.535522,-22.195282,567.615356,262.995911
878.789429,-22.230354,567.615356,262.995911
879.006348,-22.222542,567.615356,262.995911
879.253906,-22.217459,567.615356,262.995911
879.523987,-22.209354,567.615356,262.995911
879.790710,-22.169661,567.615356,262.995911
880.044128,-22.099703,567.615356,262.995911
880.283997,-21.983793,567.615356,262.995911
880.520630,-21.839172,567.615356,262.995911
880.788086,-21.662302,567.615356,262.995911
881.034302,-21.458239,567.615356,262.995911
881.230530,-21.362247,567.615356,262.995911
881.404602,-21.305088,567.615356,262.995911
881.582581,-21.211895,567.615356,262.995911
881.763428,-21.095400,567.615356,262.995911
881.936584,-20.942410,567.615356,262.995911
882.106995,-20.807261,567.615356,262.995911
882.247314,-20.685284,567.615356,262.995911
882.377380,-20.598076,567.615356,262.995911
882.488708,-20.526411,567.615356,262.995911
882.594727,-20.425898,567.615356,262.995911
882.883911,-20.260170,567.615356,262.995911
883.015076,-20.184664,567.615356,262.995911
883.143005,-20.105440,567.615356,262.995911
883.256531,-20.044983,567.615356,262.995911
883.358643,-20.002342,567.615356,262.995911
883.446777,-19.990608,567.615356,262.995911
883.497803,-19.997225,567.615356,262.995911
883.532227,-20.024080,567.615356,262.995911
883.554688,-20.050995,567.615356,262.995911
883.562134,-20.056892,567.615356,262.995911
883.592346,-19.999802,567.615356,262.995911
883.622742,-19.937922,567.615356,262.995911
883.671936,-19.833591,567.615356,262.995911
883.712769,-19.760225,567.615356,262.995911
883.733276,-19.704676,567.615356,262.995911
883.734680,-19.656813,567.615356,262.995911
883.723267,-19.596590,567.615356,262.995911
883.705566,-19.547541,567.615356,262.995911
883.675415,-19.516460,567.615356,262.995911
883.571899,-19.462025,567.615356,262.995911
883.495300,-19.436680,567.615356,262.995911
883.408691,-19.404945,567.615356,262.995911
883.328247,-19.372585,567.615356,262.995911
883.272217,-19.337965,567.615356,262.995911
883.221069,-19.319555,567.615356,262.995911
883.157349,-19.295517,567.615356,262.995911
883.084290,-19.271513,567.615356,262.995911
883.008301,-19.250086,567.615356,262.995911
882.932617,-19.239359,567.615356,262.995911
882.854736,-19.227571,567.615356,262.995911
882.778259,-19.217257,567.615356,262.995911
882.592590,-19.200645,567.615356,262.995911
882.504089,-19.181780,567.615356,262.995911
882.418091,-19.166220,567.615356,262.995911
882.348022,-19.160570,567.615356,262.995911
882.275024,-19.151428,567.615356,262.995911
882.191895,-19.141409,567.615356,262.995911
882.118469,-19.131969,567.615356,262.995911
882.050110,-19.126308,567.615356,262.995911
881.981201,-19.127026,567.615356,262.995911
881.905273,-19.121262,567.615356,262.995911
881.825439,-19.094013,567.615356,262.995911
881.686523,-19.032230,567.615356,262.995911
881.630920,-19.003122,567.615356,262.995911
881.568604,-18.986704,567.615356,262.995911
881.502869,-18.975353,567.615356,262.995911
881.432434,-18.972839,567.615356,262.995911
881.361755,-18.973392,567.615356,262.995911
881.291016,-18.972641,567.615356,262.995911
881.223816,-18.970463,567.615356,262.995911
881.160095,-18.964365,567.615356,262.995911
881.096680,-18.956268,567.615356,262.995911
881.010071,-18.950487,567.615356,262.995911
880.986267,-18.944839,567.615356,262.995911
880.979309,-18.938158,567.615356,262.995911
880.981812,-18.937485,567.615356,262.995911
880.991028,-18.932337,567.615356,262.995911
880.938782,-18.917608,567.615356,262.995911
880.863525,-18.894278,567.615356,262.995911
880.769409,-18.842299,567.615356,262.995911
880.742493,-18.841816,567.615356,262.995911
880.718079,-18.839411,567.615356,262.995911
880.707275,-18.831978,567.615356,262.995911
880.705444,-18.820175,567.615356,262.995911
880.703308,-18.815208,567.615356,262.995911
880.697083,-18.818811,567.615356,262.995911
880.689514,-18.810755,567.615356,262.995911
880.683960,-18.813999,567.615356,262.995911
880.674683,-18.819412,567.615356,262.995911
880.663513,-18.825916,567.615356,262.995911
880.658081,-18.815378,567.615356,262.995911
880.661255,-18.806036,567.615356,262.995911
880.662964,-18.795458,567.615356,262.995911
880.666809,-18.781130,567.615356,262.995911
880.667358,-18.737001,567.615356,262.995911
880.669006,-18.699690,567.615356,262.995911
880.685791,-18.669609,567.615356,262.995911
880.696167,-18.624067,567.615356,262.995911
880.696350,-18.576206,567.615356,262.995911
880.688293,-18.552130,567.615356,262.995911
880.666809,-18.565178,567.615356,262.995911
880.611267,-18.499510,567.615356,262.995911
880.569275,-18.463440,567.615356,262.995911
880.519653,-18.427074,567.615356,262.995911
880.458374,-18.378176,567.615356,262.995911
880.407227,-18.325996,567.615356,262.995911
880.385437,-18.269695,567.615356,262.995911
880.355286,-18.223804,567.615356,262.995911
880.290405,-18.136305,567.615356,262.995911
880.250061,-18.072649,567.615356,262.995911
880.207458,-18.004913,567.615356,262.995911
880.163147,-17.931818,567.615356,262.995911
880.113037,-17.836226,567.615356,262.995911
880.006775,-17.804235,567.615356,262.995911
879.921204,-17.863438,567.615356,262.995911
879.827698,-17.928829,567.615356,262.995911
879.718140,-18.006342,567.615356,262.995911
879.650879,-17.908003,567.615356,262.995911
879.585144,-17.808554,567.615356,262.995911
879.501648,-17.688253,567.615356,262.995911
879.391846,-17.533365,567.615356,262.995911
879.039429,-17.072975,567.615356,262.995911
878.852234,-16.847704,567.615356,262.995911
878.723999,-16.696131,567.615356,262.995911
878.660706,-16.597483,567.615356,262.995911
878.572815,-16.431936,567.615356,262.995911
878.392761,-16.001442,567.615356,262.995911
878.291931,-15.768243,567.615356,262.995911
878.202332,-15.590302,567.615356,262.995911
878.096497,-15.459785,567.615356,262.995911
877.966431,-15.314738,567.615356,262.995911
877.784302,-15.117142,567.615356,262.995911
877.281006,-14.597087,567.615356,262.995911
877.079041,-14.405022,567.615356,262.995911
876.934448,-14.260877,567.615356,262.995911
876.816345,-14.132433,567.615356,262.995911
876.626709,-13.955225,567.615356,262.995911
876.415283,-13.786536,567.615356,262.995911
876.244934,-13.626688,567.615356,262.995911
875.870789,-13.250468,567.615356,262.995911
875.621582,-13.033930,567.615356,262.995911
875.381714,-12.829080,567.615356,262.995911
875.120361,-12.612905,567.615356,262.995911
874.931824,-12.470009,567.615356,262.995911
874.573914,-12.090389,567.615356,262.995911
874.338562,-11.876604,567.615356,262.995911
874.096375,-11.692311,567.615356,262.995911
873.840881,-11.470999,567.615356,262.995911
873.548950,-11.245010,567.615356,262.995911
873.222168,-11.013395,567.615356,262.995911
872.677002,-10.655539,567.615356,262.995911
872.471863,-10.500836,567.615356,262.995911
872.227600,-10.292125,567.615356,262.995911
872.009460,-10.106441,567.615356,262.995911
871.742004,-9.866738,567.615356,262.995911
871.261536,-9.477347,567.615356,262.995911
871.023071,-9.305066,567.615356,262.995911
870.763306,-9.135889,567.615356,262.995911
870.512207,-8.984551,567.615356,262.995911
870.348206,-9.250127,567.615356,262.995911
870.121887,-9.113350,567.615356,262.995911
869.572510,-8.813282,567.615356,262.995911
869.290100,-8.676069,567.615356,262.995911
869.026184,-8.509975,567.615356,262.995911
868.736450,-8.329371,567.615356,262.995911
868.421204,-8.165645,567.615356,262.995911
868.106018,-8.025958,567.615356,262.995911
867.551086,-7.836183,567.615356,262.995911
867.317078,-7.755192,567.615356,262.995911
867.063721,-7.661138,567.615356,262.995911
866.786804,-7.564600,567.615356,262.995911
866.530762,-7.423986,567.615356,262.995911
866.261047,-7.246510,567.615356,262.995911
865.739746,-6.949595,567.615356,262.995911
865.510010,-6.834767,567.615356,262.995911
865.246216,-6.704002,567.615356,262.995911
864.727295,-6.497306,567.615356,262.995911
864.474487,-6.422855,567.615356,262.995911
864.217529,-6.353178,567.615356,262.995911
863.987061,-6.276550,567.615356,262.995911
863.732300,-6.193305,567.615356,262.995911
863.245361,-5.988245,567.615356,262.995911
863.011353,-5.877784,567.615356,262.995911
862.763489,-5.755268,567.615356,262.995911
862.481506,-5.639909,567.615356,262.995911
861.926819,-5.467556,567.615356,262.995911
861.705261,-5.392631,567.615356,262.995911
861.482422,-5.320689,567.615356,262.995911
861.240906,-5.254364,567.615356,262.995911
860.742310,-5.164461,567.615356,262.995911
860.491760,-5.124626,567.615356,262.995911
860.218384,-5.084445,567.615356,262.995911
859.955139,-5.053872,567.615356,262.995911
859.668518,-5.020372,567.615356,262.995911
859.427490,-4.990270,567.615356,262.995911
858.882446,-4.922655,567.615356,262.995911
858.565369,-4.917884,567.615356,262.995911
858.224548,-4.951394,567.615356,262.995911
857.868042,-5.014318,567.615356,262.995911
857.527222,-5.033538,567.615356,262.995911
857.277832,-4.964007,567.615356,262.995911
856.730103,-4.868622,567.615356,262.995911
856.437195,-4.868266,567.615356,262.995911
856.149231,-4.900748,567.615356,262.995911
855.881714,-4.915178,567.615356,262.995911
855.624451,-4.914244,567.615356,262.995911
855.356445,-4.916490,567.615356,262.995911
855.101440,-5.148915,567.615356,262.995911
854.815063,-5.161584,567.615356,262.995911
854.521729,-5.186553,567.615356,262.995911
854.174866,-5.216327,567.615356,262.995911
853.845093,-5.257565,567.615356,262.995911
853.244873,-5.268636,567.615356,262.995911
852.932068,-5.270930,567.615356,262.995911
852.625610,-5.281078,567.615356,262.995911
852.329834,-5.294869,567.615356,262.995911
852.077393,-5.324087,567.615356,262.995911
851.865784,-5.611024,567.615356,262.995911
851.604858,-5.657952,567.615356,262.995911
851.362183,-5.599252,567.615356,262.995911
851.087036,-5.529146,567.615356,262.995911
850.792480,-5.442810,567.615356,262.995911
850.468933,-5.329144,567.615356,262.995911
849.890930,-5.106751,567.615356,262.995911
849.617493,-5.026474,567.615356,262.995911
849.312927,-4.968789,567.615356,262.995911
849.023926,-4.949651,567.615356,262.995911
848.745605,-4.932598,567.615356,262.995911
848.238342,-4.904356,567.615356,262.995911
847.948547,-4.894997,567.615356,262.995911
847.647278,-4.885981,567.615356,262.995911
847.379089,-4.861288,567.615356,262.995911
847.062073,-4.821526,567.615356,262.995911
846.425964,-4.682430,567.615356,262.995911
846.115845,-4.612402,567.615356,262.995911
845.790344,-4.575272,567.615356,262.995911
845.802917,-4.895058,567.615356,262.995911
845.500061,-4.929597,567.615356,262.995911
844.924988,-5.029972,567.615356,262.995911
844.640198,-5.108003,567.615356,262.995911
844.319885,-5.192115,567.615356,262.995911
844.052490,-5.247542,567.615356,262.995911
843.769653,-5.278766,567.615356,262.995911
843.119629,-5.360839,567.615356,262.995911
842.737671,-5.428507,567.615356,262.995911
842.357483,-5.546478,567.615356,262.995911
842.023926,-5.710685,567.615356,262.995911
841.659485,-5.883915,567.615356,262.995911
841.321899,-6.018490,567.615356,262.995911
840.673401,-6.225650,567.615356,262.995911
840.363647,-6.307498,567.615356,262.995911
840.039368,-6.392021,567.615356,262.995911
839.706909,-6.482094,567.615356,262.995911
839.397827,-6.562873,567.615356,262.995911
838.727417,-6.690666,567.615356,262.995911
838.393188,-6.746642,567.615356,262.995911
838.049744,-6.823235,567.615356,262.995911
837.733765,-6.923316,567.615356,262.995911
837.418152,-7.042164,567.615356,262.995911
836.777039,-7.293425,567.615356,262.995911
836.481445,-7.402540,567.615356,262.995911
836.201416,-7.519020,567.615356,262.995911
835.902100,-7.676936,567.615356,262.995911
835.580505,-7.894204,567.615356,262.995911
834.914795,-8.412171,567.615356,262.995911
834.586609,-8.684735,567.615356,262.995911
834.269592,-8.884156,567.615356,262.995911
833.956726,-8.998711,567.615356,262.995911
833.601929,-9.089491,567.615356,262.995911
832.851807,-9.374414,567.615356,262.995911
832.455688,-9.582064,567.615356,262.995911
832.038696,-9.828162,567.615356,262.995911
831.609436,-10.086155,567.615356,262.995911
831.135132,-10.345037,567.615356,262.995911
830.240112,-10.898880,567.615356,262.995911
829.858154,-11.161176,567.615356,262.995911
829.529907,-11.404620,567.615356,262.995911
829.239807,-11.638535,567.615356,262.995911
828.982117,-11.849211,567.615356,262.995911
828.740845,-12.034000,567.615356,262.995911
828.330383,-12.404257,567.615356,262.995911
828.149719,-12.650723,567.615356,262.995911
827.945557,-12.950506,567.615356,262.995911
827.711914,-13.234944,567.615356,262.995911
827.209900,-13.527661,567.615356,262.995911
826.988342,-13.687467,567.615356,262.995911
826.767456,-13.885110,567.615356,262.995911
826.572266,-14.104385,567.615356,262.995911
826.368286,-14.384551,567.615356,262.995911
825.995972,-14.877087,567.615356,262.995911
825.767944,-15.081853,567.615356,262.995911
825.516602,-15.243337,567.615356,262.995911
825.285828,-15.411720,567.615356,262.995911
825.074829,-15.604571,567.615356,262.995911
824.667175,-16.029345,567.615356,262.995911
824.487488,-16.241104,567.615356,262.995911
824.314758,-16.446365,567.615356,262.995911
824.121216,-16.662699,567.615356,262.995911
823.925964,-16.884226,567.615356,262.995911
823.427246,-17.363617,567.615356,262.995911
823.241333,-17.593945,567.615356,262.995911
823.059143,-17.840551,567.615356,262.995911
822.885925,-18.072622,567.615356,262.995911
822.701294,-18.318949,567.615356,262.995911
822.379700,-18.808884,567.615356,262.995911
822.198364,-19.086578,567.615356,262.995911
821.986328,-19.375435,567.615356,262.995911
821.767334,-19.620485,567.615356,262.995911
821.307922,-20.140421,567.615356,262.995911
821.120117,-20.379272,567.615356,262.995911
820.960205,-20.639505,567.615356,262.995911
820.838745,-20.899639,567.615356,262.995911
820.708740,-21.224127,567.615356,262.995911
820.502502,-21.917486,567.615356,262.995911
820.357788,-22.194601,567.615356,262.995911
820.171875,-22.467695,567.615356,262.995911
819.974182,-22.765423,567.615356,262.995911
819.769165,-23.067394,567.615356,262.995911
819.550964,-23.398695,567.615356,262.995911
819.132690,-24.093086,567.615356,262.995911
818.987061,-24.473040,567.615356,262.995911
818.893738,-24.774519,567.615356,262.995911
818.830566,-25.056091,567.615356,262.995911
818.797729,-25.369623,567.615356,262.995911
818.798706,-25.751287,567.615356,262.995911
818.790405,-26.580956,567.615356,262.995911
818.673279,-26.972326,567.615356,262.995911
818.501770,-27.286875,567.615356,262.995911
818.325195,-27.592537,567.615356,262.995911
818.141052,-27.947939,567.615356,262.995911
818.010498,-28.352535,567.615356,262.995911
817.873108,-29.279985,567.615356,262.995911
817.790405,-29.726126,567.615356,262.995911
817.730225,-30.181406,567.615356,262.995911
817.683350,-30.650961,567.615356,262.995911
817.610168,-31.120853,567.615356,262.995911
817.554932,-31.433332,567.615356,262.995911
817.506897,-32.116806,567.615356,262.995911
817.492371,-32.455612,567.615356,262.995911
817.443542,-32.789848,567.615356,262.995911
817.394897,-33.081104,567.615356,262.995911
817.365112,-33.416035,567.615356,262.995911
817.350830,-33.757862,567.615356,262.995911
817.268250,-34.494678,567.615356,262.995911
817.211975,-34.878143,567.615356,262.995911
817.176147,-35.250526,567.615356,262.995911
817.175659,-35.601730,567.615356,262.995911
817.218018,-35.912342,567.615356,262.995911
817.321045,-36.253990,567.615356,262.995911
817.678955,-36.960300,567.615356,262.995911
817.915222,-37.377056,567.615356,262.995911
818.192993,-37.863842,567.615356,262.995911
818.404297,-38.351261,567.615356,262.995911
818.471375,-38.714424,567.615356,262.995911
818.440125,-39.019791,567.615356,262.995911
818.450256,-39.342278,567.615356,262.995911
818.520203,-39.987305,567.615356,262.995911
818.571411,-40.329826,567.615356,262.995911
818.623657,-40.692513,567.615356,262.995911
818.670776,-41.024788,567.615356,262.995911
818.724731,-41.348663,567.615356,262.995911
818.773132,-41.649612,567.615356,262.995911
818.866455,-41.985386,567.615356,262.995911
819.136902,-42.584045,567.615356,262.995911
819.246277,-42.695892,567.615356,262.995911
819.231995,-42.722908,567.615356,262.995911
819.159485,-42.860500,567.615356,262.995911
819.125671,-43.025677,567.615356,262.995911
819.135376,-43.193962,567.615356,262.995911
819.163269,-43.287258,567.615356,262.995911
819.211548,-43.323326,567.615356,262.995911
819.230652,-43.329914,567.615356,262.995911
819.234924,-43.395412,567.615356,262.995911
819.195496,-43.443531,567.615356,262.995911
819.145752,-43.399776,567.615356,262.995911
819.065002,-43.267994,567.615356,262.995911
818.972046,-43.111103,567.615356,262.995911
818.895508,-42.992172,567.615356,262.995911
818.877869,-43.022675,567.615356,262.995911
818.891602,-43.109512,567.615356,262.995911
818.899902,-43.143036,567.615356,262.995911
818.886414,-43.128494,567.615356,262.995911
818.818115,-43.048237,567.615356,262.995911
818.812195,-43.057220,567.615356,262.995911
818.804810,-43.060524,567.615356,262.995911
818.791199,-43.059734,567.615356,262.995911
818.761475,-43.039295,567.615356,262.995911
818.717041,-42.990479,567.615356,262.995911
818.670166,-42.919586,567.615356,262.995911
818.649292,-42.887085,567.615356,262.995911
818.630920,-42.855331,567.615356,262.995911
818.573975,-42.772148,567.615356,262.995911
818.533813,-42.695526,567.615356,262.995911
818.497192,-42.631500,567.615356,262.995911
818.456909,-42.554508,567.615356,262.995911
818.452942,-42.461815,567.615356,262.995911
818.427979,-42.282745,567.615356,262.995911
818.348328,-42.005901,567.615356,262.995911
818.206421,-41.592957,567.615356,262.995911
818.056580,-41.117264,567.615356,262.995911
817.884949,-40.540787,567.615356,262.995911
817.737183,-39.960823,567.615356,262.995911
817.713745,-39.901363,567.615356,262.995911
817.632935,-39.735424,567.615356,262.995911
817.554138,-39.502926,567.615356,262.995911
817.458984,-39.265392,567.615356,262.995911
817.403137,-39.113731,567.615356,262.995911
817.383972,-38.979050,567.615356,262.995911
817.373291,-38.807701,567.615356,262.995911
817.357544,-38.608498,567.615356,262.995911
817.243347,-38.041428,567.615356,262.995911
817.143799,-37.647064,567.615356,262.995911
817.074158,-37.232433,567.615356,262.995911
817.054382,-36.994888,567.615356,262.995911
817.062683,-36.888569,567.615356,262.995911
817.029236,-36.701508,567.615356,262.995911
816.977844,-36.451683,567.615356,262.995911
816.951904,-36.228687,567.615356,262.995911
816.929932,-36.049076,567.615356,262.995911
816.894653,-35.841312,567.615356,262.995911
816.830139,-35.375549,567.615356,262.995911
816.789001,-35.095238,567.615356,262.995911
816.749756,-34.871925,567.615356,262.995911
816.721130,-34.692474,567.615356,262.995911
816.681335,-34.486996,567.615356,262.995911
816.625916,-34.260525,567.615356,262.995911
816.573914,-34.046963,567.615356,262.995911
816.508362,-33.789959,567.615356,262.995911
816.439514,-33.545063,567.615356,262.995911
816.373230,-33.325443,567.615356,262.995911
816.143066,-33.384045,567.615356,262.995911
816.042725,-32.870167,567.615356,262.995911
815.997375,-32.649780,567.615356,262.995911
815.949524,-32.394737,567.615356,262.995911
815.910828,-32.178890,567.615356,262.995911
815.855164,-31.938986,567.615356,262.995911
815.790466,-31.695185,567.615356,262.995911
815.722168,-31.434690,567.615356,262.995911
815.632996,-31.135157,567.615356,262.995911
815.559143,-30.860054,567.615356,262.995911
815.501465,-30.599724,567.615356,262.995911
815.446838,-30.339146,567.615356,262.995911
815.338501,-29.833588,567.615356,262.995911
815.301758,-29.595369,567.615356,262.995911
815.249634,-29.351965,567.615356,262.995911
815.191162,-29.121014,567.615356,262.995911
815.139160,-28.854595,567.615356,262.995911
815.087219,-28.606520,567.615356,262.995911
815.032227,-28.360744,567.615356,262.995911
814.991089,-28.096327,567.615356,262.995911
814.966003,-27.834324,567.615356,262.995911
814.940369,-27.521168,567.615356,262.995911
814.916260,-27.156433,567.615356,262.995911
814.902893,-26.629316,567.615356,262.995911
814.880066,-26.394909,567.615356,262.995911
814.868713,-26.118567,567.615356,262.995911
814.859070,-25.806892,567.615356,262.995911
814.858643,-25.534266,567.615356,262.995911
814.861938,-25.266016,567.615356,262.995911
814.844177,-25.018522,567.615356,262.995911
814.816040,-24.757671,567.615356,262.995911
814.822815,-24.460093,567.615356,262.995911
814.832886,-24.150030,567.615356,262.995911
814.836914,-23.675640,567.615356,262.995911
814.842957,-23.440426,567.615356,262.995911
814.857910,-23.177561,567.615356,262.995911
814.879578,-22.930307,567.615356,262.995911
814.925964,-22.639385,567.615356,262.995911
814.943420,-22.383244,567.615356,262.995911
814.954529,-22.134571,567.615356,262.995911
814.992126,-21.865089,567.615356,262.995911
815.013916,-21.577345,567.615356,262.995911
815.034180,-21.314661,567.615356,262.995911
815.139893,-20.810549,567.615356,262.995911
815.214783,-20.605299,567.615356,262.995911
815.327576,-20.348522,567.615356,262.995911
815.425537,-20.119354,567.615356,262.995911
815.460205,-19.883743,567.615356,262.995911
815.494873,-19.636087,567.615356,262.995911
815.534790,-19.383276,567.615356,262.995911
815.586121,-19.092417,567.615356,262.995911
815.646667,-18.816925,567.615356,262.995911
815.776978,-18.310400,567.615356,262.995911
815.843262,-18.073286,567.615356,262.995911
815.930969,-17.806393,567.615356,262.995911
816.029297,-17.532017,567.615356,262.995911
816.147034,-17.234690,567.615356,262.995911
816.257385,-16.953192,567.615356,262.995911
816.351563,-16.694239,567.615356,262.995911
816.441467,-16.444033,567.615356,262.995911
816.545837,-16.212402,567.615356,262.995911
816.763123,-15.752029,567.615356,262.995911
816.858032,-15.503958,567.615356,262.995911
816.955322,-15.269306,567.615356,262.995911
817.071777,-14.995210,567.615356,262.995911
817.160828,-14.763392,567.615356,262.995911
817.265137,-14.490988,567.615356,262.995911
817.355835,-14.252765,567.615356,262.995911
817.468750,-13.967621,567.615356,262.995911
817.701355,-13.353019,567.615356,262.995911
817.807495,-13.043355,567.615356,262.995911
817.925415,-12.758257,567.615356,262.995911
818.046753,-12.527277,567.615356,262.995911
818.180969,-12.311447,567.615356,262.995911
818.335388,-12.082676,567.615356,262.995911
818.494629,-11.884298,567.615356,262.995911
818.668945,-11.661549,567.615356,262.995911
819.026489,-11.145701,567.615356,262.995911
819.176941,-10.861582,567.615356,262.995911
819.296021,-10.624746,567.615356,262.995911
819.448486,-10.346416,567.615356,262.995911
819.769287,-9.785393,567.615356,262.995911
819.953674,-9.537975,567.615356,262.995911
820.118896,-9.305186,567.615356,262.995911
820.298096,-9.083284,567.615356,262.995911
820.514893,-8.821218,567.615356,262.995911
820.771729,-8.542233,567.615356,262.995911
821.440002,-7.857155,567.615356,262.995911
821.798218,-7.488510,567.615356,262.995911
821.488098,-7.201371,567.615356,262.995911
821.649719,-7.011638,567.615356,262.995911
821.822205,-6.795441,567.615356,262.995911
822.105774,-6.511202,567.615356,262.995911
822.716187,-6.071742,567.615356,262.995911
823.139404,-5.863067,567.615356,262.995911
823.513550,-5.662876,567.615356,262.995911
823.742371,-5.448477,567.615356,262.995911
823.889404,-5.291695,567.615356,262.995911
824.100159,-5.158984,567.615356,262.995911
824.364685,-5.015374,567.615356,262.995911
824.847534,-4.649306,567.615356,262.995911
825.094360,-4.434805,567.615356,262.995911
825.317566,-4.222118,567.615356,262.995911
825.533203,-3.999125,567.615356,262.995911
825.753052,-3.764339,567.615356,262.995911
826.003357,-3.498600,567.615356,262.995911
826.281555,-3.258962,567.615356,262.995911
826.578491,-3.058018,567.615356,262.995911
827.027771,-2.770533,567.615356,262.995911
827.257751,-2.642819,567.615356,262.995911
827.528625,-2.507397,567.615356,262.995911
827.771423,-2.384661,567.615356,262.995911
828.026978,-2.218664,567.615356,262.995911
828.276672,-2.037734,567.615356,262.995911
828.561340,-1.824934,567.615356,262.995911
828.810669,-1.603983,567.615356,262.995911
829.271606,-1.246148,567.615356,262.995911
829.529114,-1.097436,567.615356,262.995911
829.803162,-0.965240,567.615356,262.995911
830.061096,-0.848305,567.615356,262.995911
830.261658,-0.751300,567.615356,262.995911
830.350952,-0.716218,567.615356,262.995911
830.322327,-0.753051,567.615356,262.995911
830.659668,-0.679146,567.615356,262.995911
830.861206,-0.646813,567.615356,262.995911
831.018982,-0.686241,567.615356,262.995911
831.161987,-0.824024,567.615356,262.995911
831.377319,-1.014845,567.615356,262.995911
831.656677,-1.181651,567.615356,262.995911
831.923096,-1.289722,567.615356,262.995911
832.279724,-1.479538,567.615356,262.995911
832.350342,-1.611939,567.615356,262.995911
832.355713,-1.709505,567.615356,262.995911
832.386353,-1.757518,567.615356,262.995911
832.467896,-1.805352,567.615356,262.995911
832.557983,-1.878264,567.615356,262.995911
832.654175,-1.955648,567.615356,262.995911
832.760498,-2.030996,567.615356,262.995911
833.019409,-2.182979,567.615356,262.995911
833.169373,-2.271409,567.615356,262.995911
833.323853,-2.382320,567.615356,262.995911
833.461609,-2.490749,567.615356,262.995911
833.586426,-2.617073,567.615356,262.995911
833.705200,-2.747312,567.615356,262.995911
833.821899,-2.861188,567.615356,262.995911
834.037720,-3.143834,567.615356,262.995911
834.121033,-3.333357,567.615356,262.995911
834.193298,-3.539776,567.615356,262.995911
834.246765,-3.729623,567.615356,262.995911
834.245911,-3.900232,567.615356,262.995911
834.241516,-4.158474,567.615356,262.995911
834.250732,-4.448319,567.615356,262.995911
834.260864,-4.744148,567.615356,262.995911
834.344238,-5.085776,567.615356,262.995911
834.424072,-5.351613,567.615356,262.995911
834.551025,-5.635903,567.615356,262.995911
834.731995,-5.957535,567.615356,262.995911
834.945557,-6.343106,567.615356,262.995911
835.191101,-6.660230,567.615356,262.995911
835.426270,-7.027629,567.615356,262.995911
835.776428,-7.844953,567.615356,262.995911
835.794250,-8.260077,567.615356,262.995911
835.702454,-8.647423,567.615356,262.995911
835.625916,-9.087132,567.615356,262.995911
835.571411,-9.497266,567.615356,262.995911
835.513550,-9.896639,567.615356,262.995911
835.455505,-10.316474,567.615356,262.995911
835.397217,-10.728650,567.615356,262.995911
835.378967,-11.622389,567.615356,262.995911
835.500671,-12.004543,567.615356,262.995911
835.668762,-12.377218,567.615356,262.995911
835.841919,-12.848543,567.615356,262.995911
835.966187,-13.233185,567.615356,262.995911
836.072510,-13.661458,567.615356,262.995911
836.153320,-14.106806,567.615356,262.995911
836.297913,-15.030572,567.615356,262.995911
836.295105,-15.486778,567.615356,262.995911
836.251709,-15.949694,567.615356,262.995911
836.266235,-16.458557,567.615356,262.995911
836.304626,-16.982687,567.615356,262.995911
836.365906,-17.494427,567.615356,262.995911
836.403748,-17.893755,567.615356,262.995911
836.471436,-18.186449,567.615356,262.995911
836.586121,-18.818317,567.615356,262.995911
836.760803,-19.148115,567.615356,262.995911
836.993713,-19.479925,567.615356,262.995911
837.270813,-19.833818,567.615356,262.995911
837.594421,-20.209499,567.615356,262.995911
837.966675,-20.622490,567.615356,262.995911
838.232971,-20.942472,567.615356,262.995911
838.320251,-21.081251,567.615356,262.995911
838.565063,-21.611723,567.615356,262.995911
838.689209,-21.995991,567.615356,262.995911
838.756592,-22.402977,567.615356,262.995911
838.795776,-22.844372,567.615356,262.995911
838.836609,-23.258680,567.615356,262.995911
838.888855,-23.638294,567.615356,262.995911
838.961304,-23.882721,567.615356,262.995911
839.035278,-24.229733,567.615356,262.995911
839.180847,-24.600525,567.615356,262.995911
839.404907,-25.029436,567.615356,262.995911
840.051758,-26.175953,567.615356,262.995911
840.459351,-26.825874,567.615356,262.995911
840.882263,-27.508980,567.615356,262.995911
841.305664,-28.121372,567.615356,262.995911
841.500977,-28.416443,567.615356,262.995911
841.486694,-28.544964,567.615356,262.995911
841.527832,-28.746630,567.615356,262.995911
841.710876,-29.060202,567.615356,262.995911
842.100708,-29.631905,567.615356,262.995911
842.187134,-29.878885,567.615356,262.995911
842.262207,-30.165825,567.615356,262.995911
842.347656,-30.419777,567.615356,262.995911
842.473938,-30.678547,567.615356,262.995911
842.658264,-31.021894,567.615356,262.995911
842.904724,-31.418301,567.615356,262.995911
843.185974,-31.807480,567.615356,262.995911
843.412903,-32.150871,567.615356,262.995911
843.502197,-32.373653,567.615356,262.995911
843.631042,-32.595997,567.615356,262.995911
843.843506,-32.864296,567.615356,262.995911
844.368408,-33.315441,567.615356,262.995911
844.668213,-33.572113,567.615356,262.995911
844.928833,-33.884026,567.615356,262.995911
845.139343,-34.254074,567.615356,262.995911
845.285706,-34.626713,567.615356,262.995911
845.453613,-34.977657,567.615356,262.995911
845.630249,-35.334644,567.615356,262.995911
845.843140,-35.731300,567.615356,262.995911
846.064880,-36.088169,567.615356,262.995911
846.243713,-36.392509,567.615356,262.995911
846.442932,-36.691200,567.615356,262.995911
846.670105,-36.982731,567.615356,262.995911
846.916626,-37.291504,567.615356,262.995911
847.205444,-37.632072,567.615356,262.995911
847.509827,-38.002121,567.615356,262.995911
847.810791,-38.361908,567.615356,262.995911
848.082581,-38.708694,567.615356,262.995911
848.335815,-39.016518,567.615356,262.995911
848.590942,-39.277706,567.615356,262.995911
848.868835,-39.583248,567.615356,262.995911
849.163269,-39.915039,567.615356,262.995911
849.470520,-40.303883,567.615356,262.995911
849.735535,-40.762291,567.615356,262.995911
849.974731,-41.265156,567.615356,262.995911
850.237122,-41.699993,567.615356,262.995911
850.535828,-42.178066,567.615356,262.995911
850.883484,-42.702103,567.615356,262.995911
851.211365,-43.277927,567.615356,262.995911
851.505371,-43.880043,567.615356,262.995911
851.834229,-44.511902,567.615356,262.995911
852.244324,-45.127659,567.615356,262.995911
852.679443,-45.616543,567.615356,262.995911
853.006470,-45.858349,567.615356,262.995911
853.327759,-46.128822,567.615356,262.995911
853.780945,-46.436787,567.615356,262.995911
854.236816,-46.732620,567.615356,262.995911
854.757263,-47.059860,567.615356,262.995911
855.184998,-47.487835,567.615356,262.995911
855.563416,-47.933037,567.615356,262.995911
855.931030,-48.387127,567.615356,262.995911
856.251770,-48.815350,567.615356,262.995911
856.553101,-49.285835,567.615356,262.995911
856.883240,-49.678703,567.615356,262.995911
857.183655,-50.039944,567.615356,262.995911
857.448059,-50.380650,567.615356,262.995911
857.691101,-50.756527,567.615356,262.995911
857.962158,-51.198002,567.615356,262.995911
858.253296,-51.606262,567.615356,262.995911
858.558899,-52.031246,567.615356,262.995911
858.867493,-52.471741,567.615356,262.995911
859.185913,-53.003464,567.615356,262.995911
859.523560,-53.494591,567.615356,262.995911
859.889099,-53.923878,567.615356,262.995911
860.273193,-54.331966,567.615356,262.995911
860.639343,-54.750988,567.615356,262.995911
860.639343,-54.750988,567.615356,262.995911
860.944519,-55.167950,567.615356,262.995911
861.221375,-55.626041,567.615356,262.995911
861.488892,-56.060429,567.615356,262.995911
861.767090,-56.470966,567.615356,262.995911
862.038940,-56.880810,567.615356,262.995911
862.307983,-57.276104,567.615356,262.995911
862.570496,-57.628510,567.615356,262.995911
862.807739,-58.033001,567.615356,262.995911
862.984497,-58.400528,567.615356,262.995911
863.172852,-58.815277,567.615356,262.995911
863.389526,-59.225433,567.615356,262.995911
863.610535,-59.655396,567.615356,262.995911
863.825378,-60.041702,567.615356,262.995911
864.031982,-60.468616,567.615356,262.995911
864.241760,-60.909779,567.615356,262.995911
864.430176,-61.456154,567.615356,262.995911
864.612610,-62.060356,567.615356,262.995911
865.005615,-63.055027,567.615356,262.995911
865.234070,-63.481411,567.615356,262.995911
865.481140,-63.951866,567.615356,262.995911
865.725098,-64.456650,567.615356,262.995911
865.985474,-65.016808,567.615356,262.995911
866.225098,-65.557053,567.615356,262.995911
866.362244,-65.904274,567.615356,262.995911
866.513367,-66.294930,866.513367,-66.294930
866.668335,-66.748726,866.513367,-66.294930
866.781677,-67.254105,866.513367,-66.294930
866.778687,-67.679321,866.513367,-66.294930
866.638855,-67.938004,866.513367,-66.294930
866.609131,-68.052185,866.513367,-66.294930
866.666016,-68.274513,866.513367,-66.294930
866.726746,-68.437233,866.513367,-66.294930
866.709229,-68.616158,866.513367,-66.294930
866.589966,-68.723068,866.513367,-66.294930
866.589966,-68.723068,866.513367,-66.294930
866.410645,-68.680450,866.513367,-66.294930
866.272827,-68.577782,866.513367,-66.294930
866.249023,-68.430435,866.513367,-66.294930
866.270813,-68.207237,866.513367,-66.294930
866.231506,-67.914421,866.513367,-66.294930
866.077026,-67.656105,866.513367,-66.294930
865.870178,-67.505516,866.513367,-66.294930
865.819824,-67.517242,866.513367,-66.294930
865.866333,-67.520958,866.513367,-66.294930
865.869568,-67.401062,866.513367,-66.294930
865.826416,-67.103012,866.513367,-66.294930
865.724487,-66.886322,866.513367,-66.294930
865.582397,-66.839592,866.513367,-66.294930
865.458740,-66.838875,866.513367,-66.294930
865.398010,-66.794769,866.513367,-66.294930
865.383362,-66.765152,866.513367,-66.294930
865.379089,-66.709869,866.513367,-66.294930
865.376831,-66.625549,866.513367,-66.294930
865.366394,-66.532494,866.513367,-66.294930
865.381958,-66.496605,866.513367,-66.294930
865.398071,-66.502785,866.513367,-66.294930
865.408936,-66.468765,866.513367,-66.294930
865.430298,-66.324654,866.513367,-66.294930
865.433655,-66.074043,866.513367,-66.294930
865.440857,-65.826477,866.513367,-66.294930
865.458191,-65.711502,866.513367,-66.294930
865.446350,-65.624214,866.513367,-66.294930
865.436340,-65.521996,866.513367,-66.294930
865.420349,-65.379692,866.513367,-66.294930
865.394958,-65.175682,866.513367,-66.294930
865.362671,-64.916176,866.513367,-66.294930
865.308411,-64.538315,866.513367,-66.294930
865.242310,-64.119606,866.513367,-66.294930
865.216919,-63.746941,866.513367,-66.294930
865.168640,-63.357201,866.513367,-66.294930
865.103882,-62.968689,866.513367,-66.294930
865.047668,-62.570023,866.513367,-66.294930
864.987671,-62.211998,866.513367,-66.294930
864.941345,-61.898964,866.513367,-66.294930
864.849609,-61.632286,866.513367,-66.294930
864.752136,-61.355259,866.513367,-66.294930
864.719055,-61.042007,866.513367,-66.294930
864.712952,-60.682640,866.513367,-66.294930
864.661194,-60.225662,866.513367,-66.294930
864.577209,-59.700455,866.513367,-66.294930
864.495117,-59.099964,866.513367,-66.294930
864.389832,-58.380981,866.513367,-66.294930
864.253540,-57.551857,866.513367,-66.294930
864.072449,-56.712856,866.513367,-66.294930
863.848450,-55.810059,866.513367,-66.294930
863.679321,-54.866318,866.513367,-66.294930
863.488953,-54.131035,866.513367,-66.294930
863.261963,-53.602005,866.513367,-66.294930
862.999084,-53.270210,866.513367,-66.294930
862.791016,-52.849960,866.513367,-66.294930
862.634460,-52.457699,866.513367,-66.294930
862.477783,-51.941833,866.513367,-66.294930
862.276367,-51.302891,866.513367,-66.294930
862.085754,-50.723419,866.513367,-66.294930
862.085754,-50.723419,866.513367,-66.294930
861.903442,-50.282856,866.513367,-66.294930
861.684326,-49.901154,866.513367,-66.294930
861.407715,-49.416836,866.513367,-66.294930
861.147217,-48.929550,866.513367,-66.294930
860.975708,-48.442368,866.513367,-66.294930
860.761841,-47.787781,866.513367,-66.294930
860.500244,-47.070713,866.513367,-66.294930
860.127686,-46.327019,866.513367,-66.294930
859.657776,-45.638363,866.513367,-66.294930
859.245850,-45.002663,866.513367,-66.294930
859.082153,-44.492348,866.513367,-66.294930
858.890198,-43.839600,866.513367,-66.294930
858.636658,-43.059139,866.513367,-66.294930
858.298462,-42.163780,866.513367,-66.294930
857.886719,-41.301521,866.513367,-66.294930
857.436035,-40.484737,866.513367,-66.294930
856.843384,-39.727837,866.513367,-66.294930
856.223816,-39.019562,866.513367,-66.294930
855.616089,-38.297306,866.513367,-66.294930
855.088379,-37.587349,866.513367,-66.294930
854.747681,-36.966999,866.513367,-66.294930
854.532532,-36.536320,866.513367,-66.294930
854.437256,-36.263481,866.513367,-66.294930
854.303833,-36.036419,866.513367,-66.294930
854.096985,-35.692478,866.513367,-66.294930
854.006836,-35.544746,866.513367,-66.294930
853.861145,-35.399723,866.513367,-66.294930
853.600525,-35.298218,866.513367,-66.294930
853.355591,-35.225784,866.513367,-66.294930
853.119995,-35.193062,866.513367,-66.294930
852.914551,-35.081829,866.513367,-66.294930
852.736816,-34.604183,866.513367,-66.294930
852.766052,-34.272667,866.513367,-66.294930
852.785400,-33.962791,866.513367,-66.294930
852.880676,-33.671452,866.513367,-66.294930
853.008728,-33.441628,866.513367,-66.294930
853.200500,-33.251331,866.513367,-66.294930
853.161926,-33.171421,866.513367,-66.294930
852.993713,-33.054096,866.513367,-66.294930
852.718384,-33.138702,866.513367,-66.294930
852.496521,-33.302731,866.513367,-66.294930
852.235840,-33.499481,866.513367,-66.294930
851.991760,-33.799599,866.513367,-66.294930
851.852295,-34.168793,866.513367,-66.294930
851.657654,-34.769550,866.513367,-66.294930
851.569763,-34.715717,866.513367,-66.294930
851.516785,-34.475491,866.513367,-66.294930
851.537903,-34.278057,866.513367,-66.294930
851.567505,-34.241837,866.513367,-66.294930
851.689758,-34.245869,866.513367,-66.294930
851.806702,-34.245079,866.513367,-66.294930
851.929565,-34.115376,866.513367,-66.294930
852.084961,-33.911011,866.513367,-66.294930
852.478027,-33.674374,866.513367,-66.294930
852.671936,-33.712013,866.513367,-66.294930
852.819397,-33.806637,866.513367,-66.294930
852.884155,-33.888454,866.513367,-66.294930
852.963379,-33.880974,866.513367,-66.294930
853.031860,-33.833321,866.513367,-66.294930
853.046448,-33.830669,866.513367,-66.294930
852.971008,-33.883896,866.513367,-66.294930
852.708679,-34.019012,866.513367,-66.294930
852.624084,-34.094852,866.513367,-66.294930
852.622375,-34.137608,866.513367,-66.294930
852.695984,-34.140072,866.513367,-66.294930
852.675537,-34.155952,866.513367,-66.294930
852.635193,-34.168770,866.513367,-66.294930
852.548401,-34.216164,866.513367,-66.294930
852.509399,-34.257092,866.513367,-66.294930
852.464966,-34.296352,866.513367,-66.294930
852.412720,-34.344486,866.513367,-66.294930
852.359070,-34.410057,866.513367,-66.294930
852.321167,-34.486000,866.513367,-66.294930
852.303650,-34.557808,866.513367,-66.294930
852.302795,-34.644726,866.513367,-66.294930
852.308411,-34.887993,866.513367,-66.294930
852.296021,-34.956497,866.513367,-66.294930
852.273926,-35.019497,866.513367,-66.294930
852.250793,-35.084595,866.513367,-66.294930
852.233826,-35.149754,866.513367,-66.294930
852.184448,-35.241909,866.513367,-66.294930
852.077515,-35.353558,866.513367,-66.294930
851.994385,-35.437267,866.513367,-66.294930
851.993164,-35.398998,866.513367,-66.294930
851.985046,-35.360096,866.513367,-66.294930
851.982971,-35.348198,866.513367,-66.294930
851.965332,-35.419624,866.513367,-66.294930
851.953430,-35.536423,866.513367,-66.294930
851.936279,-35.682190,866.513367,-66.294930
851.911865,-35.860275,866.513367,-66.294930
851.861206,-36.207802,866.513367,-66.294930
851.780579,-36.322441,866.513367,-66.294930
851.713745,-36.422813,866.513367,-66.294930
851.657104,-36.530357,866.513367,-66.294930
851.591431,-36.645279,866.513367,-66.294930
851.502258,-36.790413,866.513367,-66.294930
851.469910,-36.922176,866.513367,-66.294930
851.416992,-37.019741,866.513367,-66.294930
851.177979,-37.285858,866.513367,-66.294930
851.071411,-37.432625,866.513367,-66.294930
850.957092,-37.572849,866.513367,-66.294930
850.834412,-37.690056,866.513367,-66.294930
850.648926,-37.768879,866.513367,-66.294930
850.357971,-37.812855,866.513367,-66.294930
849.992249,-37.847168,866.513367,-66.294930
849.236938,-38.023796,866.513367,-66.294930
849.050476,-38.144939,866.513367,-66.294930
848.933655,-38.302746,866.513367,-66.294930
848.750427,-38.511467,866.513367,-66.294930
848.490234,-38.811260,866.513367,-66.294930
848.210205,-39.170856,866.513367,-66.294930
847.968323,-39.532677,866.513367,-66.294930
847.321655,-40.476494,866.513367,-66.294930
846.854858,-41.090870,866.513367,-66.294930
846.349121,-41.791237,866.513367,-66.294930
845.881348,-42.559525,866.513367,-66.294930
845.424988,-43.297417,866.513367,-66.294930
844.958679,-44.053532,866.513367,-66.294930
844.580994,-44.573750,866.513367,-66.294930
843.840088,-45.337261,866.513367,-66.294930
843.405884,-45.742283,866.513367,-66.294930
842.967957,-46.178844,866.513367,-66.294930
842.619751,-46.608780,866.513367,-66.294930
842.303040,-46.915073,866.513367,-66.294930
842.022888,-47.059765,866.513367,-66.294930
841.726257,-47.143436,866.513367,-66.294930
840.784790,-47.478111,866.513367,-66.294930
840.217407,-47.755737,866.513367,-66.294930
839.604919,-48.126884,866.513367,-66.294930
839.091431,-48.510223,866.513367,-66.294930
838.849426,-48.742950,866.513367,-66.294930
838.553406,-48.872768,866.513367,-66.294930
838.217285,-49.065182,866.513367,-66.294930
837.299500,-49.696808,866.513367,-66.294930
836.759521,-50.113674,866.513367,-66.294930
836.216370,-50.547375,866.513367,-66.294930
835.731689,-50.865913,866.513367,-66.294930
835.264954,-51.106102,866.513367,-66.294930
834.806030,-51.275581,866.513367,-66.294930
834.351074,-51.456161,866.513367,-66.294930
833.492371,-51.936489,866.513367,-66.294930
833.107605,-52.136642,866.513367,-66.294930
832.705627,-52.371677,866.513367,-66.294930
832.297852,-52.684498,866.513367,-66.294930
831.932007,-53.048855,866.513367,-66.294930
831.523682,-53.451859,866.513367,-66.294930
831.124146,-53.931435,866.513367,-66.294930
830.253174,-54.937679,866.513367,-66.294930
829.794250,-55.251732,866.513367,-66.294930
829.246704,-55.576290,866.513367,-66.294930
828.619446,-55.993477,866.513367,-66.294930
827.927124,-56.517410,866.513367,-66.294930
827.199707,-57.033672,866.513367,-66.294930
826.451904,-57.360767,866.513367,-66.294930
824.877747,-58.020931,866.513367,-66.294930
824.139587,-58.455898,866.513367,-66.294930
823.578613,-58.938820,866.513367,-66.294930
823.138733,-59.466095,866.513367,-66.294930
822.754456,-60.054367,866.513367,-66.294930
822.359863,-60.723877,866.513367,-66.294930
821.945862,-61.428162,866.513367,-66.294930
821.588013,-62.031918,866.513367,-66.294930
820.876892,-63.362209,866.513367,-66.294930
820.573914,-63.902271,866.513367,-66.294930
820.306824,-64.248360,866.513367,-66.294930
819.972107,-64.566597,866.513367,-66.294930
819.576111,-64.922035,866.513367,-66.294930
819.104065,-65.303238,866.513367,-66.294930
818.592957,-65.676392,866.513367,-66.294930
817.457153,-66.474045,866.513367,-66.294930
816.802246,-66.961258,866.513367,-66.294930
816.162659,-67.480301,866.513367,-66.294930
815.569763,-67.981491,866.513367,-66.294930
815.060486,-68.484665,866.513367,-66.294930
814.535767,-69.051888,866.513367,-66.294930
814.083130,-69.598473,866.513367,-66.294930
813.579041,-70.278404,866.513367,-66.294930
813.432617,-70.665504,866.513367,-66.294930
813.283264,-71.166916,866.513367,-66.294930
813.086060,-71.801926,866.513367,-66.294930
812.814026,-72.409874,866.513367,-66.294930
812.527283,-72.920143,866.513367,-66.294930
812.241882,-73.347389,866.513367,-66.294930
811.702637,-74.321671,866.513367,-66.294930
811.481018,-74.933205,866.513367,-66.294930
811.236023,-75.556274,866.513367,-66.294930
810.982422,-76.104721,866.513367,-66.294930
810.754395,-76.559662,866.513367,-66.294930
810.513367,-77.011948,866.513367,-66.294930
810.257629,-77.523743,866.513367,-66.294930
809.653564,-78.654182,866.513367,-66.294930
809.326904,-79.264488,866.513367,-66.294930
809.020081,-79.793579,866.513367,-66.294930
808.765747,-80.327507,866.513367,-66.294930
808.522827,-80.901711,866.513367,-66.294930
808.267883,-81.574509,866.513367,-66.294930
808.028809,-82.307861,866.513367,-66.294930
807.792358,-83.085922,866.513367,-66.294930
807.318298,-84.543961,866.513367,-66.294930
807.125366,-85.163498,866.513367,-66.294930
806.905884,-85.745743,866.513367,-66.294930
806.670471,-86.330437,866.513367,-66.294930
806.419189,-86.977760,866.513367,-66.294930
806.123901,-87.665588,866.513367,-66.294930
805.833618,-88.318794,866.513367,-66.294930
805.496704,-88.972290,866.513367,-66.294930
804.726074,-90.371979,866.513367,-66.294930
804.310913,-91.163307,866.513367,-66.294930
803.906555,-91.973000,866.513367,-66.294930
803.474976,-92.740158,866.513367,-66.294930
803.048706,-93.511024,866.513367,-66.294930
802.641479,-94.252831,866.513367,-66.294930
802.249329,-95.013367,866.513367,-66.294930
801.909424,-95.796669,866.513367,-66.294930
801.333435,-97.363777,866.513367,-66.294930
801.068970,-98.049072,866.513367,-66.294930
800.834717,-98.700035,866.513367,-66.294930
800.678589,-99.387894,866.513367,-66.294930
800.549194,-100.155769,866.513367,-66.294930
800.496887,-101.016624,866.513367,-66.294930
800.473694,-101.957596,866.513367,-66.294930
800.478149,-102.920822,866.513367,-66.294930
800.285461,-104.564865,866.513367,-66.294930
800.111389,-105.210884,866.513367,-66.294930
799.949219,-105.924576,866.513367,-66.294930
799.790405,-106.689934,866.513367,-66.294930
799.697510,-107.442719,866.513367,-66.294930
799.603638,-108.163269,866.513367,-66.294930
799.485657,-108.837860,866.513367,-66.294930
799.316345,-109.562950,866.513367,-66.294930
799.107971,-110.365112,866.513367,-66.294930
798.633423,-112.110893,866.513367,-66.294930
798.377380,-113.049774,866.513367,-66.294930
798.062317,-113.970543,866.513367,-66.294930
797.731140,-114.853775,866.513367,-66.294930
797.397766,-115.769173,866.513367,-66.294930
797.079529,-116.672485,866.513367,-66.294930
796.767273,-117.569008,866.513367,-66.294930
796.468994,-118.475990,866.513367,-66.294930
795.941040,-120.282043,866.513367,-66.294930
795.740234,-121.184120,866.513367,-66.294930
795.571594,-122.073715,866.513367,-66.294930
795.418396,-122.907379,866.513367,-66.294930
795.294861,-123.754440,866.513367,-66.294930
795.200134,-124.522873,866.513367,-66.294930
795.189209,-125.139519,866.513367,-66.294930
795.154114,-125.772148,866.513367,-66.294930
795.136292,-126.442871,866.513367,-66.294930
795.127380,-128.018295,866.513367,-66.294930
795.154175,-128.904999,866.513367,-66.294930
795.135925,-129.815140,866.513367,-66.294930
795.100281,-130.706467,866.513367,-66.294930
795.111694,-131.552338,866.513367,-66.294930
795.118835,-132.259048,866.513367,-66.294930
795.089966,-132.901031,866.513367,-66.294930
795.053467,-133.528244,866.513367,-66.294930
794.990967,-134.218231,866.513367,-66.294930
794.799988,-135.822556,866.513367,-66.294930
794.698547,-136.575974,866.513367,-66.294930
794.609131,-137.252411,866.513367,-66.294930
794.556152,-137.916611,866.513367,-66.294930
794.504333,-138.605133,866.513367,-66.294930
794.448975,-139.343903,866.513367,-66.294930
794.406433,-140.048264,866.513367,-66.294930
794.362549,-140.773697,866.513367,-66.294930
794.332153,-141.479645,866.513367,-66.294930
794.223267,-143.064423,866.513367,-66.294930
794.168091,-143.835266,866.513367,-66.294930
794.150818,-144.544205,866.513367,-66.294930
794.082336,-145.203552,866.513367,-66.294930
794.000244,-145.897476,866.513367,-66.294930
793.886902,-146.690186,866.513367,-66.294930
793.720215,-147.548767,866.513367,-66.294930
793.524170,-148.460083,866.513367,-66.294930
793.325684,-149.445419,866.513367,-66.294930
792.851990,-151.375626,866.513367,-66.294930
792.615784,-152.251099,866.513367,-66.294930
792.418030,-153.142410,866.513367,-66.294930
792.225220,-154.025925,866.513367,-66.294930
792.052979,-154.925583,866.513367,-66.294930
791.952820,-155.715820,866.513367,-66.294930
791.989136,-156.355728,866.513367,-66.294930
792.105957,-156.955551,866.513367,-66.294930
792.103882,-157.605560,866.513367,-66.294930
791.999451,-159.160049,866.513367,-66.294930
792.035583,-159.990677,866.513367,-66.294930
792.116394,-160.870377,866.513367,-66.294930
792.195740,-161.794174,866.513367,-66.294930
792.193359,-162.654404,866.513367,-66.294930
792.172546,-163.464920,866.513367,-66.294930
792.134338,-164.141815,866.513367,-66.294930
792.112488,-164.843842,866.513367,-66.294930
792.088013,-166.187653,866.513367,-66.294930
792.070984,-166.937637,866.513367,-66.294930
792.062378,-167.711517,866.513367,-66.294930
792.094604,-168.388351,866.513367,-66.294930
792.094116,-169.108856,866.513367,-66.294930
792.093628,-169.824936,866.513367,-66.294930
792.061462,-170.561478,866.513367,-66.294930
792.031128,-172.344116,866.513367,-66.294930
791.996643,-173.307205,866.513367,-66.294930
791.960205,-174.302155,866.513367,-66.294930
791.928345,-175.268661,866.513367,-66.294930
791.868835,-176.241684,866.513367,-66.294930
791.783264,-176.979050,866.513367,-66.294930
791.660645,-178.258087,866.513367,-66.294930
791.584534,-178.954269,866.513367,-66.294930
791.500488,-179.680008,866.513367,-66.294930
791.477417,-180.433411,866.513367,-66.294930
791.506653,-181.187317,866.513367,-66.294930
791.565491,-181.926773,866.513367,-66.294930
791.691650,-183.496841,866.513367,-66.294930
791.649597,-184.366226,866.513367,-66.294930
791.536621,-185.244431,866.513367,-66.294930
791.428894,-186.033691,866.513367,-66.294930
791.388794,-186.687485,866.513367,-66.294930
791.346191,-187.335236,866.513367,-66.294930
791.156494,-188.855743,866.513367,-66.294930
791.060059,-189.713104,866.513367,-66.294930
790.953369,-190.576218,866.513367,-66.294930
790.895630,-191.347397,866.513367,-66.294930
790.818176,-192.152405,866.513367,-66.294930
790.803711,-192.962967,866.513367,-66.294930
790.952393,-194.716660,866.513367,-66.294930
791.071838,-195.669525,866.513367,-66.294930
791.172363,-196.678787,866.513367,-66.294930
791.295044,-197.661682,866.513367,-66.294930
791.475586,-198.679001,866.513367,-66.294930
791.667908,-199.671997,866.513367,-66.294930
792.041260,-201.706284,866.513367,-66.294930
792.079773,-202.672440,866.513367,-66.294930
791.997803,-203.461578,866.513367,-66.294930
791.894775,-204.108597,866.513367,-66.294930
791.859863,-204.827408,866.513367,-66.294930
791.822815,-205.589722,866.513367,-66.294930
791.752808,-207.057709,866.513367,-66.294930
791.724243,-207.819885,866.513367,-66.294930
791.707153,-208.578308,866.513367,-66.294930
791.699341,-209.359619,866.513367,-66.294930
791.726624,-210.176544,866.513367,-66.294930
791.819763,-210.992126,866.513367,-66.294930
792.210938,-212.731064,866.513367,-66.294930
792.515625,-213.671127,866.513367,-66.294930
792.788574,-214.538132,866.513367,-66.294930
792.949890,-215.251129,866.513367,-66.294930
793.136780,-215.967163,866.513367,-66.294930
793.377563,-216.755646,866.513367,-66.294930
793.648865,-218.315491,866.513367,-66.294930
793.635376,-219.055008,866.513367,-66.294930
793.655701,-219.788742,866.513367,-66.294930
793.702087,-220.553726,866.513367,-66.294930
793.801514,-221.429657,866.513367,-66.294930
793.886597,-222.336334,866.513367,-66.294930
794.125000,-224.023788,866.513367,-66.294930
794.227600,-224.778870,866.513367,-66.294930
794.354065,-225.524918,866.513367,-66.294930
794.465332,-226.293976,866.513367,-66.294930
794.523254,-227.041672,866.513367,-66.294930
794.586121,-227.842270,866.513367,-66.294930
794.701965,-229.431351,866.513367,-66.294930
794.763916,-230.209946,866.513367,-66.294930
794.846680,-231.012360,866.513367,-66.294930
794.926514,-231.808243,866.513367,-66.294930
795.002686,-232.595261,866.513367,-66.294930
795.082092,-233.361282,866.513367,-66.294930
795.134521,-234.136917,866.513367,-66.294930
795.253479,-235.689636,866.513367,-66.294930
795.336853,-236.448410,866.513367,-66.294930
795.395508,-237.254868,866.513367,-66.294930
795.469727,-238.081787,866.513367,-66.294930
795.529114,-238.847153,866.513367,-66.294930
795.534546,-239.626984,866.513367,-66.294930
795.556702,-241.219070,866.513367,-66.294930
795.557373,-242.085983,866.513367,-66.294930
795.544861,-242.953232,866.513367,-66.294930
795.570190,-243.759018,866.513367,-66.294930
795.613770,-244.501572,866.513367,-66.294930
795.632935,-245.238220,866.513367,-66.294930
795.618530,-246.797028,866.513367,-66.294930
795.567932,-247.596359,866.513367,-66.294930
795.468262,-248.444397,866.513367,-66.294930
795.402954,-249.369034,866.513367,-66.294930
795.383423,-250.252274,866.513367,-66.294930
795.407288,-251.040482,866.513367,-66.294930
795.451965,-251.812805,866.513367,-66.294930
795.419678,-253.488770,866.513367,-66.294930
795.416504,-254.346619,866.513367,-66.294930
795.426575,-255.173386,866.513367,-66.294930
795.442932,-255.987076,866.513367,-66.294930
795.409241,-256.822906,866.513367,-66.294930
795.347839,-257.644623,866.513367,-66.294930
795.309143,-258.494507,866.513367,-66.294930
795.367310,-260.226196,866.513367,-66.294930
795.413208,-261.083984,866.513367,-66.294930
795.488281,-261.869781,866.513367,-66.294930
795.656799,-262.650116,866.513367,-66.294930
795.875916,-263.478760,866.513367,-66.294930
796.060364,-264.376160,866.513367,-66.294930
796.221436,-265.320953,866.513367,-66.294930
796.418945,-266.270477,866.513367,-66.294930
796.713989,-268.054138,866.513367,-66.294930
796.827576,-268.852753,866.513367,-66.294930
796.979248,-269.611206,866.513367,-66.294930
797.095337,-270.405243,866.513367,-66.294930
797.179993,-271.267700,866.513367,-66.294930
797.223328,-272.114929,866.513367,-66.294930
797.322998,-273.640747,866.513367,-66.294930
797.405273,-274.485107,866.513367,-66.294930
797.521545,-275.406586,866.513367,-66.294930
797.652222,-276.399597,866.513367,-66.294930
797.800049,-277.358795,866.513367,-66.294930
797.953918,-278.253174,866.513367,-66.294930
798.153687,-279.772034,866.513367,-66.294930
798.231018,-280.594269,866.513367,-66.294930
798.311401,-281.410583,866.513367,-66.294930
798.382263,-282.241241,866.513367,-66.294930
798.464294,-283.048157,866.513367,-66.294930
798.572571,-284.600067,866.513367,-66.294930
798.604675,-285.486511,866.513367,-66.294930
798.625183,-286.391876,866.513367,-66.294930
798.654053,-287.262634,866.513367,-66.294930
798.695251,-288.064728,866.513367,-66.294930
798.803040,-289.619690,866.513367,-66.294930
798.895508,-290.446808,866.513367,-66.294930
798.982361,-291.243805,866.513367,-66.294930
799.052795,-292.052368,866.513367,-66.294930
799.070984,-292.878052,866.513367,-66.294930
798.992371,-294.676849,866.513367,-66.294930
799.051880,-295.506714,866.513367,-66.294930
799.108093,-296.295807,866.513367,-66.294930
799.169495,-297.092468,866.513367,-66.294930
799.130737,-297.937378,866.513367,-66.294930
798.807556,-299.783356,866.513367,-66.294930
798.780518,-300.636017,866.513367,-66.294930
798.785400,-301.470917,866.513367,-66.294930
798.839844,-302.258728,866.513367,-66.294930
798.860901,-303.070404,866.513367,-66.294930
798.826172,-304.714844,866.513367,-66.294930
798.786987,-305.544006,866.513367,-66.294930
798.805908,-306.341431,866.513367,-66.294930
798.829956,-307.163177,866.513367,-66.294930
798.856384,-307.952759,866.513367,-66.294930
798.768127,-309.642975,866.513367,-66.294930
798.685364,-310.563538,866.513367,-66.294930
798.629700,-311.485779,866.513367,-66.294930
798.602539,-312.396973,866.513367,-66.294930
798.539124,-313.316895,866.513367,-66.294930
798.517273,-314.124023,866.513367,-66.294930
798.518677,-315.758820,866.513367,-66.294930
798.487000,-316.638672,866.513367,-66.294930
798.437378,-317.529663,866.513367,-66.294930
798.423889,-318.315460,866.513367,-66.294930
798.439392,-319.139954,866.513367,-66.294930
798.462280,-319.982391,866.513367,-66.294930
798.440979,-320.853180,866.513367,-66.294930
798.363831,-322.492981,866.513367,-66.294930
798.310120,-323.334625,866.513367,-66.294930
798.249207,-324.198975,866.513367,-66.294930
798.161926,-325.071289,866.513367,-66.294930
798.088684,-325.931244,866.513367,-66.294930
798.023193,-326.739075,866.513367,-66.294930
797.964661,-327.550751,866.513367,-66.294930
797.890198,-329.339050,866.513367,-66.294930
797.874146,-330.241333,866.513367,-66.294930
797.898071,-331.093506,866.513367,-66.294930
797.898804,-331.980347,866.513367,-66.294930
797.866394,-332.893921,866.513367,-66.294930
797.794861,-333.820007,866.513367,-66.294930
797.706421,-335.486176,866.513367,-66.294930
797.636292,-336.242981,866.513367,-66.294930
797.529907,-337.083008,866.513367,-66.294930
797.415527,-337.950958,866.513367,-66.294930
797.307068,-338.800415,866.513367,-66.294930
797.186829,-339.675201,866.513367,-66.294930
796.959106,-341.366119,866.513367,-66.294930
796.875122,-342.206818,866.513367,-66.294930
796.759460,-343.039978,866.513367,-66.294930
796.654846,-343.875732,866.513367,-66.294930
796.528748,-344.702148,866.513367,-66.294930
796.256409,-346.300903,866.513367,-66.294930
796.142395,-347.099823,866.513367,-66.294930
795.999268,-347.893433,866.513367,-66.294930
795.819214,-348.693939,866.513367,-66.294930
795.382751,-350.309052,866.513367,-66.294930
795.200867,-351.079132,866.513367,-66.294930
795.001892,-351.836823,866.513367,-66.294930
794.755310,-352.591278,866.513367,-66.294930
794.447388,-353.399689,866.513367,-66.294930
793.817017,-355.034149,866.513367,-66.294930
793.557007,-355.874939,866.513367,-66.294930
793.227539,-356.751343,866.513367,-66.294930
792.914856,-357.618439,866.513367,-66.294930
792.424255,-359.218475,866.513367,-66.294930
792.190918,-360.004883,866.513367,-66.294930
791.936157,-360.790863,866.513367,-66.294930
791.643127,-361.580353,866.513367,-66.294930
790.986267,-363.087311,866.513367,-66.294930
790.689331,-363.844482,866.513367,-66.294930
790.423828,-364.591614,866.513367,-66.294930
790.151306,-365.379242,866.513367,-66.294930
789.877075,-366.163849,866.513367,-66.294930
789.137451,-367.846405,866.513367,-66.294930
788.674011,-368.709534,866.513367,-66.294930
788.147278,-369.587158,866.513367,-66.294930
787.598389,-370.439240,866.513367,-66.294930
786.833984,-371.724243,866.513367,-66.294930
786.341553,-372.378845,866.513367,-66.294930
785.760925,-373.073364,866.513367,-66.294930
785.062195,-373.782745,866.513367,-66.294930
784.353577,-374.468231,866.513367,-66.294930
783.058472,-375.746765,866.513367,-66.294930
782.495667,-376.394409,866.513367,-66.294930
782.118042,-377.118835,866.513367,-66.294930
781.804932,-377.859741,866.513367,-66.294930
780.838928,-379.430573,866.513367,-66.294930
780.209473,-380.230164,866.513367,-66.294930
779.485657,-381.046173,866.513367,-66.294930
778.882813,-381.769653,866.513367,-66.294930
778.506104,-382.392090,866.513367,-66.294930
777.547363,-383.670319,866.513367,-66.294930
776.921936,-384.307098,866.513367,-66.294930
776.240723,-384.981567,866.513367,-66.294930
775.646790,-385.638855,866.513367,-66.294930
774.655090,-386.983887,866.513367,-66.294930
774.196838,-387.594543,866.513367,-66.294930
773.637024,-388.160370,866.513367,-66.294930
772.970154,-388.705139,866.513367,-66.294930
771.252502,-389.781036,866.513367,-66.294930
770.590088,-390.321686,866.513367,-66.294930
770.085938,-390.947815,866.513367,-66.294930
769.585938,-391.524292,866.513367,-66.294930
769.030090,-392.057892,866.513367,-66.294930
767.736938,-392.950806,866.513367,-66.294930
766.935913,-393.379913,866.513367,-66.294930
766.165222,-393.863770,866.513367,-66.294930
765.573853,-394.315765,866.513367,-66.294930
764.326660,-395.343597,866.513367,-66.294930
763.693604,-395.804535,866.513367,-66.294930
763.012939,-396.186371,866.513367,-66.294930
762.221375,-396.490051,866.513367,-66.294930
761.279175,-396.759186,866.513367,-66.294930
759.681213,-397.469208,866.513367,-66.294930
759.085083,-397.920898,866.513367,-66.294930
758.394958,-398.324371,866.513367,-66.294930
757.653076,-398.656921,866.513367,-66.294930
755.905762,-399.099487,866.513367,-66.294930
754.948792,-399.284576,866.513367,-66.294930
754.185608,-399.530090,866.513367,-66.294930
753.592041,-399.941345,866.513367,-66.294930
752.979553,-400.318695,866.513367,-66.294930
751.340088,-400.968811,866.513367,-66.294930
750.406250,-401.280121,866.513367,-66.294930
749.479370,-401.627777,866.513367,-66.294930
748.551147,-401.957855,866.513367,-66.294930
747.794495,-402.230560,866.513367,-66.294930
746.493835,-402.572906,866.513367,-66.294930
745.622070,-402.594971,866.513367,-66.294930
744.626343,-402.523438,866.513367,-66.294930
743.772522,-402.478699,866.513367,-66.294930
743.121826,-402.606537,866.513367,-66.294930
741.642273,-402.839539,866.513367,-66.294930
740.762634,-402.837158,866.513367,-66.294930
739.779663,-402.780792,866.513367,-66.294930
738.813965,-402.668365,866.513367,-66.294930
736.981506,-402.784088,866.513367,-66.294930
736.116333,-402.944336,866.513367,-66.294930
735.243652,-403.048859,866.513367,-66.294930
734.396912,-403.079041,866.513367,-66.294930
733.601379,-403.032288,866.513367,-66.294930
732.193298,-402.815704,866.513367,-66.294930
731.480286,-402.644958,866.513367,-66.294930
730.730408,-402.441467,866.513367,-66.294930
729.947754,-402.212006,866.513367,-66.294930
729.132385,-401.998108,866.513367,-66.294930
728.291321,-401.897400,866.513367,-66.294930
726.585205,-401.952576,866.513367,-66.294930
725.771484,-401.909851,866.513367,-66.294930
724.904053,-401.752594,866.513367,-66.294930
724.007446,-401.461212,866.513367,-66.294930
723.181152,-401.059509,866.513367,-66.294930
721.706665,-400.567139,866.513367,-66.294930
720.947693,-400.559082,866.513367,-66.294930
720.232727,-400.527954,866.513367,-66.294930
719.486450,-400.438324,866.513367,-66.294930
718.704346,-400.293335,866.513367,-66.294930
716.897644,-399.812927,866.513367,-66.294930
716.070129,-399.608795,866.513367,-66.294930
715.310303,-399.446838,866.513367,-66.294930
714.547607,-399.255493,866.513367,-66.294930
713.803345,-399.011688,866.513367,-66.294930
713.126648,-398.796295,866.513367,-66.294930
712.476624,-398.566223,866.513367,-66.294930
711.807800,-398.261139,866.513367,-66.294930
710.428040,-397.226257,866.513367,-66.294930
709.814026,-396.740814,866.513367,-66.294930
709.173096,-396.414124,866.513367,-66.294930
708.503052,-396.132690,866.513367,-66.294930
707.831970,-395.686371,866.513367,-66.294930
707.158142,-395.153778,866.513367,-66.294930
706.444153,-394.645508,866.513367,-66.294930
705.730652,-394.197723,866.513367,-66.294930
705.031616,-393.765533,866.513367,-66.294930
703.904114,-392.930267,866.513367,-66.294930
703.462891,-392.314453,866.513367,-66.294930
702.996277,-391.541962,866.513367,-66.294930
702.481079,-390.603302,866.513367,-66.294930
701.974731,-389.602112,866.513367,-66.294930
701.578369,-388.766632,866.513367,-66.294930
701.155457,-388.127502,866.513367,-66.294930
700.520691,-387.643738,866.513367,-66.294930
699.813721,-387.218658,866.513367,-66.294930
698.358154,-386.224701,866.513367,-66.294930
697.589478,-385.572906,866.513367,-66.294930
696.791748,-384.829956,866.513367,-66.294930
696.011658,-384.346466,866.513367,-66.294930
695.312988,-383.951050,866.513367,-66.294930
694.611023,-383.440704,866.513367,-66.294930
693.917969,-382.728699,866.513367,-66.294930
692.797302,-381.168518,866.513367,-66.294930
692.268677,-380.560394,866.513367,-66.294930
691.766785,-379.993408,866.513367,-66.294930
691.283081,-379.403137,866.513367,-66.294930
690.389709,-378.030792,866.513367,-66.294930
689.963013,-377.167358,866.513367,-66.294930
689.491211,-376.257782,866.513367,-66.294930
688.938660,-375.550751,866.513367,-66.294930
688.387512,-375.066315,866.513367,-66.294930
687.160889,-373.773621,866.513367,-66.294930
686.565186,-372.929688,866.513367,-66.294930
685.990845,-372.178955,866.513367,-66.294930
685.388367,-371.486298,866.513367,-66.294930
684.799500,-370.760193,866.513367,-66.294930
683.864197,-369.078461,866.513367,-66.294930
683.577576,-368.317566,866.513367,-66.294930
683.391602,-367.697571,866.513367,-66.294930
683.283752,-367.042877,866.513367,-66.294930
683.201782,-365.587982,866.513367,-66.294930
683.010864,-364.922424,866.513367,-66.294930
682.756958,-364.292450,866.513367,-66.294930
682.500183,-362.835785,866.513367,-66.294930
682.444763,-362.157379,866.513367,-66.294930
682.326538,-361.605499,866.513367,-66.294930
682.232910,-361.105438,866.513367,-66.294930
682.214355,-360.670837,866.513367,-66.294930
682.155212,-359.714874,866.513367,-66.294930
682.091309,-359.226410,866.513367,-66.294930
682.122742,-358.747253,866.513367,-66.294930
682.218445,-358.260010,866.513367,-66.294930
682.384583,-357.747223,866.513367,-66.294930
682.627441,-357.246796,866.513367,-66.294930
683.517029,-356.122437,866.513367,-66.294930
684.038452,-355.704956,866.513367,-66.294930
684.467712,-355.288910,866.513367,-66.294930
684.667786,-354.848083,866.513367,-66.294930
684.561646,-354.459717,866.513367,-66.294930
684.259399,-354.037506,866.513367,-66.294930
684.240723,-353.956146,866.513367,-66.294930
684.274902,-353.765839,866.513367,-66.294930
684.211914,-353.363495,866.513367,-66.294930
684.127625,-352.959778,866.513367,-66.294930
684.169739,-352.640411,866.513367,-66.294930
684.528259,-352.127869,866.513367,-66.294930
684.762512,-351.938629,866.513367,-66.294930
685.085999,-351.738251,866.513367,-66.294930
685.400085,-351.500427,866.513367,-66.294930
685.669128,-351.218719,866.513367,-66.294930
685.892456,-350.941040,866.513367,-66.294930
686.050598,-350.701172,866.513367,-66.294930
686.125183,-350.539459,866.513367,-66.294930
686.099976,-350.365662,866.513367,-66.294930
686.123230,-350.262451,866.513367,-66.294930
686.152405,-350.121399,866.513367,-66.294930
686.140686,-349.978516,866.513367,-66.294930
686.034485,-349.834625,866.513367,-66.294930
685.931702,-349.714935,866.513367,-66.294930
685.850098,-349.603882,866.513367,-66.294930
685.837646,-349.507965,866.513367,-66.294930
685.982483,-349.336090,866.513367,-66.294930
686.100281,-349.305237,866.513367,-66.294930
686.241028,-349.307159,866.513367,-66.294930
686.386780,-349.332001,866.513367,-66.294930
686.412537,-349.201782,866.513367,-66.294930
686.501282,-349.205261,866.513367,-66.294930
686.497131,-349.168610,866.513367,-66.294930
686.399902,-349.112946,866.513367,-66.294930
686.275269,-349.073303,866.513367,-66.294930
686.072266,-349.030914,866.513367,-66.294930
686.043213,-349.037659,866.513367,-66.294930
686.075562,-349.061707,866.513367,-66.294930
686.079590,-349.086212,866.513367,-66.294930
685.998352,-349.088165,866.513367,-66.294930
685.906799,-349.105774,866.513367,-66.294930
685.835693,-349.147034,866.513367,-66.294930
685.783569,-349.176544,866.513367,-66.294930
685.714844,-349.252106,866.513367,-66.294930
685.698364,-349.310791,866.513367,-66.294930
685.691833,-349.378052,866.513367,-66.294930
685.687988,-349.442932,866.513367,-66.294930
685.677307,-349.505554,866.513367,-66.294930
685.666260,-349.569336,866.513367,-66.294930
685.581726,-349.667633,866.513367,-66.294930
685.529541,-349.725006,866.513367,-66.294930
685.477234,-349.793549,866.513367,-66.294930
685.445190,-349.855011,866.513367,-66.294930
685.421021,-349.913818,866.513367,-66.294930
685.411133,-350.012970,866.513367,-66.294930
685.456238,-350.032196,866.513367,-66.294930
685.496338,-350.034760,866.513367,-66.294930
685.501099,-350.073822,866.513367,-66.294930
685.489441,-350.136444,866.513367,-66.294930
685.485962,-350.192352,866.513367,-66.294930
685.517822,-350.285309,866.513367,-66.294930
685.541260,-350.321503,866.513367,-66.294930
685.552002,-350.362457,866.513367,-66.294930
685.580566,-350.412048,866.513367,-66.294930
685.610901,-350.448517,866.513367,-66.294930
685.690979,-350.508972,866.513367,-66.294930
685.741760,-350.541595,866.513367,-66.294930
685.800293,-350.578705,866.513367,-66.294930
685.847595,-350.614777,866.513367,-66.294930
685.899170,-350.654480,866.513367,-66.294930
686.031860,-350.718903,866.513367,-66.294930
686.105957,-350.746277,866.513367,-66.294930
686.181641,-350.774597,866.513367,-66.294930
686.263916,-350.807678,866.513367,-66.294930
686.368347,-350.845459,866.513367,-66.294930
686.488708,-350.881805,866.513367,-66.294930
686.666565,-350.930695,866.513367,-66.294930
686.777649,-350.958191,866.513367,-66.294930
686.903198,-350.990051,866.513367,-66.294930
687.025513,-351.016937,866.513367,-66.294930
687.158264,-351.043243,866.513367,-66.294930
687.397095,-351.091705,866.513367,-66.294930
687.552124,-351.118286,866.513367,-66.294930
687.719727,-351.146271,866.513367,-66.294930
687.877380,-351.168915,866.513367,-66.294930
688.076660,-351.197388,866.513367,-66.294930
688.568420,-351.261108,866.513367,-66.294930
688.713318,-351.271393,866.513367,-66.294930
688.867493,-351.297852,866.513367,-66.294930
689.049927,-351.337372,866.513367,-66.294930
689.246948,-351.377136,866.513367,-66.294930
689.614929,-351.463257,866.513367,-66.294930
689.837891,-351.500549,866.513367,-66.294930
690.122314,-351.536804,866.513367,-66.294930
690.424622,-351.569366,866.513367,-66.294930
690.802856,-351.612549,866.513367,-66.294930
691.215515,-351.657532,866.513367,-66.294930
691.836914,-351.691650,866.513367,-66.294930
691.942810,-351.703491,866.513367,-66.294930
692.166504,-351.734772,866.513367,-66.294930
692.412903,-351.758514,866.513367,-66.294930
692.630859,-351.749146,866.513367,-66.294930
693.072266,-351.800842,866.513367,-66.294930
693.289795,-351.823578,866.513367,-66.294930
693.540527,-351.838196,866.513367,-66.294930
693.816833,-351.843109,866.513367,-66.294930
694.105530,-351.842499,866.513367,-66.294930
694.510315,-351.846222,866.513367,-66.294930
694.722656,-351.851990,866.513367,-66.294930
694.944458,-351.843842,866.513367,-66.294930
695.170532,-351.821991,866.513367,-66.294930
695.446594,-351.774872,866.513367,-66.294930
695.945068,-351.698090,866.513367,-66.294930
696.198730,-351.720062,866.513367,-66.294930
696.459717,-351.729492,866.513367,-66.294930
696.713318,-351.714996,866.513367,-66.294930
696.949158,-351.696472,866.513367,-66.294930
697.397278,-351.683258,866.513367,-66.294930
697.615784,-351.670807,866.513367,-66.294930
697.851563,-351.666260,866.513367,-66.294930
698.090393,-351.661835,866.513367,-66.294930
698.322144,-351.657318,866.513367,-66.294930
698.792542,-351.631134,866.513367,-66.294930
699.056396,-351.610046,866.513367,-66.294930
699.347534,-351.570435,866.513367,-66.294930
699.570251,-351.533508,866.513367,-66.294930
699.815063,-351.509003,866.513367,-66.294930
700.280457,-351.483246,866.513367,-66.294930
700.547485,-351.460541,866.513367,-66.294930
700.781433,-351.433258,866.513367,-66.294930
701.026611,-351.406525,866.513367,-66.294930
701.465515,-351.354858,866.513367,-66.294930
701.704529,-351.310608,866.513367,-66.294930
701.947021,-351.250885,866.513367,-66.294930
702.207886,-351.178894,866.513367,-66.294930
702.363892,-350.884888,866.513367,-66.294930
702.613342,-350.829865,866.513367,-66.294930
702.848999,-350.777191,866.513367,-66.294930
703.122681,-350.698181,866.513367,-66.294930
703.647705,-350.585022,866.513367,-66.294930
703.876770,-350.544800,866.513367,-66.294930
704.102844,-350.496735,866.513367,-66.294930
704.354248,-350.426758,866.513367,-66.294930
704.878174,-350.235107,866.513367,-66.294930
705.083862,-350.154144,866.513367,-66.294930
705.288879,-350.069672,866.513367,-66.294930
705.528625,-349.975311,866.513367,-66.294930
706.022766,-349.667877,866.513367,-66.294930
706.261902,-349.479980,866.513367,-66.294930
706.520935,-349.285553,866.513367,-66.294930
706.765625,-349.164093,866.513367,-66.294930
707.251221,-348.997498,866.513367,-66.294930
707.460754,-348.900726,866.513367,-66.294930
707.692322,-348.776764,866.513367,-66.294930
707.894104,-348.665619,866.513367,-66.294930
708.335754,-348.421814,866.513367,-66.294930
708.564575,-348.309814,866.513367,-66.294930
708.804138,-348.190247,866.513367,-66.294930
709.259583,-347.957306,866.513367,-66.294930
709.487000,-347.828583,866.513367,-66.294930
709.707642,-347.694183,866.513367,-66.294930
710.133606,-347.425873,866.513367,-66.294930
710.373108,-347.300812,866.513367,-66.294930
710.609375,-347.197449,866.513367,-66.294930
711.142212,-346.993103,866.513367,-66.294930
711.420654,-346.885620,866.513367,-66.294930
711.676270,-346.777283,866.513367,-66.294930
712.212219,-346.480530,866.513367,-66.294930
712.423401,-346.312592,866.513367,-66.294930
712.595032,-346.162476,866.513367,-66.294930
712.990967,-345.819336,866.513367,-66.294930
713.183594,-345.664215,866.513367,-66.294930
713.394775,-345.496887,866.513367,-66.294930
713.806152,-345.113770,866.513367,-66.294930
714.021606,-344.873505,866.513367,-66.294930
714.488831,-344.479156,866.513367,-66.294930
714.700195,-344.278503,866.513367,-66.294930
714.514648,-344.096710,866.513367,-66.294930
714.919495,-343.686554,866.513367,-66.294930
715.162048,-343.403259,866.513367,-66.294930
714.866943,-343.141235,866.513367,-66.294930
715.509521,-342.422729,866.513367,-66.294930
715.816956,-342.023834,866.513367,-66.294930
716.194885,-341.468170,866.513367,-66.294930
716.308838,-341.327271,866.513367,-66.294930
716.480164,-341.069702,866.513367,-66.294930
716.674072,-340.703918,866.513367,-66.294930
716.980835,-340.018127,866.513367,-66.294930
717.156311,-339.793823,866.513367,-66.294930
717.498169,-339.352692,866.513367,-66.294930
717.683960,-339.109528,866.513367,-66.294930
717.875244,-338.826050,866.513367,-66.294930
718.224365,-338.251831,866.513367,-66.294930
718.395203,-337.945068,866.513367,-66.294930
718.541382,-337.659668,866.513367,-66.294930
718.800903,-337.215363,866.513367,-66.294930
718.953186,-336.975372,866.513367,-66.294930
719.109863,-336.724518,866.513367,-66.294930
719.406494,-336.251953,866.513367,-66.294930
719.563232,-336.012573,866.513367,-66.294930
719.729492,-335.731415,866.513367,-66.294930
719.997070,-335.167084,866.513367,-66.294930
720.099976,-334.894897,866.513367,-66.294930
720.295593,-334.356750,866.513367,-66.294930
720.411621,-334.087952,866.513367,-66.294930
720.515198,-333.845032,866.513367,-66.294930
720.629211,-333.563354,866.513367,-66.294930
720.751648,-333.264893,866.513367,-66.294930
720.985657,-332.674713,866.513367,-66.294930
721.093567,-332.395874,866.513367,-66.294930
721.184631,-332.139587,866.513367,-66.294930
721.289795,-331.850098,866.513367,-66.294930
721.515015,-331.213348,866.513367,-66.294930
721.612488,-330.875153,866.513367,-66.294930
721.698608,-330.499908,866.513367,-66.294930
721.767944,-330.154877,866.513367,-66.294930
721.824341,-329.887482,866.513367,-66.294930
721.991455,-329.305389,866.513367,-66.294930
722.087097,-329.005402,866.513367,-66.294930
722.156677,-328.709869,866.513367,-66.294930
722.206299,-328.398193,866.513367,-66.294930
722.226807,-327.679779,866.513367,-66.294930
722.222839,-327.322052,866.513367,-66.294930
722.214417,-326.911987,866.513367,-66.294930
722.280701,-326.621643,866.513367,-66.294930
722.371704,-326.294312,866.513367,-66.294930
722.516357,-325.565155,866.513367,-66.294930
722.539246,-325.151764,866.513367,-66.294930
722.577759,-324.769379,866.513367,-66.294930
722.628296,-324.457855,866.513367,-66.294930
722.690735,-323.913269,866.513367,-66.294930
722.703003,-323.620392,866.513367,-66.294930
722.684204,-323.343353,866.513367,-66.294930
722.632385,-323.085632,866.513367,-66.294930
722.563416,-322.940308,866.513367,-66.294930
722.462341,-322.979919,866.513367,-66.294930
722.342529,-322.773499,866.513367,-66.294930
722.088806,-322.838470,866.513367,-66.294930
722.039978,-322.831299,866.513367,-66.294930
722.044006,-322.780396,866.513367,-66.294930
722.018616,-322.599396,866.513367,-66.294930
721.968628,-322.450317,866.513367,-66.294930
721.859131,-322.274597,866.513367,-66.294930
721.861877,-322.240631,866.513367,-66.294930
721.827271,-322.265076,866.513367,-66.294930
721.776794,-322.339874,866.513367,-66.294930
721.711914,-322.370422,866.513367,-66.294930
721.622192,-322.310150,866.513367,-66.294930
721.278870,-322.084259,866.513367,-66.294930
721.040100,-321.957123,866.513367,-66.294930
720.753357,-321.797272,866.513367,-66.294930
720.455933,-321.633759,866.513367,-66.294930
720.125732,-321.474213,866.513367,-66.294930
719.791687,-321.351196,866.513367,-66.294930
719.467285,-321.271637,866.513367,-66.294930
718.884827,-321.150238,866.513367,-66.294930
718.686462,-321.056824,866.513367,-66.294930
718.536072,-320.991547,866.513367,-66.294930
718.404297,-320.953003,866.513367,-66.294930
718.306702,-320.937958,866.513367,-66.294930
718.221008,-320.949310,866.513367,-66.294930
718.136963,-320.998199,866.513367,-66.294930
718.096375,-321.031006,866.513367,-66.294930
718.018860,-321.045349,866.513367,-66.294930
717.875732,-321.032379,866.513367,-66.294930
717.694580,-321.014160,866.513367,-66.294930
717.497253,-320.997437,866.513367,-66.294930
717.248657,-320.998138,866.513367,-66.294930
716.702393,-321.087860,866.513367,-66.294930
716.490051,-321.295746,866.513367,-66.294930
716.210449,-321.527466,866.513367,-66.294930
715.914673,-321.763275,866.513367,-66.294930
715.610596,-322.026733,866.513367,-66.294930
715.237000,-322.308655,866.513367,-66.294930
714.892456,-322.484375,866.513367,-66.294930
714.127991,-322.972504,866.513367,-66.294930
713.548828,-323.277496,866.513367,-66.294930
712.886719,-323.516693,866.513367,-66.294930
712.197266,-323.718292,866.513367,-66.294930
711.484314,-323.806610,866.513367,-66.294930
710.777344,-323.819977,866.513367,-66.294930
710.106812,-323.802826,866.513367,-66.294930
709.472656,-323.899048,866.513367,-66.294930
709.356201,-323.998474,866.513367,-66.294930
709.195984,-324.089417,866.513367,-66.294930
708.999634,-324.173309,866.513367,-66.294930
708.755371,-324.238495,866.513367,-66.294930
708.442200,-324.280396,866.513367,-66.294930
708.131165,-324.325867,866.513367,-66.294930
707.467102,-324.485168,866.513367,-66.294930
707.123413,-324.585999,866.513367,-66.294930
706.729553,-324.690186,866.513367,-66.294930
706.347900,-324.776459,866.513367,-66.294930
705.557251,-324.968109,866.513367,-66.294930
705.168030,-325.053619,866.513367,-66.294930
704.841431,-325.149017,866.513367,-66.294930
704.265869,-325.388855,866.513367,-66.294930
703.932373,-325.450226,866.513367,-66.294930
703.529968,-325.462372,866.513367,-66.294930
703.089966,-325.431641,866.513367,-66.294930
702.033997,-325.151031,866.513367,-66.294930
701.387390,-324.987854,866.513367,-66.294930
700.714111,-324.805359,866.513367,-66.294930
700.027344,-324.616791,866.513367,-66.294930
699.351685,-324.429169,866.513367,-66.294930
698.216309,-324.215576,866.513367,-66.294930
697.788330,-324.178345,866.513367,-66.294930
697.462402,-324.188507,866.513367,-66.294930
697.195618,-324.223724,866.513367,-66.294930
697.012390,-324.270782,866.513367,-66.294930
696.794067,-324.307404,866.513367,-66.294930
696.546814,-324.366150,866.513367,-66.294930
696.316956,-324.432068,866.513367,-66.294930
696.072388,-324.512360,866.513367,-66.294930
695.790100,-324.587128,866.513367,-66.294930
695.502808,-324.619781,866.513367,-66.294930
695.189758,-324.648804,866.513367,-66.294930
694.828003,-324.664703,866.513367,-66.294930
694.042053,-324.666779,866.513367,-66.294930
693.619690,-324.676514,866.513367,-66.294930
693.194580,-324.659088,866.513367,-66.294930
692.719604,-324.622467,866.513367,-66.294930
692.195984,-324.566620,866.513367,-66.294930
691.693787,-324.512421,866.513367,-66.294930
691.178162,-324.481537,866.513367,-66.294930
690.773621,-324.528442,866.513367,-66.294930
690.463989,-324.649689,866.513367,-66.294930
690.084167,-324.773621,866.513367,-66.294930
689.751343,-324.833069,866.513367,-66.294930
689.430481,-324.843079,866.513367,-66.294930
689.066223,-324.848206,866.513367,-66.294930
688.634033,-324.832520,866.513367,-66.294930
688.173462,-324.804321,866.513367,-66.294930
687.774841,-324.786652,866.513367,-66.294930
687.446594,-324.770111,866.513367,-66.294930
687.083984,-324.715546,866.513367,-66.294930
686.652161,-324.678070,866.513367,-66.294930
685.691162,-324.579742,866.513367,-66.294930
685.135071,-324.560944,866.513367,-66.294930
684.642822,-324.596710,866.513367,-66.294930
684.291504,-324.665283,866.513367,-66.294930
683.915771,-324.636322,866.513367,-66.294930
683.052429,-324.458344,866.513367,-66.294930
682.558472,-324.367706,866.513367,-66.294930
682.087891,-324.408905,866.513367,-66.294930
681.537170,-324.395325,866.513367,-66.294930
680.117981,-324.177887,866.513367,-66.294930
679.400574,-323.976593,866.513367,-66.294930
678.841370,-323.632019,866.513367,-66.294930
678.294556,-323.257294,866.513367,-66.294930
677.758057,-322.935181,866.513367,-66.294930
677.006531,-322.584137,866.513367,-66.294930
676.560242,-322.517120,866.513367,-66.294930
676.061951,-322.516479,866.513367,-66.294930
675.538574,-322.450104,866.513367,-66.294930
674.708801,-322.508362,866.513367,-66.294930
674.309204,-322.560638,866.513367,-66.294930
673.863159,-322.592651,866.513367,-66.294930
673.423828,-322.601105,866.513367,-66.294930
672.975952,-322.569916,866.513367,-66.294930
672.515991,-322.568909,866.513367,-66.294930
671.311340,-322.708160,866.513367,-66.294930
670.546631,-322.855011,866.513367,-66.294930
669.697510,-323.033905,866.513367,-66.294930
668.734802,-323.223999,866.513367,-66.294930
667.823669,-323.450317,866.513367,-66.294930
667.047852,-323.608765,866.513367,-66.294930
666.136353,-323.495972,866.513367,-66.294930
665.728638,-323.498657,866.513367,-66.294930
665.365601,-323.540344,866.513367,-66.294930
664.998596,-323.573303,866.513367,-66.294930
664.605042,-323.616302,866.513367,-66.294930
664.239502,-323.660858,866.513367,-66.294930
663.886353,-323.723053,866.513367,-66.294930
663.505432,-323.758148,866.513367,-66.294930
662.676941,-323.886505,866.513367,-66.294930
662.200989,-323.996857,866.513367,-66.294930
661.704651,-324.109192,866.513367,-66.294930
661.219604,-324.224731,866.513367,-66.294930
660.730408,-324.397369,866.513367,-66.294930
660.281494,-324.502991,866.513367,-66.294930
659.928528,-324.555237,866.513367,-66.294930
659.564026,-324.606354,866.513367,-66.294930
659.174316,-324.686646,866.513367,-66.294930
658.755554,-324.780853,866.513367,-66.294930
658.314880,-324.872314,866.513367,-66.294930
657.882446,-324.967255,866.513367,-66.294930
657.441284,-325.010040,866.513367,-66.294930
656.998718,-325.062958,866.513367,-66.294930
656.594849,-325.127350,866.513367,-66.294930
656.183899,-325.208618,866.513367,-66.294930
655.792114,-325.269928,866.513367,-66.294930
655.380005,-325.351685,866.513367,-66.294930
654.953796,-325.439575,866.513367,-66.294930
654.512329,-325.540710,866.513367,-66.294930
654.071472,-325.638153,866.513367,-66.294930
653.636230,-325.714355,866.513367,-66.294930
653.175842,-325.794678,866.513367,-66.294930
652.704590,-325.874268,866.513367,-66.294930
652.240601,-325.983398,866.513367,-66.294930
651.731995,-326.107697,866.513367,-66.294930
651.267517,-326.203796,866.513367,-66.294930
650.789307,-326.283264,866.513367,-66.294930
650.300598,-326.360291,866.513367,-66.294930
649.822327,-326.446289,866.513367,-66.294930
649.342224,-326.515259,866.513367,-66.294930
648.860840,-326.604919,866.513367,-66.294930
648.349182,-326.691376,866.513367,-66.294930
647.881592,-326.807831,866.513367,-66.294930
647.403931,-326.907410,866.513367,-66.294930
646.926514,-327.008484,866.513367,-66.294930
646.431335,-327.112396,866.513367,-66.294930
645.963562,-327.217438,866.513367,-66.294930
645.491699,-327.321014,866.513367,-66.294930
644.987549,-327.427612,866.513367,-66.294930
644.441467,-327.549652,866.513367,-66.294930
643.900208,-327.660431,866.513367,-66.294930
643.387756,-327.776398,866.513367,-66.294930
642.907227,-327.880463,866.513367,-66.294930
642.390137,-327.998657,866.513367,-66.294930
641.871948,-328.107727,866.513367,-66.294930
641.357300,-328.205444,641.357300,-328.205444
640.813232,-328.301605,641.357300,-328.205444
640.263184,-328.429138,641.357300,-328.205444
639.729980,-328.574341,641.357300,-328.205444
639.423279,-328.663788,641.357300,-328.205444
639.436829,-328.655304,641.357300,-328.205444
639.436829,-328.655304,641.357300,-328.205444
639.146484,-328.712006,641.357300,-328.205444
639.098938,-328.643890,641.357300,-328.205444
638.835693,-328.803253,641.357300,-328.205444
638.739014,-328.967468,641.357300,-328.205444
638.899231,-329.124359,641.357300,-328.205444
639.324341,-329.247650,641.357300,-328.205444
640.008484,-329.338043,641.357300,-328.205444
640.869507,-329.424927,641.357300,-328.205444
641.676208,-329.663422,641.357300,-328.205444
642.158630,-329.897461,641.357300,-328.205444
642.321777,-329.969269,641.357300,-328.205444
642.280823,-329.820526,641.357300,-328.205444
642.325684,-329.571228,641.357300,-328.205444
642.617371,-329.325073,641.357300,-328.205444
643.090759,-329.030182,641.357300,-328.205444
643.684326,-328.773254,641.357300,-328.205444
644.132629,-328.644714,641.357300,-328.205444
644.252747,-328.624390,641.357300,-328.205444
644.114197,-328.602539,641.357300,-328.205444
644.025757,-328.588959,641.357300,-328.205444
644.084778,-328.650696,641.357300,-328.205444
644.084778,-328.650696,641.357300,-328.205444
644.252136,-328.759644,641.357300,-328.205444
644.489319,-328.838409,641.357300,-328.205444
644.671692,-328.875580,641.357300,-328.205444
644.711853,-328.879150,641.357300,-328.205444
644.700195,-328.872528,641.357300,-328.205444
644.701904,-328.867188,641.357300,-328.205444
644.759766,-328.863281,641.357300,-328.205444
644.885254,-328.898956,641.357300,-328.205444
645.019775,-328.951935,641.357300,-328.205444
645.141235,-329.006775,641.357300,-328.205444
645.212036,-329.039490,641.357300,-328.205444
645.271851,-329.070679,641.357300,-328.205444
645.335938,-329.088226,641.357300,-328.205444
645.418640,-329.087128,641.357300,-328.205444
645.490479,-329.071594,641.357300,-328.205444
645.549866,-329.048340,641.357300,-328.205444
645.632996,-329.020325,641.357300,-328.205444
645.755188,-329.001434,641.357300,-328.205444
645.903015,-329.010254,641.357300,-328.205444
646.038452,-329.051971,641.357300,-328.205444
646.215881,-329.127411,641.357300,-328.205444
646.215881,-329.127411,641.357300,-328.205444
646.419556,-329.204437,641.357300,-328.205444
646.642334,-329.253296,641.357300,-328.205444
646.836731,-329.270020,641.357300,-328.205444
647.025146,-329.261810,641.357300,-328.205444
647.255615,-329.251740,641.357300,-328.205444
647.548218,-329.242462,641.357300,-328.205444
647.967712,-329.233673,641.357300,-328.205444
648.504395,-329.200439,641.357300,-328.205444
649.206787,-329.151154,641.357300,-328.205444
650.124146,-329.064819,641.357300,-328.205444
651.098572,-328.963074,641.357300,-328.205444
651.819092,-328.922089,641.357300,-328.205444
652.256531,-328.942230,641.357300,-328.205444
652.636963,-328.976929,641.357300,-328.205444
653.140869,-329.037842,641.357300,-328.205444
653.730957,-329.076050,641.357300,-328.205444
654.290527,-329.140320,641.357300,-328.205444
654.725464,-329.207184,641.357300,-328.205444
655.152100,-329.299194,641.357300,-328.205444
655.526001,-329.418762,641.357300,-328.205444
655.526001,-329.418762,641.357300,-328.205444
655.951416,-329.567993,641.357300,-328.205444
656.487793,-329.682312,641.357300,-328.205444
657.273804,-329.685150,641.357300,-328.205444
658.242126,-329.573090,641.357300,-328.205444
659.382324,-329.370392,641.357300,-328.205444
660.463135,-329.198944,641.357300,-328.205444
661.538208,-329.150391,641.357300,-328.205444
662.464050,-329.202515,641.357300,-328.205444
663.351807,-329.210266,641.357300,-328.205444
664.221680,-329.191803,641.357300,-328.205444
664.988708,-329.140320,641.357300,-328.205444
665.710571,-329.020996,641.357300,-328.205444
666.366089,-328.831207,641.357300,-328.205444
666.898376,-328.609497,641.357300,-328.205444
667.492615,-328.381592,641.357300,-328.205444
668.154541,-327.957489,641.357300,-328.205444
668.940918,-327.542175,641.357300,-328.205444
669.720337,-327.059357,641.357300,-328.205444
670.505554,-326.521973,641.357300,-328.205444
671.278503,-326.029541,641.357300,-328.205444
671.278503,-326.029541,641.357300,-328.205444
671.957458,-325.597198,641.357300,-328.205444
672.478455,-325.215698,641.357300,-328.205444
672.986633,-324.788239,641.357300,-328.205444
673.409851,-324.483215,641.357300,-328.205444
673.707092,-324.270996,641.357300,-328.205444
673.858887,-324.078522,641.357300,-328.205444
673.884888,-323.886017,641.357300,-328.205444
673.760742,-323.763306,641.357300,-328.205444
673.514587,-323.648193,641.357300,-328.205444
673.197266,-323.496460,641.357300,-328.205444
672.850830,-323.388031,641.357300,-328.205444
672.623352,-323.404266,641.357300,-328.205444
672.587524,-323.512909,641.357300,-328.205444
672.621094,-323.628754,641.357300,-328.205444
672.672607,-323.742249,641.357300,-328.205444
672.772522,-323.810394,641.357300,-328.205444
672.821716,-323.981171,641.357300,-328.205444
672.951294,-324.147888,641.357300,-328.205444
673.064331,-324.268646,641.357300,-328.205444
673.062195,-324.435577,641.357300,-328.205444
673.021912,-324.570251,641.357300,-328.205444
673.021912,-324.570251,641.357300,-328.205444
672.893494,-324.672699,641.357300,-328.205444
672.692017,-324.797211,641.357300,-328.205444
672.494873,-324.872437,641.357300,-328.205444
672.504639,-324.886292,641.357300,-328.205444
672.524231,-324.850647,641.357300,-328.205444
672.541626,-324.719330,641.357300,-328.205444
672.552612,-324.524048,641.357300,-328.205444
672.526184,-324.295013,641.357300,-328.205444
672.415771,-324.046021,641.357300,-328.205444
672.169006,-323.937286,641.357300,-328.205444
671.924683,-323.905487,641.357300,-328.205444
671.767273,-323.914917,641.357300,-328.205444
671.699402,-323.882324,641.357300,-328.205444
671.757080,-323.902588,641.357300,-328.205444
671.906738,-323.993439,641.357300,-328.205444
671.999817,-323.999268,641.357300,-328.205444
672.071472,-323.909454,641.357300,-328.205444
672.108948,-323.842102,641.357300,-328.205444
672.088440,-323.797394,641.357300,-328.205444
672.057068,-323.776520,641.357300,-328.205444
672.030457,-323.773804,641.357300,-328.205444
672.030457,-323.773804,641.357300,-328.205444
671.975098,-323.814331,641.357300,-328.205444
671.899109,-323.893188,641.357300,-328.205444
671.814575,-323.980225,641.357300,-328.205444
671.762634,-324.075378,641.357300,-328.205444
671.753479,-324.159912,641.357300,-328.205444
671.781677,-324.190491,641.357300,-328.205444
671.867676,-324.116974,641.357300,-328.205444
671.913330,-324.027466,641.357300,-328.205444
671.957031,-323.881592,641.357300,-328.205444
671.993713,-323.735870,641.357300,-328.205444
672.029724,-323.674255,641.357300,-328.205444
672.042053,-323.640717,641.357300,-328.205444
672.005920,-323.608795,641.357300,-328.205444
671.929199,-323.596222,641.357300,-328.205444
671.872864,-323.585999,641.357300,-328.205444
671.788757,-323.583221,641.357300,-328.205444
671.708191,-323.570984,641.357300,-328.205444
671.700745,-323.457947,641.357300,-328.205444
671.709778,-323.346344,641.357300,-328.205444
671.715759,-323.217102,641.357300,-328.205444
671.726563,-323.091980,641.357300,-328.205444
671.724243,-322.949127,641.357300,-328.205444
671.738403,-322.754974,641.357300,-328.205444
671.757874,-322.570099,641.357300,-328.205444
671.768494,-322.405731,641.357300,-328.205444
671.758179,-322.326782,641.357300,-328.205444
671.719360,-322.261963,641.357300,-328.205444
671.679321,-322.141541,641.357300,-328.205444
671.568298,-321.839417,641.357300,-328.205444
671.471924,-321.674896,641.357300,-328.205444
671.378052,-321.488068,641.357300,-328.205444
671.319763,-321.350128,641.357300,-328.205444
671.294800,-321.252502,641.357300,-328.205444
671.267212,-321.087860,641.357300,-328.205444
671.259827,-320.822357,641.357300,-328.205444
671.276245,-320.487305,641.357300,-328.205444
671.320801,-320.061432,641.357300,-328.205444
671.389038,-319.591583,641.357300,-328.205444
671.487793,-319.045746,641.357300,-328.205444
671.709778,-317.885742,641.357300,-328.205444
671.815979,-317.304657,641.357300,-328.205444
671.925476,-316.753357,641.357300,-328.205444
672.019714,-316.257202,641.357300,-328.205444
672.067383,-315.832611,641.357300,-328.205444
672.073730,-315.467529,641.357300,-328.205444
672.009705,-315.228516,641.357300,-328.205444
671.875305,-315.090485,641.357300,-328.205444
671.716797,-314.931183,641.357300,-328.205444
671.559631,-314.630676,641.357300,-328.205444
671.171631,-313.973175,641.357300,-328.205444
670.931091,-313.591980,641.357300,-328.205444
670.650146,-313.146820,641.357300,-328.205444
670.355225,-312.714752,641.357300,-328.205444
670.072083,-312.257019,641.357300,-328.205444
669.797363,-311.782257,641.357300,-328.205444
669.614258,-311.352875,641.357300,-328.205444
669.534180,-311.007141,641.357300,-328.205444
669.474243,-310.568787,641.357300,-328.205444
669.417175,-310.079681,641.357300,-328.205444
669.457275,-309.093628,641.357300,-328.205444
669.543457,-308.605072,641.357300,-328.205444
669.623474,-308.103241,641.357300,-328.205444
669.688416,-307.571106,641.357300,-328.205444
669.716248,-307.054321,641.357300,-328.205444
669.706177,-306.641571,641.357300,-328.205444
669.663269,-306.280029,641.357300,-328.205444
669.552979,-305.981079,641.357300,-328.205444
669.422546,-305.668457,641.357300,-328.205444
669.300415,-305.264801,641.357300,-328.205444
669.164551,-304.824402,641.357300,-328.205444
668.944580,-303.732574,641.357300,-328.205444
668.873230,-303.036438,641.357300,-328.205444
668.799011,-302.302734,641.357300,-328.205444
668.760742,-301.657410,641.357300,-328.205444
668.787537,-301.188995,641.357300,-328.205444
668.901489,-300.824432,641.357300,-328.205444
668.989624,-300.433563,641.357300,-328.205444
669.117493,-299.948364,641.357300,-328.205444
669.286926,-299.339417,641.357300,-328.205444
669.392212,-298.727264,641.357300,-328.205444
669.423340,-298.174988,641.357300,-328.205444
669.496521,-296.777130,641.357300,-328.205444
669.672607,-295.902069,641.357300,-328.205444
669.991089,-295.018829,641.357300,-328.205444
670.446716,-294.200073,641.357300,-328.205444
671.048584,-293.315582,641.357300,-328.205444
671.477234,-292.535034,641.357300,-328.205444
671.615845,-292.031342,641.357300,-328.205444
671.633545,-291.623047,641.357300,-328.205444
671.704041,-291.071747,641.357300,-328.205444
671.815552,-290.453400,641.357300,-328.205444
671.875061,-289.789429,641.357300,-328.205444
671.811279,-288.580170,641.357300,-328.205444
671.799988,-287.894012,641.357300,-328.205444
671.778076,-287.239044,641.357300,-328.205444
671.837280,-286.570160,641.357300,-328.205444
671.909180,-285.869934,641.357300,-328.205444
671.979797,-285.146881,641.357300,-328.205444
672.020508,-284.482025,641.357300,-328.205444
672.120789,-283.835724,641.357300,-328.205444
672.286560,-283.093933,641.357300,-328.205444
672.439941,-282.407501,641.357300,-328.205444
672.542725,-281.851105,641.357300,-328.205444
672.701965,-281.324554,641.357300,-328.205444
672.908203,-280.826355,641.357300,-328.205444
673.362366,-279.924530,641.357300,-328.205444
673.651367,-279.453369,641.357300,-328.205444
673.993652,-278.970978,641.357300,-328.205444
674.388428,-278.448364,641.357300,-328.205444
674.763184,-277.973694,641.357300,-328.205444
675.090027,-277.566559,641.357300,-328.205444
675.434265,-277.162415,641.357300,-328.205444
675.857849,-276.671265,641.357300,-328.205444
676.389465,-276.038879,641.357300,-328.205444
676.876465,-275.542023,641.357300,-328.205444
677.267212,-275.060760,641.357300,-328.205444
677.535156,-274.591888,641.357300,-328.205444
677.875793,-274.072113,641.357300,-328.205444
678.255676,-273.473236,641.357300,-328.205444
678.648193,-272.823059,641.357300,-328.205444
679.426208,-271.443909,641.357300,-328.205444
679.799133,-270.739319,641.357300,-328.205444
680.197510,-270.054535,641.357300,-328.205444
680.668762,-269.411407,641.357300,-328.205444
681.228455,-268.834534,641.357300,-328.205444
681.869629,-268.282715,641.357300,-328.205444
682.490479,-267.666656,641.357300,-328.205444
683.021301,-267.173859,641.357300,-328.205444
683.508240,-266.739197,641.357300,-328.205444
684.001892,-266.434418,641.357300,-328.205444
684.476440,-266.276642,641.357300,-328.205444
684.957886,-266.183044,641.357300,-328.205444
685.591797,-266.063660,641.357300,-328.205444
686.371338,-265.908264,641.357300,-328.205444
687.593689,-265.356110,641.357300,-328.205444
688.142761,-265.009827,641.357300,-328.205444
688.669434,-264.732117,641.357300,-328.205444
689.308411,-264.363678,641.357300,-328.205444
690.046448,-264.024689,641.357300,-328.205444
690.907959,-263.713989,641.357300,-328.205444
691.885742,-263.392670,641.357300,-328.205444
692.956116,-263.131348,641.357300,-328.205444
694.108704,-262.893829,641.357300,-328.205444
695.330627,-262.670197,641.357300,-328.205444
696.542297,-262.487854,641.357300,-328.205444
697.767761,-262.332062,641.357300,-328.205444
698.976013,-262.183044,641.357300,-328.205444
701.187988,-261.982239,641.357300,-328.205444
702.137573,-261.890900,641.357300,-328.205444
702.938965,-261.793488,641.357300,-328.205444
703.501282,-261.594818,641.357300,-328.205444
703.949585,-261.383087,641.357300,-328.205444
704.479309,-261.115356,641.357300,-328.205444
705.043518,-260.834534,641.357300,-328.205444
705.692322,-260.536316,641.357300,-328.205444
706.398010,-260.193848,641.357300,-328.205444
707.102722,-259.822021,641.357300,-328.205444
707.752014,-259.403076,641.357300,-328.205444
709.020020,-258.633545,641.357300,-328.205444
709.660400,-258.390991,641.357300,-328.205444
710.397583,-258.188171,641.357300,-328.205444
711.218933,-257.990417,641.357300,-328.205444
712.060364,-257.888275,641.357300,-328.205444
712.793091,-257.836761,641.357300,-328.205444
713.341858,-257.811066,641.357300,-328.205444
713.821228,-257.815430,641.357300,-328.205444
714.334534,-257.838379,641.357300,-328.205444
714.896912,-257.929688,641.357300,-328.205444
715.534546,-258.104919,641.357300,-328.205444
717.014038,-258.426025,641.357300,-328.205444
717.846130,-258.438812,641.357300,-328.205444
718.570190,-258.259705,641.357300,-328.205444
719.142822,-258.195496,641.357300,-328.205444
719.795166,-258.126587,641.357300,-328.205444
720.546936,-258.100342,641.357300,-328.205444
721.323547,-258.151062,641.357300,-328.205444
722.049683,-258.173309,641.357300,-328.205444
722.699219,-258.156891,641.357300,-328.205444
724.079651,-258.211731,641.357300,-328.205444
724.750122,-258.258301,641.357300,-328.205444
725.360107,-258.312714,641.357300,-328.205444
726.015808,-258.384369,641.357300,-328.205444
726.728943,-258.491547,641.357300,-328.205444
727.583740,-258.635101,641.357300,-328.205444
728.534485,-258.813110,641.357300,-328.205444
729.608765,-258.972992,641.357300,-328.205444
731.880005,-259.447601,641.357300,-328.205444
732.893738,-259.759888,641.357300,-328.205444
733.923096,-260.080048,641.357300,-328.205444
734.864502,-260.314819,641.357300,-328.205444
735.755859,-260.463715,641.357300,-328.205444
737.458435,-260.464081,641.357300,-328.205444
738.209412,-260.360352,641.357300,-328.205444
739.019226,-260.281525,641.357300,-328.205444
739.833374,-260.225922,641.357300,-328.205444
740.741638,-260.153412,641.357300,-328.205444
741.674866,-260.108521,641.357300,-328.205444
743.249207,-260.063049,641.357300,-328.205444
743.882141,-260.097748,641.357300,-328.205444
744.514648,-260.161194,641.357300,-328.205444
745.170044,-260.254700,641.357300,-328.205444
745.929138,-260.376862,641.357300,-328.205444
747.619812,-260.708374,641.357300,-328.205444
748.486389,-260.870056,641.357300,-328.205444
749.327332,-260.959900,641.357300,-328.205444
750.103210,-260.907379,641.357300,-328.205444
750.902161,-260.837494,641.357300,-328.205444
752.589172,-260.721619,641.357300,-328.205444
753.459961,-260.673676,641.357300,-328.205444
754.351929,-260.661102,641.357300,-328.205444
755.161194,-260.661499,641.357300,-328.205444
755.758484,-260.728058,641.357300,-328.205444
756.396301,-260.792480,641.357300,-328.205444
757.859070,-260.981415,641.357300,-328.205444
758.692078,-261.164520,641.357300,-328.205444
759.571533,-261.397552,641.357300,-328.205444
760.515015,-261.693329,641.357300,-328.205444
761.526550,-261.998322,641.357300,-328.205444
762.588623,-262.330078,641.357300,-328.205444
764.653198,-262.875092,641.357300,-328.205444
765.534424,-263.080261,641.357300,-328.205444
766.165649,-263.167480,641.357300,-328.205444
766.776428,-263.221344,641.357300,-328.205444
767.420776,-263.264404,641.357300,-328.205444
768.796570,-263.391754,641.357300,-328.205444
769.555237,-263.454376,641.357300,-328.205444
770.336426,-263.484741,641.357300,-328.205444
771.119873,-263.503082,641.357300,-328.205444
771.933228,-263.481201,641.357300,-328.205444
772.657593,-263.481598,641.357300,-328.205444
774.065186,-263.665833,641.357300,-328.205444
774.865540,-263.890228,641.357300,-328.205444
775.634460,-264.099915,641.357300,-328.205444
776.318848,-264.250549,641.357300,-328.205444
777.002319,-264.397003,641.357300,-328.205444
778.407898,-264.621277,641.357300,-328.205444
779.106140,-264.709442,641.357300,-328.205444
779.831360,-264.840759,641.357300,-328.205444
780.677856,-265.013977,641.357300,-328.205444
781.650085,-265.213165,641.357300,-328.205444
783.768616,-265.610931,641.357300,-328.205444
784.676331,-265.717224,641.357300,-328.205444
785.538574,-265.778351,641.357300,-328.205444
786.390137,-265.814087,641.357300,-328.205444
787.221924,-265.890594,641.357300,-328.205444
788.543640,-266.208282,641.357300,-328.205444
789.287598,-266.423615,641.357300,-328.205444
790.111206,-266.646301,641.357300,-328.205444
790.890076,-266.855743,641.357300,-328.205444
791.596130,-267.016541,641.357300,-328.205444
793.059509,-267.346436,641.357300,-328.205444
793.837402,-267.481995,641.357300,-328.205444
794.625122,-267.515381,641.357300,-328.205444
795.516052,-267.500275,641.357300,-328.205444
796.493469,-267.530853,641.357300,-328.205444
797.600220,-267.525116,641.357300,-328.205444
799.979309,-267.248535,641.357300,-328.205444
801.175842,-267.096527,641.357300,-328.205444
802.319214,-266.941467,641.357300,-328.205444
803.407654,-266.848785,641.357300,-328.205444
804.225647,-266.893127,641.357300,-328.205444
805.540955,-267.095154,641.357300,-328.205444
806.249084,-267.171753,641.357300,-328.205444
806.921021,-267.255249,641.357300,-328.205444
807.620789,-267.335083,641.357300,-328.205444
808.328979,-267.452332,641.357300,-328.205444
809.803284,-267.703308,641.357300,-328.205444
810.548401,-267.830719,641.357300,-328.205444
811.264954,-267.927917,641.357300,-328.205444
812.022156,-268.015228,641.357300,-328.205444
812.799255,-268.091125,641.357300,-328.205444
814.415588,-268.203094,641.357300,-328.205444
815.272766,-268.217926,641.357300,-328.205444
816.201416,-268.185028,641.357300,-328.205444
817.180115,-268.116974,641.357300,-328.205444
818.169556,-268.089813,641.357300,-328.205444
819.745361,-268.192413,641.357300,-328.205444
820.397461,-268.309387,641.357300,-328.205444
821.129700,-268.408936,641.357300,-328.205444
821.846924,-268.523956,641.357300,-328.205444
822.577454,-268.656219,641.357300,-328.205444
824.155151,-269.040619,641.357300,-328.205444
825.012939,-269.279480,641.357300,-328.205444
825.846924,-269.529755,641.357300,-328.205444
826.609802,-269.688690,641.357300,-328.205444
827.420471,-269.887665,641.357300,-328.205444
829.013306,-270.155304,641.357300,-328.205444
829.808472,-270.203552,641.357300,-328.205444
830.690063,-270.259705,641.357300,-328.205444
831.585266,-270.311584,641.357300,-328.205444
832.552429,-270.395172,641.357300,-328.205444
834.265564,-270.517242,641.357300,-328.205444
834.992981,-270.662231,641.357300,-328.205444
835.655212,-270.845062,641.357300,-328.205444
836.359985,-271.077179,641.357300,-328.205444
837.157166,-271.343414,641.357300,-328.205444
839.041138,-271.948547,641.357300,-328.205444
840.045959,-272.323700,641.357300,-328.205444
841.053528,-272.834839,641.357300,-328.205444
842.005737,-273.427551,641.357300,-328.205444
842.924377,-273.913666,641.357300,-328.205444
844.373474,-274.376221,641.357300,-328.205444
845.075317,-274.564606,641.357300,-328.205444
845.796570,-274.723480,641.357300,-328.205444
846.582886,-274.942810,641.357300,-328.205444
847.430542,-275.174591,641.357300,-328.205444
849.295410,-275.700012,641.357300,-328.205444
850.222534,-275.937134,641.357300,-328.205444
851.095520,-276.141541,641.357300,-328.205444
851.905518,-276.317261,641.357300,-328.205444
852.682495,-276.528687,641.357300,-328.205444
854.067200,-276.989380,641.357300,-328.205444
854.698059,-277.329163,641.357300,-328.205444
855.364319,-277.644165,641.357300,-328.205444
856.056580,-277.944580,641.357300,-328.205444
856.763184,-278.205994,641.357300,-328.205444
857.474792,-278.449036,641.357300,-328.205444
859.027893,-278.946381,641.357300,-328.205444
859.813599,-279.217438,641.357300,-328.205444
860.593262,-279.502319,641.357300,-328.205444
861.391418,-279.832184,641.357300,-328.205444
862.185730,-280.173889,641.357300,-328.205444
862.936829,-280.474274,641.357300,-328.205444
863.652832,-280.715851,641.357300,-328.205444
865.057495,-281.158661,641.357300,-328.205444
865.776001,-281.402802,641.357300,-328.205444
866.455933,-281.649506,641.357300,-328.205444
867.171692,-281.895111,641.357300,-328.205444
867.908997,-282.114929,641.357300,-328.205444
868.673218,-282.367218,641.357300,-328.205444
869.454346,-282.641907,641.357300,-328.205444
871.118896,-283.168213,641.357300,-328.205444
871.987610,-283.435486,641.357300,-328.205444
872.869263,-283.705475,641.357300,-328.205444
873.775940,-283.992737,641.357300,-328.205444
874.673401,-284.265259,641.357300,-328.205444
875.565674,-284.532562,641.357300,-328.205444
876.407104,-284.757904,641.357300,-328.205444
878.062683,-285.276886,641.357300,-328.205444
878.797363,-285.484558,641.357300,-328.205444
879.491394,-285.698730,641.357300,-328.205444
880.129456,-285.944061,641.357300,-328.205444
880.785767,-286.207794,641.357300,-328.205444
881.459351,-286.528900,641.357300,-328.205444
882.910950,-287.207001,641.357300,-328.205444
883.603943,-287.478973,641.357300,-328.205444
884.319519,-287.744354,641.357300,-328.205444
885.077942,-288.052063,641.357300,-328.205444
885.847961,-288.389313,641.357300,-328.205444
886.587158,-288.684723,641.357300,-328.205444
888.046204,-289.220825,641.357300,-328.205444
888.792419,-289.490906,641.357300,-328.205444
889.556458,-289.792999,641.357300,-328.205444
890.316040,-290.094604,641.357300,-328.205444
891.101074,-290.428925,641.357300,-328.205444
892.665039,-291.183105,641.357300,-328.205444
893.374268,-291.653290,641.357300,-328.205444
894.066528,-292.193817,641.357300,-328.205444
894.800903,-292.748627,641.357300,-328.205444
896.272339,-293.808502,641.357300,-328.205444
896.998413,-294.282410,641.357300,-328.205444
897.627869,-294.708923,641.357300,-328.205444
898.211426,-295.154541,641.357300,-328.205444
898.834351,-295.633453,641.357300,-328.205444
900.129578,-296.406982,641.357300,-328.205444
900.796204,-296.762238,641.357300,-328.205444
901.461182,-297.210724,641.357300,-328.205444
902.178101,-297.790405,641.357300,-328.205444
903.631042,-299.192596,641.357300,-328.205444
904.254395,-299.762573,641.357300,-328.205444
904.877014,-300.234253,641.357300,-328.205444
905.564270,-300.670135,641.357300,-328.205444
906.864136,-301.539124,641.357300,-328.205444
907.489014,-302.060913,641.357300,-328.205444
908.117737,-302.624908,641.357300,-328.205444
908.696289,-303.127838,641.357300,-328.205444
909.238647,-303.580872,641.357300,-328.205444
910.409790,-304.578918,641.357300,-328.205444
911.082214,-305.219086,641.357300,-328.205444
911.781189,-305.955902,641.357300,-328.205444
912.495239,-306.770355,641.357300,-328.205444
913.830994,-308.544525,641.357300,-328.205444
914.368774,-309.226654,641.357300,-328.205444
914.878967,-310.008240,641.357300,-328.205444
915.373413,-310.871124,641.357300,-328.205444
915.798157,-311.705658,641.357300,-328.205444
916.760437,-312.894440,641.357300,-328.205444
917.289795,-313.414185,641.357300,-328.205444
917.842712,-313.987213,641.357300,-328.205444
918.372131,-314.596100,641.357300,-328.205444
919.568359,-315.968140,641.357300,-328.205444
920.177917,-316.628906,641.357300,-328.205444
920.745483,-317.233978,641.357300,-328.205444
921.302307,-317.887665,641.357300,-328.205444
921.849365,-318.621216,641.357300,-328.205444
922.671204,-319.923767,641.357300,-328.205444
923.042664,-320.617584,641.357300,-328.205444
923.375244,-321.402435,641.357300,-328.205444
923.664673,-322.216248,641.357300,-328.205444
923.970642,-323.024231,641.357300,-328.205444
924.379395,-323.746490,641.357300,-328.205444
925.336914,-325.327362,641.357300,-328.205444
925.804993,-326.231201,641.357300,-328.205444
926.273438,-327.138611,641.357300,-328.205444
926.723572,-328.083252,641.357300,-328.205444
927.131897,-328.843811,641.357300,-328.205444
927.480896,-329.506500,641.357300,-328.205444
927.768738,-330.253937,641.357300,-328.205444
928.242249,-331.999695,641.357300,-328.205444
928.489319,-332.839996,641.357300,-328.205444
928.831421,-333.553802,641.357300,-328.205444
929.207458,-334.281830,641.357300,-328.205444
929.574768,-334.990631,641.357300,-328.205444
929.917969,-335.708496,641.357300,-328.205444
930.188599,-336.495270,641.357300,-328.205444
930.551208,-338.384888,641.357300,-328.205444
930.808716,-339.257111,641.357300,-328.205444
931.109802,-340.015381,641.357300,-328.205444
931.370483,-340.848083,641.357300,-328.205444
931.594910,-341.616455,641.357300,-328.205444
931.737549,-342.380829,641.357300,-328.205444
931.767517,-344.124908,641.357300,-328.205444
931.640747,-345.119263,641.357300,-328.205444
931.561523,-346.039063,641.357300,-328.205444
931.611450,-346.848572,641.357300,-328.205444
931.832092,-347.636963,641.357300,-328.205444
932.030701,-348.442474,641.357300,-328.205444
932.174622,-349.241241,641.357300,-328.205444
932.346680,-350.934662,641.357300,-328.205444
932.413635,-351.803650,641.357300,-328.205444
932.541321,-352.573944,641.357300,-328.205444
932.677246,-353.328613,641.357300,-328.205444
932.708984,-354.167908,641.357300,-328.205444
932.665649,-355.093414,641.357300,-328.205444
932.635193,-355.935944,641.357300,-328.205444
932.721802,-357.461945,641.357300,-328.205444
932.723877,-358.324890,641.357300,-328.205444
932.684509,-359.209534,641.357300,-328.205444
932.620667,-360.005341,641.357300,-328.205444
932.542236,-360.795837,641.357300,-328.205444
932.414917,-361.648743,641.357300,-328.205444
932.319946,-362.524597,641.357300,-328.205444
932.249695,-364.236176,641.357300,-328.205444
932.231812,-365.109009,641.357300,-328.205444
932.188416,-365.876343,641.357300,-328.205444
932.088135,-366.658508,641.357300,-328.205444
931.902405,-367.453430,641.357300,-328.205444
931.584717,-368.286285,641.357300,-328.205444
931.165039,-369.156128,641.357300,-328.205444
930.339539,-370.803680,641.357300,-328.205444
930.203186,-371.567169,641.357300,-328.205444
930.117126,-372.370300,641.357300,-328.205444
929.991272,-373.175262,641.357300,-328.205444
929.830872,-373.966888,641.357300,-328.205444
929.593567,-374.734222,641.357300,-328.205444
929.265564,-375.567047,641.357300,-328.205444
928.587097,-377.132568,641.357300,-328.205444
928.341248,-377.871826,641.357300,-328.205444
928.137268,-378.670746,641.357300,-328.205444
928.119690,-377.751617,641.357300,-328.205444
927.170776,-377.890564,641.357300,-328.205444
926.660034,-378.716797,641.357300,-328.205444
926.560059,-379.701630,641.357300,-328.205444
926.824707,-381.815063,641.357300,-328.205444
927.051575,-382.829407,641.357300,-328.205444
927.247681,-383.784363,641.357300,-328.205444
927.358398,-384.651062,641.357300,-328.205444
927.337219,-385.411926,641.357300,-328.205444
927.281250,-386.191956,641.357300,-328.205444
927.240540,-386.997803,641.357300,-328.205444
927.196167,-388.709900,641.357300,-328.205444
927.167114,-389.617035,641.357300,-328.205444
927.140076,-390.460480,641.357300,-328.205444
927.218262,-391.264404,641.357300,-328.205444
927.344727,-392.090790,641.357300,-328.205444
927.488586,-392.982300,641.357300,-328.205444
927.622375,-393.991943,641.357300,-328.205444
928.017517,-396.120819,641.357300,-328.205444
928.293579,-397.202209,641.357300,-328.205444
928.552979,-398.240692,641.357300,-328.205444
928.721252,-399.251831,641.357300,-328.205444
928.869568,-400.288513,641.357300,-328.205444
928.926025,-401.111572,641.357300,-328.205444
928.965088,-401.841064,641.357300,-328.205444
929.006042,-403.412292,641.357300,-328.205444
928.993408,-404.209595,641.357300,-328.205444
928.949280,-405.046783,641.357300,-328.205444
928.904297,-405.926941,641.357300,-328.205444
928.850647,-406.830811,641.357300,-328.205444
928.851196,-407.783783,641.357300,-328.205444
928.867493,-408.802368,641.357300,-328.205444
929.178528,-410.783661,641.357300,-328.205444
929.359192,-411.802826,641.357300,-328.205444
929.558655,-412.827881,641.357300,-328.205444
929.726563,-413.874573,641.357300,-328.205444
929.851379,-414.925323,641.357300,-328.205444
929.987000,-415.900452,641.357300,-328.205444
930.095947,-416.793365,641.357300,-328.205444
930.112488,-418.331726,641.357300,-328.205444
930.041809,-419.135071,641.357300,-328.205444
929.898071,-419.994049,641.357300,-328.205444
929.698730,-420.928406,641.357300,-328.205444
929.467834,-421.900574,641.357300,-328.205444
929.207336,-422.917908,641.357300,-328.205444
928.979797,-423.987671,641.357300,-328.205444
928.523865,-425.986542,641.357300,-328.205444
928.278442,-426.889038,641.357300,-328.205444
928.171204,-427.570679,641.357300,-328.205444
928.060303,-428.265900,641.357300,-328.205444
927.878479,-428.976471,641.357300,-328.205444
927.683167,-429.686035,641.357300,-328.205444
927.422729,-430.475189,641.357300,-328.205444
926.919067,-431.992950,641.357300,-328.205444
926.847778,-432.687195,641.357300,-328.205444
926.845459,-433.396973,641.357300,-328.205444
926.768250,-434.145935,641.357300,-328.205444
926.596863,-434.969299,641.357300,-328.205444
926.357239,-435.833496,641.357300,-328.205444
926.035583,-436.757019,641.357300,-328.205444
925.260071,-438.730713,641.357300,-328.205444
924.866943,-439.867615,641.357300,-328.205444
924.449280,-441.029602,641.357300,-328.205444
924.083252,-441.962921,641.357300,-328.205444
923.819763,-442.630341,641.357300,-328.205444
923.516418,-443.226379,641.357300,-328.205444
923.103455,-443.798340,641.357300,-328.205444
922.598511,-444.372437,641.357300,-328.205444
921.716553,-445.428741,641.357300,-328.205444
921.528564,-445.997955,641.357300,-328.205444
921.490784,-446.664551,641.357300,-328.205444
921.563354,-447.423340,641.357300,-328.205444
921.652222,-448.253204,641.357300,-328.205444
921.355835,-449.815338,641.357300,-328.205444
921.030823,-450.658508,641.357300,-328.205444
920.597107,-451.502502,641.357300,-328.205444
920.098450,-452.317688,641.357300,-328.205444
919.649963,-453.198975,641.357300,-328.205444
919.345276,-454.071594,641.357300,-328.205444
918.836731,-455.533234,641.357300,-328.205444
918.614807,-456.192322,641.357300,-328.205444
918.379395,-456.804474,641.357300,-328.205444
918.180481,-457.335144,641.357300,-328.205444
918.010925,-457.728790,641.357300,-328.205444
917.853149,-458.072754,641.357300,-328.205444
917.662964,-458.608948,641.357300,-328.205444
917.464783,-459.015198,641.357300,-328.205444
917.047974,-459.735992,641.357300,-328.205444
916.865601,-460.051697,641.357300,-328.205444
916.742615,-460.523010,641.357300,-328.205444
916.634033,-461.051666,641.357300,-328.205444
916.504822,-461.555084,641.357300,-328.205444
916.385437,-461.986053,641.357300,-328.205444
916.240784,-462.419281,641.357300,-328.205444
916.086731,-462.850037,641.357300,-328.205444
915.977417,-463.247223,641.357300,-328.205444
915.919006,-463.882416,641.357300,-328.205444
916.017639,-464.142853,641.357300,-328.205444
916.155945,-464.368561,641.357300,-328.205444
916.189697,-464.624237,641.357300,-328.205444
916.090637,-464.950928,641.357300,-328.205444
915.952942,-465.266815,641.357300,-328.205444
915.860291,-465.534607,641.357300,-328.205444
915.904663,-465.854736,641.357300,-328.205444
916.044983,-466.037415,641.357300,-328.205444
916.141907,-466.273376,641.357300,-328.205444
916.151855,-466.612366,641.357300,-328.205444
916.151367,-466.939789,641.357300,-328.205444
916.175415,-467.164001,641.357300,-328.205444
916.210449,-467.275848,641.357300,-328.205444
916.261292,-467.333771,641.357300,-328.205444
916.388977,-467.748718,641.357300,-328.205444
916.390991,-467.996063,641.357300,-328.205444
916.378906,-468.235779,641.357300,-328.205444
916.396973,-468.439331,641.357300,-328.205444
916.466858,-468.583221,641.357300,-328.205444
916.564697,-468.747528,641.357300,-328.205444
916.666321,-468.943359,641.357300,-328.205444
916.763489,-469.092804,641.357300,-328.205444
916.990601,-469.424316,641.357300,-328.205444
917.146912,-469.584747,641.357300,-328.205444
917.287109,-469.704590,641.357300,-328.205444
917.437195,-469.827118,641.357300,-328.205444
917.583801,-469.971863,641.357300,-328.205444
917.716003,-470.125458,641.357300,-328.205444
917.809692,-470.236877,641.357300,-328.205444
917.876221,-470.321808,641.357300,-328.205444
917.921570,-470.398560,641.357300,-328.205444
917.987305,-470.518616,641.357300,-328.205444
918.033569,-470.577545,641.357300,-328.205444
918.079590,-470.635010,641.357300,-328.205444
918.127380,-470.689056,641.357300,-328.205444
918.172607,-470.722290,641.357300,-328.205444
918.256592,-470.754639,641.357300,-328.205444
918.306030,-470.760773,641.357300,-328.205444
918.368042,-470.763580,641.357300,-328.205444
918.441284,-470.767883,641.357300,-328.205444
918.500061,-470.767975,641.357300,-328.205444
918.617126,-470.768982,641.357300,-328.205444
918.676331,-470.763062,641.357300,-328.205444
918.741028,-470.742004,641.357300,-328.205444
918.810059,-470.728912,641.357300,-328.205444
918.973328,-470.684753,641.357300,-328.205444
919.059204,-470.661499,641.357300,-328.205444
919.149536,-470.646912,641.357300,-328.205444
919.231445,-470.623138,641.357300,-328.205444
919.312561,-470.595825,641.357300,-328.205444
919.507935,-470.546814,641.357300,-328.205444
919.598389,-470.532654,641.357300,-328.205444
919.700928,-470.507111,641.357300,-328.205444
919.803284,-470.489166,641.357300,-328.205444
919.909363,-470.495605,641.357300,-328.205444
919.945251,-470.377502,641.357300,-328.205444
920.080994,-470.428192,641.357300,-328.205444
920.319763,-470.395538,641.357300,-328.205444
920.427490,-470.362396,641.357300,-328.205444
920.540833,-470.334137,641.357300,-328.205444
920.643738,-470.313049,641.357300,-328.205444
920.750854,-470.304291,641.357300,-328.205444
920.857788,-470.297485,641.357300,-328.205444
921.114868,-470.302368,641.357300,-328.205444
921.211914,-470.302429,641.357300,-328.205444
921.323486,-470.310211,641.357300,-328.205444
921.434204,-470.330780,641.357300,-328.205444
921.543823,-470.404358,641.357300,-328.205444
921.653259,-470.537689,641.357300,-328.205444
921.737427,-470.630005,641.357300,-328.205444
921.880493,-470.685944,641.357300,-328.205444
921.984924,-470.714996,641.357300,-328.205444
922.096497,-470.739349,641.357300,-328.205444
922.200439,-470.764130,641.357300,-328.205444
922.312134,-470.813965,641.357300,-328.205444
922.421997,-470.868134,641.357300,-328.205444
922.520142,-470.915466,641.357300,-328.205444
922.626831,-470.956177,641.357300,-328.205444
922.850647,-471.066254,641.357300,-328.205444
922.967163,-471.126953,641.357300,-328.205444
923.059265,-471.183563,641.357300,-328.205444
923.152954,-471.243042,641.357300,-328.205444
923.261292,-471.308075,641.357300,-328.205444
923.363647,-471.366180,641.357300,-328.205444
923.452271,-471.419800,641.357300,-328.205444
923.532593,-471.478149,641.357300,-328.205444
923.610107,-471.536560,641.357300,-328.205444
923.700256,-471.593506,641.357300,-328.205444
923.885986,-471.714722,641.357300,-328.205444
923.968628,-471.768616,641.357300,-328.205444
924.044067,-471.825989,641.357300,-328.205444
924.109131,-471.886169,641.357300,-328.205444
924.165161,-471.941650,641.357300,-328.205444
924.215088,-471.994873,641.357300,-328.205444
924.260803,-472.045898,641.357300,-328.205444
924.312256,-472.098724,641.357300,-328.205444
924.370911,-472.154633,641.357300,-328.205444
924.428528,-472.217651,641.357300,-328.205444
924.473877,-472.278442,641.357300,-328.205444
924.551941,-472.396423,641.357300,-328.205444
924.600708,-472.465546,641.357300,-328.205444
924.659363,-472.538818,641.357300,-328.205444
924.719116,-472.620636,641.357300,-328.205444
924.767761,-472.698486,641.357300,-328.205444
924.808838,-472.757050,641.357300,-328.205444
924.847839,-472.814056,641.357300,-328.205444
924.888733,-472.889252,641.357300,-328.205444
924.925293,-472.968628,641.357300,-328.205444
924.951477,-473.026947,641.357300,-328.205444
924.981384,-473.084747,641.357300,-328.205444
925.013672,-473.150177,641.357300,-328.205444
925.067261,-473.288971,641.357300,-328.205444
925.087769,-473.343994,641.357300,-328.205444
925.107727,-473.402710,641.357300,-328.205444
925.132996,-473.470764,641.357300,-328.205444
925.160950,-473.543091,641.357300,-328.205444
925.193970,-473.610626,641.357300,-328.205444
925.233154,-473.672424,641.357300,-328.205444
925.277039,-473.735260,641.357300,-328.205444
925.321716,-473.802246,641.357300,-328.205444
925.370117,-473.871826,641.357300,-328.205444
925.413696,-473.937378,641.357300,-328.205444
925.436340,-474.029968,641.357300,-328.205444
925.446716,-474.071503,641.357300,-328.205444
925.461548,-474.112610,641.357300,-328.205444
925.476196,-474.152283,641.357300,-328.205444
925.490417,-474.192383,641.357300,-328.205444
925.506714,-474.236450,641.357300,-328.205444
925.522400,-474.280243,641.357300,-328.205444
925.535461,-474.323059,641.357300,-328.205444
925.544128,-474.365601,641.357300,-328.205444
925.551331,-474.406952,641.357300,-328.205444
925.560242,-474.450195,641.357300,-328.205444
925.566895,-474.494598,641.357300,-328.205444
925.575317,-474.548157,641.357300,-328.205444
925.574768,-474.555206,641.357300,-328.205444
925.572998,-474.555908,641.357300,-328.205444
925.573669,-474.559418,641.357300,-328.205444
925.568787,-474.570221,641.357300,-328.205444
925.564331,-474.589722,641.357300,-328.205444
925.560547,-474.612732,641.357300,-328.205444
925.557739,-474.634125,641.357300,-328.205444
925.556396,-474.653381,641.357300,-328.205444
925.569275,-474.680847,641.357300,-328.205444
925.580139,-474.694489,641.357300,-328.205444
925.591125,-474.705536,641.357300,-328.205444
925.597778,-474.713776,641.357300,-328.205444
925.594360,-474.719177,641.357300,-328.205444
925.589478,-474.723389,641.357300,-328.205444
925.581726,-474.725952,641.357300,-328.205444
925.565918,-474.738464,641.357300,-328.205444
925.558533,-474.759460,641.357300,-328.205444
925.549011,-474.786530,641.357300,-328.205444
925.545898,-474.795319,641.357300,-328.205444
925.546875,-474.792603,641.357300,-328.205444
925.546753,-474.791901,641.357300,-328.205444
925.543335,-474.776855,641.357300,-328.205444
925.541321,-474.769562,641.357300,-328.205444
925.541077,-474.770233,641.357300,-328.205444
925.540344,-474.772278,641.357300,-328.205444
925.538574,-474.772980,641.357300,-328.205444
925.538086,-474.774323,641.357300,-328.205444
925.537354,-474.776367,641.357300,-328.205444
925.532532,-474.789917,641.357300,-328.205444
925.519226,-474.827820,641.357300,-328.205444
925.492676,-474.903687,641.357300,-328.205444
925.452881,-475.018250,641.357300,-328.205444
925.441528,-475.050781,641.357300,-328.205444
925.441772,-475.050110,641.357300,-328.205444
925.438232,-475.060272,641.357300,-328.205444
925.433472,-475.073822,641.357300,-328.205444
925.429443,-475.085327,641.357300,-328.205444
925.425171,-475.097534,641.357300,-328.205444
925.409424,-475.091400,641.357300,-328.205444
925.399109,-475.087158,641.357300,-328.205444
925.388123,-475.082703,641.357300,-328.205444
925.382935,-475.097626,641.357300,-328.205444
925.355835,-475.103668,641.357300,-328.205444
925.329346,-475.091309,641.357300,-328.205444
925.300232,-475.072144,641.357300,-328.205444
925.264648,-475.029785,641.357300,-328.205444
925.222046,-474.967987,641.357300,-328.205444
925.171082,-474.902771,641.357300,-328.205444
925.073303,-474.849121,641.357300,-328.205444
925.009766,-474.830933,641.357300,-328.205444
924.983276,-474.912872,641.357300,-328.205444
924.931763,-474.898376,641.357300,-328.205444
924.868469,-474.891479,641.357300,-328.205444
924.793457,-474.875366,641.357300,-328.205444
924.637573,-474.935028,641.357300,-328.205444
924.507263,-474.898773,641.357300,-328.205444
924.399841,-474.868500,641.357300,-328.205444
924.293701,-474.839142,641.357300,-328.205444
924.172180,-474.806183,641.357300,-328.205444
924.130371,-474.961395,641.357300,-328.205444
923.894775,-475.089447,641.357300,-328.205444
923.746643,-475.053314,641.357300,-328.205444
923.614502,-475.022675,641.357300,-328.205444
923.577515,-475.181305,641.357300,-328.205444
923.426147,-475.138306,641.357300,-328.205444
923.053345,-475.016632,641.357300,-328.205444
922.893616,-474.981140,641.357300,-328.205444
922.692627,-474.941437,641.357300,-328.205444
922.463440,-474.894257,641.357300,-328.205444
922.207336,-474.842255,641.357300,-328.205444
921.927185,-474.776337,641.357300,-328.205444
921.235107,-474.623962,641.357300,-328.205444
920.918823,-474.591553,641.357300,-328.205444
920.647278,-474.568939,641.357300,-328.205444
920.433044,-474.544647,641.357300,-328.205444
920.217651,-474.503265,641.357300,-328.205444
919.941956,-474.445343,641.357300,-328.205444
919.468262,-474.370453,641.357300,-328.205444
919.227112,-474.357758,641.357300,-328.205444
918.955261,-474.334198,641.357300,-328.205444
918.684570,-474.324219,641.357300,-328.205444
918.160950,-474.291901,641.357300,-328.205444
917.902893,-474.300751,641.357300,-328.205444
917.617432,-474.324463,641.357300,-328.205444
917.321960,-474.360626,641.357300,-328.205444
917.055725,-474.392181,641.357300,-328.205444
916.422791,-474.380005,641.357300,-328.205444
916.058960,-474.377563,641.357300,-328.205444
915.690002,-474.387970,641.357300,-328.205444
915.353210,-474.398041,641.357300,-328.205444
915.005371,-474.423462,641.357300,-328.205444
914.713135,-474.454407,641.357300,-328.205444
914.141418,-474.497101,641.357300,-328.205444
913.831970,-474.529175,641.357300,-328.205444
913.872192,-474.835815,641.357300,-328.205444
913.539490,-474.886505,641.357300,-328.205444
913.235901,-474.923187,641.357300,-328.205444
912.939148,-474.957581,641.357300,-328.205444
912.363464,-475.064880,641.357300,-328.205444
912.031616,-475.155090,641.357300,-328.205444
912.409912,-475.084869,641.357300,-328.205444
912.483887,-475.503998,641.357300,-328.205444
912.226074,-475.841980,641.357300,-328.205444
911.569153,-475.977539,641.357300,-328.205444
911.234680,-475.963470,641.357300,-328.205444
910.930054,-475.934265,641.357300,-328.205444
910.609009,-475.902618,641.357300,-328.205444
910.325378,-475.862915,641.357300,-328.205444
909.749207,-475.776062,641.357300,-328.205444
909.425659,-475.723175,641.357300,-328.205444
909.114868,-475.667297,641.357300,-328.205444
908.797302,-475.620850,641.357300,-328.205444
908.507507,-475.613068,641.357300,-328.205444
907.905090,-475.636322,641.357300,-328.205444
907.588745,-475.672241,641.357300,-328.205444
907.305115,-475.717682,641.357300,-328.205444
907.014099,-475.761597,641.357300,-328.205444
906.404114,-475.834442,641.357300,-328.205444
906.078552,-475.851410,641.357300,-328.205444
905.756531,-475.800873,641.357300,-328.205444
905.445374,-475.762238,641.357300,-328.205444
905.129272,-475.714233,641.357300,-328.205444
904.556335,-475.661835,641.357300,-328.205444
904.272156,-475.700958,641.357300,-328.205444
904.008606,-475.754395,641.357300,-328.205444
903.734436,-475.814209,641.357300,-328.205444
903.191406,-475.888031,641.357300,-328.205444
902.879578,-475.911377,641.357300,-328.205444
902.555664,-475.946564,641.357300,-328.205444
902.226563,-475.997620,641.357300,-328.205444
901.739258,-476.086761,641.357300,-328.205444
901.787109,-476.363953,641.357300,-328.205444
901.513916,-476.409729,641.357300,-328.205444
901.229858,-476.484344,641.357300,-328.205444
900.576538,-476.623505,641.357300,-328.205444
900.282349,-476.598175,641.357300,-328.205444
900.019653,-476.589386,641.357300,-328.205444
899.753601,-476.621307,641.357300,-328.205444
899.206421,-476.817780,641.357300,-328.205444
898.935547,-476.961243,641.357300,-328.205444
898.715027,-477.042267,641.357300,-328.205444
898.490417,-477.102234,641.357300,-328.205444
897.968384,-477.209259,641.357300,-328.205444
897.703613,-477.306244,641.357300,-328.205444
897.448059,-477.434265,641.357300,-328.205444
897.167480,-477.583496,641.357300,-328.205444
896.591125,-477.904846,641.357300,-328.205444
896.319153,-478.013306,641.357300,-328.205444
896.047791,-478.071960,641.357300,-328.205444
895.788757,-478.136139,641.357300,-328.205444
895.307983,-478.351807,641.357300,-328.205444
895.069946,-478.472656,641.357300,-328.205444
894.823486,-478.576477,641.357300,-328.205444
894.590881,-478.685760,641.357300,-328.205444
894.364014,-478.778259,641.357300,-328.205444
894.095886,-478.852661,641.357300,-328.205444
894.146301,-478.827484,641.357300,-328.205444
894.025818,-478.897217,641.357300,-328.205444
893.980591,-478.880615,641.357300,-328.205444
893.842712,-478.908875,641.357300,-328.205444
893.608276,-479.013031,641.357300,-328.205444
893.597961,-479.049164,641.357300,-328.205444
893.600647,-479.078156,641.357300,-328.205444
893.574829,-479.106659,641.357300,-328.205444
893.468750,-479.145569,641.357300,-328.205444
893.346924,-479.190033,641.357300,-328.205444
893.278931,-479.159760,641.357300,-328.205444
893.276733,-479.139740,641.357300,-328.205444
893.271790,-479.153290,641.357300,-328.205444
893.264038,-479.171661,641.357300,-328.205444
893.255554,-479.188263,641.357300,-328.205444
893.261658,-479.186493,641.357300,-328.205444
893.277954,-479.166199,641.357300,-328.205444
893.279480,-479.182281,641.357300,-328.205444
893.280579,-479.202332,641.357300,-328.205444
893.281555,-479.220245,641.357300,-328.205444
893.292419,-479.225037,641.357300,-328.205444
893.348083,-479.217743,641.357300,-328.205444
893.365417,-479.227234,641.357300,-328.205444
893.399719,-479.217499,641.357300,-328.205444
893.434814,-479.210968,641.357300,-328.205444
893.466980,-479.207123,641.357300,-328.205444
893.544067,-479.193359,641.357300,-328.205444
893.594849,-479.176697,641.357300,-328.205444
893.653442,-479.143127,641.357300,-328.205444
893.733093,-479.093811,641.357300,-328.205444
893.835144,-479.031647,641.357300,-328.205444
893.930786,-478.989288,641.357300,-328.205444
894.036621,-478.964752,641.357300,-328.205444
894.109375,-478.937317,641.357300,-328.205444
894.192810,-478.897308,641.357300,-328.205444
894.284058,-478.848877,641.357300,-328.205444
894.371765,-478.804352,641.357300,-328.205444
894.526306,-478.731934,641.357300,-328.205444
894.615906,-478.699249,641.357300,-328.205444
894.710510,-478.665863,641.357300,-328.205444
894.800903,-478.614197,641.357300,-328.205444
894.885803,-478.562500,641.357300,-328.205444
894.991211,-478.506500,641.357300,-328.205444
895.169800,-478.410736,641.357300,-328.205444
895.263550,-478.372986,641.357300,-328.205444
895.369141,-478.332794,641.357300,-328.205444
895.469299,-478.295441,641.357300,-328.205444
895.571289,-478.250793,641.357300,-328.205444
895.678345,-478.202789,641.357300,-328.205444
895.867310,-478.110931,641.357300,-328.205444
895.807983,-478.008484,641.357300,-328.205444
895.895691,-477.955109,641.357300,-328.205444
895.977905,-477.905151,641.357300,-328.205444
896.068848,-477.861877,641.357300,-328.205444
896.233459,-477.803772,641.357300,-328.205444
896.322693,-477.776520,641.357300,-328.205444
896.410156,-477.746185,641.357300,-328.205444
896.484802,-477.703247,641.357300,-328.205444
896.552612,-477.664215,641.357300,-328.205444
896.604004,-477.639252,641.357300,-328.205444
896.635437,-477.616821,641.357300,-328.205444
896.631287,-477.609283,641.357300,-328.205444
896.648804,-477.603851,641.357300,-328.205444
896.687622,-477.588104,641.357300,-328.205444
896.745850,-477.567444,641.357300,-328.205444
896.812866,-477.544922,641.357300,-328.205444
896.909668,-477.499146,641.357300,-328.205444
896.936951,-477.477936,641.357300,-328.205444
896.949707,-477.464600,641.357300,-328.205444
896.958679,-477.452606,641.357300,-328.205444
896.991028,-477.428680,641.357300,-328.205444
896.996582,-477.366608,641.357300,-328.205444
897.021912,-477.350861,641.357300,-328.205444
897.049133,-477.334839,641.357300,-328.205444
897.073914,-477.319519,641.357300,-328.205444
897.089783,-477.310364,641.357300,-328.205444
897.086060,-477.303406,641.357300,-328.205444
897.095520,-477.315247,641.357300,-328.205444
897.123352,-477.334290,641.357300,-328.205444
897.160095,-477.378845,641.357300,-328.205444
897.178894,-477.450348,641.357300,-328.205444
897.182495,-477.526276,641.357300,-328.205444
897.192444,-477.541412,641.357300,-328.205444
897.216919,-477.551666,641.357300,-328.205444
897.223511,-477.558716,641.357300,-328.205444
897.227417,-477.571411,641.357300,-328.205444
897.234619,-477.596436,641.357300,-328.205444
897.250366,-477.628204,641.357300,-328.205444
897.296814,-477.691437,641.357300,-328.205444
897.329834,-477.730133,641.357300,-328.205444
897.367798,-477.771820,641.357300,-328.205444
897.403259,-477.815552,641.357300,-328.205444
897.440979,-477.867218,641.357300,-328.205444
897.478577,-477.923187,641.357300,-328.205444
897.594849,-478.065826,641.357300,-328.205444
897.702698,-478.207306,641.357300,-328.205444
897.868408,-478.415527,641.357300,-328.205444
898.074829,-478.660095,641.357300,-328.205444
898.218262,-478.846436,641.357300,-328.205444
898.330933,-478.978851,641.357300,-328.205444
898.419006,-479.104889,641.357300,-328.205444
898.517273,-479.259338,641.357300,-328.205444
898.596436,-479.410126,641.357300,-328.205444
898.707397,-479.624268,641.357300,-328.205444
899.037170,-480.200989,641.357300,-328.205444
899.322327,-480.643219,641.357300,-328.205444
899.634644,-481.132904,641.357300,-328.205444
899.967773,-481.519989,641.357300,-328.205444
900.764282,-482.231934,641.357300,-328.205444
901.023010,-482.565918,641.357300,-328.205444
901.221497,-482.978943,641.357300,-328.205444
901.381958,-483.467194,641.357300,-328.205444
901.520752,-484.238159,641.357300,-328.205444
901.590027,-484.535736,641.357300,-328.205444
901.676880,-484.881592,641.357300,-328.205444
901.768921,-485.256897,641.357300,-328.205444
902.020081,-485.993225,641.357300,-328.205444
902.221436,-486.338593,641.357300,-328.205444
902.461304,-486.576904,641.357300,-328.205444
902.692688,-486.837585,641.357300,-328.205444
902.886230,-487.085205,641.357300,-328.205444
903.027588,-487.299835,641.357300,-328.205444
903.253723,-487.811707,641.357300,-328.205444
903.356384,-488.104065,641.357300,-328.205444
903.463135,-488.470032,641.357300,-328.205444
903.569336,-488.919586,641.357300,-328.205444
903.680847,-489.400665,641.357300,-328.205444
903.752319,-489.952820,641.357300,-328.205444
903.942322,-491.136078,641.357300,-328.205444
904.056824,-491.733978,641.357300,-328.205444
904.138489,-492.300812,641.357300,-328.205444
904.259094,-492.825592,641.357300,-328.205444
904.419250,-493.064911,641.357300,-328.205444
904.600708,-493.069641,641.357300,-328.205444
905.122253,-493.244995,641.357300,-328.205444
905.373352,-493.508789,641.357300,-328.205444
905.593201,-493.817749,641.357300,-328.205444
905.758484,-493.972595,641.357300,-328.205444
906.120605,-494.346313,641.357300,-328.205444
906.354370,-494.602173,641.357300,-328.205444
906.590332,-494.913544,641.357300,-328.205444
906.779968,-495.296906,641.357300,-328.205444
907.155823,-496.286743,641.357300,-328.205444
907.374268,-496.894745,641.357300,-328.205444
907.636902,-497.558563,641.357300,-328.205444
908.199524,-498.953888,641.357300,-328.205444
908.408325,-499.589508,641.357300,-328.205444
908.573547,-500.007874,641.357300,-328.205444
908.751465,-500.139709,641.357300,-328.205444
909.228943,-500.383118,641.357300,-328.205444
909.515564,-500.694336,641.357300,-328.205444
909.784363,-500.929840,641.357300,-328.205444
910.067383,-501.195923,641.357300,-328.205444
910.349670,-501.389557,641.357300,-328.205444
910.781433,-501.672424,641.357300,-328.205444
910.951355,-501.861969,641.357300,-328.205444
911.142395,-502.124512,641.357300,-328.205444
911.338440,-502.483704,641.357300,-328.205444
911.545471,-502.899689,641.357300,-328.205444
911.742798,-503.296234,641.357300,-328.205444
911.950317,-503.574188,641.357300,-328.205444
912.198242,-503.837616,641.357300,-328.205444
912.454407,-504.075470,641.357300,-328.205444
912.709106,-504.326416,641.357300,-328.205444
913.185242,-504.882446,641.357300,-328.205444
913.459412,-505.120789,641.357300,-328.205444
913.750244,-505.392029,641.357300,-328.205444
913.927124,-505.671478,641.357300,-328.205444
914.078491,-505.933472,641.357300,-328.205444
914.277588,-506.268341,641.357300,-328.205444
914.441284,-506.596924,641.357300,-328.205444
914.604187,-506.877808,641.357300,-328.205444
914.781494,-507.113037,641.357300,-328.205444
915.184387,-507.621124,641.357300,-328.205444
915.454285,-507.930756,641.357300,-328.205444
915.732117,-508.198029,641.357300,-328.205444
916.099365,-508.528656,641.357300,-328.205444
916.526184,-508.943512,641.357300,-328.205444
916.973389,-509.406860,641.357300,-328.205444
917.471802,-509.849457,641.357300,-328.205444
917.866211,-510.156403,641.357300,-328.205444
918.144104,-510.464081,641.357300,-328.205444
918.399963,-511.072815,641.357300,-328.205444
918.567871,-511.473969,641.357300,-328.205444
918.746399,-511.859497,641.357300,-328.205444
918.940552,-512.196899,641.357300,-328.205444
919.152039,-512.531738,641.357300,-328.205444
919.378967,-512.975647,641.357300,-328.205444
919.596558,-513.448303,641.357300,-328.205444
919.773315,-513.777405,641.357300,-328.205444
919.958862,-514.046631,641.357300,-328.205444
920.163208,-514.348206,641.357300,-328.205444
920.353943,-514.660400,641.357300,-328.205444
920.559143,-515.009521,641.357300,-328.205444
921.154785,-515.864807,641.357300,-328.205444
921.525696,-516.366577,641.357300,-328.205444
921.946045,-516.929993,641.357300,-328.205444
922.331665,-517.461731,641.357300,-328.205444
922.584778,-517.842224,641.357300,-328.205444
922.725647,-518.160400,641.357300,-328.205444
922.911255,-518.518494,641.357300,-328.205444
923.098022,-518.882507,641.357300,-328.205444
923.328857,-519.209412,641.357300,-328.205444
923.584961,-519.594543,641.357300,-328.205444
923.883362,-520.028137,641.357300,-328.205444
924.616760,-520.969543,641.357300,-328.205444
925.008301,-521.411438,641.357300,-328.205444
925.427307,-521.865295,641.357300,-328.205444
925.749268,-522.254517,641.357300,-328.205444
925.929932,-522.564636,641.357300,-328.205444
926.091858,-522.910095,641.357300,-328.205444
926.330139,-523.313232,641.357300,-328.205444
926.578857,-523.790894,641.357300,-328.205444
926.828430,-524.279053,641.357300,-328.205444
927.036011,-524.805542,641.357300,-328.205444
927.248474,-525.336670,641.357300,-328.205444
927.466064,-525.908997,641.357300,-328.205444
927.673340,-526.491821,641.357300,-328.205444
927.908936,-527.093262,641.357300,-328.205444
928.153870,-527.644592,641.357300,-328.205444
928.400024,-528.136353,641.357300,-328.205444
928.646851,-528.508789,641.357300,-328.205444
928.923340,-528.826416,641.357300,-328.205444
929.184937,-529.165466,641.357300,-328.205444
929.462708,-529.525024,929.462708,-529.525024
929.740112,-529.881836,929.462708,-529.525024
930.038635,-530.248901,929.462708,-529.525024
930.282349,-530.536621,929.462708,-529.525024
930.390198,-530.628784,929.462708,-529.525024
930.294983,-530.608765,929.462708,-529.525024
930.369507,-530.639893,929.462708,-529.525024
930.265503,-530.489685,929.462708,-529.525024
930.115234,-530.178040,929.462708,-529.525024
929.848877,-529.688660,929.462708,-529.525024
929.685486,-529.305969,929.462708,-529.525024
929.833069,-529.387451,929.462708,-529.525024
929.962280,-529.601563,929.462708,-529.525024
929.955078,-529.616699,929.462708,-529.525024
929.791748,-529.499878,929.462708,-529.525024
929.528564,-529.258911,929.462708,-529.525024
929.270386,-528.907227,929.462708,-529.525024
929.162231,-528.557373,929.462708,-529.525024
929.263794,-528.099243,929.462708,-529.525024
929.282166,-528.067200,929.462708,-529.525024
929.191040,-527.999023,929.462708,-529.525024
929.039063,-527.850647,929.462708,-529.525024
928.975647,-527.687622,929.462708,-529.525024
928.961548,-527.547546,929.462708,-529.525024
928.931702,-527.404358,929.462708,-529.525024
928.875610,-527.231873,929.462708,-529.525024
928.754456,-526.924011,929.462708,-529.525024
928.565979,-526.448242,929.462708,-529.525024
928.301147,-525.824768,929.462708,-529.525024
927.949707,-525.062500,929.462708,-529.525024
927.494690,-524.171143,929.462708,-529.525024
926.947876,-523.200867,929.462708,-529.525024
926.258850,-522.132996,929.462708,-529.525024
925.515015,-521.071838,929.462708,-529.525024
924.727661,-520.082825,929.462708,-529.525024
923.898010,-519.024780,929.462708,-529.525024
923.029419,-517.954590,929.462708,-529.525024
922.345215,-517.006897,929.462708,-529.525024
921.944092,-516.531372,929.462708,-529.525024
921.737610,-516.311646,929.462708,-529.525024
921.621033,-516.277771,929.462708,-529.525024
921.477173,-516.244568,929.462708,-529.525024
921.295532,-516.158508,929.462708,-529.525024
921.118042,-516.065918,929.462708,-529.525024
921.001709,-515.980530,929.462708,-529.525024
920.954285,-515.982544,929.462708,-529.525024
920.894470,-515.968933,929.462708,-529.525024
920.840332,-515.912720,929.462708,-529.525024
920.765747,-515.814819,929.462708,-529.525024
920.680725,-515.679260,929.462708,-529.525024
920.573853,-515.488892,929.462708,-529.525024
920.361206,-515.137512,929.462708,-529.525024
919.973755,-514.570313,929.462708,-529.525024
919.450745,-513.831543,929.462708,-529.525024
918.776917,-512.918091,929.462708,-529.525024
917.956482,-511.816467,929.462708,-529.525024
917.074768,-510.631195,929.462708,-529.525024
916.283630,-509.497253,929.462708,-529.525024
915.878540,-508.881104,929.462708,-529.525024
915.749695,-508.750061,929.462708,-529.525024
915.583618,-508.690063,929.462708,-529.525024
915.368652,-508.508362,929.462708,-529.525024
915.116516,-508.309052,929.462708,-529.525024
914.816650,-508.040619,929.462708,-529.525024
914.482544,-507.745239,929.462708,-529.525024
914.198792,-507.496857,929.462708,-529.525024
914.090149,-507.355133,929.462708,-529.525024
914.121338,-507.127045,929.462708,-529.525024
914.081726,-506.909210,929.462708,-529.525024
914.043640,-506.696442,929.462708,-529.525024
913.944092,-506.586945,929.462708,-529.525024
913.746643,-506.466431,929.462708,-529.525024
913.517090,-506.318115,929.462708,-529.525024
913.171570,-506.112610,929.462708,-529.525024
913.171570,-506.112610,929.462708,-529.525024
912.688721,-505.889282,929.462708,-529.525024
912.117676,-505.668915,929.462708,-529.525024
911.502563,-505.465424,929.462708,-529.525024
910.825073,-505.230591,929.462708,-529.525024
910.126953,-505.018768,929.462708,-529.525024
909.440918,-504.843597,929.462708,-529.525024
908.791199,-504.679688,929.462708,-529.525024
908.242859,-504.601715,929.462708,-529.525024
907.781067,-504.396057,929.462708,-529.525024
907.308105,-504.235138,929.462708,-529.525024
907.031921,-504.039032,929.462708,-529.525024
907.010498,-503.763031,929.462708,-529.525024
907.128052,-503.564392,929.462708,-529.525024
907.322021,-503.458313,929.462708,-529.525024
907.598938,-503.337646,929.462708,-529.525024
907.951477,-503.237579,929.462708,-529.525024
908.430603,-503.179260,929.462708,-529.525024
908.911926,-503.155823,929.462708,-529.525024
909.212524,-503.141541,929.462708,-529.525024
909.162842,-503.169250,929.462708,-529.525024
908.974304,-503.260071,929.462708,-529.525024
908.796753,-503.378052,929.462708,-529.525024
908.706116,-503.541962,929.462708,-529.525024
908.706116,-503.541962,929.462708,-529.525024
908.628357,-503.673553,929.462708,-529.525024
908.646423,-503.795502,929.462708,-529.525024
908.671204,-503.912201,929.462708,-529.525024
908.662048,-504.063599,929.462708,-529.525024
908.698120,-504.110931,929.462708,-529.525024
908.745361,-504.081848,929.462708,-529.525024
908.805725,-504.026550,929.462708,-529.525024
908.838196,-503.961975,929.462708,-529.525024
908.841125,-503.906860,929.462708,-529.525024
908.872192,-503.840912,929.462708,-529.525024
908.918518,-503.794769,929.462708,-529.525024
908.954468,-503.739899,929.462708,-529.525024
908.945007,-503.722473,929.462708,-529.525024
908.891174,-503.759369,929.462708,-529.525024
908.838745,-503.770050,929.462708,-529.525024
908.838074,-503.684662,929.462708,-529.525024
908.962341,-503.655243,929.462708,-529.525024
909.086426,-503.600830,929.462708,-529.525024
909.202026,-503.527374,929.462708,-529.525024
909.318665,-503.438629,929.462708,-529.525024
909.396362,-503.384857,929.462708,-529.525024
909.413513,-503.370697,929.462708,-529.525024
909.401794,-503.390015,929.462708,-529.525024
909.392090,-503.403809,929.462708,-529.525024
909.402588,-503.421814,929.462708,-529.525024
909.445984,-503.441711,929.462708,-529.525024
909.501465,-503.476105,929.462708,-529.525024
909.541565,-503.515808,929.462708,-529.525024
909.579712,-503.558502,929.462708,-529.525024
909.622559,-503.593964,929.462708,-529.525024
909.657349,-503.620209,929.462708,-529.525024
909.685974,-503.642334,929.462708,-529.525024
909.718506,-503.672089,929.462708,-529.525024
909.750488,-503.714172,929.462708,-529.525024
909.778687,-503.760986,929.462708,-529.525024
909.806824,-503.803375,929.462708,-529.525024
909.840881,-503.828552,929.462708,-529.525024
909.870728,-503.853455,929.462708,-529.525024
909.890747,-503.872955,929.462708,-529.525024
909.902710,-503.879669,929.462708,-529.525024
909.903015,-503.871796,929.462708,-529.525024
909.909241,-503.859589,929.462708,-529.525024
909.935791,-503.813995,929.462708,-529.525024
909.968567,-503.801575,929.462708,-529.525024
910.006531,-503.804230,929.462708,-529.525024
910.008911,-503.807434,929.462708,-529.525024
910.005127,-503.813507,929.462708,-529.525024
910.001343,-503.819580,929.462708,-529.525024
910.003174,-503.829590,929.462708,-529.525024
910.004150,-503.842072,929.462708,-529.525024
909.998108,-503.850555,929.462708,-529.525024
909.982544,-503.854309,929.462708,-529.525024
909.970276,-503.855042,929.462708,-529.525024
909.955994,-503.853180,929.462708,-529.525024
909.940308,-503.843109,929.462708,-529.525024
909.924072,-503.830475,929.462708,-529.525024
909.917419,-503.833862,929.462708,-529.525024
909.908325,-503.842072,929.462708,-529.525024
909.892578,-503.846771,929.462708,-529.525024
909.873840,-503.853699,929.462708,-529.525024
909.861084,-503.861603,929.462708,-529.525024
909.857788,-503.857635,929.462708,-529.525024
909.851868,-503.855316,929.462708,-529.525024
909.851685,-503.857788,929.462708,-529.525024
909.856567,-503.859467,929.462708,-529.525024
909.848816,-503.857513,929.462708,-529.525024
909.829102,-503.856262,929.462708,-529.525024
909.812988,-503.855255,929.462708,-529.525024
909.805176,-503.860657,929.462708,-529.525024
909.799805,-503.870056,929.462708,-529.525024
909.796814,-503.877197,929.462708,-529.525024
909.798950,-503.880585,929.462708,-529.525024
909.797302,-503.884766,929.462708,-529.525024
909.816162,-503.916229,929.462708,-529.525024
909.833618,-503.948273,929.462708,-529.525024
909.846375,-503.984131,929.462708,-529.525024
909.853760,-504.013580,929.462708,-529.525024
909.857117,-504.031128,929.462708,-529.525024
909.860474,-504.032928,929.462708,-529.525024
909.861206,-504.022339,929.462708,-529.525024
909.848267,-503.988495,929.462708,-529.525024
909.829224,-503.938934,929.462708,-529.525024
909.810120,-503.886719,929.462708,-529.525024
909.801819,-503.868713,929.462708,-529.525024
909.804688,-503.882538,929.462708,-529.525024
909.810303,-503.910217,929.462708,-529.525024
909.816101,-503.948059,929.462708,-529.525024
909.821106,-503.985779,929.462708,-529.525024
909.822998,-504.016571,929.462708,-529.525024
909.820251,-504.033752,929.462708,-529.525024
909.813477,-504.029175,929.462708,-529.525024
909.803650,-504.011261,929.462708,-529.525024
909.776733,-503.944550,929.462708,-529.525024
909.767212,-503.917084,929.462708,-529.525024
909.765686,-503.912292,929.462708,-529.525024
909.769409,-503.925812,929.462708,-529.525024
909.778198,-503.953125,929.462708,-529.525024
909.786499,-503.980988,929.462708,-529.525024
909.788879,-503.990387,929.462708,-529.525024
909.786621,-503.987335,929.462708,-529.525024
909.780518,-503.968201,929.462708,-529.525024
909.774536,-503.945251,929.462708,-529.525024
909.768738,-503.924896,929.462708,-529.525024
909.769653,-503.925720,929.462708,-529.525024
909.770996,-503.927917,929.462708,-529.525024
909.772522,-503.932709,929.462708,-529.525024
909.774048,-503.930725,929.462708,-529.525024
909.774902,-503.933472,929.462708,-529.525024
909.775269,-503.936737,929.462708,-529.525024
909.774963,-503.939850,929.462708,-529.525024
909.773071,-503.940063,929.462708,-529.525024
909.772766,-503.941467,929.462708,-529.525024
909.773193,-503.942841,929.462708,-529.525024
909.774780,-503.943848,929.462708,-529.525024
909.778198,-503.946533,929.462708,-529.525024
909.788757,-503.947021,929.462708,-529.525024
909.820618,-503.949249,929.462708,-529.525024
909.886902,-503.955841,929.462708,-529.525024
909.948669,-503.925873,929.462708,-529.525024
909.939941,-503.920593,929.462708,-529.525024
909.937073,-503.917328,929.462708,-529.525024
909.925415,-503.915070,929.462708,-529.525024
909.916504,-503.929474,929.462708,-529.525024
909.914490,-503.931519,929.462708,-529.525024
909.918396,-503.951263,929.462708,-529.525024
909.922852,-503.991943,929.462708,-529.525024
909.919250,-504.027832,929.462708,-529.525024
909.926880,-504.033447,929.462708,-529.525024
909.945374,-504.051910,929.462708,-529.525024
909.918518,-504.111694,929.462708,-529.525024
909.847229,-504.217438,929.462708,-529.525024
909.792969,-504.444519,929.462708,-529.525024
909.796387,-504.639099,929.462708,-529.525024
909.806030,-504.780273,929.462708,-529.525024
909.768188,-504.838074,929.462708,-529.525024
909.663757,-504.878815,929.462708,-529.525024
909.543396,-505.025696,929.462708,-529.525024
909.389893,-505.183990,929.462708,-529.525024
909.310608,-505.322632,929.462708,-529.525024
909.281555,-505.468689,929.462708,-529.525024
909.154968,-505.800690,929.462708,-529.525024
908.938171,-506.001678,929.462708,-529.525024
908.657104,-506.225372,929.462708,-529.525024
908.299438,-506.485046,929.462708,-529.525024
907.972595,-506.707947,929.462708,-529.525024
907.730591,-506.858795,929.462708,-529.525024
907.601135,-506.957031,929.462708,-529.525024
907.491455,-507.069489,929.462708,-529.525024
907.328735,-507.219635,929.462708,-529.525024
907.157654,-507.384338,929.462708,-529.525024
906.900269,-507.575867,929.462708,-529.525024
906.552490,-508.087463,929.462708,-529.525024
906.459412,-508.408234,929.462708,-529.525024
906.299133,-508.705841,929.462708,-529.525024
906.122864,-508.936432,929.462708,-529.525024
905.909912,-509.195038,929.462708,-529.525024
905.653442,-509.502136,929.462708,-529.525024
905.361389,-509.903107,929.462708,-529.525024
905.005310,-510.393005,929.462708,-529.525024
904.522949,-510.961029,929.462708,-529.525024
904.027649,-511.543732,929.462708,-529.525024
903.643188,-511.972870,929.462708,-529.525024
902.991089,-512.330872,929.462708,-529.525024
902.733948,-512.509705,929.462708,-529.525024
902.545227,-512.726013,929.462708,-529.525024
902.311768,-512.999207,929.462708,-529.525024
902.058228,-513.308899,929.462708,-529.525024
901.691895,-513.647339,929.462708,-529.525024
901.243164,-513.978210,929.462708,-529.525024
900.713196,-514.311340,929.462708,-529.525024
900.242432,-514.607727,929.462708,-529.525024
899.887085,-514.844849,929.462708,-529.525024
899.334351,-515.268738,929.462708,-529.525024
898.910095,-515.508484,929.462708,-529.525024
898.521301,-515.725952,929.462708,-529.525024
898.124756,-515.952759,929.462708,-529.525024
897.789490,-516.207092,929.462708,-529.525024
897.404907,-516.496948,929.462708,-529.525024
896.864929,-516.838440,929.462708,-529.525024
896.197266,-517.180847,929.462708,-529.525024
895.420837,-517.556702,929.462708,-529.525024
893.660461,-518.230103,929.462708,-529.525024
892.838379,-518.323364,929.462708,-529.525024
892.245667,-518.372681,929.462708,-529.525024
891.686401,-518.497192,929.462708,-529.525024
891.032654,-518.626648,929.462708,-529.525024
890.300171,-518.711304,929.462708,-529.525024
889.579102,-518.784973,929.462708,-529.525024
888.945740,-518.891968,929.462708,-529.525024
888.375732,-519.024170,929.462708,-529.525024
887.149780,-519.349854,929.462708,-529.525024
886.824707,-519.590393,929.462708,-529.525024
886.535278,-519.885925,929.462708,-529.525024
886.120544,-520.211853,929.462708,-529.525024
885.612610,-520.549377,929.462708,-529.525024
885.026550,-520.817444,929.462708,-529.525024
884.412048,-520.970703,929.462708,-529.525024
883.680969,-521.155396,929.462708,-529.525024
882.992798,-521.328613,929.462708,-529.525024
881.636230,-521.528625,929.462708,-529.525024
880.876648,-521.520508,929.462708,-529.525024
880.233521,-521.626831,929.462708,-529.525024
879.675598,-521.700195,929.462708,-529.525024
879.034119,-521.769775,929.462708,-529.525024
878.340271,-521.824890,929.462708,-529.525024
877.901611,-521.953918,929.462708,-529.525024
877.613464,-522.123474,929.462708,-529.525024
877.246338,-522.282898,929.462708,-529.525024
876.244019,-522.635315,929.462708,-529.525024
875.624268,-522.790405,929.462708,-529.525024
874.907043,-522.927185,929.462708,-529.525024
874.121338,-523.090759,929.462708,-529.525024
873.244995,-523.135803,929.462708,-529.525024
872.264526,-523.075989,929.462708,-529.525024
871.223755,-522.926208,929.462708,-529.525024
870.209412,-522.842529,929.462708,-529.525024
869.173401,-522.732056,929.462708,-529.525024
867.979004,-522.658508,929.462708,-529.525024
867.590637,-522.578369,929.462708,-529.525024
867.118713,-522.444702,929.462708,-529.525024
866.574646,-522.367249,929.462708,-529.525024
866.057251,-522.411926,929.462708,-529.525024
865.685059,-522.565308,929.462708,-529.525024
865.243408,-522.776306,929.462708,-529.525024
864.685120,-522.999207,929.462708,-529.525024
864.088440,-523.119995,929.462708,-529.525024
863.370239,-523.241272,929.462708,-529.525024
861.759277,-523.503540,929.462708,-529.525024
861.092468,-523.626831,929.462708,-529.525024
860.632874,-523.672729,929.462708,-529.525024
860.181946,-523.635986,929.462708,-529.525024
859.682983,-523.651489,929.462708,-529.525024
859.218079,-523.693604,929.462708,-529.525024
858.771606,-523.730225,929.462708,-529.525024
858.248596,-523.770508,929.462708,-529.525024
857.707764,-523.829590,929.462708,-529.525024
856.451721,-523.917847,929.462708,-529.525024
855.820313,-523.880615,929.462708,-529.525024
855.149841,-523.795715,929.462708,-529.525024
854.514526,-523.710449,929.462708,-529.525024
853.836548,-523.622559,929.462708,-529.525024
853.102661,-523.559204,929.462708,-529.525024
852.357056,-523.546509,929.462708,-529.525024
851.626831,-523.589111,929.462708,-529.525024
850.853638,-523.707214,929.462708,-529.525024
848.949219,-523.944702,929.462708,-529.525024
848.017395,-524.119263,929.462708,-529.525024
847.150757,-524.314575,929.462708,-529.525024
846.212708,-524.511108,929.462708,-529.525024
845.263245,-524.687988,929.462708,-529.525024
844.244202,-524.794495,929.462708,-529.525024
843.301697,-524.875366,929.462708,-529.525024
842.430237,-524.987000,929.462708,-529.525024
841.671143,-525.017761,929.462708,-529.525024
840.472595,-524.637695,929.462708,-529.525024
839.826416,-524.334106,929.462708,-529.525024
839.119385,-524.003662,929.462708,-529.525024
838.362427,-523.725098,929.462708,-529.525024
837.709045,-523.533264,929.462708,-529.525024
837.090576,-523.357666,929.462708,-529.525024
836.521545,-523.197083,929.462708,-529.525024
835.889832,-523.044067,929.462708,-529.525024
835.208740,-522.900757,929.462708,-529.525024
833.655151,-522.604370,929.462708,-529.525024
832.739807,-522.465881,929.462708,-529.525024
831.942017,-522.368774,929.462708,-529.525024
831.276672,-522.306152,929.462708,-529.525024
830.642090,-522.226563,929.462708,-529.525024
829.911682,-522.152588,929.462708,-529.525024
829.091125,-522.038940,929.462708,-529.525024
828.211426,-521.904846,929.462708,-529.525024
827.335571,-521.729248,929.462708,-529.525024
825.979919,-521.334167,929.462708,-529.525024
825.337097,-521.145447,929.462708,-529.525024
824.686768,-520.949036,929.462708,-529.525024
824.022888,-520.778076,929.462708,-529.525024
823.326599,-520.622070,929.462708,-529.525024
822.629517,-520.466858,929.462708,-529.525024
821.902222,-520.333435,929.462708,-529.525024
821.183105,-520.205872,929.462708,-529.525024
819.827087,-519.981934,929.462708,-529.525024
819.149231,-519.915710,929.462708,-529.525024
818.438965,-519.870850,929.462708,-529.525024
817.720581,-519.873108,929.462708,-529.525024
816.918213,-519.849731,929.462708,-529.525024
816.072876,-519.841064,929.462708,-529.525024
815.171082,-519.843750,929.462708,-529.525024
814.252808,-519.845520,929.462708,-529.525024
813.376038,-519.836975,929.462708,-529.525024
811.850769,-519.668152,929.462708,-529.525024
811.000549,-519.561462,929.462708,-529.525024
810.101624,-519.415771,929.462708,-529.525024
809.288269,-519.201172,929.462708,-529.525024
808.434875,-518.945251,929.462708,-529.525024
807.505371,-518.673340,929.462708,-529.525024
806.580200,-518.422607,929.462708,-529.525024
805.749390,-518.206482,929.462708,-529.525024
804.937317,-518.023987,929.462708,-529.525024
803.245911,-517.687500,929.462708,-529.525024
802.482727,-517.665833,929.462708,-529.525024
801.675659,-517.661194,929.462708,-529.525024
800.796570,-517.670044,929.462708,-529.525024
799.843201,-517.678040,929.462708,-529.525024
798.832153,-517.653748,929.462708,-529.525024
797.931641,-517.673096,929.462708,-529.525024
797.132690,-517.634644,929.462708,-529.525024
796.489868,-517.500854,929.462708,-529.525024
794.927551,-517.079407,929.462708,-529.525024
794.014038,-516.862671,929.462708,-529.525024
793.047424,-516.605835,929.462708,-529.525024
792.044495,-516.320862,929.462708,-529.525024
790.994385,-515.969055,929.462708,-529.525024
789.938782,-515.636353,929.462708,-529.525024
788.839417,-515.281860,929.462708,-529.525024
787.802124,-514.959595,929.462708,-529.525024
786.788879,-514.616211,929.462708,-529.525024
784.961975,-514.035278,929.462708,-529.525024
784.331787,-513.987305,929.462708,-529.525024
783.618835,-513.979065,929.462708,-529.525024
782.824341,-513.970398,929.462708,-529.525024
781.986450,-513.979309,929.462708,-529.525024
781.151001,-514.025330,929.462708,-529.525024
780.294556,-514.062195,929.462708,-529.525024
779.449768,-514.120850,929.462708,-529.525024
778.603394,-514.163635,929.462708,-529.525024
776.791748,-514.159851,929.462708,-529.525024
775.845886,-514.054504,929.462708,-529.525024
774.980469,-513.834839,929.462708,-529.525024
774.171631,-513.545166,929.462708,-529.525024
773.325256,-513.223999,929.462708,-529.525024
772.425354,-512.922913,929.462708,-529.525024
771.502991,-512.649963,929.462708,-529.525024
770.572021,-512.426941,929.462708,-529.525024
769.617676,-512.214294,929.462708,-529.525024
768.111572,-511.929718,929.462708,-529.525024
767.501282,-511.901764,929.462708,-529.525024
766.850281,-511.867462,929.462708,-529.525024
766.174805,-511.846863,929.462708,-529.525024
765.429871,-511.843353,929.462708,-529.525024
764.655090,-511.863373,929.462708,-529.525024
763.857910,-511.908234,929.462708,-529.525024
763.012268,-511.940674,929.462708,-529.525024
762.200989,-511.968719,929.462708,-529.525024
760.850098,-511.799713,929.462708,-529.525024
760.087952,-511.678284,929.462708,-529.525024
759.265930,-511.558197,929.462708,-529.525024
758.458069,-511.405640,929.462708,-529.525024
757.661011,-511.226166,929.462708,-529.525024
756.809326,-511.052612,929.462708,-529.525024
756.005737,-510.909424,929.462708,-529.525024
755.384460,-510.820984,929.462708,-529.525024
754.770935,-510.774811,929.462708,-529.525024
753.426392,-510.708862,929.462708,-529.525024
752.695557,-510.686249,929.462708,-529.525024
751.937744,-510.721161,929.462708,-529.525024
751.115417,-510.768005,929.462708,-529.525024
750.285767,-510.815033,929.462708,-529.525024
749.494812,-510.812592,929.462708,-529.525024
748.688232,-510.767303,929.462708,-529.525024
747.866028,-510.680389,929.462708,-529.525024
747.043640,-510.555023,929.462708,-529.525024
745.390991,-510.227295,929.462708,-529.525024
744.563354,-510.041229,929.462708,-529.525024
743.645386,-509.863129,929.462708,-529.525024
742.746399,-509.697479,929.462708,-529.525024
741.948608,-509.553192,929.462708,-529.525024
741.171509,-509.409912,929.462708,-529.525024
740.477478,-509.324677,929.462708,-529.525024
739.831177,-509.293701,929.462708,-529.525024
739.090698,-509.273041,929.462708,-529.525024
737.516052,-509.376495,929.462708,-529.525024
736.630249,-509.450989,929.462708,-529.525024
735.738892,-509.554169,929.462708,-529.525024
734.881653,-509.651215,929.462708,-529.525024
734.007202,-509.755585,929.462708,-529.525024
733.142700,-509.830627,929.462708,-529.525024
732.276245,-509.880371,929.462708,-529.525024
731.448608,-509.860657,929.462708,-529.525024
730.674133,-509.724609,929.462708,-529.525024
729.364258,-509.466064,929.462708,-529.525024
728.700806,-509.429657,929.462708,-529.525024
727.971497,-509.394348,929.462708,-529.525024
727.271973,-509.323517,929.462708,-529.525024
726.530701,-509.215607,929.462708,-529.525024
725.751587,-509.101868,929.462708,-529.525024
724.986206,-508.978821,929.462708,-529.525024
724.322083,-508.920959,929.462708,-529.525024
722.952698,-508.852356,929.462708,-529.525024
722.221558,-508.850159,929.462708,-529.525024
721.411133,-508.890564,929.462708,-529.525024
720.530212,-508.948822,929.462708,-529.525024
719.681763,-508.948792,929.462708,-529.525024
718.907715,-508.831329,929.462708,-529.525024
718.153503,-508.673035,929.462708,-529.525024
717.354553,-508.584167,929.462708,-529.525024
716.600647,-508.562531,929.462708,-529.525024
715.208740,-508.525757,929.462708,-529.525024
714.460449,-508.456451,929.462708,-529.525024
713.767700,-508.395233,929.462708,-529.525024
713.073303,-508.391632,929.462708,-529.525024
712.279602,-508.426361,929.462708,-529.525024
711.434082,-508.499420,929.462708,-529.525024
710.485229,-508.599518,929.462708,-529.525024
709.559387,-508.701172,929.462708,-529.525024
707.880859,-508.884064,929.462708,-529.525024
707.184143,-508.909393,929.462708,-529.525024
706.496582,-508.968262,929.462708,-529.525024
705.700745,-509.024963,929.462708,-529.525024
704.883484,-509.069855,929.462708,-529.525024
704.059875,-509.042816,929.462708,-529.525024
703.230652,-508.964325,929.462708,-529.525024
702.416504,-508.864685,929.462708,-529.525024
700.546509,-508.780396,929.462708,-529.525024
699.498596,-508.804504,929.462708,-529.525024
698.506470,-508.907104,929.462708,-529.525024
697.769531,-509.015961,929.462708,-529.525024
697.029602,-509.123260,929.462708,-529.525024
696.300964,-509.167786,929.462708,-529.525024
695.556152,-509.225372,929.462708,-529.525024
694.838562,-509.315979,929.462708,-529.525024
693.384888,-509.479126,929.462708,-529.525024
692.629944,-509.557739,929.462708,-529.525024
691.864502,-509.589203,929.462708,-529.525024
691.031616,-509.577881,929.462708,-529.525024
690.165833,-509.526520,929.462708,-529.525024
689.262817,-509.454407,929.462708,-529.525024
688.298950,-509.340027,929.462708,-529.525024
687.270142,-509.220306,929.462708,-529.525024
685.265015,-508.987579,929.462708,-529.525024
684.352905,-508.869202,929.462708,-529.525024
683.426453,-508.790405,929.462708,-529.525024
682.523376,-508.816498,929.462708,-529.525024
681.689392,-508.853363,929.462708,-529.525024
680.947205,-508.919434,929.462708,-529.525024
680.184387,-508.976898,929.462708,-529.525024
679.388367,-509.040344,929.462708,-529.525024
677.807190,-509.150421,929.462708,-529.525024
677.038574,-509.234314,929.462708,-529.525024
676.251038,-509.274292,929.462708,-529.525024
675.439880,-509.227783,929.462708,-529.525024
674.549194,-509.093506,929.462708,-529.525024
673.618591,-508.899902,929.462708,-529.525024
672.654053,-508.631409,929.462708,-529.525024
671.621582,-508.340332,929.462708,-529.525024
669.599243,-507.880127,929.462708,-529.525024
668.694885,-507.775726,929.462708,-529.525024
667.938599,-507.727112,929.462708,-529.525024
667.237488,-507.656525,929.462708,-529.525024
666.513306,-507.578918,929.462708,-529.525024
665.769653,-507.521179,929.462708,-529.525024
664.984192,-507.433472,929.462708,-529.525024
664.208252,-507.367645,929.462708,-529.525024
662.586914,-507.326080,929.462708,-529.525024
661.754272,-507.341339,929.462708,-529.525024
660.853760,-507.350128,929.462708,-529.525024
659.877991,-507.321533,929.462708,-529.525024
658.871887,-507.280212,929.462708,-529.525024
657.075500,-507.119232,929.462708,-529.525024
656.345947,-507.004150,929.462708,-529.525024
655.668762,-506.948669,929.462708,-529.525024
654.922852,-506.883942,929.462708,-529.525024
654.132568,-506.826111,929.462708,-529.525024
653.249756,-506.744843,929.462708,-529.525024
652.352295,-506.623749,929.462708,-529.525024
650.544922,-506.343018,929.462708,-529.525024
649.608948,-506.204926,929.462708,-529.525024
648.589172,-506.092468,929.462708,-529.525024
647.536194,-506.010071,929.462708,-529.525024
646.531128,-505.952667,929.462708,-529.525024
645.720947,-505.839966,929.462708,-529.525024
645.029907,-505.727814,929.462708,-529.525024
644.311523,-505.705994,929.462708,-529.525024
642.824829,-505.870453,929.462708,-529.525024
641.976929,-506.022491,929.462708,-529.525024
641.162048,-506.058746,929.462708,-529.525024
640.324280,-506.042023,929.462708,-529.525024
639.506470,-506.034851,929.462708,-529.525024
638.673706,-506.049377,929.462708,-529.525024
637.865234,-506.084473,929.462708,-529.525024
637.151794,-506.138794,929.462708,-529.525024
635.539246,-506.188629,929.462708,-529.525024
634.719727,-506.181763,929.462708,-529.525024
633.952026,-506.156769,929.462708,-529.525024
633.150635,-506.134949,929.462708,-529.525024
632.275452,-506.127502,929.462708,-529.525024
631.362122,-506.135712,929.462708,-529.525024
630.513550,-506.183838,929.462708,-529.525024
629.784668,-506.234802,929.462708,-529.525024
628.287415,-506.341156,929.462708,-529.525024
627.455627,-506.398865,929.462708,-529.525024
626.609253,-506.406494,929.462708,-529.525024
625.740295,-506.397614,929.462708,-529.525024
624.933533,-506.398407,929.462708,-529.525024
624.153442,-506.444336,929.462708,-529.525024
623.399353,-506.484283,929.462708,-529.525024
621.812866,-506.472687,929.462708,-529.525024
620.970154,-506.408112,929.462708,-529.525024
620.143921,-506.337677,929.462708,-529.525024
619.360413,-506.276703,929.462708,-529.525024
618.566650,-506.253967,929.462708,-529.525024
617.774780,-506.285217,929.462708,-529.525024
617.017456,-506.322052,929.462708,-529.525024
615.430969,-506.316132,929.462708,-529.525024
614.575745,-506.202332,929.462708,-529.525024
613.694519,-506.063385,929.462708,-529.525024
612.899231,-506.056030,929.462708,-529.525024
612.169067,-506.027893,929.462708,-529.525024
611.417053,-505.952515,929.462708,-529.525024
610.558716,-505.860260,929.462708,-529.525024
608.631226,-505.616272,929.462708,-529.525024
607.616821,-505.445404,929.462708,-529.525024
606.586853,-505.221466,929.462708,-529.525024
605.762207,-505.084686,929.462708,-529.525024
605.033325,-505.025024,929.462708,-529.525024
604.248596,-504.923889,929.462708,-529.525024
603.412354,-504.780609,929.462708,-529.525024
601.787109,-504.539459,929.462708,-529.525024
601.053406,-504.496490,929.462708,-529.525024
600.262207,-504.450256,929.462708,-529.525024
599.398499,-504.365845,929.462708,-529.525024
598.526855,-504.225494,929.462708,-529.525024
597.665344,-504.102509,929.462708,-529.525024
596.835022,-504.012878,929.462708,-529.525024
595.181885,-503.735474,929.462708,-529.525024
594.427734,-503.639862,929.462708,-529.525024
593.642944,-503.527679,929.462708,-529.525024
592.805664,-503.393036,929.462708,-529.525024
591.944275,-503.247711,929.462708,-529.525024
591.153870,-503.143280,929.462708,-529.525024
590.352295,-503.069122,929.462708,-529.525024
588.578857,-502.902557,929.462708,-529.525024
587.602295,-502.798553,929.462708,-529.525024
586.620300,-502.694031,929.462708,-529.525024
585.791077,-502.592407,929.462708,-529.525024
584.958984,-502.524963,929.462708,-529.525024
584.132263,-502.386261,929.462708,-529.525024
583.361206,-502.240051,929.462708,-529.525024
581.805237,-501.904205,929.462708,-529.525024
580.986938,-501.717194,929.462708,-529.525024
580.133423,-501.556396,929.462708,-529.525024
579.292297,-501.424316,929.462708,-529.525024
578.481201,-501.310059,929.462708,-529.525024
577.674011,-501.174805,929.462708,-529.525024
576.036926,-500.829834,929.462708,-529.525024
575.223267,-500.626465,929.462708,-529.525024
574.416748,-500.433594,929.462708,-529.525024
573.645264,-500.271484,929.462708,-529.525024
572.866577,-500.094147,929.462708,-529.525024
572.069397,-499.891846,929.462708,-529.525024
570.508850,-499.456268,929.462708,-529.525024
569.680481,-499.205688,929.462708,-529.525024
568.879395,-498.947418,929.462708,-529.525024
568.089539,-498.701569,929.462708,-529.525024
567.283142,-498.481537,929.462708,-529.525024
566.437561,-498.231689,929.462708,-529.525024
565.598022,-497.978394,929.462708,-529.525024
564.041870,-497.365082,929.462708,-529.525024
563.296265,-497.070618,929.462708,-529.525024
562.552795,-496.779816,929.462708,-529.525024
561.812378,-496.433624,929.462708,-529.525024
561.025269,-496.045502,929.462708,-529.525024
560.234436,-495.668610,929.462708,-529.525024
559.495605,-495.409058,929.462708,-529.525024
557.974121,-494.875214,929.462708,-529.525024
557.143555,-494.530151,929.462708,-529.525024
556.349915,-494.179565,929.462708,-529.525024
555.614502,-493.870819,929.462708,-529.525024
554.883606,-493.555664,929.462708,-529.525024
554.115417,-493.144836,929.462708,-529.525024
553.399902,-492.748291,929.462708,-529.525024
552.175476,-491.972717,929.462708,-529.525024
551.506897,-491.467804,929.462708,-529.525024
550.809326,-490.885193,929.462708,-529.525024
550.107605,-490.280273,929.462708,-529.525024
549.428711,-489.648895,929.462708,-529.525024
548.769897,-488.941437,929.462708,-529.525024
548.136841,-488.224487,929.462708,-529.525024
546.914185,-486.917603,929.462708,-529.525024
546.257446,-486.289948,929.462708,-529.525024
545.519043,-485.795776,929.462708,-529.525024
544.788269,-485.361725,929.462708,-529.525024
544.123413,-484.958008,929.462708,-529.525024
543.443054,-484.489380,929.462708,-529.525024
542.730896,-483.933319,929.462708,-529.525024
541.373596,-482.885101,929.462708,-529.525024
540.670654,-482.356140,929.462708,-529.525024
540.010010,-481.834106,929.462708,-529.525024
539.395996,-481.346649,929.462708,-529.525024
538.786255,-480.859802,929.462708,-529.525024
538.162170,-480.271179,929.462708,-529.525024
537.517700,-479.519379,929.462708,-529.525024
536.432617,-477.850464,929.462708,-529.525024
535.915466,-477.067963,929.462708,-529.525024
535.327332,-476.454285,929.462708,-529.525024
534.729187,-475.920074,929.462708,-529.525024
534.185669,-475.335999,929.462708,-529.525024
533.651062,-474.599762,929.462708,-529.525024
533.146179,-473.735962,929.462708,-529.525024
532.398254,-472.197479,929.462708,-529.525024
532.049011,-471.317047,929.462708,-529.525024
531.588135,-470.602997,929.462708,-529.525024
531.023682,-470.076263,929.462708,-529.525024
530.473877,-469.486542,929.462708,-529.525024
529.950073,-468.739258,929.462708,-529.525024
529.045044,-466.787750,929.462708,-529.525024
528.665833,-465.663788,929.462708,-529.525024
528.307556,-464.649628,929.462708,-529.525024
527.927063,-463.899231,929.462708,-529.525024
527.520935,-463.254517,929.462708,-529.525024
527.131714,-462.485718,929.462708,-529.525024
526.749634,-461.630066,929.462708,-529.525024
526.156433,-459.845551,929.462708,-529.525024
525.903748,-458.969788,929.462708,-529.525024
525.411011,-458.282776,929.462708,-529.525024
524.833374,-457.686859,929.462708,-529.525024
524.290222,-457.017426,929.462708,-529.525024
523.288025,-455.379425,929.462708,-529.525024
522.813477,-454.414703,929.462708,-529.525024
522.348999,-453.453278,929.462708,-529.525024
521.986450,-452.626984,929.462708,-529.525024
521.676392,-451.944305,929.462708,-529.525024
521.346191,-451.264801,929.462708,-529.525024
520.892517,-449.922241,929.462708,-529.525024
520.732117,-449.158936,929.462708,-529.525024
520.574280,-448.378601,929.462708,-529.525024
520.317383,-447.697144,929.462708,-529.525024
519.904236,-447.039642,929.462708,-529.525024
519.473938,-446.368591,929.462708,-529.525024
518.574219,-444.877991,929.462708,-529.525024
518.131287,-444.077057,929.462708,-529.525024
517.666443,-443.276367,929.462708,-529.525024
517.228394,-442.566956,929.462708,-529.525024
516.827637,-441.895874,929.462708,-529.525024
516.504944,-441.281952,929.462708,-529.525024
515.960754,-439.954468,929.462708,-529.525024
515.741272,-439.281006,929.462708,-529.525024
515.499817,-438.621246,929.462708,-529.525024
515.206238,-437.953217,929.462708,-529.525024
514.882751,-437.275726,929.462708,-529.525024
514.558411,-436.552338,929.462708,-529.525024
513.856323,-434.982544,929.462708,-529.525024
513.412781,-434.126068,929.462708,-529.525024
512.921631,-433.227753,929.462708,-529.525024
512.403564,-432.377930,929.462708,-529.525024
511.345825,-430.731110,929.462708,-529.525024
510.847687,-429.862366,929.462708,-529.525024
510.385284,-428.975464,929.462708,-529.525024
509.957062,-428.108643,929.462708,-529.525024
509.210632,-426.493103,929.462708,-529.525024
508.938049,-425.850372,929.462708,-529.525024
508.688049,-425.258575,929.462708,-529.525024
508.432739,-424.678711,929.462708,-529.525024
507.886719,-423.249115,929.462708,-529.525024
507.567474,-422.417328,929.462708,-529.525024
507.291382,-421.573120,929.462708,-529.525024
507.081757,-420.746674,929.462708,-529.525024
506.591614,-419.078003,929.462708,-529.525024
506.341278,-418.346527,929.462708,-529.525024
506.055176,-417.685608,929.462708,-529.525024
505.736786,-416.986511,929.462708,-529.525024
504.992767,-415.410645,929.462708,-529.525024
504.590454,-414.526978,929.462708,-529.525024
504.173279,-413.613800,929.462708,-529.525024
503.731049,-412.714325,929.462708,-529.525024
503.013458,-411.232452,929.462708,-529.525024
502.766083,-410.585876,929.462708,-529.525024
502.475311,-409.942200,929.462708,-529.525024
502.087372,-409.262634,929.462708,-529.525024
501.415863,-407.801056,929.462708,-529.525024
501.079742,-407.024628,929.462708,-529.525024
500.693573,-406.168243,929.462708,-529.525024
500.244812,-405.267578,929.462708,-529.525024
499.195587,-403.487732,929.462708,-529.525024
498.688904,-402.679871,929.462708,-529.525024
498.335693,-402.024872,929.462708,-529.525024
497.943146,-401.481506,929.462708,-529.525024
497.465332,-400.965668,929.462708,-529.525024
496.443329,-399.835846,929.462708,-529.525024
496.082886,-399.175873,929.462708,-529.525024
495.776184,-398.488861,929.462708,-529.525024
495.415833,-397.787811,929.462708,-529.525024
494.411194,-396.427612,929.462708,-529.525024
493.775116,-395.636536,929.462708,-529.525024
493.078064,-394.837067,929.462708,-529.525024
492.377258,-394.064575,929.462708,-529.525024
491.422241,-392.916046,929.462708,-529.525024
490.835968,-392.397003,929.462708,-529.525024
490.182526,-391.892029,929.462708,-529.525024
489.629211,-391.413910,929.462708,-529.525024
489.163666,-390.912231,929.462708,-529.525024
488.022797,-389.857178,929.462708,-529.525024
487.422150,-389.281036,929.462708,-529.525024
486.927063,-388.726318,929.462708,-529.525024
486.387482,-388.134644,929.462708,-529.525024
485.292633,-386.982330,929.462708,-529.525024
484.752289,-386.438171,929.462708,-529.525024
484.162109,-385.897034,929.462708,-529.525024
483.521851,-385.388062,929.462708,-529.525024
482.841888,-384.899506,929.462708,-529.525024
481.324982,-384.077637,929.462708,-529.525024
480.512787,-383.667267,929.462708,-529.525024
479.726013,-383.134644,929.462708,-529.525024
479.054901,-382.616974,929.462708,-529.525024
477.503784,-381.593506,929.462708,-529.525024
476.816986,-381.167389,929.462708,-529.525024
476.111389,-380.776459,929.462708,-529.525024
475.269562,-380.452789,929.462708,-529.525024
474.408783,-380.227051,929.462708,-529.525024
473.013214,-379.554199,929.462708,-529.525024
472.276764,-379.169312,929.462708,-529.525024
471.455902,-378.785828,929.462708,-529.525024
470.545898,-378.345093,929.462708,-529.525024
469.618286,-377.957642,929.462708,-529.525024
467.806458,-377.333771,929.462708,-529.525024
467.061340,-377.062531,929.462708,-529.525024
466.265106,-376.877747,929.462708,-529.525024
465.459534,-376.687073,929.462708,-529.525024
464.714935,-376.406006,929.462708,-529.525024
463.244415,-375.877838,929.462708,-529.525024
462.427246,-375.810272,929.462708,-529.525024
461.552460,-375.766937,929.462708,-529.525024
460.666656,-375.765045,929.462708,-529.525024
459.812012,-375.709045,929.462708,-529.525024
458.159729,-375.322540,929.462708,-529.525024
457.324036,-375.101349,929.462708,-529.525024
456.529053,-374.868958,929.462708,-529.525024
455.737518,-374.635864,929.462708,-529.525024
454.905701,-374.471161,929.462708,-529.525024
453.149109,-374.219299,929.462708,-529.525024
452.271240,-374.085449,929.462708,-529.525024
451.349701,-374.009003,929.462708,-529.525024
450.416382,-373.984009,929.462708,-529.525024
449.465973,-373.990570,929.462708,-529.525024
448.593658,-374.006439,929.462708,-529.525024
446.939392,-374.002258,929.462708,-529.525024
446.221436,-373.958099,929.462708,-529.525024
445.490631,-373.988220,929.462708,-529.525024
444.736481,-374.146942,929.462708,-529.525024
443.987518,-374.357300,929.462708,-529.525024
443.269287,-374.637634,929.462708,-529.525024
442.555389,-374.996918,929.462708,-529.525024
440.925262,-376.038849,929.462708,-529.525024
440.003632,-376.430481,929.462708,-529.525024
439.025452,-376.755463,929.462708,-529.525024
438.009186,-377.045105,929.462708,-529.525024
437.033722,-377.296204,929.462708,-529.525024
436.318451,-377.406586,929.462708,-529.525024
435.660706,-377.552826,929.462708,-529.525024
434.149445,-378.178314,929.462708,-529.525024
433.300262,-378.649963,929.462708,-529.525024
432.479095,-379.120239,929.462708,-529.525024
431.666718,-379.526093,929.462708,-529.525024
430.889160,-379.629059,929.462708,-529.525024
430.100830,-379.720001,929.462708,-529.525024
429.319061,-379.938904,929.462708,-529.525024
427.643494,-380.852295,929.462708,-529.525024
426.797729,-381.419769,929.462708,-529.525024
426.035522,-381.782104,929.462708,-529.525024
425.226898,-382.097015,929.462708,-529.525024
424.416046,-382.434509,929.462708,-529.525024
423.645905,-382.836273,929.462708,-529.525024
423.039764,-383.293091,929.462708,-529.525024
422.595398,-383.774414,929.462708,-529.525024
422.136780,-384.348907,929.462708,-529.525024
421.169098,-385.671692,929.462708,-529.525024
420.699310,-386.335663,929.462708,-529.525024
420.122192,-386.870453,929.462708,-529.525024
419.415863,-387.249603,929.462708,-529.525024
418.607239,-387.586182,929.462708,-529.525024
417.823364,-387.987640,929.462708,-529.525024
417.121307,-388.311737,929.462708,-529.525024
416.417084,-388.690643,929.462708,-529.525024
415.749268,-389.149078,929.462708,-529.525024
414.502319,-390.347809,929.462708,-529.525024
414.046570,-390.944946,929.462708,-529.525024
413.705688,-391.546814,929.462708,-529.525024
413.339020,-392.142700,929.462708,-529.525024
412.995117,-392.759644,929.462708,-529.525024
412.660004,-393.390839,929.462708,-529.525024
412.169128,-394.002014,929.462708,-529.525024
411.545990,-394.548553,929.462708,-529.525024
410.206421,-395.584473,929.462708,-529.525024
409.529083,-396.217865,929.462708,-529.525024
408.839813,-396.913177,929.462708,-529.525024
408.157501,-397.657257,929.462708,-529.525024
407.524078,-398.414124,929.462708,-529.525024
407.053375,-399.035187,929.462708,-529.525024
406.578857,-399.641693,929.462708,-529.525024
406.135162,-400.176544,929.462708,-529.525024
405.674408,-400.693451,929.462708,-529.525024
404.725616,-401.966248,929.462708,-529.525024
404.278656,-402.677795,929.462708,-529.525024
403.847992,-403.363129,929.462708,-529.525024
403.493805,-403.907349,929.462708,-529.525024
403.275024,-404.338043,929.462708,-529.525024
403.206512,-404.686554,929.462708,-529.525024
403.056091,-405.106110,929.462708,-529.525024
403.069031,-405.532166,929.462708,-529.525024
403.108246,-406.004822,929.462708,-529.525024
403.277527,-407.195099,929.462708,-529.525024
403.511322,-407.832489,929.462708,-529.525024
403.772034,-408.399628,929.462708,-529.525024
403.994446,-408.841614,929.462708,-529.525024
404.218414,-409.202362,929.462708,-529.525024
404.355591,-409.459259,929.462708,-529.525024
404.409393,-409.614624,929.462708,-529.525024
404.486755,-409.665070,929.462708,-529.525024
404.626678,-409.667206,929.462708,-529.525024
404.869843,-409.697571,929.462708,-529.525024
404.742584,-409.978790,929.462708,-529.525024
404.648163,-410.358612,929.462708,-529.525024
404.723907,-410.729492,929.462708,-529.525024
404.891876,-411.065247,929.462708,-529.525024
405.219818,-411.362213,929.462708,-529.525024
405.642517,-411.608429,929.462708,-529.525024
406.108551,-411.882660,929.462708,-529.525024
406.726654,-412.719849,929.462708,-529.525024
407.041199,-413.134430,929.462708,-529.525024
407.345276,-413.456696,929.462708,-529.525024
407.626770,-413.687073,929.462708,-529.525024
407.832428,-413.826202,929.462708,-529.525024
407.840240,-413.883728,929.462708,-529.525024
407.726135,-413.954865,929.462708,-529.525024
407.598206,-414.115112,929.462708,-529.525024
407.396881,-414.556671,929.462708,-529.525024
407.350800,-414.778137,929.462708,-529.525024
407.340668,-414.979797,929.462708,-529.525024
407.375824,-415.151154,929.462708,-529.525024
407.450134,-415.319153,929.462708,-529.525024
407.560333,-415.527008,929.462708,-529.525024
407.693024,-415.752258,929.462708,-529.525024
408.089661,-416.143433,929.462708,-529.525024
408.340149,-416.324066,929.462708,-529.525024
408.542603,-416.476898,929.462708,-529.525024
408.623169,-416.571442,929.462708,-529.525024
408.601715,-416.633759,929.462708,-529.525024
408.573883,-416.692841,929.462708,-529.525024
408.590637,-416.800720,929.462708,-529.525024
408.612701,-416.962280,929.462708,-529.525024
408.693268,-417.281097,929.462708,-529.525024
408.784515,-417.446960,929.462708,-529.525024
408.892273,-417.590240,929.462708,-529.525024
409.008575,-417.692688,929.462708,-529.525024
409.133392,-417.776642,929.462708,-529.525024
409.274139,-417.872498,929.462708,-529.525024
409.410767,-417.946899,929.462708,-529.525024
409.532776,-418.082764,929.462708,-529.525024
409.570526,-418.150543,929.462708,-529.525024
409.621155,-418.217072,929.462708,-529.525024
409.688232,-418.296143,929.462708,-529.525024
409.763580,-418.367279,929.462708,-529.525024
409.826080,-418.419464,929.462708,-529.525024
409.901031,-418.469482,929.462708,-529.525024
410.104065,-418.580933,929.462708,-529.525024
410.218658,-418.627502,929.462708,-529.525024
410.327454,-418.677429,929.462708,-529.525024
410.425842,-418.727539,929.462708,-529.525024
410.524231,-418.767090,929.462708,-529.525024
410.613586,-418.818756,929.462708,-529.525024
410.720276,-418.887238,929.462708,-529.525024
410.843872,-418.963867,929.462708,-529.525024
411.120758,-419.071259,929.462708,-529.525024
411.263733,-419.138214,929.462708,-529.525024
411.383453,-419.210510,929.462708,-529.525024
411.527008,-419.259430,929.462708,-529.525024
411.703308,-419.311737,929.462708,-529.525024
411.889160,-419.378174,929.462708,-529.525024
412.017059,-419.457367,929.462708,-529.525024
412.323517,-419.605774,929.462708,-529.525024
412.452545,-419.691193,929.462708,-529.525024
412.578979,-419.788177,929.462708,-529.525024
412.748840,-419.904205,929.462708,-529.525024
412.915863,-420.007935,929.462708,-529.525024
413.053009,-420.102417,929.462708,-529.525024
413.218842,-420.201599,929.462708,-529.525024
413.559998,-420.356201,929.462708,-529.525024
413.740784,-420.441498,929.462708,-529.525024
413.923523,-420.556885,929.462708,-529.525024
414.108582,-420.694397,929.462708,-529.525024
414.303619,-420.844543,929.462708,-529.525024
414.531830,-421.026031,929.462708,-529.525024
414.760742,-421.179810,929.462708,-529.525024
414.897949,-421.269470,929.462708,-529.525024
415.240967,-421.483246,929.462708,-529.525024
415.410797,-421.606018,929.462708,-529.525024
415.616638,-421.762451,929.462708,-529.525024
415.821655,-421.901886,929.462708,-529.525024
415.981781,-421.994019,929.462708,-529.525024
416.151398,-422.101257,929.462708,-529.525024
416.350006,-422.240967,929.462708,-529.525024
416.534637,-422.395142,929.462708,-529.525024
416.843719,-422.687988,929.462708,-529.525024
417.026520,-422.860229,929.462708,-529.525024
417.208649,-423.019440,929.462708,-529.525024
417.344360,-423.129333,929.462708,-529.525024
417.498718,-423.253723,929.462708,-529.525024
417.671082,-423.392426,929.462708,-529.525024
417.854034,-423.546661,929.462708,-529.525024
418.012085,-423.691101,929.462708,-529.525024
418.333588,-423.949799,929.462708,-529.525024
418.472198,-424.069885,929.462708,-529.525024
418.614929,-424.205597,929.462708,-529.525024
418.735077,-424.321838,929.462708,-529.525024
418.845673,-424.437012,929.462708,-529.525024
418.955353,-424.568207,929.462708,-529.525024
419.062927,-424.702087,929.462708,-529.525024
419.180145,-424.850708,929.462708,-529.525024
419.404602,-425.104858,929.462708,-529.525024
419.529114,-425.235565,929.462708,-529.525024
419.654022,-425.375732,929.462708,-529.525024
419.759949,-425.490906,929.462708,-529.525024
419.864197,-425.603241,929.462708,-529.525024
419.954407,-425.718262,929.462708,-529.525024
420.008179,-425.816254,929.462708,-529.525024
420.067078,-426.003998,929.462708,-529.525024
420.093323,-426.100128,929.462708,-529.525024
420.179993,-426.211975,929.462708,-529.525024
420.292114,-426.330688,929.462708,-529.525024
420.382233,-426.416077,929.462708,-529.525024
420.446320,-426.471283,929.462708,-529.525024
420.495087,-426.499786,929.462708,-529.525024
420.532135,-426.529083,929.462708,-529.525024
420.584106,-426.612701,929.462708,-529.525024
420.640594,-426.718781,929.462708,-529.525024
420.714661,-426.829773,929.462708,-529.525024
420.766357,-426.938141,929.462708,-529.525024
420.802887,-427.038696,929.462708,-529.525024
420.827362,-427.101166,929.462708,-529.525024
420.833130,-427.132111,929.462708,-529.525024
420.872131,-427.268066,929.462708,-529.525024
420.887177,-427.337891,929.462708,-529.525024
420.903137,-427.406555,929.462708,-529.525024
420.921051,-427.471710,929.462708,-529.525024
420.923309,-427.524689,929.462708,-529.525024
420.927826,-427.566681,929.462708,-529.525024
420.929291,-427.596344,929.462708,-529.525024
420.929749,-427.620239,929.462708,-529.525024
420.928955,-427.676544,929.462708,-529.525024
420.920471,-427.691742,929.462708,-529.525024
420.909210,-427.703461,929.462708,-529.525024
420.898926,-427.715912,929.462708,-529.525024
420.893097,-427.735840,929.462708,-529.525024
420.882202,-427.750092,929.462708,-529.525024
420.871033,-427.763672,929.462708,-529.525024
420.842743,-427.766815,929.462708,-529.525024
420.831787,-427.764709,929.462708,-529.525024
420.824127,-427.762421,929.462708,-529.525024
420.816864,-427.762695,929.462708,-529.525024
420.810913,-427.761261,929.462708,-529.525024
420.806885,-427.756317,929.462708,-529.525024
420.803192,-427.748901,929.462708,-529.525024
420.801300,-427.744232,929.462708,-529.525024
420.802368,-427.746887,929.462708,-529.525024
420.802368,-427.746887,929.462708,-529.525024
420.802368,-427.746887,929.462708,-529.525024
420.802368,-427.746887,929.462708,-529.525024
420.802368,-427.746887,929.462708,-529.525024
420.802368,-427.746887,929.462708,-529.525024
420.802917,-427.748230,929.462708,-529.525024
420.810516,-427.768738,929.462708,-529.525024
420.815613,-427.781372,929.462708,-529.525024
420.820465,-427.793335,929.462708,-529.525024
420.825043,-427.804657,929.462708,-529.525024
420.828003,-427.811981,929.462708,-529.525024
420.829346,-427.815308,929.462708,-529.525024
420.830139,-427.817291,929.462708,-529.525024
420.830688,-427.818634,929.462708,-529.525024
420.839569,-427.840607,929.462708,-529.525024
420.848450,-427.862549,929.462708,-529.525024
420.855988,-427.881165,929.462708,-529.525024
420.856964,-427.881927,929.462708,-529.525024
420.860260,-427.881775,929.462708,-529.525024
420.865143,-427.880585,929.462708,-529.525024
420.866455,-427.871338,929.462708,-529.525024
420.868164,-427.859253,929.462708,-529.525024
420.872192,-427.830841,929.462708,-529.525024
420.874420,-427.815216,929.462708,-529.525024
420.891022,-427.818207,929.462708,-529.525024
420.893646,-427.799744,929.462708,-529.525024
420.911682,-427.802948,929.462708,-529.525024
420.929810,-427.808044,929.462708,-529.525024
420.944031,-427.815094,929.462708,-529.525024
420.959320,-427.842987,929.462708,-529.525024
420.969818,-427.868927,929.462708,-529.525024
420.982758,-427.900848,929.462708,-529.525024
420.996521,-427.934753,929.462708,-529.525024
421.002991,-427.950714,929.462708,-529.525024
421.003296,-427.948578,929.462708,-529.525024
421.004089,-427.942902,929.462708,-529.525024
421.010925,-427.943237,929.462708,-529.525024
421.016205,-427.949646,929.462708,-529.525024
421.014008,-427.952484,929.462708,-529.525024
421.013214,-427.955505,929.462708,-529.525024
421.013855,-427.958740,929.462708,-529.525024
421.013062,-427.961761,929.462708,-529.525024
421.012268,-427.964783,929.462708,-529.525024
421.012878,-427.968018,929.462708,-529.525024
421.013062,-427.971802,929.462708,-529.525024
421.015533,-427.984711,929.462708,-529.525024
421.018097,-427.994507,929.462708,-529.525024
421.020386,-428.008667,929.462708,-529.525024
421.024719,-428.026245,929.462708,-529.525024
421.031952,-428.051178,929.462708,-529.525024
421.040619,-428.076294,929.462708,-529.525024
421.042542,-428.087891,929.462708,-529.525024
421.040039,-428.095062,929.462708,-529.525024
421.038330,-428.099213,929.462708,-529.525024
421.037506,-428.102234,929.462708,-529.525024
421.038757,-428.103668,929.462708,-529.525024
421.040436,-428.104553,929.462708,-529.525024
421.040527,-428.103851,929.462708,-529.525024
421.040527,-428.103851,929.462708,-529.525024
421.040527,-428.103851,929.462708,-529.525024
421.045258,-428.115845,929.462708,-529.525024
421.050781,-428.129852,929.462708,-529.525024
421.054993,-428.140533,929.462708,-529.525024
421.060181,-428.151978,929.462708,-529.525024
421.064148,-428.161987,929.462708,-529.525024
421.064148,-428.161987,929.462708,-529.525024
421.067322,-428.169983,929.462708,-529.525024
421.070221,-428.177307,929.462708,-529.525024
421.075348,-428.186859,929.462708,-529.525024
421.078979,-428.194305,929.462708,-529.525024
421.083130,-428.203064,929.462708,-529.525024
421.087036,-428.211182,929.462708,-529.525024
421.090759,-428.220520,929.462708,-529.525024
421.094757,-428.230530,929.462708,-529.525024
421.099548,-428.242523,929.462708,-529.525024
421.111633,-428.269379,929.462708,-529.525024
421.117950,-428.283478,929.462708,-529.525024
421.123413,-428.298676,929.462708,-529.525024
421.129578,-428.313995,929.462708,-529.525024
421.136200,-428.328735,929.462708,-529.525024
421.141235,-428.344513,929.462708,-529.525024
421.146698,-428.359711,929.462708,-529.525024
421.152161,-428.374908,929.462708,-529.525024
421.164490,-428.413666,929.462708,-529.525024
421.171143,-428.433411,929.462708,-529.525024
421.178253,-428.452606,929.462708,-529.525024
421.185089,-428.471130,929.462708,-529.525024
421.191925,-428.489655,929.462708,-529.525024
421.200562,-428.510925,929.462708,-529.525024
421.216309,-428.551392,929.462708,-529.525024
421.223694,-428.571228,929.462708,-529.525024
421.230164,-428.587189,929.462708,-529.525024
421.235626,-428.597351,929.462708,-529.525024
421.239838,-428.606110,929.462708,-529.525024
421.248108,-428.624817,929.462708,-529.525024
421.252136,-428.634796,929.462708,-529.525024
421.253052,-428.643707,929.462708,-529.525024
421.254059,-428.649506,929.462708,-529.525024
421.255402,-428.652832,929.462708,-529.525024
421.255859,-428.654877,929.462708,-529.525024
421.253693,-428.670502,929.462708,-529.525024
421.249359,-428.701782,929.462708,-529.525024
421.242493,-428.751556,929.462708,-529.525024
421.233826,-428.814819,929.462708,-529.525024
421.231384,-428.832611,929.462708,-529.525024
421.231079,-428.834747,929.462708,-529.525024
421.230988,-428.835449,929.462708,-529.525024
421.230988,-428.835449,929.462708,-529.525024
421.230499,-428.838989,929.462708,-529.525024
421.229218,-428.848236,929.462708,-529.525024
421.228333,-428.854645,929.462708,-529.525024
421.227448,-428.861053,929.462708,-529.525024
421.226471,-428.868164,929.462708,-529.525024
421.225311,-428.876709,929.462708,-529.525024
421.220947,-428.908691,929.462708,-529.525024
421.217682,-428.932861,929.462708,-529.525024
421.214630,-428.955627,929.462708,-529.525024
421.211792,-428.976959,929.462708,-529.525024
421.207764,-429.007538,929.462708,-529.525024
421.198730,-429.077271,929.462708,-529.525024
421.194580,-429.110016,929.462708,-529.525024
421.191315,-429.136353,929.462708,-529.525024
421.186371,-429.176941,929.462708,-529.525024
421.181091,-429.221130,929.462708,-529.525024
421.072723,-429.192993,929.462708,-529.525024
420.998444,-429.159729,929.462708,-529.525024
420.916565,-429.112732,929.462708,-529.525024
420.826569,-429.052643,929.462708,-529.525024
420.738312,-429.001862,929.462708,-529.525024
420.592743,-428.967682,929.462708,-529.525024
420.506531,-428.960968,929.462708,-529.525024
420.401672,-428.953308,929.462708,-529.525024
420.393158,-429.069946,929.462708,-529.525024
420.383911,-429.209564,929.462708,-529.525024
420.368164,-429.491119,929.462708,-529.525024
420.362701,-429.609406,929.462708,-529.525024
420.244781,-429.613586,929.462708,-529.525024
420.113129,-429.623322,929.462708,-529.525024
419.725098,-429.630402,929.462708,-529.525024
419.518433,-429.634979,929.462708,-529.525024
419.332306,-429.646790,929.462708,-529.525024
419.170197,-429.652893,929.462708,-529.525024
419.020630,-429.656982,929.462708,-529.525024
418.681488,-429.661865,929.462708,-529.525024
418.486145,-429.670563,929.462708,-529.525024
418.498108,-429.856018,929.462708,-529.525024
418.265350,-429.875610,929.462708,-529.525024
418.318726,-430.442841,929.462708,-529.525024
417.927216,-430.492859,929.462708,-529.525024
417.489288,-430.553162,929.462708,-529.525024
416.729919,-430.679962,929.462708,-529.525024
416.568542,-430.763214,929.462708,-529.525024
416.306702,-430.841370,929.462708,-529.525024
415.981812,-430.930450,929.462708,-529.525024
415.318024,-431.155548,929.462708,-529.525024
415.617310,-431.131622,929.462708,-529.525024
415.587158,-431.422150,929.462708,-529.525024
415.414032,-431.588287,929.462708,-529.525024
414.924805,-431.721375,929.462708,-529.525024
414.651611,-431.710754,929.462708,-529.525024
414.381592,-431.638306,929.462708,-529.525024
414.100189,-431.542633,929.462708,-529.525024
413.584656,-431.384674,929.462708,-529.525024
413.335358,-431.360718,929.462708,-529.525024
413.005035,-431.354492,929.462708,-529.525024
412.651825,-431.356201,929.462708,-529.525024
412.023193,-431.335999,929.462708,-529.525024
411.699921,-431.330750,929.462708,-529.525024
411.435760,-431.353912,929.462708,-529.525024
411.138214,-431.395294,929.462708,-529.525024
410.548737,-431.433868,929.462708,-529.525024
410.218781,-431.437714,929.462708,-529.525024
409.890411,-431.438232,929.462708,-529.525024
409.580139,-431.430420,929.462708,-529.525024
409.045929,-431.457794,929.462708,-529.525024
408.783081,-431.471130,929.462708,-529.525024
408.474213,-431.494446,929.462708,-529.525024
407.893524,-431.522827,929.462708,-529.525024
407.614746,-431.536774,929.462708,-529.525024
407.323608,-431.554657,929.462708,-529.525024
407.027832,-431.590240,929.462708,-529.525024
406.457275,-431.701141,929.462708,-529.525024
406.186798,-431.742035,929.462708,-529.525024
405.884613,-431.788879,929.462708,-529.525024
405.628174,-431.840332,929.462708,-529.525024
405.055695,-432.017883,929.462708,-529.525024
404.757690,-432.092072,929.462708,-529.525024
404.473602,-432.159973,929.462708,-529.525024
403.899139,-432.283966,929.462708,-529.525024
403.616943,-432.346405,929.462708,-529.525024
403.366669,-432.407013,929.462708,-529.525024
403.074493,-432.482361,929.462708,-529.525024
402.476563,-432.707123,929.462708,-529.525024
402.169708,-432.858063,929.462708,-529.525024
401.855499,-432.954834,929.462708,-529.525024
401.247040,-433.069366,929.462708,-529.525024
400.973572,-433.149200,929.462708,-529.525024
400.748657,-433.218628,929.462708,-529.525024
400.485626,-433.299530,929.462708,-529.525024
399.924561,-433.480438,929.462708,-529.525024
399.602448,-433.586517,929.462708,-529.525024
399.289825,-433.679138,929.462708,-529.525024
398.801636,-433.865662,929.462708,-529.525024
398.556976,-433.984222,929.462708,-529.525024
398.325439,-434.095612,929.462708,-529.525024
397.750092,-434.438690,929.462708,-529.525024
397.468475,-434.651062,929.462708,-529.525024
397.174011,-434.867981,929.462708,-529.525024
396.615784,-435.234802,929.462708,-529.525024
396.357147,-435.292542,929.462708,-529.525024
396.109283,-435.363892,929.462708,-529.525024
395.656891,-435.538361,929.462708,-529.525024
395.415527,-435.640015,929.462708,-529.525024
395.197021,-435.735992,929.462708,-529.525024
394.959320,-435.844543,929.462708,-529.525024
394.507568,-436.035706,929.462708,-529.525024
394.278259,-436.137238,929.462708,-529.525024
394.015808,-436.290466,929.462708,-529.525024
393.763397,-436.438263,929.462708,-529.525024
393.315582,-436.684570,929.462708,-529.525024
393.127747,-436.803528,929.462708,-529.525024
392.928894,-436.959045,929.462708,-529.525024
392.751221,-437.108765,929.462708,-529.525024
392.368378,-437.383087,929.462708,-529.525024
392.152069,-437.502869,929.462708,-529.525024
391.892273,-437.624329,929.462708,-529.525024
391.622192,-437.739746,929.462708,-529.525024
391.354126,-437.859375,929.462708,-529.525024
390.913391,-438.107117,929.462708,-529.525024
390.710419,-438.265839,929.462708,-529.525024
390.532654,-438.429810,929.462708,-529.525024
390.514282,-438.779053,929.462708,-529.525024
390.304138,-438.937012,929.462708,-529.525024
390.074982,-439.084839,929.462708,-529.525024
389.814728,-439.263611,929.462708,-529.525024
389.284790,-439.643036,929.462708,-529.525024
389.076782,-439.782898,929.462708,-529.525024
388.870453,-439.963348,929.462708,-529.525024
388.711578,-440.129150,929.462708,-529.525024
388.561127,-440.411499,929.462708,-529.525024
388.525238,-440.445801,929.462708,-529.525024
388.521301,-440.413849,929.462708,-529.525024
388.425201,-440.506134,929.462708,-529.525024
388.390076,-440.570190,929.462708,-529.525024
388.353882,-440.876404,929.462708,-529.525024
388.260254,-441.089966,929.462708,-529.525024
388.194458,-441.318665,929.462708,-529.525024
388.207031,-441.563599,929.462708,-529.525024
388.253265,-441.794189,929.462708,-529.525024
388.359650,-442.387726,929.462708,-529.525024
388.388519,-442.690155,929.462708,-529.525024
388.436096,-442.957428,929.462708,-529.525024
388.494049,-443.241425,929.462708,-529.525024
388.601685,-443.726746,929.462708,-529.525024
388.656281,-443.894989,929.462708,-529.525024
388.692444,-444.006592,929.462708,-529.525024
388.747772,-444.179504,929.462708,-529.525024
388.780823,-444.280060,929.462708,-529.525024
388.828735,-444.332611,929.462708,-529.525024
388.839264,-444.322327,929.462708,-529.525024
388.855804,-444.303894,929.462708,-529.525024
388.870544,-444.290161,929.462708,-529.525024
388.903259,-444.284668,929.462708,-529.525024
389.027832,-444.353271,929.462708,-529.525024
389.106018,-444.435120,929.462708,-529.525024
389.220001,-444.571899,929.462708,-529.525024
389.349762,-444.710297,929.462708,-529.525024
389.482391,-444.772675,929.462708,-529.525024
389.896515,-444.868744,929.462708,-529.525024
390.268097,-444.925171,929.462708,-529.525024
390.706604,-444.987885,929.462708,-529.525024
391.092590,-445.065796,929.462708,-529.525024
391.349731,-445.121216,929.462708,-529.525024
392.057861,-445.170593,929.462708,-529.525024
392.543854,-445.232208,929.462708,-529.525024
392.921509,-445.329865,929.462708,-529.525024
393.176788,-445.447662,929.462708,-529.525024
393.767822,-445.822601,929.462708,-529.525024
394.167786,-446.053650,929.462708,-529.525024
394.649078,-446.305542,929.462708,-529.525024
395.189087,-446.549591,929.462708,-529.525024
395.812103,-446.827393,929.462708,-529.525024
396.526154,-447.085266,929.462708,-529.525024
398.113983,-447.480835,929.462708,-529.525024
398.915558,-447.569733,929.462708,-529.525024
399.678986,-447.663452,929.462708,-529.525024
400.436249,-447.774963,929.462708,-529.525024
401.712891,-447.963318,929.462708,-529.525024
402.202911,-448.045288,929.462708,-529.525024
402.642365,-448.096893,929.462708,-529.525024
403.014679,-448.097443,929.462708,-529.525024
403.508911,-448.132080,929.462708,-529.525024
403.785706,-448.187042,929.462708,-529.525024
404.082520,-448.275238,929.462708,-529.525024
404.355652,-448.347565,929.462708,-529.525024
404.607178,-448.440277,929.462708,-529.525024
405.141998,-448.763092,929.462708,-529.525024
405.458160,-448.942810,929.462708,-529.525024
406.325256,-449.335297,929.462708,-529.525024
406.787415,-449.529816,929.462708,-529.525024
407.208435,-449.733429,929.462708,-529.525024
408.057495,-450.061829,929.462708,-529.525024
408.421783,-450.244629,929.462708,-529.525024
408.781342,-450.431183,929.462708,-529.525024
409.143372,-450.629303,929.462708,-529.525024
409.452332,-450.822327,929.462708,-529.525024
409.691498,-450.995972,929.462708,-529.525024
409.866455,-451.112610,929.462708,-529.525024
410.054718,-451.156433,929.462708,-529.525024
410.403534,-451.427338,929.462708,-529.525024
410.528381,-451.672760,929.462708,-529.525024
410.615112,-451.891937,929.462708,-529.525024
410.694855,-452.098175,929.462708,-529.525024
410.788208,-452.327423,929.462708,-529.525024
410.955261,-452.591614,929.462708,-529.525024
411.171844,-452.842590,929.462708,-529.525024
411.389435,-453.032684,929.462708,-529.525024
411.632172,-453.216827,929.462708,-529.525024
411.935577,-453.458954,929.462708,-529.525024
412.541840,-454.001923,929.462708,-529.525024
412.815796,-454.357666,929.462708,-529.525024
413.103607,-454.868042,929.462708,-529.525024
413.431122,-455.470276,929.462708,-529.525024
413.777496,-456.156555,929.462708,-529.525024
414.167694,-456.873657,929.462708,-529.525024
414.615021,-457.661072,929.462708,-529.525024
415.085510,-458.456116,929.462708,-529.525024
415.582764,-459.163666,929.462708,-529.525024
415.991547,-459.544891,929.462708,-529.525024
416.344849,-459.782806,929.462708,-529.525024
416.685028,-460.035889,929.462708,-529.525024
417.370941,-460.523346,929.462708,-529.525024
417.686951,-460.735291,929.462708,-529.525024
418.017914,-460.960480,929.462708,-529.525024
418.289032,-461.192139,929.462708,-529.525024
418.447296,-461.380798,929.462708,-529.525024
418.629517,-461.602478,929.462708,-529.525024
418.876526,-461.922363,929.462708,-529.525024
419.120972,-462.260223,929.462708,-529.525024
419.367645,-462.643158,929.462708,-529.525024
419.621094,-463.049316,929.462708,-529.525024
419.900757,-463.486023,929.462708,-529.525024
420.362122,-464.038696,929.462708,-529.525024
420.646088,-464.260162,929.462708,-529.525024
420.987701,-464.532013,929.462708,-529.525024
421.397247,-464.783691,929.462708,-529.525024
421.887909,-465.083099,929.462708,-529.525024
422.389465,-465.387146,929.462708,-529.525024
422.881836,-465.646423,929.462708,-529.525024
423.316956,-465.920105,929.462708,-529.525024
423.774017,-466.243164,929.462708,-529.525024
424.171204,-466.596008,929.462708,-529.525024
424.405518,-466.947174,929.462708,-529.525024
424.560883,-467.218903,929.462708,-529.525024
424.774750,-467.452148,929.462708,-529.525024
425.298004,-467.970367,929.462708,-529.525024
425.554657,-468.268555,929.462708,-529.525024
425.816406,-468.568604,929.462708,-529.525024
426.070465,-468.850159,929.462708,-529.525024
426.348724,-469.135223,929.462708,-529.525024
426.678589,-469.459503,929.462708,-529.525024
427.049103,-469.780975,929.462708,-529.525024
427.448303,-470.060089,929.462708,-529.525024
427.819305,-470.361389,929.462708,-529.525024
428.052216,-470.602112,929.462708,-529.525024
428.213135,-470.853973,929.462708,-529.525024
428.456451,-471.160583,929.462708,-529.525024
428.720367,-471.517426,929.462708,-529.525024
428.968750,-471.870605,929.462708,-529.525024
429.255310,-472.269470,929.462708,-529.525024
429.562317,-472.678192,929.462708,-529.525024
429.881836,-473.124023,929.462708,-529.525024
430.176788,-473.555817,929.462708,-529.525024
430.176788,-473.555817,929.462708,-529.525024
430.398926,-473.930786,929.462708,-529.525024
430.639771,-474.320801,929.462708,-529.525024
430.887756,-474.681946,929.462708,-529.525024
431.128876,-474.970795,929.462708,-529.525024
431.374573,-475.226166,929.462708,-529.525024
431.612701,-475.526062,929.462708,-529.525024
431.858612,-475.821442,929.462708,-529.525024
432.109863,-476.136261,929.462708,-529.525024
432.376190,-476.452545,929.462708,-529.525024
432.692322,-476.766541,929.462708,-529.525024
433.040802,-477.094757,929.462708,-529.525024
433.381439,-477.403961,929.462708,-529.525024
433.716522,-477.729187,929.462708,-529.525024
434.029541,-478.061890,929.462708,-529.525024
434.361450,-478.444641,929.462708,-529.525024
434.654205,-478.835144,929.462708,-529.525024
434.951202,-479.263580,929.462708,-529.525024
435.257385,-479.690430,929.462708,-529.525024
435.567505,-480.077789,929.462708,-529.525024
435.861755,-480.463654,929.462708,-529.525024
436.156464,-480.840759,929.462708,-529.525024
436.451202,-481.206970,929.462708,-529.525024
436.744232,-481.569702,929.462708,-529.525024
436.744232,-481.569702,929.462708,-529.525024
437.071045,-481.913330,929.462708,-529.525024
437.463226,-482.285400,929.462708,-529.525024
437.892487,-482.659454,929.462708,-529.525024
438.397583,-483.059509,929.462708,-529.525024
438.949707,-483.466461,929.462708,-529.525024
439.476440,-483.823059,929.462708,-529.525024
439.964691,-484.198120,929.462708,-529.525024
440.371216,-484.523071,929.462708,-529.525024
440.750275,-484.871948,929.462708,-529.525024
441.116028,-485.222137,929.462708,-529.525024
441.441986,-485.600189,929.462708,-529.525024
441.741791,-485.976685,929.462708,-529.525024
442.039337,-486.385223,929.462708,-529.525024
442.356995,-486.765686,929.462708,-529.525024
442.652222,-487.126251,929.462708,-529.525024
442.974976,-487.540619,929.462708,-529.525024
443.288391,-487.989899,929.462708,-529.525024
443.619720,-488.521790,929.462708,-529.525024
443.956421,-489.121246,929.462708,-529.525024
444.298645,-489.760773,929.462708,-529.525024
444.642120,-490.409760,444.642120,-490.409760
444.963074,-491.078278,444.642120,-490.409760
444.963074,-491.078278,444.642120,-490.409760
445.271393,-491.675964,444.642120,-490.409760
445.504700,-492.054871,444.642120,-490.409760
445.619171,-492.258698,444.642120,-490.409760
445.542267,-492.300354,444.642120,-490.409760
445.626160,-492.439789,444.642120,-490.409760
445.597687,-492.452179,444.642120,-490.409760
445.593628,-492.399414,444.642120,-490.409760
445.565033,-492.326813,444.642120,-490.409760
445.532928,-492.298126,444.642120,-490.409760
445.517151,-492.307007,444.642120,-490.409760
445.528717,-492.301971,444.642120,-490.409760
445.564545,-492.243652,444.642120,-490.409760
445.624786,-492.098328,444.642120,-490.409760
445.636230,-491.788177,444.642120,-490.409760
445.595673,-491.319702,444.642120,-490.409760
445.429443,-490.762360,444.642120,-490.409760
445.181091,-490.406342,444.642120,-490.409760
444.876617,-490.225372,444.642120,-490.409760
444.588928,-490.125427,444.642120,-490.409760
444.510315,-490.051178,444.642120,-490.409760
444.510315,-490.051178,444.642120,-490.409760
444.612366,-489.963226,444.642120,-490.409760
444.648651,-489.772736,444.642120,-490.409760
444.532379,-489.447296,444.642120,-490.409760
444.326721,-489.078430,444.642120,-490.409760
443.996582,-488.720306,444.642120,-490.409760
443.760437,-488.454559,444.642120,-490.409760
443.757324,-488.318542,444.642120,-490.409760
443.822449,-488.262726,444.642120,-490.409760
443.825745,-488.235535,444.642120,-490.409760
443.689575,-488.201843,444.642120,-490.409760
443.418823,-488.120972,444.642120,-490.409760
442.987976,-487.982666,444.642120,-490.409760
442.482361,-487.751801,444.642120,-490.409760
442.156860,-487.523529,444.642120,-490.409760
442.058746,-487.366302,444.642120,-490.409760
442.041687,-487.214722,444.642120,-490.409760
441.996643,-487.061676,444.642120,-490.409760
441.922791,-486.888397,444.642120,-490.409760
441.837830,-486.725311,444.642120,-490.409760
441.751495,-486.541779,444.642120,-490.409760
441.751495,-486.541779,444.642120,-490.409760
441.684509,-486.382721,444.642120,-490.409760
441.585541,-486.276031,444.642120,-490.409760
441.446625,-486.176483,444.642120,-490.409760
441.246185,-485.968689,444.642120,-490.409760
440.929077,-485.664948,444.642120,-490.409760
440.456665,-485.268280,444.642120,-490.409760
439.971313,-484.809937,444.642120,-490.409760
439.561462,-484.325989,444.642120,-490.409760
439.283234,-483.900330,444.642120,-490.409760
438.998199,-483.584595,444.642120,-490.409760
438.751648,-483.333282,444.642120,-490.409760
438.456390,-483.003784,444.642120,-490.409760
438.177948,-482.685516,444.642120,-490.409760
437.782288,-482.293549,444.642120,-490.409760
437.286743,-481.846466,444.642120,-490.409760
436.745575,-481.362274,444.642120,-490.409760
436.325623,-480.958252,444.642120,-490.409760
436.037933,-480.614868,444.642120,-490.409760
435.779053,-480.284027,444.642120,-490.409760
435.444336,-479.908386,444.642120,-490.409760
435.092529,-479.536316,444.642120,-490.409760
435.092529,-479.536316,444.642120,-490.409760
434.773804,-479.334198,444.642120,-490.409760
434.394592,-479.173737,444.642120,-490.409760
433.923676,-478.937561,444.642120,-490.409760
433.289276,-478.596954,444.642120,-490.409760
432.480438,-478.190643,444.642120,-490.409760
431.481506,-477.725739,444.642120,-490.409760
430.322968,-477.199066,444.642120,-490.409760
429.022736,-476.599365,444.642120,-490.409760
427.646179,-475.929077,444.642120,-490.409760
426.273315,-475.180450,444.642120,-490.409760
424.893219,-474.453552,444.642120,-490.409760
423.655182,-473.804962,444.642120,-490.409760
422.623260,-473.226807,444.642120,-490.409760
421.926117,-472.700562,444.642120,-490.409760
421.673920,-472.295563,444.642120,-490.409760
421.532532,-472.080231,444.642120,-490.409760
421.357117,-472.023102,444.642120,-490.409760
421.104492,-472.049377,444.642120,-490.409760
420.939636,-472.098450,444.642120,-490.409760
420.756500,-472.064514,444.642120,-490.409760
420.524902,-472.021210,444.642120,-490.409760
420.524902,-472.021210,444.642120,-490.409760
420.266632,-472.003723,444.642120,-490.409760
419.992706,-471.889343,444.642120,-490.409760
419.695740,-471.676178,444.642120,-490.409760
419.413635,-471.472382,444.642120,-490.409760
419.167908,-471.267822,444.642120,-490.409760
418.910187,-471.027069,444.642120,-490.409760
418.621643,-470.767853,444.642120,-490.409760
418.377106,-470.538910,444.642120,-490.409760
418.095978,-470.395355,444.642120,-490.409760
417.902100,-470.288391,444.642120,-490.409760
417.790710,-470.288361,444.642120,-490.409760
417.772278,-470.336548,444.642120,-490.409760
417.750549,-470.512756,444.642120,-490.409760
417.791901,-470.745941,444.642120,-490.409760
417.862213,-471.065582,444.642120,-490.409760
417.992737,-471.390961,444.642120,-490.409760
418.113098,-471.654083,444.642120,-490.409760
418.185303,-471.895905,444.642120,-490.409760
418.092163,-472.116638,444.642120,-490.409760
417.940338,-472.227875,444.642120,-490.409760
417.848907,-472.180634,444.642120,-490.409760
417.805176,-472.088196,444.642120,-490.409760
417.805176,-472.088196,444.642120,-490.409760
417.815704,-472.062927,444.642120,-490.409760
417.898651,-472.147888,444.642120,-490.409760
418.048157,-472.282684,444.642120,-490.409760
418.216431,-472.450623,444.642120,-490.409760
418.306946,-472.531464,444.642120,-490.409760
418.164185,-472.514954,444.642120,-490.409760
417.899658,-472.410217,444.642120,-490.409760
417.764679,-472.373047,444.642120,-490.409760
417.703156,-472.314331,444.642120,-490.409760
417.743195,-472.247864,444.642120,-490.409760
417.709503,-472.284241,444.642120,-490.409760
417.790955,-472.327484,444.642120,-490.409760
417.926331,-472.303741,444.642120,-490.409760
418.097473,-472.284241,444.642120,-490.409760
418.312927,-472.291565,444.642120,-490.409760
418.541321,-472.307495,444.642120,-490.409760
418.760498,-472.385284,444.642120,-490.409760
418.956207,-472.540558,444.642120,-490.409760
419.145233,-472.802551,444.642120,-490.409760
419.291229,-473.090790,444.642120,-490.409760
419.279510,-473.273773,444.642120,-490.409760
418.881866,-473.184784,444.642120,-490.409760
418.694275,-472.884705,444.642120,-490.409760
418.601654,-472.880768,444.642120,-490.409760
418.506989,-472.914215,444.642120,-490.409760
418.384216,-472.937500,444.642120,-490.409760
418.295288,-472.919617,444.642120,-490.409760
418.127014,-472.911896,444.642120,-490.409760
418.046204,-472.909363,444.642120,-490.409760
417.945831,-472.932617,444.642120,-490.409760
417.867767,-472.998138,444.642120,-490.409760
417.847778,-473.028168,444.642120,-490.409760
417.836121,-473.034271,444.642120,-490.409760
417.638000,-473.075714,444.642120,-490.409760
417.528076,-473.129639,444.642120,-490.409760
417.402313,-473.221466,444.642120,-490.409760
417.326508,-473.319641,444.642120,-490.409760
417.267059,-473.487335,444.642120,-490.409760
417.134613,-473.774872,444.642120,-490.409760
417.040863,-473.842804,444.642120,-490.409760
416.948090,-473.909363,444.642120,-490.409760
416.855225,-473.972351,444.642120,-490.409760
416.764709,-474.043793,444.642120,-490.409760
416.669373,-474.134430,444.642120,-490.409760
416.410736,-474.358795,444.642120,-490.409760
416.231506,-474.500610,444.642120,-490.409760
415.981598,-474.728729,444.642120,-490.409760
415.682648,-474.978760,444.642120,-490.409760
415.322052,-475.251678,444.642120,-490.409760
414.937012,-475.546906,444.642120,-490.409760
414.574188,-475.828613,444.642120,-490.409760
414.103973,-476.243591,444.642120,-490.409760
413.915009,-476.433319,444.642120,-490.409760
413.809204,-476.551239,444.642120,-490.409760
413.772217,-476.659271,444.642120,-490.409760
413.712067,-476.863770,444.642120,-490.409760
413.694061,-477.145050,444.642120,-490.409760
413.703125,-477.457428,444.642120,-490.409760
413.601593,-477.930084,444.642120,-490.409760
413.467896,-478.086456,444.642120,-490.409760
413.285919,-478.281799,444.642120,-490.409760
413.039276,-478.565155,444.642120,-490.409760
412.766327,-478.886841,444.642120,-490.409760
412.424683,-479.273926,444.642120,-490.409760
412.009796,-479.710449,444.642120,-490.409760
411.056702,-480.568817,444.642120,-490.409760
410.643066,-480.948975,444.642120,-490.409760
410.244049,-481.366821,444.642120,-490.409760
409.989014,-481.734741,444.642120,-490.409760
409.884003,-482.028778,444.642120,-490.409760
409.848541,-482.322815,444.642120,-490.409760
409.781433,-482.667297,444.642120,-490.409760
409.631012,-483.338165,444.642120,-490.409760
409.517212,-483.683746,444.642120,-490.409760
409.381683,-484.159332,444.642120,-490.409760
409.247864,-484.693207,444.642120,-490.409760
409.079681,-485.238861,444.642120,-490.409760
408.860474,-485.691742,444.642120,-490.409760
408.509521,-486.042633,444.642120,-490.409760
407.698730,-487.050568,444.642120,-490.409760
407.377136,-487.516479,444.642120,-490.409760
407.030029,-487.979279,444.642120,-490.409760
406.636322,-488.462250,444.642120,-490.409760
406.284088,-488.951233,444.642120,-490.409760
406.011688,-489.417664,444.642120,-490.409760
405.858887,-489.851288,444.642120,-490.409760
405.731689,-490.858582,444.642120,-490.409760
405.597900,-491.508850,444.642120,-490.409760
405.391327,-492.214935,444.642120,-490.409760
405.242950,-492.912903,444.642120,-490.409760
405.171173,-493.587769,444.642120,-490.409760
405.106720,-494.191193,444.642120,-490.409760
405.001282,-494.639984,444.642120,-490.409760
404.894562,-494.929413,444.642120,-490.409760
404.283173,-495.809937,444.642120,-490.409760
403.819366,-496.324738,444.642120,-490.409760
403.275085,-496.836029,444.642120,-490.409760
402.700531,-497.300232,444.642120,-490.409760
402.065582,-497.754333,444.642120,-490.409760
401.395569,-498.199341,444.642120,-490.409760
400.963531,-498.621826,444.642120,-490.409760
400.494934,-499.659393,444.642120,-490.409760
400.294647,-500.313080,444.642120,-490.409760
400.009338,-500.981812,444.642120,-490.409760
399.741974,-501.652405,444.642120,-490.409760
399.456512,-502.350922,444.642120,-490.409760
399.160889,-503.064178,444.642120,-490.409760
398.776337,-503.751862,444.642120,-490.409760
398.356384,-504.351593,444.642120,-490.409760
397.467468,-505.198456,444.642120,-490.409760
397.028595,-505.442322,444.642120,-490.409760
396.456848,-505.716949,444.642120,-490.409760
395.781677,-506.073517,444.642120,-490.409760
395.290619,-506.419617,444.642120,-490.409760
394.935547,-506.682465,444.642120,-490.409760
394.557404,-506.963104,444.642120,-490.409760
394.095581,-507.237427,444.642120,-490.409760
392.936615,-507.813721,444.642120,-490.409760
392.501709,-508.162506,444.642120,-490.409760
392.226593,-508.548309,444.642120,-490.409760
391.838043,-508.998810,444.642120,-490.409760
391.328033,-509.476929,444.642120,-490.409760
390.728241,-509.971802,444.642120,-490.409760
389.970612,-510.468079,444.642120,-490.409760
389.222168,-511.096100,444.642120,-490.409760
388.302155,-512.156860,444.642120,-490.409760
387.906189,-512.473145,444.642120,-490.409760
387.424164,-512.707458,444.642120,-490.409760
386.846191,-512.885803,444.642120,-490.409760
386.232208,-513.052856,444.642120,-490.409760
385.683044,-513.225403,444.642120,-490.409760
385.351929,-513.411682,444.642120,-490.409760
384.957977,-513.660095,444.642120,-490.409760
383.973267,-514.114624,444.642120,-490.409760
383.281921,-514.414551,444.642120,-490.409760
382.453308,-514.771118,444.642120,-490.409760
381.541687,-515.137939,444.642120,-490.409760
380.753662,-515.541443,444.642120,-490.409760
380.049286,-515.982239,444.642120,-490.409760
379.335968,-516.414307,444.642120,-490.409760
378.691559,-516.831970,444.642120,-490.409760
377.571259,-517.617554,444.642120,-490.409760
377.072052,-517.927124,444.642120,-490.409760
376.630646,-518.078552,444.642120,-490.409760
376.117615,-518.173889,444.642120,-490.409760
375.456329,-518.298523,444.642120,-490.409760
374.742981,-518.426758,444.642120,-490.409760
373.974060,-518.529297,444.642120,-490.409760
373.214569,-518.598633,444.642120,-490.409760
371.444275,-518.636169,444.642120,-490.409760
370.546143,-518.683533,444.642120,-490.409760
369.629425,-518.764099,444.642120,-490.409760
368.953888,-518.935486,444.642120,-490.409760
368.515869,-519.212646,444.642120,-490.409760
367.942047,-519.568604,444.642120,-490.409760
367.273438,-519.990662,444.642120,-490.409760
366.497772,-520.458679,444.642120,-490.409760
364.834320,-521.548096,444.642120,-490.409760
364.063995,-522.155701,444.642120,-490.409760
363.287537,-522.767639,444.642120,-490.409760
362.502441,-523.288452,444.642120,-490.409760
361.696655,-523.661743,444.642120,-490.409760
361.009674,-523.787598,444.642120,-490.409760
360.284637,-523.816040,444.642120,-490.409760
359.490967,-523.815491,444.642120,-490.409760
358.696991,-523.851013,444.642120,-490.409760
357.315247,-523.989014,444.642120,-490.409760
356.580353,-524.038086,444.642120,-490.409760
355.867462,-524.080322,444.642120,-490.409760
355.188477,-524.167480,444.642120,-490.409760
354.576935,-524.270935,444.642120,-490.409760
353.997681,-524.439148,444.642120,-490.409760
353.509430,-524.679382,444.642120,-490.409760
352.928162,-524.929626,444.642120,-490.409760
352.312683,-525.260132,444.642120,-490.409760
350.760223,-526.030945,444.642120,-490.409760
349.959167,-526.442383,444.642120,-490.409760
349.101563,-526.829224,444.642120,-490.409760
348.336151,-527.182434,444.642120,-490.409760
347.772614,-527.438599,444.642120,-490.409760
347.201721,-527.649841,444.642120,-490.409760
346.684418,-527.764954,444.642120,-490.409760
346.119751,-527.898438,444.642120,-490.409760
345.468018,-528.027710,444.642120,-490.409760
343.960785,-528.298401,444.642120,-490.409760
343.318756,-528.477295,444.642120,-490.409760
342.741577,-528.671875,444.642120,-490.409760
342.159119,-528.860168,444.642120,-490.409760
341.479401,-529.016052,444.642120,-490.409760
340.730438,-529.174255,444.642120,-490.409760
340.091400,-529.362610,444.642120,-490.409760
339.545715,-529.604187,444.642120,-490.409760
338.269287,-530.065857,444.642120,-490.409760
337.568878,-530.270264,444.642120,-490.409760
336.786072,-530.444580,444.642120,-490.409760
336.073059,-530.615479,444.642120,-490.409760
335.472748,-530.790039,444.642120,-490.409760
334.866730,-530.919678,444.642120,-490.409760
334.176849,-531.041382,444.642120,-490.409760
333.364624,-531.170898,444.642120,-490.409760
332.462372,-531.293884,444.642120,-490.409760
330.452820,-531.561768,444.642120,-490.409760
329.478790,-531.663513,444.642120,-490.409760
328.645447,-531.736938,444.642120,-490.409760
327.875244,-531.856140,444.642120,-490.409760
327.142975,-531.973145,444.642120,-490.409760
326.382263,-532.081299,444.642120,-490.409760
325.590790,-532.201965,444.642120,-490.409760
324.810333,-532.340881,444.642120,-490.409760
324.069580,-532.481018,444.642120,-490.409760
322.708099,-532.857056,444.642120,-490.409760
322.010406,-533.070313,444.642120,-490.409760
321.316315,-533.318542,444.642120,-490.409760
320.582184,-533.557068,444.642120,-490.409760
319.788086,-533.773926,444.642120,-490.409760
318.969788,-533.992493,444.642120,-490.409760
318.091644,-534.183228,444.642120,-490.409760
317.277008,-534.424194,444.642120,-490.409760
316.469604,-534.684753,444.642120,-490.409760
314.850586,-535.148254,444.642120,-490.409760
313.978973,-535.309631,444.642120,-490.409760
313.021240,-535.422119,444.642120,-490.409760
312.052979,-535.509949,444.642120,-490.409760
311.236389,-535.575439,444.642120,-490.409760
310.513580,-535.674927,444.642120,-490.409760
309.846161,-535.783447,444.642120,-490.409760
309.175537,-535.858154,444.642120,-490.409760
307.762878,-535.994995,444.642120,-490.409760
306.984680,-536.049255,444.642120,-490.409760
306.124939,-536.094360,444.642120,-490.409760
305.253143,-536.146912,444.642120,-490.409760
304.472473,-536.231628,444.642120,-490.409760
303.706940,-536.351990,444.642120,-490.409760
302.839813,-536.433289,444.642120,-490.409760
301.932587,-536.482483,444.642120,-490.409760
301.057861,-536.470825,444.642120,-490.409760
299.449066,-536.584595,444.642120,-490.409760
298.595551,-536.673218,444.642120,-490.409760
297.726166,-536.789978,444.642120,-490.409760
296.838806,-536.943420,444.642120,-490.409760
295.938477,-537.119446,444.642120,-490.409760
294.960358,-537.285278,444.642120,-490.409760
293.913086,-537.428711,444.642120,-490.409760
292.909729,-537.596619,444.642120,-490.409760
291.984650,-537.766418,444.642120,-490.409760
290.270844,-538.046509,444.642120,-490.409760
289.503784,-538.126526,444.642120,-490.409760
288.763916,-538.190430,444.642120,-490.409760
287.954010,-538.236877,444.642120,-490.409760
287.080963,-538.287476,444.642120,-490.409760
286.113312,-538.320129,444.642120,-490.409760
285.104126,-538.333130,444.642120,-490.409760
284.091461,-538.356445,444.642120,-490.409760
283.170685,-538.348328,444.642120,-490.409760
281.348663,-538.366760,444.642120,-490.409760
280.537445,-538.454590,444.642120,-490.409760
279.751495,-538.613525,444.642120,-490.409760
278.923370,-538.766357,444.642120,-490.409760
278.128296,-538.880554,444.642120,-490.409760
277.336243,-539.054871,444.642120,-490.409760
276.537476,-539.231995,444.642120,-490.409760
275.731964,-539.418213,444.642120,-490.409760
274.902313,-539.576233,444.642120,-490.409760
273.090607,-539.802673,444.642120,-490.409760
272.167175,-539.861450,444.642120,-490.409760
271.255463,-539.864868,444.642120,-490.409760
270.359833,-539.903564,444.642120,-490.409760
269.398682,-539.951111,444.642120,-490.409760
268.418335,-539.970825,444.642120,-490.409760
267.561554,-540.038940,444.642120,-490.409760
266.766174,-540.148376,444.642120,-490.409760
265.997284,-540.264343,444.642120,-490.409760
264.400024,-540.496948,444.642120,-490.409760
263.631744,-540.645813,444.642120,-490.409760
262.845367,-540.782471,444.642120,-490.409760
262.019440,-540.869568,444.642120,-490.409760
261.151123,-540.923340,444.642120,-490.409760
260.218719,-540.908386,444.642120,-490.409760
259.274658,-540.907776,444.642120,-490.409760
258.490753,-540.978455,444.642120,-490.409760
257.805634,-541.093811,444.642120,-490.409760
256.370575,-541.098755,444.642120,-490.409760
255.618454,-541.033752,444.642120,-490.409760
254.748001,-540.974548,444.642120,-490.409760
253.894302,-540.883301,444.642120,-490.409760
253.046951,-540.796387,444.642120,-490.409760
252.237488,-540.763306,444.642120,-490.409760
251.492645,-540.773071,444.642120,-490.409760
250.739807,-540.756165,444.642120,-490.409760
249.983215,-540.687988,444.642120,-490.409760
248.410873,-540.496582,444.642120,-490.409760
247.729782,-540.448364,444.642120,-490.409760
247.063950,-540.386169,444.642120,-490.409760
246.372528,-540.275757,444.642120,-490.409760
245.593781,-540.157532,444.642120,-490.409760
244.792252,-540.085205,444.642120,-490.409760
244.008026,-540.080688,444.642120,-490.409760
243.186295,-540.125305,444.642120,-490.409760
242.290344,-540.164124,444.642120,-490.409760
240.589783,-540.127441,444.642120,-490.409760
239.785721,-540.072754,444.642120,-490.409760
238.982117,-540.005981,444.642120,-490.409760
238.130020,-539.927185,444.642120,-490.409760
237.224655,-539.854187,444.642120,-490.409760
236.369659,-539.751892,444.642120,-490.409760
235.541855,-539.662964,444.642120,-490.409760
234.668732,-539.587036,444.642120,-490.409760
233.864578,-539.529297,444.642120,-490.409760
232.278091,-539.517273,444.642120,-490.409760
231.417374,-539.522278,444.642120,-490.409760
230.565323,-539.515442,444.642120,-490.409760
229.746964,-539.543274,444.642120,-490.409760
228.904831,-539.604736,444.642120,-490.409760
228.051788,-539.686340,444.642120,-490.409760
227.106186,-539.777344,444.642120,-490.409760
226.248428,-539.806274,444.642120,-490.409760
225.460297,-539.800232,444.642120,-490.409760
223.904999,-539.815796,444.642120,-490.409760
223.062744,-539.858765,444.642120,-490.409760
222.187241,-539.924316,444.642120,-490.409760
221.284561,-540.016785,444.642120,-490.409760
220.353973,-540.057861,444.642120,-490.409760
219.414886,-540.148743,444.642120,-490.409760
218.482513,-540.273621,444.642120,-490.409760
217.601563,-540.401672,444.642120,-490.409760
216.734467,-540.567627,444.642120,-490.409760
215.222504,-540.683899,444.642120,-490.409760
214.456146,-540.754211,444.642120,-490.409760
213.686844,-540.839050,444.642120,-490.409760
212.900192,-540.918579,444.642120,-490.409760
212.092453,-540.969604,444.642120,-490.409760
211.289307,-541.006714,444.642120,-490.409760
210.472412,-541.035034,444.642120,-490.409760
209.615250,-541.110535,444.642120,-490.409760
208.752319,-541.218811,444.642120,-490.409760
207.052872,-541.378052,444.642120,-490.409760
206.284973,-541.452454,444.642120,-490.409760
205.488403,-541.487915,444.642120,-490.409760
204.651779,-541.529480,444.642120,-490.409760
203.788696,-541.556763,444.642120,-490.409760
202.923187,-541.576538,444.642120,-490.409760
201.998581,-541.588440,444.642120,-490.409760
201.057541,-541.587463,444.642120,-490.409760
200.111389,-541.586975,444.642120,-490.409760
198.211380,-541.475586,444.642120,-490.409760
197.298767,-541.426147,444.642120,-490.409760
196.492767,-541.387878,444.642120,-490.409760
195.777618,-541.343445,444.642120,-490.409760
195.029129,-541.260864,444.642120,-490.409760
194.242035,-541.200195,444.642120,-490.409760
193.480331,-541.211304,444.642120,-490.409760
192.708862,-541.277344,444.642120,-490.409760
191.179642,-541.343506,444.642120,-490.409760
190.383652,-541.325562,444.642120,-490.409760
189.538589,-541.261230,444.642120,-490.409760
188.714798,-541.211975,444.642120,-490.409760
187.945770,-541.254517,444.642120,-490.409760
187.184601,-541.290344,444.642120,-490.409760
186.381409,-541.232483,444.642120,-490.409760
184.814728,-540.999878,444.642120,-490.409760
184.046951,-540.921875,444.642120,-490.409760
183.284470,-540.861938,444.642120,-490.409760
182.430817,-540.743958,444.642120,-490.409760
181.593658,-540.658752,444.642120,-490.409760
180.836990,-540.612671,444.642120,-490.409760
180.073105,-540.542053,444.642120,-490.409760
179.228302,-540.440674,444.642120,-490.409760
177.387054,-540.157104,444.642120,-490.409760
176.406860,-540.007202,444.642120,-490.409760
175.457916,-539.908386,444.642120,-490.409760
174.572418,-539.847168,444.642120,-490.409760
173.729126,-539.814026,444.642120,-490.409760
172.888046,-539.757935,444.642120,-490.409760
171.253464,-539.503418,444.642120,-490.409760
170.436783,-539.404663,444.642120,-490.409760
169.601852,-539.354248,444.642120,-490.409760
168.810303,-539.289124,444.642120,-490.409760
167.992767,-539.213745,444.642120,-490.409760
167.152512,-539.121399,444.642120,-490.409760
166.367569,-539.057739,444.642120,-490.409760
164.741287,-538.958496,444.642120,-490.409760
163.936096,-538.883362,444.642120,-490.409760
163.157974,-538.841125,444.642120,-490.409760
162.356079,-538.819885,444.642120,-490.409760
161.557693,-538.780884,444.642120,-490.409760
160.735001,-538.707886,444.642120,-490.409760
159.886963,-538.618103,444.642120,-490.409760
158.207916,-538.465088,444.642120,-490.409760
157.369247,-538.441223,444.642120,-490.409760
156.494064,-538.454773,444.642120,-490.409760
155.618149,-538.450623,444.642120,-490.409760
154.832306,-538.423584,444.642120,-490.409760
154.040955,-538.422546,444.642120,-490.409760
153.234970,-538.425781,444.642120,-490.409760
151.631302,-538.311890,444.642120,-490.409760
150.840973,-538.235840,444.642120,-490.409760
150.032898,-538.166504,444.642120,-490.409760
149.201889,-538.100159,444.642120,-490.409760
148.387100,-538.034363,444.642120,-490.409760
147.602722,-537.965820,444.642120,-490.409760
146.001312,-537.805054,444.642120,-490.409760
145.213028,-537.723206,444.642120,-490.409760
144.426819,-537.655334,444.642120,-490.409760
143.618088,-537.608887,444.642120,-490.409760
142.840317,-537.539551,444.642120,-490.409760
142.039032,-537.473694,444.642120,-490.409760
140.356125,-537.318909,444.642120,-490.409760
139.595184,-537.217590,444.642120,-490.409760
138.793259,-537.078369,444.642120,-490.409760
137.963776,-536.920288,444.642120,-490.409760
136.328461,-536.572266,444.642120,-490.409760
135.529724,-536.393860,444.642120,-490.409760
134.803711,-536.224731,444.642120,-490.409760
134.103912,-536.008545,444.642120,-490.409760
132.797577,-535.528992,444.642120,-490.409760
132.076157,-535.336426,444.642120,-490.409760
131.355179,-535.146912,444.642120,-490.409760
130.622284,-534.930481,444.642120,-490.409760
129.889740,-534.700439,444.642120,-490.409760
128.478287,-534.259338,444.642120,-490.409760
127.788223,-534.016663,444.642120,-490.409760
127.104118,-533.715576,444.642120,-490.409760
126.298882,-533.369202,444.642120,-490.409760
124.580513,-532.415283,444.642120,-490.409760
123.678238,-531.838501,444.642120,-490.409760
122.968178,-531.333435,444.642120,-490.409760
122.341240,-530.840942,444.642120,-490.409760
120.979820,-529.623840,444.642120,-490.409760
120.356049,-529.008240,444.642120,-490.409760
119.713608,-528.434814,444.642120,-490.409760
119.033112,-527.849060,444.642120,-490.409760
118.276077,-527.380676,444.642120,-490.409760
116.695389,-526.722717,444.642120,-490.409760
115.870895,-526.358337,444.642120,-490.409760
114.974121,-525.910400,444.642120,-490.409760
114.096977,-525.447571,444.642120,-490.409760
112.477455,-524.551270,444.642120,-490.409760
111.751259,-524.157715,444.642120,-490.409760
111.086632,-523.766663,444.642120,-490.409760
110.428673,-523.303528,444.642120,-490.409760
109.099007,-522.253967,444.642120,-490.409760
108.448448,-521.765259,444.642120,-490.409760
107.780701,-521.273743,444.642120,-490.409760
107.039032,-520.717896,444.642120,-490.409760
106.330032,-520.232361,444.642120,-490.409760
105.617798,-519.870789,444.642120,-490.409760
104.204933,-519.048767,444.642120,-490.409760
103.478088,-518.500061,444.642120,-490.409760
102.803162,-517.881958,444.642120,-490.409760
102.177475,-517.229126,444.642120,-490.409760
101.552498,-516.474060,444.642120,-490.409760
100.956619,-515.759155,444.642120,-490.409760
100.417702,-515.248840,444.642120,-490.409760
99.079018,-514.430725,444.642120,-490.409760
98.342842,-513.948914,444.642120,-490.409760
97.627159,-513.440002,444.642120,-490.409760
96.887550,-512.958740,444.642120,-490.409760
96.177132,-512.392334,444.642120,-490.409760
95.462006,-511.725891,444.642120,-490.409760
94.748077,-511.017426,444.642120,-490.409760
93.222244,-509.972870,444.642120,-490.409760
92.558212,-509.431854,444.642120,-490.409760
91.992706,-508.769440,444.642120,-490.409760
91.539040,-507.975372,444.642120,-490.409760
91.156586,-507.092834,444.642120,-490.409760
90.754776,-506.244324,444.642120,-490.409760
90.345131,-505.555969,444.642120,-490.409760
89.485168,-504.382935,444.642120,-490.409760
89.034180,-503.802765,444.642120,-490.409760
88.573387,-503.189789,444.642120,-490.409760
88.118858,-502.568085,444.642120,-490.409760
87.668510,-501.986725,444.642120,-490.409760
87.229889,-501.401642,444.642120,-490.409760
86.412407,-500.308380,444.642120,-490.409760
86.055664,-499.633698,444.642120,-490.409760
85.749680,-498.884369,444.642120,-490.409760
85.459602,-498.003601,444.642120,-490.409760
84.767647,-496.476501,444.642120,-490.409760
84.389336,-495.946381,444.642120,-490.409760
84.075424,-495.311340,444.642120,-490.409760
83.838547,-494.493011,444.642120,-490.409760
83.664352,-493.603180,444.642120,-490.409760
83.496956,-491.988983,444.642120,-490.409760
83.527878,-491.073212,444.642120,-490.409760
83.616722,-490.150574,444.642120,-490.409760
83.677048,-489.269531,444.642120,-490.409760
83.603584,-488.500427,444.642120,-490.409760
83.287895,-487.873322,444.642120,-490.409760
83.027267,-487.169678,444.642120,-490.409760
82.877052,-486.481659,444.642120,-490.409760
82.837158,-485.553162,444.642120,-490.409760
82.882744,-485.237457,444.642120,-490.409760
82.773956,-484.877747,444.642120,-490.409760
82.684753,-484.390594,444.642120,-490.409760
82.701019,-483.832458,444.642120,-490.409760
82.878876,-483.359253,444.642120,-490.409760
83.210258,-482.916229,444.642120,-490.409760
83.669243,-482.472748,444.642120,-490.409760
84.695168,-481.550842,444.642120,-490.409760
85.195000,-481.029236,444.642120,-490.409760
85.603584,-480.466156,444.642120,-490.409760
85.927750,-479.953369,444.642120,-490.409760
86.198044,-479.560486,444.642120,-490.409760
86.397278,-479.371521,444.642120,-490.409760
86.755997,-479.324707,444.642120,-490.409760
87.070175,-479.337158,444.642120,-490.409760
87.349983,-479.213776,444.642120,-490.409760
87.858154,-478.682007,444.642120,-490.409760
88.036705,-478.450958,444.642120,-490.409760
88.175591,-478.276703,444.642120,-490.409760
88.295303,-478.127625,444.642120,-490.409760
88.400360,-477.995728,444.642120,-490.409760
88.511917,-477.889191,444.642120,-490.409760
88.953506,-477.552124,444.642120,-490.409760
89.084213,-477.404266,444.642120,-490.409760
89.147675,-477.299255,444.642120,-490.409760
89.183205,-477.218994,444.642120,-490.409760
89.254478,-477.150604,444.642120,-490.409760
89.329063,-477.121918,444.642120,-490.409760
89.412079,-477.138000,444.642120,-490.409760
89.619316,-477.212158,444.642120,-490.409760
89.700775,-477.250092,444.642120,-490.409760
89.773193,-477.272919,444.642120,-490.409760
89.867538,-477.306091,444.642120,-490.409760
89.985298,-477.358368,444.642120,-490.409760
90.135490,-477.417297,444.642120,-490.409760
90.489235,-477.577911,444.642120,-490.409760
90.695137,-477.688751,444.642120,-490.409760
90.916451,-477.817749,444.642120,-490.409760
91.154236,-477.938721,444.642120,-490.409760
91.457024,-478.078979,444.642120,-490.409760
91.788704,-478.275024,444.642120,-490.409760
92.238548,-478.748444,444.642120,-490.409760
92.179688,-479.033264,444.642120,-490.409760
92.242241,-479.436890,444.642120,-490.409760
92.365494,-479.921570,444.642120,-490.409760
92.520599,-480.487305,444.642120,-490.409760
92.760910,-481.544037,444.642120,-490.409760
92.829605,-481.864014,444.642120,-490.409760
92.952309,-482.099213,444.642120,-490.409760
93.088524,-482.253052,444.642120,-490.409760
93.261482,-482.421082,444.642120,-490.409760
93.384682,-482.560577,444.642120,-490.409760
93.504982,-482.834045,444.642120,-490.409760
93.553368,-482.963745,444.642120,-490.409760
93.646797,-483.051605,444.642120,-490.409760
93.767349,-483.090485,444.642120,-490.409760
93.826653,-483.185516,444.642120,-490.409760
93.948418,-483.361511,444.642120,-490.409760
94.022606,-483.411499,444.642120,-490.409760
94.102737,-483.428131,444.642120,-490.409760
94.190445,-483.413116,444.642120,-490.409760
94.284882,-483.396820,444.642120,-490.409760
94.411163,-483.419556,444.642120,-490.409760
94.517517,-483.455750,444.642120,-490.409760
94.606789,-483.475525,444.642120,-490.409760
94.860703,-483.522247,444.642120,-490.409760
95.031403,-483.533691,444.642120,-490.409760
95.181061,-483.560150,444.642120,-490.409760
95.329689,-483.598938,444.642120,-490.409760
95.474037,-483.631653,444.642120,-490.409760
95.615379,-483.631561,444.642120,-490.409760
95.998749,-483.507263,444.642120,-490.409760
96.215233,-483.419067,444.642120,-490.409760
96.399910,-483.355469,444.642120,-490.409760
96.600746,-483.325714,444.642120,-490.409760
96.819168,-483.284698,444.642120,-490.409760
97.041153,-483.185669,444.642120,-490.409760
97.575478,-482.931061,444.642120,-490.409760
97.874489,-482.753601,444.642120,-490.409760
98.171402,-482.556091,444.642120,-490.409760
98.472023,-482.326508,444.642120,-490.409760
98.754807,-482.096710,444.642120,-490.409760
99.388771,-481.593323,444.642120,-490.409760
99.657013,-481.391693,444.642120,-490.409760
99.871674,-481.210785,444.642120,-490.409760
100.099724,-481.008606,444.642120,-490.409760
100.371605,-480.678467,444.642120,-490.409760
100.663391,-480.303772,444.642120,-490.409760
101.261520,-479.576294,444.642120,-490.409760
101.471687,-479.339905,444.642120,-490.409760
101.683884,-479.159210,444.642120,-490.409760
101.975296,-478.898376,444.642120,-490.409760
102.287071,-478.570282,444.642120,-490.409760
102.918137,-477.860107,444.642120,-490.409760
103.192108,-477.518188,444.642120,-490.409760
103.462074,-477.174194,444.642120,-490.409760
103.714767,-476.901886,444.642120,-490.409760
103.957970,-476.677094,444.642120,-490.409760
104.167061,-476.449158,444.642120,-490.409760
104.563576,-476.061432,444.642120,-490.409760
104.757576,-475.881927,444.642120,-490.409760
104.921272,-475.735382,444.642120,-490.409760
105.076134,-475.611420,444.642120,-490.409760
105.253510,-475.474335,444.642120,-490.409760
105.606667,-475.218781,444.642120,-490.409760
105.809250,-475.143646,444.642120,-490.409760
106.050766,-475.075043,444.642120,-490.409760
106.274399,-474.987457,444.642120,-490.409760
106.460793,-474.907257,444.642120,-490.409760
106.609909,-474.794617,444.642120,-490.409760
106.960632,-474.528320,444.642120,-490.409760
107.132965,-474.392303,444.642120,-490.409760
107.298363,-474.275146,444.642120,-490.409760
107.466972,-474.151581,444.642120,-490.409760
107.657822,-474.021088,444.642120,-490.409760
107.840164,-473.876526,444.642120,-490.409760
108.205620,-473.688141,444.642120,-490.409760
108.391823,-473.605011,444.642120,-490.409760
108.575127,-473.519775,444.642120,-490.409760
108.729340,-473.446869,444.642120,-490.409760
108.882133,-473.379791,444.642120,-490.409760
109.168449,-473.238892,444.642120,-490.409760
109.329498,-473.191498,444.642120,-490.409760
109.483330,-473.150177,444.642120,-490.409760
109.652184,-473.084106,444.642120,-490.409760
109.835869,-473.002167,444.642120,-490.409760
110.016312,-472.940704,444.642120,-490.409760
110.368317,-472.858490,444.642120,-490.409760
110.551720,-472.820679,444.642120,-490.409760
110.743652,-472.778076,444.642120,-490.409760
110.937912,-472.727783,444.642120,-490.409760
111.128334,-472.679657,444.642120,-490.409760
111.308418,-472.642212,444.642120,-490.409760
111.666077,-472.586365,444.642120,-490.409760
111.868690,-472.593292,444.642120,-490.409760
112.039070,-472.589539,444.642120,-490.409760
112.204399,-472.584839,444.642120,-490.409760
112.199989,-472.401184,444.642120,-490.409760
112.565048,-472.420105,444.642120,-490.409760
112.722267,-472.421509,444.642120,-490.409760
112.895668,-472.424347,444.642120,-490.409760
113.083763,-472.441742,444.642120,-490.409760
113.289017,-472.440521,444.642120,-490.409760
113.658859,-472.358368,444.642120,-490.409760
113.855370,-472.309265,444.642120,-490.409760
114.011612,-472.312775,444.642120,-490.409760
114.171585,-472.308777,444.642120,-490.409760
114.325516,-472.286469,444.642120,-490.409760
114.477516,-472.244324,444.642120,-490.409760
114.769173,-472.121277,444.642120,-490.409760
114.913300,-472.087708,444.642120,-490.409760
115.080070,-472.088501,444.642120,-490.409760
115.236847,-472.083740,444.642120,-490.409760
115.397461,-472.059418,444.642120,-490.409760
115.653793,-471.989685,444.642120,-490.409760
115.775490,-471.952057,444.642120,-490.409760
115.898567,-471.915070,444.642120,-490.409760
116.026489,-471.877136,444.642120,-490.409760
116.158951,-471.838867,444.642120,-490.409760
116.445160,-471.769989,444.642120,-490.409760
116.576233,-471.735321,444.642120,-490.409760
116.689117,-471.696381,444.642120,-490.409760
116.814285,-471.630798,444.642120,-490.409760
116.957718,-471.558502,444.642120,-490.409760
117.190552,-471.512878,444.642120,-490.409760
117.275627,-471.489777,444.642120,-490.409760
117.352066,-471.458130,444.642120,-490.409760
117.448654,-471.426270,444.642120,-490.409760
117.569214,-471.392944,444.642120,-490.409760
117.803062,-471.321350,444.642120,-490.409760
117.893684,-471.289429,444.642120,-490.409760
117.982376,-471.253937,444.642120,-490.409760
118.087311,-471.201813,444.642120,-490.409760
118.206566,-471.129547,444.642120,-490.409760
118.395584,-470.988983,444.642120,-490.409760
118.439110,-470.940582,444.642120,-490.409760
118.470161,-470.893250,444.642120,-490.409760
118.515556,-470.827820,444.642120,-490.409760
118.575577,-470.751801,444.642120,-490.409760
118.755173,-470.610199,444.642120,-490.409760
118.860062,-470.569672,444.642120,-490.409760
118.978165,-470.512695,444.642120,-490.409760
119.102600,-470.441467,444.642120,-490.409760
119.175255,-470.373596,444.642120,-490.409760
119.221230,-470.267181,444.642120,-490.409760
119.241745,-470.208771,444.642120,-490.409760
119.271362,-470.142609,444.642120,-490.409760
119.296089,-470.087646,444.642120,-490.409760
119.330132,-470.034912,444.642120,-490.409760
119.450661,-469.913940,444.642120,-490.409760
119.545578,-469.839386,444.642120,-490.409760
119.654152,-469.763672,444.642120,-490.409760
119.722794,-469.706818,444.642120,-490.409760
119.748909,-469.647736,444.642120,-490.409760
119.816093,-469.516785,444.642120,-490.409760
119.858315,-469.464142,444.642120,-490.409760
119.908607,-469.412231,444.642120,-490.409760
119.965218,-469.361816,444.642120,-490.409760
120.013306,-469.316498,444.642120,-490.409760
120.053139,-469.218964,444.642120,-490.409760
120.063477,-469.165314,444.642120,-490.409760
120.066483,-469.114044,444.642120,-490.409760
120.060173,-469.078979,444.642120,-490.409760
120.049690,-469.056641,444.642120,-490.409760
120.035706,-469.024567,444.642120,-490.409760
120.036804,-468.997101,444.642120,-490.409760
120.047089,-468.955353,444.642120,-490.409760
120.061485,-468.904022,444.642120,-490.409760
120.079689,-468.843750,444.642120,-490.409760
120.104149,-468.702789,444.642120,-490.409760
120.101776,-468.658722,444.642120,-490.409760
120.089462,-468.634583,444.642120,-490.409760
120.069962,-468.627747,444.642120,-490.409760
120.044670,-468.631287,444.642120,-490.409760
119.999588,-468.639923,444.642120,-490.409760
119.990700,-468.625580,444.642120,-490.409760
119.991386,-468.593140,444.642120,-490.409760
119.998177,-468.549713,444.642120,-490.409760
120.008240,-468.506683,444.642120,-490.409760
120.020134,-468.464142,444.642120,-490.409760
120.027260,-468.431274,444.642120,-490.409760
120.016701,-468.418945,444.642120,-490.409760
120.011955,-468.423004,444.642120,-490.409760
120.008415,-468.428864,444.642120,-490.409760
120.005592,-468.434662,444.642120,-490.409760
120.003082,-468.439819,444.642120,-490.409760
120.002220,-468.427673,444.642120,-490.409760
120.001091,-468.411926,444.642120,-490.409760
120.000221,-468.399750,444.642120,-490.409760
120.000221,-468.399750,444.642120,-490.409760
120.000221,-468.399750,444.642120,-490.409760
119.999916,-468.395447,444.642120,-490.409760
119.999817,-468.394012,444.642120,-490.409760
119.999763,-468.393311,444.642120,-490.409760
120.005135,-468.387939,444.642120,-490.409760
120.014442,-468.377289,444.642120,-490.409760
120.018959,-468.375092,444.642120,-490.409760
120.017921,-468.360779,444.642120,-490.409760
120.029465,-468.361176,444.642120,-490.409760
120.044235,-468.366333,444.642120,-490.409760
120.056816,-468.376007,444.642120,-490.409760
120.076653,-468.386383,444.642120,-490.409760
120.130806,-468.412872,444.642120,-490.409760
120.162796,-468.426636,444.642120,-490.409760
120.195824,-468.439667,444.642120,-490.409760
120.220749,-468.440826,444.642120,-490.409760
120.248032,-468.439880,444.642120,-490.409760
120.242645,-468.374817,444.642120,-490.409760
120.285027,-468.369293,444.642120,-490.409760
120.282402,-468.339264,444.642120,-490.409760
120.319374,-468.337830,444.642120,-490.409760
120.359245,-468.340424,444.642120,-490.409760
120.452202,-468.347870,444.642120,-490.409760
120.446831,-468.293610,444.642120,-490.409760
120.441895,-468.245056,444.642120,-490.409760
120.435616,-468.185120,444.642120,-490.409760
120.496544,-468.177917,444.642120,-490.409760
120.619751,-468.162720,444.642120,-490.409760
120.610764,-468.087189,444.642120,-490.409760
120.602539,-468.020233,444.642120,-490.409760
120.592857,-467.944061,444.642120,-490.409760
120.580170,-467.848022,444.642120,-490.409760
120.652641,-467.750305,444.642120,-490.409760
120.779282,-467.736023,444.642120,-490.409760
120.886696,-467.724030,444.642120,-490.409760
120.997650,-467.702087,444.642120,-490.409760
121.096703,-467.680878,444.642120,-490.409760
121.368439,-467.637085,444.642120,-490.409760
121.552567,-467.616913,444.642120,-490.409760
121.752342,-467.576599,444.642120,-490.409760
121.991646,-467.519836,444.642120,-490.409760
122.205940,-467.462830,444.642120,-490.409760
122.517342,-467.390106,444.642120,-490.409760
122.667023,-467.355774,444.642120,-490.409760
122.837326,-467.319916,444.642120,-490.409760
123.017433,-467.266235,444.642120,-490.409760
123.175156,-467.217957,444.642120,-490.409760
123.620621,-467.094849,444.642120,-490.409760
123.844788,-467.024963,444.642120,-490.409760
124.102425,-466.932556,444.642120,-490.409760
124.353271,-466.839142,444.642120,-490.409760
124.673080,-466.722809,444.642120,-490.409760
125.429939,-466.439087,444.642120,-490.409760
125.880142,-466.250122,444.642120,-490.409760
126.112144,-466.125000,444.642120,-490.409760
126.228828,-466.045563,444.642120,-490.409760
126.408897,-465.951599,444.642120,-490.409760
126.871101,-465.725647,444.642120,-490.409760
127.222107,-465.603180,444.642120,-490.409760
127.584335,-465.457367,444.642120,-490.409760
127.903625,-465.370331,444.642120,-490.409760
128.189056,-465.335144,444.642120,-490.409760
128.655258,-465.217926,444.642120,-490.409760
128.929718,-465.120575,444.642120,-490.409760
129.211502,-465.009125,444.642120,-490.409760
129.518280,-464.878601,444.642120,-490.409760
129.848480,-464.747253,444.642120,-490.409760
130.358017,-464.555542,444.642120,-490.409760
130.562485,-464.468048,444.642120,-490.409760
130.778854,-464.371979,444.642120,-490.409760
131.005157,-464.267517,444.642120,-490.409760
131.238632,-464.156403,444.642120,-490.409760
131.709320,-463.936340,444.642120,-490.409760
131.948410,-463.831909,444.642120,-490.409760
132.204147,-463.716125,444.642120,-490.409760
132.439636,-463.614746,444.642120,-490.409760
132.681885,-463.505096,444.642120,-490.409760
133.098373,-463.287933,444.642120,-490.409760
133.316650,-463.176178,444.642120,-490.409760
133.524948,-463.069641,444.642120,-490.409760
133.742340,-462.943542,444.642120,-490.409760
133.924072,-462.823273,444.642120,-490.409760
134.345612,-462.549408,444.642120,-490.409760
134.583939,-462.388367,444.642120,-490.409760
134.802673,-462.236328,444.642120,-490.409760
135.013565,-462.105682,444.642120,-490.409760
135.213577,-461.990692,444.642120,-490.409760
135.393311,-461.866028,444.642120,-490.409760
135.605698,-461.715668,444.642120,-490.409760
136.004318,-461.405365,444.642120,-490.409760
136.202698,-461.251740,444.642120,-490.409760
136.396118,-461.108795,444.642120,-490.409760
136.597992,-460.942017,444.642120,-490.409760
136.807907,-460.771362,444.642120,-490.409760
137.224014,-460.419678,444.642120,-490.409760
137.383392,-460.275879,444.642120,-490.409760
137.548538,-460.132446,444.642120,-490.409760
137.718430,-459.962219,444.642120,-490.409760
137.885086,-459.736145,444.642120,-490.409760
138.202408,-459.110565,444.642120,-490.409760
138.309128,-458.718262,444.642120,-490.409760
138.413452,-458.316437,444.642120,-490.409760
138.571060,-457.957916,444.642120,-490.409760
138.961777,-457.656708,444.642120,-490.409760
139.097122,-457.482391,444.642120,-490.409760
139.249802,-457.283844,444.642120,-490.409760
139.418839,-457.064880,444.642120,-490.409760
139.718323,-456.589020,444.642120,-490.409760
139.851624,-456.352386,444.642120,-490.409760
140.004303,-456.100037,444.642120,-490.409760
140.171127,-455.906921,444.642120,-490.409760
140.573624,-455.430389,444.642120,-490.409760
140.786469,-455.117218,444.642120,-490.409760
140.994186,-454.791382,444.642120,-490.409760
141.193298,-454.474091,444.642120,-490.409760
141.348038,-454.252777,444.642120,-490.409760
141.466675,-454.069519,444.642120,-490.409760
141.577927,-453.881866,444.642120,-490.409760
141.677094,-453.575653,444.642120,-490.409760
141.653748,-453.514679,444.642120,-490.409760
141.656784,-453.436218,444.642120,-490.409760
141.733383,-453.292450,444.642120,-490.409760
141.796997,-453.177856,444.642120,-490.409760
141.809006,-453.124146,444.642120,-490.409760
141.762405,-453.142761,444.642120,-490.409760
141.547150,-453.466370,444.642120,-490.409760
141.390701,-453.670807,444.642120,-490.409760
141.283295,-453.695709,444.642120,-490.409760
141.281891,-453.455017,444.642120,-490.409760
141.287186,-453.168121,444.642120,-490.409760
141.175964,-452.893921,444.642120,-490.409760
140.985703,-452.602783,444.642120,-490.409760
140.704285,-452.170013,444.642120,-490.409760
140.715057,-452.087433,444.642120,-490.409760
140.709152,-452.014954,444.642120,-490.409760
140.608978,-451.915833,444.642120,-490.409760
140.502472,-451.778503,444.642120,-490.409760
140.178345,-451.375397,444.642120,-490.409760
140.019897,-451.165649,444.642120,-490.409760
139.877884,-450.949738,444.642120,-490.409760
139.734665,-450.733185,444.642120,-490.409760
139.617767,-450.545135,444.642120,-490.409760
139.524384,-450.389862,444.642120,-490.409760
139.312592,-450.173370,444.642120,-490.409760
139.149109,-450.087372,444.642120,-490.409760
138.980255,-450.039093,444.642120,-490.409760
138.788742,-450.013611,444.642120,-490.409760
138.538010,-449.994843,444.642120,-490.409760
137.648697,-449.867920,444.642120,-490.409760
137.103394,-449.769470,444.642120,-490.409760
136.566452,-449.625854,444.642120,-490.409760
136.171661,-449.571320,444.642120,-490.409760
135.840240,-449.548767,444.642120,-490.409760
135.578217,-449.509247,444.642120,-490.409760
135.235855,-449.377777,444.642120,-490.409760
135.110977,-449.295990,444.642120,-490.409760
134.982788,-449.201569,444.642120,-490.409760
134.837296,-449.132568,444.642120,-490.409760
134.687103,-449.084991,444.642120,-490.409760
134.277359,-449.023743,444.642120,-490.409760
133.910995,-448.993896,444.642120,-490.409760
133.461975,-448.970337,444.642120,-490.409760
133.078842,-448.931641,444.642120,-490.409760
132.714172,-448.869293,444.642120,-490.409760
132.359116,-448.809204,444.642120,-490.409760
132.002716,-448.768555,444.642120,-490.409760
131.651749,-448.701782,444.642120,-490.409760
130.731750,-448.358276,444.642120,-490.409760
130.356140,-448.096375,444.642120,-490.409760
130.087982,-447.804688,444.642120,-490.409760
129.815201,-447.469940,444.642120,-490.409760
129.488647,-447.128357,444.642120,-490.409760
129.190964,-446.834198,444.642120,-490.409760
128.872192,-446.553741,444.642120,-490.409760
128.557816,-446.308685,444.642120,-490.409760
128.296005,-446.158112,444.642120,-490.409760
128.066040,-446.116425,444.642120,-490.409760
127.815651,-446.086914,444.642120,-490.409760
127.551895,-446.012360,444.642120,-490.409760
126.939850,-445.802399,444.642120,-490.409760
126.576591,-445.663177,444.642120,-490.409760
126.179169,-445.479889,444.642120,-490.409760
125.779472,-445.243042,444.642120,-490.409760
125.356239,-444.938812,444.642120,-490.409760
124.513168,-444.173370,444.642120,-490.409760
124.081612,-443.750183,444.642120,-490.409760
123.654205,-443.343079,444.642120,-490.409760
123.263588,-442.977692,444.642120,-490.409760
122.912773,-442.664124,444.642120,-490.409760
122.596550,-442.449066,444.642120,-490.409760
122.308105,-442.280090,444.642120,-490.409760
122.043388,-442.173065,444.642120,-490.409760
121.500618,-442.009094,444.642120,-490.409760
121.183640,-441.934509,444.642120,-490.409760
120.824333,-441.855072,444.642120,-490.409760
120.462830,-441.767609,444.642120,-490.409760
120.042183,-441.673218,444.642120,-490.409760
119.588890,-441.637604,444.642120,-490.409760
119.142311,-441.628143,444.642120,-490.409760
118.711525,-441.592163,444.642120,-490.409760
118.077660,-441.388702,444.642120,-490.409760
117.812645,-441.257233,444.642120,-490.409760
117.470146,-441.071686,444.642120,-490.409760
117.142090,-440.880310,444.642120,-490.409760
116.723381,-440.630676,444.642120,-490.409760
116.251213,-440.387787,444.642120,-490.409760
115.733681,-440.071106,444.642120,-490.409760
114.804939,-439.238098,444.642120,-490.409760
114.357216,-438.886017,444.642120,-490.409760
113.985603,-438.682892,444.642120,-490.409760
113.687714,-438.620819,444.642120,-490.409760
113.338127,-438.544128,444.642120,-490.409760
112.995483,-438.421478,444.642120,-490.409760
112.632736,-438.231018,444.642120,-490.409760
112.208305,-438.009491,444.642120,-490.409760
111.746078,-437.822449,444.642120,-490.409760
110.882179,-437.700226,444.642120,-490.409760
110.466782,-437.558716,444.642120,-490.409760
110.186821,-437.432739,444.642120,-490.409760
109.866310,-437.255402,444.642120,-490.409760
109.521164,-437.075470,444.642120,-490.409760
109.187531,-436.909454,444.642120,-490.409760
108.837906,-436.739655,444.642120,-490.409760
108.376678,-436.514954,444.642120,-490.409760
107.809258,-436.207916,444.642120,-490.409760
107.149643,-435.854553,444.642120,-490.409760
106.230545,-435.261017,444.642120,-490.409760
105.986916,-435.104767,444.642120,-490.409760
105.656784,-434.938995,444.642120,-490.409760
105.287636,-434.750916,444.642120,-490.409760
104.880234,-434.571960,444.642120,-490.409760
104.451492,-434.420502,444.642120,-490.409760
103.965340,-434.272308,444.642120,-490.409760
103.514755,-434.227051,444.642120,-490.409760
103.056755,-434.089508,444.642120,-490.409760
102.159531,-433.491272,444.642120,-490.409760
101.664459,-433.140411,444.642120,-490.409760
101.330704,-432.784210,444.642120,-490.409760
101.017593,-432.425629,444.642120,-490.409760
100.731544,-432.198456,444.642120,-490.409760
100.472237,-432.027557,444.642120,-490.409760
100.174065,-431.840393,444.642120,-490.409760
99.835411,-431.662903,444.642120,-490.409760
99.467690,-431.505219,444.642120,-490.409760
99.095856,-431.336121,444.642120,-490.409760
98.698814,-431.171936,444.642120,-490.409760
97.913521,-430.811523,444.642120,-490.409760
97.488174,-430.568329,444.642120,-490.409760
97.008354,-430.270142,444.642120,-490.409760
96.555786,-429.949371,444.642120,-490.409760
96.090126,-429.693787,444.642120,-490.409760
95.564117,-429.449554,444.642120,-490.409760
94.957069,-429.144806,444.642120,-490.409760
94.273422,-428.825500,444.642120,-490.409760
93.515503,-428.454376,444.642120,-490.409760
92.103386,-427.633118,444.642120,-490.409760
91.613953,-427.352051,444.642120,-490.409760
91.338081,-427.256470,444.642120,-490.409760
91.017288,-427.162079,444.642120,-490.409760
90.647896,-427.005859,444.642120,-490.409760
90.258308,-426.814941,444.642120,-490.409760
89.813469,-426.599823,444.642120,-490.409760
89.353065,-426.373901,444.642120,-490.409760
88.905457,-426.197815,444.642120,-490.409760
88.426895,-426.060608,444.642120,-490.409760
87.931747,-425.909027,444.642120,-490.409760
87.443535,-425.777130,444.642120,-490.409760
86.950905,-425.624695,444.642120,-490.409760
86.515358,-425.506256,444.642120,-490.409760
85.746864,-425.208130,444.642120,-490.409760
85.401489,-425.050354,444.642120,-490.409760
85.034096,-424.879364,444.642120,-490.409760
84.687042,-424.722290,444.642120,-490.409760
84.314804,-424.537811,444.642120,-490.409760
83.964439,-424.344147,444.642120,-490.409760
83.524017,-424.094940,444.642120,-490.409760
83.079163,-423.830231,444.642120,-490.409760
82.654648,-423.633331,444.642120,-490.409760
82.214882,-423.405457,444.642120,-490.409760
81.738663,-423.182678,444.642120,-490.409760
81.308205,-423.000336,444.642120,-490.409760
80.891579,-422.853516,444.642120,-490.409760
80.446411,-422.671875,444.642120,-490.409760
79.978073,-422.463226,444.642120,-490.409760
79.978073,-422.463226,444.642120,-490.409760
79.473587,-422.183197,444.642120,-490.409760
78.969887,-421.869202,444.642120,-490.409760
78.421486,-421.507233,444.642120,-490.409760
77.895554,-421.101166,444.642120,-490.409760
77.410164,-420.708588,444.642120,-490.409760
76.928558,-420.431274,444.642120,-490.409760
76.542000,-420.250061,444.642120,-490.409760
76.149246,-420.077881,444.642120,-490.409760
75.767998,-419.902954,444.642120,-490.409760
75.351967,-419.680084,444.642120,-490.409760
74.948906,-419.460266,444.642120,-490.409760
74.558723,-419.279449,444.642120,-490.409760
74.165024,-419.132111,444.642120,-490.409760
73.703033,-418.970123,444.642120,-490.409760
73.234627,-418.804352,444.642120,-490.409760
72.709358,-418.607483,444.642120,-490.409760
72.155739,-418.391907,444.642120,-490.409760
71.615189,-418.169922,444.642120,-490.409760
71.109238,-417.934265,444.642120,-490.409760
70.664925,-417.706757,444.642120,-490.409760
70.275970,-417.492432,444.642120,-490.409760
69.878479,-417.283539,444.642120,-490.409760
69.458992,-417.055237,444.642120,-490.409760
69.052681,-416.815765,444.642120,-490.409760
68.624916,-416.577148,444.642120,-490.409760
68.228783,-416.362213,444.642120,-490.409760
67.827248,-416.130341,444.642120,-490.409760
67.440063,-415.887604,444.642120,-490.409760
67.056717,-415.624176,67.056717,-415.624176
66.652794,-415.420715,67.056717,-415.624176
66.260910,-415.240601,67.056717,-415.624176
66.260910,-415.240601,67.056717,-415.624176
65.909378,-415.087433,67.056717,-415.624176
65.702202,-414.984528,67.056717,-415.624176
65.779099,-414.981964,67.056717,-415.624176
65.705910,-414.907257,67.056717,-415.624176
65.809242,-414.902344,67.056717,-415.624176
66.124496,-414.973541,67.056717,-415.624176
66.593071,-415.135223,67.056717,-415.624176
66.914246,-415.422760,67.056717,-415.624176
66.867790,-415.637634,67.056717,-415.624176
66.777824,-415.656708,67.056717,-415.624176
66.702736,-415.470245,67.056717,-415.624176
66.881622,-415.369293,67.056717,-415.624176
67.245689,-415.340027,67.056717,-415.624176
67.786102,-415.453766,67.056717,-415.624176
68.230148,-415.722839,67.056717,-415.624176
68.559090,-416.101685,67.056717,-415.624176
68.695213,-416.349976,67.056717,-415.624176
68.699242,-416.369568,67.056717,-415.624176
68.767220,-416.295532,67.056717,-415.624176
68.987244,-416.290680,67.056717,-415.624176
69.159256,-416.359711,67.056717,-415.624176
69.291306,-416.557465,67.056717,-415.624176
69.516914,-416.882019,67.056717,-415.624176
69.850243,-417.304230,67.056717,-415.624176
70.117393,-417.546692,67.056717,-415.624176
70.254890,-417.604584,67.056717,-415.624176
70.260895,-417.580902,67.056717,-415.624176
70.293541,-417.597687,67.056717,-415.624176
70.293541,-417.597687,67.056717,-415.624176
70.397125,-417.714508,67.056717,-415.624176
70.563889,-417.893127,67.056717,-415.624176
70.812775,-418.124237,67.056717,-415.624176
71.020264,-418.300964,67.056717,-415.624176
71.102982,-418.416931,67.056717,-415.624176
71.128189,-418.460663,67.056717,-415.624176
71.167488,-418.504883,67.056717,-415.624176
71.276535,-418.600159,67.056717,-415.624176
71.471619,-418.783569,67.056717,-415.624176
71.781479,-419.077423,67.056717,-415.624176
72.028641,-419.302429,67.056717,-415.624176
72.121445,-419.388885,67.056717,-415.624176
72.149857,-419.409088,67.056717,-415.624176
72.268593,-419.498413,67.056717,-415.624176
72.445313,-419.619812,67.056717,-415.624176
72.690544,-419.771027,67.056717,-415.624176
73.036102,-419.970917,67.056717,-415.624176
73.341049,-420.179626,67.056717,-415.624176
73.496758,-420.350098,67.056717,-415.624176
73.619537,-420.459442,67.056717,-415.624176
73.763100,-420.578979,67.056717,-415.624176
73.961563,-420.785492,67.056717,-415.624176
74.228935,-421.054413,67.056717,-415.624176
74.524017,-421.379822,67.056717,-415.624176
74.804184,-421.720795,67.056717,-415.624176
74.804184,-421.720795,67.056717,-415.624176
75.095116,-421.998901,67.056717,-415.624176
75.361008,-422.178009,67.056717,-415.624176
75.593887,-422.268463,67.056717,-415.624176
75.923080,-422.404846,67.056717,-415.624176
76.347336,-422.563751,67.056717,-415.624176
76.877220,-422.774200,67.056717,-415.624176
77.429138,-422.937988,67.056717,-415.624176
78.134720,-423.172058,67.056717,-415.624176
78.956573,-423.512421,67.056717,-415.624176
79.724945,-423.911621,67.056717,-415.624176
80.308693,-424.296600,67.056717,-415.624176
80.824135,-424.698700,67.056717,-415.624176
81.356049,-425.099457,67.056717,-415.624176
81.913521,-425.529907,67.056717,-415.624176
82.436607,-425.930573,67.056717,-415.624176
82.972557,-426.344849,67.056717,-415.624176
83.560898,-426.752045,67.056717,-415.624176
84.256989,-427.110870,67.056717,-415.624176
85.094513,-427.422363,67.056717,-415.624176
86.037361,-427.688263,67.056717,-415.624176
87.057007,-427.913361,67.056717,-415.624176
88.042458,-428.054016,67.056717,-415.624176
88.042458,-428.054016,67.056717,-415.624176
88.948616,-428.077789,67.056717,-415.624176
89.917114,-428.112244,67.056717,-415.624176
90.878662,-428.182922,67.056717,-415.624176
91.794159,-428.267578,67.056717,-415.624176
92.735703,-428.327728,67.056717,-415.624176
93.565865,-428.337372,67.056717,-415.624176
94.226219,-428.285614,67.056717,-415.624176
94.864014,-428.329712,67.056717,-415.624176
95.392242,-428.407440,67.056717,-415.624176
95.791702,-428.501648,67.056717,-415.624176
96.047737,-428.594940,67.056717,-415.624176
96.224838,-428.619019,67.056717,-415.624176
96.363426,-428.661041,67.056717,-415.624176
96.543846,-428.783447,67.056717,-415.624176
96.708046,-428.953125,67.056717,-415.624176
96.911919,-429.126495,67.056717,-415.624176
97.089493,-429.248138,67.056717,-415.624176
97.255112,-429.273895,67.056717,-415.624176
97.386864,-429.268158,67.056717,-415.624176
97.500244,-429.226593,67.056717,-415.624176
97.609230,-429.191071,67.056717,-415.624176
97.704659,-429.136688,67.056717,-415.624176
97.704659,-429.136688,67.056717,-415.624176
97.793610,-429.102325,67.056717,-415.624176
97.846191,-428.960571,67.056717,-415.624176
97.895592,-428.771637,67.056717,-415.624176
98.002449,-428.766907,67.056717,-415.624176
98.141022,-428.910248,67.056717,-415.624176
98.303604,-429.077545,67.056717,-415.624176
98.453568,-429.154510,67.056717,-415.624176
98.579117,-429.116394,67.056717,-415.624176
98.661903,-429.069489,67.056717,-415.624176
98.797081,-428.931305,67.056717,-415.624176
98.770248,-428.961517,67.056717,-415.624176
98.693077,-428.982269,67.056717,-415.624176
98.664261,-429.038727,67.056717,-415.624176
98.762894,-429.090363,67.056717,-415.624176
98.906548,-429.115601,67.056717,-415.624176
99.045425,-429.108521,67.056717,-415.624176
99.050117,-429.030365,67.056717,-415.624176
99.011414,-428.854675,67.056717,-415.624176
98.968040,-428.667603,67.056717,-415.624176
98.981689,-428.582245,67.056717,-415.624176
99.115143,-428.650269,67.056717,-415.624176
99.031219,-428.633514,67.056717,-415.624176
99.042114,-428.593781,67.056717,-415.624176
99.061234,-428.510529,67.056717,-415.624176
98.972519,-428.423004,67.056717,-415.624176
98.914009,-428.420471,67.056717,-415.624176
98.855652,-428.600250,67.056717,-415.624176
98.778519,-428.733643,67.056717,-415.624176
98.620552,-428.844604,67.056717,-415.624176
98.443115,-428.922455,67.056717,-415.624176
98.306664,-428.973724,67.056717,-415.624176
98.218910,-428.989990,67.056717,-415.624176
98.214226,-428.939301,67.056717,-415.624176
98.226677,-428.932617,67.056717,-415.624176
98.268448,-428.903748,67.056717,-415.624176
98.357750,-428.842316,67.056717,-415.624176
98.436180,-428.751617,67.056717,-415.624176
98.506996,-428.657349,67.056717,-415.624176
98.614967,-428.548370,67.056717,-415.624176
98.658173,-428.480042,67.056717,-415.624176
98.704498,-428.383392,67.056717,-415.624176
98.716965,-428.259888,67.056717,-415.624176
98.683266,-428.113708,67.056717,-415.624176
98.632813,-427.932831,67.056717,-415.624176
98.600464,-427.484192,67.056717,-415.624176
98.683556,-427.292572,67.056717,-415.624176
98.772934,-427.126831,67.056717,-415.624176
98.868019,-426.983704,67.056717,-415.624176
98.951309,-426.859009,67.056717,-415.624176
99.061371,-426.693329,67.056717,-415.624176
99.326378,-426.336090,67.056717,-415.624176
99.499199,-426.109985,67.056717,-415.624176
99.696754,-425.850403,67.056717,-415.624176
99.915764,-425.584412,67.056717,-415.624176
100.127602,-425.352905,67.056717,-415.624176
100.339539,-425.108398,67.056717,-415.624176
100.871704,-424.563782,67.056717,-415.624176
101.119041,-424.313538,67.056717,-415.624176
101.354530,-424.058960,67.056717,-415.624176
101.554382,-423.817535,67.056717,-415.624176
101.633080,-423.654633,67.056717,-415.624176
101.679176,-423.437469,67.056717,-415.624176
101.907600,-422.815125,67.056717,-415.624176
102.003792,-422.548096,67.056717,-415.624176
102.076836,-422.288208,67.056717,-415.624176
102.170296,-422.005219,67.056717,-415.624176
102.285316,-421.658813,67.056717,-415.624176
102.466499,-421.225281,67.056717,-415.624176
102.940544,-420.339935,67.056717,-415.624176
103.191559,-420.081329,67.056717,-415.624176
103.510406,-419.846649,67.056717,-415.624176
103.894119,-419.551788,67.056717,-415.624176
104.317123,-419.229828,67.056717,-415.624176
104.734467,-418.898926,67.056717,-415.624176
105.142365,-418.622528,67.056717,-415.624176
105.602264,-418.344452,67.056717,-415.624176
106.219765,-417.796265,67.056717,-415.624176
106.375938,-417.465759,67.056717,-415.624176
106.617073,-417.021851,67.056717,-415.624176
106.903763,-416.456390,67.056717,-415.624176
107.227020,-415.779266,67.056717,-415.624176
107.611732,-414.987671,67.056717,-415.624176
107.928757,-414.210754,67.056717,-415.624176
108.297874,-413.465057,67.056717,-415.624176
109.088425,-412.286102,67.056717,-415.624176
109.416313,-411.935303,67.056717,-415.624176
109.670052,-411.789703,67.056717,-415.624176
109.937836,-411.814819,67.056717,-415.624176
110.108757,-411.908020,67.056717,-415.624176
110.384171,-411.846558,67.056717,-415.624176
110.661171,-411.755371,67.056717,-415.624176
111.295166,-411.377014,67.056717,-415.624176
111.616104,-411.089447,67.056717,-415.624176
111.952293,-410.806366,67.056717,-415.624176
112.204124,-410.667114,67.056717,-415.624176
112.454575,-410.511169,67.056717,-415.624176
112.766518,-410.318909,67.056717,-415.624176
113.129768,-410.120483,67.056717,-415.624176
114.189995,-409.620483,67.056717,-415.624176
114.730125,-409.313812,67.056717,-415.624176
115.173820,-409.036163,67.056717,-415.624176
115.556664,-408.876923,67.056717,-415.624176
115.876488,-408.867035,67.056717,-415.624176
116.300125,-408.849274,67.056717,-415.624176
116.833076,-408.834167,67.056717,-415.624176
117.504532,-408.768311,67.056717,-415.624176
118.893318,-408.468201,67.056717,-415.624176
119.536263,-408.203339,67.056717,-415.624176
120.163849,-407.939178,67.056717,-415.624176
120.724411,-407.766785,67.056717,-415.624176
121.206589,-407.708221,67.056717,-415.624176
121.615822,-407.707550,67.056717,-415.624176
121.977791,-407.643341,67.056717,-415.624176
122.436462,-407.565277,67.056717,-415.624176
123.634552,-407.270447,67.056717,-415.624176
124.441116,-407.104462,67.056717,-415.624176
125.302177,-407.009033,67.056717,-415.624176
126.073685,-407.012451,67.056717,-415.624176
126.596512,-407.106934,67.056717,-415.624176
127.049660,-407.190735,67.056717,-415.624176
127.548813,-407.257599,67.056717,-415.624176
128.155853,-407.325714,67.056717,-415.624176
129.653320,-407.431580,67.056717,-415.624176
130.269745,-407.458893,67.056717,-415.624176
130.788544,-407.466766,67.056717,-415.624176
131.321533,-407.458160,67.056717,-415.624176
132.000565,-407.474152,67.056717,-415.624176
132.764572,-407.476715,67.056717,-415.624176
133.372513,-407.461823,67.056717,-415.624176
133.806152,-407.402954,67.056717,-415.624176
135.012253,-407.250488,67.056717,-415.624176
135.792175,-407.199615,67.056717,-415.624176
136.634399,-407.232330,67.056717,-415.624176
137.545120,-407.308929,67.056717,-415.624176
138.424393,-407.468079,67.056717,-415.624176
139.248489,-407.624542,67.056717,-415.624176
140.111938,-407.786987,67.056717,-415.624176
141.764740,-408.101166,67.056717,-415.624176
142.553558,-408.259125,67.056717,-415.624176
143.338074,-408.396454,67.056717,-415.624176
144.039841,-408.425354,67.056717,-415.624176
144.729080,-408.367523,67.056717,-415.624176
145.445160,-408.249268,67.056717,-415.624176
146.279404,-408.127258,67.056717,-415.624176
147.211319,-407.975708,67.056717,-415.624176
148.829239,-407.523499,67.056717,-415.624176
149.668152,-407.361115,67.056717,-415.624176
150.513138,-407.307007,67.056717,-415.624176
151.337662,-407.397858,67.056717,-415.624176
152.279449,-407.569611,67.056717,-415.624176
153.204468,-407.674896,67.056717,-415.624176
153.751190,-407.665771,67.056717,-415.624176
154.144577,-407.701630,67.056717,-415.624176
155.017975,-408.110352,67.056717,-415.624176
155.728241,-408.369354,67.056717,-415.624176
156.559753,-408.646820,67.056717,-415.624176
157.517670,-408.879913,67.056717,-415.624176
158.500259,-409.089630,67.056717,-415.624176
159.219879,-409.297333,67.056717,-415.624176
159.683487,-409.410645,67.056717,-415.624176
160.190948,-409.537659,67.056717,-415.624176
161.346848,-409.868225,67.056717,-415.624176
162.037292,-410.046906,67.056717,-415.624176
162.655243,-410.145264,67.056717,-415.624176
163.295853,-410.175690,67.056717,-415.624176
163.967377,-410.173279,67.056717,-415.624176
164.676071,-410.261200,67.056717,-415.624176
165.434692,-410.421051,67.056717,-415.624176
166.257950,-410.657166,67.056717,-415.624176
167.966156,-411.294098,67.056717,-415.624176
168.884399,-411.675385,67.056717,-415.624176
169.685181,-412.028290,67.056717,-415.624176
170.410446,-412.356964,67.056717,-415.624176
171.121429,-412.634766,67.056717,-415.624176
171.876724,-412.953735,67.056717,-415.624176
172.622574,-413.225555,67.056717,-415.624176
173.941757,-413.475983,67.056717,-415.624176
174.627914,-413.549774,67.056717,-415.624176
175.332535,-413.626709,67.056717,-415.624176
176.026993,-413.646271,67.056717,-415.624176
176.818741,-413.671753,67.056717,-415.624176
177.680588,-413.696075,67.056717,-415.624176
179.406647,-413.735992,67.056717,-415.624176
180.227234,-413.795959,67.056717,-415.624176
180.957672,-413.871704,67.056717,-415.624176
181.578583,-413.939575,67.056717,-415.624176
182.105667,-414.052612,67.056717,-415.624176
182.695328,-414.158325,67.056717,-415.624176
184.018768,-414.476013,67.056717,-415.624176
184.796753,-414.708069,67.056717,-415.624176
185.549774,-414.887787,67.056717,-415.624176
186.164581,-414.944122,67.056717,-415.624176
186.795593,-415.029846,67.056717,-415.624176
187.433838,-415.149963,67.056717,-415.624176
188.143768,-415.303864,67.056717,-415.624176
189.824356,-415.719727,67.056717,-415.624176
190.773712,-415.942352,67.056717,-415.624176
191.789871,-416.200470,67.056717,-415.624176
192.782562,-416.488647,67.056717,-415.624176
193.659531,-416.733551,67.056717,-415.624176
194.338409,-416.909149,67.056717,-415.624176
195.602692,-417.197815,67.056717,-415.624176
196.274582,-417.316681,67.056717,-415.624176
196.935333,-417.415985,67.056717,-415.624176
197.611664,-417.471466,67.056717,-415.624176
198.338959,-417.518677,67.056717,-415.624176
199.056412,-417.547272,67.056717,-415.624176
200.643326,-417.646149,67.056717,-415.624176
201.521423,-417.734253,67.056717,-415.624176
202.443619,-417.779266,67.056717,-415.624176
203.394669,-417.827393,67.056717,-415.624176
204.338898,-417.873138,67.056717,-415.624176
205.214233,-417.956909,67.056717,-415.624176
206.894318,-418.093201,67.056717,-415.624176
207.647278,-418.127991,67.056717,-415.624176
208.373947,-418.176819,67.056717,-415.624176
209.059570,-418.252502,67.056717,-415.624176
209.770569,-418.367554,67.056717,-415.624176
210.465683,-418.488831,67.056717,-415.624176
211.907181,-418.696167,67.056717,-415.624176
212.634659,-418.828796,67.056717,-415.624176
213.380081,-418.981750,67.056717,-415.624176
214.173706,-419.193726,67.056717,-415.624176
215.025162,-419.410034,67.056717,-415.624176
215.925125,-419.642975,67.056717,-415.624176
216.810867,-419.884521,67.056717,-415.624176
218.647095,-420.322449,67.056717,-415.624176
219.587814,-420.402313,67.056717,-415.624176
220.515747,-420.416992,67.056717,-415.624176
221.271210,-420.423523,67.056717,-415.624176
221.920670,-420.463898,67.056717,-415.624176
222.544739,-420.502869,67.056717,-415.624176
223.982239,-420.460571,67.056717,-415.624176
224.778320,-420.456970,67.056717,-415.624176
225.535980,-420.472900,67.056717,-415.624176
226.215134,-420.507477,67.056717,-415.624176
226.932587,-420.540405,67.056717,-415.624176
227.679825,-420.578369,67.056717,-415.624176
229.096542,-420.653503,67.056717,-415.624176
229.765976,-420.653778,67.056717,-415.624176
230.469101,-420.639771,67.056717,-415.624176
231.227386,-420.624542,67.056717,-415.624176
232.021149,-420.611053,67.056717,-415.624176
233.530350,-420.606171,67.056717,-415.624176
234.243927,-420.543152,67.056717,-415.624176
235.029404,-420.442047,67.056717,-415.624176
235.856506,-420.215515,67.056717,-415.624176
237.600464,-419.813568,67.056717,-415.624176
238.451279,-419.683380,67.056717,-415.624176
239.182663,-419.615387,67.056717,-415.624176
239.874054,-419.562805,67.056717,-415.624176
241.399887,-419.395508,67.056717,-415.624176
242.170578,-419.280762,67.056717,-415.624176
242.969543,-419.152710,67.056717,-415.624176
243.777481,-419.066711,67.056717,-415.624176
244.619064,-419.039185,67.056717,-415.624176
246.262085,-418.897278,67.056717,-415.624176
247.009232,-418.738617,67.056717,-415.624176
247.827011,-418.569519,67.056717,-415.624176
248.662094,-418.331055,67.056717,-415.624176
250.420074,-417.762695,67.056717,-415.624176
251.271988,-417.583588,67.056717,-415.624176
252.057419,-417.442047,67.056717,-415.624176
252.802551,-417.328094,67.056717,-415.624176
254.361984,-417.106537,67.056717,-415.624176
255.154434,-416.962524,67.056717,-415.624176
256.005859,-416.729034,67.056717,-415.624176
256.854919,-416.426086,67.056717,-415.624176
258.553925,-415.906891,67.056717,-415.624176
259.300995,-415.708801,67.056717,-415.624176
260.096893,-415.484772,67.056717,-415.624176
260.929169,-415.237396,67.056717,-415.624176
261.820343,-414.909210,67.056717,-415.624176
263.719055,-414.233063,67.056717,-415.624176
264.670898,-413.888702,67.056717,-415.624176
265.479401,-413.675293,67.056717,-415.624176
266.257874,-413.457458,67.056717,-415.624176
267.914734,-412.863800,67.056717,-415.624176
268.727753,-412.601349,67.056717,-415.624176
269.527252,-412.373810,67.056717,-415.624176
270.310150,-412.151093,67.056717,-415.624176
271.907532,-411.460754,67.056717,-415.624176
272.704773,-410.964020,67.056717,-415.624176
273.496124,-410.377808,67.056717,-415.624176
274.370514,-409.727966,67.056717,-415.624176
275.198486,-409.210327,67.056717,-415.624176
276.576782,-408.290497,67.056717,-415.624176
277.213928,-407.784729,67.056717,-415.624176
277.852386,-407.351257,67.056717,-415.624176
278.478058,-406.980408,67.056717,-415.624176
279.744965,-406.163757,67.056717,-415.624176
280.342896,-405.800568,67.056717,-415.624176
280.952850,-405.437592,67.056717,-415.624176
281.597534,-405.003662,67.056717,-415.624176
282.260284,-404.480408,67.056717,-415.624176
283.595703,-403.223114,67.056717,-415.624176
284.214264,-402.713898,67.056717,-415.624176
284.851807,-402.256989,67.056717,-415.624176
285.456635,-401.831726,67.056717,-415.624176
286.036377,-401.385834,67.056717,-415.624176
287.154602,-399.989380,67.056717,-415.624176
287.675842,-399.071838,67.056717,-415.624176
288.103271,-398.168152,67.056717,-415.624176
288.473511,-397.282959,67.056717,-415.624176
289.300598,-395.529846,67.056717,-415.624176
289.864197,-394.950623,67.056717,-415.624176
290.492401,-394.439484,67.056717,-415.624176
291.132874,-393.843109,67.056717,-415.624176
291.764130,-393.148285,67.056717,-415.624176
293.051300,-391.589264,67.056717,-415.624176
293.707947,-390.877380,67.056717,-415.624176
294.274750,-390.308777,67.056717,-415.624176
294.780243,-389.764282,67.056717,-415.624176
295.262329,-389.039093,67.056717,-415.624176
296.023621,-387.445007,67.056717,-415.624176
296.413086,-386.754639,67.056717,-415.624176
296.894806,-386.083313,67.056717,-415.624176
297.394531,-385.424896,67.056717,-415.624176
298.243042,-383.975281,67.056717,-415.624176
298.592804,-383.067841,67.056717,-415.624176
298.926971,-382.067230,67.056717,-415.624176
299.352783,-381.152557,67.056717,-415.624176
299.757233,-380.381287,67.056717,-415.624176
300.496155,-378.821198,67.056717,-415.624176
300.794556,-378.091705,67.056717,-415.624176
301.035675,-377.281952,67.056717,-415.624176
301.217712,-376.405090,67.056717,-415.624176
301.436188,-375.512360,67.056717,-415.624176
301.986450,-373.847076,67.056717,-415.624176
302.272919,-373.044647,67.056717,-415.624176
302.552032,-372.275482,67.056717,-415.624176
302.784576,-371.525940,67.056717,-415.624176
302.920105,-370.686676,67.056717,-415.624176
302.945496,-368.692719,67.056717,-415.624176
302.934937,-367.687775,67.056717,-415.624176
303.061951,-366.811035,67.056717,-415.624176
303.314270,-366.079193,67.056717,-415.624176
303.530365,-365.368988,67.056717,-415.624176
303.660950,-363.778046,67.056717,-415.624176
303.551147,-362.880066,67.056717,-415.624176
303.354858,-361.878082,67.056717,-415.624176
303.118652,-360.993408,67.056717,-415.624176
302.811127,-360.045105,67.056717,-415.624176
302.752716,-359.159363,67.056717,-415.624176
303.003479,-357.433441,67.056717,-415.624176
303.101563,-356.509827,67.056717,-415.624176
303.093384,-355.497467,67.056717,-415.624176
302.996368,-354.456482,67.056717,-415.624176
302.890930,-353.542389,67.056717,-415.624176
302.771576,-351.804504,67.056717,-415.624176
302.837860,-351.013245,67.056717,-415.624176
302.919220,-350.281219,67.056717,-415.624176
302.860596,-349.486084,67.056717,-415.624176
302.669525,-348.655121,67.056717,-415.624176
302.177704,-347.028381,67.056717,-415.624176
301.916290,-346.277832,67.056717,-415.624176
301.739746,-345.527985,67.056717,-415.624176
301.533173,-344.819794,67.056717,-415.624176
301.251587,-344.099487,67.056717,-415.624176
300.880707,-343.313049,67.056717,-415.624176
299.823761,-341.650574,67.056717,-415.624176
299.238525,-340.905151,67.056717,-415.624176
298.700531,-340.238617,67.056717,-415.624176
298.096802,-339.533417,67.056717,-415.624176
297.455719,-338.833618,67.056717,-415.624176
296.617554,-337.363861,67.056717,-415.624176
296.461487,-336.491730,67.056717,-415.624176
296.166138,-335.574066,67.056717,-415.624176
295.775482,-334.589111,67.056717,-415.624176
295.315094,-333.626343,67.056717,-415.624176
294.795776,-332.646729,67.056717,-415.624176
294.371338,-331.770294,67.056717,-415.624176
293.753052,-330.366211,67.056717,-415.624176
293.294495,-329.764221,67.056717,-415.624176
292.783722,-329.232697,67.056717,-415.624176
292.258972,-328.730377,67.056717,-415.624176
291.722656,-328.283447,67.056717,-415.624176
291.183167,-327.867981,67.056717,-415.624176
290.684387,-327.374512,67.056717,-415.624176
289.572266,-326.234711,67.056717,-415.624176
288.845062,-325.631195,67.056717,-415.624176
288.020325,-325.047607,67.056717,-415.624176
287.081299,-324.519348,67.056717,-415.624176
286.073425,-324.004242,67.056717,-415.624176
285.132019,-323.460632,67.056717,-415.624176
284.270813,-322.851593,67.056717,-415.624176
283.338409,-321.814148,67.056717,-415.624176
282.767181,-321.344818,67.056717,-415.624176
282.126801,-320.897369,67.056717,-415.624176
281.488922,-320.446564,67.056717,-415.624176
280.897827,-319.917053,67.056717,-415.624176
280.347961,-319.342010,67.056717,-415.624176
279.773102,-318.754028,67.056717,-415.624176
278.364319,-317.586700,67.056717,-415.624176
277.558533,-317.047394,67.056717,-415.624176
276.714539,-316.540985,67.056717,-415.624176
276.051483,-316.084900,67.056717,-415.624176
275.450562,-315.639252,67.056717,-415.624176
274.890930,-315.289459,67.056717,-415.624176
274.348755,-315.083771,67.056717,-415.624176
273.789520,-314.934845,67.056717,-415.624176
272.657288,-314.735809,67.056717,-415.624176
271.984467,-314.660126,67.056717,-415.624176
271.255859,-314.615814,67.056717,-415.624176
270.550720,-314.462311,67.056717,-415.624176
269.994019,-314.166962,67.056717,-415.624176
269.463715,-313.824768,67.056717,-415.624176
268.796539,-313.446442,67.056717,-415.624176
268.005554,-313.108307,67.056717,-415.624176
266.044312,-312.575897,67.056717,-415.624176
265.250854,-312.305298,67.056717,-415.624176
264.488556,-311.976288,67.056717,-415.624176
263.770599,-311.635468,67.056717,-415.624176
263.020844,-311.293610,67.056717,-415.624176
262.209717,-310.998840,67.056717,-415.624176
261.347626,-310.751587,67.056717,-415.624176
260.448700,-310.529419,67.056717,-415.624176
258.671234,-310.352356,67.056717,-415.624176
258.042877,-310.167877,67.056717,-415.624176
257.477753,-309.918884,67.056717,-415.624176
256.800171,-309.694855,67.056717,-415.624176
255.985764,-309.560181,67.056717,-415.624176
255.006332,-309.536469,67.056717,-415.624176
253.963852,-309.679443,67.056717,-415.624176
253.004730,-309.848816,67.056717,-415.624176
251.336853,-309.997620,67.056717,-415.624176
250.757294,-309.940674,67.056717,-415.624176
250.106216,-309.830261,67.056717,-415.624176
249.349548,-309.766052,67.056717,-415.624176
248.482880,-309.735565,67.056717,-415.624176
247.438705,-309.722839,67.056717,-415.624176
246.384933,-309.571747,67.056717,-415.624176
245.533508,-309.317719,67.056717,-415.624176
243.863647,-308.766113,67.056717,-415.624176
242.881241,-308.592529,67.056717,-415.624176
241.765350,-308.517487,67.056717,-415.624176
240.556519,-308.547943,67.056717,-415.624176
239.373444,-308.655518,67.056717,-415.624176
238.543518,-308.819214,67.056717,-415.624176
237.719177,-309.025604,67.056717,-415.624176
236.916992,-309.146271,67.056717,-415.624176
235.371597,-309.243622,67.056717,-415.624176
234.500793,-309.277283,67.056717,-415.624176
233.678162,-309.259491,67.056717,-415.624176
232.969696,-309.211884,67.056717,-415.624176
232.297745,-309.168854,67.056717,-415.624176
231.609039,-309.134247,67.056717,-415.624176
230.866440,-309.106171,67.056717,-415.624176
230.042801,-309.110931,67.056717,-415.624176
228.134888,-309.197266,67.056717,-415.624176
227.198883,-309.080322,67.056717,-415.624176
226.387451,-308.990997,67.056717,-415.624176
225.695328,-309.054413,67.056717,-415.624176
224.985214,-309.228729,67.056717,-415.624176
224.159134,-309.551270,67.056717,-415.624176
223.197815,-309.945892,67.056717,-415.624176
222.204773,-310.356964,67.056717,-415.624176
220.429672,-310.955872,67.056717,-415.624176
219.835388,-311.027222,67.056717,-415.624176
219.168549,-311.071838,67.056717,-415.624176
218.393661,-311.148376,67.056717,-415.624176
217.492844,-311.239655,67.056717,-415.624176
216.493225,-311.330780,67.056717,-415.624176
214.537170,-311.292938,67.056717,-415.624176
213.551315,-311.223114,67.056717,-415.624176
212.505722,-311.174500,67.056717,-415.624176
211.426102,-311.152893,67.056717,-415.624176
210.345871,-311.209137,67.056717,-415.624176
209.275772,-311.254578,67.056717,-415.624176
208.324814,-311.293671,67.056717,-415.624176
206.736877,-311.457367,67.056717,-415.624176
206.062683,-311.564606,67.056717,-415.624176
205.438721,-311.714569,67.056717,-415.624176
204.817291,-311.866608,67.056717,-415.624176
204.136917,-312.047852,67.056717,-415.624176
203.465149,-312.289917,67.056717,-415.624176
202.754410,-312.542572,67.056717,-415.624176
201.221970,-313.008301,67.056717,-415.624176
200.421158,-313.249634,67.056717,-415.624176
199.560349,-313.468140,67.056717,-415.624176
198.686325,-313.638672,67.056717,-415.624176
197.842880,-313.691315,67.056717,-415.624176
196.991989,-313.633728,67.056717,-415.624176
196.054611,-313.574066,67.056717,-415.624176
194.056778,-313.555298,67.056717,-415.624176
193.020767,-313.540741,67.056717,-415.624176
191.976013,-313.498962,67.056717,-415.624176
190.913910,-313.435303,67.056717,-415.624176
189.815399,-313.353271,67.056717,-415.624176
189.015350,-313.378906,67.056717,-415.624176
188.401794,-313.442749,67.056717,-415.624176
187.065567,-313.542511,67.056717,-415.624176
186.330765,-313.605103,67.056717,-415.624176
185.686630,-313.736359,67.056717,-415.624176
185.007568,-313.867645,67.056717,-415.624176
184.319946,-313.983582,67.056717,-415.624176
183.511032,-314.102264,67.056717,-415.624176
182.581772,-314.183044,67.056717,-415.624176
180.473083,-314.254181,67.056717,-415.624176
179.350922,-314.245392,67.056717,-415.624176
178.322281,-314.134094,67.056717,-415.624176
177.429749,-314.035675,67.056717,-415.624176
176.504868,-313.969452,67.056717,-415.624176
175.655869,-313.972595,67.056717,-415.624176
174.894882,-313.989197,67.056717,-415.624176
173.429138,-314.049408,67.056717,-415.624176
172.676697,-314.085449,67.056717,-415.624176
171.941544,-314.120178,67.056717,-415.624176
171.181580,-314.155731,67.056717,-415.624176
170.355972,-314.168915,67.056717,-415.624176
169.466476,-314.150085,67.056717,-415.624176
167.832794,-314.271301,67.056717,-415.624176
167.058365,-314.347504,67.056717,-415.624176
166.234818,-314.345398,67.056717,-415.624176
165.382217,-314.259613,67.056717,-415.624176
164.490540,-314.119995,67.056717,-415.624176
163.523361,-313.946564,67.056717,-415.624176
161.670334,-313.653839,67.056717,-415.624176
160.805405,-313.600952,67.056717,-415.624176
159.986938,-313.583252,67.056717,-415.624176
159.107376,-313.568939,67.056717,-415.624176
158.174683,-313.553192,67.056717,-415.624176
156.418472,-313.677795,67.056717,-415.624176
155.546326,-313.763123,67.056717,-415.624176
154.593567,-313.849762,67.056717,-415.624176
153.611710,-313.952759,67.056717,-415.624176
151.639160,-314.212128,67.056717,-415.624176
150.649414,-314.301941,67.056717,-415.624176
149.692810,-314.292053,67.056717,-415.624176
148.913544,-314.117706,67.056717,-415.624176
147.196716,-313.749786,67.056717,-415.624176
146.299347,-313.560242,67.056717,-415.624176
145.421143,-313.349365,67.056717,-415.624176
144.631363,-313.206482,67.056717,-415.624176
143.899948,-313.092041,67.056717,-415.624176
142.407990,-312.896484,67.056717,-415.624176
141.596497,-312.810760,67.056717,-415.624176
140.777847,-312.748260,67.056717,-415.624176
139.915024,-312.696594,67.056717,-415.624176
138.185104,-312.647980,67.056717,-415.624176
137.276566,-312.613464,67.056717,-415.624176
136.359970,-312.563995,67.056717,-415.624176
135.433578,-312.493988,67.056717,-415.624176
133.695648,-312.383820,67.056717,-415.624176
132.842346,-312.295868,67.056717,-415.624176
132.008301,-312.142792,67.056717,-415.624176
131.243942,-311.916443,67.056717,-415.624176
130.550873,-311.634583,67.056717,-415.624176
129.152878,-311.061432,67.056717,-415.624176
128.453659,-310.843567,67.056717,-415.624176
127.757904,-310.652222,67.056717,-415.624176
127.037361,-310.405060,67.056717,-415.624176
125.436882,-309.625488,67.056717,-415.624176
124.584961,-309.126251,67.056717,-415.624176
123.806244,-308.779297,67.056717,-415.624176
123.123718,-308.590607,67.056717,-415.624176
121.642937,-308.083954,67.056717,-415.624176
120.851662,-307.751801,67.056717,-415.624176
120.095222,-307.399231,67.056717,-415.624176
119.337608,-306.998779,67.056717,-415.624176
118.640747,-306.686249,67.056717,-415.624176
117.334274,-306.135681,67.056717,-415.624176
116.641739,-305.765961,67.056717,-415.624176
115.886353,-305.281769,67.056717,-415.624176
115.064629,-304.697784,67.056717,-415.624176
113.561005,-303.425995,67.056717,-415.624176
112.884422,-302.863007,67.056717,-415.624176
112.268791,-302.398651,67.056717,-415.624176
111.640419,-301.957397,67.056717,-415.624176
110.974083,-301.506287,67.056717,-415.624176
109.390991,-300.445404,67.056717,-415.624176
108.499077,-299.826416,67.056717,-415.624176
107.602242,-299.115906,67.056717,-415.624176
106.747192,-298.472229,67.056717,-415.624176
105.371613,-297.601563,67.056717,-415.624176
104.724411,-297.166412,67.056717,-415.624176
104.090096,-296.662537,67.056717,-415.624176
103.506882,-296.181213,67.056717,-415.624176
102.968460,-295.718689,67.056717,-415.624176
101.848122,-294.662781,67.056717,-415.624176
101.289566,-294.188477,67.056717,-415.624176
100.699631,-293.712830,67.056717,-415.624176
100.084854,-293.121429,67.056717,-415.624176
98.701302,-291.601624,67.056717,-415.624176
97.973053,-290.686951,67.056717,-415.624176
97.204353,-289.703278,67.056717,-415.624176
96.457840,-288.680115,67.056717,-415.624176
95.781815,-287.724884,67.056717,-415.624176
94.673790,-286.251770,67.056717,-415.624176
94.208603,-285.643616,67.056717,-415.624176
93.740349,-284.969543,67.056717,-415.624176
93.289642,-284.371674,67.056717,-415.624176
92.387566,-283.181519,67.056717,-415.624176
91.941193,-282.423462,67.056717,-415.624176
91.499649,-281.588531,67.056717,-415.624176
91.101151,-280.865417,67.056717,-415.624176
90.621643,-280.266205,67.056717,-415.624176
89.554466,-278.897461,67.056717,-415.624176
89.054077,-278.202362,67.056717,-415.624176
88.587914,-277.489960,67.056717,-415.624176
88.145477,-276.635040,67.056717,-415.624176
87.528999,-274.976898,67.056717,-415.624176
87.311729,-274.055939,67.056717,-415.624176
87.093582,-273.017059,67.056717,-415.624176
86.897514,-271.887390,67.056717,-415.624176
86.707176,-270.786835,67.056717,-415.624176
85.897087,-269.214905,67.056717,-415.624176
85.410271,-268.593872,67.056717,-415.624176
84.976952,-267.884460,67.056717,-415.624176
84.171761,-266.180725,67.056717,-415.624176
83.843353,-265.362762,67.056717,-415.624176
83.500114,-264.648102,67.056717,-415.624176
83.153671,-263.890320,67.056717,-415.624176
82.806313,-263.166138,67.056717,-415.624176
82.453651,-262.453674,67.056717,-415.624176
81.894753,-260.692078,67.056717,-415.624176
81.674072,-259.684570,67.056717,-415.624176
81.389305,-258.612946,67.056717,-415.624176
81.100548,-257.524017,67.056717,-415.624176
80.798943,-256.565857,67.056717,-415.624176
80.299728,-255.030594,67.056717,-415.624176
80.181931,-254.189865,67.056717,-415.624176
80.160103,-253.363632,67.056717,-415.624176
80.177696,-252.543030,67.056717,-415.624176
80.205330,-251.685944,67.056717,-415.624176
80.164452,-250.867920,67.056717,-415.624176
80.001686,-250.060333,67.056717,-415.624176
79.664040,-248.487366,67.056717,-415.624176
79.512047,-247.607224,67.056717,-415.624176
79.291992,-246.779648,67.056717,-415.624176
79.038551,-245.946701,67.056717,-415.624176
78.852921,-245.072479,67.056717,-415.624176
78.732254,-244.138870,67.056717,-415.624176
78.669243,-242.244385,67.056717,-415.624176
78.554955,-241.458893,67.056717,-415.624176
78.432709,-240.728836,67.056717,-415.624176
78.397293,-239.985138,67.056717,-415.624176
78.401665,-239.210190,67.056717,-415.624176
78.420280,-238.426193,67.056717,-415.624176
78.464218,-237.609863,67.056717,-415.624176
78.534752,-236.738129,67.056717,-415.624176
78.625122,-235.868408,67.056717,-415.624176
78.734818,-234.375244,67.056717,-415.624176
78.761971,-233.649979,67.056717,-415.624176
78.811401,-232.818237,67.056717,-415.624176
78.777679,-231.950516,67.056717,-415.624176
78.696159,-231.100433,67.056717,-415.624176
78.614212,-230.211624,67.056717,-415.624176
78.568840,-229.256454,67.056717,-415.624176
78.566513,-228.210144,67.056717,-415.624176
78.540405,-226.063721,67.056717,-415.624176
78.413361,-225.224411,67.056717,-415.624176
78.378960,-224.371460,67.056717,-415.624176
78.463234,-223.532974,67.056717,-415.624176
78.711166,-222.714279,67.056717,-415.624176
79.019264,-221.914154,67.056717,-415.624176
79.313232,-221.168610,67.056717,-415.624176
79.522057,-220.468735,67.056717,-415.624176
79.633026,-219.708588,67.056717,-415.624176
79.846458,-218.165222,67.056717,-415.624176
80.057175,-217.318085,67.056717,-415.624176
80.267471,-216.474960,67.056717,-415.624176
80.551888,-215.584167,67.056717,-415.624176
80.799294,-214.738480,67.056717,-415.624176
80.981453,-213.966141,67.056717,-415.624176
81.124016,-213.185410,67.056717,-415.624176
81.266327,-212.430573,67.056717,-415.624176
81.417564,-211.676834,67.056717,-415.624176
81.721260,-210.097473,67.056717,-415.624176
81.847076,-209.357010,67.056717,-415.624176
81.994423,-208.612671,67.056717,-415.624176
82.162643,-207.876465,67.056717,-415.624176
82.415695,-207.096802,67.056717,-415.624176
82.643448,-206.298050,67.056717,-415.624176
82.808464,-205.559998,67.056717,-415.624176
82.962524,-204.843689,67.056717,-415.624176
83.148148,-204.068253,67.056717,-415.624176
83.531807,-202.346237,67.056717,-415.624176
83.632393,-201.469940,67.056717,-415.624176
83.712524,-200.534973,67.056717,-415.624176
83.793686,-199.572800,67.056717,-415.624176
83.914497,-198.526993,67.056717,-415.624176
84.057007,-197.418213,67.056717,-415.624176
84.191528,-196.345505,67.056717,-415.624176
84.275322,-195.401215,67.056717,-415.624176
84.340515,-194.465134,67.056717,-415.624176
84.715317,-192.887054,67.056717,-415.624176
85.003311,-192.152893,67.056717,-415.624176
85.291306,-191.302673,67.056717,-415.624176
85.591537,-190.440994,67.056717,-415.624176
85.912994,-189.587067,67.056717,-415.624176
86.232544,-188.733414,67.056717,-415.624176
86.447701,-187.984924,67.056717,-415.624176
86.624199,-187.266052,67.056717,-415.624176
86.793442,-186.483582,67.056717,-415.624176
86.972595,-185.614395,67.056717,-415.624176
87.283119,-183.681488,67.056717,-415.624176
87.313995,-182.743042,67.056717,-415.624176
87.273659,-181.763641,67.056717,-415.624176
87.285912,-180.811798,67.056717,-415.624176
87.424637,-179.987839,67.056717,-415.624176
87.620041,-179.111664,67.056717,-415.624176
87.838112,-178.245544,67.056717,-415.624176
88.079948,-177.386520,67.056717,-415.624176
88.339622,-176.569656,67.056717,-415.624176
88.608582,-175.750732,67.056717,-415.624176
88.857018,-174.848404,67.056717,-415.624176
89.082596,-173.956741,67.056717,-415.624176
89.362656,-173.070984,67.056717,-415.624176
89.944687,-171.285995,67.056717,-415.624176
90.203712,-170.336044,67.056717,-415.624176
90.446342,-169.367920,67.056717,-415.624176
90.642220,-168.484528,67.056717,-415.624176
90.739388,-167.784805,67.056717,-415.624176
90.830536,-167.107651,67.056717,-415.624176
90.912926,-166.332321,67.056717,-415.624176
90.958344,-165.550415,67.056717,-415.624176
91.000732,-164.772247,67.056717,-415.624176
91.119118,-163.972244,67.056717,-415.624176
91.281288,-163.121918,67.056717,-415.624176
91.449585,-162.309250,67.056717,-415.624176
91.583961,-161.590790,67.056717,-415.624176
91.756386,-160.837982,67.056717,-415.624176
92.018486,-160.028763,67.056717,-415.624176
92.383667,-159.198715,67.056717,-415.624176
92.820892,-158.340652,67.056717,-415.624176
93.200714,-157.459259,67.056717,-415.624176
93.633766,-156.603180,67.056717,-415.624176
94.080276,-155.740402,67.056717,-415.624176
94.403435,-154.902878,67.056717,-415.624176
94.585869,-154.258392,67.056717,-415.624176
94.834282,-153.585388,67.056717,-415.624176
95.097427,-152.920074,67.056717,-415.624176
95.397270,-152.211151,67.056717,-415.624176
95.665535,-151.539902,67.056717,-415.624176
95.877632,-150.880173,67.056717,-415.624176
96.046654,-150.221527,67.056717,-415.624176
96.241402,-149.458511,67.056717,-415.624176
96.464745,-148.627228,67.056717,-415.624176
96.984848,-147.026505,67.056717,-415.624176
97.218224,-146.176834,67.056717,-415.624176
97.461716,-145.269531,67.056717,-415.624176
97.643005,-144.494705,67.056717,-415.624176
97.824196,-143.847168,67.056717,-415.624176
97.993164,-143.169113,67.056717,-415.624176
98.192261,-142.414429,67.056717,-415.624176
98.402184,-141.634247,67.056717,-415.624176
98.566200,-140.875488,67.056717,-415.624176
98.858582,-139.349503,67.056717,-415.624176
99.006599,-138.578720,67.056717,-415.624176
99.163300,-137.763412,67.056717,-415.624176
99.296761,-136.939606,67.056717,-415.624176
99.477081,-136.056122,67.056717,-415.624176
99.634506,-135.123428,67.056717,-415.624176
99.770370,-134.225281,67.056717,-415.624176
99.870781,-133.389038,67.056717,-415.624176
100.011192,-132.602905,67.056717,-415.624176
100.281212,-131.097717,67.056717,-415.624176
100.391960,-130.354095,67.056717,-415.624176
100.502922,-129.605392,67.056717,-415.624176
100.603546,-128.837860,67.056717,-415.624176
100.671654,-128.033798,67.056717,-415.624176
100.702461,-127.174438,67.056717,-415.624176
100.705566,-126.253845,67.056717,-415.624176
100.679047,-125.318512,67.056717,-415.624176
100.717300,-124.421188,67.056717,-415.624176
100.861061,-122.731247,67.056717,-415.624176
100.927963,-121.965797,67.056717,-415.624176
100.941078,-121.218002,67.056717,-415.624176
100.962120,-120.484985,67.056717,-415.624176
100.979195,-119.721375,67.056717,-415.624176
100.979843,-118.929962,67.056717,-415.624176
100.970413,-118.071762,67.056717,-415.624176
100.989845,-117.216682,67.056717,-415.624176
101.038933,-116.355530,67.056717,-415.624176
101.220589,-111.538628,67.056717,-415.624176
101.184151,-111.135078,67.056717,-415.624176
101.184151,-111.135078,67.056717,-415.624176
101.184151,-111.135078,67.056717,-415.624176
101.070297,-110.769852,67.056717,-415.624176
101.070297,-110.769852,67.056717,-415.624176
101.070297,-110.769852,67.056717,-415.624176
100.916817,-110.512718,67.056717,-415.624176
100.916817,-110.512718,67.056717,-415.624176
100.916817,-110.512718,67.056717,-415.624176
100.786682,-110.327324,67.056717,-415.624176
100.786682,-110.327324,67.056717,-415.624176
100.786682,-110.327324,67.056717,-415.624176
100.767761,-110.204323,67.056717,-415.624176
100.831810,-110.195839,67.056717,-415.624176
100.831810,-110.195839,67.056717,-415.624176
100.831810,-110.195839,67.056717,-415.624176
100.910233,-110.333763,67.056717,-415.624176
100.910233,-110.333763,67.056717,-415.624176
100.910233,-110.333763,67.056717,-415.624176
100.923164,-110.467422,67.056717,-415.624176
100.923164,-110.467422,67.056717,-415.624176
100.809273,-110.357742,67.056717,-415.624176
100.809273,-110.357742,67.056717,-415.624176
100.809273,-110.357742,67.056717,-415.624176
100.634377,-110.058533,67.056717,-415.624176
100.634377,-110.058533,67.056717,-415.624176
100.634377,-110.058533,67.056717,-415.624176
100.524651,-109.823837,67.056717,-415.624176
100.524651,-109.823837,67.056717,-415.624176
100.488831,-109.753883,67.056717,-415.624176
100.488831,-109.753883,67.056717,-415.624176
100.499664,-109.767174,67.056717,-415.624176
100.499664,-109.767174,67.056717,-415.624176
100.499664,-109.767174,67.056717,-415.624176
100.490845,-109.784470,67.056717,-415.624176
100.490845,-109.784470,67.056717,-415.624176
100.490845,-109.784470,67.056717,-415.624176
100.403481,-109.724449,67.056717,-415.624176
100.403481,-109.724449,67.056717,-415.624176
100.403481,-109.724449,67.056717,-415.624176
100.269775,-109.611855,67.056717,-415.624176
100.191849,-109.484558,67.056717,-415.624176
100.191849,-109.484558,67.056717,-415.624176
100.191849,-109.484558,67.056717,-415.624176
100.193817,-109.340889,67.056717,-415.624176
100.193817,-109.340889,67.056717,-415.624176
100.193817,-109.340889,67.056717,-415.624176
100.244362,-109.239754,67.056717,-415.624176
100.244362,-109.239754,67.056717,-415.624176
100.244362,-109.239754,67.056717,-415.624176
100.263420,-109.215294,67.056717,-415.624176
100.263420,-109.215294,67.056717,-415.624176
100.221680,-109.238907,67.056717,-415.624176
100.221680,-109.238907,67.056717,-415.624176
100.221680,-109.238907,67.056717,-415.624176
100.139557,-109.276207,67.056717,-415.624176
100.139557,-109.276207,67.056717,-415.624176
100.111656,-109.316612,67.056717,-415.624176
100.111656,-109.316612,67.056717,-415.624176
100.111656,-109.316612,67.056717,-415.624176
100.124702,-109.313545,67.056717,-415.624176
100.124702,-109.313545,67.056717,-415.624176
100.154404,-109.285645,67.056717,-415.624176
100.154404,-109.285645,67.056717,-415.624176
100.154404,-109.285645,67.056717,-415.624176
100.168045,-109.254799,67.056717,-415.624176
100.168045,-109.254799,67.056717,-415.624176
100.168045,-109.254799,67.056717,-415.624176
100.167900,-109.253563,67.056717,-415.624176
100.163315,-109.251648,67.056717,-415.624176
100.163315,-109.251648,67.056717,-415.624176
100.163315,-109.251648,67.056717,-415.624176
100.163712,-109.254494,67.056717,-415.624176
100.163712,-109.254494,67.056717,-415.624176
100.163712,-109.254494,67.056717,-415.624176
100.169510,-109.261803,67.056717,-415.624176
100.169510,-109.261803,67.056717,-415.624176
100.169510,-109.261803,67.056717,-415.624176
100.176277,-109.270172,67.056717,-415.624176
100.176277,-109.270172,67.056717,-415.624176
100.176277,-109.270172,67.056717,-415.624176
100.176277,-109.270172,67.056717,-415.624176
100.176277,-109.270172,67.056717,-415.624176
100.171188,-109.264137,67.056717,-415.624176
100.171188,-109.264137,67.056717,-415.624176
100.164574,-109.275505,67.056717,-415.624176
100.164574,-109.275505,67.056717,-415.624176
100.164574,-109.275505,67.056717,-415.624176
100.157639,-109.295883,67.056717,-415.624176
100.157639,-109.295883,67.056717,-415.624176
100.157639,-109.295883,67.056717,-415.624176
100.153465,-109.318314,67.056717,-415.624176
100.153465,-109.318314,67.056717,-415.624176
100.147690,-109.346237,67.056717,-415.624176
100.147690,-109.346237,67.056717,-415.624176
100.147690,-109.346237,67.056717,-415.624176
100.135162,-109.385925,67.056717,-415.624176
100.135162,-109.385925,67.056717,-415.624176
100.120369,-109.433929,67.056717,-415.624176
100.120369,-109.433929,67.056717,-415.624176
100.106689,-109.479271,67.056717,-415.624176
100.106689,-109.479271,67.056717,-415.624176
100.106689,-109.479271,67.056717,-415.624176
100.095482,-109.517113,67.056717,-415.624176
100.095482,-109.517113,67.056717,-415.624176
100.095482,-109.517113,67.056717,-415.624176
100.086609,-109.574318,67.056717,-415.624176
100.086609,-109.574318,67.056717,-415.624176
100.086609,-109.574318,67.056717,-415.624176
100.079643,-109.648445,67.056717,-415.624176
100.079643,-109.648445,67.056717,-415.624176
100.068375,-109.739189,67.056717,-415.624176
100.068375,-109.739189,67.056717,-415.624176
100.053604,-109.841927,67.056717,-415.624176
100.053604,-109.841927,67.056717,-415.624176
100.053604,-109.841927,67.056717,-415.624176
100.041031,-109.942970,67.056717,-415.624176
100.041031,-109.942970,67.056717,-415.624176
100.041031,-109.942970,67.056717,-415.624176
100.041550,-110.025185,67.056717,-415.624176
100.041550,-110.025185,67.056717,-415.624176
100.043968,-110.103745,67.056717,-415.624176
100.043968,-110.103745,67.056717,-415.624176
100.043968,-110.103745,67.056717,-415.624176
100.051582,-110.188026,67.056717,-415.624176
100.051582,-110.188026,67.056717,-415.624176
100.061928,-110.265144,67.056717,-415.624176
100.061928,-110.265144,67.056717,-415.624176
100.061928,-110.265144,67.056717,-415.624176
100.080856,-110.354721,67.056717,-415.624176
100.080856,-110.354721,67.056717,-415.624176
100.098648,-110.452393,67.056717,-415.624176
100.098648,-110.452393,67.056717,-415.624176
100.098648,-110.452393,67.056717,-415.624176
100.123398,-110.543564,67.056717,-415.624176
100.123398,-110.543564,67.056717,-415.624176
100.123398,-110.543564,67.056717,-415.624176
100.171349,-110.637085,67.056717,-415.624176
100.171349,-110.637085,67.056717,-415.624176
100.224396,-110.725868,67.056717,-415.624176
100.224396,-110.725868,67.056717,-415.624176
100.257484,-110.815895,67.056717,-415.624176
100.257484,-110.815895,67.056717,-415.624176
100.257484,-110.815895,67.056717,-415.624176
100.292221,-110.891815,67.056717,-415.624176
100.292221,-110.891815,67.056717,-415.624176
100.292221,-110.891815,67.056717,-415.624176
100.341698,-110.999664,67.056717,-415.624176
100.341698,-110.999664,67.056717,-415.624176
100.341698,-110.999664,67.056717,-415.624176
100.424873,-111.183800,67.056717,-415.624176
100.424873,-111.183800,67.056717,-415.624176
100.573853,-111.444077,67.056717,-415.624176
100.573853,-111.444077,67.056717,-415.624176
100.768227,-111.766518,67.056717,-415.624176
100.768227,-111.766518,67.056717,-415.624176
100.768227,-111.766518,67.056717,-415.624176
100.978615,-112.114967,67.056717,-415.624176
100.978615,-112.114967,67.056717,-415.624176
100.978615,-112.114967,67.056717,-415.624176
101.181313,-112.421188,67.056717,-415.624176
101.181313,-112.421188,67.056717,-415.624176
101.301010,-112.582245,67.056717,-415.624176
101.301010,-112.582245,67.056717,-415.624176
101.301010,-112.582245,67.056717,-415.624176
101.309120,-112.562447,67.056717,-415.624176
101.309120,-112.562447,67.056717,-415.624176
101.313416,-112.545029,67.056717,-415.624176
101.313416,-112.545029,67.056717,-415.624176
101.352638,-112.598991,67.056717,-415.624176
101.352638,-112.598991,67.056717,-415.624176
101.352638,-112.598991,67.056717,-415.624176
101.430222,-112.696884,67.056717,-415.624176
101.430222,-112.696884,67.056717,-415.624176
101.430222,-112.696884,67.056717,-415.624176
101.432846,-112.720062,67.056717,-415.624176
101.432846,-112.720062,67.056717,-415.624176
101.432846,-112.720062,67.056717,-415.624176
101.391663,-112.647911,67.056717,-415.624176
101.391663,-112.647911,67.056717,-415.624176
101.391663,-112.647911,67.056717,-415.624176
101.302078,-112.474701,67.056717,-415.624176
101.180840,-112.262283,67.056717,-415.624176
101.180840,-112.262283,67.056717,-415.624176
101.180840,-112.262283,67.056717,-415.624176
101.038612,-112.011421,67.056717,-415.624176
101.038612,-112.011421,67.056717,-415.624176
101.038612,-112.011421,67.056717,-415.624176
100.896194,-111.752876,67.056717,-415.624176
100.896194,-111.752876,67.056717,-415.624176
100.896194,-111.752876,67.056717,-415.624176
100.831375,-111.587967,67.056717,-415.624176
100.831375,-111.587967,67.056717,-415.624176
100.863091,-111.586555,67.056717,-415.624176
100.863091,-111.586555,67.056717,-415.624176
100.990089,-111.828064,67.056717,-415.624176
100.990089,-111.828064,67.056717,-415.624176
100.990089,-111.828064,67.056717,-415.624176
101.151268,-112.187248,67.056717,-415.624176
101.151268,-112.187248,67.056717,-415.624176
101.240517,-112.406059,67.056717,-415.624176
101.240517,-112.406059,67.056717,-415.624176
101.240517,-112.406059,67.056717,-415.624176
101.211555,-112.409164,67.056717,-415.624176
101.211555,-112.409164,67.056717,-415.624176
101.211555,-112.409164,67.056717,-415.624176
101.154839,-112.356850,67.056717,-415.624176
101.154839,-112.356850,67.056717,-415.624176
101.154839,-112.356850,67.056717,-415.624176
101.114326,-112.270813,67.056717,-415.624176
101.097260,-112.191689,67.056717,-415.624176
101.097260,-112.191689,67.056717,-415.624176
101.097260,-112.191689,67.056717,-415.624176
101.135788,-112.233871,67.056717,-415.624176
101.135788,-112.233871,67.056717,-415.624176
101.135788,-112.233871,67.056717,-415.624176
101.167717,-112.318535,67.056717,-415.624176
101.167717,-112.318535,67.056717,-415.624176
101.167717,-112.318535,67.056717,-415.624176
101.171989,-112.348938,67.056717,-415.624176
101.171989,-112.348938,67.056717,-415.624176
101.171989,-112.348938,67.056717,-415.624176
101.170372,-112.367424,67.056717,-415.624176
101.196388,-112.415077,67.056717,-415.624176
101.196388,-112.415077,67.056717,-415.624176
101.196388,-112.415077,67.056717,-415.624176
101.221443,-112.466225,67.056717,-415.624176
101.221443,-112.466225,67.056717,-415.624176
101.221443,-112.466225,67.056717,-415.624176
101.227417,-112.492294,67.056717,-415.624176
101.227417,-112.492294,67.056717,-415.624176
101.233711,-112.497673,67.056717,-415.624176
101.233711,-112.497673,67.056717,-415.624176
101.233711,-112.497673,67.056717,-415.624176
101.247749,-112.493233,67.056717,-415.624176
101.247749,-112.493233,67.056717,-415.624176
101.247749,-112.493233,67.056717,-415.624176
101.270844,-112.493439,67.056717,-415.624176
101.270844,-112.493439,67.056717,-415.624176
101.288948,-112.493057,67.056717,-415.624176
101.288948,-112.493057,67.056717,-415.624176
101.297882,-112.505447,67.056717,-415.624176
101.297882,-112.505447,67.056717,-415.624176
101.297882,-112.505447,67.056717,-415.624176
101.303139,-112.522049,67.056717,-415.624176
101.303139,-112.522049,67.056717,-415.624176
101.303139,-112.522049,67.056717,-415.624176
101.302551,-112.526718,67.056717,-415.624176
101.302551,-112.526718,67.056717,-415.624176
101.302551,-112.526718,67.056717,-415.624176
101.302551,-112.526718,67.056717,-415.624176
101.297966,-112.522171,67.056717,-415.624176
101.297966,-112.522171,67.056717,-415.624176
101.297966,-112.522171,67.056717,-415.624176
101.288780,-112.513092,67.056717,-415.624176
101.288780,-112.513092,67.056717,-415.624176
101.288780,-112.513092,67.056717,-415.624176
101.280106,-112.504517,67.056717,-415.624176
101.280106,-112.504517,67.056717,-415.624176
101.280106,-112.504517,67.056717,-415.624176
101.269890,-112.494438,67.056717,-415.624176
101.269890,-112.494438,67.056717,-415.624176
101.257111,-112.481850,67.056717,-415.624176
101.257111,-112.481850,67.056717,-415.624176
101.257111,-112.481850,67.056717,-415.624176
101.244835,-112.469772,67.056717,-415.624176
101.244835,-112.469772,67.056717,-415.624176
101.232552,-112.457703,67.056717,-415.624176
101.232552,-112.457703,67.056717,-415.624176
101.232552,-112.457703,67.056717,-415.624176
101.221489,-112.443359,67.056717,-415.624176
101.221489,-112.443359,67.056717,-415.624176
101.212364,-112.423965,67.056717,-415.624176
101.212364,-112.423965,67.056717,-415.624176
101.212364,-112.423965,67.056717,-415.624176
101.204109,-112.403687,67.056717,-415.624176
101.204109,-112.403687,67.056717,-415.624176
101.204109,-112.403687,67.056717,-415.624176
101.195511,-112.382217,67.056717,-415.624176
101.187241,-112.361946,67.056717,-415.624176
101.187241,-112.361946,67.056717,-415.624176
101.187241,-112.361946,67.056717,-415.624176
101.178787,-112.342369,67.056717,-415.624176
101.178787,-112.342369,67.056717,-415.624176
101.178787,-112.342369,67.056717,-415.624176
101.172134,-112.333260,67.056717,-415.624176
101.172134,-112.333260,67.056717,-415.624176
101.172134,-112.333260,67.056717,-415.624176
101.165123,-112.325546,67.056717,-415.624176
101.165123,-112.325546,67.056717,-415.624176
101.165123,-112.325546,67.056717,-415.624176
101.156570,-112.316330,67.056717,-415.624176
101.156570,-112.316330,67.056717,-415.624176
101.147491,-112.306625,67.056717,-415.624176
101.147491,-112.306625,67.056717,-415.624176
101.138924,-112.297424,67.056717,-415.624176
101.138924,-112.297424,67.056717,-415.624176
101.138924,-112.297424,67.056717,-415.624176
101.130348,-112.288231,67.056717,-415.624176
101.130348,-112.288231,67.056717,-415.624176
101.130348,-112.288231,67.056717,-415.624176
101.127258,-112.285233,67.056717,-415.624176
101.127258,-112.285233,67.056717,-415.624176
101.127258,-112.285233,67.056717,-415.624176
101.127258,-112.285233,67.056717,-415.624176
101.127258,-112.285233,67.056717,-415.624176
101.127258,-112.285233,67.056717,-415.624176
101.127258,-112.285233,67.056717,-415.624176
101.127258,-112.285233,67.056717,-415.624176
101.127258,-112.285233,67.056717,-415.624176
101.127258,-112.285233,67.056717,-415.624176
101.127258,-112.285233,67.056717,-415.624176
101.127258,-112.285233,67.056717,-415.624176
101.127258,-112.285233,67.056717,-415.624176
101.127258,-112.285233,67.056717,-415.624176
101.127258,-112.285233,67.056717,-415.624176
101.127258,-112.285233,67.056717,-415.624176
101.127258,-112.285233,67.056717,-415.624176
101.127258,-112.285233,67.056717,-415.624176
101.126747,-112.284729,67.056717,-415.624176
101.126747,-112.284729,67.056717,-415.624176
101.127258,-112.285233,67.056717,-415.624176
101.127258,-112.285233,67.056717,-415.624176
101.127769,-112.285736,67.056717,-415.624176
101.127769,-112.285736,67.056717,-415.624176
101.127769,-112.285736,67.056717,-415.624176
101.128281,-112.286240,67.056717,-415.624176
101.128281,-112.286240,67.056717,-415.624176
101.128281,-112.286240,67.056717,-415.624176
101.128792,-112.286743,67.056717,-415.624176
101.128792,-112.286743,67.056717,-415.624176
101.128792,-112.286743,67.056717,-415.624176
101.128792,-112.286743,67.056717,-415.624176
101.128792,-112.286743,67.056717,-415.624176
101.128792,-112.286743,67.056717,-415.624176
101.128792,-112.286743,67.056717,-415.624176
101.128792,-112.286743,67.056717,-415.624176
101.128792,-112.286743,67.056717,-415.624176
101.128792,-112.286743,67.056717,-415.624176
101.128792,-112.286743,67.056717,-415.624176
101.128792,-112.286743,67.056717,-415.624176
101.128792,-112.286743,67.056717,-415.624176
101.128792,-112.286743,67.056717,-415.624176
101.128792,-112.286743,67.056717,-415.624176
101.128792,-112.286743,67.056717,-415.624176
101.128792,-112.286743,67.056717,-415.624176
101.128792,-112.286743,67.056717,-415.624176
101.128792,-112.286743,67.056717,-415.624176
101.128792,-112.286743,67.056717,-415.624176
101.128792,-112.286743,67.056717,-415.624176
101.128792,-112.286743,67.056717,-415.624176
101.128792,-112.286743,67.056717,-415.624176
101.128792,-112.286743,67.056717,-415.624176
101.128792,-112.286743,67.056717,-415.624176
101.128792,-112.286743,67.056717,-415.624176
101.128792,-112.286743,67.056717,-415.624176
101.128792,-112.286743,67.056717,-415.624176
101.128792,-112.286743,67.056717,-415.624176
101.128792,-112.286743,67.056717,-415.624176
101.128792,-112.286743,67.056717,-415.624176
101.128792,-112.286743,67.056717,-415.624176
101.128792,-112.286743,67.056717,-415.624176
101.128792,-112.286743,67.056717,-415.624176
101.128792,-112.286743,67.056717,-415.624176
101.128792,-112.286743,67.056717,-415.624176
101.128792,-112.286743,67.056717,-415.624176
101.128792,-112.286743,67.056717,-415.624176
101.128792,-112.286743,67.056717,-415.624176
101.128792,-112.286743,67.056717,-415.624176
101.128792,-112.286743,67.056717,-415.624176
101.128792,-112.286743,67.056717,-415.624176
101.128792,-112.286743,67.056717,-415.624176
101.128792,-112.286743,67.056717,-415.624176
101.128792,-112.286743,67.056717,-415.624176
101.128792,-112.286743,67.056717,-415.624176
101.128792,-112.286743,67.056717,-415.624176
101.128792,-112.286743,67.056717,-415.624176
101.128792,-112.286743,67.056717,-415.624176
101.128792,-112.286743,67.056717,-415.624176
101.128792,-112.286743,67.056717,-415.624176
101.128792,-112.286743,67.056717,-415.624176
101.128792,-112.286743,67.056717,-415.624176
101.128792,-112.286743,67.056717,-415.624176
101.128792,-112.286743,67.056717,-415.624176
101.128792,-112.286743,67.056717,-415.624176
101.128792,-112.286743,67.056717,-415.624176
101.128792,-112.286743,67.056717,-415.624176
101.128792,-112.286743,67.056717,-415.624176
101.128792,-112.286743,67.056717,-415.624176
101.128792,-112.286743,67.056717,-415.624176
101.128792,-112.286743,67.056717,-415.624176
101.128792,-112.286743,67.056717,-415.624176
101.128792,-112.286743,67.056717,-415.624176
101.128792,-112.286743,67.056717,-415.624176
101.128792,-112.286743,67.056717,-415.624176
101.128792,-112.286743,67.056717,-415.624176
101.128792,-112.286743,67.056717,-415.624176
101.128792,-112.286743,67.056717,-415.624176
101.128792,-112.286743,67.056717,-415.624176
101.128792,-112.286743,67.056717,-415.624176
101.128792,-112.286743,67.056717,-415.624176
101.128792,-112.286743,67.056717,-415.624176
101.128792,-112.286743,67.056717,-415.624176
101.128792,-112.286743,67.056717,-415.624176
101.128792,-112.286743,67.056717,-415.624176
101.128792,-112.286743,67.056717,-415.624176
101.128792,-112.286743,67.056717,-415.624176
101.128792,-112.286743,67.056717,-415.624176
101.128792,-112.286743,67.056717,-415.624176
101.128792,-112.286743,67.056717,-415.624176
101.128792,-112.286743,67.056717,-415.624176
101.128792,-112.286743,67.056717,-415.624176
101.128792,-112.286743,67.056717,-415.624176
101.128792,-112.286743,67.056717,-415.624176
101.128792,-112.286743,67.056717,-415.624176
101.128792,-112.286743,67.056717,-415.624176
101.128792,-112.286743,67.056717,-415.624176
101.128792,-112.286743,67.056717,-415.624176
101.128792,-112.286743,67.056717,-415.624176
101.128792,-112.286743,67.056717,-415.624176
101.128792,-112.286743,67.056717,-415.624176
101.128792,-112.286743,67.056717,-415.624176
101.128792,-112.286743,67.056717,-415.624176
101.128792,-112.286743,67.056717,-415.624176
101.128792,-112.286743,67.056717,-415.624176
101.128792,-112.286743,67.056717,-415.624176
101.128792,-112.286743,67.056717,-415.624176
101.128792,-112.286743,67.056717,-415.624176
101.128792,-112.286743,67.056717,-415.624176
101.128792,-112.286743,67.056717,-415.624176
101.128792,-112.286743,67.056717,-415.624176
101.128792,-112.286743,67.056717,-415.624176
101.128792,-112.286743,67.056717,-415.624176
101.128792,-112.286743,67.056717,-415.624176
101.128792,-112.286743,67.056717,-415.624176
101.128792,-112.286743,67.056717,-415.624176
101.128792,-112.286743,67.056717,-415.624176
101.128792,-112.286743,67.056717,-415.624176
101.128792,-112.286743,67.056717,-415.624176
101.128792,-112.286743,67.056717,-415.624176
101.128792,-112.286743,67.056717,-415.624176
101.128792,-112.286743,67.056717,-415.624176
101.128792,-112.286743,67.056717,-415.624176
101.128792,-112.286743,67.056717,-415.624176
101.128792,-112.286743,67.056717,-415.624176
101.128792,-112.286743,67.056717,-415.624176
101.128792,-112.286743,67.056717,-415.624176
101.128792,-112.286743,67.056717,-415.624176
101.128792,-112.286743,67.056717,-415.624176
101.128792,-112.286743,67.056717,-415.624176
101.128792,-112.286743,67.056717,-415.624176
101.128792,-112.286743,67.056717,-415.624176
101.128792,-112.286743,67.056717,-415.624176
101.128792,-112.286743,67.056717,-415.624176
101.128792,-112.286743,67.056717,-415.624176
101.128792,-112.286743,67.056717,-415.624176
101.128792,-112.286743,67.056717,-415.624176
101.128792,-112.286743,67.056717,-415.624176
101.128792,-112.286743,67.056717,-415.624176
101.128792,-112.286743,67.056717,-415.624176
101.128792,-112.286743,67.056717,-415.624176
101.128792,-112.286743,67.056717,-415.624176
101.128792,-112.286743,67.056717,-415.624176
101.128792,-112.286743,67.056717,-415.624176
101.128792,-112.286743,67.056717,-415.624176
101.128792,-112.286743,67.056717,-415.624176
101.128792,-112.286743,67.056717,-415.624176
101.128792,-112.286743,67.056717,-415.624176
101.128792,-112.286743,67.056717,-415.624176
101.128792,-112.286743,67.056717,-415.624176
101.128792,-112.286743,67.056717,-415.624176
101.128792,-112.286743,67.056717,-415.624176
101.128792,-112.286743,67.056717,-415.624176
101.128792,-112.286743,67.056717,-415.624176
101.128792,-112.286743,67.056717,-415.624176
101.128792,-112.286743,67.056717,-415.624176
101.128792,-112.286743,67.056717,-415.624176
101.128792,-112.286743,67.056717,-415.624176
101.128792,-112.286743,67.056717,-415.624176
101.128792,-112.286743,67.056717,-415.624176
101.128792,-112.286743,67.056717,-415.624176
101.128792,-112.286743,67.056717,-415.624176
101.128792,-112.286743,67.056717,-415.624176
101.128792,-112.286743,67.056717,-415.624176
101.128792,-112.286743,67.056717,-415.624176
101.128792,-112.286743,67.056717,-415.624176
101.128792,-112.286743,67.056717,-415.624176
101.128792,-112.286743,67.056717,-415.624176
101.128792,-112.286743,67.056717,-415.624176
101.128792,-112.286743,67.056717,-415.624176
101.128792,-112.286743,67.056717,-415.624176
101.128792,-112.286743,67.056717,-415.624176
101.128792,-112.286743,67.056717,-415.624176
101.128792,-112.286743,67.056717,-415.624176
101.128792,-112.286743,67.056717,-415.624176
101.128792,-112.286743,67.056717,-415.624176
101.128792,-112.286743,67.056717,-415.624176
101.128792,-112.286743,67.056717,-415.624176
101.128792,-112.286743,67.056717,-415.624176
101.128792,-112.286743,67.056717,-415.624176
101.128792,-112.286743,67.056717,-415.624176
101.128792,-112.286743,67.056717,-415.624176
101.128792,-112.286743,67.056717,-415.624176
101.128792,-112.286743,67.056717,-415.624176
101.128792,-112.286743,67.056717,-415.624176
101.128792,-112.286743,67.056717,-415.624176
101.128792,-112.286743,67.056717,-415.624176
101.128792,-112.286743,67.056717,-415.624176
101.128792,-112.286743,67.056717,-415.624176
101.128792,-112.286743,67.056717,-415.624176
101.128792,-112.286743,67.056717,-415.624176
101.128792,-112.286743,67.056717,-415.624176
101.128792,-112.286743,67.056717,-415.624176
101.128792,-112.286743,67.056717,-415.624176
101.128792,-112.286743,67.056717,-415.624176
101.128792,-112.286743,67.056717,-415.624176
101.128792,-112.286743,67.056717,-415.624176
101.128792,-112.286743,67.056717,-415.624176
101.128792,-112.286743,67.056717,-415.624176
101.128792,-112.286743,67.056717,-415.624176
101.128792,-112.286743,67.056717,-415.624176
101.128792,-112.286743,67.056717,-415.624176
101.128792,-112.286743,67.056717,-415.624176
101.128792,-112.286743,67.056717,-415.624176
101.128792,-112.286743,67.056717,-415.624176
101.128792,-112.286743,67.056717,-415.624176
101.128792,-112.286743,67.056717,-415.624176
101.128792,-112.286743,67.056717,-415.624176
101.128792,-112.286743,67.056717,-415.624176
101.128792,-112.286743,67.056717,-415.624176
101.128792,-112.286743,67.056717,-415.624176
101.128792,-112.286743,67.056717,-415.624176
101.128792,-112.286743,67.056717,-415.624176
101.128792,-112.286743,67.056717,-415.624176
101.128792,-112.286743,67.056717,-415.624176
101.128792,-112.286743,67.056717,-415.624176
101.128792,-112.286743,67.056717,-415.624176
101.128792,-112.286743,67.056717,-415.624176
101.128792,-112.286743,67.056717,-415.624176
101.128792,-112.286743,67.056717,-415.624176
101.128792,-112.286743,67.056717,-415.624176
101.128792,-112.286743,67.056717,-415.624176
101.128792,-112.286743,67.056717,-415.624176
101.128792,-112.286743,67.056717,-415.624176
101.128792,-112.286743,67.056717,-415.624176
101.128792,-112.286743,67.056717,-415.624176
101.128792,-112.286743,67.056717,-415.624176
101.128792,-112.286743,67.056717,-415.624176
101.128792,-112.286743,67.056717,-415.624176
101.130508,-112.287544,67.056717,-415.624176
101.130508,-112.287544,67.056717,-415.624176
101.133255,-112.289345,67.056717,-415.624176
101.133255,-112.289345,67.056717,-415.624176
101.133255,-112.289345,67.056717,-415.624176
101.136002,-112.291153,67.056717,-415.624176
101.136002,-112.291153,67.056717,-415.624176
101.136002,-112.291153,67.056717,-415.624176
101.138062,-112.293152,67.056717,-415.624176
101.138062,-112.293152,67.056717,-415.624176
101.138573,-112.293655,67.056717,-415.624176
101.138573,-112.293655,67.056717,-415.624176
101.138573,-112.293655,67.056717,-415.624176
101.138573,-112.293655,67.056717,-415.624176
101.138573,-112.293655,67.056717,-415.624176
101.135002,-112.284981,67.056717,-415.624176
101.135002,-112.284981,67.056717,-415.624176
101.135002,-112.284981,67.056717,-415.624176
101.131973,-112.271629,67.056717,-415.624176
101.131973,-112.271629,67.056717,-415.624176
101.131973,-112.271629,67.056717,-415.624176
101.129295,-112.256889,67.056717,-415.624176
101.129295,-112.256889,67.056717,-415.624176
101.122826,-112.241928,67.056717,-415.624176
101.122826,-112.241928,67.056717,-415.624176
101.111511,-112.230919,67.056717,-415.624176
101.111511,-112.230919,67.056717,-415.624176
101.111511,-112.230919,67.056717,-415.624176
101.102577,-112.225693,67.056717,-415.624176
101.102577,-112.225693,67.056717,-415.624176
101.102577,-112.225693,67.056717,-415.624176
101.104958,-112.206306,67.056717,-415.624176
101.104958,-112.206306,67.056717,-415.624176
101.110191,-112.178391,67.056717,-415.624176
101.110191,-112.178391,67.056717,-415.624176
101.110191,-112.178391,67.056717,-415.624176
101.111946,-112.156616,67.056717,-415.624176
101.111946,-112.156616,67.056717,-415.624176
101.105629,-112.133865,67.056717,-415.624176
101.105629,-112.133865,67.056717,-415.624176
101.093781,-112.097816,67.056717,-415.624176
101.093781,-112.097816,67.056717,-415.624176
101.093781,-112.097816,67.056717,-415.624176
101.083672,-112.062569,67.056717,-415.624176
101.083672,-112.062569,67.056717,-415.624176
101.083672,-112.062569,67.056717,-415.624176
101.070488,-112.041710,67.056717,-415.624176
101.070488,-112.041710,67.056717,-415.624176
101.070488,-112.041710,67.056717,-415.624176
101.057518,-112.032379,67.056717,-415.624176
101.057518,-112.032379,67.056717,-415.624176
101.057518,-112.032379,67.056717,-415.624176
101.048866,-112.045685,67.056717,-415.624176
101.043884,-112.064407,67.056717,-415.624176
101.043884,-112.064407,67.056717,-415.624176
101.043884,-112.064407,67.056717,-415.624176
101.046921,-112.067459,67.056717,-415.624176
101.046921,-112.067459,67.056717,-415.624176
101.046921,-112.067459,67.056717,-415.624176
101.055687,-112.075439,67.056717,-415.624176
101.055687,-112.075439,67.056717,-415.624176
101.055687,-112.075439,67.056717,-415.624176
101.065002,-112.081375,67.056717,-415.624176
101.065002,-112.081375,67.056717,-415.624176
101.068092,-112.081871,67.056717,-415.624176
101.068092,-112.081871,67.056717,-415.624176
101.068092,-112.081871,67.056717,-415.624176
101.068092,-112.081871,67.056717,-415.624176
101.068092,-112.081871,67.056717,-415.624176
101.068092,-112.081871,67.056717,-415.624176
101.068092,-112.081871,67.056717,-415.624176
101.067108,-112.080833,67.056717,-415.624176
101.067108,-112.080833,67.056717,-415.624176
101.067108,-112.080833,67.056717,-415.624176
101.067108,-112.080833,67.056717,-415.624176
101.067108,-112.080833,67.056717,-415.624176
101.067108,-112.080833,67.056717,-415.624176
101.067108,-112.080833,67.056717,-415.624176
101.067108,-112.080833,67.056717,-415.624176
101.067108,-112.080833,67.056717,-415.624176
101.067108,-112.080833,67.056717,-415.624176
101.067108,-112.080833,67.056717,-415.624176
101.067108,-112.080833,67.056717,-415.624176
101.067108,-112.080833,67.056717,-415.624176
101.067108,-112.080833,67.056717,-415.624176
101.067108,-112.080833,67.056717,-415.624176
101.067108,-112.080833,67.056717,-415.624176
101.067108,-112.080833,67.056717,-415.624176
101.067108,-112.080833,67.056717,-415.624176
101.067108,-112.080833,67.056717,-415.624176
101.067108,-112.080833,67.056717,-415.624176
101.067108,-112.080833,67.056717,-415.624176
101.067108,-112.080833,67.056717,-415.624176
101.067108,-112.080833,67.056717,-415.624176
101.067108,-112.080833,67.056717,-415.624176
101.067108,-112.080833,67.056717,-415.624176
101.067108,-112.080833,67.056717,-415.624176
101.067108,-112.080833,67.056717,-415.624176
101.067108,-112.080833,67.056717,-415.624176
101.067108,-112.080833,67.056717,-415.624176
101.067108,-112.080833,67.056717,-415.624176
101.067108,-112.080833,67.056717,-415.624176
101.067108,-112.080833,67.056717,-415.624176
101.067108,-112.080833,67.056717,-415.624176
101.067108,-112.080833,67.056717,-415.624176
101.067108,-112.080833,67.056717,-415.624176
101.067108,-112.080833,67.056717,-415.624176
101.067108,-112.080833,67.056717,-415.624176
101.067108,-112.080833,67.056717,-415.624176
101.067108,-112.080833,67.056717,-415.624176
101.067108,-112.080833,67.056717,-415.624176
101.067108,-112.080833,67.056717,-415.624176
101.067108,-112.080833,67.056717,-415.624176
101.067108,-112.080833,67.056717,-415.624176
101.067108,-112.080833,67.056717,-415.624176
101.067108,-112.080833,67.056717,-415.624176
101.067108,-112.080833,67.056717,-415.624176
101.067108,-112.080833,67.056717,-415.624176
101.067108,-112.080833,67.056717,-415.624176
101.067108,-112.080833,67.056717,-415.624176
101.067108,-112.080833,67.056717,-415.624176
101.067108,-112.080833,67.056717,-415.624176
101.067108,-112.080833,67.056717,-415.624176
101.067108,-112.080833,67.056717,-415.624176
101.067108,-112.080833,67.056717,-415.624176
101.067108,-112.080833,67.056717,-415.624176
101.067108,-112.080833,67.056717,-415.624176
101.067108,-112.080833,67.056717,-415.624176
101.067108,-112.080833,67.056717,-415.624176
101.067108,-112.080833,67.056717,-415.624176
101.067108,-112.080833,67.056717,-415.624176
101.067108,-112.080833,67.056717,-415.624176
101.067108,-112.080833,67.056717,-415.624176
101.067108,-112.080833,67.056717,-415.624176
101.067108,-112.080833,67.056717,-415.624176
101.067108,-112.080833,67.056717,-415.624176
101.067108,-112.080833,67.056717,-415.624176
101.067108,-112.080833,67.056717,-415.624176
101.067108,-112.080833,67.056717,-415.624176
101.067108,-112.080833,67.056717,-415.624176
101.067108,-112.080833,67.056717,-415.624176
101.067108,-112.080833,67.056717,-415.624176
101.067108,-112.080833,67.056717,-415.624176
101.067108,-112.080833,67.056717,-415.624176
101.067108,-112.080833,67.056717,-415.624176
101.067108,-112.080833,67.056717,-415.624176
101.067108,-112.080833,67.056717,-415.624176
101.067108,-112.080833,67.056717,-415.624176
101.067108,-112.080833,67.056717,-415.624176
101.067108,-112.080833,67.056717,-415.624176
101.067108,-112.080833,67.056717,-415.624176
101.067108,-112.080833,67.056717,-415.624176
101.067108,-112.080833,67.056717,-415.624176
101.067108,-112.080833,67.056717,-415.624176
101.067108,-112.080833,67.056717,-415.624176
101.067108,-112.080833,67.056717,-415.624176
101.067108,-112.080833,67.056717,-415.624176
101.067108,-112.080833,67.056717,-415.624176
101.067108,-112.080833,67.056717,-415.624176
101.067139,-112.081551,67.056717,-415.624176
101.067139,-112.081551,67.056717,-415.624176
101.067162,-112.082268,67.056717,-415.624176
101.067162,-112.082268,67.056717,-415.624176
101.067162,-112.082268,67.056717,-415.624176
101.067162,-112.082268,67.056717,-415.624176
101.067162,-112.082268,67.056717,-415.624176
101.067162,-112.082268,67.056717,-415.624176
101.067162,-112.082268,67.056717,-415.624176
101.067162,-112.082268,67.056717,-415.624176
101.067162,-112.082268,67.056717,-415.624176
101.067162,-112.082268,67.056717,-415.624176
101.067162,-112.082268,67.056717,-415.624176
101.067162,-112.082268,67.056717,-415.624176
101.067162,-112.082268,67.056717,-415.624176
101.067162,-112.082268,67.056717,-415.624176
101.067162,-112.082268,67.056717,-415.624176
101.067162,-112.082268,67.056717,-415.624176
101.067162,-112.082268,67.056717,-415.624176
101.067162,-112.082268,67.056717,-415.624176
101.067162,-112.082268,67.056717,-415.624176
101.067162,-112.082268,67.056717,-415.624176
101.067162,-112.082268,67.056717,-415.624176
101.067162,-112.082268,67.056717,-415.624176
101.067162,-112.082268,67.056717,-415.624176
101.067162,-112.082268,67.056717,-415.624176
101.067162,-112.082268,67.056717,-415.624176
101.067162,-112.082268,67.056717,-415.624176
101.067162,-112.082268,67.056717,-415.624176
101.067162,-112.082268,67.056717,-415.624176
101.067162,-112.082268,67.056717,-415.624176
101.067162,-112.082268,67.056717,-415.624176
101.067162,-112.082268,67.056717,-415.624176
101.067162,-112.082268,67.056717,-415.624176
101.067162,-112.082268,67.056717,-415.624176
101.067162,-112.082268,67.056717,-415.624176
101.067162,-112.082268,67.056717,-415.624176
101.067162,-112.082268,67.056717,-415.624176
101.067162,-112.082268,67.056717,-415.624176
101.067162,-112.082268,67.056717,-415.624176
101.067162,-112.082268,67.056717,-415.624176
101.067162,-112.082268,67.056717,-415.624176
101.067162,-112.082268,67.056717,-415.624176
101.067162,-112.082268,67.056717,-415.624176
101.067162,-112.082268,67.056717,-415.624176
101.067162,-112.082268,67.056717,-415.624176
101.067162,-112.082268,67.056717,-415.624176
101.067162,-112.082268,67.056717,-415.624176
101.067162,-112.082268,67.056717,-415.624176
101.067162,-112.082268,67.056717,-415.624176
101.067162,-112.082268,67.056717,-415.624176
101.067162,-112.082268,67.056717,-415.624176
101.067162,-112.082268,67.056717,-415.624176
101.067162,-112.082268,67.056717,-415.624176
101.067162,-112.082268,67.056717,-415.624176
101.067162,-112.082268,67.056717,-415.624176
101.067162,-112.082268,67.056717,-415.624176
101.067162,-112.082268,67.056717,-415.624176
101.067162,-112.082268,67.056717,-415.624176
101.067162,-112.082268,67.056717,-415.624176
101.067162,-112.082268,67.056717,-415.624176
101.067162,-112.082268,67.056717,-415.624176
101.067162,-112.082268,67.056717,-415.624176
101.067162,-112.082268,67.056717,-415.624176
101.067162,-112.082268,67.056717,-415.624176
101.067162,-112.082268,67.056717,-415.624176
101.067162,-112.082268,67.056717,-415.624176
101.067162,-112.082268,67.056717,-415.624176
101.067162,-112.082268,67.056717,-415.624176
101.067162,-112.082268,67.056717,-415.624176
101.067162,-112.082268,67.056717,-415.624176
101.067162,-112.082268,67.056717,-415.624176
101.067162,-112.082268,67.056717,-415.624176
101.067162,-112.082268,67.056717,-415.624176
101.067162,-112.082268,67.056717,-415.624176
101.067162,-112.082268,67.056717,-415.624176
101.067162,-112.082268,67.056717,-415.624176
101.067162,-112.082268,67.056717,-415.624176
101.067162,-112.082268,67.056717,-415.624176
101.067162,-112.082268,67.056717,-415.624176
101.067162,-112.082268,67.056717,-415.624176
101.067162,-112.082268,67.056717,-415.624176
101.067162,-112.082268,67.056717,-415.624176
101.067162,-112.082268,67.056717,-415.624176
101.067162,-112.082268,67.056717,-415.624176
101.067162,-112.082268,67.056717,-415.624176
101.067162,-112.082268,67.056717,-415.624176
101.067162,-112.082268,67.056717,-415.624176
101.067162,-112.082268,67.056717,-415.624176
101.067162,-112.082268,67.056717,-415.624176
101.067162,-112.082268,67.056717,-415.624176
101.067162,-112.082268,67.056717,-415.624176
101.067162,-112.082268,67.056717,-415.624176
101.067162,-112.082268,67.056717,-415.624176
101.067162,-112.082268,67.056717,-415.624176
101.067162,-112.082268,67.056717,-415.624176
101.067162,-112.082268,67.056717,-415.624176
101.067162,-112.082268,67.056717,-415.624176
101.067162,-112.082268,67.056717,-415.624176
101.067162,-112.082268,67.056717,-415.624176
101.067162,-112.082268,67.056717,-415.624176
101.067162,-112.082268,67.056717,-415.624176
101.067162,-112.082268,67.056717,-415.624176
101.067162,-112.082268,67.056717,-415.624176
101.067162,-112.082268,67.056717,-415.624176
101.067162,-112.082268,67.056717,-415.624176
101.067162,-112.082268,67.056717,-415.624176
101.067162,-112.082268,67.056717,-415.624176
101.067162,-112.082268,67.056717,-415.624176
101.067162,-112.082268,67.056717,-415.624176
101.067162,-112.082268,67.056717,-415.624176
101.067162,-112.082268,67.056717,-415.624176
101.067162,-112.082268,67.056717,-415.624176
101.067162,-112.082268,67.056717,-415.624176
101.067162,-112.082268,67.056717,-415.624176
101.067162,-112.082268,67.056717,-415.624176
101.067162,-112.082268,67.056717,-415.624176
101.066978,-112.082962,67.056717,-415.624176
101.066978,-112.082962,67.056717,-415.624176
101.066788,-112.083656,67.056717,-415.624176
101.066788,-112.083656,67.056717,-415.624176
101.066788,-112.083656,67.056717,-415.624176
101.066391,-112.085037,67.056717,-415.624176
101.066391,-112.085037,67.056717,-415.624176
101.066391,-112.085037,67.056717,-415.624176
101.065979,-112.086411,67.056717,-415.624176
101.065979,-112.086411,67.056717,-415.624176
101.065979,-112.086411,67.056717,-415.624176
101.065765,-112.087097,67.056717,-415.624176
101.065765,-112.087097,67.056717,-415.624176
101.065765,-112.087097,67.056717,-415.624176
101.065552,-112.087784,67.056717,-415.624176
101.065552,-112.087784,67.056717,-415.624176
101.065552,-112.087784,67.056717,-415.624176
101.065552,-112.087784,67.056717,-415.624176
101.065552,-112.087784,67.056717,-415.624176
101.065552,-112.087784,67.056717,-415.624176
101.065552,-112.087784,67.056717,-415.624176
101.065552,-112.087784,67.056717,-415.624176
101.065552,-112.087784,67.056717,-415.624176
101.065552,-112.087784,67.056717,-415.624176
101.065552,-112.087784,67.056717,-415.624176
101.065552,-112.087784,67.056717,-415.624176
101.065552,-112.087784,67.056717,-415.624176
101.065552,-112.087784,67.056717,-415.624176
101.065552,-112.087784,67.056717,-415.624176
101.065552,-112.087784,67.056717,-415.624176
101.065552,-112.087784,67.056717,-415.624176
101.065552,-112.087784,67.056717,-415.624176
101.065552,-112.087784,67.056717,-415.624176
101.065552,-112.087784,67.056717,-415.624176
101.065552,-112.087784,67.056717,-415.624176
101.065552,-112.087784,67.056717,-415.624176
101.065552,-112.087784,67.056717,-415.624176
101.065552,-112.087784,67.056717,-415.624176
101.065552,-112.087784,67.056717,-415.624176
101.065552,-112.087784,67.056717,-415.624176
101.065552,-112.087784,67.056717,-415.624176
101.065552,-112.087784,67.056717,-415.624176
101.065552,-112.087784,67.056717,-415.624176
101.065552,-112.087784,67.056717,-415.624176
101.065552,-112.087784,67.056717,-415.624176
101.065552,-112.087784,67.056717,-415.624176
101.065552,-112.087784,67.056717,-415.624176
101.065552,-112.087784,67.056717,-415.624176
101.065552,-112.087784,67.056717,-415.624176
101.065552,-112.087784,67.056717,-415.624176
101.065552,-112.087784,67.056717,-415.624176
101.065552,-112.087784,67.056717,-415.624176
101.065552,-112.087784,67.056717,-415.624176
101.065552,-112.087784,67.056717,-415.624176
101.065552,-112.087784,67.056717,-415.624176
101.065552,-112.087784,67.056717,-415.624176
101.065552,-112.087784,67.056717,-415.624176
101.065552,-112.087784,67.056717,-415.624176
101.065552,-112.087784,67.056717,-415.624176
101.065552,-112.087784,67.056717,-415.624176
101.065552,-112.087784,67.056717,-415.624176
101.065552,-112.087784,67.056717,-415.624176
101.065552,-112.087784,67.056717,-415.624176
101.065552,-112.087784,67.056717,-415.624176
101.065552,-112.087784,67.056717,-415.624176
101.065552,-112.087784,67.056717,-415.624176
101.065552,-112.087784,67.056717,-415.624176
101.065552,-112.087784,67.056717,-415.624176
101.065552,-112.087784,67.056717,-415.624176
101.065552,-112.087784,67.056717,-415.624176
101.065552,-112.087784,67.056717,-415.624176
101.065552,-112.087784,67.056717,-415.624176
101.065552,-112.087784,67.056717,-415.624176
101.065552,-112.087784,67.056717,-415.624176
101.065552,-112.087784,67.056717,-415.624176
101.065552,-112.087784,67.056717,-415.624176
101.065552,-112.087784,67.056717,-415.624176
101.065552,-112.087784,67.056717,-415.624176
101.065552,-112.087784,67.056717,-415.624176
101.065552,-112.087784,67.056717,-415.624176
101.065552,-112.087784,67.056717,-415.624176
101.065552,-112.087784,67.056717,-415.624176
101.065552,-112.087784,67.056717,-415.624176
101.065552,-112.087784,67.056717,-415.624176
101.065552,-112.087784,67.056717,-415.624176
101.065552,-112.087784,67.056717,-415.624176
101.065552,-112.087784,67.056717,-415.624176
101.065552,-112.087784,67.056717,-415.624176
101.065552,-112.087784,67.056717,-415.624176
101.065552,-112.087784,67.056717,-415.624176
101.065552,-112.087784,67.056717,-415.624176
101.065552,-112.087784,67.056717,-415.624176
101.065552,-112.087784,67.056717,-415.624176
101.065552,-112.087784,67.056717,-415.624176
101.065552,-112.087784,67.056717,-415.624176
101.065552,-112.087784,67.056717,-415.624176
101.065552,-112.087784,67.056717,-415.624176
101.065552,-112.087784,67.056717,-415.624176
101.065552,-112.087784,67.056717,-415.624176
101.065552,-112.087784,67.056717,-415.624176
101.065552,-112.087784,67.056717,-415.624176
101.065552,-112.087784,67.056717,-415.624176
101.065552,-112.087784,67.056717,-415.624176
101.065552,-112.087784,67.056717,-415.624176
101.065552,-112.087784,67.056717,-415.624176
101.065552,-112.087784,67.056717,-415.624176
101.065552,-112.087784,67.056717,-415.624176
101.065552,-112.087784,67.056717,-415.624176
101.065552,-112.087784,67.056717,-415.624176
101.065552,-112.087784,67.056717,-415.624176
101.065552,-112.087784,67.056717,-415.624176
101.065552,-112.087784,67.056717,-415.624176
101.065552,-112.087784,67.056717,-415.624176
101.065552,-112.087784,67.056717,-415.624176
101.065552,-112.087784,67.056717,-415.624176
101.065552,-112.087784,67.056717,-415.624176
101.065552,-112.087784,67.056717,-415.624176
101.065552,-112.087784,67.056717,-415.624176
101.065552,-112.087784,67.056717,-415.624176
101.065552,-112.087784,67.056717,-415.624176
101.065552,-112.087784,67.056717,-415.624176
101.065552,-112.087784,67.056717,-415.624176
101.065552,-112.087784,67.056717,-415.624176
101.065552,-112.087784,67.056717,-415.624176
101.065552,-112.087784,67.056717,-415.624176
101.065552,-112.087784,67.056717,-415.624176
101.065552,-112.087784,67.056717,-415.624176
101.065552,-112.087784,67.056717,-415.624176
101.065552,-112.087784,67.056717,-415.624176
101.065552,-112.087784,67.056717,-415.624176
101.065552,-112.087784,67.056717,-415.624176
101.065552,-112.087784,67.056717,-415.624176
101.065552,-112.087784,67.056717,-415.624176
101.065552,-112.087784,67.056717,-415.624176
101.065552,-112.087784,67.056717,-415.624176
101.065552,-112.087784,67.056717,-415.624176
101.065552,-112.087784,67.056717,-415.624176
101.065552,-112.087784,67.056717,-415.624176
101.065552,-112.087784,67.056717,-415.624176
101.065552,-112.087784,67.056717,-415.624176
101.065552,-112.087784,67.056717,-415.624176
101.065552,-112.087784,67.056717,-415.624176
101.065552,-112.087784,67.056717,-415.624176
101.065552,-112.087784,67.056717,-415.624176
101.065552,-112.087784,67.056717,-415.624176
101.065552,-112.087784,67.056717,-415.624176
101.065552,-112.087784,67.056717,-415.624176
101.065552,-112.087784,67.056717,-415.624176
101.065552,-112.087784,67.056717,-415.624176
101.065552,-112.087784,67.056717,-415.624176
101.065552,-112.087784,67.056717,-415.624176
101.065552,-112.087784,67.056717,-415.624176
101.065552,-112.087784,67.056717,-415.624176
101.065552,-112.087784,67.056717,-415.624176
101.065552,-112.087784,67.056717,-415.624176
101.065552,-112.087784,67.056717,-415.624176
101.065552,-112.087784,67.056717,-415.624176
101.065552,-112.087784,67.056717,-415.624176
101.065552,-112.087784,67.056717,-415.624176
101.065552,-112.087784,67.056717,-415.624176
101.065552,-112.087784,67.056717,-415.624176
101.065552,-112.087784,67.056717,-415.624176
101.065552,-112.087784,67.056717,-415.624176
101.065552,-112.087784,67.056717,-415.624176
101.065552,-112.087784,67.056717,-415.624176
101.065552,-112.087784,67.056717,-415.624176
101.065552,-112.087784,67.056717,-415.624176
101.065552,-112.087784,67.056717,-415.624176
101.065552,-112.087784,67.056717,-415.624176
101.065552,-112.087784,67.056717,-415.624176
101.065552,-112.087784,67.056717,-415.624176
101.065552,-112.087784,67.056717,-415.624176
101.065552,-112.087784,67.056717,-415.624176
101.065552,-112.087784,67.056717,-415.624176
101.065552,-112.087784,67.056717,-415.624176
101.065552,-112.087784,67.056717,-415.624176
101.065552,-112.087784,67.056717,-415.624176
101.065552,-112.087784,67.056717,-415.624176
101.065552,-112.087784,67.056717,-415.624176
101.065552,-112.087784,67.056717,-415.624176
101.065552,-112.087784,67.056717,-415.624176
101.065552,-112.087784,67.056717,-415.624176
101.065552,-112.087784,67.056717,-415.624176
101.065552,-112.087784,67.056717,-415.624176
101.065552,-112.087784,67.056717,-415.624176
101.065552,-112.087784,67.056717,-415.624176
101.065552,-112.087784,67.056717,-415.624176
101.065552,-112.087784,67.056717,-415.624176
101.065552,-112.087784,67.056717,-415.624176
101.065552,-112.087784,67.056717,-415.624176
101.065552,-112.087784,67.056717,-415.624176
101.065552,-112.087784,67.056717,-415.624176
101.065552,-112.087784,67.056717,-415.624176
101.065552,-112.087784,67.056717,-415.624176
101.065552,-112.087784,67.056717,-415.624176
101.065552,-112.087784,67.056717,-415.624176
101.065552,-112.087784,67.056717,-415.624176
101.065552,-112.087784,67.056717,-415.624176
101.065552,-112.087784,67.056717,-415.624176
101.065552,-112.087784,67.056717,-415.624176
101.065552,-112.087784,67.056717,-415.624176
101.065552,-112.087784,67.056717,-415.624176
101.065552,-112.087784,67.056717,-415.624176
101.065552,-112.087784,67.056717,-415.624176
101.065552,-112.087784,67.056717,-415.624176
101.065552,-112.087784,67.056717,-415.624176
101.065552,-112.087784,67.056717,-415.624176
101.065552,-112.087784,67.056717,-415.624176
101.065552,-112.087784,67.056717,-415.624176
101.065552,-112.087784,67.056717,-415.624176
101.065552,-112.087784,67.056717,-415.624176
101.065552,-112.087784,67.056717,-415.624176
101.065552,-112.087784,67.056717,-415.624176
101.065552,-112.087784,67.056717,-415.624176
101.065552,-112.087784,67.056717,-415.624176
101.065552,-112.087784,67.056717,-415.624176
101.065552,-112.087784,67.056717,-415.624176
101.065552,-112.087784,67.056717,-415.624176
101.065552,-112.087784,67.056717,-415.624176
101.065552,-112.087784,67.056717,-415.624176
101.065552,-112.087784,67.056717,-415.624176
101.065552,-112.087784,67.056717,-415.624176
101.065552,-112.087784,67.056717,-415.624176
101.065552,-112.087784,67.056717,-415.624176
101.065552,-112.087784,67.056717,-415.624176
101.065552,-112.087784,67.056717,-415.624176
101.065552,-112.087784,67.056717,-415.624176
101.065552,-112.087784,67.056717,-415.624176
101.065552,-112.087784,67.056717,-415.624176
101.065552,-112.087784,67.056717,-415.624176
101.065552,-112.087784,67.056717,-415.624176
101.065552,-112.087784,67.056717,-415.624176
101.065552,-112.087784,67.056717,-415.624176
101.065552,-112.087784,67.056717,-415.624176
101.065552,-112.087784,67.056717,-415.624176
101.065552,-112.087784,67.056717,-415.624176
101.065552,-112.087784,67.056717,-415.624176
101.065552,-112.087784,67.056717,-415.624176
101.065552,-112.087784,67.056717,-415.624176
101.065552,-112.087784,67.056717,-415.624176
101.065552,-112.087784,67.056717,-415.624176
101.065552,-112.087784,67.056717,-415.624176
101.065552,-112.087784,67.056717,-415.624176
101.065552,-112.087784,67.056717,-415.624176
101.065552,-112.087784,67.056717,-415.624176
101.065552,-112.087784,67.056717,-415.624176
101.065552,-112.087784,67.056717,-415.624176
101.065552,-112.087784,67.056717,-415.624176
101.065552,-112.087784,67.056717,-415.624176
101.065552,-112.087784,67.056717,-415.624176
101.065552,-112.087784,67.056717,-415.624176
101.065552,-112.087784,67.056717,-415.624176
101.065552,-112.087784,67.056717,-415.624176
101.065552,-112.087784,67.056717,-415.624176
101.065552,-112.087784,67.056717,-415.624176
101.065552,-112.087784,67.056717,-415.624176
101.065552,-112.087784,67.056717,-415.624176
101.065552,-112.087784,67.056717,-415.624176
101.065552,-112.087784,67.056717,-415.624176
101.065552,-112.087784,67.056717,-415.624176
101.065552,-112.087784,67.056717,-415.624176
101.065552,-112.087784,67.056717,-415.624176
101.065552,-112.087784,67.056717,-415.624176
101.065552,-112.087784,67.056717,-415.624176
101.065552,-112.087784,67.056717,-415.624176
101.065552,-112.087784,67.056717,-415.624176
101.065552,-112.087784,67.056717,-415.624176
101.065552,-112.087784,67.056717,-415.624176
101.065552,-112.087784,67.056717,-415.624176
101.065552,-112.087784,67.056717,-415.624176
101.065552,-112.087784,67.056717,-415.624176
101.065552,-112.087784,67.056717,-415.624176
101.065552,-112.087784,67.056717,-415.624176
101.065552,-112.087784,67.056717,-415.624176
101.065552,-112.087784,67.056717,-415.624176
101.065552,-112.087784,67.056717,-415.624176
101.065552,-112.087784,67.056717,-415.624176
101.065552,-112.087784,67.056717,-415.624176
101.065552,-112.087784,67.056717,-415.624176
101.065552,-112.087784,67.056717,-415.624176
101.065552,-112.087784,67.056717,-415.624176
101.065552,-112.087784,67.056717,-415.624176
101.065552,-112.087784,67.056717,-415.624176
101.065552,-112.087784,67.056717,-415.624176
101.065552,-112.087784,67.056717,-415.624176
101.065552,-112.087784,67.056717,-415.624176
101.065552,-112.087784,67.056717,-415.624176
101.065552,-112.087784,67.056717,-415.624176
101.065552,-112.087784,67.056717,-415.624176
101.065552,-112.087784,67.056717,-415.624176
101.065552,-112.087784,67.056717,-415.624176
101.065552,-112.087784,67.056717,-415.624176
101.065552,-112.087784,67.056717,-415.624176
101.065552,-112.087784,67.056717,-415.624176
101.065552,-112.087784,67.056717,-415.624176
101.065552,-112.087784,67.056717,-415.624176
101.065552,-112.087784,67.056717,-415.624176
101.065552,-112.087784,67.056717,-415.624176
101.065552,-112.087784,67.056717,-415.624176
101.065552,-112.087784,67.056717,-415.624176
101.065552,-112.087784,67.056717,-415.624176
101.065552,-112.087784,67.056717,-415.624176
101.065552,-112.087784,67.056717,-415.624176
101.078468,-112.087730,67.056717,-415.624176
101.078468,-112.087730,67.056717,-415.624176
101.097122,-112.087662,67.056717,-415.624176
101.097122,-112.087662,67.056717,-415.624176
101.097122,-112.087662,67.056717,-415.624176
101.117210,-112.087585,67.056717,-415.624176
101.117210,-112.087585,67.056717,-415.624176
101.137299,-112.087509,67.056717,-415.624176
101.137299,-112.087509,67.056717,-415.624176
101.137299,-112.087509,67.056717,-415.624176
101.153801,-112.087440,67.056717,-415.624176
101.153801,-112.087440,67.056717,-415.624176
101.159538,-112.087418,67.056717,-415.624176
101.159538,-112.087418,67.056717,-415.624176
101.159538,-112.087418,67.056717,-415.624176
101.160255,-112.087418,67.056717,-415.624176
101.160255,-112.087418,67.056717,-415.624176
101.160255,-112.087418,67.056717,-415.624176
101.160255,-112.087418,67.056717,-415.624176
101.160255,-112.087418,67.056717,-415.624176
101.160255,-112.087418,67.056717,-415.624176
101.160255,-112.087418,67.056717,-415.624176
101.158104,-112.087418,67.056717,-415.624176
101.158104,-112.087418,67.056717,-415.624176
101.158104,-112.087418,67.056717,-415.624176
101.156670,-112.087418,67.056717,-415.624176
101.156670,-112.087418,67.056717,-415.624176
101.156670,-112.087418,67.056717,-415.624176
101.155235,-112.087418,67.056717,-415.624176
101.155235,-112.087418,67.056717,-415.624176
101.155235,-112.087418,67.056717,-415.624176
101.155235,-112.087418,67.056717,-415.624176
101.155235,-112.087418,67.056717,-415.624176
101.155235,-112.087418,67.056717,-415.624176
